0	-3.60528e-05
7.09279e-14	-3.5927e-05
1.41856e-13	-3.58008e-05
2.12784e-13	-3.56744e-05
2.83712e-13	-3.55476e-05
3.5464e-13	-3.54205e-05
4.25568e-13	-3.52931e-05
4.96496e-13	-3.51653e-05
5.67424e-13	-3.50373e-05
6.38351e-13	-3.49089e-05
7.09279e-13	-3.47802e-05
7.80207e-13	-3.46512e-05
8.51135e-13	-3.45218e-05
9.22063e-13	-3.43922e-05
9.92991e-13	-3.42622e-05
1.06392e-12	-3.41319e-05
1.13485e-12	-3.40013e-05
1.20577e-12	-3.38703e-05
1.2767e-12	-3.3739e-05
1.34763e-12	-3.36074e-05
1.41856e-12	-3.34755e-05
1.48949e-12	-3.33433e-05
1.56041e-12	-3.32107e-05
1.63134e-12	-3.30778e-05
1.70227e-12	-3.29446e-05
1.7732e-12	-3.28111e-05
1.84413e-12	-3.26772e-05
1.91505e-12	-3.2543e-05
1.98598e-12	-3.24085e-05
2.05691e-12	-3.22737e-05
2.12784e-12	-3.21385e-05
2.19877e-12	-3.2003e-05
2.26969e-12	-3.18672e-05
2.34062e-12	-3.17311e-05
2.41155e-12	-3.15946e-05
2.48248e-12	-3.14579e-05
2.55341e-12	-3.13207e-05
2.62433e-12	-3.11833e-05
2.69526e-12	-3.10455e-05
2.76619e-12	-3.09074e-05
2.83712e-12	-3.0769e-05
2.90805e-12	-3.06303e-05
2.97897e-12	-3.04912e-05
3.0499e-12	-3.03518e-05
3.12083e-12	-3.02121e-05
3.19176e-12	-3.0072e-05
3.26269e-12	-2.99316e-05
3.33361e-12	-2.97909e-05
3.40454e-12	-2.96499e-05
3.47547e-12	-2.95085e-05
3.5464e-12	-2.93668e-05
3.61732e-12	-2.92248e-05
3.68825e-12	-2.90824e-05
3.75918e-12	-2.89397e-05
3.83011e-12	-2.87967e-05
3.90104e-12	-2.86533e-05
3.97196e-12	-2.85097e-05
4.04289e-12	-2.83656e-05
4.11382e-12	-2.82213e-05
4.18475e-12	-2.80766e-05
4.25568e-12	-2.79316e-05
4.3266e-12	-2.77863e-05
4.39753e-12	-2.76406e-05
4.46846e-12	-2.74946e-05
4.53939e-12	-2.73483e-05
4.61032e-12	-2.72016e-05
4.68124e-12	-2.70546e-05
4.75217e-12	-2.69073e-05
4.8231e-12	-2.67597e-05
4.89403e-12	-2.66117e-05
4.96496e-12	-2.64633e-05
5.03588e-12	-2.63147e-05
5.10681e-12	-2.61657e-05
5.17774e-12	-2.60164e-05
5.24867e-12	-2.58667e-05
5.3196e-12	-2.57167e-05
5.39052e-12	-2.55664e-05
5.46145e-12	-2.54157e-05
5.53238e-12	-2.52647e-05
5.60331e-12	-2.51134e-05
5.67424e-12	-2.49618e-05
5.74516e-12	-2.48098e-05
5.81609e-12	-2.46574e-05
5.88702e-12	-2.45048e-05
5.95795e-12	-2.43517e-05
6.02887e-12	-2.41984e-05
6.0998e-12	-2.40447e-05
6.17073e-12	-2.38907e-05
6.24166e-12	-2.37364e-05
6.31259e-12	-2.35817e-05
6.38351e-12	-2.34267e-05
6.45444e-12	-2.32713e-05
6.52537e-12	-2.31156e-05
6.5963e-12	-2.29596e-05
6.66723e-12	-2.28032e-05
6.73815e-12	-2.26465e-05
6.80908e-12	-2.24895e-05
6.88001e-12	-2.23321e-05
6.95094e-12	-2.21743e-05
7.02187e-12	-2.20163e-05
7.09279e-12	-2.18579e-05
7.16372e-12	-2.16992e-05
7.23465e-12	-2.15401e-05
7.30558e-12	-2.13807e-05
7.37651e-12	-2.12209e-05
7.44743e-12	-2.10608e-05
7.51836e-12	-2.09004e-05
7.58929e-12	-2.07396e-05
7.66022e-12	-2.05785e-05
7.73115e-12	-2.04171e-05
7.80207e-12	-2.02553e-05
7.873e-12	-2.00931e-05
7.94393e-12	-1.99307e-05
8.01486e-12	-1.97679e-05
8.08579e-12	-1.96047e-05
8.15671e-12	-1.94412e-05
8.22764e-12	-1.92774e-05
8.29857e-12	-1.91132e-05
8.3695e-12	-1.89487e-05
8.44042e-12	-1.87838e-05
8.51135e-12	-1.86186e-05
8.58228e-12	-1.84531e-05
8.65321e-12	-1.82872e-05
8.72414e-12	-1.8121e-05
8.79506e-12	-1.79544e-05
8.86599e-12	-1.77875e-05
8.93692e-12	-1.76203e-05
9.00785e-12	-1.74527e-05
9.07878e-12	-1.72847e-05
9.1497e-12	-1.71165e-05
9.22063e-12	-1.69478e-05
9.29156e-12	-1.67789e-05
9.36249e-12	-1.66096e-05
9.43342e-12	-1.64399e-05
9.50434e-12	-1.62699e-05
9.57527e-12	-1.60996e-05
9.6462e-12	-1.59289e-05
9.71713e-12	-1.57579e-05
9.78806e-12	-1.55865e-05
9.85898e-12	-1.54148e-05
9.92991e-12	-1.52427e-05
1.00008e-11	-1.50703e-05
1.00718e-11	-1.48975e-05
1.01427e-11	-1.47244e-05
1.02136e-11	-1.4551e-05
1.02846e-11	-1.43772e-05
1.03555e-11	-1.42031e-05
1.04264e-11	-1.40286e-05
1.04973e-11	-1.38538e-05
1.05683e-11	-1.36786e-05
1.06392e-11	-1.35031e-05
1.07101e-11	-1.33272e-05
1.0781e-11	-1.3151e-05
1.0852e-11	-1.29745e-05
1.09229e-11	-1.27976e-05
1.09938e-11	-1.26203e-05
1.10648e-11	-1.24427e-05
1.11357e-11	-1.22648e-05
1.12066e-11	-1.20865e-05
1.12775e-11	-1.19079e-05
1.13485e-11	-1.17289e-05
1.14194e-11	-1.15495e-05
1.14903e-11	-1.13699e-05
1.15613e-11	-1.11898e-05
1.16322e-11	-1.10095e-05
1.17031e-11	-1.08287e-05
1.1774e-11	-1.06477e-05
1.1845e-11	-1.04662e-05
1.19159e-11	-1.02845e-05
1.19868e-11	-1.01024e-05
1.20577e-11	-9.9199e-06
1.21287e-11	-9.73708e-06
1.21996e-11	-9.55392e-06
1.22705e-11	-9.37041e-06
1.23415e-11	-9.18655e-06
1.24124e-11	-9.00234e-06
1.24833e-11	-8.81778e-06
1.25542e-11	-8.63287e-06
1.26252e-11	-8.44761e-06
1.26961e-11	-8.262e-06
1.2767e-11	-8.07605e-06
1.2838e-11	-7.88974e-06
1.29089e-11	-7.70308e-06
1.29798e-11	-7.51607e-06
1.30507e-11	-7.32872e-06
1.31217e-11	-7.14101e-06
1.31926e-11	-6.95295e-06
1.32635e-11	-6.76454e-06
1.33345e-11	-6.57578e-06
1.34054e-11	-6.38667e-06
1.34763e-11	-6.1972e-06
1.35472e-11	-6.00739e-06
1.36182e-11	-5.81723e-06
1.36891e-11	-5.62671e-06
1.376e-11	-5.43584e-06
1.38309e-11	-5.24463e-06
1.39019e-11	-5.05306e-06
1.39728e-11	-4.86113e-06
1.40437e-11	-4.66886e-06
1.41147e-11	-4.47623e-06
1.41856e-11	-4.28326e-06
1.42565e-11	-4.08993e-06
1.43274e-11	-3.89625e-06
1.43984e-11	-3.70221e-06
1.44693e-11	-3.50783e-06
1.45402e-11	-3.31309e-06
1.46112e-11	-3.118e-06
1.46821e-11	-2.92255e-06
1.4753e-11	-2.72675e-06
1.48239e-11	-2.53061e-06
1.48949e-11	-2.3341e-06
1.49658e-11	-2.13725e-06
1.50367e-11	-1.94004e-06
1.51077e-11	-1.74248e-06
1.51786e-11	-1.54456e-06
1.52495e-11	-1.34629e-06
1.53204e-11	-1.14767e-06
1.53914e-11	-9.48693e-07
1.54623e-11	-7.49364e-07
1.55332e-11	-5.4968e-07
1.56041e-11	-3.49643e-07
1.56751e-11	-1.49252e-07
1.5746e-11	5.1493e-08
1.58169e-11	2.52592e-07
1.58879e-11	4.54046e-07
1.59588e-11	6.55853e-07
1.60297e-11	8.58015e-07
1.61006e-11	1.06053e-06
1.61716e-11	1.2634e-06
1.62425e-11	1.46663e-06
1.63134e-11	1.67021e-06
1.63844e-11	1.87414e-06
1.64553e-11	2.07843e-06
1.65262e-11	2.28308e-06
1.65971e-11	2.48808e-06
1.66681e-11	2.69343e-06
1.6739e-11	2.89914e-06
1.68099e-11	3.10521e-06
1.68808e-11	3.31163e-06
1.69518e-11	3.5184e-06
1.70227e-11	3.72553e-06
1.70936e-11	3.93302e-06
1.71646e-11	4.14086e-06
1.72355e-11	4.34906e-06
1.73064e-11	4.55761e-06
1.73773e-11	4.76652e-06
1.74483e-11	4.97578e-06
1.75192e-11	5.1854e-06
1.75901e-11	5.39538e-06
1.76611e-11	5.60571e-06
1.7732e-11	5.8164e-06
1.78029e-11	6.02744e-06
1.78738e-11	6.23884e-06
1.79448e-11	6.4506e-06
1.80157e-11	6.66271e-06
1.80866e-11	6.87518e-06
1.81576e-11	7.08801e-06
1.82285e-11	7.30119e-06
1.82994e-11	7.51473e-06
1.83703e-11	7.72862e-06
1.84413e-11	7.94287e-06
1.85122e-11	8.15748e-06
1.85831e-11	8.37245e-06
1.8654e-11	8.58777e-06
1.8725e-11	8.80345e-06
1.87959e-11	9.01948e-06
1.88668e-11	9.23587e-06
1.89378e-11	9.45262e-06
1.90087e-11	9.66973e-06
1.90796e-11	9.88719e-06
1.91505e-11	1.0105e-05
1.92215e-11	1.03232e-05
1.92924e-11	1.05417e-05
1.93633e-11	1.07606e-05
1.94343e-11	1.09799e-05
1.95052e-11	1.11995e-05
1.95761e-11	1.14194e-05
1.9647e-11	1.16397e-05
1.9718e-11	1.18604e-05
1.97889e-11	1.20815e-05
1.98598e-11	1.23029e-05
1.99308e-11	1.25246e-05
2.00017e-11	1.27467e-05
2.00726e-11	1.29692e-05
2.01435e-11	1.3192e-05
2.02145e-11	1.34152e-05
2.02854e-11	1.36387e-05
2.03563e-11	1.38626e-05
2.04272e-11	1.40869e-05
2.04982e-11	1.43115e-05
2.05691e-11	1.45364e-05
2.064e-11	1.47618e-05
2.0711e-11	1.49875e-05
2.07819e-11	1.52135e-05
2.08528e-11	1.54399e-05
2.09237e-11	1.56667e-05
2.09947e-11	1.58938e-05
2.10656e-11	1.61212e-05
2.11365e-11	1.63491e-05
2.12075e-11	1.65773e-05
2.12784e-11	1.68058e-05
2.13493e-11	1.70347e-05
2.14202e-11	1.7264e-05
2.14912e-11	1.74936e-05
2.15621e-11	1.77236e-05
2.1633e-11	1.79539e-05
2.17039e-11	1.81846e-05
2.17749e-11	1.84157e-05
2.18458e-11	1.86471e-05
2.19167e-11	1.88788e-05
2.19877e-11	1.9111e-05
2.20586e-11	1.93434e-05
2.21295e-11	1.95763e-05
2.22004e-11	1.98095e-05
2.22714e-11	2.00431e-05
2.23423e-11	2.0277e-05
2.24132e-11	2.05112e-05
2.24842e-11	2.07459e-05
2.25551e-11	2.09809e-05
2.2626e-11	2.12162e-05
2.26969e-11	2.14519e-05
2.27679e-11	2.1688e-05
2.28388e-11	2.19244e-05
2.29097e-11	2.21612e-05
2.29807e-11	2.23983e-05
2.30516e-11	2.26358e-05
2.31225e-11	2.28737e-05
2.31934e-11	2.31119e-05
2.32644e-11	2.33505e-05
2.33353e-11	2.35894e-05
2.34062e-11	2.38287e-05
2.34771e-11	2.40683e-05
2.35481e-11	2.43083e-05
2.3619e-11	2.45487e-05
2.36899e-11	2.47894e-05
2.37609e-11	2.50305e-05
2.38318e-11	2.52719e-05
2.39027e-11	2.55137e-05
2.39736e-11	2.57559e-05
2.40446e-11	2.59984e-05
2.41155e-11	2.62412e-05
2.41864e-11	2.64845e-05
2.42574e-11	2.6728e-05
2.43283e-11	2.6972e-05
2.43992e-11	2.72163e-05
2.44701e-11	2.74609e-05
2.45411e-11	2.77059e-05
2.4612e-11	2.79513e-05
2.46829e-11	2.8197e-05
2.47539e-11	2.84431e-05
2.48248e-11	2.86896e-05
2.48957e-11	2.89364e-05
2.49666e-11	2.91835e-05
2.50376e-11	2.9431e-05
2.51085e-11	2.96789e-05
2.51794e-11	2.99271e-05
2.52503e-11	3.01757e-05
2.53213e-11	3.04247e-05
2.53922e-11	3.0674e-05
2.54631e-11	3.09236e-05
2.55341e-11	3.11736e-05
2.5605e-11	3.1424e-05
2.56759e-11	3.16747e-05
2.57468e-11	3.19258e-05
2.58178e-11	3.21773e-05
2.58887e-11	3.24291e-05
2.59596e-11	3.26812e-05
2.60306e-11	3.29337e-05
2.61015e-11	3.31866e-05
2.61724e-11	3.34398e-05
2.62433e-11	3.36934e-05
2.63143e-11	3.39474e-05
2.63852e-11	3.42017e-05
2.64561e-11	3.44563e-05
2.6527e-11	3.47113e-05
2.6598e-11	3.49667e-05
2.66689e-11	3.52224e-05
2.67398e-11	3.54785e-05
2.68108e-11	3.57349e-05
2.68817e-11	3.59917e-05
2.69526e-11	3.62488e-05
2.70235e-11	3.65063e-05
2.70945e-11	3.67642e-05
2.71654e-11	3.70224e-05
2.72363e-11	3.7281e-05
2.73073e-11	3.75399e-05
2.73782e-11	3.77992e-05
2.74491e-11	3.80588e-05
2.752e-11	3.83188e-05
2.7591e-11	3.85792e-05
2.76619e-11	3.88399e-05
2.77328e-11	3.91009e-05
2.78038e-11	3.93623e-05
2.78747e-11	3.96241e-05
2.79456e-11	3.98862e-05
2.80165e-11	4.01487e-05
2.80875e-11	4.04115e-05
2.81584e-11	4.06747e-05
2.82293e-11	4.09383e-05
2.83002e-11	4.12022e-05
2.83712e-11	4.14664e-05
2.84421e-11	4.1731e-05
2.8513e-11	4.1996e-05
2.8584e-11	4.22613e-05
2.86549e-11	4.2527e-05
2.87258e-11	4.2793e-05
2.87967e-11	4.30594e-05
2.88677e-11	4.33261e-05
2.89386e-11	4.35932e-05
2.90095e-11	4.38606e-05
2.90805e-11	4.41284e-05
2.91514e-11	4.43966e-05
2.92223e-11	4.46651e-05
2.92932e-11	4.49339e-05
2.93642e-11	4.52031e-05
2.94351e-11	4.54727e-05
2.9506e-11	4.57426e-05
2.9577e-11	4.60129e-05
2.96479e-11	4.62835e-05
2.97188e-11	4.65544e-05
2.97897e-11	4.68258e-05
2.98607e-11	4.70974e-05
2.99316e-11	4.73695e-05
3.00025e-11	4.76419e-05
3.00734e-11	4.79146e-05
3.01444e-11	4.81877e-05
3.02153e-11	4.84611e-05
3.02862e-11	4.87349e-05
3.03572e-11	4.9009e-05
3.04281e-11	4.92835e-05
3.0499e-11	4.95584e-05
3.05699e-11	4.98336e-05
3.06409e-11	5.01091e-05
3.07118e-11	5.0385e-05
3.07827e-11	5.06612e-05
3.08537e-11	5.09378e-05
3.09246e-11	5.12148e-05
3.09955e-11	5.14921e-05
3.10664e-11	5.17697e-05
3.11374e-11	5.20477e-05
3.12083e-11	5.23261e-05
3.12792e-11	5.26048e-05
3.13501e-11	5.28838e-05
3.14211e-11	5.31632e-05
3.1492e-11	5.3443e-05
3.15629e-11	5.37231e-05
3.16339e-11	5.40035e-05
3.17048e-11	5.42843e-05
3.17757e-11	5.45655e-05
3.18466e-11	5.4847e-05
3.19176e-11	5.51288e-05
3.19885e-11	5.5411e-05
3.20594e-11	5.56936e-05
3.21304e-11	5.59764e-05
3.22013e-11	5.62597e-05
3.22722e-11	5.65433e-05
3.23431e-11	5.68272e-05
3.24141e-11	5.71115e-05
3.2485e-11	5.73961e-05
3.25559e-11	5.76811e-05
3.26269e-11	5.79664e-05
3.26978e-11	5.82521e-05
3.27687e-11	5.85381e-05
3.28396e-11	5.88245e-05
3.29106e-11	5.91112e-05
3.29815e-11	5.93982e-05
3.30524e-11	5.96857e-05
3.31233e-11	5.99734e-05
3.31943e-11	6.02615e-05
3.32652e-11	6.05499e-05
3.33361e-11	6.08387e-05
3.34071e-11	6.11279e-05
3.3478e-11	6.14173e-05
3.35489e-11	6.17072e-05
3.36198e-11	6.19973e-05
3.36908e-11	6.22879e-05
3.37617e-11	6.25787e-05
3.38326e-11	6.28699e-05
3.39036e-11	6.31615e-05
3.39745e-11	6.34534e-05
3.40454e-11	6.37456e-05
3.41163e-11	6.40382e-05
3.41873e-11	6.43311e-05
3.42582e-11	6.46244e-05
3.43291e-11	6.4918e-05
3.44001e-11	6.52119e-05
3.4471e-11	6.55062e-05
3.45419e-11	6.58009e-05
3.46128e-11	6.60959e-05
3.46838e-11	6.63912e-05
3.47547e-11	6.66869e-05
3.48256e-11	6.69829e-05
3.48965e-11	6.72792e-05
3.49675e-11	6.75759e-05
3.50384e-11	6.7873e-05
3.51093e-11	6.81703e-05
3.51803e-11	6.8468e-05
3.52512e-11	6.87661e-05
3.53221e-11	6.90645e-05
3.5393e-11	6.93632e-05
3.5464e-11	6.96623e-05
3.55349e-11	6.99617e-05
3.56058e-11	7.02615e-05
3.56768e-11	7.05616e-05
3.57477e-11	7.0862e-05
3.58186e-11	7.11628e-05
3.58895e-11	7.14639e-05
3.59605e-11	7.17654e-05
3.60314e-11	7.20672e-05
3.61023e-11	7.23693e-05
3.61732e-11	7.26718e-05
3.62442e-11	7.29746e-05
3.63151e-11	7.32777e-05
3.6386e-11	7.35812e-05
3.6457e-11	7.3885e-05
3.65279e-11	7.41892e-05
3.65988e-11	7.44937e-05
3.66697e-11	7.47985e-05
3.67407e-11	7.51037e-05
3.68116e-11	7.54092e-05
3.68825e-11	7.5715e-05
3.69535e-11	7.60212e-05
3.70244e-11	7.63277e-05
3.70953e-11	7.66345e-05
3.71662e-11	7.69417e-05
3.72372e-11	7.72492e-05
3.73081e-11	7.75571e-05
3.7379e-11	7.78653e-05
3.745e-11	7.81738e-05
3.75209e-11	7.84826e-05
3.75918e-11	7.87918e-05
3.76627e-11	7.91014e-05
3.77337e-11	7.94112e-05
3.78046e-11	7.97214e-05
3.78755e-11	8.00319e-05
3.79464e-11	8.03427e-05
3.80174e-11	8.06539e-05
3.80883e-11	8.09654e-05
3.81592e-11	8.12773e-05
3.82302e-11	8.15895e-05
3.83011e-11	8.1902e-05
3.8372e-11	8.22148e-05
3.84429e-11	8.2528e-05
3.85139e-11	8.28415e-05
3.85848e-11	8.31553e-05
3.86557e-11	8.34695e-05
3.87267e-11	8.3784e-05
3.87976e-11	8.40988e-05
3.88685e-11	8.44139e-05
3.89394e-11	8.47294e-05
3.90104e-11	8.50452e-05
3.90813e-11	8.53613e-05
3.91522e-11	8.56778e-05
3.92232e-11	8.59946e-05
3.92941e-11	8.63117e-05
3.9365e-11	8.66291e-05
3.94359e-11	8.69469e-05
3.95069e-11	8.7265e-05
3.95778e-11	8.75834e-05
3.96487e-11	8.79022e-05
3.97196e-11	8.82212e-05
3.97906e-11	8.85406e-05
3.98615e-11	8.88604e-05
3.99324e-11	8.91804e-05
4.00034e-11	8.95008e-05
4.00743e-11	8.98215e-05
4.01452e-11	9.01425e-05
4.02161e-11	9.04638e-05
4.02871e-11	9.07855e-05
4.0358e-11	9.11075e-05
4.04289e-11	9.14298e-05
4.04999e-11	9.17525e-05
4.05708e-11	9.20754e-05
4.06417e-11	9.23987e-05
4.07126e-11	9.27223e-05
4.07836e-11	9.30462e-05
4.08545e-11	9.33705e-05
4.09254e-11	9.3695e-05
4.09963e-11	9.40199e-05
4.10673e-11	9.43451e-05
4.11382e-11	9.46707e-05
4.12091e-11	9.49965e-05
4.12801e-11	9.53227e-05
4.1351e-11	9.56492e-05
4.14219e-11	9.5976e-05
4.14928e-11	9.63031e-05
4.15638e-11	9.66305e-05
4.16347e-11	9.69583e-05
4.17056e-11	9.72864e-05
4.17766e-11	9.76148e-05
4.18475e-11	9.79435e-05
4.19184e-11	9.82725e-05
4.19893e-11	9.86018e-05
4.20603e-11	9.89315e-05
4.21312e-11	9.92615e-05
4.22021e-11	9.95917e-05
4.22731e-11	9.99223e-05
4.2344e-11	0.000100253
4.24149e-11	0.000100584
4.24858e-11	0.000100916
4.25568e-11	0.000101248
4.26277e-11	0.00010158
4.26986e-11	0.000101913
4.27695e-11	0.000102245
4.28405e-11	0.000102578
4.29114e-11	0.000102912
4.29823e-11	0.000103246
4.30533e-11	0.00010358
4.31242e-11	0.000103914
4.31951e-11	0.000104249
4.3266e-11	0.000104584
4.3337e-11	0.000104919
4.34079e-11	0.000105255
4.34788e-11	0.00010559
4.35498e-11	0.000105927
4.36207e-11	0.000106263
4.36916e-11	0.0001066
4.37625e-11	0.000106937
4.38335e-11	0.000107275
4.39044e-11	0.000107612
4.39753e-11	0.00010795
4.40463e-11	0.000108289
4.41172e-11	0.000108627
4.41881e-11	0.000108966
4.4259e-11	0.000109306
4.433e-11	0.000109645
4.44009e-11	0.000109985
4.44718e-11	0.000110325
4.45427e-11	0.000110666
4.46137e-11	0.000111007
4.46846e-11	0.000111348
4.47555e-11	0.000111689
4.48265e-11	0.000112031
4.48974e-11	0.000112373
4.49683e-11	0.000112715
4.50392e-11	0.000113058
4.51102e-11	0.000113401
4.51811e-11	0.000113744
4.5252e-11	0.000114087
4.5323e-11	0.000114431
4.53939e-11	0.000114775
4.54648e-11	0.00011512
4.55357e-11	0.000115464
4.56067e-11	0.000115809
4.56776e-11	0.000116155
4.57485e-11	0.0001165
4.58194e-11	0.000116846
4.58904e-11	0.000117192
4.59613e-11	0.000117539
4.60322e-11	0.000117886
4.61032e-11	0.000118233
4.61741e-11	0.00011858
4.6245e-11	0.000118928
4.63159e-11	0.000119276
4.63869e-11	0.000119624
4.64578e-11	0.000119972
4.65287e-11	0.000120321
4.65997e-11	0.00012067
4.66706e-11	0.00012102
4.67415e-11	0.000121369
4.68124e-11	0.000121719
4.68834e-11	0.00012207
4.69543e-11	0.00012242
4.70252e-11	0.000122771
4.70962e-11	0.000123122
4.71671e-11	0.000123474
4.7238e-11	0.000123826
4.73089e-11	0.000124178
4.73799e-11	0.00012453
4.74508e-11	0.000124882
4.75217e-11	0.000125235
4.75926e-11	0.000125589
4.76636e-11	0.000125942
4.77345e-11	0.000126296
4.78054e-11	0.00012665
4.78764e-11	0.000127004
4.79473e-11	0.000127359
4.80182e-11	0.000127714
4.80891e-11	0.000128069
4.81601e-11	0.000128424
4.8231e-11	0.00012878
4.83019e-11	0.000129136
4.83729e-11	0.000129492
4.84438e-11	0.000129849
4.85147e-11	0.000130206
4.85856e-11	0.000130563
4.86566e-11	0.00013092
4.87275e-11	0.000131278
4.87984e-11	0.000131636
4.88694e-11	0.000131994
4.89403e-11	0.000132352
4.90112e-11	0.000132711
4.90821e-11	0.00013307
4.91531e-11	0.00013343
4.9224e-11	0.000133789
4.92949e-11	0.000134149
4.93658e-11	0.000134509
4.94368e-11	0.00013487
4.95077e-11	0.000135231
4.95786e-11	0.000135592
4.96496e-11	0.000135953
4.97205e-11	0.000136314
4.97914e-11	0.000136676
4.98623e-11	0.000137038
4.99333e-11	0.000137401
5.00042e-11	0.000137763
5.00751e-11	0.000138126
5.01461e-11	0.000138489
5.0217e-11	0.000138853
5.02879e-11	0.000139216
5.03588e-11	0.00013958
5.04298e-11	0.000139945
5.05007e-11	0.000140309
5.05716e-11	0.000140674
5.06425e-11	0.000141039
5.07135e-11	0.000141404
5.07844e-11	0.00014177
5.08553e-11	0.000142136
5.09263e-11	0.000142502
5.09972e-11	0.000142868
5.10681e-11	0.000143235
5.1139e-11	0.000143602
5.121e-11	0.000143969
5.12809e-11	0.000144336
5.13518e-11	0.000144704
5.14228e-11	0.000145072
5.14937e-11	0.00014544
5.15646e-11	0.000145808
5.16355e-11	0.000146177
5.17065e-11	0.000146546
5.17774e-11	0.000146915
5.18483e-11	0.000147285
5.19193e-11	0.000147654
5.19902e-11	0.000148024
5.20611e-11	0.000148395
5.2132e-11	0.000148765
5.2203e-11	0.000149136
5.22739e-11	0.000149507
5.23448e-11	0.000149878
5.24157e-11	0.00015025
5.24867e-11	0.000150621
5.25576e-11	0.000150994
5.26285e-11	0.000151366
5.26995e-11	0.000151738
5.27704e-11	0.000152111
5.28413e-11	0.000152484
5.29122e-11	0.000152857
5.29832e-11	0.000153231
5.30541e-11	0.000153605
5.3125e-11	0.000153979
5.3196e-11	0.000154353
5.32669e-11	0.000154727
5.33378e-11	0.000155102
5.34087e-11	0.000155477
5.34797e-11	0.000155852
5.35506e-11	0.000156228
5.36215e-11	0.000156604
5.36925e-11	0.00015698
5.37634e-11	0.000157356
5.38343e-11	0.000157732
5.39052e-11	0.000158109
5.39762e-11	0.000158486
5.40471e-11	0.000158863
5.4118e-11	0.00015924
5.41889e-11	0.000159618
5.42599e-11	0.000159996
5.43308e-11	0.000160374
5.44017e-11	0.000160753
5.44727e-11	0.000161131
5.45436e-11	0.00016151
5.46145e-11	0.000161889
5.46854e-11	0.000162268
5.47564e-11	0.000162648
5.48273e-11	0.000163028
5.48982e-11	0.000163408
5.49692e-11	0.000163788
5.50401e-11	0.000164168
5.5111e-11	0.000164549
5.51819e-11	0.00016493
5.52529e-11	0.000165311
5.53238e-11	0.000165693
5.53947e-11	0.000166074
5.54656e-11	0.000166456
5.55366e-11	0.000166838
5.56075e-11	0.00016722
5.56784e-11	0.000167603
5.57494e-11	0.000167986
5.58203e-11	0.000168369
5.58912e-11	0.000168752
5.59621e-11	0.000169135
5.60331e-11	0.000169519
5.6104e-11	0.000169903
5.61749e-11	0.000170287
5.62459e-11	0.000170671
5.63168e-11	0.000171056
5.63877e-11	0.000171441
5.64586e-11	0.000171826
5.65296e-11	0.000172211
5.66005e-11	0.000172596
5.66714e-11	0.000172982
5.67424e-11	0.000173368
5.68133e-11	0.000173754
5.68842e-11	0.00017414
5.69551e-11	0.000174526
5.70261e-11	0.000174913
5.7097e-11	0.0001753
5.71679e-11	0.000175687
5.72388e-11	0.000176075
5.73098e-11	0.000176462
5.73807e-11	0.00017685
5.74516e-11	0.000177238
5.75226e-11	0.000177626
5.75935e-11	0.000178015
5.76644e-11	0.000178403
5.77353e-11	0.000178792
5.78063e-11	0.000179181
5.78772e-11	0.00017957
5.79481e-11	0.00017996
5.80191e-11	0.000180349
5.809e-11	0.000180739
5.81609e-11	0.000181129
5.82318e-11	0.000181519
5.83028e-11	0.00018191
5.83737e-11	0.000182301
5.84446e-11	0.000182691
5.85156e-11	0.000183082
5.85865e-11	0.000183474
5.86574e-11	0.000183865
5.87283e-11	0.000184257
5.87993e-11	0.000184649
5.88702e-11	0.000185041
5.89411e-11	0.000185433
5.9012e-11	0.000185825
5.9083e-11	0.000186218
5.91539e-11	0.000186611
5.92248e-11	0.000187004
5.92958e-11	0.000187397
5.93667e-11	0.000187791
5.94376e-11	0.000188184
5.95085e-11	0.000188578
5.95795e-11	0.000188972
5.96504e-11	0.000189366
5.97213e-11	0.00018976
5.97923e-11	0.000190155
5.98632e-11	0.00019055
5.99341e-11	0.000190945
6.0005e-11	0.00019134
6.0076e-11	0.000191735
6.01469e-11	0.00019213
6.02178e-11	0.000192526
6.02887e-11	0.000192922
6.03597e-11	0.000193318
6.04306e-11	0.000193714
6.05015e-11	0.000194111
6.05725e-11	0.000194507
6.06434e-11	0.000194904
6.07143e-11	0.000195301
6.07852e-11	0.000195698
6.08562e-11	0.000196095
6.09271e-11	0.000196493
6.0998e-11	0.00019689
6.1069e-11	0.000197288
6.11399e-11	0.000197686
6.12108e-11	0.000198084
6.12817e-11	0.000198483
6.13527e-11	0.000198881
6.14236e-11	0.00019928
6.14945e-11	0.000199679
6.15655e-11	0.000200078
6.16364e-11	0.000200477
6.17073e-11	0.000200876
6.17782e-11	0.000201276
6.18492e-11	0.000201675
6.19201e-11	0.000202075
6.1991e-11	0.000202475
6.20619e-11	0.000202875
6.21329e-11	0.000203276
6.22038e-11	0.000203676
6.22747e-11	0.000204077
6.23457e-11	0.000204478
6.24166e-11	0.000204879
6.24875e-11	0.00020528
6.25584e-11	0.000205681
6.26294e-11	0.000206082
6.27003e-11	0.000206484
6.27712e-11	0.000206886
6.28422e-11	0.000207288
6.29131e-11	0.00020769
6.2984e-11	0.000208092
6.30549e-11	0.000208495
6.31259e-11	0.000208897
6.31968e-11	0.0002093
6.32677e-11	0.000209703
6.33387e-11	0.000210106
6.34096e-11	0.000210509
6.34805e-11	0.000210912
6.35514e-11	0.000211315
6.36224e-11	0.000211719
6.36933e-11	0.000212123
6.37642e-11	0.000212527
6.38351e-11	0.000212931
6.39061e-11	0.000213335
6.3977e-11	0.000213739
6.40479e-11	0.000214144
6.41189e-11	0.000214548
6.41898e-11	0.000214953
6.42607e-11	0.000215358
6.43316e-11	0.000215763
6.44026e-11	0.000216168
6.44735e-11	0.000216573
6.45444e-11	0.000216979
6.46154e-11	0.000217384
6.46863e-11	0.00021779
6.47572e-11	0.000218196
6.48281e-11	0.000218602
6.48991e-11	0.000219008
6.497e-11	0.000219414
6.50409e-11	0.000219821
6.51118e-11	0.000220227
6.51828e-11	0.000220634
6.52537e-11	0.00022104
6.53246e-11	0.000221447
6.53956e-11	0.000221854
6.54665e-11	0.000222261
6.55374e-11	0.000222669
6.56083e-11	0.000223076
6.56793e-11	0.000223483
6.57502e-11	0.000223891
6.58211e-11	0.000224299
6.58921e-11	0.000224707
6.5963e-11	0.000225115
6.60339e-11	0.000225523
6.61048e-11	0.000225931
6.61758e-11	0.000226339
6.62467e-11	0.000226748
6.63176e-11	0.000227156
6.63886e-11	0.000227565
6.64595e-11	0.000227974
6.65304e-11	0.000228383
6.66013e-11	0.000228792
6.66723e-11	0.000229201
6.67432e-11	0.00022961
6.68141e-11	0.000230019
6.6885e-11	0.000230429
6.6956e-11	0.000230839
6.70269e-11	0.000231248
6.70978e-11	0.000231658
6.71688e-11	0.000232068
6.72397e-11	0.000232478
6.73106e-11	0.000232888
6.73815e-11	0.000233298
6.74525e-11	0.000233708
6.75234e-11	0.000234119
6.75943e-11	0.000234529
6.76653e-11	0.00023494
6.77362e-11	0.000235351
6.78071e-11	0.000235761
6.7878e-11	0.000236172
6.7949e-11	0.000236583
6.80199e-11	0.000236994
6.80908e-11	0.000237405
6.81618e-11	0.000237817
6.82327e-11	0.000238228
6.83036e-11	0.00023864
6.83745e-11	0.000239051
6.84455e-11	0.000239463
6.85164e-11	0.000239874
6.85873e-11	0.000240286
6.86582e-11	0.000240698
6.87292e-11	0.00024111
6.88001e-11	0.000241522
6.8871e-11	0.000241934
6.8942e-11	0.000242346
6.90129e-11	0.000242759
6.90838e-11	0.000243171
6.91547e-11	0.000243584
6.92257e-11	0.000243996
6.92966e-11	0.000244409
6.93675e-11	0.000244821
6.94385e-11	0.000245234
6.95094e-11	0.000245647
6.95803e-11	0.00024606
6.96512e-11	0.000246473
6.97222e-11	0.000246886
6.97931e-11	0.000247299
6.9864e-11	0.000247712
6.99349e-11	0.000248125
7.00059e-11	0.000248539
7.00768e-11	0.000248952
7.01477e-11	0.000249366
7.02187e-11	0.000249779
7.02896e-11	0.000250193
7.03605e-11	0.000250606
7.04314e-11	0.00025102
7.05024e-11	0.000251434
7.05733e-11	0.000251848
7.06442e-11	0.000252262
7.07152e-11	0.000252676
7.07861e-11	0.00025309
7.0857e-11	0.000253504
7.09279e-11	0.000253918
7.09989e-11	0.000254332
7.10698e-11	0.000254746
7.11407e-11	0.000255161
7.12117e-11	0.000255575
7.12826e-11	0.000255989
7.13535e-11	0.000256404
7.14244e-11	0.000256818
7.14954e-11	0.000257233
7.15663e-11	0.000257647
7.16372e-11	0.000258062
7.17081e-11	0.000258477
7.17791e-11	0.000258891
7.185e-11	0.000259306
7.19209e-11	0.000259721
7.19919e-11	0.000260136
7.20628e-11	0.000260551
7.21337e-11	0.000260966
7.22046e-11	0.00026138
7.22756e-11	0.000261795
7.23465e-11	0.00026221
7.24174e-11	0.000262626
7.24884e-11	0.000263041
7.25593e-11	0.000263456
7.26302e-11	0.000263871
7.27011e-11	0.000264286
7.27721e-11	0.000264701
7.2843e-11	0.000265117
7.29139e-11	0.000265532
7.29849e-11	0.000265947
7.30558e-11	0.000266362
7.31267e-11	0.000266778
7.31976e-11	0.000267193
7.32686e-11	0.000267609
7.33395e-11	0.000268024
7.34104e-11	0.000268439
7.34813e-11	0.000268855
7.35523e-11	0.00026927
7.36232e-11	0.000269686
7.36941e-11	0.000270101
7.37651e-11	0.000270517
7.3836e-11	0.000270932
7.39069e-11	0.000271348
7.39778e-11	0.000271764
7.40488e-11	0.000272179
7.41197e-11	0.000272595
7.41906e-11	0.00027301
7.42616e-11	0.000273426
7.43325e-11	0.000273841
7.44034e-11	0.000274257
7.44743e-11	0.000274673
7.45453e-11	0.000275088
7.46162e-11	0.000275504
7.46871e-11	0.00027592
7.4758e-11	0.000276335
7.4829e-11	0.000276751
7.48999e-11	0.000277166
7.49708e-11	0.000277582
7.50418e-11	0.000277998
7.51127e-11	0.000278413
7.51836e-11	0.000278829
7.52545e-11	0.000279244
7.53255e-11	0.00027966
7.53964e-11	0.000280075
7.54673e-11	0.000280491
7.55383e-11	0.000280907
7.56092e-11	0.000281322
7.56801e-11	0.000281738
7.5751e-11	0.000282153
7.5822e-11	0.000282569
7.58929e-11	0.000282984
7.59638e-11	0.0002834
7.60348e-11	0.000283815
7.61057e-11	0.00028423
7.61766e-11	0.000284646
7.62475e-11	0.000285061
7.63185e-11	0.000285476
7.63894e-11	0.000285892
7.64603e-11	0.000286307
7.65312e-11	0.000286722
7.66022e-11	0.000287138
7.66731e-11	0.000287553
7.6744e-11	0.000287968
7.6815e-11	0.000288383
7.68859e-11	0.000288798
7.69568e-11	0.000289213
7.70277e-11	0.000289628
7.70987e-11	0.000290043
7.71696e-11	0.000290458
7.72405e-11	0.000290873
7.73115e-11	0.000291288
7.73824e-11	0.000291703
7.74533e-11	0.000292118
7.75242e-11	0.000292532
7.75952e-11	0.000292947
7.76661e-11	0.000293362
7.7737e-11	0.000293776
7.7808e-11	0.000294191
7.78789e-11	0.000294606
7.79498e-11	0.00029502
7.80207e-11	0.000295434
7.80917e-11	0.000295849
7.81626e-11	0.000296263
7.82335e-11	0.000296677
7.83044e-11	0.000297092
7.83754e-11	0.000297506
7.84463e-11	0.00029792
7.85172e-11	0.000298334
7.85882e-11	0.000298748
7.86591e-11	0.000299162
7.873e-11	0.000299576
7.88009e-11	0.000299989
7.88719e-11	0.000300403
7.89428e-11	0.000300817
7.90137e-11	0.00030123
7.90847e-11	0.000301644
7.91556e-11	0.000302057
7.92265e-11	0.000302471
7.92974e-11	0.000302884
7.93684e-11	0.000303297
7.94393e-11	0.00030371
7.95102e-11	0.000304123
7.95811e-11	0.000304536
7.96521e-11	0.000304949
7.9723e-11	0.000305362
7.97939e-11	0.000305775
7.98649e-11	0.000306188
7.99358e-11	0.0003066
8.00067e-11	0.000307013
8.00776e-11	0.000307425
8.01486e-11	0.000307838
8.02195e-11	0.00030825
8.02904e-11	0.000308662
8.03614e-11	0.000309074
8.04323e-11	0.000309486
8.05032e-11	0.000309898
8.05741e-11	0.00031031
8.06451e-11	0.000310721
8.0716e-11	0.000311133
8.07869e-11	0.000311544
8.08579e-11	0.000311956
8.09288e-11	0.000312367
8.09997e-11	0.000312778
8.10706e-11	0.000313189
8.11416e-11	0.0003136
8.12125e-11	0.000314011
8.12834e-11	0.000314422
8.13543e-11	0.000314833
8.14253e-11	0.000315243
8.14962e-11	0.000315654
8.15671e-11	0.000316064
8.16381e-11	0.000316474
8.1709e-11	0.000316885
8.17799e-11	0.000317295
8.18508e-11	0.000317704
8.19218e-11	0.000318114
8.19927e-11	0.000318524
8.20636e-11	0.000318933
8.21346e-11	0.000319343
8.22055e-11	0.000319752
8.22764e-11	0.000320161
8.23473e-11	0.00032057
8.24183e-11	0.000320979
8.24892e-11	0.000321388
8.25601e-11	0.000321797
8.26311e-11	0.000322205
8.2702e-11	0.000322614
8.27729e-11	0.000323022
8.28438e-11	0.00032343
8.29148e-11	0.000323838
8.29857e-11	0.000324246
8.30566e-11	0.000324654
8.31275e-11	0.000325061
8.31985e-11	0.000325469
8.32694e-11	0.000325876
8.33403e-11	0.000326283
8.34113e-11	0.00032669
8.34822e-11	0.000327097
8.35531e-11	0.000327504
8.3624e-11	0.00032791
8.3695e-11	0.000328317
8.37659e-11	0.000328723
8.38368e-11	0.000329129
8.39078e-11	0.000329535
8.39787e-11	0.000329941
8.40496e-11	0.000330346
8.41205e-11	0.000330752
8.41915e-11	0.000331157
8.42624e-11	0.000331563
8.43333e-11	0.000331968
8.44042e-11	0.000332372
8.44752e-11	0.000332777
8.45461e-11	0.000333182
8.4617e-11	0.000333586
8.4688e-11	0.00033399
8.47589e-11	0.000334394
8.48298e-11	0.000334798
8.49007e-11	0.000335202
8.49717e-11	0.000335605
8.50426e-11	0.000336009
8.51135e-11	0.000336412
8.51845e-11	0.000336815
8.52554e-11	0.000337218
8.53263e-11	0.00033762
8.53972e-11	0.000338023
8.54682e-11	0.000338425
8.55391e-11	0.000338827
8.561e-11	0.000339229
8.5681e-11	0.000339631
8.57519e-11	0.000340032
8.58228e-11	0.000340434
8.58937e-11	0.000340835
8.59647e-11	0.000341236
8.60356e-11	0.000341636
8.61065e-11	0.000342037
8.61774e-11	0.000342437
8.62484e-11	0.000342838
8.63193e-11	0.000343238
8.63902e-11	0.000343637
8.64612e-11	0.000344037
8.65321e-11	0.000344436
8.6603e-11	0.000344835
8.66739e-11	0.000345234
8.67449e-11	0.000345633
8.68158e-11	0.000346032
8.68867e-11	0.00034643
8.69577e-11	0.000346828
8.70286e-11	0.000347226
8.70995e-11	0.000347624
8.71704e-11	0.000348021
8.72414e-11	0.000348419
8.73123e-11	0.000348816
8.73832e-11	0.000349212
8.74542e-11	0.000349609
8.75251e-11	0.000350006
8.7596e-11	0.000350402
8.76669e-11	0.000350798
8.77379e-11	0.000351193
8.78088e-11	0.000351589
8.78797e-11	0.000351984
8.79506e-11	0.000352379
8.80216e-11	0.000352774
8.80925e-11	0.000353169
8.81634e-11	0.000353563
8.82344e-11	0.000353957
8.83053e-11	0.000354351
8.83762e-11	0.000354745
8.84471e-11	0.000355138
8.85181e-11	0.000355531
8.8589e-11	0.000355924
8.86599e-11	0.000356317
8.87309e-11	0.000356709
8.88018e-11	0.000357101
8.88727e-11	0.000357493
8.89436e-11	0.000357885
8.90146e-11	0.000358276
8.90855e-11	0.000358667
8.91564e-11	0.000359058
8.92273e-11	0.000359449
8.92983e-11	0.000359839
8.93692e-11	0.00036023
8.94401e-11	0.000360619
8.95111e-11	0.000361009
8.9582e-11	0.000361398
8.96529e-11	0.000361788
8.97238e-11	0.000362176
8.97948e-11	0.000362565
8.98657e-11	0.000362953
8.99366e-11	0.000363341
9.00076e-11	0.000363729
9.00785e-11	0.000364117
9.01494e-11	0.000364504
9.02203e-11	0.000364891
9.02913e-11	0.000365277
9.03622e-11	0.000365664
9.04331e-11	0.00036605
9.05041e-11	0.000366436
9.0575e-11	0.000366821
9.06459e-11	0.000367207
9.07168e-11	0.000367591
9.07878e-11	0.000367976
9.08587e-11	0.000368361
9.09296e-11	0.000368745
9.10005e-11	0.000369129
9.10715e-11	0.000369512
9.11424e-11	0.000369895
9.12133e-11	0.000370278
9.12843e-11	0.000370661
9.13552e-11	0.000371043
9.14261e-11	0.000371425
9.1497e-11	0.000371807
9.1568e-11	0.000372188
9.16389e-11	0.000372569
9.17098e-11	0.00037295
9.17808e-11	0.000373331
9.18517e-11	0.000373711
9.19226e-11	0.000374091
9.19935e-11	0.000374471
9.20645e-11	0.00037485
9.21354e-11	0.000375229
9.22063e-11	0.000375607
9.22773e-11	0.000375986
9.23482e-11	0.000376364
9.24191e-11	0.000376741
9.249e-11	0.000377119
9.2561e-11	0.000377496
9.26319e-11	0.000377872
9.27028e-11	0.000378249
9.27737e-11	0.000378625
9.28447e-11	0.000379001
9.29156e-11	0.000379376
9.29865e-11	0.000379751
9.30575e-11	0.000380126
9.31284e-11	0.0003805
9.31993e-11	0.000380874
9.32702e-11	0.000381248
9.33412e-11	0.000381621
9.34121e-11	0.000381994
9.3483e-11	0.000382367
9.3554e-11	0.000382739
9.36249e-11	0.000383111
9.36958e-11	0.000383483
9.37667e-11	0.000383854
9.38377e-11	0.000384225
9.39086e-11	0.000384596
9.39795e-11	0.000384966
9.40504e-11	0.000385336
9.41214e-11	0.000385706
9.41923e-11	0.000386075
9.42632e-11	0.000386444
9.43342e-11	0.000386812
9.44051e-11	0.00038718
9.4476e-11	0.000387548
9.45469e-11	0.000387915
9.46179e-11	0.000388282
9.46888e-11	0.000388649
9.47597e-11	0.000389015
9.48307e-11	0.000389381
9.49016e-11	0.000389746
9.49725e-11	0.000390111
9.50434e-11	0.000390476
9.51144e-11	0.000390841
9.51853e-11	0.000391205
9.52562e-11	0.000391568
9.53272e-11	0.000391931
9.53981e-11	0.000392294
9.5469e-11	0.000392657
9.55399e-11	0.000393019
9.56109e-11	0.00039338
9.56818e-11	0.000393742
9.57527e-11	0.000394103
9.58236e-11	0.000394463
9.58946e-11	0.000394823
9.59655e-11	0.000395183
9.60364e-11	0.000395542
9.61074e-11	0.000395901
9.61783e-11	0.000396259
9.62492e-11	0.000396618
9.63201e-11	0.000396975
9.63911e-11	0.000397333
9.6462e-11	0.000397689
9.65329e-11	0.000398046
9.66039e-11	0.000398402
9.66748e-11	0.000398758
9.67457e-11	0.000399113
9.68166e-11	0.000399468
9.68876e-11	0.000399822
9.69585e-11	0.000400176
9.70294e-11	0.000400529
9.71004e-11	0.000400883
9.71713e-11	0.000401235
9.72422e-11	0.000401587
9.73131e-11	0.000401939
9.73841e-11	0.000402291
9.7455e-11	0.000402642
9.75259e-11	0.000402992
9.75968e-11	0.000403342
9.76678e-11	0.000403692
9.77387e-11	0.000404041
9.78096e-11	0.00040439
9.78806e-11	0.000404738
9.79515e-11	0.000405086
9.80224e-11	0.000405434
9.80933e-11	0.000405781
9.81643e-11	0.000406127
9.82352e-11	0.000406474
9.83061e-11	0.000406819
9.83771e-11	0.000407165
9.8448e-11	0.000407509
9.85189e-11	0.000407854
9.85898e-11	0.000408197
9.86608e-11	0.000408541
9.87317e-11	0.000408884
9.88026e-11	0.000409226
9.88735e-11	0.000409568
9.89445e-11	0.00040991
9.90154e-11	0.000410251
9.90863e-11	0.000410592
9.91573e-11	0.000410932
9.92282e-11	0.000411271
9.92991e-11	0.000411611
9.937e-11	0.000411949
9.9441e-11	0.000412288
9.95119e-11	0.000412625
9.95828e-11	0.000412963
9.96538e-11	0.0004133
9.97247e-11	0.000413636
9.97956e-11	0.000413972
9.98665e-11	0.000414307
9.99375e-11	0.000414642
1.00008e-10	0.000414976
1.00079e-10	0.00041531
1.0015e-10	0.000415644
1.00221e-10	0.000415977
1.00292e-10	0.000416309
1.00363e-10	0.000416641
1.00434e-10	0.000416972
1.00505e-10	0.000417303
1.00576e-10	0.000417634
1.00647e-10	0.000417963
1.00718e-10	0.000418293
1.00789e-10	0.000418622
1.0086e-10	0.00041895
1.0093e-10	0.000419278
1.01001e-10	0.000419605
1.01072e-10	0.000419932
1.01143e-10	0.000420259
1.01214e-10	0.000420584
1.01285e-10	0.00042091
1.01356e-10	0.000421234
1.01427e-10	0.000421559
1.01498e-10	0.000421882
1.01569e-10	0.000422206
1.0164e-10	0.000422528
1.01711e-10	0.00042285
1.01782e-10	0.000423172
1.01853e-10	0.000423493
1.01923e-10	0.000423814
1.01994e-10	0.000424134
1.02065e-10	0.000424453
1.02136e-10	0.000424772
1.02207e-10	0.00042509
1.02278e-10	0.000425408
1.02349e-10	0.000425725
1.0242e-10	0.000426042
1.02491e-10	0.000426358
1.02562e-10	0.000426674
1.02633e-10	0.000426989
1.02704e-10	0.000427304
1.02775e-10	0.000427618
1.02846e-10	0.000427931
1.02916e-10	0.000428244
1.02987e-10	0.000428556
1.03058e-10	0.000428868
1.03129e-10	0.000429179
1.032e-10	0.00042949
1.03271e-10	0.0004298
1.03342e-10	0.000430109
1.03413e-10	0.000430418
1.03484e-10	0.000430727
1.03555e-10	0.000431034
1.03626e-10	0.000431342
1.03697e-10	0.000431648
1.03768e-10	0.000431954
1.03839e-10	0.00043226
1.03909e-10	0.000432565
1.0398e-10	0.000432869
1.04051e-10	0.000433173
1.04122e-10	0.000433476
1.04193e-10	0.000433778
1.04264e-10	0.00043408
1.04335e-10	0.000434381
1.04406e-10	0.000434682
1.04477e-10	0.000434982
1.04548e-10	0.000435282
1.04619e-10	0.000435581
1.0469e-10	0.000435879
1.04761e-10	0.000436177
1.04831e-10	0.000436474
1.04902e-10	0.000436771
1.04973e-10	0.000437067
1.05044e-10	0.000437362
1.05115e-10	0.000437657
1.05186e-10	0.000437951
1.05257e-10	0.000438244
1.05328e-10	0.000438537
1.05399e-10	0.000438829
1.0547e-10	0.000439121
1.05541e-10	0.000439412
1.05612e-10	0.000439702
1.05683e-10	0.000439992
1.05754e-10	0.000440281
1.05824e-10	0.00044057
1.05895e-10	0.000440857
1.05966e-10	0.000441145
1.06037e-10	0.000441431
1.06108e-10	0.000441717
1.06179e-10	0.000442002
1.0625e-10	0.000442287
1.06321e-10	0.000442571
1.06392e-10	0.000442855
1.06463e-10	0.000443137
1.06534e-10	0.000443419
1.06605e-10	0.000443701
1.06676e-10	0.000443982
1.06747e-10	0.000444262
1.06817e-10	0.000444541
1.06888e-10	0.00044482
1.06959e-10	0.000445098
1.0703e-10	0.000445376
1.07101e-10	0.000445653
1.07172e-10	0.000445929
1.07243e-10	0.000446204
1.07314e-10	0.000446479
1.07385e-10	0.000446753
1.07456e-10	0.000447027
1.07527e-10	0.0004473
1.07598e-10	0.000447572
1.07669e-10	0.000447843
1.0774e-10	0.000448114
1.0781e-10	0.000448384
1.07881e-10	0.000448654
1.07952e-10	0.000448923
1.08023e-10	0.000449191
1.08094e-10	0.000449458
1.08165e-10	0.000449725
1.08236e-10	0.000449991
1.08307e-10	0.000450256
1.08378e-10	0.000450521
1.08449e-10	0.000450785
1.0852e-10	0.000451048
1.08591e-10	0.00045131
1.08662e-10	0.000451572
1.08733e-10	0.000451833
1.08803e-10	0.000452094
1.08874e-10	0.000452354
1.08945e-10	0.000452613
1.09016e-10	0.000452871
1.09087e-10	0.000453129
1.09158e-10	0.000453385
1.09229e-10	0.000453642
1.093e-10	0.000453897
1.09371e-10	0.000454152
1.09442e-10	0.000454406
1.09513e-10	0.000454659
1.09584e-10	0.000454912
1.09655e-10	0.000455164
1.09726e-10	0.000455415
1.09796e-10	0.000455665
1.09867e-10	0.000455915
1.09938e-10	0.000456164
1.10009e-10	0.000456412
1.1008e-10	0.000456659
1.10151e-10	0.000456906
1.10222e-10	0.000457152
1.10293e-10	0.000457397
1.10364e-10	0.000457642
1.10435e-10	0.000457885
1.10506e-10	0.000458128
1.10577e-10	0.000458371
1.10648e-10	0.000458612
1.10719e-10	0.000458853
1.10789e-10	0.000459093
1.1086e-10	0.000459332
1.10931e-10	0.00045957
1.11002e-10	0.000459808
1.11073e-10	0.000460045
1.11144e-10	0.000460281
1.11215e-10	0.000460517
1.11286e-10	0.000460751
1.11357e-10	0.000460985
1.11428e-10	0.000461218
1.11499e-10	0.000461451
1.1157e-10	0.000461682
1.11641e-10	0.000461913
1.11712e-10	0.000462143
1.11782e-10	0.000462372
1.11853e-10	0.0004626
1.11924e-10	0.000462828
1.11995e-10	0.000463055
1.12066e-10	0.000463281
1.12137e-10	0.000463506
1.12208e-10	0.000463731
1.12279e-10	0.000463954
1.1235e-10	0.000464177
1.12421e-10	0.000464399
1.12492e-10	0.000464621
1.12563e-10	0.000464841
1.12634e-10	0.000465061
1.12704e-10	0.00046528
1.12775e-10	0.000465498
1.12846e-10	0.000465715
1.12917e-10	0.000465932
1.12988e-10	0.000466147
1.13059e-10	0.000466362
1.1313e-10	0.000466576
1.13201e-10	0.000466789
1.13272e-10	0.000467002
1.13343e-10	0.000467213
1.13414e-10	0.000467424
1.13485e-10	0.000467634
1.13556e-10	0.000467843
1.13627e-10	0.000468051
1.13697e-10	0.000468259
1.13768e-10	0.000468465
1.13839e-10	0.000468671
1.1391e-10	0.000468876
1.13981e-10	0.00046908
1.14052e-10	0.000469283
1.14123e-10	0.000469485
1.14194e-10	0.000469687
1.14265e-10	0.000469888
1.14336e-10	0.000470088
1.14407e-10	0.000470287
1.14478e-10	0.000470485
1.14549e-10	0.000470682
1.1462e-10	0.000470878
1.1469e-10	0.000471074
1.14761e-10	0.000471269
1.14832e-10	0.000471463
1.14903e-10	0.000471656
1.14974e-10	0.000471848
1.15045e-10	0.000472039
1.15116e-10	0.000472229
1.15187e-10	0.000472419
1.15258e-10	0.000472607
1.15329e-10	0.000472795
1.154e-10	0.000472982
1.15471e-10	0.000473168
1.15542e-10	0.000473353
1.15613e-10	0.000473538
1.15683e-10	0.000473721
1.15754e-10	0.000473903
1.15825e-10	0.000474085
1.15896e-10	0.000474266
1.15967e-10	0.000474446
1.16038e-10	0.000474624
1.16109e-10	0.000474803
1.1618e-10	0.00047498
1.16251e-10	0.000475156
1.16322e-10	0.000475331
1.16393e-10	0.000475506
1.16464e-10	0.000475679
1.16535e-10	0.000475852
1.16606e-10	0.000476023
1.16676e-10	0.000476194
1.16747e-10	0.000476364
1.16818e-10	0.000476533
1.16889e-10	0.000476701
1.1696e-10	0.000476868
1.17031e-10	0.000477035
1.17102e-10	0.0004772
1.17173e-10	0.000477364
1.17244e-10	0.000477528
1.17315e-10	0.00047769
1.17386e-10	0.000477852
1.17457e-10	0.000478012
1.17528e-10	0.000478172
1.17599e-10	0.000478331
1.17669e-10	0.000478489
1.1774e-10	0.000478646
1.17811e-10	0.000478802
1.17882e-10	0.000478957
1.17953e-10	0.000479111
1.18024e-10	0.000479264
1.18095e-10	0.000479416
1.18166e-10	0.000479567
1.18237e-10	0.000479718
1.18308e-10	0.000479867
1.18379e-10	0.000480015
1.1845e-10	0.000480163
1.18521e-10	0.000480309
1.18592e-10	0.000480455
1.18662e-10	0.000480599
1.18733e-10	0.000480743
1.18804e-10	0.000480885
1.18875e-10	0.000481027
1.18946e-10	0.000481168
1.19017e-10	0.000481307
1.19088e-10	0.000481446
1.19159e-10	0.000481584
1.1923e-10	0.00048172
1.19301e-10	0.000481856
1.19372e-10	0.000481991
1.19443e-10	0.000482125
1.19514e-10	0.000482258
1.19585e-10	0.000482389
1.19655e-10	0.00048252
1.19726e-10	0.00048265
1.19797e-10	0.000482779
1.19868e-10	0.000482907
1.19939e-10	0.000483034
1.2001e-10	0.000483159
1.20081e-10	0.000483284
1.20152e-10	0.000483408
1.20223e-10	0.000483531
1.20294e-10	0.000483653
1.20365e-10	0.000483774
1.20436e-10	0.000483893
1.20507e-10	0.000484012
1.20577e-10	0.00048413
1.20648e-10	0.000484247
1.20719e-10	0.000484362
1.2079e-10	0.000484477
1.20861e-10	0.000484591
1.20932e-10	0.000484704
1.21003e-10	0.000484815
1.21074e-10	0.000484926
1.21145e-10	0.000485035
1.21216e-10	0.000485144
1.21287e-10	0.000485251
1.21358e-10	0.000485358
1.21429e-10	0.000485463
1.215e-10	0.000485568
1.2157e-10	0.000485671
1.21641e-10	0.000485773
1.21712e-10	0.000485875
1.21783e-10	0.000485975
1.21854e-10	0.000486074
1.21925e-10	0.000486172
1.21996e-10	0.000486269
1.22067e-10	0.000486365
1.22138e-10	0.00048646
1.22209e-10	0.000486554
1.2228e-10	0.000486647
1.22351e-10	0.000486738
1.22422e-10	0.000486829
1.22493e-10	0.000486919
1.22563e-10	0.000487007
1.22634e-10	0.000487095
1.22705e-10	0.000487181
1.22776e-10	0.000487266
1.22847e-10	0.000487351
1.22918e-10	0.000487434
1.22989e-10	0.000487516
1.2306e-10	0.000487597
1.23131e-10	0.000487677
1.23202e-10	0.000487756
1.23273e-10	0.000487833
1.23344e-10	0.00048791
1.23415e-10	0.000487986
1.23486e-10	0.00048806
1.23556e-10	0.000488133
1.23627e-10	0.000488206
1.23698e-10	0.000488277
1.23769e-10	0.000488347
1.2384e-10	0.000488416
1.23911e-10	0.000488484
1.23982e-10	0.00048855
1.24053e-10	0.000488616
1.24124e-10	0.00048868
1.24195e-10	0.000488744
1.24266e-10	0.000488806
1.24337e-10	0.000488867
1.24408e-10	0.000488927
1.24479e-10	0.000488986
1.24549e-10	0.000489044
1.2462e-10	0.000489101
1.24691e-10	0.000489156
1.24762e-10	0.000489211
1.24833e-10	0.000489264
1.24904e-10	0.000489316
1.24975e-10	0.000489367
1.25046e-10	0.000489417
1.25117e-10	0.000489466
1.25188e-10	0.000489513
1.25259e-10	0.00048956
1.2533e-10	0.000489605
1.25401e-10	0.000489649
1.25472e-10	0.000489692
1.25542e-10	0.000489734
1.25613e-10	0.000489775
1.25684e-10	0.000489814
1.25755e-10	0.000489853
1.25826e-10	0.00048989
1.25897e-10	0.000489926
1.25968e-10	0.000489961
1.26039e-10	0.000489994
1.2611e-10	0.000490027
1.26181e-10	0.000490058
1.26252e-10	0.000490089
1.26323e-10	0.000490118
1.26394e-10	0.000490146
1.26465e-10	0.000490172
1.26535e-10	0.000490198
1.26606e-10	0.000490222
1.26677e-10	0.000490245
1.26748e-10	0.000490267
1.26819e-10	0.000490288
1.2689e-10	0.000490308
1.26961e-10	0.000490326
1.27032e-10	0.000490343
1.27103e-10	0.000490359
1.27174e-10	0.000490374
1.27245e-10	0.000490388
1.27316e-10	0.0004904
1.27387e-10	0.000490411
1.27458e-10	0.000490421
1.27528e-10	0.00049043
1.27599e-10	0.000490438
1.2767e-10	0.000490444
1.27741e-10	0.000490449
1.27812e-10	0.000490453
1.27883e-10	0.000490456
1.27954e-10	0.000490457
1.28025e-10	0.000490458
1.28096e-10	0.000490457
1.28167e-10	0.000490455
1.28238e-10	0.000490451
1.28309e-10	0.000490447
1.2838e-10	0.000490441
1.28451e-10	0.000490434
1.28521e-10	0.000490425
1.28592e-10	0.000490416
1.28663e-10	0.000490405
1.28734e-10	0.000490393
1.28805e-10	0.00049038
1.28876e-10	0.000490365
1.28947e-10	0.00049035
1.29018e-10	0.000490333
1.29089e-10	0.000490314
1.2916e-10	0.000490295
1.29231e-10	0.000490274
1.29302e-10	0.000490252
1.29373e-10	0.000490229
1.29443e-10	0.000490204
1.29514e-10	0.000490179
1.29585e-10	0.000490152
1.29656e-10	0.000490123
1.29727e-10	0.000490094
1.29798e-10	0.000490063
1.29869e-10	0.000490031
1.2994e-10	0.000489998
1.30011e-10	0.000489963
1.30082e-10	0.000489927
1.30153e-10	0.00048989
1.30224e-10	0.000489851
1.30295e-10	0.000489811
1.30366e-10	0.00048977
1.30436e-10	0.000489728
1.30507e-10	0.000489684
1.30578e-10	0.00048964
1.30649e-10	0.000489593
1.3072e-10	0.000489546
1.30791e-10	0.000489497
1.30862e-10	0.000489447
1.30933e-10	0.000489396
1.31004e-10	0.000489343
1.31075e-10	0.000489289
1.31146e-10	0.000489234
1.31217e-10	0.000489177
1.31288e-10	0.000489119
1.31359e-10	0.00048906
1.31429e-10	0.000488999
1.315e-10	0.000488937
1.31571e-10	0.000488874
1.31642e-10	0.00048881
1.31713e-10	0.000488744
1.31784e-10	0.000488677
1.31855e-10	0.000488608
1.31926e-10	0.000488539
1.31997e-10	0.000488467
1.32068e-10	0.000488395
1.32139e-10	0.000488321
1.3221e-10	0.000488246
1.32281e-10	0.00048817
1.32352e-10	0.000488092
1.32422e-10	0.000488013
1.32493e-10	0.000487932
1.32564e-10	0.00048785
1.32635e-10	0.000487767
1.32706e-10	0.000487683
1.32777e-10	0.000487597
1.32848e-10	0.00048751
1.32919e-10	0.000487421
1.3299e-10	0.000487331
1.33061e-10	0.00048724
1.33132e-10	0.000487147
1.33203e-10	0.000487053
1.33274e-10	0.000486958
1.33345e-10	0.000486861
1.33415e-10	0.000486763
1.33486e-10	0.000486664
1.33557e-10	0.000486563
1.33628e-10	0.00048646
1.33699e-10	0.000486357
1.3377e-10	0.000486252
1.33841e-10	0.000486146
1.33912e-10	0.000486038
1.33983e-10	0.000485929
1.34054e-10	0.000485818
1.34125e-10	0.000485706
1.34196e-10	0.000485593
1.34267e-10	0.000485478
1.34338e-10	0.000485362
1.34408e-10	0.000485245
1.34479e-10	0.000485126
1.3455e-10	0.000485006
1.34621e-10	0.000484884
1.34692e-10	0.000484761
1.34763e-10	0.000484637
1.34834e-10	0.000484511
1.34905e-10	0.000484384
1.34976e-10	0.000484255
1.35047e-10	0.000484125
1.35118e-10	0.000483993
1.35189e-10	0.00048386
1.3526e-10	0.000483726
1.35331e-10	0.00048359
1.35401e-10	0.000483453
1.35472e-10	0.000483315
1.35543e-10	0.000483175
1.35614e-10	0.000483033
1.35685e-10	0.00048289
1.35756e-10	0.000482746
1.35827e-10	0.0004826
1.35898e-10	0.000482453
1.35969e-10	0.000482305
1.3604e-10	0.000482154
1.36111e-10	0.000482003
1.36182e-10	0.00048185
1.36253e-10	0.000481696
1.36324e-10	0.00048154
1.36394e-10	0.000481383
1.36465e-10	0.000481224
1.36536e-10	0.000481064
1.36607e-10	0.000480902
1.36678e-10	0.000480739
1.36749e-10	0.000480575
1.3682e-10	0.000480409
1.36891e-10	0.000480241
1.36962e-10	0.000480072
1.37033e-10	0.000479902
1.37104e-10	0.00047973
1.37175e-10	0.000479557
1.37246e-10	0.000479382
1.37316e-10	0.000479206
1.37387e-10	0.000479028
1.37458e-10	0.000478849
1.37529e-10	0.000478668
1.376e-10	0.000478486
1.37671e-10	0.000478302
1.37742e-10	0.000478117
1.37813e-10	0.000477931
1.37884e-10	0.000477742
1.37955e-10	0.000477553
1.38026e-10	0.000477362
1.38097e-10	0.000477169
1.38168e-10	0.000476975
1.38239e-10	0.00047678
1.38309e-10	0.000476582
1.3838e-10	0.000476384
1.38451e-10	0.000476184
1.38522e-10	0.000475982
1.38593e-10	0.000475779
1.38664e-10	0.000475575
1.38735e-10	0.000475369
1.38806e-10	0.000475161
1.38877e-10	0.000474952
1.38948e-10	0.000474741
1.39019e-10	0.000474529
1.3909e-10	0.000474315
1.39161e-10	0.0004741
1.39232e-10	0.000473883
1.39302e-10	0.000473665
1.39373e-10	0.000473445
1.39444e-10	0.000473224
1.39515e-10	0.000473001
1.39586e-10	0.000472777
1.39657e-10	0.000472551
1.39728e-10	0.000472324
1.39799e-10	0.000472095
1.3987e-10	0.000471864
1.39941e-10	0.000471632
1.40012e-10	0.000471399
1.40083e-10	0.000471163
1.40154e-10	0.000470927
1.40225e-10	0.000470688
1.40295e-10	0.000470449
1.40366e-10	0.000470207
1.40437e-10	0.000469964
1.40508e-10	0.00046972
1.40579e-10	0.000469474
1.4065e-10	0.000469226
1.40721e-10	0.000468977
1.40792e-10	0.000468727
1.40863e-10	0.000468474
1.40934e-10	0.000468221
1.41005e-10	0.000467965
1.41076e-10	0.000467708
1.41147e-10	0.00046745
1.41218e-10	0.00046719
1.41288e-10	0.000466928
1.41359e-10	0.000466665
1.4143e-10	0.0004664
1.41501e-10	0.000466133
1.41572e-10	0.000465865
1.41643e-10	0.000465596
1.41714e-10	0.000465325
1.41785e-10	0.000465052
1.41856e-10	0.000464777
1.41927e-10	0.000464501
1.41998e-10	0.000464224
1.42069e-10	0.000463945
1.4214e-10	0.000463664
1.42211e-10	0.000463382
1.42281e-10	0.000463098
1.42352e-10	0.000462812
1.42423e-10	0.000462525
1.42494e-10	0.000462236
1.42565e-10	0.000461946
1.42636e-10	0.000461654
1.42707e-10	0.00046136
1.42778e-10	0.000461065
1.42849e-10	0.000460768
1.4292e-10	0.00046047
1.42991e-10	0.00046017
1.43062e-10	0.000459868
1.43133e-10	0.000459565
1.43204e-10	0.00045926
1.43274e-10	0.000458953
1.43345e-10	0.000458645
1.43416e-10	0.000458335
1.43487e-10	0.000458024
1.43558e-10	0.000457711
1.43629e-10	0.000457396
1.437e-10	0.00045708
1.43771e-10	0.000456762
1.43842e-10	0.000456442
1.43913e-10	0.000456121
1.43984e-10	0.000455798
1.44055e-10	0.000455473
1.44126e-10	0.000455147
1.44197e-10	0.000454819
1.44267e-10	0.000454489
1.44338e-10	0.000454158
1.44409e-10	0.000453825
1.4448e-10	0.000453491
1.44551e-10	0.000453155
1.44622e-10	0.000452817
1.44693e-10	0.000452477
1.44764e-10	0.000452136
1.44835e-10	0.000451793
1.44906e-10	0.000451449
1.44977e-10	0.000451103
1.45048e-10	0.000450755
1.45119e-10	0.000450406
1.45189e-10	0.000450054
1.4526e-10	0.000449701
1.45331e-10	0.000449347
1.45402e-10	0.000448991
1.45473e-10	0.000448633
1.45544e-10	0.000448273
1.45615e-10	0.000447912
1.45686e-10	0.000447549
1.45757e-10	0.000447184
1.45828e-10	0.000446818
1.45899e-10	0.00044645
1.4597e-10	0.00044608
1.46041e-10	0.000445709
1.46112e-10	0.000445336
1.46182e-10	0.000444961
1.46253e-10	0.000444584
1.46324e-10	0.000444206
1.46395e-10	0.000443826
1.46466e-10	0.000443445
1.46537e-10	0.000443061
1.46608e-10	0.000442676
1.46679e-10	0.00044229
1.4675e-10	0.000441901
1.46821e-10	0.000441511
1.46892e-10	0.000441119
1.46963e-10	0.000440725
1.47034e-10	0.00044033
1.47105e-10	0.000439933
1.47175e-10	0.000439534
1.47246e-10	0.000439134
1.47317e-10	0.000438731
1.47388e-10	0.000438327
1.47459e-10	0.000437922
1.4753e-10	0.000437514
1.47601e-10	0.000437105
1.47672e-10	0.000436694
1.47743e-10	0.000436282
1.47814e-10	0.000435867
1.47885e-10	0.000435451
1.47956e-10	0.000435033
1.48027e-10	0.000434614
1.48098e-10	0.000434192
1.48168e-10	0.000433769
1.48239e-10	0.000433344
1.4831e-10	0.000432918
1.48381e-10	0.000432489
1.48452e-10	0.000432059
1.48523e-10	0.000431628
1.48594e-10	0.000431194
1.48665e-10	0.000430759
1.48736e-10	0.000430321
1.48807e-10	0.000429882
1.48878e-10	0.000429442
1.48949e-10	0.000428999
1.4902e-10	0.000428555
1.49091e-10	0.000428109
1.49161e-10	0.000427661
1.49232e-10	0.000427212
1.49303e-10	0.000426761
1.49374e-10	0.000426308
1.49445e-10	0.000425853
1.49516e-10	0.000425396
1.49587e-10	0.000424938
1.49658e-10	0.000424478
1.49729e-10	0.000424016
1.498e-10	0.000423552
1.49871e-10	0.000423086
1.49942e-10	0.000422619
1.50013e-10	0.00042215
1.50084e-10	0.000421679
1.50154e-10	0.000421206
1.50225e-10	0.000420732
1.50296e-10	0.000420256
1.50367e-10	0.000419777
1.50438e-10	0.000419298
1.50509e-10	0.000418816
1.5058e-10	0.000418332
1.50651e-10	0.000417847
1.50722e-10	0.00041736
1.50793e-10	0.000416871
1.50864e-10	0.00041638
1.50935e-10	0.000415888
1.51006e-10	0.000415393
1.51077e-10	0.000414897
1.51147e-10	0.000414399
1.51218e-10	0.000413899
1.51289e-10	0.000413398
1.5136e-10	0.000412894
1.51431e-10	0.000412389
1.51502e-10	0.000411882
1.51573e-10	0.000411373
1.51644e-10	0.000410862
1.51715e-10	0.00041035
1.51786e-10	0.000409835
1.51857e-10	0.000409319
1.51928e-10	0.000408801
1.51999e-10	0.000408281
1.5207e-10	0.00040776
1.5214e-10	0.000407236
1.52211e-10	0.000406711
1.52282e-10	0.000406183
1.52353e-10	0.000405654
1.52424e-10	0.000405123
1.52495e-10	0.00040459
1.52566e-10	0.000404056
1.52637e-10	0.000403519
1.52708e-10	0.000402981
1.52779e-10	0.000402441
1.5285e-10	0.000401899
1.52921e-10	0.000401355
1.52992e-10	0.000400809
1.53062e-10	0.000400261
1.53133e-10	0.000399712
1.53204e-10	0.000399161
1.53275e-10	0.000398607
1.53346e-10	0.000398052
1.53417e-10	0.000397495
1.53488e-10	0.000396937
1.53559e-10	0.000396376
1.5363e-10	0.000395813
1.53701e-10	0.000395249
1.53772e-10	0.000394683
1.53843e-10	0.000394115
1.53914e-10	0.000393544
1.53985e-10	0.000392973
1.54055e-10	0.000392399
1.54126e-10	0.000391823
1.54197e-10	0.000391246
1.54268e-10	0.000390666
1.54339e-10	0.000390085
1.5441e-10	0.000389502
1.54481e-10	0.000388916
1.54552e-10	0.000388329
1.54623e-10	0.000387741
1.54694e-10	0.00038715
1.54765e-10	0.000386557
1.54836e-10	0.000385963
1.54907e-10	0.000385366
1.54978e-10	0.000384768
1.55048e-10	0.000384167
1.55119e-10	0.000383565
1.5519e-10	0.000382961
1.55261e-10	0.000382355
1.55332e-10	0.000381747
1.55403e-10	0.000381137
1.55474e-10	0.000380526
1.55545e-10	0.000379912
1.55616e-10	0.000379297
1.55687e-10	0.000378679
1.55758e-10	0.00037806
1.55829e-10	0.000377439
1.559e-10	0.000376815
1.55971e-10	0.00037619
1.56041e-10	0.000375563
1.56112e-10	0.000374934
1.56183e-10	0.000374303
1.56254e-10	0.000373671
1.56325e-10	0.000373036
1.56396e-10	0.000372399
1.56467e-10	0.000371761
1.56538e-10	0.00037112
1.56609e-10	0.000370478
1.5668e-10	0.000369833
1.56751e-10	0.000369187
1.56822e-10	0.000368539
1.56893e-10	0.000367888
1.56964e-10	0.000367236
1.57034e-10	0.000366582
1.57105e-10	0.000365926
1.57176e-10	0.000365268
1.57247e-10	0.000364608
1.57318e-10	0.000363947
1.57389e-10	0.000363283
1.5746e-10	0.000362617
1.57531e-10	0.000361949
1.57602e-10	0.00036128
1.57673e-10	0.000360608
1.57744e-10	0.000359934
1.57815e-10	0.000359259
1.57886e-10	0.000358581
1.57957e-10	0.000357902
1.58027e-10	0.000357221
1.58098e-10	0.000356537
1.58169e-10	0.000355852
1.5824e-10	0.000355165
1.58311e-10	0.000354476
1.58382e-10	0.000353784
1.58453e-10	0.000353091
1.58524e-10	0.000352396
1.58595e-10	0.000351699
1.58666e-10	0.000351
1.58737e-10	0.000350299
1.58808e-10	0.000349596
1.58879e-10	0.000348891
1.5895e-10	0.000348184
1.5902e-10	0.000347475
1.59091e-10	0.000346764
1.59162e-10	0.000346051
1.59233e-10	0.000345336
1.59304e-10	0.000344619
1.59375e-10	0.0003439
1.59446e-10	0.000343179
1.59517e-10	0.000342457
1.59588e-10	0.000341732
1.59659e-10	0.000341005
1.5973e-10	0.000340276
1.59801e-10	0.000339545
1.59872e-10	0.000338812
1.59943e-10	0.000338078
1.60013e-10	0.000337341
1.60084e-10	0.000336602
1.60155e-10	0.000335861
1.60226e-10	0.000335118
1.60297e-10	0.000334374
1.60368e-10	0.000333627
1.60439e-10	0.000332878
1.6051e-10	0.000332127
1.60581e-10	0.000331374
1.60652e-10	0.00033062
1.60723e-10	0.000329863
1.60794e-10	0.000329104
1.60865e-10	0.000328343
1.60935e-10	0.00032758
1.61006e-10	0.000326815
1.61077e-10	0.000326048
1.61148e-10	0.00032528
1.61219e-10	0.000324509
1.6129e-10	0.000323736
1.61361e-10	0.000322961
1.61432e-10	0.000322184
1.61503e-10	0.000321405
1.61574e-10	0.000320624
1.61645e-10	0.000319841
1.61716e-10	0.000319056
1.61787e-10	0.000318268
1.61858e-10	0.000317479
1.61928e-10	0.000316688
1.61999e-10	0.000315895
1.6207e-10	0.0003151
1.62141e-10	0.000314302
1.62212e-10	0.000313503
1.62283e-10	0.000312702
1.62354e-10	0.000311898
1.62425e-10	0.000311093
1.62496e-10	0.000310286
1.62567e-10	0.000309476
1.62638e-10	0.000308665
1.62709e-10	0.000307851
1.6278e-10	0.000307035
1.62851e-10	0.000306218
1.62921e-10	0.000305398
1.62992e-10	0.000304576
1.63063e-10	0.000303753
1.63134e-10	0.000302927
1.63205e-10	0.000302099
1.63276e-10	0.000301269
1.63347e-10	0.000300437
1.63418e-10	0.000299603
1.63489e-10	0.000298767
1.6356e-10	0.000297929
1.63631e-10	0.000297088
1.63702e-10	0.000296246
1.63773e-10	0.000295402
1.63844e-10	0.000294555
1.63914e-10	0.000293707
1.63985e-10	0.000292856
1.64056e-10	0.000292004
1.64127e-10	0.000291149
1.64198e-10	0.000290293
1.64269e-10	0.000289434
1.6434e-10	0.000288573
1.64411e-10	0.00028771
1.64482e-10	0.000286845
1.64553e-10	0.000285978
1.64624e-10	0.000285109
1.64695e-10	0.000284238
1.64766e-10	0.000283364
1.64837e-10	0.000282489
1.64907e-10	0.000281612
1.64978e-10	0.000280732
1.65049e-10	0.000279851
1.6512e-10	0.000278967
1.65191e-10	0.000278081
1.65262e-10	0.000277193
1.65333e-10	0.000276304
1.65404e-10	0.000275412
1.65475e-10	0.000274518
1.65546e-10	0.000273621
1.65617e-10	0.000272723
1.65688e-10	0.000271823
1.65759e-10	0.000270921
1.6583e-10	0.000270016
1.659e-10	0.000269109
1.65971e-10	0.000268201
1.66042e-10	0.00026729
1.66113e-10	0.000266377
1.66184e-10	0.000265462
1.66255e-10	0.000264545
1.66326e-10	0.000263626
1.66397e-10	0.000262705
1.66468e-10	0.000261782
1.66539e-10	0.000260856
1.6661e-10	0.000259929
1.66681e-10	0.000258999
1.66752e-10	0.000258067
1.66823e-10	0.000257133
1.66893e-10	0.000256197
1.66964e-10	0.000255259
1.67035e-10	0.000254319
1.67106e-10	0.000253377
1.67177e-10	0.000252433
1.67248e-10	0.000251486
1.67319e-10	0.000250538
1.6739e-10	0.000249587
1.67461e-10	0.000248634
1.67532e-10	0.000247679
1.67603e-10	0.000246722
1.67674e-10	0.000245763
1.67745e-10	0.000244802
1.67816e-10	0.000243839
1.67886e-10	0.000242873
1.67957e-10	0.000241906
1.68028e-10	0.000240936
1.68099e-10	0.000239964
1.6817e-10	0.00023899
1.68241e-10	0.000238014
1.68312e-10	0.000237036
1.68383e-10	0.000236056
1.68454e-10	0.000235073
1.68525e-10	0.000234089
1.68596e-10	0.000233102
1.68667e-10	0.000232113
1.68738e-10	0.000231122
1.68808e-10	0.000230129
1.68879e-10	0.000229134
1.6895e-10	0.000228137
1.69021e-10	0.000227137
1.69092e-10	0.000226136
1.69163e-10	0.000225132
1.69234e-10	0.000224126
1.69305e-10	0.000223118
1.69376e-10	0.000222108
1.69447e-10	0.000221096
1.69518e-10	0.000220082
1.69589e-10	0.000219065
1.6966e-10	0.000218047
1.69731e-10	0.000217026
1.69801e-10	0.000216003
1.69872e-10	0.000214978
1.69943e-10	0.000213951
1.70014e-10	0.000212921
1.70085e-10	0.00021189
1.70156e-10	0.000210856
1.70227e-10	0.000209821
1.70298e-10	0.000208783
1.70369e-10	0.000207743
1.7044e-10	0.000206701
1.70511e-10	0.000205656
1.70582e-10	0.00020461
1.70653e-10	0.000203561
1.70724e-10	0.00020251
1.70794e-10	0.000201458
1.70865e-10	0.000200403
1.70936e-10	0.000199345
1.71007e-10	0.000198286
1.71078e-10	0.000197225
1.71149e-10	0.000196161
1.7122e-10	0.000195095
1.71291e-10	0.000194027
1.71362e-10	0.000192957
1.71433e-10	0.000191885
1.71504e-10	0.00019081
1.71575e-10	0.000189734
1.71646e-10	0.000188655
1.71717e-10	0.000187574
1.71787e-10	0.000186491
1.71858e-10	0.000185406
1.71929e-10	0.000184319
1.72e-10	0.000183229
1.72071e-10	0.000182138
1.72142e-10	0.000181044
1.72213e-10	0.000179948
1.72284e-10	0.00017885
1.72355e-10	0.000177749
1.72426e-10	0.000176647
1.72497e-10	0.000175542
1.72568e-10	0.000174436
1.72639e-10	0.000173327
1.7271e-10	0.000172215
1.7278e-10	0.000171102
1.72851e-10	0.000169987
1.72922e-10	0.000168869
1.72993e-10	0.000167749
1.73064e-10	0.000166627
1.73135e-10	0.000165503
1.73206e-10	0.000164377
1.73277e-10	0.000163249
1.73348e-10	0.000162118
1.73419e-10	0.000160985
1.7349e-10	0.00015985
1.73561e-10	0.000158713
1.73632e-10	0.000157574
1.73703e-10	0.000156432
1.73773e-10	0.000155289
1.73844e-10	0.000154143
1.73915e-10	0.000152995
1.73986e-10	0.000151845
1.74057e-10	0.000150692
1.74128e-10	0.000149538
1.74199e-10	0.000148381
1.7427e-10	0.000147222
1.74341e-10	0.000146061
1.74412e-10	0.000144898
1.74483e-10	0.000143733
1.74554e-10	0.000142565
1.74625e-10	0.000141395
1.74696e-10	0.000140224
1.74766e-10	0.000139049
1.74837e-10	0.000137873
1.74908e-10	0.000136695
1.74979e-10	0.000135514
1.7505e-10	0.000134331
1.75121e-10	0.000133146
1.75192e-10	0.000131959
1.75263e-10	0.00013077
1.75334e-10	0.000129578
1.75405e-10	0.000128384
1.75476e-10	0.000127189
1.75547e-10	0.00012599
1.75618e-10	0.00012479
1.75689e-10	0.000123588
1.75759e-10	0.000122383
1.7583e-10	0.000121176
1.75901e-10	0.000119967
1.75972e-10	0.000118756
1.76043e-10	0.000117543
1.76114e-10	0.000116327
1.76185e-10	0.000115109
1.76256e-10	0.000113889
1.76327e-10	0.000112667
1.76398e-10	0.000111443
1.76469e-10	0.000110216
1.7654e-10	0.000108988
1.76611e-10	0.000107757
1.76682e-10	0.000106524
1.76752e-10	0.000105288
1.76823e-10	0.000104051
1.76894e-10	0.000102811
1.76965e-10	0.00010157
1.77036e-10	0.000100326
1.77107e-10	9.90794e-05
1.77178e-10	9.7831e-05
1.77249e-10	9.65804e-05
1.7732e-10	9.53276e-05
1.77391e-10	9.40726e-05
1.77462e-10	9.28155e-05
1.77533e-10	9.15561e-05
1.77604e-10	9.02946e-05
1.77674e-10	8.90308e-05
1.77745e-10	8.77649e-05
1.77816e-10	8.64968e-05
1.77887e-10	8.52265e-05
1.77958e-10	8.39539e-05
1.78029e-10	8.26792e-05
1.781e-10	8.14024e-05
1.78171e-10	8.01233e-05
1.78242e-10	7.8842e-05
1.78313e-10	7.75585e-05
1.78384e-10	7.62728e-05
1.78455e-10	7.4985e-05
1.78526e-10	7.36949e-05
1.78597e-10	7.24026e-05
1.78667e-10	7.11082e-05
1.78738e-10	6.98116e-05
1.78809e-10	6.85127e-05
1.7888e-10	6.72117e-05
1.78951e-10	6.59085e-05
1.79022e-10	6.4603e-05
1.79093e-10	6.32954e-05
1.79164e-10	6.19856e-05
1.79235e-10	6.06736e-05
1.79306e-10	5.93594e-05
1.79377e-10	5.8043e-05
1.79448e-10	5.67244e-05
1.79519e-10	5.54036e-05
1.7959e-10	5.40806e-05
1.7966e-10	5.27554e-05
1.79731e-10	5.1428e-05
1.79802e-10	5.00984e-05
1.79873e-10	4.87666e-05
1.79944e-10	4.74327e-05
1.80015e-10	4.60965e-05
1.80086e-10	4.47581e-05
1.80157e-10	4.34176e-05
1.80228e-10	4.20748e-05
1.80299e-10	4.07299e-05
1.8037e-10	3.93827e-05
1.80441e-10	3.80333e-05
1.80512e-10	3.66818e-05
1.80583e-10	3.5328e-05
1.80653e-10	3.39721e-05
1.80724e-10	3.2614e-05
1.80795e-10	3.12536e-05
1.80866e-10	2.98911e-05
1.80937e-10	2.85264e-05
1.81008e-10	2.71594e-05
1.81079e-10	2.57903e-05
1.8115e-10	2.4419e-05
1.81221e-10	2.30455e-05
1.81292e-10	2.16698e-05
1.81363e-10	2.02919e-05
1.81434e-10	1.89118e-05
1.81505e-10	1.75295e-05
1.81576e-10	1.6145e-05
1.81646e-10	1.47583e-05
1.81717e-10	1.33694e-05
1.81788e-10	1.19783e-05
1.81859e-10	1.0585e-05
1.8193e-10	9.18952e-06
1.82001e-10	7.79185e-06
1.82072e-10	6.39198e-06
1.82143e-10	4.98991e-06
1.82214e-10	3.58565e-06
1.82285e-10	2.17919e-06
1.82356e-10	7.70543e-07
1.82427e-10	-6.40303e-07
1.82498e-10	-2.05334e-06
1.82569e-10	-3.46858e-06
1.82639e-10	-4.88601e-06
1.8271e-10	-6.30563e-06
1.82781e-10	-7.72745e-06
1.82852e-10	-9.15147e-06
1.82923e-10	-1.05777e-05
1.82994e-10	-1.20061e-05
1.83065e-10	-1.34367e-05
1.83136e-10	-1.48695e-05
1.83207e-10	-1.63044e-05
1.83278e-10	-1.77416e-05
1.83349e-10	-1.9181e-05
1.8342e-10	-2.06225e-05
1.83491e-10	-2.20663e-05
1.83562e-10	-2.35122e-05
1.83632e-10	-2.49604e-05
1.83703e-10	-2.64107e-05
1.83774e-10	-2.78632e-05
1.83845e-10	-2.93179e-05
1.83916e-10	-3.07748e-05
1.83987e-10	-3.22339e-05
1.84058e-10	-3.36952e-05
1.84129e-10	-3.51586e-05
1.842e-10	-3.66243e-05
1.84271e-10	-3.80921e-05
1.84342e-10	-3.95622e-05
1.84413e-10	-4.10344e-05
1.84484e-10	-4.25088e-05
1.84555e-10	-4.39854e-05
1.84625e-10	-4.54642e-05
1.84696e-10	-4.69452e-05
1.84767e-10	-4.84283e-05
1.84838e-10	-4.99137e-05
1.84909e-10	-5.14012e-05
1.8498e-10	-5.2891e-05
1.85051e-10	-5.43829e-05
1.85122e-10	-5.5877e-05
1.85193e-10	-5.73732e-05
1.85264e-10	-5.88717e-05
1.85335e-10	-6.03723e-05
1.85406e-10	-6.18752e-05
1.85477e-10	-6.33802e-05
1.85547e-10	-6.48874e-05
1.85618e-10	-6.63968e-05
1.85689e-10	-6.79083e-05
1.8576e-10	-6.94221e-05
1.85831e-10	-7.0938e-05
1.85902e-10	-7.24561e-05
1.85973e-10	-7.39764e-05
1.86044e-10	-7.54988e-05
1.86115e-10	-7.70235e-05
1.86186e-10	-7.85503e-05
1.86257e-10	-8.00793e-05
1.86328e-10	-8.16105e-05
1.86399e-10	-8.31438e-05
1.8647e-10	-8.46794e-05
1.8654e-10	-8.62171e-05
1.86611e-10	-8.7757e-05
1.86682e-10	-8.9299e-05
1.86753e-10	-9.08433e-05
1.86824e-10	-9.23897e-05
1.86895e-10	-9.39383e-05
1.86966e-10	-9.5489e-05
1.87037e-10	-9.7042e-05
1.87108e-10	-9.85971e-05
1.87179e-10	-0.000100154
1.8725e-10	-0.000101714
1.87321e-10	-0.000103275
1.87392e-10	-0.000104839
1.87463e-10	-0.000106405
1.87533e-10	-0.000107973
1.87604e-10	-0.000109544
1.87675e-10	-0.000111116
1.87746e-10	-0.000112691
1.87817e-10	-0.000114267
1.87888e-10	-0.000115846
1.87959e-10	-0.000117428
1.8803e-10	-0.000119011
1.88101e-10	-0.000120596
1.88172e-10	-0.000122184
1.88243e-10	-0.000123774
1.88314e-10	-0.000125366
1.88385e-10	-0.00012696
1.88456e-10	-0.000128556
1.88526e-10	-0.000130155
1.88597e-10	-0.000131755
1.88668e-10	-0.000133358
1.88739e-10	-0.000134963
1.8881e-10	-0.00013657
1.88881e-10	-0.000138179
1.88952e-10	-0.00013979
1.89023e-10	-0.000141404
1.89094e-10	-0.00014302
1.89165e-10	-0.000144638
1.89236e-10	-0.000146258
1.89307e-10	-0.00014788
1.89378e-10	-0.000149504
1.89449e-10	-0.00015113
1.89519e-10	-0.000152759
1.8959e-10	-0.00015439
1.89661e-10	-0.000156023
1.89732e-10	-0.000157658
1.89803e-10	-0.000159295
1.89874e-10	-0.000160934
1.89945e-10	-0.000162576
1.90016e-10	-0.000164219
1.90087e-10	-0.000165865
1.90158e-10	-0.000167513
1.90229e-10	-0.000169163
1.903e-10	-0.000170815
1.90371e-10	-0.00017247
1.90442e-10	-0.000174126
1.90512e-10	-0.000175785
1.90583e-10	-0.000177446
1.90654e-10	-0.000179108
1.90725e-10	-0.000180774
1.90796e-10	-0.000182441
1.90867e-10	-0.00018411
1.90938e-10	-0.000185781
1.91009e-10	-0.000187455
1.9108e-10	-0.000189131
1.91151e-10	-0.000190809
1.91222e-10	-0.000192489
1.91293e-10	-0.000194171
1.91364e-10	-0.000195855
1.91435e-10	-0.000197541
1.91505e-10	-0.00019923
1.91576e-10	-0.00020092
1.91647e-10	-0.000202613
1.91718e-10	-0.000204308
1.91789e-10	-0.000206005
1.9186e-10	-0.000207704
1.91931e-10	-0.000209405
1.92002e-10	-0.000211108
1.92073e-10	-0.000212814
1.92144e-10	-0.000214521
1.92215e-10	-0.000216231
1.92286e-10	-0.000217943
1.92357e-10	-0.000219657
1.92428e-10	-0.000221373
1.92498e-10	-0.000223091
1.92569e-10	-0.000224811
1.9264e-10	-0.000226534
1.92711e-10	-0.000228258
1.92782e-10	-0.000229985
1.92853e-10	-0.000231713
1.92924e-10	-0.000233444
1.92995e-10	-0.000235177
1.93066e-10	-0.000236912
1.93137e-10	-0.000238649
1.93208e-10	-0.000240388
1.93279e-10	-0.00024213
1.9335e-10	-0.000243873
1.9342e-10	-0.000245619
1.93491e-10	-0.000247366
1.93562e-10	-0.000249116
1.93633e-10	-0.000250868
1.93704e-10	-0.000252622
1.93775e-10	-0.000254378
1.93846e-10	-0.000256136
1.93917e-10	-0.000257896
1.93988e-10	-0.000259658
1.94059e-10	-0.000261422
1.9413e-10	-0.000263189
1.94201e-10	-0.000264957
1.94272e-10	-0.000266728
1.94343e-10	-0.000268501
1.94413e-10	-0.000270275
1.94484e-10	-0.000272052
1.94555e-10	-0.000273831
1.94626e-10	-0.000275612
1.94697e-10	-0.000277395
1.94768e-10	-0.00027918
1.94839e-10	-0.000280968
1.9491e-10	-0.000282757
1.94981e-10	-0.000284548
1.95052e-10	-0.000286342
1.95123e-10	-0.000288137
1.95194e-10	-0.000289935
1.95265e-10	-0.000291735
1.95336e-10	-0.000293536
1.95406e-10	-0.00029534
1.95477e-10	-0.000297146
1.95548e-10	-0.000298954
1.95619e-10	-0.000300764
1.9569e-10	-0.000302576
1.95761e-10	-0.00030439
1.95832e-10	-0.000306206
1.95903e-10	-0.000308024
1.95974e-10	-0.000309844
1.96045e-10	-0.000311667
1.96116e-10	-0.000313491
1.96187e-10	-0.000315317
1.96258e-10	-0.000317146
1.96329e-10	-0.000318976
1.96399e-10	-0.000320809
1.9647e-10	-0.000322643
1.96541e-10	-0.00032448
1.96612e-10	-0.000326319
1.96683e-10	-0.000328159
1.96754e-10	-0.000330002
1.96825e-10	-0.000331847
1.96896e-10	-0.000333694
1.96967e-10	-0.000335542
1.97038e-10	-0.000337393
1.97109e-10	-0.000339246
1.9718e-10	-0.000341101
1.97251e-10	-0.000342958
1.97322e-10	-0.000344817
1.97392e-10	-0.000346678
1.97463e-10	-0.000348541
1.97534e-10	-0.000350406
1.97605e-10	-0.000352273
1.97676e-10	-0.000354142
1.97747e-10	-0.000356013
1.97818e-10	-0.000357886
1.97889e-10	-0.000359761
1.9796e-10	-0.000361638
1.98031e-10	-0.000363518
1.98102e-10	-0.000365399
1.98173e-10	-0.000367282
1.98244e-10	-0.000369167
1.98315e-10	-0.000371054
1.98385e-10	-0.000372943
1.98456e-10	-0.000374835
1.98527e-10	-0.000376728
1.98598e-10	-0.000378623
1.98669e-10	-0.00038052
1.9874e-10	-0.000382419
1.98811e-10	-0.00038432
1.98882e-10	-0.000386223
1.98953e-10	-0.000388128
1.99024e-10	-0.000390036
1.99095e-10	-0.000391945
1.99166e-10	-0.000393856
1.99237e-10	-0.000395769
1.99308e-10	-0.000397684
1.99378e-10	-0.000399601
1.99449e-10	-0.00040152
1.9952e-10	-0.000403441
1.99591e-10	-0.000405364
1.99662e-10	-0.000407289
1.99733e-10	-0.000409215
1.99804e-10	-0.000411144
1.99875e-10	-0.000413075
1.99946e-10	-0.000415008
2.00017e-10	-0.000416942
2.00088e-10	-0.000418879
2.00159e-10	-0.000420818
2.0023e-10	-0.000422758
2.00301e-10	-0.000424701
2.00371e-10	-0.000426645
2.00442e-10	-0.000428592
2.00513e-10	-0.00043054
2.00584e-10	-0.000432491
2.00655e-10	-0.000434443
2.00726e-10	-0.000436397
2.00797e-10	-0.000438353
2.00868e-10	-0.000440311
2.00939e-10	-0.000442272
2.0101e-10	-0.000444234
2.01081e-10	-0.000446197
2.01152e-10	-0.000448163
2.01223e-10	-0.000450131
2.01293e-10	-0.000452101
2.01364e-10	-0.000454072
2.01435e-10	-0.000456046
2.01506e-10	-0.000458021
2.01577e-10	-0.000459999
2.01648e-10	-0.000461978
2.01719e-10	-0.000463959
2.0179e-10	-0.000465943
2.01861e-10	-0.000467928
2.01932e-10	-0.000469915
2.02003e-10	-0.000471904
2.02074e-10	-0.000473894
2.02145e-10	-0.000475887
2.02216e-10	-0.000477882
2.02286e-10	-0.000479878
2.02357e-10	-0.000481876
2.02428e-10	-0.000483877
2.02499e-10	-0.000485879
2.0257e-10	-0.000487883
2.02641e-10	-0.000489889
2.02712e-10	-0.000491897
2.02783e-10	-0.000493907
2.02854e-10	-0.000495918
2.02925e-10	-0.000497932
2.02996e-10	-0.000499947
2.03067e-10	-0.000501964
2.03138e-10	-0.000503983
2.03209e-10	-0.000506004
2.03279e-10	-0.000508027
2.0335e-10	-0.000510052
2.03421e-10	-0.000512079
2.03492e-10	-0.000514107
2.03563e-10	-0.000516137
2.03634e-10	-0.00051817
2.03705e-10	-0.000520204
2.03776e-10	-0.00052224
2.03847e-10	-0.000524277
2.03918e-10	-0.000526317
2.03989e-10	-0.000528358
2.0406e-10	-0.000530402
2.04131e-10	-0.000532447
2.04202e-10	-0.000534494
2.04272e-10	-0.000536543
2.04343e-10	-0.000538593
2.04414e-10	-0.000540646
2.04485e-10	-0.0005427
2.04556e-10	-0.000544756
2.04627e-10	-0.000546814
2.04698e-10	-0.000548874
2.04769e-10	-0.000550936
2.0484e-10	-0.000552999
2.04911e-10	-0.000555064
2.04982e-10	-0.000557132
2.05053e-10	-0.0005592
2.05124e-10	-0.000561271
2.05195e-10	-0.000563344
2.05265e-10	-0.000565418
2.05336e-10	-0.000567494
2.05407e-10	-0.000569572
2.05478e-10	-0.000571652
2.05549e-10	-0.000573733
2.0562e-10	-0.000575817
2.05691e-10	-0.000577902
2.05762e-10	-0.000579989
2.05833e-10	-0.000582077
2.05904e-10	-0.000584168
2.05975e-10	-0.00058626
2.06046e-10	-0.000588354
2.06117e-10	-0.00059045
2.06188e-10	-0.000592547
2.06258e-10	-0.000594647
2.06329e-10	-0.000596748
2.064e-10	-0.000598851
2.06471e-10	-0.000600956
2.06542e-10	-0.000603062
2.06613e-10	-0.00060517
2.06684e-10	-0.00060728
2.06755e-10	-0.000609392
2.06826e-10	-0.000611505
2.06897e-10	-0.00061362
2.06968e-10	-0.000615737
2.07039e-10	-0.000617856
2.0711e-10	-0.000619976
2.07181e-10	-0.000622099
2.07251e-10	-0.000624222
2.07322e-10	-0.000626348
2.07393e-10	-0.000628475
2.07464e-10	-0.000630605
2.07535e-10	-0.000632735
2.07606e-10	-0.000634868
2.07677e-10	-0.000637002
2.07748e-10	-0.000639138
2.07819e-10	-0.000641276
2.0789e-10	-0.000643415
2.07961e-10	-0.000645556
2.08032e-10	-0.000647699
2.08103e-10	-0.000649844
2.08174e-10	-0.00065199
2.08244e-10	-0.000654138
2.08315e-10	-0.000656287
2.08386e-10	-0.000658439
2.08457e-10	-0.000660592
2.08528e-10	-0.000662746
2.08599e-10	-0.000664903
2.0867e-10	-0.000667061
2.08741e-10	-0.000669221
2.08812e-10	-0.000671382
2.08883e-10	-0.000673545
2.08954e-10	-0.00067571
2.09025e-10	-0.000677876
2.09096e-10	-0.000680044
2.09166e-10	-0.000682214
2.09237e-10	-0.000684386
2.09308e-10	-0.000686559
2.09379e-10	-0.000688733
2.0945e-10	-0.00069091
2.09521e-10	-0.000693088
2.09592e-10	-0.000695268
2.09663e-10	-0.000697449
2.09734e-10	-0.000699632
2.09805e-10	-0.000701816
2.09876e-10	-0.000704003
2.09947e-10	-0.00070619
2.10018e-10	-0.00070838
2.10089e-10	-0.000710571
2.10159e-10	-0.000712764
2.1023e-10	-0.000714958
2.10301e-10	-0.000717154
2.10372e-10	-0.000719352
2.10443e-10	-0.000721551
2.10514e-10	-0.000723752
2.10585e-10	-0.000725954
2.10656e-10	-0.000728158
2.10727e-10	-0.000730364
2.10798e-10	-0.000732571
2.10869e-10	-0.00073478
2.1094e-10	-0.00073699
2.11011e-10	-0.000739202
2.11082e-10	-0.000741415
2.11152e-10	-0.00074363
2.11223e-10	-0.000745847
2.11294e-10	-0.000748065
2.11365e-10	-0.000750285
2.11436e-10	-0.000752507
2.11507e-10	-0.00075473
2.11578e-10	-0.000756954
2.11649e-10	-0.00075918
2.1172e-10	-0.000761408
2.11791e-10	-0.000763637
2.11862e-10	-0.000765868
2.11933e-10	-0.0007681
2.12004e-10	-0.000770334
2.12075e-10	-0.000772569
2.12145e-10	-0.000774806
2.12216e-10	-0.000777045
2.12287e-10	-0.000779285
2.12358e-10	-0.000781526
2.12429e-10	-0.000783769
2.125e-10	-0.000786014
2.12571e-10	-0.00078826
2.12642e-10	-0.000790507
2.12713e-10	-0.000792756
2.12784e-10	-0.000795007
2.12855e-10	-0.000797259
2.12926e-10	-0.000799512
2.12997e-10	-0.000801768
2.13068e-10	-0.000804024
2.13138e-10	-0.000806282
2.13209e-10	-0.000808542
2.1328e-10	-0.000810803
2.13351e-10	-0.000813065
2.13422e-10	-0.000815329
2.13493e-10	-0.000817595
2.13564e-10	-0.000819862
2.13635e-10	-0.00082213
2.13706e-10	-0.0008244
2.13777e-10	-0.000826671
2.13848e-10	-0.000828944
2.13919e-10	-0.000831218
2.1399e-10	-0.000833494
2.14061e-10	-0.000835771
2.14131e-10	-0.00083805
2.14202e-10	-0.00084033
2.14273e-10	-0.000842611
2.14344e-10	-0.000844894
2.14415e-10	-0.000847178
2.14486e-10	-0.000849464
2.14557e-10	-0.000851751
2.14628e-10	-0.00085404
2.14699e-10	-0.00085633
2.1477e-10	-0.000858621
2.14841e-10	-0.000860914
2.14912e-10	-0.000863208
2.14983e-10	-0.000865503
2.15054e-10	-0.0008678
2.15124e-10	-0.000870099
2.15195e-10	-0.000872399
2.15266e-10	-0.0008747
2.15337e-10	-0.000877002
2.15408e-10	-0.000879306
2.15479e-10	-0.000881612
2.1555e-10	-0.000883918
2.15621e-10	-0.000886226
2.15692e-10	-0.000888536
2.15763e-10	-0.000890846
2.15834e-10	-0.000893159
2.15905e-10	-0.000895472
2.15976e-10	-0.000897787
2.16047e-10	-0.000900103
2.16117e-10	-0.000902421
2.16188e-10	-0.000904739
2.16259e-10	-0.00090706
2.1633e-10	-0.000909381
2.16401e-10	-0.000911704
2.16472e-10	-0.000914028
2.16543e-10	-0.000916354
2.16614e-10	-0.000918681
2.16685e-10	-0.000921009
2.16756e-10	-0.000923338
2.16827e-10	-0.000925669
2.16898e-10	-0.000928001
2.16969e-10	-0.000930334
2.17039e-10	-0.000932669
2.1711e-10	-0.000935005
2.17181e-10	-0.000937342
2.17252e-10	-0.000939681
2.17323e-10	-0.00094202
2.17394e-10	-0.000944361
2.17465e-10	-0.000946704
2.17536e-10	-0.000949047
2.17607e-10	-0.000951392
2.17678e-10	-0.000953738
2.17749e-10	-0.000956086
2.1782e-10	-0.000958434
2.17891e-10	-0.000960784
2.17962e-10	-0.000963135
2.18032e-10	-0.000965488
2.18103e-10	-0.000967841
2.18174e-10	-0.000970196
2.18245e-10	-0.000972552
2.18316e-10	-0.000974909
2.18387e-10	-0.000977268
2.18458e-10	-0.000979628
2.18529e-10	-0.000981989
2.186e-10	-0.000984351
2.18671e-10	-0.000986714
2.18742e-10	-0.000989079
2.18813e-10	-0.000991444
2.18884e-10	-0.000993811
2.18955e-10	-0.000996179
2.19025e-10	-0.000998549
2.19096e-10	-0.00100092
2.19167e-10	-0.00100329
2.19238e-10	-0.00100566
2.19309e-10	-0.00100804
2.1938e-10	-0.00101041
2.19451e-10	-0.00101279
2.19522e-10	-0.00101517
2.19593e-10	-0.00101755
2.19664e-10	-0.00101992
2.19735e-10	-0.00102231
2.19806e-10	-0.00102469
2.19877e-10	-0.00102707
2.19948e-10	-0.00102946
2.20018e-10	-0.00103184
2.20089e-10	-0.00103423
2.2016e-10	-0.00103662
2.20231e-10	-0.001039
2.20302e-10	-0.00104139
2.20373e-10	-0.00104379
2.20444e-10	-0.00104618
2.20515e-10	-0.00104857
2.20586e-10	-0.00105096
2.20657e-10	-0.00105336
2.20728e-10	-0.00105576
2.20799e-10	-0.00105815
2.2087e-10	-0.00106055
2.20941e-10	-0.00106295
2.21011e-10	-0.00106535
2.21082e-10	-0.00106776
2.21153e-10	-0.00107016
2.21224e-10	-0.00107256
2.21295e-10	-0.00107497
2.21366e-10	-0.00107737
2.21437e-10	-0.00107978
2.21508e-10	-0.00108219
2.21579e-10	-0.0010846
2.2165e-10	-0.00108701
2.21721e-10	-0.00108942
2.21792e-10	-0.00109183
2.21863e-10	-0.00109424
2.21934e-10	-0.00109666
2.22004e-10	-0.00109907
2.22075e-10	-0.00110149
2.22146e-10	-0.00110391
2.22217e-10	-0.00110633
2.22288e-10	-0.00110875
2.22359e-10	-0.00111117
2.2243e-10	-0.00111359
2.22501e-10	-0.00111601
2.22572e-10	-0.00111843
2.22643e-10	-0.00112086
2.22714e-10	-0.00112328
2.22785e-10	-0.00112571
2.22856e-10	-0.00112813
2.22927e-10	-0.00113056
2.22997e-10	-0.00113299
2.23068e-10	-0.00113542
2.23139e-10	-0.00113785
2.2321e-10	-0.00114028
2.23281e-10	-0.00114272
2.23352e-10	-0.00114515
2.23423e-10	-0.00114758
2.23494e-10	-0.00115002
2.23565e-10	-0.00115246
2.23636e-10	-0.00115489
2.23707e-10	-0.00115733
2.23778e-10	-0.00115977
2.23849e-10	-0.00116221
2.2392e-10	-0.00116465
2.2399e-10	-0.00116709
2.24061e-10	-0.00116954
2.24132e-10	-0.00117198
2.24203e-10	-0.00117442
2.24274e-10	-0.00117687
2.24345e-10	-0.00117931
2.24416e-10	-0.00118176
2.24487e-10	-0.00118421
2.24558e-10	-0.00118666
2.24629e-10	-0.00118911
2.247e-10	-0.00119156
2.24771e-10	-0.00119401
2.24842e-10	-0.00119646
2.24913e-10	-0.00119891
2.24983e-10	-0.00120137
2.25054e-10	-0.00120382
2.25125e-10	-0.00120628
2.25196e-10	-0.00120873
2.25267e-10	-0.00121119
2.25338e-10	-0.00121365
2.25409e-10	-0.0012161
2.2548e-10	-0.00121856
2.25551e-10	-0.00122102
2.25622e-10	-0.00122348
2.25693e-10	-0.00122594
2.25764e-10	-0.00122841
2.25835e-10	-0.00123087
2.25905e-10	-0.00123333
2.25976e-10	-0.0012358
2.26047e-10	-0.00123826
2.26118e-10	-0.00124073
2.26189e-10	-0.00124319
2.2626e-10	-0.00124566
2.26331e-10	-0.00124813
2.26402e-10	-0.0012506
2.26473e-10	-0.00125307
2.26544e-10	-0.00125554
2.26615e-10	-0.00125801
2.26686e-10	-0.00126048
2.26757e-10	-0.00126295
2.26828e-10	-0.00126543
2.26898e-10	-0.0012679
2.26969e-10	-0.00127037
2.2704e-10	-0.00127285
2.27111e-10	-0.00127532
2.27182e-10	-0.0012778
2.27253e-10	-0.00128028
2.27324e-10	-0.00128276
2.27395e-10	-0.00128523
2.27466e-10	-0.00128771
2.27537e-10	-0.00129019
2.27608e-10	-0.00129267
2.27679e-10	-0.00129515
2.2775e-10	-0.00129763
2.27821e-10	-0.00130012
2.27891e-10	-0.0013026
2.27962e-10	-0.00130508
2.28033e-10	-0.00130757
2.28104e-10	-0.00131005
2.28175e-10	-0.00131253
2.28246e-10	-0.00131502
2.28317e-10	-0.00131751
2.28388e-10	-0.00131999
2.28459e-10	-0.00132248
2.2853e-10	-0.00132497
2.28601e-10	-0.00132746
2.28672e-10	-0.00132995
2.28743e-10	-0.00133244
2.28814e-10	-0.00133493
2.28884e-10	-0.00133742
2.28955e-10	-0.00133991
2.29026e-10	-0.0013424
2.29097e-10	-0.00134489
2.29168e-10	-0.00134738
2.29239e-10	-0.00134988
2.2931e-10	-0.00135237
2.29381e-10	-0.00135486
2.29452e-10	-0.00135736
2.29523e-10	-0.00135985
2.29594e-10	-0.00136235
2.29665e-10	-0.00136485
2.29736e-10	-0.00136734
2.29807e-10	-0.00136984
2.29877e-10	-0.00137234
2.29948e-10	-0.00137484
2.30019e-10	-0.00137733
2.3009e-10	-0.00137983
2.30161e-10	-0.00138233
2.30232e-10	-0.00138483
2.30303e-10	-0.00138733
2.30374e-10	-0.00138983
2.30445e-10	-0.00139233
2.30516e-10	-0.00139484
2.30587e-10	-0.00139734
2.30658e-10	-0.00139984
2.30729e-10	-0.00140234
2.308e-10	-0.00140484
2.3087e-10	-0.00140735
2.30941e-10	-0.00140985
2.31012e-10	-0.00141236
2.31083e-10	-0.00141486
2.31154e-10	-0.00141737
2.31225e-10	-0.00141987
2.31296e-10	-0.00142238
2.31367e-10	-0.00142488
2.31438e-10	-0.00142739
2.31509e-10	-0.0014299
2.3158e-10	-0.0014324
2.31651e-10	-0.00143491
2.31722e-10	-0.00143742
2.31793e-10	-0.00143993
2.31863e-10	-0.00144243
2.31934e-10	-0.00144494
2.32005e-10	-0.00144745
2.32076e-10	-0.00144996
2.32147e-10	-0.00145247
2.32218e-10	-0.00145498
2.32289e-10	-0.00145749
2.3236e-10	-0.00146
2.32431e-10	-0.00146251
2.32502e-10	-0.00146502
2.32573e-10	-0.00146753
2.32644e-10	-0.00147004
2.32715e-10	-0.00147255
2.32786e-10	-0.00147507
2.32856e-10	-0.00147758
2.32927e-10	-0.00148009
2.32998e-10	-0.0014826
2.33069e-10	-0.00148511
2.3314e-10	-0.00148763
2.33211e-10	-0.00149014
2.33282e-10	-0.00149265
2.33353e-10	-0.00149517
2.33424e-10	-0.00149768
2.33495e-10	-0.00150019
2.33566e-10	-0.00150271
2.33637e-10	-0.00150522
2.33708e-10	-0.00150774
2.33778e-10	-0.00151025
2.33849e-10	-0.00151276
2.3392e-10	-0.00151528
2.33991e-10	-0.00151779
2.34062e-10	-0.00152031
2.34133e-10	-0.00152282
2.34204e-10	-0.00152534
2.34275e-10	-0.00152785
2.34346e-10	-0.00153037
2.34417e-10	-0.00153289
2.34488e-10	-0.0015354
2.34559e-10	-0.00153792
2.3463e-10	-0.00154043
2.34701e-10	-0.00154295
2.34771e-10	-0.00154546
2.34842e-10	-0.00154798
2.34913e-10	-0.0015505
2.34984e-10	-0.00155301
2.35055e-10	-0.00155553
2.35126e-10	-0.00155804
2.35197e-10	-0.00156056
2.35268e-10	-0.00156308
2.35339e-10	-0.00156559
2.3541e-10	-0.00156811
2.35481e-10	-0.00157062
2.35552e-10	-0.00157314
2.35623e-10	-0.00157566
2.35694e-10	-0.00157817
2.35764e-10	-0.00158069
2.35835e-10	-0.0015832
2.35906e-10	-0.00158572
2.35977e-10	-0.00158824
2.36048e-10	-0.00159075
2.36119e-10	-0.00159327
2.3619e-10	-0.00159578
2.36261e-10	-0.0015983
2.36332e-10	-0.00160082
2.36403e-10	-0.00160333
2.36474e-10	-0.00160585
2.36545e-10	-0.00160836
2.36616e-10	-0.00161088
2.36687e-10	-0.00161339
2.36757e-10	-0.00161591
2.36828e-10	-0.00161842
2.36899e-10	-0.00162094
2.3697e-10	-0.00162345
2.37041e-10	-0.00162597
2.37112e-10	-0.00162848
2.37183e-10	-0.001631
2.37254e-10	-0.00163351
2.37325e-10	-0.00163603
2.37396e-10	-0.00163854
2.37467e-10	-0.00164105
2.37538e-10	-0.00164357
2.37609e-10	-0.00164608
2.3768e-10	-0.00164859
2.3775e-10	-0.00165111
2.37821e-10	-0.00165362
2.37892e-10	-0.00165613
2.37963e-10	-0.00165864
2.38034e-10	-0.00166116
2.38105e-10	-0.00166367
2.38176e-10	-0.00166618
2.38247e-10	-0.00166869
2.38318e-10	-0.0016712
2.38389e-10	-0.00167371
2.3846e-10	-0.00167622
2.38531e-10	-0.00167874
2.38602e-10	-0.00168125
2.38673e-10	-0.00168376
2.38743e-10	-0.00168626
2.38814e-10	-0.00168877
2.38885e-10	-0.00169128
2.38956e-10	-0.00169379
2.39027e-10	-0.0016963
2.39098e-10	-0.00169881
2.39169e-10	-0.00170132
2.3924e-10	-0.00170382
2.39311e-10	-0.00170633
2.39382e-10	-0.00170884
2.39453e-10	-0.00171134
2.39524e-10	-0.00171385
2.39595e-10	-0.00171636
2.39666e-10	-0.00171886
2.39736e-10	-0.00172137
2.39807e-10	-0.00172387
2.39878e-10	-0.00172638
2.39949e-10	-0.00172888
2.4002e-10	-0.00173138
2.40091e-10	-0.00173389
2.40162e-10	-0.00173639
2.40233e-10	-0.00173889
2.40304e-10	-0.00174139
2.40375e-10	-0.00174389
2.40446e-10	-0.00174639
2.40517e-10	-0.00174889
2.40588e-10	-0.00175139
2.40659e-10	-0.00175389
2.40729e-10	-0.00175639
2.408e-10	-0.00175889
2.40871e-10	-0.00176139
2.40942e-10	-0.00176389
2.41013e-10	-0.00176638
2.41084e-10	-0.00176888
2.41155e-10	-0.00177138
2.41226e-10	-0.00177387
2.41297e-10	-0.00177637
2.41368e-10	-0.00177886
2.41439e-10	-0.00178136
2.4151e-10	-0.00178385
2.41581e-10	-0.00178634
2.41651e-10	-0.00178883
2.41722e-10	-0.00179133
2.41793e-10	-0.00179382
2.41864e-10	-0.00179631
2.41935e-10	-0.0017988
2.42006e-10	-0.00180129
2.42077e-10	-0.00180378
2.42148e-10	-0.00180626
2.42219e-10	-0.00180875
2.4229e-10	-0.00181124
2.42361e-10	-0.00181373
2.42432e-10	-0.00181621
2.42503e-10	-0.0018187
2.42574e-10	-0.00182118
2.42644e-10	-0.00182366
2.42715e-10	-0.00182615
2.42786e-10	-0.00182863
2.42857e-10	-0.00183111
2.42928e-10	-0.00183359
2.42999e-10	-0.00183607
2.4307e-10	-0.00183855
2.43141e-10	-0.00184103
2.43212e-10	-0.00184351
2.43283e-10	-0.00184599
2.43354e-10	-0.00184846
2.43425e-10	-0.00185094
2.43496e-10	-0.00185342
2.43567e-10	-0.00185589
2.43637e-10	-0.00185836
2.43708e-10	-0.00186084
2.43779e-10	-0.00186331
2.4385e-10	-0.00186578
2.43921e-10	-0.00186825
2.43992e-10	-0.00187072
2.44063e-10	-0.00187319
2.44134e-10	-0.00187566
2.44205e-10	-0.00187813
2.44276e-10	-0.00188059
2.44347e-10	-0.00188306
2.44418e-10	-0.00188552
2.44489e-10	-0.00188799
2.4456e-10	-0.00189045
2.4463e-10	-0.00189291
2.44701e-10	-0.00189538
2.44772e-10	-0.00189784
2.44843e-10	-0.0019003
2.44914e-10	-0.00190276
2.44985e-10	-0.00190521
2.45056e-10	-0.00190767
2.45127e-10	-0.00191013
2.45198e-10	-0.00191258
2.45269e-10	-0.00191504
2.4534e-10	-0.00191749
2.45411e-10	-0.00191994
2.45482e-10	-0.00192239
2.45553e-10	-0.00192485
2.45623e-10	-0.0019273
2.45694e-10	-0.00192974
2.45765e-10	-0.00193219
2.45836e-10	-0.00193464
2.45907e-10	-0.00193708
2.45978e-10	-0.00193953
2.46049e-10	-0.00194197
2.4612e-10	-0.00194442
2.46191e-10	-0.00194686
2.46262e-10	-0.0019493
2.46333e-10	-0.00195174
2.46404e-10	-0.00195418
2.46475e-10	-0.00195662
2.46546e-10	-0.00195905
2.46616e-10	-0.00196149
2.46687e-10	-0.00196392
2.46758e-10	-0.00196636
2.46829e-10	-0.00196879
2.469e-10	-0.00197122
2.46971e-10	-0.00197365
2.47042e-10	-0.00197608
2.47113e-10	-0.00197851
2.47184e-10	-0.00198093
2.47255e-10	-0.00198336
2.47326e-10	-0.00198578
2.47397e-10	-0.00198821
2.47468e-10	-0.00199063
2.47539e-10	-0.00199305
2.47609e-10	-0.00199547
2.4768e-10	-0.00199789
2.47751e-10	-0.00200031
2.47822e-10	-0.00200272
2.47893e-10	-0.00200514
2.47964e-10	-0.00200755
2.48035e-10	-0.00200997
2.48106e-10	-0.00201238
2.48177e-10	-0.00201479
2.48248e-10	-0.0020172
2.48319e-10	-0.00201961
2.4839e-10	-0.00202201
2.48461e-10	-0.00202442
2.48532e-10	-0.00202682
2.48602e-10	-0.00202922
2.48673e-10	-0.00203163
2.48744e-10	-0.00203403
2.48815e-10	-0.00203643
2.48886e-10	-0.00203882
2.48957e-10	-0.00204122
2.49028e-10	-0.00204362
2.49099e-10	-0.00204601
2.4917e-10	-0.0020484
2.49241e-10	-0.00205079
2.49312e-10	-0.00205318
2.49383e-10	-0.00205557
2.49454e-10	-0.00205796
2.49524e-10	-0.00206034
2.49595e-10	-0.00206273
2.49666e-10	-0.00206511
2.49737e-10	-0.00206749
2.49808e-10	-0.00206987
2.49879e-10	-0.00207225
2.4995e-10	-0.00207463
2.50021e-10	-0.002077
2.50092e-10	-0.00207938
2.50163e-10	-0.00208175
2.50234e-10	-0.00208412
2.50305e-10	-0.00208649
2.50376e-10	-0.00208886
2.50447e-10	-0.00209123
2.50517e-10	-0.00209359
2.50588e-10	-0.00209596
2.50659e-10	-0.00209832
2.5073e-10	-0.00210068
2.50801e-10	-0.00210304
2.50872e-10	-0.0021054
2.50943e-10	-0.00210776
2.51014e-10	-0.00211011
2.51085e-10	-0.00211247
2.51156e-10	-0.00211482
2.51227e-10	-0.00211717
2.51298e-10	-0.00211952
2.51369e-10	-0.00212186
2.5144e-10	-0.00212421
2.5151e-10	-0.00212655
2.51581e-10	-0.0021289
2.51652e-10	-0.00213124
2.51723e-10	-0.00213358
2.51794e-10	-0.00213591
2.51865e-10	-0.00213825
2.51936e-10	-0.00214058
2.52007e-10	-0.00214292
2.52078e-10	-0.00214525
2.52149e-10	-0.00214758
2.5222e-10	-0.00214991
2.52291e-10	-0.00215223
2.52362e-10	-0.00215456
2.52433e-10	-0.00215688
2.52503e-10	-0.0021592
2.52574e-10	-0.00216152
2.52645e-10	-0.00216384
2.52716e-10	-0.00216615
2.52787e-10	-0.00216847
2.52858e-10	-0.00217078
2.52929e-10	-0.00217309
2.53e-10	-0.0021754
2.53071e-10	-0.00217771
2.53142e-10	-0.00218001
2.53213e-10	-0.00218231
2.53284e-10	-0.00218462
2.53355e-10	-0.00218692
2.53426e-10	-0.00218921
2.53496e-10	-0.00219151
2.53567e-10	-0.00219381
2.53638e-10	-0.0021961
2.53709e-10	-0.00219839
2.5378e-10	-0.00220068
2.53851e-10	-0.00220296
2.53922e-10	-0.00220525
2.53993e-10	-0.00220753
2.54064e-10	-0.00220981
2.54135e-10	-0.00221209
2.54206e-10	-0.00221437
2.54277e-10	-0.00221665
2.54348e-10	-0.00221892
2.54419e-10	-0.00222119
2.54489e-10	-0.00222346
2.5456e-10	-0.00222573
2.54631e-10	-0.002228
2.54702e-10	-0.00223026
2.54773e-10	-0.00223252
2.54844e-10	-0.00223478
2.54915e-10	-0.00223704
2.54986e-10	-0.0022393
2.55057e-10	-0.00224155
2.55128e-10	-0.0022438
2.55199e-10	-0.00224605
2.5527e-10	-0.0022483
2.55341e-10	-0.00225055
2.55412e-10	-0.00225279
2.55482e-10	-0.00225504
2.55553e-10	-0.00225728
2.55624e-10	-0.00225951
2.55695e-10	-0.00226175
2.55766e-10	-0.00226398
2.55837e-10	-0.00226621
2.55908e-10	-0.00226844
2.55979e-10	-0.00227067
2.5605e-10	-0.0022729
2.56121e-10	-0.00227512
2.56192e-10	-0.00227734
2.56263e-10	-0.00227956
2.56334e-10	-0.00228178
2.56405e-10	-0.00228399
2.56475e-10	-0.0022862
2.56546e-10	-0.00228841
2.56617e-10	-0.00229062
2.56688e-10	-0.00229283
2.56759e-10	-0.00229503
2.5683e-10	-0.00229723
2.56901e-10	-0.00229943
2.56972e-10	-0.00230163
2.57043e-10	-0.00230382
2.57114e-10	-0.00230602
2.57185e-10	-0.00230821
2.57256e-10	-0.0023104
2.57327e-10	-0.00231258
2.57397e-10	-0.00231477
2.57468e-10	-0.00231695
2.57539e-10	-0.00231913
2.5761e-10	-0.0023213
2.57681e-10	-0.00232348
2.57752e-10	-0.00232565
2.57823e-10	-0.00232782
2.57894e-10	-0.00232999
2.57965e-10	-0.00233215
2.58036e-10	-0.00233431
2.58107e-10	-0.00233647
2.58178e-10	-0.00233863
2.58249e-10	-0.00234079
2.5832e-10	-0.00234294
2.5839e-10	-0.00234509
2.58461e-10	-0.00234724
2.58532e-10	-0.00234939
2.58603e-10	-0.00235153
2.58674e-10	-0.00235367
2.58745e-10	-0.00235581
2.58816e-10	-0.00235794
2.58887e-10	-0.00236008
2.58958e-10	-0.00236221
2.59029e-10	-0.00236434
2.591e-10	-0.00236646
2.59171e-10	-0.00236859
2.59242e-10	-0.00237071
2.59313e-10	-0.00237283
2.59383e-10	-0.00237494
2.59454e-10	-0.00237706
2.59525e-10	-0.00237917
2.59596e-10	-0.00238128
2.59667e-10	-0.00238338
2.59738e-10	-0.00238549
2.59809e-10	-0.00238759
2.5988e-10	-0.00238969
2.59951e-10	-0.00239178
2.60022e-10	-0.00239388
2.60093e-10	-0.00239597
2.60164e-10	-0.00239806
2.60235e-10	-0.00240014
2.60306e-10	-0.00240222
2.60376e-10	-0.0024043
2.60447e-10	-0.00240638
2.60518e-10	-0.00240846
2.60589e-10	-0.00241053
2.6066e-10	-0.0024126
2.60731e-10	-0.00241466
2.60802e-10	-0.00241673
2.60873e-10	-0.00241879
2.60944e-10	-0.00242085
2.61015e-10	-0.0024229
2.61086e-10	-0.00242496
2.61157e-10	-0.00242701
2.61228e-10	-0.00242906
2.61299e-10	-0.0024311
2.61369e-10	-0.00243314
2.6144e-10	-0.00243518
2.61511e-10	-0.00243722
2.61582e-10	-0.00243925
2.61653e-10	-0.00244128
2.61724e-10	-0.00244331
2.61795e-10	-0.00244534
2.61866e-10	-0.00244736
2.61937e-10	-0.00244938
2.62008e-10	-0.0024514
2.62079e-10	-0.00245341
2.6215e-10	-0.00245542
2.62221e-10	-0.00245743
2.62292e-10	-0.00245944
2.62362e-10	-0.00246144
2.62433e-10	-0.00246344
2.62504e-10	-0.00246543
2.62575e-10	-0.00246743
2.62646e-10	-0.00246942
2.62717e-10	-0.00247141
2.62788e-10	-0.00247339
2.62859e-10	-0.00247537
2.6293e-10	-0.00247735
2.63001e-10	-0.00247933
2.63072e-10	-0.0024813
2.63143e-10	-0.00248327
2.63214e-10	-0.00248524
2.63285e-10	-0.0024872
2.63355e-10	-0.00248917
2.63426e-10	-0.00249112
2.63497e-10	-0.00249308
2.63568e-10	-0.00249503
2.63639e-10	-0.00249698
2.6371e-10	-0.00249893
2.63781e-10	-0.00250087
2.63852e-10	-0.00250281
2.63923e-10	-0.00250474
2.63994e-10	-0.00250668
2.64065e-10	-0.00250861
2.64136e-10	-0.00251054
2.64207e-10	-0.00251246
2.64278e-10	-0.00251438
2.64348e-10	-0.0025163
2.64419e-10	-0.00251821
2.6449e-10	-0.00252013
2.64561e-10	-0.00252203
2.64632e-10	-0.00252394
2.64703e-10	-0.00252584
2.64774e-10	-0.00252774
2.64845e-10	-0.00252964
2.64916e-10	-0.00253153
2.64987e-10	-0.00253342
2.65058e-10	-0.0025353
2.65129e-10	-0.00253719
2.652e-10	-0.00253907
2.6527e-10	-0.00254094
2.65341e-10	-0.00254282
2.65412e-10	-0.00254469
2.65483e-10	-0.00254655
2.65554e-10	-0.00254841
2.65625e-10	-0.00255027
2.65696e-10	-0.00255213
2.65767e-10	-0.00255398
2.65838e-10	-0.00255583
2.65909e-10	-0.00255768
2.6598e-10	-0.00255952
2.66051e-10	-0.00256136
2.66122e-10	-0.0025632
2.66193e-10	-0.00256503
2.66263e-10	-0.00256686
2.66334e-10	-0.00256869
2.66405e-10	-0.00257051
2.66476e-10	-0.00257233
2.66547e-10	-0.00257415
2.66618e-10	-0.00257596
2.66689e-10	-0.00257777
2.6676e-10	-0.00257957
2.66831e-10	-0.00258138
2.66902e-10	-0.00258317
2.66973e-10	-0.00258497
2.67044e-10	-0.00258676
2.67115e-10	-0.00258855
2.67186e-10	-0.00259033
2.67256e-10	-0.00259212
2.67327e-10	-0.00259389
2.67398e-10	-0.00259567
2.67469e-10	-0.00259744
2.6754e-10	-0.00259921
2.67611e-10	-0.00260097
2.67682e-10	-0.00260273
2.67753e-10	-0.00260448
2.67824e-10	-0.00260624
2.67895e-10	-0.00260799
2.67966e-10	-0.00260973
2.68037e-10	-0.00261147
2.68108e-10	-0.00261321
2.68179e-10	-0.00261495
2.68249e-10	-0.00261668
2.6832e-10	-0.0026184
2.68391e-10	-0.00262013
2.68462e-10	-0.00262185
2.68533e-10	-0.00262356
2.68604e-10	-0.00262528
2.68675e-10	-0.00262699
2.68746e-10	-0.00262869
2.68817e-10	-0.00263039
2.68888e-10	-0.00263209
2.68959e-10	-0.00263378
2.6903e-10	-0.00263547
2.69101e-10	-0.00263716
2.69172e-10	-0.00263884
2.69242e-10	-0.00264052
2.69313e-10	-0.0026422
2.69384e-10	-0.00264387
2.69455e-10	-0.00264554
2.69526e-10	-0.0026472
2.69597e-10	-0.00264886
2.69668e-10	-0.00265051
2.69739e-10	-0.00265217
2.6981e-10	-0.00265381
2.69881e-10	-0.00265546
2.69952e-10	-0.0026571
2.70023e-10	-0.00265874
2.70094e-10	-0.00266037
2.70165e-10	-0.002662
2.70235e-10	-0.00266362
2.70306e-10	-0.00266524
2.70377e-10	-0.00266686
2.70448e-10	-0.00266847
2.70519e-10	-0.00267008
2.7059e-10	-0.00267169
2.70661e-10	-0.00267329
2.70732e-10	-0.00267489
2.70803e-10	-0.00267648
2.70874e-10	-0.00267807
2.70945e-10	-0.00267965
2.71016e-10	-0.00268123
2.71087e-10	-0.00268281
2.71158e-10	-0.00268438
2.71228e-10	-0.00268595
2.71299e-10	-0.00268752
2.7137e-10	-0.00268908
2.71441e-10	-0.00269064
2.71512e-10	-0.00269219
2.71583e-10	-0.00269374
2.71654e-10	-0.00269528
2.71725e-10	-0.00269682
2.71796e-10	-0.00269836
2.71867e-10	-0.00269989
2.71938e-10	-0.00270142
2.72009e-10	-0.00270294
2.7208e-10	-0.00270446
2.72151e-10	-0.00270598
2.72221e-10	-0.00270749
2.72292e-10	-0.002709
2.72363e-10	-0.0027105
2.72434e-10	-0.002712
2.72505e-10	-0.00271349
2.72576e-10	-0.00271498
2.72647e-10	-0.00271647
2.72718e-10	-0.00271795
2.72789e-10	-0.00271943
2.7286e-10	-0.0027209
2.72931e-10	-0.00272237
2.73002e-10	-0.00272384
2.73073e-10	-0.0027253
2.73144e-10	-0.00272675
2.73214e-10	-0.00272821
2.73285e-10	-0.00272965
2.73356e-10	-0.0027311
2.73427e-10	-0.00273253
2.73498e-10	-0.00273397
2.73569e-10	-0.0027354
2.7364e-10	-0.00273683
2.73711e-10	-0.00273825
2.73782e-10	-0.00273966
2.73853e-10	-0.00274108
2.73924e-10	-0.00274248
2.73995e-10	-0.00274389
2.74066e-10	-0.00274529
2.74136e-10	-0.00274668
2.74207e-10	-0.00274807
2.74278e-10	-0.00274946
2.74349e-10	-0.00275084
2.7442e-10	-0.00275222
2.74491e-10	-0.00275359
2.74562e-10	-0.00275496
2.74633e-10	-0.00275632
2.74704e-10	-0.00275768
2.74775e-10	-0.00275903
2.74846e-10	-0.00276038
2.74917e-10	-0.00276173
2.74988e-10	-0.00276307
2.75059e-10	-0.00276441
2.75129e-10	-0.00276574
2.752e-10	-0.00276707
2.75271e-10	-0.00276839
2.75342e-10	-0.00276971
2.75413e-10	-0.00277102
2.75484e-10	-0.00277233
2.75555e-10	-0.00277363
2.75626e-10	-0.00277493
2.75697e-10	-0.00277623
2.75768e-10	-0.00277752
2.75839e-10	-0.0027788
2.7591e-10	-0.00278008
2.75981e-10	-0.00278136
2.76052e-10	-0.00278263
2.76122e-10	-0.0027839
2.76193e-10	-0.00278516
2.76264e-10	-0.00278642
2.76335e-10	-0.00278767
2.76406e-10	-0.00278892
2.76477e-10	-0.00279016
2.76548e-10	-0.0027914
2.76619e-10	-0.00279263
2.7669e-10	-0.00279386
2.76761e-10	-0.00279508
2.76832e-10	-0.0027963
2.76903e-10	-0.00279751
2.76974e-10	-0.00279872
2.77045e-10	-0.00279993
2.77115e-10	-0.00280113
2.77186e-10	-0.00280232
2.77257e-10	-0.00280351
2.77328e-10	-0.0028047
2.77399e-10	-0.00280588
2.7747e-10	-0.00280705
2.77541e-10	-0.00280822
2.77612e-10	-0.00280939
2.77683e-10	-0.00281055
2.77754e-10	-0.00281171
2.77825e-10	-0.00281286
2.77896e-10	-0.002814
2.77967e-10	-0.00281514
2.78038e-10	-0.00281628
2.78108e-10	-0.00281741
2.78179e-10	-0.00281853
2.7825e-10	-0.00281966
2.78321e-10	-0.00282077
2.78392e-10	-0.00282188
2.78463e-10	-0.00282299
2.78534e-10	-0.00282409
2.78605e-10	-0.00282518
2.78676e-10	-0.00282627
2.78747e-10	-0.00282736
2.78818e-10	-0.00282844
2.78889e-10	-0.00282952
2.7896e-10	-0.00283059
2.79031e-10	-0.00283165
2.79101e-10	-0.00283271
2.79172e-10	-0.00283377
2.79243e-10	-0.00283482
2.79314e-10	-0.00283586
2.79385e-10	-0.0028369
2.79456e-10	-0.00283793
2.79527e-10	-0.00283896
2.79598e-10	-0.00283999
2.79669e-10	-0.002841
2.7974e-10	-0.00284202
2.79811e-10	-0.00284303
2.79882e-10	-0.00284403
2.79953e-10	-0.00284503
2.80024e-10	-0.00284602
2.80094e-10	-0.00284701
2.80165e-10	-0.00284799
2.80236e-10	-0.00284897
2.80307e-10	-0.00284994
2.80378e-10	-0.0028509
2.80449e-10	-0.00285186
2.8052e-10	-0.00285282
2.80591e-10	-0.00285377
2.80662e-10	-0.00285471
2.80733e-10	-0.00285565
2.80804e-10	-0.00285659
2.80875e-10	-0.00285752
2.80946e-10	-0.00285844
2.81017e-10	-0.00285936
2.81087e-10	-0.00286027
2.81158e-10	-0.00286118
2.81229e-10	-0.00286208
2.813e-10	-0.00286298
2.81371e-10	-0.00286387
2.81442e-10	-0.00286475
2.81513e-10	-0.00286563
2.81584e-10	-0.00286651
2.81655e-10	-0.00286738
2.81726e-10	-0.00286824
2.81797e-10	-0.0028691
2.81868e-10	-0.00286995
2.81939e-10	-0.0028708
2.82009e-10	-0.00287164
2.8208e-10	-0.00287248
2.82151e-10	-0.00287331
2.82222e-10	-0.00287413
2.82293e-10	-0.00287495
2.82364e-10	-0.00287577
2.82435e-10	-0.00287657
2.82506e-10	-0.00287738
2.82577e-10	-0.00287817
2.82648e-10	-0.00287896
2.82719e-10	-0.00287975
2.8279e-10	-0.00288053
2.82861e-10	-0.00288131
2.82932e-10	-0.00288207
2.83002e-10	-0.00288284
2.83073e-10	-0.0028836
2.83144e-10	-0.00288435
2.83215e-10	-0.00288509
2.83286e-10	-0.00288583
2.83357e-10	-0.00288657
2.83428e-10	-0.0028873
2.83499e-10	-0.00288802
2.8357e-10	-0.00288874
2.83641e-10	-0.00288945
2.83712e-10	-0.00289016
2.83783e-10	-0.00289086
2.83854e-10	-0.00289155
2.83925e-10	-0.00289224
2.83995e-10	-0.00289293
2.84066e-10	-0.0028936
2.84137e-10	-0.00289427
2.84208e-10	-0.00289494
2.84279e-10	-0.0028956
2.8435e-10	-0.00289625
2.84421e-10	-0.0028969
2.84492e-10	-0.00289754
2.84563e-10	-0.00289818
2.84634e-10	-0.00289881
2.84705e-10	-0.00289944
2.84776e-10	-0.00290005
2.84847e-10	-0.00290067
2.84918e-10	-0.00290127
2.84988e-10	-0.00290187
2.85059e-10	-0.00290247
2.8513e-10	-0.00290306
2.85201e-10	-0.00290364
2.85272e-10	-0.00290422
2.85343e-10	-0.00290479
2.85414e-10	-0.00290536
2.85485e-10	-0.00290591
2.85556e-10	-0.00290647
2.85627e-10	-0.00290701
2.85698e-10	-0.00290756
2.85769e-10	-0.00290809
2.8584e-10	-0.00290862
2.85911e-10	-0.00290914
2.85981e-10	-0.00290966
2.86052e-10	-0.00291017
2.86123e-10	-0.00291068
2.86194e-10	-0.00291117
2.86265e-10	-0.00291167
2.86336e-10	-0.00291215
2.86407e-10	-0.00291263
2.86478e-10	-0.00291311
2.86549e-10	-0.00291358
2.8662e-10	-0.00291404
2.86691e-10	-0.00291449
2.86762e-10	-0.00291494
2.86833e-10	-0.00291539
2.86904e-10	-0.00291582
2.86974e-10	-0.00291625
2.87045e-10	-0.00291668
2.87116e-10	-0.0029171
2.87187e-10	-0.00291751
2.87258e-10	-0.00291792
2.87329e-10	-0.00291832
2.874e-10	-0.00291871
2.87471e-10	-0.0029191
2.87542e-10	-0.00291948
2.87613e-10	-0.00291985
2.87684e-10	-0.00292022
2.87755e-10	-0.00292058
2.87826e-10	-0.00292094
2.87897e-10	-0.00292129
2.87967e-10	-0.00292163
2.88038e-10	-0.00292197
2.88109e-10	-0.0029223
2.8818e-10	-0.00292262
2.88251e-10	-0.00292294
2.88322e-10	-0.00292325
2.88393e-10	-0.00292356
2.88464e-10	-0.00292385
2.88535e-10	-0.00292415
2.88606e-10	-0.00292443
2.88677e-10	-0.00292471
2.88748e-10	-0.00292498
2.88819e-10	-0.00292525
2.8889e-10	-0.00292551
2.8896e-10	-0.00292576
2.89031e-10	-0.00292601
2.89102e-10	-0.00292625
2.89173e-10	-0.00292648
2.89244e-10	-0.00292671
2.89315e-10	-0.00292693
2.89386e-10	-0.00292715
2.89457e-10	-0.00292735
2.89528e-10	-0.00292755
2.89599e-10	-0.00292775
2.8967e-10	-0.00292794
2.89741e-10	-0.00292812
2.89812e-10	-0.00292829
2.89882e-10	-0.00292846
2.89953e-10	-0.00292862
2.90024e-10	-0.00292878
2.90095e-10	-0.00292893
2.90166e-10	-0.00292907
2.90237e-10	-0.0029292
2.90308e-10	-0.00292933
2.90379e-10	-0.00292945
2.9045e-10	-0.00292957
2.90521e-10	-0.00292968
2.90592e-10	-0.00292978
2.90663e-10	-0.00292987
2.90734e-10	-0.00292996
2.90805e-10	-0.00293004
2.90875e-10	-0.00293012
2.90946e-10	-0.00293019
2.91017e-10	-0.00293025
2.91088e-10	-0.0029303
2.91159e-10	-0.00293035
2.9123e-10	-0.00293039
2.91301e-10	-0.00293043
2.91372e-10	-0.00293045
2.91443e-10	-0.00293047
2.91514e-10	-0.00293049
2.91585e-10	-0.0029305
2.91656e-10	-0.0029305
2.91727e-10	-0.00293049
2.91798e-10	-0.00293048
2.91868e-10	-0.00293046
2.91939e-10	-0.00293043
2.9201e-10	-0.00293039
2.92081e-10	-0.00293035
2.92152e-10	-0.0029303
2.92223e-10	-0.00293025
2.92294e-10	-0.00293019
2.92365e-10	-0.00293012
2.92436e-10	-0.00293004
2.92507e-10	-0.00292996
2.92578e-10	-0.00292987
2.92649e-10	-0.00292977
2.9272e-10	-0.00292967
2.92791e-10	-0.00292956
2.92861e-10	-0.00292944
2.92932e-10	-0.00292932
2.93003e-10	-0.00292919
2.93074e-10	-0.00292905
2.93145e-10	-0.0029289
2.93216e-10	-0.00292875
2.93287e-10	-0.00292859
2.93358e-10	-0.00292842
2.93429e-10	-0.00292825
2.935e-10	-0.00292807
2.93571e-10	-0.00292788
2.93642e-10	-0.00292768
2.93713e-10	-0.00292748
2.93784e-10	-0.00292727
2.93854e-10	-0.00292706
2.93925e-10	-0.00292683
2.93996e-10	-0.0029266
2.94067e-10	-0.00292636
2.94138e-10	-0.00292612
2.94209e-10	-0.00292587
2.9428e-10	-0.00292561
2.94351e-10	-0.00292534
2.94422e-10	-0.00292507
2.94493e-10	-0.00292479
2.94564e-10	-0.0029245
2.94635e-10	-0.0029242
2.94706e-10	-0.0029239
2.94777e-10	-0.00292359
2.94847e-10	-0.00292327
2.94918e-10	-0.00292295
2.94989e-10	-0.00292261
2.9506e-10	-0.00292227
2.95131e-10	-0.00292193
2.95202e-10	-0.00292157
2.95273e-10	-0.00292121
2.95344e-10	-0.00292084
2.95415e-10	-0.00292047
2.95486e-10	-0.00292009
2.95557e-10	-0.0029197
2.95628e-10	-0.0029193
2.95699e-10	-0.00291889
2.9577e-10	-0.00291848
2.9584e-10	-0.00291806
2.95911e-10	-0.00291763
2.95982e-10	-0.0029172
2.96053e-10	-0.00291675
2.96124e-10	-0.0029163
2.96195e-10	-0.00291585
2.96266e-10	-0.00291538
2.96337e-10	-0.00291491
2.96408e-10	-0.00291443
2.96479e-10	-0.00291394
2.9655e-10	-0.00291345
2.96621e-10	-0.00291295
2.96692e-10	-0.00291244
2.96763e-10	-0.00291192
2.96833e-10	-0.0029114
2.96904e-10	-0.00291086
2.96975e-10	-0.00291032
2.97046e-10	-0.00290978
2.97117e-10	-0.00290922
2.97188e-10	-0.00290866
2.97259e-10	-0.00290809
2.9733e-10	-0.00290751
2.97401e-10	-0.00290693
2.97472e-10	-0.00290634
2.97543e-10	-0.00290573
2.97614e-10	-0.00290513
2.97685e-10	-0.00290451
2.97755e-10	-0.00290389
2.97826e-10	-0.00290326
2.97897e-10	-0.00290262
2.97968e-10	-0.00290197
2.98039e-10	-0.00290132
2.9811e-10	-0.00290066
2.98181e-10	-0.00289999
2.98252e-10	-0.00289931
2.98323e-10	-0.00289863
2.98394e-10	-0.00289793
2.98465e-10	-0.00289723
2.98536e-10	-0.00289653
2.98607e-10	-0.00289581
2.98678e-10	-0.00289509
2.98748e-10	-0.00289436
2.98819e-10	-0.00289362
2.9889e-10	-0.00289287
2.98961e-10	-0.00289212
2.99032e-10	-0.00289135
2.99103e-10	-0.00289058
2.99174e-10	-0.0028898
2.99245e-10	-0.00288902
2.99316e-10	-0.00288823
2.99387e-10	-0.00288742
2.99458e-10	-0.00288661
2.99529e-10	-0.0028858
2.996e-10	-0.00288497
2.99671e-10	-0.00288414
2.99741e-10	-0.0028833
2.99812e-10	-0.00288245
2.99883e-10	-0.00288159
2.99954e-10	-0.00288073
3.00025e-10	-0.00287986
3.00096e-10	-0.00287898
3.00167e-10	-0.00287809
3.00238e-10	-0.00287719
3.00309e-10	-0.00287629
3.0038e-10	-0.00287537
3.00451e-10	-0.00287445
3.00522e-10	-0.00287353
3.00593e-10	-0.00287259
3.00664e-10	-0.00287164
3.00734e-10	-0.00287069
3.00805e-10	-0.00286973
3.00876e-10	-0.00286876
3.00947e-10	-0.00286779
3.01018e-10	-0.0028668
3.01089e-10	-0.00286581
3.0116e-10	-0.00286481
3.01231e-10	-0.0028638
3.01302e-10	-0.00286278
3.01373e-10	-0.00286176
3.01444e-10	-0.00286073
3.01515e-10	-0.00285968
3.01586e-10	-0.00285864
3.01657e-10	-0.00285758
3.01727e-10	-0.00285651
3.01798e-10	-0.00285544
3.01869e-10	-0.00285436
3.0194e-10	-0.00285327
3.02011e-10	-0.00285217
3.02082e-10	-0.00285106
3.02153e-10	-0.00284995
3.02224e-10	-0.00284882
3.02295e-10	-0.00284769
3.02366e-10	-0.00284655
3.02437e-10	-0.00284541
3.02508e-10	-0.00284425
3.02579e-10	-0.00284309
3.0265e-10	-0.00284192
3.0272e-10	-0.00284073
3.02791e-10	-0.00283955
3.02862e-10	-0.00283835
3.02933e-10	-0.00283714
3.03004e-10	-0.00283593
3.03075e-10	-0.00283471
3.03146e-10	-0.00283348
3.03217e-10	-0.00283224
3.03288e-10	-0.00283099
3.03359e-10	-0.00282974
3.0343e-10	-0.00282847
3.03501e-10	-0.0028272
3.03572e-10	-0.00282592
3.03643e-10	-0.00282463
3.03713e-10	-0.00282334
3.03784e-10	-0.00282203
3.03855e-10	-0.00282072
3.03926e-10	-0.00281939
3.03997e-10	-0.00281806
3.04068e-10	-0.00281672
3.04139e-10	-0.00281538
3.0421e-10	-0.00281402
3.04281e-10	-0.00281266
3.04352e-10	-0.00281128
3.04423e-10	-0.0028099
3.04494e-10	-0.00280851
3.04565e-10	-0.00280711
3.04636e-10	-0.00280571
3.04706e-10	-0.00280429
3.04777e-10	-0.00280287
3.04848e-10	-0.00280144
3.04919e-10	-0.0028
3.0499e-10	-0.00279855
3.05061e-10	-0.00279709
3.05132e-10	-0.00279562
3.05203e-10	-0.00279415
3.05274e-10	-0.00279266
3.05345e-10	-0.00279117
3.05416e-10	-0.00278967
3.05487e-10	-0.00278816
3.05558e-10	-0.00278664
3.05628e-10	-0.00278512
3.05699e-10	-0.00278358
3.0577e-10	-0.00278204
3.05841e-10	-0.00278049
3.05912e-10	-0.00277892
3.05983e-10	-0.00277735
3.06054e-10	-0.00277578
3.06125e-10	-0.00277419
3.06196e-10	-0.00277259
3.06267e-10	-0.00277099
3.06338e-10	-0.00276938
3.06409e-10	-0.00276775
3.0648e-10	-0.00276612
3.06551e-10	-0.00276448
3.06621e-10	-0.00276284
3.06692e-10	-0.00276118
3.06763e-10	-0.00275951
3.06834e-10	-0.00275784
3.06905e-10	-0.00275616
3.06976e-10	-0.00275447
3.07047e-10	-0.00275277
3.07118e-10	-0.00275106
3.07189e-10	-0.00274934
3.0726e-10	-0.00274761
3.07331e-10	-0.00274588
3.07402e-10	-0.00274413
3.07473e-10	-0.00274238
3.07544e-10	-0.00274062
3.07614e-10	-0.00273884
3.07685e-10	-0.00273707
3.07756e-10	-0.00273528
3.07827e-10	-0.00273348
3.07898e-10	-0.00273167
3.07969e-10	-0.00272986
3.0804e-10	-0.00272803
3.08111e-10	-0.0027262
3.08182e-10	-0.00272436
3.08253e-10	-0.00272251
3.08324e-10	-0.00272065
3.08395e-10	-0.00271878
3.08466e-10	-0.0027169
3.08537e-10	-0.00271502
3.08607e-10	-0.00271312
3.08678e-10	-0.00271122
3.08749e-10	-0.0027093
3.0882e-10	-0.00270738
3.08891e-10	-0.00270545
3.08962e-10	-0.00270351
3.09033e-10	-0.00270156
3.09104e-10	-0.0026996
3.09175e-10	-0.00269763
3.09246e-10	-0.00269566
3.09317e-10	-0.00269367
3.09388e-10	-0.00269168
3.09459e-10	-0.00268967
3.0953e-10	-0.00268766
3.096e-10	-0.00268564
3.09671e-10	-0.00268361
3.09742e-10	-0.00268157
3.09813e-10	-0.00267952
3.09884e-10	-0.00267746
3.09955e-10	-0.0026754
3.10026e-10	-0.00267332
3.10097e-10	-0.00267124
3.10168e-10	-0.00266914
3.10239e-10	-0.00266704
3.1031e-10	-0.00266493
3.10381e-10	-0.0026628
3.10452e-10	-0.00266067
3.10523e-10	-0.00265853
3.10593e-10	-0.00265639
3.10664e-10	-0.00265423
3.10735e-10	-0.00265206
3.10806e-10	-0.00264988
3.10877e-10	-0.0026477
3.10948e-10	-0.0026455
3.11019e-10	-0.0026433
3.1109e-10	-0.00264109
3.11161e-10	-0.00263886
3.11232e-10	-0.00263663
3.11303e-10	-0.00263439
3.11374e-10	-0.00263214
3.11445e-10	-0.00262988
3.11516e-10	-0.00262761
3.11586e-10	-0.00262533
3.11657e-10	-0.00262305
3.11728e-10	-0.00262075
3.11799e-10	-0.00261844
3.1187e-10	-0.00261613
3.11941e-10	-0.0026138
3.12012e-10	-0.00261147
3.12083e-10	-0.00260913
3.12154e-10	-0.00260677
3.12225e-10	-0.00260441
3.12296e-10	-0.00260204
3.12367e-10	-0.00259966
3.12438e-10	-0.00259727
3.12509e-10	-0.00259487
3.12579e-10	-0.00259246
3.1265e-10	-0.00259005
3.12721e-10	-0.00258762
3.12792e-10	-0.00258518
3.12863e-10	-0.00258274
3.12934e-10	-0.00258028
3.13005e-10	-0.00257782
3.13076e-10	-0.00257534
3.13147e-10	-0.00257286
3.13218e-10	-0.00257037
3.13289e-10	-0.00256786
3.1336e-10	-0.00256535
3.13431e-10	-0.00256283
3.13501e-10	-0.0025603
3.13572e-10	-0.00255776
3.13643e-10	-0.00255521
3.13714e-10	-0.00255265
3.13785e-10	-0.00255008
3.13856e-10	-0.0025475
3.13927e-10	-0.00254492
3.13998e-10	-0.00254232
3.14069e-10	-0.00253971
3.1414e-10	-0.0025371
3.14211e-10	-0.00253447
3.14282e-10	-0.00253183
3.14353e-10	-0.00252919
3.14424e-10	-0.00252654
3.14494e-10	-0.00252387
3.14565e-10	-0.0025212
3.14636e-10	-0.00251852
3.14707e-10	-0.00251582
3.14778e-10	-0.00251312
3.14849e-10	-0.00251041
3.1492e-10	-0.00250769
3.14991e-10	-0.00250496
3.15062e-10	-0.00250222
3.15133e-10	-0.00249947
3.15204e-10	-0.00249671
3.15275e-10	-0.00249394
3.15346e-10	-0.00249116
3.15417e-10	-0.00248837
3.15487e-10	-0.00248557
3.15558e-10	-0.00248276
3.15629e-10	-0.00247995
3.157e-10	-0.00247712
3.15771e-10	-0.00247428
3.15842e-10	-0.00247143
3.15913e-10	-0.00246858
3.15984e-10	-0.00246571
3.16055e-10	-0.00246284
3.16126e-10	-0.00245995
3.16197e-10	-0.00245706
3.16268e-10	-0.00245415
3.16339e-10	-0.00245124
3.1641e-10	-0.00244831
3.1648e-10	-0.00244538
3.16551e-10	-0.00244244
3.16622e-10	-0.00243948
3.16693e-10	-0.00243652
3.16764e-10	-0.00243355
3.16835e-10	-0.00243056
3.16906e-10	-0.00242757
3.16977e-10	-0.00242457
3.17048e-10	-0.00242156
3.17119e-10	-0.00241853
3.1719e-10	-0.0024155
3.17261e-10	-0.00241246
3.17332e-10	-0.00240941
3.17403e-10	-0.00240635
3.17473e-10	-0.00240328
3.17544e-10	-0.0024002
3.17615e-10	-0.00239711
3.17686e-10	-0.00239401
3.17757e-10	-0.0023909
3.17828e-10	-0.00238778
3.17899e-10	-0.00238465
3.1797e-10	-0.00238151
3.18041e-10	-0.00237836
3.18112e-10	-0.0023752
3.18183e-10	-0.00237203
3.18254e-10	-0.00236885
3.18325e-10	-0.00236566
3.18396e-10	-0.00236246
3.18466e-10	-0.00235925
3.18537e-10	-0.00235603
3.18608e-10	-0.0023528
3.18679e-10	-0.00234956
3.1875e-10	-0.00234632
3.18821e-10	-0.00234306
3.18892e-10	-0.00233979
3.18963e-10	-0.00233651
3.19034e-10	-0.00233322
3.19105e-10	-0.00232992
3.19176e-10	-0.00232662
3.19247e-10	-0.0023233
3.19318e-10	-0.00231997
3.19389e-10	-0.00231663
3.19459e-10	-0.00231328
3.1953e-10	-0.00230992
3.19601e-10	-0.00230656
3.19672e-10	-0.00230318
3.19743e-10	-0.00229979
3.19814e-10	-0.00229639
3.19885e-10	-0.00229298
3.19956e-10	-0.00228956
3.20027e-10	-0.00228614
3.20098e-10	-0.0022827
3.20169e-10	-0.00227925
3.2024e-10	-0.00227579
3.20311e-10	-0.00227232
3.20382e-10	-0.00226884
3.20452e-10	-0.00226535
3.20523e-10	-0.00226186
3.20594e-10	-0.00225835
3.20665e-10	-0.00225483
3.20736e-10	-0.0022513
3.20807e-10	-0.00224776
3.20878e-10	-0.00224421
3.20949e-10	-0.00224065
3.2102e-10	-0.00223708
3.21091e-10	-0.0022335
3.21162e-10	-0.00222991
3.21233e-10	-0.00222631
3.21304e-10	-0.0022227
3.21375e-10	-0.00221908
3.21445e-10	-0.00221545
3.21516e-10	-0.00221181
3.21587e-10	-0.00220816
3.21658e-10	-0.0022045
3.21729e-10	-0.00220083
3.218e-10	-0.00219715
3.21871e-10	-0.00219346
3.21942e-10	-0.00218976
3.22013e-10	-0.00218605
3.22084e-10	-0.00218233
3.22155e-10	-0.00217859
3.22226e-10	-0.00217485
3.22297e-10	-0.0021711
3.22367e-10	-0.00216734
3.22438e-10	-0.00216357
3.22509e-10	-0.00215978
3.2258e-10	-0.00215599
3.22651e-10	-0.00215219
3.22722e-10	-0.00214837
3.22793e-10	-0.00214455
3.22864e-10	-0.00214072
3.22935e-10	-0.00213687
3.23006e-10	-0.00213302
3.23077e-10	-0.00212915
3.23148e-10	-0.00212528
3.23219e-10	-0.00212139
3.2329e-10	-0.0021175
3.2336e-10	-0.00211359
3.23431e-10	-0.00210968
3.23502e-10	-0.00210575
3.23573e-10	-0.00210181
3.23644e-10	-0.00209787
3.23715e-10	-0.00209391
3.23786e-10	-0.00208994
3.23857e-10	-0.00208596
3.23928e-10	-0.00208198
3.23999e-10	-0.00207798
3.2407e-10	-0.00207397
3.24141e-10	-0.00206995
3.24212e-10	-0.00206592
3.24283e-10	-0.00206188
3.24353e-10	-0.00205783
3.24424e-10	-0.00205377
3.24495e-10	-0.0020497
3.24566e-10	-0.00204562
3.24637e-10	-0.00204153
3.24708e-10	-0.00203743
3.24779e-10	-0.00203331
3.2485e-10	-0.00202919
3.24921e-10	-0.00202506
3.24992e-10	-0.00202092
3.25063e-10	-0.00201676
3.25134e-10	-0.0020126
3.25205e-10	-0.00200842
3.25276e-10	-0.00200424
3.25346e-10	-0.00200004
3.25417e-10	-0.00199584
3.25488e-10	-0.00199162
3.25559e-10	-0.0019874
3.2563e-10	-0.00198316
3.25701e-10	-0.00197891
3.25772e-10	-0.00197465
3.25843e-10	-0.00197039
3.25914e-10	-0.00196611
3.25985e-10	-0.00196182
3.26056e-10	-0.00195752
3.26127e-10	-0.00195321
3.26198e-10	-0.00194889
3.26269e-10	-0.00194456
3.26339e-10	-0.00194022
3.2641e-10	-0.00193587
3.26481e-10	-0.0019315
3.26552e-10	-0.00192713
3.26623e-10	-0.00192275
3.26694e-10	-0.00191836
3.26765e-10	-0.00191395
3.26836e-10	-0.00190954
3.26907e-10	-0.00190511
3.26978e-10	-0.00190068
3.27049e-10	-0.00189623
3.2712e-10	-0.00189178
3.27191e-10	-0.00188731
3.27262e-10	-0.00188283
3.27332e-10	-0.00187834
3.27403e-10	-0.00187385
3.27474e-10	-0.00186934
3.27545e-10	-0.00186482
3.27616e-10	-0.00186029
3.27687e-10	-0.00185575
3.27758e-10	-0.0018512
3.27829e-10	-0.00184663
3.279e-10	-0.00184206
3.27971e-10	-0.00183748
3.28042e-10	-0.00183289
3.28113e-10	-0.00182828
3.28184e-10	-0.00182367
3.28255e-10	-0.00181904
3.28325e-10	-0.00181441
3.28396e-10	-0.00180976
3.28467e-10	-0.00180511
3.28538e-10	-0.00180044
3.28609e-10	-0.00179576
3.2868e-10	-0.00179108
3.28751e-10	-0.00178638
3.28822e-10	-0.00178167
3.28893e-10	-0.00177695
3.28964e-10	-0.00177222
3.29035e-10	-0.00176748
3.29106e-10	-0.00176273
3.29177e-10	-0.00175796
3.29248e-10	-0.00175319
3.29318e-10	-0.00174841
3.29389e-10	-0.00174361
3.2946e-10	-0.00173881
3.29531e-10	-0.00173399
3.29602e-10	-0.00172917
3.29673e-10	-0.00172433
3.29744e-10	-0.00171948
3.29815e-10	-0.00171463
3.29886e-10	-0.00170976
3.29957e-10	-0.00170488
3.30028e-10	-0.00169999
3.30099e-10	-0.00169509
3.3017e-10	-0.00169018
3.3024e-10	-0.00168526
3.30311e-10	-0.00168033
3.30382e-10	-0.00167538
3.30453e-10	-0.00167043
3.30524e-10	-0.00166547
3.30595e-10	-0.00166049
3.30666e-10	-0.00165551
3.30737e-10	-0.00165051
3.30808e-10	-0.00164551
3.30879e-10	-0.00164049
3.3095e-10	-0.00163546
3.31021e-10	-0.00163042
3.31092e-10	-0.00162537
3.31163e-10	-0.00162031
3.31233e-10	-0.00161524
3.31304e-10	-0.00161016
3.31375e-10	-0.00160507
3.31446e-10	-0.00159997
3.31517e-10	-0.00159485
3.31588e-10	-0.00158973
3.31659e-10	-0.0015846
3.3173e-10	-0.00157945
3.31801e-10	-0.00157429
3.31872e-10	-0.00156913
3.31943e-10	-0.00156395
3.32014e-10	-0.00155876
3.32085e-10	-0.00155356
3.32156e-10	-0.00154835
3.32226e-10	-0.00154313
3.32297e-10	-0.0015379
3.32368e-10	-0.00153266
3.32439e-10	-0.00152741
3.3251e-10	-0.00152215
3.32581e-10	-0.00151687
3.32652e-10	-0.00151159
3.32723e-10	-0.00150629
3.32794e-10	-0.00150099
3.32865e-10	-0.00149567
3.32936e-10	-0.00149034
3.33007e-10	-0.00148501
3.33078e-10	-0.00147966
3.33149e-10	-0.0014743
3.33219e-10	-0.00146893
3.3329e-10	-0.00146355
3.33361e-10	-0.00145816
3.33432e-10	-0.00145275
3.33503e-10	-0.00144734
3.33574e-10	-0.00144192
3.33645e-10	-0.00143648
3.33716e-10	-0.00143104
3.33787e-10	-0.00142558
3.33858e-10	-0.00142011
3.33929e-10	-0.00141464
3.34e-10	-0.00140915
3.34071e-10	-0.00140365
3.34142e-10	-0.00139814
3.34212e-10	-0.00139262
3.34283e-10	-0.00138709
3.34354e-10	-0.00138155
3.34425e-10	-0.00137599
3.34496e-10	-0.00137043
3.34567e-10	-0.00136486
3.34638e-10	-0.00135927
3.34709e-10	-0.00135367
3.3478e-10	-0.00134807
3.34851e-10	-0.00134245
3.34922e-10	-0.00133682
3.34993e-10	-0.00133118
3.35064e-10	-0.00132553
3.35135e-10	-0.00131987
3.35205e-10	-0.0013142
3.35276e-10	-0.00130852
3.35347e-10	-0.00130283
3.35418e-10	-0.00129712
3.35489e-10	-0.00129141
3.3556e-10	-0.00128568
3.35631e-10	-0.00127995
3.35702e-10	-0.0012742
3.35773e-10	-0.00126845
3.35844e-10	-0.00126268
3.35915e-10	-0.0012569
3.35986e-10	-0.00125111
3.36057e-10	-0.00124531
3.36128e-10	-0.0012395
3.36198e-10	-0.00123367
3.36269e-10	-0.00122784
3.3634e-10	-0.001222
3.36411e-10	-0.00121614
3.36482e-10	-0.00121028
3.36553e-10	-0.0012044
3.36624e-10	-0.00119852
3.36695e-10	-0.00119262
3.36766e-10	-0.00118671
3.36837e-10	-0.00118079
3.36908e-10	-0.00117486
3.36979e-10	-0.00116892
3.3705e-10	-0.00116297
3.37121e-10	-0.00115701
3.37191e-10	-0.00115103
3.37262e-10	-0.00114505
3.37333e-10	-0.00113905
3.37404e-10	-0.00113305
3.37475e-10	-0.00112703
3.37546e-10	-0.00112101
3.37617e-10	-0.00111497
3.37688e-10	-0.00110892
3.37759e-10	-0.00110286
3.3783e-10	-0.00109679
3.37901e-10	-0.00109071
3.37972e-10	-0.00108462
3.38043e-10	-0.00107851
3.38113e-10	-0.0010724
3.38184e-10	-0.00106628
3.38255e-10	-0.00106014
3.38326e-10	-0.001054
3.38397e-10	-0.00104784
3.38468e-10	-0.00104167
3.38539e-10	-0.00103549
3.3861e-10	-0.00102931
3.38681e-10	-0.00102311
3.38752e-10	-0.0010169
3.38823e-10	-0.00101067
3.38894e-10	-0.00100444
3.38965e-10	-0.000998199
3.39036e-10	-0.000991945
3.39106e-10	-0.00098568
3.39177e-10	-0.000979405
3.39248e-10	-0.000973119
3.39319e-10	-0.000966822
3.3939e-10	-0.000960515
3.39461e-10	-0.000954196
3.39532e-10	-0.000947867
3.39603e-10	-0.000941527
3.39674e-10	-0.000935176
3.39745e-10	-0.000928814
3.39816e-10	-0.000922442
3.39887e-10	-0.000916059
3.39958e-10	-0.000909665
3.40029e-10	-0.00090326
3.40099e-10	-0.000896845
3.4017e-10	-0.000890418
3.40241e-10	-0.000883981
3.40312e-10	-0.000877533
3.40383e-10	-0.000871075
3.40454e-10	-0.000864605
3.40525e-10	-0.000858125
3.40596e-10	-0.000851634
3.40667e-10	-0.000845132
3.40738e-10	-0.000838619
3.40809e-10	-0.000832096
3.4088e-10	-0.000825562
3.40951e-10	-0.000819017
3.41022e-10	-0.000812461
3.41092e-10	-0.000805895
3.41163e-10	-0.000799318
3.41234e-10	-0.00079273
3.41305e-10	-0.000786131
3.41376e-10	-0.000779521
3.41447e-10	-0.000772901
3.41518e-10	-0.00076627
3.41589e-10	-0.000759628
3.4166e-10	-0.000752975
3.41731e-10	-0.000746312
3.41802e-10	-0.000739638
3.41873e-10	-0.000732953
3.41944e-10	-0.000726257
3.42015e-10	-0.000719551
3.42085e-10	-0.000712834
3.42156e-10	-0.000706106
3.42227e-10	-0.000699367
3.42298e-10	-0.000692618
3.42369e-10	-0.000685857
3.4244e-10	-0.000679086
3.42511e-10	-0.000672305
3.42582e-10	-0.000665512
3.42653e-10	-0.000658709
3.42724e-10	-0.000651895
3.42795e-10	-0.000645071
3.42866e-10	-0.000638235
3.42937e-10	-0.000631389
3.43008e-10	-0.000624532
3.43078e-10	-0.000617664
3.43149e-10	-0.000610786
3.4322e-10	-0.000603897
3.43291e-10	-0.000596997
3.43362e-10	-0.000590087
3.43433e-10	-0.000583165
3.43504e-10	-0.000576233
3.43575e-10	-0.000569291
3.43646e-10	-0.000562337
3.43717e-10	-0.000555373
3.43788e-10	-0.000548398
3.43859e-10	-0.000541413
3.4393e-10	-0.000534416
3.44001e-10	-0.000527409
3.44071e-10	-0.000520392
3.44142e-10	-0.000513363
3.44213e-10	-0.000506324
3.44284e-10	-0.000499275
3.44355e-10	-0.000492214
3.44426e-10	-0.000485143
3.44497e-10	-0.000478061
3.44568e-10	-0.000470968
3.44639e-10	-0.000463865
3.4471e-10	-0.000456751
3.44781e-10	-0.000449627
3.44852e-10	-0.000442491
3.44923e-10	-0.000435345
3.44994e-10	-0.000428189
3.45064e-10	-0.000421021
3.45135e-10	-0.000413843
3.45206e-10	-0.000406655
3.45277e-10	-0.000399455
3.45348e-10	-0.000392245
3.45419e-10	-0.000385025
3.4549e-10	-0.000377793
3.45561e-10	-0.000370551
3.45632e-10	-0.000363299
3.45703e-10	-0.000356035
3.45774e-10	-0.000348762
3.45845e-10	-0.000341477
3.45916e-10	-0.000334182
3.45986e-10	-0.000326876
3.46057e-10	-0.00031956
3.46128e-10	-0.000312232
3.46199e-10	-0.000304895
3.4627e-10	-0.000297546
3.46341e-10	-0.000290187
3.46412e-10	-0.000282818
3.46483e-10	-0.000275438
3.46554e-10	-0.000268047
3.46625e-10	-0.000260645
3.46696e-10	-0.000253233
3.46767e-10	-0.000245811
3.46838e-10	-0.000238378
3.46909e-10	-0.000230934
3.46979e-10	-0.000223479
3.4705e-10	-0.000216014
3.47121e-10	-0.000208539
3.47192e-10	-0.000201053
3.47263e-10	-0.000193556
3.47334e-10	-0.000186049
3.47405e-10	-0.000178531
3.47476e-10	-0.000171002
3.47547e-10	-0.000163463
3.47618e-10	-0.000155914
3.47689e-10	-0.000148354
3.4776e-10	-0.000140783
3.47831e-10	-0.000133202
3.47902e-10	-0.00012561
3.47972e-10	-0.000118008
3.48043e-10	-0.000110395
3.48114e-10	-0.000102772
3.48185e-10	-9.51376e-05
3.48256e-10	-8.74932e-05
3.48327e-10	-7.98382e-05
3.48398e-10	-7.21728e-05
3.48469e-10	-6.44968e-05
3.4854e-10	-5.68103e-05
3.48611e-10	-4.91133e-05
3.48682e-10	-4.14058e-05
3.48753e-10	-3.36878e-05
3.48824e-10	-2.59594e-05
3.48895e-10	-1.82204e-05
3.48965e-10	-1.04709e-05
3.49036e-10	-2.711e-06
3.49107e-10	5.05941e-06
3.49178e-10	1.28403e-05
3.49249e-10	2.06316e-05
3.4932e-10	2.84335e-05
3.49391e-10	3.62457e-05
3.49462e-10	4.40684e-05
3.49533e-10	5.19016e-05
3.49604e-10	5.97452e-05
3.49675e-10	6.75993e-05
3.49746e-10	7.54638e-05
3.49817e-10	8.33387e-05
3.49888e-10	9.1224e-05
3.49958e-10	9.91198e-05
3.50029e-10	0.000107026
3.501e-10	0.000114943
3.50171e-10	0.00012287
3.50242e-10	0.000130807
3.50313e-10	0.000138755
3.50384e-10	0.000146713
3.50455e-10	0.000154682
3.50526e-10	0.000162661
3.50597e-10	0.00017065
3.50668e-10	0.00017865
3.50739e-10	0.00018666
3.5081e-10	0.00019468
3.50881e-10	0.000202711
3.50951e-10	0.000210752
3.51022e-10	0.000218804
3.51093e-10	0.000226866
3.51164e-10	0.000234938
3.51235e-10	0.00024302
3.51306e-10	0.000251113
3.51377e-10	0.000259216
3.51448e-10	0.00026733
3.51519e-10	0.000275454
3.5159e-10	0.000283588
3.51661e-10	0.000291732
3.51732e-10	0.000299887
3.51803e-10	0.000308052
3.51874e-10	0.000316227
3.51944e-10	0.000324413
3.52015e-10	0.000332608
3.52086e-10	0.000340814
3.52157e-10	0.000349031
3.52228e-10	0.000357257
3.52299e-10	0.000365494
3.5237e-10	0.000373741
3.52441e-10	0.000381999
3.52512e-10	0.000390266
3.52583e-10	0.000398544
3.52654e-10	0.000406832
3.52725e-10	0.00041513
3.52796e-10	0.000423439
3.52867e-10	0.000431757
3.52937e-10	0.000440086
3.53008e-10	0.000448425
3.53079e-10	0.000456775
3.5315e-10	0.000465134
3.53221e-10	0.000473503
3.53292e-10	0.000481883
3.53363e-10	0.000490273
3.53434e-10	0.000498673
3.53505e-10	0.000507083
3.53576e-10	0.000515504
3.53647e-10	0.000523934
3.53718e-10	0.000532375
3.53789e-10	0.000540826
3.53859e-10	0.000549286
3.5393e-10	0.000557757
3.54001e-10	0.000566238
3.54072e-10	0.00057473
3.54143e-10	0.000583231
3.54214e-10	0.000591742
3.54285e-10	0.000600263
3.54356e-10	0.000608795
3.54427e-10	0.000617337
3.54498e-10	0.000625888
3.54569e-10	0.00063445
3.5464e-10	0.000643021
3.54711e-10	0.000651603
3.54782e-10	0.000660195
3.54852e-10	0.000668797
3.54923e-10	0.000677409
3.54994e-10	0.00068603
3.55065e-10	0.000694662
3.55136e-10	0.000703304
3.55207e-10	0.000711956
3.55278e-10	0.000720617
3.55349e-10	0.000729289
3.5542e-10	0.000737971
3.55491e-10	0.000746663
3.55562e-10	0.000755364
3.55633e-10	0.000764076
3.55704e-10	0.000772797
3.55775e-10	0.000781529
3.55845e-10	0.00079027
3.55916e-10	0.000799021
3.55987e-10	0.000807783
3.56058e-10	0.000816554
3.56129e-10	0.000825335
3.562e-10	0.000834126
3.56271e-10	0.000842926
3.56342e-10	0.000851737
3.56413e-10	0.000860557
3.56484e-10	0.000869388
3.56555e-10	0.000878228
3.56626e-10	0.000887078
3.56697e-10	0.000895938
3.56768e-10	0.000904807
3.56838e-10	0.000913687
3.56909e-10	0.000922576
3.5698e-10	0.000931475
3.57051e-10	0.000940384
3.57122e-10	0.000949303
3.57193e-10	0.000958231
3.57264e-10	0.00096717
3.57335e-10	0.000976118
3.57406e-10	0.000985075
3.57477e-10	0.000994043
3.57548e-10	0.00100302
3.57619e-10	0.00101201
3.5769e-10	0.001021
3.57761e-10	0.00103001
3.57831e-10	0.00103903
3.57902e-10	0.00104805
3.57973e-10	0.00105709
3.58044e-10	0.00106613
3.58115e-10	0.00107519
3.58186e-10	0.00108425
3.58257e-10	0.00109333
3.58328e-10	0.00110241
3.58399e-10	0.0011115
3.5847e-10	0.00112061
3.58541e-10	0.00112972
3.58612e-10	0.00113884
3.58683e-10	0.00114797
3.58754e-10	0.00115711
3.58824e-10	0.00116627
3.58895e-10	0.00117543
3.58966e-10	0.0011846
3.59037e-10	0.00119378
3.59108e-10	0.00120297
3.59179e-10	0.00121216
3.5925e-10	0.00122137
3.59321e-10	0.00123059
3.59392e-10	0.00123982
3.59463e-10	0.00124906
3.59534e-10	0.0012583
3.59605e-10	0.00126756
3.59676e-10	0.00127682
3.59747e-10	0.0012861
3.59817e-10	0.00129538
3.59888e-10	0.00130468
3.59959e-10	0.00131398
3.6003e-10	0.00132329
3.60101e-10	0.00133261
3.60172e-10	0.00134195
3.60243e-10	0.00135129
3.60314e-10	0.00136064
3.60385e-10	0.00137
3.60456e-10	0.00137937
3.60527e-10	0.00138874
3.60598e-10	0.00139813
3.60669e-10	0.00140753
3.6074e-10	0.00141694
3.6081e-10	0.00142635
3.60881e-10	0.00143578
3.60952e-10	0.00144521
3.61023e-10	0.00145465
3.61094e-10	0.00146411
3.61165e-10	0.00147357
3.61236e-10	0.00148304
3.61307e-10	0.00149252
3.61378e-10	0.00150201
3.61449e-10	0.00151151
3.6152e-10	0.00152102
3.61591e-10	0.00153054
3.61662e-10	0.00154006
3.61732e-10	0.0015496
3.61803e-10	0.00155915
3.61874e-10	0.0015687
3.61945e-10	0.00157826
3.62016e-10	0.00158784
3.62087e-10	0.00159742
3.62158e-10	0.00160701
3.62229e-10	0.00161661
3.623e-10	0.00162622
3.62371e-10	0.00163584
3.62442e-10	0.00164546
3.62513e-10	0.0016551
3.62584e-10	0.00166475
3.62655e-10	0.0016744
3.62725e-10	0.00168407
3.62796e-10	0.00169374
3.62867e-10	0.00170342
3.62938e-10	0.00171311
3.63009e-10	0.00172281
3.6308e-10	0.00173252
3.63151e-10	0.00174224
3.63222e-10	0.00175196
3.63293e-10	0.0017617
3.63364e-10	0.00177144
3.63435e-10	0.0017812
3.63506e-10	0.00179096
3.63577e-10	0.00180073
3.63648e-10	0.00181051
3.63718e-10	0.0018203
3.63789e-10	0.0018301
3.6386e-10	0.00183991
3.63931e-10	0.00184972
3.64002e-10	0.00185955
3.64073e-10	0.00186938
3.64144e-10	0.00187922
3.64215e-10	0.00188908
3.64286e-10	0.00189894
3.64357e-10	0.0019088
3.64428e-10	0.00191868
3.64499e-10	0.00192857
3.6457e-10	0.00193846
3.64641e-10	0.00194837
3.64711e-10	0.00195828
3.64782e-10	0.0019682
3.64853e-10	0.00197813
3.64924e-10	0.00198807
3.64995e-10	0.00199802
3.65066e-10	0.00200797
3.65137e-10	0.00201794
3.65208e-10	0.00202791
3.65279e-10	0.0020379
3.6535e-10	0.00204789
3.65421e-10	0.00205789
3.65492e-10	0.00206789
3.65563e-10	0.00207791
3.65634e-10	0.00208794
3.65704e-10	0.00209797
3.65775e-10	0.00210801
3.65846e-10	0.00211806
3.65917e-10	0.00212812
3.65988e-10	0.00213819
3.66059e-10	0.00214827
3.6613e-10	0.00215835
3.66201e-10	0.00216844
3.66272e-10	0.00217855
3.66343e-10	0.00218866
3.66414e-10	0.00219878
3.66485e-10	0.0022089
3.66556e-10	0.00221904
3.66627e-10	0.00222918
3.66697e-10	0.00223934
3.66768e-10	0.0022495
3.66839e-10	0.00225967
3.6691e-10	0.00226984
3.66981e-10	0.00228003
3.67052e-10	0.00229022
3.67123e-10	0.00230043
3.67194e-10	0.00231064
3.67265e-10	0.00232086
3.67336e-10	0.00233108
3.67407e-10	0.00234132
3.67478e-10	0.00235156
3.67549e-10	0.00236182
3.6762e-10	0.00237208
3.6769e-10	0.00238234
3.67761e-10	0.00239262
3.67832e-10	0.00240291
3.67903e-10	0.0024132
3.67974e-10	0.0024235
3.68045e-10	0.00243381
3.68116e-10	0.00244413
3.68187e-10	0.00245445
3.68258e-10	0.00246479
3.68329e-10	0.00247513
3.684e-10	0.00248548
3.68471e-10	0.00249584
3.68542e-10	0.0025062
3.68613e-10	0.00251658
3.68683e-10	0.00252696
3.68754e-10	0.00253735
3.68825e-10	0.00254775
3.68896e-10	0.00255816
3.68967e-10	0.00256857
3.69038e-10	0.00257899
3.69109e-10	0.00258942
3.6918e-10	0.00259986
3.69251e-10	0.00261031
3.69322e-10	0.00262076
3.69393e-10	0.00263122
3.69464e-10	0.00264169
3.69535e-10	0.00265217
3.69606e-10	0.00266266
3.69676e-10	0.00267315
3.69747e-10	0.00268365
3.69818e-10	0.00269416
3.69889e-10	0.00270468
3.6996e-10	0.0027152
3.70031e-10	0.00272573
3.70102e-10	0.00273627
3.70173e-10	0.00274682
3.70244e-10	0.00275737
3.70315e-10	0.00276794
3.70386e-10	0.00277851
3.70457e-10	0.00278909
3.70528e-10	0.00279967
3.70598e-10	0.00281027
3.70669e-10	0.00282087
3.7074e-10	0.00283148
3.70811e-10	0.00284209
3.70882e-10	0.00285272
3.70953e-10	0.00286335
3.71024e-10	0.00287399
3.71095e-10	0.00288464
3.71166e-10	0.00289529
3.71237e-10	0.00290595
3.71308e-10	0.00291662
3.71379e-10	0.0029273
3.7145e-10	0.00293798
3.71521e-10	0.00294867
3.71591e-10	0.00295937
3.71662e-10	0.00297008
3.71733e-10	0.00298079
3.71804e-10	0.00299152
3.71875e-10	0.00300224
3.71946e-10	0.00301298
3.72017e-10	0.00302372
3.72088e-10	0.00303448
3.72159e-10	0.00304523
3.7223e-10	0.003056
3.72301e-10	0.00306677
3.72372e-10	0.00307755
3.72443e-10	0.00308834
3.72514e-10	0.00309913
3.72584e-10	0.00310993
3.72655e-10	0.00312074
3.72726e-10	0.00313156
3.72797e-10	0.00314238
3.72868e-10	0.00315321
3.72939e-10	0.00316405
3.7301e-10	0.0031749
3.73081e-10	0.00318575
3.73152e-10	0.00319661
3.73223e-10	0.00320747
3.73294e-10	0.00321835
3.73365e-10	0.00322923
3.73436e-10	0.00324011
3.73507e-10	0.00325101
3.73577e-10	0.00326191
3.73648e-10	0.00327282
3.73719e-10	0.00328373
3.7379e-10	0.00329465
3.73861e-10	0.00330558
3.73932e-10	0.00331652
3.74003e-10	0.00332746
3.74074e-10	0.00333841
3.74145e-10	0.00334937
3.74216e-10	0.00336033
3.74287e-10	0.0033713
3.74358e-10	0.00338228
3.74429e-10	0.00339326
3.745e-10	0.00340425
3.7457e-10	0.00341525
3.74641e-10	0.00342625
3.74712e-10	0.00343726
3.74783e-10	0.00344828
3.74854e-10	0.0034593
3.74925e-10	0.00347033
3.74996e-10	0.00348137
3.75067e-10	0.00349242
3.75138e-10	0.00350347
3.75209e-10	0.00351452
3.7528e-10	0.00352559
3.75351e-10	0.00353666
3.75422e-10	0.00354774
3.75493e-10	0.00355882
3.75563e-10	0.00356991
3.75634e-10	0.00358101
3.75705e-10	0.00359211
3.75776e-10	0.00360322
3.75847e-10	0.00361434
3.75918e-10	0.00362546
3.75989e-10	0.00363659
3.7606e-10	0.00364772
3.76131e-10	0.00365886
3.76202e-10	0.00367001
3.76273e-10	0.00368117
3.76344e-10	0.00369233
3.76415e-10	0.00370349
3.76486e-10	0.00371467
3.76556e-10	0.00372585
3.76627e-10	0.00373703
3.76698e-10	0.00374823
3.76769e-10	0.00375942
3.7684e-10	0.00377063
3.76911e-10	0.00378184
3.76982e-10	0.00379306
3.77053e-10	0.00380428
3.77124e-10	0.00381551
3.77195e-10	0.00382674
3.77266e-10	0.00383799
3.77337e-10	0.00384923
3.77408e-10	0.00386049
3.77479e-10	0.00387175
3.77549e-10	0.00388301
3.7762e-10	0.00389428
3.77691e-10	0.00390556
3.77762e-10	0.00391685
3.77833e-10	0.00392814
3.77904e-10	0.00393943
3.77975e-10	0.00395073
3.78046e-10	0.00396204
3.78117e-10	0.00397335
3.78188e-10	0.00398467
3.78259e-10	0.003996
3.7833e-10	0.00400733
3.78401e-10	0.00401867
3.78471e-10	0.00403001
3.78542e-10	0.00404136
3.78613e-10	0.00405271
3.78684e-10	0.00406407
3.78755e-10	0.00407543
3.78826e-10	0.00408681
3.78897e-10	0.00409818
3.78968e-10	0.00410956
3.79039e-10	0.00412095
3.7911e-10	0.00413235
3.79181e-10	0.00414375
3.79252e-10	0.00415515
3.79323e-10	0.00416656
3.79394e-10	0.00417798
3.79464e-10	0.0041894
3.79535e-10	0.00420082
3.79606e-10	0.00421226
3.79677e-10	0.00422369
3.79748e-10	0.00423514
3.79819e-10	0.00424659
3.7989e-10	0.00425804
3.79961e-10	0.0042695
3.80032e-10	0.00428096
3.80103e-10	0.00429244
3.80174e-10	0.00430391
3.80245e-10	0.00431539
3.80316e-10	0.00432688
3.80387e-10	0.00433837
3.80457e-10	0.00434987
3.80528e-10	0.00436137
3.80599e-10	0.00437287
3.8067e-10	0.00438439
3.80741e-10	0.0043959
3.80812e-10	0.00440743
3.80883e-10	0.00441895
3.80954e-10	0.00443049
3.81025e-10	0.00444202
3.81096e-10	0.00445357
3.81167e-10	0.00446511
3.81238e-10	0.00447667
3.81309e-10	0.00448823
3.8138e-10	0.00449979
3.8145e-10	0.00451136
3.81521e-10	0.00452293
3.81592e-10	0.00453451
3.81663e-10	0.00454609
3.81734e-10	0.00455768
3.81805e-10	0.00456927
3.81876e-10	0.00458087
3.81947e-10	0.00459247
3.82018e-10	0.00460408
3.82089e-10	0.00461569
3.8216e-10	0.0046273
3.82231e-10	0.00463892
3.82302e-10	0.00465055
3.82373e-10	0.00466218
3.82443e-10	0.00467382
3.82514e-10	0.00468546
3.82585e-10	0.0046971
3.82656e-10	0.00470875
3.82727e-10	0.0047204
3.82798e-10	0.00473206
3.82869e-10	0.00474372
3.8294e-10	0.00475539
3.83011e-10	0.00476706
3.83082e-10	0.00477874
3.83153e-10	0.00479042
3.83224e-10	0.00480211
3.83295e-10	0.00481379
3.83366e-10	0.00482549
3.83436e-10	0.00483719
3.83507e-10	0.00484889
3.83578e-10	0.0048606
3.83649e-10	0.00487231
3.8372e-10	0.00488402
3.83791e-10	0.00489574
3.83862e-10	0.00490747
3.83933e-10	0.0049192
3.84004e-10	0.00493093
3.84075e-10	0.00494267
3.84146e-10	0.00495441
3.84217e-10	0.00496615
3.84288e-10	0.0049779
3.84359e-10	0.00498965
3.84429e-10	0.00500141
3.845e-10	0.00501317
3.84571e-10	0.00502494
3.84642e-10	0.00503671
3.84713e-10	0.00504848
3.84784e-10	0.00506026
3.84855e-10	0.00507204
3.84926e-10	0.00508382
3.84997e-10	0.00509561
3.85068e-10	0.00510741
3.85139e-10	0.0051192
3.8521e-10	0.005131
3.85281e-10	0.00514281
3.85352e-10	0.00515462
3.85422e-10	0.00516643
3.85493e-10	0.00517824
3.85564e-10	0.00519006
3.85635e-10	0.00520189
3.85706e-10	0.00521371
3.85777e-10	0.00522554
3.85848e-10	0.00523738
3.85919e-10	0.00524922
3.8599e-10	0.00526106
3.86061e-10	0.0052729
3.86132e-10	0.00528475
3.86203e-10	0.0052966
3.86274e-10	0.00530846
3.86344e-10	0.00532032
3.86415e-10	0.00533218
3.86486e-10	0.00534404
3.86557e-10	0.00535591
3.86628e-10	0.00536779
3.86699e-10	0.00537966
3.8677e-10	0.00539154
3.86841e-10	0.00540342
3.86912e-10	0.00541531
3.86983e-10	0.0054272
3.87054e-10	0.00543909
3.87125e-10	0.00545098
3.87196e-10	0.00546288
3.87267e-10	0.00547479
3.87337e-10	0.00548669
3.87408e-10	0.0054986
3.87479e-10	0.00551051
3.8755e-10	0.00552242
3.87621e-10	0.00553434
3.87692e-10	0.00554626
3.87763e-10	0.00555818
3.87834e-10	0.00557011
3.87905e-10	0.00558204
3.87976e-10	0.00559397
3.88047e-10	0.00560591
3.88118e-10	0.00561784
3.88189e-10	0.00562979
3.8826e-10	0.00564173
3.8833e-10	0.00565368
3.88401e-10	0.00566562
3.88472e-10	0.00567758
3.88543e-10	0.00568953
3.88614e-10	0.00570149
3.88685e-10	0.00571345
3.88756e-10	0.00572541
3.88827e-10	0.00573738
3.88898e-10	0.00574934
3.88969e-10	0.00576131
3.8904e-10	0.00577329
3.89111e-10	0.00578526
3.89182e-10	0.00579724
3.89253e-10	0.00580922
3.89323e-10	0.0058212
3.89394e-10	0.00583319
3.89465e-10	0.00584518
3.89536e-10	0.00585717
3.89607e-10	0.00586916
3.89678e-10	0.00588116
3.89749e-10	0.00589315
3.8982e-10	0.00590515
3.89891e-10	0.00591716
3.89962e-10	0.00592916
3.90033e-10	0.00594117
3.90104e-10	0.00595317
3.90175e-10	0.00596519
3.90246e-10	0.0059772
3.90316e-10	0.00598921
3.90387e-10	0.00600123
3.90458e-10	0.00601325
3.90529e-10	0.00602527
3.906e-10	0.00603729
3.90671e-10	0.00604932
3.90742e-10	0.00606135
3.90813e-10	0.00607338
3.90884e-10	0.00608541
3.90955e-10	0.00609744
3.91026e-10	0.00610948
3.91097e-10	0.00612151
3.91168e-10	0.00613355
3.91239e-10	0.00614559
3.91309e-10	0.00615763
3.9138e-10	0.00616968
3.91451e-10	0.00618172
3.91522e-10	0.00619377
3.91593e-10	0.00620582
3.91664e-10	0.00621787
3.91735e-10	0.00622992
3.91806e-10	0.00624197
3.91877e-10	0.00625403
3.91948e-10	0.00626609
3.92019e-10	0.00627814
3.9209e-10	0.0062902
3.92161e-10	0.00630227
3.92232e-10	0.00631433
3.92302e-10	0.00632639
3.92373e-10	0.00633846
3.92444e-10	0.00635053
3.92515e-10	0.00636259
3.92586e-10	0.00637466
3.92657e-10	0.00638673
3.92728e-10	0.00639881
3.92799e-10	0.00641088
3.9287e-10	0.00642295
3.92941e-10	0.00643503
3.93012e-10	0.00644711
3.93083e-10	0.00645918
3.93154e-10	0.00647126
3.93225e-10	0.00648334
3.93295e-10	0.00649542
3.93366e-10	0.00650751
3.93437e-10	0.00651959
3.93508e-10	0.00653167
3.93579e-10	0.00654376
3.9365e-10	0.00655584
3.93721e-10	0.00656793
3.93792e-10	0.00658002
3.93863e-10	0.00659211
3.93934e-10	0.00660419
3.94005e-10	0.00661628
3.94076e-10	0.00662838
3.94147e-10	0.00664047
3.94217e-10	0.00665256
3.94288e-10	0.00666465
3.94359e-10	0.00667675
3.9443e-10	0.00668884
3.94501e-10	0.00670093
3.94572e-10	0.00671303
3.94643e-10	0.00672512
3.94714e-10	0.00673722
3.94785e-10	0.00674932
3.94856e-10	0.00676141
3.94927e-10	0.00677351
3.94998e-10	0.00678561
3.95069e-10	0.00679771
3.9514e-10	0.00680981
3.9521e-10	0.00682191
3.95281e-10	0.006834
3.95352e-10	0.0068461
3.95423e-10	0.0068582
3.95494e-10	0.0068703
3.95565e-10	0.0068824
3.95636e-10	0.0068945
3.95707e-10	0.0069066
3.95778e-10	0.0069187
3.95849e-10	0.0069308
3.9592e-10	0.00694291
3.95991e-10	0.00695501
3.96062e-10	0.00696711
3.96133e-10	0.00697921
3.96203e-10	0.00699131
3.96274e-10	0.00700341
3.96345e-10	0.00701551
3.96416e-10	0.00702761
3.96487e-10	0.00703971
3.96558e-10	0.00705181
3.96629e-10	0.00706391
3.967e-10	0.007076
3.96771e-10	0.0070881
3.96842e-10	0.0071002
3.96913e-10	0.0071123
3.96984e-10	0.0071244
3.97055e-10	0.00713649
3.97126e-10	0.00714859
3.97196e-10	0.00716069
3.97267e-10	0.00717278
3.97338e-10	0.00718488
3.97409e-10	0.00719697
3.9748e-10	0.00720907
3.97551e-10	0.00722116
3.97622e-10	0.00723325
3.97693e-10	0.00724534
3.97764e-10	0.00725744
3.97835e-10	0.00726953
3.97906e-10	0.00728162
3.97977e-10	0.00729371
3.98048e-10	0.00730579
3.98119e-10	0.00731788
3.98189e-10	0.00732997
3.9826e-10	0.00734205
3.98331e-10	0.00735414
3.98402e-10	0.00736622
3.98473e-10	0.0073783
3.98544e-10	0.00739039
3.98615e-10	0.00740247
3.98686e-10	0.00741455
3.98757e-10	0.00742663
3.98828e-10	0.0074387
3.98899e-10	0.00745078
3.9897e-10	0.00746285
3.99041e-10	0.00747493
3.99112e-10	0.007487
3.99182e-10	0.00749907
3.99253e-10	0.00751114
3.99324e-10	0.00752321
3.99395e-10	0.00753528
3.99466e-10	0.00754734
3.99537e-10	0.00755941
3.99608e-10	0.00757147
3.99679e-10	0.00758353
3.9975e-10	0.00759559
3.99821e-10	0.00760765
3.99892e-10	0.00761971
3.99963e-10	0.00763176
4.00034e-10	0.00764382
4.00105e-10	0.00765587
4.00175e-10	0.00766792
4.00246e-10	0.00767997
4.00317e-10	0.00769201
4.00388e-10	0.00770406
4.00459e-10	0.0077161
4.0053e-10	0.00772814
4.00601e-10	0.00774018
4.00672e-10	0.00775222
4.00743e-10	0.00776425
4.00814e-10	0.00777629
4.00885e-10	0.00778832
4.00956e-10	0.00780035
4.01027e-10	0.00781238
4.01098e-10	0.0078244
4.01168e-10	0.00783642
4.01239e-10	0.00784845
4.0131e-10	0.00786046
4.01381e-10	0.00787248
4.01452e-10	0.00788449
4.01523e-10	0.00789651
4.01594e-10	0.00790852
4.01665e-10	0.00792053
4.01736e-10	0.00793253
4.01807e-10	0.00794453
4.01878e-10	0.00795653
4.01949e-10	0.00796853
4.0202e-10	0.00798053
4.0209e-10	0.00799252
4.02161e-10	0.00800451
4.02232e-10	0.0080165
4.02303e-10	0.00802848
4.02374e-10	0.00804046
4.02445e-10	0.00805245
4.02516e-10	0.00806442
4.02587e-10	0.0080764
4.02658e-10	0.00808837
4.02729e-10	0.00810034
4.028e-10	0.0081123
4.02871e-10	0.00812427
4.02942e-10	0.00813623
4.03013e-10	0.00814818
4.03083e-10	0.00816014
4.03154e-10	0.00817209
4.03225e-10	0.00818404
4.03296e-10	0.00819598
4.03367e-10	0.00820792
4.03438e-10	0.00821986
4.03509e-10	0.0082318
4.0358e-10	0.00824373
4.03651e-10	0.00825566
4.03722e-10	0.00826759
4.03793e-10	0.00827951
4.03864e-10	0.00829143
4.03935e-10	0.00830335
4.04006e-10	0.00831526
4.04076e-10	0.00832717
4.04147e-10	0.00833908
4.04218e-10	0.00835098
4.04289e-10	0.00836288
4.0436e-10	0.00837478
4.04431e-10	0.00838667
4.04502e-10	0.00839856
4.04573e-10	0.00841044
4.04644e-10	0.00842232
4.04715e-10	0.0084342
4.04786e-10	0.00844608
4.04857e-10	0.00845795
4.04928e-10	0.00846981
4.04999e-10	0.00848168
4.05069e-10	0.00849353
4.0514e-10	0.00850539
4.05211e-10	0.00851724
4.05282e-10	0.00852909
4.05353e-10	0.00854093
4.05424e-10	0.00855277
4.05495e-10	0.00856461
4.05566e-10	0.00857644
4.05637e-10	0.00858826
4.05708e-10	0.00860009
4.05779e-10	0.00861191
4.0585e-10	0.00862372
4.05921e-10	0.00863553
4.05992e-10	0.00864734
4.06062e-10	0.00865914
4.06133e-10	0.00867094
4.06204e-10	0.00868273
4.06275e-10	0.00869452
4.06346e-10	0.0087063
4.06417e-10	0.00871808
4.06488e-10	0.00872986
4.06559e-10	0.00874163
4.0663e-10	0.0087534
4.06701e-10	0.00876516
4.06772e-10	0.00877692
4.06843e-10	0.00878867
4.06914e-10	0.00880042
4.06985e-10	0.00881216
4.07055e-10	0.0088239
4.07126e-10	0.00883563
4.07197e-10	0.00884736
4.07268e-10	0.00885908
4.07339e-10	0.0088708
4.0741e-10	0.00888252
4.07481e-10	0.00889423
4.07552e-10	0.00890593
4.07623e-10	0.00891763
4.07694e-10	0.00892932
4.07765e-10	0.00894101
4.07836e-10	0.0089527
4.07907e-10	0.00896438
4.07978e-10	0.00897605
4.08048e-10	0.00898772
4.08119e-10	0.00899938
4.0819e-10	0.00901104
4.08261e-10	0.00902269
4.08332e-10	0.00903434
4.08403e-10	0.00904598
4.08474e-10	0.00905762
4.08545e-10	0.00906925
4.08616e-10	0.00908087
4.08687e-10	0.00909249
4.08758e-10	0.00910411
4.08829e-10	0.00911572
4.089e-10	0.00912732
4.08971e-10	0.00913892
4.09041e-10	0.00915051
4.09112e-10	0.0091621
4.09183e-10	0.00917368
4.09254e-10	0.00918525
4.09325e-10	0.00919682
4.09396e-10	0.00920839
4.09467e-10	0.00921994
4.09538e-10	0.00923149
4.09609e-10	0.00924304
4.0968e-10	0.00925458
4.09751e-10	0.00926611
4.09822e-10	0.00927764
4.09893e-10	0.00928916
4.09963e-10	0.00930068
4.10034e-10	0.00931219
4.10105e-10	0.00932369
4.10176e-10	0.00933519
4.10247e-10	0.00934668
4.10318e-10	0.00935816
4.10389e-10	0.00936964
4.1046e-10	0.00938111
4.10531e-10	0.00939258
4.10602e-10	0.00940403
4.10673e-10	0.00941549
4.10744e-10	0.00942693
4.10815e-10	0.00943837
4.10886e-10	0.0094498
4.10956e-10	0.00946123
4.11027e-10	0.00947265
4.11098e-10	0.00948406
4.11169e-10	0.00949547
4.1124e-10	0.00950687
4.11311e-10	0.00951826
4.11382e-10	0.00952964
4.11453e-10	0.00954102
4.11524e-10	0.00955239
4.11595e-10	0.00956376
4.11666e-10	0.00957512
4.11737e-10	0.00958647
4.11808e-10	0.00959781
4.11879e-10	0.00960915
4.11949e-10	0.00962048
4.1202e-10	0.0096318
4.12091e-10	0.00964312
4.12162e-10	0.00965443
4.12233e-10	0.00966573
4.12304e-10	0.00967702
4.12375e-10	0.00968831
4.12446e-10	0.00969959
4.12517e-10	0.00971086
4.12588e-10	0.00972213
4.12659e-10	0.00973338
4.1273e-10	0.00974463
4.12801e-10	0.00975588
4.12872e-10	0.00976711
4.12942e-10	0.00977834
4.13013e-10	0.00978956
4.13084e-10	0.00980077
4.13155e-10	0.00981197
4.13226e-10	0.00982317
4.13297e-10	0.00983436
4.13368e-10	0.00984554
4.13439e-10	0.00985671
4.1351e-10	0.00986788
4.13581e-10	0.00987904
4.13652e-10	0.00989019
4.13723e-10	0.00990133
4.13794e-10	0.00991246
4.13865e-10	0.00992359
4.13935e-10	0.0099347
4.14006e-10	0.00994581
4.14077e-10	0.00995691
4.14148e-10	0.00996801
4.14219e-10	0.00997909
4.1429e-10	0.00999017
4.14361e-10	0.0100012
4.14432e-10	0.0100123
4.14503e-10	0.0100233
4.14574e-10	0.0100344
4.14645e-10	0.0100454
4.14716e-10	0.0100565
4.14787e-10	0.0100675
4.14858e-10	0.0100785
4.14928e-10	0.0100895
4.14999e-10	0.0101005
4.1507e-10	0.0101115
4.15141e-10	0.0101224
4.15212e-10	0.0101334
4.15283e-10	0.0101444
4.15354e-10	0.0101553
4.15425e-10	0.0101662
4.15496e-10	0.0101772
4.15567e-10	0.0101881
4.15638e-10	0.010199
4.15709e-10	0.0102099
4.1578e-10	0.0102208
4.15851e-10	0.0102317
4.15921e-10	0.0102426
4.15992e-10	0.0102534
4.16063e-10	0.0102643
4.16134e-10	0.0102752
4.16205e-10	0.010286
4.16276e-10	0.0102968
4.16347e-10	0.0103076
4.16418e-10	0.0103185
4.16489e-10	0.0103293
4.1656e-10	0.0103401
4.16631e-10	0.0103508
4.16702e-10	0.0103616
4.16773e-10	0.0103724
4.16844e-10	0.0103831
4.16914e-10	0.0103939
4.16985e-10	0.0104046
4.17056e-10	0.0104153
4.17127e-10	0.0104261
4.17198e-10	0.0104368
4.17269e-10	0.0104475
4.1734e-10	0.0104582
4.17411e-10	0.0104688
4.17482e-10	0.0104795
4.17553e-10	0.0104902
4.17624e-10	0.0105008
4.17695e-10	0.0105115
4.17766e-10	0.0105221
4.17837e-10	0.0105327
4.17907e-10	0.0105433
4.17978e-10	0.0105539
4.18049e-10	0.0105645
4.1812e-10	0.0105751
4.18191e-10	0.0105856
4.18262e-10	0.0105962
4.18333e-10	0.0106067
4.18404e-10	0.0106173
4.18475e-10	0.0106278
4.18546e-10	0.0106383
4.18617e-10	0.0106488
4.18688e-10	0.0106593
4.18759e-10	0.0106698
4.18829e-10	0.0106803
4.189e-10	0.0106907
4.18971e-10	0.0107012
4.19042e-10	0.0107116
4.19113e-10	0.0107221
4.19184e-10	0.0107325
4.19255e-10	0.0107429
4.19326e-10	0.0107533
4.19397e-10	0.0107637
4.19468e-10	0.0107741
4.19539e-10	0.0107844
4.1961e-10	0.0107948
4.19681e-10	0.0108051
4.19752e-10	0.0108155
4.19822e-10	0.0108258
4.19893e-10	0.0108361
4.19964e-10	0.0108464
4.20035e-10	0.0108567
4.20106e-10	0.010867
4.20177e-10	0.0108772
4.20248e-10	0.0108875
4.20319e-10	0.0108977
4.2039e-10	0.010908
4.20461e-10	0.0109182
4.20532e-10	0.0109284
4.20603e-10	0.0109386
4.20674e-10	0.0109488
4.20745e-10	0.010959
4.20815e-10	0.0109691
4.20886e-10	0.0109793
4.20957e-10	0.0109894
4.21028e-10	0.0109995
4.21099e-10	0.0110097
4.2117e-10	0.0110198
4.21241e-10	0.0110298
4.21312e-10	0.0110399
4.21383e-10	0.01105
4.21454e-10	0.0110601
4.21525e-10	0.0110701
4.21596e-10	0.0110801
4.21667e-10	0.0110902
4.21738e-10	0.0111002
4.21808e-10	0.0111102
4.21879e-10	0.0111201
4.2195e-10	0.0111301
4.22021e-10	0.0111401
4.22092e-10	0.01115
4.22163e-10	0.01116
4.22234e-10	0.0111699
4.22305e-10	0.0111798
4.22376e-10	0.0111897
4.22447e-10	0.0111996
4.22518e-10	0.0112094
4.22589e-10	0.0112193
4.2266e-10	0.0112292
4.22731e-10	0.011239
4.22801e-10	0.0112488
4.22872e-10	0.0112586
4.22943e-10	0.0112684
4.23014e-10	0.0112782
4.23085e-10	0.011288
4.23156e-10	0.0112977
4.23227e-10	0.0113075
4.23298e-10	0.0113172
4.23369e-10	0.0113269
4.2344e-10	0.0113366
4.23511e-10	0.0113463
4.23582e-10	0.011356
4.23653e-10	0.0113657
4.23724e-10	0.0113753
4.23794e-10	0.011385
4.23865e-10	0.0113946
4.23936e-10	0.0114042
4.24007e-10	0.0114138
4.24078e-10	0.0114234
4.24149e-10	0.011433
4.2422e-10	0.0114425
4.24291e-10	0.0114521
4.24362e-10	0.0114616
4.24433e-10	0.0114711
4.24504e-10	0.0114807
4.24575e-10	0.0114901
4.24646e-10	0.0114996
4.24717e-10	0.0115091
4.24787e-10	0.0115185
4.24858e-10	0.011528
4.24929e-10	0.0115374
4.25e-10	0.0115468
4.25071e-10	0.0115562
4.25142e-10	0.0115656
4.25213e-10	0.011575
4.25284e-10	0.0115843
4.25355e-10	0.0115937
4.25426e-10	0.011603
4.25497e-10	0.0116123
4.25568e-10	0.0116216
4.25639e-10	0.0116309
4.2571e-10	0.0116402
4.2578e-10	0.0116494
4.25851e-10	0.0116587
4.25922e-10	0.0116679
4.25993e-10	0.0116771
4.26064e-10	0.0116863
4.26135e-10	0.0116955
4.26206e-10	0.0117046
4.26277e-10	0.0117138
4.26348e-10	0.0117229
4.26419e-10	0.0117321
4.2649e-10	0.0117412
4.26561e-10	0.0117503
4.26632e-10	0.0117594
4.26702e-10	0.0117684
4.26773e-10	0.0117775
4.26844e-10	0.0117865
4.26915e-10	0.0117955
4.26986e-10	0.0118045
4.27057e-10	0.0118135
4.27128e-10	0.0118225
4.27199e-10	0.0118315
4.2727e-10	0.0118404
4.27341e-10	0.0118493
4.27412e-10	0.0118583
4.27483e-10	0.0118672
4.27554e-10	0.0118761
4.27625e-10	0.0118849
4.27695e-10	0.0118938
4.27766e-10	0.0119026
4.27837e-10	0.0119114
4.27908e-10	0.0119203
4.27979e-10	0.011929
4.2805e-10	0.0119378
4.28121e-10	0.0119466
4.28192e-10	0.0119553
4.28263e-10	0.0119641
4.28334e-10	0.0119728
4.28405e-10	0.0119815
4.28476e-10	0.0119902
4.28547e-10	0.0119988
4.28618e-10	0.0120075
4.28688e-10	0.0120161
4.28759e-10	0.0120247
4.2883e-10	0.0120333
4.28901e-10	0.0120419
4.28972e-10	0.0120505
4.29043e-10	0.0120591
4.29114e-10	0.0120676
4.29185e-10	0.0120761
4.29256e-10	0.0120846
4.29327e-10	0.0120931
4.29398e-10	0.0121016
4.29469e-10	0.0121101
4.2954e-10	0.0121185
4.29611e-10	0.0121269
4.29681e-10	0.0121354
4.29752e-10	0.0121437
4.29823e-10	0.0121521
4.29894e-10	0.0121605
4.29965e-10	0.0121688
4.30036e-10	0.0121772
4.30107e-10	0.0121855
4.30178e-10	0.0121938
4.30249e-10	0.012202
4.3032e-10	0.0122103
4.30391e-10	0.0122185
4.30462e-10	0.0122268
4.30533e-10	0.012235
4.30604e-10	0.0122432
4.30674e-10	0.0122513
4.30745e-10	0.0122595
4.30816e-10	0.0122676
4.30887e-10	0.0122758
4.30958e-10	0.0122839
4.31029e-10	0.012292
4.311e-10	0.0123
4.31171e-10	0.0123081
4.31242e-10	0.0123161
4.31313e-10	0.0123242
4.31384e-10	0.0123322
4.31455e-10	0.0123402
4.31526e-10	0.0123481
4.31597e-10	0.0123561
4.31667e-10	0.012364
4.31738e-10	0.0123719
4.31809e-10	0.0123798
4.3188e-10	0.0123877
4.31951e-10	0.0123956
4.32022e-10	0.0124034
4.32093e-10	0.0124112
4.32164e-10	0.0124191
4.32235e-10	0.0124269
4.32306e-10	0.0124346
4.32377e-10	0.0124424
4.32448e-10	0.0124501
4.32519e-10	0.0124578
4.3259e-10	0.0124655
4.3266e-10	0.0124732
4.32731e-10	0.0124809
4.32802e-10	0.0124885
4.32873e-10	0.0124962
4.32944e-10	0.0125038
4.33015e-10	0.0125114
4.33086e-10	0.012519
4.33157e-10	0.0125265
4.33228e-10	0.0125341
4.33299e-10	0.0125416
4.3337e-10	0.0125491
4.33441e-10	0.0125566
4.33512e-10	0.012564
4.33583e-10	0.0125715
4.33653e-10	0.0125789
4.33724e-10	0.0125863
4.33795e-10	0.0125937
4.33866e-10	0.0126011
4.33937e-10	0.0126084
4.34008e-10	0.0126158
4.34079e-10	0.0126231
4.3415e-10	0.0126304
4.34221e-10	0.0126376
4.34292e-10	0.0126449
4.34363e-10	0.0126521
4.34434e-10	0.0126594
4.34505e-10	0.0126666
4.34575e-10	0.0126737
4.34646e-10	0.0126809
4.34717e-10	0.012688
4.34788e-10	0.0126952
4.34859e-10	0.0127023
4.3493e-10	0.0127094
4.35001e-10	0.0127164
4.35072e-10	0.0127235
4.35143e-10	0.0127305
4.35214e-10	0.0127375
4.35285e-10	0.0127445
4.35356e-10	0.0127515
4.35427e-10	0.0127584
4.35498e-10	0.0127653
4.35568e-10	0.0127722
4.35639e-10	0.0127791
4.3571e-10	0.012786
4.35781e-10	0.0127929
4.35852e-10	0.0127997
4.35923e-10	0.0128065
4.35994e-10	0.0128133
4.36065e-10	0.0128201
4.36136e-10	0.0128268
4.36207e-10	0.0128335
4.36278e-10	0.0128403
4.36349e-10	0.0128469
4.3642e-10	0.0128536
4.36491e-10	0.0128603
4.36561e-10	0.0128669
4.36632e-10	0.0128735
4.36703e-10	0.0128801
4.36774e-10	0.0128867
4.36845e-10	0.0128932
4.36916e-10	0.0128997
4.36987e-10	0.0129062
4.37058e-10	0.0129127
4.37129e-10	0.0129192
4.372e-10	0.0129256
4.37271e-10	0.0129321
4.37342e-10	0.0129385
4.37413e-10	0.0129448
4.37484e-10	0.0129512
4.37554e-10	0.0129575
4.37625e-10	0.0129639
4.37696e-10	0.0129702
4.37767e-10	0.0129764
4.37838e-10	0.0129827
4.37909e-10	0.0129889
4.3798e-10	0.0129952
4.38051e-10	0.0130014
4.38122e-10	0.0130075
4.38193e-10	0.0130137
4.38264e-10	0.0130198
4.38335e-10	0.0130259
4.38406e-10	0.013032
4.38477e-10	0.0130381
4.38547e-10	0.0130441
4.38618e-10	0.0130501
4.38689e-10	0.0130561
4.3876e-10	0.0130621
4.38831e-10	0.0130681
4.38902e-10	0.013074
4.38973e-10	0.0130799
4.39044e-10	0.0130858
4.39115e-10	0.0130917
4.39186e-10	0.0130976
4.39257e-10	0.0131034
4.39328e-10	0.0131092
4.39399e-10	0.013115
4.3947e-10	0.0131207
4.3954e-10	0.0131265
4.39611e-10	0.0131322
4.39682e-10	0.0131379
4.39753e-10	0.0131436
4.39824e-10	0.0131492
4.39895e-10	0.0131549
4.39966e-10	0.0131605
4.40037e-10	0.0131661
4.40108e-10	0.0131716
4.40179e-10	0.0131772
4.4025e-10	0.0131827
4.40321e-10	0.0131882
4.40392e-10	0.0131937
4.40463e-10	0.0131991
4.40533e-10	0.0132046
4.40604e-10	0.01321
4.40675e-10	0.0132154
4.40746e-10	0.0132207
4.40817e-10	0.0132261
4.40888e-10	0.0132314
4.40959e-10	0.0132367
4.4103e-10	0.0132419
4.41101e-10	0.0132472
4.41172e-10	0.0132524
4.41243e-10	0.0132576
4.41314e-10	0.0132628
4.41385e-10	0.013268
4.41456e-10	0.0132731
4.41526e-10	0.0132782
4.41597e-10	0.0132833
4.41668e-10	0.0132884
4.41739e-10	0.0132934
4.4181e-10	0.0132984
4.41881e-10	0.0133034
4.41952e-10	0.0133084
4.42023e-10	0.0133133
4.42094e-10	0.0133183
4.42165e-10	0.0133232
4.42236e-10	0.0133281
4.42307e-10	0.0133329
4.42378e-10	0.0133377
4.42448e-10	0.0133426
4.42519e-10	0.0133473
4.4259e-10	0.0133521
4.42661e-10	0.0133568
4.42732e-10	0.0133616
4.42803e-10	0.0133662
4.42874e-10	0.0133709
4.42945e-10	0.0133756
4.43016e-10	0.0133802
4.43087e-10	0.0133848
4.43158e-10	0.0133893
4.43229e-10	0.0133939
4.433e-10	0.0133984
4.43371e-10	0.0134029
4.43441e-10	0.0134074
4.43512e-10	0.0134118
4.43583e-10	0.0134163
4.43654e-10	0.0134207
4.43725e-10	0.013425
4.43796e-10	0.0134294
4.43867e-10	0.0134337
4.43938e-10	0.013438
4.44009e-10	0.0134423
4.4408e-10	0.0134466
4.44151e-10	0.0134508
4.44222e-10	0.013455
4.44293e-10	0.0134592
4.44364e-10	0.0134634
4.44434e-10	0.0134675
4.44505e-10	0.0134716
4.44576e-10	0.0134757
4.44647e-10	0.0134797
4.44718e-10	0.0134838
4.44789e-10	0.0134878
4.4486e-10	0.0134918
4.44931e-10	0.0134957
4.45002e-10	0.0134997
4.45073e-10	0.0135036
4.45144e-10	0.0135075
4.45215e-10	0.0135113
4.45286e-10	0.0135152
4.45357e-10	0.013519
4.45427e-10	0.0135227
4.45498e-10	0.0135265
4.45569e-10	0.0135302
4.4564e-10	0.0135339
4.45711e-10	0.0135376
4.45782e-10	0.0135413
4.45853e-10	0.0135449
4.45924e-10	0.0135485
4.45995e-10	0.0135521
4.46066e-10	0.0135557
4.46137e-10	0.0135592
4.46208e-10	0.0135627
4.46279e-10	0.0135662
4.4635e-10	0.0135696
4.4642e-10	0.0135731
4.46491e-10	0.0135765
4.46562e-10	0.0135798
4.46633e-10	0.0135832
4.46704e-10	0.0135865
4.46775e-10	0.0135898
4.46846e-10	0.0135931
4.46917e-10	0.0135963
4.46988e-10	0.0135995
4.47059e-10	0.0136027
4.4713e-10	0.0136059
4.47201e-10	0.0136091
4.47272e-10	0.0136122
4.47343e-10	0.0136153
4.47413e-10	0.0136183
4.47484e-10	0.0136214
4.47555e-10	0.0136244
4.47626e-10	0.0136274
4.47697e-10	0.0136303
4.47768e-10	0.0136332
4.47839e-10	0.0136361
4.4791e-10	0.013639
4.47981e-10	0.0136419
4.48052e-10	0.0136447
4.48123e-10	0.0136475
4.48194e-10	0.0136503
4.48265e-10	0.013653
4.48336e-10	0.0136557
4.48406e-10	0.0136584
4.48477e-10	0.0136611
4.48548e-10	0.0136637
4.48619e-10	0.0136663
4.4869e-10	0.0136689
4.48761e-10	0.0136715
4.48832e-10	0.013674
4.48903e-10	0.0136765
4.48974e-10	0.013679
4.49045e-10	0.0136814
4.49116e-10	0.0136839
4.49187e-10	0.0136862
4.49258e-10	0.0136886
4.49329e-10	0.013691
4.49399e-10	0.0136933
4.4947e-10	0.0136955
4.49541e-10	0.0136978
4.49612e-10	0.0137
4.49683e-10	0.0137022
4.49754e-10	0.0137044
4.49825e-10	0.0137066
4.49896e-10	0.0137087
4.49967e-10	0.0137108
4.50038e-10	0.0137128
4.50109e-10	0.0137149
4.5018e-10	0.0137169
4.50251e-10	0.0137189
4.50321e-10	0.0137208
4.50392e-10	0.0137227
4.50463e-10	0.0137246
4.50534e-10	0.0137265
4.50605e-10	0.0137283
4.50676e-10	0.0137302
4.50747e-10	0.0137319
4.50818e-10	0.0137337
4.50889e-10	0.0137354
4.5096e-10	0.0137371
4.51031e-10	0.0137388
4.51102e-10	0.0137404
4.51173e-10	0.0137421
4.51244e-10	0.0137436
4.51314e-10	0.0137452
4.51385e-10	0.0137467
4.51456e-10	0.0137482
4.51527e-10	0.0137497
4.51598e-10	0.0137512
4.51669e-10	0.0137526
4.5174e-10	0.013754
4.51811e-10	0.0137553
4.51882e-10	0.0137566
4.51953e-10	0.0137579
4.52024e-10	0.0137592
4.52095e-10	0.0137605
4.52166e-10	0.0137617
4.52237e-10	0.0137629
4.52307e-10	0.013764
4.52378e-10	0.0137652
4.52449e-10	0.0137663
4.5252e-10	0.0137673
4.52591e-10	0.0137684
4.52662e-10	0.0137694
4.52733e-10	0.0137704
4.52804e-10	0.0137713
4.52875e-10	0.0137722
4.52946e-10	0.0137731
4.53017e-10	0.013774
4.53088e-10	0.0137748
4.53159e-10	0.0137756
4.5323e-10	0.0137764
4.533e-10	0.0137772
4.53371e-10	0.0137779
4.53442e-10	0.0137786
4.53513e-10	0.0137792
4.53584e-10	0.0137799
4.53655e-10	0.0137805
4.53726e-10	0.013781
4.53797e-10	0.0137816
4.53868e-10	0.0137821
4.53939e-10	0.0137826
4.5401e-10	0.013783
4.54081e-10	0.0137835
4.54152e-10	0.0137839
4.54223e-10	0.0137842
4.54293e-10	0.0137846
4.54364e-10	0.0137849
4.54435e-10	0.0137851
4.54506e-10	0.0137854
4.54577e-10	0.0137856
4.54648e-10	0.0137858
4.54719e-10	0.0137859
4.5479e-10	0.013786
4.54861e-10	0.0137861
4.54932e-10	0.0137862
4.55003e-10	0.0137862
4.55074e-10	0.0137862
4.55145e-10	0.0137862
4.55216e-10	0.0137861
4.55286e-10	0.0137861
4.55357e-10	0.0137859
4.55428e-10	0.0137858
4.55499e-10	0.0137856
4.5557e-10	0.0137854
4.55641e-10	0.0137852
4.55712e-10	0.0137849
4.55783e-10	0.0137846
4.55854e-10	0.0137842
4.55925e-10	0.0137839
4.55996e-10	0.0137835
4.56067e-10	0.0137831
4.56138e-10	0.0137826
4.56209e-10	0.0137821
4.56279e-10	0.0137816
4.5635e-10	0.013781
4.56421e-10	0.0137805
4.56492e-10	0.0137798
4.56563e-10	0.0137792
4.56634e-10	0.0137785
4.56705e-10	0.0137778
4.56776e-10	0.0137771
4.56847e-10	0.0137763
4.56918e-10	0.0137755
4.56989e-10	0.0137747
4.5706e-10	0.0137738
4.57131e-10	0.0137729
4.57202e-10	0.013772
4.57272e-10	0.0137711
4.57343e-10	0.0137701
4.57414e-10	0.013769
4.57485e-10	0.013768
4.57556e-10	0.0137669
4.57627e-10	0.0137658
4.57698e-10	0.0137647
4.57769e-10	0.0137635
4.5784e-10	0.0137623
4.57911e-10	0.013761
4.57982e-10	0.0137598
4.58053e-10	0.0137584
4.58124e-10	0.0137571
4.58194e-10	0.0137557
4.58265e-10	0.0137543
4.58336e-10	0.0137529
4.58407e-10	0.0137514
4.58478e-10	0.01375
4.58549e-10	0.0137484
4.5862e-10	0.0137469
4.58691e-10	0.0137453
4.58762e-10	0.0137436
4.58833e-10	0.013742
4.58904e-10	0.0137403
4.58975e-10	0.0137386
4.59046e-10	0.0137368
4.59117e-10	0.013735
4.59187e-10	0.0137332
4.59258e-10	0.0137314
4.59329e-10	0.0137295
4.594e-10	0.0137276
4.59471e-10	0.0137256
4.59542e-10	0.0137236
4.59613e-10	0.0137216
4.59684e-10	0.0137196
4.59755e-10	0.0137175
4.59826e-10	0.0137154
4.59897e-10	0.0137133
4.59968e-10	0.0137111
4.60039e-10	0.0137089
4.6011e-10	0.0137066
4.6018e-10	0.0137044
4.60251e-10	0.013702
4.60322e-10	0.0136997
4.60393e-10	0.0136973
4.60464e-10	0.0136949
4.60535e-10	0.0136925
4.60606e-10	0.01369
4.60677e-10	0.0136875
4.60748e-10	0.013685
4.60819e-10	0.0136824
4.6089e-10	0.0136798
4.60961e-10	0.0136771
4.61032e-10	0.0136745
4.61103e-10	0.0136718
4.61173e-10	0.013669
4.61244e-10	0.0136663
4.61315e-10	0.0136635
4.61386e-10	0.0136606
4.61457e-10	0.0136577
4.61528e-10	0.0136548
4.61599e-10	0.0136519
4.6167e-10	0.0136489
4.61741e-10	0.0136459
4.61812e-10	0.0136429
4.61883e-10	0.0136398
4.61954e-10	0.0136367
4.62025e-10	0.0136336
4.62096e-10	0.0136304
4.62166e-10	0.0136272
4.62237e-10	0.0136239
4.62308e-10	0.0136207
4.62379e-10	0.0136173
4.6245e-10	0.013614
4.62521e-10	0.0136106
4.62592e-10	0.0136072
4.62663e-10	0.0136038
4.62734e-10	0.0136003
4.62805e-10	0.0135968
4.62876e-10	0.0135932
4.62947e-10	0.0135896
4.63018e-10	0.013586
4.63089e-10	0.0135824
4.63159e-10	0.0135787
4.6323e-10	0.013575
4.63301e-10	0.0135712
4.63372e-10	0.0135674
4.63443e-10	0.0135636
4.63514e-10	0.0135597
4.63585e-10	0.0135559
4.63656e-10	0.0135519
4.63727e-10	0.013548
4.63798e-10	0.013544
4.63869e-10	0.0135399
4.6394e-10	0.0135359
4.64011e-10	0.0135318
4.64082e-10	0.0135276
4.64152e-10	0.0135235
4.64223e-10	0.0135193
4.64294e-10	0.013515
4.64365e-10	0.0135108
4.64436e-10	0.0135065
4.64507e-10	0.0135021
4.64578e-10	0.0134977
4.64649e-10	0.0134933
4.6472e-10	0.0134889
4.64791e-10	0.0134844
4.64862e-10	0.0134799
4.64933e-10	0.0134753
4.65004e-10	0.0134708
4.65075e-10	0.0134661
4.65145e-10	0.0134615
4.65216e-10	0.0134568
4.65287e-10	0.0134521
4.65358e-10	0.0134473
4.65429e-10	0.0134425
4.655e-10	0.0134377
4.65571e-10	0.0134328
4.65642e-10	0.0134279
4.65713e-10	0.0134229
4.65784e-10	0.013418
4.65855e-10	0.013413
4.65926e-10	0.0134079
4.65997e-10	0.0134028
4.66068e-10	0.0133977
4.66138e-10	0.0133926
4.66209e-10	0.0133874
4.6628e-10	0.0133822
4.66351e-10	0.0133769
4.66422e-10	0.0133716
4.66493e-10	0.0133663
4.66564e-10	0.0133609
4.66635e-10	0.0133555
4.66706e-10	0.0133501
4.66777e-10	0.0133446
4.66848e-10	0.0133391
4.66919e-10	0.0133335
4.6699e-10	0.013328
4.6706e-10	0.0133223
4.67131e-10	0.0133167
4.67202e-10	0.013311
4.67273e-10	0.0133053
4.67344e-10	0.0132995
4.67415e-10	0.0132937
4.67486e-10	0.0132879
4.67557e-10	0.013282
4.67628e-10	0.0132761
4.67699e-10	0.0132702
4.6777e-10	0.0132642
4.67841e-10	0.0132582
4.67912e-10	0.0132521
4.67983e-10	0.013246
4.68053e-10	0.0132399
4.68124e-10	0.0132338
4.68195e-10	0.0132276
4.68266e-10	0.0132213
4.68337e-10	0.0132151
4.68408e-10	0.0132088
4.68479e-10	0.0132024
4.6855e-10	0.013196
4.68621e-10	0.0131896
4.68692e-10	0.0131832
4.68763e-10	0.0131767
4.68834e-10	0.0131702
4.68905e-10	0.0131636
4.68976e-10	0.013157
4.69046e-10	0.0131504
4.69117e-10	0.0131437
4.69188e-10	0.013137
4.69259e-10	0.0131302
4.6933e-10	0.0131235
4.69401e-10	0.0131166
4.69472e-10	0.0131098
4.69543e-10	0.0131029
4.69614e-10	0.013096
4.69685e-10	0.013089
4.69756e-10	0.013082
4.69827e-10	0.0130749
4.69898e-10	0.0130679
4.69969e-10	0.0130607
4.70039e-10	0.0130536
4.7011e-10	0.0130464
4.70181e-10	0.0130392
4.70252e-10	0.0130319
4.70323e-10	0.0130246
4.70394e-10	0.0130173
4.70465e-10	0.0130099
4.70536e-10	0.0130025
4.70607e-10	0.012995
4.70678e-10	0.0129875
4.70749e-10	0.01298
4.7082e-10	0.0129725
4.70891e-10	0.0129649
4.70962e-10	0.0129572
4.71032e-10	0.0129495
4.71103e-10	0.0129418
4.71174e-10	0.0129341
4.71245e-10	0.0129263
4.71316e-10	0.0129185
4.71387e-10	0.0129106
4.71458e-10	0.0129027
4.71529e-10	0.0128948
4.716e-10	0.0128868
4.71671e-10	0.0128788
4.71742e-10	0.0128707
4.71813e-10	0.0128626
4.71884e-10	0.0128545
4.71955e-10	0.0128463
4.72025e-10	0.0128381
4.72096e-10	0.0128299
4.72167e-10	0.0128216
4.72238e-10	0.0128133
4.72309e-10	0.0128049
4.7238e-10	0.0127965
4.72451e-10	0.0127881
4.72522e-10	0.0127796
4.72593e-10	0.0127711
4.72664e-10	0.0127626
4.72735e-10	0.012754
4.72806e-10	0.0127454
4.72877e-10	0.0127367
4.72948e-10	0.012728
4.73018e-10	0.0127193
4.73089e-10	0.0127105
4.7316e-10	0.0127017
4.73231e-10	0.0126928
4.73302e-10	0.0126839
4.73373e-10	0.012675
4.73444e-10	0.012666
4.73515e-10	0.012657
4.73586e-10	0.012648
4.73657e-10	0.0126389
4.73728e-10	0.0126298
4.73799e-10	0.0126206
4.7387e-10	0.0126114
4.73941e-10	0.0126022
4.74011e-10	0.0125929
4.74082e-10	0.0125836
4.74153e-10	0.0125743
4.74224e-10	0.0125649
4.74295e-10	0.0125554
4.74366e-10	0.012546
4.74437e-10	0.0125365
4.74508e-10	0.0125269
4.74579e-10	0.0125173
4.7465e-10	0.0125077
4.74721e-10	0.012498
4.74792e-10	0.0124883
4.74863e-10	0.0124786
4.74933e-10	0.0124688
4.75004e-10	0.012459
4.75075e-10	0.0124491
4.75146e-10	0.0124392
4.75217e-10	0.0124293
4.75288e-10	0.0124193
4.75359e-10	0.0124093
4.7543e-10	0.0123993
4.75501e-10	0.0123892
4.75572e-10	0.012379
4.75643e-10	0.0123689
4.75714e-10	0.0123587
4.75785e-10	0.0123484
4.75856e-10	0.0123381
4.75926e-10	0.0123278
4.75997e-10	0.0123174
4.76068e-10	0.012307
4.76139e-10	0.0122966
4.7621e-10	0.0122861
4.76281e-10	0.0122756
4.76352e-10	0.012265
4.76423e-10	0.0122544
4.76494e-10	0.0122438
4.76565e-10	0.0122331
4.76636e-10	0.0122224
4.76707e-10	0.0122116
4.76778e-10	0.0122008
4.76849e-10	0.01219
4.76919e-10	0.0121791
4.7699e-10	0.0121682
4.77061e-10	0.0121572
4.77132e-10	0.0121462
4.77203e-10	0.0121352
4.77274e-10	0.0121241
4.77345e-10	0.012113
4.77416e-10	0.0121018
4.77487e-10	0.0120906
4.77558e-10	0.0120794
4.77629e-10	0.0120681
4.777e-10	0.0120568
4.77771e-10	0.0120455
4.77842e-10	0.0120341
4.77912e-10	0.0120226
4.77983e-10	0.0120111
4.78054e-10	0.0119996
4.78125e-10	0.0119881
4.78196e-10	0.0119765
4.78267e-10	0.0119649
4.78338e-10	0.0119532
4.78409e-10	0.0119415
4.7848e-10	0.0119297
4.78551e-10	0.0119179
4.78622e-10	0.0119061
4.78693e-10	0.0118942
4.78764e-10	0.0118823
4.78835e-10	0.0118703
4.78905e-10	0.0118583
4.78976e-10	0.0118463
4.79047e-10	0.0118342
4.79118e-10	0.0118221
4.79189e-10	0.01181
4.7926e-10	0.0117978
4.79331e-10	0.0117855
4.79402e-10	0.0117733
4.79473e-10	0.0117609
4.79544e-10	0.0117486
4.79615e-10	0.0117362
4.79686e-10	0.0117238
4.79757e-10	0.0117113
4.79828e-10	0.0116988
4.79898e-10	0.0116862
4.79969e-10	0.0116736
4.8004e-10	0.011661
4.80111e-10	0.0116483
4.80182e-10	0.0116356
4.80253e-10	0.0116228
4.80324e-10	0.01161
4.80395e-10	0.0115972
4.80466e-10	0.0115843
4.80537e-10	0.0115714
4.80608e-10	0.0115584
4.80679e-10	0.0115454
4.8075e-10	0.0115323
4.80821e-10	0.0115193
4.80891e-10	0.0115061
4.80962e-10	0.011493
4.81033e-10	0.0114798
4.81104e-10	0.0114665
4.81175e-10	0.0114532
4.81246e-10	0.0114399
4.81317e-10	0.0114265
4.81388e-10	0.0114131
4.81459e-10	0.0113997
4.8153e-10	0.0113862
4.81601e-10	0.0113726
4.81672e-10	0.0113591
4.81743e-10	0.0113454
4.81814e-10	0.0113318
4.81884e-10	0.0113181
4.81955e-10	0.0113043
4.82026e-10	0.0112906
4.82097e-10	0.0112767
4.82168e-10	0.0112629
4.82239e-10	0.011249
4.8231e-10	0.011235
4.82381e-10	0.0112211
4.82452e-10	0.011207
4.82523e-10	0.011193
4.82594e-10	0.0111789
4.82665e-10	0.0111647
4.82736e-10	0.0111505
4.82806e-10	0.0111363
4.82877e-10	0.011122
4.82948e-10	0.0111077
4.83019e-10	0.0110934
4.8309e-10	0.011079
4.83161e-10	0.0110645
4.83232e-10	0.0110501
4.83303e-10	0.0110355
4.83374e-10	0.011021
4.83445e-10	0.0110064
4.83516e-10	0.0109917
4.83587e-10	0.010977
4.83658e-10	0.0109623
4.83729e-10	0.0109476
4.83799e-10	0.0109327
4.8387e-10	0.0109179
4.83941e-10	0.010903
4.84012e-10	0.0108881
4.84083e-10	0.0108731
4.84154e-10	0.0108581
4.84225e-10	0.010843
4.84296e-10	0.0108279
4.84367e-10	0.0108128
4.84438e-10	0.0107976
4.84509e-10	0.0107824
4.8458e-10	0.0107671
4.84651e-10	0.0107518
4.84722e-10	0.0107365
4.84792e-10	0.0107211
4.84863e-10	0.0107057
4.84934e-10	0.0106902
4.85005e-10	0.0106747
4.85076e-10	0.0106591
4.85147e-10	0.0106435
4.85218e-10	0.0106279
4.85289e-10	0.0106122
4.8536e-10	0.0105965
4.85431e-10	0.0105807
4.85502e-10	0.0105649
4.85573e-10	0.0105491
4.85644e-10	0.0105332
4.85715e-10	0.0105173
4.85785e-10	0.0105013
4.85856e-10	0.0104853
4.85927e-10	0.0104692
4.85998e-10	0.0104531
4.86069e-10	0.010437
4.8614e-10	0.0104208
4.86211e-10	0.0104046
4.86282e-10	0.0103883
4.86353e-10	0.010372
4.86424e-10	0.0103557
4.86495e-10	0.0103393
4.86566e-10	0.0103229
4.86637e-10	0.0103064
4.86708e-10	0.0102899
4.86778e-10	0.0102733
4.86849e-10	0.0102567
4.8692e-10	0.0102401
4.86991e-10	0.0102234
4.87062e-10	0.0102067
4.87133e-10	0.0101899
4.87204e-10	0.0101731
4.87275e-10	0.0101563
4.87346e-10	0.0101394
4.87417e-10	0.0101225
4.87488e-10	0.0101055
4.87559e-10	0.0100885
4.8763e-10	0.0100714
4.87701e-10	0.0100543
4.87771e-10	0.0100372
4.87842e-10	0.01002
4.87913e-10	0.0100028
4.87984e-10	0.00998549
4.88055e-10	0.00996818
4.88126e-10	0.00995082
4.88197e-10	0.00993343
4.88268e-10	0.00991599
4.88339e-10	0.00989851
4.8841e-10	0.00988099
4.88481e-10	0.00986343
4.88552e-10	0.00984582
4.88623e-10	0.00982818
4.88694e-10	0.00981049
4.88764e-10	0.00979275
4.88835e-10	0.00977498
4.88906e-10	0.00975716
4.88977e-10	0.00973931
4.89048e-10	0.00972141
4.89119e-10	0.00970346
4.8919e-10	0.00968548
4.89261e-10	0.00966745
4.89332e-10	0.00964938
4.89403e-10	0.00963127
4.89474e-10	0.00961312
4.89545e-10	0.00959492
4.89616e-10	0.00957668
4.89687e-10	0.0095584
4.89757e-10	0.00954008
4.89828e-10	0.00952171
4.89899e-10	0.00950331
4.8997e-10	0.00948486
4.90041e-10	0.00946637
4.90112e-10	0.00944783
4.90183e-10	0.00942925
4.90254e-10	0.00941064
4.90325e-10	0.00939197
4.90396e-10	0.00937327
4.90467e-10	0.00935453
4.90538e-10	0.00933574
4.90609e-10	0.00931691
4.90679e-10	0.00929803
4.9075e-10	0.00927912
4.90821e-10	0.00926016
4.90892e-10	0.00924116
4.90963e-10	0.00922212
4.91034e-10	0.00920303
4.91105e-10	0.00918391
4.91176e-10	0.00916474
4.91247e-10	0.00914552
4.91318e-10	0.00912627
4.91389e-10	0.00910697
4.9146e-10	0.00908763
4.91531e-10	0.00906825
4.91602e-10	0.00904883
4.91672e-10	0.00902936
4.91743e-10	0.00900985
4.91814e-10	0.0089903
4.91885e-10	0.00897071
4.91956e-10	0.00895107
4.92027e-10	0.00893139
4.92098e-10	0.00891167
4.92169e-10	0.00889191
4.9224e-10	0.0088721
4.92311e-10	0.00885225
4.92382e-10	0.00883236
4.92453e-10	0.00881243
4.92524e-10	0.00879245
4.92595e-10	0.00877243
4.92665e-10	0.00875237
4.92736e-10	0.00873227
4.92807e-10	0.00871212
4.92878e-10	0.00869193
4.92949e-10	0.0086717
4.9302e-10	0.00865143
4.93091e-10	0.00863111
4.93162e-10	0.00861075
4.93233e-10	0.00859035
4.93304e-10	0.00856991
4.93375e-10	0.00854942
4.93446e-10	0.00852889
4.93517e-10	0.00850832
4.93588e-10	0.0084877
4.93658e-10	0.00846705
4.93729e-10	0.00844635
4.938e-10	0.00842561
4.93871e-10	0.00840482
4.93942e-10	0.00838399
4.94013e-10	0.00836313
4.94084e-10	0.00834221
4.94155e-10	0.00832126
4.94226e-10	0.00830026
4.94297e-10	0.00827922
4.94368e-10	0.00825814
4.94439e-10	0.00823701
4.9451e-10	0.00821585
4.94581e-10	0.00819464
4.94651e-10	0.00817338
4.94722e-10	0.00815209
4.94793e-10	0.00813075
4.94864e-10	0.00810937
4.94935e-10	0.00808795
4.95006e-10	0.00806648
4.95077e-10	0.00804497
4.95148e-10	0.00802342
4.95219e-10	0.00800183
4.9529e-10	0.00798019
4.95361e-10	0.00795852
4.95432e-10	0.00793679
4.95503e-10	0.00791503
4.95574e-10	0.00789322
4.95644e-10	0.00787138
4.95715e-10	0.00784948
4.95786e-10	0.00782755
4.95857e-10	0.00780557
4.95928e-10	0.00778355
4.95999e-10	0.00776149
4.9607e-10	0.00773939
4.96141e-10	0.00771724
4.96212e-10	0.00769505
4.96283e-10	0.00767282
4.96354e-10	0.00765054
4.96425e-10	0.00762823
4.96496e-10	0.00760587
4.96567e-10	0.00758347
4.96637e-10	0.00756102
4.96708e-10	0.00753853
4.96779e-10	0.007516
4.9685e-10	0.00749343
4.96921e-10	0.00747081
4.96992e-10	0.00744816
4.97063e-10	0.00742546
4.97134e-10	0.00740271
4.97205e-10	0.00737993
4.97276e-10	0.0073571
4.97347e-10	0.00733423
4.97418e-10	0.00731132
4.97489e-10	0.00728836
4.9756e-10	0.00726536
4.9763e-10	0.00724232
4.97701e-10	0.00721924
4.97772e-10	0.00719611
4.97843e-10	0.00717294
4.97914e-10	0.00714973
4.97985e-10	0.00712648
4.98056e-10	0.00710318
4.98127e-10	0.00707984
4.98198e-10	0.00705646
4.98269e-10	0.00703304
4.9834e-10	0.00700957
4.98411e-10	0.00698606
4.98482e-10	0.00696251
4.98552e-10	0.00693892
4.98623e-10	0.00691528
4.98694e-10	0.0068916
4.98765e-10	0.00686788
4.98836e-10	0.00684412
4.98907e-10	0.00682031
4.98978e-10	0.00679646
4.99049e-10	0.00677257
4.9912e-10	0.00674864
4.99191e-10	0.00672466
4.99262e-10	0.00670064
4.99333e-10	0.00667658
4.99404e-10	0.00665248
4.99475e-10	0.00662833
4.99545e-10	0.00660415
4.99616e-10	0.00657992
4.99687e-10	0.00655564
4.99758e-10	0.00653133
4.99829e-10	0.00650697
4.999e-10	0.00648257
4.99971e-10	0.00645813
5.00042e-10	0.00643364
5.00113e-10	0.00640911
5.00184e-10	0.00638454
5.00255e-10	0.00635993
5.00326e-10	0.00633528
5.00397e-10	0.00631058
5.00468e-10	0.00628584
5.00538e-10	0.00626106
5.00609e-10	0.00623624
5.0068e-10	0.00621137
5.00751e-10	0.00618646
5.00822e-10	0.00616151
5.00893e-10	0.00613652
5.00964e-10	0.00611148
5.01035e-10	0.0060864
5.01106e-10	0.00606128
5.01177e-10	0.00603612
5.01248e-10	0.00601092
5.01319e-10	0.00598567
5.0139e-10	0.00596038
5.01461e-10	0.00593505
5.01531e-10	0.00590967
5.01602e-10	0.00588426
5.01673e-10	0.0058588
5.01744e-10	0.0058333
5.01815e-10	0.00580776
5.01886e-10	0.00578217
5.01957e-10	0.00575655
5.02028e-10	0.00573088
5.02099e-10	0.00570517
5.0217e-10	0.00567941
5.02241e-10	0.00565362
5.02312e-10	0.00562778
5.02383e-10	0.0056019
5.02454e-10	0.00557598
5.02524e-10	0.00555001
5.02595e-10	0.00552401
5.02666e-10	0.00549796
5.02737e-10	0.00547187
5.02808e-10	0.00544574
5.02879e-10	0.00541956
5.0295e-10	0.00539335
5.03021e-10	0.00536709
5.03092e-10	0.00534079
5.03163e-10	0.00531444
5.03234e-10	0.00528806
5.03305e-10	0.00526163
5.03376e-10	0.00523517
5.03447e-10	0.00520865
5.03517e-10	0.0051821
5.03588e-10	0.00515551
5.03659e-10	0.00512887
5.0373e-10	0.00510219
5.03801e-10	0.00507547
5.03872e-10	0.00504871
5.03943e-10	0.00502191
5.04014e-10	0.00499506
5.04085e-10	0.00496817
5.04156e-10	0.00494125
5.04227e-10	0.00491427
5.04298e-10	0.00488726
5.04369e-10	0.00486021
5.0444e-10	0.00483311
5.0451e-10	0.00480597
5.04581e-10	0.00477879
5.04652e-10	0.00475157
5.04723e-10	0.00472431
5.04794e-10	0.004697
5.04865e-10	0.00466965
5.04936e-10	0.00464226
5.05007e-10	0.00461483
5.05078e-10	0.00458736
5.05149e-10	0.00455985
5.0522e-10	0.00453229
5.05291e-10	0.0045047
5.05362e-10	0.00447706
5.05433e-10	0.00444938
5.05503e-10	0.00442165
5.05574e-10	0.00439389
5.05645e-10	0.00436609
5.05716e-10	0.00433824
5.05787e-10	0.00431035
5.05858e-10	0.00428242
5.05929e-10	0.00425445
5.06e-10	0.00422644
5.06071e-10	0.00419838
5.06142e-10	0.00417029
5.06213e-10	0.00414215
5.06284e-10	0.00411397
5.06355e-10	0.00408575
5.06425e-10	0.00405749
5.06496e-10	0.00402919
5.06567e-10	0.00400085
5.06638e-10	0.00397246
5.06709e-10	0.00394403
5.0678e-10	0.00391557
5.06851e-10	0.00388706
5.06922e-10	0.00385851
5.06993e-10	0.00382992
5.07064e-10	0.00380128
5.07135e-10	0.00377261
5.07206e-10	0.00374389
5.07277e-10	0.00371514
5.07348e-10	0.00368634
5.07418e-10	0.0036575
5.07489e-10	0.00362862
5.0756e-10	0.0035997
5.07631e-10	0.00357074
5.07702e-10	0.00354173
5.07773e-10	0.00351269
5.07844e-10	0.0034836
5.07915e-10	0.00345448
5.07986e-10	0.00342531
5.08057e-10	0.0033961
5.08128e-10	0.00336685
5.08199e-10	0.00333756
5.0827e-10	0.00330823
5.08341e-10	0.00327886
5.08411e-10	0.00324945
5.08482e-10	0.00321999
5.08553e-10	0.0031905
5.08624e-10	0.00316096
5.08695e-10	0.00313139
5.08766e-10	0.00310177
5.08837e-10	0.00307211
5.08908e-10	0.00304241
5.08979e-10	0.00301267
5.0905e-10	0.00298289
5.09121e-10	0.00295307
5.09192e-10	0.00292321
5.09263e-10	0.00289331
5.09334e-10	0.00286337
5.09404e-10	0.00283338
5.09475e-10	0.00280336
5.09546e-10	0.00277329
5.09617e-10	0.00274319
5.09688e-10	0.00271304
5.09759e-10	0.00268286
5.0983e-10	0.00265263
5.09901e-10	0.00262236
5.09972e-10	0.00259206
5.10043e-10	0.00256171
5.10114e-10	0.00253132
5.10185e-10	0.00250089
5.10256e-10	0.00247042
5.10327e-10	0.00243991
5.10397e-10	0.00240936
5.10468e-10	0.00237877
5.10539e-10	0.00234814
5.1061e-10	0.00231747
5.10681e-10	0.00228676
5.10752e-10	0.00225601
5.10823e-10	0.00222522
5.10894e-10	0.00219439
5.10965e-10	0.00216352
5.11036e-10	0.00213261
5.11107e-10	0.00210166
5.11178e-10	0.00207067
5.11249e-10	0.00203963
5.1132e-10	0.00200856
5.1139e-10	0.00197745
5.11461e-10	0.0019463
5.11532e-10	0.00191511
5.11603e-10	0.00188388
5.11674e-10	0.00185261
5.11745e-10	0.00182129
5.11816e-10	0.00178994
5.11887e-10	0.00175855
5.11958e-10	0.00172712
5.12029e-10	0.00169565
5.121e-10	0.00166414
5.12171e-10	0.00163259
5.12242e-10	0.001601
5.12313e-10	0.00156937
5.12383e-10	0.00153771
5.12454e-10	0.001506
5.12525e-10	0.00147425
5.12596e-10	0.00144246
5.12667e-10	0.00141064
5.12738e-10	0.00137877
5.12809e-10	0.00134686
5.1288e-10	0.00131492
5.12951e-10	0.00128293
5.13022e-10	0.00125091
5.13093e-10	0.00121885
5.13164e-10	0.00118674
5.13235e-10	0.0011546
5.13306e-10	0.00112242
5.13376e-10	0.0010902
5.13447e-10	0.00105794
5.13518e-10	0.00102564
5.13589e-10	0.000993303
5.1366e-10	0.000960926
5.13731e-10	0.00092851
5.13802e-10	0.000896054
5.13873e-10	0.000863559
5.13944e-10	0.000831026
5.14015e-10	0.000798453
5.14086e-10	0.000765842
5.14157e-10	0.000733191
5.14228e-10	0.000700502
5.14299e-10	0.000667773
5.14369e-10	0.000635006
5.1444e-10	0.0006022
5.14511e-10	0.000569355
5.14582e-10	0.000536472
5.14653e-10	0.000503549
5.14724e-10	0.000470588
5.14795e-10	0.000437589
5.14866e-10	0.00040455
5.14937e-10	0.000371473
5.15008e-10	0.000338358
5.15079e-10	0.000305204
5.1515e-10	0.000272011
5.15221e-10	0.00023878
5.15291e-10	0.00020551
5.15362e-10	0.000172202
5.15433e-10	0.000138856
5.15504e-10	0.000105471
5.15575e-10	7.20476e-05
5.15646e-10	3.85861e-05
5.15717e-10	5.08631e-06
5.15788e-10	-2.84517e-05
5.15859e-10	-6.2028e-05
5.1593e-10	-9.56424e-05
5.16001e-10	-0.000129295
5.16072e-10	-0.000162986
5.16143e-10	-0.000196715
5.16214e-10	-0.000230481
5.16284e-10	-0.000264286
5.16355e-10	-0.000298129
5.16426e-10	-0.00033201
5.16497e-10	-0.000365929
5.16568e-10	-0.000399885
5.16639e-10	-0.00043388
5.1671e-10	-0.000467912
5.16781e-10	-0.000501982
5.16852e-10	-0.00053609
5.16923e-10	-0.000570236
5.16994e-10	-0.000604419
5.17065e-10	-0.00063864
5.17136e-10	-0.000672899
5.17207e-10	-0.000707195
5.17277e-10	-0.000741529
5.17348e-10	-0.0007759
5.17419e-10	-0.000810309
5.1749e-10	-0.000844755
5.17561e-10	-0.000879239
5.17632e-10	-0.00091376
5.17703e-10	-0.000948318
5.17774e-10	-0.000982914
5.17845e-10	-0.00101755
5.17916e-10	-0.00105222
5.17987e-10	-0.00108692
5.18058e-10	-0.00112167
5.18129e-10	-0.00115645
5.182e-10	-0.00119127
5.1827e-10	-0.00122613
5.18341e-10	-0.00126102
5.18412e-10	-0.00129595
5.18483e-10	-0.00133092
5.18554e-10	-0.00136592
5.18625e-10	-0.00140096
5.18696e-10	-0.00143604
5.18767e-10	-0.00147115
5.18838e-10	-0.0015063
5.18909e-10	-0.00154149
5.1898e-10	-0.00157672
5.19051e-10	-0.00161198
5.19122e-10	-0.00164728
5.19193e-10	-0.00168261
5.19263e-10	-0.00171798
5.19334e-10	-0.00175339
5.19405e-10	-0.00178883
5.19476e-10	-0.00182431
5.19547e-10	-0.00185983
5.19618e-10	-0.00189538
5.19689e-10	-0.00193097
5.1976e-10	-0.0019666
5.19831e-10	-0.00200226
5.19902e-10	-0.00203796
5.19973e-10	-0.00207369
5.20044e-10	-0.00210946
5.20115e-10	-0.00214527
5.20186e-10	-0.00218111
5.20256e-10	-0.00221699
5.20327e-10	-0.00225291
5.20398e-10	-0.00228886
5.20469e-10	-0.00232484
5.2054e-10	-0.00236087
5.20611e-10	-0.00239692
5.20682e-10	-0.00243302
5.20753e-10	-0.00246915
5.20824e-10	-0.00250531
5.20895e-10	-0.00254151
5.20966e-10	-0.00257775
5.21037e-10	-0.00261402
5.21108e-10	-0.00265033
5.21179e-10	-0.00268667
5.21249e-10	-0.00272305
5.2132e-10	-0.00275947
5.21391e-10	-0.00279592
5.21462e-10	-0.0028324
5.21533e-10	-0.00286892
5.21604e-10	-0.00290548
5.21675e-10	-0.00294207
5.21746e-10	-0.00297869
5.21817e-10	-0.00301535
5.21888e-10	-0.00305205
5.21959e-10	-0.00308878
5.2203e-10	-0.00312555
5.22101e-10	-0.00316235
5.22172e-10	-0.00319918
5.22242e-10	-0.00323605
5.22313e-10	-0.00327296
5.22384e-10	-0.0033099
5.22455e-10	-0.00334688
5.22526e-10	-0.00338388
5.22597e-10	-0.00342093
5.22668e-10	-0.00345801
5.22739e-10	-0.00349512
5.2281e-10	-0.00353227
5.22881e-10	-0.00356945
5.22952e-10	-0.00360667
5.23023e-10	-0.00364392
5.23094e-10	-0.00368121
5.23164e-10	-0.00371853
5.23235e-10	-0.00375588
5.23306e-10	-0.00379327
5.23377e-10	-0.00383069
5.23448e-10	-0.00386815
5.23519e-10	-0.00390564
5.2359e-10	-0.00394316
5.23661e-10	-0.00398072
5.23732e-10	-0.00401831
5.23803e-10	-0.00405594
5.23874e-10	-0.0040936
5.23945e-10	-0.00413129
5.24016e-10	-0.00416902
5.24087e-10	-0.00420678
5.24157e-10	-0.00424458
5.24228e-10	-0.00428241
5.24299e-10	-0.00432027
5.2437e-10	-0.00435817
5.24441e-10	-0.0043961
5.24512e-10	-0.00443406
5.24583e-10	-0.00447205
5.24654e-10	-0.00451008
5.24725e-10	-0.00454815
5.24796e-10	-0.00458624
5.24867e-10	-0.00462437
5.24938e-10	-0.00466253
5.25009e-10	-0.00470073
5.2508e-10	-0.00473896
5.2515e-10	-0.00477722
5.25221e-10	-0.00481551
5.25292e-10	-0.00485384
5.25363e-10	-0.0048922
5.25434e-10	-0.00493059
5.25505e-10	-0.00496902
5.25576e-10	-0.00500748
5.25647e-10	-0.00504597
5.25718e-10	-0.00508449
5.25789e-10	-0.00512305
5.2586e-10	-0.00516164
5.25931e-10	-0.00520026
5.26002e-10	-0.00523891
5.26073e-10	-0.0052776
5.26143e-10	-0.00531632
5.26214e-10	-0.00535507
5.26285e-10	-0.00539385
5.26356e-10	-0.00543267
5.26427e-10	-0.00547151
5.26498e-10	-0.00551039
5.26569e-10	-0.0055493
5.2664e-10	-0.00558825
5.26711e-10	-0.00562722
5.26782e-10	-0.00566623
5.26853e-10	-0.00570527
5.26924e-10	-0.00574434
5.26995e-10	-0.00578344
5.27066e-10	-0.00582257
5.27136e-10	-0.00586174
5.27207e-10	-0.00590093
5.27278e-10	-0.00594016
5.27349e-10	-0.00597942
5.2742e-10	-0.00601871
5.27491e-10	-0.00605803
5.27562e-10	-0.00609739
5.27633e-10	-0.00613677
5.27704e-10	-0.00617619
5.27775e-10	-0.00621564
5.27846e-10	-0.00625512
5.27917e-10	-0.00629462
5.27988e-10	-0.00633417
5.28059e-10	-0.00637374
5.28129e-10	-0.00641334
5.282e-10	-0.00645297
5.28271e-10	-0.00649264
5.28342e-10	-0.00653233
5.28413e-10	-0.00657205
5.28484e-10	-0.00661181
5.28555e-10	-0.0066516
5.28626e-10	-0.00669141
5.28697e-10	-0.00673126
5.28768e-10	-0.00677114
5.28839e-10	-0.00681105
5.2891e-10	-0.00685098
5.28981e-10	-0.00689095
5.29052e-10	-0.00693095
5.29122e-10	-0.00697098
5.29193e-10	-0.00701104
5.29264e-10	-0.00705113
5.29335e-10	-0.00709124
5.29406e-10	-0.00713139
5.29477e-10	-0.00717157
5.29548e-10	-0.00721178
5.29619e-10	-0.00725202
5.2969e-10	-0.00729228
5.29761e-10	-0.00733258
5.29832e-10	-0.00737291
5.29903e-10	-0.00741326
5.29974e-10	-0.00745365
5.30045e-10	-0.00749406
5.30115e-10	-0.00753451
5.30186e-10	-0.00757498
5.30257e-10	-0.00761548
5.30328e-10	-0.00765601
5.30399e-10	-0.00769657
5.3047e-10	-0.00773716
5.30541e-10	-0.00777778
5.30612e-10	-0.00781843
5.30683e-10	-0.00785911
5.30754e-10	-0.00789981
5.30825e-10	-0.00794055
5.30896e-10	-0.00798131
5.30967e-10	-0.0080221
5.31037e-10	-0.00806292
5.31108e-10	-0.00810377
5.31179e-10	-0.00814464
5.3125e-10	-0.00818555
5.31321e-10	-0.00822648
5.31392e-10	-0.00826744
5.31463e-10	-0.00830843
5.31534e-10	-0.00834945
5.31605e-10	-0.0083905
5.31676e-10	-0.00843157
5.31747e-10	-0.00847267
5.31818e-10	-0.0085138
5.31889e-10	-0.00855496
5.3196e-10	-0.00859615
5.3203e-10	-0.00863736
5.32101e-10	-0.0086786
5.32172e-10	-0.00871987
5.32243e-10	-0.00876117
5.32314e-10	-0.00880249
5.32385e-10	-0.00884384
5.32456e-10	-0.00888522
5.32527e-10	-0.00892663
5.32598e-10	-0.00896806
5.32669e-10	-0.00900952
5.3274e-10	-0.00905101
5.32811e-10	-0.00909252
5.32882e-10	-0.00913406
5.32953e-10	-0.00917563
5.33023e-10	-0.00921723
5.33094e-10	-0.00925885
5.33165e-10	-0.0093005
5.33236e-10	-0.00934217
5.33307e-10	-0.00938387
5.33378e-10	-0.0094256
5.33449e-10	-0.00946736
5.3352e-10	-0.00950914
5.33591e-10	-0.00955095
5.33662e-10	-0.00959278
5.33733e-10	-0.00963464
5.33804e-10	-0.00967653
5.33875e-10	-0.00971844
5.33946e-10	-0.00976038
5.34016e-10	-0.00980234
5.34087e-10	-0.00984433
5.34158e-10	-0.00988635
5.34229e-10	-0.00992839
5.343e-10	-0.00997046
5.34371e-10	-0.0100126
5.34442e-10	-0.0100547
5.34513e-10	-0.0100968
5.34584e-10	-0.010139
5.34655e-10	-0.0101812
5.34726e-10	-0.0102234
5.34797e-10	-0.0102657
5.34868e-10	-0.0103079
5.34939e-10	-0.0103502
5.35009e-10	-0.0103925
5.3508e-10	-0.0104349
5.35151e-10	-0.0104773
5.35222e-10	-0.0105197
5.35293e-10	-0.0105621
5.35364e-10	-0.0106045
5.35435e-10	-0.010647
5.35506e-10	-0.0106895
5.35577e-10	-0.010732
5.35648e-10	-0.0107746
5.35719e-10	-0.0108171
5.3579e-10	-0.0108597
5.35861e-10	-0.0109023
5.35932e-10	-0.010945
5.36002e-10	-0.0109876
5.36073e-10	-0.0110303
5.36144e-10	-0.011073
5.36215e-10	-0.0111158
5.36286e-10	-0.0111585
5.36357e-10	-0.0112013
5.36428e-10	-0.0112441
5.36499e-10	-0.011287
5.3657e-10	-0.0113298
5.36641e-10	-0.0113727
5.36712e-10	-0.0114156
5.36783e-10	-0.0114585
5.36854e-10	-0.0115015
5.36925e-10	-0.0115445
5.36995e-10	-0.0115874
5.37066e-10	-0.0116305
5.37137e-10	-0.0116735
5.37208e-10	-0.0117166
5.37279e-10	-0.0117597
5.3735e-10	-0.0118028
5.37421e-10	-0.0118459
5.37492e-10	-0.0118891
5.37563e-10	-0.0119322
5.37634e-10	-0.0119754
5.37705e-10	-0.0120187
5.37776e-10	-0.0120619
5.37847e-10	-0.0121052
5.37918e-10	-0.0121485
5.37988e-10	-0.0121918
5.38059e-10	-0.0122351
5.3813e-10	-0.0122785
5.38201e-10	-0.0123219
5.38272e-10	-0.0123653
5.38343e-10	-0.0124087
5.38414e-10	-0.0124521
5.38485e-10	-0.0124956
5.38556e-10	-0.0125391
5.38627e-10	-0.0125826
5.38698e-10	-0.0126261
5.38769e-10	-0.0126697
5.3884e-10	-0.0127133
5.3891e-10	-0.0127568
5.38981e-10	-0.0128005
5.39052e-10	-0.0128441
5.39123e-10	-0.0128878
5.39194e-10	-0.0129314
5.39265e-10	-0.0129751
5.39336e-10	-0.0130189
5.39407e-10	-0.0130626
5.39478e-10	-0.0131064
5.39549e-10	-0.0131501
5.3962e-10	-0.013194
5.39691e-10	-0.0132378
5.39762e-10	-0.0132816
5.39833e-10	-0.0133255
5.39903e-10	-0.0133694
5.39974e-10	-0.0134133
5.40045e-10	-0.0134572
5.40116e-10	-0.0135011
5.40187e-10	-0.0135451
5.40258e-10	-0.0135891
5.40329e-10	-0.0136331
5.404e-10	-0.0136771
5.40471e-10	-0.0137212
5.40542e-10	-0.0137652
5.40613e-10	-0.0138093
5.40684e-10	-0.0138534
5.40755e-10	-0.0138975
5.40826e-10	-0.0139417
5.40896e-10	-0.0139858
5.40967e-10	-0.01403
5.41038e-10	-0.0140742
5.41109e-10	-0.0141184
5.4118e-10	-0.0141627
5.41251e-10	-0.0142069
5.41322e-10	-0.0142512
5.41393e-10	-0.0142955
5.41464e-10	-0.0143398
5.41535e-10	-0.0143841
5.41606e-10	-0.0144285
5.41677e-10	-0.0144728
5.41748e-10	-0.0145172
5.41819e-10	-0.0145616
5.41889e-10	-0.0146061
5.4196e-10	-0.0146505
5.42031e-10	-0.0146949
5.42102e-10	-0.0147394
5.42173e-10	-0.0147839
5.42244e-10	-0.0148284
5.42315e-10	-0.014873
5.42386e-10	-0.0149175
5.42457e-10	-0.0149621
5.42528e-10	-0.0150066
5.42599e-10	-0.0150512
5.4267e-10	-0.0150958
5.42741e-10	-0.0151405
5.42812e-10	-0.0151851
5.42882e-10	-0.0152298
5.42953e-10	-0.0152745
5.43024e-10	-0.0153192
5.43095e-10	-0.0153639
5.43166e-10	-0.0154086
5.43237e-10	-0.0154534
5.43308e-10	-0.0154981
5.43379e-10	-0.0155429
5.4345e-10	-0.0155877
5.43521e-10	-0.0156325
5.43592e-10	-0.0156774
5.43663e-10	-0.0157222
5.43734e-10	-0.0157671
5.43805e-10	-0.0158119
5.43875e-10	-0.0158568
5.43946e-10	-0.0159018
5.44017e-10	-0.0159467
5.44088e-10	-0.0159916
5.44159e-10	-0.0160366
5.4423e-10	-0.0160815
5.44301e-10	-0.0161265
5.44372e-10	-0.0161715
5.44443e-10	-0.0162166
5.44514e-10	-0.0162616
5.44585e-10	-0.0163066
5.44656e-10	-0.0163517
5.44727e-10	-0.0163968
5.44798e-10	-0.0164419
5.44868e-10	-0.016487
5.44939e-10	-0.0165321
5.4501e-10	-0.0165772
5.45081e-10	-0.0166224
5.45152e-10	-0.0166676
5.45223e-10	-0.0167127
5.45294e-10	-0.0167579
5.45365e-10	-0.0168031
5.45436e-10	-0.0168484
5.45507e-10	-0.0168936
5.45578e-10	-0.0169388
5.45649e-10	-0.0169841
5.4572e-10	-0.0170294
5.45791e-10	-0.0170747
5.45861e-10	-0.01712
5.45932e-10	-0.0171653
5.46003e-10	-0.0172106
5.46074e-10	-0.017256
5.46145e-10	-0.0173013
5.46216e-10	-0.0173467
5.46287e-10	-0.0173921
5.46358e-10	-0.0174375
5.46429e-10	-0.0174829
5.465e-10	-0.0175283
5.46571e-10	-0.0175737
5.46642e-10	-0.0176192
5.46713e-10	-0.0176647
5.46783e-10	-0.0177101
5.46854e-10	-0.0177556
5.46925e-10	-0.0178011
5.46996e-10	-0.0178466
5.47067e-10	-0.0178921
5.47138e-10	-0.0179377
5.47209e-10	-0.0179832
5.4728e-10	-0.0180288
5.47351e-10	-0.0180743
5.47422e-10	-0.0181199
5.47493e-10	-0.0181655
5.47564e-10	-0.0182111
5.47635e-10	-0.0182567
5.47706e-10	-0.0183024
5.47776e-10	-0.018348
5.47847e-10	-0.0183936
5.47918e-10	-0.0184393
5.47989e-10	-0.018485
5.4806e-10	-0.0185306
5.48131e-10	-0.0185763
5.48202e-10	-0.018622
5.48273e-10	-0.0186678
5.48344e-10	-0.0187135
5.48415e-10	-0.0187592
5.48486e-10	-0.0188049
5.48557e-10	-0.0188507
5.48628e-10	-0.0188965
5.48699e-10	-0.0189422
5.48769e-10	-0.018988
5.4884e-10	-0.0190338
5.48911e-10	-0.0190796
5.48982e-10	-0.0191254
5.49053e-10	-0.0191713
5.49124e-10	-0.0192171
5.49195e-10	-0.0192629
5.49266e-10	-0.0193088
5.49337e-10	-0.0193546
5.49408e-10	-0.0194005
5.49479e-10	-0.0194464
5.4955e-10	-0.0194923
5.49621e-10	-0.0195382
5.49692e-10	-0.0195841
5.49762e-10	-0.01963
5.49833e-10	-0.0196759
5.49904e-10	-0.0197218
5.49975e-10	-0.0197678
5.50046e-10	-0.0198137
5.50117e-10	-0.0198597
5.50188e-10	-0.0199056
5.50259e-10	-0.0199516
5.5033e-10	-0.0199976
5.50401e-10	-0.0200436
5.50472e-10	-0.0200896
5.50543e-10	-0.0201356
5.50614e-10	-0.0201816
5.50685e-10	-0.0202276
5.50755e-10	-0.0202736
5.50826e-10	-0.0203197
5.50897e-10	-0.0203657
5.50968e-10	-0.0204117
5.51039e-10	-0.0204578
5.5111e-10	-0.0205039
5.51181e-10	-0.0205499
5.51252e-10	-0.020596
5.51323e-10	-0.0206421
5.51394e-10	-0.0206882
5.51465e-10	-0.0207343
5.51536e-10	-0.0207804
5.51607e-10	-0.0208265
5.51678e-10	-0.0208726
5.51748e-10	-0.0209187
5.51819e-10	-0.0209648
5.5189e-10	-0.0210109
5.51961e-10	-0.0210571
5.52032e-10	-0.0211032
5.52103e-10	-0.0211494
5.52174e-10	-0.0211955
5.52245e-10	-0.0212417
5.52316e-10	-0.0212878
5.52387e-10	-0.021334
5.52458e-10	-0.0213802
5.52529e-10	-0.0214264
5.526e-10	-0.0214725
5.52671e-10	-0.0215187
5.52741e-10	-0.0215649
5.52812e-10	-0.0216111
5.52883e-10	-0.0216573
5.52954e-10	-0.0217035
5.53025e-10	-0.0217497
5.53096e-10	-0.0217959
5.53167e-10	-0.0218422
5.53238e-10	-0.0218884
5.53309e-10	-0.0219346
5.5338e-10	-0.0219808
5.53451e-10	-0.0220271
5.53522e-10	-0.0220733
5.53593e-10	-0.0221196
5.53664e-10	-0.0221658
5.53734e-10	-0.022212
5.53805e-10	-0.0222583
5.53876e-10	-0.0223046
5.53947e-10	-0.0223508
5.54018e-10	-0.0223971
5.54089e-10	-0.0224433
5.5416e-10	-0.0224896
5.54231e-10	-0.0225359
5.54302e-10	-0.0225821
5.54373e-10	-0.0226284
5.54444e-10	-0.0226747
5.54515e-10	-0.022721
5.54586e-10	-0.0227672
5.54656e-10	-0.0228135
5.54727e-10	-0.0228598
5.54798e-10	-0.0229061
5.54869e-10	-0.0229524
5.5494e-10	-0.0229987
5.55011e-10	-0.023045
5.55082e-10	-0.0230913
5.55153e-10	-0.0231376
5.55224e-10	-0.0231839
5.55295e-10	-0.0232302
5.55366e-10	-0.0232765
5.55437e-10	-0.0233227
5.55508e-10	-0.023369
5.55579e-10	-0.0234153
5.55649e-10	-0.0234616
5.5572e-10	-0.023508
5.55791e-10	-0.0235543
5.55862e-10	-0.0236006
5.55933e-10	-0.0236469
5.56004e-10	-0.0236932
5.56075e-10	-0.0237395
5.56146e-10	-0.0237858
5.56217e-10	-0.0238321
5.56288e-10	-0.0238784
5.56359e-10	-0.0239247
5.5643e-10	-0.023971
5.56501e-10	-0.0240173
5.56572e-10	-0.0240636
5.56642e-10	-0.0241099
5.56713e-10	-0.0241562
5.56784e-10	-0.0242025
5.56855e-10	-0.0242488
5.56926e-10	-0.0242951
5.56997e-10	-0.0243414
5.57068e-10	-0.0243877
5.57139e-10	-0.0244339
5.5721e-10	-0.0244802
5.57281e-10	-0.0245265
5.57352e-10	-0.0245728
5.57423e-10	-0.0246191
5.57494e-10	-0.0246654
5.57565e-10	-0.0247117
5.57635e-10	-0.0247579
5.57706e-10	-0.0248042
5.57777e-10	-0.0248505
5.57848e-10	-0.0248968
5.57919e-10	-0.024943
5.5799e-10	-0.0249893
5.58061e-10	-0.0250356
5.58132e-10	-0.0250818
5.58203e-10	-0.0251281
5.58274e-10	-0.0251743
5.58345e-10	-0.0252206
5.58416e-10	-0.0252668
5.58487e-10	-0.0253131
5.58558e-10	-0.0253593
5.58628e-10	-0.0254055
5.58699e-10	-0.0254518
5.5877e-10	-0.025498
5.58841e-10	-0.0255442
5.58912e-10	-0.0255905
5.58983e-10	-0.0256367
5.59054e-10	-0.0256829
5.59125e-10	-0.0257291
5.59196e-10	-0.0257753
5.59267e-10	-0.0258215
5.59338e-10	-0.0258677
5.59409e-10	-0.0259139
5.5948e-10	-0.0259601
5.59551e-10	-0.0260062
5.59621e-10	-0.0260524
5.59692e-10	-0.0260986
5.59763e-10	-0.0261447
5.59834e-10	-0.0261909
5.59905e-10	-0.0262371
5.59976e-10	-0.0262832
5.60047e-10	-0.0263293
5.60118e-10	-0.0263755
5.60189e-10	-0.0264216
5.6026e-10	-0.0264677
5.60331e-10	-0.0265139
5.60402e-10	-0.02656
5.60473e-10	-0.0266061
5.60544e-10	-0.0266522
5.60614e-10	-0.0266983
5.60685e-10	-0.0267443
5.60756e-10	-0.0267904
5.60827e-10	-0.0268365
5.60898e-10	-0.0268825
5.60969e-10	-0.0269286
5.6104e-10	-0.0269747
5.61111e-10	-0.0270207
5.61182e-10	-0.0270667
5.61253e-10	-0.0271128
5.61324e-10	-0.0271588
5.61395e-10	-0.0272048
5.61466e-10	-0.0272508
5.61537e-10	-0.0272968
5.61607e-10	-0.0273428
5.61678e-10	-0.0273887
5.61749e-10	-0.0274347
5.6182e-10	-0.0274807
5.61891e-10	-0.0275266
5.61962e-10	-0.0275726
5.62033e-10	-0.0276185
5.62104e-10	-0.0276644
5.62175e-10	-0.0277104
5.62246e-10	-0.0277563
5.62317e-10	-0.0278022
5.62388e-10	-0.027848
5.62459e-10	-0.0278939
5.6253e-10	-0.0279398
5.626e-10	-0.0279857
5.62671e-10	-0.0280315
5.62742e-10	-0.0280774
5.62813e-10	-0.0281232
5.62884e-10	-0.028169
5.62955e-10	-0.0282148
5.63026e-10	-0.0282606
5.63097e-10	-0.0283064
5.63168e-10	-0.0283522
5.63239e-10	-0.028398
5.6331e-10	-0.0284437
5.63381e-10	-0.0284895
5.63452e-10	-0.0285352
5.63522e-10	-0.0285809
5.63593e-10	-0.0286266
5.63664e-10	-0.0286723
5.63735e-10	-0.028718
5.63806e-10	-0.0287637
5.63877e-10	-0.0288094
5.63948e-10	-0.028855
5.64019e-10	-0.0289007
5.6409e-10	-0.0289463
5.64161e-10	-0.0289919
5.64232e-10	-0.0290375
5.64303e-10	-0.0290831
5.64374e-10	-0.0291287
5.64445e-10	-0.0291743
5.64515e-10	-0.0292198
5.64586e-10	-0.0292654
5.64657e-10	-0.0293109
5.64728e-10	-0.0293564
5.64799e-10	-0.0294019
5.6487e-10	-0.0294474
5.64941e-10	-0.0294929
5.65012e-10	-0.0295384
5.65083e-10	-0.0295838
5.65154e-10	-0.0296292
5.65225e-10	-0.0296747
5.65296e-10	-0.0297201
5.65367e-10	-0.0297655
5.65438e-10	-0.0298108
5.65508e-10	-0.0298562
5.65579e-10	-0.0299016
5.6565e-10	-0.0299469
5.65721e-10	-0.0299922
5.65792e-10	-0.0300375
5.65863e-10	-0.0300828
5.65934e-10	-0.0301281
5.66005e-10	-0.0301734
5.66076e-10	-0.0302186
5.66147e-10	-0.0302638
5.66218e-10	-0.0303091
5.66289e-10	-0.0303543
5.6636e-10	-0.0303994
5.66431e-10	-0.0304446
5.66501e-10	-0.0304898
5.66572e-10	-0.0305349
5.66643e-10	-0.03058
5.66714e-10	-0.0306251
5.66785e-10	-0.0306702
5.66856e-10	-0.0307153
5.66927e-10	-0.0307604
5.66998e-10	-0.0308054
5.67069e-10	-0.0308504
5.6714e-10	-0.0308954
5.67211e-10	-0.0309404
5.67282e-10	-0.0309854
5.67353e-10	-0.0310303
5.67424e-10	-0.0310753
5.67494e-10	-0.0311202
5.67565e-10	-0.0311651
5.67636e-10	-0.03121
5.67707e-10	-0.0312548
5.67778e-10	-0.0312997
5.67849e-10	-0.0313445
5.6792e-10	-0.0313893
5.67991e-10	-0.0314341
5.68062e-10	-0.0314789
5.68133e-10	-0.0315236
5.68204e-10	-0.0315684
5.68275e-10	-0.0316131
5.68346e-10	-0.0316578
5.68417e-10	-0.0317025
5.68487e-10	-0.0317471
5.68558e-10	-0.0317918
5.68629e-10	-0.0318364
5.687e-10	-0.031881
5.68771e-10	-0.0319256
5.68842e-10	-0.0319701
5.68913e-10	-0.0320147
5.68984e-10	-0.0320592
5.69055e-10	-0.0321037
5.69126e-10	-0.0321482
5.69197e-10	-0.0321927
5.69268e-10	-0.0322371
5.69339e-10	-0.0322815
5.6941e-10	-0.0323259
5.6948e-10	-0.0323703
5.69551e-10	-0.0324147
5.69622e-10	-0.032459
5.69693e-10	-0.0325033
5.69764e-10	-0.0325476
5.69835e-10	-0.0325919
5.69906e-10	-0.0326361
5.69977e-10	-0.0326804
5.70048e-10	-0.0327246
5.70119e-10	-0.0327687
5.7019e-10	-0.0328129
5.70261e-10	-0.0328571
5.70332e-10	-0.0329012
5.70403e-10	-0.0329453
5.70473e-10	-0.0329893
5.70544e-10	-0.0330334
5.70615e-10	-0.0330774
5.70686e-10	-0.0331214
5.70757e-10	-0.0331654
5.70828e-10	-0.0332094
5.70899e-10	-0.0332533
5.7097e-10	-0.0332972
5.71041e-10	-0.0333411
5.71112e-10	-0.033385
5.71183e-10	-0.0334288
5.71254e-10	-0.0334726
5.71325e-10	-0.0335164
5.71395e-10	-0.0335602
5.71466e-10	-0.033604
5.71537e-10	-0.0336477
5.71608e-10	-0.0336914
5.71679e-10	-0.0337351
5.7175e-10	-0.0337787
5.71821e-10	-0.0338223
5.71892e-10	-0.0338659
5.71963e-10	-0.0339095
5.72034e-10	-0.033953
5.72105e-10	-0.0339966
5.72176e-10	-0.0340401
5.72247e-10	-0.0340835
5.72318e-10	-0.034127
5.72388e-10	-0.0341704
5.72459e-10	-0.0342138
5.7253e-10	-0.0342572
5.72601e-10	-0.0343005
5.72672e-10	-0.0343438
5.72743e-10	-0.0343871
5.72814e-10	-0.0344304
5.72885e-10	-0.0344736
5.72956e-10	-0.0345168
5.73027e-10	-0.03456
5.73098e-10	-0.0346032
5.73169e-10	-0.0346463
5.7324e-10	-0.0346894
5.73311e-10	-0.0347325
5.73381e-10	-0.0347755
5.73452e-10	-0.0348185
5.73523e-10	-0.0348615
5.73594e-10	-0.0349045
5.73665e-10	-0.0349474
5.73736e-10	-0.0349903
5.73807e-10	-0.0350332
5.73878e-10	-0.0350761
5.73949e-10	-0.0351189
5.7402e-10	-0.0351617
5.74091e-10	-0.0352045
5.74162e-10	-0.0352472
5.74233e-10	-0.0352899
5.74304e-10	-0.0353326
5.74374e-10	-0.0353752
5.74445e-10	-0.0354178
5.74516e-10	-0.0354604
5.74587e-10	-0.035503
5.74658e-10	-0.0355455
5.74729e-10	-0.035588
5.748e-10	-0.0356305
5.74871e-10	-0.0356729
5.74942e-10	-0.0357153
5.75013e-10	-0.0357577
5.75084e-10	-0.0358001
5.75155e-10	-0.0358424
5.75226e-10	-0.0358847
5.75297e-10	-0.0359269
5.75367e-10	-0.0359692
5.75438e-10	-0.0360114
5.75509e-10	-0.0360535
5.7558e-10	-0.0360957
5.75651e-10	-0.0361378
5.75722e-10	-0.0361798
5.75793e-10	-0.0362219
5.75864e-10	-0.0362639
5.75935e-10	-0.0363059
5.76006e-10	-0.0363478
5.76077e-10	-0.0363897
5.76148e-10	-0.0364316
5.76219e-10	-0.0364734
5.7629e-10	-0.0365152
5.7636e-10	-0.036557
5.76431e-10	-0.0365988
5.76502e-10	-0.0366405
5.76573e-10	-0.0366822
5.76644e-10	-0.0367238
5.76715e-10	-0.0367654
5.76786e-10	-0.036807
5.76857e-10	-0.0368486
5.76928e-10	-0.0368901
5.76999e-10	-0.0369315
5.7707e-10	-0.036973
5.77141e-10	-0.0370144
5.77212e-10	-0.0370558
5.77283e-10	-0.0370971
5.77353e-10	-0.0371384
5.77424e-10	-0.0371797
5.77495e-10	-0.037221
5.77566e-10	-0.0372622
5.77637e-10	-0.0373033
5.77708e-10	-0.0373445
5.77779e-10	-0.0373856
5.7785e-10	-0.0374266
5.77921e-10	-0.0374677
5.77992e-10	-0.0375086
5.78063e-10	-0.0375496
5.78134e-10	-0.0375905
5.78205e-10	-0.0376314
5.78276e-10	-0.0376723
5.78346e-10	-0.0377131
5.78417e-10	-0.0377539
5.78488e-10	-0.0377946
5.78559e-10	-0.0378353
5.7863e-10	-0.037876
5.78701e-10	-0.0379166
5.78772e-10	-0.0379572
5.78843e-10	-0.0379977
5.78914e-10	-0.0380383
5.78985e-10	-0.0380787
5.79056e-10	-0.0381192
5.79127e-10	-0.0381596
5.79198e-10	-0.0382
5.79268e-10	-0.0382403
5.79339e-10	-0.0382806
5.7941e-10	-0.0383208
5.79481e-10	-0.0383611
5.79552e-10	-0.0384012
5.79623e-10	-0.0384414
5.79694e-10	-0.0384815
5.79765e-10	-0.0385215
5.79836e-10	-0.0385616
5.79907e-10	-0.0386015
5.79978e-10	-0.0386415
5.80049e-10	-0.0386814
5.8012e-10	-0.0387213
5.80191e-10	-0.0387611
5.80261e-10	-0.0388009
5.80332e-10	-0.0388406
5.80403e-10	-0.0388803
5.80474e-10	-0.03892
5.80545e-10	-0.0389596
5.80616e-10	-0.0389992
5.80687e-10	-0.0390387
5.80758e-10	-0.0390783
5.80829e-10	-0.0391177
5.809e-10	-0.0391571
5.80971e-10	-0.0391965
5.81042e-10	-0.0392359
5.81113e-10	-0.0392752
5.81184e-10	-0.0393144
5.81254e-10	-0.0393536
5.81325e-10	-0.0393928
5.81396e-10	-0.039432
5.81467e-10	-0.039471
5.81538e-10	-0.0395101
5.81609e-10	-0.0395491
5.8168e-10	-0.0395881
5.81751e-10	-0.039627
5.81822e-10	-0.0396659
5.81893e-10	-0.0397047
5.81964e-10	-0.0397435
5.82035e-10	-0.0397823
5.82106e-10	-0.039821
5.82177e-10	-0.0398596
5.82247e-10	-0.0398983
5.82318e-10	-0.0399368
5.82389e-10	-0.0399754
5.8246e-10	-0.0400139
5.82531e-10	-0.0400523
5.82602e-10	-0.0400907
5.82673e-10	-0.0401291
5.82744e-10	-0.0401674
5.82815e-10	-0.0402057
5.82886e-10	-0.0402439
5.82957e-10	-0.0402821
5.83028e-10	-0.0403202
5.83099e-10	-0.0403583
5.8317e-10	-0.0403964
5.8324e-10	-0.0404344
5.83311e-10	-0.0404723
5.83382e-10	-0.0405102
5.83453e-10	-0.0405481
5.83524e-10	-0.0405859
5.83595e-10	-0.0406237
5.83666e-10	-0.0406614
5.83737e-10	-0.0406991
5.83808e-10	-0.0407368
5.83879e-10	-0.0407744
5.8395e-10	-0.0408119
5.84021e-10	-0.0408494
5.84092e-10	-0.0408869
5.84163e-10	-0.0409243
5.84233e-10	-0.0409616
5.84304e-10	-0.0409989
5.84375e-10	-0.0410362
5.84446e-10	-0.0410734
5.84517e-10	-0.0411106
5.84588e-10	-0.0411477
5.84659e-10	-0.0411848
5.8473e-10	-0.0412218
5.84801e-10	-0.0412588
5.84872e-10	-0.0412957
5.84943e-10	-0.0413326
5.85014e-10	-0.0413694
5.85085e-10	-0.0414062
5.85156e-10	-0.041443
5.85226e-10	-0.0414797
5.85297e-10	-0.0415163
5.85368e-10	-0.0415529
5.85439e-10	-0.0415894
5.8551e-10	-0.0416259
5.85581e-10	-0.0416624
5.85652e-10	-0.0416988
5.85723e-10	-0.0417351
5.85794e-10	-0.0417714
5.85865e-10	-0.0418077
5.85936e-10	-0.0418439
5.86007e-10	-0.04188
5.86078e-10	-0.0419161
5.86149e-10	-0.0419521
5.86219e-10	-0.0419881
5.8629e-10	-0.0420241
5.86361e-10	-0.04206
5.86432e-10	-0.0420958
5.86503e-10	-0.0421316
5.86574e-10	-0.0421673
5.86645e-10	-0.042203
5.86716e-10	-0.0422387
5.86787e-10	-0.0422742
5.86858e-10	-0.0423098
5.86929e-10	-0.0423453
5.87e-10	-0.0423807
5.87071e-10	-0.0424161
5.87141e-10	-0.0424514
5.87212e-10	-0.0424867
5.87283e-10	-0.0425219
5.87354e-10	-0.042557
5.87425e-10	-0.0425922
5.87496e-10	-0.0426272
5.87567e-10	-0.0426622
5.87638e-10	-0.0426972
5.87709e-10	-0.0427321
5.8778e-10	-0.0427669
5.87851e-10	-0.0428017
5.87922e-10	-0.0428365
5.87993e-10	-0.0428712
5.88064e-10	-0.0429058
5.88134e-10	-0.0429404
5.88205e-10	-0.0429749
5.88276e-10	-0.0430094
5.88347e-10	-0.0430438
5.88418e-10	-0.0430781
5.88489e-10	-0.0431125
5.8856e-10	-0.0431467
5.88631e-10	-0.0431809
5.88702e-10	-0.043215
5.88773e-10	-0.0432491
5.88844e-10	-0.0432832
5.88915e-10	-0.0433171
5.88986e-10	-0.0433511
5.89057e-10	-0.0433849
5.89127e-10	-0.0434187
5.89198e-10	-0.0434525
5.89269e-10	-0.0434862
5.8934e-10	-0.0435198
5.89411e-10	-0.0435534
5.89482e-10	-0.0435869
5.89553e-10	-0.0436204
5.89624e-10	-0.0436538
5.89695e-10	-0.0436872
5.89766e-10	-0.0437205
5.89837e-10	-0.0437537
5.89908e-10	-0.0437869
5.89979e-10	-0.04382
5.9005e-10	-0.0438531
5.9012e-10	-0.0438861
5.90191e-10	-0.0439191
5.90262e-10	-0.043952
5.90333e-10	-0.0439848
5.90404e-10	-0.0440176
5.90475e-10	-0.0440503
5.90546e-10	-0.044083
5.90617e-10	-0.0441156
5.90688e-10	-0.0441481
5.90759e-10	-0.0441806
5.9083e-10	-0.044213
5.90901e-10	-0.0442454
5.90972e-10	-0.0442777
5.91043e-10	-0.04431
5.91113e-10	-0.0443422
5.91184e-10	-0.0443743
5.91255e-10	-0.0444064
5.91326e-10	-0.0444384
5.91397e-10	-0.0444703
5.91468e-10	-0.0445022
5.91539e-10	-0.044534
5.9161e-10	-0.0445658
5.91681e-10	-0.0445975
5.91752e-10	-0.0446292
5.91823e-10	-0.0446608
5.91894e-10	-0.0446923
5.91965e-10	-0.0447238
5.92036e-10	-0.0447552
5.92106e-10	-0.0447865
5.92177e-10	-0.0448178
5.92248e-10	-0.044849
5.92319e-10	-0.0448802
5.9239e-10	-0.0449113
5.92461e-10	-0.0449423
5.92532e-10	-0.0449733
5.92603e-10	-0.0450042
5.92674e-10	-0.045035
5.92745e-10	-0.0450658
5.92816e-10	-0.0450965
5.92887e-10	-0.0451272
5.92958e-10	-0.0451578
5.93029e-10	-0.0451883
5.93099e-10	-0.0452188
5.9317e-10	-0.0452492
5.93241e-10	-0.0452795
5.93312e-10	-0.0453098
5.93383e-10	-0.04534
5.93454e-10	-0.0453702
5.93525e-10	-0.0454003
5.93596e-10	-0.0454303
5.93667e-10	-0.0454603
5.93738e-10	-0.0454901
5.93809e-10	-0.04552
5.9388e-10	-0.0455497
5.93951e-10	-0.0455794
5.94022e-10	-0.0456091
5.94092e-10	-0.0456387
5.94163e-10	-0.0456682
5.94234e-10	-0.0456976
5.94305e-10	-0.045727
5.94376e-10	-0.0457563
5.94447e-10	-0.0457855
5.94518e-10	-0.0458147
5.94589e-10	-0.0458438
5.9466e-10	-0.0458729
5.94731e-10	-0.0459018
5.94802e-10	-0.0459308
5.94873e-10	-0.0459596
5.94944e-10	-0.0459884
5.95014e-10	-0.0460171
5.95085e-10	-0.0460457
5.95156e-10	-0.0460743
5.95227e-10	-0.0461028
5.95298e-10	-0.0461313
5.95369e-10	-0.0461597
5.9544e-10	-0.046188
5.95511e-10	-0.0462162
5.95582e-10	-0.0462444
5.95653e-10	-0.0462725
5.95724e-10	-0.0463005
5.95795e-10	-0.0463285
5.95866e-10	-0.0463564
5.95937e-10	-0.0463842
5.96007e-10	-0.046412
5.96078e-10	-0.0464397
5.96149e-10	-0.0464673
5.9622e-10	-0.0464949
5.96291e-10	-0.0465224
5.96362e-10	-0.0465498
5.96433e-10	-0.0465771
5.96504e-10	-0.0466044
5.96575e-10	-0.0466316
5.96646e-10	-0.0466588
5.96717e-10	-0.0466858
5.96788e-10	-0.0467128
5.96859e-10	-0.0467398
5.9693e-10	-0.0467666
5.97e-10	-0.0467934
5.97071e-10	-0.0468201
5.97142e-10	-0.0468468
5.97213e-10	-0.0468734
5.97284e-10	-0.0468999
5.97355e-10	-0.0469263
5.97426e-10	-0.0469527
5.97497e-10	-0.046979
5.97568e-10	-0.0470052
5.97639e-10	-0.0470314
5.9771e-10	-0.0470574
5.97781e-10	-0.0470834
5.97852e-10	-0.0471094
5.97923e-10	-0.0471352
5.97993e-10	-0.047161
5.98064e-10	-0.0471867
5.98135e-10	-0.0472124
5.98206e-10	-0.047238
5.98277e-10	-0.0472635
5.98348e-10	-0.0472889
5.98419e-10	-0.0473143
5.9849e-10	-0.0473395
5.98561e-10	-0.0473647
5.98632e-10	-0.0473899
5.98703e-10	-0.0474149
5.98774e-10	-0.0474399
5.98845e-10	-0.0474648
5.98916e-10	-0.0474897
5.98986e-10	-0.0475145
5.99057e-10	-0.0475391
5.99128e-10	-0.0475638
5.99199e-10	-0.0475883
5.9927e-10	-0.0476128
5.99341e-10	-0.0476372
5.99412e-10	-0.0476615
5.99483e-10	-0.0476857
5.99554e-10	-0.0477099
5.99625e-10	-0.047734
5.99696e-10	-0.047758
5.99767e-10	-0.047782
5.99838e-10	-0.0478058
5.99909e-10	-0.0478296
5.99979e-10	-0.0478533
6.0005e-10	-0.047877
6.00121e-10	-0.0479006
6.00192e-10	-0.047924
6.00263e-10	-0.0479475
6.00334e-10	-0.0479708
6.00405e-10	-0.0479941
6.00476e-10	-0.0480172
6.00547e-10	-0.0480403
6.00618e-10	-0.0480634
6.00689e-10	-0.0480863
6.0076e-10	-0.0481092
6.00831e-10	-0.048132
6.00902e-10	-0.0481547
6.00972e-10	-0.0481774
6.01043e-10	-0.0481999
6.01114e-10	-0.0482224
6.01185e-10	-0.0482448
6.01256e-10	-0.0482671
6.01327e-10	-0.0482894
6.01398e-10	-0.0483116
6.01469e-10	-0.0483337
6.0154e-10	-0.0483557
6.01611e-10	-0.0483776
6.01682e-10	-0.0483995
6.01753e-10	-0.0484213
6.01824e-10	-0.048443
6.01895e-10	-0.0484646
6.01965e-10	-0.0484861
6.02036e-10	-0.0485076
6.02107e-10	-0.048529
6.02178e-10	-0.0485503
6.02249e-10	-0.0485715
6.0232e-10	-0.0485926
6.02391e-10	-0.0486137
6.02462e-10	-0.0486347
6.02533e-10	-0.0486556
6.02604e-10	-0.0486764
6.02675e-10	-0.0486971
6.02746e-10	-0.0487178
6.02817e-10	-0.0487384
6.02887e-10	-0.0487589
6.02958e-10	-0.0487793
6.03029e-10	-0.0487996
6.031e-10	-0.0488199
6.03171e-10	-0.0488401
6.03242e-10	-0.0488601
6.03313e-10	-0.0488802
6.03384e-10	-0.0489001
6.03455e-10	-0.0489199
6.03526e-10	-0.0489397
6.03597e-10	-0.0489594
6.03668e-10	-0.048979
6.03739e-10	-0.0489985
6.0381e-10	-0.0490179
6.0388e-10	-0.0490373
6.03951e-10	-0.0490565
6.04022e-10	-0.0490757
6.04093e-10	-0.0490948
6.04164e-10	-0.0491138
6.04235e-10	-0.0491328
6.04306e-10	-0.0491516
6.04377e-10	-0.0491704
6.04448e-10	-0.0491891
6.04519e-10	-0.0492077
6.0459e-10	-0.0492262
6.04661e-10	-0.0492446
6.04732e-10	-0.049263
6.04803e-10	-0.0492812
6.04873e-10	-0.0492994
6.04944e-10	-0.0493175
6.05015e-10	-0.0493355
6.05086e-10	-0.0493534
6.05157e-10	-0.0493713
6.05228e-10	-0.049389
6.05299e-10	-0.0494067
6.0537e-10	-0.0494243
6.05441e-10	-0.0494418
6.05512e-10	-0.0494592
6.05583e-10	-0.0494765
6.05654e-10	-0.0494937
6.05725e-10	-0.0495109
6.05796e-10	-0.049528
6.05866e-10	-0.0495449
6.05937e-10	-0.0495618
6.06008e-10	-0.0495786
6.06079e-10	-0.0495954
6.0615e-10	-0.049612
6.06221e-10	-0.0496285
6.06292e-10	-0.049645
6.06363e-10	-0.0496614
6.06434e-10	-0.0496777
6.06505e-10	-0.0496939
6.06576e-10	-0.04971
6.06647e-10	-0.049726
6.06718e-10	-0.0497419
6.06789e-10	-0.0497578
6.06859e-10	-0.0497735
6.0693e-10	-0.0497892
6.07001e-10	-0.0498048
6.07072e-10	-0.0498203
6.07143e-10	-0.0498357
6.07214e-10	-0.049851
6.07285e-10	-0.0498662
6.07356e-10	-0.0498814
6.07427e-10	-0.0498964
6.07498e-10	-0.0499114
6.07569e-10	-0.0499263
6.0764e-10	-0.049941
6.07711e-10	-0.0499557
6.07782e-10	-0.0499703
6.07852e-10	-0.0499849
6.07923e-10	-0.0499993
6.07994e-10	-0.0500136
6.08065e-10	-0.0500279
6.08136e-10	-0.050042
6.08207e-10	-0.0500561
6.08278e-10	-0.0500701
6.08349e-10	-0.0500839
6.0842e-10	-0.0500977
6.08491e-10	-0.0501114
6.08562e-10	-0.050125
6.08633e-10	-0.0501386
6.08704e-10	-0.050152
6.08775e-10	-0.0501653
6.08845e-10	-0.0501786
6.08916e-10	-0.0501917
6.08987e-10	-0.0502048
6.09058e-10	-0.0502177
6.09129e-10	-0.0502306
6.092e-10	-0.0502434
6.09271e-10	-0.0502561
6.09342e-10	-0.0502687
6.09413e-10	-0.0502812
6.09484e-10	-0.0502936
6.09555e-10	-0.050306
6.09626e-10	-0.0503182
6.09697e-10	-0.0503303
6.09768e-10	-0.0503424
6.09838e-10	-0.0503543
6.09909e-10	-0.0503662
6.0998e-10	-0.0503779
6.10051e-10	-0.0503896
6.10122e-10	-0.0504012
6.10193e-10	-0.0504127
6.10264e-10	-0.0504241
6.10335e-10	-0.0504354
6.10406e-10	-0.0504466
6.10477e-10	-0.0504577
6.10548e-10	-0.0504687
6.10619e-10	-0.0504796
6.1069e-10	-0.0504904
6.10761e-10	-0.0505012
6.10831e-10	-0.0505118
6.10902e-10	-0.0505224
6.10973e-10	-0.0505328
6.11044e-10	-0.0505431
6.11115e-10	-0.0505534
6.11186e-10	-0.0505636
6.11257e-10	-0.0505736
6.11328e-10	-0.0505836
6.11399e-10	-0.0505935
6.1147e-10	-0.0506033
6.11541e-10	-0.0506129
6.11612e-10	-0.0506225
6.11683e-10	-0.050632
6.11753e-10	-0.0506414
6.11824e-10	-0.0506507
6.11895e-10	-0.0506599
6.11966e-10	-0.050669
6.12037e-10	-0.050678
6.12108e-10	-0.0506869
6.12179e-10	-0.0506957
6.1225e-10	-0.0507044
6.12321e-10	-0.0507131
6.12392e-10	-0.0507216
6.12463e-10	-0.05073
6.12534e-10	-0.0507383
6.12605e-10	-0.0507466
6.12676e-10	-0.0507547
6.12746e-10	-0.0507627
6.12817e-10	-0.0507707
6.12888e-10	-0.0507785
6.12959e-10	-0.0507862
6.1303e-10	-0.0507939
6.13101e-10	-0.0508014
6.13172e-10	-0.0508089
6.13243e-10	-0.0508162
6.13314e-10	-0.0508235
6.13385e-10	-0.0508306
6.13456e-10	-0.0508377
6.13527e-10	-0.0508446
6.13598e-10	-0.0508514
6.13669e-10	-0.0508582
6.13739e-10	-0.0508648
6.1381e-10	-0.0508714
6.13881e-10	-0.0508779
6.13952e-10	-0.0508842
6.14023e-10	-0.0508905
6.14094e-10	-0.0508966
6.14165e-10	-0.0509027
6.14236e-10	-0.0509086
6.14307e-10	-0.0509145
6.14378e-10	-0.0509202
6.14449e-10	-0.0509259
6.1452e-10	-0.0509314
6.14591e-10	-0.0509368
6.14662e-10	-0.0509422
6.14732e-10	-0.0509474
6.14803e-10	-0.0509526
6.14874e-10	-0.0509576
6.14945e-10	-0.0509626
6.15016e-10	-0.0509674
6.15087e-10	-0.0509721
6.15158e-10	-0.0509768
6.15229e-10	-0.0509813
6.153e-10	-0.0509857
6.15371e-10	-0.0509901
6.15442e-10	-0.0509943
6.15513e-10	-0.0509984
6.15584e-10	-0.0510024
6.15655e-10	-0.0510064
6.15725e-10	-0.0510102
6.15796e-10	-0.0510139
6.15867e-10	-0.0510175
6.15938e-10	-0.051021
6.16009e-10	-0.0510244
6.1608e-10	-0.0510277
6.16151e-10	-0.0510309
6.16222e-10	-0.051034
6.16293e-10	-0.051037
6.16364e-10	-0.0510399
6.16435e-10	-0.0510427
6.16506e-10	-0.0510454
6.16577e-10	-0.0510479
6.16648e-10	-0.0510504
6.16718e-10	-0.0510528
6.16789e-10	-0.0510551
6.1686e-10	-0.0510572
6.16931e-10	-0.0510593
6.17002e-10	-0.0510612
6.17073e-10	-0.0510631
6.17144e-10	-0.0510648
6.17215e-10	-0.0510664
6.17286e-10	-0.051068
6.17357e-10	-0.0510694
6.17428e-10	-0.0510707
6.17499e-10	-0.0510719
6.1757e-10	-0.051073
6.17641e-10	-0.0510741
6.17711e-10	-0.051075
6.17782e-10	-0.0510757
6.17853e-10	-0.0510764
6.17924e-10	-0.051077
6.17995e-10	-0.0510775
6.18066e-10	-0.0510779
6.18137e-10	-0.0510781
6.18208e-10	-0.0510783
6.18279e-10	-0.0510783
6.1835e-10	-0.0510783
6.18421e-10	-0.0510781
6.18492e-10	-0.0510778
6.18563e-10	-0.0510775
6.18634e-10	-0.051077
6.18704e-10	-0.0510764
6.18775e-10	-0.0510757
6.18846e-10	-0.0510749
6.18917e-10	-0.0510739
6.18988e-10	-0.0510729
6.19059e-10	-0.0510718
6.1913e-10	-0.0510706
6.19201e-10	-0.0510692
6.19272e-10	-0.0510678
6.19343e-10	-0.0510662
6.19414e-10	-0.0510645
6.19485e-10	-0.0510628
6.19556e-10	-0.0510609
6.19626e-10	-0.0510589
6.19697e-10	-0.0510568
6.19768e-10	-0.0510546
6.19839e-10	-0.0510522
6.1991e-10	-0.0510498
6.19981e-10	-0.0510473
6.20052e-10	-0.0510446
6.20123e-10	-0.0510419
6.20194e-10	-0.051039
6.20265e-10	-0.051036
6.20336e-10	-0.0510329
6.20407e-10	-0.0510297
6.20478e-10	-0.0510264
6.20549e-10	-0.051023
6.20619e-10	-0.0510195
6.2069e-10	-0.0510158
6.20761e-10	-0.0510121
6.20832e-10	-0.0510082
6.20903e-10	-0.0510043
6.20974e-10	-0.0510002
6.21045e-10	-0.050996
6.21116e-10	-0.0509917
6.21187e-10	-0.0509873
6.21258e-10	-0.0509828
6.21329e-10	-0.0509781
6.214e-10	-0.0509734
6.21471e-10	-0.0509686
6.21542e-10	-0.0509636
6.21612e-10	-0.0509585
6.21683e-10	-0.0509533
6.21754e-10	-0.050948
6.21825e-10	-0.0509426
6.21896e-10	-0.0509371
6.21967e-10	-0.0509315
6.22038e-10	-0.0509257
6.22109e-10	-0.0509198
6.2218e-10	-0.0509139
6.22251e-10	-0.0509078
6.22322e-10	-0.0509016
6.22393e-10	-0.0508953
6.22464e-10	-0.0508889
6.22535e-10	-0.0508823
6.22605e-10	-0.0508757
6.22676e-10	-0.0508689
6.22747e-10	-0.0508621
6.22818e-10	-0.0508551
6.22889e-10	-0.050848
6.2296e-10	-0.0508408
6.23031e-10	-0.0508334
6.23102e-10	-0.050826
6.23173e-10	-0.0508185
6.23244e-10	-0.0508108
6.23315e-10	-0.050803
6.23386e-10	-0.0507951
6.23457e-10	-0.0507871
6.23528e-10	-0.050779
6.23598e-10	-0.0507708
6.23669e-10	-0.0507624
6.2374e-10	-0.0507539
6.23811e-10	-0.0507454
6.23882e-10	-0.0507367
6.23953e-10	-0.0507279
6.24024e-10	-0.0507189
6.24095e-10	-0.0507099
6.24166e-10	-0.0507008
6.24237e-10	-0.0506915
6.24308e-10	-0.0506821
6.24379e-10	-0.0506726
6.2445e-10	-0.050663
6.24521e-10	-0.0506533
6.24591e-10	-0.0506434
6.24662e-10	-0.0506335
6.24733e-10	-0.0506234
6.24804e-10	-0.0506132
6.24875e-10	-0.0506029
6.24946e-10	-0.0505925
6.25017e-10	-0.050582
6.25088e-10	-0.0505713
6.25159e-10	-0.0505605
6.2523e-10	-0.0505496
6.25301e-10	-0.0505386
6.25372e-10	-0.0505275
6.25443e-10	-0.0505163
6.25514e-10	-0.0505049
6.25584e-10	-0.0504935
6.25655e-10	-0.0504819
6.25726e-10	-0.0504702
6.25797e-10	-0.0504584
6.25868e-10	-0.0504464
6.25939e-10	-0.0504344
6.2601e-10	-0.0504222
6.26081e-10	-0.0504099
6.26152e-10	-0.0503975
6.26223e-10	-0.050385
6.26294e-10	-0.0503724
6.26365e-10	-0.0503596
6.26436e-10	-0.0503467
6.26507e-10	-0.0503337
6.26577e-10	-0.0503206
6.26648e-10	-0.0503074
6.26719e-10	-0.050294
6.2679e-10	-0.0502806
6.26861e-10	-0.050267
6.26932e-10	-0.0502533
6.27003e-10	-0.0502395
6.27074e-10	-0.0502255
6.27145e-10	-0.0502115
6.27216e-10	-0.0501973
6.27287e-10	-0.050183
6.27358e-10	-0.0501686
6.27429e-10	-0.0501541
6.27499e-10	-0.0501394
6.2757e-10	-0.0501246
6.27641e-10	-0.0501098
6.27712e-10	-0.0500947
6.27783e-10	-0.0500796
6.27854e-10	-0.0500644
6.27925e-10	-0.050049
6.27996e-10	-0.0500335
6.28067e-10	-0.0500179
6.28138e-10	-0.0500022
6.28209e-10	-0.0499863
6.2828e-10	-0.0499704
6.28351e-10	-0.0499543
6.28422e-10	-0.0499381
6.28492e-10	-0.0499217
6.28563e-10	-0.0499053
6.28634e-10	-0.0498887
6.28705e-10	-0.049872
6.28776e-10	-0.0498552
6.28847e-10	-0.0498383
6.28918e-10	-0.0498213
6.28989e-10	-0.0498041
6.2906e-10	-0.0497868
6.29131e-10	-0.0497694
6.29202e-10	-0.0497518
6.29273e-10	-0.0497342
6.29344e-10	-0.0497164
6.29415e-10	-0.0496985
6.29485e-10	-0.0496805
6.29556e-10	-0.0496623
6.29627e-10	-0.0496441
6.29698e-10	-0.0496257
6.29769e-10	-0.0496072
6.2984e-10	-0.0495886
6.29911e-10	-0.0495698
6.29982e-10	-0.0495509
6.30053e-10	-0.049532
6.30124e-10	-0.0495128
6.30195e-10	-0.0494936
6.30266e-10	-0.0494742
6.30337e-10	-0.0494548
6.30408e-10	-0.0494352
6.30478e-10	-0.0494154
6.30549e-10	-0.0493956
6.3062e-10	-0.0493756
6.30691e-10	-0.0493555
6.30762e-10	-0.0493353
6.30833e-10	-0.0493149
6.30904e-10	-0.0492945
6.30975e-10	-0.0492739
6.31046e-10	-0.0492532
6.31117e-10	-0.0492324
6.31188e-10	-0.0492114
6.31259e-10	-0.0491903
6.3133e-10	-0.0491691
6.31401e-10	-0.0491478
6.31471e-10	-0.0491263
6.31542e-10	-0.0491048
6.31613e-10	-0.0490831
6.31684e-10	-0.0490613
6.31755e-10	-0.0490393
6.31826e-10	-0.0490172
6.31897e-10	-0.048995
6.31968e-10	-0.0489727
6.32039e-10	-0.0489503
6.3211e-10	-0.0489277
6.32181e-10	-0.048905
6.32252e-10	-0.0488822
6.32323e-10	-0.0488593
6.32394e-10	-0.0488362
6.32464e-10	-0.048813
6.32535e-10	-0.0487897
6.32606e-10	-0.0487663
6.32677e-10	-0.0487427
6.32748e-10	-0.048719
6.32819e-10	-0.0486952
6.3289e-10	-0.0486713
6.32961e-10	-0.0486472
6.33032e-10	-0.048623
6.33103e-10	-0.0485987
6.33174e-10	-0.0485743
6.33245e-10	-0.0485497
6.33316e-10	-0.048525
6.33387e-10	-0.0485002
6.33457e-10	-0.0484753
6.33528e-10	-0.0484502
6.33599e-10	-0.048425
6.3367e-10	-0.0483997
6.33741e-10	-0.0483743
6.33812e-10	-0.0483487
6.33883e-10	-0.048323
6.33954e-10	-0.0482972
6.34025e-10	-0.0482712
6.34096e-10	-0.0482452
6.34167e-10	-0.048219
6.34238e-10	-0.0481927
6.34309e-10	-0.0481662
6.3438e-10	-0.0481396
6.3445e-10	-0.0481129
6.34521e-10	-0.0480861
6.34592e-10	-0.0480591
6.34663e-10	-0.0480321
6.34734e-10	-0.0480048
6.34805e-10	-0.0479775
6.34876e-10	-0.04795
6.34947e-10	-0.0479225
6.35018e-10	-0.0478947
6.35089e-10	-0.0478669
6.3516e-10	-0.0478389
6.35231e-10	-0.0478108
6.35302e-10	-0.0477826
6.35372e-10	-0.0477542
6.35443e-10	-0.0477258
6.35514e-10	-0.0476971
6.35585e-10	-0.0476684
6.35656e-10	-0.0476395
6.35727e-10	-0.0476106
6.35798e-10	-0.0475814
6.35869e-10	-0.0475522
6.3594e-10	-0.0475228
6.36011e-10	-0.0474933
6.36082e-10	-0.0474637
6.36153e-10	-0.0474339
6.36224e-10	-0.047404
6.36295e-10	-0.047374
6.36365e-10	-0.0473439
6.36436e-10	-0.0473136
6.36507e-10	-0.0472832
6.36578e-10	-0.0472527
6.36649e-10	-0.047222
6.3672e-10	-0.0471912
6.36791e-10	-0.0471603
6.36862e-10	-0.0471293
6.36933e-10	-0.0470981
6.37004e-10	-0.0470668
6.37075e-10	-0.0470354
6.37146e-10	-0.0470038
6.37217e-10	-0.0469721
6.37288e-10	-0.0469403
6.37358e-10	-0.0469084
6.37429e-10	-0.0468763
6.375e-10	-0.0468441
6.37571e-10	-0.0468118
6.37642e-10	-0.0467793
6.37713e-10	-0.0467467
6.37784e-10	-0.046714
6.37855e-10	-0.0466812
6.37926e-10	-0.0466482
6.37997e-10	-0.0466151
6.38068e-10	-0.0465818
6.38139e-10	-0.0465485
6.3821e-10	-0.046515
6.38281e-10	-0.0464813
6.38351e-10	-0.0464476
6.38422e-10	-0.0464137
6.38493e-10	-0.0463797
6.38564e-10	-0.0463455
6.38635e-10	-0.0463113
6.38706e-10	-0.0462769
6.38777e-10	-0.0462423
6.38848e-10	-0.0462076
6.38919e-10	-0.0461729
6.3899e-10	-0.0461379
6.39061e-10	-0.0461029
6.39132e-10	-0.0460677
6.39203e-10	-0.0460324
6.39274e-10	-0.0459969
6.39344e-10	-0.0459613
6.39415e-10	-0.0459256
6.39486e-10	-0.0458898
6.39557e-10	-0.0458538
6.39628e-10	-0.0458177
6.39699e-10	-0.0457815
6.3977e-10	-0.0457451
6.39841e-10	-0.0457086
6.39912e-10	-0.045672
6.39983e-10	-0.0456352
6.40054e-10	-0.0455984
6.40125e-10	-0.0455613
6.40196e-10	-0.0455242
6.40267e-10	-0.0454869
6.40337e-10	-0.0454495
6.40408e-10	-0.045412
6.40479e-10	-0.0453743
6.4055e-10	-0.0453365
6.40621e-10	-0.0452986
6.40692e-10	-0.0452605
6.40763e-10	-0.0452223
6.40834e-10	-0.045184
6.40905e-10	-0.0451455
6.40976e-10	-0.0451069
6.41047e-10	-0.0450682
6.41118e-10	-0.0450293
6.41189e-10	-0.0449903
6.4126e-10	-0.0449512
6.4133e-10	-0.044912
6.41401e-10	-0.0448726
6.41472e-10	-0.0448331
6.41543e-10	-0.0447934
6.41614e-10	-0.0447536
6.41685e-10	-0.0447137
6.41756e-10	-0.0446737
6.41827e-10	-0.0446335
6.41898e-10	-0.0445932
6.41969e-10	-0.0445528
6.4204e-10	-0.0445122
6.42111e-10	-0.0444715
6.42182e-10	-0.0444306
6.42253e-10	-0.0443897
6.42323e-10	-0.0443486
6.42394e-10	-0.0443073
6.42465e-10	-0.044266
6.42536e-10	-0.0442245
6.42607e-10	-0.0441828
6.42678e-10	-0.0441411
6.42749e-10	-0.0440992
6.4282e-10	-0.0440571
6.42891e-10	-0.044015
6.42962e-10	-0.0439727
6.43033e-10	-0.0439303
6.43104e-10	-0.0438877
6.43175e-10	-0.043845
6.43245e-10	-0.0438022
6.43316e-10	-0.0437592
6.43387e-10	-0.0437161
6.43458e-10	-0.0436729
6.43529e-10	-0.0436295
6.436e-10	-0.0435861
6.43671e-10	-0.0435424
6.43742e-10	-0.0434987
6.43813e-10	-0.0434548
6.43884e-10	-0.0434108
6.43955e-10	-0.0433666
6.44026e-10	-0.0433223
6.44097e-10	-0.0432779
6.44168e-10	-0.0432333
6.44238e-10	-0.0431886
6.44309e-10	-0.0431438
6.4438e-10	-0.0430989
6.44451e-10	-0.0430538
6.44522e-10	-0.0430085
6.44593e-10	-0.0429632
6.44664e-10	-0.0429177
6.44735e-10	-0.0428721
6.44806e-10	-0.0428263
6.44877e-10	-0.0427804
6.44948e-10	-0.0427344
6.45019e-10	-0.0426882
6.4509e-10	-0.0426419
6.45161e-10	-0.0425955
6.45231e-10	-0.042549
6.45302e-10	-0.0425023
6.45373e-10	-0.0424554
6.45444e-10	-0.0424085
6.45515e-10	-0.0423614
6.45586e-10	-0.0423141
6.45657e-10	-0.0422668
6.45728e-10	-0.0422193
6.45799e-10	-0.0421717
6.4587e-10	-0.0421239
6.45941e-10	-0.042076
6.46012e-10	-0.042028
6.46083e-10	-0.0419798
6.46154e-10	-0.0419315
6.46224e-10	-0.041883
6.46295e-10	-0.0418345
6.46366e-10	-0.0417858
6.46437e-10	-0.0417369
6.46508e-10	-0.041688
6.46579e-10	-0.0416389
6.4665e-10	-0.0415896
6.46721e-10	-0.0415402
6.46792e-10	-0.0414907
6.46863e-10	-0.0414411
6.46934e-10	-0.0413913
6.47005e-10	-0.0413414
6.47076e-10	-0.0412913
6.47147e-10	-0.0412412
6.47217e-10	-0.0411908
6.47288e-10	-0.0411404
6.47359e-10	-0.0410898
6.4743e-10	-0.0410391
6.47501e-10	-0.0409882
6.47572e-10	-0.0409372
6.47643e-10	-0.0408861
6.47714e-10	-0.0408348
6.47785e-10	-0.0407835
6.47856e-10	-0.0407319
6.47927e-10	-0.0406803
6.47998e-10	-0.0406285
6.48069e-10	-0.0405765
6.4814e-10	-0.0405245
6.4821e-10	-0.0404723
6.48281e-10	-0.0404199
6.48352e-10	-0.0403675
6.48423e-10	-0.0403148
6.48494e-10	-0.0402621
6.48565e-10	-0.0402092
6.48636e-10	-0.0401562
6.48707e-10	-0.0401031
6.48778e-10	-0.0400498
6.48849e-10	-0.0399964
6.4892e-10	-0.0399428
6.48991e-10	-0.0398891
6.49062e-10	-0.0398353
6.49133e-10	-0.0397814
6.49203e-10	-0.0397273
6.49274e-10	-0.039673
6.49345e-10	-0.0396187
6.49416e-10	-0.0395642
6.49487e-10	-0.0395096
6.49558e-10	-0.0394548
6.49629e-10	-0.0393999
6.497e-10	-0.0393449
6.49771e-10	-0.0392897
6.49842e-10	-0.0392344
6.49913e-10	-0.0391789
6.49984e-10	-0.0391234
6.50055e-10	-0.0390677
6.50126e-10	-0.0390118
6.50196e-10	-0.0389558
6.50267e-10	-0.0388997
6.50338e-10	-0.0388435
6.50409e-10	-0.0387871
6.5048e-10	-0.0387305
6.50551e-10	-0.0386739
6.50622e-10	-0.0386171
6.50693e-10	-0.0385602
6.50764e-10	-0.0385031
6.50835e-10	-0.0384459
6.50906e-10	-0.0383886
6.50977e-10	-0.0383311
6.51048e-10	-0.0382735
6.51118e-10	-0.0382158
6.51189e-10	-0.0381579
6.5126e-10	-0.0380999
6.51331e-10	-0.0380417
6.51402e-10	-0.0379835
6.51473e-10	-0.037925
6.51544e-10	-0.0378665
6.51615e-10	-0.0378078
6.51686e-10	-0.037749
6.51757e-10	-0.03769
6.51828e-10	-0.0376309
6.51899e-10	-0.0375717
6.5197e-10	-0.0375124
6.52041e-10	-0.0374529
6.52111e-10	-0.0373932
6.52182e-10	-0.0373335
6.52253e-10	-0.0372735
6.52324e-10	-0.0372135
6.52395e-10	-0.0371533
6.52466e-10	-0.037093
6.52537e-10	-0.0370326
6.52608e-10	-0.036972
6.52679e-10	-0.0369113
6.5275e-10	-0.0368504
6.52821e-10	-0.0367895
6.52892e-10	-0.0367283
6.52963e-10	-0.0366671
6.53034e-10	-0.0366057
6.53104e-10	-0.0365442
6.53175e-10	-0.0364825
6.53246e-10	-0.0364207
6.53317e-10	-0.0363588
6.53388e-10	-0.0362967
6.53459e-10	-0.0362345
6.5353e-10	-0.0361722
6.53601e-10	-0.0361097
6.53672e-10	-0.0360471
6.53743e-10	-0.0359843
6.53814e-10	-0.0359215
6.53885e-10	-0.0358584
6.53956e-10	-0.0357953
6.54027e-10	-0.035732
6.54097e-10	-0.0356686
6.54168e-10	-0.035605
6.54239e-10	-0.0355413
6.5431e-10	-0.0354775
6.54381e-10	-0.0354136
6.54452e-10	-0.0353495
6.54523e-10	-0.0352852
6.54594e-10	-0.0352209
6.54665e-10	-0.0351564
6.54736e-10	-0.0350917
6.54807e-10	-0.035027
6.54878e-10	-0.0349621
6.54949e-10	-0.034897
6.5502e-10	-0.0348318
6.5509e-10	-0.0347665
6.55161e-10	-0.0347011
6.55232e-10	-0.0346355
6.55303e-10	-0.0345698
6.55374e-10	-0.0345039
6.55445e-10	-0.0344379
6.55516e-10	-0.0343718
6.55587e-10	-0.0343056
6.55658e-10	-0.0342392
6.55729e-10	-0.0341727
6.558e-10	-0.034106
6.55871e-10	-0.0340392
6.55942e-10	-0.0339723
6.56013e-10	-0.0339052
6.56083e-10	-0.033838
6.56154e-10	-0.0337707
6.56225e-10	-0.0337032
6.56296e-10	-0.0336356
6.56367e-10	-0.0335678
6.56438e-10	-0.0335
6.56509e-10	-0.033432
6.5658e-10	-0.0333638
6.56651e-10	-0.0332955
6.56722e-10	-0.0332271
6.56793e-10	-0.0331586
6.56864e-10	-0.0330899
6.56935e-10	-0.0330211
6.57006e-10	-0.0329521
6.57076e-10	-0.032883
6.57147e-10	-0.0328138
6.57218e-10	-0.0327444
6.57289e-10	-0.032675
6.5736e-10	-0.0326053
6.57431e-10	-0.0325356
6.57502e-10	-0.0324657
6.57573e-10	-0.0323956
6.57644e-10	-0.0323255
6.57715e-10	-0.0322552
6.57786e-10	-0.0321848
6.57857e-10	-0.0321142
6.57928e-10	-0.0320435
6.57999e-10	-0.0319726
6.58069e-10	-0.0319017
6.5814e-10	-0.0318306
6.58211e-10	-0.0317593
6.58282e-10	-0.031688
6.58353e-10	-0.0316165
6.58424e-10	-0.0315448
6.58495e-10	-0.031473
6.58566e-10	-0.0314011
6.58637e-10	-0.0313291
6.58708e-10	-0.0312569
6.58779e-10	-0.0311846
6.5885e-10	-0.0311121
6.58921e-10	-0.0310396
6.58992e-10	-0.0309669
6.59062e-10	-0.030894
6.59133e-10	-0.030821
6.59204e-10	-0.0307479
6.59275e-10	-0.0306747
6.59346e-10	-0.0306013
6.59417e-10	-0.0305278
6.59488e-10	-0.0304541
6.59559e-10	-0.0303803
6.5963e-10	-0.0303064
6.59701e-10	-0.0302324
6.59772e-10	-0.0301582
6.59843e-10	-0.0300839
6.59914e-10	-0.0300094
6.59984e-10	-0.0299348
6.60055e-10	-0.0298601
6.60126e-10	-0.0297852
6.60197e-10	-0.0297103
6.60268e-10	-0.0296351
6.60339e-10	-0.0295599
6.6041e-10	-0.0294845
6.60481e-10	-0.029409
6.60552e-10	-0.0293333
6.60623e-10	-0.0292575
6.60694e-10	-0.0291816
6.60765e-10	-0.0291056
6.60836e-10	-0.0290294
6.60907e-10	-0.0289531
6.60977e-10	-0.0288766
6.61048e-10	-0.0288
6.61119e-10	-0.0287233
6.6119e-10	-0.0286464
6.61261e-10	-0.0285695
6.61332e-10	-0.0284923
6.61403e-10	-0.0284151
6.61474e-10	-0.0283377
6.61545e-10	-0.0282602
6.61616e-10	-0.0281826
6.61687e-10	-0.0281048
6.61758e-10	-0.0280269
6.61829e-10	-0.0279488
6.619e-10	-0.0278706
6.6197e-10	-0.0277923
6.62041e-10	-0.0277139
6.62112e-10	-0.0276353
6.62183e-10	-0.0275566
6.62254e-10	-0.0274778
6.62325e-10	-0.0273988
6.62396e-10	-0.0273197
6.62467e-10	-0.0272404
6.62538e-10	-0.0271611
6.62609e-10	-0.0270816
6.6268e-10	-0.0270019
6.62751e-10	-0.0269222
6.62822e-10	-0.0268423
6.62893e-10	-0.0267623
6.62963e-10	-0.0266821
6.63034e-10	-0.0266018
6.63105e-10	-0.0265214
6.63176e-10	-0.0264408
6.63247e-10	-0.0263601
6.63318e-10	-0.0262793
6.63389e-10	-0.0261984
6.6346e-10	-0.0261173
6.63531e-10	-0.0260361
6.63602e-10	-0.0259547
6.63673e-10	-0.0258732
6.63744e-10	-0.0257916
6.63815e-10	-0.0257099
6.63886e-10	-0.025628
6.63956e-10	-0.025546
6.64027e-10	-0.0254639
6.64098e-10	-0.0253816
6.64169e-10	-0.0252992
6.6424e-10	-0.0252167
6.64311e-10	-0.0251341
6.64382e-10	-0.0250513
6.64453e-10	-0.0249683
6.64524e-10	-0.0248853
6.64595e-10	-0.0248021
6.64666e-10	-0.0247188
6.64737e-10	-0.0246354
6.64808e-10	-0.0245518
6.64879e-10	-0.0244681
6.64949e-10	-0.0243843
6.6502e-10	-0.0243003
6.65091e-10	-0.0242162
6.65162e-10	-0.024132
6.65233e-10	-0.0240476
6.65304e-10	-0.0239631
6.65375e-10	-0.0238785
6.65446e-10	-0.0237938
6.65517e-10	-0.0237089
6.65588e-10	-0.0236239
6.65659e-10	-0.0235388
6.6573e-10	-0.0234535
6.65801e-10	-0.0233681
6.65872e-10	-0.0232826
6.65942e-10	-0.0231969
6.66013e-10	-0.0231112
6.66084e-10	-0.0230253
6.66155e-10	-0.0229392
6.66226e-10	-0.022853
6.66297e-10	-0.0227667
6.66368e-10	-0.0226803
6.66439e-10	-0.0225938
6.6651e-10	-0.0225071
6.66581e-10	-0.0224203
6.66652e-10	-0.0223333
6.66723e-10	-0.0222462
6.66794e-10	-0.022159
6.66865e-10	-0.0220717
6.66935e-10	-0.0219843
6.67006e-10	-0.0218967
6.67077e-10	-0.0218089
6.67148e-10	-0.0217211
6.67219e-10	-0.0216331
6.6729e-10	-0.021545
6.67361e-10	-0.0214568
6.67432e-10	-0.0213684
6.67503e-10	-0.0212799
6.67574e-10	-0.0211913
6.67645e-10	-0.0211026
6.67716e-10	-0.0210137
6.67787e-10	-0.0209247
6.67857e-10	-0.0208356
6.67928e-10	-0.0207463
6.67999e-10	-0.020657
6.6807e-10	-0.0205675
6.68141e-10	-0.0204778
6.68212e-10	-0.0203881
6.68283e-10	-0.0202982
6.68354e-10	-0.0202081
6.68425e-10	-0.020118
6.68496e-10	-0.0200277
6.68567e-10	-0.0199373
6.68638e-10	-0.0198468
6.68709e-10	-0.0197561
6.6878e-10	-0.0196654
6.6885e-10	-0.0195744
6.68921e-10	-0.0194834
6.68992e-10	-0.0193923
6.69063e-10	-0.019301
6.69134e-10	-0.0192095
6.69205e-10	-0.019118
6.69276e-10	-0.0190263
6.69347e-10	-0.0189345
6.69418e-10	-0.0188426
6.69489e-10	-0.0187506
6.6956e-10	-0.0186584
6.69631e-10	-0.0185661
6.69702e-10	-0.0184737
6.69773e-10	-0.0183811
6.69843e-10	-0.0182885
6.69914e-10	-0.0181957
6.69985e-10	-0.0181027
6.70056e-10	-0.0180097
6.70127e-10	-0.0179165
6.70198e-10	-0.0178232
6.70269e-10	-0.0177298
6.7034e-10	-0.0176362
6.70411e-10	-0.0175425
6.70482e-10	-0.0174487
6.70553e-10	-0.0173548
6.70624e-10	-0.0172608
6.70695e-10	-0.0171666
6.70766e-10	-0.0170723
6.70836e-10	-0.0169779
6.70907e-10	-0.0168833
6.70978e-10	-0.0167886
6.71049e-10	-0.0166938
6.7112e-10	-0.0165989
6.71191e-10	-0.0165039
6.71262e-10	-0.0164087
6.71333e-10	-0.0163134
6.71404e-10	-0.016218
6.71475e-10	-0.0161224
6.71546e-10	-0.0160268
6.71617e-10	-0.015931
6.71688e-10	-0.0158351
6.71759e-10	-0.015739
6.71829e-10	-0.0156429
6.719e-10	-0.0155466
6.71971e-10	-0.0154502
6.72042e-10	-0.0153536
6.72113e-10	-0.015257
6.72184e-10	-0.0151602
6.72255e-10	-0.0150633
6.72326e-10	-0.0149663
6.72397e-10	-0.0148691
6.72468e-10	-0.0147719
6.72539e-10	-0.0146745
6.7261e-10	-0.014577
6.72681e-10	-0.0144793
6.72752e-10	-0.0143816
6.72822e-10	-0.0142837
6.72893e-10	-0.0141857
6.72964e-10	-0.0140876
6.73035e-10	-0.0139893
6.73106e-10	-0.013891
6.73177e-10	-0.0137925
6.73248e-10	-0.0136939
6.73319e-10	-0.0135952
6.7339e-10	-0.0134963
6.73461e-10	-0.0133973
6.73532e-10	-0.0132982
6.73603e-10	-0.013199
6.73674e-10	-0.0130997
6.73745e-10	-0.0130002
6.73815e-10	-0.0129007
6.73886e-10	-0.012801
6.73957e-10	-0.0127011
6.74028e-10	-0.0126012
6.74099e-10	-0.0125011
6.7417e-10	-0.012401
6.74241e-10	-0.0123007
6.74312e-10	-0.0122003
6.74383e-10	-0.0120997
6.74454e-10	-0.0119991
6.74525e-10	-0.0118983
6.74596e-10	-0.0117974
6.74667e-10	-0.0116964
6.74738e-10	-0.0115952
6.74808e-10	-0.011494
6.74879e-10	-0.0113926
6.7495e-10	-0.0112911
6.75021e-10	-0.0111895
6.75092e-10	-0.0110878
6.75163e-10	-0.0109859
6.75234e-10	-0.010884
6.75305e-10	-0.0107819
6.75376e-10	-0.0106797
6.75447e-10	-0.0105773
6.75518e-10	-0.0104749
6.75589e-10	-0.0103723
6.7566e-10	-0.0102697
6.7573e-10	-0.0101669
6.75801e-10	-0.010064
6.75872e-10	-0.00996092
6.75943e-10	-0.00985777
6.76014e-10	-0.00975451
6.76085e-10	-0.00965113
6.76156e-10	-0.00954763
6.76227e-10	-0.00944401
6.76298e-10	-0.00934028
6.76369e-10	-0.00923643
6.7644e-10	-0.00913246
6.76511e-10	-0.00902837
6.76582e-10	-0.00892417
6.76653e-10	-0.00881986
6.76723e-10	-0.00871542
6.76794e-10	-0.00861087
6.76865e-10	-0.00850621
6.76936e-10	-0.00840143
6.77007e-10	-0.00829653
6.77078e-10	-0.00819152
6.77149e-10	-0.00808639
6.7722e-10	-0.00798114
6.77291e-10	-0.00787579
6.77362e-10	-0.00777031
6.77433e-10	-0.00766472
6.77504e-10	-0.00755902
6.77575e-10	-0.0074532
6.77646e-10	-0.00734726
6.77716e-10	-0.00724122
6.77787e-10	-0.00713505
6.77858e-10	-0.00702877
6.77929e-10	-0.00692238
6.78e-10	-0.00681588
6.78071e-10	-0.00670926
6.78142e-10	-0.00660252
6.78213e-10	-0.00649567
6.78284e-10	-0.00638871
6.78355e-10	-0.00628164
6.78426e-10	-0.00617445
6.78497e-10	-0.00606715
6.78568e-10	-0.00595973
6.78639e-10	-0.0058522
6.78709e-10	-0.00574456
6.7878e-10	-0.00563681
6.78851e-10	-0.00552894
6.78922e-10	-0.00542096
6.78993e-10	-0.00531287
6.79064e-10	-0.00520467
6.79135e-10	-0.00509635
6.79206e-10	-0.00498793
6.79277e-10	-0.00487939
6.79348e-10	-0.00477073
6.79419e-10	-0.00466197
6.7949e-10	-0.0045531
6.79561e-10	-0.00444411
6.79632e-10	-0.00433501
6.79702e-10	-0.0042258
6.79773e-10	-0.00411648
6.79844e-10	-0.00400705
6.79915e-10	-0.00389751
6.79986e-10	-0.00378786
6.80057e-10	-0.0036781
6.80128e-10	-0.00356823
6.80199e-10	-0.00345824
6.8027e-10	-0.00334815
6.80341e-10	-0.00323795
6.80412e-10	-0.00312763
6.80483e-10	-0.00301721
6.80554e-10	-0.00290668
6.80625e-10	-0.00279604
6.80695e-10	-0.00268529
6.80766e-10	-0.00257443
6.80837e-10	-0.00246346
6.80908e-10	-0.00235238
6.80979e-10	-0.00224119
6.8105e-10	-0.0021299
6.81121e-10	-0.00201849
6.81192e-10	-0.00190698
6.81263e-10	-0.00179536
6.81334e-10	-0.00168363
6.81405e-10	-0.0015718
6.81476e-10	-0.00145985
6.81547e-10	-0.0013478
6.81618e-10	-0.00123564
6.81688e-10	-0.00112337
6.81759e-10	-0.001011
6.8183e-10	-0.000898519
6.81901e-10	-0.000785931
6.81972e-10	-0.000673237
6.82043e-10	-0.000560435
6.82114e-10	-0.000447527
6.82185e-10	-0.000334512
6.82256e-10	-0.000221392
6.82327e-10	-0.000108165
6.82398e-10	5.16777e-06
6.82469e-10	0.000118606
6.8254e-10	0.000232151
6.82611e-10	0.0003458
6.82681e-10	0.000459556
6.82752e-10	0.000573416
6.82823e-10	0.000687382
6.82894e-10	0.000801452
6.82965e-10	0.000915627
6.83036e-10	0.00102991
6.83107e-10	0.00114429
6.83178e-10	0.00125878
6.83249e-10	0.00137337
6.8332e-10	0.00148807
6.83391e-10	0.00160287
6.83462e-10	0.00171778
6.83533e-10	0.00183278
6.83603e-10	0.0019479
6.83674e-10	0.00206311
6.83745e-10	0.00217843
6.83816e-10	0.00229385
6.83887e-10	0.00240938
6.83958e-10	0.002525
6.84029e-10	0.00264073
6.841e-10	0.00275656
6.84171e-10	0.0028725
6.84242e-10	0.00298854
6.84313e-10	0.00310467
6.84384e-10	0.00322091
6.84455e-10	0.00333726
6.84526e-10	0.0034537
6.84596e-10	0.00357024
6.84667e-10	0.00368689
6.84738e-10	0.00380364
6.84809e-10	0.00392048
6.8488e-10	0.00403743
6.84951e-10	0.00415448
6.85022e-10	0.00427163
6.85093e-10	0.00438888
6.85164e-10	0.00450623
6.85235e-10	0.00462368
6.85306e-10	0.00474123
6.85377e-10	0.00485888
6.85448e-10	0.00497663
6.85519e-10	0.00509448
6.85589e-10	0.00521242
6.8566e-10	0.00533047
6.85731e-10	0.00544862
6.85802e-10	0.00556686
6.85873e-10	0.0056852
6.85944e-10	0.00580364
6.86015e-10	0.00592218
6.86086e-10	0.00604082
6.86157e-10	0.00615955
6.86228e-10	0.00627838
6.86299e-10	0.00639731
6.8637e-10	0.00651634
6.86441e-10	0.00663547
6.86512e-10	0.00675469
6.86582e-10	0.00687401
6.86653e-10	0.00699342
6.86724e-10	0.00711293
6.86795e-10	0.00723254
6.86866e-10	0.00735225
6.86937e-10	0.00747205
6.87008e-10	0.00759194
6.87079e-10	0.00771193
6.8715e-10	0.00783202
6.87221e-10	0.0079522
6.87292e-10	0.00807248
6.87363e-10	0.00819286
6.87434e-10	0.00831332
6.87505e-10	0.00843389
6.87575e-10	0.00855454
6.87646e-10	0.0086753
6.87717e-10	0.00879614
6.87788e-10	0.00891708
6.87859e-10	0.00903812
6.8793e-10	0.00915924
6.88001e-10	0.00928046
6.88072e-10	0.00940178
6.88143e-10	0.00952319
6.88214e-10	0.00964469
6.88285e-10	0.00976628
6.88356e-10	0.00988797
6.88427e-10	0.0100097
6.88498e-10	0.0101316
6.88568e-10	0.0102536
6.88639e-10	0.0103756
6.8871e-10	0.0104978
6.88781e-10	0.01062
6.88852e-10	0.0107423
6.88923e-10	0.0108648
6.88994e-10	0.0109873
6.89065e-10	0.0111099
6.89136e-10	0.0112326
6.89207e-10	0.0113554
6.89278e-10	0.0114782
6.89349e-10	0.0116012
6.8942e-10	0.0117243
6.89491e-10	0.0118474
6.89561e-10	0.0119706
6.89632e-10	0.012094
6.89703e-10	0.0122174
6.89774e-10	0.0123409
6.89845e-10	0.0124645
6.89916e-10	0.0125881
6.89987e-10	0.0127119
6.90058e-10	0.0128358
6.90129e-10	0.0129597
6.902e-10	0.0130838
6.90271e-10	0.0132079
6.90342e-10	0.0133321
6.90413e-10	0.0134564
6.90484e-10	0.0135808
6.90554e-10	0.0137052
6.90625e-10	0.0138298
6.90696e-10	0.0139544
6.90767e-10	0.0140792
6.90838e-10	0.014204
6.90909e-10	0.0143289
6.9098e-10	0.0144539
6.91051e-10	0.014579
6.91122e-10	0.0147041
6.91193e-10	0.0148294
6.91264e-10	0.0149547
6.91335e-10	0.0150801
6.91406e-10	0.0152056
6.91476e-10	0.0153312
6.91547e-10	0.0154569
6.91618e-10	0.0155826
6.91689e-10	0.0157085
6.9176e-10	0.0158344
6.91831e-10	0.0159604
6.91902e-10	0.0160865
6.91973e-10	0.0162127
6.92044e-10	0.0163389
6.92115e-10	0.0164653
6.92186e-10	0.0165917
6.92257e-10	0.0167182
6.92328e-10	0.0168448
6.92399e-10	0.0169714
6.92469e-10	0.0170982
6.9254e-10	0.017225
6.92611e-10	0.0173519
6.92682e-10	0.0174789
6.92753e-10	0.017606
6.92824e-10	0.0177332
6.92895e-10	0.0178604
6.92966e-10	0.0179877
6.93037e-10	0.0181151
6.93108e-10	0.0182426
6.93179e-10	0.0183702
6.9325e-10	0.0184978
6.93321e-10	0.0186255
6.93392e-10	0.0187533
6.93462e-10	0.0188812
6.93533e-10	0.0190092
6.93604e-10	0.0191372
6.93675e-10	0.0192653
6.93746e-10	0.0193935
6.93817e-10	0.0195218
6.93888e-10	0.0196502
6.93959e-10	0.0197786
6.9403e-10	0.0199071
6.94101e-10	0.0200357
6.94172e-10	0.0201643
6.94243e-10	0.0202931
6.94314e-10	0.0204219
6.94385e-10	0.0205508
6.94455e-10	0.0206797
6.94526e-10	0.0208088
6.94597e-10	0.0209379
6.94668e-10	0.0210671
6.94739e-10	0.0211964
6.9481e-10	0.0213257
6.94881e-10	0.0214552
6.94952e-10	0.0215846
6.95023e-10	0.0217142
6.95094e-10	0.0218439
6.95165e-10	0.0219736
6.95236e-10	0.0221034
6.95307e-10	0.0222333
6.95378e-10	0.0223632
6.95448e-10	0.0224932
6.95519e-10	0.0226233
6.9559e-10	0.0227535
6.95661e-10	0.0228837
6.95732e-10	0.023014
6.95803e-10	0.0231444
6.95874e-10	0.0232748
6.95945e-10	0.0234054
6.96016e-10	0.023536
6.96087e-10	0.0236666
6.96158e-10	0.0237974
6.96229e-10	0.0239282
6.963e-10	0.0240591
6.96371e-10	0.02419
6.96441e-10	0.0243211
6.96512e-10	0.0244521
6.96583e-10	0.0245833
6.96654e-10	0.0247145
6.96725e-10	0.0248459
6.96796e-10	0.0249772
6.96867e-10	0.0251087
6.96938e-10	0.0252402
6.97009e-10	0.0253718
6.9708e-10	0.0255034
6.97151e-10	0.0256351
6.97222e-10	0.0257669
6.97293e-10	0.0258988
6.97364e-10	0.0260307
6.97434e-10	0.0261627
6.97505e-10	0.0262947
6.97576e-10	0.0264269
6.97647e-10	0.0265591
6.97718e-10	0.0266913
6.97789e-10	0.0268236
6.9786e-10	0.026956
6.97931e-10	0.0270885
6.98002e-10	0.027221
6.98073e-10	0.0273536
6.98144e-10	0.0274863
6.98215e-10	0.027619
6.98286e-10	0.0277518
6.98357e-10	0.0278846
6.98427e-10	0.0280175
6.98498e-10	0.0281505
6.98569e-10	0.0282835
6.9864e-10	0.0284167
6.98711e-10	0.0285498
6.98782e-10	0.0286831
6.98853e-10	0.0288163
6.98924e-10	0.0289497
6.98995e-10	0.0290831
6.99066e-10	0.0292166
6.99137e-10	0.0293502
6.99208e-10	0.0294838
6.99279e-10	0.0296174
6.99349e-10	0.0297512
6.9942e-10	0.029885
6.99491e-10	0.0300188
6.99562e-10	0.0301527
6.99633e-10	0.0302867
6.99704e-10	0.0304207
6.99775e-10	0.0305548
6.99846e-10	0.030689
6.99917e-10	0.0308232
6.99988e-10	0.0309575
7.00059e-10	0.0310918
7.0013e-10	0.0312262
7.00201e-10	0.0313607
7.00272e-10	0.0314952
7.00342e-10	0.0316297
7.00413e-10	0.0317644
7.00484e-10	0.0318991
7.00555e-10	0.0320338
7.00626e-10	0.0321686
7.00697e-10	0.0323035
7.00768e-10	0.0324384
7.00839e-10	0.0325733
7.0091e-10	0.0327084
7.00981e-10	0.0328435
7.01052e-10	0.0329786
7.01123e-10	0.0331138
7.01194e-10	0.033249
7.01265e-10	0.0333844
7.01335e-10	0.0335197
7.01406e-10	0.0336551
7.01477e-10	0.0337906
7.01548e-10	0.0339261
7.01619e-10	0.0340617
7.0169e-10	0.0341973
7.01761e-10	0.034333
7.01832e-10	0.0344688
7.01903e-10	0.0346046
7.01974e-10	0.0347404
7.02045e-10	0.0348763
7.02116e-10	0.0350123
7.02187e-10	0.0351483
7.02258e-10	0.0352843
7.02328e-10	0.0354204
7.02399e-10	0.0355566
7.0247e-10	0.0356928
7.02541e-10	0.0358291
7.02612e-10	0.0359654
7.02683e-10	0.0361017
7.02754e-10	0.0362382
7.02825e-10	0.0363746
7.02896e-10	0.0365111
7.02967e-10	0.0366477
7.03038e-10	0.0367843
7.03109e-10	0.036921
7.0318e-10	0.0370577
7.03251e-10	0.0371944
7.03321e-10	0.0373312
7.03392e-10	0.0374681
7.03463e-10	0.037605
7.03534e-10	0.037742
7.03605e-10	0.037879
7.03676e-10	0.038016
7.03747e-10	0.0381531
7.03818e-10	0.0382902
7.03889e-10	0.0384274
7.0396e-10	0.0385646
7.04031e-10	0.0387019
7.04102e-10	0.0388392
7.04173e-10	0.0389766
7.04244e-10	0.039114
7.04314e-10	0.0392515
7.04385e-10	0.039389
7.04456e-10	0.0395265
7.04527e-10	0.0396641
7.04598e-10	0.0398018
7.04669e-10	0.0399394
7.0474e-10	0.0400772
7.04811e-10	0.0402149
7.04882e-10	0.0403527
7.04953e-10	0.0404906
7.05024e-10	0.0406285
7.05095e-10	0.0407664
7.05166e-10	0.0409044
7.05237e-10	0.0410424
7.05307e-10	0.0411805
7.05378e-10	0.0413186
7.05449e-10	0.0414567
7.0552e-10	0.0415949
7.05591e-10	0.0417331
7.05662e-10	0.0418714
7.05733e-10	0.0420097
7.05804e-10	0.042148
7.05875e-10	0.0422864
7.05946e-10	0.0424248
7.06017e-10	0.0425633
7.06088e-10	0.0427018
7.06159e-10	0.0428403
7.0623e-10	0.0429789
7.063e-10	0.0431175
7.06371e-10	0.0432561
7.06442e-10	0.0433948
7.06513e-10	0.0435336
7.06584e-10	0.0436723
7.06655e-10	0.0438111
7.06726e-10	0.04395
7.06797e-10	0.0440888
7.06868e-10	0.0442277
7.06939e-10	0.0443667
7.0701e-10	0.0445056
7.07081e-10	0.0446446
7.07152e-10	0.0447837
7.07222e-10	0.0449228
7.07293e-10	0.0450619
7.07364e-10	0.045201
7.07435e-10	0.0453402
7.07506e-10	0.0454794
7.07577e-10	0.0456187
7.07648e-10	0.0457579
7.07719e-10	0.0458973
7.0779e-10	0.0460366
7.07861e-10	0.046176
7.07932e-10	0.0463154
7.08003e-10	0.0464548
7.08074e-10	0.0465943
7.08145e-10	0.0467338
7.08215e-10	0.0468733
7.08286e-10	0.0470129
7.08357e-10	0.0471525
7.08428e-10	0.0472921
7.08499e-10	0.0474318
7.0857e-10	0.0475714
7.08641e-10	0.0477112
7.08712e-10	0.0478509
7.08783e-10	0.0479907
7.08854e-10	0.0481305
7.08925e-10	0.0482703
7.08996e-10	0.0484101
7.09067e-10	0.04855
7.09138e-10	0.0486899
7.09208e-10	0.0488299
7.09279e-10	0.0489698
7.0935e-10	0.0491098
7.09421e-10	0.0492498
7.09492e-10	0.0493899
7.09563e-10	0.0495299
7.09634e-10	0.04967
7.09705e-10	0.0498101
7.09776e-10	0.0499503
7.09847e-10	0.0500904
7.09918e-10	0.0502306
7.09989e-10	0.0503708
7.1006e-10	0.0505111
7.10131e-10	0.0506513
7.10201e-10	0.0507916
7.10272e-10	0.0509319
7.10343e-10	0.0510722
7.10414e-10	0.0512126
7.10485e-10	0.0513529
7.10556e-10	0.0514933
7.10627e-10	0.0516337
7.10698e-10	0.0517742
7.10769e-10	0.0519146
7.1084e-10	0.0520551
7.10911e-10	0.0521956
7.10982e-10	0.0523361
7.11053e-10	0.0524767
7.11124e-10	0.0526172
7.11194e-10	0.0527578
7.11265e-10	0.0528984
7.11336e-10	0.053039
7.11407e-10	0.0531796
7.11478e-10	0.0533203
7.11549e-10	0.053461
7.1162e-10	0.0536016
7.11691e-10	0.0537423
7.11762e-10	0.0538831
7.11833e-10	0.0540238
7.11904e-10	0.0541645
7.11975e-10	0.0543053
7.12046e-10	0.0544461
7.12117e-10	0.0545869
7.12187e-10	0.0547277
7.12258e-10	0.0548685
7.12329e-10	0.0550094
7.124e-10	0.0551502
7.12471e-10	0.0552911
7.12542e-10	0.055432
7.12613e-10	0.0555729
7.12684e-10	0.0557138
7.12755e-10	0.0558547
7.12826e-10	0.0559957
7.12897e-10	0.0561366
7.12968e-10	0.0562776
7.13039e-10	0.0564186
7.1311e-10	0.0565596
7.1318e-10	0.0567006
7.13251e-10	0.0568416
7.13322e-10	0.0569826
7.13393e-10	0.0571236
7.13464e-10	0.0572647
7.13535e-10	0.0574057
7.13606e-10	0.0575468
7.13677e-10	0.0576879
7.13748e-10	0.0578289
7.13819e-10	0.05797
7.1389e-10	0.0581111
7.13961e-10	0.0582522
7.14032e-10	0.0583933
7.14103e-10	0.0585344
7.14173e-10	0.0586756
7.14244e-10	0.0588167
7.14315e-10	0.0589578
7.14386e-10	0.059099
7.14457e-10	0.0592401
7.14528e-10	0.0593813
7.14599e-10	0.0595225
7.1467e-10	0.0596636
7.14741e-10	0.0598048
7.14812e-10	0.059946
7.14883e-10	0.0600872
7.14954e-10	0.0602284
7.15025e-10	0.0603696
7.15096e-10	0.0605107
7.15166e-10	0.0606519
7.15237e-10	0.0607931
7.15308e-10	0.0609343
7.15379e-10	0.0610756
7.1545e-10	0.0612168
7.15521e-10	0.061358
7.15592e-10	0.0614992
7.15663e-10	0.0616404
7.15734e-10	0.0617816
7.15805e-10	0.0619228
7.15876e-10	0.062064
7.15947e-10	0.0622052
7.16018e-10	0.0623465
7.16088e-10	0.0624877
7.16159e-10	0.0626289
7.1623e-10	0.0627701
7.16301e-10	0.0629113
7.16372e-10	0.0630525
7.16443e-10	0.0631937
7.16514e-10	0.0633349
7.16585e-10	0.0634761
7.16656e-10	0.0636173
7.16727e-10	0.0637585
7.16798e-10	0.0638997
7.16869e-10	0.0640409
7.1694e-10	0.064182
7.17011e-10	0.0643232
7.17081e-10	0.0644644
7.17152e-10	0.0646055
7.17223e-10	0.0647467
7.17294e-10	0.0648879
7.17365e-10	0.065029
7.17436e-10	0.0651702
7.17507e-10	0.0653113
7.17578e-10	0.0654524
7.17649e-10	0.0655935
7.1772e-10	0.0657347
7.17791e-10	0.0658758
7.17862e-10	0.0660169
7.17933e-10	0.0661579
7.18004e-10	0.066299
7.18074e-10	0.0664401
7.18145e-10	0.0665812
7.18216e-10	0.0667222
7.18287e-10	0.0668632
7.18358e-10	0.0670043
7.18429e-10	0.0671453
7.185e-10	0.0672863
7.18571e-10	0.0674273
7.18642e-10	0.0675683
7.18713e-10	0.0677093
7.18784e-10	0.0678502
7.18855e-10	0.0679912
7.18926e-10	0.0681321
7.18997e-10	0.068273
7.19067e-10	0.068414
7.19138e-10	0.0685549
7.19209e-10	0.0686957
7.1928e-10	0.0688366
7.19351e-10	0.0689775
7.19422e-10	0.0691183
7.19493e-10	0.0692591
7.19564e-10	0.0693999
7.19635e-10	0.0695407
7.19706e-10	0.0696815
7.19777e-10	0.0698223
7.19848e-10	0.069963
7.19919e-10	0.0701037
7.1999e-10	0.0702444
7.2006e-10	0.0703851
7.20131e-10	0.0705258
7.20202e-10	0.0706665
7.20273e-10	0.0708071
7.20344e-10	0.0709477
7.20415e-10	0.0710883
7.20486e-10	0.0712289
7.20557e-10	0.0713694
7.20628e-10	0.07151
7.20699e-10	0.0716505
7.2077e-10	0.071791
7.20841e-10	0.0719315
7.20912e-10	0.0720719
7.20983e-10	0.0722124
7.21053e-10	0.0723528
7.21124e-10	0.0724932
7.21195e-10	0.0726335
7.21266e-10	0.0727739
7.21337e-10	0.0729142
7.21408e-10	0.0730545
7.21479e-10	0.0731947
7.2155e-10	0.073335
7.21621e-10	0.0734752
7.21692e-10	0.0736154
7.21763e-10	0.0737556
7.21834e-10	0.0738957
7.21905e-10	0.0740359
7.21976e-10	0.074176
7.22046e-10	0.074316
7.22117e-10	0.0744561
7.22188e-10	0.0745961
7.22259e-10	0.0747361
7.2233e-10	0.074876
7.22401e-10	0.075016
7.22472e-10	0.0751559
7.22543e-10	0.0752957
7.22614e-10	0.0754356
7.22685e-10	0.0755754
7.22756e-10	0.0757152
7.22827e-10	0.0758549
7.22898e-10	0.0759947
7.22969e-10	0.0761343
7.23039e-10	0.076274
7.2311e-10	0.0764136
7.23181e-10	0.0765532
7.23252e-10	0.0766928
7.23323e-10	0.0768323
7.23394e-10	0.0769719
7.23465e-10	0.0771113
7.23536e-10	0.0772508
7.23607e-10	0.0773902
7.23678e-10	0.0775295
7.23749e-10	0.0776689
7.2382e-10	0.0778082
7.23891e-10	0.0779474
7.23961e-10	0.0780867
7.24032e-10	0.0782259
7.24103e-10	0.078365
7.24174e-10	0.0785042
7.24245e-10	0.0786432
7.24316e-10	0.0787823
7.24387e-10	0.0789213
7.24458e-10	0.0790603
7.24529e-10	0.0791992
7.246e-10	0.0793381
7.24671e-10	0.079477
7.24742e-10	0.0796158
7.24813e-10	0.0797546
7.24884e-10	0.0798933
7.24954e-10	0.080032
7.25025e-10	0.0801707
7.25096e-10	0.0803093
7.25167e-10	0.0804479
7.25238e-10	0.0805865
7.25309e-10	0.080725
7.2538e-10	0.0808634
7.25451e-10	0.0810018
7.25522e-10	0.0811402
7.25593e-10	0.0812786
7.25664e-10	0.0814169
7.25735e-10	0.0815551
7.25806e-10	0.0816933
7.25877e-10	0.0818315
7.25947e-10	0.0819696
7.26018e-10	0.0821077
7.26089e-10	0.0822457
7.2616e-10	0.0823837
7.26231e-10	0.0825216
7.26302e-10	0.0826595
7.26373e-10	0.0827973
7.26444e-10	0.0829351
7.26515e-10	0.0830729
7.26586e-10	0.0832106
7.26657e-10	0.0833482
7.26728e-10	0.0834858
7.26799e-10	0.0836234
7.2687e-10	0.0837609
7.2694e-10	0.0838984
7.27011e-10	0.0840358
7.27082e-10	0.0841732
7.27153e-10	0.0843105
7.27224e-10	0.0844477
7.27295e-10	0.084585
7.27366e-10	0.0847221
7.27437e-10	0.0848592
7.27508e-10	0.0849963
7.27579e-10	0.0851333
7.2765e-10	0.0852702
7.27721e-10	0.0854071
7.27792e-10	0.085544
7.27863e-10	0.0856808
7.27933e-10	0.0858175
7.28004e-10	0.0859542
7.28075e-10	0.0860909
7.28146e-10	0.0862274
7.28217e-10	0.086364
7.28288e-10	0.0865004
7.28359e-10	0.0866369
7.2843e-10	0.0867732
7.28501e-10	0.0869095
7.28572e-10	0.0870458
7.28643e-10	0.087182
7.28714e-10	0.0873181
7.28785e-10	0.0874542
7.28856e-10	0.0875902
7.28926e-10	0.0877262
7.28997e-10	0.0878621
7.29068e-10	0.0879979
7.29139e-10	0.0881337
7.2921e-10	0.0882694
7.29281e-10	0.0884051
7.29352e-10	0.0885407
7.29423e-10	0.0886762
7.29494e-10	0.0888117
7.29565e-10	0.0889471
7.29636e-10	0.0890825
7.29707e-10	0.0892178
7.29778e-10	0.089353
7.29849e-10	0.0894882
7.29919e-10	0.0896233
7.2999e-10	0.0897584
7.30061e-10	0.0898933
7.30132e-10	0.0900283
7.30203e-10	0.0901631
7.30274e-10	0.0902979
7.30345e-10	0.0904326
7.30416e-10	0.0905673
7.30487e-10	0.0907019
7.30558e-10	0.0908364
7.30629e-10	0.0909709
7.307e-10	0.0911053
7.30771e-10	0.0912396
7.30842e-10	0.0913739
7.30912e-10	0.0915081
7.30983e-10	0.0916422
7.31054e-10	0.0917763
7.31125e-10	0.0919102
7.31196e-10	0.0920442
7.31267e-10	0.092178
7.31338e-10	0.0923118
7.31409e-10	0.0924455
7.3148e-10	0.0925792
7.31551e-10	0.0927127
7.31622e-10	0.0928462
7.31693e-10	0.0929797
7.31764e-10	0.093113
7.31834e-10	0.0932463
7.31905e-10	0.0933795
7.31976e-10	0.0935127
7.32047e-10	0.0936457
7.32118e-10	0.0937787
7.32189e-10	0.0939116
7.3226e-10	0.0940445
7.32331e-10	0.0941773
7.32402e-10	0.09431
7.32473e-10	0.0944426
7.32544e-10	0.0945751
7.32615e-10	0.0947076
7.32686e-10	0.09484
7.32757e-10	0.0949723
7.32827e-10	0.0951046
7.32898e-10	0.0952367
7.32969e-10	0.0953688
7.3304e-10	0.0955008
7.33111e-10	0.0956328
7.33182e-10	0.0957646
7.33253e-10	0.0958964
7.33324e-10	0.0960281
7.33395e-10	0.0961597
7.33466e-10	0.0962912
7.33537e-10	0.0964227
7.33608e-10	0.0965541
7.33679e-10	0.0966853
7.3375e-10	0.0968166
7.3382e-10	0.0969477
7.33891e-10	0.0970787
7.33962e-10	0.0972097
7.34033e-10	0.0973406
7.34104e-10	0.0974714
7.34175e-10	0.0976021
7.34246e-10	0.0977328
7.34317e-10	0.0978633
7.34388e-10	0.0979938
7.34459e-10	0.0981242
7.3453e-10	0.0982544
7.34601e-10	0.0983847
7.34672e-10	0.0985148
7.34743e-10	0.0986448
7.34813e-10	0.0987748
7.34884e-10	0.0989046
7.34955e-10	0.0990344
7.35026e-10	0.0991641
7.35097e-10	0.0992937
7.35168e-10	0.0994232
7.35239e-10	0.0995527
7.3531e-10	0.099682
7.35381e-10	0.0998113
7.35452e-10	0.0999404
7.35523e-10	0.100069
7.35594e-10	0.100198
7.35665e-10	0.100327
7.35736e-10	0.100456
7.35806e-10	0.100585
7.35877e-10	0.100713
7.35948e-10	0.100842
7.36019e-10	0.10097
7.3609e-10	0.101099
7.36161e-10	0.101227
7.36232e-10	0.101355
7.36303e-10	0.101483
7.36374e-10	0.101611
7.36445e-10	0.101739
7.36516e-10	0.101867
7.36587e-10	0.101995
7.36658e-10	0.102122
7.36729e-10	0.10225
7.36799e-10	0.102377
7.3687e-10	0.102504
7.36941e-10	0.102631
7.37012e-10	0.102759
7.37083e-10	0.102886
7.37154e-10	0.103013
7.37225e-10	0.103139
7.37296e-10	0.103266
7.37367e-10	0.103393
7.37438e-10	0.103519
7.37509e-10	0.103646
7.3758e-10	0.103772
7.37651e-10	0.103898
7.37722e-10	0.104024
7.37792e-10	0.10415
7.37863e-10	0.104276
7.37934e-10	0.104402
7.38005e-10	0.104528
7.38076e-10	0.104653
7.38147e-10	0.104779
7.38218e-10	0.104904
7.38289e-10	0.105029
7.3836e-10	0.105155
7.38431e-10	0.10528
7.38502e-10	0.105405
7.38573e-10	0.10553
7.38644e-10	0.105654
7.38715e-10	0.105779
7.38785e-10	0.105904
7.38856e-10	0.106028
7.38927e-10	0.106152
7.38998e-10	0.106277
7.39069e-10	0.106401
7.3914e-10	0.106525
7.39211e-10	0.106649
7.39282e-10	0.106773
7.39353e-10	0.106896
7.39424e-10	0.10702
7.39495e-10	0.107143
7.39566e-10	0.107267
7.39637e-10	0.10739
7.39707e-10	0.107513
7.39778e-10	0.107636
7.39849e-10	0.107759
7.3992e-10	0.107882
7.39991e-10	0.108005
7.40062e-10	0.108127
7.40133e-10	0.10825
7.40204e-10	0.108372
7.40275e-10	0.108494
7.40346e-10	0.108616
7.40417e-10	0.108738
7.40488e-10	0.10886
7.40559e-10	0.108982
7.4063e-10	0.109104
7.407e-10	0.109225
7.40771e-10	0.109347
7.40842e-10	0.109468
7.40913e-10	0.109589
7.40984e-10	0.109711
7.41055e-10	0.109832
7.41126e-10	0.109952
7.41197e-10	0.110073
7.41268e-10	0.110194
7.41339e-10	0.110314
7.4141e-10	0.110435
7.41481e-10	0.110555
7.41552e-10	0.110675
7.41623e-10	0.110795
7.41693e-10	0.110915
7.41764e-10	0.111035
7.41835e-10	0.111155
7.41906e-10	0.111274
7.41977e-10	0.111394
7.42048e-10	0.111513
7.42119e-10	0.111632
7.4219e-10	0.111751
7.42261e-10	0.11187
7.42332e-10	0.111989
7.42403e-10	0.112108
7.42474e-10	0.112226
7.42545e-10	0.112345
7.42616e-10	0.112463
7.42686e-10	0.112581
7.42757e-10	0.112699
7.42828e-10	0.112817
7.42899e-10	0.112935
7.4297e-10	0.113053
7.43041e-10	0.11317
7.43112e-10	0.113288
7.43183e-10	0.113405
7.43254e-10	0.113522
7.43325e-10	0.113639
7.43396e-10	0.113756
7.43467e-10	0.113873
7.43538e-10	0.11399
7.43609e-10	0.114106
7.43679e-10	0.114223
7.4375e-10	0.114339
7.43821e-10	0.114455
7.43892e-10	0.114571
7.43963e-10	0.114687
7.44034e-10	0.114803
7.44105e-10	0.114918
7.44176e-10	0.115034
7.44247e-10	0.115149
7.44318e-10	0.115264
7.44389e-10	0.115379
7.4446e-10	0.115494
7.44531e-10	0.115609
7.44602e-10	0.115724
7.44672e-10	0.115838
7.44743e-10	0.115953
7.44814e-10	0.116067
7.44885e-10	0.116181
7.44956e-10	0.116295
7.45027e-10	0.116409
7.45098e-10	0.116523
7.45169e-10	0.116636
7.4524e-10	0.11675
7.45311e-10	0.116863
7.45382e-10	0.116976
7.45453e-10	0.117089
7.45524e-10	0.117202
7.45595e-10	0.117315
7.45665e-10	0.117428
7.45736e-10	0.11754
7.45807e-10	0.117653
7.45878e-10	0.117765
7.45949e-10	0.117877
7.4602e-10	0.117989
7.46091e-10	0.1181
7.46162e-10	0.118212
7.46233e-10	0.118324
7.46304e-10	0.118435
7.46375e-10	0.118546
7.46446e-10	0.118657
7.46517e-10	0.118768
7.46588e-10	0.118879
7.46658e-10	0.11899
7.46729e-10	0.1191
7.468e-10	0.11921
7.46871e-10	0.119321
7.46942e-10	0.119431
7.47013e-10	0.11954
7.47084e-10	0.11965
7.47155e-10	0.11976
7.47226e-10	0.119869
7.47297e-10	0.119979
7.47368e-10	0.120088
7.47439e-10	0.120197
7.4751e-10	0.120306
7.4758e-10	0.120414
7.47651e-10	0.120523
7.47722e-10	0.120631
7.47793e-10	0.12074
7.47864e-10	0.120848
7.47935e-10	0.120956
7.48006e-10	0.121063
7.48077e-10	0.121171
7.48148e-10	0.121279
7.48219e-10	0.121386
7.4829e-10	0.121493
7.48361e-10	0.1216
7.48432e-10	0.121707
7.48503e-10	0.121814
7.48573e-10	0.12192
7.48644e-10	0.122027
7.48715e-10	0.122133
7.48786e-10	0.122239
7.48857e-10	0.122345
7.48928e-10	0.122451
7.48999e-10	0.122557
7.4907e-10	0.122662
7.49141e-10	0.122767
7.49212e-10	0.122873
7.49283e-10	0.122978
7.49354e-10	0.123082
7.49425e-10	0.123187
7.49496e-10	0.123292
7.49566e-10	0.123396
7.49637e-10	0.1235
7.49708e-10	0.123604
7.49779e-10	0.123708
7.4985e-10	0.123812
7.49921e-10	0.123916
7.49992e-10	0.124019
7.50063e-10	0.124122
7.50134e-10	0.124225
7.50205e-10	0.124328
7.50276e-10	0.124431
7.50347e-10	0.124534
7.50418e-10	0.124636
7.50489e-10	0.124738
7.50559e-10	0.12484
7.5063e-10	0.124942
7.50701e-10	0.125044
7.50772e-10	0.125146
7.50843e-10	0.125247
7.50914e-10	0.125349
7.50985e-10	0.12545
7.51056e-10	0.125551
7.51127e-10	0.125651
7.51198e-10	0.125752
7.51269e-10	0.125852
7.5134e-10	0.125953
7.51411e-10	0.126053
7.51482e-10	0.126153
7.51552e-10	0.126253
7.51623e-10	0.126352
7.51694e-10	0.126452
7.51765e-10	0.126551
7.51836e-10	0.12665
7.51907e-10	0.126749
7.51978e-10	0.126848
7.52049e-10	0.126946
7.5212e-10	0.127045
7.52191e-10	0.127143
7.52262e-10	0.127241
7.52333e-10	0.127339
7.52404e-10	0.127437
7.52475e-10	0.127534
7.52545e-10	0.127632
7.52616e-10	0.127729
7.52687e-10	0.127826
7.52758e-10	0.127923
7.52829e-10	0.128019
7.529e-10	0.128116
7.52971e-10	0.128212
7.53042e-10	0.128308
7.53113e-10	0.128404
7.53184e-10	0.1285
7.53255e-10	0.128596
7.53326e-10	0.128691
7.53397e-10	0.128786
7.53468e-10	0.128881
7.53538e-10	0.128976
7.53609e-10	0.129071
7.5368e-10	0.129166
7.53751e-10	0.12926
7.53822e-10	0.129354
7.53893e-10	0.129448
7.53964e-10	0.129542
7.54035e-10	0.129636
7.54106e-10	0.129729
7.54177e-10	0.129822
7.54248e-10	0.129915
7.54319e-10	0.130008
7.5439e-10	0.130101
7.54461e-10	0.130194
7.54531e-10	0.130286
7.54602e-10	0.130378
7.54673e-10	0.13047
7.54744e-10	0.130562
7.54815e-10	0.130654
7.54886e-10	0.130745
7.54957e-10	0.130836
7.55028e-10	0.130927
7.55099e-10	0.131018
7.5517e-10	0.131109
7.55241e-10	0.1312
7.55312e-10	0.13129
7.55383e-10	0.13138
7.55453e-10	0.13147
7.55524e-10	0.13156
7.55595e-10	0.131649
7.55666e-10	0.131739
7.55737e-10	0.131828
7.55808e-10	0.131917
7.55879e-10	0.132006
7.5595e-10	0.132094
7.56021e-10	0.132183
7.56092e-10	0.132271
7.56163e-10	0.132359
7.56234e-10	0.132447
7.56305e-10	0.132534
7.56376e-10	0.132622
7.56446e-10	0.132709
7.56517e-10	0.132796
7.56588e-10	0.132883
7.56659e-10	0.13297
7.5673e-10	0.133056
7.56801e-10	0.133143
7.56872e-10	0.133229
7.56943e-10	0.133315
7.57014e-10	0.1334
7.57085e-10	0.133486
7.57156e-10	0.133571
7.57227e-10	0.133656
7.57298e-10	0.133741
7.57369e-10	0.133826
7.57439e-10	0.133911
7.5751e-10	0.133995
7.57581e-10	0.134079
7.57652e-10	0.134163
7.57723e-10	0.134247
7.57794e-10	0.13433
7.57865e-10	0.134414
7.57936e-10	0.134497
7.58007e-10	0.13458
7.58078e-10	0.134663
7.58149e-10	0.134745
7.5822e-10	0.134827
7.58291e-10	0.13491
7.58362e-10	0.134992
7.58432e-10	0.135073
7.58503e-10	0.135155
7.58574e-10	0.135236
7.58645e-10	0.135317
7.58716e-10	0.135398
7.58787e-10	0.135479
7.58858e-10	0.135559
7.58929e-10	0.13564
7.59e-10	0.13572
7.59071e-10	0.1358
7.59142e-10	0.135879
7.59213e-10	0.135959
7.59284e-10	0.136038
7.59355e-10	0.136117
7.59425e-10	0.136196
7.59496e-10	0.136275
7.59567e-10	0.136353
7.59638e-10	0.136432
7.59709e-10	0.13651
7.5978e-10	0.136587
7.59851e-10	0.136665
7.59922e-10	0.136742
7.59993e-10	0.13682
7.60064e-10	0.136897
7.60135e-10	0.136973
7.60206e-10	0.13705
7.60277e-10	0.137126
7.60348e-10	0.137202
7.60418e-10	0.137278
7.60489e-10	0.137354
7.6056e-10	0.13743
7.60631e-10	0.137505
7.60702e-10	0.13758
7.60773e-10	0.137655
7.60844e-10	0.13773
7.60915e-10	0.137804
7.60986e-10	0.137878
7.61057e-10	0.137952
7.61128e-10	0.138026
7.61199e-10	0.1381
7.6127e-10	0.138173
7.61341e-10	0.138246
7.61411e-10	0.138319
7.61482e-10	0.138392
7.61553e-10	0.138464
7.61624e-10	0.138537
7.61695e-10	0.138609
7.61766e-10	0.138681
7.61837e-10	0.138752
7.61908e-10	0.138824
7.61979e-10	0.138895
7.6205e-10	0.138966
7.62121e-10	0.139037
7.62192e-10	0.139107
7.62263e-10	0.139177
7.62334e-10	0.139247
7.62404e-10	0.139317
7.62475e-10	0.139387
7.62546e-10	0.139456
7.62617e-10	0.139526
7.62688e-10	0.139595
7.62759e-10	0.139663
7.6283e-10	0.139732
7.62901e-10	0.1398
7.62972e-10	0.139868
7.63043e-10	0.139936
7.63114e-10	0.140004
7.63185e-10	0.140071
7.63256e-10	0.140139
7.63327e-10	0.140206
7.63397e-10	0.140272
7.63468e-10	0.140339
7.63539e-10	0.140405
7.6361e-10	0.140471
7.63681e-10	0.140537
7.63752e-10	0.140603
7.63823e-10	0.140668
7.63894e-10	0.140733
7.63965e-10	0.140798
7.64036e-10	0.140863
7.64107e-10	0.140927
7.64178e-10	0.140992
7.64249e-10	0.141056
7.64319e-10	0.141119
7.6439e-10	0.141183
7.64461e-10	0.141246
7.64532e-10	0.141309
7.64603e-10	0.141372
7.64674e-10	0.141435
7.64745e-10	0.141497
7.64816e-10	0.141559
7.64887e-10	0.141621
7.64958e-10	0.141683
7.65029e-10	0.141745
7.651e-10	0.141806
7.65171e-10	0.141867
7.65242e-10	0.141928
7.65312e-10	0.141988
7.65383e-10	0.142048
7.65454e-10	0.142108
7.65525e-10	0.142168
7.65596e-10	0.142228
7.65667e-10	0.142287
7.65738e-10	0.142346
7.65809e-10	0.142405
7.6588e-10	0.142464
7.65951e-10	0.142522
7.66022e-10	0.142581
7.66093e-10	0.142639
7.66164e-10	0.142696
7.66235e-10	0.142754
7.66305e-10	0.142811
7.66376e-10	0.142868
7.66447e-10	0.142925
7.66518e-10	0.142981
7.66589e-10	0.143037
7.6666e-10	0.143093
7.66731e-10	0.143149
7.66802e-10	0.143205
7.66873e-10	0.14326
7.66944e-10	0.143315
7.67015e-10	0.14337
7.67086e-10	0.143425
7.67157e-10	0.143479
7.67228e-10	0.143533
7.67298e-10	0.143587
7.67369e-10	0.143641
7.6744e-10	0.143694
7.67511e-10	0.143747
7.67582e-10	0.1438
7.67653e-10	0.143853
7.67724e-10	0.143905
7.67795e-10	0.143957
7.67866e-10	0.144009
7.67937e-10	0.144061
7.68008e-10	0.144112
7.68079e-10	0.144163
7.6815e-10	0.144214
7.68221e-10	0.144265
7.68291e-10	0.144315
7.68362e-10	0.144366
7.68433e-10	0.144415
7.68504e-10	0.144465
7.68575e-10	0.144515
7.68646e-10	0.144564
7.68717e-10	0.144613
7.68788e-10	0.144661
7.68859e-10	0.14471
7.6893e-10	0.144758
7.69001e-10	0.144806
7.69072e-10	0.144854
7.69143e-10	0.144901
7.69214e-10	0.144948
7.69284e-10	0.144995
7.69355e-10	0.145042
7.69426e-10	0.145088
7.69497e-10	0.145135
7.69568e-10	0.14518
7.69639e-10	0.145226
7.6971e-10	0.145272
7.69781e-10	0.145317
7.69852e-10	0.145362
7.69923e-10	0.145406
7.69994e-10	0.145451
7.70065e-10	0.145495
7.70136e-10	0.145539
7.70207e-10	0.145582
7.70277e-10	0.145626
7.70348e-10	0.145669
7.70419e-10	0.145712
7.7049e-10	0.145754
7.70561e-10	0.145797
7.70632e-10	0.145839
7.70703e-10	0.145881
7.70774e-10	0.145922
7.70845e-10	0.145964
7.70916e-10	0.146005
7.70987e-10	0.146046
7.71058e-10	0.146086
7.71129e-10	0.146126
7.712e-10	0.146166
7.7127e-10	0.146206
7.71341e-10	0.146246
7.71412e-10	0.146285
7.71483e-10	0.146324
7.71554e-10	0.146363
7.71625e-10	0.146401
7.71696e-10	0.146439
7.71767e-10	0.146477
7.71838e-10	0.146515
7.71909e-10	0.146553
7.7198e-10	0.14659
7.72051e-10	0.146627
7.72122e-10	0.146663
7.72192e-10	0.1467
7.72263e-10	0.146736
7.72334e-10	0.146772
7.72405e-10	0.146807
7.72476e-10	0.146843
7.72547e-10	0.146878
7.72618e-10	0.146912
7.72689e-10	0.146947
7.7276e-10	0.146981
7.72831e-10	0.147015
7.72902e-10	0.147049
7.72973e-10	0.147082
7.73044e-10	0.147116
7.73115e-10	0.147148
7.73185e-10	0.147181
7.73256e-10	0.147214
7.73327e-10	0.147246
7.73398e-10	0.147278
7.73469e-10	0.147309
7.7354e-10	0.14734
7.73611e-10	0.147371
7.73682e-10	0.147402
7.73753e-10	0.147433
7.73824e-10	0.147463
7.73895e-10	0.147493
7.73966e-10	0.147523
7.74037e-10	0.147552
7.74108e-10	0.147581
7.74178e-10	0.14761
7.74249e-10	0.147639
7.7432e-10	0.147667
7.74391e-10	0.147695
7.74462e-10	0.147723
7.74533e-10	0.147751
7.74604e-10	0.147778
7.74675e-10	0.147805
7.74746e-10	0.147831
7.74817e-10	0.147858
7.74888e-10	0.147884
7.74959e-10	0.14791
7.7503e-10	0.147936
7.75101e-10	0.147961
7.75171e-10	0.147986
7.75242e-10	0.148011
7.75313e-10	0.148035
7.75384e-10	0.148059
7.75455e-10	0.148083
7.75526e-10	0.148107
7.75597e-10	0.148131
7.75668e-10	0.148154
7.75739e-10	0.148177
7.7581e-10	0.148199
7.75881e-10	0.148221
7.75952e-10	0.148243
7.76023e-10	0.148265
7.76094e-10	0.148287
7.76164e-10	0.148308
7.76235e-10	0.148329
7.76306e-10	0.148349
7.76377e-10	0.14837
7.76448e-10	0.14839
7.76519e-10	0.148409
7.7659e-10	0.148429
7.76661e-10	0.148448
7.76732e-10	0.148467
7.76803e-10	0.148486
7.76874e-10	0.148504
7.76945e-10	0.148522
7.77016e-10	0.14854
7.77087e-10	0.148558
7.77157e-10	0.148575
7.77228e-10	0.148592
7.77299e-10	0.148609
7.7737e-10	0.148625
7.77441e-10	0.148641
7.77512e-10	0.148657
7.77583e-10	0.148672
7.77654e-10	0.148688
7.77725e-10	0.148703
7.77796e-10	0.148717
7.77867e-10	0.148732
7.77938e-10	0.148746
7.78009e-10	0.14876
7.7808e-10	0.148773
7.7815e-10	0.148787
7.78221e-10	0.1488
7.78292e-10	0.148812
7.78363e-10	0.148825
7.78434e-10	0.148837
7.78505e-10	0.148849
7.78576e-10	0.14886
7.78647e-10	0.148871
7.78718e-10	0.148882
7.78789e-10	0.148893
7.7886e-10	0.148903
7.78931e-10	0.148913
7.79002e-10	0.148923
7.79073e-10	0.148933
7.79143e-10	0.148942
7.79214e-10	0.148951
7.79285e-10	0.14896
7.79356e-10	0.148968
7.79427e-10	0.148976
7.79498e-10	0.148984
7.79569e-10	0.148991
7.7964e-10	0.148999
7.79711e-10	0.149005
7.79782e-10	0.149012
7.79853e-10	0.149018
7.79924e-10	0.149024
7.79995e-10	0.14903
7.80065e-10	0.149036
7.80136e-10	0.149041
7.80207e-10	0.149046
7.80278e-10	0.14905
7.80349e-10	0.149054
7.8042e-10	0.149058
7.80491e-10	0.149062
7.80562e-10	0.149065
7.80633e-10	0.149068
7.80704e-10	0.149071
7.80775e-10	0.149074
7.80846e-10	0.149076
7.80917e-10	0.149078
7.80988e-10	0.14908
7.81058e-10	0.149081
7.81129e-10	0.149082
7.812e-10	0.149083
7.81271e-10	0.149083
7.81342e-10	0.149083
7.81413e-10	0.149083
7.81484e-10	0.149082
7.81555e-10	0.149082
7.81626e-10	0.149081
7.81697e-10	0.149079
7.81768e-10	0.149078
7.81839e-10	0.149076
7.8191e-10	0.149073
7.81981e-10	0.149071
7.82051e-10	0.149068
7.82122e-10	0.149065
7.82193e-10	0.149061
7.82264e-10	0.149058
7.82335e-10	0.149054
7.82406e-10	0.149049
7.82477e-10	0.149044
7.82548e-10	0.14904
7.82619e-10	0.149034
7.8269e-10	0.149029
7.82761e-10	0.149023
7.82832e-10	0.149017
7.82903e-10	0.14901
7.82974e-10	0.149003
7.83044e-10	0.148996
7.83115e-10	0.148989
7.83186e-10	0.148981
7.83257e-10	0.148973
7.83328e-10	0.148965
7.83399e-10	0.148956
7.8347e-10	0.148947
7.83541e-10	0.148938
7.83612e-10	0.148929
7.83683e-10	0.148919
7.83754e-10	0.148909
7.83825e-10	0.148898
7.83896e-10	0.148888
7.83967e-10	0.148877
7.84037e-10	0.148865
7.84108e-10	0.148854
7.84179e-10	0.148842
7.8425e-10	0.148829
7.84321e-10	0.148817
7.84392e-10	0.148804
7.84463e-10	0.148791
7.84534e-10	0.148777
7.84605e-10	0.148764
7.84676e-10	0.148749
7.84747e-10	0.148735
7.84818e-10	0.14872
7.84889e-10	0.148705
7.8496e-10	0.14869
7.8503e-10	0.148674
7.85101e-10	0.148658
7.85172e-10	0.148642
7.85243e-10	0.148625
7.85314e-10	0.148609
7.85385e-10	0.148591
7.85456e-10	0.148574
7.85527e-10	0.148556
7.85598e-10	0.148538
7.85669e-10	0.148519
7.8574e-10	0.148501
7.85811e-10	0.148482
7.85882e-10	0.148462
7.85953e-10	0.148443
7.86023e-10	0.148423
7.86094e-10	0.148402
7.86165e-10	0.148382
7.86236e-10	0.148361
7.86307e-10	0.14834
7.86378e-10	0.148318
7.86449e-10	0.148296
7.8652e-10	0.148274
7.86591e-10	0.148251
7.86662e-10	0.148229
7.86733e-10	0.148205
7.86804e-10	0.148182
7.86875e-10	0.148158
7.86946e-10	0.148134
7.87016e-10	0.14811
7.87087e-10	0.148085
7.87158e-10	0.14806
7.87229e-10	0.148035
7.873e-10	0.148009
7.87371e-10	0.147983
7.87442e-10	0.147957
7.87513e-10	0.14793
7.87584e-10	0.147903
7.87655e-10	0.147876
7.87726e-10	0.147849
7.87797e-10	0.147821
7.87868e-10	0.147793
7.87938e-10	0.147764
7.88009e-10	0.147735
7.8808e-10	0.147706
7.88151e-10	0.147677
7.88222e-10	0.147647
7.88293e-10	0.147617
7.88364e-10	0.147586
7.88435e-10	0.147556
7.88506e-10	0.147525
7.88577e-10	0.147493
7.88648e-10	0.147462
7.88719e-10	0.14743
7.8879e-10	0.147397
7.88861e-10	0.147365
7.88931e-10	0.147332
7.89002e-10	0.147299
7.89073e-10	0.147265
7.89144e-10	0.147231
7.89215e-10	0.147197
7.89286e-10	0.147162
7.89357e-10	0.147127
7.89428e-10	0.147092
7.89499e-10	0.147057
7.8957e-10	0.147021
7.89641e-10	0.146985
7.89712e-10	0.146948
7.89783e-10	0.146911
7.89854e-10	0.146874
7.89924e-10	0.146837
7.89995e-10	0.146799
7.90066e-10	0.146761
7.90137e-10	0.146723
7.90208e-10	0.146684
7.90279e-10	0.146645
7.9035e-10	0.146605
7.90421e-10	0.146566
7.90492e-10	0.146526
7.90563e-10	0.146485
7.90634e-10	0.146445
7.90705e-10	0.146404
7.90776e-10	0.146362
7.90847e-10	0.146321
7.90917e-10	0.146279
7.90988e-10	0.146236
7.91059e-10	0.146194
7.9113e-10	0.146151
7.91201e-10	0.146107
7.91272e-10	0.146064
7.91343e-10	0.14602
7.91414e-10	0.145976
7.91485e-10	0.145931
7.91556e-10	0.145886
7.91627e-10	0.145841
7.91698e-10	0.145795
7.91769e-10	0.145749
7.9184e-10	0.145703
7.9191e-10	0.145657
7.91981e-10	0.14561
7.92052e-10	0.145563
7.92123e-10	0.145515
7.92194e-10	0.145467
7.92265e-10	0.145419
7.92336e-10	0.145371
7.92407e-10	0.145322
7.92478e-10	0.145273
7.92549e-10	0.145223
7.9262e-10	0.145173
7.92691e-10	0.145123
7.92762e-10	0.145073
7.92833e-10	0.145022
7.92903e-10	0.144971
7.92974e-10	0.144919
7.93045e-10	0.144867
7.93116e-10	0.144815
7.93187e-10	0.144763
7.93258e-10	0.14471
7.93329e-10	0.144657
7.934e-10	0.144604
7.93471e-10	0.14455
7.93542e-10	0.144496
7.93613e-10	0.144441
7.93684e-10	0.144386
7.93755e-10	0.144331
7.93826e-10	0.144276
7.93896e-10	0.14422
7.93967e-10	0.144164
7.94038e-10	0.144108
7.94109e-10	0.144051
7.9418e-10	0.143994
7.94251e-10	0.143936
7.94322e-10	0.143879
7.94393e-10	0.143821
7.94464e-10	0.143762
7.94535e-10	0.143703
7.94606e-10	0.143644
7.94677e-10	0.143585
7.94748e-10	0.143525
7.94819e-10	0.143465
7.94889e-10	0.143405
7.9496e-10	0.143344
7.95031e-10	0.143283
7.95102e-10	0.143221
7.95173e-10	0.14316
7.95244e-10	0.143098
7.95315e-10	0.143035
7.95386e-10	0.142972
7.95457e-10	0.142909
7.95528e-10	0.142846
7.95599e-10	0.142782
7.9567e-10	0.142718
7.95741e-10	0.142654
7.95811e-10	0.142589
7.95882e-10	0.142524
7.95953e-10	0.142458
7.96024e-10	0.142393
7.96095e-10	0.142327
7.96166e-10	0.14226
7.96237e-10	0.142193
7.96308e-10	0.142126
7.96379e-10	0.142059
7.9645e-10	0.141991
7.96521e-10	0.141923
7.96592e-10	0.141854
7.96663e-10	0.141786
7.96734e-10	0.141717
7.96804e-10	0.141647
7.96875e-10	0.141577
7.96946e-10	0.141507
7.97017e-10	0.141437
7.97088e-10	0.141366
7.97159e-10	0.141295
7.9723e-10	0.141223
7.97301e-10	0.141152
7.97372e-10	0.141079
7.97443e-10	0.141007
7.97514e-10	0.140934
7.97585e-10	0.140861
7.97656e-10	0.140787
7.97727e-10	0.140714
7.97797e-10	0.140639
7.97868e-10	0.140565
7.97939e-10	0.14049
7.9801e-10	0.140415
7.98081e-10	0.140339
7.98152e-10	0.140263
7.98223e-10	0.140187
7.98294e-10	0.140111
7.98365e-10	0.140034
7.98436e-10	0.139957
7.98507e-10	0.139879
7.98578e-10	0.139801
7.98649e-10	0.139723
7.9872e-10	0.139644
7.9879e-10	0.139565
7.98861e-10	0.139486
7.98932e-10	0.139406
7.99003e-10	0.139326
7.99074e-10	0.139246
7.99145e-10	0.139166
7.99216e-10	0.139085
7.99287e-10	0.139003
7.99358e-10	0.138922
7.99429e-10	0.13884
7.995e-10	0.138757
7.99571e-10	0.138675
7.99642e-10	0.138592
7.99713e-10	0.138508
7.99783e-10	0.138425
7.99854e-10	0.138341
7.99925e-10	0.138256
7.99996e-10	0.138172
8.00067e-10	0.138086
8.00138e-10	0.138001
8.00209e-10	0.137915
8.0028e-10	0.137829
8.00351e-10	0.137743
8.00422e-10	0.137656
8.00493e-10	0.137569
8.00564e-10	0.137482
8.00635e-10	0.137394
8.00706e-10	0.137306
8.00776e-10	0.137217
8.00847e-10	0.137128
8.00918e-10	0.137039
8.00989e-10	0.13695
8.0106e-10	0.13686
8.01131e-10	0.13677
8.01202e-10	0.136679
8.01273e-10	0.136588
8.01344e-10	0.136497
8.01415e-10	0.136406
8.01486e-10	0.136314
8.01557e-10	0.136221
8.01628e-10	0.136129
8.01699e-10	0.136036
8.01769e-10	0.135943
8.0184e-10	0.135849
8.01911e-10	0.135755
8.01982e-10	0.135661
8.02053e-10	0.135566
8.02124e-10	0.135471
8.02195e-10	0.135376
8.02266e-10	0.13528
8.02337e-10	0.135184
8.02408e-10	0.135088
8.02479e-10	0.134991
8.0255e-10	0.134894
8.02621e-10	0.134797
8.02692e-10	0.134699
8.02762e-10	0.134601
8.02833e-10	0.134502
8.02904e-10	0.134404
8.02975e-10	0.134304
8.03046e-10	0.134205
8.03117e-10	0.134105
8.03188e-10	0.134005
8.03259e-10	0.133905
8.0333e-10	0.133804
8.03401e-10	0.133703
8.03472e-10	0.133601
8.03543e-10	0.133499
8.03614e-10	0.133397
8.03684e-10	0.133294
8.03755e-10	0.133192
8.03826e-10	0.133088
8.03897e-10	0.132985
8.03968e-10	0.132881
8.04039e-10	0.132776
8.0411e-10	0.132672
8.04181e-10	0.132567
8.04252e-10	0.132462
8.04323e-10	0.132356
8.04394e-10	0.13225
8.04465e-10	0.132143
8.04536e-10	0.132037
8.04607e-10	0.13193
8.04677e-10	0.131822
8.04748e-10	0.131715
8.04819e-10	0.131607
8.0489e-10	0.131498
8.04961e-10	0.131389
8.05032e-10	0.13128
8.05103e-10	0.131171
8.05174e-10	0.131061
8.05245e-10	0.130951
8.05316e-10	0.13084
8.05387e-10	0.130729
8.05458e-10	0.130618
8.05529e-10	0.130507
8.056e-10	0.130395
8.0567e-10	0.130283
8.05741e-10	0.13017
8.05812e-10	0.130057
8.05883e-10	0.129944
8.05954e-10	0.12983
8.06025e-10	0.129716
8.06096e-10	0.129602
8.06167e-10	0.129487
8.06238e-10	0.129372
8.06309e-10	0.129257
8.0638e-10	0.129141
8.06451e-10	0.129025
8.06522e-10	0.128909
8.06593e-10	0.128792
8.06663e-10	0.128675
8.06734e-10	0.128558
8.06805e-10	0.12844
8.06876e-10	0.128322
8.06947e-10	0.128203
8.07018e-10	0.128084
8.07089e-10	0.127965
8.0716e-10	0.127846
8.07231e-10	0.127726
8.07302e-10	0.127606
8.07373e-10	0.127485
8.07444e-10	0.127364
8.07515e-10	0.127243
8.07586e-10	0.127121
8.07656e-10	0.126999
8.07727e-10	0.126877
8.07798e-10	0.126754
8.07869e-10	0.126631
8.0794e-10	0.126508
8.08011e-10	0.126385
8.08082e-10	0.12626
8.08153e-10	0.126136
8.08224e-10	0.126011
8.08295e-10	0.125886
8.08366e-10	0.125761
8.08437e-10	0.125635
8.08508e-10	0.125509
8.08579e-10	0.125383
8.08649e-10	0.125256
8.0872e-10	0.125129
8.08791e-10	0.125001
8.08862e-10	0.124873
8.08933e-10	0.124745
8.09004e-10	0.124617
8.09075e-10	0.124488
8.09146e-10	0.124359
8.09217e-10	0.124229
8.09288e-10	0.124099
8.09359e-10	0.123969
8.0943e-10	0.123838
8.09501e-10	0.123707
8.09572e-10	0.123576
8.09642e-10	0.123444
8.09713e-10	0.123312
8.09784e-10	0.12318
8.09855e-10	0.123047
8.09926e-10	0.122914
8.09997e-10	0.122781
8.10068e-10	0.122647
8.10139e-10	0.122513
8.1021e-10	0.122379
8.10281e-10	0.122244
8.10352e-10	0.122109
8.10423e-10	0.121973
8.10494e-10	0.121838
8.10565e-10	0.121701
8.10635e-10	0.121565
8.10706e-10	0.121428
8.10777e-10	0.121291
8.10848e-10	0.121153
8.10919e-10	0.121015
8.1099e-10	0.120877
8.11061e-10	0.120739
8.11132e-10	0.1206
8.11203e-10	0.12046
8.11274e-10	0.120321
8.11345e-10	0.120181
8.11416e-10	0.120041
8.11487e-10	0.1199
8.11558e-10	0.119759
8.11628e-10	0.119618
8.11699e-10	0.119476
8.1177e-10	0.119334
8.11841e-10	0.119191
8.11912e-10	0.119049
8.11983e-10	0.118906
8.12054e-10	0.118762
8.12125e-10	0.118618
8.12196e-10	0.118474
8.12267e-10	0.11833
8.12338e-10	0.118185
8.12409e-10	0.11804
8.1248e-10	0.117894
8.1255e-10	0.117749
8.12621e-10	0.117602
8.12692e-10	0.117456
8.12763e-10	0.117309
8.12834e-10	0.117162
8.12905e-10	0.117014
8.12976e-10	0.116866
8.13047e-10	0.116718
8.13118e-10	0.116569
8.13189e-10	0.11642
8.1326e-10	0.116271
8.13331e-10	0.116121
8.13402e-10	0.115971
8.13473e-10	0.115821
8.13543e-10	0.11567
8.13614e-10	0.115519
8.13685e-10	0.115368
8.13756e-10	0.115216
8.13827e-10	0.115064
8.13898e-10	0.114912
8.13969e-10	0.114759
8.1404e-10	0.114606
8.14111e-10	0.114452
8.14182e-10	0.114299
8.14253e-10	0.114144
8.14324e-10	0.11399
8.14395e-10	0.113835
8.14466e-10	0.11368
8.14536e-10	0.113524
8.14607e-10	0.113369
8.14678e-10	0.113212
8.14749e-10	0.113056
8.1482e-10	0.112899
8.14891e-10	0.112742
8.14962e-10	0.112584
8.15033e-10	0.112426
8.15104e-10	0.112268
8.15175e-10	0.112109
8.15246e-10	0.11195
8.15317e-10	0.111791
8.15388e-10	0.111631
8.15459e-10	0.111471
8.15529e-10	0.111311
8.156e-10	0.11115
8.15671e-10	0.110989
8.15742e-10	0.110828
8.15813e-10	0.110666
8.15884e-10	0.110504
8.15955e-10	0.110342
8.16026e-10	0.110179
8.16097e-10	0.110016
8.16168e-10	0.109853
8.16239e-10	0.109689
8.1631e-10	0.109525
8.16381e-10	0.10936
8.16452e-10	0.109196
8.16522e-10	0.10903
8.16593e-10	0.108865
8.16664e-10	0.108699
8.16735e-10	0.108533
8.16806e-10	0.108367
8.16877e-10	0.1082
8.16948e-10	0.108032
8.17019e-10	0.107865
8.1709e-10	0.107697
8.17161e-10	0.107529
8.17232e-10	0.10736
8.17303e-10	0.107191
8.17374e-10	0.107022
8.17445e-10	0.106853
8.17515e-10	0.106683
8.17586e-10	0.106512
8.17657e-10	0.106342
8.17728e-10	0.106171
8.17799e-10	0.106
8.1787e-10	0.105828
8.17941e-10	0.105656
8.18012e-10	0.105484
8.18083e-10	0.105311
8.18154e-10	0.105138
8.18225e-10	0.104965
8.18296e-10	0.104791
8.18367e-10	0.104617
8.18438e-10	0.104443
8.18508e-10	0.104268
8.18579e-10	0.104093
8.1865e-10	0.103918
8.18721e-10	0.103742
8.18792e-10	0.103566
8.18863e-10	0.10339
8.18934e-10	0.103213
8.19005e-10	0.103036
8.19076e-10	0.102858
8.19147e-10	0.102681
8.19218e-10	0.102503
8.19289e-10	0.102324
8.1936e-10	0.102145
8.19431e-10	0.101966
8.19501e-10	0.101787
8.19572e-10	0.101607
8.19643e-10	0.101427
8.19714e-10	0.101246
8.19785e-10	0.101066
8.19856e-10	0.100885
8.19927e-10	0.100703
8.19998e-10	0.100521
8.20069e-10	0.100339
8.2014e-10	0.100157
8.20211e-10	0.0999739
8.20282e-10	0.0997908
8.20353e-10	0.0996073
8.20423e-10	0.0994234
8.20494e-10	0.0992393
8.20565e-10	0.0990548
8.20636e-10	0.09887
8.20707e-10	0.0986848
8.20778e-10	0.0984993
8.20849e-10	0.0983135
8.2092e-10	0.0981273
8.20991e-10	0.0979408
8.21062e-10	0.0977539
8.21133e-10	0.0975667
8.21204e-10	0.0973792
8.21275e-10	0.0971914
8.21346e-10	0.0970032
8.21416e-10	0.0968147
8.21487e-10	0.0966258
8.21558e-10	0.0964366
8.21629e-10	0.0962471
8.217e-10	0.0960572
8.21771e-10	0.095867
8.21842e-10	0.0956765
8.21913e-10	0.0954856
8.21984e-10	0.0952944
8.22055e-10	0.0951029
8.22126e-10	0.094911
8.22197e-10	0.0947189
8.22268e-10	0.0945263
8.22339e-10	0.0943335
8.22409e-10	0.0941403
8.2248e-10	0.0939467
8.22551e-10	0.0937529
8.22622e-10	0.0935587
8.22693e-10	0.0933641
8.22764e-10	0.0931693
8.22835e-10	0.0929741
8.22906e-10	0.0927786
8.22977e-10	0.0925827
8.23048e-10	0.0923865
8.23119e-10	0.09219
8.2319e-10	0.0919932
8.23261e-10	0.091796
8.23332e-10	0.0915985
8.23402e-10	0.0914006
8.23473e-10	0.0912025
8.23544e-10	0.091004
8.23615e-10	0.0908051
8.23686e-10	0.090606
8.23757e-10	0.0904065
8.23828e-10	0.0902067
8.23899e-10	0.0900065
8.2397e-10	0.089806
8.24041e-10	0.0896052
8.24112e-10	0.0894041
8.24183e-10	0.0892026
8.24254e-10	0.0890008
8.24325e-10	0.0887987
8.24395e-10	0.0885962
8.24466e-10	0.0883934
8.24537e-10	0.0881903
8.24608e-10	0.0879869
8.24679e-10	0.0877831
8.2475e-10	0.087579
8.24821e-10	0.0873746
8.24892e-10	0.0871699
8.24963e-10	0.0869648
8.25034e-10	0.0867594
8.25105e-10	0.0865536
8.25176e-10	0.0863476
8.25247e-10	0.0861412
8.25318e-10	0.0859345
8.25388e-10	0.0857275
8.25459e-10	0.0855201
8.2553e-10	0.0853124
8.25601e-10	0.0851044
8.25672e-10	0.0848961
8.25743e-10	0.0846874
8.25814e-10	0.0844784
8.25885e-10	0.0842691
8.25956e-10	0.0840595
8.26027e-10	0.0838495
8.26098e-10	0.0836392
8.26169e-10	0.0834286
8.2624e-10	0.0832177
8.26311e-10	0.0830064
8.26381e-10	0.0827949
8.26452e-10	0.082583
8.26523e-10	0.0823707
8.26594e-10	0.0821582
8.26665e-10	0.0819453
8.26736e-10	0.0817321
8.26807e-10	0.0815186
8.26878e-10	0.0813048
8.26949e-10	0.0810906
8.2702e-10	0.0808761
8.27091e-10	0.0806613
8.27162e-10	0.0804462
8.27233e-10	0.0802308
8.27304e-10	0.080015
8.27374e-10	0.0797989
8.27445e-10	0.0795825
8.27516e-10	0.0793658
8.27587e-10	0.0791488
8.27658e-10	0.0789314
8.27729e-10	0.0787137
8.278e-10	0.0784957
8.27871e-10	0.0782774
8.27942e-10	0.0780587
8.28013e-10	0.0778398
8.28084e-10	0.0776205
8.28155e-10	0.0774009
8.28226e-10	0.077181
8.28296e-10	0.0769608
8.28367e-10	0.0767402
8.28438e-10	0.0765194
8.28509e-10	0.0762982
8.2858e-10	0.0760767
8.28651e-10	0.0758549
8.28722e-10	0.0756327
8.28793e-10	0.0754103
8.28864e-10	0.0751875
8.28935e-10	0.0749644
8.29006e-10	0.074741
8.29077e-10	0.0745173
8.29148e-10	0.0742933
8.29219e-10	0.074069
8.29289e-10	0.0738443
8.2936e-10	0.0736193
8.29431e-10	0.073394
8.29502e-10	0.0731684
8.29573e-10	0.0729425
8.29644e-10	0.0727163
8.29715e-10	0.0724898
8.29786e-10	0.0722629
8.29857e-10	0.0720358
8.29928e-10	0.0718083
8.29999e-10	0.0715805
8.3007e-10	0.0713524
8.30141e-10	0.071124
8.30212e-10	0.0708952
8.30282e-10	0.0706662
8.30353e-10	0.0704369
8.30424e-10	0.0702072
8.30495e-10	0.0699772
8.30566e-10	0.069747
8.30637e-10	0.0695164
8.30708e-10	0.0692855
8.30779e-10	0.0690543
8.3085e-10	0.0688227
8.30921e-10	0.0685909
8.30992e-10	0.0683588
8.31063e-10	0.0681263
8.31134e-10	0.0678936
8.31205e-10	0.0676605
8.31275e-10	0.0674272
8.31346e-10	0.0671935
8.31417e-10	0.0669595
8.31488e-10	0.0667252
8.31559e-10	0.0664906
8.3163e-10	0.0662557
8.31701e-10	0.0660205
8.31772e-10	0.065785
8.31843e-10	0.0655491
8.31914e-10	0.065313
8.31985e-10	0.0650766
8.32056e-10	0.0648398
8.32127e-10	0.0646028
8.32198e-10	0.0643655
8.32268e-10	0.0641278
8.32339e-10	0.0638898
8.3241e-10	0.0636516
8.32481e-10	0.063413
8.32552e-10	0.0631742
8.32623e-10	0.062935
8.32694e-10	0.0626955
8.32765e-10	0.0624557
8.32836e-10	0.0622157
8.32907e-10	0.0619753
8.32978e-10	0.0617346
8.33049e-10	0.0614936
8.3312e-10	0.0612523
8.33191e-10	0.0610107
8.33261e-10	0.0607689
8.33332e-10	0.0605267
8.33403e-10	0.0602842
8.33474e-10	0.0600414
8.33545e-10	0.0597983
8.33616e-10	0.0595549
8.33687e-10	0.0593113
8.33758e-10	0.0590673
8.33829e-10	0.058823
8.339e-10	0.0585784
8.33971e-10	0.0583336
8.34042e-10	0.0580884
8.34113e-10	0.0578429
8.34184e-10	0.0575971
8.34254e-10	0.0573511
8.34325e-10	0.0571047
8.34396e-10	0.0568581
8.34467e-10	0.0566111
8.34538e-10	0.0563639
8.34609e-10	0.0561163
8.3468e-10	0.0558685
8.34751e-10	0.0556204
8.34822e-10	0.055372
8.34893e-10	0.0551232
8.34964e-10	0.0548742
8.35035e-10	0.0546249
8.35106e-10	0.0543753
8.35177e-10	0.0541254
8.35247e-10	0.0538752
8.35318e-10	0.0536248
8.35389e-10	0.053374
8.3546e-10	0.0531229
8.35531e-10	0.0528716
8.35602e-10	0.05262
8.35673e-10	0.052368
8.35744e-10	0.0521158
8.35815e-10	0.0518633
8.35886e-10	0.0516105
8.35957e-10	0.0513574
8.36028e-10	0.051104
8.36099e-10	0.0508504
8.36169e-10	0.0505964
8.3624e-10	0.0503422
8.36311e-10	0.0500876
8.36382e-10	0.0498328
8.36453e-10	0.0495777
8.36524e-10	0.0493223
8.36595e-10	0.0490666
8.36666e-10	0.0488106
8.36737e-10	0.0485544
8.36808e-10	0.0482978
8.36879e-10	0.048041
8.3695e-10	0.0477839
8.37021e-10	0.0475265
8.37092e-10	0.0472688
8.37162e-10	0.0470109
8.37233e-10	0.0467526
8.37304e-10	0.0464941
8.37375e-10	0.0462353
8.37446e-10	0.0459762
8.37517e-10	0.0457168
8.37588e-10	0.0454572
8.37659e-10	0.0451972
8.3773e-10	0.044937
8.37801e-10	0.0446765
8.37872e-10	0.0444157
8.37943e-10	0.0441546
8.38014e-10	0.0438933
8.38085e-10	0.0436317
8.38155e-10	0.0433697
8.38226e-10	0.0431076
8.38297e-10	0.0428451
8.38368e-10	0.0425824
8.38439e-10	0.0423193
8.3851e-10	0.042056
8.38581e-10	0.0417925
8.38652e-10	0.0415286
8.38723e-10	0.0412645
8.38794e-10	0.0410001
8.38865e-10	0.0407354
8.38936e-10	0.0404704
8.39007e-10	0.0402052
8.39078e-10	0.0399397
8.39148e-10	0.0396739
8.39219e-10	0.0394078
8.3929e-10	0.0391415
8.39361e-10	0.0388749
8.39432e-10	0.038608
8.39503e-10	0.0383409
8.39574e-10	0.0380735
8.39645e-10	0.0378058
8.39716e-10	0.0375378
8.39787e-10	0.0372695
8.39858e-10	0.037001
8.39929e-10	0.0367323
8.4e-10	0.0364632
8.40071e-10	0.0361939
8.40141e-10	0.0359243
8.40212e-10	0.0356544
8.40283e-10	0.0353843
8.40354e-10	0.0351139
8.40425e-10	0.0348432
8.40496e-10	0.0345723
8.40567e-10	0.0343011
8.40638e-10	0.0340296
8.40709e-10	0.0337579
8.4078e-10	0.0334859
8.40851e-10	0.0332136
8.40922e-10	0.0329411
8.40993e-10	0.0326682
8.41064e-10	0.0323952
8.41134e-10	0.0321218
8.41205e-10	0.0318482
8.41276e-10	0.0315744
8.41347e-10	0.0313003
8.41418e-10	0.0310259
8.41489e-10	0.0307512
8.4156e-10	0.0304763
8.41631e-10	0.0302011
8.41702e-10	0.0299257
8.41773e-10	0.02965
8.41844e-10	0.029374
8.41915e-10	0.0290978
8.41986e-10	0.0288213
8.42057e-10	0.0285446
8.42127e-10	0.0282676
8.42198e-10	0.0279903
8.42269e-10	0.0277128
8.4234e-10	0.027435
8.42411e-10	0.027157
8.42482e-10	0.0268787
8.42553e-10	0.0266002
8.42624e-10	0.0263213
8.42695e-10	0.0260423
8.42766e-10	0.025763
8.42837e-10	0.0254834
8.42908e-10	0.0252036
8.42979e-10	0.0249235
8.4305e-10	0.0246431
8.4312e-10	0.0243625
8.43191e-10	0.0240817
8.43262e-10	0.0238006
8.43333e-10	0.0235192
8.43404e-10	0.0232376
8.43475e-10	0.0229558
8.43546e-10	0.0226737
8.43617e-10	0.0223913
8.43688e-10	0.0221087
8.43759e-10	0.0218258
8.4383e-10	0.0215427
8.43901e-10	0.0212593
8.43972e-10	0.0209757
8.44042e-10	0.0206919
8.44113e-10	0.0204078
8.44184e-10	0.0201234
8.44255e-10	0.0198388
8.44326e-10	0.0195539
8.44397e-10	0.0192688
8.44468e-10	0.0189835
8.44539e-10	0.0186979
8.4461e-10	0.018412
8.44681e-10	0.018126
8.44752e-10	0.0178396
8.44823e-10	0.0175531
8.44894e-10	0.0172662
8.44965e-10	0.0169792
8.45035e-10	0.0166919
8.45106e-10	0.0164043
8.45177e-10	0.0161165
8.45248e-10	0.0158285
8.45319e-10	0.0155402
8.4539e-10	0.0152517
8.45461e-10	0.0149629
8.45532e-10	0.0146739
8.45603e-10	0.0143847
8.45674e-10	0.0140952
8.45745e-10	0.0138055
8.45816e-10	0.0135156
8.45887e-10	0.0132254
8.45958e-10	0.0129349
8.46028e-10	0.0126443
8.46099e-10	0.0123534
8.4617e-10	0.0120622
8.46241e-10	0.0117708
8.46312e-10	0.0114792
8.46383e-10	0.0111874
8.46454e-10	0.0108953
8.46525e-10	0.010603
8.46596e-10	0.0103104
8.46667e-10	0.0100176
8.46738e-10	0.00972461
8.46809e-10	0.00943136
8.4688e-10	0.00913787
8.46951e-10	0.00884415
8.47021e-10	0.00855021
8.47092e-10	0.00825603
8.47163e-10	0.00796162
8.47234e-10	0.00766698
8.47305e-10	0.00737211
8.47376e-10	0.00707701
8.47447e-10	0.00678168
8.47518e-10	0.00648612
8.47589e-10	0.00619034
8.4766e-10	0.00589433
8.47731e-10	0.00559809
8.47802e-10	0.00530162
8.47873e-10	0.00500493
8.47944e-10	0.00470801
8.48014e-10	0.00441087
8.48085e-10	0.0041135
8.48156e-10	0.00381591
8.48227e-10	0.0035181
8.48298e-10	0.00322006
8.48369e-10	0.00292179
8.4844e-10	0.00262331
8.48511e-10	0.0023246
8.48582e-10	0.00202567
8.48653e-10	0.00172652
8.48724e-10	0.00142715
8.48795e-10	0.00112756
8.48866e-10	0.000827748
8.48937e-10	0.000527718
8.49007e-10	0.000227468
8.49078e-10	-7.29999e-05
8.49149e-10	-0.000373686
8.4922e-10	-0.00067459
8.49291e-10	-0.000975711
8.49362e-10	-0.00127705
8.49433e-10	-0.0015786
8.49504e-10	-0.00188037
8.49575e-10	-0.00218236
8.49646e-10	-0.00248456
8.49717e-10	-0.00278697
8.49788e-10	-0.0030896
8.49859e-10	-0.00339244
8.4993e-10	-0.00369549
8.5e-10	-0.00399876
8.50071e-10	-0.00430224
8.50142e-10	-0.00460593
8.50213e-10	-0.00490983
8.50284e-10	-0.00521394
8.50355e-10	-0.00551827
8.50426e-10	-0.0058228
8.50497e-10	-0.00612754
8.50568e-10	-0.00643249
8.50639e-10	-0.00673765
8.5071e-10	-0.00704301
8.50781e-10	-0.00734859
8.50852e-10	-0.00765437
8.50923e-10	-0.00796035
8.50993e-10	-0.00826655
8.51064e-10	-0.00857294
8.51135e-10	-0.00887955
8.51206e-10	-0.00918635
8.51277e-10	-0.00949336
8.51348e-10	-0.00980058
8.51419e-10	-0.010108
8.5149e-10	-0.0104156
8.51561e-10	-0.0107234
8.51632e-10	-0.0110315
8.51703e-10	-0.0113397
8.51774e-10	-0.0116481
8.51845e-10	-0.0119567
8.51915e-10	-0.0122656
8.51986e-10	-0.0125746
8.52057e-10	-0.0128838
8.52128e-10	-0.0131932
8.52199e-10	-0.0135028
8.5227e-10	-0.0138127
8.52341e-10	-0.0141227
8.52412e-10	-0.0144329
8.52483e-10	-0.0147433
8.52554e-10	-0.0150539
8.52625e-10	-0.0153647
8.52696e-10	-0.0156757
8.52767e-10	-0.0159869
8.52838e-10	-0.0162982
8.52908e-10	-0.0166098
8.52979e-10	-0.0169216
8.5305e-10	-0.0172335
8.53121e-10	-0.0175456
8.53192e-10	-0.017858
8.53263e-10	-0.0181705
8.53334e-10	-0.0184832
8.53405e-10	-0.0187961
8.53476e-10	-0.0191092
8.53547e-10	-0.0194225
8.53618e-10	-0.019736
8.53689e-10	-0.0200496
8.5376e-10	-0.0203635
8.53831e-10	-0.0206775
8.53901e-10	-0.0209917
8.53972e-10	-0.0213061
8.54043e-10	-0.0216207
8.54114e-10	-0.0219354
8.54185e-10	-0.0222504
8.54256e-10	-0.0225655
8.54327e-10	-0.0228808
8.54398e-10	-0.0231963
8.54469e-10	-0.023512
8.5454e-10	-0.0238279
8.54611e-10	-0.0241439
8.54682e-10	-0.0244601
8.54753e-10	-0.0247765
8.54824e-10	-0.0250931
8.54894e-10	-0.0254099
8.54965e-10	-0.0257268
8.55036e-10	-0.0260439
8.55107e-10	-0.0263612
8.55178e-10	-0.0266787
8.55249e-10	-0.0269963
8.5532e-10	-0.0273141
8.55391e-10	-0.0276321
8.55462e-10	-0.0279503
8.55533e-10	-0.0282686
8.55604e-10	-0.0285871
8.55675e-10	-0.0289058
8.55746e-10	-0.0292247
8.55817e-10	-0.0295437
8.55887e-10	-0.0298629
8.55958e-10	-0.0301823
8.56029e-10	-0.0305018
8.561e-10	-0.0308215
8.56171e-10	-0.0311414
8.56242e-10	-0.0314615
8.56313e-10	-0.0317817
8.56384e-10	-0.032102
8.56455e-10	-0.0324226
8.56526e-10	-0.0327433
8.56597e-10	-0.0330642
8.56668e-10	-0.0333852
8.56739e-10	-0.0337064
8.5681e-10	-0.0340278
8.5688e-10	-0.0343494
8.56951e-10	-0.0346711
8.57022e-10	-0.0349929
8.57093e-10	-0.035315
8.57164e-10	-0.0356371
8.57235e-10	-0.0359595
8.57306e-10	-0.036282
8.57377e-10	-0.0366047
8.57448e-10	-0.0369275
8.57519e-10	-0.0372505
8.5759e-10	-0.0375736
8.57661e-10	-0.0378969
8.57732e-10	-0.0382204
8.57803e-10	-0.038544
8.57873e-10	-0.0388678
8.57944e-10	-0.0391917
8.58015e-10	-0.0395158
8.58086e-10	-0.03984
8.58157e-10	-0.0401644
8.58228e-10	-0.040489
8.58299e-10	-0.0408137
8.5837e-10	-0.0411385
8.58441e-10	-0.0414635
8.58512e-10	-0.0417887
8.58583e-10	-0.042114
8.58654e-10	-0.0424394
8.58725e-10	-0.042765
8.58796e-10	-0.0430908
8.58866e-10	-0.0434166
8.58937e-10	-0.0437427
8.59008e-10	-0.0440689
8.59079e-10	-0.0443952
8.5915e-10	-0.0447217
8.59221e-10	-0.0450483
8.59292e-10	-0.0453751
8.59363e-10	-0.045702
8.59434e-10	-0.0460291
8.59505e-10	-0.0463563
8.59576e-10	-0.0466836
8.59647e-10	-0.0470111
8.59718e-10	-0.0473388
8.59789e-10	-0.0476665
8.59859e-10	-0.0479944
8.5993e-10	-0.0483225
8.60001e-10	-0.0486507
8.60072e-10	-0.048979
8.60143e-10	-0.0493075
8.60214e-10	-0.0496361
8.60285e-10	-0.0499648
8.60356e-10	-0.0502937
8.60427e-10	-0.0506227
8.60498e-10	-0.0509519
8.60569e-10	-0.0512812
8.6064e-10	-0.0516106
8.60711e-10	-0.0519401
8.60781e-10	-0.0522698
8.60852e-10	-0.0525996
8.60923e-10	-0.0529296
8.60994e-10	-0.0532597
8.61065e-10	-0.0535899
8.61136e-10	-0.0539202
8.61207e-10	-0.0542507
8.61278e-10	-0.0545813
8.61349e-10	-0.054912
8.6142e-10	-0.0552428
8.61491e-10	-0.0555738
8.61562e-10	-0.0559049
8.61633e-10	-0.0562362
8.61704e-10	-0.0565675
8.61774e-10	-0.056899
8.61845e-10	-0.0572306
8.61916e-10	-0.0575623
8.61987e-10	-0.0578942
8.62058e-10	-0.0582262
8.62129e-10	-0.0585583
8.622e-10	-0.0588905
8.62271e-10	-0.0592228
8.62342e-10	-0.0595553
8.62413e-10	-0.0598878
8.62484e-10	-0.0602205
8.62555e-10	-0.0605534
8.62626e-10	-0.0608863
8.62697e-10	-0.0612193
8.62767e-10	-0.0615525
8.62838e-10	-0.0618858
8.62909e-10	-0.0622192
8.6298e-10	-0.0625527
8.63051e-10	-0.0628863
8.63122e-10	-0.06322
8.63193e-10	-0.0635539
8.63264e-10	-0.0638879
8.63335e-10	-0.0642219
8.63406e-10	-0.0645561
8.63477e-10	-0.0648904
8.63548e-10	-0.0652248
8.63619e-10	-0.0655593
8.6369e-10	-0.0658939
8.6376e-10	-0.0662287
8.63831e-10	-0.0665635
8.63902e-10	-0.0668985
8.63973e-10	-0.0672335
8.64044e-10	-0.0675687
8.64115e-10	-0.0679039
8.64186e-10	-0.0682393
8.64257e-10	-0.0685748
8.64328e-10	-0.0689103
8.64399e-10	-0.069246
8.6447e-10	-0.0695818
8.64541e-10	-0.0699177
8.64612e-10	-0.0702536
8.64683e-10	-0.0705897
8.64753e-10	-0.0709259
8.64824e-10	-0.0712622
8.64895e-10	-0.0715985
8.64966e-10	-0.071935
8.65037e-10	-0.0722716
8.65108e-10	-0.0726083
8.65179e-10	-0.072945
8.6525e-10	-0.0732819
8.65321e-10	-0.0736188
8.65392e-10	-0.0739559
8.65463e-10	-0.074293
8.65534e-10	-0.0746302
8.65605e-10	-0.0749676
8.65676e-10	-0.075305
8.65746e-10	-0.0756425
8.65817e-10	-0.0759801
8.65888e-10	-0.0763177
8.65959e-10	-0.0766555
8.6603e-10	-0.0769934
8.66101e-10	-0.0773313
8.66172e-10	-0.0776694
8.66243e-10	-0.0780075
8.66314e-10	-0.0783457
8.66385e-10	-0.078684
8.66456e-10	-0.0790224
8.66527e-10	-0.0793608
8.66598e-10	-0.0796994
8.66669e-10	-0.080038
8.66739e-10	-0.0803767
8.6681e-10	-0.0807155
8.66881e-10	-0.0810544
8.66952e-10	-0.0813933
8.67023e-10	-0.0817323
8.67094e-10	-0.0820714
8.67165e-10	-0.0824106
8.67236e-10	-0.0827499
8.67307e-10	-0.0830892
8.67378e-10	-0.0834287
8.67449e-10	-0.0837681
8.6752e-10	-0.0841077
8.67591e-10	-0.0844474
8.67662e-10	-0.0847871
8.67732e-10	-0.0851269
8.67803e-10	-0.0854667
8.67874e-10	-0.0858066
8.67945e-10	-0.0861467
8.68016e-10	-0.0864867
8.68087e-10	-0.0868269
8.68158e-10	-0.0871671
8.68229e-10	-0.0875074
8.683e-10	-0.0878477
8.68371e-10	-0.0881881
8.68442e-10	-0.0885286
8.68513e-10	-0.0888692
8.68584e-10	-0.0892098
8.68654e-10	-0.0895505
8.68725e-10	-0.0898912
8.68796e-10	-0.090232
8.68867e-10	-0.0905729
8.68938e-10	-0.0909138
8.69009e-10	-0.0912548
8.6908e-10	-0.0915959
8.69151e-10	-0.091937
8.69222e-10	-0.0922781
8.69293e-10	-0.0926194
8.69364e-10	-0.0929607
8.69435e-10	-0.093302
8.69506e-10	-0.0936434
8.69577e-10	-0.0939849
8.69647e-10	-0.0943264
8.69718e-10	-0.0946679
8.69789e-10	-0.0950096
8.6986e-10	-0.0953513
8.69931e-10	-0.095693
8.70002e-10	-0.0960348
8.70073e-10	-0.0963766
8.70144e-10	-0.0967185
8.70215e-10	-0.0970604
8.70286e-10	-0.0974024
8.70357e-10	-0.0977444
8.70428e-10	-0.0980865
8.70499e-10	-0.0984287
8.7057e-10	-0.0987708
8.7064e-10	-0.0991131
8.70711e-10	-0.0994553
8.70782e-10	-0.0997976
8.70853e-10	-0.10014
8.70924e-10	-0.100482
8.70995e-10	-0.100825
8.71066e-10	-0.101167
8.71137e-10	-0.10151
8.71208e-10	-0.101852
8.71279e-10	-0.102195
8.7135e-10	-0.102538
8.71421e-10	-0.10288
8.71492e-10	-0.103223
8.71563e-10	-0.103566
8.71633e-10	-0.103909
8.71704e-10	-0.104252
8.71775e-10	-0.104594
8.71846e-10	-0.104937
8.71917e-10	-0.10528
8.71988e-10	-0.105623
8.72059e-10	-0.105966
8.7213e-10	-0.106309
8.72201e-10	-0.106652
8.72272e-10	-0.106995
8.72343e-10	-0.107339
8.72414e-10	-0.107682
8.72485e-10	-0.108025
8.72556e-10	-0.108368
8.72626e-10	-0.108711
8.72697e-10	-0.109055
8.72768e-10	-0.109398
8.72839e-10	-0.109741
8.7291e-10	-0.110085
8.72981e-10	-0.110428
8.73052e-10	-0.110771
8.73123e-10	-0.111115
8.73194e-10	-0.111458
8.73265e-10	-0.111802
8.73336e-10	-0.112145
8.73407e-10	-0.112489
8.73478e-10	-0.112832
8.73549e-10	-0.113176
8.73619e-10	-0.113519
8.7369e-10	-0.113863
8.73761e-10	-0.114207
8.73832e-10	-0.11455
8.73903e-10	-0.114894
8.73974e-10	-0.115237
8.74045e-10	-0.115581
8.74116e-10	-0.115925
8.74187e-10	-0.116268
8.74258e-10	-0.116612
8.74329e-10	-0.116956
8.744e-10	-0.1173
8.74471e-10	-0.117643
8.74542e-10	-0.117987
8.74612e-10	-0.118331
8.74683e-10	-0.118675
8.74754e-10	-0.119018
8.74825e-10	-0.119362
8.74896e-10	-0.119706
8.74967e-10	-0.12005
8.75038e-10	-0.120393
8.75109e-10	-0.120737
8.7518e-10	-0.121081
8.75251e-10	-0.121425
8.75322e-10	-0.121768
8.75393e-10	-0.122112
8.75464e-10	-0.122456
8.75535e-10	-0.1228
8.75605e-10	-0.123144
8.75676e-10	-0.123487
8.75747e-10	-0.123831
8.75818e-10	-0.124175
8.75889e-10	-0.124519
8.7596e-10	-0.124862
8.76031e-10	-0.125206
8.76102e-10	-0.12555
8.76173e-10	-0.125894
8.76244e-10	-0.126237
8.76315e-10	-0.126581
8.76386e-10	-0.126925
8.76457e-10	-0.127269
8.76527e-10	-0.127612
8.76598e-10	-0.127956
8.76669e-10	-0.1283
8.7674e-10	-0.128643
8.76811e-10	-0.128987
8.76882e-10	-0.129331
8.76953e-10	-0.129674
8.77024e-10	-0.130018
8.77095e-10	-0.130362
8.77166e-10	-0.130705
8.77237e-10	-0.131049
8.77308e-10	-0.131392
8.77379e-10	-0.131736
8.7745e-10	-0.132079
8.7752e-10	-0.132423
8.77591e-10	-0.132766
8.77662e-10	-0.13311
8.77733e-10	-0.133453
8.77804e-10	-0.133796
8.77875e-10	-0.13414
8.77946e-10	-0.134483
8.78017e-10	-0.134826
8.78088e-10	-0.13517
8.78159e-10	-0.135513
8.7823e-10	-0.135856
8.78301e-10	-0.136199
8.78372e-10	-0.136543
8.78443e-10	-0.136886
8.78513e-10	-0.137229
8.78584e-10	-0.137572
8.78655e-10	-0.137915
8.78726e-10	-0.138258
8.78797e-10	-0.138601
8.78868e-10	-0.138944
8.78939e-10	-0.139287
8.7901e-10	-0.13963
8.79081e-10	-0.139973
8.79152e-10	-0.140315
8.79223e-10	-0.140658
8.79294e-10	-0.141001
8.79365e-10	-0.141344
8.79436e-10	-0.141686
8.79506e-10	-0.142029
8.79577e-10	-0.142372
8.79648e-10	-0.142714
8.79719e-10	-0.143057
8.7979e-10	-0.143399
8.79861e-10	-0.143741
8.79932e-10	-0.144084
8.80003e-10	-0.144426
8.80074e-10	-0.144768
8.80145e-10	-0.145111
8.80216e-10	-0.145453
8.80287e-10	-0.145795
8.80358e-10	-0.146137
8.80429e-10	-0.146479
8.80499e-10	-0.146821
8.8057e-10	-0.147163
8.80641e-10	-0.147505
8.80712e-10	-0.147847
8.80783e-10	-0.148188
8.80854e-10	-0.14853
8.80925e-10	-0.148872
8.80996e-10	-0.149213
8.81067e-10	-0.149555
8.81138e-10	-0.149896
8.81209e-10	-0.150238
8.8128e-10	-0.150579
8.81351e-10	-0.15092
8.81422e-10	-0.151262
8.81492e-10	-0.151603
8.81563e-10	-0.151944
8.81634e-10	-0.152285
8.81705e-10	-0.152626
8.81776e-10	-0.152967
8.81847e-10	-0.153308
8.81918e-10	-0.153649
8.81989e-10	-0.153989
8.8206e-10	-0.15433
8.82131e-10	-0.154671
8.82202e-10	-0.155011
8.82273e-10	-0.155352
8.82344e-10	-0.155692
8.82415e-10	-0.156032
8.82485e-10	-0.156373
8.82556e-10	-0.156713
8.82627e-10	-0.157053
8.82698e-10	-0.157393
8.82769e-10	-0.157733
8.8284e-10	-0.158073
8.82911e-10	-0.158413
8.82982e-10	-0.158753
8.83053e-10	-0.159092
8.83124e-10	-0.159432
8.83195e-10	-0.159771
8.83266e-10	-0.160111
8.83337e-10	-0.16045
8.83408e-10	-0.160789
8.83478e-10	-0.161129
8.83549e-10	-0.161468
8.8362e-10	-0.161807
8.83691e-10	-0.162146
8.83762e-10	-0.162484
8.83833e-10	-0.162823
8.83904e-10	-0.163162
8.83975e-10	-0.1635
8.84046e-10	-0.163839
8.84117e-10	-0.164177
8.84188e-10	-0.164516
8.84259e-10	-0.164854
8.8433e-10	-0.165192
8.844e-10	-0.16553
8.84471e-10	-0.165868
8.84542e-10	-0.166206
8.84613e-10	-0.166544
8.84684e-10	-0.166881
8.84755e-10	-0.167219
8.84826e-10	-0.167557
8.84897e-10	-0.167894
8.84968e-10	-0.168231
8.85039e-10	-0.168568
8.8511e-10	-0.168906
8.85181e-10	-0.169243
8.85252e-10	-0.16958
8.85323e-10	-0.169916
8.85393e-10	-0.170253
8.85464e-10	-0.17059
8.85535e-10	-0.170926
8.85606e-10	-0.171263
8.85677e-10	-0.171599
8.85748e-10	-0.171935
8.85819e-10	-0.172271
8.8589e-10	-0.172607
8.85961e-10	-0.172943
8.86032e-10	-0.173279
8.86103e-10	-0.173614
8.86174e-10	-0.17395
8.86245e-10	-0.174285
8.86316e-10	-0.174621
8.86386e-10	-0.174956
8.86457e-10	-0.175291
8.86528e-10	-0.175626
8.86599e-10	-0.175961
8.8667e-10	-0.176295
8.86741e-10	-0.17663
8.86812e-10	-0.176965
8.86883e-10	-0.177299
8.86954e-10	-0.177633
8.87025e-10	-0.177967
8.87096e-10	-0.178301
8.87167e-10	-0.178635
8.87238e-10	-0.178969
8.87309e-10	-0.179303
8.87379e-10	-0.179636
8.8745e-10	-0.17997
8.87521e-10	-0.180303
8.87592e-10	-0.180636
8.87663e-10	-0.180969
8.87734e-10	-0.181302
8.87805e-10	-0.181635
8.87876e-10	-0.181968
8.87947e-10	-0.1823
8.88018e-10	-0.182633
8.88089e-10	-0.182965
8.8816e-10	-0.183297
8.88231e-10	-0.183629
8.88302e-10	-0.183961
8.88372e-10	-0.184293
8.88443e-10	-0.184625
8.88514e-10	-0.184956
8.88585e-10	-0.185287
8.88656e-10	-0.185619
8.88727e-10	-0.18595
8.88798e-10	-0.186281
8.88869e-10	-0.186611
8.8894e-10	-0.186942
8.89011e-10	-0.187273
8.89082e-10	-0.187603
8.89153e-10	-0.187933
8.89224e-10	-0.188263
8.89295e-10	-0.188593
8.89365e-10	-0.188923
8.89436e-10	-0.189253
8.89507e-10	-0.189582
8.89578e-10	-0.189912
8.89649e-10	-0.190241
8.8972e-10	-0.19057
8.89791e-10	-0.190899
8.89862e-10	-0.191228
8.89933e-10	-0.191556
8.90004e-10	-0.191885
8.90075e-10	-0.192213
8.90146e-10	-0.192541
8.90217e-10	-0.192869
8.90288e-10	-0.193197
8.90358e-10	-0.193525
8.90429e-10	-0.193852
8.905e-10	-0.19418
8.90571e-10	-0.194507
8.90642e-10	-0.194834
8.90713e-10	-0.195161
8.90784e-10	-0.195488
8.90855e-10	-0.195814
8.90926e-10	-0.196141
8.90997e-10	-0.196467
8.91068e-10	-0.196793
8.91139e-10	-0.197119
8.9121e-10	-0.197445
8.91281e-10	-0.197771
8.91351e-10	-0.198096
8.91422e-10	-0.198421
8.91493e-10	-0.198747
8.91564e-10	-0.199072
8.91635e-10	-0.199396
8.91706e-10	-0.199721
8.91777e-10	-0.200045
8.91848e-10	-0.20037
8.91919e-10	-0.200694
8.9199e-10	-0.201018
8.92061e-10	-0.201342
8.92132e-10	-0.201665
8.92203e-10	-0.201989
8.92273e-10	-0.202312
8.92344e-10	-0.202635
8.92415e-10	-0.202958
8.92486e-10	-0.203281
8.92557e-10	-0.203603
8.92628e-10	-0.203925
8.92699e-10	-0.204248
8.9277e-10	-0.20457
8.92841e-10	-0.204891
8.92912e-10	-0.205213
8.92983e-10	-0.205534
8.93054e-10	-0.205856
8.93125e-10	-0.206177
8.93196e-10	-0.206498
8.93266e-10	-0.206818
8.93337e-10	-0.207139
8.93408e-10	-0.207459
8.93479e-10	-0.207779
8.9355e-10	-0.208099
8.93621e-10	-0.208419
8.93692e-10	-0.208739
8.93763e-10	-0.209058
8.93834e-10	-0.209377
8.93905e-10	-0.209696
8.93976e-10	-0.210015
8.94047e-10	-0.210334
8.94118e-10	-0.210652
8.94189e-10	-0.21097
8.94259e-10	-0.211288
8.9433e-10	-0.211606
8.94401e-10	-0.211924
8.94472e-10	-0.212241
8.94543e-10	-0.212558
8.94614e-10	-0.212876
8.94685e-10	-0.213192
8.94756e-10	-0.213509
8.94827e-10	-0.213825
8.94898e-10	-0.214142
8.94969e-10	-0.214458
8.9504e-10	-0.214773
8.95111e-10	-0.215089
8.95182e-10	-0.215404
8.95252e-10	-0.21572
8.95323e-10	-0.216035
8.95394e-10	-0.216349
8.95465e-10	-0.216664
8.95536e-10	-0.216978
8.95607e-10	-0.217292
8.95678e-10	-0.217606
8.95749e-10	-0.21792
8.9582e-10	-0.218233
8.95891e-10	-0.218547
8.95962e-10	-0.21886
8.96033e-10	-0.219173
8.96104e-10	-0.219485
8.96175e-10	-0.219798
8.96245e-10	-0.22011
8.96316e-10	-0.220422
8.96387e-10	-0.220734
8.96458e-10	-0.221045
8.96529e-10	-0.221356
8.966e-10	-0.221668
8.96671e-10	-0.221978
8.96742e-10	-0.222289
8.96813e-10	-0.222599
8.96884e-10	-0.22291
8.96955e-10	-0.22322
8.97026e-10	-0.223529
8.97097e-10	-0.223839
8.97168e-10	-0.224148
8.97238e-10	-0.224457
8.97309e-10	-0.224766
8.9738e-10	-0.225075
8.97451e-10	-0.225383
8.97522e-10	-0.225691
8.97593e-10	-0.225999
8.97664e-10	-0.226307
8.97735e-10	-0.226614
8.97806e-10	-0.226921
8.97877e-10	-0.227228
8.97948e-10	-0.227535
8.98019e-10	-0.227841
8.9809e-10	-0.228148
8.98161e-10	-0.228454
8.98231e-10	-0.228759
8.98302e-10	-0.229065
8.98373e-10	-0.22937
8.98444e-10	-0.229675
8.98515e-10	-0.22998
8.98586e-10	-0.230285
8.98657e-10	-0.230589
8.98728e-10	-0.230893
8.98799e-10	-0.231197
8.9887e-10	-0.2315
8.98941e-10	-0.231804
8.99012e-10	-0.232107
8.99083e-10	-0.232409
8.99154e-10	-0.232712
8.99224e-10	-0.233014
8.99295e-10	-0.233316
8.99366e-10	-0.233618
8.99437e-10	-0.23392
8.99508e-10	-0.234221
8.99579e-10	-0.234522
8.9965e-10	-0.234823
8.99721e-10	-0.235123
8.99792e-10	-0.235424
8.99863e-10	-0.235724
8.99934e-10	-0.236023
9.00005e-10	-0.236323
9.00076e-10	-0.236622
9.00146e-10	-0.236921
9.00217e-10	-0.23722
9.00288e-10	-0.237518
9.00359e-10	-0.237816
9.0043e-10	-0.238114
9.00501e-10	-0.238412
9.00572e-10	-0.238709
9.00643e-10	-0.239007
9.00714e-10	-0.239303
9.00785e-10	-0.2396
9.00856e-10	-0.239896
9.00927e-10	-0.240192
9.00998e-10	-0.240488
9.01069e-10	-0.240784
9.01139e-10	-0.241079
9.0121e-10	-0.241374
9.01281e-10	-0.241669
9.01352e-10	-0.241963
9.01423e-10	-0.242257
9.01494e-10	-0.242551
9.01565e-10	-0.242845
9.01636e-10	-0.243138
9.01707e-10	-0.243431
9.01778e-10	-0.243724
9.01849e-10	-0.244016
9.0192e-10	-0.244308
9.01991e-10	-0.2446
9.02062e-10	-0.244892
9.02132e-10	-0.245183
9.02203e-10	-0.245474
9.02274e-10	-0.245765
9.02345e-10	-0.246056
9.02416e-10	-0.246346
9.02487e-10	-0.246636
9.02558e-10	-0.246925
9.02629e-10	-0.247215
9.027e-10	-0.247504
9.02771e-10	-0.247792
9.02842e-10	-0.248081
9.02913e-10	-0.248369
9.02984e-10	-0.248657
9.03055e-10	-0.248945
9.03125e-10	-0.249232
9.03196e-10	-0.249519
9.03267e-10	-0.249806
9.03338e-10	-0.250092
9.03409e-10	-0.250378
9.0348e-10	-0.250664
9.03551e-10	-0.25095
9.03622e-10	-0.251235
9.03693e-10	-0.25152
9.03764e-10	-0.251804
9.03835e-10	-0.252089
9.03906e-10	-0.252373
9.03977e-10	-0.252656
9.04048e-10	-0.25294
9.04118e-10	-0.253223
9.04189e-10	-0.253506
9.0426e-10	-0.253788
9.04331e-10	-0.254071
9.04402e-10	-0.254352
9.04473e-10	-0.254634
9.04544e-10	-0.254915
9.04615e-10	-0.255196
9.04686e-10	-0.255477
9.04757e-10	-0.255757
9.04828e-10	-0.256037
9.04899e-10	-0.256317
9.0497e-10	-0.256596
9.05041e-10	-0.256875
9.05111e-10	-0.257154
9.05182e-10	-0.257433
9.05253e-10	-0.257711
9.05324e-10	-0.257989
9.05395e-10	-0.258266
9.05466e-10	-0.258543
9.05537e-10	-0.25882
9.05608e-10	-0.259097
9.05679e-10	-0.259373
9.0575e-10	-0.259649
9.05821e-10	-0.259924
9.05892e-10	-0.2602
9.05963e-10	-0.260475
9.06034e-10	-0.260749
9.06104e-10	-0.261024
9.06175e-10	-0.261298
9.06246e-10	-0.261571
9.06317e-10	-0.261844
9.06388e-10	-0.262117
9.06459e-10	-0.26239
9.0653e-10	-0.262662
9.06601e-10	-0.262934
9.06672e-10	-0.263206
9.06743e-10	-0.263477
9.06814e-10	-0.263748
9.06885e-10	-0.264019
9.06956e-10	-0.264289
9.07027e-10	-0.264559
9.07097e-10	-0.264829
9.07168e-10	-0.265098
9.07239e-10	-0.265367
9.0731e-10	-0.265636
9.07381e-10	-0.265904
9.07452e-10	-0.266172
9.07523e-10	-0.26644
9.07594e-10	-0.266707
9.07665e-10	-0.266974
9.07736e-10	-0.26724
9.07807e-10	-0.267507
9.07878e-10	-0.267773
9.07949e-10	-0.268038
9.0802e-10	-0.268303
9.0809e-10	-0.268568
9.08161e-10	-0.268833
9.08232e-10	-0.269097
9.08303e-10	-0.269361
9.08374e-10	-0.269624
9.08445e-10	-0.269887
9.08516e-10	-0.27015
9.08587e-10	-0.270412
9.08658e-10	-0.270674
9.08729e-10	-0.270936
9.088e-10	-0.271197
9.08871e-10	-0.271458
9.08942e-10	-0.271719
9.09012e-10	-0.271979
9.09083e-10	-0.272239
9.09154e-10	-0.272499
9.09225e-10	-0.272758
9.09296e-10	-0.273017
9.09367e-10	-0.273275
9.09438e-10	-0.273533
9.09509e-10	-0.273791
9.0958e-10	-0.274049
9.09651e-10	-0.274306
9.09722e-10	-0.274562
9.09793e-10	-0.274819
9.09864e-10	-0.275074
9.09935e-10	-0.27533
9.10005e-10	-0.275585
9.10076e-10	-0.27584
9.10147e-10	-0.276094
9.10218e-10	-0.276349
9.10289e-10	-0.276602
9.1036e-10	-0.276856
9.10431e-10	-0.277109
9.10502e-10	-0.277361
9.10573e-10	-0.277613
9.10644e-10	-0.277865
9.10715e-10	-0.278117
9.10786e-10	-0.278368
9.10857e-10	-0.278619
9.10928e-10	-0.278869
9.10998e-10	-0.279119
9.11069e-10	-0.279369
9.1114e-10	-0.279618
9.11211e-10	-0.279867
9.11282e-10	-0.280115
9.11353e-10	-0.280363
9.11424e-10	-0.280611
9.11495e-10	-0.280858
9.11566e-10	-0.281105
9.11637e-10	-0.281352
9.11708e-10	-0.281598
9.11779e-10	-0.281844
9.1185e-10	-0.282089
9.11921e-10	-0.282334
9.11991e-10	-0.282579
9.12062e-10	-0.282823
9.12133e-10	-0.283067
9.12204e-10	-0.28331
9.12275e-10	-0.283553
9.12346e-10	-0.283796
9.12417e-10	-0.284038
9.12488e-10	-0.28428
9.12559e-10	-0.284521
9.1263e-10	-0.284762
9.12701e-10	-0.285003
9.12772e-10	-0.285243
9.12843e-10	-0.285483
9.12914e-10	-0.285723
9.12984e-10	-0.285962
9.13055e-10	-0.286201
9.13126e-10	-0.286439
9.13197e-10	-0.286677
9.13268e-10	-0.286914
9.13339e-10	-0.287151
9.1341e-10	-0.287388
9.13481e-10	-0.287624
9.13552e-10	-0.28786
9.13623e-10	-0.288096
9.13694e-10	-0.288331
9.13765e-10	-0.288565
9.13836e-10	-0.2888
9.13907e-10	-0.289034
9.13977e-10	-0.289267
9.14048e-10	-0.2895
9.14119e-10	-0.289733
9.1419e-10	-0.289965
9.14261e-10	-0.290197
9.14332e-10	-0.290428
9.14403e-10	-0.290659
9.14474e-10	-0.29089
9.14545e-10	-0.29112
9.14616e-10	-0.29135
9.14687e-10	-0.291579
9.14758e-10	-0.291808
9.14829e-10	-0.292036
9.149e-10	-0.292264
9.1497e-10	-0.292492
9.15041e-10	-0.292719
9.15112e-10	-0.292946
9.15183e-10	-0.293172
9.15254e-10	-0.293398
9.15325e-10	-0.293624
9.15396e-10	-0.293849
9.15467e-10	-0.294074
9.15538e-10	-0.294298
9.15609e-10	-0.294522
9.1568e-10	-0.294745
9.15751e-10	-0.294968
9.15822e-10	-0.295191
9.15893e-10	-0.295413
9.15963e-10	-0.295635
9.16034e-10	-0.295856
9.16105e-10	-0.296077
9.16176e-10	-0.296297
9.16247e-10	-0.296517
9.16318e-10	-0.296737
9.16389e-10	-0.296956
9.1646e-10	-0.297174
9.16531e-10	-0.297393
9.16602e-10	-0.29761
9.16673e-10	-0.297828
9.16744e-10	-0.298045
9.16815e-10	-0.298261
9.16885e-10	-0.298477
9.16956e-10	-0.298693
9.17027e-10	-0.298908
9.17098e-10	-0.299123
9.17169e-10	-0.299337
9.1724e-10	-0.299551
9.17311e-10	-0.299764
9.17382e-10	-0.299977
9.17453e-10	-0.30019
9.17524e-10	-0.300402
9.17595e-10	-0.300614
9.17666e-10	-0.300825
9.17737e-10	-0.301036
9.17808e-10	-0.301246
9.17878e-10	-0.301456
9.17949e-10	-0.301665
9.1802e-10	-0.301874
9.18091e-10	-0.302083
9.18162e-10	-0.302291
9.18233e-10	-0.302498
9.18304e-10	-0.302705
9.18375e-10	-0.302912
9.18446e-10	-0.303118
9.18517e-10	-0.303324
9.18588e-10	-0.30353
9.18659e-10	-0.303734
9.1873e-10	-0.303939
9.18801e-10	-0.304143
9.18871e-10	-0.304346
9.18942e-10	-0.304549
9.19013e-10	-0.304752
9.19084e-10	-0.304954
9.19155e-10	-0.305156
9.19226e-10	-0.305357
9.19297e-10	-0.305558
9.19368e-10	-0.305758
9.19439e-10	-0.305958
9.1951e-10	-0.306157
9.19581e-10	-0.306356
9.19652e-10	-0.306554
9.19723e-10	-0.306752
9.19794e-10	-0.30695
9.19864e-10	-0.307147
9.19935e-10	-0.307343
9.20006e-10	-0.30754
9.20077e-10	-0.307735
9.20148e-10	-0.30793
9.20219e-10	-0.308125
9.2029e-10	-0.308319
9.20361e-10	-0.308513
9.20432e-10	-0.308706
9.20503e-10	-0.308899
9.20574e-10	-0.309091
9.20645e-10	-0.309283
9.20716e-10	-0.309474
9.20787e-10	-0.309665
9.20857e-10	-0.309856
9.20928e-10	-0.310046
9.20999e-10	-0.310235
9.2107e-10	-0.310424
9.21141e-10	-0.310613
9.21212e-10	-0.310801
9.21283e-10	-0.310988
9.21354e-10	-0.311175
9.21425e-10	-0.311362
9.21496e-10	-0.311548
9.21567e-10	-0.311733
9.21638e-10	-0.311918
9.21709e-10	-0.312103
9.2178e-10	-0.312287
9.2185e-10	-0.312471
9.21921e-10	-0.312654
9.21992e-10	-0.312837
9.22063e-10	-0.313019
9.22134e-10	-0.313201
9.22205e-10	-0.313382
9.22276e-10	-0.313563
9.22347e-10	-0.313743
9.22418e-10	-0.313922
9.22489e-10	-0.314102
9.2256e-10	-0.31428
9.22631e-10	-0.314459
9.22702e-10	-0.314636
9.22773e-10	-0.314814
9.22843e-10	-0.314991
9.22914e-10	-0.315167
9.22985e-10	-0.315343
9.23056e-10	-0.315518
9.23127e-10	-0.315693
9.23198e-10	-0.315867
9.23269e-10	-0.316041
9.2334e-10	-0.316214
9.23411e-10	-0.316387
9.23482e-10	-0.316559
9.23553e-10	-0.316731
9.23624e-10	-0.316902
9.23695e-10	-0.317073
9.23766e-10	-0.317243
9.23836e-10	-0.317413
9.23907e-10	-0.317582
9.23978e-10	-0.317751
9.24049e-10	-0.317919
9.2412e-10	-0.318087
9.24191e-10	-0.318254
9.24262e-10	-0.318421
9.24333e-10	-0.318587
9.24404e-10	-0.318753
9.24475e-10	-0.318918
9.24546e-10	-0.319082
9.24617e-10	-0.319247
9.24688e-10	-0.31941
9.24758e-10	-0.319573
9.24829e-10	-0.319736
9.249e-10	-0.319898
9.24971e-10	-0.32006
9.25042e-10	-0.320221
9.25113e-10	-0.320381
9.25184e-10	-0.320541
9.25255e-10	-0.320701
9.25326e-10	-0.32086
9.25397e-10	-0.321018
9.25468e-10	-0.321176
9.25539e-10	-0.321334
9.2561e-10	-0.321491
9.25681e-10	-0.321647
9.25751e-10	-0.321803
9.25822e-10	-0.321958
9.25893e-10	-0.322113
9.25964e-10	-0.322267
9.26035e-10	-0.322421
9.26106e-10	-0.322574
9.26177e-10	-0.322727
9.26248e-10	-0.322879
9.26319e-10	-0.323031
9.2639e-10	-0.323182
9.26461e-10	-0.323333
9.26532e-10	-0.323483
9.26603e-10	-0.323632
9.26674e-10	-0.323781
9.26744e-10	-0.32393
9.26815e-10	-0.324078
9.26886e-10	-0.324225
9.26957e-10	-0.324372
9.27028e-10	-0.324518
9.27099e-10	-0.324664
9.2717e-10	-0.32481
9.27241e-10	-0.324954
9.27312e-10	-0.325099
9.27383e-10	-0.325242
9.27454e-10	-0.325385
9.27525e-10	-0.325528
9.27596e-10	-0.32567
9.27667e-10	-0.325812
9.27737e-10	-0.325952
9.27808e-10	-0.326093
9.27879e-10	-0.326233
9.2795e-10	-0.326372
9.28021e-10	-0.326511
9.28092e-10	-0.326649
9.28163e-10	-0.326787
9.28234e-10	-0.326924
9.28305e-10	-0.327061
9.28376e-10	-0.327197
9.28447e-10	-0.327332
9.28518e-10	-0.327467
9.28589e-10	-0.327602
9.2866e-10	-0.327736
9.2873e-10	-0.327869
9.28801e-10	-0.328002
9.28872e-10	-0.328134
9.28943e-10	-0.328266
9.29014e-10	-0.328397
9.29085e-10	-0.328528
9.29156e-10	-0.328658
9.29227e-10	-0.328787
9.29298e-10	-0.328916
9.29369e-10	-0.329045
9.2944e-10	-0.329172
9.29511e-10	-0.3293
9.29582e-10	-0.329426
9.29653e-10	-0.329553
9.29723e-10	-0.329678
9.29794e-10	-0.329803
9.29865e-10	-0.329928
9.29936e-10	-0.330052
9.30007e-10	-0.330175
9.30078e-10	-0.330298
9.30149e-10	-0.33042
9.3022e-10	-0.330542
9.30291e-10	-0.330663
9.30362e-10	-0.330783
9.30433e-10	-0.330903
9.30504e-10	-0.331023
9.30575e-10	-0.331142
9.30646e-10	-0.33126
9.30716e-10	-0.331378
9.30787e-10	-0.331495
9.30858e-10	-0.331612
9.30929e-10	-0.331728
9.31e-10	-0.331843
9.31071e-10	-0.331958
9.31142e-10	-0.332072
9.31213e-10	-0.332186
9.31284e-10	-0.332299
9.31355e-10	-0.332412
9.31426e-10	-0.332524
9.31497e-10	-0.332636
9.31568e-10	-0.332746
9.31639e-10	-0.332857
9.31709e-10	-0.332967
9.3178e-10	-0.333076
9.31851e-10	-0.333184
9.31922e-10	-0.333292
9.31993e-10	-0.3334
9.32064e-10	-0.333507
9.32135e-10	-0.333613
9.32206e-10	-0.333719
9.32277e-10	-0.333824
9.32348e-10	-0.333929
9.32419e-10	-0.334033
9.3249e-10	-0.334136
9.32561e-10	-0.334239
9.32631e-10	-0.334341
9.32702e-10	-0.334443
9.32773e-10	-0.334544
9.32844e-10	-0.334644
9.32915e-10	-0.334744
9.32986e-10	-0.334844
9.33057e-10	-0.334943
9.33128e-10	-0.335041
9.33199e-10	-0.335138
9.3327e-10	-0.335235
9.33341e-10	-0.335332
9.33412e-10	-0.335428
9.33483e-10	-0.335523
9.33554e-10	-0.335618
9.33624e-10	-0.335712
9.33695e-10	-0.335805
9.33766e-10	-0.335898
9.33837e-10	-0.33599
9.33908e-10	-0.336082
9.33979e-10	-0.336173
9.3405e-10	-0.336264
9.34121e-10	-0.336354
9.34192e-10	-0.336443
9.34263e-10	-0.336532
9.34334e-10	-0.33662
9.34405e-10	-0.336707
9.34476e-10	-0.336794
9.34547e-10	-0.336881
9.34617e-10	-0.336967
9.34688e-10	-0.337052
9.34759e-10	-0.337136
9.3483e-10	-0.33722
9.34901e-10	-0.337304
9.34972e-10	-0.337387
9.35043e-10	-0.337469
9.35114e-10	-0.33755
9.35185e-10	-0.337631
9.35256e-10	-0.337712
9.35327e-10	-0.337792
9.35398e-10	-0.337871
9.35469e-10	-0.337949
9.3554e-10	-0.338027
9.3561e-10	-0.338105
9.35681e-10	-0.338181
9.35752e-10	-0.338258
9.35823e-10	-0.338333
9.35894e-10	-0.338408
9.35965e-10	-0.338483
9.36036e-10	-0.338556
9.36107e-10	-0.338629
9.36178e-10	-0.338702
9.36249e-10	-0.338774
9.3632e-10	-0.338845
9.36391e-10	-0.338916
9.36462e-10	-0.338986
9.36533e-10	-0.339056
9.36603e-10	-0.339124
9.36674e-10	-0.339193
9.36745e-10	-0.33926
9.36816e-10	-0.339327
9.36887e-10	-0.339394
9.36958e-10	-0.33946
9.37029e-10	-0.339525
9.371e-10	-0.339589
9.37171e-10	-0.339653
9.37242e-10	-0.339717
9.37313e-10	-0.339779
9.37384e-10	-0.339842
9.37455e-10	-0.339903
9.37526e-10	-0.339964
9.37596e-10	-0.340024
9.37667e-10	-0.340084
9.37738e-10	-0.340143
9.37809e-10	-0.340201
9.3788e-10	-0.340259
9.37951e-10	-0.340316
9.38022e-10	-0.340373
9.38093e-10	-0.340429
9.38164e-10	-0.340484
9.38235e-10	-0.340539
9.38306e-10	-0.340593
9.38377e-10	-0.340647
9.38448e-10	-0.340699
9.38519e-10	-0.340752
9.38589e-10	-0.340803
9.3866e-10	-0.340854
9.38731e-10	-0.340904
9.38802e-10	-0.340954
9.38873e-10	-0.341003
9.38944e-10	-0.341052
9.39015e-10	-0.341099
9.39086e-10	-0.341147
9.39157e-10	-0.341193
9.39228e-10	-0.341239
9.39299e-10	-0.341284
9.3937e-10	-0.341329
9.39441e-10	-0.341373
9.39512e-10	-0.341417
9.39582e-10	-0.341459
9.39653e-10	-0.341502
9.39724e-10	-0.341543
9.39795e-10	-0.341584
9.39866e-10	-0.341624
9.39937e-10	-0.341664
9.40008e-10	-0.341703
9.40079e-10	-0.341741
9.4015e-10	-0.341779
9.40221e-10	-0.341816
9.40292e-10	-0.341853
9.40363e-10	-0.341888
9.40434e-10	-0.341924
9.40504e-10	-0.341958
9.40575e-10	-0.341992
9.40646e-10	-0.342025
9.40717e-10	-0.342058
9.40788e-10	-0.34209
9.40859e-10	-0.342121
9.4093e-10	-0.342152
9.41001e-10	-0.342182
9.41072e-10	-0.342211
9.41143e-10	-0.34224
9.41214e-10	-0.342268
9.41285e-10	-0.342296
9.41356e-10	-0.342323
9.41427e-10	-0.342349
9.41497e-10	-0.342375
9.41568e-10	-0.3424
9.41639e-10	-0.342424
9.4171e-10	-0.342447
9.41781e-10	-0.34247
9.41852e-10	-0.342493
9.41923e-10	-0.342515
9.41994e-10	-0.342536
9.42065e-10	-0.342556
9.42136e-10	-0.342576
9.42207e-10	-0.342595
9.42278e-10	-0.342613
9.42349e-10	-0.342631
9.4242e-10	-0.342648
9.4249e-10	-0.342665
9.42561e-10	-0.342681
9.42632e-10	-0.342696
9.42703e-10	-0.342711
9.42774e-10	-0.342725
9.42845e-10	-0.342738
9.42916e-10	-0.34275
9.42987e-10	-0.342762
9.43058e-10	-0.342774
9.43129e-10	-0.342784
9.432e-10	-0.342794
9.43271e-10	-0.342804
9.43342e-10	-0.342813
9.43413e-10	-0.342821
9.43483e-10	-0.342828
9.43554e-10	-0.342835
9.43625e-10	-0.342841
9.43696e-10	-0.342846
9.43767e-10	-0.342851
9.43838e-10	-0.342855
9.43909e-10	-0.342859
9.4398e-10	-0.342861
9.44051e-10	-0.342864
9.44122e-10	-0.342865
9.44193e-10	-0.342866
9.44264e-10	-0.342866
9.44335e-10	-0.342866
9.44406e-10	-0.342864
9.44476e-10	-0.342863
9.44547e-10	-0.34286
9.44618e-10	-0.342857
9.44689e-10	-0.342853
9.4476e-10	-0.342849
9.44831e-10	-0.342844
9.44902e-10	-0.342838
9.44973e-10	-0.342831
9.45044e-10	-0.342824
9.45115e-10	-0.342816
9.45186e-10	-0.342808
9.45257e-10	-0.342799
9.45328e-10	-0.342789
9.45399e-10	-0.342779
9.45469e-10	-0.342768
9.4554e-10	-0.342756
9.45611e-10	-0.342743
9.45682e-10	-0.34273
9.45753e-10	-0.342717
9.45824e-10	-0.342702
9.45895e-10	-0.342687
9.45966e-10	-0.342671
9.46037e-10	-0.342655
9.46108e-10	-0.342638
9.46179e-10	-0.34262
9.4625e-10	-0.342601
9.46321e-10	-0.342582
9.46392e-10	-0.342563
9.46462e-10	-0.342542
9.46533e-10	-0.342521
9.46604e-10	-0.342499
9.46675e-10	-0.342477
9.46746e-10	-0.342454
9.46817e-10	-0.34243
9.46888e-10	-0.342405
9.46959e-10	-0.34238
9.4703e-10	-0.342354
9.47101e-10	-0.342328
9.47172e-10	-0.342301
9.47243e-10	-0.342273
9.47314e-10	-0.342244
9.47385e-10	-0.342215
9.47455e-10	-0.342185
9.47526e-10	-0.342154
9.47597e-10	-0.342123
9.47668e-10	-0.342091
9.47739e-10	-0.342059
9.4781e-10	-0.342025
9.47881e-10	-0.341992
9.47952e-10	-0.341957
9.48023e-10	-0.341922
9.48094e-10	-0.341886
9.48165e-10	-0.341849
9.48236e-10	-0.341812
9.48307e-10	-0.341774
9.48377e-10	-0.341735
9.48448e-10	-0.341695
9.48519e-10	-0.341655
9.4859e-10	-0.341615
9.48661e-10	-0.341573
9.48732e-10	-0.341531
9.48803e-10	-0.341488
9.48874e-10	-0.341445
9.48945e-10	-0.341401
9.49016e-10	-0.341356
9.49087e-10	-0.34131
9.49158e-10	-0.341264
9.49229e-10	-0.341217
9.493e-10	-0.34117
9.4937e-10	-0.341121
9.49441e-10	-0.341072
9.49512e-10	-0.341023
9.49583e-10	-0.340972
9.49654e-10	-0.340921
9.49725e-10	-0.34087
9.49796e-10	-0.340817
9.49867e-10	-0.340764
9.49938e-10	-0.340711
9.50009e-10	-0.340656
9.5008e-10	-0.340601
9.50151e-10	-0.340545
9.50222e-10	-0.340489
9.50293e-10	-0.340432
9.50363e-10	-0.340374
9.50434e-10	-0.340315
9.50505e-10	-0.340256
9.50576e-10	-0.340196
9.50647e-10	-0.340135
9.50718e-10	-0.340074
9.50789e-10	-0.340012
9.5086e-10	-0.339949
9.50931e-10	-0.339886
9.51002e-10	-0.339822
9.51073e-10	-0.339757
9.51144e-10	-0.339692
9.51215e-10	-0.339625
9.51286e-10	-0.339559
9.51356e-10	-0.339491
9.51427e-10	-0.339423
9.51498e-10	-0.339354
9.51569e-10	-0.339284
9.5164e-10	-0.339214
9.51711e-10	-0.339143
9.51782e-10	-0.339071
9.51853e-10	-0.338999
9.51924e-10	-0.338926
9.51995e-10	-0.338852
9.52066e-10	-0.338777
9.52137e-10	-0.338702
9.52208e-10	-0.338626
9.52279e-10	-0.33855
9.52349e-10	-0.338472
9.5242e-10	-0.338394
9.52491e-10	-0.338316
9.52562e-10	-0.338236
9.52633e-10	-0.338156
9.52704e-10	-0.338076
9.52775e-10	-0.337994
9.52846e-10	-0.337912
9.52917e-10	-0.337829
9.52988e-10	-0.337746
9.53059e-10	-0.337661
9.5313e-10	-0.337576
9.53201e-10	-0.337491
9.53272e-10	-0.337404
9.53342e-10	-0.337317
9.53413e-10	-0.33723
9.53484e-10	-0.337141
9.53555e-10	-0.337052
9.53626e-10	-0.336962
9.53697e-10	-0.336872
9.53768e-10	-0.33678
9.53839e-10	-0.336689
9.5391e-10	-0.336596
9.53981e-10	-0.336503
9.54052e-10	-0.336408
9.54123e-10	-0.336314
9.54194e-10	-0.336218
9.54265e-10	-0.336122
9.54335e-10	-0.336025
9.54406e-10	-0.335928
9.54477e-10	-0.335829
9.54548e-10	-0.33573
9.54619e-10	-0.335631
9.5469e-10	-0.33553
9.54761e-10	-0.335429
9.54832e-10	-0.335327
9.54903e-10	-0.335225
9.54974e-10	-0.335122
9.55045e-10	-0.335018
9.55116e-10	-0.334913
9.55187e-10	-0.334808
9.55258e-10	-0.334702
9.55328e-10	-0.334595
9.55399e-10	-0.334488
9.5547e-10	-0.33438
9.55541e-10	-0.334271
9.55612e-10	-0.334161
9.55683e-10	-0.334051
9.55754e-10	-0.33394
9.55825e-10	-0.333828
9.55896e-10	-0.333716
9.55967e-10	-0.333603
9.56038e-10	-0.333489
9.56109e-10	-0.333375
9.5618e-10	-0.333259
9.56251e-10	-0.333144
9.56321e-10	-0.333027
9.56392e-10	-0.33291
9.56463e-10	-0.332792
9.56534e-10	-0.332673
9.56605e-10	-0.332553
9.56676e-10	-0.332433
9.56747e-10	-0.332312
9.56818e-10	-0.332191
9.56889e-10	-0.332068
9.5696e-10	-0.331945
9.57031e-10	-0.331822
9.57102e-10	-0.331697
9.57173e-10	-0.331572
9.57243e-10	-0.331446
9.57314e-10	-0.33132
9.57385e-10	-0.331192
9.57456e-10	-0.331064
9.57527e-10	-0.330936
9.57598e-10	-0.330806
9.57669e-10	-0.330676
9.5774e-10	-0.330545
9.57811e-10	-0.330414
9.57882e-10	-0.330282
9.57953e-10	-0.330149
9.58024e-10	-0.330015
9.58095e-10	-0.329881
9.58166e-10	-0.329745
9.58236e-10	-0.32961
9.58307e-10	-0.329473
9.58378e-10	-0.329336
9.58449e-10	-0.329198
9.5852e-10	-0.329059
9.58591e-10	-0.32892
9.58662e-10	-0.32878
9.58733e-10	-0.328639
9.58804e-10	-0.328497
9.58875e-10	-0.328355
9.58946e-10	-0.328212
9.59017e-10	-0.328069
9.59088e-10	-0.327924
9.59159e-10	-0.327779
9.59229e-10	-0.327633
9.593e-10	-0.327487
9.59371e-10	-0.32734
9.59442e-10	-0.327192
9.59513e-10	-0.327043
9.59584e-10	-0.326894
9.59655e-10	-0.326744
9.59726e-10	-0.326593
9.59797e-10	-0.326441
9.59868e-10	-0.326289
9.59939e-10	-0.326136
9.6001e-10	-0.325982
9.60081e-10	-0.325828
9.60152e-10	-0.325673
9.60222e-10	-0.325517
9.60293e-10	-0.325361
9.60364e-10	-0.325203
9.60435e-10	-0.325045
9.60506e-10	-0.324887
9.60577e-10	-0.324727
9.60648e-10	-0.324567
9.60719e-10	-0.324406
9.6079e-10	-0.324245
9.60861e-10	-0.324082
9.60932e-10	-0.32392
9.61003e-10	-0.323756
9.61074e-10	-0.323591
9.61145e-10	-0.323426
9.61215e-10	-0.32326
9.61286e-10	-0.323094
9.61357e-10	-0.322927
9.61428e-10	-0.322759
9.61499e-10	-0.32259
9.6157e-10	-0.32242
9.61641e-10	-0.32225
9.61712e-10	-0.322079
9.61783e-10	-0.321908
9.61854e-10	-0.321735
9.61925e-10	-0.321562
9.61996e-10	-0.321389
9.62067e-10	-0.321214
9.62138e-10	-0.321039
9.62208e-10	-0.320863
9.62279e-10	-0.320687
9.6235e-10	-0.320509
9.62421e-10	-0.320331
9.62492e-10	-0.320152
9.62563e-10	-0.319973
9.62634e-10	-0.319793
9.62705e-10	-0.319612
9.62776e-10	-0.31943
9.62847e-10	-0.319248
9.62918e-10	-0.319065
9.62989e-10	-0.318881
9.6306e-10	-0.318696
9.63131e-10	-0.318511
9.63201e-10	-0.318325
9.63272e-10	-0.318138
9.63343e-10	-0.317951
9.63414e-10	-0.317763
9.63485e-10	-0.317574
9.63556e-10	-0.317385
9.63627e-10	-0.317194
9.63698e-10	-0.317003
9.63769e-10	-0.316812
9.6384e-10	-0.316619
9.63911e-10	-0.316426
9.63982e-10	-0.316232
9.64053e-10	-0.316038
9.64124e-10	-0.315842
9.64194e-10	-0.315646
9.64265e-10	-0.315449
9.64336e-10	-0.315252
9.64407e-10	-0.315054
9.64478e-10	-0.314855
9.64549e-10	-0.314655
9.6462e-10	-0.314455
9.64691e-10	-0.314254
9.64762e-10	-0.314052
9.64833e-10	-0.31385
9.64904e-10	-0.313646
9.64975e-10	-0.313442
9.65046e-10	-0.313238
9.65116e-10	-0.313032
9.65187e-10	-0.312826
9.65258e-10	-0.312619
9.65329e-10	-0.312412
9.654e-10	-0.312204
9.65471e-10	-0.311995
9.65542e-10	-0.311785
9.65613e-10	-0.311575
9.65684e-10	-0.311363
9.65755e-10	-0.311152
9.65826e-10	-0.310939
9.65897e-10	-0.310726
9.65968e-10	-0.310512
9.66039e-10	-0.310297
9.66109e-10	-0.310081
9.6618e-10	-0.309865
9.66251e-10	-0.309648
9.66322e-10	-0.309431
9.66393e-10	-0.309212
9.66464e-10	-0.308993
9.66535e-10	-0.308774
9.66606e-10	-0.308553
9.66677e-10	-0.308332
9.66748e-10	-0.30811
9.66819e-10	-0.307887
9.6689e-10	-0.307664
9.66961e-10	-0.30744
9.67032e-10	-0.307215
9.67102e-10	-0.30699
9.67173e-10	-0.306763
9.67244e-10	-0.306536
9.67315e-10	-0.306309
9.67386e-10	-0.30608
9.67457e-10	-0.305851
9.67528e-10	-0.305621
9.67599e-10	-0.305391
9.6767e-10	-0.30516
9.67741e-10	-0.304928
9.67812e-10	-0.304695
9.67883e-10	-0.304461
9.67954e-10	-0.304227
9.68025e-10	-0.303992
9.68095e-10	-0.303757
9.68166e-10	-0.303521
9.68237e-10	-0.303284
9.68308e-10	-0.303046
9.68379e-10	-0.302807
9.6845e-10	-0.302568
9.68521e-10	-0.302328
9.68592e-10	-0.302088
9.68663e-10	-0.301846
9.68734e-10	-0.301604
9.68805e-10	-0.301362
9.68876e-10	-0.301118
9.68947e-10	-0.300874
9.69018e-10	-0.300629
9.69088e-10	-0.300383
9.69159e-10	-0.300137
9.6923e-10	-0.29989
9.69301e-10	-0.299642
9.69372e-10	-0.299394
9.69443e-10	-0.299145
9.69514e-10	-0.298895
9.69585e-10	-0.298644
9.69656e-10	-0.298393
9.69727e-10	-0.298141
9.69798e-10	-0.297888
9.69869e-10	-0.297634
9.6994e-10	-0.29738
9.70011e-10	-0.297125
9.70081e-10	-0.296869
9.70152e-10	-0.296613
9.70223e-10	-0.296356
9.70294e-10	-0.296098
9.70365e-10	-0.29584
9.70436e-10	-0.29558
9.70507e-10	-0.29532
9.70578e-10	-0.29506
9.70649e-10	-0.294798
9.7072e-10	-0.294536
9.70791e-10	-0.294274
9.70862e-10	-0.29401
9.70933e-10	-0.293746
9.71004e-10	-0.293481
9.71074e-10	-0.293215
9.71145e-10	-0.292949
9.71216e-10	-0.292682
9.71287e-10	-0.292414
9.71358e-10	-0.292145
9.71429e-10	-0.291876
9.715e-10	-0.291606
9.71571e-10	-0.291336
9.71642e-10	-0.291064
9.71713e-10	-0.290792
9.71784e-10	-0.290519
9.71855e-10	-0.290246
9.71926e-10	-0.289972
9.71997e-10	-0.289697
9.72067e-10	-0.289421
9.72138e-10	-0.289145
9.72209e-10	-0.288868
9.7228e-10	-0.28859
9.72351e-10	-0.288311
9.72422e-10	-0.288032
9.72493e-10	-0.287752
9.72564e-10	-0.287472
9.72635e-10	-0.28719
9.72706e-10	-0.286908
9.72777e-10	-0.286625
9.72848e-10	-0.286342
9.72919e-10	-0.286058
9.72989e-10	-0.285773
9.7306e-10	-0.285487
9.73131e-10	-0.285201
9.73202e-10	-0.284914
9.73273e-10	-0.284626
9.73344e-10	-0.284338
9.73415e-10	-0.284049
9.73486e-10	-0.283759
9.73557e-10	-0.283468
9.73628e-10	-0.283177
9.73699e-10	-0.282885
9.7377e-10	-0.282592
9.73841e-10	-0.282299
9.73912e-10	-0.282005
9.73982e-10	-0.28171
9.74053e-10	-0.281415
9.74124e-10	-0.281118
9.74195e-10	-0.280821
9.74266e-10	-0.280524
9.74337e-10	-0.280225
9.74408e-10	-0.279926
9.74479e-10	-0.279627
9.7455e-10	-0.279326
9.74621e-10	-0.279025
9.74692e-10	-0.278723
9.74763e-10	-0.278421
9.74834e-10	-0.278117
9.74905e-10	-0.277813
9.74975e-10	-0.277509
9.75046e-10	-0.277203
9.75117e-10	-0.276897
9.75188e-10	-0.27659
9.75259e-10	-0.276283
9.7533e-10	-0.275975
9.75401e-10	-0.275666
9.75472e-10	-0.275356
9.75543e-10	-0.275046
9.75614e-10	-0.274735
9.75685e-10	-0.274423
9.75756e-10	-0.27411
9.75827e-10	-0.273797
9.75898e-10	-0.273484
9.75968e-10	-0.273169
9.76039e-10	-0.272854
9.7611e-10	-0.272538
9.76181e-10	-0.272221
9.76252e-10	-0.271904
9.76323e-10	-0.271586
9.76394e-10	-0.271267
9.76465e-10	-0.270948
9.76536e-10	-0.270627
9.76607e-10	-0.270307
9.76678e-10	-0.269985
9.76749e-10	-0.269663
9.7682e-10	-0.26934
9.76891e-10	-0.269016
9.76961e-10	-0.268692
9.77032e-10	-0.268367
9.77103e-10	-0.268041
9.77174e-10	-0.267715
9.77245e-10	-0.267388
9.77316e-10	-0.26706
9.77387e-10	-0.266731
9.77458e-10	-0.266402
9.77529e-10	-0.266072
9.776e-10	-0.265742
9.77671e-10	-0.26541
9.77742e-10	-0.265078
9.77813e-10	-0.264746
9.77884e-10	-0.264412
9.77954e-10	-0.264078
9.78025e-10	-0.263743
9.78096e-10	-0.263408
9.78167e-10	-0.263072
9.78238e-10	-0.262735
9.78309e-10	-0.262397
9.7838e-10	-0.262059
9.78451e-10	-0.26172
9.78522e-10	-0.261381
9.78593e-10	-0.26104
9.78664e-10	-0.260699
9.78735e-10	-0.260358
9.78806e-10	-0.260015
9.78877e-10	-0.259672
9.78947e-10	-0.259328
9.79018e-10	-0.258984
9.79089e-10	-0.258639
9.7916e-10	-0.258293
9.79231e-10	-0.257947
9.79302e-10	-0.257599
9.79373e-10	-0.257251
9.79444e-10	-0.256903
9.79515e-10	-0.256554
9.79586e-10	-0.256204
9.79657e-10	-0.255853
9.79728e-10	-0.255502
9.79799e-10	-0.25515
9.7987e-10	-0.254797
9.7994e-10	-0.254443
9.80011e-10	-0.254089
9.80082e-10	-0.253735
9.80153e-10	-0.253379
9.80224e-10	-0.253023
9.80295e-10	-0.252666
9.80366e-10	-0.252309
9.80437e-10	-0.251951
9.80508e-10	-0.251592
9.80579e-10	-0.251232
9.8065e-10	-0.250872
9.80721e-10	-0.250511
9.80792e-10	-0.250149
9.80862e-10	-0.249787
9.80933e-10	-0.249424
9.81004e-10	-0.249061
9.81075e-10	-0.248696
9.81146e-10	-0.248331
9.81217e-10	-0.247966
9.81288e-10	-0.247599
9.81359e-10	-0.247232
9.8143e-10	-0.246864
9.81501e-10	-0.246496
9.81572e-10	-0.246127
9.81643e-10	-0.245757
9.81714e-10	-0.245387
9.81785e-10	-0.245016
9.81855e-10	-0.244644
9.81926e-10	-0.244272
9.81997e-10	-0.243898
9.82068e-10	-0.243525
9.82139e-10	-0.24315
9.8221e-10	-0.242775
9.82281e-10	-0.242399
9.82352e-10	-0.242023
9.82423e-10	-0.241645
9.82494e-10	-0.241268
9.82565e-10	-0.240889
9.82636e-10	-0.24051
9.82707e-10	-0.24013
9.82778e-10	-0.23975
9.82848e-10	-0.239368
9.82919e-10	-0.238986
9.8299e-10	-0.238604
9.83061e-10	-0.238221
9.83132e-10	-0.237837
9.83203e-10	-0.237452
9.83274e-10	-0.237067
9.83345e-10	-0.236681
9.83416e-10	-0.236295
9.83487e-10	-0.235907
9.83558e-10	-0.235519
9.83629e-10	-0.235131
9.837e-10	-0.234742
9.83771e-10	-0.234352
9.83841e-10	-0.233961
9.83912e-10	-0.23357
9.83983e-10	-0.233178
9.84054e-10	-0.232786
9.84125e-10	-0.232392
9.84196e-10	-0.231998
9.84267e-10	-0.231604
9.84338e-10	-0.231209
9.84409e-10	-0.230813
9.8448e-10	-0.230416
9.84551e-10	-0.230019
9.84622e-10	-0.229621
9.84693e-10	-0.229223
9.84764e-10	-0.228824
9.84834e-10	-0.228424
9.84905e-10	-0.228023
9.84976e-10	-0.227622
9.85047e-10	-0.22722
9.85118e-10	-0.226818
9.85189e-10	-0.226415
9.8526e-10	-0.226011
9.85331e-10	-0.225607
9.85402e-10	-0.225201
9.85473e-10	-0.224796
9.85544e-10	-0.224389
9.85615e-10	-0.223982
9.85686e-10	-0.223575
9.85757e-10	-0.223166
9.85827e-10	-0.222757
9.85898e-10	-0.222347
9.85969e-10	-0.221937
9.8604e-10	-0.221526
9.86111e-10	-0.221115
9.86182e-10	-0.220702
9.86253e-10	-0.220289
9.86324e-10	-0.219876
9.86395e-10	-0.219462
9.86466e-10	-0.219047
9.86537e-10	-0.218631
9.86608e-10	-0.218215
9.86679e-10	-0.217798
9.8675e-10	-0.217381
9.8682e-10	-0.216963
9.86891e-10	-0.216544
9.86962e-10	-0.216125
9.87033e-10	-0.215704
9.87104e-10	-0.215284
9.87175e-10	-0.214862
9.87246e-10	-0.21444
9.87317e-10	-0.214018
9.87388e-10	-0.213595
9.87459e-10	-0.213171
9.8753e-10	-0.212746
9.87601e-10	-0.212321
9.87672e-10	-0.211895
9.87743e-10	-0.211469
9.87813e-10	-0.211042
9.87884e-10	-0.210614
9.87955e-10	-0.210185
9.88026e-10	-0.209756
9.88097e-10	-0.209327
9.88168e-10	-0.208896
9.88239e-10	-0.208465
9.8831e-10	-0.208034
9.88381e-10	-0.207602
9.88452e-10	-0.207169
9.88523e-10	-0.206735
9.88594e-10	-0.206301
9.88665e-10	-0.205866
9.88735e-10	-0.205431
9.88806e-10	-0.204995
9.88877e-10	-0.204558
9.88948e-10	-0.204121
9.89019e-10	-0.203683
9.8909e-10	-0.203245
9.89161e-10	-0.202806
9.89232e-10	-0.202366
9.89303e-10	-0.201925
9.89374e-10	-0.201484
9.89445e-10	-0.201043
9.89516e-10	-0.2006
9.89587e-10	-0.200157
9.89658e-10	-0.199714
9.89728e-10	-0.19927
9.89799e-10	-0.198825
9.8987e-10	-0.198379
9.89941e-10	-0.197933
9.90012e-10	-0.197487
9.90083e-10	-0.197039
9.90154e-10	-0.196591
9.90225e-10	-0.196143
9.90296e-10	-0.195694
9.90367e-10	-0.195244
9.90438e-10	-0.194793
9.90509e-10	-0.194342
9.9058e-10	-0.193891
9.90651e-10	-0.193439
9.90721e-10	-0.192986
9.90792e-10	-0.192532
9.90863e-10	-0.192078
9.90934e-10	-0.191623
9.91005e-10	-0.191168
9.91076e-10	-0.190712
9.91147e-10	-0.190255
9.91218e-10	-0.189798
9.91289e-10	-0.18934
9.9136e-10	-0.188882
9.91431e-10	-0.188423
9.91502e-10	-0.187963
9.91573e-10	-0.187503
9.91644e-10	-0.187042
9.91714e-10	-0.186581
9.91785e-10	-0.186119
9.91856e-10	-0.185656
9.91927e-10	-0.185193
9.91998e-10	-0.184729
9.92069e-10	-0.184264
9.9214e-10	-0.183799
9.92211e-10	-0.183333
9.92282e-10	-0.182867
9.92353e-10	-0.1824
9.92424e-10	-0.181933
9.92495e-10	-0.181464
9.92566e-10	-0.180996
9.92637e-10	-0.180526
9.92707e-10	-0.180056
9.92778e-10	-0.179586
9.92849e-10	-0.179115
9.9292e-10	-0.178643
9.92991e-10	-0.178171
9.93062e-10	-0.177698
9.93133e-10	-0.177224
9.93204e-10	-0.17675
9.93275e-10	-0.176275
9.93346e-10	-0.1758
9.93417e-10	-0.175324
9.93488e-10	-0.174848
9.93559e-10	-0.17437
9.9363e-10	-0.173893
9.937e-10	-0.173414
9.93771e-10	-0.172936
9.93842e-10	-0.172456
9.93913e-10	-0.171976
9.93984e-10	-0.171495
9.94055e-10	-0.171014
9.94126e-10	-0.170532
9.94197e-10	-0.17005
9.94268e-10	-0.169567
9.94339e-10	-0.169083
9.9441e-10	-0.168599
9.94481e-10	-0.168114
9.94552e-10	-0.167629
9.94623e-10	-0.167143
9.94693e-10	-0.166656
9.94764e-10	-0.166169
9.94835e-10	-0.165682
9.94906e-10	-0.165193
9.94977e-10	-0.164705
9.95048e-10	-0.164215
9.95119e-10	-0.163725
9.9519e-10	-0.163235
9.95261e-10	-0.162743
9.95332e-10	-0.162252
9.95403e-10	-0.161759
9.95474e-10	-0.161266
9.95545e-10	-0.160773
9.95616e-10	-0.160279
9.95686e-10	-0.159784
9.95757e-10	-0.159289
9.95828e-10	-0.158793
9.95899e-10	-0.158297
9.9597e-10	-0.1578
9.96041e-10	-0.157303
9.96112e-10	-0.156805
9.96183e-10	-0.156306
9.96254e-10	-0.155807
9.96325e-10	-0.155307
9.96396e-10	-0.154807
9.96467e-10	-0.154306
9.96538e-10	-0.153804
9.96608e-10	-0.153302
9.96679e-10	-0.1528
9.9675e-10	-0.152296
9.96821e-10	-0.151793
9.96892e-10	-0.151289
9.96963e-10	-0.150784
9.97034e-10	-0.150278
9.97105e-10	-0.149772
9.97176e-10	-0.149266
9.97247e-10	-0.148759
9.97318e-10	-0.148251
9.97389e-10	-0.147743
9.9746e-10	-0.147234
9.97531e-10	-0.146725
9.97601e-10	-0.146215
9.97672e-10	-0.145705
9.97743e-10	-0.145194
9.97814e-10	-0.144682
9.97885e-10	-0.14417
9.97956e-10	-0.143657
9.98027e-10	-0.143144
9.98098e-10	-0.14263
9.98169e-10	-0.142116
9.9824e-10	-0.141601
9.98311e-10	-0.141086
9.98382e-10	-0.14057
9.98453e-10	-0.140054
9.98524e-10	-0.139537
9.98594e-10	-0.139019
9.98665e-10	-0.138501
9.98736e-10	-0.137982
9.98807e-10	-0.137463
9.98878e-10	-0.136943
9.98949e-10	-0.136423
9.9902e-10	-0.135902
9.99091e-10	-0.135381
9.99162e-10	-0.134859
9.99233e-10	-0.134337
9.99304e-10	-0.133814
9.99375e-10	-0.13329
9.99446e-10	-0.132766
9.99517e-10	-0.132242
9.99587e-10	-0.131716
9.99658e-10	-0.131191
9.99729e-10	-0.130665
9.998e-10	-0.130138
9.99871e-10	-0.129611
9.99942e-10	-0.129083
1.00001e-09	-0.128555
1.00008e-09	-0.128026
1.00015e-09	-0.127496
1.00023e-09	-0.126966
1.0003e-09	-0.126436
1.00037e-09	-0.125905
1.00044e-09	-0.125374
1.00051e-09	-0.124842
1.00058e-09	-0.124309
1.00065e-09	-0.123776
1.00072e-09	-0.123243
1.00079e-09	-0.122708
1.00086e-09	-0.122174
1.00094e-09	-0.121639
1.00101e-09	-0.121103
1.00108e-09	-0.120567
1.00115e-09	-0.12003
1.00122e-09	-0.119493
1.00129e-09	-0.118955
1.00136e-09	-0.118417
1.00143e-09	-0.117878
1.0015e-09	-0.117339
1.00157e-09	-0.116799
1.00164e-09	-0.116259
1.00172e-09	-0.115718
1.00179e-09	-0.115177
1.00186e-09	-0.114635
1.00193e-09	-0.114093
1.002e-09	-0.11355
1.00207e-09	-0.113007
1.00214e-09	-0.112463
1.00221e-09	-0.111919
1.00228e-09	-0.111374
1.00235e-09	-0.110828
1.00242e-09	-0.110283
1.0025e-09	-0.109736
1.00257e-09	-0.109189
1.00264e-09	-0.108642
1.00271e-09	-0.108094
1.00278e-09	-0.107546
1.00285e-09	-0.106997
1.00292e-09	-0.106448
1.00299e-09	-0.105898
1.00306e-09	-0.105347
1.00313e-09	-0.104797
1.0032e-09	-0.104245
1.00328e-09	-0.103693
1.00335e-09	-0.103141
1.00342e-09	-0.102588
1.00349e-09	-0.102035
1.00356e-09	-0.101481
1.00363e-09	-0.100927
1.0037e-09	-0.100372
1.00377e-09	-0.0998169
1.00384e-09	-0.0992611
1.00391e-09	-0.0987049
1.00399e-09	-0.0981482
1.00406e-09	-0.097591
1.00413e-09	-0.0970333
1.0042e-09	-0.0964752
1.00427e-09	-0.0959166
1.00434e-09	-0.0953574
1.00441e-09	-0.0947978
1.00448e-09	-0.0942378
1.00455e-09	-0.0936772
1.00462e-09	-0.0931162
1.00469e-09	-0.0925547
1.00477e-09	-0.0919927
1.00484e-09	-0.0914302
1.00491e-09	-0.0908673
1.00498e-09	-0.0903039
1.00505e-09	-0.08974
1.00512e-09	-0.0891757
1.00519e-09	-0.0886109
1.00526e-09	-0.0880456
1.00533e-09	-0.0874799
1.0054e-09	-0.0869136
1.00547e-09	-0.086347
1.00555e-09	-0.0857798
1.00562e-09	-0.0852122
1.00569e-09	-0.0846441
1.00576e-09	-0.0840756
1.00583e-09	-0.0835066
1.0059e-09	-0.0829371
1.00597e-09	-0.0823672
1.00604e-09	-0.0817968
1.00611e-09	-0.081226
1.00618e-09	-0.0806547
1.00625e-09	-0.0800829
1.00633e-09	-0.0795107
1.0064e-09	-0.0789381
1.00647e-09	-0.0783649
1.00654e-09	-0.0777914
1.00661e-09	-0.0772173
1.00668e-09	-0.0766429
1.00675e-09	-0.0760679
1.00682e-09	-0.0754926
1.00689e-09	-0.0749167
1.00696e-09	-0.0743405
1.00703e-09	-0.0737638
1.00711e-09	-0.0731866
1.00718e-09	-0.072609
1.00725e-09	-0.0720309
1.00732e-09	-0.0714524
1.00739e-09	-0.0708735
1.00746e-09	-0.0702941
1.00753e-09	-0.0697143
1.0076e-09	-0.0691341
1.00767e-09	-0.0685534
1.00774e-09	-0.0679722
1.00782e-09	-0.0673907
1.00789e-09	-0.0668087
1.00796e-09	-0.0662262
1.00803e-09	-0.0656434
1.0081e-09	-0.06506
1.00817e-09	-0.0644763
1.00824e-09	-0.0638921
1.00831e-09	-0.0633075
1.00838e-09	-0.0627225
1.00845e-09	-0.0621371
1.00852e-09	-0.0615512
1.0086e-09	-0.0609649
1.00867e-09	-0.0603781
1.00874e-09	-0.059791
1.00881e-09	-0.0592034
1.00888e-09	-0.0586154
1.00895e-09	-0.058027
1.00902e-09	-0.0574381
1.00909e-09	-0.0568489
1.00916e-09	-0.0562592
1.00923e-09	-0.0556691
1.0093e-09	-0.0550786
1.00938e-09	-0.0544876
1.00945e-09	-0.0538963
1.00952e-09	-0.0533045
1.00959e-09	-0.0527123
1.00966e-09	-0.0521198
1.00973e-09	-0.0515268
1.0098e-09	-0.0509333
1.00987e-09	-0.0503395
1.00994e-09	-0.0497453
1.01001e-09	-0.0491507
1.01008e-09	-0.0485556
1.01016e-09	-0.0479602
1.01023e-09	-0.0473644
1.0103e-09	-0.0467681
1.01037e-09	-0.0461714
1.01044e-09	-0.0455744
1.01051e-09	-0.0449769
1.01058e-09	-0.0443791
1.01065e-09	-0.0437808
1.01072e-09	-0.0431822
1.01079e-09	-0.0425831
1.01087e-09	-0.0419837
1.01094e-09	-0.0413839
1.01101e-09	-0.0407836
1.01108e-09	-0.040183
1.01115e-09	-0.039582
1.01122e-09	-0.0389806
1.01129e-09	-0.0383788
1.01136e-09	-0.0377766
1.01143e-09	-0.0371741
1.0115e-09	-0.0365711
1.01157e-09	-0.0359678
1.01165e-09	-0.035364
1.01172e-09	-0.0347599
1.01179e-09	-0.0341554
1.01186e-09	-0.0335506
1.01193e-09	-0.0329453
1.012e-09	-0.0323397
1.01207e-09	-0.0317337
1.01214e-09	-0.0311273
1.01221e-09	-0.0305205
1.01228e-09	-0.0299134
1.01235e-09	-0.0293059
1.01243e-09	-0.028698
1.0125e-09	-0.0280897
1.01257e-09	-0.0274811
1.01264e-09	-0.0268721
1.01271e-09	-0.0262627
1.01278e-09	-0.025653
1.01285e-09	-0.0250429
1.01292e-09	-0.0244324
1.01299e-09	-0.0238216
1.01306e-09	-0.0232104
1.01313e-09	-0.0225988
1.01321e-09	-0.0219869
1.01328e-09	-0.0213746
1.01335e-09	-0.020762
1.01342e-09	-0.020149
1.01349e-09	-0.0195356
1.01356e-09	-0.0189219
1.01363e-09	-0.0183078
1.0137e-09	-0.0176934
1.01377e-09	-0.0170786
1.01384e-09	-0.0164634
1.01391e-09	-0.0158479
1.01399e-09	-0.0152321
1.01406e-09	-0.0146159
1.01413e-09	-0.0139994
1.0142e-09	-0.0133825
1.01427e-09	-0.0127653
1.01434e-09	-0.0121477
1.01441e-09	-0.0115298
1.01448e-09	-0.0109115
1.01455e-09	-0.0102929
1.01462e-09	-0.00967393
1.0147e-09	-0.00905463
1.01477e-09	-0.008435
1.01484e-09	-0.00781504
1.01491e-09	-0.00719473
1.01498e-09	-0.00657409
1.01505e-09	-0.00595311
1.01512e-09	-0.0053318
1.01519e-09	-0.00471016
1.01526e-09	-0.00408819
1.01533e-09	-0.00346588
1.0154e-09	-0.00284324
1.01548e-09	-0.00222028
1.01555e-09	-0.00159699
1.01562e-09	-0.000973371
1.01569e-09	-0.000349427
1.01576e-09	0.00027484
1.01583e-09	0.000899431
1.0159e-09	0.00152434
1.01597e-09	0.00214958
1.01604e-09	0.00277513
1.01611e-09	0.00340101
1.01618e-09	0.0040272
1.01626e-09	0.0046537
1.01633e-09	0.00528053
1.0164e-09	0.00590767
1.01647e-09	0.00653512
1.01654e-09	0.00716288
1.01661e-09	0.00779096
1.01668e-09	0.00841934
1.01675e-09	0.00904804
1.01682e-09	0.00967704
1.01689e-09	0.0103064
1.01696e-09	0.010936
1.01704e-09	0.0115659
1.01711e-09	0.0121961
1.01718e-09	0.0128266
1.01725e-09	0.0134575
1.01732e-09	0.0140886
1.01739e-09	0.01472
1.01746e-09	0.0153518
1.01753e-09	0.0159838
1.0176e-09	0.0166161
1.01767e-09	0.0172487
1.01775e-09	0.0178816
1.01782e-09	0.0185148
1.01789e-09	0.0191483
1.01796e-09	0.0197821
1.01803e-09	0.0204162
1.0181e-09	0.0210505
1.01817e-09	0.0216852
1.01824e-09	0.0223201
1.01831e-09	0.0229553
1.01838e-09	0.0235908
1.01845e-09	0.0242266
1.01853e-09	0.0248627
1.0186e-09	0.025499
1.01867e-09	0.0261357
1.01874e-09	0.0267726
1.01881e-09	0.0274098
1.01888e-09	0.0280472
1.01895e-09	0.0286849
1.01902e-09	0.029323
1.01909e-09	0.0299612
1.01916e-09	0.0305998
1.01923e-09	0.0312386
1.01931e-09	0.0318777
1.01938e-09	0.0325171
1.01945e-09	0.0331567
1.01952e-09	0.0337966
1.01959e-09	0.0344367
1.01966e-09	0.0350772
1.01973e-09	0.0357178
1.0198e-09	0.0363588
1.01987e-09	0.037
1.01994e-09	0.0376415
1.02001e-09	0.0382832
1.02009e-09	0.0389252
1.02016e-09	0.0395674
1.02023e-09	0.0402099
1.0203e-09	0.0408526
1.02037e-09	0.0414956
1.02044e-09	0.0421389
1.02051e-09	0.0427824
1.02058e-09	0.0434261
1.02065e-09	0.0440701
1.02072e-09	0.0447143
1.02079e-09	0.0453588
1.02087e-09	0.0460035
1.02094e-09	0.0466485
1.02101e-09	0.0472937
1.02108e-09	0.0479392
1.02115e-09	0.0485849
1.02122e-09	0.0492308
1.02129e-09	0.049877
1.02136e-09	0.0505234
1.02143e-09	0.05117
1.0215e-09	0.0518169
1.02158e-09	0.052464
1.02165e-09	0.0531113
1.02172e-09	0.0537589
1.02179e-09	0.0544067
1.02186e-09	0.0550547
1.02193e-09	0.055703
1.022e-09	0.0563514
1.02207e-09	0.0570001
1.02214e-09	0.0576491
1.02221e-09	0.0582982
1.02228e-09	0.0589476
1.02236e-09	0.0595972
1.02243e-09	0.060247
1.0225e-09	0.060897
1.02257e-09	0.0615472
1.02264e-09	0.0621977
1.02271e-09	0.0628483
1.02278e-09	0.0634992
1.02285e-09	0.0641503
1.02292e-09	0.0648016
1.02299e-09	0.0654531
1.02306e-09	0.0661048
1.02314e-09	0.0667568
1.02321e-09	0.0674089
1.02328e-09	0.0680612
1.02335e-09	0.0687138
1.02342e-09	0.0693665
1.02349e-09	0.0700194
1.02356e-09	0.0706726
1.02363e-09	0.0713259
1.0237e-09	0.0719794
1.02377e-09	0.0726332
1.02384e-09	0.0732871
1.02392e-09	0.0739412
1.02399e-09	0.0745955
1.02406e-09	0.07525
1.02413e-09	0.0759047
1.0242e-09	0.0765596
1.02427e-09	0.0772147
1.02434e-09	0.0778699
1.02441e-09	0.0785254
1.02448e-09	0.079181
1.02455e-09	0.0798368
1.02463e-09	0.0804928
1.0247e-09	0.081149
1.02477e-09	0.0818053
1.02484e-09	0.0824618
1.02491e-09	0.0831185
1.02498e-09	0.0837754
1.02505e-09	0.0844325
1.02512e-09	0.0850897
1.02519e-09	0.0857471
1.02526e-09	0.0864047
1.02533e-09	0.0870624
1.02541e-09	0.0877203
1.02548e-09	0.0883784
1.02555e-09	0.0890366
1.02562e-09	0.089695
1.02569e-09	0.0903536
1.02576e-09	0.0910123
1.02583e-09	0.0916712
1.0259e-09	0.0923303
1.02597e-09	0.0929895
1.02604e-09	0.0936488
1.02611e-09	0.0943083
1.02619e-09	0.094968
1.02626e-09	0.0956279
1.02633e-09	0.0962878
1.0264e-09	0.096948
1.02647e-09	0.0976082
1.02654e-09	0.0982687
1.02661e-09	0.0989293
1.02668e-09	0.09959
1.02675e-09	0.100251
1.02682e-09	0.100912
1.02689e-09	0.101573
1.02697e-09	0.102234
1.02704e-09	0.102896
1.02711e-09	0.103557
1.02718e-09	0.104219
1.02725e-09	0.104881
1.02732e-09	0.105543
1.02739e-09	0.106205
1.02746e-09	0.106867
1.02753e-09	0.10753
1.0276e-09	0.108192
1.02767e-09	0.108855
1.02775e-09	0.109518
1.02782e-09	0.11018
1.02789e-09	0.110843
1.02796e-09	0.111507
1.02803e-09	0.11217
1.0281e-09	0.112833
1.02817e-09	0.113497
1.02824e-09	0.11416
1.02831e-09	0.114824
1.02838e-09	0.115488
1.02846e-09	0.116152
1.02853e-09	0.116816
1.0286e-09	0.11748
1.02867e-09	0.118145
1.02874e-09	0.118809
1.02881e-09	0.119473
1.02888e-09	0.120138
1.02895e-09	0.120803
1.02902e-09	0.121468
1.02909e-09	0.122133
1.02916e-09	0.122798
1.02924e-09	0.123463
1.02931e-09	0.124128
1.02938e-09	0.124793
1.02945e-09	0.125459
1.02952e-09	0.126124
1.02959e-09	0.12679
1.02966e-09	0.127456
1.02973e-09	0.128122
1.0298e-09	0.128788
1.02987e-09	0.129454
1.02994e-09	0.13012
1.03002e-09	0.130786
1.03009e-09	0.131452
1.03016e-09	0.132119
1.03023e-09	0.132785
1.0303e-09	0.133451
1.03037e-09	0.134118
1.03044e-09	0.134785
1.03051e-09	0.135452
1.03058e-09	0.136118
1.03065e-09	0.136785
1.03072e-09	0.137452
1.0308e-09	0.138119
1.03087e-09	0.138786
1.03094e-09	0.139454
1.03101e-09	0.140121
1.03108e-09	0.140788
1.03115e-09	0.141456
1.03122e-09	0.142123
1.03129e-09	0.142791
1.03136e-09	0.143458
1.03143e-09	0.144126
1.03151e-09	0.144794
1.03158e-09	0.145461
1.03165e-09	0.146129
1.03172e-09	0.146797
1.03179e-09	0.147465
1.03186e-09	0.148133
1.03193e-09	0.148801
1.032e-09	0.149469
1.03207e-09	0.150137
1.03214e-09	0.150806
1.03221e-09	0.151474
1.03229e-09	0.152142
1.03236e-09	0.15281
1.03243e-09	0.153479
1.0325e-09	0.154147
1.03257e-09	0.154816
1.03264e-09	0.155484
1.03271e-09	0.156153
1.03278e-09	0.156821
1.03285e-09	0.15749
1.03292e-09	0.158159
1.03299e-09	0.158827
1.03307e-09	0.159496
1.03314e-09	0.160165
1.03321e-09	0.160834
1.03328e-09	0.161502
1.03335e-09	0.162171
1.03342e-09	0.16284
1.03349e-09	0.163509
1.03356e-09	0.164178
1.03363e-09	0.164847
1.0337e-09	0.165516
1.03377e-09	0.166185
1.03385e-09	0.166854
1.03392e-09	0.167523
1.03399e-09	0.168192
1.03406e-09	0.168861
1.03413e-09	0.16953
1.0342e-09	0.170199
1.03427e-09	0.170868
1.03434e-09	0.171537
1.03441e-09	0.172206
1.03448e-09	0.172875
1.03455e-09	0.173544
1.03463e-09	0.174213
1.0347e-09	0.174882
1.03477e-09	0.175551
1.03484e-09	0.17622
1.03491e-09	0.176889
1.03498e-09	0.177559
1.03505e-09	0.178228
1.03512e-09	0.178897
1.03519e-09	0.179566
1.03526e-09	0.180235
1.03534e-09	0.180904
1.03541e-09	0.181573
1.03548e-09	0.182242
1.03555e-09	0.182911
1.03562e-09	0.18358
1.03569e-09	0.184249
1.03576e-09	0.184918
1.03583e-09	0.185587
1.0359e-09	0.186256
1.03597e-09	0.186924
1.03604e-09	0.187593
1.03612e-09	0.188262
1.03619e-09	0.188931
1.03626e-09	0.1896
1.03633e-09	0.190268
1.0364e-09	0.190937
1.03647e-09	0.191606
1.03654e-09	0.192274
1.03661e-09	0.192943
1.03668e-09	0.193612
1.03675e-09	0.19428
1.03682e-09	0.194949
1.0369e-09	0.195617
1.03697e-09	0.196286
1.03704e-09	0.196954
1.03711e-09	0.197622
1.03718e-09	0.198291
1.03725e-09	0.198959
1.03732e-09	0.199627
1.03739e-09	0.200295
1.03746e-09	0.200963
1.03753e-09	0.201631
1.0376e-09	0.202299
1.03768e-09	0.202967
1.03775e-09	0.203635
1.03782e-09	0.204303
1.03789e-09	0.204971
1.03796e-09	0.205639
1.03803e-09	0.206306
1.0381e-09	0.206974
1.03817e-09	0.207641
1.03824e-09	0.208309
1.03831e-09	0.208976
1.03839e-09	0.209643
1.03846e-09	0.210311
1.03853e-09	0.210978
1.0386e-09	0.211645
1.03867e-09	0.212312
1.03874e-09	0.212979
1.03881e-09	0.213646
1.03888e-09	0.214313
1.03895e-09	0.214979
1.03902e-09	0.215646
1.03909e-09	0.216313
1.03917e-09	0.216979
1.03924e-09	0.217646
1.03931e-09	0.218312
1.03938e-09	0.218978
1.03945e-09	0.219644
1.03952e-09	0.22031
1.03959e-09	0.220976
1.03966e-09	0.221642
1.03973e-09	0.222308
1.0398e-09	0.222974
1.03987e-09	0.223639
1.03995e-09	0.224305
1.04002e-09	0.22497
1.04009e-09	0.225635
1.04016e-09	0.2263
1.04023e-09	0.226966
1.0403e-09	0.227631
1.04037e-09	0.228295
1.04044e-09	0.22896
1.04051e-09	0.229625
1.04058e-09	0.230289
1.04065e-09	0.230954
1.04073e-09	0.231618
1.0408e-09	0.232282
1.04087e-09	0.232946
1.04094e-09	0.23361
1.04101e-09	0.234274
1.04108e-09	0.234938
1.04115e-09	0.235602
1.04122e-09	0.236265
1.04129e-09	0.236928
1.04136e-09	0.237592
1.04143e-09	0.238255
1.04151e-09	0.238918
1.04158e-09	0.239581
1.04165e-09	0.240243
1.04172e-09	0.240906
1.04179e-09	0.241568
1.04186e-09	0.242231
1.04193e-09	0.242893
1.042e-09	0.243555
1.04207e-09	0.244217
1.04214e-09	0.244879
1.04222e-09	0.24554
1.04229e-09	0.246202
1.04236e-09	0.246863
1.04243e-09	0.247524
1.0425e-09	0.248185
1.04257e-09	0.248846
1.04264e-09	0.249507
1.04271e-09	0.250168
1.04278e-09	0.250828
1.04285e-09	0.251488
1.04292e-09	0.252148
1.043e-09	0.252808
1.04307e-09	0.253468
1.04314e-09	0.254128
1.04321e-09	0.254787
1.04328e-09	0.255447
1.04335e-09	0.256106
1.04342e-09	0.256765
1.04349e-09	0.257424
1.04356e-09	0.258082
1.04363e-09	0.258741
1.0437e-09	0.259399
1.04378e-09	0.260058
1.04385e-09	0.260716
1.04392e-09	0.261373
1.04399e-09	0.262031
1.04406e-09	0.262688
1.04413e-09	0.263346
1.0442e-09	0.264003
1.04427e-09	0.26466
1.04434e-09	0.265316
1.04441e-09	0.265973
1.04448e-09	0.266629
1.04456e-09	0.267286
1.04463e-09	0.267942
1.0447e-09	0.268597
1.04477e-09	0.269253
1.04484e-09	0.269908
1.04491e-09	0.270564
1.04498e-09	0.271219
1.04505e-09	0.271874
1.04512e-09	0.272528
1.04519e-09	0.273183
1.04527e-09	0.273837
1.04534e-09	0.274491
1.04541e-09	0.275145
1.04548e-09	0.275798
1.04555e-09	0.276452
1.04562e-09	0.277105
1.04569e-09	0.277758
1.04576e-09	0.278411
1.04583e-09	0.279063
1.0459e-09	0.279716
1.04597e-09	0.280368
1.04605e-09	0.28102
1.04612e-09	0.281672
1.04619e-09	0.282323
1.04626e-09	0.282974
1.04633e-09	0.283625
1.0464e-09	0.284276
1.04647e-09	0.284927
1.04654e-09	0.285577
1.04661e-09	0.286227
1.04668e-09	0.286877
1.04675e-09	0.287527
1.04683e-09	0.288177
1.0469e-09	0.288826
1.04697e-09	0.289475
1.04704e-09	0.290124
1.04711e-09	0.290772
1.04718e-09	0.29142
1.04725e-09	0.292068
1.04732e-09	0.292716
1.04739e-09	0.293364
1.04746e-09	0.294011
1.04753e-09	0.294658
1.04761e-09	0.295305
1.04768e-09	0.295952
1.04775e-09	0.296598
1.04782e-09	0.297244
1.04789e-09	0.29789
1.04796e-09	0.298535
1.04803e-09	0.299181
1.0481e-09	0.299826
1.04817e-09	0.300471
1.04824e-09	0.301115
1.04831e-09	0.301759
1.04839e-09	0.302403
1.04846e-09	0.303047
1.04853e-09	0.303691
1.0486e-09	0.304334
1.04867e-09	0.304977
1.04874e-09	0.30562
1.04881e-09	0.306262
1.04888e-09	0.306904
1.04895e-09	0.307546
1.04902e-09	0.308188
1.0491e-09	0.308829
1.04917e-09	0.30947
1.04924e-09	0.310111
1.04931e-09	0.310751
1.04938e-09	0.311392
1.04945e-09	0.312031
1.04952e-09	0.312671
1.04959e-09	0.31331
1.04966e-09	0.313949
1.04973e-09	0.314588
1.0498e-09	0.315227
1.04988e-09	0.315865
1.04995e-09	0.316503
1.05002e-09	0.31714
1.05009e-09	0.317778
1.05016e-09	0.318415
1.05023e-09	0.319052
1.0503e-09	0.319688
1.05037e-09	0.320324
1.05044e-09	0.32096
1.05051e-09	0.321595
1.05058e-09	0.322231
1.05066e-09	0.322866
1.05073e-09	0.3235
1.0508e-09	0.324134
1.05087e-09	0.324768
1.05094e-09	0.325402
1.05101e-09	0.326035
1.05108e-09	0.326668
1.05115e-09	0.327301
1.05122e-09	0.327934
1.05129e-09	0.328566
1.05136e-09	0.329197
1.05144e-09	0.329829
1.05151e-09	0.33046
1.05158e-09	0.331091
1.05165e-09	0.331721
1.05172e-09	0.332351
1.05179e-09	0.332981
1.05186e-09	0.333611
1.05193e-09	0.33424
1.052e-09	0.334869
1.05207e-09	0.335497
1.05215e-09	0.336125
1.05222e-09	0.336753
1.05229e-09	0.337381
1.05236e-09	0.338008
1.05243e-09	0.338634
1.0525e-09	0.339261
1.05257e-09	0.339887
1.05264e-09	0.340513
1.05271e-09	0.341138
1.05278e-09	0.341763
1.05285e-09	0.342388
1.05293e-09	0.343012
1.053e-09	0.343636
1.05307e-09	0.34426
1.05314e-09	0.344883
1.05321e-09	0.345506
1.05328e-09	0.346129
1.05335e-09	0.346751
1.05342e-09	0.347373
1.05349e-09	0.347994
1.05356e-09	0.348615
1.05363e-09	0.349236
1.05371e-09	0.349857
1.05378e-09	0.350477
1.05385e-09	0.351096
1.05392e-09	0.351716
1.05399e-09	0.352334
1.05406e-09	0.352953
1.05413e-09	0.353571
1.0542e-09	0.354189
1.05427e-09	0.354806
1.05434e-09	0.355423
1.05441e-09	0.35604
1.05449e-09	0.356656
1.05456e-09	0.357272
1.05463e-09	0.357888
1.0547e-09	0.358503
1.05477e-09	0.359118
1.05484e-09	0.359732
1.05491e-09	0.360346
1.05498e-09	0.36096
1.05505e-09	0.361573
1.05512e-09	0.362185
1.05519e-09	0.362798
1.05527e-09	0.36341
1.05534e-09	0.364021
1.05541e-09	0.364633
1.05548e-09	0.365243
1.05555e-09	0.365854
1.05562e-09	0.366464
1.05569e-09	0.367073
1.05576e-09	0.367683
1.05583e-09	0.368291
1.0559e-09	0.3689
1.05598e-09	0.369508
1.05605e-09	0.370115
1.05612e-09	0.370722
1.05619e-09	0.371329
1.05626e-09	0.371935
1.05633e-09	0.372541
1.0564e-09	0.373146
1.05647e-09	0.373751
1.05654e-09	0.374356
1.05661e-09	0.37496
1.05668e-09	0.375564
1.05676e-09	0.376167
1.05683e-09	0.37677
1.0569e-09	0.377373
1.05697e-09	0.377975
1.05704e-09	0.378576
1.05711e-09	0.379178
1.05718e-09	0.379778
1.05725e-09	0.380379
1.05732e-09	0.380978
1.05739e-09	0.381578
1.05746e-09	0.382177
1.05754e-09	0.382775
1.05761e-09	0.383373
1.05768e-09	0.383971
1.05775e-09	0.384568
1.05782e-09	0.385165
1.05789e-09	0.385761
1.05796e-09	0.386357
1.05803e-09	0.386953
1.0581e-09	0.387548
1.05817e-09	0.388142
1.05824e-09	0.388736
1.05832e-09	0.38933
1.05839e-09	0.389923
1.05846e-09	0.390516
1.05853e-09	0.391108
1.0586e-09	0.3917
1.05867e-09	0.392291
1.05874e-09	0.392882
1.05881e-09	0.393472
1.05888e-09	0.394062
1.05895e-09	0.394652
1.05903e-09	0.39524
1.0591e-09	0.395829
1.05917e-09	0.396417
1.05924e-09	0.397005
1.05931e-09	0.397592
1.05938e-09	0.398178
1.05945e-09	0.398764
1.05952e-09	0.39935
1.05959e-09	0.399935
1.05966e-09	0.40052
1.05973e-09	0.401104
1.05981e-09	0.401688
1.05988e-09	0.402271
1.05995e-09	0.402853
1.06002e-09	0.403436
1.06009e-09	0.404017
1.06016e-09	0.404599
1.06023e-09	0.405179
1.0603e-09	0.40576
1.06037e-09	0.406339
1.06044e-09	0.406919
1.06051e-09	0.407498
1.06059e-09	0.408076
1.06066e-09	0.408654
1.06073e-09	0.409231
1.0608e-09	0.409808
1.06087e-09	0.410384
1.06094e-09	0.41096
1.06101e-09	0.411535
1.06108e-09	0.412109
1.06115e-09	0.412684
1.06122e-09	0.413257
1.06129e-09	0.413831
1.06137e-09	0.414403
1.06144e-09	0.414975
1.06151e-09	0.415547
1.06158e-09	0.416118
1.06165e-09	0.416689
1.06172e-09	0.417259
1.06179e-09	0.417828
1.06186e-09	0.418397
1.06193e-09	0.418966
1.062e-09	0.419534
1.06207e-09	0.420101
1.06215e-09	0.420668
1.06222e-09	0.421235
1.06229e-09	0.4218
1.06236e-09	0.422366
1.06243e-09	0.422931
1.0625e-09	0.423495
1.06257e-09	0.424058
1.06264e-09	0.424622
1.06271e-09	0.425184
1.06278e-09	0.425746
1.06286e-09	0.426308
1.06293e-09	0.426869
1.063e-09	0.427429
1.06307e-09	0.427989
1.06314e-09	0.428549
1.06321e-09	0.429107
1.06328e-09	0.429666
1.06335e-09	0.430223
1.06342e-09	0.43078
1.06349e-09	0.431337
1.06356e-09	0.431893
1.06364e-09	0.432448
1.06371e-09	0.433003
1.06378e-09	0.433558
1.06385e-09	0.434111
1.06392e-09	0.434665
1.06399e-09	0.435217
1.06406e-09	0.435769
1.06413e-09	0.436321
1.0642e-09	0.436872
1.06427e-09	0.437422
1.06434e-09	0.437972
1.06442e-09	0.438521
1.06449e-09	0.43907
1.06456e-09	0.439618
1.06463e-09	0.440165
1.0647e-09	0.440712
1.06477e-09	0.441259
1.06484e-09	0.441804
1.06491e-09	0.44235
1.06498e-09	0.442894
1.06505e-09	0.443438
1.06512e-09	0.443982
1.0652e-09	0.444524
1.06527e-09	0.445067
1.06534e-09	0.445608
1.06541e-09	0.446149
1.06548e-09	0.44669
1.06555e-09	0.44723
1.06562e-09	0.447769
1.06569e-09	0.448308
1.06576e-09	0.448846
1.06583e-09	0.449383
1.06591e-09	0.44992
1.06598e-09	0.450456
1.06605e-09	0.450992
1.06612e-09	0.451527
1.06619e-09	0.452062
1.06626e-09	0.452595
1.06633e-09	0.453129
1.0664e-09	0.453661
1.06647e-09	0.454193
1.06654e-09	0.454725
1.06661e-09	0.455255
1.06669e-09	0.455786
1.06676e-09	0.456315
1.06683e-09	0.456844
1.0669e-09	0.457372
1.06697e-09	0.4579
1.06704e-09	0.458427
1.06711e-09	0.458954
1.06718e-09	0.459479
1.06725e-09	0.460005
1.06732e-09	0.460529
1.06739e-09	0.461053
1.06747e-09	0.461576
1.06754e-09	0.462099
1.06761e-09	0.462621
1.06768e-09	0.463143
1.06775e-09	0.463663
1.06782e-09	0.464184
1.06789e-09	0.464703
1.06796e-09	0.465222
1.06803e-09	0.46574
1.0681e-09	0.466258
1.06817e-09	0.466775
1.06825e-09	0.467291
1.06832e-09	0.467807
1.06839e-09	0.468322
1.06846e-09	0.468836
1.06853e-09	0.46935
1.0686e-09	0.469863
1.06867e-09	0.470375
1.06874e-09	0.470887
1.06881e-09	0.471398
1.06888e-09	0.471908
1.06895e-09	0.472418
1.06903e-09	0.472927
1.0691e-09	0.473436
1.06917e-09	0.473943
1.06924e-09	0.474451
1.06931e-09	0.474957
1.06938e-09	0.475463
1.06945e-09	0.475968
1.06952e-09	0.476472
1.06959e-09	0.476976
1.06966e-09	0.477479
1.06974e-09	0.477982
1.06981e-09	0.478484
1.06988e-09	0.478985
1.06995e-09	0.479485
1.07002e-09	0.479985
1.07009e-09	0.480484
1.07016e-09	0.480982
1.07023e-09	0.48148
1.0703e-09	0.481977
1.07037e-09	0.482473
1.07044e-09	0.482969
1.07052e-09	0.483464
1.07059e-09	0.483958
1.07066e-09	0.484452
1.07073e-09	0.484945
1.0708e-09	0.485437
1.07087e-09	0.485929
1.07094e-09	0.486419
1.07101e-09	0.48691
1.07108e-09	0.487399
1.07115e-09	0.487888
1.07122e-09	0.488376
1.0713e-09	0.488863
1.07137e-09	0.48935
1.07144e-09	0.489836
1.07151e-09	0.490321
1.07158e-09	0.490805
1.07165e-09	0.491289
1.07172e-09	0.491772
1.07179e-09	0.492255
1.07186e-09	0.492736
1.07193e-09	0.493217
1.072e-09	0.493698
1.07208e-09	0.494177
1.07215e-09	0.494656
1.07222e-09	0.495134
1.07229e-09	0.495612
1.07236e-09	0.496088
1.07243e-09	0.496564
1.0725e-09	0.49704
1.07257e-09	0.497514
1.07264e-09	0.497988
1.07271e-09	0.498461
1.07279e-09	0.498933
1.07286e-09	0.499405
1.07293e-09	0.499876
1.073e-09	0.500346
1.07307e-09	0.500816
1.07314e-09	0.501284
1.07321e-09	0.501752
1.07328e-09	0.502219
1.07335e-09	0.502686
1.07342e-09	0.503152
1.07349e-09	0.503617
1.07357e-09	0.504081
1.07364e-09	0.504544
1.07371e-09	0.505007
1.07378e-09	0.505469
1.07385e-09	0.505931
1.07392e-09	0.506391
1.07399e-09	0.506851
1.07406e-09	0.50731
1.07413e-09	0.507768
1.0742e-09	0.508226
1.07427e-09	0.508683
1.07435e-09	0.509139
1.07442e-09	0.509594
1.07449e-09	0.510049
1.07456e-09	0.510503
1.07463e-09	0.510956
1.0747e-09	0.511408
1.07477e-09	0.511859
1.07484e-09	0.51231
1.07491e-09	0.51276
1.07498e-09	0.513209
1.07505e-09	0.513658
1.07513e-09	0.514105
1.0752e-09	0.514552
1.07527e-09	0.514999
1.07534e-09	0.515444
1.07541e-09	0.515889
1.07548e-09	0.516332
1.07555e-09	0.516775
1.07562e-09	0.517218
1.07569e-09	0.517659
1.07576e-09	0.5181
1.07584e-09	0.51854
1.07591e-09	0.518979
1.07598e-09	0.519418
1.07605e-09	0.519855
1.07612e-09	0.520292
1.07619e-09	0.520728
1.07626e-09	0.521163
1.07633e-09	0.521598
1.0764e-09	0.522031
1.07647e-09	0.522464
1.07654e-09	0.522896
1.07662e-09	0.523328
1.07669e-09	0.523758
1.07676e-09	0.524188
1.07683e-09	0.524617
1.0769e-09	0.525045
1.07697e-09	0.525472
1.07704e-09	0.525899
1.07711e-09	0.526325
1.07718e-09	0.526749
1.07725e-09	0.527174
1.07732e-09	0.527597
1.0774e-09	0.528019
1.07747e-09	0.528441
1.07754e-09	0.528862
1.07761e-09	0.529282
1.07768e-09	0.529701
1.07775e-09	0.53012
1.07782e-09	0.530538
1.07789e-09	0.530954
1.07796e-09	0.53137
1.07803e-09	0.531786
1.0781e-09	0.5322
1.07818e-09	0.532614
1.07825e-09	0.533026
1.07832e-09	0.533438
1.07839e-09	0.533849
1.07846e-09	0.53426
1.07853e-09	0.534669
1.0786e-09	0.535078
1.07867e-09	0.535486
1.07874e-09	0.535893
1.07881e-09	0.536299
1.07888e-09	0.536704
1.07896e-09	0.537109
1.07903e-09	0.537512
1.0791e-09	0.537915
1.07917e-09	0.538317
1.07924e-09	0.538718
1.07931e-09	0.539119
1.07938e-09	0.539518
1.07945e-09	0.539917
1.07952e-09	0.540315
1.07959e-09	0.540712
1.07967e-09	0.541108
1.07974e-09	0.541503
1.07981e-09	0.541897
1.07988e-09	0.542291
1.07995e-09	0.542684
1.08002e-09	0.543076
1.08009e-09	0.543467
1.08016e-09	0.543857
1.08023e-09	0.544246
1.0803e-09	0.544635
1.08037e-09	0.545022
1.08045e-09	0.545409
1.08052e-09	0.545795
1.08059e-09	0.54618
1.08066e-09	0.546565
1.08073e-09	0.546948
1.0808e-09	0.54733
1.08087e-09	0.547712
1.08094e-09	0.548093
1.08101e-09	0.548473
1.08108e-09	0.548852
1.08115e-09	0.54923
1.08123e-09	0.549607
1.0813e-09	0.549984
1.08137e-09	0.550359
1.08144e-09	0.550734
1.08151e-09	0.551108
1.08158e-09	0.551481
1.08165e-09	0.551853
1.08172e-09	0.552224
1.08179e-09	0.552594
1.08186e-09	0.552964
1.08193e-09	0.553333
1.08201e-09	0.5537
1.08208e-09	0.554067
1.08215e-09	0.554433
1.08222e-09	0.554798
1.08229e-09	0.555162
1.08236e-09	0.555525
1.08243e-09	0.555888
1.0825e-09	0.556249
1.08257e-09	0.55661
1.08264e-09	0.55697
1.08272e-09	0.557329
1.08279e-09	0.557687
1.08286e-09	0.558044
1.08293e-09	0.5584
1.083e-09	0.558755
1.08307e-09	0.55911
1.08314e-09	0.559463
1.08321e-09	0.559816
1.08328e-09	0.560167
1.08335e-09	0.560518
1.08342e-09	0.560868
1.0835e-09	0.561217
1.08357e-09	0.561565
1.08364e-09	0.561912
1.08371e-09	0.562258
1.08378e-09	0.562604
1.08385e-09	0.562948
1.08392e-09	0.563292
1.08399e-09	0.563635
1.08406e-09	0.563976
1.08413e-09	0.564317
1.0842e-09	0.564657
1.08428e-09	0.564996
1.08435e-09	0.565334
1.08442e-09	0.565671
1.08449e-09	0.566007
1.08456e-09	0.566343
1.08463e-09	0.566677
1.0847e-09	0.567011
1.08477e-09	0.567343
1.08484e-09	0.567675
1.08491e-09	0.568006
1.08498e-09	0.568335
1.08506e-09	0.568664
1.08513e-09	0.568992
1.0852e-09	0.569319
1.08527e-09	0.569645
1.08534e-09	0.569971
1.08541e-09	0.570295
1.08548e-09	0.570618
1.08555e-09	0.570941
1.08562e-09	0.571262
1.08569e-09	0.571582
1.08576e-09	0.571902
1.08584e-09	0.572221
1.08591e-09	0.572538
1.08598e-09	0.572855
1.08605e-09	0.573171
1.08612e-09	0.573486
1.08619e-09	0.5738
1.08626e-09	0.574113
1.08633e-09	0.574425
1.0864e-09	0.574736
1.08647e-09	0.575046
1.08655e-09	0.575355
1.08662e-09	0.575664
1.08669e-09	0.575971
1.08676e-09	0.576277
1.08683e-09	0.576583
1.0869e-09	0.576887
1.08697e-09	0.577191
1.08704e-09	0.577493
1.08711e-09	0.577795
1.08718e-09	0.578095
1.08725e-09	0.578395
1.08733e-09	0.578694
1.0874e-09	0.578992
1.08747e-09	0.579288
1.08754e-09	0.579584
1.08761e-09	0.579879
1.08768e-09	0.580173
1.08775e-09	0.580466
1.08782e-09	0.580758
1.08789e-09	0.581049
1.08796e-09	0.581339
1.08803e-09	0.581628
1.08811e-09	0.581917
1.08818e-09	0.582204
1.08825e-09	0.58249
1.08832e-09	0.582775
1.08839e-09	0.583059
1.08846e-09	0.583343
1.08853e-09	0.583625
1.0886e-09	0.583906
1.08867e-09	0.584187
1.08874e-09	0.584466
1.08881e-09	0.584744
1.08889e-09	0.585022
1.08896e-09	0.585298
1.08903e-09	0.585574
1.0891e-09	0.585848
1.08917e-09	0.586122
1.08924e-09	0.586394
1.08931e-09	0.586666
1.08938e-09	0.586936
1.08945e-09	0.587206
1.08952e-09	0.587474
1.0896e-09	0.587742
1.08967e-09	0.588009
1.08974e-09	0.588274
1.08981e-09	0.588539
1.08988e-09	0.588802
1.08995e-09	0.589065
1.09002e-09	0.589327
1.09009e-09	0.589587
1.09016e-09	0.589847
1.09023e-09	0.590106
1.0903e-09	0.590363
1.09038e-09	0.59062
1.09045e-09	0.590876
1.09052e-09	0.59113
1.09059e-09	0.591384
1.09066e-09	0.591636
1.09073e-09	0.591888
1.0908e-09	0.592139
1.09087e-09	0.592388
1.09094e-09	0.592637
1.09101e-09	0.592885
1.09108e-09	0.593131
1.09116e-09	0.593377
1.09123e-09	0.593621
1.0913e-09	0.593865
1.09137e-09	0.594108
1.09144e-09	0.594349
1.09151e-09	0.59459
1.09158e-09	0.594829
1.09165e-09	0.595068
1.09172e-09	0.595305
1.09179e-09	0.595542
1.09186e-09	0.595777
1.09194e-09	0.596012
1.09201e-09	0.596245
1.09208e-09	0.596478
1.09215e-09	0.596709
1.09222e-09	0.596939
1.09229e-09	0.597169
1.09236e-09	0.597397
1.09243e-09	0.597624
1.0925e-09	0.597851
1.09257e-09	0.598076
1.09264e-09	0.5983
1.09272e-09	0.598523
1.09279e-09	0.598745
1.09286e-09	0.598966
1.09293e-09	0.599187
1.093e-09	0.599406
1.09307e-09	0.599624
1.09314e-09	0.599841
1.09321e-09	0.600057
1.09328e-09	0.600272
1.09335e-09	0.600485
1.09343e-09	0.600698
1.0935e-09	0.60091
1.09357e-09	0.601121
1.09364e-09	0.601331
1.09371e-09	0.601539
1.09378e-09	0.601747
1.09385e-09	0.601954
1.09392e-09	0.602159
1.09399e-09	0.602364
1.09406e-09	0.602567
1.09413e-09	0.60277
1.09421e-09	0.602971
1.09428e-09	0.603171
1.09435e-09	0.603371
1.09442e-09	0.603569
1.09449e-09	0.603766
1.09456e-09	0.603962
1.09463e-09	0.604158
1.0947e-09	0.604352
1.09477e-09	0.604545
1.09484e-09	0.604737
1.09491e-09	0.604927
1.09499e-09	0.605117
1.09506e-09	0.605306
1.09513e-09	0.605494
1.0952e-09	0.605681
1.09527e-09	0.605866
1.09534e-09	0.606051
1.09541e-09	0.606234
1.09548e-09	0.606417
1.09555e-09	0.606598
1.09562e-09	0.606778
1.09569e-09	0.606958
1.09577e-09	0.607136
1.09584e-09	0.607313
1.09591e-09	0.607489
1.09598e-09	0.607664
1.09605e-09	0.607838
1.09612e-09	0.608011
1.09619e-09	0.608183
1.09626e-09	0.608353
1.09633e-09	0.608523
1.0964e-09	0.608692
1.09648e-09	0.608859
1.09655e-09	0.609025
1.09662e-09	0.609191
1.09669e-09	0.609355
1.09676e-09	0.609518
1.09683e-09	0.609681
1.0969e-09	0.609842
1.09697e-09	0.610002
1.09704e-09	0.610161
1.09711e-09	0.610318
1.09718e-09	0.610475
1.09726e-09	0.610631
1.09733e-09	0.610785
1.0974e-09	0.610939
1.09747e-09	0.611091
1.09754e-09	0.611243
1.09761e-09	0.611393
1.09768e-09	0.611542
1.09775e-09	0.61169
1.09782e-09	0.611837
1.09789e-09	0.611983
1.09796e-09	0.612128
1.09804e-09	0.612272
1.09811e-09	0.612415
1.09818e-09	0.612556
1.09825e-09	0.612697
1.09832e-09	0.612836
1.09839e-09	0.612974
1.09846e-09	0.613112
1.09853e-09	0.613248
1.0986e-09	0.613383
1.09867e-09	0.613517
1.09874e-09	0.613649
1.09882e-09	0.613781
1.09889e-09	0.613912
1.09896e-09	0.614041
1.09903e-09	0.61417
1.0991e-09	0.614297
1.09917e-09	0.614424
1.09924e-09	0.614549
1.09931e-09	0.614673
1.09938e-09	0.614796
1.09945e-09	0.614918
1.09952e-09	0.615038
1.0996e-09	0.615158
1.09967e-09	0.615276
1.09974e-09	0.615394
1.09981e-09	0.61551
1.09988e-09	0.615626
1.09995e-09	0.61574
1.10002e-09	0.615853
1.10009e-09	0.615965
1.10016e-09	0.616075
1.10023e-09	0.616185
1.10031e-09	0.616294
1.10038e-09	0.616401
1.10045e-09	0.616507
1.10052e-09	0.616613
1.10059e-09	0.616717
1.10066e-09	0.61682
1.10073e-09	0.616922
1.1008e-09	0.617023
1.10087e-09	0.617122
1.10094e-09	0.617221
1.10101e-09	0.617318
1.10109e-09	0.617415
1.10116e-09	0.61751
1.10123e-09	0.617604
1.1013e-09	0.617697
1.10137e-09	0.617789
1.10144e-09	0.61788
1.10151e-09	0.617969
1.10158e-09	0.618058
1.10165e-09	0.618145
1.10172e-09	0.618231
1.10179e-09	0.618316
1.10187e-09	0.6184
1.10194e-09	0.618483
1.10201e-09	0.618565
1.10208e-09	0.618646
1.10215e-09	0.618725
1.10222e-09	0.618804
1.10229e-09	0.618881
1.10236e-09	0.618957
1.10243e-09	0.619032
1.1025e-09	0.619106
1.10257e-09	0.619178
1.10265e-09	0.61925
1.10272e-09	0.619321
1.10279e-09	0.61939
1.10286e-09	0.619458
1.10293e-09	0.619525
1.103e-09	0.619591
1.10307e-09	0.619656
1.10314e-09	0.61972
1.10321e-09	0.619782
1.10328e-09	0.619843
1.10336e-09	0.619904
1.10343e-09	0.619963
1.1035e-09	0.620021
1.10357e-09	0.620078
1.10364e-09	0.620133
1.10371e-09	0.620188
1.10378e-09	0.620241
1.10385e-09	0.620294
1.10392e-09	0.620345
1.10399e-09	0.620395
1.10406e-09	0.620444
1.10414e-09	0.620492
1.10421e-09	0.620538
1.10428e-09	0.620583
1.10435e-09	0.620628
1.10442e-09	0.620671
1.10449e-09	0.620713
1.10456e-09	0.620754
1.10463e-09	0.620794
1.1047e-09	0.620832
1.10477e-09	0.62087
1.10484e-09	0.620906
1.10492e-09	0.620941
1.10499e-09	0.620975
1.10506e-09	0.621008
1.10513e-09	0.621039
1.1052e-09	0.62107
1.10527e-09	0.621099
1.10534e-09	0.621127
1.10541e-09	0.621155
1.10548e-09	0.62118
1.10555e-09	0.621205
1.10562e-09	0.621229
1.1057e-09	0.621251
1.10577e-09	0.621273
1.10584e-09	0.621293
1.10591e-09	0.621312
1.10598e-09	0.62133
1.10605e-09	0.621346
1.10612e-09	0.621362
1.10619e-09	0.621376
1.10626e-09	0.621389
1.10633e-09	0.621401
1.1064e-09	0.621412
1.10648e-09	0.621422
1.10655e-09	0.621431
1.10662e-09	0.621438
1.10669e-09	0.621444
1.10676e-09	0.621449
1.10683e-09	0.621453
1.1069e-09	0.621456
1.10697e-09	0.621458
1.10704e-09	0.621458
1.10711e-09	0.621457
1.10719e-09	0.621455
1.10726e-09	0.621452
1.10733e-09	0.621448
1.1074e-09	0.621443
1.10747e-09	0.621436
1.10754e-09	0.621428
1.10761e-09	0.621419
1.10768e-09	0.621409
1.10775e-09	0.621398
1.10782e-09	0.621386
1.10789e-09	0.621372
1.10797e-09	0.621358
1.10804e-09	0.621342
1.10811e-09	0.621325
1.10818e-09	0.621306
1.10825e-09	0.621287
1.10832e-09	0.621266
1.10839e-09	0.621245
1.10846e-09	0.621222
1.10853e-09	0.621198
1.1086e-09	0.621172
1.10867e-09	0.621146
1.10875e-09	0.621118
1.10882e-09	0.621089
1.10889e-09	0.621059
1.10896e-09	0.621028
1.10903e-09	0.620996
1.1091e-09	0.620962
1.10917e-09	0.620928
1.10924e-09	0.620892
1.10931e-09	0.620855
1.10938e-09	0.620817
1.10945e-09	0.620777
1.10953e-09	0.620737
1.1096e-09	0.620695
1.10967e-09	0.620652
1.10974e-09	0.620608
1.10981e-09	0.620563
1.10988e-09	0.620516
1.10995e-09	0.620469
1.11002e-09	0.62042
1.11009e-09	0.62037
1.11016e-09	0.620319
1.11024e-09	0.620266
1.11031e-09	0.620213
1.11038e-09	0.620158
1.11045e-09	0.620102
1.11052e-09	0.620045
1.11059e-09	0.619987
1.11066e-09	0.619927
1.11073e-09	0.619867
1.1108e-09	0.619805
1.11087e-09	0.619742
1.11094e-09	0.619678
1.11102e-09	0.619612
1.11109e-09	0.619546
1.11116e-09	0.619478
1.11123e-09	0.619409
1.1113e-09	0.619339
1.11137e-09	0.619267
1.11144e-09	0.619195
1.11151e-09	0.619121
1.11158e-09	0.619046
1.11165e-09	0.61897
1.11172e-09	0.618893
1.1118e-09	0.618815
1.11187e-09	0.618735
1.11194e-09	0.618654
1.11201e-09	0.618572
1.11208e-09	0.618489
1.11215e-09	0.618405
1.11222e-09	0.618319
1.11229e-09	0.618232
1.11236e-09	0.618144
1.11243e-09	0.618055
1.1125e-09	0.617965
1.11258e-09	0.617873
1.11265e-09	0.61778
1.11272e-09	0.617686
1.11279e-09	0.617591
1.11286e-09	0.617495
1.11293e-09	0.617397
1.113e-09	0.617299
1.11307e-09	0.617199
1.11314e-09	0.617098
1.11321e-09	0.616995
1.11328e-09	0.616892
1.11336e-09	0.616787
1.11343e-09	0.616681
1.1135e-09	0.616574
1.11357e-09	0.616466
1.11364e-09	0.616356
1.11371e-09	0.616246
1.11378e-09	0.616134
1.11385e-09	0.616021
1.11392e-09	0.615907
1.11399e-09	0.615791
1.11407e-09	0.615675
1.11414e-09	0.615557
1.11421e-09	0.615438
1.11428e-09	0.615317
1.11435e-09	0.615196
1.11442e-09	0.615073
1.11449e-09	0.614949
1.11456e-09	0.614824
1.11463e-09	0.614698
1.1147e-09	0.614571
1.11477e-09	0.614442
1.11485e-09	0.614312
1.11492e-09	0.614181
1.11499e-09	0.614049
1.11506e-09	0.613915
1.11513e-09	0.613781
1.1152e-09	0.613645
1.11527e-09	0.613508
1.11534e-09	0.61337
1.11541e-09	0.61323
1.11548e-09	0.613089
1.11555e-09	0.612948
1.11563e-09	0.612805
1.1157e-09	0.61266
1.11577e-09	0.612515
1.11584e-09	0.612368
1.11591e-09	0.61222
1.11598e-09	0.612071
1.11605e-09	0.611921
1.11612e-09	0.611769
1.11619e-09	0.611617
1.11626e-09	0.611463
1.11633e-09	0.611308
1.11641e-09	0.611151
1.11648e-09	0.610994
1.11655e-09	0.610835
1.11662e-09	0.610675
1.11669e-09	0.610514
1.11676e-09	0.610352
1.11683e-09	0.610188
1.1169e-09	0.610023
1.11697e-09	0.609857
1.11704e-09	0.60969
1.11712e-09	0.609522
1.11719e-09	0.609352
1.11726e-09	0.609182
1.11733e-09	0.60901
1.1174e-09	0.608836
1.11747e-09	0.608662
1.11754e-09	0.608486
1.11761e-09	0.60831
1.11768e-09	0.608132
1.11775e-09	0.607952
1.11782e-09	0.607772
1.1179e-09	0.60759
1.11797e-09	0.607407
1.11804e-09	0.607223
1.11811e-09	0.607038
1.11818e-09	0.606852
1.11825e-09	0.606664
1.11832e-09	0.606475
1.11839e-09	0.606285
1.11846e-09	0.606094
1.11853e-09	0.605901
1.1186e-09	0.605707
1.11868e-09	0.605512
1.11875e-09	0.605316
1.11882e-09	0.605119
1.11889e-09	0.604921
1.11896e-09	0.604721
1.11903e-09	0.60452
1.1191e-09	0.604318
1.11917e-09	0.604114
1.11924e-09	0.60391
1.11931e-09	0.603704
1.11938e-09	0.603497
1.11946e-09	0.603289
1.11953e-09	0.603079
1.1196e-09	0.602868
1.11967e-09	0.602657
1.11974e-09	0.602444
1.11981e-09	0.602229
1.11988e-09	0.602014
1.11995e-09	0.601797
1.12002e-09	0.601579
1.12009e-09	0.60136
1.12016e-09	0.60114
1.12024e-09	0.600918
1.12031e-09	0.600696
1.12038e-09	0.600472
1.12045e-09	0.600246
1.12052e-09	0.60002
1.12059e-09	0.599792
1.12066e-09	0.599564
1.12073e-09	0.599334
1.1208e-09	0.599102
1.12087e-09	0.59887
1.12095e-09	0.598637
1.12102e-09	0.598402
1.12109e-09	0.598166
1.12116e-09	0.597928
1.12123e-09	0.59769
1.1213e-09	0.59745
1.12137e-09	0.597209
1.12144e-09	0.596967
1.12151e-09	0.596724
1.12158e-09	0.596479
1.12165e-09	0.596234
1.12173e-09	0.595987
1.1218e-09	0.595739
1.12187e-09	0.595489
1.12194e-09	0.595239
1.12201e-09	0.594987
1.12208e-09	0.594734
1.12215e-09	0.59448
1.12222e-09	0.594224
1.12229e-09	0.593968
1.12236e-09	0.59371
1.12243e-09	0.593451
1.12251e-09	0.593191
1.12258e-09	0.592929
1.12265e-09	0.592667
1.12272e-09	0.592403
1.12279e-09	0.592138
1.12286e-09	0.591871
1.12293e-09	0.591604
1.123e-09	0.591335
1.12307e-09	0.591065
1.12314e-09	0.590794
1.12321e-09	0.590522
1.12329e-09	0.590248
1.12336e-09	0.589974
1.12343e-09	0.589698
1.1235e-09	0.58942
1.12357e-09	0.589142
1.12364e-09	0.588863
1.12371e-09	0.588582
1.12378e-09	0.5883
1.12385e-09	0.588017
1.12392e-09	0.587732
1.124e-09	0.587447
1.12407e-09	0.58716
1.12414e-09	0.586872
1.12421e-09	0.586583
1.12428e-09	0.586292
1.12435e-09	0.586
1.12442e-09	0.585708
1.12449e-09	0.585414
1.12456e-09	0.585118
1.12463e-09	0.584822
1.1247e-09	0.584524
1.12478e-09	0.584225
1.12485e-09	0.583925
1.12492e-09	0.583624
1.12499e-09	0.583321
1.12506e-09	0.583018
1.12513e-09	0.582713
1.1252e-09	0.582407
1.12527e-09	0.582099
1.12534e-09	0.581791
1.12541e-09	0.581481
1.12548e-09	0.58117
1.12556e-09	0.580858
1.12563e-09	0.580545
1.1257e-09	0.58023
1.12577e-09	0.579914
1.12584e-09	0.579597
1.12591e-09	0.579279
1.12598e-09	0.57896
1.12605e-09	0.578639
1.12612e-09	0.578317
1.12619e-09	0.577994
1.12626e-09	0.57767
1.12634e-09	0.577345
1.12641e-09	0.577018
1.12648e-09	0.57669
1.12655e-09	0.576361
1.12662e-09	0.576031
1.12669e-09	0.5757
1.12676e-09	0.575367
1.12683e-09	0.575033
1.1269e-09	0.574698
1.12697e-09	0.574362
1.12704e-09	0.574025
1.12712e-09	0.573686
1.12719e-09	0.573346
1.12726e-09	0.573005
1.12733e-09	0.572663
1.1274e-09	0.57232
1.12747e-09	0.571975
1.12754e-09	0.571629
1.12761e-09	0.571282
1.12768e-09	0.570934
1.12775e-09	0.570585
1.12783e-09	0.570234
1.1279e-09	0.569882
1.12797e-09	0.569529
1.12804e-09	0.569175
1.12811e-09	0.56882
1.12818e-09	0.568463
1.12825e-09	0.568106
1.12832e-09	0.567747
1.12839e-09	0.567386
1.12846e-09	0.567025
1.12853e-09	0.566662
1.12861e-09	0.566299
1.12868e-09	0.565934
1.12875e-09	0.565568
1.12882e-09	0.5652
1.12889e-09	0.564832
1.12896e-09	0.564462
1.12903e-09	0.564091
1.1291e-09	0.563719
1.12917e-09	0.563346
1.12924e-09	0.562971
1.12931e-09	0.562595
1.12939e-09	0.562218
1.12946e-09	0.56184
1.12953e-09	0.561461
1.1296e-09	0.561081
1.12967e-09	0.560699
1.12974e-09	0.560316
1.12981e-09	0.559932
1.12988e-09	0.559547
1.12995e-09	0.55916
1.13002e-09	0.558773
1.13009e-09	0.558384
1.13017e-09	0.557994
1.13024e-09	0.557603
1.13031e-09	0.557211
1.13038e-09	0.556817
1.13045e-09	0.556422
1.13052e-09	0.556026
1.13059e-09	0.555629
1.13066e-09	0.555231
1.13073e-09	0.554831
1.1308e-09	0.554431
1.13088e-09	0.554029
1.13095e-09	0.553626
1.13102e-09	0.553222
1.13109e-09	0.552816
1.13116e-09	0.55241
1.13123e-09	0.552002
1.1313e-09	0.551593
1.13137e-09	0.551183
1.13144e-09	0.550771
1.13151e-09	0.550359
1.13158e-09	0.549945
1.13166e-09	0.54953
1.13173e-09	0.549114
1.1318e-09	0.548697
1.13187e-09	0.548279
1.13194e-09	0.547859
1.13201e-09	0.547438
1.13208e-09	0.547016
1.13215e-09	0.546593
1.13222e-09	0.546169
1.13229e-09	0.545743
1.13236e-09	0.545317
1.13244e-09	0.544889
1.13251e-09	0.54446
1.13258e-09	0.544029
1.13265e-09	0.543598
1.13272e-09	0.543166
1.13279e-09	0.542732
1.13286e-09	0.542297
1.13293e-09	0.541861
1.133e-09	0.541423
1.13307e-09	0.540985
1.13314e-09	0.540545
1.13322e-09	0.540105
1.13329e-09	0.539663
1.13336e-09	0.53922
1.13343e-09	0.538775
1.1335e-09	0.53833
1.13357e-09	0.537883
1.13364e-09	0.537435
1.13371e-09	0.536986
1.13378e-09	0.536536
1.13385e-09	0.536085
1.13392e-09	0.535633
1.134e-09	0.535179
1.13407e-09	0.534724
1.13414e-09	0.534268
1.13421e-09	0.533811
1.13428e-09	0.533353
1.13435e-09	0.532893
1.13442e-09	0.532433
1.13449e-09	0.531971
1.13456e-09	0.531508
1.13463e-09	0.531044
1.13471e-09	0.530578
1.13478e-09	0.530112
1.13485e-09	0.529644
1.13492e-09	0.529175
1.13499e-09	0.528706
1.13506e-09	0.528234
1.13513e-09	0.527762
1.1352e-09	0.527289
1.13527e-09	0.526814
1.13534e-09	0.526338
1.13541e-09	0.525862
1.13549e-09	0.525383
1.13556e-09	0.524904
1.13563e-09	0.524424
1.1357e-09	0.523942
1.13577e-09	0.52346
1.13584e-09	0.522976
1.13591e-09	0.522491
1.13598e-09	0.522005
1.13605e-09	0.521517
1.13612e-09	0.521029
1.13619e-09	0.520539
1.13627e-09	0.520048
1.13634e-09	0.519557
1.13641e-09	0.519064
1.13648e-09	0.518569
1.13655e-09	0.518074
1.13662e-09	0.517577
1.13669e-09	0.51708
1.13676e-09	0.516581
1.13683e-09	0.516081
1.1369e-09	0.51558
1.13697e-09	0.515078
1.13705e-09	0.514574
1.13712e-09	0.51407
1.13719e-09	0.513564
1.13726e-09	0.513057
1.13733e-09	0.512549
1.1374e-09	0.51204
1.13747e-09	0.51153
1.13754e-09	0.511019
1.13761e-09	0.510506
1.13768e-09	0.509992
1.13776e-09	0.509477
1.13783e-09	0.508962
1.1379e-09	0.508444
1.13797e-09	0.507926
1.13804e-09	0.507407
1.13811e-09	0.506886
1.13818e-09	0.506365
1.13825e-09	0.505842
1.13832e-09	0.505318
1.13839e-09	0.504793
1.13846e-09	0.504267
1.13854e-09	0.503739
1.13861e-09	0.503211
1.13868e-09	0.502681
1.13875e-09	0.502151
1.13882e-09	0.501619
1.13889e-09	0.501086
1.13896e-09	0.500552
1.13903e-09	0.500017
1.1391e-09	0.49948
1.13917e-09	0.498943
1.13924e-09	0.498404
1.13932e-09	0.497864
1.13939e-09	0.497324
1.13946e-09	0.496782
1.13953e-09	0.496238
1.1396e-09	0.495694
1.13967e-09	0.495149
1.13974e-09	0.494602
1.13981e-09	0.494055
1.13988e-09	0.493506
1.13995e-09	0.492956
1.14002e-09	0.492405
1.1401e-09	0.491853
1.14017e-09	0.4913
1.14024e-09	0.490746
1.14031e-09	0.49019
1.14038e-09	0.489634
1.14045e-09	0.489076
1.14052e-09	0.488517
1.14059e-09	0.487957
1.14066e-09	0.487396
1.14073e-09	0.486834
1.14081e-09	0.486271
1.14088e-09	0.485707
1.14095e-09	0.485141
1.14102e-09	0.484575
1.14109e-09	0.484007
1.14116e-09	0.483438
1.14123e-09	0.482868
1.1413e-09	0.482297
1.14137e-09	0.481725
1.14144e-09	0.481152
1.14151e-09	0.480578
1.14159e-09	0.480002
1.14166e-09	0.479426
1.14173e-09	0.478848
1.1418e-09	0.478269
1.14187e-09	0.477689
1.14194e-09	0.477109
1.14201e-09	0.476526
1.14208e-09	0.475943
1.14215e-09	0.475359
1.14222e-09	0.474774
1.14229e-09	0.474187
1.14237e-09	0.4736
1.14244e-09	0.473011
1.14251e-09	0.472422
1.14258e-09	0.471831
1.14265e-09	0.471239
1.14272e-09	0.470646
1.14279e-09	0.470052
1.14286e-09	0.469457
1.14293e-09	0.46886
1.143e-09	0.468263
1.14307e-09	0.467665
1.14315e-09	0.467065
1.14322e-09	0.466464
1.14329e-09	0.465863
1.14336e-09	0.46526
1.14343e-09	0.464656
1.1435e-09	0.464051
1.14357e-09	0.463445
1.14364e-09	0.462838
1.14371e-09	0.46223
1.14378e-09	0.461621
1.14385e-09	0.46101
1.14393e-09	0.460399
1.144e-09	0.459786
1.14407e-09	0.459173
1.14414e-09	0.458558
1.14421e-09	0.457942
1.14428e-09	0.457326
1.14435e-09	0.456708
1.14442e-09	0.456089
1.14449e-09	0.455469
1.14456e-09	0.454848
1.14464e-09	0.454225
1.14471e-09	0.453602
1.14478e-09	0.452978
1.14485e-09	0.452353
1.14492e-09	0.451726
1.14499e-09	0.451099
1.14506e-09	0.45047
1.14513e-09	0.44984
1.1452e-09	0.44921
1.14527e-09	0.448578
1.14534e-09	0.447945
1.14542e-09	0.447311
1.14549e-09	0.446676
1.14556e-09	0.44604
1.14563e-09	0.445403
1.1457e-09	0.444765
1.14577e-09	0.444126
1.14584e-09	0.443486
1.14591e-09	0.442844
1.14598e-09	0.442202
1.14605e-09	0.441559
1.14612e-09	0.440914
1.1462e-09	0.440269
1.14627e-09	0.439622
1.14634e-09	0.438975
1.14641e-09	0.438326
1.14648e-09	0.437676
1.14655e-09	0.437025
1.14662e-09	0.436374
1.14669e-09	0.435721
1.14676e-09	0.435067
1.14683e-09	0.434412
1.1469e-09	0.433756
1.14698e-09	0.433099
1.14705e-09	0.432441
1.14712e-09	0.431782
1.14719e-09	0.431122
1.14726e-09	0.430461
1.14733e-09	0.429798
1.1474e-09	0.429135
1.14747e-09	0.428471
1.14754e-09	0.427806
1.14761e-09	0.427139
1.14769e-09	0.426472
1.14776e-09	0.425804
1.14783e-09	0.425134
1.1479e-09	0.424464
1.14797e-09	0.423792
1.14804e-09	0.42312
1.14811e-09	0.422446
1.14818e-09	0.421772
1.14825e-09	0.421096
1.14832e-09	0.420419
1.14839e-09	0.419742
1.14847e-09	0.419063
1.14854e-09	0.418383
1.14861e-09	0.417703
1.14868e-09	0.417021
1.14875e-09	0.416338
1.14882e-09	0.415654
1.14889e-09	0.41497
1.14896e-09	0.414284
1.14903e-09	0.413597
1.1491e-09	0.412909
1.14917e-09	0.41222
1.14925e-09	0.411531
1.14932e-09	0.41084
1.14939e-09	0.410148
1.14946e-09	0.409455
1.14953e-09	0.408761
1.1496e-09	0.408066
1.14967e-09	0.40737
1.14974e-09	0.406674
1.14981e-09	0.405976
1.14988e-09	0.405277
1.14995e-09	0.404577
1.15003e-09	0.403876
1.1501e-09	0.403174
1.15017e-09	0.402471
1.15024e-09	0.401767
1.15031e-09	0.401063
1.15038e-09	0.400357
1.15045e-09	0.39965
1.15052e-09	0.398942
1.15059e-09	0.398233
1.15066e-09	0.397523
1.15073e-09	0.396812
1.15081e-09	0.396101
1.15088e-09	0.395388
1.15095e-09	0.394674
1.15102e-09	0.393959
1.15109e-09	0.393244
1.15116e-09	0.392527
1.15123e-09	0.391809
1.1513e-09	0.39109
1.15137e-09	0.390371
1.15144e-09	0.38965
1.15152e-09	0.388928
1.15159e-09	0.388206
1.15166e-09	0.387482
1.15173e-09	0.386758
1.1518e-09	0.386032
1.15187e-09	0.385306
1.15194e-09	0.384578
1.15201e-09	0.38385
1.15208e-09	0.38312
1.15215e-09	0.38239
1.15222e-09	0.381658
1.1523e-09	0.380926
1.15237e-09	0.380193
1.15244e-09	0.379459
1.15251e-09	0.378723
1.15258e-09	0.377987
1.15265e-09	0.37725
1.15272e-09	0.376512
1.15279e-09	0.375773
1.15286e-09	0.375033
1.15293e-09	0.374292
1.153e-09	0.37355
1.15308e-09	0.372807
1.15315e-09	0.372063
1.15322e-09	0.371319
1.15329e-09	0.370573
1.15336e-09	0.369826
1.15343e-09	0.369079
1.1535e-09	0.36833
1.15357e-09	0.367581
1.15364e-09	0.36683
1.15371e-09	0.366079
1.15378e-09	0.365326
1.15386e-09	0.364573
1.15393e-09	0.363819
1.154e-09	0.363064
1.15407e-09	0.362308
1.15414e-09	0.36155
1.15421e-09	0.360792
1.15428e-09	0.360034
1.15435e-09	0.359274
1.15442e-09	0.358513
1.15449e-09	0.357751
1.15457e-09	0.356989
1.15464e-09	0.356225
1.15471e-09	0.355461
1.15478e-09	0.354695
1.15485e-09	0.353929
1.15492e-09	0.353162
1.15499e-09	0.352393
1.15506e-09	0.351624
1.15513e-09	0.350854
1.1552e-09	0.350083
1.15527e-09	0.349311
1.15535e-09	0.348539
1.15542e-09	0.347765
1.15549e-09	0.34699
1.15556e-09	0.346215
1.15563e-09	0.345438
1.1557e-09	0.344661
1.15577e-09	0.343883
1.15584e-09	0.343104
1.15591e-09	0.342324
1.15598e-09	0.341543
1.15605e-09	0.340761
1.15613e-09	0.339978
1.1562e-09	0.339194
1.15627e-09	0.33841
1.15634e-09	0.337624
1.15641e-09	0.336838
1.15648e-09	0.33605
1.15655e-09	0.335262
1.15662e-09	0.334473
1.15669e-09	0.333683
1.15676e-09	0.332892
1.15683e-09	0.332101
1.15691e-09	0.331308
1.15698e-09	0.330514
1.15705e-09	0.32972
1.15712e-09	0.328925
1.15719e-09	0.328129
1.15726e-09	0.327331
1.15733e-09	0.326533
1.1574e-09	0.325735
1.15747e-09	0.324935
1.15754e-09	0.324134
1.15761e-09	0.323333
1.15769e-09	0.322531
1.15776e-09	0.321727
1.15783e-09	0.320923
1.1579e-09	0.320118
1.15797e-09	0.319312
1.15804e-09	0.318506
1.15811e-09	0.317698
1.15818e-09	0.31689
1.15825e-09	0.31608
1.15832e-09	0.31527
1.1584e-09	0.314459
1.15847e-09	0.313647
1.15854e-09	0.312835
1.15861e-09	0.312021
1.15868e-09	0.311206
1.15875e-09	0.310391
1.15882e-09	0.309575
1.15889e-09	0.308758
1.15896e-09	0.30794
1.15903e-09	0.307121
1.1591e-09	0.306302
1.15918e-09	0.305481
1.15925e-09	0.30466
1.15932e-09	0.303838
1.15939e-09	0.303015
1.15946e-09	0.302191
1.15953e-09	0.301366
1.1596e-09	0.300541
1.15967e-09	0.299715
1.15974e-09	0.298887
1.15981e-09	0.298059
1.15988e-09	0.29723
1.15996e-09	0.296401
1.16003e-09	0.29557
1.1601e-09	0.294739
1.16017e-09	0.293907
1.16024e-09	0.293074
1.16031e-09	0.29224
1.16038e-09	0.291405
1.16045e-09	0.29057
1.16052e-09	0.289733
1.16059e-09	0.288896
1.16066e-09	0.288058
1.16074e-09	0.28722
1.16081e-09	0.28638
1.16088e-09	0.28554
1.16095e-09	0.284698
1.16102e-09	0.283856
1.16109e-09	0.283013
1.16116e-09	0.28217
1.16123e-09	0.281325
1.1613e-09	0.28048
1.16137e-09	0.279634
1.16145e-09	0.278787
1.16152e-09	0.277939
1.16159e-09	0.277091
1.16166e-09	0.276241
1.16173e-09	0.275391
1.1618e-09	0.27454
1.16187e-09	0.273689
1.16194e-09	0.272836
1.16201e-09	0.271983
1.16208e-09	0.271129
1.16215e-09	0.270274
1.16223e-09	0.269418
1.1623e-09	0.268562
1.16237e-09	0.267705
1.16244e-09	0.266847
1.16251e-09	0.265988
1.16258e-09	0.265128
1.16265e-09	0.264268
1.16272e-09	0.263407
1.16279e-09	0.262545
1.16286e-09	0.261682
1.16293e-09	0.260819
1.16301e-09	0.259954
1.16308e-09	0.259089
1.16315e-09	0.258223
1.16322e-09	0.257357
1.16329e-09	0.256489
1.16336e-09	0.255621
1.16343e-09	0.254752
1.1635e-09	0.253883
1.16357e-09	0.253012
1.16364e-09	0.252141
1.16371e-09	0.251269
1.16379e-09	0.250397
1.16386e-09	0.249523
1.16393e-09	0.248649
1.164e-09	0.247774
1.16407e-09	0.246898
1.16414e-09	0.246022
1.16421e-09	0.245145
1.16428e-09	0.244267
1.16435e-09	0.243388
1.16442e-09	0.242508
1.16449e-09	0.241628
1.16457e-09	0.240747
1.16464e-09	0.239866
1.16471e-09	0.238983
1.16478e-09	0.2381
1.16485e-09	0.237216
1.16492e-09	0.236331
1.16499e-09	0.235446
1.16506e-09	0.23456
1.16513e-09	0.233673
1.1652e-09	0.232786
1.16528e-09	0.231897
1.16535e-09	0.231008
1.16542e-09	0.230119
1.16549e-09	0.229228
1.16556e-09	0.228337
1.16563e-09	0.227445
1.1657e-09	0.226552
1.16577e-09	0.225659
1.16584e-09	0.224765
1.16591e-09	0.22387
1.16598e-09	0.222975
1.16606e-09	0.222078
1.16613e-09	0.221182
1.1662e-09	0.220284
1.16627e-09	0.219386
1.16634e-09	0.218487
1.16641e-09	0.217587
1.16648e-09	0.216686
1.16655e-09	0.215785
1.16662e-09	0.214883
1.16669e-09	0.213981
1.16676e-09	0.213078
1.16684e-09	0.212174
1.16691e-09	0.211269
1.16698e-09	0.210364
1.16705e-09	0.209458
1.16712e-09	0.208551
1.16719e-09	0.207644
1.16726e-09	0.206736
1.16733e-09	0.205827
1.1674e-09	0.204917
1.16747e-09	0.204007
1.16754e-09	0.203097
1.16762e-09	0.202185
1.16769e-09	0.201273
1.16776e-09	0.20036
1.16783e-09	0.199447
1.1679e-09	0.198532
1.16797e-09	0.197618
1.16804e-09	0.196702
1.16811e-09	0.195786
1.16818e-09	0.194869
1.16825e-09	0.193952
1.16833e-09	0.193033
1.1684e-09	0.192115
1.16847e-09	0.191195
1.16854e-09	0.190275
1.16861e-09	0.189354
1.16868e-09	0.188433
1.16875e-09	0.187511
1.16882e-09	0.186588
1.16889e-09	0.185664
1.16896e-09	0.18474
1.16903e-09	0.183816
1.16911e-09	0.18289
1.16918e-09	0.181964
1.16925e-09	0.181038
1.16932e-09	0.18011
1.16939e-09	0.179183
1.16946e-09	0.178254
1.16953e-09	0.177325
1.1696e-09	0.176395
1.16967e-09	0.175465
1.16974e-09	0.174534
1.16981e-09	0.173602
1.16989e-09	0.172669
1.16996e-09	0.171737
1.17003e-09	0.170803
1.1701e-09	0.169869
1.17017e-09	0.168934
1.17024e-09	0.167998
1.17031e-09	0.167062
1.17038e-09	0.166126
1.17045e-09	0.165188
1.17052e-09	0.164251
1.17059e-09	0.163312
1.17067e-09	0.162373
1.17074e-09	0.161433
1.17081e-09	0.160493
1.17088e-09	0.159552
1.17095e-09	0.15861
1.17102e-09	0.157668
1.17109e-09	0.156725
1.17116e-09	0.155782
1.17123e-09	0.154838
1.1713e-09	0.153894
1.17137e-09	0.152949
1.17145e-09	0.152003
1.17152e-09	0.151057
1.17159e-09	0.15011
1.17166e-09	0.149162
1.17173e-09	0.148214
1.1718e-09	0.147265
1.17187e-09	0.146316
1.17194e-09	0.145366
1.17201e-09	0.144416
1.17208e-09	0.143465
1.17216e-09	0.142513
1.17223e-09	0.141561
1.1723e-09	0.140609
1.17237e-09	0.139655
1.17244e-09	0.138702
1.17251e-09	0.137747
1.17258e-09	0.136792
1.17265e-09	0.135837
1.17272e-09	0.134881
1.17279e-09	0.133924
1.17286e-09	0.132967
1.17294e-09	0.132009
1.17301e-09	0.131051
1.17308e-09	0.130092
1.17315e-09	0.129133
1.17322e-09	0.128173
1.17329e-09	0.127212
1.17336e-09	0.126251
1.17343e-09	0.125289
1.1735e-09	0.124327
1.17357e-09	0.123365
1.17364e-09	0.122401
1.17372e-09	0.121438
1.17379e-09	0.120473
1.17386e-09	0.119509
1.17393e-09	0.118543
1.174e-09	0.117577
1.17407e-09	0.116611
1.17414e-09	0.115644
1.17421e-09	0.114676
1.17428e-09	0.113708
1.17435e-09	0.11274
1.17442e-09	0.111771
1.1745e-09	0.110801
1.17457e-09	0.109831
1.17464e-09	0.108861
1.17471e-09	0.10789
1.17478e-09	0.106918
1.17485e-09	0.105946
1.17492e-09	0.104973
1.17499e-09	0.104
1.17506e-09	0.103026
1.17513e-09	0.102052
1.17521e-09	0.101078
1.17528e-09	0.100102
1.17535e-09	0.0991268
1.17542e-09	0.0981506
1.17549e-09	0.097174
1.17556e-09	0.0961969
1.17563e-09	0.0952192
1.1757e-09	0.0942411
1.17577e-09	0.0932625
1.17584e-09	0.0922834
1.17591e-09	0.0913039
1.17599e-09	0.0903238
1.17606e-09	0.0893433
1.17613e-09	0.0883623
1.1762e-09	0.0873808
1.17627e-09	0.0863988
1.17634e-09	0.0854164
1.17641e-09	0.0844335
1.17648e-09	0.0834501
1.17655e-09	0.0824662
1.17662e-09	0.0814819
1.17669e-09	0.0804972
1.17677e-09	0.0795119
1.17684e-09	0.0785262
1.17691e-09	0.07754
1.17698e-09	0.0765534
1.17705e-09	0.0755664
1.17712e-09	0.0745788
1.17719e-09	0.0735908
1.17726e-09	0.0726024
1.17733e-09	0.0716135
1.1774e-09	0.0706242
1.17747e-09	0.0696344
1.17755e-09	0.0686442
1.17762e-09	0.0676536
1.17769e-09	0.0666625
1.17776e-09	0.0656709
1.17783e-09	0.0646789
1.1779e-09	0.0636865
1.17797e-09	0.0626937
1.17804e-09	0.0617004
1.17811e-09	0.0607067
1.17818e-09	0.0597126
1.17825e-09	0.0587181
1.17833e-09	0.0577231
1.1784e-09	0.0567277
1.17847e-09	0.0557319
1.17854e-09	0.0547356
1.17861e-09	0.053739
1.17868e-09	0.0527419
1.17875e-09	0.0517444
1.17882e-09	0.0507465
1.17889e-09	0.0497482
1.17896e-09	0.0487495
1.17904e-09	0.0477504
1.17911e-09	0.0467509
1.17918e-09	0.045751
1.17925e-09	0.0447507
1.17932e-09	0.0437499
1.17939e-09	0.0427488
1.17946e-09	0.0417473
1.17953e-09	0.0407454
1.1796e-09	0.0397431
1.17967e-09	0.0387405
1.17974e-09	0.0377374
1.17982e-09	0.0367339
1.17989e-09	0.0357301
1.17996e-09	0.0347259
1.18003e-09	0.0337213
1.1801e-09	0.0327163
1.18017e-09	0.0317109
1.18024e-09	0.0307052
1.18031e-09	0.0296991
1.18038e-09	0.0286926
1.18045e-09	0.0276858
1.18052e-09	0.0266786
1.1806e-09	0.025671
1.18067e-09	0.0246631
1.18074e-09	0.0236548
1.18081e-09	0.0226461
1.18088e-09	0.0216371
1.18095e-09	0.0206278
1.18102e-09	0.019618
1.18109e-09	0.0186079
1.18116e-09	0.0175975
1.18123e-09	0.0165867
1.1813e-09	0.0155756
1.18138e-09	0.0145641
1.18145e-09	0.0135523
1.18152e-09	0.0125402
1.18159e-09	0.0115277
1.18166e-09	0.0105149
1.18173e-09	0.00950169
1.1818e-09	0.0084882
1.18187e-09	0.00747436
1.18194e-09	0.0064602
1.18201e-09	0.00544571
1.18209e-09	0.0044309
1.18216e-09	0.00341576
1.18223e-09	0.00240029
1.1823e-09	0.00138451
1.18237e-09	0.00036841
1.18244e-09	-0.000648009
1.18251e-09	-0.00166474
1.18258e-09	-0.00268179
1.18265e-09	-0.00369915
1.18272e-09	-0.00471682
1.18279e-09	-0.00573479
1.18287e-09	-0.00675307
1.18294e-09	-0.00777166
1.18301e-09	-0.00879054
1.18308e-09	-0.00980973
1.18315e-09	-0.0108292
1.18322e-09	-0.011849
1.18329e-09	-0.0128691
1.18336e-09	-0.0138894
1.18343e-09	-0.0149101
1.1835e-09	-0.015931
1.18357e-09	-0.0169523
1.18365e-09	-0.0179738
1.18372e-09	-0.0189956
1.18379e-09	-0.0200177
1.18386e-09	-0.02104
1.18393e-09	-0.0220627
1.184e-09	-0.0230856
1.18407e-09	-0.0241088
1.18414e-09	-0.0251322
1.18421e-09	-0.026156
1.18428e-09	-0.02718
1.18435e-09	-0.0282042
1.18443e-09	-0.0292287
1.1845e-09	-0.0302535
1.18457e-09	-0.0312786
1.18464e-09	-0.0323039
1.18471e-09	-0.0333294
1.18478e-09	-0.0343553
1.18485e-09	-0.0353813
1.18492e-09	-0.0364076
1.18499e-09	-0.0374342
1.18506e-09	-0.038461
1.18513e-09	-0.0394881
1.18521e-09	-0.0405154
1.18528e-09	-0.0415429
1.18535e-09	-0.0425707
1.18542e-09	-0.0435987
1.18549e-09	-0.044627
1.18556e-09	-0.0456555
1.18563e-09	-0.0466842
1.1857e-09	-0.0477131
1.18577e-09	-0.0487423
1.18584e-09	-0.0497717
1.18592e-09	-0.0508013
1.18599e-09	-0.0518312
1.18606e-09	-0.0528613
1.18613e-09	-0.0538915
1.1862e-09	-0.054922
1.18627e-09	-0.0559528
1.18634e-09	-0.0569837
1.18641e-09	-0.0580148
1.18648e-09	-0.0590462
1.18655e-09	-0.0600777
1.18662e-09	-0.0611095
1.1867e-09	-0.0621414
1.18677e-09	-0.0631736
1.18684e-09	-0.0642059
1.18691e-09	-0.0652385
1.18698e-09	-0.0662712
1.18705e-09	-0.0673042
1.18712e-09	-0.0683373
1.18719e-09	-0.0693706
1.18726e-09	-0.0704041
1.18733e-09	-0.0714378
1.1874e-09	-0.0724717
1.18748e-09	-0.0735057
1.18755e-09	-0.0745399
1.18762e-09	-0.0755744
1.18769e-09	-0.0766089
1.18776e-09	-0.0776437
1.18783e-09	-0.0786786
1.1879e-09	-0.0797137
1.18797e-09	-0.080749
1.18804e-09	-0.0817844
1.18811e-09	-0.08282
1.18818e-09	-0.0838557
1.18826e-09	-0.0848917
1.18833e-09	-0.0859277
1.1884e-09	-0.086964
1.18847e-09	-0.0880003
1.18854e-09	-0.0890369
1.18861e-09	-0.0900735
1.18868e-09	-0.0911104
1.18875e-09	-0.0921473
1.18882e-09	-0.0931844
1.18889e-09	-0.0942217
1.18897e-09	-0.0952591
1.18904e-09	-0.0962966
1.18911e-09	-0.0973343
1.18918e-09	-0.0983721
1.18925e-09	-0.09941
1.18932e-09	-0.100448
1.18939e-09	-0.101486
1.18946e-09	-0.102525
1.18953e-09	-0.103563
1.1896e-09	-0.104602
1.18967e-09	-0.10564
1.18975e-09	-0.106679
1.18982e-09	-0.107718
1.18989e-09	-0.108757
1.18996e-09	-0.109796
1.19003e-09	-0.110835
1.1901e-09	-0.111875
1.19017e-09	-0.112914
1.19024e-09	-0.113954
1.19031e-09	-0.114994
1.19038e-09	-0.116033
1.19045e-09	-0.117073
1.19053e-09	-0.118113
1.1906e-09	-0.119153
1.19067e-09	-0.120193
1.19074e-09	-0.121234
1.19081e-09	-0.122274
1.19088e-09	-0.123314
1.19095e-09	-0.124355
1.19102e-09	-0.125395
1.19109e-09	-0.126436
1.19116e-09	-0.127477
1.19123e-09	-0.128518
1.19131e-09	-0.129559
1.19138e-09	-0.1306
1.19145e-09	-0.131641
1.19152e-09	-0.132682
1.19159e-09	-0.133723
1.19166e-09	-0.134764
1.19173e-09	-0.135805
1.1918e-09	-0.136847
1.19187e-09	-0.137888
1.19194e-09	-0.13893
1.19201e-09	-0.139971
1.19209e-09	-0.141013
1.19216e-09	-0.142054
1.19223e-09	-0.143096
1.1923e-09	-0.144138
1.19237e-09	-0.145179
1.19244e-09	-0.146221
1.19251e-09	-0.147263
1.19258e-09	-0.148305
1.19265e-09	-0.149347
1.19272e-09	-0.150389
1.1928e-09	-0.151431
1.19287e-09	-0.152473
1.19294e-09	-0.153515
1.19301e-09	-0.154557
1.19308e-09	-0.155599
1.19315e-09	-0.156641
1.19322e-09	-0.157683
1.19329e-09	-0.158725
1.19336e-09	-0.159768
1.19343e-09	-0.16081
1.1935e-09	-0.161852
1.19358e-09	-0.162894
1.19365e-09	-0.163936
1.19372e-09	-0.164979
1.19379e-09	-0.166021
1.19386e-09	-0.167063
1.19393e-09	-0.168105
1.194e-09	-0.169148
1.19407e-09	-0.17019
1.19414e-09	-0.171232
1.19421e-09	-0.172274
1.19428e-09	-0.173316
1.19436e-09	-0.174359
1.19443e-09	-0.175401
1.1945e-09	-0.176443
1.19457e-09	-0.177485
1.19464e-09	-0.178527
1.19471e-09	-0.179569
1.19478e-09	-0.180611
1.19485e-09	-0.181653
1.19492e-09	-0.182695
1.19499e-09	-0.183737
1.19506e-09	-0.184779
1.19514e-09	-0.185821
1.19521e-09	-0.186863
1.19528e-09	-0.187905
1.19535e-09	-0.188947
1.19542e-09	-0.189988
1.19549e-09	-0.19103
1.19556e-09	-0.192072
1.19563e-09	-0.193113
1.1957e-09	-0.194155
1.19577e-09	-0.195196
1.19585e-09	-0.196238
1.19592e-09	-0.197279
1.19599e-09	-0.198321
1.19606e-09	-0.199362
1.19613e-09	-0.200403
1.1962e-09	-0.201444
1.19627e-09	-0.202485
1.19634e-09	-0.203526
1.19641e-09	-0.204567
1.19648e-09	-0.205608
1.19655e-09	-0.206649
1.19663e-09	-0.20769
1.1967e-09	-0.20873
1.19677e-09	-0.209771
1.19684e-09	-0.210811
1.19691e-09	-0.211852
1.19698e-09	-0.212892
1.19705e-09	-0.213932
1.19712e-09	-0.214972
1.19719e-09	-0.216012
1.19726e-09	-0.217052
1.19733e-09	-0.218092
1.19741e-09	-0.219132
1.19748e-09	-0.220171
1.19755e-09	-0.221211
1.19762e-09	-0.22225
1.19769e-09	-0.22329
1.19776e-09	-0.224329
1.19783e-09	-0.225368
1.1979e-09	-0.226407
1.19797e-09	-0.227446
1.19804e-09	-0.228484
1.19811e-09	-0.229523
1.19819e-09	-0.230561
1.19826e-09	-0.2316
1.19833e-09	-0.232638
1.1984e-09	-0.233676
1.19847e-09	-0.234714
1.19854e-09	-0.235752
1.19861e-09	-0.23679
1.19868e-09	-0.237827
1.19875e-09	-0.238865
1.19882e-09	-0.239902
1.19889e-09	-0.240939
1.19897e-09	-0.241976
1.19904e-09	-0.243013
1.19911e-09	-0.24405
1.19918e-09	-0.245086
1.19925e-09	-0.246123
1.19932e-09	-0.247159
1.19939e-09	-0.248195
1.19946e-09	-0.249231
1.19953e-09	-0.250267
1.1996e-09	-0.251302
1.19968e-09	-0.252338
1.19975e-09	-0.253373
1.19982e-09	-0.254408
1.19989e-09	-0.255443
1.19996e-09	-0.256478
1.20003e-09	-0.257512
1.2001e-09	-0.258547
1.20017e-09	-0.259581
1.20024e-09	-0.260615
1.20031e-09	-0.261649
1.20038e-09	-0.262683
1.20046e-09	-0.263716
1.20053e-09	-0.264749
1.2006e-09	-0.265783
1.20067e-09	-0.266815
1.20074e-09	-0.267848
1.20081e-09	-0.268881
1.20088e-09	-0.269913
1.20095e-09	-0.270945
1.20102e-09	-0.271977
1.20109e-09	-0.273009
1.20116e-09	-0.27404
1.20124e-09	-0.275071
1.20131e-09	-0.276103
1.20138e-09	-0.277133
1.20145e-09	-0.278164
1.20152e-09	-0.279194
1.20159e-09	-0.280225
1.20166e-09	-0.281255
1.20173e-09	-0.282284
1.2018e-09	-0.283314
1.20187e-09	-0.284343
1.20194e-09	-0.285372
1.20202e-09	-0.286401
1.20209e-09	-0.28743
1.20216e-09	-0.288458
1.20223e-09	-0.289486
1.2023e-09	-0.290514
1.20237e-09	-0.291542
1.20244e-09	-0.292569
1.20251e-09	-0.293596
1.20258e-09	-0.294623
1.20265e-09	-0.29565
1.20273e-09	-0.296676
1.2028e-09	-0.297702
1.20287e-09	-0.298728
1.20294e-09	-0.299754
1.20301e-09	-0.300779
1.20308e-09	-0.301804
1.20315e-09	-0.302829
1.20322e-09	-0.303853
1.20329e-09	-0.304878
1.20336e-09	-0.305902
1.20343e-09	-0.306925
1.20351e-09	-0.307949
1.20358e-09	-0.308972
1.20365e-09	-0.309995
1.20372e-09	-0.311017
1.20379e-09	-0.31204
1.20386e-09	-0.313062
1.20393e-09	-0.314084
1.204e-09	-0.315105
1.20407e-09	-0.316126
1.20414e-09	-0.317147
1.20421e-09	-0.318168
1.20429e-09	-0.319188
1.20436e-09	-0.320208
1.20443e-09	-0.321227
1.2045e-09	-0.322247
1.20457e-09	-0.323266
1.20464e-09	-0.324285
1.20471e-09	-0.325303
1.20478e-09	-0.326321
1.20485e-09	-0.327339
1.20492e-09	-0.328356
1.20499e-09	-0.329374
1.20507e-09	-0.33039
1.20514e-09	-0.331407
1.20521e-09	-0.332423
1.20528e-09	-0.333439
1.20535e-09	-0.334454
1.20542e-09	-0.33547
1.20549e-09	-0.336485
1.20556e-09	-0.337499
1.20563e-09	-0.338513
1.2057e-09	-0.339527
1.20577e-09	-0.340541
1.20585e-09	-0.341554
1.20592e-09	-0.342567
1.20599e-09	-0.343579
1.20606e-09	-0.344591
1.20613e-09	-0.345603
1.2062e-09	-0.346614
1.20627e-09	-0.347625
1.20634e-09	-0.348636
1.20641e-09	-0.349646
1.20648e-09	-0.350656
1.20656e-09	-0.351666
1.20663e-09	-0.352675
1.2067e-09	-0.353684
1.20677e-09	-0.354692
1.20684e-09	-0.355701
1.20691e-09	-0.356708
1.20698e-09	-0.357716
1.20705e-09	-0.358723
1.20712e-09	-0.359729
1.20719e-09	-0.360736
1.20726e-09	-0.361741
1.20734e-09	-0.362747
1.20741e-09	-0.363752
1.20748e-09	-0.364757
1.20755e-09	-0.365761
1.20762e-09	-0.366765
1.20769e-09	-0.367768
1.20776e-09	-0.368771
1.20783e-09	-0.369774
1.2079e-09	-0.370776
1.20797e-09	-0.371778
1.20804e-09	-0.372779
1.20812e-09	-0.37378
1.20819e-09	-0.374781
1.20826e-09	-0.375781
1.20833e-09	-0.376781
1.2084e-09	-0.37778
1.20847e-09	-0.378779
1.20854e-09	-0.379778
1.20861e-09	-0.380776
1.20868e-09	-0.381774
1.20875e-09	-0.382771
1.20882e-09	-0.383768
1.2089e-09	-0.384764
1.20897e-09	-0.38576
1.20904e-09	-0.386756
1.20911e-09	-0.387751
1.20918e-09	-0.388745
1.20925e-09	-0.38974
1.20932e-09	-0.390733
1.20939e-09	-0.391727
1.20946e-09	-0.39272
1.20953e-09	-0.393712
1.20961e-09	-0.394704
1.20968e-09	-0.395695
1.20975e-09	-0.396686
1.20982e-09	-0.397677
1.20989e-09	-0.398667
1.20996e-09	-0.399657
1.21003e-09	-0.400646
1.2101e-09	-0.401635
1.21017e-09	-0.402623
1.21024e-09	-0.403611
1.21031e-09	-0.404598
1.21039e-09	-0.405585
1.21046e-09	-0.406571
1.21053e-09	-0.407557
1.2106e-09	-0.408542
1.21067e-09	-0.409527
1.21074e-09	-0.410512
1.21081e-09	-0.411496
1.21088e-09	-0.412479
1.21095e-09	-0.413462
1.21102e-09	-0.414444
1.21109e-09	-0.415426
1.21117e-09	-0.416408
1.21124e-09	-0.417389
1.21131e-09	-0.418369
1.21138e-09	-0.419349
1.21145e-09	-0.420329
1.21152e-09	-0.421308
1.21159e-09	-0.422286
1.21166e-09	-0.423264
1.21173e-09	-0.424241
1.2118e-09	-0.425218
1.21187e-09	-0.426195
1.21195e-09	-0.42717
1.21202e-09	-0.428146
1.21209e-09	-0.42912
1.21216e-09	-0.430095
1.21223e-09	-0.431068
1.2123e-09	-0.432042
1.21237e-09	-0.433014
1.21244e-09	-0.433986
1.21251e-09	-0.434958
1.21258e-09	-0.435929
1.21266e-09	-0.4369
1.21273e-09	-0.43787
1.2128e-09	-0.438839
1.21287e-09	-0.439808
1.21294e-09	-0.440776
1.21301e-09	-0.441744
1.21308e-09	-0.442711
1.21315e-09	-0.443678
1.21322e-09	-0.444644
1.21329e-09	-0.44561
1.21336e-09	-0.446575
1.21344e-09	-0.447539
1.21351e-09	-0.448503
1.21358e-09	-0.449466
1.21365e-09	-0.450429
1.21372e-09	-0.451391
1.21379e-09	-0.452353
1.21386e-09	-0.453314
1.21393e-09	-0.454274
1.214e-09	-0.455234
1.21407e-09	-0.456193
1.21414e-09	-0.457152
1.21422e-09	-0.45811
1.21429e-09	-0.459068
1.21436e-09	-0.460025
1.21443e-09	-0.460981
1.2145e-09	-0.461937
1.21457e-09	-0.462892
1.21464e-09	-0.463846
1.21471e-09	-0.4648
1.21478e-09	-0.465754
1.21485e-09	-0.466706
1.21492e-09	-0.467658
1.215e-09	-0.46861
1.21507e-09	-0.469561
1.21514e-09	-0.470511
1.21521e-09	-0.471461
1.21528e-09	-0.47241
1.21535e-09	-0.473358
1.21542e-09	-0.474306
1.21549e-09	-0.475254
1.21556e-09	-0.4762
1.21563e-09	-0.477146
1.2157e-09	-0.478091
1.21578e-09	-0.479036
1.21585e-09	-0.47998
1.21592e-09	-0.480924
1.21599e-09	-0.481867
1.21606e-09	-0.482809
1.21613e-09	-0.48375
1.2162e-09	-0.484691
1.21627e-09	-0.485631
1.21634e-09	-0.486571
1.21641e-09	-0.48751
1.21649e-09	-0.488448
1.21656e-09	-0.489386
1.21663e-09	-0.490323
1.2167e-09	-0.491259
1.21677e-09	-0.492195
1.21684e-09	-0.49313
1.21691e-09	-0.494064
1.21698e-09	-0.494998
1.21705e-09	-0.495931
1.21712e-09	-0.496864
1.21719e-09	-0.497795
1.21727e-09	-0.498726
1.21734e-09	-0.499657
1.21741e-09	-0.500586
1.21748e-09	-0.501515
1.21755e-09	-0.502444
1.21762e-09	-0.503371
1.21769e-09	-0.504298
1.21776e-09	-0.505225
1.21783e-09	-0.50615
1.2179e-09	-0.507075
1.21797e-09	-0.507999
1.21805e-09	-0.508923
1.21812e-09	-0.509846
1.21819e-09	-0.510768
1.21826e-09	-0.511689
1.21833e-09	-0.51261
1.2184e-09	-0.51353
1.21847e-09	-0.514449
1.21854e-09	-0.515368
1.21861e-09	-0.516286
1.21868e-09	-0.517203
1.21875e-09	-0.518119
1.21883e-09	-0.519035
1.2189e-09	-0.51995
1.21897e-09	-0.520865
1.21904e-09	-0.521778
1.21911e-09	-0.522691
1.21918e-09	-0.523603
1.21925e-09	-0.524515
1.21932e-09	-0.525425
1.21939e-09	-0.526335
1.21946e-09	-0.527245
1.21954e-09	-0.528153
1.21961e-09	-0.529061
1.21968e-09	-0.529968
1.21975e-09	-0.530874
1.21982e-09	-0.53178
1.21989e-09	-0.532685
1.21996e-09	-0.533589
1.22003e-09	-0.534492
1.2201e-09	-0.535395
1.22017e-09	-0.536297
1.22024e-09	-0.537198
1.22032e-09	-0.538098
1.22039e-09	-0.538997
1.22046e-09	-0.539896
1.22053e-09	-0.540794
1.2206e-09	-0.541692
1.22067e-09	-0.542588
1.22074e-09	-0.543484
1.22081e-09	-0.544379
1.22088e-09	-0.545273
1.22095e-09	-0.546166
1.22102e-09	-0.547059
1.2211e-09	-0.547951
1.22117e-09	-0.548842
1.22124e-09	-0.549732
1.22131e-09	-0.550622
1.22138e-09	-0.551511
1.22145e-09	-0.552399
1.22152e-09	-0.553286
1.22159e-09	-0.554172
1.22166e-09	-0.555058
1.22173e-09	-0.555943
1.2218e-09	-0.556827
1.22188e-09	-0.55771
1.22195e-09	-0.558592
1.22202e-09	-0.559474
1.22209e-09	-0.560355
1.22216e-09	-0.561235
1.22223e-09	-0.562114
1.2223e-09	-0.562992
1.22237e-09	-0.56387
1.22244e-09	-0.564746
1.22251e-09	-0.565622
1.22258e-09	-0.566498
1.22266e-09	-0.567372
1.22273e-09	-0.568245
1.2228e-09	-0.569118
1.22287e-09	-0.56999
1.22294e-09	-0.570861
1.22301e-09	-0.571731
1.22308e-09	-0.5726
1.22315e-09	-0.573469
1.22322e-09	-0.574337
1.22329e-09	-0.575203
1.22337e-09	-0.576069
1.22344e-09	-0.576935
1.22351e-09	-0.577799
1.22358e-09	-0.578662
1.22365e-09	-0.579525
1.22372e-09	-0.580387
1.22379e-09	-0.581248
1.22386e-09	-0.582108
1.22393e-09	-0.582967
1.224e-09	-0.583825
1.22407e-09	-0.584683
1.22415e-09	-0.58554
1.22422e-09	-0.586395
1.22429e-09	-0.58725
1.22436e-09	-0.588104
1.22443e-09	-0.588958
1.2245e-09	-0.58981
1.22457e-09	-0.590662
1.22464e-09	-0.591512
1.22471e-09	-0.592362
1.22478e-09	-0.593211
1.22485e-09	-0.594059
1.22493e-09	-0.594906
1.225e-09	-0.595752
1.22507e-09	-0.596597
1.22514e-09	-0.597442
1.22521e-09	-0.598285
1.22528e-09	-0.599128
1.22535e-09	-0.59997
1.22542e-09	-0.600811
1.22549e-09	-0.601651
1.22556e-09	-0.60249
1.22563e-09	-0.603328
1.22571e-09	-0.604165
1.22578e-09	-0.605002
1.22585e-09	-0.605837
1.22592e-09	-0.606672
1.22599e-09	-0.607506
1.22606e-09	-0.608338
1.22613e-09	-0.60917
1.2262e-09	-0.610001
1.22627e-09	-0.610831
1.22634e-09	-0.61166
1.22642e-09	-0.612489
1.22649e-09	-0.613316
1.22656e-09	-0.614142
1.22663e-09	-0.614968
1.2267e-09	-0.615792
1.22677e-09	-0.616616
1.22684e-09	-0.617438
1.22691e-09	-0.61826
1.22698e-09	-0.619081
1.22705e-09	-0.619901
1.22712e-09	-0.62072
1.2272e-09	-0.621538
1.22727e-09	-0.622355
1.22734e-09	-0.623171
1.22741e-09	-0.623986
1.22748e-09	-0.6248
1.22755e-09	-0.625614
1.22762e-09	-0.626426
1.22769e-09	-0.627237
1.22776e-09	-0.628048
1.22783e-09	-0.628857
1.2279e-09	-0.629666
1.22798e-09	-0.630473
1.22805e-09	-0.63128
1.22812e-09	-0.632086
1.22819e-09	-0.63289
1.22826e-09	-0.633694
1.22833e-09	-0.634497
1.2284e-09	-0.635298
1.22847e-09	-0.636099
1.22854e-09	-0.636899
1.22861e-09	-0.637698
1.22868e-09	-0.638496
1.22876e-09	-0.639293
1.22883e-09	-0.640089
1.2289e-09	-0.640884
1.22897e-09	-0.641678
1.22904e-09	-0.642471
1.22911e-09	-0.643263
1.22918e-09	-0.644054
1.22925e-09	-0.644844
1.22932e-09	-0.645633
1.22939e-09	-0.646421
1.22946e-09	-0.647208
1.22954e-09	-0.647994
1.22961e-09	-0.648779
1.22968e-09	-0.649563
1.22975e-09	-0.650346
1.22982e-09	-0.651128
1.22989e-09	-0.651909
1.22996e-09	-0.652689
1.23003e-09	-0.653468
1.2301e-09	-0.654246
1.23017e-09	-0.655023
1.23025e-09	-0.655799
1.23032e-09	-0.656574
1.23039e-09	-0.657348
1.23046e-09	-0.658121
1.23053e-09	-0.658892
1.2306e-09	-0.659663
1.23067e-09	-0.660433
1.23074e-09	-0.661202
1.23081e-09	-0.66197
1.23088e-09	-0.662736
1.23095e-09	-0.663502
1.23103e-09	-0.664267
1.2311e-09	-0.665031
1.23117e-09	-0.665793
1.23124e-09	-0.666555
1.23131e-09	-0.667315
1.23138e-09	-0.668075
1.23145e-09	-0.668833
1.23152e-09	-0.669591
1.23159e-09	-0.670347
1.23166e-09	-0.671102
1.23173e-09	-0.671857
1.23181e-09	-0.67261
1.23188e-09	-0.673362
1.23195e-09	-0.674113
1.23202e-09	-0.674863
1.23209e-09	-0.675612
1.23216e-09	-0.67636
1.23223e-09	-0.677107
1.2323e-09	-0.677853
1.23237e-09	-0.678597
1.23244e-09	-0.679341
1.23251e-09	-0.680083
1.23259e-09	-0.680825
1.23266e-09	-0.681565
1.23273e-09	-0.682305
1.2328e-09	-0.683043
1.23287e-09	-0.68378
1.23294e-09	-0.684516
1.23301e-09	-0.685251
1.23308e-09	-0.685985
1.23315e-09	-0.686718
1.23322e-09	-0.68745
1.2333e-09	-0.688181
1.23337e-09	-0.68891
1.23344e-09	-0.689639
1.23351e-09	-0.690366
1.23358e-09	-0.691093
1.23365e-09	-0.691818
1.23372e-09	-0.692542
1.23379e-09	-0.693265
1.23386e-09	-0.693987
1.23393e-09	-0.694708
1.234e-09	-0.695428
1.23408e-09	-0.696146
1.23415e-09	-0.696864
1.23422e-09	-0.69758
1.23429e-09	-0.698295
1.23436e-09	-0.699009
1.23443e-09	-0.699723
1.2345e-09	-0.700435
1.23457e-09	-0.701145
1.23464e-09	-0.701855
1.23471e-09	-0.702564
1.23478e-09	-0.703271
1.23486e-09	-0.703977
1.23493e-09	-0.704683
1.235e-09	-0.705387
1.23507e-09	-0.70609
1.23514e-09	-0.706791
1.23521e-09	-0.707492
1.23528e-09	-0.708192
1.23535e-09	-0.70889
1.23542e-09	-0.709587
1.23549e-09	-0.710284
1.23556e-09	-0.710979
1.23564e-09	-0.711672
1.23571e-09	-0.712365
1.23578e-09	-0.713057
1.23585e-09	-0.713747
1.23592e-09	-0.714436
1.23599e-09	-0.715124
1.23606e-09	-0.715811
1.23613e-09	-0.716497
1.2362e-09	-0.717182
1.23627e-09	-0.717865
1.23634e-09	-0.718548
1.23642e-09	-0.719229
1.23649e-09	-0.719909
1.23656e-09	-0.720588
1.23663e-09	-0.721265
1.2367e-09	-0.721942
1.23677e-09	-0.722617
1.23684e-09	-0.723291
1.23691e-09	-0.723964
1.23698e-09	-0.724636
1.23705e-09	-0.725307
1.23713e-09	-0.725976
1.2372e-09	-0.726645
1.23727e-09	-0.727312
1.23734e-09	-0.727978
1.23741e-09	-0.728643
1.23748e-09	-0.729306
1.23755e-09	-0.729968
1.23762e-09	-0.73063
1.23769e-09	-0.73129
1.23776e-09	-0.731949
1.23783e-09	-0.732606
1.23791e-09	-0.733263
1.23798e-09	-0.733918
1.23805e-09	-0.734572
1.23812e-09	-0.735225
1.23819e-09	-0.735876
1.23826e-09	-0.736527
1.23833e-09	-0.737176
1.2384e-09	-0.737824
1.23847e-09	-0.738471
1.23854e-09	-0.739117
1.23861e-09	-0.739761
1.23869e-09	-0.740404
1.23876e-09	-0.741046
1.23883e-09	-0.741687
1.2389e-09	-0.742327
1.23897e-09	-0.742965
1.23904e-09	-0.743602
1.23911e-09	-0.744238
1.23918e-09	-0.744873
1.23925e-09	-0.745506
1.23932e-09	-0.746138
1.23939e-09	-0.746769
1.23947e-09	-0.747399
1.23954e-09	-0.748028
1.23961e-09	-0.748655
1.23968e-09	-0.749281
1.23975e-09	-0.749906
1.23982e-09	-0.75053
1.23989e-09	-0.751152
1.23996e-09	-0.751773
1.24003e-09	-0.752393
1.2401e-09	-0.753012
1.24018e-09	-0.753629
1.24025e-09	-0.754246
1.24032e-09	-0.754861
1.24039e-09	-0.755474
1.24046e-09	-0.756087
1.24053e-09	-0.756698
1.2406e-09	-0.757308
1.24067e-09	-0.757917
1.24074e-09	-0.758524
1.24081e-09	-0.75913
1.24088e-09	-0.759735
1.24096e-09	-0.760339
1.24103e-09	-0.760941
1.2411e-09	-0.761542
1.24117e-09	-0.762142
1.24124e-09	-0.762741
1.24131e-09	-0.763338
1.24138e-09	-0.763934
1.24145e-09	-0.764529
1.24152e-09	-0.765123
1.24159e-09	-0.765715
1.24166e-09	-0.766306
1.24174e-09	-0.766896
1.24181e-09	-0.767484
1.24188e-09	-0.768071
1.24195e-09	-0.768657
1.24202e-09	-0.769242
1.24209e-09	-0.769825
1.24216e-09	-0.770407
1.24223e-09	-0.770988
1.2423e-09	-0.771568
1.24237e-09	-0.772146
1.24244e-09	-0.772723
1.24252e-09	-0.773299
1.24259e-09	-0.773873
1.24266e-09	-0.774446
1.24273e-09	-0.775018
1.2428e-09	-0.775588
1.24287e-09	-0.776157
1.24294e-09	-0.776725
1.24301e-09	-0.777292
1.24308e-09	-0.777857
1.24315e-09	-0.778421
1.24322e-09	-0.778984
1.2433e-09	-0.779545
1.24337e-09	-0.780105
1.24344e-09	-0.780664
1.24351e-09	-0.781221
1.24358e-09	-0.781777
1.24365e-09	-0.782332
1.24372e-09	-0.782886
1.24379e-09	-0.783438
1.24386e-09	-0.783989
1.24393e-09	-0.784538
1.24401e-09	-0.785086
1.24408e-09	-0.785633
1.24415e-09	-0.786179
1.24422e-09	-0.786723
1.24429e-09	-0.787266
1.24436e-09	-0.787808
1.24443e-09	-0.788348
1.2445e-09	-0.788887
1.24457e-09	-0.789424
1.24464e-09	-0.789961
1.24471e-09	-0.790496
1.24479e-09	-0.791029
1.24486e-09	-0.791562
1.24493e-09	-0.792093
1.245e-09	-0.792622
1.24507e-09	-0.79315
1.24514e-09	-0.793677
1.24521e-09	-0.794203
1.24528e-09	-0.794727
1.24535e-09	-0.79525
1.24542e-09	-0.795772
1.24549e-09	-0.796292
1.24557e-09	-0.796811
1.24564e-09	-0.797328
1.24571e-09	-0.797844
1.24578e-09	-0.798359
1.24585e-09	-0.798873
1.24592e-09	-0.799385
1.24599e-09	-0.799896
1.24606e-09	-0.800405
1.24613e-09	-0.800913
1.2462e-09	-0.80142
1.24627e-09	-0.801925
1.24635e-09	-0.802429
1.24642e-09	-0.802932
1.24649e-09	-0.803433
1.24656e-09	-0.803933
1.24663e-09	-0.804431
1.2467e-09	-0.804928
1.24677e-09	-0.805424
1.24684e-09	-0.805918
1.24691e-09	-0.806411
1.24698e-09	-0.806903
1.24706e-09	-0.807393
1.24713e-09	-0.807882
1.2472e-09	-0.80837
1.24727e-09	-0.808856
1.24734e-09	-0.80934
1.24741e-09	-0.809824
1.24748e-09	-0.810306
1.24755e-09	-0.810786
1.24762e-09	-0.811266
1.24769e-09	-0.811743
1.24776e-09	-0.81222
1.24784e-09	-0.812695
1.24791e-09	-0.813168
1.24798e-09	-0.813641
1.24805e-09	-0.814112
1.24812e-09	-0.814581
1.24819e-09	-0.815049
1.24826e-09	-0.815516
1.24833e-09	-0.815981
1.2484e-09	-0.816445
1.24847e-09	-0.816907
1.24854e-09	-0.817369
1.24862e-09	-0.817828
1.24869e-09	-0.818286
1.24876e-09	-0.818743
1.24883e-09	-0.819199
1.2489e-09	-0.819653
1.24897e-09	-0.820105
1.24904e-09	-0.820557
1.24911e-09	-0.821007
1.24918e-09	-0.821455
1.24925e-09	-0.821902
1.24932e-09	-0.822348
1.2494e-09	-0.822792
1.24947e-09	-0.823234
1.24954e-09	-0.823676
1.24961e-09	-0.824116
1.24968e-09	-0.824554
1.24975e-09	-0.824991
1.24982e-09	-0.825427
1.24989e-09	-0.825861
1.24996e-09	-0.826294
1.25003e-09	-0.826725
1.2501e-09	-0.827155
1.25018e-09	-0.827584
1.25025e-09	-0.828011
1.25032e-09	-0.828437
1.25039e-09	-0.828861
1.25046e-09	-0.829284
1.25053e-09	-0.829705
1.2506e-09	-0.830125
1.25067e-09	-0.830543
1.25074e-09	-0.830961
1.25081e-09	-0.831376
1.25089e-09	-0.83179
1.25096e-09	-0.832203
1.25103e-09	-0.832614
1.2511e-09	-0.833024
1.25117e-09	-0.833433
1.25124e-09	-0.83384
1.25131e-09	-0.834245
1.25138e-09	-0.834649
1.25145e-09	-0.835052
1.25152e-09	-0.835453
1.25159e-09	-0.835853
1.25167e-09	-0.836251
1.25174e-09	-0.836648
1.25181e-09	-0.837043
1.25188e-09	-0.837437
1.25195e-09	-0.837829
1.25202e-09	-0.83822
1.25209e-09	-0.83861
1.25216e-09	-0.838998
1.25223e-09	-0.839385
1.2523e-09	-0.83977
1.25237e-09	-0.840154
1.25245e-09	-0.840536
1.25252e-09	-0.840917
1.25259e-09	-0.841296
1.25266e-09	-0.841674
1.25273e-09	-0.84205
1.2528e-09	-0.842425
1.25287e-09	-0.842798
1.25294e-09	-0.84317
1.25301e-09	-0.843541
1.25308e-09	-0.84391
1.25315e-09	-0.844277
1.25323e-09	-0.844643
1.2533e-09	-0.845008
1.25337e-09	-0.845371
1.25344e-09	-0.845733
1.25351e-09	-0.846093
1.25358e-09	-0.846452
1.25365e-09	-0.846809
1.25372e-09	-0.847164
1.25379e-09	-0.847519
1.25386e-09	-0.847871
1.25394e-09	-0.848223
1.25401e-09	-0.848572
1.25408e-09	-0.848921
1.25415e-09	-0.849267
1.25422e-09	-0.849613
1.25429e-09	-0.849957
1.25436e-09	-0.850299
1.25443e-09	-0.85064
1.2545e-09	-0.850979
1.25457e-09	-0.851317
1.25464e-09	-0.851653
1.25472e-09	-0.851988
1.25479e-09	-0.852322
1.25486e-09	-0.852653
1.25493e-09	-0.852984
1.255e-09	-0.853313
1.25507e-09	-0.85364
1.25514e-09	-0.853966
1.25521e-09	-0.85429
1.25528e-09	-0.854613
1.25535e-09	-0.854934
1.25542e-09	-0.855254
1.2555e-09	-0.855572
1.25557e-09	-0.855889
1.25564e-09	-0.856205
1.25571e-09	-0.856518
1.25578e-09	-0.856831
1.25585e-09	-0.857141
1.25592e-09	-0.857451
1.25599e-09	-0.857759
1.25606e-09	-0.858065
1.25613e-09	-0.85837
1.2562e-09	-0.858673
1.25628e-09	-0.858974
1.25635e-09	-0.859275
1.25642e-09	-0.859573
1.25649e-09	-0.85987
1.25656e-09	-0.860166
1.25663e-09	-0.86046
1.2567e-09	-0.860753
1.25677e-09	-0.861044
1.25684e-09	-0.861333
1.25691e-09	-0.861621
1.25698e-09	-0.861908
1.25706e-09	-0.862193
1.25713e-09	-0.862476
1.2572e-09	-0.862758
1.25727e-09	-0.863038
1.25734e-09	-0.863317
1.25741e-09	-0.863595
1.25748e-09	-0.86387
1.25755e-09	-0.864145
1.25762e-09	-0.864417
1.25769e-09	-0.864689
1.25777e-09	-0.864958
1.25784e-09	-0.865226
1.25791e-09	-0.865493
1.25798e-09	-0.865758
1.25805e-09	-0.866021
1.25812e-09	-0.866283
1.25819e-09	-0.866544
1.25826e-09	-0.866803
1.25833e-09	-0.86706
1.2584e-09	-0.867316
1.25847e-09	-0.86757
1.25855e-09	-0.867823
1.25862e-09	-0.868074
1.25869e-09	-0.868323
1.25876e-09	-0.868571
1.25883e-09	-0.868818
1.2589e-09	-0.869063
1.25897e-09	-0.869306
1.25904e-09	-0.869548
1.25911e-09	-0.869789
1.25918e-09	-0.870027
1.25925e-09	-0.870264
1.25933e-09	-0.8705
1.2594e-09	-0.870734
1.25947e-09	-0.870967
1.25954e-09	-0.871198
1.25961e-09	-0.871427
1.25968e-09	-0.871655
1.25975e-09	-0.871881
1.25982e-09	-0.872106
1.25989e-09	-0.872329
1.25996e-09	-0.872551
1.26003e-09	-0.872771
1.26011e-09	-0.87299
1.26018e-09	-0.873207
1.26025e-09	-0.873422
1.26032e-09	-0.873636
1.26039e-09	-0.873848
1.26046e-09	-0.874059
1.26053e-09	-0.874268
1.2606e-09	-0.874476
1.26067e-09	-0.874682
1.26074e-09	-0.874886
1.26082e-09	-0.875089
1.26089e-09	-0.87529
1.26096e-09	-0.87549
1.26103e-09	-0.875688
1.2611e-09	-0.875885
1.26117e-09	-0.87608
1.26124e-09	-0.876273
1.26131e-09	-0.876465
1.26138e-09	-0.876655
1.26145e-09	-0.876844
1.26152e-09	-0.877031
1.2616e-09	-0.877217
1.26167e-09	-0.877401
1.26174e-09	-0.877583
1.26181e-09	-0.877764
1.26188e-09	-0.877943
1.26195e-09	-0.878121
1.26202e-09	-0.878297
1.26209e-09	-0.878471
1.26216e-09	-0.878644
1.26223e-09	-0.878816
1.2623e-09	-0.878985
1.26238e-09	-0.879154
1.26245e-09	-0.87932
1.26252e-09	-0.879485
1.26259e-09	-0.879649
1.26266e-09	-0.87981
1.26273e-09	-0.879971
1.2628e-09	-0.880129
1.26287e-09	-0.880286
1.26294e-09	-0.880442
1.26301e-09	-0.880596
1.26308e-09	-0.880748
1.26316e-09	-0.880899
1.26323e-09	-0.881048
1.2633e-09	-0.881195
1.26337e-09	-0.881341
1.26344e-09	-0.881486
1.26351e-09	-0.881628
1.26358e-09	-0.88177
1.26365e-09	-0.881909
1.26372e-09	-0.882047
1.26379e-09	-0.882183
1.26386e-09	-0.882318
1.26394e-09	-0.882451
1.26401e-09	-0.882583
1.26408e-09	-0.882713
1.26415e-09	-0.882841
1.26422e-09	-0.882968
1.26429e-09	-0.883093
1.26436e-09	-0.883217
1.26443e-09	-0.883339
1.2645e-09	-0.883459
1.26457e-09	-0.883578
1.26465e-09	-0.883695
1.26472e-09	-0.883811
1.26479e-09	-0.883924
1.26486e-09	-0.884037
1.26493e-09	-0.884148
1.265e-09	-0.884257
1.26507e-09	-0.884364
1.26514e-09	-0.88447
1.26521e-09	-0.884574
1.26528e-09	-0.884677
1.26535e-09	-0.884778
1.26543e-09	-0.884878
1.2655e-09	-0.884976
1.26557e-09	-0.885072
1.26564e-09	-0.885167
1.26571e-09	-0.88526
1.26578e-09	-0.885351
1.26585e-09	-0.885441
1.26592e-09	-0.885529
1.26599e-09	-0.885616
1.26606e-09	-0.885701
1.26613e-09	-0.885784
1.26621e-09	-0.885866
1.26628e-09	-0.885946
1.26635e-09	-0.886024
1.26642e-09	-0.886101
1.26649e-09	-0.886177
1.26656e-09	-0.88625
1.26663e-09	-0.886322
1.2667e-09	-0.886393
1.26677e-09	-0.886461
1.26684e-09	-0.886529
1.26691e-09	-0.886594
1.26699e-09	-0.886658
1.26706e-09	-0.886721
1.26713e-09	-0.886781
1.2672e-09	-0.88684
1.26727e-09	-0.886898
1.26734e-09	-0.886954
1.26741e-09	-0.887008
1.26748e-09	-0.887061
1.26755e-09	-0.887111
1.26762e-09	-0.887161
1.2677e-09	-0.887209
1.26777e-09	-0.887255
1.26784e-09	-0.887299
1.26791e-09	-0.887342
1.26798e-09	-0.887383
1.26805e-09	-0.887423
1.26812e-09	-0.887461
1.26819e-09	-0.887497
1.26826e-09	-0.887532
1.26833e-09	-0.887565
1.2684e-09	-0.887596
1.26848e-09	-0.887626
1.26855e-09	-0.887654
1.26862e-09	-0.887681
1.26869e-09	-0.887706
1.26876e-09	-0.887729
1.26883e-09	-0.887751
1.2689e-09	-0.887771
1.26897e-09	-0.88779
1.26904e-09	-0.887806
1.26911e-09	-0.887821
1.26918e-09	-0.887835
1.26926e-09	-0.887847
1.26933e-09	-0.887857
1.2694e-09	-0.887866
1.26947e-09	-0.887873
1.26954e-09	-0.887878
1.26961e-09	-0.887882
1.26968e-09	-0.887884
1.26975e-09	-0.887884
1.26982e-09	-0.887883
1.26989e-09	-0.88788
1.26996e-09	-0.887876
1.27004e-09	-0.88787
1.27011e-09	-0.887862
1.27018e-09	-0.887853
1.27025e-09	-0.887842
1.27032e-09	-0.887829
1.27039e-09	-0.887815
1.27046e-09	-0.887799
1.27053e-09	-0.887782
1.2706e-09	-0.887762
1.27067e-09	-0.887741
1.27074e-09	-0.887719
1.27082e-09	-0.887695
1.27089e-09	-0.887669
1.27096e-09	-0.887642
1.27103e-09	-0.887613
1.2711e-09	-0.887582
1.27117e-09	-0.88755
1.27124e-09	-0.887516
1.27131e-09	-0.88748
1.27138e-09	-0.887443
1.27145e-09	-0.887404
1.27153e-09	-0.887364
1.2716e-09	-0.887321
1.27167e-09	-0.887278
1.27174e-09	-0.887232
1.27181e-09	-0.887185
1.27188e-09	-0.887136
1.27195e-09	-0.887086
1.27202e-09	-0.887034
1.27209e-09	-0.88698
1.27216e-09	-0.886925
1.27223e-09	-0.886868
1.27231e-09	-0.886809
1.27238e-09	-0.886749
1.27245e-09	-0.886687
1.27252e-09	-0.886624
1.27259e-09	-0.886559
1.27266e-09	-0.886492
1.27273e-09	-0.886423
1.2728e-09	-0.886353
1.27287e-09	-0.886281
1.27294e-09	-0.886208
1.27301e-09	-0.886133
1.27309e-09	-0.886056
1.27316e-09	-0.885978
1.27323e-09	-0.885898
1.2733e-09	-0.885816
1.27337e-09	-0.885733
1.27344e-09	-0.885648
1.27351e-09	-0.885562
1.27358e-09	-0.885473
1.27365e-09	-0.885383
1.27372e-09	-0.885292
1.27379e-09	-0.885199
1.27387e-09	-0.885104
1.27394e-09	-0.885007
1.27401e-09	-0.884909
1.27408e-09	-0.88481
1.27415e-09	-0.884708
1.27422e-09	-0.884605
1.27429e-09	-0.8845
1.27436e-09	-0.884394
1.27443e-09	-0.884286
1.2745e-09	-0.884176
1.27458e-09	-0.884065
1.27465e-09	-0.883952
1.27472e-09	-0.883837
1.27479e-09	-0.883721
1.27486e-09	-0.883603
1.27493e-09	-0.883484
1.275e-09	-0.883362
1.27507e-09	-0.88324
1.27514e-09	-0.883115
1.27521e-09	-0.882989
1.27528e-09	-0.882861
1.27536e-09	-0.882732
1.27543e-09	-0.8826
1.2755e-09	-0.882468
1.27557e-09	-0.882333
1.27564e-09	-0.882197
1.27571e-09	-0.882059
1.27578e-09	-0.88192
1.27585e-09	-0.881779
1.27592e-09	-0.881636
1.27599e-09	-0.881492
1.27606e-09	-0.881346
1.27614e-09	-0.881198
1.27621e-09	-0.881049
1.27628e-09	-0.880898
1.27635e-09	-0.880746
1.27642e-09	-0.880591
1.27649e-09	-0.880436
1.27656e-09	-0.880278
1.27663e-09	-0.880119
1.2767e-09	-0.879958
1.27677e-09	-0.879795
1.27684e-09	-0.879631
1.27692e-09	-0.879466
1.27699e-09	-0.879298
1.27706e-09	-0.879129
1.27713e-09	-0.878958
1.2772e-09	-0.878786
1.27727e-09	-0.878612
1.27734e-09	-0.878436
1.27741e-09	-0.878259
1.27748e-09	-0.87808
1.27755e-09	-0.877899
1.27763e-09	-0.877717
1.2777e-09	-0.877533
1.27777e-09	-0.877347
1.27784e-09	-0.87716
1.27791e-09	-0.876971
1.27798e-09	-0.87678
1.27805e-09	-0.876588
1.27812e-09	-0.876394
1.27819e-09	-0.876199
1.27826e-09	-0.876002
1.27833e-09	-0.875803
1.27841e-09	-0.875602
1.27848e-09	-0.8754
1.27855e-09	-0.875197
1.27862e-09	-0.874991
1.27869e-09	-0.874784
1.27876e-09	-0.874575
1.27883e-09	-0.874365
1.2789e-09	-0.874153
1.27897e-09	-0.873939
1.27904e-09	-0.873724
1.27911e-09	-0.873507
1.27919e-09	-0.873288
1.27926e-09	-0.873068
1.27933e-09	-0.872846
1.2794e-09	-0.872623
1.27947e-09	-0.872397
1.27954e-09	-0.872171
1.27961e-09	-0.871942
1.27968e-09	-0.871712
1.27975e-09	-0.87148
1.27982e-09	-0.871247
1.27989e-09	-0.871012
1.27997e-09	-0.870775
1.28004e-09	-0.870536
1.28011e-09	-0.870296
1.28018e-09	-0.870055
1.28025e-09	-0.869811
1.28032e-09	-0.869566
1.28039e-09	-0.86932
1.28046e-09	-0.869071
1.28053e-09	-0.868822
1.2806e-09	-0.86857
1.28067e-09	-0.868317
1.28075e-09	-0.868062
1.28082e-09	-0.867805
1.28089e-09	-0.867547
1.28096e-09	-0.867287
1.28103e-09	-0.867026
1.2811e-09	-0.866763
1.28117e-09	-0.866498
1.28124e-09	-0.866232
1.28131e-09	-0.865964
1.28138e-09	-0.865694
1.28146e-09	-0.865423
1.28153e-09	-0.86515
1.2816e-09	-0.864875
1.28167e-09	-0.864599
1.28174e-09	-0.864321
1.28181e-09	-0.864041
1.28188e-09	-0.86376
1.28195e-09	-0.863477
1.28202e-09	-0.863193
1.28209e-09	-0.862907
1.28216e-09	-0.862619
1.28224e-09	-0.86233
1.28231e-09	-0.862039
1.28238e-09	-0.861746
1.28245e-09	-0.861452
1.28252e-09	-0.861156
1.28259e-09	-0.860858
1.28266e-09	-0.860559
1.28273e-09	-0.860258
1.2828e-09	-0.859956
1.28287e-09	-0.859651
1.28294e-09	-0.859346
1.28302e-09	-0.859038
1.28309e-09	-0.858729
1.28316e-09	-0.858419
1.28323e-09	-0.858106
1.2833e-09	-0.857792
1.28337e-09	-0.857477
1.28344e-09	-0.857159
1.28351e-09	-0.85684
1.28358e-09	-0.85652
1.28365e-09	-0.856198
1.28372e-09	-0.855874
1.2838e-09	-0.855549
1.28387e-09	-0.855222
1.28394e-09	-0.854893
1.28401e-09	-0.854562
1.28408e-09	-0.85423
1.28415e-09	-0.853897
1.28422e-09	-0.853562
1.28429e-09	-0.853225
1.28436e-09	-0.852886
1.28443e-09	-0.852546
1.28451e-09	-0.852204
1.28458e-09	-0.851861
1.28465e-09	-0.851516
1.28472e-09	-0.851169
1.28479e-09	-0.850821
1.28486e-09	-0.850471
1.28493e-09	-0.85012
1.285e-09	-0.849766
1.28507e-09	-0.849412
1.28514e-09	-0.849055
1.28521e-09	-0.848697
1.28529e-09	-0.848338
1.28536e-09	-0.847976
1.28543e-09	-0.847613
1.2855e-09	-0.847249
1.28557e-09	-0.846883
1.28564e-09	-0.846515
1.28571e-09	-0.846145
1.28578e-09	-0.845774
1.28585e-09	-0.845402
1.28592e-09	-0.845027
1.28599e-09	-0.844651
1.28607e-09	-0.844274
1.28614e-09	-0.843895
1.28621e-09	-0.843514
1.28628e-09	-0.843131
1.28635e-09	-0.842747
1.28642e-09	-0.842362
1.28649e-09	-0.841974
1.28656e-09	-0.841585
1.28663e-09	-0.841195
1.2867e-09	-0.840803
1.28677e-09	-0.840409
1.28685e-09	-0.840014
1.28692e-09	-0.839617
1.28699e-09	-0.839218
1.28706e-09	-0.838818
1.28713e-09	-0.838416
1.2872e-09	-0.838013
1.28727e-09	-0.837608
1.28734e-09	-0.837201
1.28741e-09	-0.836793
1.28748e-09	-0.836383
1.28755e-09	-0.835971
1.28763e-09	-0.835558
1.2877e-09	-0.835143
1.28777e-09	-0.834727
1.28784e-09	-0.834309
1.28791e-09	-0.833889
1.28798e-09	-0.833468
1.28805e-09	-0.833045
1.28812e-09	-0.832621
1.28819e-09	-0.832195
1.28826e-09	-0.831767
1.28834e-09	-0.831338
1.28841e-09	-0.830907
1.28848e-09	-0.830475
1.28855e-09	-0.830041
1.28862e-09	-0.829605
1.28869e-09	-0.829168
1.28876e-09	-0.828729
1.28883e-09	-0.828288
1.2889e-09	-0.827846
1.28897e-09	-0.827403
1.28904e-09	-0.826957
1.28912e-09	-0.826511
1.28919e-09	-0.826062
1.28926e-09	-0.825612
1.28933e-09	-0.82516
1.2894e-09	-0.824707
1.28947e-09	-0.824252
1.28954e-09	-0.823796
1.28961e-09	-0.823338
1.28968e-09	-0.822878
1.28975e-09	-0.822417
1.28982e-09	-0.821954
1.2899e-09	-0.82149
1.28997e-09	-0.821024
1.29004e-09	-0.820556
1.29011e-09	-0.820087
1.29018e-09	-0.819616
1.29025e-09	-0.819143
1.29032e-09	-0.818669
1.29039e-09	-0.818194
1.29046e-09	-0.817717
1.29053e-09	-0.817238
1.2906e-09	-0.816758
1.29068e-09	-0.816276
1.29075e-09	-0.815792
1.29082e-09	-0.815307
1.29089e-09	-0.81482
1.29096e-09	-0.814332
1.29103e-09	-0.813842
1.2911e-09	-0.813351
1.29117e-09	-0.812858
1.29124e-09	-0.812363
1.29131e-09	-0.811867
1.29139e-09	-0.811369
1.29146e-09	-0.81087
1.29153e-09	-0.810369
1.2916e-09	-0.809866
1.29167e-09	-0.809362
1.29174e-09	-0.808857
1.29181e-09	-0.808349
1.29188e-09	-0.807841
1.29195e-09	-0.80733
1.29202e-09	-0.806818
1.29209e-09	-0.806305
1.29217e-09	-0.80579
1.29224e-09	-0.805273
1.29231e-09	-0.804755
1.29238e-09	-0.804235
1.29245e-09	-0.803713
1.29252e-09	-0.80319
1.29259e-09	-0.802666
1.29266e-09	-0.80214
1.29273e-09	-0.801612
1.2928e-09	-0.801083
1.29287e-09	-0.800552
1.29295e-09	-0.80002
1.29302e-09	-0.799486
1.29309e-09	-0.79895
1.29316e-09	-0.798413
1.29323e-09	-0.797875
1.2933e-09	-0.797335
1.29337e-09	-0.796793
1.29344e-09	-0.79625
1.29351e-09	-0.795705
1.29358e-09	-0.795158
1.29365e-09	-0.79461
1.29373e-09	-0.794061
1.2938e-09	-0.79351
1.29387e-09	-0.792957
1.29394e-09	-0.792403
1.29401e-09	-0.791847
1.29408e-09	-0.79129
1.29415e-09	-0.790731
1.29422e-09	-0.790171
1.29429e-09	-0.789609
1.29436e-09	-0.789045
1.29443e-09	-0.78848
1.29451e-09	-0.787914
1.29458e-09	-0.787345
1.29465e-09	-0.786776
1.29472e-09	-0.786205
1.29479e-09	-0.785632
1.29486e-09	-0.785057
1.29493e-09	-0.784482
1.295e-09	-0.783904
1.29507e-09	-0.783325
1.29514e-09	-0.782745
1.29522e-09	-0.782163
1.29529e-09	-0.781579
1.29536e-09	-0.780994
1.29543e-09	-0.780408
1.2955e-09	-0.779819
1.29557e-09	-0.77923
1.29564e-09	-0.778638
1.29571e-09	-0.778046
1.29578e-09	-0.777451
1.29585e-09	-0.776856
1.29592e-09	-0.776258
1.296e-09	-0.775659
1.29607e-09	-0.775059
1.29614e-09	-0.774457
1.29621e-09	-0.773854
1.29628e-09	-0.773249
1.29635e-09	-0.772642
1.29642e-09	-0.772034
1.29649e-09	-0.771425
1.29656e-09	-0.770813
1.29663e-09	-0.770201
1.2967e-09	-0.769587
1.29678e-09	-0.768971
1.29685e-09	-0.768354
1.29692e-09	-0.767735
1.29699e-09	-0.767115
1.29706e-09	-0.766493
1.29713e-09	-0.76587
1.2972e-09	-0.765245
1.29727e-09	-0.764619
1.29734e-09	-0.763991
1.29741e-09	-0.763362
1.29748e-09	-0.762731
1.29756e-09	-0.762099
1.29763e-09	-0.761465
1.2977e-09	-0.76083
1.29777e-09	-0.760193
1.29784e-09	-0.759555
1.29791e-09	-0.758915
1.29798e-09	-0.758274
1.29805e-09	-0.757631
1.29812e-09	-0.756987
1.29819e-09	-0.756341
1.29827e-09	-0.755694
1.29834e-09	-0.755045
1.29841e-09	-0.754394
1.29848e-09	-0.753743
1.29855e-09	-0.753089
1.29862e-09	-0.752435
1.29869e-09	-0.751778
1.29876e-09	-0.751121
1.29883e-09	-0.750461
1.2989e-09	-0.7498
1.29897e-09	-0.749138
1.29905e-09	-0.748474
1.29912e-09	-0.747809
1.29919e-09	-0.747143
1.29926e-09	-0.746474
1.29933e-09	-0.745805
1.2994e-09	-0.745134
1.29947e-09	-0.744461
1.29954e-09	-0.743787
1.29961e-09	-0.743111
1.29968e-09	-0.742434
1.29975e-09	-0.741756
1.29983e-09	-0.741076
1.2999e-09	-0.740394
1.29997e-09	-0.739711
1.30004e-09	-0.739027
1.30011e-09	-0.738341
1.30018e-09	-0.737653
1.30025e-09	-0.736965
1.30032e-09	-0.736274
1.30039e-09	-0.735582
1.30046e-09	-0.734889
1.30053e-09	-0.734194
1.30061e-09	-0.733498
1.30068e-09	-0.732801
1.30075e-09	-0.732102
1.30082e-09	-0.731401
1.30089e-09	-0.730699
1.30096e-09	-0.729995
1.30103e-09	-0.72929
1.3011e-09	-0.728584
1.30117e-09	-0.727876
1.30124e-09	-0.727167
1.30131e-09	-0.726456
1.30139e-09	-0.725744
1.30146e-09	-0.72503
1.30153e-09	-0.724315
1.3016e-09	-0.723599
1.30167e-09	-0.722881
1.30174e-09	-0.722161
1.30181e-09	-0.72144
1.30188e-09	-0.720718
1.30195e-09	-0.719994
1.30202e-09	-0.719269
1.3021e-09	-0.718542
1.30217e-09	-0.717814
1.30224e-09	-0.717085
1.30231e-09	-0.716354
1.30238e-09	-0.715621
1.30245e-09	-0.714887
1.30252e-09	-0.714152
1.30259e-09	-0.713415
1.30266e-09	-0.712677
1.30273e-09	-0.711938
1.3028e-09	-0.711197
1.30288e-09	-0.710454
1.30295e-09	-0.70971
1.30302e-09	-0.708965
1.30309e-09	-0.708218
1.30316e-09	-0.70747
1.30323e-09	-0.706721
1.3033e-09	-0.70597
1.30337e-09	-0.705217
1.30344e-09	-0.704464
1.30351e-09	-0.703708
1.30358e-09	-0.702952
1.30366e-09	-0.702194
1.30373e-09	-0.701434
1.3038e-09	-0.700673
1.30387e-09	-0.699911
1.30394e-09	-0.699148
1.30401e-09	-0.698382
1.30408e-09	-0.697616
1.30415e-09	-0.696848
1.30422e-09	-0.696079
1.30429e-09	-0.695308
1.30436e-09	-0.694536
1.30444e-09	-0.693762
1.30451e-09	-0.692988
1.30458e-09	-0.692211
1.30465e-09	-0.691434
1.30472e-09	-0.690654
1.30479e-09	-0.689874
1.30486e-09	-0.689092
1.30493e-09	-0.688309
1.305e-09	-0.687524
1.30507e-09	-0.686738
1.30515e-09	-0.685951
1.30522e-09	-0.685162
1.30529e-09	-0.684372
1.30536e-09	-0.68358
1.30543e-09	-0.682787
1.3055e-09	-0.681993
1.30557e-09	-0.681197
1.30564e-09	-0.6804
1.30571e-09	-0.679601
1.30578e-09	-0.678802
1.30585e-09	-0.678
1.30593e-09	-0.677198
1.306e-09	-0.676394
1.30607e-09	-0.675588
1.30614e-09	-0.674782
1.30621e-09	-0.673974
1.30628e-09	-0.673164
1.30635e-09	-0.672353
1.30642e-09	-0.671541
1.30649e-09	-0.670728
1.30656e-09	-0.669913
1.30663e-09	-0.669097
1.30671e-09	-0.668279
1.30678e-09	-0.66746
1.30685e-09	-0.66664
1.30692e-09	-0.665818
1.30699e-09	-0.664995
1.30706e-09	-0.664171
1.30713e-09	-0.663345
1.3072e-09	-0.662518
1.30727e-09	-0.661689
1.30734e-09	-0.66086
1.30741e-09	-0.660029
1.30749e-09	-0.659196
1.30756e-09	-0.658362
1.30763e-09	-0.657527
1.3077e-09	-0.656691
1.30777e-09	-0.655853
1.30784e-09	-0.655014
1.30791e-09	-0.654173
1.30798e-09	-0.653332
1.30805e-09	-0.652488
1.30812e-09	-0.651644
1.30819e-09	-0.650798
1.30827e-09	-0.649951
1.30834e-09	-0.649103
1.30841e-09	-0.648253
1.30848e-09	-0.647402
1.30855e-09	-0.646549
1.30862e-09	-0.645696
1.30869e-09	-0.644841
1.30876e-09	-0.643984
1.30883e-09	-0.643126
1.3089e-09	-0.642267
1.30898e-09	-0.641407
1.30905e-09	-0.640546
1.30912e-09	-0.639683
1.30919e-09	-0.638818
1.30926e-09	-0.637953
1.30933e-09	-0.637086
1.3094e-09	-0.636218
1.30947e-09	-0.635348
1.30954e-09	-0.634478
1.30961e-09	-0.633606
1.30968e-09	-0.632732
1.30976e-09	-0.631858
1.30983e-09	-0.630982
1.3099e-09	-0.630104
1.30997e-09	-0.629226
1.31004e-09	-0.628346
1.31011e-09	-0.627465
1.31018e-09	-0.626583
1.31025e-09	-0.625699
1.31032e-09	-0.624814
1.31039e-09	-0.623928
1.31046e-09	-0.62304
1.31054e-09	-0.622151
1.31061e-09	-0.621261
1.31068e-09	-0.62037
1.31075e-09	-0.619477
1.31082e-09	-0.618583
1.31089e-09	-0.617688
1.31096e-09	-0.616792
1.31103e-09	-0.615894
1.3111e-09	-0.614995
1.31117e-09	-0.614095
1.31124e-09	-0.613193
1.31132e-09	-0.612291
1.31139e-09	-0.611387
1.31146e-09	-0.610481
1.31153e-09	-0.609575
1.3116e-09	-0.608667
1.31167e-09	-0.607758
1.31174e-09	-0.606847
1.31181e-09	-0.605936
1.31188e-09	-0.605023
1.31195e-09	-0.604109
1.31203e-09	-0.603194
1.3121e-09	-0.602277
1.31217e-09	-0.601359
1.31224e-09	-0.60044
1.31231e-09	-0.59952
1.31238e-09	-0.598598
1.31245e-09	-0.597676
1.31252e-09	-0.596752
1.31259e-09	-0.595826
1.31266e-09	-0.5949
1.31273e-09	-0.593972
1.31281e-09	-0.593043
1.31288e-09	-0.592113
1.31295e-09	-0.591182
1.31302e-09	-0.590249
1.31309e-09	-0.589315
1.31316e-09	-0.58838
1.31323e-09	-0.587444
1.3133e-09	-0.586507
1.31337e-09	-0.585568
1.31344e-09	-0.584628
1.31351e-09	-0.583687
1.31359e-09	-0.582744
1.31366e-09	-0.581801
1.31373e-09	-0.580856
1.3138e-09	-0.57991
1.31387e-09	-0.578963
1.31394e-09	-0.578015
1.31401e-09	-0.577065
1.31408e-09	-0.576114
1.31415e-09	-0.575162
1.31422e-09	-0.574209
1.31429e-09	-0.573255
1.31437e-09	-0.572299
1.31444e-09	-0.571342
1.31451e-09	-0.570384
1.31458e-09	-0.569425
1.31465e-09	-0.568465
1.31472e-09	-0.567503
1.31479e-09	-0.566541
1.31486e-09	-0.565577
1.31493e-09	-0.564612
1.315e-09	-0.563646
1.31507e-09	-0.562678
1.31515e-09	-0.56171
1.31522e-09	-0.56074
1.31529e-09	-0.559769
1.31536e-09	-0.558797
1.31543e-09	-0.557824
1.3155e-09	-0.556849
1.31557e-09	-0.555874
1.31564e-09	-0.554897
1.31571e-09	-0.553919
1.31578e-09	-0.55294
1.31586e-09	-0.55196
1.31593e-09	-0.550978
1.316e-09	-0.549996
1.31607e-09	-0.549012
1.31614e-09	-0.548027
1.31621e-09	-0.547041
1.31628e-09	-0.546054
1.31635e-09	-0.545066
1.31642e-09	-0.544076
1.31649e-09	-0.543086
1.31656e-09	-0.542094
1.31664e-09	-0.541101
1.31671e-09	-0.540107
1.31678e-09	-0.539112
1.31685e-09	-0.538116
1.31692e-09	-0.537118
1.31699e-09	-0.53612
1.31706e-09	-0.53512
1.31713e-09	-0.534119
1.3172e-09	-0.533117
1.31727e-09	-0.532114
1.31734e-09	-0.53111
1.31742e-09	-0.530105
1.31749e-09	-0.529099
1.31756e-09	-0.528091
1.31763e-09	-0.527082
1.3177e-09	-0.526073
1.31777e-09	-0.525062
1.31784e-09	-0.52405
1.31791e-09	-0.523037
1.31798e-09	-0.522023
1.31805e-09	-0.521007
1.31812e-09	-0.519991
1.3182e-09	-0.518974
1.31827e-09	-0.517955
1.31834e-09	-0.516935
1.31841e-09	-0.515915
1.31848e-09	-0.514893
1.31855e-09	-0.51387
1.31862e-09	-0.512846
1.31869e-09	-0.511821
1.31876e-09	-0.510795
1.31883e-09	-0.509767
1.31891e-09	-0.508739
1.31898e-09	-0.507709
1.31905e-09	-0.506679
1.31912e-09	-0.505647
1.31919e-09	-0.504615
1.31926e-09	-0.503581
1.31933e-09	-0.502546
1.3194e-09	-0.50151
1.31947e-09	-0.500473
1.31954e-09	-0.499435
1.31961e-09	-0.498396
1.31969e-09	-0.497356
1.31976e-09	-0.496315
1.31983e-09	-0.495273
1.3199e-09	-0.494229
1.31997e-09	-0.493185
1.32004e-09	-0.492139
1.32011e-09	-0.491093
1.32018e-09	-0.490046
1.32025e-09	-0.488997
1.32032e-09	-0.487947
1.32039e-09	-0.486897
1.32047e-09	-0.485845
1.32054e-09	-0.484792
1.32061e-09	-0.483739
1.32068e-09	-0.482684
1.32075e-09	-0.481628
1.32082e-09	-0.480571
1.32089e-09	-0.479513
1.32096e-09	-0.478454
1.32103e-09	-0.477394
1.3211e-09	-0.476333
1.32117e-09	-0.475271
1.32125e-09	-0.474208
1.32132e-09	-0.473144
1.32139e-09	-0.472079
1.32146e-09	-0.471013
1.32153e-09	-0.469946
1.3216e-09	-0.468878
1.32167e-09	-0.467809
1.32174e-09	-0.466739
1.32181e-09	-0.465668
1.32188e-09	-0.464596
1.32195e-09	-0.463523
1.32203e-09	-0.462448
1.3221e-09	-0.461373
1.32217e-09	-0.460297
1.32224e-09	-0.45922
1.32231e-09	-0.458142
1.32238e-09	-0.457063
1.32245e-09	-0.455983
1.32252e-09	-0.454902
1.32259e-09	-0.45382
1.32266e-09	-0.452737
1.32274e-09	-0.451653
1.32281e-09	-0.450568
1.32288e-09	-0.449482
1.32295e-09	-0.448395
1.32302e-09	-0.447307
1.32309e-09	-0.446218
1.32316e-09	-0.445129
1.32323e-09	-0.444038
1.3233e-09	-0.442946
1.32337e-09	-0.441853
1.32344e-09	-0.44076
1.32352e-09	-0.439665
1.32359e-09	-0.438569
1.32366e-09	-0.437473
1.32373e-09	-0.436375
1.3238e-09	-0.435277
1.32387e-09	-0.434178
1.32394e-09	-0.433077
1.32401e-09	-0.431976
1.32408e-09	-0.430874
1.32415e-09	-0.429771
1.32422e-09	-0.428667
1.3243e-09	-0.427562
1.32437e-09	-0.426456
1.32444e-09	-0.425349
1.32451e-09	-0.424241
1.32458e-09	-0.423132
1.32465e-09	-0.422022
1.32472e-09	-0.420912
1.32479e-09	-0.4198
1.32486e-09	-0.418688
1.32493e-09	-0.417574
1.325e-09	-0.41646
1.32508e-09	-0.415345
1.32515e-09	-0.414229
1.32522e-09	-0.413112
1.32529e-09	-0.411994
1.32536e-09	-0.410875
1.32543e-09	-0.409755
1.3255e-09	-0.408635
1.32557e-09	-0.407513
1.32564e-09	-0.406391
1.32571e-09	-0.405268
1.32579e-09	-0.404143
1.32586e-09	-0.403018
1.32593e-09	-0.401892
1.326e-09	-0.400765
1.32607e-09	-0.399638
1.32614e-09	-0.398509
1.32621e-09	-0.397379
1.32628e-09	-0.396249
1.32635e-09	-0.395118
1.32642e-09	-0.393986
1.32649e-09	-0.392853
1.32657e-09	-0.391719
1.32664e-09	-0.390584
1.32671e-09	-0.389448
1.32678e-09	-0.388312
1.32685e-09	-0.387174
1.32692e-09	-0.386036
1.32699e-09	-0.384897
1.32706e-09	-0.383757
1.32713e-09	-0.382616
1.3272e-09	-0.381475
1.32727e-09	-0.380332
1.32735e-09	-0.379189
1.32742e-09	-0.378045
1.32749e-09	-0.3769
1.32756e-09	-0.375754
1.32763e-09	-0.374607
1.3277e-09	-0.373459
1.32777e-09	-0.372311
1.32784e-09	-0.371162
1.32791e-09	-0.370012
1.32798e-09	-0.368861
1.32805e-09	-0.367709
1.32813e-09	-0.366557
1.3282e-09	-0.365403
1.32827e-09	-0.364249
1.32834e-09	-0.363094
1.32841e-09	-0.361938
1.32848e-09	-0.360782
1.32855e-09	-0.359624
1.32862e-09	-0.358466
1.32869e-09	-0.357307
1.32876e-09	-0.356147
1.32883e-09	-0.354986
1.32891e-09	-0.353825
1.32898e-09	-0.352663
1.32905e-09	-0.3515
1.32912e-09	-0.350336
1.32919e-09	-0.349171
1.32926e-09	-0.348006
1.32933e-09	-0.346839
1.3294e-09	-0.345672
1.32947e-09	-0.344505
1.32954e-09	-0.343336
1.32962e-09	-0.342167
1.32969e-09	-0.340997
1.32976e-09	-0.339826
1.32983e-09	-0.338654
1.3299e-09	-0.337482
1.32997e-09	-0.336308
1.33004e-09	-0.335134
1.33011e-09	-0.33396
1.33018e-09	-0.332784
1.33025e-09	-0.331608
1.33032e-09	-0.330431
1.3304e-09	-0.329253
1.33047e-09	-0.328074
1.33054e-09	-0.326895
1.33061e-09	-0.325715
1.33068e-09	-0.324534
1.33075e-09	-0.323353
1.33082e-09	-0.32217
1.33089e-09	-0.320987
1.33096e-09	-0.319804
1.33103e-09	-0.318619
1.3311e-09	-0.317434
1.33118e-09	-0.316248
1.33125e-09	-0.315061
1.33132e-09	-0.313874
1.33139e-09	-0.312686
1.33146e-09	-0.311497
1.33153e-09	-0.310307
1.3316e-09	-0.309117
1.33167e-09	-0.307926
1.33174e-09	-0.306734
1.33181e-09	-0.305542
1.33188e-09	-0.304348
1.33196e-09	-0.303155
1.33203e-09	-0.30196
1.3321e-09	-0.300765
1.33217e-09	-0.299569
1.33224e-09	-0.298372
1.33231e-09	-0.297175
1.33238e-09	-0.295977
1.33245e-09	-0.294778
1.33252e-09	-0.293578
1.33259e-09	-0.292378
1.33267e-09	-0.291177
1.33274e-09	-0.289976
1.33281e-09	-0.288774
1.33288e-09	-0.287571
1.33295e-09	-0.286367
1.33302e-09	-0.285163
1.33309e-09	-0.283958
1.33316e-09	-0.282753
1.33323e-09	-0.281546
1.3333e-09	-0.280339
1.33337e-09	-0.279132
1.33345e-09	-0.277924
1.33352e-09	-0.276715
1.33359e-09	-0.275505
1.33366e-09	-0.274295
1.33373e-09	-0.273084
1.3338e-09	-0.271873
1.33387e-09	-0.27066
1.33394e-09	-0.269448
1.33401e-09	-0.268234
1.33408e-09	-0.26702
1.33415e-09	-0.265805
1.33423e-09	-0.26459
1.3343e-09	-0.263374
1.33437e-09	-0.262157
1.33444e-09	-0.26094
1.33451e-09	-0.259722
1.33458e-09	-0.258504
1.33465e-09	-0.257285
1.33472e-09	-0.256065
1.33479e-09	-0.254845
1.33486e-09	-0.253624
1.33493e-09	-0.252402
1.33501e-09	-0.25118
1.33508e-09	-0.249957
1.33515e-09	-0.248734
1.33522e-09	-0.24751
1.33529e-09	-0.246285
1.33536e-09	-0.24506
1.33543e-09	-0.243834
1.3355e-09	-0.242607
1.33557e-09	-0.24138
1.33564e-09	-0.240153
1.33571e-09	-0.238925
1.33579e-09	-0.237696
1.33586e-09	-0.236467
1.33593e-09	-0.235237
1.336e-09	-0.234006
1.33607e-09	-0.232775
1.33614e-09	-0.231543
1.33621e-09	-0.230311
1.33628e-09	-0.229078
1.33635e-09	-0.227845
1.33642e-09	-0.226611
1.3365e-09	-0.225376
1.33657e-09	-0.224141
1.33664e-09	-0.222906
1.33671e-09	-0.221669
1.33678e-09	-0.220433
1.33685e-09	-0.219195
1.33692e-09	-0.217958
1.33699e-09	-0.216719
1.33706e-09	-0.21548
1.33713e-09	-0.214241
1.3372e-09	-0.213001
1.33728e-09	-0.21176
1.33735e-09	-0.210519
1.33742e-09	-0.209277
1.33749e-09	-0.208035
1.33756e-09	-0.206793
1.33763e-09	-0.205549
1.3377e-09	-0.204306
1.33777e-09	-0.203061
1.33784e-09	-0.201817
1.33791e-09	-0.200571
1.33798e-09	-0.199326
1.33806e-09	-0.198079
1.33813e-09	-0.196832
1.3382e-09	-0.195585
1.33827e-09	-0.194337
1.33834e-09	-0.193089
1.33841e-09	-0.19184
1.33848e-09	-0.190591
1.33855e-09	-0.189341
1.33862e-09	-0.18809
1.33869e-09	-0.18684
1.33876e-09	-0.185588
1.33884e-09	-0.184337
1.33891e-09	-0.183084
1.33898e-09	-0.181831
1.33905e-09	-0.180578
1.33912e-09	-0.179325
1.33919e-09	-0.17807
1.33926e-09	-0.176816
1.33933e-09	-0.17556
1.3394e-09	-0.174305
1.33947e-09	-0.173049
1.33955e-09	-0.171792
1.33962e-09	-0.170535
1.33969e-09	-0.169278
1.33976e-09	-0.16802
1.33983e-09	-0.166762
1.3399e-09	-0.165503
1.33997e-09	-0.164243
1.34004e-09	-0.162984
1.34011e-09	-0.161724
1.34018e-09	-0.160463
1.34025e-09	-0.159202
1.34033e-09	-0.157941
1.3404e-09	-0.156679
1.34047e-09	-0.155416
1.34054e-09	-0.154154
1.34061e-09	-0.15289
1.34068e-09	-0.151627
1.34075e-09	-0.150363
1.34082e-09	-0.149098
1.34089e-09	-0.147833
1.34096e-09	-0.146568
1.34103e-09	-0.145302
1.34111e-09	-0.144036
1.34118e-09	-0.14277
1.34125e-09	-0.141503
1.34132e-09	-0.140235
1.34139e-09	-0.138968
1.34146e-09	-0.1377
1.34153e-09	-0.136431
1.3416e-09	-0.135162
1.34167e-09	-0.133893
1.34174e-09	-0.132623
1.34181e-09	-0.131353
1.34189e-09	-0.130083
1.34196e-09	-0.128812
1.34203e-09	-0.12754
1.3421e-09	-0.126269
1.34217e-09	-0.124997
1.34224e-09	-0.123724
1.34231e-09	-0.122452
1.34238e-09	-0.121179
1.34245e-09	-0.119905
1.34252e-09	-0.118631
1.34259e-09	-0.117357
1.34267e-09	-0.116083
1.34274e-09	-0.114808
1.34281e-09	-0.113532
1.34288e-09	-0.112257
1.34295e-09	-0.110981
1.34302e-09	-0.109705
1.34309e-09	-0.108428
1.34316e-09	-0.107151
1.34323e-09	-0.105874
1.3433e-09	-0.104596
1.34338e-09	-0.103318
1.34345e-09	-0.10204
1.34352e-09	-0.100761
1.34359e-09	-0.0994821
1.34366e-09	-0.0982028
1.34373e-09	-0.0969232
1.3438e-09	-0.0956433
1.34387e-09	-0.094363
1.34394e-09	-0.0930824
1.34401e-09	-0.0918016
1.34408e-09	-0.0905204
1.34416e-09	-0.0892389
1.34423e-09	-0.0879571
1.3443e-09	-0.086675
1.34437e-09	-0.0853926
1.34444e-09	-0.0841099
1.34451e-09	-0.0828269
1.34458e-09	-0.0815436
1.34465e-09	-0.08026
1.34472e-09	-0.0789762
1.34479e-09	-0.077692
1.34486e-09	-0.0764076
1.34494e-09	-0.0751229
1.34501e-09	-0.0738379
1.34508e-09	-0.0725526
1.34515e-09	-0.0712671
1.34522e-09	-0.0699813
1.34529e-09	-0.0686952
1.34536e-09	-0.0674088
1.34543e-09	-0.0661222
1.3455e-09	-0.0648354
1.34557e-09	-0.0635483
1.34564e-09	-0.0622609
1.34572e-09	-0.0609732
1.34579e-09	-0.0596854
1.34586e-09	-0.0583972
1.34593e-09	-0.0571089
1.346e-09	-0.0558202
1.34607e-09	-0.0545314
1.34614e-09	-0.0532423
1.34621e-09	-0.0519529
1.34628e-09	-0.0506634
1.34635e-09	-0.0493736
1.34643e-09	-0.0480835
1.3465e-09	-0.0467933
1.34657e-09	-0.0455028
1.34664e-09	-0.0442121
1.34671e-09	-0.0429212
1.34678e-09	-0.0416301
1.34685e-09	-0.0403387
1.34692e-09	-0.0390471
1.34699e-09	-0.0377554
1.34706e-09	-0.0364634
1.34713e-09	-0.0351712
1.34721e-09	-0.0338788
1.34728e-09	-0.0325863
1.34735e-09	-0.0312935
1.34742e-09	-0.0300005
1.34749e-09	-0.0287073
1.34756e-09	-0.027414
1.34763e-09	-0.0261205
1.3477e-09	-0.0248267
1.34777e-09	-0.0235328
1.34784e-09	-0.0222387
1.34791e-09	-0.0209445
1.34799e-09	-0.01965
1.34806e-09	-0.0183554
1.34813e-09	-0.0170606
1.3482e-09	-0.0157657
1.34827e-09	-0.0144706
1.34834e-09	-0.0131753
1.34841e-09	-0.0118799
1.34848e-09	-0.0105843
1.34855e-09	-0.00928855
1.34862e-09	-0.00799266
1.34869e-09	-0.00669661
1.34877e-09	-0.00540042
1.34884e-09	-0.00410408
1.34891e-09	-0.0028076
1.34898e-09	-0.00151098
1.34905e-09	-0.000214218
1.34912e-09	0.00108267
1.34919e-09	0.0023797
1.34926e-09	0.00367686
1.34933e-09	0.00497414
1.3494e-09	0.00627155
1.34948e-09	0.00756908
1.34955e-09	0.00886673
1.34962e-09	0.0101645
1.34969e-09	0.0114624
1.34976e-09	0.0127604
1.34983e-09	0.0140585
1.3499e-09	0.0153567
1.34997e-09	0.016655
1.35004e-09	0.0179534
1.35011e-09	0.019252
1.35018e-09	0.0205506
1.35026e-09	0.0218493
1.35033e-09	0.0231481
1.3504e-09	0.024447
1.35047e-09	0.025746
1.35054e-09	0.027045
1.35061e-09	0.0283442
1.35068e-09	0.0296434
1.35075e-09	0.0309427
1.35082e-09	0.0322421
1.35089e-09	0.0335416
1.35096e-09	0.0348411
1.35104e-09	0.0361407
1.35111e-09	0.0374404
1.35118e-09	0.0387401
1.35125e-09	0.0400399
1.35132e-09	0.0413397
1.35139e-09	0.0426396
1.35146e-09	0.0439396
1.35153e-09	0.0452396
1.3516e-09	0.0465396
1.35167e-09	0.0478397
1.35174e-09	0.0491398
1.35182e-09	0.05044
1.35189e-09	0.0517402
1.35196e-09	0.0530405
1.35203e-09	0.0543408
1.3521e-09	0.0556411
1.35217e-09	0.0569414
1.35224e-09	0.0582418
1.35231e-09	0.0595422
1.35238e-09	0.0608426
1.35245e-09	0.062143
1.35252e-09	0.0634435
1.3526e-09	0.0647439
1.35267e-09	0.0660444
1.35274e-09	0.0673449
1.35281e-09	0.0686454
1.35288e-09	0.0699458
1.35295e-09	0.0712463
1.35302e-09	0.0725468
1.35309e-09	0.0738473
1.35316e-09	0.0751477
1.35323e-09	0.0764482
1.35331e-09	0.0777487
1.35338e-09	0.0790491
1.35345e-09	0.0803495
1.35352e-09	0.0816499
1.35359e-09	0.0829503
1.35366e-09	0.0842506
1.35373e-09	0.085551
1.3538e-09	0.0868513
1.35387e-09	0.0881515
1.35394e-09	0.0894517
1.35401e-09	0.0907519
1.35409e-09	0.0920521
1.35416e-09	0.0933522
1.35423e-09	0.0946523
1.3543e-09	0.0959523
1.35437e-09	0.0972522
1.35444e-09	0.0985522
1.35451e-09	0.099852
1.35458e-09	0.101152
1.35465e-09	0.102452
1.35472e-09	0.103751
1.35479e-09	0.105051
1.35487e-09	0.10635
1.35494e-09	0.10765
1.35501e-09	0.108949
1.35508e-09	0.110249
1.35515e-09	0.111548
1.35522e-09	0.112847
1.35529e-09	0.114146
1.35536e-09	0.115445
1.35543e-09	0.116744
1.3555e-09	0.118043
1.35557e-09	0.119342
1.35565e-09	0.12064
1.35572e-09	0.121939
1.35579e-09	0.123237
1.35586e-09	0.124536
1.35593e-09	0.125834
1.356e-09	0.127132
1.35607e-09	0.12843
1.35614e-09	0.129728
1.35621e-09	0.131026
1.35628e-09	0.132323
1.35636e-09	0.133621
1.35643e-09	0.134918
1.3565e-09	0.136216
1.35657e-09	0.137513
1.35664e-09	0.13881
1.35671e-09	0.140107
1.35678e-09	0.141404
1.35685e-09	0.1427
1.35692e-09	0.143997
1.35699e-09	0.145293
1.35706e-09	0.146589
1.35714e-09	0.147886
1.35721e-09	0.149181
1.35728e-09	0.150477
1.35735e-09	0.151773
1.35742e-09	0.153068
1.35749e-09	0.154364
1.35756e-09	0.155659
1.35763e-09	0.156954
1.3577e-09	0.158249
1.35777e-09	0.159543
1.35784e-09	0.160838
1.35792e-09	0.162132
1.35799e-09	0.163426
1.35806e-09	0.16472
1.35813e-09	0.166014
1.3582e-09	0.167307
1.35827e-09	0.168601
1.35834e-09	0.169894
1.35841e-09	0.171187
1.35848e-09	0.17248
1.35855e-09	0.173772
1.35862e-09	0.175065
1.3587e-09	0.176357
1.35877e-09	0.177649
1.35884e-09	0.178941
1.35891e-09	0.180232
1.35898e-09	0.181524
1.35905e-09	0.182815
1.35912e-09	0.184106
1.35919e-09	0.185396
1.35926e-09	0.186687
1.35933e-09	0.187977
1.3594e-09	0.189267
1.35948e-09	0.190557
1.35955e-09	0.191847
1.35962e-09	0.193136
1.35969e-09	0.194425
1.35976e-09	0.195714
1.35983e-09	0.197003
1.3599e-09	0.198291
1.35997e-09	0.199579
1.36004e-09	0.200867
1.36011e-09	0.202155
1.36019e-09	0.203442
1.36026e-09	0.204729
1.36033e-09	0.206016
1.3604e-09	0.207303
1.36047e-09	0.208589
1.36054e-09	0.209875
1.36061e-09	0.211161
1.36068e-09	0.212446
1.36075e-09	0.213732
1.36082e-09	0.215017
1.36089e-09	0.216301
1.36097e-09	0.217586
1.36104e-09	0.21887
1.36111e-09	0.220154
1.36118e-09	0.221437
1.36125e-09	0.22272
1.36132e-09	0.224003
1.36139e-09	0.225286
1.36146e-09	0.226568
1.36153e-09	0.22785
1.3616e-09	0.229132
1.36167e-09	0.230414
1.36175e-09	0.231695
1.36182e-09	0.232976
1.36189e-09	0.234256
1.36196e-09	0.235536
1.36203e-09	0.236816
1.3621e-09	0.238096
1.36217e-09	0.239375
1.36224e-09	0.240654
1.36231e-09	0.241932
1.36238e-09	0.243211
1.36245e-09	0.244489
1.36253e-09	0.245766
1.3626e-09	0.247043
1.36267e-09	0.24832
1.36274e-09	0.249597
1.36281e-09	0.250873
1.36288e-09	0.252149
1.36295e-09	0.253424
1.36302e-09	0.254699
1.36309e-09	0.255974
1.36316e-09	0.257249
1.36324e-09	0.258523
1.36331e-09	0.259796
1.36338e-09	0.26107
1.36345e-09	0.262343
1.36352e-09	0.263615
1.36359e-09	0.264888
1.36366e-09	0.266159
1.36373e-09	0.267431
1.3638e-09	0.268702
1.36387e-09	0.269973
1.36394e-09	0.271243
1.36402e-09	0.272513
1.36409e-09	0.273782
1.36416e-09	0.275051
1.36423e-09	0.27632
1.3643e-09	0.277589
1.36437e-09	0.278856
1.36444e-09	0.280124
1.36451e-09	0.281391
1.36458e-09	0.282658
1.36465e-09	0.283924
1.36472e-09	0.28519
1.3648e-09	0.286456
1.36487e-09	0.287721
1.36494e-09	0.288985
1.36501e-09	0.290249
1.36508e-09	0.291513
1.36515e-09	0.292777
1.36522e-09	0.294039
1.36529e-09	0.295302
1.36536e-09	0.296564
1.36543e-09	0.297826
1.3655e-09	0.299087
1.36558e-09	0.300348
1.36565e-09	0.301608
1.36572e-09	0.302868
1.36579e-09	0.304127
1.36586e-09	0.305386
1.36593e-09	0.306644
1.366e-09	0.307903
1.36607e-09	0.30916
1.36614e-09	0.310417
1.36621e-09	0.311674
1.36628e-09	0.31293
1.36636e-09	0.314186
1.36643e-09	0.315441
1.3665e-09	0.316696
1.36657e-09	0.31795
1.36664e-09	0.319204
1.36671e-09	0.320457
1.36678e-09	0.32171
1.36685e-09	0.322962
1.36692e-09	0.324214
1.36699e-09	0.325465
1.36707e-09	0.326716
1.36714e-09	0.327967
1.36721e-09	0.329216
1.36728e-09	0.330466
1.36735e-09	0.331715
1.36742e-09	0.332963
1.36749e-09	0.334211
1.36756e-09	0.335458
1.36763e-09	0.336705
1.3677e-09	0.337951
1.36777e-09	0.339197
1.36785e-09	0.340442
1.36792e-09	0.341687
1.36799e-09	0.342931
1.36806e-09	0.344175
1.36813e-09	0.345418
1.3682e-09	0.346661
1.36827e-09	0.347903
1.36834e-09	0.349144
1.36841e-09	0.350385
1.36848e-09	0.351626
1.36855e-09	0.352865
1.36863e-09	0.354105
1.3687e-09	0.355344
1.36877e-09	0.356582
1.36884e-09	0.35782
1.36891e-09	0.359057
1.36898e-09	0.360293
1.36905e-09	0.361529
1.36912e-09	0.362765
1.36919e-09	0.364
1.36926e-09	0.365234
1.36933e-09	0.366468
1.36941e-09	0.367701
1.36948e-09	0.368933
1.36955e-09	0.370165
1.36962e-09	0.371397
1.36969e-09	0.372628
1.36976e-09	0.373858
1.36983e-09	0.375088
1.3699e-09	0.376317
1.36997e-09	0.377545
1.37004e-09	0.378773
1.37012e-09	0.38
1.37019e-09	0.381227
1.37026e-09	0.382453
1.37033e-09	0.383678
1.3704e-09	0.384903
1.37047e-09	0.386128
1.37054e-09	0.387351
1.37061e-09	0.388574
1.37068e-09	0.389797
1.37075e-09	0.391018
1.37082e-09	0.39224
1.3709e-09	0.39346
1.37097e-09	0.39468
1.37104e-09	0.395899
1.37111e-09	0.397118
1.37118e-09	0.398336
1.37125e-09	0.399553
1.37132e-09	0.40077
1.37139e-09	0.401986
1.37146e-09	0.403202
1.37153e-09	0.404416
1.3716e-09	0.40563
1.37168e-09	0.406844
1.37175e-09	0.408057
1.37182e-09	0.409269
1.37189e-09	0.41048
1.37196e-09	0.411691
1.37203e-09	0.412902
1.3721e-09	0.414111
1.37217e-09	0.41532
1.37224e-09	0.416528
1.37231e-09	0.417736
1.37238e-09	0.418943
1.37246e-09	0.420149
1.37253e-09	0.421354
1.3726e-09	0.422559
1.37267e-09	0.423763
1.37274e-09	0.424967
1.37281e-09	0.426169
1.37288e-09	0.427371
1.37295e-09	0.428573
1.37302e-09	0.429773
1.37309e-09	0.430973
1.37316e-09	0.432173
1.37324e-09	0.433371
1.37331e-09	0.434569
1.37338e-09	0.435766
1.37345e-09	0.436962
1.37352e-09	0.438158
1.37359e-09	0.439353
1.37366e-09	0.440547
1.37373e-09	0.441741
1.3738e-09	0.442934
1.37387e-09	0.444126
1.37395e-09	0.445317
1.37402e-09	0.446508
1.37409e-09	0.447698
1.37416e-09	0.448887
1.37423e-09	0.450076
1.3743e-09	0.451263
1.37437e-09	0.45245
1.37444e-09	0.453637
1.37451e-09	0.454822
1.37458e-09	0.456007
1.37465e-09	0.457191
1.37473e-09	0.458374
1.3748e-09	0.459556
1.37487e-09	0.460738
1.37494e-09	0.461919
1.37501e-09	0.463099
1.37508e-09	0.464279
1.37515e-09	0.465457
1.37522e-09	0.466635
1.37529e-09	0.467812
1.37536e-09	0.468989
1.37543e-09	0.470164
1.37551e-09	0.471339
1.37558e-09	0.472513
1.37565e-09	0.473686
1.37572e-09	0.474859
1.37579e-09	0.476031
1.37586e-09	0.477201
1.37593e-09	0.478372
1.376e-09	0.479541
1.37607e-09	0.480709
1.37614e-09	0.481877
1.37621e-09	0.483044
1.37629e-09	0.48421
1.37636e-09	0.485375
1.37643e-09	0.48654
1.3765e-09	0.487703
1.37657e-09	0.488866
1.37664e-09	0.490028
1.37671e-09	0.491189
1.37678e-09	0.49235
1.37685e-09	0.493509
1.37692e-09	0.494668
1.377e-09	0.495826
1.37707e-09	0.496983
1.37714e-09	0.498139
1.37721e-09	0.499295
1.37728e-09	0.500449
1.37735e-09	0.501603
1.37742e-09	0.502756
1.37749e-09	0.503908
1.37756e-09	0.505059
1.37763e-09	0.50621
1.3777e-09	0.507359
1.37778e-09	0.508508
1.37785e-09	0.509656
1.37792e-09	0.510803
1.37799e-09	0.511949
1.37806e-09	0.513094
1.37813e-09	0.514238
1.3782e-09	0.515382
1.37827e-09	0.516525
1.37834e-09	0.517666
1.37841e-09	0.518807
1.37848e-09	0.519947
1.37856e-09	0.521087
1.37863e-09	0.522225
1.3787e-09	0.523362
1.37877e-09	0.524499
1.37884e-09	0.525634
1.37891e-09	0.526769
1.37898e-09	0.527903
1.37905e-09	0.529036
1.37912e-09	0.530168
1.37919e-09	0.531299
1.37926e-09	0.532429
1.37934e-09	0.533559
1.37941e-09	0.534687
1.37948e-09	0.535815
1.37955e-09	0.536941
1.37962e-09	0.538067
1.37969e-09	0.539192
1.37976e-09	0.540316
1.37983e-09	0.541439
1.3799e-09	0.542561
1.37997e-09	0.543682
1.38004e-09	0.544802
1.38012e-09	0.545922
1.38019e-09	0.54704
1.38026e-09	0.548158
1.38033e-09	0.549274
1.3804e-09	0.55039
1.38047e-09	0.551504
1.38054e-09	0.552618
1.38061e-09	0.553731
1.38068e-09	0.554843
1.38075e-09	0.555954
1.38083e-09	0.557063
1.3809e-09	0.558172
1.38097e-09	0.55928
1.38104e-09	0.560388
1.38111e-09	0.561494
1.38118e-09	0.562599
1.38125e-09	0.563703
1.38132e-09	0.564806
1.38139e-09	0.565909
1.38146e-09	0.56701
1.38153e-09	0.56811
1.38161e-09	0.56921
1.38168e-09	0.570308
1.38175e-09	0.571405
1.38182e-09	0.572502
1.38189e-09	0.573597
1.38196e-09	0.574692
1.38203e-09	0.575785
1.3821e-09	0.576878
1.38217e-09	0.577969
1.38224e-09	0.57906
1.38231e-09	0.580149
1.38239e-09	0.581238
1.38246e-09	0.582325
1.38253e-09	0.583412
1.3826e-09	0.584498
1.38267e-09	0.585582
1.38274e-09	0.586666
1.38281e-09	0.587748
1.38288e-09	0.58883
1.38295e-09	0.58991
1.38302e-09	0.59099
1.38309e-09	0.592068
1.38317e-09	0.593145
1.38324e-09	0.594222
1.38331e-09	0.595297
1.38338e-09	0.596372
1.38345e-09	0.597445
1.38352e-09	0.598517
1.38359e-09	0.599589
1.38366e-09	0.600659
1.38373e-09	0.601728
1.3838e-09	0.602796
1.38388e-09	0.603863
1.38395e-09	0.60493
1.38402e-09	0.605995
1.38409e-09	0.607059
1.38416e-09	0.608122
1.38423e-09	0.609184
1.3843e-09	0.610244
1.38437e-09	0.611304
1.38444e-09	0.612363
1.38451e-09	0.613421
1.38458e-09	0.614477
1.38466e-09	0.615533
1.38473e-09	0.616587
1.3848e-09	0.617641
1.38487e-09	0.618693
1.38494e-09	0.619744
1.38501e-09	0.620795
1.38508e-09	0.621844
1.38515e-09	0.622892
1.38522e-09	0.623939
1.38529e-09	0.624985
1.38536e-09	0.62603
1.38544e-09	0.627073
1.38551e-09	0.628116
1.38558e-09	0.629157
1.38565e-09	0.630198
1.38572e-09	0.631237
1.38579e-09	0.632276
1.38586e-09	0.633313
1.38593e-09	0.634349
1.386e-09	0.635384
1.38607e-09	0.636418
1.38614e-09	0.63745
1.38622e-09	0.638482
1.38629e-09	0.639513
1.38636e-09	0.640542
1.38643e-09	0.64157
1.3865e-09	0.642597
1.38657e-09	0.643624
1.38664e-09	0.644649
1.38671e-09	0.645672
1.38678e-09	0.646695
1.38685e-09	0.647717
1.38692e-09	0.648737
1.387e-09	0.649756
1.38707e-09	0.650775
1.38714e-09	0.651792
1.38721e-09	0.652808
1.38728e-09	0.653822
1.38735e-09	0.654836
1.38742e-09	0.655849
1.38749e-09	0.65686
1.38756e-09	0.65787
1.38763e-09	0.658879
1.38771e-09	0.659887
1.38778e-09	0.660894
1.38785e-09	0.661899
1.38792e-09	0.662904
1.38799e-09	0.663907
1.38806e-09	0.664909
1.38813e-09	0.66591
1.3882e-09	0.66691
1.38827e-09	0.667908
1.38834e-09	0.668906
1.38841e-09	0.669902
1.38849e-09	0.670897
1.38856e-09	0.671891
1.38863e-09	0.672884
1.3887e-09	0.673876
1.38877e-09	0.674866
1.38884e-09	0.675855
1.38891e-09	0.676843
1.38898e-09	0.67783
1.38905e-09	0.678816
1.38912e-09	0.6798
1.38919e-09	0.680783
1.38927e-09	0.681765
1.38934e-09	0.682746
1.38941e-09	0.683726
1.38948e-09	0.684704
1.38955e-09	0.685682
1.38962e-09	0.686658
1.38969e-09	0.687633
1.38976e-09	0.688606
1.38983e-09	0.689579
1.3899e-09	0.69055
1.38997e-09	0.69152
1.39005e-09	0.692489
1.39012e-09	0.693456
1.39019e-09	0.694423
1.39026e-09	0.695388
1.39033e-09	0.696352
1.3904e-09	0.697315
1.39047e-09	0.698276
1.39054e-09	0.699236
1.39061e-09	0.700195
1.39068e-09	0.701153
1.39076e-09	0.70211
1.39083e-09	0.703065
1.3909e-09	0.704019
1.39097e-09	0.704972
1.39104e-09	0.705923
1.39111e-09	0.706874
1.39118e-09	0.707823
1.39125e-09	0.708771
1.39132e-09	0.709717
1.39139e-09	0.710663
1.39146e-09	0.711607
1.39154e-09	0.71255
1.39161e-09	0.713491
1.39168e-09	0.714431
1.39175e-09	0.71537
1.39182e-09	0.716308
1.39189e-09	0.717245
1.39196e-09	0.71818
1.39203e-09	0.719114
1.3921e-09	0.720047
1.39217e-09	0.720978
1.39224e-09	0.721908
1.39232e-09	0.722837
1.39239e-09	0.723765
1.39246e-09	0.724691
1.39253e-09	0.725616
1.3926e-09	0.72654
1.39267e-09	0.727462
1.39274e-09	0.728384
1.39281e-09	0.729304
1.39288e-09	0.730222
1.39295e-09	0.731139
1.39302e-09	0.732055
1.3931e-09	0.73297
1.39317e-09	0.733884
1.39324e-09	0.734796
1.39331e-09	0.735707
1.39338e-09	0.736616
1.39345e-09	0.737524
1.39352e-09	0.738431
1.39359e-09	0.739337
1.39366e-09	0.740241
1.39373e-09	0.741144
1.3938e-09	0.742046
1.39388e-09	0.742946
1.39395e-09	0.743845
1.39402e-09	0.744743
1.39409e-09	0.745639
1.39416e-09	0.746534
1.39423e-09	0.747428
1.3943e-09	0.748321
1.39437e-09	0.749212
1.39444e-09	0.750101
1.39451e-09	0.75099
1.39459e-09	0.751877
1.39466e-09	0.752763
1.39473e-09	0.753647
1.3948e-09	0.75453
1.39487e-09	0.755412
1.39494e-09	0.756292
1.39501e-09	0.757171
1.39508e-09	0.758049
1.39515e-09	0.758925
1.39522e-09	0.7598
1.39529e-09	0.760674
1.39537e-09	0.761546
1.39544e-09	0.762417
1.39551e-09	0.763287
1.39558e-09	0.764155
1.39565e-09	0.765022
1.39572e-09	0.765887
1.39579e-09	0.766752
1.39586e-09	0.767614
1.39593e-09	0.768476
1.396e-09	0.769336
1.39607e-09	0.770195
1.39615e-09	0.771052
1.39622e-09	0.771908
1.39629e-09	0.772762
1.39636e-09	0.773616
1.39643e-09	0.774467
1.3965e-09	0.775318
1.39657e-09	0.776167
1.39664e-09	0.777014
1.39671e-09	0.777861
1.39678e-09	0.778706
1.39685e-09	0.779549
1.39693e-09	0.780391
1.397e-09	0.781232
1.39707e-09	0.782071
1.39714e-09	0.782909
1.39721e-09	0.783746
1.39728e-09	0.784581
1.39735e-09	0.785414
1.39742e-09	0.786247
1.39749e-09	0.787078
1.39756e-09	0.787907
1.39764e-09	0.788735
1.39771e-09	0.789562
1.39778e-09	0.790387
1.39785e-09	0.791211
1.39792e-09	0.792033
1.39799e-09	0.792854
1.39806e-09	0.793674
1.39813e-09	0.794492
1.3982e-09	0.795309
1.39827e-09	0.796124
1.39834e-09	0.796938
1.39842e-09	0.797751
1.39849e-09	0.798562
1.39856e-09	0.799371
1.39863e-09	0.80018
1.3987e-09	0.800987
1.39877e-09	0.801792
1.39884e-09	0.802596
1.39891e-09	0.803398
1.39898e-09	0.804199
1.39905e-09	0.804999
1.39912e-09	0.805797
1.3992e-09	0.806594
1.39927e-09	0.807389
1.39934e-09	0.808183
1.39941e-09	0.808975
1.39948e-09	0.809766
1.39955e-09	0.810556
1.39962e-09	0.811344
1.39969e-09	0.81213
1.39976e-09	0.812915
1.39983e-09	0.813699
1.3999e-09	0.814481
1.39998e-09	0.815262
1.40005e-09	0.816041
1.40012e-09	0.816819
1.40019e-09	0.817595
1.40026e-09	0.81837
1.40033e-09	0.819144
1.4004e-09	0.819915
1.40047e-09	0.820686
1.40054e-09	0.821455
1.40061e-09	0.822222
1.40068e-09	0.822989
1.40076e-09	0.823753
1.40083e-09	0.824516
1.4009e-09	0.825278
1.40097e-09	0.826038
1.40104e-09	0.826797
1.40111e-09	0.827554
1.40118e-09	0.828309
1.40125e-09	0.829064
1.40132e-09	0.829816
1.40139e-09	0.830567
1.40147e-09	0.831317
1.40154e-09	0.832065
1.40161e-09	0.832812
1.40168e-09	0.833557
1.40175e-09	0.834301
1.40182e-09	0.835043
1.40189e-09	0.835784
1.40196e-09	0.836523
1.40203e-09	0.837261
1.4021e-09	0.837997
1.40217e-09	0.838732
1.40225e-09	0.839465
1.40232e-09	0.840197
1.40239e-09	0.840927
1.40246e-09	0.841655
1.40253e-09	0.842383
1.4026e-09	0.843108
1.40267e-09	0.843832
1.40274e-09	0.844555
1.40281e-09	0.845276
1.40288e-09	0.845995
1.40295e-09	0.846714
1.40303e-09	0.84743
1.4031e-09	0.848145
1.40317e-09	0.848858
1.40324e-09	0.84957
1.40331e-09	0.850281
1.40338e-09	0.85099
1.40345e-09	0.851697
1.40352e-09	0.852403
1.40359e-09	0.853107
1.40366e-09	0.85381
1.40373e-09	0.854511
1.40381e-09	0.85521
1.40388e-09	0.855909
1.40395e-09	0.856605
1.40402e-09	0.8573
1.40409e-09	0.857993
1.40416e-09	0.858685
1.40423e-09	0.859376
1.4043e-09	0.860065
1.40437e-09	0.860752
1.40444e-09	0.861437
1.40452e-09	0.862122
1.40459e-09	0.862804
1.40466e-09	0.863485
1.40473e-09	0.864165
1.4048e-09	0.864843
1.40487e-09	0.865519
1.40494e-09	0.866194
1.40501e-09	0.866867
1.40508e-09	0.867539
1.40515e-09	0.868209
1.40522e-09	0.868877
1.4053e-09	0.869544
1.40537e-09	0.87021
1.40544e-09	0.870874
1.40551e-09	0.871536
1.40558e-09	0.872196
1.40565e-09	0.872856
1.40572e-09	0.873513
1.40579e-09	0.874169
1.40586e-09	0.874823
1.40593e-09	0.875476
1.406e-09	0.876127
1.40608e-09	0.876777
1.40615e-09	0.877425
1.40622e-09	0.878071
1.40629e-09	0.878716
1.40636e-09	0.87936
1.40643e-09	0.880001
1.4065e-09	0.880641
1.40657e-09	0.88128
1.40664e-09	0.881917
1.40671e-09	0.882552
1.40678e-09	0.883186
1.40686e-09	0.883818
1.40693e-09	0.884448
1.407e-09	0.885077
1.40707e-09	0.885705
1.40714e-09	0.88633
1.40721e-09	0.886954
1.40728e-09	0.887577
1.40735e-09	0.888198
1.40742e-09	0.888817
1.40749e-09	0.889435
1.40756e-09	0.890051
1.40764e-09	0.890665
1.40771e-09	0.891278
1.40778e-09	0.891889
1.40785e-09	0.892499
1.40792e-09	0.893107
1.40799e-09	0.893713
1.40806e-09	0.894318
1.40813e-09	0.894921
1.4082e-09	0.895523
1.40827e-09	0.896123
1.40835e-09	0.896721
1.40842e-09	0.897318
1.40849e-09	0.897913
1.40856e-09	0.898506
1.40863e-09	0.899098
1.4087e-09	0.899688
1.40877e-09	0.900276
1.40884e-09	0.900863
1.40891e-09	0.901448
1.40898e-09	0.902032
1.40905e-09	0.902614
1.40913e-09	0.903194
1.4092e-09	0.903773
1.40927e-09	0.90435
1.40934e-09	0.904926
1.40941e-09	0.905499
1.40948e-09	0.906071
1.40955e-09	0.906642
1.40962e-09	0.907211
1.40969e-09	0.907778
1.40976e-09	0.908343
1.40983e-09	0.908907
1.40991e-09	0.90947
1.40998e-09	0.91003
1.41005e-09	0.910589
1.41012e-09	0.911147
1.41019e-09	0.911702
1.41026e-09	0.912256
1.41033e-09	0.912809
1.4104e-09	0.913359
1.41047e-09	0.913908
1.41054e-09	0.914456
1.41061e-09	0.915001
1.41069e-09	0.915545
1.41076e-09	0.916088
1.41083e-09	0.916628
1.4109e-09	0.917167
1.41097e-09	0.917705
1.41104e-09	0.918241
1.41111e-09	0.918775
1.41118e-09	0.919307
1.41125e-09	0.919838
1.41132e-09	0.920367
1.4114e-09	0.920894
1.41147e-09	0.92142
1.41154e-09	0.921944
1.41161e-09	0.922466
1.41168e-09	0.922987
1.41175e-09	0.923506
1.41182e-09	0.924023
1.41189e-09	0.924539
1.41196e-09	0.925053
1.41203e-09	0.925565
1.4121e-09	0.926076
1.41218e-09	0.926585
1.41225e-09	0.927092
1.41232e-09	0.927597
1.41239e-09	0.928101
1.41246e-09	0.928603
1.41253e-09	0.929104
1.4126e-09	0.929603
1.41267e-09	0.9301
1.41274e-09	0.930595
1.41281e-09	0.931089
1.41288e-09	0.931581
1.41296e-09	0.932071
1.41303e-09	0.93256
1.4131e-09	0.933047
1.41317e-09	0.933532
1.41324e-09	0.934015
1.41331e-09	0.934497
1.41338e-09	0.934977
1.41345e-09	0.935456
1.41352e-09	0.935933
1.41359e-09	0.936408
1.41366e-09	0.936881
1.41374e-09	0.937353
1.41381e-09	0.937823
1.41388e-09	0.938291
1.41395e-09	0.938757
1.41402e-09	0.939222
1.41409e-09	0.939685
1.41416e-09	0.940146
1.41423e-09	0.940606
1.4143e-09	0.941064
1.41437e-09	0.94152
1.41444e-09	0.941975
1.41452e-09	0.942428
1.41459e-09	0.942879
1.41466e-09	0.943328
1.41473e-09	0.943776
1.4148e-09	0.944222
1.41487e-09	0.944666
1.41494e-09	0.945108
1.41501e-09	0.945549
1.41508e-09	0.945988
1.41515e-09	0.946425
1.41523e-09	0.946861
1.4153e-09	0.947295
1.41537e-09	0.947727
1.41544e-09	0.948158
1.41551e-09	0.948586
1.41558e-09	0.949013
1.41565e-09	0.949438
1.41572e-09	0.949862
1.41579e-09	0.950284
1.41586e-09	0.950704
1.41593e-09	0.951122
1.41601e-09	0.951539
1.41608e-09	0.951953
1.41615e-09	0.952367
1.41622e-09	0.952778
1.41629e-09	0.953188
1.41636e-09	0.953596
1.41643e-09	0.954002
1.4165e-09	0.954406
1.41657e-09	0.954809
1.41664e-09	0.95521
1.41671e-09	0.955609
1.41679e-09	0.956006
1.41686e-09	0.956402
1.41693e-09	0.956796
1.417e-09	0.957188
1.41707e-09	0.957579
1.41714e-09	0.957967
1.41721e-09	0.958354
1.41728e-09	0.95874
1.41735e-09	0.959123
1.41742e-09	0.959505
1.41749e-09	0.959885
1.41757e-09	0.960263
1.41764e-09	0.96064
1.41771e-09	0.961014
1.41778e-09	0.961387
1.41785e-09	0.961758
1.41792e-09	0.962128
1.41799e-09	0.962496
1.41806e-09	0.962862
1.41813e-09	0.963226
1.4182e-09	0.963588
1.41828e-09	0.963949
1.41835e-09	0.964308
1.41842e-09	0.964665
1.41849e-09	0.96502
1.41856e-09	0.965374
1.41863e-09	0.965726
1.4187e-09	0.966076
1.41877e-09	0.966424
1.41884e-09	0.966771
1.41891e-09	0.967116
1.41898e-09	0.967459
1.41906e-09	0.9678
1.41913e-09	0.96814
1.4192e-09	0.968477
1.41927e-09	0.968813
1.41934e-09	0.969148
1.41941e-09	0.96948
1.41948e-09	0.969811
1.41955e-09	0.97014
1.41962e-09	0.970467
1.41969e-09	0.970792
1.41976e-09	0.971116
1.41984e-09	0.971438
1.41991e-09	0.971758
1.41998e-09	0.972076
1.42005e-09	0.972392
1.42012e-09	0.972707
1.42019e-09	0.97302
1.42026e-09	0.973331
1.42033e-09	0.973641
1.4204e-09	0.973948
1.42047e-09	0.974254
1.42054e-09	0.974558
1.42062e-09	0.97486
1.42069e-09	0.975161
1.42076e-09	0.975459
1.42083e-09	0.975756
1.4209e-09	0.976051
1.42097e-09	0.976345
1.42104e-09	0.976636
1.42111e-09	0.976926
1.42118e-09	0.977214
1.42125e-09	0.9775
1.42133e-09	0.977785
1.4214e-09	0.978067
1.42147e-09	0.978348
1.42154e-09	0.978627
1.42161e-09	0.978905
1.42168e-09	0.97918
1.42175e-09	0.979454
1.42182e-09	0.979726
1.42189e-09	0.979996
1.42196e-09	0.980264
1.42203e-09	0.980531
1.42211e-09	0.980795
1.42218e-09	0.981058
1.42225e-09	0.981319
1.42232e-09	0.981579
1.42239e-09	0.981836
1.42246e-09	0.982092
1.42253e-09	0.982346
1.4226e-09	0.982598
1.42267e-09	0.982849
1.42274e-09	0.983097
1.42281e-09	0.983344
1.42289e-09	0.983589
1.42296e-09	0.983832
1.42303e-09	0.984074
1.4231e-09	0.984313
1.42317e-09	0.984551
1.42324e-09	0.984787
1.42331e-09	0.985021
1.42338e-09	0.985253
1.42345e-09	0.985484
1.42352e-09	0.985713
1.42359e-09	0.98594
1.42367e-09	0.986165
1.42374e-09	0.986388
1.42381e-09	0.98661
1.42388e-09	0.98683
1.42395e-09	0.987048
1.42402e-09	0.987264
1.42409e-09	0.987478
1.42416e-09	0.987691
1.42423e-09	0.987901
1.4243e-09	0.98811
1.42437e-09	0.988317
1.42445e-09	0.988523
1.42452e-09	0.988726
1.42459e-09	0.988928
1.42466e-09	0.989128
1.42473e-09	0.989326
1.4248e-09	0.989522
1.42487e-09	0.989717
1.42494e-09	0.989909
1.42501e-09	0.9901
1.42508e-09	0.990289
1.42516e-09	0.990476
1.42523e-09	0.990662
1.4253e-09	0.990845
1.42537e-09	0.991027
1.42544e-09	0.991207
1.42551e-09	0.991385
1.42558e-09	0.991561
1.42565e-09	0.991736
1.42572e-09	0.991909
1.42579e-09	0.992079
1.42586e-09	0.992248
1.42594e-09	0.992416
1.42601e-09	0.992581
1.42608e-09	0.992745
1.42615e-09	0.992907
1.42622e-09	0.993066
1.42629e-09	0.993225
1.42636e-09	0.993381
1.42643e-09	0.993536
1.4265e-09	0.993688
1.42657e-09	0.993839
1.42664e-09	0.993988
1.42672e-09	0.994135
1.42679e-09	0.994281
1.42686e-09	0.994424
1.42693e-09	0.994566
1.427e-09	0.994706
1.42707e-09	0.994844
1.42714e-09	0.994981
1.42721e-09	0.995115
1.42728e-09	0.995248
1.42735e-09	0.995379
1.42742e-09	0.995508
1.4275e-09	0.995635
1.42757e-09	0.99576
1.42764e-09	0.995884
1.42771e-09	0.996006
1.42778e-09	0.996126
1.42785e-09	0.996244
1.42792e-09	0.99636
1.42799e-09	0.996474
1.42806e-09	0.996587
1.42813e-09	0.996698
1.42821e-09	0.996807
1.42828e-09	0.996914
1.42835e-09	0.997019
1.42842e-09	0.997123
1.42849e-09	0.997224
1.42856e-09	0.997324
1.42863e-09	0.997422
1.4287e-09	0.997518
1.42877e-09	0.997613
1.42884e-09	0.997705
1.42891e-09	0.997796
1.42899e-09	0.997885
1.42906e-09	0.997972
1.42913e-09	0.998057
1.4292e-09	0.998141
1.42927e-09	0.998222
1.42934e-09	0.998302
1.42941e-09	0.99838
1.42948e-09	0.998456
1.42955e-09	0.99853
1.42962e-09	0.998603
1.42969e-09	0.998673
1.42977e-09	0.998742
1.42984e-09	0.998809
1.42991e-09	0.998874
1.42998e-09	0.998937
1.43005e-09	0.998999
1.43012e-09	0.999058
1.43019e-09	0.999116
1.43026e-09	0.999172
1.43033e-09	0.999226
1.4304e-09	0.999279
1.43047e-09	0.999329
1.43055e-09	0.999378
1.43062e-09	0.999425
1.43069e-09	0.99947
1.43076e-09	0.999513
1.43083e-09	0.999554
1.4309e-09	0.999594
1.43097e-09	0.999631
1.43104e-09	0.999667
1.43111e-09	0.999701
1.43118e-09	0.999733
1.43125e-09	0.999764
1.43133e-09	0.999792
1.4314e-09	0.999819
1.43147e-09	0.999844
1.43154e-09	0.999867
1.43161e-09	0.999888
1.43168e-09	0.999907
1.43175e-09	0.999925
1.43182e-09	0.99994
1.43189e-09	0.999954
1.43196e-09	0.999966
1.43204e-09	0.999977
1.43211e-09	0.999985
1.43218e-09	0.999991
1.43225e-09	0.999996
1.43232e-09	0.999999
1.43239e-09	1
1.43246e-09	0.999999
1.43253e-09	0.999997
1.4326e-09	0.999992
1.43267e-09	0.999986
1.43274e-09	0.999978
1.43282e-09	0.999968
1.43289e-09	0.999956
1.43296e-09	0.999942
1.43303e-09	0.999927
1.4331e-09	0.99991
1.43317e-09	0.999891
1.43324e-09	0.99987
1.43331e-09	0.999847
1.43338e-09	0.999822
1.43345e-09	0.999796
1.43352e-09	0.999767
1.4336e-09	0.999737
1.43367e-09	0.999705
1.43374e-09	0.999672
1.43381e-09	0.999636
1.43388e-09	0.999599
1.43395e-09	0.999559
1.43402e-09	0.999518
1.43409e-09	0.999475
1.43416e-09	0.999431
1.43423e-09	0.999384
1.4343e-09	0.999336
1.43438e-09	0.999286
1.43445e-09	0.999233
1.43452e-09	0.99918
1.43459e-09	0.999124
1.43466e-09	0.999066
1.43473e-09	0.999007
1.4348e-09	0.998946
1.43487e-09	0.998883
1.43494e-09	0.998818
1.43501e-09	0.998751
1.43509e-09	0.998683
1.43516e-09	0.998612
1.43523e-09	0.99854
1.4353e-09	0.998466
1.43537e-09	0.99839
1.43544e-09	0.998312
1.43551e-09	0.998233
1.43558e-09	0.998152
1.43565e-09	0.998068
1.43572e-09	0.997983
1.43579e-09	0.997897
1.43587e-09	0.997808
1.43594e-09	0.997718
1.43601e-09	0.997625
1.43608e-09	0.997531
1.43615e-09	0.997435
1.43622e-09	0.997337
1.43629e-09	0.997238
1.43636e-09	0.997136
1.43643e-09	0.997033
1.4365e-09	0.996928
1.43657e-09	0.996821
1.43665e-09	0.996712
1.43672e-09	0.996602
1.43679e-09	0.996489
1.43686e-09	0.996375
1.43693e-09	0.996259
1.437e-09	0.996141
1.43707e-09	0.996022
1.43714e-09	0.9959
1.43721e-09	0.995777
1.43728e-09	0.995652
1.43735e-09	0.995525
1.43743e-09	0.995396
1.4375e-09	0.995265
1.43757e-09	0.995133
1.43764e-09	0.994999
1.43771e-09	0.994863
1.43778e-09	0.994725
1.43785e-09	0.994585
1.43792e-09	0.994443
1.43799e-09	0.9943
1.43806e-09	0.994155
1.43813e-09	0.994008
1.43821e-09	0.993859
1.43828e-09	0.993708
1.43835e-09	0.993556
1.43842e-09	0.993402
1.43849e-09	0.993246
1.43856e-09	0.993088
1.43863e-09	0.992928
1.4387e-09	0.992766
1.43877e-09	0.992603
1.43884e-09	0.992438
1.43892e-09	0.992271
1.43899e-09	0.992102
1.43906e-09	0.991931
1.43913e-09	0.991759
1.4392e-09	0.991585
1.43927e-09	0.991409
1.43934e-09	0.991231
1.43941e-09	0.991051
1.43948e-09	0.990869
1.43955e-09	0.990686
1.43962e-09	0.990501
1.4397e-09	0.990314
1.43977e-09	0.990125
1.43984e-09	0.989935
1.43991e-09	0.989742
1.43998e-09	0.989548
1.44005e-09	0.989352
1.44012e-09	0.989154
1.44019e-09	0.988955
1.44026e-09	0.988753
1.44033e-09	0.98855
1.4404e-09	0.988345
1.44048e-09	0.988138
1.44055e-09	0.987929
1.44062e-09	0.987719
1.44069e-09	0.987506
1.44076e-09	0.987292
1.44083e-09	0.987076
1.4409e-09	0.986859
1.44097e-09	0.986639
1.44104e-09	0.986418
1.44111e-09	0.986195
1.44118e-09	0.98597
1.44126e-09	0.985743
1.44133e-09	0.985515
1.4414e-09	0.985284
1.44147e-09	0.985052
1.44154e-09	0.984818
1.44161e-09	0.984582
1.44168e-09	0.984345
1.44175e-09	0.984106
1.44182e-09	0.983864
1.44189e-09	0.983621
1.44197e-09	0.983377
1.44204e-09	0.98313
1.44211e-09	0.982882
1.44218e-09	0.982632
1.44225e-09	0.98238
1.44232e-09	0.982126
1.44239e-09	0.98187
1.44246e-09	0.981613
1.44253e-09	0.981354
1.4426e-09	0.981093
1.44267e-09	0.98083
1.44275e-09	0.980566
1.44282e-09	0.9803
1.44289e-09	0.980032
1.44296e-09	0.979762
1.44303e-09	0.97949
1.4431e-09	0.979217
1.44317e-09	0.978941
1.44324e-09	0.978664
1.44331e-09	0.978386
1.44338e-09	0.978105
1.44345e-09	0.977822
1.44353e-09	0.977538
1.4436e-09	0.977252
1.44367e-09	0.976965
1.44374e-09	0.976675
1.44381e-09	0.976384
1.44388e-09	0.976091
1.44395e-09	0.975796
1.44402e-09	0.975499
1.44409e-09	0.975201
1.44416e-09	0.9749
1.44423e-09	0.974598
1.44431e-09	0.974294
1.44438e-09	0.973989
1.44445e-09	0.973682
1.44452e-09	0.973372
1.44459e-09	0.973061
1.44466e-09	0.972749
1.44473e-09	0.972434
1.4448e-09	0.972118
1.44487e-09	0.9718
1.44494e-09	0.97148
1.44501e-09	0.971159
1.44509e-09	0.970835
1.44516e-09	0.97051
1.44523e-09	0.970183
1.4453e-09	0.969855
1.44537e-09	0.969524
1.44544e-09	0.969192
1.44551e-09	0.968858
1.44558e-09	0.968522
1.44565e-09	0.968185
1.44572e-09	0.967845
1.4458e-09	0.967504
1.44587e-09	0.967162
1.44594e-09	0.966817
1.44601e-09	0.966471
1.44608e-09	0.966122
1.44615e-09	0.965773
1.44622e-09	0.965421
1.44629e-09	0.965068
1.44636e-09	0.964712
1.44643e-09	0.964355
1.4465e-09	0.963997
1.44658e-09	0.963636
1.44665e-09	0.963274
1.44672e-09	0.96291
1.44679e-09	0.962544
1.44686e-09	0.962177
1.44693e-09	0.961808
1.447e-09	0.961437
1.44707e-09	0.961064
1.44714e-09	0.96069
1.44721e-09	0.960313
1.44728e-09	0.959935
1.44736e-09	0.959556
1.44743e-09	0.959174
1.4475e-09	0.958791
1.44757e-09	0.958406
1.44764e-09	0.958019
1.44771e-09	0.957631
1.44778e-09	0.95724
1.44785e-09	0.956848
1.44792e-09	0.956455
1.44799e-09	0.956059
1.44806e-09	0.955662
1.44814e-09	0.955263
1.44821e-09	0.954862
1.44828e-09	0.95446
1.44835e-09	0.954056
1.44842e-09	0.95365
1.44849e-09	0.953242
1.44856e-09	0.952833
1.44863e-09	0.952421
1.4487e-09	0.952009
1.44877e-09	0.951594
1.44885e-09	0.951178
1.44892e-09	0.95076
1.44899e-09	0.95034
1.44906e-09	0.949918
1.44913e-09	0.949495
1.4492e-09	0.94907
1.44927e-09	0.948643
1.44934e-09	0.948215
1.44941e-09	0.947784
1.44948e-09	0.947353
1.44955e-09	0.946919
1.44963e-09	0.946484
1.4497e-09	0.946046
1.44977e-09	0.945608
1.44984e-09	0.945167
1.44991e-09	0.944725
1.44998e-09	0.944281
1.45005e-09	0.943835
1.45012e-09	0.943388
1.45019e-09	0.942939
1.45026e-09	0.942488
1.45033e-09	0.942035
1.45041e-09	0.941581
1.45048e-09	0.941125
1.45055e-09	0.940667
1.45062e-09	0.940208
1.45069e-09	0.939747
1.45076e-09	0.939284
1.45083e-09	0.938819
1.4509e-09	0.938353
1.45097e-09	0.937885
1.45104e-09	0.937415
1.45111e-09	0.936944
1.45119e-09	0.936471
1.45126e-09	0.935996
1.45133e-09	0.935519
1.4514e-09	0.935041
1.45147e-09	0.934561
1.45154e-09	0.93408
1.45161e-09	0.933596
1.45168e-09	0.933111
1.45175e-09	0.932625
1.45182e-09	0.932136
1.45189e-09	0.931646
1.45197e-09	0.931154
1.45204e-09	0.930661
1.45211e-09	0.930166
1.45218e-09	0.929669
1.45225e-09	0.92917
1.45232e-09	0.92867
1.45239e-09	0.928168
1.45246e-09	0.927664
1.45253e-09	0.927159
1.4526e-09	0.926652
1.45268e-09	0.926143
1.45275e-09	0.925633
1.45282e-09	0.925121
1.45289e-09	0.924607
1.45296e-09	0.924092
1.45303e-09	0.923575
1.4531e-09	0.923056
1.45317e-09	0.922536
1.45324e-09	0.922013
1.45331e-09	0.92149
1.45338e-09	0.920964
1.45346e-09	0.920437
1.45353e-09	0.919908
1.4536e-09	0.919378
1.45367e-09	0.918846
1.45374e-09	0.918312
1.45381e-09	0.917776
1.45388e-09	0.917239
1.45395e-09	0.9167
1.45402e-09	0.91616
1.45409e-09	0.915618
1.45416e-09	0.915074
1.45424e-09	0.914528
1.45431e-09	0.913981
1.45438e-09	0.913432
1.45445e-09	0.912882
1.45452e-09	0.91233
1.45459e-09	0.911776
1.45466e-09	0.911221
1.45473e-09	0.910663
1.4548e-09	0.910105
1.45487e-09	0.909544
1.45494e-09	0.908982
1.45502e-09	0.908419
1.45509e-09	0.907853
1.45516e-09	0.907286
1.45523e-09	0.906718
1.4553e-09	0.906147
1.45537e-09	0.905576
1.45544e-09	0.905002
1.45551e-09	0.904427
1.45558e-09	0.90385
1.45565e-09	0.903271
1.45573e-09	0.902691
1.4558e-09	0.90211
1.45587e-09	0.901526
1.45594e-09	0.900941
1.45601e-09	0.900355
1.45608e-09	0.899766
1.45615e-09	0.899176
1.45622e-09	0.898585
1.45629e-09	0.897992
1.45636e-09	0.897397
1.45643e-09	0.8968
1.45651e-09	0.896202
1.45658e-09	0.895603
1.45665e-09	0.895001
1.45672e-09	0.894398
1.45679e-09	0.893794
1.45686e-09	0.893188
1.45693e-09	0.89258
1.457e-09	0.891971
1.45707e-09	0.89136
1.45714e-09	0.890747
1.45721e-09	0.890133
1.45729e-09	0.889517
1.45736e-09	0.888899
1.45743e-09	0.88828
1.4575e-09	0.88766
1.45757e-09	0.887037
1.45764e-09	0.886413
1.45771e-09	0.885788
1.45778e-09	0.885161
1.45785e-09	0.884532
1.45792e-09	0.883902
1.45799e-09	0.88327
1.45807e-09	0.882636
1.45814e-09	0.882001
1.45821e-09	0.881365
1.45828e-09	0.880726
1.45835e-09	0.880086
1.45842e-09	0.879445
1.45849e-09	0.878802
1.45856e-09	0.878157
1.45863e-09	0.877511
1.4587e-09	0.876863
1.45877e-09	0.876214
1.45885e-09	0.875563
1.45892e-09	0.87491
1.45899e-09	0.874256
1.45906e-09	0.8736
1.45913e-09	0.872943
1.4592e-09	0.872284
1.45927e-09	0.871624
1.45934e-09	0.870962
1.45941e-09	0.870298
1.45948e-09	0.869633
1.45956e-09	0.868966
1.45963e-09	0.868298
1.4597e-09	0.867628
1.45977e-09	0.866957
1.45984e-09	0.866284
1.45991e-09	0.865609
1.45998e-09	0.864933
1.46005e-09	0.864255
1.46012e-09	0.863576
1.46019e-09	0.862895
1.46026e-09	0.862213
1.46034e-09	0.861529
1.46041e-09	0.860843
1.46048e-09	0.860156
1.46055e-09	0.859468
1.46062e-09	0.858777
1.46069e-09	0.858086
1.46076e-09	0.857392
1.46083e-09	0.856698
1.4609e-09	0.856001
1.46097e-09	0.855303
1.46104e-09	0.854604
1.46112e-09	0.853903
1.46119e-09	0.8532
1.46126e-09	0.852496
1.46133e-09	0.851791
1.4614e-09	0.851084
1.46147e-09	0.850375
1.46154e-09	0.849665
1.46161e-09	0.848953
1.46168e-09	0.84824
1.46175e-09	0.847525
1.46182e-09	0.846809
1.4619e-09	0.846091
1.46197e-09	0.845372
1.46204e-09	0.844651
1.46211e-09	0.843929
1.46218e-09	0.843205
1.46225e-09	0.842479
1.46232e-09	0.841752
1.46239e-09	0.841024
1.46246e-09	0.840294
1.46253e-09	0.839562
1.46261e-09	0.838829
1.46268e-09	0.838095
1.46275e-09	0.837359
1.46282e-09	0.836621
1.46289e-09	0.835882
1.46296e-09	0.835142
1.46303e-09	0.8344
1.4631e-09	0.833656
1.46317e-09	0.832911
1.46324e-09	0.832165
1.46331e-09	0.831417
1.46339e-09	0.830667
1.46346e-09	0.829916
1.46353e-09	0.829164
1.4636e-09	0.82841
1.46367e-09	0.827654
1.46374e-09	0.826897
1.46381e-09	0.826139
1.46388e-09	0.825379
1.46395e-09	0.824618
1.46402e-09	0.823855
1.46409e-09	0.82309
1.46417e-09	0.822325
1.46424e-09	0.821557
1.46431e-09	0.820788
1.46438e-09	0.820018
1.46445e-09	0.819246
1.46452e-09	0.818473
1.46459e-09	0.817698
1.46466e-09	0.816922
1.46473e-09	0.816145
1.4648e-09	0.815366
1.46487e-09	0.814585
1.46495e-09	0.813803
1.46502e-09	0.81302
1.46509e-09	0.812235
1.46516e-09	0.811448
1.46523e-09	0.810661
1.4653e-09	0.809871
1.46537e-09	0.809081
1.46544e-09	0.808288
1.46551e-09	0.807495
1.46558e-09	0.8067
1.46565e-09	0.805903
1.46573e-09	0.805105
1.4658e-09	0.804306
1.46587e-09	0.803505
1.46594e-09	0.802703
1.46601e-09	0.801899
1.46608e-09	0.801094
1.46615e-09	0.800287
1.46622e-09	0.799479
1.46629e-09	0.79867
1.46636e-09	0.797859
1.46644e-09	0.797046
1.46651e-09	0.796233
1.46658e-09	0.795418
1.46665e-09	0.794601
1.46672e-09	0.793783
1.46679e-09	0.792964
1.46686e-09	0.792143
1.46693e-09	0.791321
1.467e-09	0.790497
1.46707e-09	0.789672
1.46714e-09	0.788845
1.46722e-09	0.788017
1.46729e-09	0.787188
1.46736e-09	0.786357
1.46743e-09	0.785525
1.4675e-09	0.784692
1.46757e-09	0.783857
1.46764e-09	0.78302
1.46771e-09	0.782183
1.46778e-09	0.781344
1.46785e-09	0.780503
1.46792e-09	0.779661
1.468e-09	0.778818
1.46807e-09	0.777973
1.46814e-09	0.777127
1.46821e-09	0.77628
1.46828e-09	0.775431
1.46835e-09	0.774581
1.46842e-09	0.773729
1.46849e-09	0.772876
1.46856e-09	0.772022
1.46863e-09	0.771166
1.4687e-09	0.770309
1.46878e-09	0.76945
1.46885e-09	0.76859
1.46892e-09	0.767729
1.46899e-09	0.766867
1.46906e-09	0.766003
1.46913e-09	0.765137
1.4692e-09	0.764271
1.46927e-09	0.763403
1.46934e-09	0.762533
1.46941e-09	0.761662
1.46949e-09	0.76079
1.46956e-09	0.759917
1.46963e-09	0.759042
1.4697e-09	0.758166
1.46977e-09	0.757288
1.46984e-09	0.756409
1.46991e-09	0.755529
1.46998e-09	0.754648
1.47005e-09	0.753765
1.47012e-09	0.75288
1.47019e-09	0.751995
1.47027e-09	0.751108
1.47034e-09	0.75022
1.47041e-09	0.74933
1.47048e-09	0.748439
1.47055e-09	0.747547
1.47062e-09	0.746653
1.47069e-09	0.745759
1.47076e-09	0.744862
1.47083e-09	0.743965
1.4709e-09	0.743066
1.47097e-09	0.742166
1.47105e-09	0.741264
1.47112e-09	0.740361
1.47119e-09	0.739457
1.47126e-09	0.738552
1.47133e-09	0.737645
1.4714e-09	0.736737
1.47147e-09	0.735828
1.47154e-09	0.734917
1.47161e-09	0.734005
1.47168e-09	0.733092
1.47175e-09	0.732177
1.47183e-09	0.731261
1.4719e-09	0.730344
1.47197e-09	0.729426
1.47204e-09	0.728506
1.47211e-09	0.727585
1.47218e-09	0.726663
1.47225e-09	0.725739
1.47232e-09	0.724814
1.47239e-09	0.723888
1.47246e-09	0.722961
1.47253e-09	0.722032
1.47261e-09	0.721102
1.47268e-09	0.720171
1.47275e-09	0.719238
1.47282e-09	0.718304
1.47289e-09	0.717369
1.47296e-09	0.716433
1.47303e-09	0.715495
1.4731e-09	0.714556
1.47317e-09	0.713616
1.47324e-09	0.712675
1.47332e-09	0.711732
1.47339e-09	0.710788
1.47346e-09	0.709843
1.47353e-09	0.708897
1.4736e-09	0.707949
1.47367e-09	0.707
1.47374e-09	0.70605
1.47381e-09	0.705099
1.47388e-09	0.704146
1.47395e-09	0.703192
1.47402e-09	0.702237
1.4741e-09	0.70128
1.47417e-09	0.700323
1.47424e-09	0.699364
1.47431e-09	0.698404
1.47438e-09	0.697443
1.47445e-09	0.69648
1.47452e-09	0.695516
1.47459e-09	0.694551
1.47466e-09	0.693585
1.47473e-09	0.692618
1.4748e-09	0.691649
1.47488e-09	0.690679
1.47495e-09	0.689708
1.47502e-09	0.688736
1.47509e-09	0.687762
1.47516e-09	0.686788
1.47523e-09	0.685812
1.4753e-09	0.684835
1.47537e-09	0.683856
1.47544e-09	0.682877
1.47551e-09	0.681896
1.47558e-09	0.680914
1.47566e-09	0.679931
1.47573e-09	0.678947
1.4758e-09	0.677961
1.47587e-09	0.676975
1.47594e-09	0.675987
1.47601e-09	0.674998
1.47608e-09	0.674007
1.47615e-09	0.673016
1.47622e-09	0.672023
1.47629e-09	0.67103
1.47637e-09	0.670035
1.47644e-09	0.669039
1.47651e-09	0.668041
1.47658e-09	0.667043
1.47665e-09	0.666043
1.47672e-09	0.665042
1.47679e-09	0.66404
1.47686e-09	0.663037
1.47693e-09	0.662033
1.477e-09	0.661028
1.47707e-09	0.660021
1.47715e-09	0.659013
1.47722e-09	0.658004
1.47729e-09	0.656994
1.47736e-09	0.655983
1.47743e-09	0.654971
1.4775e-09	0.653957
1.47757e-09	0.652943
1.47764e-09	0.651927
1.47771e-09	0.65091
1.47778e-09	0.649892
1.47785e-09	0.648873
1.47793e-09	0.647853
1.478e-09	0.646831
1.47807e-09	0.645809
1.47814e-09	0.644785
1.47821e-09	0.64376
1.47828e-09	0.642734
1.47835e-09	0.641707
1.47842e-09	0.640679
1.47849e-09	0.63965
1.47856e-09	0.638619
1.47863e-09	0.637588
1.47871e-09	0.636555
1.47878e-09	0.635521
1.47885e-09	0.634487
1.47892e-09	0.633451
1.47899e-09	0.632414
1.47906e-09	0.631375
1.47913e-09	0.630336
1.4792e-09	0.629296
1.47927e-09	0.628255
1.47934e-09	0.627212
1.47941e-09	0.626168
1.47949e-09	0.625124
1.47956e-09	0.624078
1.47963e-09	0.623031
1.4797e-09	0.621983
1.47977e-09	0.620934
1.47984e-09	0.619884
1.47991e-09	0.618833
1.47998e-09	0.617781
1.48005e-09	0.616728
1.48012e-09	0.615673
1.4802e-09	0.614618
1.48027e-09	0.613561
1.48034e-09	0.612504
1.48041e-09	0.611445
1.48048e-09	0.610385
1.48055e-09	0.609325
1.48062e-09	0.608263
1.48069e-09	0.6072
1.48076e-09	0.606136
1.48083e-09	0.605071
1.4809e-09	0.604005
1.48098e-09	0.602938
1.48105e-09	0.60187
1.48112e-09	0.600801
1.48119e-09	0.599731
1.48126e-09	0.59866
1.48133e-09	0.597588
1.4814e-09	0.596515
1.48147e-09	0.59544
1.48154e-09	0.594365
1.48161e-09	0.593289
1.48168e-09	0.592211
1.48176e-09	0.591133
1.48183e-09	0.590054
1.4819e-09	0.588973
1.48197e-09	0.587892
1.48204e-09	0.58681
1.48211e-09	0.585726
1.48218e-09	0.584642
1.48225e-09	0.583556
1.48232e-09	0.58247
1.48239e-09	0.581383
1.48246e-09	0.580294
1.48254e-09	0.579205
1.48261e-09	0.578114
1.48268e-09	0.577023
1.48275e-09	0.575931
1.48282e-09	0.574837
1.48289e-09	0.573743
1.48296e-09	0.572648
1.48303e-09	0.571551
1.4831e-09	0.570454
1.48317e-09	0.569356
1.48325e-09	0.568257
1.48332e-09	0.567156
1.48339e-09	0.566055
1.48346e-09	0.564953
1.48353e-09	0.56385
1.4836e-09	0.562746
1.48367e-09	0.561641
1.48374e-09	0.560535
1.48381e-09	0.559428
1.48388e-09	0.55832
1.48395e-09	0.557211
1.48403e-09	0.556101
1.4841e-09	0.554991
1.48417e-09	0.553879
1.48424e-09	0.552766
1.48431e-09	0.551653
1.48438e-09	0.550538
1.48445e-09	0.549423
1.48452e-09	0.548306
1.48459e-09	0.547189
1.48466e-09	0.546071
1.48473e-09	0.544951
1.48481e-09	0.543831
1.48488e-09	0.54271
1.48495e-09	0.541588
1.48502e-09	0.540465
1.48509e-09	0.539342
1.48516e-09	0.538217
1.48523e-09	0.537091
1.4853e-09	0.535965
1.48537e-09	0.534837
1.48544e-09	0.533709
1.48551e-09	0.53258
1.48559e-09	0.53145
1.48566e-09	0.530319
1.48573e-09	0.529187
1.4858e-09	0.528054
1.48587e-09	0.52692
1.48594e-09	0.525785
1.48601e-09	0.52465
1.48608e-09	0.523513
1.48615e-09	0.522376
1.48622e-09	0.521238
1.4863e-09	0.520099
1.48637e-09	0.518959
1.48644e-09	0.517818
1.48651e-09	0.516677
1.48658e-09	0.515534
1.48665e-09	0.514391
1.48672e-09	0.513246
1.48679e-09	0.512101
1.48686e-09	0.510955
1.48693e-09	0.509808
1.487e-09	0.508661
1.48708e-09	0.507512
1.48715e-09	0.506363
1.48722e-09	0.505212
1.48729e-09	0.504061
1.48736e-09	0.502909
1.48743e-09	0.501757
1.4875e-09	0.500603
1.48757e-09	0.499449
1.48764e-09	0.498293
1.48771e-09	0.497137
1.48778e-09	0.49598
1.48786e-09	0.494822
1.48793e-09	0.493664
1.488e-09	0.492504
1.48807e-09	0.491344
1.48814e-09	0.490183
1.48821e-09	0.489021
1.48828e-09	0.487858
1.48835e-09	0.486695
1.48842e-09	0.48553
1.48849e-09	0.484365
1.48856e-09	0.483199
1.48864e-09	0.482032
1.48871e-09	0.480865
1.48878e-09	0.479696
1.48885e-09	0.478527
1.48892e-09	0.477357
1.48899e-09	0.476186
1.48906e-09	0.475015
1.48913e-09	0.473843
1.4892e-09	0.472669
1.48927e-09	0.471495
1.48934e-09	0.470321
1.48942e-09	0.469145
1.48949e-09	0.467969
1.48956e-09	0.466792
1.48963e-09	0.465614
1.4897e-09	0.464436
1.48977e-09	0.463256
1.48984e-09	0.462076
1.48991e-09	0.460895
1.48998e-09	0.459714
1.49005e-09	0.458531
1.49013e-09	0.457348
1.4902e-09	0.456164
1.49027e-09	0.45498
1.49034e-09	0.453794
1.49041e-09	0.452608
1.49048e-09	0.451421
1.49055e-09	0.450234
1.49062e-09	0.449045
1.49069e-09	0.447856
1.49076e-09	0.446666
1.49083e-09	0.445476
1.49091e-09	0.444285
1.49098e-09	0.443093
1.49105e-09	0.4419
1.49112e-09	0.440706
1.49119e-09	0.439512
1.49126e-09	0.438317
1.49133e-09	0.437122
1.4914e-09	0.435925
1.49147e-09	0.434728
1.49154e-09	0.433531
1.49161e-09	0.432332
1.49169e-09	0.431133
1.49176e-09	0.429933
1.49183e-09	0.428732
1.4919e-09	0.427531
1.49197e-09	0.426329
1.49204e-09	0.425127
1.49211e-09	0.423923
1.49218e-09	0.422719
1.49225e-09	0.421515
1.49232e-09	0.420309
1.49239e-09	0.419103
1.49247e-09	0.417896
1.49254e-09	0.416689
1.49261e-09	0.415481
1.49268e-09	0.414272
1.49275e-09	0.413063
1.49282e-09	0.411852
1.49289e-09	0.410642
1.49296e-09	0.40943
1.49303e-09	0.408218
1.4931e-09	0.407005
1.49318e-09	0.405792
1.49325e-09	0.404578
1.49332e-09	0.403363
1.49339e-09	0.402148
1.49346e-09	0.400932
1.49353e-09	0.399715
1.4936e-09	0.398498
1.49367e-09	0.39728
1.49374e-09	0.396061
1.49381e-09	0.394842
1.49388e-09	0.393622
1.49396e-09	0.392402
1.49403e-09	0.391181
1.4941e-09	0.389959
1.49417e-09	0.388737
1.49424e-09	0.387514
1.49431e-09	0.38629
1.49438e-09	0.385066
1.49445e-09	0.383841
1.49452e-09	0.382616
1.49459e-09	0.38139
1.49466e-09	0.380164
1.49474e-09	0.378936
1.49481e-09	0.377709
1.49488e-09	0.37648
1.49495e-09	0.375251
1.49502e-09	0.374022
1.49509e-09	0.372791
1.49516e-09	0.371561
1.49523e-09	0.370329
1.4953e-09	0.369097
1.49537e-09	0.367865
1.49544e-09	0.366632
1.49552e-09	0.365398
1.49559e-09	0.364164
1.49566e-09	0.362929
1.49573e-09	0.361694
1.4958e-09	0.360458
1.49587e-09	0.359221
1.49594e-09	0.357984
1.49601e-09	0.356747
1.49608e-09	0.355508
1.49615e-09	0.35427
1.49622e-09	0.35303
1.4963e-09	0.351791
1.49637e-09	0.35055
1.49644e-09	0.349309
1.49651e-09	0.348068
1.49658e-09	0.346826
1.49665e-09	0.345583
1.49672e-09	0.34434
1.49679e-09	0.343097
1.49686e-09	0.341853
1.49693e-09	0.340608
1.49701e-09	0.339363
1.49708e-09	0.338117
1.49715e-09	0.336871
1.49722e-09	0.335624
1.49729e-09	0.334377
1.49736e-09	0.333129
1.49743e-09	0.331881
1.4975e-09	0.330632
1.49757e-09	0.329383
1.49764e-09	0.328133
1.49771e-09	0.326883
1.49779e-09	0.325632
1.49786e-09	0.32438
1.49793e-09	0.323129
1.498e-09	0.321876
1.49807e-09	0.320624
1.49814e-09	0.31937
1.49821e-09	0.318117
1.49828e-09	0.316863
1.49835e-09	0.315608
1.49842e-09	0.314353
1.49849e-09	0.313097
1.49857e-09	0.311841
1.49864e-09	0.310584
1.49871e-09	0.309327
1.49878e-09	0.30807
1.49885e-09	0.306812
1.49892e-09	0.305553
1.49899e-09	0.304295
1.49906e-09	0.303035
1.49913e-09	0.301776
1.4992e-09	0.300515
1.49927e-09	0.299255
1.49935e-09	0.297993
1.49942e-09	0.296732
1.49949e-09	0.29547
1.49956e-09	0.294208
1.49963e-09	0.292945
1.4997e-09	0.291681
1.49977e-09	0.290418
1.49984e-09	0.289153
1.49991e-09	0.287889
1.49998e-09	0.286624
1.50006e-09	0.285358
1.50013e-09	0.284093
1.5002e-09	0.282826
1.50027e-09	0.28156
1.50034e-09	0.280293
1.50041e-09	0.279025
1.50048e-09	0.277757
1.50055e-09	0.276489
1.50062e-09	0.27522
1.50069e-09	0.273951
1.50076e-09	0.272682
1.50084e-09	0.271412
1.50091e-09	0.270142
1.50098e-09	0.268871
1.50105e-09	0.2676
1.50112e-09	0.266329
1.50119e-09	0.265057
1.50126e-09	0.263785
1.50133e-09	0.262512
1.5014e-09	0.261239
1.50147e-09	0.259966
1.50154e-09	0.258692
1.50162e-09	0.257418
1.50169e-09	0.256144
1.50176e-09	0.254869
1.50183e-09	0.253594
1.5019e-09	0.252319
1.50197e-09	0.251043
1.50204e-09	0.249767
1.50211e-09	0.24849
1.50218e-09	0.247213
1.50225e-09	0.245936
1.50232e-09	0.244659
1.5024e-09	0.243381
1.50247e-09	0.242103
1.50254e-09	0.240824
1.50261e-09	0.239545
1.50268e-09	0.238266
1.50275e-09	0.236986
1.50282e-09	0.235707
1.50289e-09	0.234426
1.50296e-09	0.233146
1.50303e-09	0.231865
1.5031e-09	0.230584
1.50318e-09	0.229303
1.50325e-09	0.228021
1.50332e-09	0.226739
1.50339e-09	0.225457
1.50346e-09	0.224174
1.50353e-09	0.222891
1.5036e-09	0.221608
1.50367e-09	0.220324
1.50374e-09	0.219041
1.50381e-09	0.217757
1.50389e-09	0.216472
1.50396e-09	0.215188
1.50403e-09	0.213903
1.5041e-09	0.212617
1.50417e-09	0.211332
1.50424e-09	0.210046
1.50431e-09	0.20876
1.50438e-09	0.207474
1.50445e-09	0.206187
1.50452e-09	0.2049
1.50459e-09	0.203613
1.50467e-09	0.202326
1.50474e-09	0.201038
1.50481e-09	0.199751
1.50488e-09	0.198462
1.50495e-09	0.197174
1.50502e-09	0.195885
1.50509e-09	0.194597
1.50516e-09	0.193308
1.50523e-09	0.192018
1.5053e-09	0.190729
1.50537e-09	0.189439
1.50545e-09	0.188149
1.50552e-09	0.186859
1.50559e-09	0.185568
1.50566e-09	0.184278
1.50573e-09	0.182987
1.5058e-09	0.181695
1.50587e-09	0.180404
1.50594e-09	0.179113
1.50601e-09	0.177821
1.50608e-09	0.176529
1.50615e-09	0.175237
1.50623e-09	0.173944
1.5063e-09	0.172652
1.50637e-09	0.171359
1.50644e-09	0.170066
1.50651e-09	0.168773
1.50658e-09	0.167479
1.50665e-09	0.166186
1.50672e-09	0.164892
1.50679e-09	0.163598
1.50686e-09	0.162304
1.50694e-09	0.16101
1.50701e-09	0.159715
1.50708e-09	0.158421
1.50715e-09	0.157126
1.50722e-09	0.155831
1.50729e-09	0.154536
1.50736e-09	0.153241
1.50743e-09	0.151945
1.5075e-09	0.15065
1.50757e-09	0.149354
1.50764e-09	0.148058
1.50772e-09	0.146762
1.50779e-09	0.145466
1.50786e-09	0.144169
1.50793e-09	0.142873
1.508e-09	0.141576
1.50807e-09	0.140279
1.50814e-09	0.138983
1.50821e-09	0.137686
1.50828e-09	0.136388
1.50835e-09	0.135091
1.50842e-09	0.133794
1.5085e-09	0.132496
1.50857e-09	0.131198
1.50864e-09	0.129901
1.50871e-09	0.128603
1.50878e-09	0.127305
1.50885e-09	0.126007
1.50892e-09	0.124708
1.50899e-09	0.12341
1.50906e-09	0.122112
1.50913e-09	0.120813
1.5092e-09	0.119514
1.50928e-09	0.118216
1.50935e-09	0.116917
1.50942e-09	0.115618
1.50949e-09	0.114319
1.50956e-09	0.11302
1.50963e-09	0.111721
1.5097e-09	0.110422
1.50977e-09	0.109122
1.50984e-09	0.107823
1.50991e-09	0.106523
1.50998e-09	0.105224
1.51006e-09	0.103924
1.51013e-09	0.102624
1.5102e-09	0.101325
1.51027e-09	0.100025
1.51034e-09	0.0987251
1.51041e-09	0.0974252
1.51048e-09	0.0961252
1.51055e-09	0.0948252
1.51062e-09	0.0935252
1.51069e-09	0.0922251
1.51077e-09	0.0909249
1.51084e-09	0.0896247
1.51091e-09	0.0883245
1.51098e-09	0.0870243
1.51105e-09	0.085724
1.51112e-09	0.0844237
1.51119e-09	0.0831233
1.51126e-09	0.0818229
1.51133e-09	0.0805225
1.5114e-09	0.0792221
1.51147e-09	0.0779217
1.51155e-09	0.0766212
1.51162e-09	0.0753208
1.51169e-09	0.0740203
1.51176e-09	0.0727198
1.51183e-09	0.0714194
1.5119e-09	0.0701189
1.51197e-09	0.0688184
1.51204e-09	0.0675179
1.51211e-09	0.0662174
1.51218e-09	0.064917
1.51225e-09	0.0636165
1.51233e-09	0.0623161
1.5124e-09	0.0610156
1.51247e-09	0.0597152
1.51254e-09	0.0584148
1.51261e-09	0.0571145
1.51268e-09	0.0558141
1.51275e-09	0.0545138
1.51282e-09	0.0532135
1.51289e-09	0.0519133
1.51296e-09	0.050613
1.51303e-09	0.0493128
1.51311e-09	0.0480127
1.51318e-09	0.0467126
1.51325e-09	0.0454126
1.51332e-09	0.0441125
1.51339e-09	0.0428126
1.51346e-09	0.0415127
1.51353e-09	0.0402128
1.5136e-09	0.038913
1.51367e-09	0.0376133
1.51374e-09	0.0363136
1.51382e-09	0.035014
1.51389e-09	0.0337145
1.51396e-09	0.032415
1.51403e-09	0.0311156
1.5141e-09	0.0298163
1.51417e-09	0.0285171
1.51424e-09	0.0272179
1.51431e-09	0.0259188
1.51438e-09	0.0246198
1.51445e-09	0.0233209
1.51452e-09	0.0220221
1.5146e-09	0.0207234
1.51467e-09	0.0194247
1.51474e-09	0.0181262
1.51481e-09	0.0168278
1.51488e-09	0.0155294
1.51495e-09	0.0142312
1.51502e-09	0.0129331
1.51509e-09	0.0116351
1.51516e-09	0.0103372
1.51523e-09	0.0090394
1.5153e-09	0.00774174
1.51538e-09	0.00644419
1.51545e-09	0.00514677
1.51552e-09	0.00384947
1.51559e-09	0.00255229
1.51566e-09	0.00125525
1.51573e-09	-4.16598e-05
1.5158e-09	-0.00133844
1.51587e-09	-0.00263507
1.51594e-09	-0.00393157
1.51601e-09	-0.00522793
1.51608e-09	-0.00652414
1.51616e-09	-0.00782021
1.51623e-09	-0.00911613
1.5163e-09	-0.0104119
1.51637e-09	-0.0117075
1.51644e-09	-0.013003
1.51651e-09	-0.0142982
1.51658e-09	-0.0155934
1.51665e-09	-0.0168884
1.51672e-09	-0.0181832
1.51679e-09	-0.0194778
1.51686e-09	-0.0207722
1.51694e-09	-0.0220665
1.51701e-09	-0.0233606
1.51708e-09	-0.0246546
1.51715e-09	-0.0259483
1.51722e-09	-0.0272419
1.51729e-09	-0.0285353
1.51736e-09	-0.0298285
1.51743e-09	-0.0311214
1.5175e-09	-0.0324143
1.51757e-09	-0.0337069
1.51765e-09	-0.0349993
1.51772e-09	-0.0362915
1.51779e-09	-0.0375835
1.51786e-09	-0.0388753
1.51793e-09	-0.0401669
1.518e-09	-0.0414582
1.51807e-09	-0.0427494
1.51814e-09	-0.0440404
1.51821e-09	-0.0453311
1.51828e-09	-0.0466216
1.51835e-09	-0.0479119
1.51843e-09	-0.0492019
1.5185e-09	-0.0504918
1.51857e-09	-0.0517814
1.51864e-09	-0.0530707
1.51871e-09	-0.0543599
1.51878e-09	-0.0556488
1.51885e-09	-0.0569374
1.51892e-09	-0.0582258
1.51899e-09	-0.059514
1.51906e-09	-0.0608019
1.51913e-09	-0.0620896
1.51921e-09	-0.063377
1.51928e-09	-0.0646641
1.51935e-09	-0.065951
1.51942e-09	-0.0672377
1.51949e-09	-0.068524
1.51956e-09	-0.0698102
1.51963e-09	-0.071096
1.5197e-09	-0.0723816
1.51977e-09	-0.0736669
1.51984e-09	-0.0749519
1.51991e-09	-0.0762366
1.51999e-09	-0.0775211
1.52006e-09	-0.0788053
1.52013e-09	-0.0800892
1.5202e-09	-0.0813728
1.52027e-09	-0.0826561
1.52034e-09	-0.0839392
1.52041e-09	-0.0852219
1.52048e-09	-0.0865044
1.52055e-09	-0.0877865
1.52062e-09	-0.0890683
1.5207e-09	-0.0903499
1.52077e-09	-0.0916311
1.52084e-09	-0.092912
1.52091e-09	-0.0941926
1.52098e-09	-0.0954729
1.52105e-09	-0.0967529
1.52112e-09	-0.0980326
1.52119e-09	-0.0993119
1.52126e-09	-0.100591
1.52133e-09	-0.10187
1.5214e-09	-0.103148
1.52148e-09	-0.104426
1.52155e-09	-0.105704
1.52162e-09	-0.106981
1.52169e-09	-0.108258
1.52176e-09	-0.109535
1.52183e-09	-0.110811
1.5219e-09	-0.112087
1.52197e-09	-0.113363
1.52204e-09	-0.114638
1.52211e-09	-0.115913
1.52218e-09	-0.117188
1.52226e-09	-0.118462
1.52233e-09	-0.119736
1.5224e-09	-0.121009
1.52247e-09	-0.122282
1.52254e-09	-0.123555
1.52261e-09	-0.124828
1.52268e-09	-0.1261
1.52275e-09	-0.127371
1.52282e-09	-0.128643
1.52289e-09	-0.129913
1.52296e-09	-0.131184
1.52304e-09	-0.132454
1.52311e-09	-0.133724
1.52318e-09	-0.134993
1.52325e-09	-0.136262
1.52332e-09	-0.137531
1.52339e-09	-0.138799
1.52346e-09	-0.140067
1.52353e-09	-0.141334
1.5236e-09	-0.142601
1.52367e-09	-0.143868
1.52374e-09	-0.145134
1.52382e-09	-0.1464
1.52389e-09	-0.147665
1.52396e-09	-0.14893
1.52403e-09	-0.150194
1.5241e-09	-0.151459
1.52417e-09	-0.152722
1.52424e-09	-0.153985
1.52431e-09	-0.155248
1.52438e-09	-0.156511
1.52445e-09	-0.157773
1.52453e-09	-0.159034
1.5246e-09	-0.160295
1.52467e-09	-0.161556
1.52474e-09	-0.162816
1.52481e-09	-0.164076
1.52488e-09	-0.165335
1.52495e-09	-0.166594
1.52502e-09	-0.167853
1.52509e-09	-0.16911
1.52516e-09	-0.170368
1.52523e-09	-0.171625
1.52531e-09	-0.172882
1.52538e-09	-0.174138
1.52545e-09	-0.175393
1.52552e-09	-0.176649
1.52559e-09	-0.177903
1.52566e-09	-0.179158
1.52573e-09	-0.180411
1.5258e-09	-0.181665
1.52587e-09	-0.182918
1.52594e-09	-0.18417
1.52601e-09	-0.185422
1.52609e-09	-0.186673
1.52616e-09	-0.187924
1.52623e-09	-0.189174
1.5263e-09	-0.190424
1.52637e-09	-0.191674
1.52644e-09	-0.192923
1.52651e-09	-0.194171
1.52658e-09	-0.195419
1.52665e-09	-0.196666
1.52672e-09	-0.197913
1.52679e-09	-0.19916
1.52687e-09	-0.200406
1.52694e-09	-0.201651
1.52701e-09	-0.202896
1.52708e-09	-0.20414
1.52715e-09	-0.205384
1.52722e-09	-0.206627
1.52729e-09	-0.20787
1.52736e-09	-0.209112
1.52743e-09	-0.210354
1.5275e-09	-0.211595
1.52758e-09	-0.212836
1.52765e-09	-0.214076
1.52772e-09	-0.215315
1.52779e-09	-0.216554
1.52786e-09	-0.217793
1.52793e-09	-0.219031
1.528e-09	-0.220268
1.52807e-09	-0.221505
1.52814e-09	-0.222741
1.52821e-09	-0.223977
1.52828e-09	-0.225212
1.52836e-09	-0.226447
1.52843e-09	-0.227681
1.5285e-09	-0.228914
1.52857e-09	-0.230147
1.52864e-09	-0.231379
1.52871e-09	-0.232611
1.52878e-09	-0.233842
1.52885e-09	-0.235073
1.52892e-09	-0.236303
1.52899e-09	-0.237532
1.52906e-09	-0.238761
1.52914e-09	-0.239989
1.52921e-09	-0.241217
1.52928e-09	-0.242444
1.52935e-09	-0.243671
1.52942e-09	-0.244897
1.52949e-09	-0.246122
1.52956e-09	-0.247347
1.52963e-09	-0.248571
1.5297e-09	-0.249794
1.52977e-09	-0.251017
1.52984e-09	-0.252239
1.52992e-09	-0.253461
1.52999e-09	-0.254682
1.53006e-09	-0.255903
1.53013e-09	-0.257122
1.5302e-09	-0.258342
1.53027e-09	-0.25956
1.53034e-09	-0.260778
1.53041e-09	-0.261996
1.53048e-09	-0.263212
1.53055e-09	-0.264428
1.53062e-09	-0.265644
1.5307e-09	-0.266859
1.53077e-09	-0.268073
1.53084e-09	-0.269286
1.53091e-09	-0.270499
1.53098e-09	-0.271711
1.53105e-09	-0.272923
1.53112e-09	-0.274134
1.53119e-09	-0.275344
1.53126e-09	-0.276554
1.53133e-09	-0.277763
1.53141e-09	-0.278971
1.53148e-09	-0.280179
1.53155e-09	-0.281386
1.53162e-09	-0.282592
1.53169e-09	-0.283798
1.53176e-09	-0.285003
1.53183e-09	-0.286207
1.5319e-09	-0.287411
1.53197e-09	-0.288614
1.53204e-09	-0.289816
1.53211e-09	-0.291018
1.53219e-09	-0.292218
1.53226e-09	-0.293419
1.53233e-09	-0.294618
1.5324e-09	-0.295817
1.53247e-09	-0.297015
1.53254e-09	-0.298213
1.53261e-09	-0.29941
1.53268e-09	-0.300606
1.53275e-09	-0.301801
1.53282e-09	-0.302996
1.53289e-09	-0.30419
1.53297e-09	-0.305383
1.53304e-09	-0.306575
1.53311e-09	-0.307767
1.53318e-09	-0.308958
1.53325e-09	-0.310149
1.53332e-09	-0.311339
1.53339e-09	-0.312528
1.53346e-09	-0.313716
1.53353e-09	-0.314903
1.5336e-09	-0.31609
1.53367e-09	-0.317276
1.53375e-09	-0.318461
1.53382e-09	-0.319646
1.53389e-09	-0.32083
1.53396e-09	-0.322013
1.53403e-09	-0.323195
1.5341e-09	-0.324377
1.53417e-09	-0.325558
1.53424e-09	-0.326738
1.53431e-09	-0.327918
1.53438e-09	-0.329096
1.53446e-09	-0.330274
1.53453e-09	-0.331451
1.5346e-09	-0.332628
1.53467e-09	-0.333803
1.53474e-09	-0.334978
1.53481e-09	-0.336152
1.53488e-09	-0.337325
1.53495e-09	-0.338498
1.53502e-09	-0.33967
1.53509e-09	-0.340841
1.53516e-09	-0.342011
1.53524e-09	-0.343181
1.53531e-09	-0.344349
1.53538e-09	-0.345517
1.53545e-09	-0.346684
1.53552e-09	-0.347851
1.53559e-09	-0.349016
1.53566e-09	-0.350181
1.53573e-09	-0.351345
1.5358e-09	-0.352508
1.53587e-09	-0.35367
1.53594e-09	-0.354832
1.53602e-09	-0.355993
1.53609e-09	-0.357153
1.53616e-09	-0.358312
1.53623e-09	-0.35947
1.5363e-09	-0.360628
1.53637e-09	-0.361784
1.53644e-09	-0.36294
1.53651e-09	-0.364095
1.53658e-09	-0.36525
1.53665e-09	-0.366403
1.53672e-09	-0.367556
1.5368e-09	-0.368708
1.53687e-09	-0.369859
1.53694e-09	-0.371009
1.53701e-09	-0.372158
1.53708e-09	-0.373307
1.53715e-09	-0.374454
1.53722e-09	-0.375601
1.53729e-09	-0.376747
1.53736e-09	-0.377892
1.53743e-09	-0.379037
1.5375e-09	-0.38018
1.53758e-09	-0.381323
1.53765e-09	-0.382464
1.53772e-09	-0.383605
1.53779e-09	-0.384745
1.53786e-09	-0.385885
1.53793e-09	-0.387023
1.538e-09	-0.38816
1.53807e-09	-0.389297
1.53814e-09	-0.390433
1.53821e-09	-0.391568
1.53829e-09	-0.392702
1.53836e-09	-0.393835
1.53843e-09	-0.394967
1.5385e-09	-0.396098
1.53857e-09	-0.397229
1.53864e-09	-0.398359
1.53871e-09	-0.399487
1.53878e-09	-0.400615
1.53885e-09	-0.401742
1.53892e-09	-0.402868
1.53899e-09	-0.403994
1.53907e-09	-0.405118
1.53914e-09	-0.406241
1.53921e-09	-0.407364
1.53928e-09	-0.408486
1.53935e-09	-0.409606
1.53942e-09	-0.410726
1.53949e-09	-0.411845
1.53956e-09	-0.412963
1.53963e-09	-0.41408
1.5397e-09	-0.415197
1.53977e-09	-0.416312
1.53985e-09	-0.417426
1.53992e-09	-0.41854
1.53999e-09	-0.419652
1.54006e-09	-0.420764
1.54013e-09	-0.421875
1.5402e-09	-0.422984
1.54027e-09	-0.424093
1.54034e-09	-0.425201
1.54041e-09	-0.426308
1.54048e-09	-0.427414
1.54055e-09	-0.42852
1.54063e-09	-0.429624
1.5407e-09	-0.430727
1.54077e-09	-0.431829
1.54084e-09	-0.432931
1.54091e-09	-0.434031
1.54098e-09	-0.435131
1.54105e-09	-0.436229
1.54112e-09	-0.437327
1.54119e-09	-0.438424
1.54126e-09	-0.439519
1.54134e-09	-0.440614
1.54141e-09	-0.441708
1.54148e-09	-0.442801
1.54155e-09	-0.443893
1.54162e-09	-0.444983
1.54169e-09	-0.446073
1.54176e-09	-0.447162
1.54183e-09	-0.44825
1.5419e-09	-0.449337
1.54197e-09	-0.450424
1.54204e-09	-0.451509
1.54212e-09	-0.452593
1.54219e-09	-0.453676
1.54226e-09	-0.454758
1.54233e-09	-0.455839
1.5424e-09	-0.456919
1.54247e-09	-0.457999
1.54254e-09	-0.459077
1.54261e-09	-0.460154
1.54268e-09	-0.46123
1.54275e-09	-0.462305
1.54282e-09	-0.46338
1.5429e-09	-0.464453
1.54297e-09	-0.465525
1.54304e-09	-0.466596
1.54311e-09	-0.467667
1.54318e-09	-0.468736
1.54325e-09	-0.469804
1.54332e-09	-0.470871
1.54339e-09	-0.471937
1.54346e-09	-0.473003
1.54353e-09	-0.474067
1.5436e-09	-0.47513
1.54368e-09	-0.476192
1.54375e-09	-0.477253
1.54382e-09	-0.478313
1.54389e-09	-0.479372
1.54396e-09	-0.48043
1.54403e-09	-0.481487
1.5441e-09	-0.482543
1.54417e-09	-0.483598
1.54424e-09	-0.484652
1.54431e-09	-0.485705
1.54438e-09	-0.486757
1.54446e-09	-0.487808
1.54453e-09	-0.488857
1.5446e-09	-0.489906
1.54467e-09	-0.490954
1.54474e-09	-0.492
1.54481e-09	-0.493046
1.54488e-09	-0.49409
1.54495e-09	-0.495134
1.54502e-09	-0.496176
1.54509e-09	-0.497218
1.54517e-09	-0.498258
1.54524e-09	-0.499297
1.54531e-09	-0.500335
1.54538e-09	-0.501372
1.54545e-09	-0.502408
1.54552e-09	-0.503443
1.54559e-09	-0.504477
1.54566e-09	-0.50551
1.54573e-09	-0.506542
1.5458e-09	-0.507572
1.54587e-09	-0.508602
1.54595e-09	-0.50963
1.54602e-09	-0.510658
1.54609e-09	-0.511684
1.54616e-09	-0.512709
1.54623e-09	-0.513734
1.5463e-09	-0.514757
1.54637e-09	-0.515779
1.54644e-09	-0.5168
1.54651e-09	-0.517819
1.54658e-09	-0.518838
1.54665e-09	-0.519856
1.54673e-09	-0.520872
1.5468e-09	-0.521888
1.54687e-09	-0.522902
1.54694e-09	-0.523915
1.54701e-09	-0.524927
1.54708e-09	-0.525938
1.54715e-09	-0.526948
1.54722e-09	-0.527957
1.54729e-09	-0.528965
1.54736e-09	-0.529971
1.54743e-09	-0.530976
1.54751e-09	-0.531981
1.54758e-09	-0.532984
1.54765e-09	-0.533986
1.54772e-09	-0.534987
1.54779e-09	-0.535987
1.54786e-09	-0.536985
1.54793e-09	-0.537983
1.548e-09	-0.538979
1.54807e-09	-0.539975
1.54814e-09	-0.540969
1.54822e-09	-0.541962
1.54829e-09	-0.542954
1.54836e-09	-0.543944
1.54843e-09	-0.544934
1.5485e-09	-0.545923
1.54857e-09	-0.54691
1.54864e-09	-0.547896
1.54871e-09	-0.548881
1.54878e-09	-0.549865
1.54885e-09	-0.550848
1.54892e-09	-0.551829
1.549e-09	-0.552809
1.54907e-09	-0.553789
1.54914e-09	-0.554767
1.54921e-09	-0.555744
1.54928e-09	-0.556719
1.54935e-09	-0.557694
1.54942e-09	-0.558667
1.54949e-09	-0.55964
1.54956e-09	-0.560611
1.54963e-09	-0.561581
1.5497e-09	-0.562549
1.54978e-09	-0.563517
1.54985e-09	-0.564483
1.54992e-09	-0.565449
1.54999e-09	-0.566413
1.55006e-09	-0.567375
1.55013e-09	-0.568337
1.5502e-09	-0.569298
1.55027e-09	-0.570257
1.55034e-09	-0.571215
1.55041e-09	-0.572172
1.55048e-09	-0.573128
1.55056e-09	-0.574082
1.55063e-09	-0.575036
1.5507e-09	-0.575988
1.55077e-09	-0.576939
1.55084e-09	-0.577888
1.55091e-09	-0.578837
1.55098e-09	-0.579784
1.55105e-09	-0.58073
1.55112e-09	-0.581675
1.55119e-09	-0.582619
1.55126e-09	-0.583561
1.55134e-09	-0.584503
1.55141e-09	-0.585443
1.55148e-09	-0.586382
1.55155e-09	-0.587319
1.55162e-09	-0.588256
1.55169e-09	-0.589191
1.55176e-09	-0.590125
1.55183e-09	-0.591058
1.5519e-09	-0.591989
1.55197e-09	-0.59292
1.55205e-09	-0.593849
1.55212e-09	-0.594777
1.55219e-09	-0.595703
1.55226e-09	-0.596629
1.55233e-09	-0.597553
1.5524e-09	-0.598476
1.55247e-09	-0.599397
1.55254e-09	-0.600318
1.55261e-09	-0.601237
1.55268e-09	-0.602155
1.55275e-09	-0.603072
1.55283e-09	-0.603987
1.5529e-09	-0.604901
1.55297e-09	-0.605815
1.55304e-09	-0.606726
1.55311e-09	-0.607637
1.55318e-09	-0.608546
1.55325e-09	-0.609454
1.55332e-09	-0.610361
1.55339e-09	-0.611266
1.55346e-09	-0.61217
1.55353e-09	-0.613073
1.55361e-09	-0.613975
1.55368e-09	-0.614875
1.55375e-09	-0.615775
1.55382e-09	-0.616672
1.55389e-09	-0.617569
1.55396e-09	-0.618464
1.55403e-09	-0.619358
1.5541e-09	-0.620251
1.55417e-09	-0.621143
1.55424e-09	-0.622033
1.55431e-09	-0.622922
1.55439e-09	-0.62381
1.55446e-09	-0.624696
1.55453e-09	-0.625581
1.5546e-09	-0.626465
1.55467e-09	-0.627348
1.55474e-09	-0.628229
1.55481e-09	-0.629109
1.55488e-09	-0.629988
1.55495e-09	-0.630865
1.55502e-09	-0.631741
1.5551e-09	-0.632616
1.55517e-09	-0.633489
1.55524e-09	-0.634362
1.55531e-09	-0.635233
1.55538e-09	-0.636102
1.55545e-09	-0.636971
1.55552e-09	-0.637838
1.55559e-09	-0.638703
1.55566e-09	-0.639568
1.55573e-09	-0.640431
1.5558e-09	-0.641293
1.55588e-09	-0.642153
1.55595e-09	-0.643012
1.55602e-09	-0.64387
1.55609e-09	-0.644727
1.55616e-09	-0.645582
1.55623e-09	-0.646436
1.5563e-09	-0.647288
1.55637e-09	-0.64814
1.55644e-09	-0.64899
1.55651e-09	-0.649838
1.55658e-09	-0.650685
1.55666e-09	-0.651531
1.55673e-09	-0.652376
1.5568e-09	-0.653219
1.55687e-09	-0.654061
1.55694e-09	-0.654902
1.55701e-09	-0.655741
1.55708e-09	-0.656579
1.55715e-09	-0.657416
1.55722e-09	-0.658251
1.55729e-09	-0.659085
1.55736e-09	-0.659918
1.55744e-09	-0.660749
1.55751e-09	-0.661579
1.55758e-09	-0.662408
1.55765e-09	-0.663235
1.55772e-09	-0.664061
1.55779e-09	-0.664885
1.55786e-09	-0.665709
1.55793e-09	-0.66653
1.558e-09	-0.667351
1.55807e-09	-0.66817
1.55815e-09	-0.668988
1.55822e-09	-0.669804
1.55829e-09	-0.670619
1.55836e-09	-0.671433
1.55843e-09	-0.672245
1.5585e-09	-0.673056
1.55857e-09	-0.673866
1.55864e-09	-0.674674
1.55871e-09	-0.675481
1.55878e-09	-0.676287
1.55885e-09	-0.677091
1.55893e-09	-0.677894
1.559e-09	-0.678695
1.55907e-09	-0.679495
1.55914e-09	-0.680294
1.55921e-09	-0.681091
1.55928e-09	-0.681887
1.55935e-09	-0.682682
1.55942e-09	-0.683475
1.55949e-09	-0.684266
1.55956e-09	-0.685057
1.55963e-09	-0.685846
1.55971e-09	-0.686633
1.55978e-09	-0.68742
1.55985e-09	-0.688204
1.55992e-09	-0.688988
1.55999e-09	-0.68977
1.56006e-09	-0.690551
1.56013e-09	-0.69133
1.5602e-09	-0.692108
1.56027e-09	-0.692884
1.56034e-09	-0.693659
1.56041e-09	-0.694433
1.56049e-09	-0.695205
1.56056e-09	-0.695976
1.56063e-09	-0.696746
1.5607e-09	-0.697514
1.56077e-09	-0.698281
1.56084e-09	-0.699046
1.56091e-09	-0.69981
1.56098e-09	-0.700572
1.56105e-09	-0.701333
1.56112e-09	-0.702093
1.56119e-09	-0.702851
1.56127e-09	-0.703608
1.56134e-09	-0.704363
1.56141e-09	-0.705117
1.56148e-09	-0.70587
1.56155e-09	-0.706621
1.56162e-09	-0.707371
1.56169e-09	-0.708119
1.56176e-09	-0.708866
1.56183e-09	-0.709611
1.5619e-09	-0.710355
1.56198e-09	-0.711098
1.56205e-09	-0.711839
1.56212e-09	-0.712579
1.56219e-09	-0.713317
1.56226e-09	-0.714054
1.56233e-09	-0.71479
1.5624e-09	-0.715524
1.56247e-09	-0.716256
1.56254e-09	-0.716987
1.56261e-09	-0.717717
1.56268e-09	-0.718445
1.56276e-09	-0.719172
1.56283e-09	-0.719898
1.5629e-09	-0.720622
1.56297e-09	-0.721344
1.56304e-09	-0.722065
1.56311e-09	-0.722785
1.56318e-09	-0.723503
1.56325e-09	-0.72422
1.56332e-09	-0.724935
1.56339e-09	-0.725649
1.56346e-09	-0.726362
1.56354e-09	-0.727072
1.56361e-09	-0.727782
1.56368e-09	-0.72849
1.56375e-09	-0.729197
1.56382e-09	-0.729902
1.56389e-09	-0.730605
1.56396e-09	-0.731308
1.56403e-09	-0.732008
1.5641e-09	-0.732708
1.56417e-09	-0.733406
1.56424e-09	-0.734102
1.56432e-09	-0.734797
1.56439e-09	-0.73549
1.56446e-09	-0.736182
1.56453e-09	-0.736873
1.5646e-09	-0.737562
1.56467e-09	-0.738249
1.56474e-09	-0.738936
1.56481e-09	-0.73962
1.56488e-09	-0.740303
1.56495e-09	-0.740985
1.56503e-09	-0.741665
1.5651e-09	-0.742344
1.56517e-09	-0.743021
1.56524e-09	-0.743697
1.56531e-09	-0.744371
1.56538e-09	-0.745044
1.56545e-09	-0.745715
1.56552e-09	-0.746385
1.56559e-09	-0.747054
1.56566e-09	-0.747721
1.56573e-09	-0.748386
1.56581e-09	-0.74905
1.56588e-09	-0.749712
1.56595e-09	-0.750373
1.56602e-09	-0.751033
1.56609e-09	-0.751691
1.56616e-09	-0.752347
1.56623e-09	-0.753002
1.5663e-09	-0.753656
1.56637e-09	-0.754308
1.56644e-09	-0.754958
1.56651e-09	-0.755607
1.56659e-09	-0.756255
1.56666e-09	-0.756901
1.56673e-09	-0.757545
1.5668e-09	-0.758188
1.56687e-09	-0.75883
1.56694e-09	-0.75947
1.56701e-09	-0.760108
1.56708e-09	-0.760745
1.56715e-09	-0.761381
1.56722e-09	-0.762015
1.56729e-09	-0.762647
1.56737e-09	-0.763278
1.56744e-09	-0.763908
1.56751e-09	-0.764536
1.56758e-09	-0.765162
1.56765e-09	-0.765787
1.56772e-09	-0.766411
1.56779e-09	-0.767032
1.56786e-09	-0.767653
1.56793e-09	-0.768272
1.568e-09	-0.768889
1.56807e-09	-0.769505
1.56815e-09	-0.770119
1.56822e-09	-0.770732
1.56829e-09	-0.771343
1.56836e-09	-0.771953
1.56843e-09	-0.772561
1.5685e-09	-0.773168
1.56857e-09	-0.773773
1.56864e-09	-0.774377
1.56871e-09	-0.774979
1.56878e-09	-0.77558
1.56886e-09	-0.776179
1.56893e-09	-0.776776
1.569e-09	-0.777372
1.56907e-09	-0.777967
1.56914e-09	-0.77856
1.56921e-09	-0.779151
1.56928e-09	-0.779741
1.56935e-09	-0.780329
1.56942e-09	-0.780916
1.56949e-09	-0.781501
1.56956e-09	-0.782085
1.56964e-09	-0.782667
1.56971e-09	-0.783248
1.56978e-09	-0.783827
1.56985e-09	-0.784405
1.56992e-09	-0.784981
1.56999e-09	-0.785555
1.57006e-09	-0.786128
1.57013e-09	-0.7867
1.5702e-09	-0.78727
1.57027e-09	-0.787838
1.57034e-09	-0.788405
1.57042e-09	-0.78897
1.57049e-09	-0.789534
1.57056e-09	-0.790096
1.57063e-09	-0.790657
1.5707e-09	-0.791216
1.57077e-09	-0.791773
1.57084e-09	-0.792329
1.57091e-09	-0.792883
1.57098e-09	-0.793436
1.57105e-09	-0.793988
1.57112e-09	-0.794537
1.5712e-09	-0.795085
1.57127e-09	-0.795632
1.57134e-09	-0.796177
1.57141e-09	-0.796721
1.57148e-09	-0.797263
1.57155e-09	-0.797803
1.57162e-09	-0.798342
1.57169e-09	-0.798879
1.57176e-09	-0.799415
1.57183e-09	-0.799949
1.57191e-09	-0.800481
1.57198e-09	-0.801012
1.57205e-09	-0.801542
1.57212e-09	-0.80207
1.57219e-09	-0.802596
1.57226e-09	-0.803121
1.57233e-09	-0.803644
1.5724e-09	-0.804166
1.57247e-09	-0.804686
1.57254e-09	-0.805204
1.57261e-09	-0.805721
1.57269e-09	-0.806236
1.57276e-09	-0.80675
1.57283e-09	-0.807262
1.5729e-09	-0.807773
1.57297e-09	-0.808282
1.57304e-09	-0.808789
1.57311e-09	-0.809295
1.57318e-09	-0.809799
1.57325e-09	-0.810302
1.57332e-09	-0.810803
1.57339e-09	-0.811303
1.57347e-09	-0.811801
1.57354e-09	-0.812297
1.57361e-09	-0.812792
1.57368e-09	-0.813285
1.57375e-09	-0.813777
1.57382e-09	-0.814267
1.57389e-09	-0.814755
1.57396e-09	-0.815242
1.57403e-09	-0.815728
1.5741e-09	-0.816211
1.57417e-09	-0.816694
1.57425e-09	-0.817174
1.57432e-09	-0.817653
1.57439e-09	-0.81813
1.57446e-09	-0.818606
1.57453e-09	-0.81908
1.5746e-09	-0.819553
1.57467e-09	-0.820024
1.57474e-09	-0.820494
1.57481e-09	-0.820961
1.57488e-09	-0.821428
1.57495e-09	-0.821892
1.57503e-09	-0.822355
1.5751e-09	-0.822817
1.57517e-09	-0.823277
1.57524e-09	-0.823735
1.57531e-09	-0.824192
1.57538e-09	-0.824647
1.57545e-09	-0.8251
1.57552e-09	-0.825552
1.57559e-09	-0.826002
1.57566e-09	-0.826451
1.57574e-09	-0.826898
1.57581e-09	-0.827344
1.57588e-09	-0.827787
1.57595e-09	-0.82823
1.57602e-09	-0.82867
1.57609e-09	-0.829109
1.57616e-09	-0.829547
1.57623e-09	-0.829983
1.5763e-09	-0.830417
1.57637e-09	-0.83085
1.57644e-09	-0.831281
1.57652e-09	-0.83171
1.57659e-09	-0.832138
1.57666e-09	-0.832564
1.57673e-09	-0.832989
1.5768e-09	-0.833412
1.57687e-09	-0.833833
1.57694e-09	-0.834253
1.57701e-09	-0.834671
1.57708e-09	-0.835088
1.57715e-09	-0.835503
1.57722e-09	-0.835916
1.5773e-09	-0.836328
1.57737e-09	-0.836738
1.57744e-09	-0.837147
1.57751e-09	-0.837554
1.57758e-09	-0.837959
1.57765e-09	-0.838362
1.57772e-09	-0.838764
1.57779e-09	-0.839165
1.57786e-09	-0.839564
1.57793e-09	-0.839961
1.578e-09	-0.840357
1.57808e-09	-0.840751
1.57815e-09	-0.841143
1.57822e-09	-0.841534
1.57829e-09	-0.841923
1.57836e-09	-0.84231
1.57843e-09	-0.842696
1.5785e-09	-0.84308
1.57857e-09	-0.843463
1.57864e-09	-0.843844
1.57871e-09	-0.844223
1.57879e-09	-0.844601
1.57886e-09	-0.844977
1.57893e-09	-0.845352
1.579e-09	-0.845725
1.57907e-09	-0.846096
1.57914e-09	-0.846466
1.57921e-09	-0.846834
1.57928e-09	-0.8472
1.57935e-09	-0.847565
1.57942e-09	-0.847928
1.57949e-09	-0.84829
1.57957e-09	-0.848649
1.57964e-09	-0.849008
1.57971e-09	-0.849364
1.57978e-09	-0.849719
1.57985e-09	-0.850073
1.57992e-09	-0.850424
1.57999e-09	-0.850775
1.58006e-09	-0.851123
1.58013e-09	-0.85147
1.5802e-09	-0.851815
1.58027e-09	-0.852159
1.58035e-09	-0.852501
1.58042e-09	-0.852841
1.58049e-09	-0.85318
1.58056e-09	-0.853517
1.58063e-09	-0.853852
1.5807e-09	-0.854186
1.58077e-09	-0.854518
1.58084e-09	-0.854849
1.58091e-09	-0.855178
1.58098e-09	-0.855505
1.58105e-09	-0.855831
1.58113e-09	-0.856155
1.5812e-09	-0.856477
1.58127e-09	-0.856798
1.58134e-09	-0.857117
1.58141e-09	-0.857434
1.58148e-09	-0.85775
1.58155e-09	-0.858064
1.58162e-09	-0.858377
1.58169e-09	-0.858688
1.58176e-09	-0.858997
1.58183e-09	-0.859305
1.58191e-09	-0.859611
1.58198e-09	-0.859915
1.58205e-09	-0.860218
1.58212e-09	-0.860519
1.58219e-09	-0.860819
1.58226e-09	-0.861116
1.58233e-09	-0.861412
1.5824e-09	-0.861707
1.58247e-09	-0.862
1.58254e-09	-0.862291
1.58262e-09	-0.862581
1.58269e-09	-0.862869
1.58276e-09	-0.863155
1.58283e-09	-0.86344
1.5829e-09	-0.863723
1.58297e-09	-0.864004
1.58304e-09	-0.864284
1.58311e-09	-0.864562
1.58318e-09	-0.864838
1.58325e-09	-0.865113
1.58332e-09	-0.865386
1.5834e-09	-0.865658
1.58347e-09	-0.865928
1.58354e-09	-0.866196
1.58361e-09	-0.866463
1.58368e-09	-0.866728
1.58375e-09	-0.866991
1.58382e-09	-0.867253
1.58389e-09	-0.867513
1.58396e-09	-0.867771
1.58403e-09	-0.868028
1.5841e-09	-0.868283
1.58418e-09	-0.868536
1.58425e-09	-0.868788
1.58432e-09	-0.869038
1.58439e-09	-0.869287
1.58446e-09	-0.869534
1.58453e-09	-0.869779
1.5846e-09	-0.870022
1.58467e-09	-0.870264
1.58474e-09	-0.870505
1.58481e-09	-0.870743
1.58488e-09	-0.87098
1.58496e-09	-0.871215
1.58503e-09	-0.871449
1.5851e-09	-0.871681
1.58517e-09	-0.871912
1.58524e-09	-0.87214
1.58531e-09	-0.872367
1.58538e-09	-0.872593
1.58545e-09	-0.872817
1.58552e-09	-0.873039
1.58559e-09	-0.873259
1.58567e-09	-0.873478
1.58574e-09	-0.873695
1.58581e-09	-0.873911
1.58588e-09	-0.874125
1.58595e-09	-0.874337
1.58602e-09	-0.874547
1.58609e-09	-0.874756
1.58616e-09	-0.874964
1.58623e-09	-0.875169
1.5863e-09	-0.875373
1.58637e-09	-0.875576
1.58645e-09	-0.875776
1.58652e-09	-0.875975
1.58659e-09	-0.876173
1.58666e-09	-0.876368
1.58673e-09	-0.876563
1.5868e-09	-0.876755
1.58687e-09	-0.876946
1.58694e-09	-0.877135
1.58701e-09	-0.877322
1.58708e-09	-0.877508
1.58715e-09	-0.877692
1.58723e-09	-0.877875
1.5873e-09	-0.878056
1.58737e-09	-0.878235
1.58744e-09	-0.878413
1.58751e-09	-0.878588
1.58758e-09	-0.878763
1.58765e-09	-0.878935
1.58772e-09	-0.879106
1.58779e-09	-0.879276
1.58786e-09	-0.879443
1.58793e-09	-0.879609
1.58801e-09	-0.879774
1.58808e-09	-0.879936
1.58815e-09	-0.880097
1.58822e-09	-0.880257
1.58829e-09	-0.880415
1.58836e-09	-0.880571
1.58843e-09	-0.880725
1.5885e-09	-0.880878
1.58857e-09	-0.881029
1.58864e-09	-0.881179
1.58871e-09	-0.881326
1.58879e-09	-0.881473
1.58886e-09	-0.881617
1.58893e-09	-0.88176
1.589e-09	-0.881901
1.58907e-09	-0.882041
1.58914e-09	-0.882179
1.58921e-09	-0.882315
1.58928e-09	-0.88245
1.58935e-09	-0.882583
1.58942e-09	-0.882714
1.5895e-09	-0.882844
1.58957e-09	-0.882972
1.58964e-09	-0.883098
1.58971e-09	-0.883223
1.58978e-09	-0.883346
1.58985e-09	-0.883468
1.58992e-09	-0.883587
1.58999e-09	-0.883705
1.59006e-09	-0.883822
1.59013e-09	-0.883937
1.5902e-09	-0.88405
1.59028e-09	-0.884162
1.59035e-09	-0.884271
1.59042e-09	-0.88438
1.59049e-09	-0.884486
1.59056e-09	-0.884591
1.59063e-09	-0.884695
1.5907e-09	-0.884796
1.59077e-09	-0.884896
1.59084e-09	-0.884994
1.59091e-09	-0.885091
1.59098e-09	-0.885186
1.59106e-09	-0.88528
1.59113e-09	-0.885371
1.5912e-09	-0.885461
1.59127e-09	-0.88555
1.59134e-09	-0.885637
1.59141e-09	-0.885722
1.59148e-09	-0.885805
1.59155e-09	-0.885887
1.59162e-09	-0.885967
1.59169e-09	-0.886046
1.59176e-09	-0.886123
1.59184e-09	-0.886198
1.59191e-09	-0.886272
1.59198e-09	-0.886344
1.59205e-09	-0.886414
1.59212e-09	-0.886483
1.59219e-09	-0.88655
1.59226e-09	-0.886615
1.59233e-09	-0.886679
1.5924e-09	-0.886741
1.59247e-09	-0.886802
1.59255e-09	-0.88686
1.59262e-09	-0.886918
1.59269e-09	-0.886973
1.59276e-09	-0.887027
1.59283e-09	-0.887079
1.5929e-09	-0.88713
1.59297e-09	-0.887179
1.59304e-09	-0.887226
1.59311e-09	-0.887272
1.59318e-09	-0.887316
1.59325e-09	-0.887358
1.59333e-09	-0.887399
1.5934e-09	-0.887438
1.59347e-09	-0.887475
1.59354e-09	-0.887511
1.59361e-09	-0.887545
1.59368e-09	-0.887578
1.59375e-09	-0.887609
1.59382e-09	-0.887638
1.59389e-09	-0.887666
1.59396e-09	-0.887692
1.59403e-09	-0.887716
1.59411e-09	-0.887739
1.59418e-09	-0.88776
1.59425e-09	-0.887779
1.59432e-09	-0.887797
1.59439e-09	-0.887813
1.59446e-09	-0.887827
1.59453e-09	-0.88784
1.5946e-09	-0.887851
1.59467e-09	-0.887861
1.59474e-09	-0.887869
1.59481e-09	-0.887875
1.59489e-09	-0.88788
1.59496e-09	-0.887883
1.59503e-09	-0.887884
1.5951e-09	-0.887884
1.59517e-09	-0.887882
1.59524e-09	-0.887879
1.59531e-09	-0.887874
1.59538e-09	-0.887867
1.59545e-09	-0.887858
1.59552e-09	-0.887848
1.59559e-09	-0.887837
1.59567e-09	-0.887823
1.59574e-09	-0.887808
1.59581e-09	-0.887792
1.59588e-09	-0.887774
1.59595e-09	-0.887754
1.59602e-09	-0.887732
1.59609e-09	-0.887709
1.59616e-09	-0.887685
1.59623e-09	-0.887658
1.5963e-09	-0.88763
1.59638e-09	-0.887601
1.59645e-09	-0.887569
1.59652e-09	-0.887536
1.59659e-09	-0.887502
1.59666e-09	-0.887466
1.59673e-09	-0.887428
1.5968e-09	-0.887389
1.59687e-09	-0.887348
1.59694e-09	-0.887305
1.59701e-09	-0.887261
1.59708e-09	-0.887215
1.59716e-09	-0.887167
1.59723e-09	-0.887118
1.5973e-09	-0.887067
1.59737e-09	-0.887015
1.59744e-09	-0.886961
1.59751e-09	-0.886905
1.59758e-09	-0.886848
1.59765e-09	-0.886789
1.59772e-09	-0.886729
1.59779e-09	-0.886667
1.59786e-09	-0.886603
1.59794e-09	-0.886537
1.59801e-09	-0.886471
1.59808e-09	-0.886402
1.59815e-09	-0.886332
1.59822e-09	-0.88626
1.59829e-09	-0.886186
1.59836e-09	-0.886111
1.59843e-09	-0.886035
1.5985e-09	-0.885956
1.59857e-09	-0.885876
1.59864e-09	-0.885795
1.59872e-09	-0.885712
1.59879e-09	-0.885627
1.59886e-09	-0.885541
1.59893e-09	-0.885453
1.599e-09	-0.885363
1.59907e-09	-0.885272
1.59914e-09	-0.885179
1.59921e-09	-0.885085
1.59928e-09	-0.884988
1.59935e-09	-0.884891
1.59943e-09	-0.884792
1.5995e-09	-0.884691
1.59957e-09	-0.884588
1.59964e-09	-0.884484
1.59971e-09	-0.884378
1.59978e-09	-0.884271
1.59985e-09	-0.884162
1.59992e-09	-0.884052
1.59999e-09	-0.88394
1.60006e-09	-0.883826
1.60013e-09	-0.88371
1.60021e-09	-0.883593
1.60028e-09	-0.883475
1.60035e-09	-0.883355
1.60042e-09	-0.883233
1.60049e-09	-0.88311
1.60056e-09	-0.882985
1.60063e-09	-0.882858
1.6007e-09	-0.88273
1.60077e-09	-0.8826
1.60084e-09	-0.882469
1.60091e-09	-0.882336
1.60099e-09	-0.882201
1.60106e-09	-0.882065
1.60113e-09	-0.881927
1.6012e-09	-0.881788
1.60127e-09	-0.881647
1.60134e-09	-0.881505
1.60141e-09	-0.881361
1.60148e-09	-0.881215
1.60155e-09	-0.881068
1.60162e-09	-0.880919
1.60169e-09	-0.880768
1.60177e-09	-0.880616
1.60184e-09	-0.880462
1.60191e-09	-0.880307
1.60198e-09	-0.88015
1.60205e-09	-0.879992
1.60212e-09	-0.879832
1.60219e-09	-0.87967
1.60226e-09	-0.879507
1.60233e-09	-0.879342
1.6024e-09	-0.879176
1.60247e-09	-0.879008
1.60255e-09	-0.878838
1.60262e-09	-0.878667
1.60269e-09	-0.878494
1.60276e-09	-0.87832
1.60283e-09	-0.878144
1.6029e-09	-0.877967
1.60297e-09	-0.877788
1.60304e-09	-0.877607
1.60311e-09	-0.877425
1.60318e-09	-0.877241
1.60326e-09	-0.877056
1.60333e-09	-0.876869
1.6034e-09	-0.87668
1.60347e-09	-0.87649
1.60354e-09	-0.876299
1.60361e-09	-0.876105
1.60368e-09	-0.875911
1.60375e-09	-0.875714
1.60382e-09	-0.875516
1.60389e-09	-0.875317
1.60396e-09	-0.875116
1.60404e-09	-0.874913
1.60411e-09	-0.874709
1.60418e-09	-0.874503
1.60425e-09	-0.874296
1.60432e-09	-0.874087
1.60439e-09	-0.873876
1.60446e-09	-0.873664
1.60453e-09	-0.873451
1.6046e-09	-0.873235
1.60467e-09	-0.873019
1.60474e-09	-0.8728
1.60482e-09	-0.87258
1.60489e-09	-0.872359
1.60496e-09	-0.872136
1.60503e-09	-0.871911
1.6051e-09	-0.871685
1.60517e-09	-0.871458
1.60524e-09	-0.871228
1.60531e-09	-0.870998
1.60538e-09	-0.870765
1.60545e-09	-0.870531
1.60552e-09	-0.870296
1.6056e-09	-0.870059
1.60567e-09	-0.86982
1.60574e-09	-0.86958
1.60581e-09	-0.869339
1.60588e-09	-0.869095
1.60595e-09	-0.868851
1.60602e-09	-0.868604
1.60609e-09	-0.868356
1.60616e-09	-0.868107
1.60623e-09	-0.867856
1.60631e-09	-0.867604
1.60638e-09	-0.86735
1.60645e-09	-0.867094
1.60652e-09	-0.866837
1.60659e-09	-0.866578
1.60666e-09	-0.866318
1.60673e-09	-0.866056
1.6068e-09	-0.865793
1.60687e-09	-0.865528
1.60694e-09	-0.865262
1.60701e-09	-0.864994
1.60709e-09	-0.864724
1.60716e-09	-0.864453
1.60723e-09	-0.864181
1.6073e-09	-0.863907
1.60737e-09	-0.863631
1.60744e-09	-0.863354
1.60751e-09	-0.863076
1.60758e-09	-0.862795
1.60765e-09	-0.862514
1.60772e-09	-0.862231
1.60779e-09	-0.861946
1.60787e-09	-0.86166
1.60794e-09	-0.861372
1.60801e-09	-0.861082
1.60808e-09	-0.860792
1.60815e-09	-0.860499
1.60822e-09	-0.860205
1.60829e-09	-0.85991
1.60836e-09	-0.859613
1.60843e-09	-0.859314
1.6085e-09	-0.859014
1.60857e-09	-0.858713
1.60865e-09	-0.85841
1.60872e-09	-0.858105
1.60879e-09	-0.857799
1.60886e-09	-0.857492
1.60893e-09	-0.857183
1.609e-09	-0.856872
1.60907e-09	-0.85656
1.60914e-09	-0.856246
1.60921e-09	-0.855931
1.60928e-09	-0.855615
1.60935e-09	-0.855297
1.60943e-09	-0.854977
1.6095e-09	-0.854656
1.60957e-09	-0.854333
1.60964e-09	-0.854009
1.60971e-09	-0.853683
1.60978e-09	-0.853356
1.60985e-09	-0.853028
1.60992e-09	-0.852697
1.60999e-09	-0.852366
1.61006e-09	-0.852033
1.61014e-09	-0.851698
1.61021e-09	-0.851362
1.61028e-09	-0.851024
1.61035e-09	-0.850685
1.61042e-09	-0.850344
1.61049e-09	-0.850002
1.61056e-09	-0.849659
1.61063e-09	-0.849313
1.6107e-09	-0.848967
1.61077e-09	-0.848619
1.61084e-09	-0.848269
1.61092e-09	-0.847918
1.61099e-09	-0.847566
1.61106e-09	-0.847212
1.61113e-09	-0.846856
1.6112e-09	-0.846499
1.61127e-09	-0.846141
1.61134e-09	-0.845781
1.61141e-09	-0.845419
1.61148e-09	-0.845056
1.61155e-09	-0.844692
1.61162e-09	-0.844326
1.6117e-09	-0.843959
1.61177e-09	-0.84359
1.61184e-09	-0.84322
1.61191e-09	-0.842848
1.61198e-09	-0.842475
1.61205e-09	-0.8421
1.61212e-09	-0.841724
1.61219e-09	-0.841346
1.61226e-09	-0.840967
1.61233e-09	-0.840587
1.6124e-09	-0.840204
1.61248e-09	-0.839821
1.61255e-09	-0.839436
1.61262e-09	-0.83905
1.61269e-09	-0.838662
1.61276e-09	-0.838272
1.61283e-09	-0.837882
1.6129e-09	-0.837489
1.61297e-09	-0.837096
1.61304e-09	-0.8367
1.61311e-09	-0.836304
1.61319e-09	-0.835906
1.61326e-09	-0.835506
1.61333e-09	-0.835105
1.6134e-09	-0.834703
1.61347e-09	-0.834299
1.61354e-09	-0.833894
1.61361e-09	-0.833487
1.61368e-09	-0.833079
1.61375e-09	-0.832669
1.61382e-09	-0.832258
1.61389e-09	-0.831845
1.61397e-09	-0.831431
1.61404e-09	-0.831016
1.61411e-09	-0.830599
1.61418e-09	-0.830181
1.61425e-09	-0.829761
1.61432e-09	-0.82934
1.61439e-09	-0.828917
1.61446e-09	-0.828493
1.61453e-09	-0.828068
1.6146e-09	-0.827641
1.61467e-09	-0.827212
1.61475e-09	-0.826783
1.61482e-09	-0.826351
1.61489e-09	-0.825919
1.61496e-09	-0.825485
1.61503e-09	-0.825049
1.6151e-09	-0.824612
1.61517e-09	-0.824174
1.61524e-09	-0.823734
1.61531e-09	-0.823293
1.61538e-09	-0.822851
1.61545e-09	-0.822407
1.61553e-09	-0.821961
1.6156e-09	-0.821515
1.61567e-09	-0.821066
1.61574e-09	-0.820617
1.61581e-09	-0.820166
1.61588e-09	-0.819713
1.61595e-09	-0.819259
1.61602e-09	-0.818804
1.61609e-09	-0.818347
1.61616e-09	-0.817889
1.61623e-09	-0.81743
1.61631e-09	-0.816969
1.61638e-09	-0.816507
1.61645e-09	-0.816043
1.61652e-09	-0.815578
1.61659e-09	-0.815111
1.61666e-09	-0.814643
1.61673e-09	-0.814174
1.6168e-09	-0.813703
1.61687e-09	-0.813231
1.61694e-09	-0.812758
1.61702e-09	-0.812283
1.61709e-09	-0.811807
1.61716e-09	-0.811329
1.61723e-09	-0.81085
1.6173e-09	-0.81037
1.61737e-09	-0.809888
1.61744e-09	-0.809405
1.61751e-09	-0.80892
1.61758e-09	-0.808434
1.61765e-09	-0.807947
1.61772e-09	-0.807458
1.6178e-09	-0.806968
1.61787e-09	-0.806477
1.61794e-09	-0.805984
1.61801e-09	-0.80549
1.61808e-09	-0.804994
1.61815e-09	-0.804497
1.61822e-09	-0.803999
1.61829e-09	-0.803499
1.61836e-09	-0.802998
1.61843e-09	-0.802496
1.6185e-09	-0.801992
1.61858e-09	-0.801487
1.61865e-09	-0.800981
1.61872e-09	-0.800473
1.61879e-09	-0.799963
1.61886e-09	-0.799453
1.61893e-09	-0.798941
1.619e-09	-0.798428
1.61907e-09	-0.797913
1.61914e-09	-0.797397
1.61921e-09	-0.79688
1.61928e-09	-0.796361
1.61936e-09	-0.795841
1.61943e-09	-0.79532
1.6195e-09	-0.794797
1.61957e-09	-0.794273
1.61964e-09	-0.793747
1.61971e-09	-0.793221
1.61978e-09	-0.792693
1.61985e-09	-0.792163
1.61992e-09	-0.791632
1.61999e-09	-0.7911
1.62007e-09	-0.790567
1.62014e-09	-0.790032
1.62021e-09	-0.789496
1.62028e-09	-0.788958
1.62035e-09	-0.78842
1.62042e-09	-0.78788
1.62049e-09	-0.787338
1.62056e-09	-0.786795
1.62063e-09	-0.786251
1.6207e-09	-0.785706
1.62077e-09	-0.785159
1.62085e-09	-0.784611
1.62092e-09	-0.784062
1.62099e-09	-0.783511
1.62106e-09	-0.782959
1.62113e-09	-0.782406
1.6212e-09	-0.781851
1.62127e-09	-0.781295
1.62134e-09	-0.780738
1.62141e-09	-0.780179
1.62148e-09	-0.77962
1.62155e-09	-0.779058
1.62163e-09	-0.778496
1.6217e-09	-0.777932
1.62177e-09	-0.777367
1.62184e-09	-0.776801
1.62191e-09	-0.776233
1.62198e-09	-0.775664
1.62205e-09	-0.775094
1.62212e-09	-0.774522
1.62219e-09	-0.773949
1.62226e-09	-0.773375
1.62233e-09	-0.7728
1.62241e-09	-0.772223
1.62248e-09	-0.771645
1.62255e-09	-0.771065
1.62262e-09	-0.770485
1.62269e-09	-0.769903
1.62276e-09	-0.76932
1.62283e-09	-0.768735
1.6229e-09	-0.76815
1.62297e-09	-0.767563
1.62304e-09	-0.766974
1.62312e-09	-0.766385
1.62319e-09	-0.765794
1.62326e-09	-0.765202
1.62333e-09	-0.764608
1.6234e-09	-0.764014
1.62347e-09	-0.763418
1.62354e-09	-0.76282
1.62361e-09	-0.762222
1.62368e-09	-0.761622
1.62375e-09	-0.761021
1.62382e-09	-0.760419
1.6239e-09	-0.759816
1.62397e-09	-0.759211
1.62404e-09	-0.758605
1.62411e-09	-0.757997
1.62418e-09	-0.757389
1.62425e-09	-0.756779
1.62432e-09	-0.756168
1.62439e-09	-0.755556
1.62446e-09	-0.754942
1.62453e-09	-0.754327
1.6246e-09	-0.753711
1.62468e-09	-0.753094
1.62475e-09	-0.752476
1.62482e-09	-0.751856
1.62489e-09	-0.751235
1.62496e-09	-0.750613
1.62503e-09	-0.749989
1.6251e-09	-0.749364
1.62517e-09	-0.748739
1.62524e-09	-0.748111
1.62531e-09	-0.747483
1.62538e-09	-0.746853
1.62546e-09	-0.746222
1.62553e-09	-0.74559
1.6256e-09	-0.744957
1.62567e-09	-0.744323
1.62574e-09	-0.743687
1.62581e-09	-0.74305
1.62588e-09	-0.742412
1.62595e-09	-0.741772
1.62602e-09	-0.741132
1.62609e-09	-0.74049
1.62616e-09	-0.739847
1.62624e-09	-0.739202
1.62631e-09	-0.738557
1.62638e-09	-0.73791
1.62645e-09	-0.737262
1.62652e-09	-0.736613
1.62659e-09	-0.735963
1.62666e-09	-0.735312
1.62673e-09	-0.734659
1.6268e-09	-0.734005
1.62687e-09	-0.73335
1.62695e-09	-0.732694
1.62702e-09	-0.732036
1.62709e-09	-0.731377
1.62716e-09	-0.730718
1.62723e-09	-0.730057
1.6273e-09	-0.729394
1.62737e-09	-0.728731
1.62744e-09	-0.728066
1.62751e-09	-0.7274
1.62758e-09	-0.726734
1.62765e-09	-0.726065
1.62773e-09	-0.725396
1.6278e-09	-0.724726
1.62787e-09	-0.724054
1.62794e-09	-0.723381
1.62801e-09	-0.722707
1.62808e-09	-0.722032
1.62815e-09	-0.721355
1.62822e-09	-0.720678
1.62829e-09	-0.719999
1.62836e-09	-0.719319
1.62843e-09	-0.718638
1.62851e-09	-0.717956
1.62858e-09	-0.717273
1.62865e-09	-0.716588
1.62872e-09	-0.715903
1.62879e-09	-0.715216
1.62886e-09	-0.714528
1.62893e-09	-0.713839
1.629e-09	-0.713149
1.62907e-09	-0.712457
1.62914e-09	-0.711765
1.62921e-09	-0.711071
1.62929e-09	-0.710376
1.62936e-09	-0.70968
1.62943e-09	-0.708983
1.6295e-09	-0.708285
1.62957e-09	-0.707585
1.62964e-09	-0.706885
1.62971e-09	-0.706183
1.62978e-09	-0.70548
1.62985e-09	-0.704776
1.62992e-09	-0.704071
1.63e-09	-0.703365
1.63007e-09	-0.702658
1.63014e-09	-0.701949
1.63021e-09	-0.70124
1.63028e-09	-0.700529
1.63035e-09	-0.699817
1.63042e-09	-0.699104
1.63049e-09	-0.69839
1.63056e-09	-0.697675
1.63063e-09	-0.696959
1.6307e-09	-0.696242
1.63078e-09	-0.695523
1.63085e-09	-0.694804
1.63092e-09	-0.694083
1.63099e-09	-0.693361
1.63106e-09	-0.692638
1.63113e-09	-0.691914
1.6312e-09	-0.691189
1.63127e-09	-0.690463
1.63134e-09	-0.689736
1.63141e-09	-0.689007
1.63148e-09	-0.688278
1.63156e-09	-0.687547
1.63163e-09	-0.686816
1.6317e-09	-0.686083
1.63177e-09	-0.685349
1.63184e-09	-0.684614
1.63191e-09	-0.683878
1.63198e-09	-0.683141
1.63205e-09	-0.682403
1.63212e-09	-0.681664
1.63219e-09	-0.680924
1.63226e-09	-0.680182
1.63234e-09	-0.67944
1.63241e-09	-0.678696
1.63248e-09	-0.677952
1.63255e-09	-0.677206
1.63262e-09	-0.676459
1.63269e-09	-0.675712
1.63276e-09	-0.674963
1.63283e-09	-0.674213
1.6329e-09	-0.673462
1.63297e-09	-0.67271
1.63304e-09	-0.671957
1.63312e-09	-0.671203
1.63319e-09	-0.670448
1.63326e-09	-0.669691
1.63333e-09	-0.668934
1.6334e-09	-0.668176
1.63347e-09	-0.667416
1.63354e-09	-0.666656
1.63361e-09	-0.665895
1.63368e-09	-0.665132
1.63375e-09	-0.664369
1.63383e-09	-0.663604
1.6339e-09	-0.662838
1.63397e-09	-0.662072
1.63404e-09	-0.661304
1.63411e-09	-0.660536
1.63418e-09	-0.659766
1.63425e-09	-0.658995
1.63432e-09	-0.658223
1.63439e-09	-0.657451
1.63446e-09	-0.656677
1.63453e-09	-0.655902
1.63461e-09	-0.655126
1.63468e-09	-0.654349
1.63475e-09	-0.653571
1.63482e-09	-0.652793
1.63489e-09	-0.652013
1.63496e-09	-0.651232
1.63503e-09	-0.65045
1.6351e-09	-0.649667
1.63517e-09	-0.648883
1.63524e-09	-0.648098
1.63531e-09	-0.647312
1.63539e-09	-0.646525
1.63546e-09	-0.645737
1.63553e-09	-0.644949
1.6356e-09	-0.644159
1.63567e-09	-0.643368
1.63574e-09	-0.642576
1.63581e-09	-0.641783
1.63588e-09	-0.640989
1.63595e-09	-0.640194
1.63602e-09	-0.639399
1.63609e-09	-0.638602
1.63617e-09	-0.637804
1.63624e-09	-0.637005
1.63631e-09	-0.636206
1.63638e-09	-0.635405
1.63645e-09	-0.634603
1.63652e-09	-0.633801
1.63659e-09	-0.632997
1.63666e-09	-0.632193
1.63673e-09	-0.631387
1.6368e-09	-0.630581
1.63688e-09	-0.629773
1.63695e-09	-0.628965
1.63702e-09	-0.628156
1.63709e-09	-0.627345
1.63716e-09	-0.626534
1.63723e-09	-0.625722
1.6373e-09	-0.624909
1.63737e-09	-0.624095
1.63744e-09	-0.62328
1.63751e-09	-0.622464
1.63758e-09	-0.621647
1.63766e-09	-0.620829
1.63773e-09	-0.62001
1.6378e-09	-0.61919
1.63787e-09	-0.618369
1.63794e-09	-0.617548
1.63801e-09	-0.616725
1.63808e-09	-0.615902
1.63815e-09	-0.615077
1.63822e-09	-0.614252
1.63829e-09	-0.613426
1.63836e-09	-0.612599
1.63844e-09	-0.611771
1.63851e-09	-0.610942
1.63858e-09	-0.610112
1.63865e-09	-0.609281
1.63872e-09	-0.608449
1.63879e-09	-0.607616
1.63886e-09	-0.606783
1.63893e-09	-0.605948
1.639e-09	-0.605113
1.63907e-09	-0.604277
1.63914e-09	-0.60344
1.63922e-09	-0.602601
1.63929e-09	-0.601762
1.63936e-09	-0.600923
1.63943e-09	-0.600082
1.6395e-09	-0.59924
1.63957e-09	-0.598398
1.63964e-09	-0.597554
1.63971e-09	-0.59671
1.63978e-09	-0.595865
1.63985e-09	-0.595018
1.63992e-09	-0.594171
1.64e-09	-0.593324
1.64007e-09	-0.592475
1.64014e-09	-0.591625
1.64021e-09	-0.590775
1.64028e-09	-0.589923
1.64035e-09	-0.589071
1.64042e-09	-0.588218
1.64049e-09	-0.587364
1.64056e-09	-0.586509
1.64063e-09	-0.585654
1.64071e-09	-0.584797
1.64078e-09	-0.58394
1.64085e-09	-0.583081
1.64092e-09	-0.582222
1.64099e-09	-0.581362
1.64106e-09	-0.580501
1.64113e-09	-0.57964
1.6412e-09	-0.578777
1.64127e-09	-0.577914
1.64134e-09	-0.57705
1.64141e-09	-0.576185
1.64149e-09	-0.575319
1.64156e-09	-0.574452
1.64163e-09	-0.573584
1.6417e-09	-0.572716
1.64177e-09	-0.571847
1.64184e-09	-0.570977
1.64191e-09	-0.570106
1.64198e-09	-0.569234
1.64205e-09	-0.568361
1.64212e-09	-0.567488
1.64219e-09	-0.566614
1.64227e-09	-0.565739
1.64234e-09	-0.564863
1.64241e-09	-0.563986
1.64248e-09	-0.563109
1.64255e-09	-0.562231
1.64262e-09	-0.561352
1.64269e-09	-0.560472
1.64276e-09	-0.559591
1.64283e-09	-0.55871
1.6429e-09	-0.557827
1.64297e-09	-0.556944
1.64305e-09	-0.55606
1.64312e-09	-0.555176
1.64319e-09	-0.55429
1.64326e-09	-0.553404
1.64333e-09	-0.552517
1.6434e-09	-0.551629
1.64347e-09	-0.55074
1.64354e-09	-0.549851
1.64361e-09	-0.548961
1.64368e-09	-0.54807
1.64376e-09	-0.547178
1.64383e-09	-0.546285
1.6439e-09	-0.545392
1.64397e-09	-0.544498
1.64404e-09	-0.543603
1.64411e-09	-0.542707
1.64418e-09	-0.541811
1.64425e-09	-0.540914
1.64432e-09	-0.540016
1.64439e-09	-0.539117
1.64446e-09	-0.538218
1.64454e-09	-0.537317
1.64461e-09	-0.536416
1.64468e-09	-0.535515
1.64475e-09	-0.534612
1.64482e-09	-0.533709
1.64489e-09	-0.532805
1.64496e-09	-0.5319
1.64503e-09	-0.530995
1.6451e-09	-0.530089
1.64517e-09	-0.529182
1.64524e-09	-0.528274
1.64532e-09	-0.527366
1.64539e-09	-0.526456
1.64546e-09	-0.525547
1.64553e-09	-0.524636
1.6456e-09	-0.523725
1.64567e-09	-0.522813
1.64574e-09	-0.5219
1.64581e-09	-0.520986
1.64588e-09	-0.520072
1.64595e-09	-0.519157
1.64602e-09	-0.518241
1.6461e-09	-0.517325
1.64617e-09	-0.516408
1.64624e-09	-0.51549
1.64631e-09	-0.514572
1.64638e-09	-0.513652
1.64645e-09	-0.512732
1.64652e-09	-0.511812
1.64659e-09	-0.51089
1.64666e-09	-0.509968
1.64673e-09	-0.509046
1.6468e-09	-0.508122
1.64688e-09	-0.507198
1.64695e-09	-0.506273
1.64702e-09	-0.505348
1.64709e-09	-0.504422
1.64716e-09	-0.503495
1.64723e-09	-0.502567
1.6473e-09	-0.501639
1.64737e-09	-0.50071
1.64744e-09	-0.49978
1.64751e-09	-0.49885
1.64759e-09	-0.497919
1.64766e-09	-0.496988
1.64773e-09	-0.496055
1.6478e-09	-0.495122
1.64787e-09	-0.494189
1.64794e-09	-0.493254
1.64801e-09	-0.492319
1.64808e-09	-0.491384
1.64815e-09	-0.490448
1.64822e-09	-0.489511
1.64829e-09	-0.488573
1.64837e-09	-0.487635
1.64844e-09	-0.486696
1.64851e-09	-0.485756
1.64858e-09	-0.484816
1.64865e-09	-0.483875
1.64872e-09	-0.482934
1.64879e-09	-0.481992
1.64886e-09	-0.481049
1.64893e-09	-0.480106
1.649e-09	-0.479162
1.64907e-09	-0.478217
1.64915e-09	-0.477272
1.64922e-09	-0.476326
1.64929e-09	-0.47538
1.64936e-09	-0.474432
1.64943e-09	-0.473485
1.6495e-09	-0.472536
1.64957e-09	-0.471587
1.64964e-09	-0.470638
1.64971e-09	-0.469687
1.64978e-09	-0.468737
1.64985e-09	-0.467785
1.64993e-09	-0.466833
1.65e-09	-0.46588
1.65007e-09	-0.464927
1.65014e-09	-0.463973
1.65021e-09	-0.463019
1.65028e-09	-0.462064
1.65035e-09	-0.461108
1.65042e-09	-0.460152
1.65049e-09	-0.459195
1.65056e-09	-0.458237
1.65064e-09	-0.457279
1.65071e-09	-0.456321
1.65078e-09	-0.455362
1.65085e-09	-0.454402
1.65092e-09	-0.453442
1.65099e-09	-0.452481
1.65106e-09	-0.451519
1.65113e-09	-0.450557
1.6512e-09	-0.449594
1.65127e-09	-0.448631
1.65134e-09	-0.447667
1.65142e-09	-0.446703
1.65149e-09	-0.445738
1.65156e-09	-0.444773
1.65163e-09	-0.443807
1.6517e-09	-0.44284
1.65177e-09	-0.441873
1.65184e-09	-0.440905
1.65191e-09	-0.439937
1.65198e-09	-0.438968
1.65205e-09	-0.437999
1.65212e-09	-0.437029
1.6522e-09	-0.436058
1.65227e-09	-0.435087
1.65234e-09	-0.434116
1.65241e-09	-0.433144
1.65248e-09	-0.432171
1.65255e-09	-0.431198
1.65262e-09	-0.430224
1.65269e-09	-0.42925
1.65276e-09	-0.428275
1.65283e-09	-0.4273
1.6529e-09	-0.426324
1.65298e-09	-0.425348
1.65305e-09	-0.424371
1.65312e-09	-0.423394
1.65319e-09	-0.422416
1.65326e-09	-0.421438
1.65333e-09	-0.420459
1.6534e-09	-0.41948
1.65347e-09	-0.4185
1.65354e-09	-0.417519
1.65361e-09	-0.416538
1.65368e-09	-0.415557
1.65376e-09	-0.414575
1.65383e-09	-0.413593
1.6539e-09	-0.41261
1.65397e-09	-0.411627
1.65404e-09	-0.410643
1.65411e-09	-0.409658
1.65418e-09	-0.408673
1.65425e-09	-0.407688
1.65432e-09	-0.406702
1.65439e-09	-0.405716
1.65447e-09	-0.404729
1.65454e-09	-0.403742
1.65461e-09	-0.402754
1.65468e-09	-0.401766
1.65475e-09	-0.400778
1.65482e-09	-0.399788
1.65489e-09	-0.398799
1.65496e-09	-0.397809
1.65503e-09	-0.396818
1.6551e-09	-0.395827
1.65517e-09	-0.394836
1.65525e-09	-0.393844
1.65532e-09	-0.392852
1.65539e-09	-0.391859
1.65546e-09	-0.390866
1.65553e-09	-0.389872
1.6556e-09	-0.388878
1.65567e-09	-0.387883
1.65574e-09	-0.386888
1.65581e-09	-0.385893
1.65588e-09	-0.384897
1.65595e-09	-0.3839
1.65603e-09	-0.382904
1.6561e-09	-0.381907
1.65617e-09	-0.380909
1.65624e-09	-0.379911
1.65631e-09	-0.378912
1.65638e-09	-0.377913
1.65645e-09	-0.376914
1.65652e-09	-0.375914
1.65659e-09	-0.374914
1.65666e-09	-0.373914
1.65673e-09	-0.372913
1.65681e-09	-0.371911
1.65688e-09	-0.370909
1.65695e-09	-0.369907
1.65702e-09	-0.368905
1.65709e-09	-0.367902
1.65716e-09	-0.366898
1.65723e-09	-0.365894
1.6573e-09	-0.36489
1.65737e-09	-0.363886
1.65744e-09	-0.362881
1.65752e-09	-0.361875
1.65759e-09	-0.360869
1.65766e-09	-0.359863
1.65773e-09	-0.358857
1.6578e-09	-0.35785
1.65787e-09	-0.356842
1.65794e-09	-0.355835
1.65801e-09	-0.354827
1.65808e-09	-0.353818
1.65815e-09	-0.352809
1.65822e-09	-0.3518
1.6583e-09	-0.350791
1.65837e-09	-0.349781
1.65844e-09	-0.34877
1.65851e-09	-0.34776
1.65858e-09	-0.346749
1.65865e-09	-0.345737
1.65872e-09	-0.344726
1.65879e-09	-0.343714
1.65886e-09	-0.342701
1.65893e-09	-0.341689
1.659e-09	-0.340675
1.65908e-09	-0.339662
1.65915e-09	-0.338648
1.65922e-09	-0.337634
1.65929e-09	-0.33662
1.65936e-09	-0.335605
1.65943e-09	-0.33459
1.6595e-09	-0.333574
1.65957e-09	-0.332558
1.65964e-09	-0.331542
1.65971e-09	-0.330526
1.65978e-09	-0.329509
1.65986e-09	-0.328492
1.65993e-09	-0.327474
1.66e-09	-0.326457
1.66007e-09	-0.325438
1.66014e-09	-0.32442
1.66021e-09	-0.323401
1.66028e-09	-0.322382
1.66035e-09	-0.321363
1.66042e-09	-0.320343
1.66049e-09	-0.319324
1.66056e-09	-0.318303
1.66064e-09	-0.317283
1.66071e-09	-0.316262
1.66078e-09	-0.315241
1.66085e-09	-0.314219
1.66092e-09	-0.313198
1.66099e-09	-0.312176
1.66106e-09	-0.311153
1.66113e-09	-0.310131
1.6612e-09	-0.309108
1.66127e-09	-0.308085
1.66135e-09	-0.307062
1.66142e-09	-0.306038
1.66149e-09	-0.305014
1.66156e-09	-0.30399
1.66163e-09	-0.302965
1.6617e-09	-0.30194
1.66177e-09	-0.300915
1.66184e-09	-0.29989
1.66191e-09	-0.298864
1.66198e-09	-0.297839
1.66205e-09	-0.296813
1.66213e-09	-0.295786
1.6622e-09	-0.29476
1.66227e-09	-0.293733
1.66234e-09	-0.292706
1.66241e-09	-0.291678
1.66248e-09	-0.290651
1.66255e-09	-0.289623
1.66262e-09	-0.288595
1.66269e-09	-0.287566
1.66276e-09	-0.286538
1.66283e-09	-0.285509
1.66291e-09	-0.28448
1.66298e-09	-0.283451
1.66305e-09	-0.282421
1.66312e-09	-0.281392
1.66319e-09	-0.280362
1.66326e-09	-0.279332
1.66333e-09	-0.278301
1.6634e-09	-0.277271
1.66347e-09	-0.27624
1.66354e-09	-0.275209
1.66361e-09	-0.274177
1.66369e-09	-0.273146
1.66376e-09	-0.272114
1.66383e-09	-0.271082
1.6639e-09	-0.27005
1.66397e-09	-0.269018
1.66404e-09	-0.267986
1.66411e-09	-0.266953
1.66418e-09	-0.26592
1.66425e-09	-0.264887
1.66432e-09	-0.263854
1.6644e-09	-0.26282
1.66447e-09	-0.261787
1.66454e-09	-0.260753
1.66461e-09	-0.259719
1.66468e-09	-0.258684
1.66475e-09	-0.25765
1.66482e-09	-0.256616
1.66489e-09	-0.255581
1.66496e-09	-0.254546
1.66503e-09	-0.253511
1.6651e-09	-0.252476
1.66518e-09	-0.25144
1.66525e-09	-0.250405
1.66532e-09	-0.249369
1.66539e-09	-0.248333
1.66546e-09	-0.247297
1.66553e-09	-0.246261
1.6656e-09	-0.245224
1.66567e-09	-0.244188
1.66574e-09	-0.243151
1.66581e-09	-0.242114
1.66588e-09	-0.241077
1.66596e-09	-0.24004
1.66603e-09	-0.239003
1.6661e-09	-0.237965
1.66617e-09	-0.236928
1.66624e-09	-0.23589
1.66631e-09	-0.234852
1.66638e-09	-0.233814
1.66645e-09	-0.232776
1.66652e-09	-0.231738
1.66659e-09	-0.2307
1.66666e-09	-0.229661
1.66674e-09	-0.228623
1.66681e-09	-0.227584
1.66688e-09	-0.226545
1.66695e-09	-0.225506
1.66702e-09	-0.224467
1.66709e-09	-0.223428
1.66716e-09	-0.222389
1.66723e-09	-0.221349
1.6673e-09	-0.22031
1.66737e-09	-0.21927
1.66744e-09	-0.21823
1.66752e-09	-0.217191
1.66759e-09	-0.216151
1.66766e-09	-0.215111
1.66773e-09	-0.21407
1.6678e-09	-0.21303
1.66787e-09	-0.21199
1.66794e-09	-0.21095
1.66801e-09	-0.209909
1.66808e-09	-0.208869
1.66815e-09	-0.207828
1.66823e-09	-0.206787
1.6683e-09	-0.205747
1.66837e-09	-0.204706
1.66844e-09	-0.203665
1.66851e-09	-0.202624
1.66858e-09	-0.201583
1.66865e-09	-0.200542
1.66872e-09	-0.1995
1.66879e-09	-0.198459
1.66886e-09	-0.197418
1.66893e-09	-0.196376
1.66901e-09	-0.195335
1.66908e-09	-0.194293
1.66915e-09	-0.193252
1.66922e-09	-0.19221
1.66929e-09	-0.191169
1.66936e-09	-0.190127
1.66943e-09	-0.189085
1.6695e-09	-0.188043
1.66957e-09	-0.187002
1.66964e-09	-0.18596
1.66971e-09	-0.184918
1.66979e-09	-0.183876
1.66986e-09	-0.182834
1.66993e-09	-0.181792
1.67e-09	-0.18075
1.67007e-09	-0.179708
1.67014e-09	-0.178666
1.67021e-09	-0.177624
1.67028e-09	-0.176582
1.67035e-09	-0.175539
1.67042e-09	-0.174497
1.67049e-09	-0.173455
1.67057e-09	-0.172413
1.67064e-09	-0.171371
1.67071e-09	-0.170328
1.67078e-09	-0.169286
1.67085e-09	-0.168244
1.67092e-09	-0.167202
1.67099e-09	-0.16616
1.67106e-09	-0.165117
1.67113e-09	-0.164075
1.6712e-09	-0.163033
1.67128e-09	-0.161991
1.67135e-09	-0.160949
1.67142e-09	-0.159906
1.67149e-09	-0.158864
1.67156e-09	-0.157822
1.67163e-09	-0.15678
1.6717e-09	-0.155738
1.67177e-09	-0.154696
1.67184e-09	-0.153654
1.67191e-09	-0.152612
1.67198e-09	-0.15157
1.67206e-09	-0.150528
1.67213e-09	-0.149486
1.6722e-09	-0.148444
1.67227e-09	-0.147402
1.67234e-09	-0.14636
1.67241e-09	-0.145318
1.67248e-09	-0.144276
1.67255e-09	-0.143235
1.67262e-09	-0.142193
1.67269e-09	-0.141151
1.67276e-09	-0.14011
1.67284e-09	-0.139068
1.67291e-09	-0.138027
1.67298e-09	-0.136985
1.67305e-09	-0.135944
1.67312e-09	-0.134903
1.67319e-09	-0.133861
1.67326e-09	-0.13282
1.67333e-09	-0.131779
1.6734e-09	-0.130738
1.67347e-09	-0.129697
1.67354e-09	-0.128656
1.67362e-09	-0.127615
1.67369e-09	-0.126575
1.67376e-09	-0.125534
1.67383e-09	-0.124493
1.6739e-09	-0.123453
1.67397e-09	-0.122412
1.67404e-09	-0.121372
1.67411e-09	-0.120332
1.67418e-09	-0.119292
1.67425e-09	-0.118252
1.67432e-09	-0.117212
1.6744e-09	-0.116172
1.67447e-09	-0.115132
1.67454e-09	-0.114092
1.67461e-09	-0.113053
1.67468e-09	-0.112013
1.67475e-09	-0.110974
1.67482e-09	-0.109934
1.67489e-09	-0.108895
1.67496e-09	-0.107856
1.67503e-09	-0.106817
1.67511e-09	-0.105779
1.67518e-09	-0.10474
1.67525e-09	-0.103701
1.67532e-09	-0.102663
1.67539e-09	-0.101624
1.67546e-09	-0.100586
1.67553e-09	-0.0995482
1.6756e-09	-0.0985102
1.67567e-09	-0.0974724
1.67574e-09	-0.0964347
1.67581e-09	-0.0953972
1.67589e-09	-0.0943597
1.67596e-09	-0.0933225
1.67603e-09	-0.0922853
1.6761e-09	-0.0912483
1.67617e-09	-0.0902115
1.67624e-09	-0.0891748
1.67631e-09	-0.0881382
1.67638e-09	-0.0871018
1.67645e-09	-0.0860656
1.67652e-09	-0.0850295
1.67659e-09	-0.0839936
1.67667e-09	-0.0829578
1.67674e-09	-0.0819222
1.67681e-09	-0.0808867
1.67688e-09	-0.0798515
1.67695e-09	-0.0788163
1.67702e-09	-0.0777814
1.67709e-09	-0.0767466
1.67716e-09	-0.075712
1.67723e-09	-0.0746776
1.6773e-09	-0.0736433
1.67737e-09	-0.0726092
1.67745e-09	-0.0715754
1.67752e-09	-0.0705416
1.67759e-09	-0.0695081
1.67766e-09	-0.0684748
1.67773e-09	-0.0674416
1.6778e-09	-0.0664086
1.67787e-09	-0.0653759
1.67794e-09	-0.0643433
1.67801e-09	-0.0633109
1.67808e-09	-0.0622787
1.67816e-09	-0.0612468
1.67823e-09	-0.060215
1.6783e-09	-0.0591834
1.67837e-09	-0.058152
1.67844e-09	-0.0571209
1.67851e-09	-0.0560899
1.67858e-09	-0.0550592
1.67865e-09	-0.0540286
1.67872e-09	-0.0529983
1.67879e-09	-0.0519682
1.67886e-09	-0.0509384
1.67894e-09	-0.0499087
1.67901e-09	-0.0488793
1.67908e-09	-0.0478501
1.67915e-09	-0.0468211
1.67922e-09	-0.0457923
1.67929e-09	-0.0447638
1.67936e-09	-0.0437355
1.67943e-09	-0.0427075
1.6795e-09	-0.0416797
1.67957e-09	-0.0406521
1.67964e-09	-0.0396248
1.67972e-09	-0.0385977
1.67979e-09	-0.0375708
1.67986e-09	-0.0365442
1.67993e-09	-0.0355179
1.68e-09	-0.0344918
1.68007e-09	-0.0334659
1.68014e-09	-0.0324403
1.68021e-09	-0.031415
1.68028e-09	-0.0303899
1.68035e-09	-0.0293651
1.68042e-09	-0.0283405
1.6805e-09	-0.0273162
1.68057e-09	-0.0262922
1.68064e-09	-0.0252684
1.68071e-09	-0.0242449
1.68078e-09	-0.0232217
1.68085e-09	-0.0221988
1.68092e-09	-0.0211761
1.68099e-09	-0.0201537
1.68106e-09	-0.0191316
1.68113e-09	-0.0181097
1.6812e-09	-0.0170882
1.68128e-09	-0.0160669
1.68135e-09	-0.0150459
1.68142e-09	-0.0140252
1.68149e-09	-0.0130048
1.68156e-09	-0.0119847
1.68163e-09	-0.0109649
1.6817e-09	-0.00994537
1.68177e-09	-0.00892614
1.68184e-09	-0.00790721
1.68191e-09	-0.00688859
1.68199e-09	-0.00587027
1.68206e-09	-0.00485225
1.68213e-09	-0.00383454
1.6822e-09	-0.00281714
1.68227e-09	-0.00180005
1.68234e-09	-0.000783279
1.68241e-09	0.000233182
1.68248e-09	0.00124933
1.68255e-09	0.00226515
1.68262e-09	0.00328066
1.68269e-09	0.00429584
1.68277e-09	0.0053107
1.68284e-09	0.00632523
1.68291e-09	0.00733944
1.68298e-09	0.00835331
1.68305e-09	0.00936686
1.68312e-09	0.0103801
1.68319e-09	0.0113929
1.68326e-09	0.0124055
1.68333e-09	0.0134177
1.6834e-09	0.0144295
1.68347e-09	0.015441
1.68355e-09	0.0164522
1.68362e-09	0.017463
1.68369e-09	0.0184735
1.68376e-09	0.0194836
1.68383e-09	0.0204934
1.6839e-09	0.0215028
1.68397e-09	0.0225119
1.68404e-09	0.0235206
1.68411e-09	0.0245289
1.68418e-09	0.0255369
1.68425e-09	0.0265446
1.68433e-09	0.0275518
1.6844e-09	0.0285587
1.68447e-09	0.0295652
1.68454e-09	0.0305714
1.68461e-09	0.0315771
1.68468e-09	0.0325826
1.68475e-09	0.0335876
1.68482e-09	0.0345922
1.68489e-09	0.0355965
1.68496e-09	0.0366004
1.68504e-09	0.0376039
1.68511e-09	0.038607
1.68518e-09	0.0396097
1.68525e-09	0.0406121
1.68532e-09	0.041614
1.68539e-09	0.0426156
1.68546e-09	0.0436168
1.68553e-09	0.0446175
1.6856e-09	0.0456179
1.68567e-09	0.0466179
1.68574e-09	0.0476174
1.68582e-09	0.0486166
1.68589e-09	0.0496154
1.68596e-09	0.0506137
1.68603e-09	0.0516117
1.6861e-09	0.0526092
1.68617e-09	0.0536063
1.68624e-09	0.054603
1.68631e-09	0.0555993
1.68638e-09	0.0565952
1.68645e-09	0.0575907
1.68652e-09	0.0585857
1.6866e-09	0.0595803
1.68667e-09	0.0605745
1.68674e-09	0.0615682
1.68681e-09	0.0625616
1.68688e-09	0.0635545
1.68695e-09	0.0645469
1.68702e-09	0.065539
1.68709e-09	0.0665305
1.68716e-09	0.0675217
1.68723e-09	0.0685124
1.6873e-09	0.0695027
1.68738e-09	0.0704925
1.68745e-09	0.0714819
1.68752e-09	0.0724709
1.68759e-09	0.0734593
1.68766e-09	0.0744474
1.68773e-09	0.075435
1.6878e-09	0.0764221
1.68787e-09	0.0774088
1.68794e-09	0.078395
1.68801e-09	0.0793808
1.68808e-09	0.0803661
1.68816e-09	0.0813509
1.68823e-09	0.0823353
1.6883e-09	0.0833192
1.68837e-09	0.0843026
1.68844e-09	0.0852856
1.68851e-09	0.0862681
1.68858e-09	0.0872502
1.68865e-09	0.0882317
1.68872e-09	0.0892128
1.68879e-09	0.0901934
1.68887e-09	0.0911735
1.68894e-09	0.0921531
1.68901e-09	0.0931323
1.68908e-09	0.0941109
1.68915e-09	0.0950891
1.68922e-09	0.0960668
1.68929e-09	0.097044
1.68936e-09	0.0980207
1.68943e-09	0.0989969
1.6895e-09	0.0999726
1.68957e-09	0.100948
1.68965e-09	0.101923
1.68972e-09	0.102897
1.68979e-09	0.103871
1.68986e-09	0.104844
1.68993e-09	0.105816
1.69e-09	0.106789
1.69007e-09	0.10776
1.69014e-09	0.108731
1.69021e-09	0.109702
1.69028e-09	0.110672
1.69035e-09	0.111642
1.69043e-09	0.112611
1.6905e-09	0.11358
1.69057e-09	0.114548
1.69064e-09	0.115515
1.69071e-09	0.116482
1.69078e-09	0.117449
1.69085e-09	0.118415
1.69092e-09	0.11938
1.69099e-09	0.120345
1.69106e-09	0.121309
1.69113e-09	0.122273
1.69121e-09	0.123236
1.69128e-09	0.124199
1.69135e-09	0.125161
1.69142e-09	0.126123
1.69149e-09	0.127084
1.69156e-09	0.128045
1.69163e-09	0.129005
1.6917e-09	0.129964
1.69177e-09	0.130923
1.69184e-09	0.131882
1.69192e-09	0.132839
1.69199e-09	0.133797
1.69206e-09	0.134753
1.69213e-09	0.13571
1.6922e-09	0.136665
1.69227e-09	0.13762
1.69234e-09	0.138575
1.69241e-09	0.139529
1.69248e-09	0.140482
1.69255e-09	0.141435
1.69262e-09	0.142387
1.6927e-09	0.143338
1.69277e-09	0.144289
1.69284e-09	0.14524
1.69291e-09	0.14619
1.69298e-09	0.147139
1.69305e-09	0.148088
1.69312e-09	0.149036
1.69319e-09	0.149984
1.69326e-09	0.150931
1.69333e-09	0.151877
1.6934e-09	0.152823
1.69348e-09	0.153768
1.69355e-09	0.154713
1.69362e-09	0.155657
1.69369e-09	0.1566
1.69376e-09	0.157543
1.69383e-09	0.158485
1.6939e-09	0.159427
1.69397e-09	0.160368
1.69404e-09	0.161308
1.69411e-09	0.162248
1.69418e-09	0.163187
1.69426e-09	0.164126
1.69433e-09	0.165064
1.6944e-09	0.166001
1.69447e-09	0.166938
1.69454e-09	0.167874
1.69461e-09	0.168809
1.69468e-09	0.169744
1.69475e-09	0.170679
1.69482e-09	0.171612
1.69489e-09	0.172545
1.69497e-09	0.173478
1.69504e-09	0.17441
1.69511e-09	0.175341
1.69518e-09	0.176271
1.69525e-09	0.177201
1.69532e-09	0.17813
1.69539e-09	0.179059
1.69546e-09	0.179987
1.69553e-09	0.180914
1.6956e-09	0.181841
1.69567e-09	0.182767
1.69575e-09	0.183693
1.69582e-09	0.184617
1.69589e-09	0.185542
1.69596e-09	0.186465
1.69603e-09	0.187388
1.6961e-09	0.18831
1.69617e-09	0.189232
1.69624e-09	0.190152
1.69631e-09	0.191073
1.69638e-09	0.191992
1.69645e-09	0.192911
1.69653e-09	0.193829
1.6966e-09	0.194747
1.69667e-09	0.195664
1.69674e-09	0.19658
1.69681e-09	0.197496
1.69688e-09	0.198411
1.69695e-09	0.199325
1.69702e-09	0.200239
1.69709e-09	0.201151
1.69716e-09	0.202064
1.69723e-09	0.202975
1.69731e-09	0.203886
1.69738e-09	0.204796
1.69745e-09	0.205706
1.69752e-09	0.206615
1.69759e-09	0.207523
1.69766e-09	0.20843
1.69773e-09	0.209337
1.6978e-09	0.210243
1.69787e-09	0.211149
1.69794e-09	0.212053
1.69801e-09	0.212957
1.69809e-09	0.213861
1.69816e-09	0.214763
1.69823e-09	0.215665
1.6983e-09	0.216567
1.69837e-09	0.217467
1.69844e-09	0.218367
1.69851e-09	0.219266
1.69858e-09	0.220164
1.69865e-09	0.221062
1.69872e-09	0.221959
1.6988e-09	0.222855
1.69887e-09	0.223751
1.69894e-09	0.224646
1.69901e-09	0.22554
1.69908e-09	0.226434
1.69915e-09	0.227326
1.69922e-09	0.228218
1.69929e-09	0.22911
1.69936e-09	0.23
1.69943e-09	0.23089
1.6995e-09	0.231779
1.69958e-09	0.232667
1.69965e-09	0.233555
1.69972e-09	0.234442
1.69979e-09	0.235328
1.69986e-09	0.236214
1.69993e-09	0.237098
1.7e-09	0.237982
1.70007e-09	0.238866
1.70014e-09	0.239748
1.70021e-09	0.24063
1.70028e-09	0.241511
1.70036e-09	0.242391
1.70043e-09	0.243271
1.7005e-09	0.24415
1.70057e-09	0.245028
1.70064e-09	0.245905
1.70071e-09	0.246782
1.70078e-09	0.247658
1.70085e-09	0.248533
1.70092e-09	0.249407
1.70099e-09	0.25028
1.70106e-09	0.251153
1.70114e-09	0.252025
1.70121e-09	0.252897
1.70128e-09	0.253767
1.70135e-09	0.254637
1.70142e-09	0.255506
1.70149e-09	0.256374
1.70156e-09	0.257241
1.70163e-09	0.258108
1.7017e-09	0.258974
1.70177e-09	0.259839
1.70185e-09	0.260704
1.70192e-09	0.261567
1.70199e-09	0.26243
1.70206e-09	0.263292
1.70213e-09	0.264153
1.7022e-09	0.265014
1.70227e-09	0.265873
1.70234e-09	0.266732
1.70241e-09	0.267591
1.70248e-09	0.268448
1.70255e-09	0.269304
1.70263e-09	0.27016
1.7027e-09	0.271015
1.70277e-09	0.271869
1.70284e-09	0.272723
1.70291e-09	0.273575
1.70298e-09	0.274427
1.70305e-09	0.275278
1.70312e-09	0.276128
1.70319e-09	0.276978
1.70326e-09	0.277826
1.70333e-09	0.278674
1.70341e-09	0.279521
1.70348e-09	0.280367
1.70355e-09	0.281213
1.70362e-09	0.282057
1.70369e-09	0.282901
1.70376e-09	0.283744
1.70383e-09	0.284586
1.7039e-09	0.285428
1.70397e-09	0.286268
1.70404e-09	0.287108
1.70411e-09	0.287947
1.70419e-09	0.288785
1.70426e-09	0.289622
1.70433e-09	0.290458
1.7044e-09	0.291294
1.70447e-09	0.292129
1.70454e-09	0.292963
1.70461e-09	0.293796
1.70468e-09	0.294628
1.70475e-09	0.29546
1.70482e-09	0.29629
1.70489e-09	0.29712
1.70497e-09	0.297949
1.70504e-09	0.298777
1.70511e-09	0.299605
1.70518e-09	0.300431
1.70525e-09	0.301257
1.70532e-09	0.302081
1.70539e-09	0.302905
1.70546e-09	0.303728
1.70553e-09	0.304551
1.7056e-09	0.305372
1.70568e-09	0.306193
1.70575e-09	0.307012
1.70582e-09	0.307831
1.70589e-09	0.308649
1.70596e-09	0.309466
1.70603e-09	0.310283
1.7061e-09	0.311098
1.70617e-09	0.311913
1.70624e-09	0.312726
1.70631e-09	0.313539
1.70638e-09	0.314351
1.70646e-09	0.315162
1.70653e-09	0.315973
1.7066e-09	0.316782
1.70667e-09	0.317591
1.70674e-09	0.318398
1.70681e-09	0.319205
1.70688e-09	0.320011
1.70695e-09	0.320816
1.70702e-09	0.32162
1.70709e-09	0.322424
1.70716e-09	0.323226
1.70724e-09	0.324028
1.70731e-09	0.324828
1.70738e-09	0.325628
1.70745e-09	0.326427
1.70752e-09	0.327225
1.70759e-09	0.328023
1.70766e-09	0.328819
1.70773e-09	0.329614
1.7078e-09	0.330409
1.70787e-09	0.331202
1.70794e-09	0.331995
1.70802e-09	0.332787
1.70809e-09	0.333578
1.70816e-09	0.334368
1.70823e-09	0.335157
1.7083e-09	0.335946
1.70837e-09	0.336733
1.70844e-09	0.33752
1.70851e-09	0.338305
1.70858e-09	0.33909
1.70865e-09	0.339874
1.70873e-09	0.340657
1.7088e-09	0.341439
1.70887e-09	0.34222
1.70894e-09	0.343
1.70901e-09	0.343779
1.70908e-09	0.344557
1.70915e-09	0.345335
1.70922e-09	0.346112
1.70929e-09	0.346887
1.70936e-09	0.347662
1.70943e-09	0.348436
1.70951e-09	0.349209
1.70958e-09	0.349981
1.70965e-09	0.350752
1.70972e-09	0.351522
1.70979e-09	0.352291
1.70986e-09	0.353059
1.70993e-09	0.353827
1.71e-09	0.354593
1.71007e-09	0.355359
1.71014e-09	0.356123
1.71021e-09	0.356887
1.71029e-09	0.35765
1.71036e-09	0.358412
1.71043e-09	0.359173
1.7105e-09	0.359933
1.71057e-09	0.360692
1.71064e-09	0.36145
1.71071e-09	0.362207
1.71078e-09	0.362963
1.71085e-09	0.363718
1.71092e-09	0.364473
1.71099e-09	0.365226
1.71107e-09	0.365979
1.71114e-09	0.36673
1.71121e-09	0.367481
1.71128e-09	0.36823
1.71135e-09	0.368979
1.71142e-09	0.369727
1.71149e-09	0.370474
1.71156e-09	0.371219
1.71163e-09	0.371964
1.7117e-09	0.372708
1.71177e-09	0.373451
1.71185e-09	0.374193
1.71192e-09	0.374934
1.71199e-09	0.375675
1.71206e-09	0.376414
1.71213e-09	0.377152
1.7122e-09	0.377889
1.71227e-09	0.378626
1.71234e-09	0.379361
1.71241e-09	0.380095
1.71248e-09	0.380829
1.71256e-09	0.381561
1.71263e-09	0.382293
1.7127e-09	0.383023
1.71277e-09	0.383753
1.71284e-09	0.384481
1.71291e-09	0.385209
1.71298e-09	0.385935
1.71305e-09	0.386661
1.71312e-09	0.387386
1.71319e-09	0.38811
1.71326e-09	0.388832
1.71334e-09	0.389554
1.71341e-09	0.390275
1.71348e-09	0.390995
1.71355e-09	0.391714
1.71362e-09	0.392431
1.71369e-09	0.393148
1.71376e-09	0.393864
1.71383e-09	0.394579
1.7139e-09	0.395293
1.71397e-09	0.396006
1.71404e-09	0.396718
1.71412e-09	0.397429
1.71419e-09	0.398139
1.71426e-09	0.398848
1.71433e-09	0.399556
1.7144e-09	0.400263
1.71447e-09	0.400969
1.71454e-09	0.401674
1.71461e-09	0.402378
1.71468e-09	0.403081
1.71475e-09	0.403783
1.71482e-09	0.404484
1.7149e-09	0.405184
1.71497e-09	0.405883
1.71504e-09	0.406581
1.71511e-09	0.407278
1.71518e-09	0.407974
1.71525e-09	0.408669
1.71532e-09	0.409363
1.71539e-09	0.410056
1.71546e-09	0.410748
1.71553e-09	0.411439
1.71561e-09	0.412129
1.71568e-09	0.412818
1.71575e-09	0.413506
1.71582e-09	0.414193
1.71589e-09	0.414878
1.71596e-09	0.415563
1.71603e-09	0.416247
1.7161e-09	0.41693
1.71617e-09	0.417612
1.71624e-09	0.418293
1.71631e-09	0.418973
1.71639e-09	0.419651
1.71646e-09	0.420329
1.71653e-09	0.421006
1.7166e-09	0.421682
1.71667e-09	0.422356
1.71674e-09	0.42303
1.71681e-09	0.423703
1.71688e-09	0.424374
1.71695e-09	0.425045
1.71702e-09	0.425714
1.71709e-09	0.426383
1.71717e-09	0.427051
1.71724e-09	0.427717
1.71731e-09	0.428382
1.71738e-09	0.429047
1.71745e-09	0.42971
1.71752e-09	0.430373
1.71759e-09	0.431034
1.71766e-09	0.431694
1.71773e-09	0.432353
1.7178e-09	0.433012
1.71787e-09	0.433669
1.71795e-09	0.434325
1.71802e-09	0.43498
1.71809e-09	0.435634
1.71816e-09	0.436287
1.71823e-09	0.436939
1.7183e-09	0.43759
1.71837e-09	0.438239
1.71844e-09	0.438888
1.71851e-09	0.439536
1.71858e-09	0.440183
1.71865e-09	0.440828
1.71873e-09	0.441473
1.7188e-09	0.442116
1.71887e-09	0.442759
1.71894e-09	0.4434
1.71901e-09	0.444041
1.71908e-09	0.44468
1.71915e-09	0.445318
1.71922e-09	0.445956
1.71929e-09	0.446592
1.71936e-09	0.447227
1.71944e-09	0.447861
1.71951e-09	0.448494
1.71958e-09	0.449126
1.71965e-09	0.449757
1.71972e-09	0.450386
1.71979e-09	0.451015
1.71986e-09	0.451643
1.71993e-09	0.452269
1.72e-09	0.452895
1.72007e-09	0.453519
1.72014e-09	0.454143
1.72022e-09	0.454765
1.72029e-09	0.455386
1.72036e-09	0.456006
1.72043e-09	0.456625
1.7205e-09	0.457243
1.72057e-09	0.45786
1.72064e-09	0.458476
1.72071e-09	0.459091
1.72078e-09	0.459705
1.72085e-09	0.460317
1.72092e-09	0.460929
1.721e-09	0.461539
1.72107e-09	0.462149
1.72114e-09	0.462757
1.72121e-09	0.463364
1.72128e-09	0.463971
1.72135e-09	0.464576
1.72142e-09	0.46518
1.72149e-09	0.465783
1.72156e-09	0.466385
1.72163e-09	0.466985
1.7217e-09	0.467585
1.72178e-09	0.468183
1.72185e-09	0.468781
1.72192e-09	0.469377
1.72199e-09	0.469973
1.72206e-09	0.470567
1.72213e-09	0.47116
1.7222e-09	0.471752
1.72227e-09	0.472343
1.72234e-09	0.472933
1.72241e-09	0.473522
1.72249e-09	0.474109
1.72256e-09	0.474696
1.72263e-09	0.475281
1.7227e-09	0.475866
1.72277e-09	0.476449
1.72284e-09	0.477031
1.72291e-09	0.477612
1.72298e-09	0.478192
1.72305e-09	0.478771
1.72312e-09	0.479349
1.72319e-09	0.479925
1.72327e-09	0.480501
1.72334e-09	0.481075
1.72341e-09	0.481649
1.72348e-09	0.482221
1.72355e-09	0.482792
1.72362e-09	0.483362
1.72369e-09	0.483931
1.72376e-09	0.484499
1.72383e-09	0.485066
1.7239e-09	0.485631
1.72397e-09	0.486196
1.72405e-09	0.486759
1.72412e-09	0.487321
1.72419e-09	0.487883
1.72426e-09	0.488443
1.72433e-09	0.489002
1.7244e-09	0.489559
1.72447e-09	0.490116
1.72454e-09	0.490672
1.72461e-09	0.491226
1.72468e-09	0.49178
1.72475e-09	0.492332
1.72483e-09	0.492883
1.7249e-09	0.493433
1.72497e-09	0.493982
1.72504e-09	0.49453
1.72511e-09	0.495076
1.72518e-09	0.495622
1.72525e-09	0.496166
1.72532e-09	0.496709
1.72539e-09	0.497251
1.72546e-09	0.497792
1.72553e-09	0.498332
1.72561e-09	0.498871
1.72568e-09	0.499409
1.72575e-09	0.499945
1.72582e-09	0.500481
1.72589e-09	0.501015
1.72596e-09	0.501548
1.72603e-09	0.50208
1.7261e-09	0.502611
1.72617e-09	0.503141
1.72624e-09	0.503669
1.72632e-09	0.504197
1.72639e-09	0.504723
1.72646e-09	0.505248
1.72653e-09	0.505772
1.7266e-09	0.506295
1.72667e-09	0.506817
1.72674e-09	0.507338
1.72681e-09	0.507857
1.72688e-09	0.508376
1.72695e-09	0.508893
1.72702e-09	0.509409
1.7271e-09	0.509924
1.72717e-09	0.510438
1.72724e-09	0.51095
1.72731e-09	0.511462
1.72738e-09	0.511972
1.72745e-09	0.512482
1.72752e-09	0.51299
1.72759e-09	0.513497
1.72766e-09	0.514003
1.72773e-09	0.514507
1.7278e-09	0.515011
1.72788e-09	0.515513
1.72795e-09	0.516014
1.72802e-09	0.516515
1.72809e-09	0.517013
1.72816e-09	0.517511
1.72823e-09	0.518008
1.7283e-09	0.518503
1.72837e-09	0.518998
1.72844e-09	0.519491
1.72851e-09	0.519983
1.72858e-09	0.520474
1.72866e-09	0.520964
1.72873e-09	0.521452
1.7288e-09	0.52194
1.72887e-09	0.522426
1.72894e-09	0.522911
1.72901e-09	0.523395
1.72908e-09	0.523878
1.72915e-09	0.52436
1.72922e-09	0.52484
1.72929e-09	0.52532
1.72937e-09	0.525798
1.72944e-09	0.526275
1.72951e-09	0.526751
1.72958e-09	0.527226
1.72965e-09	0.527699
1.72972e-09	0.528172
1.72979e-09	0.528643
1.72986e-09	0.529113
1.72993e-09	0.529582
1.73e-09	0.53005
1.73007e-09	0.530516
1.73015e-09	0.530982
1.73022e-09	0.531446
1.73029e-09	0.531909
1.73036e-09	0.532371
1.73043e-09	0.532832
1.7305e-09	0.533292
1.73057e-09	0.53375
1.73064e-09	0.534207
1.73071e-09	0.534663
1.73078e-09	0.535118
1.73085e-09	0.535572
1.73093e-09	0.536025
1.731e-09	0.536476
1.73107e-09	0.536927
1.73114e-09	0.537376
1.73121e-09	0.537824
1.73128e-09	0.538271
1.73135e-09	0.538716
1.73142e-09	0.539161
1.73149e-09	0.539604
1.73156e-09	0.540046
1.73163e-09	0.540487
1.73171e-09	0.540927
1.73178e-09	0.541365
1.73185e-09	0.541803
1.73192e-09	0.542239
1.73199e-09	0.542674
1.73206e-09	0.543108
1.73213e-09	0.543541
1.7322e-09	0.543972
1.73227e-09	0.544402
1.73234e-09	0.544832
1.73241e-09	0.54526
1.73249e-09	0.545686
1.73256e-09	0.546112
1.73263e-09	0.546537
1.7327e-09	0.54696
1.73277e-09	0.547382
1.73284e-09	0.547803
1.73291e-09	0.548223
1.73298e-09	0.548641
1.73305e-09	0.549059
1.73312e-09	0.549475
1.7332e-09	0.54989
1.73327e-09	0.550304
1.73334e-09	0.550716
1.73341e-09	0.551128
1.73348e-09	0.551538
1.73355e-09	0.551947
1.73362e-09	0.552355
1.73369e-09	0.552762
1.73376e-09	0.553168
1.73383e-09	0.553572
1.7339e-09	0.553975
1.73398e-09	0.554377
1.73405e-09	0.554778
1.73412e-09	0.555178
1.73419e-09	0.555576
1.73426e-09	0.555974
1.73433e-09	0.55637
1.7344e-09	0.556764
1.73447e-09	0.557158
1.73454e-09	0.557551
1.73461e-09	0.557942
1.73468e-09	0.558332
1.73476e-09	0.558721
1.73483e-09	0.559109
1.7349e-09	0.559496
1.73497e-09	0.559881
1.73504e-09	0.560265
1.73511e-09	0.560648
1.73518e-09	0.56103
1.73525e-09	0.561411
1.73532e-09	0.56179
1.73539e-09	0.562168
1.73546e-09	0.562545
1.73554e-09	0.562921
1.73561e-09	0.563296
1.73568e-09	0.563669
1.73575e-09	0.564042
1.73582e-09	0.564413
1.73589e-09	0.564783
1.73596e-09	0.565151
1.73603e-09	0.565519
1.7361e-09	0.565885
1.73617e-09	0.56625
1.73625e-09	0.566614
1.73632e-09	0.566977
1.73639e-09	0.567338
1.73646e-09	0.567699
1.73653e-09	0.568058
1.7366e-09	0.568416
1.73667e-09	0.568772
1.73674e-09	0.569128
1.73681e-09	0.569482
1.73688e-09	0.569836
1.73695e-09	0.570188
1.73703e-09	0.570538
1.7371e-09	0.570888
1.73717e-09	0.571236
1.73724e-09	0.571583
1.73731e-09	0.571929
1.73738e-09	0.572274
1.73745e-09	0.572618
1.73752e-09	0.57296
1.73759e-09	0.573301
1.73766e-09	0.573641
1.73773e-09	0.57398
1.73781e-09	0.574317
1.73788e-09	0.574654
1.73795e-09	0.574989
1.73802e-09	0.575323
1.73809e-09	0.575656
1.73816e-09	0.575987
1.73823e-09	0.576318
1.7383e-09	0.576647
1.73837e-09	0.576975
1.73844e-09	0.577301
1.73851e-09	0.577627
1.73859e-09	0.577951
1.73866e-09	0.578274
1.73873e-09	0.578596
1.7388e-09	0.578917
1.73887e-09	0.579237
1.73894e-09	0.579555
1.73901e-09	0.579872
1.73908e-09	0.580188
1.73915e-09	0.580503
1.73922e-09	0.580816
1.73929e-09	0.581129
1.73937e-09	0.58144
1.73944e-09	0.58175
1.73951e-09	0.582058
1.73958e-09	0.582366
1.73965e-09	0.582672
1.73972e-09	0.582977
1.73979e-09	0.583281
1.73986e-09	0.583584
1.73993e-09	0.583885
1.74e-09	0.584185
1.74008e-09	0.584484
1.74015e-09	0.584782
1.74022e-09	0.585079
1.74029e-09	0.585374
1.74036e-09	0.585669
1.74043e-09	0.585962
1.7405e-09	0.586253
1.74057e-09	0.586544
1.74064e-09	0.586833
1.74071e-09	0.587122
1.74078e-09	0.587409
1.74086e-09	0.587694
1.74093e-09	0.587979
1.741e-09	0.588262
1.74107e-09	0.588544
1.74114e-09	0.588825
1.74121e-09	0.589105
1.74128e-09	0.589384
1.74135e-09	0.589661
1.74142e-09	0.589937
1.74149e-09	0.590212
1.74156e-09	0.590486
1.74164e-09	0.590758
1.74171e-09	0.591029
1.74178e-09	0.591299
1.74185e-09	0.591568
1.74192e-09	0.591836
1.74199e-09	0.592102
1.74206e-09	0.592368
1.74213e-09	0.592632
1.7422e-09	0.592894
1.74227e-09	0.593156
1.74234e-09	0.593416
1.74242e-09	0.593676
1.74249e-09	0.593934
1.74256e-09	0.59419
1.74263e-09	0.594446
1.7427e-09	0.5947
1.74277e-09	0.594953
1.74284e-09	0.595205
1.74291e-09	0.595456
1.74298e-09	0.595706
1.74305e-09	0.595954
1.74313e-09	0.596201
1.7432e-09	0.596447
1.74327e-09	0.596691
1.74334e-09	0.596935
1.74341e-09	0.597177
1.74348e-09	0.597418
1.74355e-09	0.597658
1.74362e-09	0.597897
1.74369e-09	0.598134
1.74376e-09	0.59837
1.74383e-09	0.598605
1.74391e-09	0.598839
1.74398e-09	0.599072
1.74405e-09	0.599303
1.74412e-09	0.599533
1.74419e-09	0.599762
1.74426e-09	0.59999
1.74433e-09	0.600216
1.7444e-09	0.600442
1.74447e-09	0.600666
1.74454e-09	0.600889
1.74461e-09	0.60111
1.74469e-09	0.601331
1.74476e-09	0.60155
1.74483e-09	0.601768
1.7449e-09	0.601985
1.74497e-09	0.602201
1.74504e-09	0.602415
1.74511e-09	0.602628
1.74518e-09	0.60284
1.74525e-09	0.603051
1.74532e-09	0.603261
1.74539e-09	0.603469
1.74547e-09	0.603676
1.74554e-09	0.603882
1.74561e-09	0.604087
1.74568e-09	0.604291
1.74575e-09	0.604493
1.74582e-09	0.604694
1.74589e-09	0.604894
1.74596e-09	0.605093
1.74603e-09	0.60529
1.7461e-09	0.605487
1.74617e-09	0.605682
1.74625e-09	0.605875
1.74632e-09	0.606068
1.74639e-09	0.60626
1.74646e-09	0.60645
1.74653e-09	0.606639
1.7466e-09	0.606827
1.74667e-09	0.607013
1.74674e-09	0.607199
1.74681e-09	0.607383
1.74688e-09	0.607566
1.74696e-09	0.607748
1.74703e-09	0.607928
1.7471e-09	0.608108
1.74717e-09	0.608286
1.74724e-09	0.608463
1.74731e-09	0.608639
1.74738e-09	0.608813
1.74745e-09	0.608987
1.74752e-09	0.609159
1.74759e-09	0.60933
1.74766e-09	0.609499
1.74774e-09	0.609668
1.74781e-09	0.609835
1.74788e-09	0.610001
1.74795e-09	0.610166
1.74802e-09	0.61033
1.74809e-09	0.610492
1.74816e-09	0.610654
1.74823e-09	0.610814
1.7483e-09	0.610973
1.74837e-09	0.61113
1.74844e-09	0.611287
1.74852e-09	0.611442
1.74859e-09	0.611596
1.74866e-09	0.611749
1.74873e-09	0.611901
1.7488e-09	0.612051
1.74887e-09	0.6122
1.74894e-09	0.612348
1.74901e-09	0.612495
1.74908e-09	0.612641
1.74915e-09	0.612785
1.74922e-09	0.612929
1.7493e-09	0.613071
1.74937e-09	0.613211
1.74944e-09	0.613351
1.74951e-09	0.61349
1.74958e-09	0.613627
1.74965e-09	0.613763
1.74972e-09	0.613898
1.74979e-09	0.614031
1.74986e-09	0.614164
1.74993e-09	0.614295
1.75001e-09	0.614425
1.75008e-09	0.614554
1.75015e-09	0.614681
1.75022e-09	0.614808
1.75029e-09	0.614933
1.75036e-09	0.615057
1.75043e-09	0.61518
1.7505e-09	0.615301
1.75057e-09	0.615422
1.75064e-09	0.615541
1.75071e-09	0.615659
1.75079e-09	0.615776
1.75086e-09	0.615891
1.75093e-09	0.616006
1.751e-09	0.616119
1.75107e-09	0.616231
1.75114e-09	0.616342
1.75121e-09	0.616452
1.75128e-09	0.61656
1.75135e-09	0.616667
1.75142e-09	0.616773
1.75149e-09	0.616878
1.75157e-09	0.616982
1.75164e-09	0.617084
1.75171e-09	0.617185
1.75178e-09	0.617285
1.75185e-09	0.617384
1.75192e-09	0.617482
1.75199e-09	0.617579
1.75206e-09	0.617674
1.75213e-09	0.617768
1.7522e-09	0.617861
1.75227e-09	0.617953
1.75235e-09	0.618043
1.75242e-09	0.618132
1.75249e-09	0.618221
1.75256e-09	0.618307
1.75263e-09	0.618393
1.7527e-09	0.618478
1.75277e-09	0.618561
1.75284e-09	0.618643
1.75291e-09	0.618724
1.75298e-09	0.618804
1.75305e-09	0.618883
1.75313e-09	0.61896
1.7532e-09	0.619036
1.75327e-09	0.619111
1.75334e-09	0.619185
1.75341e-09	0.619258
1.75348e-09	0.619329
1.75355e-09	0.6194
1.75362e-09	0.619469
1.75369e-09	0.619537
1.75376e-09	0.619603
1.75384e-09	0.619669
1.75391e-09	0.619733
1.75398e-09	0.619796
1.75405e-09	0.619858
1.75412e-09	0.619919
1.75419e-09	0.619979
1.75426e-09	0.620037
1.75433e-09	0.620095
1.7544e-09	0.620151
1.75447e-09	0.620206
1.75454e-09	0.620259
1.75462e-09	0.620312
1.75469e-09	0.620363
1.75476e-09	0.620413
1.75483e-09	0.620462
1.7549e-09	0.62051
1.75497e-09	0.620557
1.75504e-09	0.620602
1.75511e-09	0.620646
1.75518e-09	0.620689
1.75525e-09	0.620731
1.75532e-09	0.620772
1.7554e-09	0.620812
1.75547e-09	0.62085
1.75554e-09	0.620887
1.75561e-09	0.620923
1.75568e-09	0.620958
1.75575e-09	0.620992
1.75582e-09	0.621024
1.75589e-09	0.621055
1.75596e-09	0.621085
1.75603e-09	0.621114
1.7561e-09	0.621142
1.75618e-09	0.621169
1.75625e-09	0.621194
1.75632e-09	0.621218
1.75639e-09	0.621242
1.75646e-09	0.621263
1.75653e-09	0.621284
1.7566e-09	0.621304
1.75667e-09	0.621322
1.75674e-09	0.621339
1.75681e-09	0.621355
1.75689e-09	0.62137
1.75696e-09	0.621384
1.75703e-09	0.621397
1.7571e-09	0.621408
1.75717e-09	0.621418
1.75724e-09	0.621427
1.75731e-09	0.621435
1.75738e-09	0.621442
1.75745e-09	0.621447
1.75752e-09	0.621452
1.75759e-09	0.621455
1.75767e-09	0.621457
1.75774e-09	0.621458
1.75781e-09	0.621458
1.75788e-09	0.621456
1.75795e-09	0.621454
1.75802e-09	0.62145
1.75809e-09	0.621445
1.75816e-09	0.621439
1.75823e-09	0.621432
1.7583e-09	0.621423
1.75837e-09	0.621414
1.75845e-09	0.621403
1.75852e-09	0.621391
1.75859e-09	0.621378
1.75866e-09	0.621364
1.75873e-09	0.621348
1.7588e-09	0.621332
1.75887e-09	0.621314
1.75894e-09	0.621295
1.75901e-09	0.621275
1.75908e-09	0.621254
1.75915e-09	0.621232
1.75923e-09	0.621208
1.7593e-09	0.621184
1.75937e-09	0.621158
1.75944e-09	0.621131
1.75951e-09	0.621103
1.75958e-09	0.621074
1.75965e-09	0.621044
1.75972e-09	0.621012
1.75979e-09	0.620979
1.75986e-09	0.620945
1.75994e-09	0.620911
1.76001e-09	0.620874
1.76008e-09	0.620837
1.76015e-09	0.620799
1.76022e-09	0.620759
1.76029e-09	0.620718
1.76036e-09	0.620677
1.76043e-09	0.620634
1.7605e-09	0.620589
1.76057e-09	0.620544
1.76064e-09	0.620498
1.76072e-09	0.62045
1.76079e-09	0.620401
1.76086e-09	0.620352
1.76093e-09	0.620301
1.761e-09	0.620248
1.76107e-09	0.620195
1.76114e-09	0.620141
1.76121e-09	0.620085
1.76128e-09	0.620028
1.76135e-09	0.619971
1.76142e-09	0.619912
1.7615e-09	0.619852
1.76157e-09	0.61979
1.76164e-09	0.619728
1.76171e-09	0.619664
1.76178e-09	0.6196
1.76185e-09	0.619534
1.76192e-09	0.619467
1.76199e-09	0.619399
1.76206e-09	0.61933
1.76213e-09	0.619259
1.7622e-09	0.619188
1.76228e-09	0.619115
1.76235e-09	0.619042
1.76242e-09	0.618967
1.76249e-09	0.618891
1.76256e-09	0.618814
1.76263e-09	0.618736
1.7627e-09	0.618656
1.76277e-09	0.618576
1.76284e-09	0.618494
1.76291e-09	0.618411
1.76298e-09	0.618328
1.76306e-09	0.618243
1.76313e-09	0.618156
1.7632e-09	0.618069
1.76327e-09	0.617981
1.76334e-09	0.617891
1.76341e-09	0.617801
1.76348e-09	0.617709
1.76355e-09	0.617616
1.76362e-09	0.617522
1.76369e-09	0.617427
1.76377e-09	0.617331
1.76384e-09	0.617234
1.76391e-09	0.617135
1.76398e-09	0.617036
1.76405e-09	0.616935
1.76412e-09	0.616834
1.76419e-09	0.616731
1.76426e-09	0.616627
1.76433e-09	0.616522
1.7644e-09	0.616415
1.76447e-09	0.616308
1.76455e-09	0.6162
1.76462e-09	0.61609
1.76469e-09	0.615979
1.76476e-09	0.615868
1.76483e-09	0.615755
1.7649e-09	0.615641
1.76497e-09	0.615526
1.76504e-09	0.615409
1.76511e-09	0.615292
1.76518e-09	0.615174
1.76525e-09	0.615054
1.76533e-09	0.614934
1.7654e-09	0.614812
1.76547e-09	0.614689
1.76554e-09	0.614565
1.76561e-09	0.61444
1.76568e-09	0.614314
1.76575e-09	0.614187
1.76582e-09	0.614059
1.76589e-09	0.613929
1.76596e-09	0.613799
1.76603e-09	0.613667
1.76611e-09	0.613534
1.76618e-09	0.613401
1.76625e-09	0.613266
1.76632e-09	0.61313
1.76639e-09	0.612993
1.76646e-09	0.612854
1.76653e-09	0.612715
1.7666e-09	0.612575
1.76667e-09	0.612433
1.76674e-09	0.612291
1.76682e-09	0.612147
1.76689e-09	0.612003
1.76696e-09	0.611857
1.76703e-09	0.61171
1.7671e-09	0.611562
1.76717e-09	0.611413
1.76724e-09	0.611263
1.76731e-09	0.611112
1.76738e-09	0.610959
1.76745e-09	0.610806
1.76752e-09	0.610651
1.7676e-09	0.610496
1.76767e-09	0.610339
1.76774e-09	0.610182
1.76781e-09	0.610023
1.76788e-09	0.609863
1.76795e-09	0.609702
1.76802e-09	0.60954
1.76809e-09	0.609377
1.76816e-09	0.609213
1.76823e-09	0.609048
1.7683e-09	0.608881
1.76838e-09	0.608714
1.76845e-09	0.608545
1.76852e-09	0.608376
1.76859e-09	0.608205
1.76866e-09	0.608034
1.76873e-09	0.607861
1.7688e-09	0.607687
1.76887e-09	0.607512
1.76894e-09	0.607336
1.76901e-09	0.607159
1.76908e-09	0.606981
1.76916e-09	0.606802
1.76923e-09	0.606622
1.7693e-09	0.606441
1.76937e-09	0.606259
1.76944e-09	0.606075
1.76951e-09	0.605891
1.76958e-09	0.605705
1.76965e-09	0.605519
1.76972e-09	0.605331
1.76979e-09	0.605142
1.76986e-09	0.604953
1.76994e-09	0.604762
1.77001e-09	0.60457
1.77008e-09	0.604377
1.77015e-09	0.604183
1.77022e-09	0.603988
1.77029e-09	0.603792
1.77036e-09	0.603595
1.77043e-09	0.603397
1.7705e-09	0.603198
1.77057e-09	0.602998
1.77065e-09	0.602797
1.77072e-09	0.602594
1.77079e-09	0.602391
1.77086e-09	0.602187
1.77093e-09	0.601981
1.771e-09	0.601775
1.77107e-09	0.601567
1.77114e-09	0.601358
1.77121e-09	0.601149
1.77128e-09	0.600938
1.77135e-09	0.600727
1.77143e-09	0.600514
1.7715e-09	0.6003
1.77157e-09	0.600085
1.77164e-09	0.599869
1.77171e-09	0.599653
1.77178e-09	0.599435
1.77185e-09	0.599216
1.77192e-09	0.598996
1.77199e-09	0.598775
1.77206e-09	0.598553
1.77213e-09	0.59833
1.77221e-09	0.598106
1.77228e-09	0.59788
1.77235e-09	0.597654
1.77242e-09	0.597427
1.77249e-09	0.597199
1.77256e-09	0.59697
1.77263e-09	0.59674
1.7727e-09	0.596508
1.77277e-09	0.596276
1.77284e-09	0.596043
1.77291e-09	0.595808
1.77299e-09	0.595573
1.77306e-09	0.595337
1.77313e-09	0.595099
1.7732e-09	0.594861
1.77327e-09	0.594622
1.77334e-09	0.594381
1.77341e-09	0.59414
1.77348e-09	0.593897
1.77355e-09	0.593654
1.77362e-09	0.593409
1.7737e-09	0.593164
1.77377e-09	0.592918
1.77384e-09	0.59267
1.77391e-09	0.592422
1.77398e-09	0.592172
1.77405e-09	0.591922
1.77412e-09	0.59167
1.77419e-09	0.591417
1.77426e-09	0.591164
1.77433e-09	0.590909
1.7744e-09	0.590654
1.77448e-09	0.590397
1.77455e-09	0.59014
1.77462e-09	0.589881
1.77469e-09	0.589622
1.77476e-09	0.589361
1.77483e-09	0.5891
1.7749e-09	0.588837
1.77497e-09	0.588574
1.77504e-09	0.588309
1.77511e-09	0.588044
1.77518e-09	0.587778
1.77526e-09	0.58751
1.77533e-09	0.587242
1.7754e-09	0.586972
1.77547e-09	0.586702
1.77554e-09	0.58643
1.77561e-09	0.586158
1.77568e-09	0.585885
1.77575e-09	0.58561
1.77582e-09	0.585335
1.77589e-09	0.585059
1.77596e-09	0.584781
1.77604e-09	0.584503
1.77611e-09	0.584224
1.77618e-09	0.583944
1.77625e-09	0.583662
1.77632e-09	0.58338
1.77639e-09	0.583097
1.77646e-09	0.582813
1.77653e-09	0.582528
1.7766e-09	0.582242
1.77667e-09	0.581955
1.77674e-09	0.581667
1.77682e-09	0.581378
1.77689e-09	0.581088
1.77696e-09	0.580797
1.77703e-09	0.580505
1.7771e-09	0.580212
1.77717e-09	0.579918
1.77724e-09	0.579624
1.77731e-09	0.579328
1.77738e-09	0.579031
1.77745e-09	0.578734
1.77753e-09	0.578435
1.7776e-09	0.578135
1.77767e-09	0.577835
1.77774e-09	0.577533
1.77781e-09	0.577231
1.77788e-09	0.576928
1.77795e-09	0.576623
1.77802e-09	0.576318
1.77809e-09	0.576012
1.77816e-09	0.575705
1.77823e-09	0.575396
1.77831e-09	0.575087
1.77838e-09	0.574777
1.77845e-09	0.574466
1.77852e-09	0.574154
1.77859e-09	0.573841
1.77866e-09	0.573528
1.77873e-09	0.573213
1.7788e-09	0.572897
1.77887e-09	0.572581
1.77894e-09	0.572263
1.77901e-09	0.571945
1.77909e-09	0.571625
1.77916e-09	0.571305
1.77923e-09	0.570983
1.7793e-09	0.570661
1.77937e-09	0.570338
1.77944e-09	0.570014
1.77951e-09	0.569689
1.77958e-09	0.569363
1.77965e-09	0.569036
1.77972e-09	0.568708
1.77979e-09	0.568379
1.77987e-09	0.56805
1.77994e-09	0.567719
1.78001e-09	0.567388
1.78008e-09	0.567055
1.78015e-09	0.566722
1.78022e-09	0.566387
1.78029e-09	0.566052
1.78036e-09	0.565716
1.78043e-09	0.565379
1.7805e-09	0.565041
1.78058e-09	0.564702
1.78065e-09	0.564362
1.78072e-09	0.564022
1.78079e-09	0.56368
1.78086e-09	0.563338
1.78093e-09	0.562994
1.781e-09	0.56265
1.78107e-09	0.562304
1.78114e-09	0.561958
1.78121e-09	0.561611
1.78128e-09	0.561263
1.78136e-09	0.560914
1.78143e-09	0.560565
1.7815e-09	0.560214
1.78157e-09	0.559862
1.78164e-09	0.55951
1.78171e-09	0.559157
1.78178e-09	0.558802
1.78185e-09	0.558447
1.78192e-09	0.558091
1.78199e-09	0.557734
1.78206e-09	0.557376
1.78214e-09	0.557018
1.78221e-09	0.556658
1.78228e-09	0.556297
1.78235e-09	0.555936
1.78242e-09	0.555574
1.78249e-09	0.555211
1.78256e-09	0.554847
1.78263e-09	0.554482
1.7827e-09	0.554116
1.78277e-09	0.553749
1.78284e-09	0.553381
1.78292e-09	0.553013
1.78299e-09	0.552644
1.78306e-09	0.552273
1.78313e-09	0.551902
1.7832e-09	0.55153
1.78327e-09	0.551158
1.78334e-09	0.550784
1.78341e-09	0.550409
1.78348e-09	0.550034
1.78355e-09	0.549657
1.78362e-09	0.54928
1.7837e-09	0.548902
1.78377e-09	0.548523
1.78384e-09	0.548143
1.78391e-09	0.547763
1.78398e-09	0.547381
1.78405e-09	0.546999
1.78412e-09	0.546616
1.78419e-09	0.546232
1.78426e-09	0.545847
1.78433e-09	0.545461
1.78441e-09	0.545074
1.78448e-09	0.544686
1.78455e-09	0.544298
1.78462e-09	0.543909
1.78469e-09	0.543519
1.78476e-09	0.543128
1.78483e-09	0.542736
1.7849e-09	0.542343
1.78497e-09	0.54195
1.78504e-09	0.541556
1.78511e-09	0.54116
1.78519e-09	0.540764
1.78526e-09	0.540368
1.78533e-09	0.53997
1.7854e-09	0.539571
1.78547e-09	0.539172
1.78554e-09	0.538772
1.78561e-09	0.538371
1.78568e-09	0.537969
1.78575e-09	0.537566
1.78582e-09	0.537162
1.78589e-09	0.536758
1.78597e-09	0.536353
1.78604e-09	0.535947
1.78611e-09	0.53554
1.78618e-09	0.535132
1.78625e-09	0.534724
1.78632e-09	0.534314
1.78639e-09	0.533904
1.78646e-09	0.533493
1.78653e-09	0.533081
1.7866e-09	0.532669
1.78667e-09	0.532255
1.78675e-09	0.531841
1.78682e-09	0.531426
1.78689e-09	0.53101
1.78696e-09	0.530593
1.78703e-09	0.530176
1.7871e-09	0.529757
1.78717e-09	0.529338
1.78724e-09	0.528918
1.78731e-09	0.528497
1.78738e-09	0.528076
1.78746e-09	0.527653
1.78753e-09	0.52723
1.7876e-09	0.526806
1.78767e-09	0.526381
1.78774e-09	0.525955
1.78781e-09	0.525529
1.78788e-09	0.525102
1.78795e-09	0.524674
1.78802e-09	0.524245
1.78809e-09	0.523815
1.78816e-09	0.523385
1.78824e-09	0.522954
1.78831e-09	0.522522
1.78838e-09	0.522089
1.78845e-09	0.521655
1.78852e-09	0.521221
1.78859e-09	0.520786
1.78866e-09	0.52035
1.78873e-09	0.519913
1.7888e-09	0.519476
1.78887e-09	0.519037
1.78894e-09	0.518598
1.78902e-09	0.518159
1.78909e-09	0.517718
1.78916e-09	0.517277
1.78923e-09	0.516834
1.7893e-09	0.516391
1.78937e-09	0.515948
1.78944e-09	0.515503
1.78951e-09	0.515058
1.78958e-09	0.514612
1.78965e-09	0.514165
1.78972e-09	0.513717
1.7898e-09	0.513269
1.78987e-09	0.51282
1.78994e-09	0.51237
1.79001e-09	0.511919
1.79008e-09	0.511468
1.79015e-09	0.511016
1.79022e-09	0.510563
1.79029e-09	0.510109
1.79036e-09	0.509655
1.79043e-09	0.5092
1.7905e-09	0.508744
1.79058e-09	0.508287
1.79065e-09	0.507829
1.79072e-09	0.507371
1.79079e-09	0.506912
1.79086e-09	0.506452
1.79093e-09	0.505992
1.791e-09	0.505531
1.79107e-09	0.505069
1.79114e-09	0.504606
1.79121e-09	0.504143
1.79129e-09	0.503679
1.79136e-09	0.503214
1.79143e-09	0.502748
1.7915e-09	0.502282
1.79157e-09	0.501814
1.79164e-09	0.501347
1.79171e-09	0.500878
1.79178e-09	0.500409
1.79185e-09	0.499939
1.79192e-09	0.499468
1.79199e-09	0.498996
1.79207e-09	0.498524
1.79214e-09	0.498051
1.79221e-09	0.497577
1.79228e-09	0.497103
1.79235e-09	0.496628
1.79242e-09	0.496152
1.79249e-09	0.495675
1.79256e-09	0.495198
1.79263e-09	0.49472
1.7927e-09	0.494241
1.79277e-09	0.493762
1.79285e-09	0.493281
1.79292e-09	0.492801
1.79299e-09	0.492319
1.79306e-09	0.491837
1.79313e-09	0.491354
1.7932e-09	0.49087
1.79327e-09	0.490385
1.79334e-09	0.4899
1.79341e-09	0.489414
1.79348e-09	0.488928
1.79355e-09	0.488441
1.79363e-09	0.487953
1.7937e-09	0.487464
1.79377e-09	0.486975
1.79384e-09	0.486485
1.79391e-09	0.485994
1.79398e-09	0.485502
1.79405e-09	0.48501
1.79412e-09	0.484518
1.79419e-09	0.484024
1.79426e-09	0.48353
1.79434e-09	0.483035
1.79441e-09	0.482539
1.79448e-09	0.482043
1.79455e-09	0.481546
1.79462e-09	0.481049
1.79469e-09	0.48055
1.79476e-09	0.480051
1.79483e-09	0.479552
1.7949e-09	0.479051
1.79497e-09	0.47855
1.79504e-09	0.478049
1.79512e-09	0.477546
1.79519e-09	0.477043
1.79526e-09	0.476539
1.79533e-09	0.476035
1.7954e-09	0.47553
1.79547e-09	0.475024
1.79554e-09	0.474518
1.79561e-09	0.474011
1.79568e-09	0.473503
1.79575e-09	0.472995
1.79582e-09	0.472486
1.7959e-09	0.471976
1.79597e-09	0.471466
1.79604e-09	0.470955
1.79611e-09	0.470443
1.79618e-09	0.469931
1.79625e-09	0.469418
1.79632e-09	0.468904
1.79639e-09	0.46839
1.79646e-09	0.467875
1.79653e-09	0.46736
1.7966e-09	0.466843
1.79668e-09	0.466327
1.79675e-09	0.465809
1.79682e-09	0.465291
1.79689e-09	0.464772
1.79696e-09	0.464253
1.79703e-09	0.463733
1.7971e-09	0.463212
1.79717e-09	0.462691
1.79724e-09	0.462169
1.79731e-09	0.461646
1.79738e-09	0.461123
1.79746e-09	0.460599
1.79753e-09	0.460075
1.7976e-09	0.459549
1.79767e-09	0.459024
1.79774e-09	0.458497
1.79781e-09	0.45797
1.79788e-09	0.457443
1.79795e-09	0.456914
1.79802e-09	0.456386
1.79809e-09	0.455856
1.79817e-09	0.455326
1.79824e-09	0.454795
1.79831e-09	0.454264
1.79838e-09	0.453732
1.79845e-09	0.4532
1.79852e-09	0.452666
1.79859e-09	0.452133
1.79866e-09	0.451598
1.79873e-09	0.451063
1.7988e-09	0.450528
1.79887e-09	0.449991
1.79895e-09	0.449455
1.79902e-09	0.448917
1.79909e-09	0.448379
1.79916e-09	0.447841
1.79923e-09	0.447302
1.7993e-09	0.446762
1.79937e-09	0.446221
1.79944e-09	0.44568
1.79951e-09	0.445139
1.79958e-09	0.444597
1.79965e-09	0.444054
1.79973e-09	0.443511
1.7998e-09	0.442967
1.79987e-09	0.442422
1.79994e-09	0.441877
1.80001e-09	0.441331
1.80008e-09	0.440785
1.80015e-09	0.440238
1.80022e-09	0.439691
1.80029e-09	0.439143
1.80036e-09	0.438594
1.80043e-09	0.438045
1.80051e-09	0.437495
1.80058e-09	0.436945
1.80065e-09	0.436394
1.80072e-09	0.435843
1.80079e-09	0.435291
1.80086e-09	0.434738
1.80093e-09	0.434185
1.801e-09	0.433631
1.80107e-09	0.433077
1.80114e-09	0.432522
1.80122e-09	0.431967
1.80129e-09	0.431411
1.80136e-09	0.430854
1.80143e-09	0.430297
1.8015e-09	0.42974
1.80157e-09	0.429182
1.80164e-09	0.428623
1.80171e-09	0.428064
1.80178e-09	0.427504
1.80185e-09	0.426943
1.80192e-09	0.426383
1.802e-09	0.425821
1.80207e-09	0.425259
1.80214e-09	0.424697
1.80221e-09	0.424133
1.80228e-09	0.42357
1.80235e-09	0.423006
1.80242e-09	0.422441
1.80249e-09	0.421876
1.80256e-09	0.42131
1.80263e-09	0.420744
1.8027e-09	0.420177
1.80278e-09	0.419609
1.80285e-09	0.419042
1.80292e-09	0.418473
1.80299e-09	0.417904
1.80306e-09	0.417335
1.80313e-09	0.416765
1.8032e-09	0.416194
1.80327e-09	0.415623
1.80334e-09	0.415052
1.80341e-09	0.414479
1.80348e-09	0.413907
1.80356e-09	0.413334
1.80363e-09	0.41276
1.8037e-09	0.412186
1.80377e-09	0.411611
1.80384e-09	0.411036
1.80391e-09	0.41046
1.80398e-09	0.409884
1.80405e-09	0.409308
1.80412e-09	0.40873
1.80419e-09	0.408153
1.80426e-09	0.407574
1.80434e-09	0.406996
1.80441e-09	0.406417
1.80448e-09	0.405837
1.80455e-09	0.405257
1.80462e-09	0.404676
1.80469e-09	0.404095
1.80476e-09	0.403513
1.80483e-09	0.402931
1.8049e-09	0.402348
1.80497e-09	0.401765
1.80505e-09	0.401182
1.80512e-09	0.400597
1.80519e-09	0.400013
1.80526e-09	0.399428
1.80533e-09	0.398842
1.8054e-09	0.398256
1.80547e-09	0.39767
1.80554e-09	0.397083
1.80561e-09	0.396495
1.80568e-09	0.395907
1.80575e-09	0.395319
1.80583e-09	0.39473
1.8059e-09	0.394141
1.80597e-09	0.393551
1.80604e-09	0.39296
1.80611e-09	0.39237
1.80618e-09	0.391778
1.80625e-09	0.391187
1.80632e-09	0.390595
1.80639e-09	0.390002
1.80646e-09	0.389409
1.80653e-09	0.388815
1.80661e-09	0.388221
1.80668e-09	0.387627
1.80675e-09	0.387032
1.80682e-09	0.386437
1.80689e-09	0.385841
1.80696e-09	0.385245
1.80703e-09	0.384648
1.8071e-09	0.384051
1.80717e-09	0.383453
1.80724e-09	0.382855
1.80731e-09	0.382257
1.80739e-09	0.381658
1.80746e-09	0.381058
1.80753e-09	0.380458
1.8076e-09	0.379858
1.80767e-09	0.379258
1.80774e-09	0.378656
1.80781e-09	0.378055
1.80788e-09	0.377453
1.80795e-09	0.37685
1.80802e-09	0.376248
1.8081e-09	0.375644
1.80817e-09	0.375041
1.80824e-09	0.374437
1.80831e-09	0.373832
1.80838e-09	0.373227
1.80845e-09	0.372622
1.80852e-09	0.372016
1.80859e-09	0.37141
1.80866e-09	0.370803
1.80873e-09	0.370196
1.8088e-09	0.369588
1.80888e-09	0.368981
1.80895e-09	0.368372
1.80902e-09	0.367764
1.80909e-09	0.367154
1.80916e-09	0.366545
1.80923e-09	0.365935
1.8093e-09	0.365325
1.80937e-09	0.364714
1.80944e-09	0.364103
1.80951e-09	0.363491
1.80958e-09	0.362879
1.80966e-09	0.362267
1.80973e-09	0.361654
1.8098e-09	0.361041
1.80987e-09	0.360428
1.80994e-09	0.359814
1.81001e-09	0.359199
1.81008e-09	0.358585
1.81015e-09	0.35797
1.81022e-09	0.357354
1.81029e-09	0.356738
1.81036e-09	0.356122
1.81044e-09	0.355506
1.81051e-09	0.354889
1.81058e-09	0.354271
1.81065e-09	0.353653
1.81072e-09	0.353035
1.81079e-09	0.352417
1.81086e-09	0.351798
1.81093e-09	0.351179
1.811e-09	0.350559
1.81107e-09	0.349939
1.81114e-09	0.349319
1.81122e-09	0.348698
1.81129e-09	0.348077
1.81136e-09	0.347456
1.81143e-09	0.346834
1.8115e-09	0.346212
1.81157e-09	0.345589
1.81164e-09	0.344966
1.81171e-09	0.344343
1.81178e-09	0.343719
1.81185e-09	0.343095
1.81193e-09	0.342471
1.812e-09	0.341846
1.81207e-09	0.341221
1.81214e-09	0.340596
1.81221e-09	0.33997
1.81228e-09	0.339344
1.81235e-09	0.338718
1.81242e-09	0.338091
1.81249e-09	0.337464
1.81256e-09	0.336837
1.81263e-09	0.336209
1.81271e-09	0.335581
1.81278e-09	0.334952
1.81285e-09	0.334323
1.81292e-09	0.333694
1.81299e-09	0.333065
1.81306e-09	0.332435
1.81313e-09	0.331805
1.8132e-09	0.331175
1.81327e-09	0.330544
1.81334e-09	0.329913
1.81341e-09	0.329281
1.81349e-09	0.32865
1.81356e-09	0.328018
1.81363e-09	0.327385
1.8137e-09	0.326753
1.81377e-09	0.32612
1.81384e-09	0.325486
1.81391e-09	0.324853
1.81398e-09	0.324219
1.81405e-09	0.323585
1.81412e-09	0.32295
1.81419e-09	0.322315
1.81427e-09	0.32168
1.81434e-09	0.321045
1.81441e-09	0.320409
1.81448e-09	0.319773
1.81455e-09	0.319136
1.81462e-09	0.3185
1.81469e-09	0.317863
1.81476e-09	0.317225
1.81483e-09	0.316588
1.8149e-09	0.31595
1.81498e-09	0.315312
1.81505e-09	0.314673
1.81512e-09	0.314035
1.81519e-09	0.313396
1.81526e-09	0.312756
1.81533e-09	0.312117
1.8154e-09	0.311477
1.81547e-09	0.310836
1.81554e-09	0.310196
1.81561e-09	0.309555
1.81568e-09	0.308914
1.81576e-09	0.308273
1.81583e-09	0.307631
1.8159e-09	0.30699
1.81597e-09	0.306347
1.81604e-09	0.305705
1.81611e-09	0.305062
1.81618e-09	0.30442
1.81625e-09	0.303776
1.81632e-09	0.303133
1.81639e-09	0.302489
1.81646e-09	0.301845
1.81654e-09	0.301201
1.81661e-09	0.300556
1.81668e-09	0.299912
1.81675e-09	0.299267
1.81682e-09	0.298621
1.81689e-09	0.297976
1.81696e-09	0.29733
1.81703e-09	0.296684
1.8171e-09	0.296038
1.81717e-09	0.295391
1.81724e-09	0.294744
1.81732e-09	0.294097
1.81739e-09	0.29345
1.81746e-09	0.292802
1.81753e-09	0.292155
1.8176e-09	0.291507
1.81767e-09	0.290858
1.81774e-09	0.29021
1.81781e-09	0.289561
1.81788e-09	0.288912
1.81795e-09	0.288263
1.81802e-09	0.287613
1.8181e-09	0.286964
1.81817e-09	0.286314
1.81824e-09	0.285664
1.81831e-09	0.285013
1.81838e-09	0.284363
1.81845e-09	0.283712
1.81852e-09	0.283061
1.81859e-09	0.28241
1.81866e-09	0.281758
1.81873e-09	0.281107
1.81881e-09	0.280455
1.81888e-09	0.279803
1.81895e-09	0.27915
1.81902e-09	0.278498
1.81909e-09	0.277845
1.81916e-09	0.277192
1.81923e-09	0.276539
1.8193e-09	0.275885
1.81937e-09	0.275232
1.81944e-09	0.274578
1.81951e-09	0.273924
1.81959e-09	0.27327
1.81966e-09	0.272615
1.81973e-09	0.271961
1.8198e-09	0.271306
1.81987e-09	0.270651
1.81994e-09	0.269996
1.82001e-09	0.26934
1.82008e-09	0.268685
1.82015e-09	0.268029
1.82022e-09	0.267373
1.82029e-09	0.266717
1.82037e-09	0.26606
1.82044e-09	0.265404
1.82051e-09	0.264747
1.82058e-09	0.26409
1.82065e-09	0.263433
1.82072e-09	0.262776
1.82079e-09	0.262118
1.82086e-09	0.261461
1.82093e-09	0.260803
1.821e-09	0.260145
1.82107e-09	0.259487
1.82115e-09	0.258829
1.82122e-09	0.25817
1.82129e-09	0.257511
1.82136e-09	0.256853
1.82143e-09	0.256194
1.8215e-09	0.255534
1.82157e-09	0.254875
1.82164e-09	0.254216
1.82171e-09	0.253556
1.82178e-09	0.252896
1.82186e-09	0.252236
1.82193e-09	0.251576
1.822e-09	0.250916
1.82207e-09	0.250255
1.82214e-09	0.249595
1.82221e-09	0.248934
1.82228e-09	0.248273
1.82235e-09	0.247612
1.82242e-09	0.246951
1.82249e-09	0.24629
1.82256e-09	0.245628
1.82264e-09	0.244967
1.82271e-09	0.244305
1.82278e-09	0.243643
1.82285e-09	0.242981
1.82292e-09	0.242319
1.82299e-09	0.241656
1.82306e-09	0.240994
1.82313e-09	0.240331
1.8232e-09	0.239669
1.82327e-09	0.239006
1.82334e-09	0.238343
1.82342e-09	0.23768
1.82349e-09	0.237017
1.82356e-09	0.236353
1.82363e-09	0.23569
1.8237e-09	0.235026
1.82377e-09	0.234362
1.82384e-09	0.233699
1.82391e-09	0.233035
1.82398e-09	0.232371
1.82405e-09	0.231706
1.82412e-09	0.231042
1.8242e-09	0.230378
1.82427e-09	0.229713
1.82434e-09	0.229049
1.82441e-09	0.228384
1.82448e-09	0.227719
1.82455e-09	0.227054
1.82462e-09	0.226389
1.82469e-09	0.225724
1.82476e-09	0.225059
1.82483e-09	0.224393
1.8249e-09	0.223728
1.82498e-09	0.223062
1.82505e-09	0.222396
1.82512e-09	0.221731
1.82519e-09	0.221065
1.82526e-09	0.220399
1.82533e-09	0.219733
1.8254e-09	0.219067
1.82547e-09	0.218401
1.82554e-09	0.217734
1.82561e-09	0.217068
1.82569e-09	0.216401
1.82576e-09	0.215735
1.82583e-09	0.215068
1.8259e-09	0.214401
1.82597e-09	0.213735
1.82604e-09	0.213068
1.82611e-09	0.212401
1.82618e-09	0.211734
1.82625e-09	0.211067
1.82632e-09	0.2104
1.82639e-09	0.209732
1.82647e-09	0.209065
1.82654e-09	0.208398
1.82661e-09	0.20773
1.82668e-09	0.207063
1.82675e-09	0.206395
1.82682e-09	0.205727
1.82689e-09	0.20506
1.82696e-09	0.204392
1.82703e-09	0.203724
1.8271e-09	0.203056
1.82717e-09	0.202388
1.82725e-09	0.20172
1.82732e-09	0.201052
1.82739e-09	0.200384
1.82746e-09	0.199716
1.82753e-09	0.199048
1.8276e-09	0.19838
1.82767e-09	0.197711
1.82774e-09	0.197043
1.82781e-09	0.196375
1.82788e-09	0.195706
1.82795e-09	0.195038
1.82803e-09	0.194369
1.8281e-09	0.193701
1.82817e-09	0.193032
1.82824e-09	0.192363
1.82831e-09	0.191695
1.82838e-09	0.191026
1.82845e-09	0.190357
1.82852e-09	0.189689
1.82859e-09	0.18902
1.82866e-09	0.188351
1.82874e-09	0.187682
1.82881e-09	0.187013
1.82888e-09	0.186345
1.82895e-09	0.185676
1.82902e-09	0.185007
1.82909e-09	0.184338
1.82916e-09	0.183669
1.82923e-09	0.183
1.8293e-09	0.182331
1.82937e-09	0.181662
1.82944e-09	0.180993
1.82952e-09	0.180324
1.82959e-09	0.179655
1.82966e-09	0.178986
1.82973e-09	0.178317
1.8298e-09	0.177648
1.82987e-09	0.176978
1.82994e-09	0.176309
1.83001e-09	0.17564
1.83008e-09	0.174971
1.83015e-09	0.174302
1.83022e-09	0.173633
1.8303e-09	0.172964
1.83037e-09	0.172295
1.83044e-09	0.171626
1.83051e-09	0.170957
1.83058e-09	0.170288
1.83065e-09	0.169619
1.83072e-09	0.16895
1.83079e-09	0.168281
1.83086e-09	0.167612
1.83093e-09	0.166943
1.831e-09	0.166274
1.83108e-09	0.165605
1.83115e-09	0.164936
1.83122e-09	0.164267
1.83129e-09	0.163598
1.83136e-09	0.162929
1.83143e-09	0.16226
1.8315e-09	0.161591
1.83157e-09	0.160923
1.83164e-09	0.160254
1.83171e-09	0.159585
1.83179e-09	0.158916
1.83186e-09	0.158248
1.83193e-09	0.157579
1.832e-09	0.15691
1.83207e-09	0.156242
1.83214e-09	0.155573
1.83221e-09	0.154905
1.83228e-09	0.154236
1.83235e-09	0.153568
1.83242e-09	0.152899
1.83249e-09	0.152231
1.83257e-09	0.151563
1.83264e-09	0.150894
1.83271e-09	0.150226
1.83278e-09	0.149558
1.83285e-09	0.14889
1.83292e-09	0.148222
1.83299e-09	0.147554
1.83306e-09	0.146886
1.83313e-09	0.146218
1.8332e-09	0.14555
1.83327e-09	0.144882
1.83335e-09	0.144215
1.83342e-09	0.143547
1.83349e-09	0.142879
1.83356e-09	0.142212
1.83363e-09	0.141544
1.8337e-09	0.140877
1.83377e-09	0.14021
1.83384e-09	0.139542
1.83391e-09	0.138875
1.83398e-09	0.138208
1.83405e-09	0.137541
1.83413e-09	0.136874
1.8342e-09	0.136207
1.83427e-09	0.13554
1.83434e-09	0.134873
1.83441e-09	0.134207
1.83448e-09	0.13354
1.83455e-09	0.132874
1.83462e-09	0.132207
1.83469e-09	0.131541
1.83476e-09	0.130875
1.83483e-09	0.130208
1.83491e-09	0.129542
1.83498e-09	0.128876
1.83505e-09	0.12821
1.83512e-09	0.127544
1.83519e-09	0.126879
1.83526e-09	0.126213
1.83533e-09	0.125547
1.8354e-09	0.124882
1.83547e-09	0.124217
1.83554e-09	0.123551
1.83562e-09	0.122886
1.83569e-09	0.122221
1.83576e-09	0.121556
1.83583e-09	0.120891
1.8359e-09	0.120227
1.83597e-09	0.119562
1.83604e-09	0.118897
1.83611e-09	0.118233
1.83618e-09	0.117569
1.83625e-09	0.116904
1.83632e-09	0.11624
1.8364e-09	0.115576
1.83647e-09	0.114912
1.83654e-09	0.114249
1.83661e-09	0.113585
1.83668e-09	0.112922
1.83675e-09	0.112258
1.83682e-09	0.111595
1.83689e-09	0.110932
1.83696e-09	0.110269
1.83703e-09	0.109606
1.8371e-09	0.108943
1.83718e-09	0.10828
1.83725e-09	0.107618
1.83732e-09	0.106955
1.83739e-09	0.106293
1.83746e-09	0.105631
1.83753e-09	0.104969
1.8376e-09	0.104307
1.83767e-09	0.103645
1.83774e-09	0.102984
1.83781e-09	0.102322
1.83788e-09	0.101661
1.83796e-09	0.101
1.83803e-09	0.100339
1.8381e-09	0.0996779
1.83817e-09	0.0990172
1.83824e-09	0.0983566
1.83831e-09	0.0976961
1.83838e-09	0.0970358
1.83845e-09	0.0963757
1.83852e-09	0.0957157
1.83859e-09	0.0950558
1.83867e-09	0.0943961
1.83874e-09	0.0937366
1.83881e-09	0.0930772
1.83888e-09	0.092418
1.83895e-09	0.0917589
1.83902e-09	0.0911
1.83909e-09	0.0904412
1.83916e-09	0.0897826
1.83923e-09	0.0891242
1.8393e-09	0.088466
1.83937e-09	0.0878079
1.83945e-09	0.0871499
1.83952e-09	0.0864922
1.83959e-09	0.0858346
1.83966e-09	0.0851772
1.83973e-09	0.0845199
1.8398e-09	0.0838628
1.83987e-09	0.0832059
1.83994e-09	0.0825492
1.84001e-09	0.0818927
1.84008e-09	0.0812363
1.84015e-09	0.0805801
1.84023e-09	0.0799241
1.8403e-09	0.0792683
1.84037e-09	0.0786126
1.84044e-09	0.0779571
1.84051e-09	0.0773019
1.84058e-09	0.0766468
1.84065e-09	0.0759919
1.84072e-09	0.0753371
1.84079e-09	0.0746826
1.84086e-09	0.0740283
1.84093e-09	0.0733741
1.84101e-09	0.0727202
1.84108e-09	0.0720664
1.84115e-09	0.0714129
1.84122e-09	0.0707595
1.84129e-09	0.0701063
1.84136e-09	0.0694534
1.84143e-09	0.0688006
1.8415e-09	0.068148
1.84157e-09	0.0674957
1.84164e-09	0.0668435
1.84171e-09	0.0661916
1.84179e-09	0.0655398
1.84186e-09	0.0648883
1.84193e-09	0.064237
1.842e-09	0.0635858
1.84207e-09	0.0629349
1.84214e-09	0.0622842
1.84221e-09	0.0616338
1.84228e-09	0.0609835
1.84235e-09	0.0603334
1.84242e-09	0.0596836
1.8425e-09	0.059034
1.84257e-09	0.0583846
1.84264e-09	0.0577354
1.84271e-09	0.0570865
1.84278e-09	0.0564377
1.84285e-09	0.0557892
1.84292e-09	0.0551409
1.84299e-09	0.0544929
1.84306e-09	0.0538451
1.84313e-09	0.0531975
1.8432e-09	0.0525501
1.84328e-09	0.051903
1.84335e-09	0.0512561
1.84342e-09	0.0506094
1.84349e-09	0.049963
1.84356e-09	0.0493168
1.84363e-09	0.0486708
1.8437e-09	0.0480251
1.84377e-09	0.0473796
1.84384e-09	0.0467343
1.84391e-09	0.0460893
1.84398e-09	0.0454446
1.84406e-09	0.0448001
1.84413e-09	0.0441558
1.8442e-09	0.0435118
1.84427e-09	0.042868
1.84434e-09	0.0422245
1.84441e-09	0.0415812
1.84448e-09	0.0409382
1.84455e-09	0.0402954
1.84462e-09	0.0396529
1.84469e-09	0.0390106
1.84476e-09	0.0383686
1.84484e-09	0.0377268
1.84491e-09	0.0370853
1.84498e-09	0.0364441
1.84505e-09	0.0358031
1.84512e-09	0.0351624
1.84519e-09	0.0345219
1.84526e-09	0.0338817
1.84533e-09	0.0332418
1.8454e-09	0.0326022
1.84547e-09	0.0319628
1.84555e-09	0.0313236
1.84562e-09	0.0306848
1.84569e-09	0.0300462
1.84576e-09	0.0294079
1.84583e-09	0.0287698
1.8459e-09	0.0281321
1.84597e-09	0.0274946
1.84604e-09	0.0268573
1.84611e-09	0.0262204
1.84618e-09	0.0255837
1.84625e-09	0.0249473
1.84633e-09	0.0243112
1.8464e-09	0.0236754
1.84647e-09	0.0230399
1.84654e-09	0.0224046
1.84661e-09	0.0217697
1.84668e-09	0.021135
1.84675e-09	0.0205006
1.84682e-09	0.0198665
1.84689e-09	0.0192326
1.84696e-09	0.0185991
1.84703e-09	0.0179659
1.84711e-09	0.0173329
1.84718e-09	0.0167003
1.84725e-09	0.0160679
1.84732e-09	0.0154358
1.84739e-09	0.0148041
1.84746e-09	0.0141726
1.84753e-09	0.0135414
1.8476e-09	0.0129106
1.84767e-09	0.01228
1.84774e-09	0.0116497
1.84781e-09	0.0110198
1.84789e-09	0.0103901
1.84796e-09	0.00976076
1.84803e-09	0.00913172
1.8481e-09	0.00850298
1.84817e-09	0.00787455
1.84824e-09	0.00724644
1.84831e-09	0.00661863
1.84838e-09	0.00599114
1.84845e-09	0.00536396
1.84852e-09	0.00473709
1.84859e-09	0.00411054
1.84867e-09	0.00348431
1.84874e-09	0.00285839
1.84881e-09	0.0022328
1.84888e-09	0.00160752
1.84895e-09	0.000982564
1.84902e-09	0.00035793
1.84909e-09	-0.00026638
1.84916e-09	-0.000890367
1.84923e-09	-0.00151403
1.8493e-09	-0.00213736
1.84938e-09	-0.00276037
1.84945e-09	-0.00338305
1.84952e-09	-0.0040054
1.84959e-09	-0.00462742
1.84966e-09	-0.00524911
1.84973e-09	-0.00587046
1.8498e-09	-0.00649148
1.84987e-09	-0.00711217
1.84994e-09	-0.00773252
1.85001e-09	-0.00835253
1.85008e-09	-0.00897221
1.85016e-09	-0.00959154
1.85023e-09	-0.0102105
1.8503e-09	-0.0108292
1.85037e-09	-0.0114475
1.85044e-09	-0.0120655
1.85051e-09	-0.0126831
1.85058e-09	-0.0133004
1.85065e-09	-0.0139173
1.85072e-09	-0.0145339
1.85079e-09	-0.0151501
1.85086e-09	-0.015766
1.85094e-09	-0.0163816
1.85101e-09	-0.0169967
1.85108e-09	-0.0176116
1.85115e-09	-0.0182261
1.85122e-09	-0.0188402
1.85129e-09	-0.019454
1.85136e-09	-0.0200674
1.85143e-09	-0.0206804
1.8515e-09	-0.0212931
1.85157e-09	-0.0219054
1.85164e-09	-0.0225174
1.85172e-09	-0.023129
1.85179e-09	-0.0237403
1.85186e-09	-0.0243512
1.85193e-09	-0.0249617
1.852e-09	-0.0255718
1.85207e-09	-0.0261816
1.85214e-09	-0.026791
1.85221e-09	-0.0274001
1.85228e-09	-0.0280088
1.85235e-09	-0.0286171
1.85243e-09	-0.029225
1.8525e-09	-0.0298326
1.85257e-09	-0.0304398
1.85264e-09	-0.0310466
1.85271e-09	-0.031653
1.85278e-09	-0.0322591
1.85285e-09	-0.0328648
1.85292e-09	-0.0334701
1.85299e-09	-0.034075
1.85306e-09	-0.0346795
1.85313e-09	-0.0352837
1.85321e-09	-0.0358875
1.85328e-09	-0.0364908
1.85335e-09	-0.0370939
1.85342e-09	-0.0376965
1.85349e-09	-0.0382987
1.85356e-09	-0.0389005
1.85363e-09	-0.039502
1.8537e-09	-0.0401031
1.85377e-09	-0.0407037
1.85384e-09	-0.041304
1.85391e-09	-0.0419039
1.85399e-09	-0.0425034
1.85406e-09	-0.0431025
1.85413e-09	-0.0437012
1.8542e-09	-0.0442995
1.85427e-09	-0.0448974
1.85434e-09	-0.0454949
1.85441e-09	-0.046092
1.85448e-09	-0.0466887
1.85455e-09	-0.047285
1.85462e-09	-0.0478809
1.85469e-09	-0.0484764
1.85477e-09	-0.0490715
1.85484e-09	-0.0496662
1.85491e-09	-0.0502605
1.85498e-09	-0.0508544
1.85505e-09	-0.0514478
1.85512e-09	-0.0520409
1.85519e-09	-0.0526335
1.85526e-09	-0.0532257
1.85533e-09	-0.0538176
1.8554e-09	-0.054409
1.85547e-09	-0.055
1.85555e-09	-0.0555905
1.85562e-09	-0.0561807
1.85569e-09	-0.0567704
1.85576e-09	-0.0573597
1.85583e-09	-0.0579486
1.8559e-09	-0.0585371
1.85597e-09	-0.0591252
1.85604e-09	-0.0597128
1.85611e-09	-0.0603
1.85618e-09	-0.0608868
1.85626e-09	-0.0614732
1.85633e-09	-0.0620591
1.8564e-09	-0.0626446
1.85647e-09	-0.0632297
1.85654e-09	-0.0638144
1.85661e-09	-0.0643986
1.85668e-09	-0.0649824
1.85675e-09	-0.0655658
1.85682e-09	-0.0661487
1.85689e-09	-0.0667312
1.85696e-09	-0.0673132
1.85704e-09	-0.0678949
1.85711e-09	-0.0684761
1.85718e-09	-0.0690568
1.85725e-09	-0.0696371
1.85732e-09	-0.070217
1.85739e-09	-0.0707964
1.85746e-09	-0.0713754
1.85753e-09	-0.071954
1.8576e-09	-0.0725321
1.85767e-09	-0.0731098
1.85774e-09	-0.073687
1.85782e-09	-0.0742638
1.85789e-09	-0.0748401
1.85796e-09	-0.075416
1.85803e-09	-0.0759914
1.8581e-09	-0.0765664
1.85817e-09	-0.0771409
1.85824e-09	-0.077715
1.85831e-09	-0.0782886
1.85838e-09	-0.0788618
1.85845e-09	-0.0794345
1.85852e-09	-0.0800068
1.8586e-09	-0.0805786
1.85867e-09	-0.08115
1.85874e-09	-0.0817209
1.85881e-09	-0.0822913
1.85888e-09	-0.0828613
1.85895e-09	-0.0834308
1.85902e-09	-0.0839999
1.85909e-09	-0.0845685
1.85916e-09	-0.0851366
1.85923e-09	-0.0857043
1.85931e-09	-0.0862715
1.85938e-09	-0.0868383
1.85945e-09	-0.0874045
1.85952e-09	-0.0879704
1.85959e-09	-0.0885357
1.85966e-09	-0.0891006
1.85973e-09	-0.089665
1.8598e-09	-0.0902289
1.85987e-09	-0.0907924
1.85994e-09	-0.0913554
1.86001e-09	-0.0919179
1.86009e-09	-0.0924799
1.86016e-09	-0.0930415
1.86023e-09	-0.0936026
1.8603e-09	-0.0941632
1.86037e-09	-0.0947233
1.86044e-09	-0.095283
1.86051e-09	-0.0958422
1.86058e-09	-0.0964009
1.86065e-09	-0.0969591
1.86072e-09	-0.0975168
1.86079e-09	-0.0980741
1.86087e-09	-0.0986309
1.86094e-09	-0.0991872
1.86101e-09	-0.099743
1.86108e-09	-0.100298
1.86115e-09	-0.100853
1.86122e-09	-0.101407
1.86129e-09	-0.101961
1.86136e-09	-0.102515
1.86143e-09	-0.103068
1.8615e-09	-0.10362
1.86157e-09	-0.104172
1.86165e-09	-0.104723
1.86172e-09	-0.105274
1.86179e-09	-0.105825
1.86186e-09	-0.106374
1.86193e-09	-0.106924
1.862e-09	-0.107473
1.86207e-09	-0.108021
1.86214e-09	-0.108569
1.86221e-09	-0.109117
1.86228e-09	-0.109663
1.86235e-09	-0.11021
1.86243e-09	-0.110756
1.8625e-09	-0.111301
1.86257e-09	-0.111846
1.86264e-09	-0.112391
1.86271e-09	-0.112934
1.86278e-09	-0.113478
1.86285e-09	-0.114021
1.86292e-09	-0.114563
1.86299e-09	-0.115105
1.86306e-09	-0.115646
1.86314e-09	-0.116187
1.86321e-09	-0.116728
1.86328e-09	-0.117267
1.86335e-09	-0.117807
1.86342e-09	-0.118345
1.86349e-09	-0.118884
1.86356e-09	-0.119422
1.86363e-09	-0.119959
1.8637e-09	-0.120496
1.86377e-09	-0.121032
1.86384e-09	-0.121567
1.86392e-09	-0.122103
1.86399e-09	-0.122637
1.86406e-09	-0.123172
1.86413e-09	-0.123705
1.8642e-09	-0.124238
1.86427e-09	-0.124771
1.86434e-09	-0.125303
1.86441e-09	-0.125834
1.86448e-09	-0.126365
1.86455e-09	-0.126896
1.86462e-09	-0.127426
1.8647e-09	-0.127955
1.86477e-09	-0.128484
1.86484e-09	-0.129013
1.86491e-09	-0.12954
1.86498e-09	-0.130068
1.86505e-09	-0.130595
1.86512e-09	-0.131121
1.86519e-09	-0.131646
1.86526e-09	-0.132172
1.86533e-09	-0.132696
1.8654e-09	-0.13322
1.86548e-09	-0.133744
1.86555e-09	-0.134267
1.86562e-09	-0.13479
1.86569e-09	-0.135311
1.86576e-09	-0.135833
1.86583e-09	-0.136354
1.8659e-09	-0.136874
1.86597e-09	-0.137394
1.86604e-09	-0.137913
1.86611e-09	-0.138432
1.86619e-09	-0.13895
1.86626e-09	-0.139468
1.86633e-09	-0.139985
1.8664e-09	-0.140501
1.86647e-09	-0.141017
1.86654e-09	-0.141533
1.86661e-09	-0.142048
1.86668e-09	-0.142562
1.86675e-09	-0.143076
1.86682e-09	-0.143589
1.86689e-09	-0.144102
1.86697e-09	-0.144614
1.86704e-09	-0.145126
1.86711e-09	-0.145637
1.86718e-09	-0.146147
1.86725e-09	-0.146657
1.86732e-09	-0.147166
1.86739e-09	-0.147675
1.86746e-09	-0.148183
1.86753e-09	-0.148691
1.8676e-09	-0.149198
1.86767e-09	-0.149705
1.86775e-09	-0.150211
1.86782e-09	-0.150716
1.86789e-09	-0.151221
1.86796e-09	-0.151726
1.86803e-09	-0.15223
1.8681e-09	-0.152733
1.86817e-09	-0.153235
1.86824e-09	-0.153738
1.86831e-09	-0.154239
1.86838e-09	-0.15474
1.86845e-09	-0.15524
1.86853e-09	-0.15574
1.8686e-09	-0.156239
1.86867e-09	-0.156738
1.86874e-09	-0.157236
1.86881e-09	-0.157734
1.86888e-09	-0.158231
1.86895e-09	-0.158727
1.86902e-09	-0.159223
1.86909e-09	-0.159718
1.86916e-09	-0.160213
1.86923e-09	-0.160707
1.86931e-09	-0.161201
1.86938e-09	-0.161694
1.86945e-09	-0.162186
1.86952e-09	-0.162678
1.86959e-09	-0.163169
1.86966e-09	-0.16366
1.86973e-09	-0.16415
1.8698e-09	-0.164639
1.86987e-09	-0.165128
1.86994e-09	-0.165617
1.87002e-09	-0.166105
1.87009e-09	-0.166592
1.87016e-09	-0.167078
1.87023e-09	-0.167564
1.8703e-09	-0.16805
1.87037e-09	-0.168535
1.87044e-09	-0.169019
1.87051e-09	-0.169503
1.87058e-09	-0.169986
1.87065e-09	-0.170468
1.87072e-09	-0.17095
1.8708e-09	-0.171431
1.87087e-09	-0.171912
1.87094e-09	-0.172392
1.87101e-09	-0.172872
1.87108e-09	-0.173351
1.87115e-09	-0.173829
1.87122e-09	-0.174307
1.87129e-09	-0.174784
1.87136e-09	-0.175261
1.87143e-09	-0.175737
1.8715e-09	-0.176212
1.87158e-09	-0.176687
1.87165e-09	-0.177161
1.87172e-09	-0.177635
1.87179e-09	-0.178108
1.87186e-09	-0.17858
1.87193e-09	-0.179052
1.872e-09	-0.179523
1.87207e-09	-0.179994
1.87214e-09	-0.180464
1.87221e-09	-0.180933
1.87228e-09	-0.181402
1.87236e-09	-0.18187
1.87243e-09	-0.182338
1.8725e-09	-0.182805
1.87257e-09	-0.183271
1.87264e-09	-0.183737
1.87271e-09	-0.184202
1.87278e-09	-0.184667
1.87285e-09	-0.185131
1.87292e-09	-0.185594
1.87299e-09	-0.186057
1.87307e-09	-0.186519
1.87314e-09	-0.186981
1.87321e-09	-0.187442
1.87328e-09	-0.187902
1.87335e-09	-0.188362
1.87342e-09	-0.188821
1.87349e-09	-0.189279
1.87356e-09	-0.189737
1.87363e-09	-0.190195
1.8737e-09	-0.190651
1.87377e-09	-0.191107
1.87385e-09	-0.191563
1.87392e-09	-0.192018
1.87399e-09	-0.192472
1.87406e-09	-0.192925
1.87413e-09	-0.193378
1.8742e-09	-0.193831
1.87427e-09	-0.194282
1.87434e-09	-0.194734
1.87441e-09	-0.195184
1.87448e-09	-0.195634
1.87455e-09	-0.196083
1.87463e-09	-0.196532
1.8747e-09	-0.19698
1.87477e-09	-0.197427
1.87484e-09	-0.197874
1.87491e-09	-0.19832
1.87498e-09	-0.198766
1.87505e-09	-0.19921
1.87512e-09	-0.199655
1.87519e-09	-0.200098
1.87526e-09	-0.200541
1.87533e-09	-0.200984
1.87541e-09	-0.201426
1.87548e-09	-0.201867
1.87555e-09	-0.202307
1.87562e-09	-0.202747
1.87569e-09	-0.203186
1.87576e-09	-0.203625
1.87583e-09	-0.204063
1.8759e-09	-0.2045
1.87597e-09	-0.204937
1.87604e-09	-0.205373
1.87611e-09	-0.205809
1.87619e-09	-0.206243
1.87626e-09	-0.206678
1.87633e-09	-0.207111
1.8764e-09	-0.207544
1.87647e-09	-0.207976
1.87654e-09	-0.208408
1.87661e-09	-0.208839
1.87668e-09	-0.209269
1.87675e-09	-0.209699
1.87682e-09	-0.210128
1.8769e-09	-0.210557
1.87697e-09	-0.210985
1.87704e-09	-0.211412
1.87711e-09	-0.211838
1.87718e-09	-0.212264
1.87725e-09	-0.21269
1.87732e-09	-0.213114
1.87739e-09	-0.213538
1.87746e-09	-0.213962
1.87753e-09	-0.214384
1.8776e-09	-0.214806
1.87768e-09	-0.215228
1.87775e-09	-0.215649
1.87782e-09	-0.216069
1.87789e-09	-0.216488
1.87796e-09	-0.216907
1.87803e-09	-0.217325
1.8781e-09	-0.217743
1.87817e-09	-0.21816
1.87824e-09	-0.218576
1.87831e-09	-0.218991
1.87838e-09	-0.219406
1.87846e-09	-0.219821
1.87853e-09	-0.220234
1.8786e-09	-0.220647
1.87867e-09	-0.22106
1.87874e-09	-0.221471
1.87881e-09	-0.221883
1.87888e-09	-0.222293
1.87895e-09	-0.222703
1.87902e-09	-0.223112
1.87909e-09	-0.22352
1.87916e-09	-0.223928
1.87924e-09	-0.224335
1.87931e-09	-0.224742
1.87938e-09	-0.225148
1.87945e-09	-0.225553
1.87952e-09	-0.225957
1.87959e-09	-0.226361
1.87966e-09	-0.226764
1.87973e-09	-0.227167
1.8798e-09	-0.227569
1.87987e-09	-0.22797
1.87995e-09	-0.228371
1.88002e-09	-0.22877
1.88009e-09	-0.22917
1.88016e-09	-0.229568
1.88023e-09	-0.229966
1.8803e-09	-0.230363
1.88037e-09	-0.23076
1.88044e-09	-0.231156
1.88051e-09	-0.231551
1.88058e-09	-0.231946
1.88065e-09	-0.23234
1.88073e-09	-0.232733
1.8808e-09	-0.233126
1.88087e-09	-0.233518
1.88094e-09	-0.233909
1.88101e-09	-0.2343
1.88108e-09	-0.23469
1.88115e-09	-0.235079
1.88122e-09	-0.235468
1.88129e-09	-0.235856
1.88136e-09	-0.236243
1.88143e-09	-0.23663
1.88151e-09	-0.237016
1.88158e-09	-0.237401
1.88165e-09	-0.237786
1.88172e-09	-0.23817
1.88179e-09	-0.238553
1.88186e-09	-0.238936
1.88193e-09	-0.239318
1.882e-09	-0.239699
1.88207e-09	-0.240079
1.88214e-09	-0.240459
1.88221e-09	-0.240839
1.88229e-09	-0.241217
1.88236e-09	-0.241595
1.88243e-09	-0.241972
1.8825e-09	-0.242349
1.88257e-09	-0.242725
1.88264e-09	-0.2431
1.88271e-09	-0.243475
1.88278e-09	-0.243849
1.88285e-09	-0.244222
1.88292e-09	-0.244594
1.88299e-09	-0.244966
1.88307e-09	-0.245338
1.88314e-09	-0.245708
1.88321e-09	-0.246078
1.88328e-09	-0.246447
1.88335e-09	-0.246816
1.88342e-09	-0.247183
1.88349e-09	-0.24755
1.88356e-09	-0.247917
1.88363e-09	-0.248283
1.8837e-09	-0.248648
1.88378e-09	-0.249012
1.88385e-09	-0.249376
1.88392e-09	-0.249739
1.88399e-09	-0.250101
1.88406e-09	-0.250463
1.88413e-09	-0.250824
1.8842e-09	-0.251184
1.88427e-09	-0.251544
1.88434e-09	-0.251903
1.88441e-09	-0.252261
1.88448e-09	-0.252619
1.88456e-09	-0.252976
1.88463e-09	-0.253332
1.8847e-09	-0.253687
1.88477e-09	-0.254042
1.88484e-09	-0.254396
1.88491e-09	-0.25475
1.88498e-09	-0.255103
1.88505e-09	-0.255455
1.88512e-09	-0.255806
1.88519e-09	-0.256157
1.88526e-09	-0.256507
1.88534e-09	-0.256856
1.88541e-09	-0.257205
1.88548e-09	-0.257553
1.88555e-09	-0.2579
1.88562e-09	-0.258247
1.88569e-09	-0.258593
1.88576e-09	-0.258938
1.88583e-09	-0.259283
1.8859e-09	-0.259627
1.88597e-09	-0.25997
1.88604e-09	-0.260312
1.88612e-09	-0.260654
1.88619e-09	-0.260995
1.88626e-09	-0.261335
1.88633e-09	-0.261675
1.8864e-09	-0.262014
1.88647e-09	-0.262352
1.88654e-09	-0.26269
1.88661e-09	-0.263027
1.88668e-09	-0.263363
1.88675e-09	-0.263699
1.88683e-09	-0.264034
1.8869e-09	-0.264368
1.88697e-09	-0.264701
1.88704e-09	-0.265034
1.88711e-09	-0.265366
1.88718e-09	-0.265698
1.88725e-09	-0.266028
1.88732e-09	-0.266358
1.88739e-09	-0.266688
1.88746e-09	-0.267016
1.88753e-09	-0.267344
1.88761e-09	-0.267671
1.88768e-09	-0.267998
1.88775e-09	-0.268324
1.88782e-09	-0.268649
1.88789e-09	-0.268973
1.88796e-09	-0.269297
1.88803e-09	-0.26962
1.8881e-09	-0.269942
1.88817e-09	-0.270264
1.88824e-09	-0.270585
1.88831e-09	-0.270905
1.88839e-09	-0.271225
1.88846e-09	-0.271543
1.88853e-09	-0.271862
1.8886e-09	-0.272179
1.88867e-09	-0.272496
1.88874e-09	-0.272812
1.88881e-09	-0.273127
1.88888e-09	-0.273442
1.88895e-09	-0.273756
1.88902e-09	-0.274069
1.88909e-09	-0.274381
1.88917e-09	-0.274693
1.88924e-09	-0.275004
1.88931e-09	-0.275315
1.88938e-09	-0.275624
1.88945e-09	-0.275933
1.88952e-09	-0.276242
1.88959e-09	-0.276549
1.88966e-09	-0.276856
1.88973e-09	-0.277162
1.8898e-09	-0.277468
1.88987e-09	-0.277773
1.88995e-09	-0.278077
1.89002e-09	-0.27838
1.89009e-09	-0.278683
1.89016e-09	-0.278985
1.89023e-09	-0.279286
1.8903e-09	-0.279587
1.89037e-09	-0.279886
1.89044e-09	-0.280186
1.89051e-09	-0.280484
1.89058e-09	-0.280782
1.89066e-09	-0.281079
1.89073e-09	-0.281375
1.8908e-09	-0.281671
1.89087e-09	-0.281966
1.89094e-09	-0.28226
1.89101e-09	-0.282553
1.89108e-09	-0.282846
1.89115e-09	-0.283138
1.89122e-09	-0.28343
1.89129e-09	-0.28372
1.89136e-09	-0.28401
1.89144e-09	-0.284299
1.89151e-09	-0.284588
1.89158e-09	-0.284876
1.89165e-09	-0.285163
1.89172e-09	-0.285449
1.89179e-09	-0.285735
1.89186e-09	-0.28602
1.89193e-09	-0.286304
1.892e-09	-0.286588
1.89207e-09	-0.286871
1.89214e-09	-0.287153
1.89222e-09	-0.287434
1.89229e-09	-0.287715
1.89236e-09	-0.287995
1.89243e-09	-0.288274
1.8925e-09	-0.288553
1.89257e-09	-0.288831
1.89264e-09	-0.289108
1.89271e-09	-0.289384
1.89278e-09	-0.28966
1.89285e-09	-0.289935
1.89292e-09	-0.290209
1.893e-09	-0.290483
1.89307e-09	-0.290756
1.89314e-09	-0.291028
1.89321e-09	-0.2913
1.89328e-09	-0.29157
1.89335e-09	-0.29184
1.89342e-09	-0.29211
1.89349e-09	-0.292378
1.89356e-09	-0.292646
1.89363e-09	-0.292913
1.89371e-09	-0.29318
1.89378e-09	-0.293446
1.89385e-09	-0.293711
1.89392e-09	-0.293975
1.89399e-09	-0.294239
1.89406e-09	-0.294501
1.89413e-09	-0.294764
1.8942e-09	-0.295025
1.89427e-09	-0.295286
1.89434e-09	-0.295546
1.89441e-09	-0.295805
1.89449e-09	-0.296064
1.89456e-09	-0.296322
1.89463e-09	-0.296579
1.8947e-09	-0.296835
1.89477e-09	-0.297091
1.89484e-09	-0.297346
1.89491e-09	-0.2976
1.89498e-09	-0.297854
1.89505e-09	-0.298107
1.89512e-09	-0.298359
1.89519e-09	-0.298611
1.89527e-09	-0.298861
1.89534e-09	-0.299111
1.89541e-09	-0.299361
1.89548e-09	-0.299609
1.89555e-09	-0.299857
1.89562e-09	-0.300104
1.89569e-09	-0.300351
1.89576e-09	-0.300596
1.89583e-09	-0.300841
1.8959e-09	-0.301086
1.89597e-09	-0.301329
1.89605e-09	-0.301572
1.89612e-09	-0.301814
1.89619e-09	-0.302056
1.89626e-09	-0.302296
1.89633e-09	-0.302536
1.8964e-09	-0.302776
1.89647e-09	-0.303014
1.89654e-09	-0.303252
1.89661e-09	-0.303489
1.89668e-09	-0.303725
1.89675e-09	-0.303961
1.89683e-09	-0.304196
1.8969e-09	-0.30443
1.89697e-09	-0.304664
1.89704e-09	-0.304897
1.89711e-09	-0.305129
1.89718e-09	-0.30536
1.89725e-09	-0.305591
1.89732e-09	-0.305821
1.89739e-09	-0.30605
1.89746e-09	-0.306278
1.89754e-09	-0.306506
1.89761e-09	-0.306733
1.89768e-09	-0.30696
1.89775e-09	-0.307185
1.89782e-09	-0.30741
1.89789e-09	-0.307634
1.89796e-09	-0.307858
1.89803e-09	-0.30808
1.8981e-09	-0.308302
1.89817e-09	-0.308524
1.89824e-09	-0.308744
1.89832e-09	-0.308964
1.89839e-09	-0.309183
1.89846e-09	-0.309402
1.89853e-09	-0.309619
1.8986e-09	-0.309836
1.89867e-09	-0.310053
1.89874e-09	-0.310268
1.89881e-09	-0.310483
1.89888e-09	-0.310697
1.89895e-09	-0.310911
1.89902e-09	-0.311123
1.8991e-09	-0.311335
1.89917e-09	-0.311546
1.89924e-09	-0.311757
1.89931e-09	-0.311967
1.89938e-09	-0.312176
1.89945e-09	-0.312384
1.89952e-09	-0.312592
1.89959e-09	-0.312799
1.89966e-09	-0.313005
1.89973e-09	-0.31321
1.8998e-09	-0.313415
1.89988e-09	-0.313619
1.89995e-09	-0.313823
1.90002e-09	-0.314025
1.90009e-09	-0.314227
1.90016e-09	-0.314428
1.90023e-09	-0.314629
1.9003e-09	-0.314828
1.90037e-09	-0.315027
1.90044e-09	-0.315226
1.90051e-09	-0.315423
1.90059e-09	-0.31562
1.90066e-09	-0.315816
1.90073e-09	-0.316012
1.9008e-09	-0.316206
1.90087e-09	-0.3164
1.90094e-09	-0.316593
1.90101e-09	-0.316786
1.90108e-09	-0.316978
1.90115e-09	-0.317169
1.90122e-09	-0.317359
1.90129e-09	-0.317549
1.90137e-09	-0.317738
1.90144e-09	-0.317926
1.90151e-09	-0.318114
1.90158e-09	-0.3183
1.90165e-09	-0.318486
1.90172e-09	-0.318672
1.90179e-09	-0.318856
1.90186e-09	-0.31904
1.90193e-09	-0.319223
1.902e-09	-0.319406
1.90207e-09	-0.319588
1.90215e-09	-0.319769
1.90222e-09	-0.319949
1.90229e-09	-0.320129
1.90236e-09	-0.320307
1.90243e-09	-0.320486
1.9025e-09	-0.320663
1.90257e-09	-0.32084
1.90264e-09	-0.321016
1.90271e-09	-0.321191
1.90278e-09	-0.321366
1.90285e-09	-0.321539
1.90293e-09	-0.321712
1.903e-09	-0.321885
1.90307e-09	-0.322057
1.90314e-09	-0.322228
1.90321e-09	-0.322398
1.90328e-09	-0.322567
1.90335e-09	-0.322736
1.90342e-09	-0.322904
1.90349e-09	-0.323072
1.90356e-09	-0.323238
1.90364e-09	-0.323404
1.90371e-09	-0.323569
1.90378e-09	-0.323734
1.90385e-09	-0.323898
1.90392e-09	-0.324061
1.90399e-09	-0.324223
1.90406e-09	-0.324385
1.90413e-09	-0.324546
1.9042e-09	-0.324706
1.90427e-09	-0.324865
1.90434e-09	-0.325024
1.90442e-09	-0.325182
1.90449e-09	-0.32534
1.90456e-09	-0.325496
1.90463e-09	-0.325652
1.9047e-09	-0.325807
1.90477e-09	-0.325962
1.90484e-09	-0.326116
1.90491e-09	-0.326269
1.90498e-09	-0.326421
1.90505e-09	-0.326573
1.90512e-09	-0.326724
1.9052e-09	-0.326874
1.90527e-09	-0.327023
1.90534e-09	-0.327172
1.90541e-09	-0.32732
1.90548e-09	-0.327467
1.90555e-09	-0.327614
1.90562e-09	-0.32776
1.90569e-09	-0.327905
1.90576e-09	-0.328049
1.90583e-09	-0.328193
1.9059e-09	-0.328336
1.90598e-09	-0.328479
1.90605e-09	-0.32862
1.90612e-09	-0.328761
1.90619e-09	-0.328901
1.90626e-09	-0.329041
1.90633e-09	-0.32918
1.9064e-09	-0.329318
1.90647e-09	-0.329455
1.90654e-09	-0.329592
1.90661e-09	-0.329727
1.90668e-09	-0.329863
1.90676e-09	-0.329997
1.90683e-09	-0.330131
1.9069e-09	-0.330264
1.90697e-09	-0.330396
1.90704e-09	-0.330528
1.90711e-09	-0.330659
1.90718e-09	-0.330789
1.90725e-09	-0.330919
1.90732e-09	-0.331047
1.90739e-09	-0.331175
1.90747e-09	-0.331303
1.90754e-09	-0.331429
1.90761e-09	-0.331555
1.90768e-09	-0.331681
1.90775e-09	-0.331805
1.90782e-09	-0.331929
1.90789e-09	-0.332052
1.90796e-09	-0.332174
1.90803e-09	-0.332296
1.9081e-09	-0.332417
1.90817e-09	-0.332537
1.90825e-09	-0.332657
1.90832e-09	-0.332776
1.90839e-09	-0.332894
1.90846e-09	-0.333011
1.90853e-09	-0.333128
1.9086e-09	-0.333244
1.90867e-09	-0.333359
1.90874e-09	-0.333474
1.90881e-09	-0.333588
1.90888e-09	-0.333701
1.90895e-09	-0.333813
1.90903e-09	-0.333925
1.9091e-09	-0.334036
1.90917e-09	-0.334147
1.90924e-09	-0.334256
1.90931e-09	-0.334365
1.90938e-09	-0.334473
1.90945e-09	-0.334581
1.90952e-09	-0.334688
1.90959e-09	-0.334794
1.90966e-09	-0.334899
1.90973e-09	-0.335004
1.90981e-09	-0.335108
1.90988e-09	-0.335211
1.90995e-09	-0.335314
1.91002e-09	-0.335416
1.91009e-09	-0.335517
1.91016e-09	-0.335617
1.91023e-09	-0.335717
1.9103e-09	-0.335816
1.91037e-09	-0.335915
1.91044e-09	-0.336012
1.91052e-09	-0.336109
1.91059e-09	-0.336205
1.91066e-09	-0.336301
1.91073e-09	-0.336396
1.9108e-09	-0.33649
1.91087e-09	-0.336583
1.91094e-09	-0.336676
1.91101e-09	-0.336768
1.91108e-09	-0.33686
1.91115e-09	-0.33695
1.91122e-09	-0.33704
1.9113e-09	-0.337129
1.91137e-09	-0.337218
1.91144e-09	-0.337306
1.91151e-09	-0.337393
1.91158e-09	-0.337479
1.91165e-09	-0.337565
1.91172e-09	-0.33765
1.91179e-09	-0.337734
1.91186e-09	-0.337818
1.91193e-09	-0.337901
1.912e-09	-0.337983
1.91208e-09	-0.338065
1.91215e-09	-0.338146
1.91222e-09	-0.338226
1.91229e-09	-0.338305
1.91236e-09	-0.338384
1.91243e-09	-0.338462
1.9125e-09	-0.338539
1.91257e-09	-0.338616
1.91264e-09	-0.338692
1.91271e-09	-0.338767
1.91278e-09	-0.338842
1.91286e-09	-0.338916
1.91293e-09	-0.338989
1.913e-09	-0.339062
1.91307e-09	-0.339133
1.91314e-09	-0.339204
1.91321e-09	-0.339275
1.91328e-09	-0.339345
1.91335e-09	-0.339414
1.91342e-09	-0.339482
1.91349e-09	-0.33955
1.91356e-09	-0.339617
1.91364e-09	-0.339683
1.91371e-09	-0.339748
1.91378e-09	-0.339813
1.91385e-09	-0.339877
1.91392e-09	-0.339941
1.91399e-09	-0.340004
1.91406e-09	-0.340066
1.91413e-09	-0.340127
1.9142e-09	-0.340188
1.91427e-09	-0.340248
1.91435e-09	-0.340307
1.91442e-09	-0.340366
1.91449e-09	-0.340424
1.91456e-09	-0.340481
1.91463e-09	-0.340538
1.9147e-09	-0.340594
1.91477e-09	-0.340649
1.91484e-09	-0.340703
1.91491e-09	-0.340757
1.91498e-09	-0.34081
1.91505e-09	-0.340863
1.91513e-09	-0.340915
1.9152e-09	-0.340966
1.91527e-09	-0.341016
1.91534e-09	-0.341066
1.91541e-09	-0.341115
1.91548e-09	-0.341163
1.91555e-09	-0.341211
1.91562e-09	-0.341258
1.91569e-09	-0.341304
1.91576e-09	-0.34135
1.91583e-09	-0.341395
1.91591e-09	-0.341439
1.91598e-09	-0.341483
1.91605e-09	-0.341525
1.91612e-09	-0.341568
1.91619e-09	-0.341609
1.91626e-09	-0.34165
1.91633e-09	-0.34169
1.9164e-09	-0.34173
1.91647e-09	-0.341768
1.91654e-09	-0.341807
1.91661e-09	-0.341844
1.91669e-09	-0.341881
1.91676e-09	-0.341917
1.91683e-09	-0.341952
1.9169e-09	-0.341987
1.91697e-09	-0.342021
1.91704e-09	-0.342054
1.91711e-09	-0.342087
1.91718e-09	-0.342119
1.91725e-09	-0.34215
1.91732e-09	-0.342181
1.9174e-09	-0.342211
1.91747e-09	-0.34224
1.91754e-09	-0.342269
1.91761e-09	-0.342297
1.91768e-09	-0.342324
1.91775e-09	-0.342351
1.91782e-09	-0.342377
1.91789e-09	-0.342402
1.91796e-09	-0.342427
1.91803e-09	-0.34245
1.9181e-09	-0.342474
1.91818e-09	-0.342496
1.91825e-09	-0.342518
1.91832e-09	-0.342539
1.91839e-09	-0.34256
1.91846e-09	-0.34258
1.91853e-09	-0.342599
1.9186e-09	-0.342618
1.91867e-09	-0.342635
1.91874e-09	-0.342653
1.91881e-09	-0.342669
1.91888e-09	-0.342685
1.91896e-09	-0.3427
1.91903e-09	-0.342715
1.9191e-09	-0.342729
1.91917e-09	-0.342742
1.91924e-09	-0.342754
1.91931e-09	-0.342766
1.91938e-09	-0.342777
1.91945e-09	-0.342788
1.91952e-09	-0.342798
1.91959e-09	-0.342807
1.91966e-09	-0.342815
1.91974e-09	-0.342823
1.91981e-09	-0.34283
1.91988e-09	-0.342837
1.91995e-09	-0.342843
1.92002e-09	-0.342848
1.92009e-09	-0.342853
1.92016e-09	-0.342856
1.92023e-09	-0.34286
1.9203e-09	-0.342862
1.92037e-09	-0.342864
1.92044e-09	-0.342865
1.92052e-09	-0.342866
1.92059e-09	-0.342866
1.92066e-09	-0.342865
1.92073e-09	-0.342864
1.9208e-09	-0.342862
1.92087e-09	-0.342859
1.92094e-09	-0.342856
1.92101e-09	-0.342852
1.92108e-09	-0.342847
1.92115e-09	-0.342842
1.92123e-09	-0.342836
1.9213e-09	-0.342829
1.92137e-09	-0.342822
1.92144e-09	-0.342814
1.92151e-09	-0.342805
1.92158e-09	-0.342796
1.92165e-09	-0.342786
1.92172e-09	-0.342775
1.92179e-09	-0.342764
1.92186e-09	-0.342752
1.92193e-09	-0.34274
1.92201e-09	-0.342726
1.92208e-09	-0.342713
1.92215e-09	-0.342698
1.92222e-09	-0.342683
1.92229e-09	-0.342667
1.92236e-09	-0.342651
1.92243e-09	-0.342634
1.9225e-09	-0.342616
1.92257e-09	-0.342597
1.92264e-09	-0.342578
1.92271e-09	-0.342559
1.92279e-09	-0.342538
1.92286e-09	-0.342517
1.92293e-09	-0.342496
1.923e-09	-0.342473
1.92307e-09	-0.342451
1.92314e-09	-0.342427
1.92321e-09	-0.342403
1.92328e-09	-0.342378
1.92335e-09	-0.342352
1.92342e-09	-0.342326
1.92349e-09	-0.3423
1.92357e-09	-0.342272
1.92364e-09	-0.342244
1.92371e-09	-0.342215
1.92378e-09	-0.342186
1.92385e-09	-0.342156
1.92392e-09	-0.342125
1.92399e-09	-0.342094
1.92406e-09	-0.342062
1.92413e-09	-0.34203
1.9242e-09	-0.341996
1.92428e-09	-0.341963
1.92435e-09	-0.341928
1.92442e-09	-0.341893
1.92449e-09	-0.341857
1.92456e-09	-0.341821
1.92463e-09	-0.341784
1.9247e-09	-0.341746
1.92477e-09	-0.341708
1.92484e-09	-0.341669
1.92491e-09	-0.34163
1.92498e-09	-0.341589
1.92506e-09	-0.341549
1.92513e-09	-0.341507
1.9252e-09	-0.341465
1.92527e-09	-0.341422
1.92534e-09	-0.341379
1.92541e-09	-0.341335
1.92548e-09	-0.34129
1.92555e-09	-0.341245
1.92562e-09	-0.341199
1.92569e-09	-0.341153
1.92576e-09	-0.341106
1.92584e-09	-0.341058
1.92591e-09	-0.34101
1.92598e-09	-0.340961
1.92605e-09	-0.340911
1.92612e-09	-0.340861
1.92619e-09	-0.34081
1.92626e-09	-0.340758
1.92633e-09	-0.340706
1.9264e-09	-0.340654
1.92647e-09	-0.3406
1.92654e-09	-0.340546
1.92662e-09	-0.340492
1.92669e-09	-0.340436
1.92676e-09	-0.34038
1.92683e-09	-0.340324
1.9269e-09	-0.340267
1.92697e-09	-0.340209
1.92704e-09	-0.340151
1.92711e-09	-0.340092
1.92718e-09	-0.340032
1.92725e-09	-0.339972
1.92732e-09	-0.339911
1.9274e-09	-0.33985
1.92747e-09	-0.339788
1.92754e-09	-0.339725
1.92761e-09	-0.339662
1.92768e-09	-0.339598
1.92775e-09	-0.339533
1.92782e-09	-0.339468
1.92789e-09	-0.339403
1.92796e-09	-0.339336
1.92803e-09	-0.339269
1.92811e-09	-0.339202
1.92818e-09	-0.339134
1.92825e-09	-0.339065
1.92832e-09	-0.338995
1.92839e-09	-0.338925
1.92846e-09	-0.338855
1.92853e-09	-0.338783
1.9286e-09	-0.338712
1.92867e-09	-0.338639
1.92874e-09	-0.338566
1.92881e-09	-0.338492
1.92889e-09	-0.338418
1.92896e-09	-0.338343
1.92903e-09	-0.338268
1.9291e-09	-0.338192
1.92917e-09	-0.338115
1.92924e-09	-0.338038
1.92931e-09	-0.33796
1.92938e-09	-0.337881
1.92945e-09	-0.337802
1.92952e-09	-0.337722
1.92959e-09	-0.337642
1.92967e-09	-0.337561
1.92974e-09	-0.33748
1.92981e-09	-0.337398
1.92988e-09	-0.337315
1.92995e-09	-0.337232
1.93002e-09	-0.337148
1.93009e-09	-0.337063
1.93016e-09	-0.336978
1.93023e-09	-0.336892
1.9303e-09	-0.336806
1.93037e-09	-0.336719
1.93045e-09	-0.336632
1.93052e-09	-0.336544
1.93059e-09	-0.336455
1.93066e-09	-0.336366
1.93073e-09	-0.336276
1.9308e-09	-0.336185
1.93087e-09	-0.336094
1.93094e-09	-0.336003
1.93101e-09	-0.33591
1.93108e-09	-0.335818
1.93116e-09	-0.335724
1.93123e-09	-0.33563
1.9313e-09	-0.335535
1.93137e-09	-0.33544
1.93144e-09	-0.335345
1.93151e-09	-0.335248
1.93158e-09	-0.335151
1.93165e-09	-0.335054
1.93172e-09	-0.334956
1.93179e-09	-0.334857
1.93186e-09	-0.334758
1.93194e-09	-0.334658
1.93201e-09	-0.334557
1.93208e-09	-0.334456
1.93215e-09	-0.334355
1.93222e-09	-0.334253
1.93229e-09	-0.33415
1.93236e-09	-0.334046
1.93243e-09	-0.333943
1.9325e-09	-0.333838
1.93257e-09	-0.333733
1.93264e-09	-0.333627
1.93272e-09	-0.333521
1.93279e-09	-0.333414
1.93286e-09	-0.333307
1.93293e-09	-0.333199
1.933e-09	-0.33309
1.93307e-09	-0.332981
1.93314e-09	-0.332871
1.93321e-09	-0.332761
1.93328e-09	-0.33265
1.93335e-09	-0.332539
1.93342e-09	-0.332427
1.9335e-09	-0.332314
1.93357e-09	-0.332201
1.93364e-09	-0.332088
1.93371e-09	-0.331973
1.93378e-09	-0.331858
1.93385e-09	-0.331743
1.93392e-09	-0.331627
1.93399e-09	-0.331511
1.93406e-09	-0.331393
1.93413e-09	-0.331276
1.9342e-09	-0.331158
1.93428e-09	-0.331039
1.93435e-09	-0.330919
1.93442e-09	-0.330799
1.93449e-09	-0.330679
1.93456e-09	-0.330558
1.93463e-09	-0.330436
1.9347e-09	-0.330314
1.93477e-09	-0.330191
1.93484e-09	-0.330068
1.93491e-09	-0.329944
1.93499e-09	-0.32982
1.93506e-09	-0.329695
1.93513e-09	-0.329569
1.9352e-09	-0.329443
1.93527e-09	-0.329317
1.93534e-09	-0.329189
1.93541e-09	-0.329062
1.93548e-09	-0.328933
1.93555e-09	-0.328804
1.93562e-09	-0.328675
1.93569e-09	-0.328545
1.93577e-09	-0.328414
1.93584e-09	-0.328283
1.93591e-09	-0.328152
1.93598e-09	-0.32802
1.93605e-09	-0.327887
1.93612e-09	-0.327754
1.93619e-09	-0.32762
1.93626e-09	-0.327485
1.93633e-09	-0.32735
1.9364e-09	-0.327215
1.93647e-09	-0.327079
1.93655e-09	-0.326942
1.93662e-09	-0.326805
1.93669e-09	-0.326668
1.93676e-09	-0.326529
1.93683e-09	-0.326391
1.9369e-09	-0.326251
1.93697e-09	-0.326112
1.93704e-09	-0.325971
1.93711e-09	-0.32583
1.93718e-09	-0.325689
1.93725e-09	-0.325547
1.93733e-09	-0.325404
1.9374e-09	-0.325261
1.93747e-09	-0.325118
1.93754e-09	-0.324974
1.93761e-09	-0.324829
1.93768e-09	-0.324684
1.93775e-09	-0.324538
1.93782e-09	-0.324392
1.93789e-09	-0.324245
1.93796e-09	-0.324097
1.93804e-09	-0.32395
1.93811e-09	-0.323801
1.93818e-09	-0.323652
1.93825e-09	-0.323503
1.93832e-09	-0.323353
1.93839e-09	-0.323202
1.93846e-09	-0.323051
1.93853e-09	-0.322899
1.9386e-09	-0.322747
1.93867e-09	-0.322595
1.93874e-09	-0.322442
1.93882e-09	-0.322288
1.93889e-09	-0.322134
1.93896e-09	-0.321979
1.93903e-09	-0.321824
1.9391e-09	-0.321668
1.93917e-09	-0.321511
1.93924e-09	-0.321355
1.93931e-09	-0.321197
1.93938e-09	-0.321039
1.93945e-09	-0.320881
1.93952e-09	-0.320722
1.9396e-09	-0.320563
1.93967e-09	-0.320403
1.93974e-09	-0.320242
1.93981e-09	-0.320081
1.93988e-09	-0.31992
1.93995e-09	-0.319758
1.94002e-09	-0.319595
1.94009e-09	-0.319432
1.94016e-09	-0.319268
1.94023e-09	-0.319104
1.9403e-09	-0.31894
1.94038e-09	-0.318775
1.94045e-09	-0.318609
1.94052e-09	-0.318443
1.94059e-09	-0.318276
1.94066e-09	-0.318109
1.94073e-09	-0.317941
1.9408e-09	-0.317773
1.94087e-09	-0.317605
1.94094e-09	-0.317435
1.94101e-09	-0.317266
1.94108e-09	-0.317096
1.94116e-09	-0.316925
1.94123e-09	-0.316754
1.9413e-09	-0.316582
1.94137e-09	-0.31641
1.94144e-09	-0.316237
1.94151e-09	-0.316064
1.94158e-09	-0.31589
1.94165e-09	-0.315716
1.94172e-09	-0.315541
1.94179e-09	-0.315366
1.94187e-09	-0.31519
1.94194e-09	-0.315014
1.94201e-09	-0.314837
1.94208e-09	-0.31466
1.94215e-09	-0.314482
1.94222e-09	-0.314304
1.94229e-09	-0.314126
1.94236e-09	-0.313946
1.94243e-09	-0.313767
1.9425e-09	-0.313587
1.94257e-09	-0.313406
1.94265e-09	-0.313225
1.94272e-09	-0.313043
1.94279e-09	-0.312861
1.94286e-09	-0.312678
1.94293e-09	-0.312495
1.943e-09	-0.312312
1.94307e-09	-0.312128
1.94314e-09	-0.311943
1.94321e-09	-0.311758
1.94328e-09	-0.311572
1.94335e-09	-0.311386
1.94343e-09	-0.3112
1.9435e-09	-0.311013
1.94357e-09	-0.310826
1.94364e-09	-0.310638
1.94371e-09	-0.310449
1.94378e-09	-0.31026
1.94385e-09	-0.310071
1.94392e-09	-0.309881
1.94399e-09	-0.309691
1.94406e-09	-0.3095
1.94413e-09	-0.309309
1.94421e-09	-0.309117
1.94428e-09	-0.308925
1.94435e-09	-0.308732
1.94442e-09	-0.308539
1.94449e-09	-0.308345
1.94456e-09	-0.308151
1.94463e-09	-0.307956
1.9447e-09	-0.307761
1.94477e-09	-0.307566
1.94484e-09	-0.30737
1.94492e-09	-0.307173
1.94499e-09	-0.306976
1.94506e-09	-0.306779
1.94513e-09	-0.306581
1.9452e-09	-0.306382
1.94527e-09	-0.306184
1.94534e-09	-0.305984
1.94541e-09	-0.305785
1.94548e-09	-0.305584
1.94555e-09	-0.305384
1.94562e-09	-0.305182
1.9457e-09	-0.304981
1.94577e-09	-0.304779
1.94584e-09	-0.304576
1.94591e-09	-0.304373
1.94598e-09	-0.30417
1.94605e-09	-0.303966
1.94612e-09	-0.303762
1.94619e-09	-0.303557
1.94626e-09	-0.303352
1.94633e-09	-0.303146
1.9464e-09	-0.30294
1.94648e-09	-0.302733
1.94655e-09	-0.302526
1.94662e-09	-0.302318
1.94669e-09	-0.30211
1.94676e-09	-0.301902
1.94683e-09	-0.301693
1.9469e-09	-0.301484
1.94697e-09	-0.301274
1.94704e-09	-0.301064
1.94711e-09	-0.300853
1.94718e-09	-0.300642
1.94726e-09	-0.30043
1.94733e-09	-0.300218
1.9474e-09	-0.300006
1.94747e-09	-0.299793
1.94754e-09	-0.299579
1.94761e-09	-0.299366
1.94768e-09	-0.299151
1.94775e-09	-0.298937
1.94782e-09	-0.298722
1.94789e-09	-0.298506
1.94796e-09	-0.29829
1.94804e-09	-0.298074
1.94811e-09	-0.297857
1.94818e-09	-0.297639
1.94825e-09	-0.297422
1.94832e-09	-0.297203
1.94839e-09	-0.296985
1.94846e-09	-0.296766
1.94853e-09	-0.296546
1.9486e-09	-0.296326
1.94867e-09	-0.296106
1.94875e-09	-0.295885
1.94882e-09	-0.295664
1.94889e-09	-0.295442
1.94896e-09	-0.29522
1.94903e-09	-0.294998
1.9491e-09	-0.294775
1.94917e-09	-0.294551
1.94924e-09	-0.294328
1.94931e-09	-0.294103
1.94938e-09	-0.293879
1.94945e-09	-0.293654
1.94953e-09	-0.293428
1.9496e-09	-0.293202
1.94967e-09	-0.292976
1.94974e-09	-0.292749
1.94981e-09	-0.292522
1.94988e-09	-0.292295
1.94995e-09	-0.292067
1.95002e-09	-0.291838
1.95009e-09	-0.291609
1.95016e-09	-0.29138
1.95023e-09	-0.29115
1.95031e-09	-0.29092
1.95038e-09	-0.29069
1.95045e-09	-0.290459
1.95052e-09	-0.290228
1.95059e-09	-0.289996
1.95066e-09	-0.289764
1.95073e-09	-0.289531
1.9508e-09	-0.289298
1.95087e-09	-0.289065
1.95094e-09	-0.288831
1.95101e-09	-0.288597
1.95109e-09	-0.288362
1.95116e-09	-0.288127
1.95123e-09	-0.287892
1.9513e-09	-0.287656
1.95137e-09	-0.28742
1.95144e-09	-0.287183
1.95151e-09	-0.286946
1.95158e-09	-0.286708
1.95165e-09	-0.286471
1.95172e-09	-0.286232
1.9518e-09	-0.285994
1.95187e-09	-0.285755
1.95194e-09	-0.285515
1.95201e-09	-0.285275
1.95208e-09	-0.285035
1.95215e-09	-0.284795
1.95222e-09	-0.284553
1.95229e-09	-0.284312
1.95236e-09	-0.28407
1.95243e-09	-0.283828
1.9525e-09	-0.283585
1.95258e-09	-0.283342
1.95265e-09	-0.283099
1.95272e-09	-0.282855
1.95279e-09	-0.282611
1.95286e-09	-0.282367
1.95293e-09	-0.282122
1.953e-09	-0.281876
1.95307e-09	-0.281631
1.95314e-09	-0.281384
1.95321e-09	-0.281138
1.95328e-09	-0.280891
1.95336e-09	-0.280644
1.95343e-09	-0.280396
1.9535e-09	-0.280148
1.95357e-09	-0.2799
1.95364e-09	-0.279651
1.95371e-09	-0.279402
1.95378e-09	-0.279152
1.95385e-09	-0.278902
1.95392e-09	-0.278652
1.95399e-09	-0.278401
1.95406e-09	-0.27815
1.95414e-09	-0.277899
1.95421e-09	-0.277647
1.95428e-09	-0.277395
1.95435e-09	-0.277142
1.95442e-09	-0.276889
1.95449e-09	-0.276636
1.95456e-09	-0.276382
1.95463e-09	-0.276128
1.9547e-09	-0.275874
1.95477e-09	-0.275619
1.95484e-09	-0.275364
1.95492e-09	-0.275108
1.95499e-09	-0.274853
1.95506e-09	-0.274596
1.95513e-09	-0.27434
1.9552e-09	-0.274083
1.95527e-09	-0.273825
1.95534e-09	-0.273568
1.95541e-09	-0.27331
1.95548e-09	-0.273051
1.95555e-09	-0.272792
1.95563e-09	-0.272533
1.9557e-09	-0.272274
1.95577e-09	-0.272014
1.95584e-09	-0.271754
1.95591e-09	-0.271493
1.95598e-09	-0.271232
1.95605e-09	-0.270971
1.95612e-09	-0.270709
1.95619e-09	-0.270447
1.95626e-09	-0.270185
1.95633e-09	-0.269922
1.95641e-09	-0.269659
1.95648e-09	-0.269396
1.95655e-09	-0.269132
1.95662e-09	-0.268868
1.95669e-09	-0.268603
1.95676e-09	-0.268339
1.95683e-09	-0.268073
1.9569e-09	-0.267808
1.95697e-09	-0.267542
1.95704e-09	-0.267276
1.95711e-09	-0.267009
1.95719e-09	-0.266742
1.95726e-09	-0.266475
1.95733e-09	-0.266208
1.9574e-09	-0.26594
1.95747e-09	-0.265672
1.95754e-09	-0.265403
1.95761e-09	-0.265134
1.95768e-09	-0.264865
1.95775e-09	-0.264595
1.95782e-09	-0.264325
1.95789e-09	-0.264055
1.95797e-09	-0.263784
1.95804e-09	-0.263513
1.95811e-09	-0.263242
1.95818e-09	-0.262971
1.95825e-09	-0.262699
1.95832e-09	-0.262426
1.95839e-09	-0.262154
1.95846e-09	-0.261881
1.95853e-09	-0.261608
1.9586e-09	-0.261334
1.95868e-09	-0.26106
1.95875e-09	-0.260786
1.95882e-09	-0.260511
1.95889e-09	-0.260236
1.95896e-09	-0.259961
1.95903e-09	-0.259686
1.9591e-09	-0.25941
1.95917e-09	-0.259134
1.95924e-09	-0.258857
1.95931e-09	-0.25858
1.95938e-09	-0.258303
1.95946e-09	-0.258026
1.95953e-09	-0.257748
1.9596e-09	-0.25747
1.95967e-09	-0.257191
1.95974e-09	-0.256913
1.95981e-09	-0.256634
1.95988e-09	-0.256354
1.95995e-09	-0.256074
1.96002e-09	-0.255794
1.96009e-09	-0.255514
1.96016e-09	-0.255234
1.96024e-09	-0.254953
1.96031e-09	-0.254671
1.96038e-09	-0.25439
1.96045e-09	-0.254108
1.96052e-09	-0.253826
1.96059e-09	-0.253543
1.96066e-09	-0.253261
1.96073e-09	-0.252978
1.9608e-09	-0.252694
1.96087e-09	-0.252411
1.96094e-09	-0.252127
1.96102e-09	-0.251842
1.96109e-09	-0.251558
1.96116e-09	-0.251273
1.96123e-09	-0.250988
1.9613e-09	-0.250702
1.96137e-09	-0.250416
1.96144e-09	-0.25013
1.96151e-09	-0.249844
1.96158e-09	-0.249557
1.96165e-09	-0.24927
1.96172e-09	-0.248983
1.9618e-09	-0.248695
1.96187e-09	-0.248407
1.96194e-09	-0.248119
1.96201e-09	-0.247831
1.96208e-09	-0.247542
1.96215e-09	-0.247253
1.96222e-09	-0.246964
1.96229e-09	-0.246674
1.96236e-09	-0.246384
1.96243e-09	-0.246094
1.96251e-09	-0.245804
1.96258e-09	-0.245513
1.96265e-09	-0.245222
1.96272e-09	-0.244931
1.96279e-09	-0.244639
1.96286e-09	-0.244347
1.96293e-09	-0.244055
1.963e-09	-0.243763
1.96307e-09	-0.24347
1.96314e-09	-0.243177
1.96321e-09	-0.242884
1.96329e-09	-0.24259
1.96336e-09	-0.242296
1.96343e-09	-0.242002
1.9635e-09	-0.241708
1.96357e-09	-0.241413
1.96364e-09	-0.241118
1.96371e-09	-0.240823
1.96378e-09	-0.240527
1.96385e-09	-0.240232
1.96392e-09	-0.239936
1.96399e-09	-0.239639
1.96407e-09	-0.239343
1.96414e-09	-0.239046
1.96421e-09	-0.238749
1.96428e-09	-0.238452
1.96435e-09	-0.238154
1.96442e-09	-0.237856
1.96449e-09	-0.237558
1.96456e-09	-0.23726
1.96463e-09	-0.236961
1.9647e-09	-0.236662
1.96477e-09	-0.236363
1.96485e-09	-0.236063
1.96492e-09	-0.235764
1.96499e-09	-0.235464
1.96506e-09	-0.235163
1.96513e-09	-0.234863
1.9652e-09	-0.234562
1.96527e-09	-0.234261
1.96534e-09	-0.23396
1.96541e-09	-0.233658
1.96548e-09	-0.233357
1.96556e-09	-0.233054
1.96563e-09	-0.232752
1.9657e-09	-0.23245
1.96577e-09	-0.232147
1.96584e-09	-0.231844
1.96591e-09	-0.231541
1.96598e-09	-0.231237
1.96605e-09	-0.230933
1.96612e-09	-0.230629
1.96619e-09	-0.230325
1.96626e-09	-0.230021
1.96634e-09	-0.229716
1.96641e-09	-0.229411
1.96648e-09	-0.229106
1.96655e-09	-0.2288
1.96662e-09	-0.228494
1.96669e-09	-0.228188
1.96676e-09	-0.227882
1.96683e-09	-0.227576
1.9669e-09	-0.227269
1.96697e-09	-0.226962
1.96704e-09	-0.226655
1.96712e-09	-0.226348
1.96719e-09	-0.22604
1.96726e-09	-0.225732
1.96733e-09	-0.225424
1.9674e-09	-0.225116
1.96747e-09	-0.224807
1.96754e-09	-0.224498
1.96761e-09	-0.224189
1.96768e-09	-0.22388
1.96775e-09	-0.223571
1.96782e-09	-0.223261
1.9679e-09	-0.222951
1.96797e-09	-0.222641
1.96804e-09	-0.22233
1.96811e-09	-0.22202
1.96818e-09	-0.221709
1.96825e-09	-0.221398
1.96832e-09	-0.221087
1.96839e-09	-0.220775
1.96846e-09	-0.220463
1.96853e-09	-0.220151
1.96861e-09	-0.219839
1.96868e-09	-0.219527
1.96875e-09	-0.219214
1.96882e-09	-0.218901
1.96889e-09	-0.218588
1.96896e-09	-0.218275
1.96903e-09	-0.217962
1.9691e-09	-0.217648
1.96917e-09	-0.217334
1.96924e-09	-0.21702
1.96931e-09	-0.216706
1.96939e-09	-0.216391
1.96946e-09	-0.216076
1.96953e-09	-0.215761
1.9696e-09	-0.215446
1.96967e-09	-0.215131
1.96974e-09	-0.214815
1.96981e-09	-0.2145
1.96988e-09	-0.214184
1.96995e-09	-0.213867
1.97002e-09	-0.213551
1.97009e-09	-0.213234
1.97017e-09	-0.212918
1.97024e-09	-0.212601
1.97031e-09	-0.212283
1.97038e-09	-0.211966
1.97045e-09	-0.211648
1.97052e-09	-0.211331
1.97059e-09	-0.211013
1.97066e-09	-0.210694
1.97073e-09	-0.210376
1.9708e-09	-0.210058
1.97087e-09	-0.209739
1.97095e-09	-0.20942
1.97102e-09	-0.209101
1.97109e-09	-0.208781
1.97116e-09	-0.208462
1.97123e-09	-0.208142
1.9713e-09	-0.207822
1.97137e-09	-0.207502
1.97144e-09	-0.207182
1.97151e-09	-0.206861
1.97158e-09	-0.20654
1.97165e-09	-0.20622
1.97173e-09	-0.205898
1.9718e-09	-0.205577
1.97187e-09	-0.205256
1.97194e-09	-0.204934
1.97201e-09	-0.204612
1.97208e-09	-0.20429
1.97215e-09	-0.203968
1.97222e-09	-0.203646
1.97229e-09	-0.203323
1.97236e-09	-0.203001
1.97244e-09	-0.202678
1.97251e-09	-0.202355
1.97258e-09	-0.202032
1.97265e-09	-0.201708
1.97272e-09	-0.201385
1.97279e-09	-0.201061
1.97286e-09	-0.200737
1.97293e-09	-0.200413
1.973e-09	-0.200089
1.97307e-09	-0.199764
1.97314e-09	-0.19944
1.97322e-09	-0.199115
1.97329e-09	-0.19879
1.97336e-09	-0.198465
1.97343e-09	-0.198139
1.9735e-09	-0.197814
1.97357e-09	-0.197488
1.97364e-09	-0.197163
1.97371e-09	-0.196837
1.97378e-09	-0.196511
1.97385e-09	-0.196184
1.97392e-09	-0.195858
1.974e-09	-0.195531
1.97407e-09	-0.195205
1.97414e-09	-0.194878
1.97421e-09	-0.194551
1.97428e-09	-0.194223
1.97435e-09	-0.193896
1.97442e-09	-0.193568
1.97449e-09	-0.193241
1.97456e-09	-0.192913
1.97463e-09	-0.192585
1.9747e-09	-0.192257
1.97478e-09	-0.191928
1.97485e-09	-0.1916
1.97492e-09	-0.191271
1.97499e-09	-0.190943
1.97506e-09	-0.190614
1.97513e-09	-0.190285
1.9752e-09	-0.189955
1.97527e-09	-0.189626
1.97534e-09	-0.189297
1.97541e-09	-0.188967
1.97549e-09	-0.188637
1.97556e-09	-0.188307
1.97563e-09	-0.187977
1.9757e-09	-0.187647
1.97577e-09	-0.187317
1.97584e-09	-0.186986
1.97591e-09	-0.186655
1.97598e-09	-0.186325
1.97605e-09	-0.185994
1.97612e-09	-0.185663
1.97619e-09	-0.185331
1.97627e-09	-0.185
1.97634e-09	-0.184669
1.97641e-09	-0.184337
1.97648e-09	-0.184005
1.97655e-09	-0.183673
1.97662e-09	-0.183341
1.97669e-09	-0.183009
1.97676e-09	-0.182677
1.97683e-09	-0.182345
1.9769e-09	-0.182012
1.97697e-09	-0.181679
1.97705e-09	-0.181347
1.97712e-09	-0.181014
1.97719e-09	-0.180681
1.97726e-09	-0.180348
1.97733e-09	-0.180014
1.9774e-09	-0.179681
1.97747e-09	-0.179347
1.97754e-09	-0.179014
1.97761e-09	-0.17868
1.97768e-09	-0.178346
1.97775e-09	-0.178012
1.97783e-09	-0.177678
1.9779e-09	-0.177344
1.97797e-09	-0.177009
1.97804e-09	-0.176675
1.97811e-09	-0.17634
1.97818e-09	-0.176005
1.97825e-09	-0.17567
1.97832e-09	-0.175335
1.97839e-09	-0.175
1.97846e-09	-0.174665
1.97853e-09	-0.17433
1.97861e-09	-0.173994
1.97868e-09	-0.173659
1.97875e-09	-0.173323
1.97882e-09	-0.172988
1.97889e-09	-0.172652
1.97896e-09	-0.172316
1.97903e-09	-0.17198
1.9791e-09	-0.171644
1.97917e-09	-0.171307
1.97924e-09	-0.170971
1.97932e-09	-0.170634
1.97939e-09	-0.170298
1.97946e-09	-0.169961
1.97953e-09	-0.169624
1.9796e-09	-0.169287
1.97967e-09	-0.16895
1.97974e-09	-0.168613
1.97981e-09	-0.168276
1.97988e-09	-0.167939
1.97995e-09	-0.167601
1.98002e-09	-0.167264
1.9801e-09	-0.166926
1.98017e-09	-0.166589
1.98024e-09	-0.166251
1.98031e-09	-0.165913
1.98038e-09	-0.165575
1.98045e-09	-0.165237
1.98052e-09	-0.164899
1.98059e-09	-0.164561
1.98066e-09	-0.164222
1.98073e-09	-0.163884
1.9808e-09	-0.163546
1.98088e-09	-0.163207
1.98095e-09	-0.162868
1.98102e-09	-0.162529
1.98109e-09	-0.162191
1.98116e-09	-0.161852
1.98123e-09	-0.161513
1.9813e-09	-0.161174
1.98137e-09	-0.160834
1.98144e-09	-0.160495
1.98151e-09	-0.160156
1.98158e-09	-0.159816
1.98166e-09	-0.159477
1.98173e-09	-0.159137
1.9818e-09	-0.158798
1.98187e-09	-0.158458
1.98194e-09	-0.158118
1.98201e-09	-0.157778
1.98208e-09	-0.157438
1.98215e-09	-0.157098
1.98222e-09	-0.156758
1.98229e-09	-0.156418
1.98237e-09	-0.156078
1.98244e-09	-0.155737
1.98251e-09	-0.155397
1.98258e-09	-0.155057
1.98265e-09	-0.154716
1.98272e-09	-0.154375
1.98279e-09	-0.154035
1.98286e-09	-0.153694
1.98293e-09	-0.153353
1.983e-09	-0.153012
1.98307e-09	-0.152671
1.98315e-09	-0.15233
1.98322e-09	-0.151989
1.98329e-09	-0.151648
1.98336e-09	-0.151307
1.98343e-09	-0.150966
1.9835e-09	-0.150625
1.98357e-09	-0.150283
1.98364e-09	-0.149942
1.98371e-09	-0.1496
1.98378e-09	-0.149259
1.98385e-09	-0.148917
1.98393e-09	-0.148576
1.984e-09	-0.148234
1.98407e-09	-0.147892
1.98414e-09	-0.14755
1.98421e-09	-0.147208
1.98428e-09	-0.146866
1.98435e-09	-0.146524
1.98442e-09	-0.146182
1.98449e-09	-0.14584
1.98456e-09	-0.145498
1.98463e-09	-0.145156
1.98471e-09	-0.144814
1.98478e-09	-0.144472
1.98485e-09	-0.144129
1.98492e-09	-0.143787
1.98499e-09	-0.143445
1.98506e-09	-0.143102
1.98513e-09	-0.14276
1.9852e-09	-0.142417
1.98527e-09	-0.142075
1.98534e-09	-0.141732
1.98541e-09	-0.141389
1.98549e-09	-0.141047
1.98556e-09	-0.140704
1.98563e-09	-0.140361
1.9857e-09	-0.140018
1.98577e-09	-0.139675
1.98584e-09	-0.139333
1.98591e-09	-0.13899
1.98598e-09	-0.138647
1.98605e-09	-0.138304
1.98612e-09	-0.137961
1.9862e-09	-0.137618
1.98627e-09	-0.137275
1.98634e-09	-0.136931
1.98641e-09	-0.136588
1.98648e-09	-0.136245
1.98655e-09	-0.135902
1.98662e-09	-0.135559
1.98669e-09	-0.135215
1.98676e-09	-0.134872
1.98683e-09	-0.134529
1.9869e-09	-0.134185
1.98698e-09	-0.133842
1.98705e-09	-0.133499
1.98712e-09	-0.133155
1.98719e-09	-0.132812
1.98726e-09	-0.132468
1.98733e-09	-0.132125
1.9874e-09	-0.131781
1.98747e-09	-0.131438
1.98754e-09	-0.131094
1.98761e-09	-0.130751
1.98768e-09	-0.130407
1.98776e-09	-0.130064
1.98783e-09	-0.12972
1.9879e-09	-0.129376
1.98797e-09	-0.129033
1.98804e-09	-0.128689
1.98811e-09	-0.128345
1.98818e-09	-0.128002
1.98825e-09	-0.127658
1.98832e-09	-0.127314
1.98839e-09	-0.126971
1.98846e-09	-0.126627
1.98854e-09	-0.126283
1.98861e-09	-0.125939
1.98868e-09	-0.125596
1.98875e-09	-0.125252
1.98882e-09	-0.124908
1.98889e-09	-0.124564
1.98896e-09	-0.124221
1.98903e-09	-0.123877
1.9891e-09	-0.123533
1.98917e-09	-0.123189
1.98925e-09	-0.122846
1.98932e-09	-0.122502
1.98939e-09	-0.122158
1.98946e-09	-0.121814
1.98953e-09	-0.12147
1.9896e-09	-0.121127
1.98967e-09	-0.120783
1.98974e-09	-0.120439
1.98981e-09	-0.120095
1.98988e-09	-0.119752
1.98995e-09	-0.119408
1.99003e-09	-0.119064
1.9901e-09	-0.11872
1.99017e-09	-0.118376
1.99024e-09	-0.118033
1.99031e-09	-0.117689
1.99038e-09	-0.117345
1.99045e-09	-0.117002
1.99052e-09	-0.116658
1.99059e-09	-0.116314
1.99066e-09	-0.11597
1.99073e-09	-0.115627
1.99081e-09	-0.115283
1.99088e-09	-0.11494
1.99095e-09	-0.114596
1.99102e-09	-0.114252
1.99109e-09	-0.113909
1.99116e-09	-0.113565
1.99123e-09	-0.113222
1.9913e-09	-0.112878
1.99137e-09	-0.112534
1.99144e-09	-0.112191
1.99151e-09	-0.111847
1.99159e-09	-0.111504
1.99166e-09	-0.111161
1.99173e-09	-0.110817
1.9918e-09	-0.110474
1.99187e-09	-0.11013
1.99194e-09	-0.109787
1.99201e-09	-0.109444
1.99208e-09	-0.1091
1.99215e-09	-0.108757
1.99222e-09	-0.108414
1.99229e-09	-0.108071
1.99237e-09	-0.107727
1.99244e-09	-0.107384
1.99251e-09	-0.107041
1.99258e-09	-0.106698
1.99265e-09	-0.106355
1.99272e-09	-0.106012
1.99279e-09	-0.105669
1.99286e-09	-0.105326
1.99293e-09	-0.104983
1.993e-09	-0.10464
1.99308e-09	-0.104297
1.99315e-09	-0.103954
1.99322e-09	-0.103611
1.99329e-09	-0.103269
1.99336e-09	-0.102926
1.99343e-09	-0.102583
1.9935e-09	-0.102241
1.99357e-09	-0.101898
1.99364e-09	-0.101555
1.99371e-09	-0.101213
1.99378e-09	-0.10087
1.99386e-09	-0.100528
1.99393e-09	-0.100186
1.994e-09	-0.0998432
1.99407e-09	-0.0995009
1.99414e-09	-0.0991586
1.99421e-09	-0.0988164
1.99428e-09	-0.0984742
1.99435e-09	-0.0981321
1.99442e-09	-0.09779
1.99449e-09	-0.0974479
1.99456e-09	-0.0971059
1.99464e-09	-0.096764
1.99471e-09	-0.0964221
1.99478e-09	-0.0960803
1.99485e-09	-0.0957385
1.99492e-09	-0.0953967
1.99499e-09	-0.095055
1.99506e-09	-0.0947134
1.99513e-09	-0.0943718
1.9952e-09	-0.0940303
1.99527e-09	-0.0936888
1.99534e-09	-0.0933474
1.99542e-09	-0.0930061
1.99549e-09	-0.0926648
1.99556e-09	-0.0923235
1.99563e-09	-0.0919824
1.9957e-09	-0.0916412
1.99577e-09	-0.0913002
1.99584e-09	-0.0909592
1.99591e-09	-0.0906182
1.99598e-09	-0.0902774
1.99605e-09	-0.0899365
1.99613e-09	-0.0895958
1.9962e-09	-0.0892551
1.99627e-09	-0.0889145
1.99634e-09	-0.0885739
1.99641e-09	-0.0882334
1.99648e-09	-0.087893
1.99655e-09	-0.0875526
1.99662e-09	-0.0872124
1.99669e-09	-0.0868721
1.99676e-09	-0.086532
1.99683e-09	-0.0861919
1.99691e-09	-0.0858519
1.99698e-09	-0.0855119
1.99705e-09	-0.0851721
1.99712e-09	-0.0848323
1.99719e-09	-0.0844925
1.99726e-09	-0.0841529
1.99733e-09	-0.0838133
1.9974e-09	-0.0834738
1.99747e-09	-0.0831344
1.99754e-09	-0.082795
1.99761e-09	-0.0824558
1.99769e-09	-0.0821166
1.99776e-09	-0.0817775
1.99783e-09	-0.0814384
1.9979e-09	-0.0810995
1.99797e-09	-0.0807606
1.99804e-09	-0.0804218
1.99811e-09	-0.080083
1.99818e-09	-0.0797444
1.99825e-09	-0.0794059
1.99832e-09	-0.0790674
1.99839e-09	-0.078729
1.99847e-09	-0.0783907
1.99854e-09	-0.0780525
1.99861e-09	-0.0777143
1.99868e-09	-0.0773763
1.99875e-09	-0.0770383
1.99882e-09	-0.0767005
1.99889e-09	-0.0763627
1.99896e-09	-0.076025
1.99903e-09	-0.0756874
1.9991e-09	-0.0753499
1.99917e-09	-0.0750124
1.99925e-09	-0.0746751
1.99932e-09	-0.0743379
1.99939e-09	-0.0740007
1.99946e-09	-0.0736637
1.99953e-09	-0.0733267
1.9996e-09	-0.0729898
1.99967e-09	-0.0726531
1.99974e-09	-0.0723164
1.99981e-09	-0.0719798
1.99988e-09	-0.0716433
1.99996e-09	-0.0713069
2.00003e-09	-0.0709706
2.0001e-09	-0.0706344
2.00017e-09	-0.0702984
2.00024e-09	-0.0699624
2.00031e-09	-0.0696265
2.00038e-09	-0.0692907
2.00045e-09	-0.068955
2.00052e-09	-0.0686194
2.00059e-09	-0.0682839
2.00066e-09	-0.0679485
2.00074e-09	-0.0676133
2.00081e-09	-0.0672781
2.00088e-09	-0.066943
2.00095e-09	-0.0666081
2.00102e-09	-0.0662732
2.00109e-09	-0.0659385
2.00116e-09	-0.0656038
2.00123e-09	-0.0652693
2.0013e-09	-0.0649349
2.00137e-09	-0.0646006
2.00144e-09	-0.0642664
2.00152e-09	-0.0639323
2.00159e-09	-0.0635983
2.00166e-09	-0.0632645
2.00173e-09	-0.0629307
2.0018e-09	-0.0625971
2.00187e-09	-0.0622635
2.00194e-09	-0.0619301
2.00201e-09	-0.0615968
2.00208e-09	-0.0612637
2.00215e-09	-0.0609306
2.00222e-09	-0.0605976
2.0023e-09	-0.0602648
2.00237e-09	-0.0599321
2.00244e-09	-0.0595995
2.00251e-09	-0.059267
2.00258e-09	-0.0589347
2.00265e-09	-0.0586025
2.00272e-09	-0.0582703
2.00279e-09	-0.0579383
2.00286e-09	-0.0576065
2.00293e-09	-0.0572747
2.00301e-09	-0.0569431
2.00308e-09	-0.0566116
2.00315e-09	-0.0562802
2.00322e-09	-0.055949
2.00329e-09	-0.0556179
2.00336e-09	-0.0552869
2.00343e-09	-0.054956
2.0035e-09	-0.0546253
2.00357e-09	-0.0542946
2.00364e-09	-0.0539642
2.00371e-09	-0.0536338
2.00379e-09	-0.0533036
2.00386e-09	-0.0529735
2.00393e-09	-0.0526435
2.004e-09	-0.0523137
2.00407e-09	-0.051984
2.00414e-09	-0.0516544
2.00421e-09	-0.051325
2.00428e-09	-0.0509957
2.00435e-09	-0.0506665
2.00442e-09	-0.0503375
2.00449e-09	-0.0500086
2.00457e-09	-0.0496798
2.00464e-09	-0.0493512
2.00471e-09	-0.0490227
2.00478e-09	-0.0486944
2.00485e-09	-0.0483662
2.00492e-09	-0.0480381
2.00499e-09	-0.0477102
2.00506e-09	-0.0473824
2.00513e-09	-0.0470547
2.0052e-09	-0.0467272
2.00527e-09	-0.0463998
2.00535e-09	-0.0460726
2.00542e-09	-0.0457455
2.00549e-09	-0.0454186
2.00556e-09	-0.0450918
2.00563e-09	-0.0447652
2.0057e-09	-0.0444387
2.00577e-09	-0.0441123
2.00584e-09	-0.0437861
2.00591e-09	-0.04346
2.00598e-09	-0.0431341
2.00605e-09	-0.0428083
2.00613e-09	-0.0424827
2.0062e-09	-0.0421572
2.00627e-09	-0.0418319
2.00634e-09	-0.0415068
2.00641e-09	-0.0411817
2.00648e-09	-0.0408569
2.00655e-09	-0.0405322
2.00662e-09	-0.0402076
2.00669e-09	-0.0398832
2.00676e-09	-0.0395589
2.00684e-09	-0.0392348
2.00691e-09	-0.0389109
2.00698e-09	-0.0385871
2.00705e-09	-0.0382634
2.00712e-09	-0.03794
2.00719e-09	-0.0376166
2.00726e-09	-0.0372935
2.00733e-09	-0.0369705
2.0074e-09	-0.0366476
2.00747e-09	-0.0363249
2.00754e-09	-0.0360024
2.00762e-09	-0.03568
2.00769e-09	-0.0353578
2.00776e-09	-0.0350358
2.00783e-09	-0.0347139
2.0079e-09	-0.0343922
2.00797e-09	-0.0340706
2.00804e-09	-0.0337492
2.00811e-09	-0.033428
2.00818e-09	-0.0331069
2.00825e-09	-0.032786
2.00832e-09	-0.0324653
2.0084e-09	-0.0321447
2.00847e-09	-0.0318243
2.00854e-09	-0.031504
2.00861e-09	-0.031184
2.00868e-09	-0.0308641
2.00875e-09	-0.0305443
2.00882e-09	-0.0302248
2.00889e-09	-0.0299054
2.00896e-09	-0.0295862
2.00903e-09	-0.0292671
2.0091e-09	-0.0289482
2.00918e-09	-0.0286295
2.00925e-09	-0.028311
2.00932e-09	-0.0279926
2.00939e-09	-0.0276744
2.00946e-09	-0.0273564
2.00953e-09	-0.0270386
2.0096e-09	-0.0267209
2.00967e-09	-0.0264034
2.00974e-09	-0.0260861
2.00981e-09	-0.025769
2.00989e-09	-0.025452
2.00996e-09	-0.0251352
2.01003e-09	-0.0248186
2.0101e-09	-0.0245022
2.01017e-09	-0.024186
2.01024e-09	-0.0238699
2.01031e-09	-0.023554
2.01038e-09	-0.0232383
2.01045e-09	-0.0229228
2.01052e-09	-0.0226075
2.01059e-09	-0.0222923
2.01067e-09	-0.0219773
2.01074e-09	-0.0216625
2.01081e-09	-0.0213479
2.01088e-09	-0.0210335
2.01095e-09	-0.0207193
2.01102e-09	-0.0204052
2.01109e-09	-0.0200914
2.01116e-09	-0.0197777
2.01123e-09	-0.0194642
2.0113e-09	-0.0191509
2.01137e-09	-0.0188378
2.01145e-09	-0.0185248
2.01152e-09	-0.0182121
2.01159e-09	-0.0178996
2.01166e-09	-0.0175872
2.01173e-09	-0.017275
2.0118e-09	-0.016963
2.01187e-09	-0.0166513
2.01194e-09	-0.0163397
2.01201e-09	-0.0160283
2.01208e-09	-0.0157171
2.01215e-09	-0.015406
2.01223e-09	-0.0150952
2.0123e-09	-0.0147846
2.01237e-09	-0.0144742
2.01244e-09	-0.0141639
2.01251e-09	-0.0138539
2.01258e-09	-0.0135441
2.01265e-09	-0.0132344
2.01272e-09	-0.012925
2.01279e-09	-0.0126157
2.01286e-09	-0.0123067
2.01293e-09	-0.0119978
2.01301e-09	-0.0116892
2.01308e-09	-0.0113807
2.01315e-09	-0.0110725
2.01322e-09	-0.0107644
2.01329e-09	-0.0104566
2.01336e-09	-0.0101489
2.01343e-09	-0.00984147
2.0135e-09	-0.00953423
2.01357e-09	-0.00922719
2.01364e-09	-0.00892036
2.01372e-09	-0.00861373
2.01379e-09	-0.0083073
2.01386e-09	-0.00800108
2.01393e-09	-0.00769507
2.014e-09	-0.00738926
2.01407e-09	-0.00708366
2.01414e-09	-0.00677827
2.01421e-09	-0.00647308
2.01428e-09	-0.0061681
2.01435e-09	-0.00586334
2.01442e-09	-0.00555878
2.0145e-09	-0.00525443
2.01457e-09	-0.00495028
2.01464e-09	-0.00464636
2.01471e-09	-0.00434264
2.01478e-09	-0.00403913
2.01485e-09	-0.00373583
2.01492e-09	-0.00343275
2.01499e-09	-0.00312988
2.01506e-09	-0.00282723
2.01513e-09	-0.00252478
2.0152e-09	-0.00222256
2.01528e-09	-0.00192054
2.01535e-09	-0.00161874
2.01542e-09	-0.00131716
2.01549e-09	-0.00101579
2.01556e-09	-0.000714645
2.01563e-09	-0.000413712
2.0157e-09	-0.000112997
2.01577e-09	0.0001875
2.01584e-09	0.000487779
2.01591e-09	0.000787839
2.01598e-09	0.00108768
2.01606e-09	0.0013873
2.01613e-09	0.0016867
2.0162e-09	0.00198588
2.01627e-09	0.00228484
2.01634e-09	0.00258357
2.01641e-09	0.00288209
2.01648e-09	0.00318038
2.01655e-09	0.00347845
2.01662e-09	0.0037763
2.01669e-09	0.00407392
2.01677e-09	0.00437132
2.01684e-09	0.00466849
2.01691e-09	0.00496544
2.01698e-09	0.00526216
2.01705e-09	0.00555865
2.01712e-09	0.00585492
2.01719e-09	0.00615096
2.01726e-09	0.00644678
2.01733e-09	0.00674237
2.0174e-09	0.00703772
2.01747e-09	0.00733285
2.01755e-09	0.00762775
2.01762e-09	0.00792242
2.01769e-09	0.00821687
2.01776e-09	0.00851108
2.01783e-09	0.00880506
2.0179e-09	0.0090988
2.01797e-09	0.00939232
2.01804e-09	0.0096856
2.01811e-09	0.00997865
2.01818e-09	0.0102715
2.01825e-09	0.0105641
2.01833e-09	0.0108564
2.0184e-09	0.0111485
2.01847e-09	0.0114404
2.01854e-09	0.011732
2.01861e-09	0.0120235
2.01868e-09	0.0123146
2.01875e-09	0.0126056
2.01882e-09	0.0128963
2.01889e-09	0.0131867
2.01896e-09	0.013477
2.01903e-09	0.0137669
2.01911e-09	0.0140567
2.01918e-09	0.0143462
2.01925e-09	0.0146355
2.01932e-09	0.0149245
2.01939e-09	0.0152133
2.01946e-09	0.0155018
2.01953e-09	0.0157901
2.0196e-09	0.0160782
2.01967e-09	0.016366
2.01974e-09	0.0166536
2.01981e-09	0.016941
2.01989e-09	0.0172281
2.01996e-09	0.0175149
2.02003e-09	0.0178015
2.0201e-09	0.0180879
2.02017e-09	0.018374
2.02024e-09	0.0186599
2.02031e-09	0.0189455
2.02038e-09	0.0192309
2.02045e-09	0.019516
2.02052e-09	0.0198009
2.0206e-09	0.0200855
2.02067e-09	0.0203699
2.02074e-09	0.0206541
2.02081e-09	0.020938
2.02088e-09	0.0212216
2.02095e-09	0.021505
2.02102e-09	0.0217882
2.02109e-09	0.0220711
2.02116e-09	0.0223537
2.02123e-09	0.0226361
2.0213e-09	0.0229182
2.02138e-09	0.0232001
2.02145e-09	0.0234818
2.02152e-09	0.0237632
2.02159e-09	0.0240443
2.02166e-09	0.0243252
2.02173e-09	0.0246058
2.0218e-09	0.0248862
2.02187e-09	0.0251663
2.02194e-09	0.0254462
2.02201e-09	0.0257258
2.02208e-09	0.0260051
2.02216e-09	0.0262842
2.02223e-09	0.0265631
2.0223e-09	0.0268417
2.02237e-09	0.02712
2.02244e-09	0.0273981
2.02251e-09	0.0276759
2.02258e-09	0.0279534
2.02265e-09	0.0282307
2.02272e-09	0.0285077
2.02279e-09	0.0287845
2.02286e-09	0.029061
2.02294e-09	0.0293373
2.02301e-09	0.0296133
2.02308e-09	0.029889
2.02315e-09	0.0301645
2.02322e-09	0.0304397
2.02329e-09	0.0307147
2.02336e-09	0.0309893
2.02343e-09	0.0312638
2.0235e-09	0.0315379
2.02357e-09	0.0318118
2.02365e-09	0.0320855
2.02372e-09	0.0323588
2.02379e-09	0.0326319
2.02386e-09	0.0329048
2.02393e-09	0.0331773
2.024e-09	0.0334496
2.02407e-09	0.0337217
2.02414e-09	0.0339935
2.02421e-09	0.034265
2.02428e-09	0.0345362
2.02435e-09	0.0348072
2.02443e-09	0.0350779
2.0245e-09	0.0353483
2.02457e-09	0.0356185
2.02464e-09	0.0358884
2.02471e-09	0.036158
2.02478e-09	0.0364274
2.02485e-09	0.0366965
2.02492e-09	0.0369653
2.02499e-09	0.0372338
2.02506e-09	0.0375021
2.02513e-09	0.0377701
2.02521e-09	0.0380379
2.02528e-09	0.0383053
2.02535e-09	0.0385725
2.02542e-09	0.0388394
2.02549e-09	0.0391061
2.02556e-09	0.0393724
2.02563e-09	0.0396385
2.0257e-09	0.0399043
2.02577e-09	0.0401699
2.02584e-09	0.0404352
2.02591e-09	0.0407001
2.02599e-09	0.0409649
2.02606e-09	0.0412293
2.02613e-09	0.0414935
2.0262e-09	0.0417574
2.02627e-09	0.042021
2.02634e-09	0.0422843
2.02641e-09	0.0425474
2.02648e-09	0.0428102
2.02655e-09	0.0430727
2.02662e-09	0.0433349
2.02669e-09	0.0435968
2.02677e-09	0.0438585
2.02684e-09	0.0441199
2.02691e-09	0.044381
2.02698e-09	0.0446418
2.02705e-09	0.0449023
2.02712e-09	0.0451626
2.02719e-09	0.0454226
2.02726e-09	0.0456823
2.02733e-09	0.0459417
2.0274e-09	0.0462008
2.02748e-09	0.0464597
2.02755e-09	0.0467182
2.02762e-09	0.0469765
2.02769e-09	0.0472345
2.02776e-09	0.0474922
2.02783e-09	0.0477497
2.0279e-09	0.0480068
2.02797e-09	0.0482637
2.02804e-09	0.0485203
2.02811e-09	0.0487766
2.02818e-09	0.0490326
2.02826e-09	0.0492883
2.02833e-09	0.0495437
2.0284e-09	0.0497989
2.02847e-09	0.0500537
2.02854e-09	0.0503083
2.02861e-09	0.0505626
2.02868e-09	0.0508166
2.02875e-09	0.0510703
2.02882e-09	0.0513237
2.02889e-09	0.0515768
2.02896e-09	0.0518297
2.02904e-09	0.0520822
2.02911e-09	0.0523345
2.02918e-09	0.0525865
2.02925e-09	0.0528381
2.02932e-09	0.0530895
2.02939e-09	0.0533406
2.02946e-09	0.0535914
2.02953e-09	0.0538419
2.0296e-09	0.0540922
2.02967e-09	0.0543421
2.02974e-09	0.0545917
2.02982e-09	0.0548411
2.02989e-09	0.0550901
2.02996e-09	0.0553389
2.03003e-09	0.0555873
2.0301e-09	0.0558355
2.03017e-09	0.0560834
2.03024e-09	0.056331
2.03031e-09	0.0565782
2.03038e-09	0.0568252
2.03045e-09	0.0570719
2.03053e-09	0.0573183
2.0306e-09	0.0575644
2.03067e-09	0.0578102
2.03074e-09	0.0580557
2.03081e-09	0.0583009
2.03088e-09	0.0585459
2.03095e-09	0.0587905
2.03102e-09	0.0590348
2.03109e-09	0.0592788
2.03116e-09	0.0595225
2.03123e-09	0.059766
2.03131e-09	0.0600091
2.03138e-09	0.0602519
2.03145e-09	0.0604944
2.03152e-09	0.0607367
2.03159e-09	0.0609786
2.03166e-09	0.0612202
2.03173e-09	0.0614615
2.0318e-09	0.0617025
2.03187e-09	0.0619433
2.03194e-09	0.0621837
2.03201e-09	0.0624238
2.03209e-09	0.0626636
2.03216e-09	0.0629031
2.03223e-09	0.0631423
2.0323e-09	0.0633813
2.03237e-09	0.0636199
2.03244e-09	0.0638582
2.03251e-09	0.0640962
2.03258e-09	0.0643338
2.03265e-09	0.0645712
2.03272e-09	0.0648083
2.03279e-09	0.0650451
2.03287e-09	0.0652816
2.03294e-09	0.0655177
2.03301e-09	0.0657536
2.03308e-09	0.0659892
2.03315e-09	0.0662244
2.03322e-09	0.0664594
2.03329e-09	0.066694
2.03336e-09	0.0669283
2.03343e-09	0.0671624
2.0335e-09	0.0673961
2.03357e-09	0.0676295
2.03365e-09	0.0678626
2.03372e-09	0.0680954
2.03379e-09	0.0683279
2.03386e-09	0.06856
2.03393e-09	0.0687919
2.034e-09	0.0690235
2.03407e-09	0.0692547
2.03414e-09	0.0694857
2.03421e-09	0.0697163
2.03428e-09	0.0699466
2.03436e-09	0.0701766
2.03443e-09	0.0704063
2.0345e-09	0.0706357
2.03457e-09	0.0708648
2.03464e-09	0.0710936
2.03471e-09	0.071322
2.03478e-09	0.0715502
2.03485e-09	0.071778
2.03492e-09	0.0720055
2.03499e-09	0.0722327
2.03506e-09	0.0724596
2.03514e-09	0.0726862
2.03521e-09	0.0729125
2.03528e-09	0.0731384
2.03535e-09	0.073364
2.03542e-09	0.0735894
2.03549e-09	0.0738144
2.03556e-09	0.0740391
2.03563e-09	0.0742635
2.0357e-09	0.0744875
2.03577e-09	0.0747113
2.03584e-09	0.0749347
2.03592e-09	0.0751579
2.03599e-09	0.0753807
2.03606e-09	0.0756031
2.03613e-09	0.0758253
2.0362e-09	0.0760472
2.03627e-09	0.0762687
2.03634e-09	0.0764899
2.03641e-09	0.0767109
2.03648e-09	0.0769314
2.03655e-09	0.0771517
2.03662e-09	0.0773717
2.0367e-09	0.0775913
2.03677e-09	0.0778106
2.03684e-09	0.0780296
2.03691e-09	0.0782483
2.03698e-09	0.0784667
2.03705e-09	0.0786847
2.03712e-09	0.0789025
2.03719e-09	0.0791199
2.03726e-09	0.0793369
2.03733e-09	0.0795537
2.03741e-09	0.0797702
2.03748e-09	0.0799863
2.03755e-09	0.0802021
2.03762e-09	0.0804176
2.03769e-09	0.0806327
2.03776e-09	0.0808476
2.03783e-09	0.0810621
2.0379e-09	0.0812763
2.03797e-09	0.0814902
2.03804e-09	0.0817037
2.03811e-09	0.081917
2.03819e-09	0.0821299
2.03826e-09	0.0823425
2.03833e-09	0.0825547
2.0384e-09	0.0827667
2.03847e-09	0.0829783
2.03854e-09	0.0831896
2.03861e-09	0.0834006
2.03868e-09	0.0836112
2.03875e-09	0.0838216
2.03882e-09	0.0840316
2.03889e-09	0.0842412
2.03897e-09	0.0844506
2.03904e-09	0.0846596
2.03911e-09	0.0848683
2.03918e-09	0.0850767
2.03925e-09	0.0852848
2.03932e-09	0.0854925
2.03939e-09	0.0856999
2.03946e-09	0.085907
2.03953e-09	0.0861137
2.0396e-09	0.0863201
2.03967e-09	0.0865262
2.03975e-09	0.086732
2.03982e-09	0.0869375
2.03989e-09	0.0871426
2.03996e-09	0.0873474
2.04003e-09	0.0875518
2.0401e-09	0.087756
2.04017e-09	0.0879598
2.04024e-09	0.0881633
2.04031e-09	0.0883664
2.04038e-09	0.0885693
2.04046e-09	0.0887718
2.04053e-09	0.0889739
2.0406e-09	0.0891758
2.04067e-09	0.0893773
2.04074e-09	0.0895785
2.04081e-09	0.0897793
2.04088e-09	0.0899798
2.04095e-09	0.09018
2.04102e-09	0.0903799
2.04109e-09	0.0905794
2.04116e-09	0.0907786
2.04124e-09	0.0909775
2.04131e-09	0.0911761
2.04138e-09	0.0913743
2.04145e-09	0.0915722
2.04152e-09	0.0917697
2.04159e-09	0.091967
2.04166e-09	0.0921638
2.04173e-09	0.0923604
2.0418e-09	0.0925566
2.04187e-09	0.0927525
2.04194e-09	0.0929481
2.04202e-09	0.0931433
2.04209e-09	0.0933382
2.04216e-09	0.0935328
2.04223e-09	0.0937271
2.0423e-09	0.093921
2.04237e-09	0.0941145
2.04244e-09	0.0943078
2.04251e-09	0.0945007
2.04258e-09	0.0946933
2.04265e-09	0.0948855
2.04272e-09	0.0950774
2.0428e-09	0.095269
2.04287e-09	0.0954602
2.04294e-09	0.0956511
2.04301e-09	0.0958417
2.04308e-09	0.0960319
2.04315e-09	0.0962218
2.04322e-09	0.0964114
2.04329e-09	0.0966007
2.04336e-09	0.0967896
2.04343e-09	0.0969781
2.0435e-09	0.0971664
2.04358e-09	0.0973542
2.04365e-09	0.0975418
2.04372e-09	0.097729
2.04379e-09	0.0979159
2.04386e-09	0.0981025
2.04393e-09	0.0982887
2.044e-09	0.0984746
2.04407e-09	0.0986601
2.04414e-09	0.0988453
2.04421e-09	0.0990302
2.04429e-09	0.0992148
2.04436e-09	0.099399
2.04443e-09	0.0995828
2.0445e-09	0.0997664
2.04457e-09	0.0999496
2.04464e-09	0.100132
2.04471e-09	0.100315
2.04478e-09	0.100497
2.04485e-09	0.100679
2.04492e-09	0.10086
2.04499e-09	0.101042
2.04507e-09	0.101222
2.04514e-09	0.101403
2.04521e-09	0.101583
2.04528e-09	0.101763
2.04535e-09	0.101942
2.04542e-09	0.102122
2.04549e-09	0.1023
2.04556e-09	0.102479
2.04563e-09	0.102657
2.0457e-09	0.102835
2.04577e-09	0.103012
2.04585e-09	0.103189
2.04592e-09	0.103366
2.04599e-09	0.103542
2.04606e-09	0.103719
2.04613e-09	0.103894
2.0462e-09	0.10407
2.04627e-09	0.104245
2.04634e-09	0.10442
2.04641e-09	0.104594
2.04648e-09	0.104768
2.04655e-09	0.104942
2.04663e-09	0.105115
2.0467e-09	0.105288
2.04677e-09	0.105461
2.04684e-09	0.105633
2.04691e-09	0.105805
2.04698e-09	0.105977
2.04705e-09	0.106148
2.04712e-09	0.106319
2.04719e-09	0.10649
2.04726e-09	0.10666
2.04734e-09	0.10683
2.04741e-09	0.107
2.04748e-09	0.107169
2.04755e-09	0.107338
2.04762e-09	0.107506
2.04769e-09	0.107675
2.04776e-09	0.107843
2.04783e-09	0.10801
2.0479e-09	0.108177
2.04797e-09	0.108344
2.04804e-09	0.108511
2.04812e-09	0.108677
2.04819e-09	0.108843
2.04826e-09	0.109008
2.04833e-09	0.109174
2.0484e-09	0.109338
2.04847e-09	0.109503
2.04854e-09	0.109667
2.04861e-09	0.109831
2.04868e-09	0.109994
2.04875e-09	0.110158
2.04882e-09	0.11032
2.0489e-09	0.110483
2.04897e-09	0.110645
2.04904e-09	0.110807
2.04911e-09	0.110968
2.04918e-09	0.111129
2.04925e-09	0.11129
2.04932e-09	0.11145
2.04939e-09	0.11161
2.04946e-09	0.11177
2.04953e-09	0.111929
2.0496e-09	0.112088
2.04968e-09	0.112247
2.04975e-09	0.112405
2.04982e-09	0.112563
2.04989e-09	0.112721
2.04996e-09	0.112878
2.05003e-09	0.113035
2.0501e-09	0.113192
2.05017e-09	0.113348
2.05024e-09	0.113504
2.05031e-09	0.113659
2.05038e-09	0.113815
2.05046e-09	0.113969
2.05053e-09	0.114124
2.0506e-09	0.114278
2.05067e-09	0.114432
2.05074e-09	0.114585
2.05081e-09	0.114739
2.05088e-09	0.114891
2.05095e-09	0.115044
2.05102e-09	0.115196
2.05109e-09	0.115348
2.05117e-09	0.115499
2.05124e-09	0.11565
2.05131e-09	0.115801
2.05138e-09	0.115951
2.05145e-09	0.116101
2.05152e-09	0.116251
2.05159e-09	0.1164
2.05166e-09	0.116549
2.05173e-09	0.116698
2.0518e-09	0.116846
2.05187e-09	0.116994
2.05195e-09	0.117142
2.05202e-09	0.117289
2.05209e-09	0.117436
2.05216e-09	0.117583
2.05223e-09	0.117729
2.0523e-09	0.117875
2.05237e-09	0.118021
2.05244e-09	0.118166
2.05251e-09	0.118311
2.05258e-09	0.118455
2.05265e-09	0.118599
2.05273e-09	0.118743
2.0528e-09	0.118887
2.05287e-09	0.11903
2.05294e-09	0.119172
2.05301e-09	0.119315
2.05308e-09	0.119457
2.05315e-09	0.119599
2.05322e-09	0.11974
2.05329e-09	0.119881
2.05336e-09	0.120022
2.05343e-09	0.120162
2.05351e-09	0.120302
2.05358e-09	0.120442
2.05365e-09	0.120581
2.05372e-09	0.12072
2.05379e-09	0.120859
2.05386e-09	0.120997
2.05393e-09	0.121135
2.054e-09	0.121273
2.05407e-09	0.12141
2.05414e-09	0.121547
2.05422e-09	0.121683
2.05429e-09	0.12182
2.05436e-09	0.121955
2.05443e-09	0.122091
2.0545e-09	0.122226
2.05457e-09	0.122361
2.05464e-09	0.122495
2.05471e-09	0.122629
2.05478e-09	0.122763
2.05485e-09	0.122897
2.05492e-09	0.12303
2.055e-09	0.123162
2.05507e-09	0.123295
2.05514e-09	0.123427
2.05521e-09	0.123559
2.05528e-09	0.12369
2.05535e-09	0.123821
2.05542e-09	0.123952
2.05549e-09	0.124082
2.05556e-09	0.124212
2.05563e-09	0.124341
2.0557e-09	0.124471
2.05578e-09	0.1246
2.05585e-09	0.124728
2.05592e-09	0.124856
2.05599e-09	0.124984
2.05606e-09	0.125112
2.05613e-09	0.125239
2.0562e-09	0.125366
2.05627e-09	0.125492
2.05634e-09	0.125618
2.05641e-09	0.125744
2.05648e-09	0.12587
2.05656e-09	0.125995
2.05663e-09	0.12612
2.0567e-09	0.126244
2.05677e-09	0.126368
2.05684e-09	0.126492
2.05691e-09	0.126615
2.05698e-09	0.126738
2.05705e-09	0.126861
2.05712e-09	0.126983
2.05719e-09	0.127105
2.05726e-09	0.127227
2.05734e-09	0.127348
2.05741e-09	0.127469
2.05748e-09	0.12759
2.05755e-09	0.12771
2.05762e-09	0.12783
2.05769e-09	0.127949
2.05776e-09	0.128068
2.05783e-09	0.128187
2.0579e-09	0.128306
2.05797e-09	0.128424
2.05805e-09	0.128542
2.05812e-09	0.128659
2.05819e-09	0.128776
2.05826e-09	0.128893
2.05833e-09	0.12901
2.0584e-09	0.129126
2.05847e-09	0.129241
2.05854e-09	0.129357
2.05861e-09	0.129472
2.05868e-09	0.129587
2.05875e-09	0.129701
2.05883e-09	0.129815
2.0589e-09	0.129929
2.05897e-09	0.130042
2.05904e-09	0.130155
2.05911e-09	0.130268
2.05918e-09	0.13038
2.05925e-09	0.130492
2.05932e-09	0.130603
2.05939e-09	0.130715
2.05946e-09	0.130826
2.05953e-09	0.130936
2.05961e-09	0.131046
2.05968e-09	0.131156
2.05975e-09	0.131266
2.05982e-09	0.131375
2.05989e-09	0.131484
2.05996e-09	0.131592
2.06003e-09	0.1317
2.0601e-09	0.131808
2.06017e-09	0.131915
2.06024e-09	0.132023
2.06031e-09	0.132129
2.06039e-09	0.132236
2.06046e-09	0.132342
2.06053e-09	0.132447
2.0606e-09	0.132553
2.06067e-09	0.132658
2.06074e-09	0.132763
2.06081e-09	0.132867
2.06088e-09	0.132971
2.06095e-09	0.133074
2.06102e-09	0.133178
2.0611e-09	0.133281
2.06117e-09	0.133383
2.06124e-09	0.133486
2.06131e-09	0.133588
2.06138e-09	0.133689
2.06145e-09	0.13379
2.06152e-09	0.133891
2.06159e-09	0.133992
2.06166e-09	0.134092
2.06173e-09	0.134192
2.0618e-09	0.134291
2.06188e-09	0.13439
2.06195e-09	0.134489
2.06202e-09	0.134588
2.06209e-09	0.134686
2.06216e-09	0.134784
2.06223e-09	0.134881
2.0623e-09	0.134978
2.06237e-09	0.135075
2.06244e-09	0.135171
2.06251e-09	0.135267
2.06258e-09	0.135363
2.06266e-09	0.135458
2.06273e-09	0.135553
2.0628e-09	0.135648
2.06287e-09	0.135743
2.06294e-09	0.135837
2.06301e-09	0.13593
2.06308e-09	0.136023
2.06315e-09	0.136116
2.06322e-09	0.136209
2.06329e-09	0.136301
2.06336e-09	0.136393
2.06344e-09	0.136485
2.06351e-09	0.136576
2.06358e-09	0.136667
2.06365e-09	0.136758
2.06372e-09	0.136848
2.06379e-09	0.136938
2.06386e-09	0.137027
2.06393e-09	0.137117
2.064e-09	0.137205
2.06407e-09	0.137294
2.06414e-09	0.137382
2.06422e-09	0.13747
2.06429e-09	0.137557
2.06436e-09	0.137645
2.06443e-09	0.137731
2.0645e-09	0.137818
2.06457e-09	0.137904
2.06464e-09	0.13799
2.06471e-09	0.138075
2.06478e-09	0.13816
2.06485e-09	0.138245
2.06493e-09	0.138329
2.065e-09	0.138413
2.06507e-09	0.138497
2.06514e-09	0.138581
2.06521e-09	0.138664
2.06528e-09	0.138746
2.06535e-09	0.138829
2.06542e-09	0.138911
2.06549e-09	0.138992
2.06556e-09	0.139074
2.06563e-09	0.139155
2.06571e-09	0.139235
2.06578e-09	0.139316
2.06585e-09	0.139396
2.06592e-09	0.139475
2.06599e-09	0.139555
2.06606e-09	0.139634
2.06613e-09	0.139712
2.0662e-09	0.139791
2.06627e-09	0.139869
2.06634e-09	0.139946
2.06641e-09	0.140023
2.06649e-09	0.1401
2.06656e-09	0.140177
2.06663e-09	0.140253
2.0667e-09	0.140329
2.06677e-09	0.140405
2.06684e-09	0.14048
2.06691e-09	0.140555
2.06698e-09	0.140629
2.06705e-09	0.140704
2.06712e-09	0.140778
2.06719e-09	0.140851
2.06727e-09	0.140924
2.06734e-09	0.140997
2.06741e-09	0.14107
2.06748e-09	0.141142
2.06755e-09	0.141214
2.06762e-09	0.141285
2.06769e-09	0.141357
2.06776e-09	0.141427
2.06783e-09	0.141498
2.0679e-09	0.141568
2.06798e-09	0.141638
2.06805e-09	0.141707
2.06812e-09	0.141777
2.06819e-09	0.141845
2.06826e-09	0.141914
2.06833e-09	0.141982
2.0684e-09	0.14205
2.06847e-09	0.142117
2.06854e-09	0.142184
2.06861e-09	0.142251
2.06868e-09	0.142318
2.06876e-09	0.142384
2.06883e-09	0.14245
2.0689e-09	0.142515
2.06897e-09	0.14258
2.06904e-09	0.142645
2.06911e-09	0.14271
2.06918e-09	0.142774
2.06925e-09	0.142837
2.06932e-09	0.142901
2.06939e-09	0.142964
2.06946e-09	0.143027
2.06954e-09	0.143089
2.06961e-09	0.143151
2.06968e-09	0.143213
2.06975e-09	0.143275
2.06982e-09	0.143336
2.06989e-09	0.143397
2.06996e-09	0.143457
2.07003e-09	0.143517
2.0701e-09	0.143577
2.07017e-09	0.143636
2.07024e-09	0.143696
2.07032e-09	0.143754
2.07039e-09	0.143813
2.07046e-09	0.143871
2.07053e-09	0.143929
2.0706e-09	0.143986
2.07067e-09	0.144043
2.07074e-09	0.1441
2.07081e-09	0.144157
2.07088e-09	0.144213
2.07095e-09	0.144269
2.07102e-09	0.144324
2.0711e-09	0.144379
2.07117e-09	0.144434
2.07124e-09	0.144488
2.07131e-09	0.144543
2.07138e-09	0.144596
2.07145e-09	0.14465
2.07152e-09	0.144703
2.07159e-09	0.144756
2.07166e-09	0.144808
2.07173e-09	0.144861
2.07181e-09	0.144912
2.07188e-09	0.144964
2.07195e-09	0.145015
2.07202e-09	0.145066
2.07209e-09	0.145116
2.07216e-09	0.145167
2.07223e-09	0.145216
2.0723e-09	0.145266
2.07237e-09	0.145315
2.07244e-09	0.145364
2.07251e-09	0.145413
2.07259e-09	0.145461
2.07266e-09	0.145509
2.07273e-09	0.145556
2.0728e-09	0.145604
2.07287e-09	0.14565
2.07294e-09	0.145697
2.07301e-09	0.145743
2.07308e-09	0.145789
2.07315e-09	0.145835
2.07322e-09	0.14588
2.07329e-09	0.145925
2.07337e-09	0.14597
2.07344e-09	0.146014
2.07351e-09	0.146058
2.07358e-09	0.146102
2.07365e-09	0.146145
2.07372e-09	0.146188
2.07379e-09	0.146231
2.07386e-09	0.146273
2.07393e-09	0.146315
2.074e-09	0.146357
2.07407e-09	0.146398
2.07415e-09	0.146439
2.07422e-09	0.14648
2.07429e-09	0.14652
2.07436e-09	0.14656
2.07443e-09	0.1466
2.0745e-09	0.14664
2.07457e-09	0.146679
2.07464e-09	0.146717
2.07471e-09	0.146756
2.07478e-09	0.146794
2.07486e-09	0.146832
2.07493e-09	0.146869
2.075e-09	0.146906
2.07507e-09	0.146943
2.07514e-09	0.14698
2.07521e-09	0.147016
2.07528e-09	0.147052
2.07535e-09	0.147087
2.07542e-09	0.147123
2.07549e-09	0.147158
2.07556e-09	0.147192
2.07564e-09	0.147227
2.07571e-09	0.14726
2.07578e-09	0.147294
2.07585e-09	0.147327
2.07592e-09	0.14736
2.07599e-09	0.147393
2.07606e-09	0.147425
2.07613e-09	0.147457
2.0762e-09	0.147489
2.07627e-09	0.147521
2.07634e-09	0.147552
2.07642e-09	0.147582
2.07649e-09	0.147613
2.07656e-09	0.147643
2.07663e-09	0.147673
2.0767e-09	0.147702
2.07677e-09	0.147731
2.07684e-09	0.14776
2.07691e-09	0.147789
2.07698e-09	0.147817
2.07705e-09	0.147845
2.07712e-09	0.147873
2.0772e-09	0.1479
2.07727e-09	0.147927
2.07734e-09	0.147953
2.07741e-09	0.14798
2.07748e-09	0.148006
2.07755e-09	0.148031
2.07762e-09	0.148057
2.07769e-09	0.148082
2.07776e-09	0.148107
2.07783e-09	0.148131
2.0779e-09	0.148155
2.07798e-09	0.148179
2.07805e-09	0.148202
2.07812e-09	0.148226
2.07819e-09	0.148248
2.07826e-09	0.148271
2.07833e-09	0.148293
2.0784e-09	0.148315
2.07847e-09	0.148337
2.07854e-09	0.148358
2.07861e-09	0.148379
2.07869e-09	0.1484
2.07876e-09	0.14842
2.07883e-09	0.14844
2.0789e-09	0.14846
2.07897e-09	0.148479
2.07904e-09	0.148498
2.07911e-09	0.148517
2.07918e-09	0.148535
2.07925e-09	0.148554
2.07932e-09	0.148572
2.07939e-09	0.148589
2.07947e-09	0.148606
2.07954e-09	0.148623
2.07961e-09	0.14864
2.07968e-09	0.148656
2.07975e-09	0.148672
2.07982e-09	0.148688
2.07989e-09	0.148703
2.07996e-09	0.148718
2.08003e-09	0.148733
2.0801e-09	0.148748
2.08017e-09	0.148762
2.08025e-09	0.148775
2.08032e-09	0.148789
2.08039e-09	0.148802
2.08046e-09	0.148815
2.08053e-09	0.148828
2.0806e-09	0.14884
2.08067e-09	0.148852
2.08074e-09	0.148864
2.08081e-09	0.148875
2.08088e-09	0.148886
2.08095e-09	0.148897
2.08103e-09	0.148907
2.0811e-09	0.148918
2.08117e-09	0.148927
2.08124e-09	0.148937
2.08131e-09	0.148946
2.08138e-09	0.148955
2.08145e-09	0.148964
2.08152e-09	0.148972
2.08159e-09	0.14898
2.08166e-09	0.148988
2.08174e-09	0.148995
2.08181e-09	0.149002
2.08188e-09	0.149009
2.08195e-09	0.149016
2.08202e-09	0.149022
2.08209e-09	0.149028
2.08216e-09	0.149034
2.08223e-09	0.149039
2.0823e-09	0.149044
2.08237e-09	0.149049
2.08244e-09	0.149053
2.08252e-09	0.149057
2.08259e-09	0.149061
2.08266e-09	0.149064
2.08273e-09	0.149068
2.0828e-09	0.14907
2.08287e-09	0.149073
2.08294e-09	0.149075
2.08301e-09	0.149077
2.08308e-09	0.149079
2.08315e-09	0.14908
2.08322e-09	0.149082
2.0833e-09	0.149082
2.08337e-09	0.149083
2.08344e-09	0.149083
2.08351e-09	0.149083
2.08358e-09	0.149083
2.08365e-09	0.149082
2.08372e-09	0.149081
2.08379e-09	0.14908
2.08386e-09	0.149078
2.08393e-09	0.149076
2.084e-09	0.149074
2.08408e-09	0.149072
2.08415e-09	0.149069
2.08422e-09	0.149066
2.08429e-09	0.149062
2.08436e-09	0.149059
2.08443e-09	0.149055
2.0845e-09	0.149051
2.08457e-09	0.149046
2.08464e-09	0.149041
2.08471e-09	0.149036
2.08478e-09	0.149031
2.08486e-09	0.149025
2.08493e-09	0.149019
2.085e-09	0.149013
2.08507e-09	0.149006
2.08514e-09	0.148999
2.08521e-09	0.148992
2.08528e-09	0.148985
2.08535e-09	0.148977
2.08542e-09	0.148969
2.08549e-09	0.148961
2.08557e-09	0.148952
2.08564e-09	0.148943
2.08571e-09	0.148934
2.08578e-09	0.148925
2.08585e-09	0.148915
2.08592e-09	0.148905
2.08599e-09	0.148894
2.08606e-09	0.148884
2.08613e-09	0.148873
2.0862e-09	0.148862
2.08627e-09	0.14885
2.08635e-09	0.148838
2.08642e-09	0.148826
2.08649e-09	0.148814
2.08656e-09	0.148801
2.08663e-09	0.148788
2.0867e-09	0.148775
2.08677e-09	0.148762
2.08684e-09	0.148748
2.08691e-09	0.148734
2.08698e-09	0.148719
2.08705e-09	0.148705
2.08713e-09	0.14869
2.0872e-09	0.148674
2.08727e-09	0.148659
2.08734e-09	0.148643
2.08741e-09	0.148627
2.08748e-09	0.148611
2.08755e-09	0.148594
2.08762e-09	0.148577
2.08769e-09	0.14856
2.08776e-09	0.148542
2.08783e-09	0.148525
2.08791e-09	0.148507
2.08798e-09	0.148488
2.08805e-09	0.14847
2.08812e-09	0.148451
2.08819e-09	0.148432
2.08826e-09	0.148412
2.08833e-09	0.148392
2.0884e-09	0.148372
2.08847e-09	0.148352
2.08854e-09	0.148331
2.08862e-09	0.148311
2.08869e-09	0.148289
2.08876e-09	0.148268
2.08883e-09	0.148246
2.0889e-09	0.148224
2.08897e-09	0.148202
2.08904e-09	0.14818
2.08911e-09	0.148157
2.08918e-09	0.148134
2.08925e-09	0.14811
2.08932e-09	0.148087
2.0894e-09	0.148063
2.08947e-09	0.148038
2.08954e-09	0.148014
2.08961e-09	0.147989
2.08968e-09	0.147964
2.08975e-09	0.147939
2.08982e-09	0.147913
2.08989e-09	0.147888
2.08996e-09	0.147861
2.09003e-09	0.147835
2.0901e-09	0.147808
2.09018e-09	0.147781
2.09025e-09	0.147754
2.09032e-09	0.147727
2.09039e-09	0.147699
2.09046e-09	0.147671
2.09053e-09	0.147643
2.0906e-09	0.147614
2.09067e-09	0.147585
2.09074e-09	0.147556
2.09081e-09	0.147527
2.09088e-09	0.147497
2.09096e-09	0.147467
2.09103e-09	0.147437
2.0911e-09	0.147406
2.09117e-09	0.147376
2.09124e-09	0.147345
2.09131e-09	0.147313
2.09138e-09	0.147282
2.09145e-09	0.14725
2.09152e-09	0.147218
2.09159e-09	0.147185
2.09166e-09	0.147153
2.09174e-09	0.14712
2.09181e-09	0.147087
2.09188e-09	0.147053
2.09195e-09	0.14702
2.09202e-09	0.146986
2.09209e-09	0.146951
2.09216e-09	0.146917
2.09223e-09	0.146882
2.0923e-09	0.146847
2.09237e-09	0.146812
2.09245e-09	0.146776
2.09252e-09	0.146741
2.09259e-09	0.146704
2.09266e-09	0.146668
2.09273e-09	0.146632
2.0928e-09	0.146595
2.09287e-09	0.146557
2.09294e-09	0.14652
2.09301e-09	0.146482
2.09308e-09	0.146445
2.09315e-09	0.146406
2.09323e-09	0.146368
2.0933e-09	0.146329
2.09337e-09	0.14629
2.09344e-09	0.146251
2.09351e-09	0.146212
2.09358e-09	0.146172
2.09365e-09	0.146132
2.09372e-09	0.146092
2.09379e-09	0.146051
2.09386e-09	0.14601
2.09393e-09	0.145969
2.09401e-09	0.145928
2.09408e-09	0.145886
2.09415e-09	0.145844
2.09422e-09	0.145802
2.09429e-09	0.14576
2.09436e-09	0.145718
2.09443e-09	0.145675
2.0945e-09	0.145632
2.09457e-09	0.145588
2.09464e-09	0.145545
2.09471e-09	0.145501
2.09479e-09	0.145457
2.09486e-09	0.145412
2.09493e-09	0.145368
2.095e-09	0.145323
2.09507e-09	0.145278
2.09514e-09	0.145232
2.09521e-09	0.145187
2.09528e-09	0.145141
2.09535e-09	0.145095
2.09542e-09	0.145048
2.0955e-09	0.145001
2.09557e-09	0.144955
2.09564e-09	0.144907
2.09571e-09	0.14486
2.09578e-09	0.144812
2.09585e-09	0.144764
2.09592e-09	0.144716
2.09599e-09	0.144668
2.09606e-09	0.144619
2.09613e-09	0.14457
2.0962e-09	0.144521
2.09628e-09	0.144472
2.09635e-09	0.144422
2.09642e-09	0.144372
2.09649e-09	0.144322
2.09656e-09	0.144272
2.09663e-09	0.144221
2.0967e-09	0.14417
2.09677e-09	0.144119
2.09684e-09	0.144068
2.09691e-09	0.144016
2.09698e-09	0.143964
2.09706e-09	0.143912
2.09713e-09	0.14386
2.0972e-09	0.143807
2.09727e-09	0.143754
2.09734e-09	0.143701
2.09741e-09	0.143648
2.09748e-09	0.143594
2.09755e-09	0.14354
2.09762e-09	0.143486
2.09769e-09	0.143432
2.09776e-09	0.143377
2.09784e-09	0.143323
2.09791e-09	0.143267
2.09798e-09	0.143212
2.09805e-09	0.143157
2.09812e-09	0.143101
2.09819e-09	0.143045
2.09826e-09	0.142989
2.09833e-09	0.142932
2.0984e-09	0.142875
2.09847e-09	0.142819
2.09854e-09	0.142761
2.09862e-09	0.142704
2.09869e-09	0.142646
2.09876e-09	0.142588
2.09883e-09	0.14253
2.0989e-09	0.142472
2.09897e-09	0.142413
2.09904e-09	0.142354
2.09911e-09	0.142295
2.09918e-09	0.142236
2.09925e-09	0.142176
2.09933e-09	0.142116
2.0994e-09	0.142056
2.09947e-09	0.141996
2.09954e-09	0.141936
2.09961e-09	0.141875
2.09968e-09	0.141814
2.09975e-09	0.141753
2.09982e-09	0.141691
2.09989e-09	0.14163
2.09996e-09	0.141568
2.10003e-09	0.141506
2.10011e-09	0.141443
2.10018e-09	0.141381
2.10025e-09	0.141318
2.10032e-09	0.141255
2.10039e-09	0.141191
2.10046e-09	0.141128
2.10053e-09	0.141064
2.1006e-09	0.141
2.10067e-09	0.140936
2.10074e-09	0.140871
2.10081e-09	0.140807
2.10089e-09	0.140742
2.10096e-09	0.140677
2.10103e-09	0.140611
2.1011e-09	0.140546
2.10117e-09	0.14048
2.10124e-09	0.140414
2.10131e-09	0.140348
2.10138e-09	0.140281
2.10145e-09	0.140214
2.10152e-09	0.140147
2.10159e-09	0.14008
2.10167e-09	0.140013
2.10174e-09	0.139945
2.10181e-09	0.139877
2.10188e-09	0.139809
2.10195e-09	0.139741
2.10202e-09	0.139673
2.10209e-09	0.139604
2.10216e-09	0.139535
2.10223e-09	0.139466
2.1023e-09	0.139396
2.10238e-09	0.139327
2.10245e-09	0.139257
2.10252e-09	0.139187
2.10259e-09	0.139116
2.10266e-09	0.139046
2.10273e-09	0.138975
2.1028e-09	0.138904
2.10287e-09	0.138833
2.10294e-09	0.138762
2.10301e-09	0.13869
2.10308e-09	0.138618
2.10316e-09	0.138546
2.10323e-09	0.138474
2.1033e-09	0.138402
2.10337e-09	0.138329
2.10344e-09	0.138256
2.10351e-09	0.138183
2.10358e-09	0.138109
2.10365e-09	0.138036
2.10372e-09	0.137962
2.10379e-09	0.137888
2.10386e-09	0.137814
2.10394e-09	0.13774
2.10401e-09	0.137665
2.10408e-09	0.13759
2.10415e-09	0.137515
2.10422e-09	0.13744
2.10429e-09	0.137364
2.10436e-09	0.137289
2.10443e-09	0.137213
2.1045e-09	0.137136
2.10457e-09	0.13706
2.10464e-09	0.136984
2.10472e-09	0.136907
2.10479e-09	0.13683
2.10486e-09	0.136753
2.10493e-09	0.136675
2.105e-09	0.136598
2.10507e-09	0.13652
2.10514e-09	0.136442
2.10521e-09	0.136364
2.10528e-09	0.136285
2.10535e-09	0.136207
2.10543e-09	0.136128
2.1055e-09	0.136049
2.10557e-09	0.13597
2.10564e-09	0.13589
2.10571e-09	0.13581
2.10578e-09	0.13573
2.10585e-09	0.13565
2.10592e-09	0.13557
2.10599e-09	0.13549
2.10606e-09	0.135409
2.10613e-09	0.135328
2.10621e-09	0.135247
2.10628e-09	0.135166
2.10635e-09	0.135084
2.10642e-09	0.135002
2.10649e-09	0.134921
2.10656e-09	0.134838
2.10663e-09	0.134756
2.1067e-09	0.134674
2.10677e-09	0.134591
2.10684e-09	0.134508
2.10691e-09	0.134425
2.10699e-09	0.134341
2.10706e-09	0.134258
2.10713e-09	0.134174
2.1072e-09	0.13409
2.10727e-09	0.134006
2.10734e-09	0.133922
2.10741e-09	0.133837
2.10748e-09	0.133753
2.10755e-09	0.133668
2.10762e-09	0.133583
2.10769e-09	0.133497
2.10777e-09	0.133412
2.10784e-09	0.133326
2.10791e-09	0.13324
2.10798e-09	0.133154
2.10805e-09	0.133068
2.10812e-09	0.132981
2.10819e-09	0.132895
2.10826e-09	0.132808
2.10833e-09	0.132721
2.1084e-09	0.132634
2.10847e-09	0.132546
2.10855e-09	0.132458
2.10862e-09	0.132371
2.10869e-09	0.132283
2.10876e-09	0.132194
2.10883e-09	0.132106
2.1089e-09	0.132017
2.10897e-09	0.131929
2.10904e-09	0.13184
2.10911e-09	0.13175
2.10918e-09	0.131661
2.10926e-09	0.131572
2.10933e-09	0.131482
2.1094e-09	0.131392
2.10947e-09	0.131302
2.10954e-09	0.131212
2.10961e-09	0.131121
2.10968e-09	0.13103
2.10975e-09	0.13094
2.10982e-09	0.130848
2.10989e-09	0.130757
2.10996e-09	0.130666
2.11004e-09	0.130574
2.11011e-09	0.130482
2.11018e-09	0.13039
2.11025e-09	0.130298
2.11032e-09	0.130206
2.11039e-09	0.130113
2.11046e-09	0.130021
2.11053e-09	0.129928
2.1106e-09	0.129835
2.11067e-09	0.129742
2.11074e-09	0.129648
2.11082e-09	0.129554
2.11089e-09	0.129461
2.11096e-09	0.129367
2.11103e-09	0.129273
2.1111e-09	0.129178
2.11117e-09	0.129084
2.11124e-09	0.128989
2.11131e-09	0.128894
2.11138e-09	0.128799
2.11145e-09	0.128704
2.11152e-09	0.128608
2.1116e-09	0.128513
2.11167e-09	0.128417
2.11174e-09	0.128321
2.11181e-09	0.128225
2.11188e-09	0.128129
2.11195e-09	0.128032
2.11202e-09	0.127936
2.11209e-09	0.127839
2.11216e-09	0.127742
2.11223e-09	0.127645
2.11231e-09	0.127547
2.11238e-09	0.12745
2.11245e-09	0.127352
2.11252e-09	0.127254
2.11259e-09	0.127156
2.11266e-09	0.127058
2.11273e-09	0.126959
2.1128e-09	0.126861
2.11287e-09	0.126762
2.11294e-09	0.126663
2.11301e-09	0.126564
2.11309e-09	0.126465
2.11316e-09	0.126365
2.11323e-09	0.126266
2.1133e-09	0.126166
2.11337e-09	0.126066
2.11344e-09	0.125966
2.11351e-09	0.125866
2.11358e-09	0.125765
2.11365e-09	0.125665
2.11372e-09	0.125564
2.11379e-09	0.125463
2.11387e-09	0.125362
2.11394e-09	0.125261
2.11401e-09	0.125159
2.11408e-09	0.125058
2.11415e-09	0.124956
2.11422e-09	0.124854
2.11429e-09	0.124752
2.11436e-09	0.12465
2.11443e-09	0.124547
2.1145e-09	0.124445
2.11457e-09	0.124342
2.11465e-09	0.124239
2.11472e-09	0.124136
2.11479e-09	0.124033
2.11486e-09	0.123929
2.11493e-09	0.123826
2.115e-09	0.123722
2.11507e-09	0.123618
2.11514e-09	0.123514
2.11521e-09	0.12341
2.11528e-09	0.123306
2.11535e-09	0.123201
2.11543e-09	0.123096
2.1155e-09	0.122992
2.11557e-09	0.122887
2.11564e-09	0.122781
2.11571e-09	0.122676
2.11578e-09	0.122571
2.11585e-09	0.122465
2.11592e-09	0.122359
2.11599e-09	0.122253
2.11606e-09	0.122147
2.11614e-09	0.122041
2.11621e-09	0.121935
2.11628e-09	0.121828
2.11635e-09	0.121721
2.11642e-09	0.121614
2.11649e-09	0.121507
2.11656e-09	0.1214
2.11663e-09	0.121293
2.1167e-09	0.121185
2.11677e-09	0.121078
2.11684e-09	0.12097
2.11692e-09	0.120862
2.11699e-09	0.120754
2.11706e-09	0.120646
2.11713e-09	0.120537
2.1172e-09	0.120429
2.11727e-09	0.12032
2.11734e-09	0.120211
2.11741e-09	0.120102
2.11748e-09	0.119993
2.11755e-09	0.119884
2.11762e-09	0.119774
2.1177e-09	0.119665
2.11777e-09	0.119555
2.11784e-09	0.119445
2.11791e-09	0.119335
2.11798e-09	0.119225
2.11805e-09	0.119115
2.11812e-09	0.119004
2.11819e-09	0.118894
2.11826e-09	0.118783
2.11833e-09	0.118672
2.1184e-09	0.118561
2.11848e-09	0.11845
2.11855e-09	0.118338
2.11862e-09	0.118227
2.11869e-09	0.118115
2.11876e-09	0.118004
2.11883e-09	0.117892
2.1189e-09	0.11778
2.11897e-09	0.117667
2.11904e-09	0.117555
2.11911e-09	0.117443
2.11919e-09	0.11733
2.11926e-09	0.117217
2.11933e-09	0.117104
2.1194e-09	0.116991
2.11947e-09	0.116878
2.11954e-09	0.116765
2.11961e-09	0.116652
2.11968e-09	0.116538
2.11975e-09	0.116424
2.11982e-09	0.11631
2.11989e-09	0.116196
2.11997e-09	0.116082
2.12004e-09	0.115968
2.12011e-09	0.115854
2.12018e-09	0.115739
2.12025e-09	0.115624
2.12032e-09	0.11551
2.12039e-09	0.115395
2.12046e-09	0.11528
2.12053e-09	0.115164
2.1206e-09	0.115049
2.12067e-09	0.114934
2.12075e-09	0.114818
2.12082e-09	0.114702
2.12089e-09	0.114586
2.12096e-09	0.11447
2.12103e-09	0.114354
2.1211e-09	0.114238
2.12117e-09	0.114122
2.12124e-09	0.114005
2.12131e-09	0.113888
2.12138e-09	0.113772
2.12145e-09	0.113655
2.12153e-09	0.113538
2.1216e-09	0.113421
2.12167e-09	0.113303
2.12174e-09	0.113186
2.12181e-09	0.113068
2.12188e-09	0.112951
2.12195e-09	0.112833
2.12202e-09	0.112715
2.12209e-09	0.112597
2.12216e-09	0.112479
2.12223e-09	0.11236
2.12231e-09	0.112242
2.12238e-09	0.112123
2.12245e-09	0.112005
2.12252e-09	0.111886
2.12259e-09	0.111767
2.12266e-09	0.111648
2.12273e-09	0.111529
2.1228e-09	0.111409
2.12287e-09	0.11129
2.12294e-09	0.11117
2.12302e-09	0.111051
2.12309e-09	0.110931
2.12316e-09	0.110811
2.12323e-09	0.110691
2.1233e-09	0.110571
2.12337e-09	0.110451
2.12344e-09	0.11033
2.12351e-09	0.11021
2.12358e-09	0.110089
2.12365e-09	0.109968
2.12372e-09	0.109848
2.1238e-09	0.109727
2.12387e-09	0.109606
2.12394e-09	0.109484
2.12401e-09	0.109363
2.12408e-09	0.109242
2.12415e-09	0.10912
2.12422e-09	0.108998
2.12429e-09	0.108877
2.12436e-09	0.108755
2.12443e-09	0.108633
2.1245e-09	0.108511
2.12458e-09	0.108388
2.12465e-09	0.108266
2.12472e-09	0.108143
2.12479e-09	0.108021
2.12486e-09	0.107898
2.12493e-09	0.107775
2.125e-09	0.107652
2.12507e-09	0.107529
2.12514e-09	0.107406
2.12521e-09	0.107283
2.12528e-09	0.10716
2.12536e-09	0.107036
2.12543e-09	0.106913
2.1255e-09	0.106789
2.12557e-09	0.106665
2.12564e-09	0.106541
2.12571e-09	0.106417
2.12578e-09	0.106293
2.12585e-09	0.106169
2.12592e-09	0.106045
2.12599e-09	0.10592
2.12607e-09	0.105796
2.12614e-09	0.105671
2.12621e-09	0.105546
2.12628e-09	0.105421
2.12635e-09	0.105296
2.12642e-09	0.105171
2.12649e-09	0.105046
2.12656e-09	0.104921
2.12663e-09	0.104795
2.1267e-09	0.10467
2.12677e-09	0.104544
2.12685e-09	0.104419
2.12692e-09	0.104293
2.12699e-09	0.104167
2.12706e-09	0.104041
2.12713e-09	0.103915
2.1272e-09	0.103789
2.12727e-09	0.103662
2.12734e-09	0.103536
2.12741e-09	0.103409
2.12748e-09	0.103283
2.12755e-09	0.103156
2.12763e-09	0.103029
2.1277e-09	0.102902
2.12777e-09	0.102775
2.12784e-09	0.102648
2.12791e-09	0.102521
2.12798e-09	0.102394
2.12805e-09	0.102267
2.12812e-09	0.102139
2.12819e-09	0.102012
2.12826e-09	0.101884
2.12833e-09	0.101756
2.12841e-09	0.101628
2.12848e-09	0.1015
2.12855e-09	0.101372
2.12862e-09	0.101244
2.12869e-09	0.101116
2.12876e-09	0.100988
2.12883e-09	0.100859
2.1289e-09	0.100731
2.12897e-09	0.100602
2.12904e-09	0.100473
2.12911e-09	0.100345
2.12919e-09	0.100216
2.12926e-09	0.100087
2.12933e-09	0.0999576
2.1294e-09	0.0998284
2.12947e-09	0.0996992
2.12954e-09	0.0995699
2.12961e-09	0.0994405
2.12968e-09	0.099311
2.12975e-09	0.0991814
2.12982e-09	0.0990517
2.1299e-09	0.0989219
2.12997e-09	0.0987921
2.13004e-09	0.0986621
2.13011e-09	0.0985321
2.13018e-09	0.098402
2.13025e-09	0.0982718
2.13032e-09	0.0981415
2.13039e-09	0.0980111
2.13046e-09	0.0978807
2.13053e-09	0.0977501
2.1306e-09	0.0976195
2.13068e-09	0.0974888
2.13075e-09	0.097358
2.13082e-09	0.0972271
2.13089e-09	0.0970962
2.13096e-09	0.0969651
2.13103e-09	0.096834
2.1311e-09	0.0967028
2.13117e-09	0.0965715
2.13124e-09	0.0964402
2.13131e-09	0.0963087
2.13138e-09	0.0961772
2.13146e-09	0.0960456
2.13153e-09	0.0959139
2.1316e-09	0.0957821
2.13167e-09	0.0956503
2.13174e-09	0.0955184
2.13181e-09	0.0953864
2.13188e-09	0.0952543
2.13195e-09	0.0951222
2.13202e-09	0.0949899
2.13209e-09	0.0948576
2.13216e-09	0.0947252
2.13224e-09	0.0945928
2.13231e-09	0.0944602
2.13238e-09	0.0943276
2.13245e-09	0.0941949
2.13252e-09	0.0940622
2.13259e-09	0.0939293
2.13266e-09	0.0937964
2.13273e-09	0.0936634
2.1328e-09	0.0935304
2.13287e-09	0.0933972
2.13295e-09	0.093264
2.13302e-09	0.0931308
2.13309e-09	0.0929974
2.13316e-09	0.092864
2.13323e-09	0.0927305
2.1333e-09	0.0925969
2.13337e-09	0.0924633
2.13344e-09	0.0923296
2.13351e-09	0.0921958
2.13358e-09	0.092062
2.13365e-09	0.0919281
2.13373e-09	0.0917941
2.1338e-09	0.09166
2.13387e-09	0.0915259
2.13394e-09	0.0913917
2.13401e-09	0.0912575
2.13408e-09	0.0911232
2.13415e-09	0.0909888
2.13422e-09	0.0908543
2.13429e-09	0.0907198
2.13436e-09	0.0905852
2.13443e-09	0.0904505
2.13451e-09	0.0903158
2.13458e-09	0.0901811
2.13465e-09	0.0900462
2.13472e-09	0.0899113
2.13479e-09	0.0897763
2.13486e-09	0.0896413
2.13493e-09	0.0895062
2.135e-09	0.089371
2.13507e-09	0.0892358
2.13514e-09	0.0891005
2.13521e-09	0.0889651
2.13529e-09	0.0888297
2.13536e-09	0.0886943
2.13543e-09	0.0885587
2.1355e-09	0.0884231
2.13557e-09	0.0882875
2.13564e-09	0.0881517
2.13571e-09	0.088016
2.13578e-09	0.0878801
2.13585e-09	0.0877442
2.13592e-09	0.0876083
2.13599e-09	0.0874723
2.13607e-09	0.0873362
2.13614e-09	0.0872001
2.13621e-09	0.0870639
2.13628e-09	0.0869277
2.13635e-09	0.0867914
2.13642e-09	0.086655
2.13649e-09	0.0865186
2.13656e-09	0.0863821
2.13663e-09	0.0862456
2.1367e-09	0.086109
2.13678e-09	0.0859724
2.13685e-09	0.0858357
2.13692e-09	0.085699
2.13699e-09	0.0855622
2.13706e-09	0.0854254
2.13713e-09	0.0852885
2.1372e-09	0.0851515
2.13727e-09	0.0850145
2.13734e-09	0.0848775
2.13741e-09	0.0847404
2.13748e-09	0.0846032
2.13756e-09	0.084466
2.13763e-09	0.0843287
2.1377e-09	0.0841914
2.13777e-09	0.0840541
2.13784e-09	0.0839167
2.13791e-09	0.0837792
2.13798e-09	0.0836417
2.13805e-09	0.0835042
2.13812e-09	0.0833666
2.13819e-09	0.0832289
2.13826e-09	0.0830912
2.13834e-09	0.0829535
2.13841e-09	0.0828157
2.13848e-09	0.0826778
2.13855e-09	0.0825399
2.13862e-09	0.082402
2.13869e-09	0.082264
2.13876e-09	0.082126
2.13883e-09	0.081988
2.1389e-09	0.0818498
2.13897e-09	0.0817117
2.13904e-09	0.0815735
2.13912e-09	0.0814352
2.13919e-09	0.081297
2.13926e-09	0.0811586
2.13933e-09	0.0810203
2.1394e-09	0.0808818
2.13947e-09	0.0807434
2.13954e-09	0.0806049
2.13961e-09	0.0804664
2.13968e-09	0.0803278
2.13975e-09	0.0801892
2.13983e-09	0.0800505
2.1399e-09	0.0799118
2.13997e-09	0.0797731
2.14004e-09	0.0796343
2.14011e-09	0.0794955
2.14018e-09	0.0793566
2.14025e-09	0.0792177
2.14032e-09	0.0790788
2.14039e-09	0.0789398
2.14046e-09	0.0788008
2.14053e-09	0.0786617
2.14061e-09	0.0785227
2.14068e-09	0.0783835
2.14075e-09	0.0782444
2.14082e-09	0.0781052
2.14089e-09	0.077966
2.14096e-09	0.0778267
2.14103e-09	0.0776874
2.1411e-09	0.0775481
2.14117e-09	0.0774087
2.14124e-09	0.0772693
2.14131e-09	0.0771299
2.14139e-09	0.0769904
2.14146e-09	0.0768509
2.14153e-09	0.0767114
2.1416e-09	0.0765718
2.14167e-09	0.0764322
2.14174e-09	0.0762926
2.14181e-09	0.0761529
2.14188e-09	0.0760132
2.14195e-09	0.0758735
2.14202e-09	0.0757338
2.14209e-09	0.075594
2.14217e-09	0.0754542
2.14224e-09	0.0753143
2.14231e-09	0.0751745
2.14238e-09	0.0750346
2.14245e-09	0.0748946
2.14252e-09	0.0747547
2.14259e-09	0.0746147
2.14266e-09	0.0744747
2.14273e-09	0.0743347
2.1428e-09	0.0741946
2.14287e-09	0.0740545
2.14295e-09	0.0739144
2.14302e-09	0.0737742
2.14309e-09	0.0736341
2.14316e-09	0.0734939
2.14323e-09	0.0733537
2.1433e-09	0.0732134
2.14337e-09	0.0730731
2.14344e-09	0.0729329
2.14351e-09	0.0727925
2.14358e-09	0.0726522
2.14366e-09	0.0725118
2.14373e-09	0.0723715
2.1438e-09	0.072231
2.14387e-09	0.0720906
2.14394e-09	0.0719502
2.14401e-09	0.0718097
2.14408e-09	0.0716692
2.14415e-09	0.0715287
2.14422e-09	0.0713881
2.14429e-09	0.0712476
2.14436e-09	0.071107
2.14444e-09	0.0709664
2.14451e-09	0.0708258
2.14458e-09	0.0706852
2.14465e-09	0.0705445
2.14472e-09	0.0704039
2.14479e-09	0.0702632
2.14486e-09	0.0701225
2.14493e-09	0.0699817
2.145e-09	0.069841
2.14507e-09	0.0697002
2.14514e-09	0.0695595
2.14522e-09	0.0694187
2.14529e-09	0.0692779
2.14536e-09	0.069137
2.14543e-09	0.0689962
2.1455e-09	0.0688553
2.14557e-09	0.0687145
2.14564e-09	0.0685736
2.14571e-09	0.0684327
2.14578e-09	0.0682918
2.14585e-09	0.0681509
2.14592e-09	0.0680099
2.146e-09	0.067869
2.14607e-09	0.067728
2.14614e-09	0.0675871
2.14621e-09	0.0674461
2.14628e-09	0.0673051
2.14635e-09	0.0671641
2.14642e-09	0.067023
2.14649e-09	0.066882
2.14656e-09	0.066741
2.14663e-09	0.0665999
2.14671e-09	0.0664589
2.14678e-09	0.0663178
2.14685e-09	0.0661767
2.14692e-09	0.0660356
2.14699e-09	0.0658945
2.14706e-09	0.0657534
2.14713e-09	0.0656123
2.1472e-09	0.0654712
2.14727e-09	0.0653301
2.14734e-09	0.0651889
2.14741e-09	0.0650478
2.14749e-09	0.0649066
2.14756e-09	0.0647655
2.14763e-09	0.0646243
2.1477e-09	0.0644832
2.14777e-09	0.064342
2.14784e-09	0.0642008
2.14791e-09	0.0640596
2.14798e-09	0.0639185
2.14805e-09	0.0637773
2.14812e-09	0.0636361
2.14819e-09	0.0634949
2.14827e-09	0.0633537
2.14834e-09	0.0632125
2.14841e-09	0.0630713
2.14848e-09	0.0629301
2.14855e-09	0.0627889
2.14862e-09	0.0626477
2.14869e-09	0.0625065
2.14876e-09	0.0623652
2.14883e-09	0.062224
2.1489e-09	0.0620828
2.14897e-09	0.0619416
2.14905e-09	0.0618004
2.14912e-09	0.0616592
2.14919e-09	0.061518
2.14926e-09	0.0613768
2.14933e-09	0.0612356
2.1494e-09	0.0610943
2.14947e-09	0.0609531
2.14954e-09	0.0608119
2.14961e-09	0.0606707
2.14968e-09	0.0605295
2.14975e-09	0.0603883
2.14983e-09	0.0602471
2.1499e-09	0.060106
2.14997e-09	0.0599648
2.15004e-09	0.0598236
2.15011e-09	0.0596824
2.15018e-09	0.0595413
2.15025e-09	0.0594001
2.15032e-09	0.0592589
2.15039e-09	0.0591178
2.15046e-09	0.0589766
2.15054e-09	0.0588355
2.15061e-09	0.0586944
2.15068e-09	0.0585532
2.15075e-09	0.0584121
2.15082e-09	0.058271
2.15089e-09	0.0581299
2.15096e-09	0.0579888
2.15103e-09	0.0578477
2.1511e-09	0.0577066
2.15117e-09	0.0575656
2.15124e-09	0.0574245
2.15132e-09	0.0572834
2.15139e-09	0.0571424
2.15146e-09	0.0570014
2.15153e-09	0.0568603
2.1516e-09	0.0567193
2.15167e-09	0.0565783
2.15174e-09	0.0564373
2.15181e-09	0.0562964
2.15188e-09	0.0561554
2.15195e-09	0.0560144
2.15202e-09	0.0558735
2.1521e-09	0.0557326
2.15217e-09	0.0555917
2.15224e-09	0.0554508
2.15231e-09	0.0553099
2.15238e-09	0.055169
2.15245e-09	0.0550281
2.15252e-09	0.0548873
2.15259e-09	0.0547465
2.15266e-09	0.0546056
2.15273e-09	0.0544648
2.1528e-09	0.054324
2.15288e-09	0.0541833
2.15295e-09	0.0540425
2.15302e-09	0.0539018
2.15309e-09	0.0537611
2.15316e-09	0.0536204
2.15323e-09	0.0534797
2.1533e-09	0.053339
2.15337e-09	0.0531984
2.15344e-09	0.0530577
2.15351e-09	0.0529171
2.15359e-09	0.0527765
2.15366e-09	0.0526359
2.15373e-09	0.0524954
2.1538e-09	0.0523548
2.15387e-09	0.0522143
2.15394e-09	0.0520738
2.15401e-09	0.0519333
2.15408e-09	0.0517929
2.15415e-09	0.0516524
2.15422e-09	0.051512
2.15429e-09	0.0513716
2.15437e-09	0.0512313
2.15444e-09	0.0510909
2.15451e-09	0.0509506
2.15458e-09	0.0508103
2.15465e-09	0.05067
2.15472e-09	0.0505297
2.15479e-09	0.0503895
2.15486e-09	0.0502493
2.15493e-09	0.0501091
2.155e-09	0.0499689
2.15507e-09	0.0498288
2.15515e-09	0.0496886
2.15522e-09	0.0495486
2.15529e-09	0.0494085
2.15536e-09	0.0492684
2.15543e-09	0.0491284
2.1555e-09	0.0489884
2.15557e-09	0.0488485
2.15564e-09	0.0487085
2.15571e-09	0.0485686
2.15578e-09	0.0484287
2.15585e-09	0.0482889
2.15593e-09	0.0481491
2.156e-09	0.0480093
2.15607e-09	0.0478695
2.15614e-09	0.0477297
2.15621e-09	0.04759
2.15628e-09	0.0474503
2.15635e-09	0.0473107
2.15642e-09	0.0471711
2.15649e-09	0.0470315
2.15656e-09	0.0468919
2.15663e-09	0.0467524
2.15671e-09	0.0466129
2.15678e-09	0.0464734
2.15685e-09	0.0463339
2.15692e-09	0.0461945
2.15699e-09	0.0460551
2.15706e-09	0.0459158
2.15713e-09	0.0457765
2.1572e-09	0.0456372
2.15727e-09	0.045498
2.15734e-09	0.0453587
2.15742e-09	0.0452195
2.15749e-09	0.0450804
2.15756e-09	0.0449413
2.15763e-09	0.0448022
2.1577e-09	0.0446631
2.15777e-09	0.0445241
2.15784e-09	0.0443852
2.15791e-09	0.0442462
2.15798e-09	0.0441073
2.15805e-09	0.0439684
2.15812e-09	0.0438296
2.1582e-09	0.0436908
2.15827e-09	0.043552
2.15834e-09	0.0434133
2.15841e-09	0.0432746
2.15848e-09	0.0431359
2.15855e-09	0.0429973
2.15862e-09	0.0428588
2.15869e-09	0.0427202
2.15876e-09	0.0425817
2.15883e-09	0.0424432
2.1589e-09	0.0423048
2.15898e-09	0.0421664
2.15905e-09	0.0420281
2.15912e-09	0.0418898
2.15919e-09	0.0417515
2.15926e-09	0.0416133
2.15933e-09	0.0414751
2.1594e-09	0.0413369
2.15947e-09	0.0411988
2.15954e-09	0.0410608
2.15961e-09	0.0409227
2.15968e-09	0.0407848
2.15976e-09	0.0406468
2.15983e-09	0.0405089
2.1599e-09	0.0403711
2.15997e-09	0.0402333
2.16004e-09	0.0400955
2.16011e-09	0.0399578
2.16018e-09	0.0398201
2.16025e-09	0.0396824
2.16032e-09	0.0395448
2.16039e-09	0.0394073
2.16047e-09	0.0392698
2.16054e-09	0.0391323
2.16061e-09	0.0389949
2.16068e-09	0.0388575
2.16075e-09	0.0387202
2.16082e-09	0.0385829
2.16089e-09	0.0384457
2.16096e-09	0.0383085
2.16103e-09	0.0381713
2.1611e-09	0.0380342
2.16117e-09	0.0378972
2.16125e-09	0.0377602
2.16132e-09	0.0376232
2.16139e-09	0.0374863
2.16146e-09	0.0373495
2.16153e-09	0.0372126
2.1616e-09	0.0370759
2.16167e-09	0.0369392
2.16174e-09	0.0368025
2.16181e-09	0.0366659
2.16188e-09	0.0365293
2.16195e-09	0.0363928
2.16203e-09	0.0362563
2.1621e-09	0.0361199
2.16217e-09	0.0359835
2.16224e-09	0.0358472
2.16231e-09	0.0357109
2.16238e-09	0.0355747
2.16245e-09	0.0354385
2.16252e-09	0.0353024
2.16259e-09	0.0351664
2.16266e-09	0.0350304
2.16273e-09	0.0348944
2.16281e-09	0.0347585
2.16288e-09	0.0346226
2.16295e-09	0.0344868
2.16302e-09	0.0343511
2.16309e-09	0.0342154
2.16316e-09	0.0340798
2.16323e-09	0.0339442
2.1633e-09	0.0338086
2.16337e-09	0.0336732
2.16344e-09	0.0335377
2.16351e-09	0.0334024
2.16359e-09	0.033267
2.16366e-09	0.0331318
2.16373e-09	0.0329966
2.1638e-09	0.0328614
2.16387e-09	0.0327263
2.16394e-09	0.0325913
2.16401e-09	0.0324563
2.16408e-09	0.0323214
2.16415e-09	0.0321865
2.16422e-09	0.0320517
2.1643e-09	0.031917
2.16437e-09	0.0317823
2.16444e-09	0.0316477
2.16451e-09	0.0315131
2.16458e-09	0.0313786
2.16465e-09	0.0312441
2.16472e-09	0.0311097
2.16479e-09	0.0309754
2.16486e-09	0.0308411
2.16493e-09	0.0307068
2.165e-09	0.0305727
2.16508e-09	0.0304386
2.16515e-09	0.0303045
2.16522e-09	0.0301706
2.16529e-09	0.0300366
2.16536e-09	0.0299028
2.16543e-09	0.029769
2.1655e-09	0.0296352
2.16557e-09	0.0295015
2.16564e-09	0.0293679
2.16571e-09	0.0292344
2.16578e-09	0.0291009
2.16586e-09	0.0289675
2.16593e-09	0.0288341
2.166e-09	0.0287008
2.16607e-09	0.0285675
2.16614e-09	0.0284344
2.16621e-09	0.0283013
2.16628e-09	0.0281682
2.16635e-09	0.0280352
2.16642e-09	0.0279023
2.16649e-09	0.0277694
2.16656e-09	0.0276366
2.16664e-09	0.0275039
2.16671e-09	0.0273713
2.16678e-09	0.0272387
2.16685e-09	0.0271061
2.16692e-09	0.0269737
2.16699e-09	0.0268413
2.16706e-09	0.0267089
2.16713e-09	0.0265767
2.1672e-09	0.0264445
2.16727e-09	0.0263123
2.16735e-09	0.0261803
2.16742e-09	0.0260483
2.16749e-09	0.0259163
2.16756e-09	0.0257845
2.16763e-09	0.0256527
2.1677e-09	0.0255209
2.16777e-09	0.0253893
2.16784e-09	0.0252577
2.16791e-09	0.0251262
2.16798e-09	0.0249947
2.16805e-09	0.0248633
2.16813e-09	0.024732
2.1682e-09	0.0246008
2.16827e-09	0.0244696
2.16834e-09	0.0243385
2.16841e-09	0.0242075
2.16848e-09	0.0240765
2.16855e-09	0.0239456
2.16862e-09	0.0238148
2.16869e-09	0.023684
2.16876e-09	0.0235534
2.16883e-09	0.0234227
2.16891e-09	0.0232922
2.16898e-09	0.0231617
2.16905e-09	0.0230314
2.16912e-09	0.022901
2.16919e-09	0.0227708
2.16926e-09	0.0226406
2.16933e-09	0.0225105
2.1694e-09	0.0223805
2.16947e-09	0.0222505
2.16954e-09	0.0221207
2.16961e-09	0.0219909
2.16969e-09	0.0218611
2.16976e-09	0.0217315
2.16983e-09	0.0216019
2.1699e-09	0.0214724
2.16997e-09	0.0213429
2.17004e-09	0.0212136
2.17011e-09	0.0210843
2.17018e-09	0.0209551
2.17025e-09	0.020826
2.17032e-09	0.0206969
2.17039e-09	0.0205679
2.17047e-09	0.020439
2.17054e-09	0.0203102
2.17061e-09	0.0201815
2.17068e-09	0.0200528
2.17075e-09	0.0199242
2.17082e-09	0.0197957
2.17089e-09	0.0196672
2.17096e-09	0.0195389
2.17103e-09	0.0194106
2.1711e-09	0.0192824
2.17118e-09	0.0191543
2.17125e-09	0.0190262
2.17132e-09	0.0188982
2.17139e-09	0.0187704
2.17146e-09	0.0186425
2.17153e-09	0.0185148
2.1716e-09	0.0183872
2.17167e-09	0.0182596
2.17174e-09	0.0181321
2.17181e-09	0.0180047
2.17188e-09	0.0178774
2.17196e-09	0.0177501
2.17203e-09	0.0176229
2.1721e-09	0.0174958
2.17217e-09	0.0173688
2.17224e-09	0.0172419
2.17231e-09	0.0171151
2.17238e-09	0.0169883
2.17245e-09	0.0168616
2.17252e-09	0.016735
2.17259e-09	0.0166085
2.17266e-09	0.0164821
2.17274e-09	0.0163557
2.17281e-09	0.0162295
2.17288e-09	0.0161033
2.17295e-09	0.0159772
2.17302e-09	0.0158511
2.17309e-09	0.0157252
2.17316e-09	0.0155994
2.17323e-09	0.0154736
2.1733e-09	0.0153479
2.17337e-09	0.0152223
2.17344e-09	0.0150968
2.17352e-09	0.0149714
2.17359e-09	0.014846
2.17366e-09	0.0147208
2.17373e-09	0.0145956
2.1738e-09	0.0144705
2.17387e-09	0.0143455
2.17394e-09	0.0142206
2.17401e-09	0.0140958
2.17408e-09	0.013971
2.17415e-09	0.0138464
2.17423e-09	0.0137218
2.1743e-09	0.0135973
2.17437e-09	0.0134729
2.17444e-09	0.0133486
2.17451e-09	0.0132244
2.17458e-09	0.0131003
2.17465e-09	0.0129762
2.17472e-09	0.0128523
2.17479e-09	0.0127284
2.17486e-09	0.0126046
2.17493e-09	0.0124809
2.17501e-09	0.0123573
2.17508e-09	0.0122338
2.17515e-09	0.0121104
2.17522e-09	0.011987
2.17529e-09	0.0118638
2.17536e-09	0.0117406
2.17543e-09	0.0116176
2.1755e-09	0.0114946
2.17557e-09	0.0113717
2.17564e-09	0.0112489
2.17571e-09	0.0111262
2.17579e-09	0.0110036
2.17586e-09	0.0108811
2.17593e-09	0.0107586
2.176e-09	0.0106363
2.17607e-09	0.010514
2.17614e-09	0.0103919
2.17621e-09	0.0102698
2.17628e-09	0.0101478
2.17635e-09	0.010026
2.17642e-09	0.00990417
2.17649e-09	0.00978247
2.17657e-09	0.00966086
2.17664e-09	0.00953935
2.17671e-09	0.00941793
2.17678e-09	0.0092966
2.17685e-09	0.00917537
2.17692e-09	0.00905423
2.17699e-09	0.00893318
2.17706e-09	0.00881223
2.17713e-09	0.00869137
2.1772e-09	0.00857061
2.17728e-09	0.00844994
2.17735e-09	0.00832936
2.17742e-09	0.00820888
2.17749e-09	0.00808849
2.17756e-09	0.0079682
2.17763e-09	0.00784801
2.1777e-09	0.00772791
2.17777e-09	0.0076079
2.17784e-09	0.00748799
2.17791e-09	0.00736818
2.17798e-09	0.00724846
2.17806e-09	0.00712884
2.17813e-09	0.00700932
2.1782e-09	0.00688989
2.17827e-09	0.00677056
2.17834e-09	0.00665132
2.17841e-09	0.00653219
2.17848e-09	0.00641315
2.17855e-09	0.0062942
2.17862e-09	0.00617536
2.17869e-09	0.00605661
2.17876e-09	0.00593796
2.17884e-09	0.00581941
2.17891e-09	0.00570096
2.17898e-09	0.0055826
2.17905e-09	0.00546434
2.17912e-09	0.00534619
2.17919e-09	0.00522813
2.17926e-09	0.00511017
2.17933e-09	0.0049923
2.1794e-09	0.00487454
2.17947e-09	0.00475688
2.17954e-09	0.00463932
2.17962e-09	0.00452185
2.17969e-09	0.00440449
2.17976e-09	0.00428723
2.17983e-09	0.00417006
2.1799e-09	0.004053
2.17997e-09	0.00393604
2.18004e-09	0.00381918
2.18011e-09	0.00370242
2.18018e-09	0.00358576
2.18025e-09	0.0034692
2.18032e-09	0.00335274
2.1804e-09	0.00323639
2.18047e-09	0.00312014
2.18054e-09	0.00300398
2.18061e-09	0.00288793
2.18068e-09	0.00277199
2.18075e-09	0.00265614
2.18082e-09	0.0025404
2.18089e-09	0.00242476
2.18096e-09	0.00230922
2.18103e-09	0.00219378
2.18111e-09	0.00207845
2.18118e-09	0.00196322
2.18125e-09	0.0018481
2.18132e-09	0.00173307
2.18139e-09	0.00161816
2.18146e-09	0.00150334
2.18153e-09	0.00138863
2.1816e-09	0.00127402
2.18167e-09	0.00115952
2.18174e-09	0.00104512
2.18181e-09	0.000930827
2.18189e-09	0.000816638
2.18196e-09	0.000702554
2.18203e-09	0.000588574
2.1821e-09	0.0004747
2.18217e-09	0.000360931
2.18224e-09	0.000247267
2.18231e-09	0.000133709
2.18238e-09	2.0256e-05
2.18245e-09	-9.30909e-05
2.18252e-09	-0.000206332
2.18259e-09	-0.000319467
2.18267e-09	-0.000432495
2.18274e-09	-0.000545417
2.18281e-09	-0.000658233
2.18288e-09	-0.000770942
2.18295e-09	-0.000883544
2.18302e-09	-0.00099604
2.18309e-09	-0.00110843
2.18316e-09	-0.00122071
2.18323e-09	-0.00133288
2.1833e-09	-0.00144495
2.18337e-09	-0.00155691
2.18345e-09	-0.00166876
2.18352e-09	-0.0017805
2.18359e-09	-0.00189214
2.18366e-09	-0.00200366
2.18373e-09	-0.00211508
2.1838e-09	-0.00222639
2.18387e-09	-0.00233759
2.18394e-09	-0.00244868
2.18401e-09	-0.00255967
2.18408e-09	-0.00267054
2.18416e-09	-0.00278131
2.18423e-09	-0.00289196
2.1843e-09	-0.00300251
2.18437e-09	-0.00311295
2.18444e-09	-0.00322327
2.18451e-09	-0.00333349
2.18458e-09	-0.0034436
2.18465e-09	-0.0035536
2.18472e-09	-0.00366349
2.18479e-09	-0.00377326
2.18486e-09	-0.00388293
2.18494e-09	-0.00399248
2.18501e-09	-0.00410193
2.18508e-09	-0.00421126
2.18515e-09	-0.00432049
2.18522e-09	-0.0044296
2.18529e-09	-0.0045386
2.18536e-09	-0.00464749
2.18543e-09	-0.00475627
2.1855e-09	-0.00486494
2.18557e-09	-0.00497349
2.18564e-09	-0.00508193
2.18572e-09	-0.00519026
2.18579e-09	-0.00529848
2.18586e-09	-0.00540659
2.18593e-09	-0.00551458
2.186e-09	-0.00562246
2.18607e-09	-0.00573023
2.18614e-09	-0.00583789
2.18621e-09	-0.00594543
2.18628e-09	-0.00605286
2.18635e-09	-0.00616018
2.18642e-09	-0.00626738
2.1865e-09	-0.00637447
2.18657e-09	-0.00648145
2.18664e-09	-0.00658831
2.18671e-09	-0.00669506
2.18678e-09	-0.0068017
2.18685e-09	-0.00690822
2.18692e-09	-0.00701462
2.18699e-09	-0.00712092
2.18706e-09	-0.0072271
2.18713e-09	-0.00733316
2.1872e-09	-0.00743911
2.18728e-09	-0.00754494
2.18735e-09	-0.00765066
2.18742e-09	-0.00775627
2.18749e-09	-0.00786176
2.18756e-09	-0.00796713
2.18763e-09	-0.00807239
2.1877e-09	-0.00817754
2.18777e-09	-0.00828256
2.18784e-09	-0.00838748
2.18791e-09	-0.00849227
2.18799e-09	-0.00859695
2.18806e-09	-0.00870152
2.18813e-09	-0.00880597
2.1882e-09	-0.0089103
2.18827e-09	-0.00901452
2.18834e-09	-0.00911861
2.18841e-09	-0.0092226
2.18848e-09	-0.00932646
2.18855e-09	-0.00943021
2.18862e-09	-0.00953385
2.18869e-09	-0.00963736
2.18877e-09	-0.00974076
2.18884e-09	-0.00984404
2.18891e-09	-0.0099472
2.18898e-09	-0.0100503
2.18905e-09	-0.0101532
2.18912e-09	-0.010256
2.18919e-09	-0.0103587
2.18926e-09	-0.0104613
2.18933e-09	-0.0105637
2.1894e-09	-0.0106661
2.18947e-09	-0.0107683
2.18955e-09	-0.0108704
2.18962e-09	-0.0109724
2.18969e-09	-0.0110742
2.18976e-09	-0.011176
2.18983e-09	-0.0112776
2.1899e-09	-0.0113791
2.18997e-09	-0.0114805
2.19004e-09	-0.0115818
2.19011e-09	-0.0116829
2.19018e-09	-0.011784
2.19025e-09	-0.0118849
2.19033e-09	-0.0119857
2.1904e-09	-0.0120863
2.19047e-09	-0.0121869
2.19054e-09	-0.0122873
2.19061e-09	-0.0123876
2.19068e-09	-0.0124878
2.19075e-09	-0.0125879
2.19082e-09	-0.0126879
2.19089e-09	-0.0127877
2.19096e-09	-0.0128874
2.19104e-09	-0.012987
2.19111e-09	-0.0130865
2.19118e-09	-0.0131858
2.19125e-09	-0.013285
2.19132e-09	-0.0133842
2.19139e-09	-0.0134831
2.19146e-09	-0.013582
2.19153e-09	-0.0136808
2.1916e-09	-0.0137794
2.19167e-09	-0.0138779
2.19174e-09	-0.0139763
2.19182e-09	-0.0140745
2.19189e-09	-0.0141727
2.19196e-09	-0.0142707
2.19203e-09	-0.0143686
2.1921e-09	-0.0144663
2.19217e-09	-0.014564
2.19224e-09	-0.0146615
2.19231e-09	-0.0147589
2.19238e-09	-0.0148562
2.19245e-09	-0.0149534
2.19252e-09	-0.0150504
2.1926e-09	-0.0151473
2.19267e-09	-0.0152441
2.19274e-09	-0.0153408
2.19281e-09	-0.0154373
2.19288e-09	-0.0155338
2.19295e-09	-0.0156301
2.19302e-09	-0.0157262
2.19309e-09	-0.0158223
2.19316e-09	-0.0159182
2.19323e-09	-0.016014
2.1933e-09	-0.0161097
2.19338e-09	-0.0162053
2.19345e-09	-0.0163007
2.19352e-09	-0.016396
2.19359e-09	-0.0164912
2.19366e-09	-0.0165863
2.19373e-09	-0.0166812
2.1938e-09	-0.016776
2.19387e-09	-0.0168707
2.19394e-09	-0.0169653
2.19401e-09	-0.0170597
2.19408e-09	-0.017154
2.19416e-09	-0.0172482
2.19423e-09	-0.0173423
2.1943e-09	-0.0174363
2.19437e-09	-0.0175301
2.19444e-09	-0.0176238
2.19451e-09	-0.0177173
2.19458e-09	-0.0178108
2.19465e-09	-0.0179041
2.19472e-09	-0.0179973
2.19479e-09	-0.0180904
2.19487e-09	-0.0181833
2.19494e-09	-0.0182761
2.19501e-09	-0.0183688
2.19508e-09	-0.0184614
2.19515e-09	-0.0185538
2.19522e-09	-0.0186461
2.19529e-09	-0.0187383
2.19536e-09	-0.0188304
2.19543e-09	-0.0189223
2.1955e-09	-0.0190141
2.19557e-09	-0.0191058
2.19565e-09	-0.0191974
2.19572e-09	-0.0192888
2.19579e-09	-0.0193801
2.19586e-09	-0.0194713
2.19593e-09	-0.0195623
2.196e-09	-0.0196533
2.19607e-09	-0.0197441
2.19614e-09	-0.0198347
2.19621e-09	-0.0199253
2.19628e-09	-0.0200157
2.19635e-09	-0.020106
2.19643e-09	-0.0201962
2.1965e-09	-0.0202862
2.19657e-09	-0.0203761
2.19664e-09	-0.0204659
2.19671e-09	-0.0205555
2.19678e-09	-0.0206451
2.19685e-09	-0.0207345
2.19692e-09	-0.0208237
2.19699e-09	-0.0209129
2.19706e-09	-0.0210019
2.19713e-09	-0.0210908
2.19721e-09	-0.0211795
2.19728e-09	-0.0212682
2.19735e-09	-0.0213567
2.19742e-09	-0.021445
2.19749e-09	-0.0215333
2.19756e-09	-0.0216214
2.19763e-09	-0.0217094
2.1977e-09	-0.0217973
2.19777e-09	-0.021885
2.19784e-09	-0.0219726
2.19792e-09	-0.0220601
2.19799e-09	-0.0221474
2.19806e-09	-0.0222346
2.19813e-09	-0.0223217
2.1982e-09	-0.0224087
2.19827e-09	-0.0224955
2.19834e-09	-0.0225822
2.19841e-09	-0.0226688
2.19848e-09	-0.0227553
2.19855e-09	-0.0228416
2.19862e-09	-0.0229278
2.1987e-09	-0.0230138
2.19877e-09	-0.0230997
2.19884e-09	-0.0231855
2.19891e-09	-0.0232712
2.19898e-09	-0.0233568
2.19905e-09	-0.0234422
2.19912e-09	-0.0235274
2.19919e-09	-0.0236126
2.19926e-09	-0.0236976
2.19933e-09	-0.0237825
2.1994e-09	-0.0238673
2.19948e-09	-0.0239519
2.19955e-09	-0.0240364
2.19962e-09	-0.0241208
2.19969e-09	-0.024205
2.19976e-09	-0.0242891
2.19983e-09	-0.0243731
2.1999e-09	-0.0244569
2.19997e-09	-0.0245407
2.20004e-09	-0.0246243
2.20011e-09	-0.0247077
2.20018e-09	-0.024791
2.20026e-09	-0.0248742
2.20033e-09	-0.0249573
2.2004e-09	-0.0250402
2.20047e-09	-0.025123
2.20054e-09	-0.0252057
2.20061e-09	-0.0252883
2.20068e-09	-0.0253707
2.20075e-09	-0.025453
2.20082e-09	-0.0255351
2.20089e-09	-0.0256171
2.20096e-09	-0.025699
2.20104e-09	-0.0257808
2.20111e-09	-0.0258624
2.20118e-09	-0.0259439
2.20125e-09	-0.0260253
2.20132e-09	-0.0261065
2.20139e-09	-0.0261876
2.20146e-09	-0.0262685
2.20153e-09	-0.0263494
2.2016e-09	-0.0264301
2.20167e-09	-0.0265107
2.20175e-09	-0.0265911
2.20182e-09	-0.0266714
2.20189e-09	-0.0267516
2.20196e-09	-0.0268316
2.20203e-09	-0.0269116
2.2021e-09	-0.0269913
2.20217e-09	-0.027071
2.20224e-09	-0.0271505
2.20231e-09	-0.0272299
2.20238e-09	-0.0273091
2.20245e-09	-0.0273883
2.20253e-09	-0.0274673
2.2026e-09	-0.0275461
2.20267e-09	-0.0276248
2.20274e-09	-0.0277034
2.20281e-09	-0.0277819
2.20288e-09	-0.0278602
2.20295e-09	-0.0279384
2.20302e-09	-0.0280165
2.20309e-09	-0.0280944
2.20316e-09	-0.0281722
2.20323e-09	-0.0282499
2.20331e-09	-0.0283274
2.20338e-09	-0.0284048
2.20345e-09	-0.0284821
2.20352e-09	-0.0285592
2.20359e-09	-0.0286362
2.20366e-09	-0.0287131
2.20373e-09	-0.0287898
2.2038e-09	-0.0288664
2.20387e-09	-0.0289429
2.20394e-09	-0.0290192
2.20401e-09	-0.0290954
2.20409e-09	-0.0291715
2.20416e-09	-0.0292474
2.20423e-09	-0.0293232
2.2043e-09	-0.0293989
2.20437e-09	-0.0294745
2.20444e-09	-0.0295499
2.20451e-09	-0.0296251
2.20458e-09	-0.0297003
2.20465e-09	-0.0297753
2.20472e-09	-0.0298501
2.2048e-09	-0.0299249
2.20487e-09	-0.0299995
2.20494e-09	-0.030074
2.20501e-09	-0.0301483
2.20508e-09	-0.0302225
2.20515e-09	-0.0302966
2.20522e-09	-0.0303705
2.20529e-09	-0.0304443
2.20536e-09	-0.030518
2.20543e-09	-0.0305915
2.2055e-09	-0.0306649
2.20558e-09	-0.0307382
2.20565e-09	-0.0308113
2.20572e-09	-0.0308843
2.20579e-09	-0.0309572
2.20586e-09	-0.0310299
2.20593e-09	-0.0311025
2.206e-09	-0.031175
2.20607e-09	-0.0312473
2.20614e-09	-0.0313195
2.20621e-09	-0.0313915
2.20628e-09	-0.0314635
2.20636e-09	-0.0315353
2.20643e-09	-0.0316069
2.2065e-09	-0.0316785
2.20657e-09	-0.0317498
2.20664e-09	-0.0318211
2.20671e-09	-0.0318922
2.20678e-09	-0.0319632
2.20685e-09	-0.0320341
2.20692e-09	-0.0321048
2.20699e-09	-0.0321754
2.20706e-09	-0.0322458
2.20714e-09	-0.0323161
2.20721e-09	-0.0323863
2.20728e-09	-0.0324564
2.20735e-09	-0.0325263
2.20742e-09	-0.0325961
2.20749e-09	-0.0326657
2.20756e-09	-0.0327352
2.20763e-09	-0.0328046
2.2077e-09	-0.0328738
2.20777e-09	-0.0329429
2.20784e-09	-0.0330119
2.20792e-09	-0.0330807
2.20799e-09	-0.0331494
2.20806e-09	-0.033218
2.20813e-09	-0.0332864
2.2082e-09	-0.0333547
2.20827e-09	-0.0334229
2.20834e-09	-0.0334909
2.20841e-09	-0.0335588
2.20848e-09	-0.0336266
2.20855e-09	-0.0336942
2.20863e-09	-0.0337617
2.2087e-09	-0.033829
2.20877e-09	-0.0338963
2.20884e-09	-0.0339633
2.20891e-09	-0.0340303
2.20898e-09	-0.0340971
2.20905e-09	-0.0341638
2.20912e-09	-0.0342303
2.20919e-09	-0.0342967
2.20926e-09	-0.034363
2.20933e-09	-0.0344292
2.20941e-09	-0.0344952
2.20948e-09	-0.034561
2.20955e-09	-0.0346268
2.20962e-09	-0.0346924
2.20969e-09	-0.0347578
2.20976e-09	-0.0348232
2.20983e-09	-0.0348884
2.2099e-09	-0.0349534
2.20997e-09	-0.0350183
2.21004e-09	-0.0350831
2.21011e-09	-0.0351478
2.21019e-09	-0.0352123
2.21026e-09	-0.0352767
2.21033e-09	-0.0353409
2.2104e-09	-0.035405
2.21047e-09	-0.035469
2.21054e-09	-0.0355329
2.21061e-09	-0.0355966
2.21068e-09	-0.0356601
2.21075e-09	-0.0357236
2.21082e-09	-0.0357869
2.21089e-09	-0.0358501
2.21097e-09	-0.0359131
2.21104e-09	-0.035976
2.21111e-09	-0.0360387
2.21118e-09	-0.0361014
2.21125e-09	-0.0361639
2.21132e-09	-0.0362262
2.21139e-09	-0.0362884
2.21146e-09	-0.0363505
2.21153e-09	-0.0364125
2.2116e-09	-0.0364743
2.21168e-09	-0.036536
2.21175e-09	-0.0365975
2.21182e-09	-0.0366589
2.21189e-09	-0.0367202
2.21196e-09	-0.0367813
2.21203e-09	-0.0368423
2.2121e-09	-0.0369032
2.21217e-09	-0.0369639
2.21224e-09	-0.0370245
2.21231e-09	-0.037085
2.21238e-09	-0.0371453
2.21246e-09	-0.0372055
2.21253e-09	-0.0372656
2.2126e-09	-0.0373255
2.21267e-09	-0.0373853
2.21274e-09	-0.0374449
2.21281e-09	-0.0375044
2.21288e-09	-0.0375638
2.21295e-09	-0.0376231
2.21302e-09	-0.0376822
2.21309e-09	-0.0377412
2.21316e-09	-0.0378
2.21324e-09	-0.0378587
2.21331e-09	-0.0379173
2.21338e-09	-0.0379757
2.21345e-09	-0.038034
2.21352e-09	-0.0380922
2.21359e-09	-0.0381502
2.21366e-09	-0.0382081
2.21373e-09	-0.0382658
2.2138e-09	-0.0383235
2.21387e-09	-0.0383809
2.21394e-09	-0.0384383
2.21402e-09	-0.0384955
2.21409e-09	-0.0385526
2.21416e-09	-0.0386095
2.21423e-09	-0.0386663
2.2143e-09	-0.038723
2.21437e-09	-0.0387796
2.21444e-09	-0.038836
2.21451e-09	-0.0388922
2.21458e-09	-0.0389484
2.21465e-09	-0.0390044
2.21472e-09	-0.0390602
2.2148e-09	-0.039116
2.21487e-09	-0.0391716
2.21494e-09	-0.039227
2.21501e-09	-0.0392823
2.21508e-09	-0.0393375
2.21515e-09	-0.0393926
2.21522e-09	-0.0394475
2.21529e-09	-0.0395023
2.21536e-09	-0.0395569
2.21543e-09	-0.0396114
2.21551e-09	-0.0396658
2.21558e-09	-0.0397201
2.21565e-09	-0.0397742
2.21572e-09	-0.0398281
2.21579e-09	-0.039882
2.21586e-09	-0.0399357
2.21593e-09	-0.0399893
2.216e-09	-0.0400427
2.21607e-09	-0.040096
2.21614e-09	-0.0401492
2.21621e-09	-0.0402022
2.21629e-09	-0.0402551
2.21636e-09	-0.0403078
2.21643e-09	-0.0403605
2.2165e-09	-0.0404129
2.21657e-09	-0.0404653
2.21664e-09	-0.0405175
2.21671e-09	-0.0405696
2.21678e-09	-0.0406216
2.21685e-09	-0.0406734
2.21692e-09	-0.0407251
2.21699e-09	-0.0407766
2.21707e-09	-0.040828
2.21714e-09	-0.0408793
2.21721e-09	-0.0409304
2.21728e-09	-0.0409814
2.21735e-09	-0.0410323
2.21742e-09	-0.0410831
2.21749e-09	-0.0411337
2.21756e-09	-0.0411841
2.21763e-09	-0.0412345
2.2177e-09	-0.0412847
2.21777e-09	-0.0413347
2.21785e-09	-0.0413847
2.21792e-09	-0.0414345
2.21799e-09	-0.0414841
2.21806e-09	-0.0415337
2.21813e-09	-0.041583
2.2182e-09	-0.0416323
2.21827e-09	-0.0416814
2.21834e-09	-0.0417304
2.21841e-09	-0.0417793
2.21848e-09	-0.041828
2.21856e-09	-0.0418766
2.21863e-09	-0.041925
2.2187e-09	-0.0419734
2.21877e-09	-0.0420216
2.21884e-09	-0.0420696
2.21891e-09	-0.0421175
2.21898e-09	-0.0421653
2.21905e-09	-0.042213
2.21912e-09	-0.0422605
2.21919e-09	-0.0423079
2.21926e-09	-0.0423551
2.21934e-09	-0.0424022
2.21941e-09	-0.0424492
2.21948e-09	-0.042496
2.21955e-09	-0.0425428
2.21962e-09	-0.0425893
2.21969e-09	-0.0426358
2.21976e-09	-0.0426821
2.21983e-09	-0.0427283
2.2199e-09	-0.0427743
2.21997e-09	-0.0428202
2.22004e-09	-0.042866
2.22012e-09	-0.0429116
2.22019e-09	-0.0429571
2.22026e-09	-0.0430025
2.22033e-09	-0.0430478
2.2204e-09	-0.0430929
2.22047e-09	-0.0431378
2.22054e-09	-0.0431827
2.22061e-09	-0.0432274
2.22068e-09	-0.043272
2.22075e-09	-0.0433164
2.22082e-09	-0.0433607
2.2209e-09	-0.0434049
2.22097e-09	-0.0434489
2.22104e-09	-0.0434928
2.22111e-09	-0.0435366
2.22118e-09	-0.0435803
2.22125e-09	-0.0436238
2.22132e-09	-0.0436671
2.22139e-09	-0.0437104
2.22146e-09	-0.0437535
2.22153e-09	-0.0437965
2.2216e-09	-0.0438393
2.22168e-09	-0.043882
2.22175e-09	-0.0439246
2.22182e-09	-0.043967
2.22189e-09	-0.0440094
2.22196e-09	-0.0440515
2.22203e-09	-0.0440936
2.2221e-09	-0.0441355
2.22217e-09	-0.0441773
2.22224e-09	-0.0442189
2.22231e-09	-0.0442604
2.22239e-09	-0.0443018
2.22246e-09	-0.0443431
2.22253e-09	-0.0443842
2.2226e-09	-0.0444252
2.22267e-09	-0.044466
2.22274e-09	-0.0445068
2.22281e-09	-0.0445474
2.22288e-09	-0.0445878
2.22295e-09	-0.0446281
2.22302e-09	-0.0446683
2.22309e-09	-0.0447084
2.22317e-09	-0.0447483
2.22324e-09	-0.0447881
2.22331e-09	-0.0448278
2.22338e-09	-0.0448673
2.22345e-09	-0.0449067
2.22352e-09	-0.044946
2.22359e-09	-0.0449851
2.22366e-09	-0.0450241
2.22373e-09	-0.045063
2.2238e-09	-0.0451018
2.22387e-09	-0.0451404
2.22395e-09	-0.0451788
2.22402e-09	-0.0452172
2.22409e-09	-0.0452554
2.22416e-09	-0.0452935
2.22423e-09	-0.0453314
2.2243e-09	-0.0453693
2.22437e-09	-0.045407
2.22444e-09	-0.0454445
2.22451e-09	-0.045482
2.22458e-09	-0.0455192
2.22465e-09	-0.0455564
2.22473e-09	-0.0455934
2.2248e-09	-0.0456304
2.22487e-09	-0.0456671
2.22494e-09	-0.0457038
2.22501e-09	-0.0457403
2.22508e-09	-0.0457767
2.22515e-09	-0.0458129
2.22522e-09	-0.045849
2.22529e-09	-0.045885
2.22536e-09	-0.0459209
2.22544e-09	-0.0459566
2.22551e-09	-0.0459922
2.22558e-09	-0.0460277
2.22565e-09	-0.046063
2.22572e-09	-0.0460982
2.22579e-09	-0.0461333
2.22586e-09	-0.0461682
2.22593e-09	-0.046203
2.226e-09	-0.0462377
2.22607e-09	-0.0462723
2.22614e-09	-0.0463067
2.22622e-09	-0.046341
2.22629e-09	-0.0463751
2.22636e-09	-0.0464092
2.22643e-09	-0.0464431
2.2265e-09	-0.0464769
2.22657e-09	-0.0465105
2.22664e-09	-0.046544
2.22671e-09	-0.0465774
2.22678e-09	-0.0466106
2.22685e-09	-0.0466438
2.22692e-09	-0.0466768
2.227e-09	-0.0467096
2.22707e-09	-0.0467424
2.22714e-09	-0.046775
2.22721e-09	-0.0468075
2.22728e-09	-0.0468398
2.22735e-09	-0.046872
2.22742e-09	-0.0469041
2.22749e-09	-0.0469361
2.22756e-09	-0.0469679
2.22763e-09	-0.0469996
2.2277e-09	-0.0470312
2.22778e-09	-0.0470626
2.22785e-09	-0.047094
2.22792e-09	-0.0471251
2.22799e-09	-0.0471562
2.22806e-09	-0.0471871
2.22813e-09	-0.0472179
2.2282e-09	-0.0472486
2.22827e-09	-0.0472791
2.22834e-09	-0.0473096
2.22841e-09	-0.0473399
2.22848e-09	-0.04737
2.22856e-09	-0.0474
2.22863e-09	-0.04743
2.2287e-09	-0.0474597
2.22877e-09	-0.0474894
2.22884e-09	-0.0475189
2.22891e-09	-0.0475483
2.22898e-09	-0.0475776
2.22905e-09	-0.0476067
2.22912e-09	-0.0476357
2.22919e-09	-0.0476646
2.22927e-09	-0.0476933
2.22934e-09	-0.047722
2.22941e-09	-0.0477505
2.22948e-09	-0.0477788
2.22955e-09	-0.0478071
2.22962e-09	-0.0478352
2.22969e-09	-0.0478632
2.22976e-09	-0.047891
2.22983e-09	-0.0479188
2.2299e-09	-0.0479464
2.22997e-09	-0.0479739
2.23005e-09	-0.0480012
2.23012e-09	-0.0480284
2.23019e-09	-0.0480555
2.23026e-09	-0.0480825
2.23033e-09	-0.0481094
2.2304e-09	-0.0481361
2.23047e-09	-0.0481627
2.23054e-09	-0.0481891
2.23061e-09	-0.0482155
2.23068e-09	-0.0482417
2.23075e-09	-0.0482678
2.23083e-09	-0.0482938
2.2309e-09	-0.0483196
2.23097e-09	-0.0483453
2.23104e-09	-0.0483709
2.23111e-09	-0.0483963
2.23118e-09	-0.0484217
2.23125e-09	-0.0484469
2.23132e-09	-0.048472
2.23139e-09	-0.0484969
2.23146e-09	-0.0485217
2.23153e-09	-0.0485465
2.23161e-09	-0.048571
2.23168e-09	-0.0485955
2.23175e-09	-0.0486198
2.23182e-09	-0.048644
2.23189e-09	-0.0486681
2.23196e-09	-0.048692
2.23203e-09	-0.0487159
2.2321e-09	-0.0487396
2.23217e-09	-0.0487632
2.23224e-09	-0.0487866
2.23232e-09	-0.0488099
2.23239e-09	-0.0488331
2.23246e-09	-0.0488562
2.23253e-09	-0.0488792
2.2326e-09	-0.048902
2.23267e-09	-0.0489247
2.23274e-09	-0.0489473
2.23281e-09	-0.0489697
2.23288e-09	-0.0489921
2.23295e-09	-0.0490143
2.23302e-09	-0.0490364
2.2331e-09	-0.0490583
2.23317e-09	-0.0490802
2.23324e-09	-0.0491019
2.23331e-09	-0.0491235
2.23338e-09	-0.0491449
2.23345e-09	-0.0491663
2.23352e-09	-0.0491875
2.23359e-09	-0.0492086
2.23366e-09	-0.0492296
2.23373e-09	-0.0492504
2.2338e-09	-0.0492712
2.23388e-09	-0.0492918
2.23395e-09	-0.0493122
2.23402e-09	-0.0493326
2.23409e-09	-0.0493528
2.23416e-09	-0.0493729
2.23423e-09	-0.0493929
2.2343e-09	-0.0494128
2.23437e-09	-0.0494325
2.23444e-09	-0.0494522
2.23451e-09	-0.0494717
2.23458e-09	-0.049491
2.23466e-09	-0.0495103
2.23473e-09	-0.0495294
2.2348e-09	-0.0495484
2.23487e-09	-0.0495673
2.23494e-09	-0.0495861
2.23501e-09	-0.0496047
2.23508e-09	-0.0496232
2.23515e-09	-0.0496416
2.23522e-09	-0.0496599
2.23529e-09	-0.0496781
2.23536e-09	-0.0496961
2.23544e-09	-0.049714
2.23551e-09	-0.0497318
2.23558e-09	-0.0497495
2.23565e-09	-0.049767
2.23572e-09	-0.0497845
2.23579e-09	-0.0498018
2.23586e-09	-0.049819
2.23593e-09	-0.049836
2.236e-09	-0.049853
2.23607e-09	-0.0498698
2.23615e-09	-0.0498865
2.23622e-09	-0.0499031
2.23629e-09	-0.0499196
2.23636e-09	-0.0499359
2.23643e-09	-0.0499521
2.2365e-09	-0.0499682
2.23657e-09	-0.0499842
2.23664e-09	-0.0500001
2.23671e-09	-0.0500158
2.23678e-09	-0.0500314
2.23685e-09	-0.0500469
2.23693e-09	-0.0500623
2.237e-09	-0.0500776
2.23707e-09	-0.0500927
2.23714e-09	-0.0501078
2.23721e-09	-0.0501227
2.23728e-09	-0.0501375
2.23735e-09	-0.0501521
2.23742e-09	-0.0501667
2.23749e-09	-0.0501811
2.23756e-09	-0.0501954
2.23763e-09	-0.0502096
2.23771e-09	-0.0502237
2.23778e-09	-0.0502376
2.23785e-09	-0.0502515
2.23792e-09	-0.0502652
2.23799e-09	-0.0502788
2.23806e-09	-0.0502923
2.23813e-09	-0.0503056
2.2382e-09	-0.0503189
2.23827e-09	-0.050332
2.23834e-09	-0.050345
2.23841e-09	-0.0503579
2.23849e-09	-0.0503707
2.23856e-09	-0.0503833
2.23863e-09	-0.0503959
2.2387e-09	-0.0504083
2.23877e-09	-0.0504206
2.23884e-09	-0.0504328
2.23891e-09	-0.0504448
2.23898e-09	-0.0504568
2.23905e-09	-0.0504686
2.23912e-09	-0.0504803
2.2392e-09	-0.0504919
2.23927e-09	-0.0505034
2.23934e-09	-0.0505148
2.23941e-09	-0.050526
2.23948e-09	-0.0505372
2.23955e-09	-0.0505482
2.23962e-09	-0.0505591
2.23969e-09	-0.0505699
2.23976e-09	-0.0505805
2.23983e-09	-0.0505911
2.2399e-09	-0.0506015
2.23998e-09	-0.0506118
2.24005e-09	-0.050622
2.24012e-09	-0.0506321
2.24019e-09	-0.0506421
2.24026e-09	-0.050652
2.24033e-09	-0.0506617
2.2404e-09	-0.0506713
2.24047e-09	-0.0506808
2.24054e-09	-0.0506902
2.24061e-09	-0.0506995
2.24068e-09	-0.0507087
2.24076e-09	-0.0507177
2.24083e-09	-0.0507267
2.2409e-09	-0.0507355
2.24097e-09	-0.0507442
2.24104e-09	-0.0507528
2.24111e-09	-0.0507613
2.24118e-09	-0.0507696
2.24125e-09	-0.0507779
2.24132e-09	-0.050786
2.24139e-09	-0.0507941
2.24146e-09	-0.050802
2.24154e-09	-0.0508098
2.24161e-09	-0.0508174
2.24168e-09	-0.050825
2.24175e-09	-0.0508325
2.24182e-09	-0.0508398
2.24189e-09	-0.050847
2.24196e-09	-0.0508541
2.24203e-09	-0.0508611
2.2421e-09	-0.050868
2.24217e-09	-0.0508748
2.24224e-09	-0.0508815
2.24232e-09	-0.050888
2.24239e-09	-0.0508944
2.24246e-09	-0.0509008
2.24253e-09	-0.050907
2.2426e-09	-0.0509131
2.24267e-09	-0.0509191
2.24274e-09	-0.0509249
2.24281e-09	-0.0509307
2.24288e-09	-0.0509363
2.24295e-09	-0.0509419
2.24303e-09	-0.0509473
2.2431e-09	-0.0509526
2.24317e-09	-0.0509578
2.24324e-09	-0.0509629
2.24331e-09	-0.0509679
2.24338e-09	-0.0509728
2.24345e-09	-0.0509775
2.24352e-09	-0.0509822
2.24359e-09	-0.0509867
2.24366e-09	-0.0509911
2.24373e-09	-0.0509954
2.24381e-09	-0.0509996
2.24388e-09	-0.0510037
2.24395e-09	-0.0510077
2.24402e-09	-0.0510116
2.24409e-09	-0.0510153
2.24416e-09	-0.051019
2.24423e-09	-0.0510225
2.2443e-09	-0.051026
2.24437e-09	-0.0510293
2.24444e-09	-0.0510325
2.24451e-09	-0.0510356
2.24459e-09	-0.0510386
2.24466e-09	-0.0510415
2.24473e-09	-0.0510442
2.2448e-09	-0.0510469
2.24487e-09	-0.0510495
2.24494e-09	-0.0510519
2.24501e-09	-0.0510543
2.24508e-09	-0.0510565
2.24515e-09	-0.0510586
2.24522e-09	-0.0510606
2.24529e-09	-0.0510625
2.24537e-09	-0.0510643
2.24544e-09	-0.051066
2.24551e-09	-0.0510676
2.24558e-09	-0.051069
2.24565e-09	-0.0510704
2.24572e-09	-0.0510716
2.24579e-09	-0.0510728
2.24586e-09	-0.0510738
2.24593e-09	-0.0510748
2.246e-09	-0.0510756
2.24608e-09	-0.0510763
2.24615e-09	-0.0510769
2.24622e-09	-0.0510774
2.24629e-09	-0.0510778
2.24636e-09	-0.0510781
2.24643e-09	-0.0510782
2.2465e-09	-0.0510783
2.24657e-09	-0.0510783
2.24664e-09	-0.0510781
2.24671e-09	-0.0510779
2.24678e-09	-0.0510775
2.24686e-09	-0.0510771
2.24693e-09	-0.0510765
2.247e-09	-0.0510758
2.24707e-09	-0.0510751
2.24714e-09	-0.0510742
2.24721e-09	-0.0510732
2.24728e-09	-0.0510721
2.24735e-09	-0.0510709
2.24742e-09	-0.0510696
2.24749e-09	-0.0510682
2.24756e-09	-0.0510667
2.24764e-09	-0.051065
2.24771e-09	-0.0510633
2.24778e-09	-0.0510615
2.24785e-09	-0.0510595
2.24792e-09	-0.0510575
2.24799e-09	-0.0510553
2.24806e-09	-0.0510531
2.24813e-09	-0.0510507
2.2482e-09	-0.0510483
2.24827e-09	-0.0510457
2.24834e-09	-0.0510431
2.24842e-09	-0.0510403
2.24849e-09	-0.0510374
2.24856e-09	-0.0510344
2.24863e-09	-0.0510313
2.2487e-09	-0.0510282
2.24877e-09	-0.0510249
2.24884e-09	-0.0510215
2.24891e-09	-0.051018
2.24898e-09	-0.0510144
2.24905e-09	-0.0510107
2.24913e-09	-0.0510069
2.2492e-09	-0.051003
2.24927e-09	-0.050999
2.24934e-09	-0.0509949
2.24941e-09	-0.0509906
2.24948e-09	-0.0509863
2.24955e-09	-0.0509819
2.24962e-09	-0.0509774
2.24969e-09	-0.0509728
2.24976e-09	-0.050968
2.24983e-09	-0.0509632
2.24991e-09	-0.0509583
2.24998e-09	-0.0509533
2.25005e-09	-0.0509481
2.25012e-09	-0.0509429
2.25019e-09	-0.0509376
2.25026e-09	-0.0509321
2.25033e-09	-0.0509266
2.2504e-09	-0.050921
2.25047e-09	-0.0509152
2.25054e-09	-0.0509094
2.25061e-09	-0.0509035
2.25069e-09	-0.0508974
2.25076e-09	-0.0508913
2.25083e-09	-0.050885
2.2509e-09	-0.0508787
2.25097e-09	-0.0508723
2.25104e-09	-0.0508657
2.25111e-09	-0.0508591
2.25118e-09	-0.0508524
2.25125e-09	-0.0508455
2.25132e-09	-0.0508386
2.25139e-09	-0.0508315
2.25147e-09	-0.0508244
2.25154e-09	-0.0508172
2.25161e-09	-0.0508099
2.25168e-09	-0.0508024
2.25175e-09	-0.0507949
2.25182e-09	-0.0507873
2.25189e-09	-0.0507795
2.25196e-09	-0.0507717
2.25203e-09	-0.0507638
2.2521e-09	-0.0507558
2.25217e-09	-0.0507477
2.25225e-09	-0.0507394
2.25232e-09	-0.0507311
2.25239e-09	-0.0507227
2.25246e-09	-0.0507142
2.25253e-09	-0.0507056
2.2526e-09	-0.0506969
2.25267e-09	-0.0506881
2.25274e-09	-0.0506792
2.25281e-09	-0.0506702
2.25288e-09	-0.0506611
2.25296e-09	-0.0506519
2.25303e-09	-0.0506426
2.2531e-09	-0.0506333
2.25317e-09	-0.0506238
2.25324e-09	-0.0506142
2.25331e-09	-0.0506045
2.25338e-09	-0.0505948
2.25345e-09	-0.0505849
2.25352e-09	-0.050575
2.25359e-09	-0.0505649
2.25366e-09	-0.0505548
2.25374e-09	-0.0505445
2.25381e-09	-0.0505342
2.25388e-09	-0.0505237
2.25395e-09	-0.0505132
2.25402e-09	-0.0505026
2.25409e-09	-0.0504919
2.25416e-09	-0.0504811
2.25423e-09	-0.0504702
2.2543e-09	-0.0504592
2.25437e-09	-0.0504481
2.25444e-09	-0.0504369
2.25452e-09	-0.0504256
2.25459e-09	-0.0504142
2.25466e-09	-0.0504027
2.25473e-09	-0.0503912
2.2548e-09	-0.0503795
2.25487e-09	-0.0503678
2.25494e-09	-0.0503559
2.25501e-09	-0.050344
2.25508e-09	-0.0503319
2.25515e-09	-0.0503198
2.25522e-09	-0.0503076
2.2553e-09	-0.0502953
2.25537e-09	-0.0502829
2.25544e-09	-0.0502704
2.25551e-09	-0.0502578
2.25558e-09	-0.0502451
2.25565e-09	-0.0502323
2.25572e-09	-0.0502195
2.25579e-09	-0.0502065
2.25586e-09	-0.0501935
2.25593e-09	-0.0501803
2.25601e-09	-0.0501671
2.25608e-09	-0.0501538
2.25615e-09	-0.0501403
2.25622e-09	-0.0501268
2.25629e-09	-0.0501132
2.25636e-09	-0.0500996
2.25643e-09	-0.0500858
2.2565e-09	-0.0500719
2.25657e-09	-0.0500579
2.25664e-09	-0.0500439
2.25671e-09	-0.0500297
2.25679e-09	-0.0500155
2.25686e-09	-0.0500012
2.25693e-09	-0.0499868
2.257e-09	-0.0499723
2.25707e-09	-0.0499577
2.25714e-09	-0.049943
2.25721e-09	-0.0499282
2.25728e-09	-0.0499134
2.25735e-09	-0.0498984
2.25742e-09	-0.0498834
2.25749e-09	-0.0498683
2.25757e-09	-0.049853
2.25764e-09	-0.0498377
2.25771e-09	-0.0498223
2.25778e-09	-0.0498069
2.25785e-09	-0.0497913
2.25792e-09	-0.0497756
2.25799e-09	-0.0497599
2.25806e-09	-0.049744
2.25813e-09	-0.0497281
2.2582e-09	-0.0497121
2.25827e-09	-0.049696
2.25835e-09	-0.0496798
2.25842e-09	-0.0496636
2.25849e-09	-0.0496472
2.25856e-09	-0.0496307
2.25863e-09	-0.0496142
2.2587e-09	-0.0495976
2.25877e-09	-0.0495809
2.25884e-09	-0.0495641
2.25891e-09	-0.0495472
2.25898e-09	-0.0495302
2.25905e-09	-0.0495132
2.25913e-09	-0.049496
2.2592e-09	-0.0494788
2.25927e-09	-0.0494615
2.25934e-09	-0.0494441
2.25941e-09	-0.0494266
2.25948e-09	-0.049409
2.25955e-09	-0.0493914
2.25962e-09	-0.0493736
2.25969e-09	-0.0493558
2.25976e-09	-0.0493379
2.25984e-09	-0.0493199
2.25991e-09	-0.0493018
2.25998e-09	-0.0492837
2.26005e-09	-0.0492654
2.26012e-09	-0.0492471
2.26019e-09	-0.0492286
2.26026e-09	-0.0492101
2.26033e-09	-0.0491916
2.2604e-09	-0.0491729
2.26047e-09	-0.0491541
2.26054e-09	-0.0491353
2.26062e-09	-0.0491164
2.26069e-09	-0.0490974
2.26076e-09	-0.0490783
2.26083e-09	-0.0490591
2.2609e-09	-0.0490398
2.26097e-09	-0.0490205
2.26104e-09	-0.0490011
2.26111e-09	-0.0489816
2.26118e-09	-0.048962
2.26125e-09	-0.0489423
2.26132e-09	-0.0489226
2.2614e-09	-0.0489027
2.26147e-09	-0.0488828
2.26154e-09	-0.0488628
2.26161e-09	-0.0488427
2.26168e-09	-0.0488226
2.26175e-09	-0.0488023
2.26182e-09	-0.048782
2.26189e-09	-0.0487616
2.26196e-09	-0.0487411
2.26203e-09	-0.0487205
2.2621e-09	-0.0486999
2.26218e-09	-0.0486792
2.26225e-09	-0.0486584
2.26232e-09	-0.0486375
2.26239e-09	-0.0486165
2.26246e-09	-0.0485954
2.26253e-09	-0.0485743
2.2626e-09	-0.0485531
2.26267e-09	-0.0485318
2.26274e-09	-0.0485104
2.26281e-09	-0.048489
2.26289e-09	-0.0484674
2.26296e-09	-0.0484458
2.26303e-09	-0.0484241
2.2631e-09	-0.0484024
2.26317e-09	-0.0483805
2.26324e-09	-0.0483586
2.26331e-09	-0.0483366
2.26338e-09	-0.0483145
2.26345e-09	-0.0482923
2.26352e-09	-0.0482701
2.26359e-09	-0.0482478
2.26367e-09	-0.0482254
2.26374e-09	-0.0482029
2.26381e-09	-0.0481804
2.26388e-09	-0.0481577
2.26395e-09	-0.048135
2.26402e-09	-0.0481122
2.26409e-09	-0.0480894
2.26416e-09	-0.0480664
2.26423e-09	-0.0480434
2.2643e-09	-0.0480203
2.26437e-09	-0.0479971
2.26445e-09	-0.0479739
2.26452e-09	-0.0479506
2.26459e-09	-0.0479272
2.26466e-09	-0.0479037
2.26473e-09	-0.0478801
2.2648e-09	-0.0478565
2.26487e-09	-0.0478328
2.26494e-09	-0.047809
2.26501e-09	-0.0477851
2.26508e-09	-0.0477612
2.26515e-09	-0.0477372
2.26523e-09	-0.0477131
2.2653e-09	-0.047689
2.26537e-09	-0.0476647
2.26544e-09	-0.0476404
2.26551e-09	-0.047616
2.26558e-09	-0.0475916
2.26565e-09	-0.047567
2.26572e-09	-0.0475424
2.26579e-09	-0.0475177
2.26586e-09	-0.047493
2.26593e-09	-0.0474682
2.26601e-09	-0.0474433
2.26608e-09	-0.0474183
2.26615e-09	-0.0473932
2.26622e-09	-0.0473681
2.26629e-09	-0.0473429
2.26636e-09	-0.0473176
2.26643e-09	-0.0472923
2.2665e-09	-0.0472669
2.26657e-09	-0.0472414
2.26664e-09	-0.0472158
2.26672e-09	-0.0471902
2.26679e-09	-0.0471645
2.26686e-09	-0.0471387
2.26693e-09	-0.0471128
2.267e-09	-0.0470869
2.26707e-09	-0.0470609
2.26714e-09	-0.0470348
2.26721e-09	-0.0470087
2.26728e-09	-0.0469825
2.26735e-09	-0.0469562
2.26742e-09	-0.0469298
2.2675e-09	-0.0469034
2.26757e-09	-0.0468769
2.26764e-09	-0.0468503
2.26771e-09	-0.0468237
2.26778e-09	-0.046797
2.26785e-09	-0.0467702
2.26792e-09	-0.0467433
2.26799e-09	-0.0467164
2.26806e-09	-0.0466894
2.26813e-09	-0.0466624
2.2682e-09	-0.0466352
2.26828e-09	-0.046608
2.26835e-09	-0.0465808
2.26842e-09	-0.0465534
2.26849e-09	-0.046526
2.26856e-09	-0.0464985
2.26863e-09	-0.046471
2.2687e-09	-0.0464434
2.26877e-09	-0.0464157
2.26884e-09	-0.0463879
2.26891e-09	-0.0463601
2.26898e-09	-0.0463322
2.26906e-09	-0.0463042
2.26913e-09	-0.0462762
2.2692e-09	-0.0462481
2.26927e-09	-0.04622
2.26934e-09	-0.0461917
2.26941e-09	-0.0461634
2.26948e-09	-0.0461351
2.26955e-09	-0.0461066
2.26962e-09	-0.0460781
2.26969e-09	-0.0460495
2.26977e-09	-0.0460209
2.26984e-09	-0.0459922
2.26991e-09	-0.0459634
2.26998e-09	-0.0459346
2.27005e-09	-0.0459057
2.27012e-09	-0.0458767
2.27019e-09	-0.0458477
2.27026e-09	-0.0458186
2.27033e-09	-0.0457894
2.2704e-09	-0.0457602
2.27047e-09	-0.0457309
2.27055e-09	-0.0457015
2.27062e-09	-0.0456721
2.27069e-09	-0.0456426
2.27076e-09	-0.045613
2.27083e-09	-0.0455834
2.2709e-09	-0.0455537
2.27097e-09	-0.0455239
2.27104e-09	-0.0454941
2.27111e-09	-0.0454642
2.27118e-09	-0.0454343
2.27125e-09	-0.0454043
2.27133e-09	-0.0453742
2.2714e-09	-0.0453441
2.27147e-09	-0.0453138
2.27154e-09	-0.0452836
2.27161e-09	-0.0452532
2.27168e-09	-0.0452228
2.27175e-09	-0.0451924
2.27182e-09	-0.0451619
2.27189e-09	-0.0451313
2.27196e-09	-0.0451006
2.27203e-09	-0.0450699
2.27211e-09	-0.0450391
2.27218e-09	-0.0450083
2.27225e-09	-0.0449774
2.27232e-09	-0.0449464
2.27239e-09	-0.0449154
2.27246e-09	-0.0448843
2.27253e-09	-0.0448532
2.2726e-09	-0.0448219
2.27267e-09	-0.0447907
2.27274e-09	-0.0447593
2.27281e-09	-0.0447279
2.27289e-09	-0.0446965
2.27296e-09	-0.044665
2.27303e-09	-0.0446334
2.2731e-09	-0.0446017
2.27317e-09	-0.04457
2.27324e-09	-0.0445383
2.27331e-09	-0.0445065
2.27338e-09	-0.0444746
2.27345e-09	-0.0444426
2.27352e-09	-0.0444106
2.2736e-09	-0.0443786
2.27367e-09	-0.0443464
2.27374e-09	-0.0443143
2.27381e-09	-0.044282
2.27388e-09	-0.0442497
2.27395e-09	-0.0442174
2.27402e-09	-0.0441849
2.27409e-09	-0.0441525
2.27416e-09	-0.0441199
2.27423e-09	-0.0440873
2.2743e-09	-0.0440547
2.27438e-09	-0.0440219
2.27445e-09	-0.0439892
2.27452e-09	-0.0439563
2.27459e-09	-0.0439235
2.27466e-09	-0.0438905
2.27473e-09	-0.0438575
2.2748e-09	-0.0438244
2.27487e-09	-0.0437913
2.27494e-09	-0.0437581
2.27501e-09	-0.0437249
2.27508e-09	-0.0436916
2.27516e-09	-0.0436583
2.27523e-09	-0.0436249
2.2753e-09	-0.0435914
2.27537e-09	-0.0435579
2.27544e-09	-0.0435243
2.27551e-09	-0.0434907
2.27558e-09	-0.043457
2.27565e-09	-0.0434232
2.27572e-09	-0.0433894
2.27579e-09	-0.0433556
2.27586e-09	-0.0433217
2.27594e-09	-0.0432877
2.27601e-09	-0.0432537
2.27608e-09	-0.0432196
2.27615e-09	-0.0431855
2.27622e-09	-0.0431513
2.27629e-09	-0.043117
2.27636e-09	-0.0430827
2.27643e-09	-0.0430484
2.2765e-09	-0.043014
2.27657e-09	-0.0429795
2.27665e-09	-0.042945
2.27672e-09	-0.0429104
2.27679e-09	-0.0428758
2.27686e-09	-0.0428411
2.27693e-09	-0.0428064
2.277e-09	-0.0427716
2.27707e-09	-0.0427367
2.27714e-09	-0.0427018
2.27721e-09	-0.0426669
2.27728e-09	-0.0426319
2.27735e-09	-0.0425968
2.27743e-09	-0.0425617
2.2775e-09	-0.0425266
2.27757e-09	-0.0424913
2.27764e-09	-0.0424561
2.27771e-09	-0.0424208
2.27778e-09	-0.0423854
2.27785e-09	-0.04235
2.27792e-09	-0.0423145
2.27799e-09	-0.042279
2.27806e-09	-0.0422434
2.27813e-09	-0.0422078
2.27821e-09	-0.0421721
2.27828e-09	-0.0421363
2.27835e-09	-0.0421006
2.27842e-09	-0.0420647
2.27849e-09	-0.0420288
2.27856e-09	-0.0419929
2.27863e-09	-0.0419569
2.2787e-09	-0.0419209
2.27877e-09	-0.0418848
2.27884e-09	-0.0418487
2.27891e-09	-0.0418125
2.27899e-09	-0.0417762
2.27906e-09	-0.0417399
2.27913e-09	-0.0417036
2.2792e-09	-0.0416672
2.27927e-09	-0.0416308
2.27934e-09	-0.0415943
2.27941e-09	-0.0415578
2.27948e-09	-0.0415212
2.27955e-09	-0.0414845
2.27962e-09	-0.0414479
2.27969e-09	-0.0414111
2.27977e-09	-0.0413743
2.27984e-09	-0.0413375
2.27991e-09	-0.0413006
2.27998e-09	-0.0412637
2.28005e-09	-0.0412267
2.28012e-09	-0.0411897
2.28019e-09	-0.0411527
2.28026e-09	-0.0411155
2.28033e-09	-0.0410784
2.2804e-09	-0.0410412
2.28048e-09	-0.0410039
2.28055e-09	-0.0409666
2.28062e-09	-0.0409292
2.28069e-09	-0.0408918
2.28076e-09	-0.0408544
2.28083e-09	-0.0408169
2.2809e-09	-0.0407794
2.28097e-09	-0.0407418
2.28104e-09	-0.0407041
2.28111e-09	-0.0406665
2.28118e-09	-0.0406287
2.28126e-09	-0.040591
2.28133e-09	-0.0405532
2.2814e-09	-0.0405153
2.28147e-09	-0.0404774
2.28154e-09	-0.0404394
2.28161e-09	-0.0404014
2.28168e-09	-0.0403634
2.28175e-09	-0.0403253
2.28182e-09	-0.0402872
2.28189e-09	-0.040249
2.28196e-09	-0.0402108
2.28204e-09	-0.0401725
2.28211e-09	-0.0401342
2.28218e-09	-0.0400958
2.28225e-09	-0.0400574
2.28232e-09	-0.040019
2.28239e-09	-0.0399805
2.28246e-09	-0.039942
2.28253e-09	-0.0399034
2.2826e-09	-0.0398648
2.28267e-09	-0.0398261
2.28274e-09	-0.0397874
2.28282e-09	-0.0397487
2.28289e-09	-0.0397099
2.28296e-09	-0.039671
2.28303e-09	-0.0396322
2.2831e-09	-0.0395932
2.28317e-09	-0.0395543
2.28324e-09	-0.0395153
2.28331e-09	-0.0394762
2.28338e-09	-0.0394372
2.28345e-09	-0.039398
2.28353e-09	-0.0393589
2.2836e-09	-0.0393196
2.28367e-09	-0.0392804
2.28374e-09	-0.0392411
2.28381e-09	-0.0392018
2.28388e-09	-0.0391624
2.28395e-09	-0.039123
2.28402e-09	-0.0390835
2.28409e-09	-0.039044
2.28416e-09	-0.0390045
2.28423e-09	-0.0389649
2.28431e-09	-0.0389253
2.28438e-09	-0.0388856
2.28445e-09	-0.0388459
2.28452e-09	-0.0388062
2.28459e-09	-0.0387664
2.28466e-09	-0.0387266
2.28473e-09	-0.0386867
2.2848e-09	-0.0386468
2.28487e-09	-0.0386069
2.28494e-09	-0.0385669
2.28501e-09	-0.0385269
2.28509e-09	-0.0384868
2.28516e-09	-0.0384467
2.28523e-09	-0.0384066
2.2853e-09	-0.0383664
2.28537e-09	-0.0383262
2.28544e-09	-0.0382859
2.28551e-09	-0.0382457
2.28558e-09	-0.0382053
2.28565e-09	-0.038165
2.28572e-09	-0.0381246
2.28579e-09	-0.0380841
2.28587e-09	-0.0380436
2.28594e-09	-0.0380031
2.28601e-09	-0.0379626
2.28608e-09	-0.037922
2.28615e-09	-0.0378814
2.28622e-09	-0.0378407
2.28629e-09	-0.0378
2.28636e-09	-0.0377593
2.28643e-09	-0.0377185
2.2865e-09	-0.0376777
2.28657e-09	-0.0376369
2.28665e-09	-0.037596
2.28672e-09	-0.0375551
2.28679e-09	-0.0375141
2.28686e-09	-0.0374731
2.28693e-09	-0.0374321
2.287e-09	-0.037391
2.28707e-09	-0.0373499
2.28714e-09	-0.0373088
2.28721e-09	-0.0372676
2.28728e-09	-0.0372264
2.28736e-09	-0.0371852
2.28743e-09	-0.0371439
2.2875e-09	-0.0371026
2.28757e-09	-0.0370613
2.28764e-09	-0.0370199
2.28771e-09	-0.0369785
2.28778e-09	-0.0369371
2.28785e-09	-0.0368956
2.28792e-09	-0.0368541
2.28799e-09	-0.0368125
2.28806e-09	-0.036771
2.28814e-09	-0.0367294
2.28821e-09	-0.0366877
2.28828e-09	-0.036646
2.28835e-09	-0.0366043
2.28842e-09	-0.0365626
2.28849e-09	-0.0365208
2.28856e-09	-0.036479
2.28863e-09	-0.0364372
2.2887e-09	-0.0363953
2.28877e-09	-0.0363534
2.28884e-09	-0.0363114
2.28892e-09	-0.0362695
2.28899e-09	-0.0362275
2.28906e-09	-0.0361854
2.28913e-09	-0.0361434
2.2892e-09	-0.0361013
2.28927e-09	-0.0360591
2.28934e-09	-0.036017
2.28941e-09	-0.0359748
2.28948e-09	-0.0359326
2.28955e-09	-0.0358903
2.28962e-09	-0.035848
2.2897e-09	-0.0358057
2.28977e-09	-0.0357634
2.28984e-09	-0.035721
2.28991e-09	-0.0356786
2.28998e-09	-0.0356361
2.29005e-09	-0.0355937
2.29012e-09	-0.0355512
2.29019e-09	-0.0355087
2.29026e-09	-0.0354661
2.29033e-09	-0.0354235
2.29041e-09	-0.0353809
2.29048e-09	-0.0353382
2.29055e-09	-0.0352956
2.29062e-09	-0.0352529
2.29069e-09	-0.0352101
2.29076e-09	-0.0351674
2.29083e-09	-0.0351246
2.2909e-09	-0.0350818
2.29097e-09	-0.0350389
2.29104e-09	-0.034996
2.29111e-09	-0.0349531
2.29119e-09	-0.0349102
2.29126e-09	-0.0348672
2.29133e-09	-0.0348243
2.2914e-09	-0.0347812
2.29147e-09	-0.0347382
2.29154e-09	-0.0346951
2.29161e-09	-0.034652
2.29168e-09	-0.0346089
2.29175e-09	-0.0345658
2.29182e-09	-0.0345226
2.29189e-09	-0.0344794
2.29197e-09	-0.0344361
2.29204e-09	-0.0343929
2.29211e-09	-0.0343496
2.29218e-09	-0.0343063
2.29225e-09	-0.0342629
2.29232e-09	-0.0342196
2.29239e-09	-0.0341762
2.29246e-09	-0.0341328
2.29253e-09	-0.0340893
2.2926e-09	-0.0340459
2.29267e-09	-0.0340024
2.29275e-09	-0.0339588
2.29282e-09	-0.0339153
2.29289e-09	-0.0338717
2.29296e-09	-0.0338281
2.29303e-09	-0.0337845
2.2931e-09	-0.0337409
2.29317e-09	-0.0336972
2.29324e-09	-0.0336535
2.29331e-09	-0.0336098
2.29338e-09	-0.033566
2.29345e-09	-0.0335223
2.29353e-09	-0.0334785
2.2936e-09	-0.0334347
2.29367e-09	-0.0333908
2.29374e-09	-0.033347
2.29381e-09	-0.0333031
2.29388e-09	-0.0332592
2.29395e-09	-0.0332152
2.29402e-09	-0.0331713
2.29409e-09	-0.0331273
2.29416e-09	-0.0330833
2.29424e-09	-0.0330393
2.29431e-09	-0.0329952
2.29438e-09	-0.0329511
2.29445e-09	-0.032907
2.29452e-09	-0.0328629
2.29459e-09	-0.0328188
2.29466e-09	-0.0327746
2.29473e-09	-0.0327304
2.2948e-09	-0.0326862
2.29487e-09	-0.032642
2.29494e-09	-0.0325978
2.29502e-09	-0.0325535
2.29509e-09	-0.0325092
2.29516e-09	-0.0324649
2.29523e-09	-0.0324206
2.2953e-09	-0.0323762
2.29537e-09	-0.0323318
2.29544e-09	-0.0322874
2.29551e-09	-0.032243
2.29558e-09	-0.0321986
2.29565e-09	-0.0321541
2.29572e-09	-0.0321096
2.2958e-09	-0.0320651
2.29587e-09	-0.0320206
2.29594e-09	-0.0319761
2.29601e-09	-0.0319315
2.29608e-09	-0.0318869
2.29615e-09	-0.0318423
2.29622e-09	-0.0317977
2.29629e-09	-0.0317531
2.29636e-09	-0.0317084
2.29643e-09	-0.0316637
2.2965e-09	-0.031619
2.29658e-09	-0.0315743
2.29665e-09	-0.0315296
2.29672e-09	-0.0314848
2.29679e-09	-0.0314401
2.29686e-09	-0.0313953
2.29693e-09	-0.0313505
2.297e-09	-0.0313056
2.29707e-09	-0.0312608
2.29714e-09	-0.0312159
2.29721e-09	-0.0311711
2.29729e-09	-0.0311262
2.29736e-09	-0.0310812
2.29743e-09	-0.0310363
2.2975e-09	-0.0309914
2.29757e-09	-0.0309464
2.29764e-09	-0.0309014
2.29771e-09	-0.0308564
2.29778e-09	-0.0308114
2.29785e-09	-0.0307663
2.29792e-09	-0.0307213
2.29799e-09	-0.0306762
2.29807e-09	-0.0306311
2.29814e-09	-0.030586
2.29821e-09	-0.0305409
2.29828e-09	-0.0304958
2.29835e-09	-0.0304506
2.29842e-09	-0.0304055
2.29849e-09	-0.0303603
2.29856e-09	-0.0303151
2.29863e-09	-0.0302699
2.2987e-09	-0.0302246
2.29877e-09	-0.0301794
2.29885e-09	-0.0301341
2.29892e-09	-0.0300888
2.29899e-09	-0.0300436
2.29906e-09	-0.0299983
2.29913e-09	-0.0299529
2.2992e-09	-0.0299076
2.29927e-09	-0.0298622
2.29934e-09	-0.0298169
2.29941e-09	-0.0297715
2.29948e-09	-0.0297261
2.29955e-09	-0.0296807
2.29963e-09	-0.0296353
2.2997e-09	-0.0295898
2.29977e-09	-0.0295444
2.29984e-09	-0.0294989
2.29991e-09	-0.0294535
2.29998e-09	-0.029408
2.30005e-09	-0.0293625
2.30012e-09	-0.029317
2.30019e-09	-0.0292714
2.30026e-09	-0.0292259
2.30033e-09	-0.0291803
2.30041e-09	-0.0291348
2.30048e-09	-0.0290892
2.30055e-09	-0.0290436
2.30062e-09	-0.028998
2.30069e-09	-0.0289524
2.30076e-09	-0.0289067
2.30083e-09	-0.0288611
2.3009e-09	-0.0288154
2.30097e-09	-0.0287698
2.30104e-09	-0.0287241
2.30112e-09	-0.0286784
2.30119e-09	-0.0286327
2.30126e-09	-0.028587
2.30133e-09	-0.0285413
2.3014e-09	-0.0284955
2.30147e-09	-0.0284498
2.30154e-09	-0.028404
2.30161e-09	-0.0283583
2.30168e-09	-0.0283125
2.30175e-09	-0.0282667
2.30182e-09	-0.0282209
2.3019e-09	-0.0281751
2.30197e-09	-0.0281293
2.30204e-09	-0.0280835
2.30211e-09	-0.0280376
2.30218e-09	-0.0279918
2.30225e-09	-0.0279459
2.30232e-09	-0.0279
2.30239e-09	-0.0278542
2.30246e-09	-0.0278083
2.30253e-09	-0.0277624
2.3026e-09	-0.0277165
2.30268e-09	-0.0276705
2.30275e-09	-0.0276246
2.30282e-09	-0.0275787
2.30289e-09	-0.0275327
2.30296e-09	-0.0274868
2.30303e-09	-0.0274408
2.3031e-09	-0.0273949
2.30317e-09	-0.0273489
2.30324e-09	-0.0273029
2.30331e-09	-0.0272569
2.30338e-09	-0.0272109
2.30346e-09	-0.0271649
2.30353e-09	-0.0271189
2.3036e-09	-0.0270729
2.30367e-09	-0.0270268
2.30374e-09	-0.0269808
2.30381e-09	-0.0269347
2.30388e-09	-0.0268887
2.30395e-09	-0.0268426
2.30402e-09	-0.0267965
2.30409e-09	-0.0267505
2.30417e-09	-0.0267044
2.30424e-09	-0.0266583
2.30431e-09	-0.0266122
2.30438e-09	-0.0265661
2.30445e-09	-0.02652
2.30452e-09	-0.0264739
2.30459e-09	-0.0264277
2.30466e-09	-0.0263816
2.30473e-09	-0.0263355
2.3048e-09	-0.0262893
2.30487e-09	-0.0262432
2.30495e-09	-0.026197
2.30502e-09	-0.0261509
2.30509e-09	-0.0261047
2.30516e-09	-0.0260586
2.30523e-09	-0.0260124
2.3053e-09	-0.0259662
2.30537e-09	-0.02592
2.30544e-09	-0.0258738
2.30551e-09	-0.0258276
2.30558e-09	-0.0257814
2.30565e-09	-0.0257352
2.30573e-09	-0.025689
2.3058e-09	-0.0256428
2.30587e-09	-0.0255966
2.30594e-09	-0.0255504
2.30601e-09	-0.0255042
2.30608e-09	-0.0254579
2.30615e-09	-0.0254117
2.30622e-09	-0.0253655
2.30629e-09	-0.0253192
2.30636e-09	-0.025273
2.30643e-09	-0.0252267
2.30651e-09	-0.0251805
2.30658e-09	-0.0251342
2.30665e-09	-0.025088
2.30672e-09	-0.0250417
2.30679e-09	-0.0249954
2.30686e-09	-0.0249492
2.30693e-09	-0.0249029
2.307e-09	-0.0248566
2.30707e-09	-0.0248104
2.30714e-09	-0.0247641
2.30721e-09	-0.0247178
2.30729e-09	-0.0246715
2.30736e-09	-0.0246253
2.30743e-09	-0.024579
2.3075e-09	-0.0245327
2.30757e-09	-0.0244864
2.30764e-09	-0.0244401
2.30771e-09	-0.0243938
2.30778e-09	-0.0243475
2.30785e-09	-0.0243012
2.30792e-09	-0.0242549
2.308e-09	-0.0242086
2.30807e-09	-0.0241623
2.30814e-09	-0.024116
2.30821e-09	-0.0240697
2.30828e-09	-0.0240234
2.30835e-09	-0.0239771
2.30842e-09	-0.0239308
2.30849e-09	-0.0238845
2.30856e-09	-0.0238382
2.30863e-09	-0.0237919
2.3087e-09	-0.0237456
2.30878e-09	-0.0236993
2.30885e-09	-0.023653
2.30892e-09	-0.0236067
2.30899e-09	-0.0235604
2.30906e-09	-0.0235141
2.30913e-09	-0.0234678
2.3092e-09	-0.0234215
2.30927e-09	-0.0233752
2.30934e-09	-0.0233289
2.30941e-09	-0.0232826
2.30948e-09	-0.0232363
2.30956e-09	-0.02319
2.30963e-09	-0.0231437
2.3097e-09	-0.0230974
2.30977e-09	-0.0230511
2.30984e-09	-0.0230048
2.30991e-09	-0.0229586
2.30998e-09	-0.0229123
2.31005e-09	-0.022866
2.31012e-09	-0.0228197
2.31019e-09	-0.0227734
2.31026e-09	-0.0227271
2.31034e-09	-0.0226808
2.31041e-09	-0.0226346
2.31048e-09	-0.0225883
2.31055e-09	-0.022542
2.31062e-09	-0.0224958
2.31069e-09	-0.0224495
2.31076e-09	-0.0224032
2.31083e-09	-0.022357
2.3109e-09	-0.0223107
2.31097e-09	-0.0222645
2.31105e-09	-0.0222182
2.31112e-09	-0.022172
2.31119e-09	-0.0221257
2.31126e-09	-0.0220795
2.31133e-09	-0.0220332
2.3114e-09	-0.021987
2.31147e-09	-0.0219408
2.31154e-09	-0.0218945
2.31161e-09	-0.0218483
2.31168e-09	-0.0218021
2.31175e-09	-0.0217559
2.31183e-09	-0.0217097
2.3119e-09	-0.0216635
2.31197e-09	-0.0216173
2.31204e-09	-0.0215711
2.31211e-09	-0.0215249
2.31218e-09	-0.0214787
2.31225e-09	-0.0214325
2.31232e-09	-0.0213863
2.31239e-09	-0.0213401
2.31246e-09	-0.021294
2.31253e-09	-0.0212478
2.31261e-09	-0.0212017
2.31268e-09	-0.0211555
2.31275e-09	-0.0211094
2.31282e-09	-0.0210632
2.31289e-09	-0.0210171
2.31296e-09	-0.0209709
2.31303e-09	-0.0209248
2.3131e-09	-0.0208787
2.31317e-09	-0.0208326
2.31324e-09	-0.0207865
2.31331e-09	-0.0207404
2.31339e-09	-0.0206943
2.31346e-09	-0.0206482
2.31353e-09	-0.0206021
2.3136e-09	-0.020556
2.31367e-09	-0.02051
2.31374e-09	-0.0204639
2.31381e-09	-0.0204179
2.31388e-09	-0.0203718
2.31395e-09	-0.0203258
2.31402e-09	-0.0202797
2.3141e-09	-0.0202337
2.31417e-09	-0.0201877
2.31424e-09	-0.0201417
2.31431e-09	-0.0200957
2.31438e-09	-0.0200497
2.31445e-09	-0.0200037
2.31452e-09	-0.0199577
2.31459e-09	-0.0199118
2.31466e-09	-0.0198658
2.31473e-09	-0.0198198
2.3148e-09	-0.0197739
2.31488e-09	-0.0197279
2.31495e-09	-0.019682
2.31502e-09	-0.0196361
2.31509e-09	-0.0195902
2.31516e-09	-0.0195443
2.31523e-09	-0.0194984
2.3153e-09	-0.0194525
2.31537e-09	-0.0194066
2.31544e-09	-0.0193607
2.31551e-09	-0.0193149
2.31558e-09	-0.019269
2.31566e-09	-0.0192232
2.31573e-09	-0.0191774
2.3158e-09	-0.0191315
2.31587e-09	-0.0190857
2.31594e-09	-0.0190399
2.31601e-09	-0.0189941
2.31608e-09	-0.0189483
2.31615e-09	-0.0189026
2.31622e-09	-0.0188568
2.31629e-09	-0.018811
2.31636e-09	-0.0187653
2.31644e-09	-0.0187196
2.31651e-09	-0.0186738
2.31658e-09	-0.0186281
2.31665e-09	-0.0185824
2.31672e-09	-0.0185367
2.31679e-09	-0.018491
2.31686e-09	-0.0184454
2.31693e-09	-0.0183997
2.317e-09	-0.0183541
2.31707e-09	-0.0183084
2.31714e-09	-0.0182628
2.31722e-09	-0.0182172
2.31729e-09	-0.0181716
2.31736e-09	-0.018126
2.31743e-09	-0.0180804
2.3175e-09	-0.0180348
2.31757e-09	-0.0179893
2.31764e-09	-0.0179437
2.31771e-09	-0.0178982
2.31778e-09	-0.0178527
2.31785e-09	-0.0178072
2.31793e-09	-0.0177617
2.318e-09	-0.0177162
2.31807e-09	-0.0176707
2.31814e-09	-0.0176252
2.31821e-09	-0.0175798
2.31828e-09	-0.0175344
2.31835e-09	-0.0174889
2.31842e-09	-0.0174435
2.31849e-09	-0.0173981
2.31856e-09	-0.0173527
2.31863e-09	-0.0173074
2.31871e-09	-0.017262
2.31878e-09	-0.0172167
2.31885e-09	-0.0171713
2.31892e-09	-0.017126
2.31899e-09	-0.0170807
2.31906e-09	-0.0170354
2.31913e-09	-0.0169901
2.3192e-09	-0.0169449
2.31927e-09	-0.0168996
2.31934e-09	-0.0168544
2.31941e-09	-0.0168092
2.31949e-09	-0.0167639
2.31956e-09	-0.0167187
2.31963e-09	-0.0166736
2.3197e-09	-0.0166284
2.31977e-09	-0.0165832
2.31984e-09	-0.0165381
2.31991e-09	-0.016493
2.31998e-09	-0.0164479
2.32005e-09	-0.0164028
2.32012e-09	-0.0163577
2.32019e-09	-0.0163126
2.32027e-09	-0.0162676
2.32034e-09	-0.0162225
2.32041e-09	-0.0161775
2.32048e-09	-0.0161325
2.32055e-09	-0.0160875
2.32062e-09	-0.0160426
2.32069e-09	-0.0159976
2.32076e-09	-0.0159527
2.32083e-09	-0.0159077
2.3209e-09	-0.0158628
2.32098e-09	-0.0158179
2.32105e-09	-0.015773
2.32112e-09	-0.0157282
2.32119e-09	-0.0156833
2.32126e-09	-0.0156385
2.32133e-09	-0.0155937
2.3214e-09	-0.0155489
2.32147e-09	-0.0155041
2.32154e-09	-0.0154593
2.32161e-09	-0.0154146
2.32168e-09	-0.0153698
2.32176e-09	-0.0153251
2.32183e-09	-0.0152804
2.3219e-09	-0.0152357
2.32197e-09	-0.0151911
2.32204e-09	-0.0151464
2.32211e-09	-0.0151018
2.32218e-09	-0.0150572
2.32225e-09	-0.0150126
2.32232e-09	-0.014968
2.32239e-09	-0.0149234
2.32246e-09	-0.0148789
2.32254e-09	-0.0148343
2.32261e-09	-0.0147898
2.32268e-09	-0.0147453
2.32275e-09	-0.0147009
2.32282e-09	-0.0146564
2.32289e-09	-0.014612
2.32296e-09	-0.0145675
2.32303e-09	-0.0145231
2.3231e-09	-0.0144788
2.32317e-09	-0.0144344
2.32324e-09	-0.01439
2.32332e-09	-0.0143457
2.32339e-09	-0.0143014
2.32346e-09	-0.0142571
2.32353e-09	-0.0142128
2.3236e-09	-0.0141686
2.32367e-09	-0.0141243
2.32374e-09	-0.0140801
2.32381e-09	-0.0140359
2.32388e-09	-0.0139917
2.32395e-09	-0.0139476
2.32402e-09	-0.0139034
2.3241e-09	-0.0138593
2.32417e-09	-0.0138152
2.32424e-09	-0.0137711
2.32431e-09	-0.013727
2.32438e-09	-0.013683
2.32445e-09	-0.013639
2.32452e-09	-0.013595
2.32459e-09	-0.013551
2.32466e-09	-0.013507
2.32473e-09	-0.013463
2.32481e-09	-0.0134191
2.32488e-09	-0.0133752
2.32495e-09	-0.0133313
2.32502e-09	-0.0132875
2.32509e-09	-0.0132436
2.32516e-09	-0.0131998
2.32523e-09	-0.013156
2.3253e-09	-0.0131122
2.32537e-09	-0.0130684
2.32544e-09	-0.0130247
2.32551e-09	-0.012981
2.32559e-09	-0.0129373
2.32566e-09	-0.0128936
2.32573e-09	-0.0128499
2.3258e-09	-0.0128063
2.32587e-09	-0.0127627
2.32594e-09	-0.0127191
2.32601e-09	-0.0126755
2.32608e-09	-0.0126319
2.32615e-09	-0.0125884
2.32622e-09	-0.0125449
2.32629e-09	-0.0125014
2.32637e-09	-0.0124579
2.32644e-09	-0.0124145
2.32651e-09	-0.012371
2.32658e-09	-0.0123276
2.32665e-09	-0.0122843
2.32672e-09	-0.0122409
2.32679e-09	-0.0121976
2.32686e-09	-0.0121542
2.32693e-09	-0.0121109
2.327e-09	-0.0120677
2.32707e-09	-0.0120244
2.32715e-09	-0.0119812
2.32722e-09	-0.011938
2.32729e-09	-0.0118948
2.32736e-09	-0.0118517
2.32743e-09	-0.0118085
2.3275e-09	-0.0117654
2.32757e-09	-0.0117223
2.32764e-09	-0.0116792
2.32771e-09	-0.0116362
2.32778e-09	-0.0115932
2.32786e-09	-0.0115502
2.32793e-09	-0.0115072
2.328e-09	-0.0114642
2.32807e-09	-0.0114213
2.32814e-09	-0.0113784
2.32821e-09	-0.0113355
2.32828e-09	-0.0112927
2.32835e-09	-0.0112498
2.32842e-09	-0.011207
2.32849e-09	-0.0111642
2.32856e-09	-0.0111215
2.32864e-09	-0.0110787
2.32871e-09	-0.011036
2.32878e-09	-0.0109933
2.32885e-09	-0.0109506
2.32892e-09	-0.010908
2.32899e-09	-0.0108654
2.32906e-09	-0.0108228
2.32913e-09	-0.0107802
2.3292e-09	-0.0107377
2.32927e-09	-0.0106951
2.32934e-09	-0.0106526
2.32942e-09	-0.0106102
2.32949e-09	-0.0105677
2.32956e-09	-0.0105253
2.32963e-09	-0.0104829
2.3297e-09	-0.0104405
2.32977e-09	-0.0103982
2.32984e-09	-0.0103558
2.32991e-09	-0.0103135
2.32998e-09	-0.0102713
2.33005e-09	-0.010229
2.33012e-09	-0.0101868
2.3302e-09	-0.0101446
2.33027e-09	-0.0101024
2.33034e-09	-0.0100603
2.33041e-09	-0.0100182
2.33048e-09	-0.00997606
2.33055e-09	-0.00993399
2.33062e-09	-0.00989194
2.33069e-09	-0.00984992
2.33076e-09	-0.00980793
2.33083e-09	-0.00976596
2.3309e-09	-0.00972402
2.33098e-09	-0.0096821
2.33105e-09	-0.00964021
2.33112e-09	-0.00959835
2.33119e-09	-0.00955651
2.33126e-09	-0.0095147
2.33133e-09	-0.00947292
2.3314e-09	-0.00943116
2.33147e-09	-0.00938942
2.33154e-09	-0.00934772
2.33161e-09	-0.00930604
2.33169e-09	-0.00926439
2.33176e-09	-0.00922276
2.33183e-09	-0.00918116
2.3319e-09	-0.00913959
2.33197e-09	-0.00909805
2.33204e-09	-0.00905653
2.33211e-09	-0.00901504
2.33218e-09	-0.00897358
2.33225e-09	-0.00893214
2.33232e-09	-0.00889073
2.33239e-09	-0.00884935
2.33247e-09	-0.00880799
2.33254e-09	-0.00876667
2.33261e-09	-0.00872536
2.33268e-09	-0.00868409
2.33275e-09	-0.00864285
2.33282e-09	-0.00860163
2.33289e-09	-0.00856044
2.33296e-09	-0.00851928
2.33303e-09	-0.00847815
2.3331e-09	-0.00843704
2.33317e-09	-0.00839596
2.33325e-09	-0.00835491
2.33332e-09	-0.00831389
2.33339e-09	-0.0082729
2.33346e-09	-0.00823193
2.33353e-09	-0.00819099
2.3336e-09	-0.00815008
2.33367e-09	-0.0081092
2.33374e-09	-0.00806835
2.33381e-09	-0.00802753
2.33388e-09	-0.00798673
2.33395e-09	-0.00794597
2.33403e-09	-0.00790523
2.3341e-09	-0.00786452
2.33417e-09	-0.00782384
2.33424e-09	-0.00778319
2.33431e-09	-0.00774257
2.33438e-09	-0.00770197
2.33445e-09	-0.00766141
2.33452e-09	-0.00762087
2.33459e-09	-0.00758037
2.33466e-09	-0.00753989
2.33474e-09	-0.00749944
2.33481e-09	-0.00745902
2.33488e-09	-0.00741863
2.33495e-09	-0.00737827
2.33502e-09	-0.00733794
2.33509e-09	-0.00729764
2.33516e-09	-0.00725737
2.33523e-09	-0.00721713
2.3353e-09	-0.00717692
2.33537e-09	-0.00713674
2.33544e-09	-0.00709658
2.33552e-09	-0.00705646
2.33559e-09	-0.00701637
2.33566e-09	-0.00697631
2.33573e-09	-0.00693627
2.3358e-09	-0.00689627
2.33587e-09	-0.0068563
2.33594e-09	-0.00681636
2.33601e-09	-0.00677645
2.33608e-09	-0.00673656
2.33615e-09	-0.00669671
2.33622e-09	-0.00665689
2.3363e-09	-0.0066171
2.33637e-09	-0.00657734
2.33644e-09	-0.00653761
2.33651e-09	-0.00649792
2.33658e-09	-0.00645825
2.33665e-09	-0.00641861
2.33672e-09	-0.006379
2.33679e-09	-0.00633943
2.33686e-09	-0.00629988
2.33693e-09	-0.00626037
2.337e-09	-0.00622089
2.33708e-09	-0.00618144
2.33715e-09	-0.00614202
2.33722e-09	-0.00610263
2.33729e-09	-0.00606327
2.33736e-09	-0.00602394
2.33743e-09	-0.00598465
2.3375e-09	-0.00594538
2.33757e-09	-0.00590615
2.33764e-09	-0.00586695
2.33771e-09	-0.00582778
2.33778e-09	-0.00578864
2.33786e-09	-0.00574954
2.33793e-09	-0.00571046
2.338e-09	-0.00567142
2.33807e-09	-0.00563241
2.33814e-09	-0.00559343
2.33821e-09	-0.00555448
2.33828e-09	-0.00551557
2.33835e-09	-0.00547668
2.33842e-09	-0.00543783
2.33849e-09	-0.00539901
2.33857e-09	-0.00536023
2.33864e-09	-0.00532147
2.33871e-09	-0.00528275
2.33878e-09	-0.00524406
2.33885e-09	-0.0052054
2.33892e-09	-0.00516678
2.33899e-09	-0.00512818
2.33906e-09	-0.00508962
2.33913e-09	-0.00505109
2.3392e-09	-0.0050126
2.33927e-09	-0.00497414
2.33935e-09	-0.00493571
2.33942e-09	-0.00489731
2.33949e-09	-0.00485894
2.33956e-09	-0.00482061
2.33963e-09	-0.00478231
2.3397e-09	-0.00474405
2.33977e-09	-0.00470581
2.33984e-09	-0.00466761
2.33991e-09	-0.00462945
2.33998e-09	-0.00459131
2.34005e-09	-0.00455321
2.34013e-09	-0.00451515
2.3402e-09	-0.00447711
2.34027e-09	-0.00443911
2.34034e-09	-0.00440115
2.34041e-09	-0.00436321
2.34048e-09	-0.00432531
2.34055e-09	-0.00428744
2.34062e-09	-0.00424961
2.34069e-09	-0.00421181
2.34076e-09	-0.00417404
2.34083e-09	-0.00413631
2.34091e-09	-0.00409861
2.34098e-09	-0.00406095
2.34105e-09	-0.00402332
2.34112e-09	-0.00398572
2.34119e-09	-0.00394816
2.34126e-09	-0.00391063
2.34133e-09	-0.00387313
2.3414e-09	-0.00383567
2.34147e-09	-0.00379825
2.34154e-09	-0.00376085
2.34162e-09	-0.00372349
2.34169e-09	-0.00368617
2.34176e-09	-0.00364888
2.34183e-09	-0.00361162
2.3419e-09	-0.0035744
2.34197e-09	-0.00353722
2.34204e-09	-0.00350006
2.34211e-09	-0.00346294
2.34218e-09	-0.00342586
2.34225e-09	-0.00338881
2.34232e-09	-0.0033518
2.3424e-09	-0.00331482
2.34247e-09	-0.00327787
2.34254e-09	-0.00324096
2.34261e-09	-0.00320409
2.34268e-09	-0.00316725
2.34275e-09	-0.00313044
2.34282e-09	-0.00309367
2.34289e-09	-0.00305694
2.34296e-09	-0.00302024
2.34303e-09	-0.00298357
2.3431e-09	-0.00294694
2.34318e-09	-0.00291034
2.34325e-09	-0.00287378
2.34332e-09	-0.00283726
2.34339e-09	-0.00280077
2.34346e-09	-0.00276432
2.34353e-09	-0.0027279
2.3436e-09	-0.00269151
2.34367e-09	-0.00265517
2.34374e-09	-0.00261885
2.34381e-09	-0.00258258
2.34388e-09	-0.00254633
2.34396e-09	-0.00251013
2.34403e-09	-0.00247396
2.3441e-09	-0.00243782
2.34417e-09	-0.00240173
2.34424e-09	-0.00236566
2.34431e-09	-0.00232963
2.34438e-09	-0.00229364
2.34445e-09	-0.00225769
2.34452e-09	-0.00222177
2.34459e-09	-0.00218589
2.34466e-09	-0.00215004
2.34474e-09	-0.00211423
2.34481e-09	-0.00207845
2.34488e-09	-0.00204271
2.34495e-09	-0.00200701
2.34502e-09	-0.00197134
2.34509e-09	-0.00193571
2.34516e-09	-0.00190012
2.34523e-09	-0.00186456
2.3453e-09	-0.00182904
2.34537e-09	-0.00179355
2.34545e-09	-0.0017581
2.34552e-09	-0.00172269
2.34559e-09	-0.00168731
2.34566e-09	-0.00165197
2.34573e-09	-0.00161667
2.3458e-09	-0.00158141
2.34587e-09	-0.00154618
2.34594e-09	-0.00151098
2.34601e-09	-0.00147583
2.34608e-09	-0.00144071
2.34615e-09	-0.00140563
2.34623e-09	-0.00137058
2.3463e-09	-0.00133557
2.34637e-09	-0.0013006
2.34644e-09	-0.00126566
2.34651e-09	-0.00123077
2.34658e-09	-0.00119591
2.34665e-09	-0.00116108
2.34672e-09	-0.0011263
2.34679e-09	-0.00109155
2.34686e-09	-0.00105683
2.34693e-09	-0.00102216
2.34701e-09	-0.00098752
2.34708e-09	-0.000952919
2.34715e-09	-0.000918356
2.34722e-09	-0.00088383
2.34729e-09	-0.000849341
2.34736e-09	-0.00081489
2.34743e-09	-0.000780476
2.3475e-09	-0.0007461
2.34757e-09	-0.000711761
2.34764e-09	-0.00067746
2.34771e-09	-0.000643197
2.34779e-09	-0.000608971
2.34786e-09	-0.000574782
2.34793e-09	-0.000540632
2.348e-09	-0.000506519
2.34807e-09	-0.000472444
2.34814e-09	-0.000438406
2.34821e-09	-0.000404407
2.34828e-09	-0.000370445
2.34835e-09	-0.000336521
2.34842e-09	-0.000302635
2.3485e-09	-0.000268787
2.34857e-09	-0.000234977
2.34864e-09	-0.000201205
2.34871e-09	-0.000167472
2.34878e-09	-0.000133776
2.34885e-09	-0.000100118
2.34892e-09	-6.64986e-05
2.34899e-09	-3.29172e-05
2.34906e-09	6.25898e-07
2.34913e-09	3.41308e-05
2.3492e-09	6.75974e-05
2.34928e-09	0.000101026
2.34935e-09	0.000134416
2.34942e-09	0.000167767
2.34949e-09	0.00020108
2.34956e-09	0.000234355
2.34963e-09	0.000267591
2.3497e-09	0.000300789
2.34977e-09	0.000333948
2.34984e-09	0.000367069
2.34991e-09	0.000400151
2.34998e-09	0.000433195
2.35006e-09	0.0004662
2.35013e-09	0.000499166
2.3502e-09	0.000532093
2.35027e-09	0.000564982
2.35034e-09	0.000597832
2.35041e-09	0.000630643
2.35048e-09	0.000663416
2.35055e-09	0.000696149
2.35062e-09	0.000728844
2.35069e-09	0.000761499
2.35076e-09	0.000794116
2.35084e-09	0.000826694
2.35091e-09	0.000859233
2.35098e-09	0.000891733
2.35105e-09	0.000924193
2.35112e-09	0.000956615
2.35119e-09	0.000988997
2.35126e-09	0.00102134
2.35133e-09	0.00105364
2.3514e-09	0.00108591
2.35147e-09	0.00111814
2.35154e-09	0.00115032
2.35162e-09	0.00118247
2.35169e-09	0.00121458
2.35176e-09	0.00124665
2.35183e-09	0.00127868
2.3519e-09	0.00131067
2.35197e-09	0.00134262
2.35204e-09	0.00137453
2.35211e-09	0.0014064
2.35218e-09	0.00143823
2.35225e-09	0.00147002
2.35233e-09	0.00150178
2.3524e-09	0.00153349
2.35247e-09	0.00156516
2.35254e-09	0.0015968
2.35261e-09	0.00162839
2.35268e-09	0.00165995
2.35275e-09	0.00169146
2.35282e-09	0.00172294
2.35289e-09	0.00175437
2.35296e-09	0.00178577
2.35303e-09	0.00181713
2.35311e-09	0.00184844
2.35318e-09	0.00187972
2.35325e-09	0.00191095
2.35332e-09	0.00194215
2.35339e-09	0.00197331
2.35346e-09	0.00200442
2.35353e-09	0.0020355
2.3536e-09	0.00206654
2.35367e-09	0.00209753
2.35374e-09	0.00212849
2.35381e-09	0.00215941
2.35389e-09	0.00219028
2.35396e-09	0.00222112
2.35403e-09	0.00225192
2.3541e-09	0.00228267
2.35417e-09	0.00231339
2.35424e-09	0.00234407
2.35431e-09	0.0023747
2.35438e-09	0.0024053
2.35445e-09	0.00243585
2.35452e-09	0.00246637
2.35459e-09	0.00249684
2.35467e-09	0.00252727
2.35474e-09	0.00255767
2.35481e-09	0.00258802
2.35488e-09	0.00261833
2.35495e-09	0.00264861
2.35502e-09	0.00267884
2.35509e-09	0.00270903
2.35516e-09	0.00273918
2.35523e-09	0.00276929
2.3553e-09	0.00279936
2.35538e-09	0.00282939
2.35545e-09	0.00285938
2.35552e-09	0.00288933
2.35559e-09	0.00291923
2.35566e-09	0.0029491
2.35573e-09	0.00297893
2.3558e-09	0.00300871
2.35587e-09	0.00303846
2.35594e-09	0.00306816
2.35601e-09	0.00309783
2.35608e-09	0.00312745
2.35616e-09	0.00315703
2.35623e-09	0.00318657
2.3563e-09	0.00321607
2.35637e-09	0.00324553
2.35644e-09	0.00327495
2.35651e-09	0.00330433
2.35658e-09	0.00333366
2.35665e-09	0.00336296
2.35672e-09	0.00339221
2.35679e-09	0.00342143
2.35686e-09	0.0034506
2.35694e-09	0.00347973
2.35701e-09	0.00350882
2.35708e-09	0.00353787
2.35715e-09	0.00356688
2.35722e-09	0.00359585
2.35729e-09	0.00362477
2.35736e-09	0.00365366
2.35743e-09	0.0036825
2.3575e-09	0.00371131
2.35757e-09	0.00374007
2.35764e-09	0.00376879
2.35772e-09	0.00379747
2.35779e-09	0.00382611
2.35786e-09	0.00385471
2.35793e-09	0.00388326
2.358e-09	0.00391178
2.35807e-09	0.00394025
2.35814e-09	0.00396868
2.35821e-09	0.00399707
2.35828e-09	0.00402542
2.35835e-09	0.00405373
2.35842e-09	0.004082
2.3585e-09	0.00411022
2.35857e-09	0.0041384
2.35864e-09	0.00416655
2.35871e-09	0.00419465
2.35878e-09	0.00422271
2.35885e-09	0.00425073
2.35892e-09	0.0042787
2.35899e-09	0.00430664
2.35906e-09	0.00433453
2.35913e-09	0.00436238
2.35921e-09	0.00439019
2.35928e-09	0.00441796
2.35935e-09	0.00444569
2.35942e-09	0.00447338
2.35949e-09	0.00450102
2.35956e-09	0.00452862
2.35963e-09	0.00455618
2.3597e-09	0.0045837
2.35977e-09	0.00461118
2.35984e-09	0.00463862
2.35991e-09	0.00466601
2.35999e-09	0.00469336
2.36006e-09	0.00472067
2.36013e-09	0.00474794
2.3602e-09	0.00477517
2.36027e-09	0.00480236
2.36034e-09	0.0048295
2.36041e-09	0.0048566
2.36048e-09	0.00488366
2.36055e-09	0.00491068
2.36062e-09	0.00493766
2.36069e-09	0.00496459
2.36077e-09	0.00499149
2.36084e-09	0.00501834
2.36091e-09	0.00504515
2.36098e-09	0.00507192
2.36105e-09	0.00509864
2.36112e-09	0.00512532
2.36119e-09	0.00515197
2.36126e-09	0.00517857
2.36133e-09	0.00520512
2.3614e-09	0.00523164
2.36147e-09	0.00525811
2.36155e-09	0.00528455
2.36162e-09	0.00531094
2.36169e-09	0.00533728
2.36176e-09	0.00536359
2.36183e-09	0.00538985
2.3619e-09	0.00541608
2.36197e-09	0.00544226
2.36204e-09	0.00546839
2.36211e-09	0.00549449
2.36218e-09	0.00552054
2.36226e-09	0.00554656
2.36233e-09	0.00557252
2.3624e-09	0.00559845
2.36247e-09	0.00562434
2.36254e-09	0.00565018
2.36261e-09	0.00567598
2.36268e-09	0.00570174
2.36275e-09	0.00572746
2.36282e-09	0.00575313
2.36289e-09	0.00577877
2.36296e-09	0.00580436
2.36304e-09	0.0058299
2.36311e-09	0.00585541
2.36318e-09	0.00588087
2.36325e-09	0.00590629
2.36332e-09	0.00593167
2.36339e-09	0.00595701
2.36346e-09	0.00598231
2.36353e-09	0.00600756
2.3636e-09	0.00603277
2.36367e-09	0.00605794
2.36374e-09	0.00608306
2.36382e-09	0.00610815
2.36389e-09	0.00613319
2.36396e-09	0.00615819
2.36403e-09	0.00618314
2.3641e-09	0.00620806
2.36417e-09	0.00623293
2.36424e-09	0.00625776
2.36431e-09	0.00628255
2.36438e-09	0.00630729
2.36445e-09	0.00633199
2.36452e-09	0.00635665
2.3646e-09	0.00638127
2.36467e-09	0.00640585
2.36474e-09	0.00643038
2.36481e-09	0.00645487
2.36488e-09	0.00647932
2.36495e-09	0.00650372
2.36502e-09	0.00652809
2.36509e-09	0.00655241
2.36516e-09	0.00657669
2.36523e-09	0.00660092
2.3653e-09	0.00662512
2.36538e-09	0.00664927
2.36545e-09	0.00667338
2.36552e-09	0.00669745
2.36559e-09	0.00672147
2.36566e-09	0.00674545
2.36573e-09	0.00676939
2.3658e-09	0.00679329
2.36587e-09	0.00681714
2.36594e-09	0.00684095
2.36601e-09	0.00686472
2.36609e-09	0.00688845
2.36616e-09	0.00691213
2.36623e-09	0.00693578
2.3663e-09	0.00695937
2.36637e-09	0.00698293
2.36644e-09	0.00700645
2.36651e-09	0.00702992
2.36658e-09	0.00705335
2.36665e-09	0.00707673
2.36672e-09	0.00710008
2.36679e-09	0.00712338
2.36687e-09	0.00714664
2.36694e-09	0.00716986
2.36701e-09	0.00719303
2.36708e-09	0.00721616
2.36715e-09	0.00723925
2.36722e-09	0.0072623
2.36729e-09	0.0072853
2.36736e-09	0.00730826
2.36743e-09	0.00733118
2.3675e-09	0.00735406
2.36757e-09	0.00737689
2.36765e-09	0.00739968
2.36772e-09	0.00742243
2.36779e-09	0.00744514
2.36786e-09	0.0074678
2.36793e-09	0.00749042
2.368e-09	0.007513
2.36807e-09	0.00753554
2.36814e-09	0.00755803
2.36821e-09	0.00758048
2.36828e-09	0.00760289
2.36835e-09	0.00762525
2.36843e-09	0.00764758
2.3685e-09	0.00766986
2.36857e-09	0.0076921
2.36864e-09	0.00771429
2.36871e-09	0.00773644
2.36878e-09	0.00775855
2.36885e-09	0.00778062
2.36892e-09	0.00780265
2.36899e-09	0.00782463
2.36906e-09	0.00784657
2.36914e-09	0.00786847
2.36921e-09	0.00789032
2.36928e-09	0.00791213
2.36935e-09	0.0079339
2.36942e-09	0.00795563
2.36949e-09	0.00797731
2.36956e-09	0.00799895
2.36963e-09	0.00802055
2.3697e-09	0.00804211
2.36977e-09	0.00806362
2.36984e-09	0.00808509
2.36992e-09	0.00810652
2.36999e-09	0.00812791
2.37006e-09	0.00814925
2.37013e-09	0.00817055
2.3702e-09	0.00819181
2.37027e-09	0.00821303
2.37034e-09	0.0082342
2.37041e-09	0.00825533
2.37048e-09	0.00827642
2.37055e-09	0.00829746
2.37062e-09	0.00831847
2.3707e-09	0.00833943
2.37077e-09	0.00836035
2.37084e-09	0.00838122
2.37091e-09	0.00840205
2.37098e-09	0.00842284
2.37105e-09	0.00844359
2.37112e-09	0.0084643
2.37119e-09	0.00848496
2.37126e-09	0.00850558
2.37133e-09	0.00852616
2.3714e-09	0.00854669
2.37148e-09	0.00856718
2.37155e-09	0.00858763
2.37162e-09	0.00860804
2.37169e-09	0.0086284
2.37176e-09	0.00864873
2.37183e-09	0.008669
2.3719e-09	0.00868924
2.37197e-09	0.00870944
2.37204e-09	0.00872959
2.37211e-09	0.0087497
2.37218e-09	0.00876976
2.37226e-09	0.00878979
2.37233e-09	0.00880977
2.3724e-09	0.00882971
2.37247e-09	0.00884961
2.37254e-09	0.00886946
2.37261e-09	0.00888927
2.37268e-09	0.00890904
2.37275e-09	0.00892877
2.37282e-09	0.00894845
2.37289e-09	0.0089681
2.37297e-09	0.0089877
2.37304e-09	0.00900725
2.37311e-09	0.00902677
2.37318e-09	0.00904624
2.37325e-09	0.00906567
2.37332e-09	0.00908506
2.37339e-09	0.0091044
2.37346e-09	0.00912371
2.37353e-09	0.00914297
2.3736e-09	0.00916218
2.37367e-09	0.00918136
2.37375e-09	0.00920049
2.37382e-09	0.00921958
2.37389e-09	0.00923863
2.37396e-09	0.00925764
2.37403e-09	0.0092766
2.3741e-09	0.00929552
2.37417e-09	0.0093144
2.37424e-09	0.00933323
2.37431e-09	0.00935203
2.37438e-09	0.00937078
2.37445e-09	0.00938949
2.37453e-09	0.00940816
2.3746e-09	0.00942678
2.37467e-09	0.00944536
2.37474e-09	0.0094639
2.37481e-09	0.0094824
2.37488e-09	0.00950085
2.37495e-09	0.00951927
2.37502e-09	0.00953764
2.37509e-09	0.00955597
2.37516e-09	0.00957425
2.37523e-09	0.0095925
2.37531e-09	0.0096107
2.37538e-09	0.00962886
2.37545e-09	0.00964697
2.37552e-09	0.00966505
2.37559e-09	0.00968308
2.37566e-09	0.00970107
2.37573e-09	0.00971902
2.3758e-09	0.00973693
2.37587e-09	0.00975479
2.37594e-09	0.00977261
2.37602e-09	0.00979039
2.37609e-09	0.00980813
2.37616e-09	0.00982582
2.37623e-09	0.00984348
2.3763e-09	0.00986109
2.37637e-09	0.00987866
2.37644e-09	0.00989618
2.37651e-09	0.00991367
2.37658e-09	0.00993111
2.37665e-09	0.00994851
2.37672e-09	0.00996587
2.3768e-09	0.00998319
2.37687e-09	0.0100005
2.37694e-09	0.0100177
2.37701e-09	0.0100349
2.37708e-09	0.010052
2.37715e-09	0.0100691
2.37722e-09	0.0100862
2.37729e-09	0.0101032
2.37736e-09	0.0101202
2.37743e-09	0.0101371
2.3775e-09	0.010154
2.37758e-09	0.0101709
2.37765e-09	0.0101877
2.37772e-09	0.0102045
2.37779e-09	0.0102212
2.37786e-09	0.0102379
2.37793e-09	0.0102545
2.378e-09	0.0102711
2.37807e-09	0.0102877
2.37814e-09	0.0103042
2.37821e-09	0.0103207
2.37828e-09	0.0103371
2.37836e-09	0.0103535
2.37843e-09	0.0103699
2.3785e-09	0.0103862
2.37857e-09	0.0104024
2.37864e-09	0.0104187
2.37871e-09	0.0104349
2.37878e-09	0.010451
2.37885e-09	0.0104671
2.37892e-09	0.0104832
2.37899e-09	0.0104992
2.37906e-09	0.0105152
2.37914e-09	0.0105311
2.37921e-09	0.010547
2.37928e-09	0.0105628
2.37935e-09	0.0105786
2.37942e-09	0.0105944
2.37949e-09	0.0106101
2.37956e-09	0.0106258
2.37963e-09	0.0106415
2.3797e-09	0.0106571
2.37977e-09	0.0106726
2.37985e-09	0.0106881
2.37992e-09	0.0107036
2.37999e-09	0.010719
2.38006e-09	0.0107344
2.38013e-09	0.0107498
2.3802e-09	0.0107651
2.38027e-09	0.0107804
2.38034e-09	0.0107956
2.38041e-09	0.0108108
2.38048e-09	0.0108259
2.38055e-09	0.010841
2.38063e-09	0.0108561
2.3807e-09	0.0108711
2.38077e-09	0.0108861
2.38084e-09	0.010901
2.38091e-09	0.0109159
2.38098e-09	0.0109308
2.38105e-09	0.0109456
2.38112e-09	0.0109604
2.38119e-09	0.0109751
2.38126e-09	0.0109898
2.38133e-09	0.0110044
2.38141e-09	0.011019
2.38148e-09	0.0110336
2.38155e-09	0.0110481
2.38162e-09	0.0110626
2.38169e-09	0.011077
2.38176e-09	0.0110914
2.38183e-09	0.0111058
2.3819e-09	0.0111201
2.38197e-09	0.0111344
2.38204e-09	0.0111486
2.38211e-09	0.0111628
2.38219e-09	0.011177
2.38226e-09	0.0111911
2.38233e-09	0.0112052
2.3824e-09	0.0112192
2.38247e-09	0.0112332
2.38254e-09	0.0112471
2.38261e-09	0.011261
2.38268e-09	0.0112749
2.38275e-09	0.0112887
2.38282e-09	0.0113025
2.3829e-09	0.0113163
2.38297e-09	0.01133
2.38304e-09	0.0113436
2.38311e-09	0.0113572
2.38318e-09	0.0113708
2.38325e-09	0.0113844
2.38332e-09	0.0113979
2.38339e-09	0.0114113
2.38346e-09	0.0114247
2.38353e-09	0.0114381
2.3836e-09	0.0114514
2.38368e-09	0.0114647
2.38375e-09	0.011478
2.38382e-09	0.0114912
2.38389e-09	0.0115044
2.38396e-09	0.0115175
2.38403e-09	0.0115306
2.3841e-09	0.0115437
2.38417e-09	0.0115567
2.38424e-09	0.0115696
2.38431e-09	0.0115826
2.38438e-09	0.0115954
2.38446e-09	0.0116083
2.38453e-09	0.0116211
2.3846e-09	0.0116339
2.38467e-09	0.0116466
2.38474e-09	0.0116593
2.38481e-09	0.0116719
2.38488e-09	0.0116845
2.38495e-09	0.0116971
2.38502e-09	0.0117096
2.38509e-09	0.0117221
2.38516e-09	0.0117345
2.38524e-09	0.0117469
2.38531e-09	0.0117593
2.38538e-09	0.0117716
2.38545e-09	0.0117839
2.38552e-09	0.0117961
2.38559e-09	0.0118083
2.38566e-09	0.0118205
2.38573e-09	0.0118326
2.3858e-09	0.0118447
2.38587e-09	0.0118567
2.38595e-09	0.0118687
2.38602e-09	0.0118807
2.38609e-09	0.0118926
2.38616e-09	0.0119045
2.38623e-09	0.0119163
2.3863e-09	0.0119281
2.38637e-09	0.0119399
2.38644e-09	0.0119516
2.38651e-09	0.0119633
2.38658e-09	0.0119749
2.38665e-09	0.0119865
2.38673e-09	0.0119981
2.3868e-09	0.0120096
2.38687e-09	0.0120211
2.38694e-09	0.0120325
2.38701e-09	0.0120439
2.38708e-09	0.0120553
2.38715e-09	0.0120666
2.38722e-09	0.0120779
2.38729e-09	0.0120891
2.38736e-09	0.0121003
2.38743e-09	0.0121115
2.38751e-09	0.0121226
2.38758e-09	0.0121337
2.38765e-09	0.0121447
2.38772e-09	0.0121558
2.38779e-09	0.0121667
2.38786e-09	0.0121776
2.38793e-09	0.0121885
2.388e-09	0.0121994
2.38807e-09	0.0122102
2.38814e-09	0.0122209
2.38821e-09	0.0122317
2.38829e-09	0.0122423
2.38836e-09	0.012253
2.38843e-09	0.0122636
2.3885e-09	0.0122742
2.38857e-09	0.0122847
2.38864e-09	0.0122952
2.38871e-09	0.0123056
2.38878e-09	0.0123161
2.38885e-09	0.0123264
2.38892e-09	0.0123368
2.38899e-09	0.012347
2.38907e-09	0.0123573
2.38914e-09	0.0123675
2.38921e-09	0.0123777
2.38928e-09	0.0123878
2.38935e-09	0.0123979
2.38942e-09	0.012408
2.38949e-09	0.012418
2.38956e-09	0.012428
2.38963e-09	0.0124379
2.3897e-09	0.0124478
2.38978e-09	0.0124577
2.38985e-09	0.0124675
2.38992e-09	0.0124773
2.38999e-09	0.012487
2.39006e-09	0.0124967
2.39013e-09	0.0125064
2.3902e-09	0.012516
2.39027e-09	0.0125256
2.39034e-09	0.0125352
2.39041e-09	0.0125447
2.39048e-09	0.0125542
2.39056e-09	0.0125636
2.39063e-09	0.012573
2.3907e-09	0.0125824
2.39077e-09	0.0125917
2.39084e-09	0.012601
2.39091e-09	0.0126102
2.39098e-09	0.0126194
2.39105e-09	0.0126286
2.39112e-09	0.0126377
2.39119e-09	0.0126468
2.39126e-09	0.0126558
2.39134e-09	0.0126648
2.39141e-09	0.0126738
2.39148e-09	0.0126828
2.39155e-09	0.0126916
2.39162e-09	0.0127005
2.39169e-09	0.0127093
2.39176e-09	0.0127181
2.39183e-09	0.0127268
2.3919e-09	0.0127356
2.39197e-09	0.0127442
2.39204e-09	0.0127528
2.39212e-09	0.0127614
2.39219e-09	0.01277
2.39226e-09	0.0127785
2.39233e-09	0.012787
2.3924e-09	0.0127954
2.39247e-09	0.0128038
2.39254e-09	0.0128122
2.39261e-09	0.0128205
2.39268e-09	0.0128288
2.39275e-09	0.012837
2.39283e-09	0.0128452
2.3929e-09	0.0128534
2.39297e-09	0.0128615
2.39304e-09	0.0128696
2.39311e-09	0.0128777
2.39318e-09	0.0128857
2.39325e-09	0.0128937
2.39332e-09	0.0129016
2.39339e-09	0.0129095
2.39346e-09	0.0129174
2.39353e-09	0.0129252
2.39361e-09	0.012933
2.39368e-09	0.0129408
2.39375e-09	0.0129485
2.39382e-09	0.0129562
2.39389e-09	0.0129638
2.39396e-09	0.0129714
2.39403e-09	0.012979
2.3941e-09	0.0129865
2.39417e-09	0.012994
2.39424e-09	0.0130015
2.39431e-09	0.0130089
2.39439e-09	0.0130163
2.39446e-09	0.0130236
2.39453e-09	0.0130309
2.3946e-09	0.0130382
2.39467e-09	0.0130454
2.39474e-09	0.0130526
2.39481e-09	0.0130598
2.39488e-09	0.0130669
2.39495e-09	0.013074
2.39502e-09	0.013081
2.39509e-09	0.0130881
2.39517e-09	0.013095
2.39524e-09	0.013102
2.39531e-09	0.0131089
2.39538e-09	0.0131157
2.39545e-09	0.0131225
2.39552e-09	0.0131293
2.39559e-09	0.0131361
2.39566e-09	0.0131428
2.39573e-09	0.0131495
2.3958e-09	0.0131561
2.39587e-09	0.0131627
2.39595e-09	0.0131693
2.39602e-09	0.0131758
2.39609e-09	0.0131823
2.39616e-09	0.0131888
2.39623e-09	0.0131952
2.3963e-09	0.0132016
2.39637e-09	0.0132079
2.39644e-09	0.0132142
2.39651e-09	0.0132205
2.39658e-09	0.0132267
2.39666e-09	0.0132329
2.39673e-09	0.0132391
2.3968e-09	0.0132452
2.39687e-09	0.0132513
2.39694e-09	0.0132574
2.39701e-09	0.0132634
2.39708e-09	0.0132694
2.39715e-09	0.0132753
2.39722e-09	0.0132812
2.39729e-09	0.0132871
2.39736e-09	0.0132929
2.39744e-09	0.0132988
2.39751e-09	0.0133045
2.39758e-09	0.0133102
2.39765e-09	0.0133159
2.39772e-09	0.0133216
2.39779e-09	0.0133272
2.39786e-09	0.0133328
2.39793e-09	0.0133384
2.398e-09	0.0133439
2.39807e-09	0.0133493
2.39814e-09	0.0133548
2.39822e-09	0.0133602
2.39829e-09	0.0133656
2.39836e-09	0.0133709
2.39843e-09	0.0133762
2.3985e-09	0.0133815
2.39857e-09	0.0133867
2.39864e-09	0.0133919
2.39871e-09	0.013397
2.39878e-09	0.0134022
2.39885e-09	0.0134072
2.39892e-09	0.0134123
2.399e-09	0.0134173
2.39907e-09	0.0134223
2.39914e-09	0.0134272
2.39921e-09	0.0134321
2.39928e-09	0.013437
2.39935e-09	0.0134419
2.39942e-09	0.0134467
2.39949e-09	0.0134514
2.39956e-09	0.0134562
2.39963e-09	0.0134608
2.39971e-09	0.0134655
2.39978e-09	0.0134701
2.39985e-09	0.0134747
2.39992e-09	0.0134793
2.39999e-09	0.0134838
2.40006e-09	0.0134883
2.40013e-09	0.0134927
2.4002e-09	0.0134972
2.40027e-09	0.0135015
2.40034e-09	0.0135059
2.40041e-09	0.0135102
2.40049e-09	0.0135145
2.40056e-09	0.0135187
2.40063e-09	0.0135229
2.4007e-09	0.0135271
2.40077e-09	0.0135312
2.40084e-09	0.0135353
2.40091e-09	0.0135394
2.40098e-09	0.0135434
2.40105e-09	0.0135474
2.40112e-09	0.0135514
2.40119e-09	0.0135553
2.40127e-09	0.0135592
2.40134e-09	0.0135631
2.40141e-09	0.0135669
2.40148e-09	0.0135707
2.40155e-09	0.0135745
2.40162e-09	0.0135782
2.40169e-09	0.0135819
2.40176e-09	0.0135855
2.40183e-09	0.0135892
2.4019e-09	0.0135927
2.40197e-09	0.0135963
2.40205e-09	0.0135998
2.40212e-09	0.0136033
2.40219e-09	0.0136068
2.40226e-09	0.0136102
2.40233e-09	0.0136136
2.4024e-09	0.0136169
2.40247e-09	0.0136202
2.40254e-09	0.0136235
2.40261e-09	0.0136267
2.40268e-09	0.01363
2.40275e-09	0.0136331
2.40283e-09	0.0136363
2.4029e-09	0.0136394
2.40297e-09	0.0136425
2.40304e-09	0.0136455
2.40311e-09	0.0136485
2.40318e-09	0.0136515
2.40325e-09	0.0136544
2.40332e-09	0.0136574
2.40339e-09	0.0136602
2.40346e-09	0.0136631
2.40354e-09	0.0136659
2.40361e-09	0.0136687
2.40368e-09	0.0136714
2.40375e-09	0.0136741
2.40382e-09	0.0136768
2.40389e-09	0.0136794
2.40396e-09	0.013682
2.40403e-09	0.0136846
2.4041e-09	0.0136872
2.40417e-09	0.0136897
2.40424e-09	0.0136922
2.40432e-09	0.0136946
2.40439e-09	0.013697
2.40446e-09	0.0136994
2.40453e-09	0.0137017
2.4046e-09	0.013704
2.40467e-09	0.0137063
2.40474e-09	0.0137086
2.40481e-09	0.0137108
2.40488e-09	0.013713
2.40495e-09	0.0137151
2.40502e-09	0.0137172
2.4051e-09	0.0137193
2.40517e-09	0.0137214
2.40524e-09	0.0137234
2.40531e-09	0.0137254
2.40538e-09	0.0137273
2.40545e-09	0.0137292
2.40552e-09	0.0137311
2.40559e-09	0.013733
2.40566e-09	0.0137348
2.40573e-09	0.0137366
2.4058e-09	0.0137384
2.40588e-09	0.0137401
2.40595e-09	0.0137418
2.40602e-09	0.0137434
2.40609e-09	0.0137451
2.40616e-09	0.0137467
2.40623e-09	0.0137482
2.4063e-09	0.0137498
2.40637e-09	0.0137513
2.40644e-09	0.0137527
2.40651e-09	0.0137542
2.40659e-09	0.0137556
2.40666e-09	0.0137569
2.40673e-09	0.0137583
2.4068e-09	0.0137596
2.40687e-09	0.0137609
2.40694e-09	0.0137621
2.40701e-09	0.0137633
2.40708e-09	0.0137645
2.40715e-09	0.0137656
2.40722e-09	0.0137668
2.40729e-09	0.0137679
2.40737e-09	0.0137689
2.40744e-09	0.0137699
2.40751e-09	0.0137709
2.40758e-09	0.0137719
2.40765e-09	0.0137728
2.40772e-09	0.0137737
2.40779e-09	0.0137746
2.40786e-09	0.0137754
2.40793e-09	0.0137762
2.408e-09	0.013777
2.40807e-09	0.0137777
2.40815e-09	0.0137784
2.40822e-09	0.0137791
2.40829e-09	0.0137798
2.40836e-09	0.0137804
2.40843e-09	0.013781
2.4085e-09	0.0137815
2.40857e-09	0.013782
2.40864e-09	0.0137825
2.40871e-09	0.013783
2.40878e-09	0.0137834
2.40885e-09	0.0137838
2.40893e-09	0.0137842
2.409e-09	0.0137845
2.40907e-09	0.0137848
2.40914e-09	0.0137851
2.40921e-09	0.0137854
2.40928e-09	0.0137856
2.40935e-09	0.0137858
2.40942e-09	0.0137859
2.40949e-09	0.013786
2.40956e-09	0.0137861
2.40963e-09	0.0137862
2.40971e-09	0.0137862
2.40978e-09	0.0137862
2.40985e-09	0.0137862
2.40992e-09	0.0137861
2.40999e-09	0.0137861
2.41006e-09	0.0137859
2.41013e-09	0.0137858
2.4102e-09	0.0137856
2.41027e-09	0.0137854
2.41034e-09	0.0137852
2.41042e-09	0.0137849
2.41049e-09	0.0137846
2.41056e-09	0.0137843
2.41063e-09	0.0137839
2.4107e-09	0.0137835
2.41077e-09	0.0137831
2.41084e-09	0.0137826
2.41091e-09	0.0137822
2.41098e-09	0.0137817
2.41105e-09	0.0137811
2.41112e-09	0.0137806
2.4112e-09	0.01378
2.41127e-09	0.0137793
2.41134e-09	0.0137787
2.41141e-09	0.013778
2.41148e-09	0.0137773
2.41155e-09	0.0137765
2.41162e-09	0.0137758
2.41169e-09	0.0137749
2.41176e-09	0.0137741
2.41183e-09	0.0137733
2.4119e-09	0.0137724
2.41198e-09	0.0137714
2.41205e-09	0.0137705
2.41212e-09	0.0137695
2.41219e-09	0.0137685
2.41226e-09	0.0137675
2.41233e-09	0.0137664
2.4124e-09	0.0137653
2.41247e-09	0.0137642
2.41254e-09	0.013763
2.41261e-09	0.0137618
2.41268e-09	0.0137606
2.41276e-09	0.0137594
2.41283e-09	0.0137581
2.4129e-09	0.0137568
2.41297e-09	0.0137555
2.41304e-09	0.0137541
2.41311e-09	0.0137528
2.41318e-09	0.0137513
2.41325e-09	0.0137499
2.41332e-09	0.0137484
2.41339e-09	0.0137469
2.41347e-09	0.0137454
2.41354e-09	0.0137439
2.41361e-09	0.0137423
2.41368e-09	0.0137407
2.41375e-09	0.013739
2.41382e-09	0.0137373
2.41389e-09	0.0137357
2.41396e-09	0.0137339
2.41403e-09	0.0137322
2.4141e-09	0.0137304
2.41417e-09	0.0137286
2.41425e-09	0.0137267
2.41432e-09	0.0137249
2.41439e-09	0.013723
2.41446e-09	0.0137211
2.41453e-09	0.0137191
2.4146e-09	0.0137171
2.41467e-09	0.0137151
2.41474e-09	0.0137131
2.41481e-09	0.013711
2.41488e-09	0.013709
2.41495e-09	0.0137068
2.41503e-09	0.0137047
2.4151e-09	0.0137025
2.41517e-09	0.0137003
2.41524e-09	0.0136981
2.41531e-09	0.0136958
2.41538e-09	0.0136936
2.41545e-09	0.0136913
2.41552e-09	0.0136889
2.41559e-09	0.0136866
2.41566e-09	0.0136842
2.41573e-09	0.0136818
2.41581e-09	0.0136793
2.41588e-09	0.0136768
2.41595e-09	0.0136743
2.41602e-09	0.0136718
2.41609e-09	0.0136693
2.41616e-09	0.0136667
2.41623e-09	0.0136641
2.4163e-09	0.0136614
2.41637e-09	0.0136588
2.41644e-09	0.0136561
2.41651e-09	0.0136534
2.41659e-09	0.0136506
2.41666e-09	0.0136479
2.41673e-09	0.0136451
2.4168e-09	0.0136423
2.41687e-09	0.0136394
2.41694e-09	0.0136365
2.41701e-09	0.0136336
2.41708e-09	0.0136307
2.41715e-09	0.0136277
2.41722e-09	0.0136248
2.4173e-09	0.0136218
2.41737e-09	0.0136187
2.41744e-09	0.0136157
2.41751e-09	0.0136126
2.41758e-09	0.0136095
2.41765e-09	0.0136063
2.41772e-09	0.0136032
2.41779e-09	0.0136
2.41786e-09	0.0135968
2.41793e-09	0.0135935
2.418e-09	0.0135902
2.41808e-09	0.013587
2.41815e-09	0.0135836
2.41822e-09	0.0135803
2.41829e-09	0.0135769
2.41836e-09	0.0135735
2.41843e-09	0.0135701
2.4185e-09	0.0135666
2.41857e-09	0.0135632
2.41864e-09	0.0135597
2.41871e-09	0.0135561
2.41878e-09	0.0135526
2.41886e-09	0.013549
2.41893e-09	0.0135454
2.419e-09	0.0135418
2.41907e-09	0.0135381
2.41914e-09	0.0135344
2.41921e-09	0.0135307
2.41928e-09	0.013527
2.41935e-09	0.0135232
2.41942e-09	0.0135195
2.41949e-09	0.0135157
2.41956e-09	0.0135118
2.41964e-09	0.013508
2.41971e-09	0.0135041
2.41978e-09	0.0135002
2.41985e-09	0.0134963
2.41992e-09	0.0134923
2.41999e-09	0.0134883
2.42006e-09	0.0134843
2.42013e-09	0.0134803
2.4202e-09	0.0134762
2.42027e-09	0.0134721
2.42035e-09	0.013468
2.42042e-09	0.0134639
2.42049e-09	0.0134597
2.42056e-09	0.0134556
2.42063e-09	0.0134514
2.4207e-09	0.0134471
2.42077e-09	0.0134429
2.42084e-09	0.0134386
2.42091e-09	0.0134343
2.42098e-09	0.01343
2.42105e-09	0.0134256
2.42113e-09	0.0134212
2.4212e-09	0.0134169
2.42127e-09	0.0134124
2.42134e-09	0.013408
2.42141e-09	0.0134035
2.42148e-09	0.013399
2.42155e-09	0.0133945
2.42162e-09	0.0133899
2.42169e-09	0.0133854
2.42176e-09	0.0133808
2.42183e-09	0.0133762
2.42191e-09	0.0133715
2.42198e-09	0.0133669
2.42205e-09	0.0133622
2.42212e-09	0.0133575
2.42219e-09	0.0133527
2.42226e-09	0.013348
2.42233e-09	0.0133432
2.4224e-09	0.0133384
2.42247e-09	0.0133336
2.42254e-09	0.0133287
2.42261e-09	0.0133238
2.42269e-09	0.0133189
2.42276e-09	0.013314
2.42283e-09	0.0133091
2.4229e-09	0.0133041
2.42297e-09	0.0132991
2.42304e-09	0.0132941
2.42311e-09	0.013289
2.42318e-09	0.013284
2.42325e-09	0.0132789
2.42332e-09	0.0132738
2.42339e-09	0.0132686
2.42347e-09	0.0132635
2.42354e-09	0.0132583
2.42361e-09	0.0132531
2.42368e-09	0.0132479
2.42375e-09	0.0132426
2.42382e-09	0.0132374
2.42389e-09	0.0132321
2.42396e-09	0.0132268
2.42403e-09	0.0132214
2.4241e-09	0.0132161
2.42418e-09	0.0132107
2.42425e-09	0.0132053
2.42432e-09	0.0131999
2.42439e-09	0.0131944
2.42446e-09	0.0131889
2.42453e-09	0.0131834
2.4246e-09	0.0131779
2.42467e-09	0.0131724
2.42474e-09	0.0131668
2.42481e-09	0.0131612
2.42488e-09	0.0131556
2.42496e-09	0.01315
2.42503e-09	0.0131443
2.4251e-09	0.0131387
2.42517e-09	0.013133
2.42524e-09	0.0131273
2.42531e-09	0.0131215
2.42538e-09	0.0131158
2.42545e-09	0.01311
2.42552e-09	0.0131042
2.42559e-09	0.0130983
2.42566e-09	0.0130925
2.42574e-09	0.0130866
2.42581e-09	0.0130807
2.42588e-09	0.0130748
2.42595e-09	0.0130689
2.42602e-09	0.0130629
2.42609e-09	0.0130569
2.42616e-09	0.0130509
2.42623e-09	0.0130449
2.4263e-09	0.0130389
2.42637e-09	0.0130328
2.42644e-09	0.0130267
2.42652e-09	0.0130206
2.42659e-09	0.0130145
2.42666e-09	0.0130083
2.42673e-09	0.0130022
2.4268e-09	0.012996
2.42687e-09	0.0129898
2.42694e-09	0.0129835
2.42701e-09	0.0129773
2.42708e-09	0.012971
2.42715e-09	0.0129647
2.42723e-09	0.0129584
2.4273e-09	0.0129521
2.42737e-09	0.0129457
2.42744e-09	0.0129393
2.42751e-09	0.0129329
2.42758e-09	0.0129265
2.42765e-09	0.01292
2.42772e-09	0.0129136
2.42779e-09	0.0129071
2.42786e-09	0.0129006
2.42793e-09	0.0128941
2.42801e-09	0.0128875
2.42808e-09	0.012881
2.42815e-09	0.0128744
2.42822e-09	0.0128678
2.42829e-09	0.0128611
2.42836e-09	0.0128545
2.42843e-09	0.0128478
2.4285e-09	0.0128411
2.42857e-09	0.0128344
2.42864e-09	0.0128277
2.42871e-09	0.012821
2.42879e-09	0.0128142
2.42886e-09	0.0128074
2.42893e-09	0.0128006
2.429e-09	0.0127938
2.42907e-09	0.0127869
2.42914e-09	0.0127801
2.42921e-09	0.0127732
2.42928e-09	0.0127663
2.42935e-09	0.0127593
2.42942e-09	0.0127524
2.42949e-09	0.0127454
2.42957e-09	0.0127384
2.42964e-09	0.0127314
2.42971e-09	0.0127244
2.42978e-09	0.0127174
2.42985e-09	0.0127103
2.42992e-09	0.0127032
2.42999e-09	0.0126961
2.43006e-09	0.012689
2.43013e-09	0.0126819
2.4302e-09	0.0126747
2.43027e-09	0.0126675
2.43035e-09	0.0126603
2.43042e-09	0.0126531
2.43049e-09	0.0126459
2.43056e-09	0.0126386
2.43063e-09	0.0126313
2.4307e-09	0.012624
2.43077e-09	0.0126167
2.43084e-09	0.0126094
2.43091e-09	0.012602
2.43098e-09	0.0125947
2.43106e-09	0.0125873
2.43113e-09	0.0125799
2.4312e-09	0.0125725
2.43127e-09	0.012565
2.43134e-09	0.0125576
2.43141e-09	0.0125501
2.43148e-09	0.0125426
2.43155e-09	0.0125351
2.43162e-09	0.0125275
2.43169e-09	0.01252
2.43176e-09	0.0125124
2.43184e-09	0.0125048
2.43191e-09	0.0124972
2.43198e-09	0.0124896
2.43205e-09	0.0124819
2.43212e-09	0.0124743
2.43219e-09	0.0124666
2.43226e-09	0.0124589
2.43233e-09	0.0124511
2.4324e-09	0.0124434
2.43247e-09	0.0124357
2.43254e-09	0.0124279
2.43262e-09	0.0124201
2.43269e-09	0.0124123
2.43276e-09	0.0124045
2.43283e-09	0.0123966
2.4329e-09	0.0123888
2.43297e-09	0.0123809
2.43304e-09	0.012373
2.43311e-09	0.0123651
2.43318e-09	0.0123571
2.43325e-09	0.0123492
2.43332e-09	0.0123412
2.4334e-09	0.0123332
2.43347e-09	0.0123252
2.43354e-09	0.0123172
2.43361e-09	0.0123092
2.43368e-09	0.0123011
2.43375e-09	0.012293
2.43382e-09	0.012285
2.43389e-09	0.0122769
2.43396e-09	0.0122687
2.43403e-09	0.0122606
2.43411e-09	0.0122524
2.43418e-09	0.0122443
2.43425e-09	0.0122361
2.43432e-09	0.0122279
2.43439e-09	0.0122196
2.43446e-09	0.0122114
2.43453e-09	0.0122031
2.4346e-09	0.0121949
2.43467e-09	0.0121866
2.43474e-09	0.0121783
2.43481e-09	0.0121699
2.43489e-09	0.0121616
2.43496e-09	0.0121532
2.43503e-09	0.0121449
2.4351e-09	0.0121365
2.43517e-09	0.0121281
2.43524e-09	0.0121196
2.43531e-09	0.0121112
2.43538e-09	0.0121027
2.43545e-09	0.0120943
2.43552e-09	0.0120858
2.43559e-09	0.0120773
2.43567e-09	0.0120687
2.43574e-09	0.0120602
2.43581e-09	0.0120517
2.43588e-09	0.0120431
2.43595e-09	0.0120345
2.43602e-09	0.0120259
2.43609e-09	0.0120173
2.43616e-09	0.0120086
2.43623e-09	0.012
2.4363e-09	0.0119913
2.43637e-09	0.0119826
2.43645e-09	0.0119739
2.43652e-09	0.0119652
2.43659e-09	0.0119565
2.43666e-09	0.0119478
2.43673e-09	0.011939
2.4368e-09	0.0119302
2.43687e-09	0.0119214
2.43694e-09	0.0119126
2.43701e-09	0.0119038
2.43708e-09	0.011895
2.43715e-09	0.0118861
2.43723e-09	0.0118772
2.4373e-09	0.0118683
2.43737e-09	0.0118595
2.43744e-09	0.0118505
2.43751e-09	0.0118416
2.43758e-09	0.0118327
2.43765e-09	0.0118237
2.43772e-09	0.0118147
2.43779e-09	0.0118057
2.43786e-09	0.0117967
2.43794e-09	0.0117877
2.43801e-09	0.0117787
2.43808e-09	0.0117696
2.43815e-09	0.0117606
2.43822e-09	0.0117515
2.43829e-09	0.0117424
2.43836e-09	0.0117333
2.43843e-09	0.0117242
2.4385e-09	0.011715
2.43857e-09	0.0117059
2.43864e-09	0.0116967
2.43872e-09	0.0116875
2.43879e-09	0.0116783
2.43886e-09	0.0116691
2.43893e-09	0.0116599
2.439e-09	0.0116506
2.43907e-09	0.0116414
2.43914e-09	0.0116321
2.43921e-09	0.0116228
2.43928e-09	0.0116135
2.43935e-09	0.0116042
2.43942e-09	0.0115949
2.4395e-09	0.0115856
2.43957e-09	0.0115762
2.43964e-09	0.0115668
2.43971e-09	0.0115575
2.43978e-09	0.0115481
2.43985e-09	0.0115387
2.43992e-09	0.0115292
2.43999e-09	0.0115198
2.44006e-09	0.0115104
2.44013e-09	0.0115009
2.4402e-09	0.0114914
2.44028e-09	0.0114819
2.44035e-09	0.0114724
2.44042e-09	0.0114629
2.44049e-09	0.0114534
2.44056e-09	0.0114438
2.44063e-09	0.0114343
2.4407e-09	0.0114247
2.44077e-09	0.0114151
2.44084e-09	0.0114055
2.44091e-09	0.0113959
2.44099e-09	0.0113863
2.44106e-09	0.0113766
2.44113e-09	0.011367
2.4412e-09	0.0113573
2.44127e-09	0.0113476
2.44134e-09	0.0113379
2.44141e-09	0.0113282
2.44148e-09	0.0113185
2.44155e-09	0.0113088
2.44162e-09	0.011299
2.44169e-09	0.0112893
2.44177e-09	0.0112795
2.44184e-09	0.0112697
2.44191e-09	0.0112599
2.44198e-09	0.0112501
2.44205e-09	0.0112403
2.44212e-09	0.0112305
2.44219e-09	0.0112206
2.44226e-09	0.0112108
2.44233e-09	0.0112009
2.4424e-09	0.011191
2.44247e-09	0.0111811
2.44255e-09	0.0111712
2.44262e-09	0.0111613
2.44269e-09	0.0111513
2.44276e-09	0.0111414
2.44283e-09	0.0111314
2.4429e-09	0.0111215
2.44297e-09	0.0111115
2.44304e-09	0.0111015
2.44311e-09	0.0110915
2.44318e-09	0.0110815
2.44325e-09	0.0110714
2.44333e-09	0.0110614
2.4434e-09	0.0110513
2.44347e-09	0.0110413
2.44354e-09	0.0110312
2.44361e-09	0.0110211
2.44368e-09	0.011011
2.44375e-09	0.0110009
2.44382e-09	0.0109908
2.44389e-09	0.0109806
2.44396e-09	0.0109705
2.44403e-09	0.0109603
2.44411e-09	0.0109501
2.44418e-09	0.0109399
2.44425e-09	0.0109298
2.44432e-09	0.0109195
2.44439e-09	0.0109093
2.44446e-09	0.0108991
2.44453e-09	0.0108889
2.4446e-09	0.0108786
2.44467e-09	0.0108683
2.44474e-09	0.0108581
2.44482e-09	0.0108478
2.44489e-09	0.0108375
2.44496e-09	0.0108272
2.44503e-09	0.0108168
2.4451e-09	0.0108065
2.44517e-09	0.0107962
2.44524e-09	0.0107858
2.44531e-09	0.0107754
2.44538e-09	0.0107651
2.44545e-09	0.0107547
2.44552e-09	0.0107443
2.4456e-09	0.0107339
2.44567e-09	0.0107235
2.44574e-09	0.010713
2.44581e-09	0.0107026
2.44588e-09	0.0106921
2.44595e-09	0.0106817
2.44602e-09	0.0106712
2.44609e-09	0.0106607
2.44616e-09	0.0106502
2.44623e-09	0.0106397
2.4463e-09	0.0106292
2.44638e-09	0.0106187
2.44645e-09	0.0106081
2.44652e-09	0.0105976
2.44659e-09	0.010587
2.44666e-09	0.0105765
2.44673e-09	0.0105659
2.4468e-09	0.0105553
2.44687e-09	0.0105447
2.44694e-09	0.0105341
2.44701e-09	0.0105235
2.44708e-09	0.0105129
2.44716e-09	0.0105022
2.44723e-09	0.0104916
2.4473e-09	0.0104809
2.44737e-09	0.0104703
2.44744e-09	0.0104596
2.44751e-09	0.0104489
2.44758e-09	0.0104382
2.44765e-09	0.0104275
2.44772e-09	0.0104168
2.44779e-09	0.010406
2.44787e-09	0.0103953
2.44794e-09	0.0103846
2.44801e-09	0.0103738
2.44808e-09	0.010363
2.44815e-09	0.0103523
2.44822e-09	0.0103415
2.44829e-09	0.0103307
2.44836e-09	0.0103199
2.44843e-09	0.0103091
2.4485e-09	0.0102983
2.44857e-09	0.0102874
2.44865e-09	0.0102766
2.44872e-09	0.0102657
2.44879e-09	0.0102549
2.44886e-09	0.010244
2.44893e-09	0.0102331
2.449e-09	0.0102223
2.44907e-09	0.0102114
2.44914e-09	0.0102005
2.44921e-09	0.0101896
2.44928e-09	0.0101786
2.44935e-09	0.0101677
2.44943e-09	0.0101568
2.4495e-09	0.0101458
2.44957e-09	0.0101349
2.44964e-09	0.0101239
2.44971e-09	0.0101129
2.44978e-09	0.0101019
2.44985e-09	0.0100909
2.44992e-09	0.0100799
2.44999e-09	0.0100689
2.45006e-09	0.0100579
2.45013e-09	0.0100469
2.45021e-09	0.0100359
2.45028e-09	0.0100248
2.45035e-09	0.0100138
2.45042e-09	0.0100027
2.45049e-09	0.00999164
2.45056e-09	0.00998057
2.45063e-09	0.00996948
2.4507e-09	0.00995839
2.45077e-09	0.00994729
2.45084e-09	0.00993618
2.45092e-09	0.00992507
2.45099e-09	0.00991394
2.45106e-09	0.00990281
2.45113e-09	0.00989167
2.4512e-09	0.00988052
2.45127e-09	0.00986936
2.45134e-09	0.0098582
2.45141e-09	0.00984703
2.45148e-09	0.00983585
2.45155e-09	0.00982466
2.45162e-09	0.00981346
2.4517e-09	0.00980226
2.45177e-09	0.00979105
2.45184e-09	0.00977983
2.45191e-09	0.00976861
2.45198e-09	0.00975737
2.45205e-09	0.00974613
2.45212e-09	0.00973488
2.45219e-09	0.00972363
2.45226e-09	0.00971236
2.45233e-09	0.00970109
2.4524e-09	0.00968981
2.45248e-09	0.00967853
2.45255e-09	0.00966723
2.45262e-09	0.00965593
2.45269e-09	0.00964462
2.45276e-09	0.00963331
2.45283e-09	0.00962199
2.4529e-09	0.00961066
2.45297e-09	0.00959932
2.45304e-09	0.00958798
2.45311e-09	0.00957663
2.45318e-09	0.00956527
2.45326e-09	0.00955391
2.45333e-09	0.00954254
2.4534e-09	0.00953116
2.45347e-09	0.00951977
2.45354e-09	0.00950838
2.45361e-09	0.00949698
2.45368e-09	0.00948558
2.45375e-09	0.00947417
2.45382e-09	0.00946275
2.45389e-09	0.00945132
2.45396e-09	0.00943989
2.45404e-09	0.00942845
2.45411e-09	0.00941701
2.45418e-09	0.00940556
2.45425e-09	0.0093941
2.45432e-09	0.00938264
2.45439e-09	0.00937117
2.45446e-09	0.00935969
2.45453e-09	0.00934821
2.4546e-09	0.00933672
2.45467e-09	0.00932522
2.45475e-09	0.00931372
2.45482e-09	0.00930221
2.45489e-09	0.0092907
2.45496e-09	0.00927917
2.45503e-09	0.00926765
2.4551e-09	0.00925612
2.45517e-09	0.00924458
2.45524e-09	0.00923303
2.45531e-09	0.00922148
2.45538e-09	0.00920992
2.45545e-09	0.00919836
2.45553e-09	0.00918679
2.4556e-09	0.00917522
2.45567e-09	0.00916364
2.45574e-09	0.00915205
2.45581e-09	0.00914046
2.45588e-09	0.00912887
2.45595e-09	0.00911726
2.45602e-09	0.00910566
2.45609e-09	0.00909404
2.45616e-09	0.00908242
2.45623e-09	0.0090708
2.45631e-09	0.00905917
2.45638e-09	0.00904753
2.45645e-09	0.00903589
2.45652e-09	0.00902424
2.45659e-09	0.00901259
2.45666e-09	0.00900093
2.45673e-09	0.00898927
2.4568e-09	0.0089776
2.45687e-09	0.00896593
2.45694e-09	0.00895425
2.45701e-09	0.00894257
2.45709e-09	0.00893088
2.45716e-09	0.00891919
2.45723e-09	0.00890749
2.4573e-09	0.00889578
2.45737e-09	0.00888408
2.45744e-09	0.00887236
2.45751e-09	0.00886064
2.45758e-09	0.00884892
2.45765e-09	0.00883719
2.45772e-09	0.00882546
2.4578e-09	0.00881372
2.45787e-09	0.00880198
2.45794e-09	0.00879023
2.45801e-09	0.00877848
2.45808e-09	0.00876672
2.45815e-09	0.00875496
2.45822e-09	0.0087432
2.45829e-09	0.00873142
2.45836e-09	0.00871965
2.45843e-09	0.00870787
2.4585e-09	0.00869609
2.45858e-09	0.0086843
2.45865e-09	0.00867251
2.45872e-09	0.00866071
2.45879e-09	0.00864891
2.45886e-09	0.0086371
2.45893e-09	0.00862529
2.459e-09	0.00861348
2.45907e-09	0.00860166
2.45914e-09	0.00858984
2.45921e-09	0.00857801
2.45928e-09	0.00856618
2.45936e-09	0.00855435
2.45943e-09	0.00854251
2.4595e-09	0.00853066
2.45957e-09	0.00851882
2.45964e-09	0.00850697
2.45971e-09	0.00849511
2.45978e-09	0.00848325
2.45985e-09	0.00847139
2.45992e-09	0.00845953
2.45999e-09	0.00844766
2.46006e-09	0.00843578
2.46014e-09	0.0084239
2.46021e-09	0.00841202
2.46028e-09	0.00840014
2.46035e-09	0.00838825
2.46042e-09	0.00837636
2.46049e-09	0.00836446
2.46056e-09	0.00835256
2.46063e-09	0.00834066
2.4607e-09	0.00832876
2.46077e-09	0.00831685
2.46084e-09	0.00830493
2.46092e-09	0.00829302
2.46099e-09	0.0082811
2.46106e-09	0.00826918
2.46113e-09	0.00825725
2.4612e-09	0.00824532
2.46127e-09	0.00823339
2.46134e-09	0.00822145
2.46141e-09	0.00820951
2.46148e-09	0.00819757
2.46155e-09	0.00818563
2.46163e-09	0.00817368
2.4617e-09	0.00816173
2.46177e-09	0.00814977
2.46184e-09	0.00813782
2.46191e-09	0.00812586
2.46198e-09	0.00811389
2.46205e-09	0.00810193
2.46212e-09	0.00808996
2.46219e-09	0.00807799
2.46226e-09	0.00806602
2.46233e-09	0.00805404
2.46241e-09	0.00804206
2.46248e-09	0.00803008
2.46255e-09	0.00801809
2.46262e-09	0.00800611
2.46269e-09	0.00799411
2.46276e-09	0.00798212
2.46283e-09	0.00797013
2.4629e-09	0.00795813
2.46297e-09	0.00794613
2.46304e-09	0.00793413
2.46311e-09	0.00792212
2.46319e-09	0.00791012
2.46326e-09	0.00789811
2.46333e-09	0.00788609
2.4634e-09	0.00787408
2.46347e-09	0.00786206
2.46354e-09	0.00785004
2.46361e-09	0.00783802
2.46368e-09	0.007826
2.46375e-09	0.00781398
2.46382e-09	0.00780195
2.46389e-09	0.00778992
2.46397e-09	0.00777789
2.46404e-09	0.00776586
2.46411e-09	0.00775382
2.46418e-09	0.00774178
2.46425e-09	0.00772974
2.46432e-09	0.0077177
2.46439e-09	0.00770566
2.46446e-09	0.00769362
2.46453e-09	0.00768157
2.4646e-09	0.00766952
2.46468e-09	0.00765747
2.46475e-09	0.00764542
2.46482e-09	0.00763337
2.46489e-09	0.00762131
2.46496e-09	0.00760925
2.46503e-09	0.0075972
2.4651e-09	0.00758514
2.46517e-09	0.00757308
2.46524e-09	0.00756101
2.46531e-09	0.00754895
2.46538e-09	0.00753688
2.46546e-09	0.00752482
2.46553e-09	0.00751275
2.4656e-09	0.00750068
2.46567e-09	0.00748861
2.46574e-09	0.00747653
2.46581e-09	0.00746446
2.46588e-09	0.00745239
2.46595e-09	0.00744031
2.46602e-09	0.00742823
2.46609e-09	0.00741615
2.46616e-09	0.00740407
2.46624e-09	0.00739199
2.46631e-09	0.00737991
2.46638e-09	0.00736783
2.46645e-09	0.00735575
2.46652e-09	0.00734366
2.46659e-09	0.00733158
2.46666e-09	0.00731949
2.46673e-09	0.0073074
2.4668e-09	0.00729531
2.46687e-09	0.00728323
2.46694e-09	0.00727114
2.46702e-09	0.00725904
2.46709e-09	0.00724695
2.46716e-09	0.00723486
2.46723e-09	0.00722277
2.4673e-09	0.00721068
2.46737e-09	0.00719858
2.46744e-09	0.00718649
2.46751e-09	0.00717439
2.46758e-09	0.0071623
2.46765e-09	0.0071502
2.46772e-09	0.0071381
2.4678e-09	0.00712601
2.46787e-09	0.00711391
2.46794e-09	0.00710181
2.46801e-09	0.00708971
2.46808e-09	0.00707761
2.46815e-09	0.00706552
2.46822e-09	0.00705342
2.46829e-09	0.00704132
2.46836e-09	0.00702922
2.46843e-09	0.00701712
2.46851e-09	0.00700502
2.46858e-09	0.00699292
2.46865e-09	0.00698082
2.46872e-09	0.00696872
2.46879e-09	0.00695662
2.46886e-09	0.00694452
2.46893e-09	0.00693241
2.469e-09	0.00692031
2.46907e-09	0.00690821
2.46914e-09	0.00689611
2.46921e-09	0.00688401
2.46929e-09	0.00687191
2.46936e-09	0.00685981
2.46943e-09	0.00684771
2.4695e-09	0.00683561
2.46957e-09	0.00682352
2.46964e-09	0.00681142
2.46971e-09	0.00679932
2.46978e-09	0.00678722
2.46985e-09	0.00677512
2.46992e-09	0.00676302
2.46999e-09	0.00675093
2.47007e-09	0.00673883
2.47014e-09	0.00672673
2.47021e-09	0.00671464
2.47028e-09	0.00670254
2.47035e-09	0.00669045
2.47042e-09	0.00667835
2.47049e-09	0.00666626
2.47056e-09	0.00665417
2.47063e-09	0.00664208
2.4707e-09	0.00662998
2.47077e-09	0.00661789
2.47085e-09	0.0066058
2.47092e-09	0.00659371
2.47099e-09	0.00658163
2.47106e-09	0.00656954
2.47113e-09	0.00655745
2.4712e-09	0.00654537
2.47127e-09	0.00653328
2.47134e-09	0.0065212
2.47141e-09	0.00650911
2.47148e-09	0.00649703
2.47156e-09	0.00648495
2.47163e-09	0.00647287
2.4717e-09	0.00646079
2.47177e-09	0.00644871
2.47184e-09	0.00643664
2.47191e-09	0.00642456
2.47198e-09	0.00641249
2.47205e-09	0.00640041
2.47212e-09	0.00638834
2.47219e-09	0.00637627
2.47226e-09	0.0063642
2.47234e-09	0.00635213
2.47241e-09	0.00634006
2.47248e-09	0.006328
2.47255e-09	0.00631593
2.47262e-09	0.00630387
2.47269e-09	0.00629181
2.47276e-09	0.00627975
2.47283e-09	0.00626769
2.4729e-09	0.00625563
2.47297e-09	0.00624358
2.47304e-09	0.00623152
2.47312e-09	0.00621947
2.47319e-09	0.00620742
2.47326e-09	0.00619537
2.47333e-09	0.00618332
2.4734e-09	0.00617128
2.47347e-09	0.00615924
2.47354e-09	0.00614719
2.47361e-09	0.00613515
2.47368e-09	0.00612311
2.47375e-09	0.00611108
2.47382e-09	0.00609904
2.4739e-09	0.00608701
2.47397e-09	0.00607498
2.47404e-09	0.00606295
2.47411e-09	0.00605092
2.47418e-09	0.00603889
2.47425e-09	0.00602687
2.47432e-09	0.00601485
2.47439e-09	0.00600283
2.47446e-09	0.00599081
2.47453e-09	0.0059788
2.4746e-09	0.00596678
2.47468e-09	0.00595477
2.47475e-09	0.00594276
2.47482e-09	0.00593076
2.47489e-09	0.00591875
2.47496e-09	0.00590675
2.47503e-09	0.00589475
2.4751e-09	0.00588275
2.47517e-09	0.00587076
2.47524e-09	0.00585876
2.47531e-09	0.00584677
2.47539e-09	0.00583479
2.47546e-09	0.0058228
2.47553e-09	0.00581082
2.4756e-09	0.00579884
2.47567e-09	0.00578686
2.47574e-09	0.00577488
2.47581e-09	0.00576291
2.47588e-09	0.00575094
2.47595e-09	0.00573897
2.47602e-09	0.005727
2.47609e-09	0.00571504
2.47617e-09	0.00570308
2.47624e-09	0.00569112
2.47631e-09	0.00567917
2.47638e-09	0.00566721
2.47645e-09	0.00565526
2.47652e-09	0.00564332
2.47659e-09	0.00563137
2.47666e-09	0.00561943
2.47673e-09	0.0056075
2.4768e-09	0.00559556
2.47687e-09	0.00558363
2.47695e-09	0.0055717
2.47702e-09	0.00555977
2.47709e-09	0.00554785
2.47716e-09	0.00553593
2.47723e-09	0.00552401
2.4773e-09	0.00551209
2.47737e-09	0.00550018
2.47744e-09	0.00548827
2.47751e-09	0.00547637
2.47758e-09	0.00546447
2.47765e-09	0.00545257
2.47773e-09	0.00544067
2.4778e-09	0.00542878
2.47787e-09	0.00541689
2.47794e-09	0.005405
2.47801e-09	0.00539312
2.47808e-09	0.00538124
2.47815e-09	0.00536937
2.47822e-09	0.00535749
2.47829e-09	0.00534562
2.47836e-09	0.00533376
2.47844e-09	0.00532189
2.47851e-09	0.00531004
2.47858e-09	0.00529818
2.47865e-09	0.00528633
2.47872e-09	0.00527448
2.47879e-09	0.00526263
2.47886e-09	0.00525079
2.47893e-09	0.00523895
2.479e-09	0.00522712
2.47907e-09	0.00521529
2.47914e-09	0.00520346
2.47922e-09	0.00519164
2.47929e-09	0.00517982
2.47936e-09	0.005168
2.47943e-09	0.00515619
2.4795e-09	0.00514438
2.47957e-09	0.00513257
2.47964e-09	0.00512077
2.47971e-09	0.00510898
2.47978e-09	0.00509718
2.47985e-09	0.00508539
2.47992e-09	0.00507361
2.48e-09	0.00506183
2.48007e-09	0.00505005
2.48014e-09	0.00503827
2.48021e-09	0.0050265
2.48028e-09	0.00501474
2.48035e-09	0.00500298
2.48042e-09	0.00499122
2.48049e-09	0.00497946
2.48056e-09	0.00496771
2.48063e-09	0.00495597
2.4807e-09	0.00494423
2.48078e-09	0.00493249
2.48085e-09	0.00492076
2.48092e-09	0.00490903
2.48099e-09	0.0048973
2.48106e-09	0.00488558
2.48113e-09	0.00487387
2.4812e-09	0.00486215
2.48127e-09	0.00485045
2.48134e-09	0.00483874
2.48141e-09	0.00482704
2.48148e-09	0.00481535
2.48156e-09	0.00480366
2.48163e-09	0.00479197
2.4817e-09	0.00478029
2.48177e-09	0.00476862
2.48184e-09	0.00475694
2.48191e-09	0.00474528
2.48198e-09	0.00473361
2.48205e-09	0.00472195
2.48212e-09	0.0047103
2.48219e-09	0.00469865
2.48227e-09	0.004687
2.48234e-09	0.00467536
2.48241e-09	0.00466373
2.48248e-09	0.0046521
2.48255e-09	0.00464047
2.48262e-09	0.00462885
2.48269e-09	0.00461723
2.48276e-09	0.00460562
2.48283e-09	0.00459401
2.4829e-09	0.00458241
2.48297e-09	0.00457081
2.48305e-09	0.00455922
2.48312e-09	0.00454763
2.48319e-09	0.00453605
2.48326e-09	0.00452447
2.48333e-09	0.0045129
2.4834e-09	0.00450133
2.48347e-09	0.00448976
2.48354e-09	0.00447821
2.48361e-09	0.00446665
2.48368e-09	0.0044551
2.48375e-09	0.00444356
2.48383e-09	0.00443202
2.4839e-09	0.00442049
2.48397e-09	0.00440896
2.48404e-09	0.00439744
2.48411e-09	0.00438592
2.48418e-09	0.00437441
2.48425e-09	0.0043629
2.48432e-09	0.0043514
2.48439e-09	0.0043399
2.48446e-09	0.00432841
2.48453e-09	0.00431692
2.48461e-09	0.00430544
2.48468e-09	0.00429396
2.48475e-09	0.00428249
2.48482e-09	0.00427103
2.48489e-09	0.00425956
2.48496e-09	0.00424811
2.48503e-09	0.00423666
2.4851e-09	0.00422522
2.48517e-09	0.00421378
2.48524e-09	0.00420235
2.48532e-09	0.00419092
2.48539e-09	0.0041795
2.48546e-09	0.00416808
2.48553e-09	0.00415667
2.4856e-09	0.00414526
2.48567e-09	0.00413386
2.48574e-09	0.00412247
2.48581e-09	0.00411108
2.48588e-09	0.0040997
2.48595e-09	0.00408832
2.48602e-09	0.00407695
2.4861e-09	0.00406558
2.48617e-09	0.00405422
2.48624e-09	0.00404287
2.48631e-09	0.00403152
2.48638e-09	0.00402017
2.48645e-09	0.00400884
2.48652e-09	0.00399751
2.48659e-09	0.00398618
2.48666e-09	0.00397486
2.48673e-09	0.00396355
2.4868e-09	0.00395224
2.48688e-09	0.00394093
2.48695e-09	0.00392964
2.48702e-09	0.00391835
2.48709e-09	0.00390706
2.48716e-09	0.00389579
2.48723e-09	0.00388451
2.4873e-09	0.00387325
2.48737e-09	0.00386199
2.48744e-09	0.00385073
2.48751e-09	0.00383948
2.48758e-09	0.00382824
2.48766e-09	0.003817
2.48773e-09	0.00380577
2.4878e-09	0.00379455
2.48787e-09	0.00378333
2.48794e-09	0.00377212
2.48801e-09	0.00376092
2.48808e-09	0.00374972
2.48815e-09	0.00373852
2.48822e-09	0.00372734
2.48829e-09	0.00371616
2.48836e-09	0.00370498
2.48844e-09	0.00369381
2.48851e-09	0.00368265
2.48858e-09	0.0036715
2.48865e-09	0.00366035
2.48872e-09	0.0036492
2.48879e-09	0.00363807
2.48886e-09	0.00362694
2.48893e-09	0.00361582
2.489e-09	0.0036047
2.48907e-09	0.00359359
2.48915e-09	0.00358248
2.48922e-09	0.00357139
2.48929e-09	0.0035603
2.48936e-09	0.00354921
2.48943e-09	0.00353813
2.4895e-09	0.00352706
2.48957e-09	0.003516
2.48964e-09	0.00350494
2.48971e-09	0.00349389
2.48978e-09	0.00348284
2.48985e-09	0.0034718
2.48993e-09	0.00346077
2.49e-09	0.00344975
2.49007e-09	0.00343873
2.49014e-09	0.00342772
2.49021e-09	0.00341671
2.49028e-09	0.00340571
2.49035e-09	0.00339472
2.49042e-09	0.00338374
2.49049e-09	0.00337276
2.49056e-09	0.00336179
2.49063e-09	0.00335082
2.49071e-09	0.00333987
2.49078e-09	0.00332892
2.49085e-09	0.00331797
2.49092e-09	0.00330704
2.49099e-09	0.00329611
2.49106e-09	0.00328518
2.49113e-09	0.00327427
2.4912e-09	0.00326336
2.49127e-09	0.00325246
2.49134e-09	0.00324156
2.49141e-09	0.00323067
2.49149e-09	0.00321979
2.49156e-09	0.00320892
2.49163e-09	0.00319805
2.4917e-09	0.00318719
2.49177e-09	0.00317634
2.49184e-09	0.00316549
2.49191e-09	0.00315465
2.49198e-09	0.00314382
2.49205e-09	0.003133
2.49212e-09	0.00312218
2.4922e-09	0.00311137
2.49227e-09	0.00310057
2.49234e-09	0.00308977
2.49241e-09	0.00307899
2.49248e-09	0.00306821
2.49255e-09	0.00305743
2.49262e-09	0.00304667
2.49269e-09	0.00303591
2.49276e-09	0.00302515
2.49283e-09	0.00301441
2.4929e-09	0.00300367
2.49298e-09	0.00299294
2.49305e-09	0.00298222
2.49312e-09	0.00297151
2.49319e-09	0.0029608
2.49326e-09	0.0029501
2.49333e-09	0.00293941
2.4934e-09	0.00292872
2.49347e-09	0.00291804
2.49354e-09	0.00290737
2.49361e-09	0.00289671
2.49368e-09	0.00288605
2.49376e-09	0.00287541
2.49383e-09	0.00286477
2.4939e-09	0.00285413
2.49397e-09	0.00284351
2.49404e-09	0.00283289
2.49411e-09	0.00282228
2.49418e-09	0.00281168
2.49425e-09	0.00280108
2.49432e-09	0.0027905
2.49439e-09	0.00277992
2.49446e-09	0.00276934
2.49454e-09	0.00275878
2.49461e-09	0.00274822
2.49468e-09	0.00273767
2.49475e-09	0.00272713
2.49482e-09	0.0027166
2.49489e-09	0.00270608
2.49496e-09	0.00269556
2.49503e-09	0.00268505
2.4951e-09	0.00267455
2.49517e-09	0.00266405
2.49524e-09	0.00265357
2.49532e-09	0.00264309
2.49539e-09	0.00263262
2.49546e-09	0.00262215
2.49553e-09	0.0026117
2.4956e-09	0.00260125
2.49567e-09	0.00259081
2.49574e-09	0.00258038
2.49581e-09	0.00256996
2.49588e-09	0.00255954
2.49595e-09	0.00254913
2.49603e-09	0.00253873
2.4961e-09	0.00252834
2.49617e-09	0.00251796
2.49624e-09	0.00250758
2.49631e-09	0.00249722
2.49638e-09	0.00248686
2.49645e-09	0.00247651
2.49652e-09	0.00246616
2.49659e-09	0.00245583
2.49666e-09	0.0024455
2.49673e-09	0.00243518
2.49681e-09	0.00242487
2.49688e-09	0.00241457
2.49695e-09	0.00240428
2.49702e-09	0.00239399
2.49709e-09	0.00238371
2.49716e-09	0.00237344
2.49723e-09	0.00236318
2.4973e-09	0.00235293
2.49737e-09	0.00234268
2.49744e-09	0.00233245
2.49751e-09	0.00232222
2.49759e-09	0.002312
2.49766e-09	0.00230178
2.49773e-09	0.00229158
2.4978e-09	0.00228139
2.49787e-09	0.0022712
2.49794e-09	0.00226102
2.49801e-09	0.00225085
2.49808e-09	0.00224069
2.49815e-09	0.00223053
2.49822e-09	0.00222039
2.49829e-09	0.00221025
2.49837e-09	0.00220012
2.49844e-09	0.00219
2.49851e-09	0.00217989
2.49858e-09	0.00216979
2.49865e-09	0.00215969
2.49872e-09	0.00214961
2.49879e-09	0.00213953
2.49886e-09	0.00212946
2.49893e-09	0.0021194
2.499e-09	0.00210935
2.49908e-09	0.0020993
2.49915e-09	0.00208927
2.49922e-09	0.00207924
2.49929e-09	0.00206923
2.49936e-09	0.00205922
2.49943e-09	0.00204922
2.4995e-09	0.00203922
2.49957e-09	0.00202924
2.49964e-09	0.00201927
2.49971e-09	0.0020093
2.49978e-09	0.00199934
2.49986e-09	0.00198939
2.49993e-09	0.00197945
2.5e-09	0.00196952
2.50007e-09	0.0019596
2.50014e-09	0.00194969
2.50021e-09	0.00193978
2.50028e-09	0.00192988
2.50035e-09	0.00192
2.50042e-09	0.00191012
2.50049e-09	0.00190025
2.50056e-09	0.00189039
2.50064e-09	0.00188053
2.50071e-09	0.00187069
2.50078e-09	0.00186086
2.50085e-09	0.00185103
2.50092e-09	0.00184121
2.50099e-09	0.0018314
2.50106e-09	0.00182161
2.50113e-09	0.00181181
2.5012e-09	0.00180203
2.50127e-09	0.00179226
2.50134e-09	0.0017825
2.50142e-09	0.00177274
2.50149e-09	0.001763
2.50156e-09	0.00175326
2.50163e-09	0.00174353
2.5017e-09	0.00173381
2.50177e-09	0.0017241
2.50184e-09	0.0017144
2.50191e-09	0.00170471
2.50198e-09	0.00169503
2.50205e-09	0.00168535
2.50212e-09	0.00167569
2.5022e-09	0.00166603
2.50227e-09	0.00165638
2.50234e-09	0.00164675
2.50241e-09	0.00163712
2.50248e-09	0.0016275
2.50255e-09	0.00161789
2.50262e-09	0.00160829
2.50269e-09	0.00159869
2.50276e-09	0.00158911
2.50283e-09	0.00157954
2.50291e-09	0.00156997
2.50298e-09	0.00156042
2.50305e-09	0.00155087
2.50312e-09	0.00154133
2.50319e-09	0.0015318
2.50326e-09	0.00152229
2.50333e-09	0.00151278
2.5034e-09	0.00150327
2.50347e-09	0.00149378
2.50354e-09	0.0014843
2.50361e-09	0.00147483
2.50369e-09	0.00146537
2.50376e-09	0.00145591
2.50383e-09	0.00144647
2.5039e-09	0.00143703
2.50397e-09	0.0014276
2.50404e-09	0.00141819
2.50411e-09	0.00140878
2.50418e-09	0.00139938
2.50425e-09	0.00138999
2.50432e-09	0.00138061
2.50439e-09	0.00137124
2.50447e-09	0.00136188
2.50454e-09	0.00135253
2.50461e-09	0.00134319
2.50468e-09	0.00133386
2.50475e-09	0.00132453
2.50482e-09	0.00131522
2.50489e-09	0.00130591
2.50496e-09	0.00129662
2.50503e-09	0.00128733
2.5051e-09	0.00127806
2.50517e-09	0.00126879
2.50525e-09	0.00125953
2.50532e-09	0.00125029
2.50539e-09	0.00124105
2.50546e-09	0.00123182
2.50553e-09	0.0012226
2.5056e-09	0.00121339
2.50567e-09	0.00120419
2.50574e-09	0.001195
2.50581e-09	0.00118582
2.50588e-09	0.00117665
2.50596e-09	0.00116748
2.50603e-09	0.00115833
2.5061e-09	0.00114919
2.50617e-09	0.00114006
2.50624e-09	0.00113093
2.50631e-09	0.00112182
2.50638e-09	0.00111271
2.50645e-09	0.00110362
2.50652e-09	0.00109453
2.50659e-09	0.00108546
2.50666e-09	0.00107639
2.50674e-09	0.00106734
2.50681e-09	0.00105829
2.50688e-09	0.00104925
2.50695e-09	0.00104023
2.50702e-09	0.00103121
2.50709e-09	0.0010222
2.50716e-09	0.0010132
2.50723e-09	0.00100422
2.5073e-09	0.000995237
2.50737e-09	0.000986268
2.50744e-09	0.000977309
2.50752e-09	0.00096836
2.50759e-09	0.00095942
2.50766e-09	0.00095049
2.50773e-09	0.00094157
2.5078e-09	0.00093266
2.50787e-09	0.00092376
2.50794e-09	0.000914869
2.50801e-09	0.000905988
2.50808e-09	0.000897117
2.50815e-09	0.000888256
2.50822e-09	0.000879405
2.5083e-09	0.000870563
2.50837e-09	0.000861732
2.50844e-09	0.00085291
2.50851e-09	0.000844098
2.50858e-09	0.000835296
2.50865e-09	0.000826504
2.50872e-09	0.000817721
2.50879e-09	0.000808949
2.50886e-09	0.000800187
2.50893e-09	0.000791434
2.509e-09	0.000782691
2.50908e-09	0.000773959
2.50915e-09	0.000765236
2.50922e-09	0.000756523
2.50929e-09	0.00074782
2.50936e-09	0.000739127
2.50943e-09	0.000730444
2.5095e-09	0.000721771
2.50957e-09	0.000713108
2.50964e-09	0.000704455
2.50971e-09	0.000695811
2.50979e-09	0.000687178
2.50986e-09	0.000678555
2.50993e-09	0.000669942
2.51e-09	0.000661339
2.51007e-09	0.000652746
2.51014e-09	0.000644163
2.51021e-09	0.00063559
2.51028e-09	0.000627027
2.51035e-09	0.000618474
2.51042e-09	0.000609931
2.51049e-09	0.000601398
2.51057e-09	0.000592875
2.51064e-09	0.000584363
2.51071e-09	0.00057586
2.51078e-09	0.000567368
2.51085e-09	0.000558885
2.51092e-09	0.000550413
2.51099e-09	0.000541951
2.51106e-09	0.000533499
2.51113e-09	0.000525057
2.5112e-09	0.000516625
2.51127e-09	0.000508203
2.51135e-09	0.000499792
2.51142e-09	0.00049139
2.51149e-09	0.000482999
2.51156e-09	0.000474618
2.51163e-09	0.000466247
2.5117e-09	0.000457886
2.51177e-09	0.000449536
2.51184e-09	0.000441195
2.51191e-09	0.000432865
2.51198e-09	0.000424545
2.51205e-09	0.000416235
2.51213e-09	0.000407936
2.5122e-09	0.000399646
2.51227e-09	0.000391367
2.51234e-09	0.000383098
2.51241e-09	0.000374839
2.51248e-09	0.000366591
2.51255e-09	0.000358353
2.51262e-09	0.000350125
2.51269e-09	0.000341907
2.51276e-09	0.0003337
2.51284e-09	0.000325503
2.51291e-09	0.000317316
2.51298e-09	0.000309139
2.51305e-09	0.000300973
2.51312e-09	0.000292817
2.51319e-09	0.000284671
2.51326e-09	0.000276535
2.51333e-09	0.00026841
2.5134e-09	0.000260295
2.51347e-09	0.000252191
2.51354e-09	0.000244096
2.51362e-09	0.000236013
2.51369e-09	0.000227939
2.51376e-09	0.000219876
2.51383e-09	0.000211823
2.5139e-09	0.00020378
2.51397e-09	0.000195748
2.51404e-09	0.000187726
2.51411e-09	0.000179715
2.51418e-09	0.000171714
2.51425e-09	0.000163723
2.51432e-09	0.000155743
2.5144e-09	0.000147773
2.51447e-09	0.000139813
2.51454e-09	0.000131864
2.51461e-09	0.000123925
2.51468e-09	0.000115997
2.51475e-09	0.000108079
2.51482e-09	0.000100171
2.51489e-09	9.22741e-05
2.51496e-09	8.43873e-05
2.51503e-09	7.6511e-05
2.5151e-09	6.86451e-05
2.51518e-09	6.07897e-05
2.51525e-09	5.29447e-05
2.51532e-09	4.51101e-05
2.51539e-09	3.7286e-05
2.51546e-09	2.94724e-05
2.51553e-09	2.16692e-05
2.5156e-09	1.38764e-05
2.51567e-09	6.09414e-06
2.51574e-09	-1.67766e-06
2.51581e-09	-9.43899e-06
2.51588e-09	-1.71898e-05
2.51596e-09	-2.49302e-05
2.51603e-09	-3.26601e-05
2.5161e-09	-4.03795e-05
2.51617e-09	-4.80884e-05
2.51624e-09	-5.57867e-05
2.51631e-09	-6.34746e-05
2.51638e-09	-7.1152e-05
2.51645e-09	-7.88189e-05
2.51652e-09	-8.64752e-05
2.51659e-09	-9.4121e-05
2.51667e-09	-0.000101756
2.51674e-09	-0.000109381
2.51681e-09	-0.000116995
2.51688e-09	-0.000124599
2.51695e-09	-0.000132192
2.51702e-09	-0.000139775
2.51709e-09	-0.000147347
2.51716e-09	-0.000154908
2.51723e-09	-0.000162459
2.5173e-09	-0.00017
2.51737e-09	-0.00017753
2.51745e-09	-0.000185049
2.51752e-09	-0.000192558
2.51759e-09	-0.000200056
2.51766e-09	-0.000207543
2.51773e-09	-0.00021502
2.5178e-09	-0.000222487
2.51787e-09	-0.000229943
2.51794e-09	-0.000237388
2.51801e-09	-0.000244822
2.51808e-09	-0.000252246
2.51815e-09	-0.00025966
2.51823e-09	-0.000267063
2.5183e-09	-0.000274455
2.51837e-09	-0.000281836
2.51844e-09	-0.000289207
2.51851e-09	-0.000296568
2.51858e-09	-0.000303918
2.51865e-09	-0.000311257
2.51872e-09	-0.000318585
2.51879e-09	-0.000325903
2.51886e-09	-0.00033321
2.51893e-09	-0.000340507
2.51901e-09	-0.000347793
2.51908e-09	-0.000355068
2.51915e-09	-0.000362333
2.51922e-09	-0.000369587
2.51929e-09	-0.00037683
2.51936e-09	-0.000384063
2.51943e-09	-0.000391285
2.5195e-09	-0.000398497
2.51957e-09	-0.000405697
2.51964e-09	-0.000412887
2.51972e-09	-0.000420067
2.51979e-09	-0.000427236
2.51986e-09	-0.000434394
2.51993e-09	-0.000441541
2.52e-09	-0.000448678
2.52007e-09	-0.000455804
2.52014e-09	-0.000462919
2.52021e-09	-0.000470024
2.52028e-09	-0.000477118
2.52035e-09	-0.000484201
2.52042e-09	-0.000491274
2.5205e-09	-0.000498336
2.52057e-09	-0.000505387
2.52064e-09	-0.000512427
2.52071e-09	-0.000519457
2.52078e-09	-0.000526476
2.52085e-09	-0.000533485
2.52092e-09	-0.000540482
2.52099e-09	-0.000547469
2.52106e-09	-0.000554446
2.52113e-09	-0.000561411
2.5212e-09	-0.000568366
2.52128e-09	-0.00057531
2.52135e-09	-0.000582244
2.52142e-09	-0.000589166
2.52149e-09	-0.000596078
2.52156e-09	-0.00060298
2.52163e-09	-0.00060987
2.5217e-09	-0.00061675
2.52177e-09	-0.000623619
2.52184e-09	-0.000630477
2.52191e-09	-0.000637325
2.52198e-09	-0.000644162
2.52206e-09	-0.000650988
2.52213e-09	-0.000657803
2.5222e-09	-0.000664608
2.52227e-09	-0.000671402
2.52234e-09	-0.000678185
2.52241e-09	-0.000684957
2.52248e-09	-0.000691719
2.52255e-09	-0.00069847
2.52262e-09	-0.00070521
2.52269e-09	-0.000711939
2.52277e-09	-0.000718658
2.52284e-09	-0.000725366
2.52291e-09	-0.000732063
2.52298e-09	-0.000738749
2.52305e-09	-0.000745425
2.52312e-09	-0.000752089
2.52319e-09	-0.000758743
2.52326e-09	-0.000765387
2.52333e-09	-0.000772019
2.5234e-09	-0.000778641
2.52347e-09	-0.000785252
2.52355e-09	-0.000791852
2.52362e-09	-0.000798442
2.52369e-09	-0.00080502
2.52376e-09	-0.000811588
2.52383e-09	-0.000818145
2.5239e-09	-0.000824692
2.52397e-09	-0.000831227
2.52404e-09	-0.000837752
2.52411e-09	-0.000844266
2.52418e-09	-0.000850769
2.52425e-09	-0.000857262
2.52433e-09	-0.000863743
2.5244e-09	-0.000870214
2.52447e-09	-0.000876674
2.52454e-09	-0.000883124
2.52461e-09	-0.000889562
2.52468e-09	-0.00089599
2.52475e-09	-0.000902407
2.52482e-09	-0.000908813
2.52489e-09	-0.000915209
2.52496e-09	-0.000921593
2.52503e-09	-0.000927967
2.52511e-09	-0.00093433
2.52518e-09	-0.000940682
2.52525e-09	-0.000947024
2.52532e-09	-0.000953355
2.52539e-09	-0.000959675
2.52546e-09	-0.000965984
2.52553e-09	-0.000972282
2.5256e-09	-0.000978569
2.52567e-09	-0.000984846
2.52574e-09	-0.000991112
2.52581e-09	-0.000997367
2.52589e-09	-0.00100361
2.52596e-09	-0.00100985
2.52603e-09	-0.00101607
2.5261e-09	-0.00102228
2.52617e-09	-0.00102848
2.52624e-09	-0.00103467
2.52631e-09	-0.00104085
2.52638e-09	-0.00104702
2.52645e-09	-0.00105318
2.52652e-09	-0.00105932
2.5266e-09	-0.00106546
2.52667e-09	-0.00107159
2.52674e-09	-0.0010777
2.52681e-09	-0.00108381
2.52688e-09	-0.0010899
2.52695e-09	-0.00109598
2.52702e-09	-0.00110205
2.52709e-09	-0.00110811
2.52716e-09	-0.00111416
2.52723e-09	-0.0011202
2.5273e-09	-0.00112623
2.52738e-09	-0.00113225
2.52745e-09	-0.00113826
2.52752e-09	-0.00114425
2.52759e-09	-0.00115024
2.52766e-09	-0.00115621
2.52773e-09	-0.00116218
2.5278e-09	-0.00116813
2.52787e-09	-0.00117407
2.52794e-09	-0.00118
2.52801e-09	-0.00118592
2.52808e-09	-0.00119183
2.52816e-09	-0.00119773
2.52823e-09	-0.00120362
2.5283e-09	-0.0012095
2.52837e-09	-0.00121536
2.52844e-09	-0.00122122
2.52851e-09	-0.00122706
2.52858e-09	-0.0012329
2.52865e-09	-0.00123872
2.52872e-09	-0.00124454
2.52879e-09	-0.00125034
2.52886e-09	-0.00125613
2.52894e-09	-0.00126191
2.52901e-09	-0.00126768
2.52908e-09	-0.00127344
2.52915e-09	-0.00127918
2.52922e-09	-0.00128492
2.52929e-09	-0.00129065
2.52936e-09	-0.00129636
2.52943e-09	-0.00130207
2.5295e-09	-0.00130776
2.52957e-09	-0.00131345
2.52965e-09	-0.00131912
2.52972e-09	-0.00132478
2.52979e-09	-0.00133043
2.52986e-09	-0.00133607
2.52993e-09	-0.0013417
2.53e-09	-0.00134732
2.53007e-09	-0.00135293
2.53014e-09	-0.00135853
2.53021e-09	-0.00136411
2.53028e-09	-0.00136969
2.53035e-09	-0.00137525
2.53043e-09	-0.00138081
2.5305e-09	-0.00138635
2.53057e-09	-0.00139188
2.53064e-09	-0.00139741
2.53071e-09	-0.00140292
2.53078e-09	-0.00140842
2.53085e-09	-0.00141391
2.53092e-09	-0.00141939
2.53099e-09	-0.00142485
2.53106e-09	-0.00143031
2.53113e-09	-0.00143576
2.53121e-09	-0.00144119
2.53128e-09	-0.00144662
2.53135e-09	-0.00145203
2.53142e-09	-0.00145744
2.53149e-09	-0.00146283
2.53156e-09	-0.00146821
2.53163e-09	-0.00147358
2.5317e-09	-0.00147895
2.53177e-09	-0.0014843
2.53184e-09	-0.00148963
2.53191e-09	-0.00149496
2.53199e-09	-0.00150028
2.53206e-09	-0.00150559
2.53213e-09	-0.00151088
2.5322e-09	-0.00151617
2.53227e-09	-0.00152145
2.53234e-09	-0.00152671
2.53241e-09	-0.00153196
2.53248e-09	-0.00153721
2.53255e-09	-0.00154244
2.53262e-09	-0.00154766
2.53269e-09	-0.00155287
2.53277e-09	-0.00155807
2.53284e-09	-0.00156326
2.53291e-09	-0.00156844
2.53298e-09	-0.00157361
2.53305e-09	-0.00157876
2.53312e-09	-0.00158391
2.53319e-09	-0.00158905
2.53326e-09	-0.00159417
2.53333e-09	-0.00159929
2.5334e-09	-0.00160439
2.53348e-09	-0.00160948
2.53355e-09	-0.00161457
2.53362e-09	-0.00161964
2.53369e-09	-0.0016247
2.53376e-09	-0.00162975
2.53383e-09	-0.00163479
2.5339e-09	-0.00163982
2.53397e-09	-0.00164484
2.53404e-09	-0.00164985
2.53411e-09	-0.00165484
2.53418e-09	-0.00165983
2.53426e-09	-0.00166481
2.53433e-09	-0.00166977
2.5344e-09	-0.00167473
2.53447e-09	-0.00167967
2.53454e-09	-0.0016846
2.53461e-09	-0.00168953
2.53468e-09	-0.00169444
2.53475e-09	-0.00169934
2.53482e-09	-0.00170423
2.53489e-09	-0.00170911
2.53496e-09	-0.00171398
2.53504e-09	-0.00171884
2.53511e-09	-0.00172369
2.53518e-09	-0.00172852
2.53525e-09	-0.00173335
2.53532e-09	-0.00173817
2.53539e-09	-0.00174297
2.53546e-09	-0.00174777
2.53553e-09	-0.00175255
2.5356e-09	-0.00175733
2.53567e-09	-0.00176209
2.53574e-09	-0.00176684
2.53582e-09	-0.00177159
2.53589e-09	-0.00177632
2.53596e-09	-0.00178104
2.53603e-09	-0.00178575
2.5361e-09	-0.00179045
2.53617e-09	-0.00179514
2.53624e-09	-0.00179982
2.53631e-09	-0.00180449
2.53638e-09	-0.00180914
2.53645e-09	-0.00181379
2.53653e-09	-0.00181843
2.5366e-09	-0.00182305
2.53667e-09	-0.00182767
2.53674e-09	-0.00183228
2.53681e-09	-0.00183687
2.53688e-09	-0.00184145
2.53695e-09	-0.00184603
2.53702e-09	-0.00185059
2.53709e-09	-0.00185514
2.53716e-09	-0.00185968
2.53723e-09	-0.00186422
2.53731e-09	-0.00186874
2.53738e-09	-0.00187325
2.53745e-09	-0.00187775
2.53752e-09	-0.00188223
2.53759e-09	-0.00188671
2.53766e-09	-0.00189118
2.53773e-09	-0.00189564
2.5378e-09	-0.00190009
2.53787e-09	-0.00190452
2.53794e-09	-0.00190895
2.53801e-09	-0.00191337
2.53809e-09	-0.00191777
2.53816e-09	-0.00192217
2.53823e-09	-0.00192655
2.5383e-09	-0.00193092
2.53837e-09	-0.00193529
2.53844e-09	-0.00193964
2.53851e-09	-0.00194398
2.53858e-09	-0.00194831
2.53865e-09	-0.00195264
2.53872e-09	-0.00195695
2.53879e-09	-0.00196125
2.53887e-09	-0.00196554
2.53894e-09	-0.00196982
2.53901e-09	-0.00197409
2.53908e-09	-0.00197835
2.53915e-09	-0.00198259
2.53922e-09	-0.00198683
2.53929e-09	-0.00199106
2.53936e-09	-0.00199528
2.53943e-09	-0.00199948
2.5395e-09	-0.00200368
2.53957e-09	-0.00200787
2.53965e-09	-0.00201204
2.53972e-09	-0.00201621
2.53979e-09	-0.00202036
2.53986e-09	-0.00202451
2.53993e-09	-0.00202864
2.54e-09	-0.00203277
2.54007e-09	-0.00203688
2.54014e-09	-0.00204098
2.54021e-09	-0.00204507
2.54028e-09	-0.00204916
2.54036e-09	-0.00205323
2.54043e-09	-0.00205729
2.5405e-09	-0.00206134
2.54057e-09	-0.00206538
2.54064e-09	-0.00206941
2.54071e-09	-0.00207343
2.54078e-09	-0.00207744
2.54085e-09	-0.00208144
2.54092e-09	-0.00208543
2.54099e-09	-0.00208941
2.54106e-09	-0.00209338
2.54114e-09	-0.00209734
2.54121e-09	-0.00210129
2.54128e-09	-0.00210523
2.54135e-09	-0.00210915
2.54142e-09	-0.00211307
2.54149e-09	-0.00211698
2.54156e-09	-0.00212087
2.54163e-09	-0.00212476
2.5417e-09	-0.00212864
2.54177e-09	-0.0021325
2.54184e-09	-0.00213636
2.54192e-09	-0.0021402
2.54199e-09	-0.00214404
2.54206e-09	-0.00214787
2.54213e-09	-0.00215168
2.5422e-09	-0.00215548
2.54227e-09	-0.00215928
2.54234e-09	-0.00216306
2.54241e-09	-0.00216684
2.54248e-09	-0.0021706
2.54255e-09	-0.00217435
2.54262e-09	-0.0021781
2.5427e-09	-0.00218183
2.54277e-09	-0.00218555
2.54284e-09	-0.00218927
2.54291e-09	-0.00219297
2.54298e-09	-0.00219666
2.54305e-09	-0.00220034
2.54312e-09	-0.00220402
2.54319e-09	-0.00220768
2.54326e-09	-0.00221133
2.54333e-09	-0.00221497
2.54341e-09	-0.0022186
2.54348e-09	-0.00222222
2.54355e-09	-0.00222583
2.54362e-09	-0.00222944
2.54369e-09	-0.00223303
2.54376e-09	-0.00223661
2.54383e-09	-0.00224018
2.5439e-09	-0.00224374
2.54397e-09	-0.00224729
2.54404e-09	-0.00225083
2.54411e-09	-0.00225436
2.54419e-09	-0.00225788
2.54426e-09	-0.00226139
2.54433e-09	-0.00226489
2.5444e-09	-0.00226838
2.54447e-09	-0.00227186
2.54454e-09	-0.00227533
2.54461e-09	-0.00227879
2.54468e-09	-0.00228224
2.54475e-09	-0.00228568
2.54482e-09	-0.00228911
2.54489e-09	-0.00229253
2.54497e-09	-0.00229594
2.54504e-09	-0.00229934
2.54511e-09	-0.00230273
2.54518e-09	-0.00230611
2.54525e-09	-0.00230948
2.54532e-09	-0.00231284
2.54539e-09	-0.00231619
2.54546e-09	-0.00231952
2.54553e-09	-0.00232285
2.5456e-09	-0.00232617
2.54567e-09	-0.00232948
2.54575e-09	-0.00233278
2.54582e-09	-0.00233607
2.54589e-09	-0.00233935
2.54596e-09	-0.00234262
2.54603e-09	-0.00234588
2.5461e-09	-0.00234913
2.54617e-09	-0.00235237
2.54624e-09	-0.0023556
2.54631e-09	-0.00235882
2.54638e-09	-0.00236203
2.54645e-09	-0.00236523
2.54653e-09	-0.00236842
2.5466e-09	-0.00237161
2.54667e-09	-0.00237478
2.54674e-09	-0.00237794
2.54681e-09	-0.00238109
2.54688e-09	-0.00238423
2.54695e-09	-0.00238736
2.54702e-09	-0.00239048
2.54709e-09	-0.00239359
2.54716e-09	-0.00239669
2.54724e-09	-0.00239979
2.54731e-09	-0.00240287
2.54738e-09	-0.00240594
2.54745e-09	-0.002409
2.54752e-09	-0.00241206
2.54759e-09	-0.0024151
2.54766e-09	-0.00241813
2.54773e-09	-0.00242115
2.5478e-09	-0.00242417
2.54787e-09	-0.00242717
2.54794e-09	-0.00243017
2.54802e-09	-0.00243315
2.54809e-09	-0.00243612
2.54816e-09	-0.00243909
2.54823e-09	-0.00244204
2.5483e-09	-0.00244499
2.54837e-09	-0.00244792
2.54844e-09	-0.00245085
2.54851e-09	-0.00245376
2.54858e-09	-0.00245667
2.54865e-09	-0.00245957
2.54872e-09	-0.00246245
2.5488e-09	-0.00246533
2.54887e-09	-0.0024682
2.54894e-09	-0.00247106
2.54901e-09	-0.0024739
2.54908e-09	-0.00247674
2.54915e-09	-0.00247957
2.54922e-09	-0.00248239
2.54929e-09	-0.0024852
2.54936e-09	-0.002488
2.54943e-09	-0.00249079
2.5495e-09	-0.00249357
2.54958e-09	-0.00249634
2.54965e-09	-0.0024991
2.54972e-09	-0.00250185
2.54979e-09	-0.00250459
2.54986e-09	-0.00250732
2.54993e-09	-0.00251005
2.55e-09	-0.00251276
2.55007e-09	-0.00251546
2.55014e-09	-0.00251816
2.55021e-09	-0.00252084
2.55029e-09	-0.00252352
2.55036e-09	-0.00252618
2.55043e-09	-0.00252884
2.5505e-09	-0.00253148
2.55057e-09	-0.00253412
2.55064e-09	-0.00253675
2.55071e-09	-0.00253936
2.55078e-09	-0.00254197
2.55085e-09	-0.00254457
2.55092e-09	-0.00254716
2.55099e-09	-0.00254974
2.55107e-09	-0.00255231
2.55114e-09	-0.00255487
2.55121e-09	-0.00255742
2.55128e-09	-0.00255996
2.55135e-09	-0.00256249
2.55142e-09	-0.00256502
2.55149e-09	-0.00256753
2.55156e-09	-0.00257003
2.55163e-09	-0.00257253
2.5517e-09	-0.00257501
2.55177e-09	-0.00257749
2.55185e-09	-0.00257995
2.55192e-09	-0.00258241
2.55199e-09	-0.00258486
2.55206e-09	-0.0025873
2.55213e-09	-0.00258972
2.5522e-09	-0.00259214
2.55227e-09	-0.00259455
2.55234e-09	-0.00259695
2.55241e-09	-0.00259934
2.55248e-09	-0.00260173
2.55255e-09	-0.0026041
2.55263e-09	-0.00260646
2.5527e-09	-0.00260881
2.55277e-09	-0.00261116
2.55284e-09	-0.00261349
2.55291e-09	-0.00261582
2.55298e-09	-0.00261814
2.55305e-09	-0.00262044
2.55312e-09	-0.00262274
2.55319e-09	-0.00262503
2.55326e-09	-0.00262731
2.55333e-09	-0.00262958
2.55341e-09	-0.00263184
2.55348e-09	-0.00263409
2.55355e-09	-0.00263633
2.55362e-09	-0.00263857
2.55369e-09	-0.00264079
2.55376e-09	-0.002643
2.55383e-09	-0.00264521
2.5539e-09	-0.00264741
2.55397e-09	-0.00264959
2.55404e-09	-0.00265177
2.55412e-09	-0.00265394
2.55419e-09	-0.0026561
2.55426e-09	-0.00265825
2.55433e-09	-0.00266039
2.5544e-09	-0.00266252
2.55447e-09	-0.00266464
2.55454e-09	-0.00266676
2.55461e-09	-0.00266886
2.55468e-09	-0.00267096
2.55475e-09	-0.00267304
2.55482e-09	-0.00267512
2.5549e-09	-0.00267719
2.55497e-09	-0.00267925
2.55504e-09	-0.0026813
2.55511e-09	-0.00268334
2.55518e-09	-0.00268537
2.55525e-09	-0.00268739
2.55532e-09	-0.00268941
2.55539e-09	-0.00269141
2.55546e-09	-0.00269341
2.55553e-09	-0.00269539
2.5556e-09	-0.00269737
2.55568e-09	-0.00269934
2.55575e-09	-0.0027013
2.55582e-09	-0.00270325
2.55589e-09	-0.00270519
2.55596e-09	-0.00270712
2.55603e-09	-0.00270905
2.5561e-09	-0.00271096
2.55617e-09	-0.00271287
2.55624e-09	-0.00271476
2.55631e-09	-0.00271665
2.55638e-09	-0.00271853
2.55646e-09	-0.0027204
2.55653e-09	-0.00272226
2.5566e-09	-0.00272411
2.55667e-09	-0.00272596
2.55674e-09	-0.00272779
2.55681e-09	-0.00272962
2.55688e-09	-0.00273143
2.55695e-09	-0.00273324
2.55702e-09	-0.00273504
2.55709e-09	-0.00273683
2.55717e-09	-0.00273861
2.55724e-09	-0.00274038
2.55731e-09	-0.00274214
2.55738e-09	-0.0027439
2.55745e-09	-0.00274564
2.55752e-09	-0.00274738
2.55759e-09	-0.00274911
2.55766e-09	-0.00275083
2.55773e-09	-0.00275254
2.5578e-09	-0.00275424
2.55787e-09	-0.00275593
2.55795e-09	-0.00275762
2.55802e-09	-0.00275929
2.55809e-09	-0.00276096
2.55816e-09	-0.00276262
2.55823e-09	-0.00276427
2.5583e-09	-0.00276591
2.55837e-09	-0.00276754
2.55844e-09	-0.00276916
2.55851e-09	-0.00277077
2.55858e-09	-0.00277238
2.55865e-09	-0.00277398
2.55873e-09	-0.00277557
2.5588e-09	-0.00277714
2.55887e-09	-0.00277872
2.55894e-09	-0.00278028
2.55901e-09	-0.00278183
2.55908e-09	-0.00278338
2.55915e-09	-0.00278491
2.55922e-09	-0.00278644
2.55929e-09	-0.00278796
2.55936e-09	-0.00278947
2.55943e-09	-0.00279097
2.55951e-09	-0.00279247
2.55958e-09	-0.00279395
2.55965e-09	-0.00279543
2.55972e-09	-0.00279689
2.55979e-09	-0.00279835
2.55986e-09	-0.0027998
2.55993e-09	-0.00280125
2.56e-09	-0.00280268
2.56007e-09	-0.0028041
2.56014e-09	-0.00280552
2.56021e-09	-0.00280693
2.56029e-09	-0.00280833
2.56036e-09	-0.00280972
2.56043e-09	-0.0028111
2.5605e-09	-0.00281247
2.56057e-09	-0.00281384
2.56064e-09	-0.0028152
2.56071e-09	-0.00281655
2.56078e-09	-0.00281789
2.56085e-09	-0.00281922
2.56092e-09	-0.00282054
2.561e-09	-0.00282186
2.56107e-09	-0.00282316
2.56114e-09	-0.00282446
2.56121e-09	-0.00282575
2.56128e-09	-0.00282703
2.56135e-09	-0.00282831
2.56142e-09	-0.00282957
2.56149e-09	-0.00283083
2.56156e-09	-0.00283207
2.56163e-09	-0.00283331
2.5617e-09	-0.00283455
2.56178e-09	-0.00283577
2.56185e-09	-0.00283698
2.56192e-09	-0.00283819
2.56199e-09	-0.00283939
2.56206e-09	-0.00284058
2.56213e-09	-0.00284176
2.5622e-09	-0.00284293
2.56227e-09	-0.0028441
2.56234e-09	-0.00284525
2.56241e-09	-0.0028464
2.56248e-09	-0.00284754
2.56256e-09	-0.00284867
2.56263e-09	-0.0028498
2.5627e-09	-0.00285091
2.56277e-09	-0.00285202
2.56284e-09	-0.00285312
2.56291e-09	-0.00285421
2.56298e-09	-0.0028553
2.56305e-09	-0.00285637
2.56312e-09	-0.00285744
2.56319e-09	-0.00285849
2.56326e-09	-0.00285955
2.56334e-09	-0.00286059
2.56341e-09	-0.00286162
2.56348e-09	-0.00286265
2.56355e-09	-0.00286367
2.56362e-09	-0.00286468
2.56369e-09	-0.00286568
2.56376e-09	-0.00286667
2.56383e-09	-0.00286766
2.5639e-09	-0.00286863
2.56397e-09	-0.0028696
2.56405e-09	-0.00287056
2.56412e-09	-0.00287152
2.56419e-09	-0.00287246
2.56426e-09	-0.0028734
2.56433e-09	-0.00287433
2.5644e-09	-0.00287525
2.56447e-09	-0.00287617
2.56454e-09	-0.00287707
2.56461e-09	-0.00287797
2.56468e-09	-0.00287886
2.56475e-09	-0.00287974
2.56483e-09	-0.00288061
2.5649e-09	-0.00288148
2.56497e-09	-0.00288234
2.56504e-09	-0.00288319
2.56511e-09	-0.00288403
2.56518e-09	-0.00288486
2.56525e-09	-0.00288569
2.56532e-09	-0.00288651
2.56539e-09	-0.00288732
2.56546e-09	-0.00288812
2.56553e-09	-0.00288891
2.56561e-09	-0.0028897
2.56568e-09	-0.00289048
2.56575e-09	-0.00289125
2.56582e-09	-0.00289201
2.56589e-09	-0.00289277
2.56596e-09	-0.00289352
2.56603e-09	-0.00289426
2.5661e-09	-0.00289499
2.56617e-09	-0.00289571
2.56624e-09	-0.00289643
2.56631e-09	-0.00289714
2.56639e-09	-0.00289784
2.56646e-09	-0.00289853
2.56653e-09	-0.00289922
2.5666e-09	-0.0028999
2.56667e-09	-0.00290057
2.56674e-09	-0.00290123
2.56681e-09	-0.00290189
2.56688e-09	-0.00290253
2.56695e-09	-0.00290317
2.56702e-09	-0.0029038
2.56709e-09	-0.00290443
2.56717e-09	-0.00290505
2.56724e-09	-0.00290565
2.56731e-09	-0.00290626
2.56738e-09	-0.00290685
2.56745e-09	-0.00290744
2.56752e-09	-0.00290801
2.56759e-09	-0.00290858
2.56766e-09	-0.00290915
2.56773e-09	-0.0029097
2.5678e-09	-0.00291025
2.56788e-09	-0.00291079
2.56795e-09	-0.00291133
2.56802e-09	-0.00291185
2.56809e-09	-0.00291237
2.56816e-09	-0.00291288
2.56823e-09	-0.00291338
2.5683e-09	-0.00291388
2.56837e-09	-0.00291437
2.56844e-09	-0.00291485
2.56851e-09	-0.00291532
2.56858e-09	-0.00291579
2.56866e-09	-0.00291624
2.56873e-09	-0.00291669
2.5688e-09	-0.00291714
2.56887e-09	-0.00291757
2.56894e-09	-0.002918
2.56901e-09	-0.00291842
2.56908e-09	-0.00291884
2.56915e-09	-0.00291924
2.56922e-09	-0.00291964
2.56929e-09	-0.00292003
2.56936e-09	-0.00292042
2.56944e-09	-0.00292079
2.56951e-09	-0.00292116
2.56958e-09	-0.00292153
2.56965e-09	-0.00292188
2.56972e-09	-0.00292223
2.56979e-09	-0.00292257
2.56986e-09	-0.0029229
2.56993e-09	-0.00292323
2.57e-09	-0.00292355
2.57007e-09	-0.00292386
2.57014e-09	-0.00292416
2.57022e-09	-0.00292446
2.57029e-09	-0.00292475
2.57036e-09	-0.00292503
2.57043e-09	-0.0029253
2.5705e-09	-0.00292557
2.57057e-09	-0.00292583
2.57064e-09	-0.00292609
2.57071e-09	-0.00292633
2.57078e-09	-0.00292657
2.57085e-09	-0.0029268
2.57093e-09	-0.00292703
2.571e-09	-0.00292724
2.57107e-09	-0.00292746
2.57114e-09	-0.00292766
2.57121e-09	-0.00292785
2.57128e-09	-0.00292804
2.57135e-09	-0.00292823
2.57142e-09	-0.0029284
2.57149e-09	-0.00292857
2.57156e-09	-0.00292873
2.57163e-09	-0.00292888
2.57171e-09	-0.00292903
2.57178e-09	-0.00292917
2.57185e-09	-0.0029293
2.57192e-09	-0.00292943
2.57199e-09	-0.00292955
2.57206e-09	-0.00292966
2.57213e-09	-0.00292976
2.5722e-09	-0.00292986
2.57227e-09	-0.00292995
2.57234e-09	-0.00293003
2.57241e-09	-0.00293011
2.57249e-09	-0.00293018
2.57256e-09	-0.00293024
2.57263e-09	-0.0029303
2.5727e-09	-0.00293035
2.57277e-09	-0.00293039
2.57284e-09	-0.00293042
2.57291e-09	-0.00293045
2.57298e-09	-0.00293047
2.57305e-09	-0.00293049
2.57312e-09	-0.0029305
2.57319e-09	-0.0029305
2.57327e-09	-0.00293049
2.57334e-09	-0.00293048
2.57341e-09	-0.00293046
2.57348e-09	-0.00293043
2.57355e-09	-0.0029304
2.57362e-09	-0.00293036
2.57369e-09	-0.00293031
2.57376e-09	-0.00293026
2.57383e-09	-0.0029302
2.5739e-09	-0.00293013
2.57397e-09	-0.00293005
2.57405e-09	-0.00292997
2.57412e-09	-0.00292989
2.57419e-09	-0.00292979
2.57426e-09	-0.00292969
2.57433e-09	-0.00292958
2.5744e-09	-0.00292947
2.57447e-09	-0.00292935
2.57454e-09	-0.00292922
2.57461e-09	-0.00292909
2.57468e-09	-0.00292895
2.57476e-09	-0.0029288
2.57483e-09	-0.00292864
2.5749e-09	-0.00292848
2.57497e-09	-0.00292832
2.57504e-09	-0.00292814
2.57511e-09	-0.00292796
2.57518e-09	-0.00292777
2.57525e-09	-0.00292758
2.57532e-09	-0.00292738
2.57539e-09	-0.00292717
2.57546e-09	-0.00292696
2.57554e-09	-0.00292674
2.57561e-09	-0.00292651
2.57568e-09	-0.00292628
2.57575e-09	-0.00292604
2.57582e-09	-0.0029258
2.57589e-09	-0.00292554
2.57596e-09	-0.00292528
2.57603e-09	-0.00292502
2.5761e-09	-0.00292475
2.57617e-09	-0.00292447
2.57624e-09	-0.00292418
2.57632e-09	-0.00292389
2.57639e-09	-0.0029236
2.57646e-09	-0.00292329
2.57653e-09	-0.00292298
2.5766e-09	-0.00292266
2.57667e-09	-0.00292234
2.57674e-09	-0.00292201
2.57681e-09	-0.00292168
2.57688e-09	-0.00292133
2.57695e-09	-0.00292098
2.57702e-09	-0.00292063
2.5771e-09	-0.00292027
2.57717e-09	-0.0029199
2.57724e-09	-0.00291953
2.57731e-09	-0.00291915
2.57738e-09	-0.00291876
2.57745e-09	-0.00291837
2.57752e-09	-0.00291797
2.57759e-09	-0.00291756
2.57766e-09	-0.00291715
2.57773e-09	-0.00291673
2.57781e-09	-0.00291631
2.57788e-09	-0.00291588
2.57795e-09	-0.00291544
2.57802e-09	-0.002915
2.57809e-09	-0.00291455
2.57816e-09	-0.0029141
2.57823e-09	-0.00291364
2.5783e-09	-0.00291317
2.57837e-09	-0.0029127
2.57844e-09	-0.00291222
2.57851e-09	-0.00291173
2.57859e-09	-0.00291124
2.57866e-09	-0.00291074
2.57873e-09	-0.00291024
2.5788e-09	-0.00290973
2.57887e-09	-0.00290921
2.57894e-09	-0.00290869
2.57901e-09	-0.00290816
2.57908e-09	-0.00290763
2.57915e-09	-0.00290709
2.57922e-09	-0.00290654
2.57929e-09	-0.00290599
2.57937e-09	-0.00290543
2.57944e-09	-0.00290487
2.57951e-09	-0.0029043
2.57958e-09	-0.00290372
2.57965e-09	-0.00290314
2.57972e-09	-0.00290255
2.57979e-09	-0.00290195
2.57986e-09	-0.00290135
2.57993e-09	-0.00290075
2.58e-09	-0.00290014
2.58007e-09	-0.00289952
2.58015e-09	-0.00289889
2.58022e-09	-0.00289826
2.58029e-09	-0.00289763
2.58036e-09	-0.00289699
2.58043e-09	-0.00289634
2.5805e-09	-0.00289569
2.58057e-09	-0.00289503
2.58064e-09	-0.00289436
2.58071e-09	-0.00289369
2.58078e-09	-0.00289302
2.58085e-09	-0.00289233
2.58093e-09	-0.00289165
2.581e-09	-0.00289095
2.58107e-09	-0.00289025
2.58114e-09	-0.00288955
2.58121e-09	-0.00288883
2.58128e-09	-0.00288812
2.58135e-09	-0.0028874
2.58142e-09	-0.00288667
2.58149e-09	-0.00288593
2.58156e-09	-0.00288519
2.58164e-09	-0.00288445
2.58171e-09	-0.0028837
2.58178e-09	-0.00288294
2.58185e-09	-0.00288218
2.58192e-09	-0.00288141
2.58199e-09	-0.00288063
2.58206e-09	-0.00287985
2.58213e-09	-0.00287907
2.5822e-09	-0.00287828
2.58227e-09	-0.00287748
2.58234e-09	-0.00287668
2.58242e-09	-0.00287587
2.58249e-09	-0.00287506
2.58256e-09	-0.00287424
2.58263e-09	-0.00287342
2.5827e-09	-0.00287259
2.58277e-09	-0.00287175
2.58284e-09	-0.00287091
2.58291e-09	-0.00287006
2.58298e-09	-0.00286921
2.58305e-09	-0.00286836
2.58312e-09	-0.00286749
2.5832e-09	-0.00286662
2.58327e-09	-0.00286575
2.58334e-09	-0.00286487
2.58341e-09	-0.00286399
2.58348e-09	-0.0028631
2.58355e-09	-0.0028622
2.58362e-09	-0.0028613
2.58369e-09	-0.00286039
2.58376e-09	-0.00285948
2.58383e-09	-0.00285856
2.5839e-09	-0.00285764
2.58398e-09	-0.00285671
2.58405e-09	-0.00285578
2.58412e-09	-0.00285484
2.58419e-09	-0.0028539
2.58426e-09	-0.00285295
2.58433e-09	-0.00285199
2.5844e-09	-0.00285103
2.58447e-09	-0.00285007
2.58454e-09	-0.0028491
2.58461e-09	-0.00284812
2.58469e-09	-0.00284714
2.58476e-09	-0.00284615
2.58483e-09	-0.00284516
2.5849e-09	-0.00284416
2.58497e-09	-0.00284316
2.58504e-09	-0.00284215
2.58511e-09	-0.00284114
2.58518e-09	-0.00284012
2.58525e-09	-0.0028391
2.58532e-09	-0.00283807
2.58539e-09	-0.00283704
2.58547e-09	-0.002836
2.58554e-09	-0.00283495
2.58561e-09	-0.00283391
2.58568e-09	-0.00283285
2.58575e-09	-0.00283179
2.58582e-09	-0.00283073
2.58589e-09	-0.00282966
2.58596e-09	-0.00282858
2.58603e-09	-0.0028275
2.5861e-09	-0.00282642
2.58617e-09	-0.00282533
2.58625e-09	-0.00282423
2.58632e-09	-0.00282313
2.58639e-09	-0.00282203
2.58646e-09	-0.00282092
2.58653e-09	-0.0028198
2.5866e-09	-0.00281868
2.58667e-09	-0.00281756
2.58674e-09	-0.00281643
2.58681e-09	-0.00281529
2.58688e-09	-0.00281415
2.58695e-09	-0.00281301
2.58703e-09	-0.00281186
2.5871e-09	-0.0028107
2.58717e-09	-0.00280954
2.58724e-09	-0.00280838
2.58731e-09	-0.00280721
2.58738e-09	-0.00280603
2.58745e-09	-0.00280486
2.58752e-09	-0.00280367
2.58759e-09	-0.00280248
2.58766e-09	-0.00280129
2.58774e-09	-0.00280009
2.58781e-09	-0.00279888
2.58788e-09	-0.00279768
2.58795e-09	-0.00279646
2.58802e-09	-0.00279524
2.58809e-09	-0.00279402
2.58816e-09	-0.00279279
2.58823e-09	-0.00279156
2.5883e-09	-0.00279032
2.58837e-09	-0.00278908
2.58844e-09	-0.00278783
2.58852e-09	-0.00278658
2.58859e-09	-0.00278533
2.58866e-09	-0.00278406
2.58873e-09	-0.0027828
2.5888e-09	-0.00278153
2.58887e-09	-0.00278025
2.58894e-09	-0.00277897
2.58901e-09	-0.00277769
2.58908e-09	-0.0027764
2.58915e-09	-0.0027751
2.58922e-09	-0.00277381
2.5893e-09	-0.0027725
2.58937e-09	-0.00277119
2.58944e-09	-0.00276988
2.58951e-09	-0.00276856
2.58958e-09	-0.00276724
2.58965e-09	-0.00276592
2.58972e-09	-0.00276458
2.58979e-09	-0.00276325
2.58986e-09	-0.00276191
2.58993e-09	-0.00276056
2.59e-09	-0.00275921
2.59008e-09	-0.00275786
2.59015e-09	-0.0027565
2.59022e-09	-0.00275514
2.59029e-09	-0.00275377
2.59036e-09	-0.0027524
2.59043e-09	-0.00275102
2.5905e-09	-0.00274964
2.59057e-09	-0.00274826
2.59064e-09	-0.00274687
2.59071e-09	-0.00274547
2.59078e-09	-0.00274407
2.59086e-09	-0.00274267
2.59093e-09	-0.00274126
2.591e-09	-0.00273985
2.59107e-09	-0.00273844
2.59114e-09	-0.00273701
2.59121e-09	-0.00273559
2.59128e-09	-0.00273416
2.59135e-09	-0.00273273
2.59142e-09	-0.00273129
2.59149e-09	-0.00272985
2.59157e-09	-0.0027284
2.59164e-09	-0.00272695
2.59171e-09	-0.00272549
2.59178e-09	-0.00272403
2.59185e-09	-0.00272257
2.59192e-09	-0.0027211
2.59199e-09	-0.00271963
2.59206e-09	-0.00271815
2.59213e-09	-0.00271667
2.5922e-09	-0.00271518
2.59227e-09	-0.00271369
2.59235e-09	-0.0027122
2.59242e-09	-0.0027107
2.59249e-09	-0.0027092
2.59256e-09	-0.00270769
2.59263e-09	-0.00270618
2.5927e-09	-0.00270467
2.59277e-09	-0.00270315
2.59284e-09	-0.00270162
2.59291e-09	-0.0027001
2.59298e-09	-0.00269856
2.59305e-09	-0.00269703
2.59313e-09	-0.00269549
2.5932e-09	-0.00269394
2.59327e-09	-0.0026924
2.59334e-09	-0.00269084
2.59341e-09	-0.00268929
2.59348e-09	-0.00268773
2.59355e-09	-0.00268616
2.59362e-09	-0.00268459
2.59369e-09	-0.00268302
2.59376e-09	-0.00268144
2.59383e-09	-0.00267986
2.59391e-09	-0.00267828
2.59398e-09	-0.00267669
2.59405e-09	-0.0026751
2.59412e-09	-0.0026735
2.59419e-09	-0.0026719
2.59426e-09	-0.0026703
2.59433e-09	-0.00266869
2.5944e-09	-0.00266708
2.59447e-09	-0.00266546
2.59454e-09	-0.00266384
2.59462e-09	-0.00266221
2.59469e-09	-0.00266059
2.59476e-09	-0.00265895
2.59483e-09	-0.00265732
2.5949e-09	-0.00265568
2.59497e-09	-0.00265403
2.59504e-09	-0.00265239
2.59511e-09	-0.00265073
2.59518e-09	-0.00264908
2.59525e-09	-0.00264742
2.59532e-09	-0.00264576
2.5954e-09	-0.00264409
2.59547e-09	-0.00264242
2.59554e-09	-0.00264074
2.59561e-09	-0.00263907
2.59568e-09	-0.00263738
2.59575e-09	-0.0026357
2.59582e-09	-0.00263401
2.59589e-09	-0.00263232
2.59596e-09	-0.00263062
2.59603e-09	-0.00262892
2.5961e-09	-0.00262721
2.59618e-09	-0.0026255
2.59625e-09	-0.00262379
2.59632e-09	-0.00262208
2.59639e-09	-0.00262036
2.59646e-09	-0.00261863
2.59653e-09	-0.00261691
2.5966e-09	-0.00261518
2.59667e-09	-0.00261344
2.59674e-09	-0.00261171
2.59681e-09	-0.00260996
2.59688e-09	-0.00260822
2.59696e-09	-0.00260647
2.59703e-09	-0.00260472
2.5971e-09	-0.00260296
2.59717e-09	-0.0026012
2.59724e-09	-0.00259944
2.59731e-09	-0.00259767
2.59738e-09	-0.0025959
2.59745e-09	-0.00259413
2.59752e-09	-0.00259235
2.59759e-09	-0.00259057
2.59766e-09	-0.00258879
2.59774e-09	-0.002587
2.59781e-09	-0.00258521
2.59788e-09	-0.00258341
2.59795e-09	-0.00258162
2.59802e-09	-0.00257981
2.59809e-09	-0.00257801
2.59816e-09	-0.0025762
2.59823e-09	-0.00257439
2.5983e-09	-0.00257257
2.59837e-09	-0.00257075
2.59845e-09	-0.00256893
2.59852e-09	-0.00256711
2.59859e-09	-0.00256528
2.59866e-09	-0.00256344
2.59873e-09	-0.00256161
2.5988e-09	-0.00255977
2.59887e-09	-0.00255793
2.59894e-09	-0.00255608
2.59901e-09	-0.00255423
2.59908e-09	-0.00255238
2.59915e-09	-0.00255052
2.59923e-09	-0.00254866
2.5993e-09	-0.0025468
2.59937e-09	-0.00254493
2.59944e-09	-0.00254306
2.59951e-09	-0.00254119
2.59958e-09	-0.00253932
2.59965e-09	-0.00253744
2.59972e-09	-0.00253555
2.59979e-09	-0.00253367
2.59986e-09	-0.00253178
2.59993e-09	-0.00252989
2.60001e-09	-0.00252799
2.60008e-09	-0.00252609
2.60015e-09	-0.00252419
2.60022e-09	-0.00252229
2.60029e-09	-0.00252038
2.60036e-09	-0.00251847
2.60043e-09	-0.00251655
2.6005e-09	-0.00251464
2.60057e-09	-0.00251272
2.60064e-09	-0.00251079
2.60071e-09	-0.00250887
2.60079e-09	-0.00250694
2.60086e-09	-0.002505
2.60093e-09	-0.00250307
2.601e-09	-0.00250113
2.60107e-09	-0.00249918
2.60114e-09	-0.00249724
2.60121e-09	-0.00249529
2.60128e-09	-0.00249334
2.60135e-09	-0.00249138
2.60142e-09	-0.00248943
2.6015e-09	-0.00248747
2.60157e-09	-0.0024855
2.60164e-09	-0.00248353
2.60171e-09	-0.00248156
2.60178e-09	-0.00247959
2.60185e-09	-0.00247762
2.60192e-09	-0.00247564
2.60199e-09	-0.00247366
2.60206e-09	-0.00247167
2.60213e-09	-0.00246968
2.6022e-09	-0.00246769
2.60228e-09	-0.0024657
2.60235e-09	-0.0024637
2.60242e-09	-0.0024617
2.60249e-09	-0.0024597
2.60256e-09	-0.0024577
2.60263e-09	-0.00245569
2.6027e-09	-0.00245368
2.60277e-09	-0.00245166
2.60284e-09	-0.00244965
2.60291e-09	-0.00244763
2.60298e-09	-0.00244561
2.60306e-09	-0.00244358
2.60313e-09	-0.00244155
2.6032e-09	-0.00243952
2.60327e-09	-0.00243749
2.60334e-09	-0.00243545
2.60341e-09	-0.00243341
2.60348e-09	-0.00243137
2.60355e-09	-0.00242933
2.60362e-09	-0.00242728
2.60369e-09	-0.00242523
2.60376e-09	-0.00242318
2.60384e-09	-0.00242112
2.60391e-09	-0.00241906
2.60398e-09	-0.002417
2.60405e-09	-0.00241494
2.60412e-09	-0.00241287
2.60419e-09	-0.0024108
2.60426e-09	-0.00240873
2.60433e-09	-0.00240666
2.6044e-09	-0.00240458
2.60447e-09	-0.0024025
2.60454e-09	-0.00240042
2.60462e-09	-0.00239833
2.60469e-09	-0.00239625
2.60476e-09	-0.00239416
2.60483e-09	-0.00239206
2.6049e-09	-0.00238997
2.60497e-09	-0.00238787
2.60504e-09	-0.00238577
2.60511e-09	-0.00238366
2.60518e-09	-0.00238156
2.60525e-09	-0.00237945
2.60533e-09	-0.00237734
2.6054e-09	-0.00237523
2.60547e-09	-0.00237311
2.60554e-09	-0.00237099
2.60561e-09	-0.00236887
2.60568e-09	-0.00236675
2.60575e-09	-0.00236462
2.60582e-09	-0.00236249
2.60589e-09	-0.00236036
2.60596e-09	-0.00235823
2.60603e-09	-0.00235609
2.60611e-09	-0.00235395
2.60618e-09	-0.00235181
2.60625e-09	-0.00234967
2.60632e-09	-0.00234752
2.60639e-09	-0.00234538
2.60646e-09	-0.00234323
2.60653e-09	-0.00234107
2.6066e-09	-0.00233892
2.60667e-09	-0.00233676
2.60674e-09	-0.0023346
2.60681e-09	-0.00233244
2.60689e-09	-0.00233027
2.60696e-09	-0.00232811
2.60703e-09	-0.00232594
2.6071e-09	-0.00232377
2.60717e-09	-0.00232159
2.60724e-09	-0.00231942
2.60731e-09	-0.00231724
2.60738e-09	-0.00231506
2.60745e-09	-0.00231287
2.60752e-09	-0.00231069
2.60759e-09	-0.0023085
2.60767e-09	-0.00230631
2.60774e-09	-0.00230412
2.60781e-09	-0.00230192
2.60788e-09	-0.00229973
2.60795e-09	-0.00229753
2.60802e-09	-0.00229533
2.60809e-09	-0.00229312
2.60816e-09	-0.00229092
2.60823e-09	-0.00228871
2.6083e-09	-0.0022865
2.60838e-09	-0.00228429
2.60845e-09	-0.00228207
2.60852e-09	-0.00227986
2.60859e-09	-0.00227764
2.60866e-09	-0.00227542
2.60873e-09	-0.00227319
2.6088e-09	-0.00227097
2.60887e-09	-0.00226874
2.60894e-09	-0.00226651
2.60901e-09	-0.00226428
2.60908e-09	-0.00226205
2.60916e-09	-0.00225981
2.60923e-09	-0.00225757
2.6093e-09	-0.00225533
2.60937e-09	-0.00225309
2.60944e-09	-0.00225085
2.60951e-09	-0.0022486
2.60958e-09	-0.00224635
2.60965e-09	-0.0022441
2.60972e-09	-0.00224185
2.60979e-09	-0.0022396
2.60986e-09	-0.00223734
2.60994e-09	-0.00223508
2.61001e-09	-0.00223282
2.61008e-09	-0.00223056
2.61015e-09	-0.0022283
2.61022e-09	-0.00222603
2.61029e-09	-0.00222377
2.61036e-09	-0.0022215
2.61043e-09	-0.00221922
2.6105e-09	-0.00221695
2.61057e-09	-0.00221467
2.61064e-09	-0.0022124
2.61072e-09	-0.00221012
2.61079e-09	-0.00220784
2.61086e-09	-0.00220555
2.61093e-09	-0.00220327
2.611e-09	-0.00220098
2.61107e-09	-0.00219869
2.61114e-09	-0.0021964
2.61121e-09	-0.00219411
2.61128e-09	-0.00219182
2.61135e-09	-0.00218952
2.61142e-09	-0.00218722
2.6115e-09	-0.00218492
2.61157e-09	-0.00218262
2.61164e-09	-0.00218032
2.61171e-09	-0.00217801
2.61178e-09	-0.00217571
2.61185e-09	-0.0021734
2.61192e-09	-0.00217109
2.61199e-09	-0.00216877
2.61206e-09	-0.00216646
2.61213e-09	-0.00216415
2.61221e-09	-0.00216183
2.61228e-09	-0.00215951
2.61235e-09	-0.00215719
2.61242e-09	-0.00215487
2.61249e-09	-0.00215254
2.61256e-09	-0.00215022
2.61263e-09	-0.00214789
2.6127e-09	-0.00214556
2.61277e-09	-0.00214323
2.61284e-09	-0.0021409
2.61291e-09	-0.00213856
2.61299e-09	-0.00213623
2.61306e-09	-0.00213389
2.61313e-09	-0.00213155
2.6132e-09	-0.00212921
2.61327e-09	-0.00212687
2.61334e-09	-0.00212452
2.61341e-09	-0.00212218
2.61348e-09	-0.00211983
2.61355e-09	-0.00211748
2.61362e-09	-0.00211513
2.61369e-09	-0.00211278
2.61377e-09	-0.00211043
2.61384e-09	-0.00210807
2.61391e-09	-0.00210571
2.61398e-09	-0.00210336
2.61405e-09	-0.002101
2.61412e-09	-0.00209864
2.61419e-09	-0.00209627
2.61426e-09	-0.00209391
2.61433e-09	-0.00209154
2.6144e-09	-0.00208918
2.61447e-09	-0.00208681
2.61455e-09	-0.00208444
2.61462e-09	-0.00208207
2.61469e-09	-0.00207969
2.61476e-09	-0.00207732
2.61483e-09	-0.00207494
2.6149e-09	-0.00207257
2.61497e-09	-0.00207019
2.61504e-09	-0.00206781
2.61511e-09	-0.00206543
2.61518e-09	-0.00206305
2.61526e-09	-0.00206066
2.61533e-09	-0.00205828
2.6154e-09	-0.00205589
2.61547e-09	-0.0020535
2.61554e-09	-0.00205111
2.61561e-09	-0.00204872
2.61568e-09	-0.00204633
2.61575e-09	-0.00204393
2.61582e-09	-0.00204154
2.61589e-09	-0.00203914
2.61596e-09	-0.00203674
2.61604e-09	-0.00203435
2.61611e-09	-0.00203195
2.61618e-09	-0.00202954
2.61625e-09	-0.00202714
2.61632e-09	-0.00202474
2.61639e-09	-0.00202233
2.61646e-09	-0.00201993
2.61653e-09	-0.00201752
2.6166e-09	-0.00201511
2.61667e-09	-0.0020127
2.61674e-09	-0.00201029
2.61682e-09	-0.00200787
2.61689e-09	-0.00200546
2.61696e-09	-0.00200305
2.61703e-09	-0.00200063
2.6171e-09	-0.00199821
2.61717e-09	-0.00199579
2.61724e-09	-0.00199337
2.61731e-09	-0.00199095
2.61738e-09	-0.00198853
2.61745e-09	-0.00198611
2.61752e-09	-0.00198368
2.6176e-09	-0.00198126
2.61767e-09	-0.00197883
2.61774e-09	-0.0019764
2.61781e-09	-0.00197397
2.61788e-09	-0.00197154
2.61795e-09	-0.00196911
2.61802e-09	-0.00196668
2.61809e-09	-0.00196425
2.61816e-09	-0.00196181
2.61823e-09	-0.00195938
2.6183e-09	-0.00195694
2.61838e-09	-0.0019545
2.61845e-09	-0.00195206
2.61852e-09	-0.00194962
2.61859e-09	-0.00194718
2.61866e-09	-0.00194474
2.61873e-09	-0.0019423
2.6188e-09	-0.00193986
2.61887e-09	-0.00193741
2.61894e-09	-0.00193496
2.61901e-09	-0.00193252
2.61909e-09	-0.00193007
2.61916e-09	-0.00192762
2.61923e-09	-0.00192517
2.6193e-09	-0.00192272
2.61937e-09	-0.00192027
2.61944e-09	-0.00191782
2.61951e-09	-0.00191536
2.61958e-09	-0.00191291
2.61965e-09	-0.00191045
2.61972e-09	-0.001908
2.61979e-09	-0.00190554
2.61987e-09	-0.00190308
2.61994e-09	-0.00190062
2.62001e-09	-0.00189816
2.62008e-09	-0.0018957
2.62015e-09	-0.00189324
2.62022e-09	-0.00189078
2.62029e-09	-0.00188832
2.62036e-09	-0.00188585
2.62043e-09	-0.00188339
2.6205e-09	-0.00188092
2.62057e-09	-0.00187845
2.62065e-09	-0.00187599
2.62072e-09	-0.00187352
2.62079e-09	-0.00187105
2.62086e-09	-0.00186858
2.62093e-09	-0.00186611
2.621e-09	-0.00186364
2.62107e-09	-0.00186117
2.62114e-09	-0.00185869
2.62121e-09	-0.00185622
2.62128e-09	-0.00185374
2.62135e-09	-0.00185127
2.62143e-09	-0.00184879
2.6215e-09	-0.00184632
2.62157e-09	-0.00184384
2.62164e-09	-0.00184136
2.62171e-09	-0.00183888
2.62178e-09	-0.0018364
2.62185e-09	-0.00183392
2.62192e-09	-0.00183144
2.62199e-09	-0.00182896
2.62206e-09	-0.00182648
2.62214e-09	-0.00182399
2.62221e-09	-0.00182151
2.62228e-09	-0.00181903
2.62235e-09	-0.00181654
2.62242e-09	-0.00181406
2.62249e-09	-0.00181157
2.62256e-09	-0.00180908
2.62263e-09	-0.0018066
2.6227e-09	-0.00180411
2.62277e-09	-0.00180162
2.62284e-09	-0.00179913
2.62292e-09	-0.00179664
2.62299e-09	-0.00179415
2.62306e-09	-0.00179166
2.62313e-09	-0.00178917
2.6232e-09	-0.00178667
2.62327e-09	-0.00178418
2.62334e-09	-0.00178169
2.62341e-09	-0.00177919
2.62348e-09	-0.0017767
2.62355e-09	-0.0017742
2.62362e-09	-0.00177171
2.6237e-09	-0.00176921
2.62377e-09	-0.00176672
2.62384e-09	-0.00176422
2.62391e-09	-0.00176172
2.62398e-09	-0.00175922
2.62405e-09	-0.00175673
2.62412e-09	-0.00175423
2.62419e-09	-0.00175173
2.62426e-09	-0.00174923
2.62433e-09	-0.00174673
2.6244e-09	-0.00174423
2.62448e-09	-0.00174173
2.62455e-09	-0.00173922
2.62462e-09	-0.00173672
2.62469e-09	-0.00173422
2.62476e-09	-0.00173172
2.62483e-09	-0.00172921
2.6249e-09	-0.00172671
2.62497e-09	-0.0017242
2.62504e-09	-0.0017217
2.62511e-09	-0.0017192
2.62518e-09	-0.00171669
2.62526e-09	-0.00171418
2.62533e-09	-0.00171168
2.6254e-09	-0.00170917
2.62547e-09	-0.00170666
2.62554e-09	-0.00170416
2.62561e-09	-0.00170165
2.62568e-09	-0.00169914
2.62575e-09	-0.00169663
2.62582e-09	-0.00169413
2.62589e-09	-0.00169162
2.62597e-09	-0.00168911
2.62604e-09	-0.0016866
2.62611e-09	-0.00168409
2.62618e-09	-0.00168158
2.62625e-09	-0.00167907
2.62632e-09	-0.00167656
2.62639e-09	-0.00167405
2.62646e-09	-0.00167154
2.62653e-09	-0.00166903
2.6266e-09	-0.00166651
2.62667e-09	-0.001664
2.62675e-09	-0.00166149
2.62682e-09	-0.00165898
2.62689e-09	-0.00165647
2.62696e-09	-0.00165395
2.62703e-09	-0.00165144
2.6271e-09	-0.00164893
2.62717e-09	-0.00164641
2.62724e-09	-0.0016439
2.62731e-09	-0.00164139
2.62738e-09	-0.00163887
2.62745e-09	-0.00163636
2.62753e-09	-0.00163385
2.6276e-09	-0.00163133
2.62767e-09	-0.00162882
2.62774e-09	-0.0016263
2.62781e-09	-0.00162379
2.62788e-09	-0.00162127
2.62795e-09	-0.00161876
2.62802e-09	-0.00161624
2.62809e-09	-0.00161373
2.62816e-09	-0.00161121
2.62823e-09	-0.0016087
2.62831e-09	-0.00160618
2.62838e-09	-0.00160367
2.62845e-09	-0.00160115
2.62852e-09	-0.00159863
2.62859e-09	-0.00159612
2.62866e-09	-0.0015936
2.62873e-09	-0.00159109
2.6288e-09	-0.00158857
2.62887e-09	-0.00158606
2.62894e-09	-0.00158354
2.62902e-09	-0.00158102
2.62909e-09	-0.00157851
2.62916e-09	-0.00157599
2.62923e-09	-0.00157347
2.6293e-09	-0.00157096
2.62937e-09	-0.00156844
2.62944e-09	-0.00156593
2.62951e-09	-0.00156341
2.62958e-09	-0.00156089
2.62965e-09	-0.00155838
2.62972e-09	-0.00155586
2.6298e-09	-0.00155335
2.62987e-09	-0.00155083
2.62994e-09	-0.00154831
2.63001e-09	-0.0015458
2.63008e-09	-0.00154328
2.63015e-09	-0.00154077
2.63022e-09	-0.00153825
2.63029e-09	-0.00153574
2.63036e-09	-0.00153322
2.63043e-09	-0.0015307
2.6305e-09	-0.00152819
2.63058e-09	-0.00152567
2.63065e-09	-0.00152316
2.63072e-09	-0.00152064
2.63079e-09	-0.00151813
2.63086e-09	-0.00151561
2.63093e-09	-0.0015131
2.631e-09	-0.00151058
2.63107e-09	-0.00150807
2.63114e-09	-0.00150556
2.63121e-09	-0.00150304
2.63128e-09	-0.00150053
2.63136e-09	-0.00149801
2.63143e-09	-0.0014955
2.6315e-09	-0.00149299
2.63157e-09	-0.00149047
2.63164e-09	-0.00148796
2.63171e-09	-0.00148545
2.63178e-09	-0.00148294
2.63185e-09	-0.00148042
2.63192e-09	-0.00147791
2.63199e-09	-0.0014754
2.63206e-09	-0.00147289
2.63214e-09	-0.00147038
2.63221e-09	-0.00146787
2.63228e-09	-0.00146535
2.63235e-09	-0.00146284
2.63242e-09	-0.00146033
2.63249e-09	-0.00145782
2.63256e-09	-0.00145531
2.63263e-09	-0.0014528
2.6327e-09	-0.00145029
2.63277e-09	-0.00144778
2.63285e-09	-0.00144528
2.63292e-09	-0.00144277
2.63299e-09	-0.00144026
2.63306e-09	-0.00143775
2.63313e-09	-0.00143524
2.6332e-09	-0.00143274
2.63327e-09	-0.00143023
2.63334e-09	-0.00142772
2.63341e-09	-0.00142522
2.63348e-09	-0.00142271
2.63355e-09	-0.0014202
2.63363e-09	-0.0014177
2.6337e-09	-0.00141519
2.63377e-09	-0.00141269
2.63384e-09	-0.00141019
2.63391e-09	-0.00140768
2.63398e-09	-0.00140518
2.63405e-09	-0.00140267
2.63412e-09	-0.00140017
2.63419e-09	-0.00139767
2.63426e-09	-0.00139517
2.63433e-09	-0.00139267
2.63441e-09	-0.00139017
2.63448e-09	-0.00138766
2.63455e-09	-0.00138516
2.63462e-09	-0.00138266
2.63469e-09	-0.00138017
2.63476e-09	-0.00137767
2.63483e-09	-0.00137517
2.6349e-09	-0.00137267
2.63497e-09	-0.00137017
2.63504e-09	-0.00136768
2.63511e-09	-0.00136518
2.63519e-09	-0.00136268
2.63526e-09	-0.00136019
2.63533e-09	-0.00135769
2.6354e-09	-0.0013552
2.63547e-09	-0.0013527
2.63554e-09	-0.00135021
2.63561e-09	-0.00134772
2.63568e-09	-0.00134522
2.63575e-09	-0.00134273
2.63582e-09	-0.00134024
2.6359e-09	-0.00133775
2.63597e-09	-0.00133526
2.63604e-09	-0.00133277
2.63611e-09	-0.00133028
2.63618e-09	-0.00132779
2.63625e-09	-0.0013253
2.63632e-09	-0.00132281
2.63639e-09	-0.00132032
2.63646e-09	-0.00131784
2.63653e-09	-0.00131535
2.6366e-09	-0.00131287
2.63668e-09	-0.00131038
2.63675e-09	-0.0013079
2.63682e-09	-0.00130541
2.63689e-09	-0.00130293
2.63696e-09	-0.00130045
2.63703e-09	-0.00129796
2.6371e-09	-0.00129548
2.63717e-09	-0.001293
2.63724e-09	-0.00129052
2.63731e-09	-0.00128804
2.63738e-09	-0.00128556
2.63746e-09	-0.00128308
2.63753e-09	-0.00128061
2.6376e-09	-0.00127813
2.63767e-09	-0.00127565
2.63774e-09	-0.00127318
2.63781e-09	-0.0012707
2.63788e-09	-0.00126823
2.63795e-09	-0.00126576
2.63802e-09	-0.00126328
2.63809e-09	-0.00126081
2.63816e-09	-0.00125834
2.63824e-09	-0.00125587
2.63831e-09	-0.0012534
2.63838e-09	-0.00125093
2.63845e-09	-0.00124846
2.63852e-09	-0.00124599
2.63859e-09	-0.00124352
2.63866e-09	-0.00124106
2.63873e-09	-0.00123859
2.6388e-09	-0.00123613
2.63887e-09	-0.00123366
2.63894e-09	-0.0012312
2.63902e-09	-0.00122873
2.63909e-09	-0.00122627
2.63916e-09	-0.00122381
2.63923e-09	-0.00122135
2.6393e-09	-0.00121889
2.63937e-09	-0.00121643
2.63944e-09	-0.00121397
2.63951e-09	-0.00121151
2.63958e-09	-0.00120906
2.63965e-09	-0.0012066
2.63973e-09	-0.00120415
2.6398e-09	-0.00120169
2.63987e-09	-0.00119924
2.63994e-09	-0.00119679
2.64001e-09	-0.00119433
2.64008e-09	-0.00119188
2.64015e-09	-0.00118943
2.64022e-09	-0.00118698
2.64029e-09	-0.00118453
2.64036e-09	-0.00118209
2.64043e-09	-0.00117964
2.64051e-09	-0.00117719
2.64058e-09	-0.00117475
2.64065e-09	-0.0011723
2.64072e-09	-0.00116986
2.64079e-09	-0.00116742
2.64086e-09	-0.00116498
2.64093e-09	-0.00116254
2.641e-09	-0.0011601
2.64107e-09	-0.00115766
2.64114e-09	-0.00115522
2.64121e-09	-0.00115278
2.64129e-09	-0.00115034
2.64136e-09	-0.00114791
2.64143e-09	-0.00114547
2.6415e-09	-0.00114304
2.64157e-09	-0.00114061
2.64164e-09	-0.00113818
2.64171e-09	-0.00113574
2.64178e-09	-0.00113331
2.64185e-09	-0.00113089
2.64192e-09	-0.00112846
2.64199e-09	-0.00112603
2.64207e-09	-0.0011236
2.64214e-09	-0.00112118
2.64221e-09	-0.00111875
2.64228e-09	-0.00111633
2.64235e-09	-0.00111391
2.64242e-09	-0.00111149
2.64249e-09	-0.00110907
2.64256e-09	-0.00110665
2.64263e-09	-0.00110423
2.6427e-09	-0.00110181
2.64278e-09	-0.0010994
2.64285e-09	-0.00109698
2.64292e-09	-0.00109457
2.64299e-09	-0.00109215
2.64306e-09	-0.00108974
2.64313e-09	-0.00108733
2.6432e-09	-0.00108492
2.64327e-09	-0.00108251
2.64334e-09	-0.0010801
2.64341e-09	-0.00107769
2.64348e-09	-0.00107529
2.64356e-09	-0.00107288
2.64363e-09	-0.00107048
2.6437e-09	-0.00106807
2.64377e-09	-0.00106567
2.64384e-09	-0.00106327
2.64391e-09	-0.00106087
2.64398e-09	-0.00105847
2.64405e-09	-0.00105608
2.64412e-09	-0.00105368
2.64419e-09	-0.00105128
2.64426e-09	-0.00104889
2.64434e-09	-0.0010465
2.64441e-09	-0.0010441
2.64448e-09	-0.00104171
2.64455e-09	-0.00103932
2.64462e-09	-0.00103693
2.64469e-09	-0.00103455
2.64476e-09	-0.00103216
2.64483e-09	-0.00102977
2.6449e-09	-0.00102739
2.64497e-09	-0.00102501
2.64504e-09	-0.00102262
2.64512e-09	-0.00102024
2.64519e-09	-0.00101786
2.64526e-09	-0.00101548
2.64533e-09	-0.00101311
2.6454e-09	-0.00101073
2.64547e-09	-0.00100835
2.64554e-09	-0.00100598
2.64561e-09	-0.00100361
2.64568e-09	-0.00100123
2.64575e-09	-0.000998864
2.64582e-09	-0.000996495
2.6459e-09	-0.000994126
2.64597e-09	-0.000991759
2.64604e-09	-0.000989393
2.64611e-09	-0.000987029
2.64618e-09	-0.000984665
2.64625e-09	-0.000982303
2.64632e-09	-0.000979942
2.64639e-09	-0.000977582
2.64646e-09	-0.000975223
2.64653e-09	-0.000972866
2.64661e-09	-0.000970509
2.64668e-09	-0.000968155
2.64675e-09	-0.000965801
2.64682e-09	-0.000963448
2.64689e-09	-0.000961097
2.64696e-09	-0.000958747
2.64703e-09	-0.000956398
2.6471e-09	-0.000954051
2.64717e-09	-0.000951704
2.64724e-09	-0.000949359
2.64731e-09	-0.000947016
2.64739e-09	-0.000944673
2.64746e-09	-0.000942332
2.64753e-09	-0.000939992
2.6476e-09	-0.000937653
2.64767e-09	-0.000935316
2.64774e-09	-0.00093298
2.64781e-09	-0.000930645
2.64788e-09	-0.000928311
2.64795e-09	-0.000925979
2.64802e-09	-0.000923648
2.64809e-09	-0.000921319
2.64817e-09	-0.00091899
2.64824e-09	-0.000916663
2.64831e-09	-0.000914338
2.64838e-09	-0.000912013
2.64845e-09	-0.00090969
2.64852e-09	-0.000907368
2.64859e-09	-0.000905048
2.64866e-09	-0.000902729
2.64873e-09	-0.000900411
2.6488e-09	-0.000898095
2.64887e-09	-0.00089578
2.64895e-09	-0.000893466
2.64902e-09	-0.000891154
2.64909e-09	-0.000888843
2.64916e-09	-0.000886534
2.64923e-09	-0.000884225
2.6493e-09	-0.000881918
2.64937e-09	-0.000879613
2.64944e-09	-0.000877309
2.64951e-09	-0.000875006
2.64958e-09	-0.000872705
2.64966e-09	-0.000870405
2.64973e-09	-0.000868106
2.6498e-09	-0.000865809
2.64987e-09	-0.000863513
2.64994e-09	-0.000861219
2.65001e-09	-0.000858926
2.65008e-09	-0.000856634
2.65015e-09	-0.000854344
2.65022e-09	-0.000852055
2.65029e-09	-0.000849768
2.65036e-09	-0.000847482
2.65044e-09	-0.000845198
2.65051e-09	-0.000842915
2.65058e-09	-0.000840633
2.65065e-09	-0.000838353
2.65072e-09	-0.000836074
2.65079e-09	-0.000833797
2.65086e-09	-0.000831521
2.65093e-09	-0.000829246
2.651e-09	-0.000826973
2.65107e-09	-0.000824702
2.65114e-09	-0.000822432
2.65122e-09	-0.000820163
2.65129e-09	-0.000817896
2.65136e-09	-0.000815631
2.65143e-09	-0.000813366
2.6515e-09	-0.000811104
2.65157e-09	-0.000808842
2.65164e-09	-0.000806583
2.65171e-09	-0.000804324
2.65178e-09	-0.000802068
2.65185e-09	-0.000799812
2.65192e-09	-0.000797559
2.652e-09	-0.000795306
2.65207e-09	-0.000793056
2.65214e-09	-0.000790806
2.65221e-09	-0.000788559
2.65228e-09	-0.000786312
2.65235e-09	-0.000784068
2.65242e-09	-0.000781824
2.65249e-09	-0.000779583
2.65256e-09	-0.000777343
2.65263e-09	-0.000775104
2.6527e-09	-0.000772867
2.65278e-09	-0.000770631
2.65285e-09	-0.000768397
2.65292e-09	-0.000766165
2.65299e-09	-0.000763934
2.65306e-09	-0.000761704
2.65313e-09	-0.000759477
2.6532e-09	-0.00075725
2.65327e-09	-0.000755026
2.65334e-09	-0.000752802
2.65341e-09	-0.000750581
2.65349e-09	-0.000748361
2.65356e-09	-0.000746142
2.65363e-09	-0.000743925
2.6537e-09	-0.00074171
2.65377e-09	-0.000739496
2.65384e-09	-0.000737284
2.65391e-09	-0.000735074
2.65398e-09	-0.000732865
2.65405e-09	-0.000730657
2.65412e-09	-0.000728451
2.65419e-09	-0.000726247
2.65427e-09	-0.000724045
2.65434e-09	-0.000721844
2.65441e-09	-0.000719644
2.65448e-09	-0.000717446
2.65455e-09	-0.00071525
2.65462e-09	-0.000713056
2.65469e-09	-0.000710863
2.65476e-09	-0.000708671
2.65483e-09	-0.000706482
2.6549e-09	-0.000704294
2.65497e-09	-0.000702107
2.65505e-09	-0.000699922
2.65512e-09	-0.000697739
2.65519e-09	-0.000695558
2.65526e-09	-0.000693378
2.65533e-09	-0.0006912
2.6554e-09	-0.000689023
2.65547e-09	-0.000686848
2.65554e-09	-0.000684675
2.65561e-09	-0.000682503
2.65568e-09	-0.000680333
2.65575e-09	-0.000678165
2.65583e-09	-0.000675998
2.6559e-09	-0.000673833
2.65597e-09	-0.00067167
2.65604e-09	-0.000669508
2.65611e-09	-0.000667348
2.65618e-09	-0.00066519
2.65625e-09	-0.000663033
2.65632e-09	-0.000660878
2.65639e-09	-0.000658725
2.65646e-09	-0.000656574
2.65654e-09	-0.000654424
2.65661e-09	-0.000652276
2.65668e-09	-0.000650129
2.65675e-09	-0.000647984
2.65682e-09	-0.000645841
2.65689e-09	-0.0006437
2.65696e-09	-0.00064156
2.65703e-09	-0.000639423
2.6571e-09	-0.000637286
2.65717e-09	-0.000635152
2.65724e-09	-0.000633019
2.65732e-09	-0.000630888
2.65739e-09	-0.000628759
2.65746e-09	-0.000626631
2.65753e-09	-0.000624505
2.6576e-09	-0.000622381
2.65767e-09	-0.000620259
2.65774e-09	-0.000618138
2.65781e-09	-0.000616019
2.65788e-09	-0.000613902
2.65795e-09	-0.000611786
2.65802e-09	-0.000609673
2.6581e-09	-0.000607561
2.65817e-09	-0.000605451
2.65824e-09	-0.000603342
2.65831e-09	-0.000601236
2.65838e-09	-0.000599131
2.65845e-09	-0.000597028
2.65852e-09	-0.000594926
2.65859e-09	-0.000592827
2.65866e-09	-0.000590729
2.65873e-09	-0.000588633
2.6588e-09	-0.000586539
2.65888e-09	-0.000584446
2.65895e-09	-0.000582355
2.65902e-09	-0.000580266
2.65909e-09	-0.000578179
2.65916e-09	-0.000576094
2.65923e-09	-0.00057401
2.6593e-09	-0.000571929
2.65937e-09	-0.000569849
2.65944e-09	-0.000567771
2.65951e-09	-0.000565694
2.65959e-09	-0.00056362
2.65966e-09	-0.000561547
2.65973e-09	-0.000559476
2.6598e-09	-0.000557407
2.65987e-09	-0.000555339
2.65994e-09	-0.000553274
2.66001e-09	-0.00055121
2.66008e-09	-0.000549148
2.66015e-09	-0.000547088
2.66022e-09	-0.00054503
2.66029e-09	-0.000542974
2.66037e-09	-0.000540919
2.66044e-09	-0.000538866
2.66051e-09	-0.000536815
2.66058e-09	-0.000534766
2.66065e-09	-0.000532719
2.66072e-09	-0.000530674
2.66079e-09	-0.00052863
2.66086e-09	-0.000526588
2.66093e-09	-0.000524549
2.661e-09	-0.000522511
2.66107e-09	-0.000520475
2.66115e-09	-0.00051844
2.66122e-09	-0.000516408
2.66129e-09	-0.000514377
2.66136e-09	-0.000512348
2.66143e-09	-0.000510322
2.6615e-09	-0.000508297
2.66157e-09	-0.000506274
2.66164e-09	-0.000504252
2.66171e-09	-0.000502233
2.66178e-09	-0.000500215
2.66185e-09	-0.0004982
2.66193e-09	-0.000496186
2.662e-09	-0.000494174
2.66207e-09	-0.000492164
2.66214e-09	-0.000490156
2.66221e-09	-0.00048815
2.66228e-09	-0.000486146
2.66235e-09	-0.000484143
2.66242e-09	-0.000482143
2.66249e-09	-0.000480144
2.66256e-09	-0.000478147
2.66263e-09	-0.000476152
2.66271e-09	-0.000474159
2.66278e-09	-0.000472168
2.66285e-09	-0.000470179
2.66292e-09	-0.000468192
2.66299e-09	-0.000466207
2.66306e-09	-0.000464223
2.66313e-09	-0.000462242
2.6632e-09	-0.000460262
2.66327e-09	-0.000458284
2.66334e-09	-0.000456309
2.66342e-09	-0.000454335
2.66349e-09	-0.000452363
2.66356e-09	-0.000450393
2.66363e-09	-0.000448425
2.6637e-09	-0.000446459
2.66377e-09	-0.000444495
2.66384e-09	-0.000442532
2.66391e-09	-0.000440572
2.66398e-09	-0.000438614
2.66405e-09	-0.000436657
2.66412e-09	-0.000434703
2.6642e-09	-0.00043275
2.66427e-09	-0.0004308
2.66434e-09	-0.000428851
2.66441e-09	-0.000426904
2.66448e-09	-0.00042496
2.66455e-09	-0.000423017
2.66462e-09	-0.000421076
2.66469e-09	-0.000419137
2.66476e-09	-0.0004172
2.66483e-09	-0.000415265
2.6649e-09	-0.000413332
2.66498e-09	-0.000411401
2.66505e-09	-0.000409472
2.66512e-09	-0.000407545
2.66519e-09	-0.00040562
2.66526e-09	-0.000403696
2.66533e-09	-0.000401775
2.6654e-09	-0.000399856
2.66547e-09	-0.000397939
2.66554e-09	-0.000396023
2.66561e-09	-0.00039411
2.66568e-09	-0.000392199
2.66576e-09	-0.000390289
2.66583e-09	-0.000388382
2.6659e-09	-0.000386477
2.66597e-09	-0.000384573
2.66604e-09	-0.000382672
2.66611e-09	-0.000380773
2.66618e-09	-0.000378875
2.66625e-09	-0.00037698
2.66632e-09	-0.000375086
2.66639e-09	-0.000373195
2.66647e-09	-0.000371305
2.66654e-09	-0.000369418
2.66661e-09	-0.000367533
2.66668e-09	-0.000365649
2.66675e-09	-0.000363768
2.66682e-09	-0.000361888
2.66689e-09	-0.000360011
2.66696e-09	-0.000358136
2.66703e-09	-0.000356262
2.6671e-09	-0.000354391
2.66717e-09	-0.000352522
2.66725e-09	-0.000350654
2.66732e-09	-0.000348789
2.66739e-09	-0.000346926
2.66746e-09	-0.000345064
2.66753e-09	-0.000343205
2.6676e-09	-0.000341348
2.66767e-09	-0.000339493
2.66774e-09	-0.00033764
2.66781e-09	-0.000335788
2.66788e-09	-0.000333939
2.66795e-09	-0.000332092
2.66803e-09	-0.000330247
2.6681e-09	-0.000328404
2.66817e-09	-0.000326563
2.66824e-09	-0.000324724
2.66831e-09	-0.000322888
2.66838e-09	-0.000321053
2.66845e-09	-0.00031922
2.66852e-09	-0.000317389
2.66859e-09	-0.00031556
2.66866e-09	-0.000313734
2.66873e-09	-0.000311909
2.66881e-09	-0.000310087
2.66888e-09	-0.000308266
2.66895e-09	-0.000306448
2.66902e-09	-0.000304631
2.66909e-09	-0.000302817
2.66916e-09	-0.000301005
2.66923e-09	-0.000299194
2.6693e-09	-0.000297386
2.66937e-09	-0.00029558
2.66944e-09	-0.000293776
2.66951e-09	-0.000291974
2.66959e-09	-0.000290174
2.66966e-09	-0.000288376
2.66973e-09	-0.000286581
2.6698e-09	-0.000284787
2.66987e-09	-0.000282995
2.66994e-09	-0.000281206
2.67001e-09	-0.000279418
2.67008e-09	-0.000277633
2.67015e-09	-0.000275849
2.67022e-09	-0.000274068
2.6703e-09	-0.000272289
2.67037e-09	-0.000270512
2.67044e-09	-0.000268737
2.67051e-09	-0.000266964
2.67058e-09	-0.000265193
2.67065e-09	-0.000263424
2.67072e-09	-0.000261657
2.67079e-09	-0.000259893
2.67086e-09	-0.00025813
2.67093e-09	-0.00025637
2.671e-09	-0.000254611
2.67108e-09	-0.000252855
2.67115e-09	-0.000251101
2.67122e-09	-0.000249349
2.67129e-09	-0.000247599
2.67136e-09	-0.000245851
2.67143e-09	-0.000244105
2.6715e-09	-0.000242362
2.67157e-09	-0.00024062
2.67164e-09	-0.000238881
2.67171e-09	-0.000237143
2.67178e-09	-0.000235408
2.67186e-09	-0.000233675
2.67193e-09	-0.000231944
2.672e-09	-0.000230215
2.67207e-09	-0.000228488
2.67214e-09	-0.000226763
2.67221e-09	-0.00022504
2.67228e-09	-0.00022332
2.67235e-09	-0.000221601
2.67242e-09	-0.000219885
2.67249e-09	-0.000218171
2.67256e-09	-0.000216459
2.67264e-09	-0.000214749
2.67271e-09	-0.000213041
2.67278e-09	-0.000211335
2.67285e-09	-0.000209632
2.67292e-09	-0.00020793
2.67299e-09	-0.000206231
2.67306e-09	-0.000204534
2.67313e-09	-0.000202838
2.6732e-09	-0.000201145
2.67327e-09	-0.000199454
2.67335e-09	-0.000197766
2.67342e-09	-0.000196079
2.67349e-09	-0.000194395
2.67356e-09	-0.000192712
2.67363e-09	-0.000191032
2.6737e-09	-0.000189354
2.67377e-09	-0.000187678
2.67384e-09	-0.000186004
2.67391e-09	-0.000184332
2.67398e-09	-0.000182663
2.67405e-09	-0.000180995
2.67413e-09	-0.00017933
2.6742e-09	-0.000177667
2.67427e-09	-0.000176006
2.67434e-09	-0.000174347
2.67441e-09	-0.00017269
2.67448e-09	-0.000171035
2.67455e-09	-0.000169383
2.67462e-09	-0.000167733
2.67469e-09	-0.000166084
2.67476e-09	-0.000164438
2.67483e-09	-0.000162794
2.67491e-09	-0.000161153
2.67498e-09	-0.000159513
2.67505e-09	-0.000157875
2.67512e-09	-0.00015624
2.67519e-09	-0.000154607
2.67526e-09	-0.000152976
2.67533e-09	-0.000151347
2.6754e-09	-0.00014972
2.67547e-09	-0.000148096
2.67554e-09	-0.000146473
2.67561e-09	-0.000144853
2.67569e-09	-0.000143235
2.67576e-09	-0.000141619
2.67583e-09	-0.000140005
2.6759e-09	-0.000138393
2.67597e-09	-0.000136784
2.67604e-09	-0.000135176
2.67611e-09	-0.000133571
2.67618e-09	-0.000131968
2.67625e-09	-0.000130367
2.67632e-09	-0.000128769
2.67639e-09	-0.000127172
2.67647e-09	-0.000125578
2.67654e-09	-0.000123985
2.67661e-09	-0.000122395
2.67668e-09	-0.000120807
2.67675e-09	-0.000119222
2.67682e-09	-0.000117638
2.67689e-09	-0.000116057
2.67696e-09	-0.000114477
2.67703e-09	-0.0001129
2.6771e-09	-0.000111325
2.67718e-09	-0.000109753
2.67725e-09	-0.000108182
2.67732e-09	-0.000106614
2.67739e-09	-0.000105047
2.67746e-09	-0.000103483
2.67753e-09	-0.000101921
2.6776e-09	-0.000100362
2.67767e-09	-9.88042e-05
2.67774e-09	-9.72488e-05
2.67781e-09	-9.56955e-05
2.67788e-09	-9.41445e-05
2.67796e-09	-9.25956e-05
2.67803e-09	-9.10489e-05
2.6781e-09	-8.95044e-05
2.67817e-09	-8.7962e-05
2.67824e-09	-8.64219e-05
2.67831e-09	-8.48839e-05
2.67838e-09	-8.3348e-05
2.67845e-09	-8.18144e-05
2.67852e-09	-8.02829e-05
2.67859e-09	-7.87536e-05
2.67866e-09	-7.72265e-05
2.67874e-09	-7.57016e-05
2.67881e-09	-7.41788e-05
2.67888e-09	-7.26583e-05
2.67895e-09	-7.11399e-05
2.67902e-09	-6.96236e-05
2.67909e-09	-6.81096e-05
2.67916e-09	-6.65978e-05
2.67923e-09	-6.50881e-05
2.6793e-09	-6.35806e-05
2.67937e-09	-6.20753e-05
2.67944e-09	-6.05722e-05
2.67952e-09	-5.90712e-05
2.67959e-09	-5.75725e-05
2.67966e-09	-5.60759e-05
2.67973e-09	-5.45815e-05
2.6798e-09	-5.30893e-05
2.67987e-09	-5.15993e-05
2.67994e-09	-5.01115e-05
2.68001e-09	-4.86259e-05
2.68008e-09	-4.71424e-05
2.68015e-09	-4.56611e-05
2.68023e-09	-4.41821e-05
2.6803e-09	-4.27052e-05
2.68037e-09	-4.12305e-05
2.68044e-09	-3.97579e-05
2.68051e-09	-3.82876e-05
2.68058e-09	-3.68195e-05
2.68065e-09	-3.53535e-05
2.68072e-09	-3.38898e-05
2.68079e-09	-3.24282e-05
2.68086e-09	-3.09688e-05
2.68093e-09	-2.95116e-05
2.68101e-09	-2.80566e-05
2.68108e-09	-2.66038e-05
2.68115e-09	-2.51532e-05
2.68122e-09	-2.37048e-05
2.68129e-09	-2.22586e-05
2.68136e-09	-2.08145e-05
2.68143e-09	-1.93727e-05
2.6815e-09	-1.7933e-05
2.68157e-09	-1.64955e-05
2.68164e-09	-1.50603e-05
2.68171e-09	-1.36272e-05
2.68179e-09	-1.21963e-05
2.68186e-09	-1.07676e-05
2.68193e-09	-9.34111e-06
2.682e-09	-7.91681e-06
2.68207e-09	-6.4947e-06
2.68214e-09	-5.07478e-06
2.68221e-09	-3.65706e-06
2.68228e-09	-2.24153e-06
2.68235e-09	-8.28197e-07
2.68242e-09	5.82941e-07
2.68249e-09	1.99188e-06
2.68257e-09	3.39863e-06
2.68264e-09	4.80319e-06
2.68271e-09	6.20554e-06
2.68278e-09	7.60571e-06
2.68285e-09	9.00367e-06
2.68292e-09	1.03994e-05
2.68299e-09	1.1793e-05
2.68306e-09	1.31844e-05
2.68313e-09	1.45736e-05
2.6832e-09	1.59606e-05
2.68327e-09	1.73454e-05
2.68335e-09	1.8728e-05
2.68342e-09	2.01083e-05
2.68349e-09	2.14866e-05
2.68356e-09	2.28626e-05
2.68363e-09	2.42364e-05
2.6837e-09	2.5608e-05
2.68377e-09	2.69774e-05
2.68384e-09	2.83446e-05
2.68391e-09	2.97096e-05
2.68398e-09	3.10725e-05
2.68406e-09	3.24331e-05
2.68413e-09	3.37915e-05
2.6842e-09	3.51478e-05
2.68427e-09	3.65018e-05
2.68434e-09	3.78536e-05
2.68441e-09	3.92033e-05
2.68448e-09	4.05507e-05
2.68455e-09	4.1896e-05
2.68462e-09	4.3239e-05
2.68469e-09	4.45799e-05
2.68476e-09	4.59185e-05
2.68484e-09	4.7255e-05
2.68491e-09	4.85893e-05
2.68498e-09	4.99213e-05
2.68505e-09	5.12512e-05
2.68512e-09	5.25789e-05
2.68519e-09	5.39044e-05
2.68526e-09	5.52277e-05
2.68533e-09	5.65487e-05
2.6854e-09	5.78676e-05
2.68547e-09	5.91843e-05
2.68554e-09	6.04988e-05
2.68562e-09	6.18111e-05
2.68569e-09	6.31213e-05
2.68576e-09	6.44292e-05
2.68583e-09	6.57349e-05
2.6859e-09	6.70384e-05
2.68597e-09	6.83397e-05
2.68604e-09	6.96389e-05
2.68611e-09	7.09358e-05
2.68618e-09	7.22305e-05
2.68625e-09	7.35231e-05
2.68632e-09	7.48134e-05
2.6864e-09	7.61016e-05
2.68647e-09	7.73876e-05
2.68654e-09	7.86713e-05
2.68661e-09	7.99529e-05
2.68668e-09	8.12323e-05
2.68675e-09	8.25095e-05
2.68682e-09	8.37845e-05
2.68689e-09	8.50573e-05
2.68696e-09	8.63279e-05
2.68703e-09	8.75963e-05
2.68711e-09	8.88625e-05
2.68718e-09	9.01265e-05
2.68725e-09	9.13884e-05
2.68732e-09	9.2648e-05
2.68739e-09	9.39055e-05
2.68746e-09	9.51607e-05
2.68753e-09	9.64138e-05
2.6876e-09	9.76647e-05
2.68767e-09	9.89134e-05
2.68774e-09	0.00010016
2.68781e-09	0.000101404
2.68789e-09	0.000102646
2.68796e-09	0.000103886
2.68803e-09	0.000105124
2.6881e-09	0.00010636
2.68817e-09	0.000107593
2.68824e-09	0.000108824
2.68831e-09	0.000110053
2.68838e-09	0.00011128
2.68845e-09	0.000112504
2.68852e-09	0.000113727
2.68859e-09	0.000114947
2.68867e-09	0.000116165
2.68874e-09	0.000117381
2.68881e-09	0.000118595
2.68888e-09	0.000119806
2.68895e-09	0.000121015
2.68902e-09	0.000122223
2.68909e-09	0.000123428
2.68916e-09	0.00012463
2.68923e-09	0.000125831
2.6893e-09	0.000127029
2.68937e-09	0.000128225
2.68945e-09	0.000129419
2.68952e-09	0.000130611
2.68959e-09	0.000131801
2.68966e-09	0.000132988
2.68973e-09	0.000134174
2.6898e-09	0.000135357
2.68987e-09	0.000136538
2.68994e-09	0.000137716
2.69001e-09	0.000138893
2.69008e-09	0.000140067
2.69015e-09	0.00014124
2.69023e-09	0.00014241
2.6903e-09	0.000143578
2.69037e-09	0.000144743
2.69044e-09	0.000145907
2.69051e-09	0.000147068
2.69058e-09	0.000148227
2.69065e-09	0.000149384
2.69072e-09	0.000150539
2.69079e-09	0.000151692
2.69086e-09	0.000152842
2.69094e-09	0.00015399
2.69101e-09	0.000155136
2.69108e-09	0.00015628
2.69115e-09	0.000157422
2.69122e-09	0.000158562
2.69129e-09	0.000159699
2.69136e-09	0.000160834
2.69143e-09	0.000161967
2.6915e-09	0.000163098
2.69157e-09	0.000164227
2.69164e-09	0.000165354
2.69172e-09	0.000166478
2.69179e-09	0.0001676
2.69186e-09	0.00016872
2.69193e-09	0.000169838
2.692e-09	0.000170954
2.69207e-09	0.000172067
2.69214e-09	0.000173179
2.69221e-09	0.000174288
2.69228e-09	0.000175395
2.69235e-09	0.0001765
2.69242e-09	0.000177603
2.6925e-09	0.000178703
2.69257e-09	0.000179802
2.69264e-09	0.000180898
2.69271e-09	0.000181992
2.69278e-09	0.000183084
2.69285e-09	0.000184174
2.69292e-09	0.000185262
2.69299e-09	0.000186347
2.69306e-09	0.00018743
2.69313e-09	0.000188511
2.6932e-09	0.00018959
2.69328e-09	0.000190667
2.69335e-09	0.000191742
2.69342e-09	0.000192815
2.69349e-09	0.000193885
2.69356e-09	0.000194953
2.69363e-09	0.000196019
2.6937e-09	0.000197083
2.69377e-09	0.000198145
2.69384e-09	0.000199204
2.69391e-09	0.000200262
2.69399e-09	0.000201317
2.69406e-09	0.00020237
2.69413e-09	0.000203421
2.6942e-09	0.00020447
2.69427e-09	0.000205517
2.69434e-09	0.000206562
2.69441e-09	0.000207604
2.69448e-09	0.000208644
2.69455e-09	0.000209683
2.69462e-09	0.000210719
2.69469e-09	0.000211752
2.69477e-09	0.000212784
2.69484e-09	0.000213814
2.69491e-09	0.000214841
2.69498e-09	0.000215867
2.69505e-09	0.00021689
2.69512e-09	0.000217911
2.69519e-09	0.00021893
2.69526e-09	0.000219946
2.69533e-09	0.000220961
2.6954e-09	0.000221974
2.69547e-09	0.000222984
2.69555e-09	0.000223992
2.69562e-09	0.000224998
2.69569e-09	0.000226002
2.69576e-09	0.000227004
2.69583e-09	0.000228004
2.6959e-09	0.000229001
2.69597e-09	0.000229997
2.69604e-09	0.00023099
2.69611e-09	0.000231981
2.69618e-09	0.00023297
2.69625e-09	0.000233957
2.69633e-09	0.000234942
2.6964e-09	0.000235925
2.69647e-09	0.000236906
2.69654e-09	0.000237884
2.69661e-09	0.00023886
2.69668e-09	0.000239835
2.69675e-09	0.000240807
2.69682e-09	0.000241777
2.69689e-09	0.000242744
2.69696e-09	0.00024371
2.69703e-09	0.000244674
2.69711e-09	0.000245635
2.69718e-09	0.000246595
2.69725e-09	0.000247552
2.69732e-09	0.000248507
2.69739e-09	0.00024946
2.69746e-09	0.000250411
2.69753e-09	0.00025136
2.6976e-09	0.000252307
2.69767e-09	0.000253251
2.69774e-09	0.000254194
2.69782e-09	0.000255134
2.69789e-09	0.000256073
2.69796e-09	0.000257009
2.69803e-09	0.000257943
2.6981e-09	0.000258875
2.69817e-09	0.000259805
2.69824e-09	0.000260733
2.69831e-09	0.000261658
2.69838e-09	0.000262582
2.69845e-09	0.000263504
2.69852e-09	0.000264423
2.6986e-09	0.00026534
2.69867e-09	0.000266256
2.69874e-09	0.000267169
2.69881e-09	0.00026808
2.69888e-09	0.000268989
2.69895e-09	0.000269896
2.69902e-09	0.0002708
2.69909e-09	0.000271703
2.69916e-09	0.000272604
2.69923e-09	0.000273502
2.6993e-09	0.000274398
2.69938e-09	0.000275293
2.69945e-09	0.000276185
2.69952e-09	0.000277075
2.69959e-09	0.000277963
2.69966e-09	0.000278849
2.69973e-09	0.000279733
2.6998e-09	0.000280615
2.69987e-09	0.000281495
2.69994e-09	0.000282372
2.70001e-09	0.000283248
2.70008e-09	0.000284122
2.70016e-09	0.000284993
2.70023e-09	0.000285863
2.7003e-09	0.00028673
2.70037e-09	0.000287595
2.70044e-09	0.000288458
2.70051e-09	0.000289319
2.70058e-09	0.000290178
2.70065e-09	0.000291035
2.70072e-09	0.00029189
2.70079e-09	0.000292743
2.70087e-09	0.000293594
2.70094e-09	0.000294443
2.70101e-09	0.000295289
2.70108e-09	0.000296134
2.70115e-09	0.000296976
2.70122e-09	0.000297817
2.70129e-09	0.000298655
2.70136e-09	0.000299492
2.70143e-09	0.000300326
2.7015e-09	0.000301158
2.70157e-09	0.000301989
2.70165e-09	0.000302817
2.70172e-09	0.000303643
2.70179e-09	0.000304467
2.70186e-09	0.000305289
2.70193e-09	0.000306109
2.702e-09	0.000306927
2.70207e-09	0.000307743
2.70214e-09	0.000308557
2.70221e-09	0.000309368
2.70228e-09	0.000310178
2.70235e-09	0.000310986
2.70243e-09	0.000311791
2.7025e-09	0.000312595
2.70257e-09	0.000313397
2.70264e-09	0.000314196
2.70271e-09	0.000314994
2.70278e-09	0.000315789
2.70285e-09	0.000316583
2.70292e-09	0.000317374
2.70299e-09	0.000318164
2.70306e-09	0.000318951
2.70313e-09	0.000319736
2.70321e-09	0.00032052
2.70328e-09	0.000321301
2.70335e-09	0.00032208
2.70342e-09	0.000322857
2.70349e-09	0.000323633
2.70356e-09	0.000324406
2.70363e-09	0.000325177
2.7037e-09	0.000325946
2.70377e-09	0.000326713
2.70384e-09	0.000327479
2.70391e-09	0.000328242
2.70399e-09	0.000329003
2.70406e-09	0.000329762
2.70413e-09	0.000330519
2.7042e-09	0.000331274
2.70427e-09	0.000332027
2.70434e-09	0.000332778
2.70441e-09	0.000333527
2.70448e-09	0.000334274
2.70455e-09	0.000335019
2.70462e-09	0.000335762
2.7047e-09	0.000336504
2.70477e-09	0.000337243
2.70484e-09	0.00033798
2.70491e-09	0.000338715
2.70498e-09	0.000339448
2.70505e-09	0.000340179
2.70512e-09	0.000340908
2.70519e-09	0.000341635
2.70526e-09	0.00034236
2.70533e-09	0.000343083
2.7054e-09	0.000343804
2.70548e-09	0.000344524
2.70555e-09	0.000345241
2.70562e-09	0.000345956
2.70569e-09	0.000346669
2.70576e-09	0.00034738
2.70583e-09	0.000348089
2.7059e-09	0.000348797
2.70597e-09	0.000349502
2.70604e-09	0.000350205
2.70611e-09	0.000350907
2.70618e-09	0.000351606
2.70626e-09	0.000352303
2.70633e-09	0.000352999
2.7064e-09	0.000353692
2.70647e-09	0.000354384
2.70654e-09	0.000355073
2.70661e-09	0.000355761
2.70668e-09	0.000356446
2.70675e-09	0.00035713
2.70682e-09	0.000357812
2.70689e-09	0.000358491
2.70696e-09	0.000359169
2.70704e-09	0.000359845
2.70711e-09	0.000360519
2.70718e-09	0.00036119
2.70725e-09	0.00036186
2.70732e-09	0.000362528
2.70739e-09	0.000363194
2.70746e-09	0.000363858
2.70753e-09	0.00036452
2.7076e-09	0.000365181
2.70767e-09	0.000365839
2.70775e-09	0.000366495
2.70782e-09	0.000367149
2.70789e-09	0.000367802
2.70796e-09	0.000368452
2.70803e-09	0.000369101
2.7081e-09	0.000369747
2.70817e-09	0.000370392
2.70824e-09	0.000371035
2.70831e-09	0.000371675
2.70838e-09	0.000372314
2.70845e-09	0.000372951
2.70853e-09	0.000373586
2.7086e-09	0.000374219
2.70867e-09	0.00037485
2.70874e-09	0.00037548
2.70881e-09	0.000376107
2.70888e-09	0.000376732
2.70895e-09	0.000377356
2.70902e-09	0.000377977
2.70909e-09	0.000378597
2.70916e-09	0.000379215
2.70923e-09	0.00037983
2.70931e-09	0.000380444
2.70938e-09	0.000381056
2.70945e-09	0.000381666
2.70952e-09	0.000382274
2.70959e-09	0.000382881
2.70966e-09	0.000383485
2.70973e-09	0.000384087
2.7098e-09	0.000384688
2.70987e-09	0.000385287
2.70994e-09	0.000385883
2.71001e-09	0.000386478
2.71009e-09	0.000387071
2.71016e-09	0.000387662
2.71023e-09	0.000388251
2.7103e-09	0.000388838
2.71037e-09	0.000389424
2.71044e-09	0.000390007
2.71051e-09	0.000390589
2.71058e-09	0.000391169
2.71065e-09	0.000391746
2.71072e-09	0.000392322
2.71079e-09	0.000392896
2.71087e-09	0.000393469
2.71094e-09	0.000394039
2.71101e-09	0.000394607
2.71108e-09	0.000395174
2.71115e-09	0.000395738
2.71122e-09	0.000396301
2.71129e-09	0.000396862
2.71136e-09	0.000397421
2.71143e-09	0.000397978
2.7115e-09	0.000398534
2.71158e-09	0.000399087
2.71165e-09	0.000399639
2.71172e-09	0.000400188
2.71179e-09	0.000400736
2.71186e-09	0.000401282
2.71193e-09	0.000401826
2.712e-09	0.000402369
2.71207e-09	0.000402909
2.71214e-09	0.000403448
2.71221e-09	0.000403985
2.71228e-09	0.000404519
2.71236e-09	0.000405052
2.71243e-09	0.000405584
2.7125e-09	0.000406113
2.71257e-09	0.00040664
2.71264e-09	0.000407166
2.71271e-09	0.00040769
2.71278e-09	0.000408212
2.71285e-09	0.000408732
2.71292e-09	0.00040925
2.71299e-09	0.000409767
2.71306e-09	0.000410282
2.71314e-09	0.000410794
2.71321e-09	0.000411305
2.71328e-09	0.000411814
2.71335e-09	0.000412322
2.71342e-09	0.000412827
2.71349e-09	0.000413331
2.71356e-09	0.000413833
2.71363e-09	0.000414333
2.7137e-09	0.000414831
2.71377e-09	0.000415328
2.71384e-09	0.000415822
2.71392e-09	0.000416315
2.71399e-09	0.000416806
2.71406e-09	0.000417295
2.71413e-09	0.000417782
2.7142e-09	0.000418268
2.71427e-09	0.000418752
2.71434e-09	0.000419234
2.71441e-09	0.000419714
2.71448e-09	0.000420192
2.71455e-09	0.000420669
2.71463e-09	0.000421143
2.7147e-09	0.000421616
2.71477e-09	0.000422087
2.71484e-09	0.000422557
2.71491e-09	0.000423024
2.71498e-09	0.00042349
2.71505e-09	0.000423954
2.71512e-09	0.000424416
2.71519e-09	0.000424877
2.71526e-09	0.000425335
2.71533e-09	0.000425792
2.71541e-09	0.000426247
2.71548e-09	0.000426701
2.71555e-09	0.000427152
2.71562e-09	0.000427602
2.71569e-09	0.00042805
2.71576e-09	0.000428496
2.71583e-09	0.00042894
2.7159e-09	0.000429383
2.71597e-09	0.000429824
2.71604e-09	0.000430263
2.71611e-09	0.0004307
2.71619e-09	0.000431136
2.71626e-09	0.00043157
2.71633e-09	0.000432002
2.7164e-09	0.000432432
2.71647e-09	0.000432861
2.71654e-09	0.000433288
2.71661e-09	0.000433713
2.71668e-09	0.000434136
2.71675e-09	0.000434558
2.71682e-09	0.000434978
2.71689e-09	0.000435396
2.71697e-09	0.000435812
2.71704e-09	0.000436227
2.71711e-09	0.00043664
2.71718e-09	0.000437051
2.71725e-09	0.00043746
2.71732e-09	0.000437868
2.71739e-09	0.000438274
2.71746e-09	0.000438678
2.71753e-09	0.00043908
2.7176e-09	0.000439481
2.71767e-09	0.00043988
2.71775e-09	0.000440277
2.71782e-09	0.000440673
2.71789e-09	0.000441067
2.71796e-09	0.000441459
2.71803e-09	0.000441849
2.7181e-09	0.000442238
2.71817e-09	0.000442625
2.71824e-09	0.00044301
2.71831e-09	0.000443394
2.71838e-09	0.000443776
2.71846e-09	0.000444156
2.71853e-09	0.000444534
2.7186e-09	0.000444911
2.71867e-09	0.000445286
2.71874e-09	0.000445659
2.71881e-09	0.000446031
2.71888e-09	0.000446401
2.71895e-09	0.000446769
2.71902e-09	0.000447136
2.71909e-09	0.000447501
2.71916e-09	0.000447864
2.71924e-09	0.000448225
2.71931e-09	0.000448585
2.71938e-09	0.000448943
2.71945e-09	0.0004493
2.71952e-09	0.000449654
2.71959e-09	0.000450007
2.71966e-09	0.000450359
2.71973e-09	0.000450709
2.7198e-09	0.000451057
2.71987e-09	0.000451403
2.71994e-09	0.000451748
2.72002e-09	0.000452091
2.72009e-09	0.000452432
2.72016e-09	0.000452772
2.72023e-09	0.00045311
2.7203e-09	0.000453446
2.72037e-09	0.000453781
2.72044e-09	0.000454114
2.72051e-09	0.000454445
2.72058e-09	0.000454775
2.72065e-09	0.000455103
2.72072e-09	0.00045543
2.7208e-09	0.000455755
2.72087e-09	0.000456078
2.72094e-09	0.000456399
2.72101e-09	0.000456719
2.72108e-09	0.000457037
2.72115e-09	0.000457354
2.72122e-09	0.000457669
2.72129e-09	0.000457982
2.72136e-09	0.000458294
2.72143e-09	0.000458604
2.72151e-09	0.000458912
2.72158e-09	0.000459219
2.72165e-09	0.000459524
2.72172e-09	0.000459828
2.72179e-09	0.00046013
2.72186e-09	0.00046043
2.72193e-09	0.000460729
2.722e-09	0.000461026
2.72207e-09	0.000461321
2.72214e-09	0.000461615
2.72221e-09	0.000461907
2.72229e-09	0.000462198
2.72236e-09	0.000462487
2.72243e-09	0.000462774
2.7225e-09	0.00046306
2.72257e-09	0.000463344
2.72264e-09	0.000463627
2.72271e-09	0.000463908
2.72278e-09	0.000464187
2.72285e-09	0.000464465
2.72292e-09	0.000464741
2.72299e-09	0.000465015
2.72307e-09	0.000465288
2.72314e-09	0.00046556
2.72321e-09	0.00046583
2.72328e-09	0.000466098
2.72335e-09	0.000466364
2.72342e-09	0.000466629
2.72349e-09	0.000466893
2.72356e-09	0.000467155
2.72363e-09	0.000467415
2.7237e-09	0.000467674
2.72377e-09	0.000467931
2.72385e-09	0.000468187
2.72392e-09	0.000468441
2.72399e-09	0.000468693
2.72406e-09	0.000468944
2.72413e-09	0.000469193
2.7242e-09	0.000469441
2.72427e-09	0.000469687
2.72434e-09	0.000469932
2.72441e-09	0.000470175
2.72448e-09	0.000470417
2.72455e-09	0.000470657
2.72463e-09	0.000470895
2.7247e-09	0.000471132
2.72477e-09	0.000471367
2.72484e-09	0.000471601
2.72491e-09	0.000471833
2.72498e-09	0.000472064
2.72505e-09	0.000472293
2.72512e-09	0.000472521
2.72519e-09	0.000472747
2.72526e-09	0.000472972
2.72534e-09	0.000473195
2.72541e-09	0.000473416
2.72548e-09	0.000473636
2.72555e-09	0.000473854
2.72562e-09	0.000474071
2.72569e-09	0.000474287
2.72576e-09	0.000474501
2.72583e-09	0.000474713
2.7259e-09	0.000474924
2.72597e-09	0.000475133
2.72604e-09	0.000475341
2.72612e-09	0.000475547
2.72619e-09	0.000475752
2.72626e-09	0.000475955
2.72633e-09	0.000476157
2.7264e-09	0.000476357
2.72647e-09	0.000476556
2.72654e-09	0.000476753
2.72661e-09	0.000476949
2.72668e-09	0.000477143
2.72675e-09	0.000477336
2.72682e-09	0.000477527
2.7269e-09	0.000477717
2.72697e-09	0.000477906
2.72704e-09	0.000478092
2.72711e-09	0.000478278
2.72718e-09	0.000478462
2.72725e-09	0.000478644
2.72732e-09	0.000478825
2.72739e-09	0.000479004
2.72746e-09	0.000479182
2.72753e-09	0.000479359
2.7276e-09	0.000479534
2.72768e-09	0.000479707
2.72775e-09	0.000479879
2.72782e-09	0.00048005
2.72789e-09	0.000480219
2.72796e-09	0.000480386
2.72803e-09	0.000480553
2.7281e-09	0.000480717
2.72817e-09	0.000480881
2.72824e-09	0.000481042
2.72831e-09	0.000481203
2.72839e-09	0.000481362
2.72846e-09	0.000481519
2.72853e-09	0.000481675
2.7286e-09	0.00048183
2.72867e-09	0.000481983
2.72874e-09	0.000482134
2.72881e-09	0.000482285
2.72888e-09	0.000482433
2.72895e-09	0.000482581
2.72902e-09	0.000482727
2.72909e-09	0.000482871
2.72917e-09	0.000483014
2.72924e-09	0.000483156
2.72931e-09	0.000483296
2.72938e-09	0.000483435
2.72945e-09	0.000483572
2.72952e-09	0.000483708
2.72959e-09	0.000483843
2.72966e-09	0.000483976
2.72973e-09	0.000484107
2.7298e-09	0.000484238
2.72987e-09	0.000484367
2.72995e-09	0.000484494
2.73002e-09	0.00048462
2.73009e-09	0.000484745
2.73016e-09	0.000484868
2.73023e-09	0.00048499
2.7303e-09	0.00048511
2.73037e-09	0.000485229
2.73044e-09	0.000485347
2.73051e-09	0.000485463
2.73058e-09	0.000485578
2.73065e-09	0.000485691
2.73073e-09	0.000485803
2.7308e-09	0.000485914
2.73087e-09	0.000486023
2.73094e-09	0.000486131
2.73101e-09	0.000486238
2.73108e-09	0.000486343
2.73115e-09	0.000486447
2.73122e-09	0.000486549
2.73129e-09	0.00048665
2.73136e-09	0.00048675
2.73144e-09	0.000486848
2.73151e-09	0.000486945
2.73158e-09	0.000487041
2.73165e-09	0.000487135
2.73172e-09	0.000487228
2.73179e-09	0.000487319
2.73186e-09	0.000487409
2.73193e-09	0.000487498
2.732e-09	0.000487585
2.73207e-09	0.000487671
2.73214e-09	0.000487756
2.73222e-09	0.000487839
2.73229e-09	0.000487921
2.73236e-09	0.000488002
2.73243e-09	0.000488081
2.7325e-09	0.000488159
2.73257e-09	0.000488236
2.73264e-09	0.000488311
2.73271e-09	0.000488385
2.73278e-09	0.000488458
2.73285e-09	0.000488529
2.73292e-09	0.000488599
2.733e-09	0.000488668
2.73307e-09	0.000488735
2.73314e-09	0.000488801
2.73321e-09	0.000488866
2.73328e-09	0.000488929
2.73335e-09	0.000488991
2.73342e-09	0.000489052
2.73349e-09	0.000489111
2.73356e-09	0.000489169
2.73363e-09	0.000489226
2.7337e-09	0.000489282
2.73378e-09	0.000489336
2.73385e-09	0.000489389
2.73392e-09	0.00048944
2.73399e-09	0.00048949
2.73406e-09	0.000489539
2.73413e-09	0.000489587
2.7342e-09	0.000489633
2.73427e-09	0.000489679
2.73434e-09	0.000489722
2.73441e-09	0.000489765
2.73448e-09	0.000489806
2.73456e-09	0.000489846
2.73463e-09	0.000489885
2.7347e-09	0.000489922
2.73477e-09	0.000489958
2.73484e-09	0.000489993
2.73491e-09	0.000490026
2.73498e-09	0.000490059
2.73505e-09	0.00049009
2.73512e-09	0.00049012
2.73519e-09	0.000490148
2.73527e-09	0.000490175
2.73534e-09	0.000490201
2.73541e-09	0.000490226
2.73548e-09	0.000490249
2.73555e-09	0.000490271
2.73562e-09	0.000490292
2.73569e-09	0.000490312
2.73576e-09	0.00049033
2.73583e-09	0.000490347
2.7359e-09	0.000490363
2.73597e-09	0.000490378
2.73605e-09	0.000490391
2.73612e-09	0.000490404
2.73619e-09	0.000490415
2.73626e-09	0.000490424
2.73633e-09	0.000490433
2.7364e-09	0.00049044
2.73647e-09	0.000490446
2.73654e-09	0.000490451
2.73661e-09	0.000490454
2.73668e-09	0.000490456
2.73675e-09	0.000490458
2.73683e-09	0.000490457
2.7369e-09	0.000490456
2.73697e-09	0.000490454
2.73704e-09	0.00049045
2.73711e-09	0.000490445
2.73718e-09	0.000490438
2.73725e-09	0.000490431
2.73732e-09	0.000490422
2.73739e-09	0.000490413
2.73746e-09	0.000490402
2.73753e-09	0.000490389
2.73761e-09	0.000490376
2.73768e-09	0.000490361
2.73775e-09	0.000490345
2.73782e-09	0.000490328
2.73789e-09	0.00049031
2.73796e-09	0.000490291
2.73803e-09	0.00049027
2.7381e-09	0.000490248
2.73817e-09	0.000490225
2.73824e-09	0.000490201
2.73832e-09	0.000490176
2.73839e-09	0.000490149
2.73846e-09	0.000490121
2.73853e-09	0.000490092
2.7386e-09	0.000490062
2.73867e-09	0.000490031
2.73874e-09	0.000489999
2.73881e-09	0.000489965
2.73888e-09	0.000489931
2.73895e-09	0.000489895
2.73902e-09	0.000489858
2.7391e-09	0.000489819
2.73917e-09	0.00048978
2.73924e-09	0.000489739
2.73931e-09	0.000489698
2.73938e-09	0.000489655
2.73945e-09	0.000489611
2.73952e-09	0.000489566
2.73959e-09	0.00048952
2.73966e-09	0.000489472
2.73973e-09	0.000489424
2.7398e-09	0.000489374
2.73988e-09	0.000489323
2.73995e-09	0.000489271
2.74002e-09	0.000489218
2.74009e-09	0.000489164
2.74016e-09	0.000489108
2.74023e-09	0.000489052
2.7403e-09	0.000488994
2.74037e-09	0.000488935
2.74044e-09	0.000488875
2.74051e-09	0.000488814
2.74058e-09	0.000488752
2.74066e-09	0.000488689
2.74073e-09	0.000488625
2.7408e-09	0.000488559
2.74087e-09	0.000488493
2.74094e-09	0.000488425
2.74101e-09	0.000488356
2.74108e-09	0.000488286
2.74115e-09	0.000488215
2.74122e-09	0.000488143
2.74129e-09	0.00048807
2.74136e-09	0.000487996
2.74144e-09	0.00048792
2.74151e-09	0.000487844
2.74158e-09	0.000487766
2.74165e-09	0.000487687
2.74172e-09	0.000487608
2.74179e-09	0.000487527
2.74186e-09	0.000487445
2.74193e-09	0.000487362
2.742e-09	0.000487278
2.74207e-09	0.000487193
2.74215e-09	0.000487106
2.74222e-09	0.000487019
2.74229e-09	0.000486931
2.74236e-09	0.000486841
2.74243e-09	0.000486751
2.7425e-09	0.000486659
2.74257e-09	0.000486566
2.74264e-09	0.000486473
2.74271e-09	0.000486378
2.74278e-09	0.000486282
2.74285e-09	0.000486185
2.74293e-09	0.000486087
2.743e-09	0.000485988
2.74307e-09	0.000485888
2.74314e-09	0.000485787
2.74321e-09	0.000485685
2.74328e-09	0.000485581
2.74335e-09	0.000485477
2.74342e-09	0.000485372
2.74349e-09	0.000485266
2.74356e-09	0.000485158
2.74363e-09	0.00048505
2.74371e-09	0.00048494
2.74378e-09	0.00048483
2.74385e-09	0.000484718
2.74392e-09	0.000484606
2.74399e-09	0.000484492
2.74406e-09	0.000484378
2.74413e-09	0.000484262
2.7442e-09	0.000484146
2.74427e-09	0.000484028
2.74434e-09	0.000483909
2.74441e-09	0.00048379
2.74449e-09	0.000483669
2.74456e-09	0.000483547
2.74463e-09	0.000483425
2.7447e-09	0.000483301
2.74477e-09	0.000483176
2.74484e-09	0.00048305
2.74491e-09	0.000482924
2.74498e-09	0.000482796
2.74505e-09	0.000482667
2.74512e-09	0.000482538
2.7452e-09	0.000482407
2.74527e-09	0.000482275
2.74534e-09	0.000482142
2.74541e-09	0.000482009
2.74548e-09	0.000481874
2.74555e-09	0.000481739
2.74562e-09	0.000481602
2.74569e-09	0.000481464
2.74576e-09	0.000481326
2.74583e-09	0.000481186
2.7459e-09	0.000481046
2.74598e-09	0.000480904
2.74605e-09	0.000480762
2.74612e-09	0.000480618
2.74619e-09	0.000480474
2.74626e-09	0.000480329
2.74633e-09	0.000480182
2.7464e-09	0.000480035
2.74647e-09	0.000479887
2.74654e-09	0.000479738
2.74661e-09	0.000479587
2.74668e-09	0.000479436
2.74676e-09	0.000479284
2.74683e-09	0.000479131
2.7469e-09	0.000478977
2.74697e-09	0.000478822
2.74704e-09	0.000478666
2.74711e-09	0.00047851
2.74718e-09	0.000478352
2.74725e-09	0.000478193
2.74732e-09	0.000478034
2.74739e-09	0.000477873
2.74746e-09	0.000477712
2.74754e-09	0.000477549
2.74761e-09	0.000477386
2.74768e-09	0.000477222
2.74775e-09	0.000477057
2.74782e-09	0.00047689
2.74789e-09	0.000476723
2.74796e-09	0.000476556
2.74803e-09	0.000476387
2.7481e-09	0.000476217
2.74817e-09	0.000476046
2.74824e-09	0.000475875
2.74832e-09	0.000475702
2.74839e-09	0.000475529
2.74846e-09	0.000475354
2.74853e-09	0.000475179
2.7486e-09	0.000475003
2.74867e-09	0.000474826
2.74874e-09	0.000474648
2.74881e-09	0.000474469
2.74888e-09	0.00047429
2.74895e-09	0.000474109
2.74903e-09	0.000473928
2.7491e-09	0.000473745
2.74917e-09	0.000473562
2.74924e-09	0.000473378
2.74931e-09	0.000473193
2.74938e-09	0.000473007
2.74945e-09	0.00047282
2.74952e-09	0.000472633
2.74959e-09	0.000472444
2.74966e-09	0.000472255
2.74973e-09	0.000472064
2.74981e-09	0.000471873
2.74988e-09	0.000471681
2.74995e-09	0.000471488
2.75002e-09	0.000471295
2.75009e-09	0.0004711
2.75016e-09	0.000470904
2.75023e-09	0.000470708
2.7503e-09	0.000470511
2.75037e-09	0.000470313
2.75044e-09	0.000470114
2.75051e-09	0.000469914
2.75059e-09	0.000469714
2.75066e-09	0.000469512
2.75073e-09	0.00046931
2.7508e-09	0.000469107
2.75087e-09	0.000468903
2.75094e-09	0.000468698
2.75101e-09	0.000468493
2.75108e-09	0.000468286
2.75115e-09	0.000468079
2.75122e-09	0.000467871
2.75129e-09	0.000467662
2.75137e-09	0.000467452
2.75144e-09	0.000467241
2.75151e-09	0.00046703
2.75158e-09	0.000466818
2.75165e-09	0.000466605
2.75172e-09	0.000466391
2.75179e-09	0.000466176
2.75186e-09	0.00046596
2.75193e-09	0.000465744
2.752e-09	0.000465527
2.75208e-09	0.000465309
2.75215e-09	0.00046509
2.75222e-09	0.000464871
2.75229e-09	0.00046465
2.75236e-09	0.000464429
2.75243e-09	0.000464207
2.7525e-09	0.000463984
2.75257e-09	0.000463761
2.75264e-09	0.000463536
2.75271e-09	0.000463311
2.75278e-09	0.000463085
2.75286e-09	0.000462858
2.75293e-09	0.000462631
2.753e-09	0.000462403
2.75307e-09	0.000462173
2.75314e-09	0.000461944
2.75321e-09	0.000461713
2.75328e-09	0.000461481
2.75335e-09	0.000461249
2.75342e-09	0.000461016
2.75349e-09	0.000460782
2.75356e-09	0.000460548
2.75364e-09	0.000460313
2.75371e-09	0.000460077
2.75378e-09	0.00045984
2.75385e-09	0.000459602
2.75392e-09	0.000459364
2.75399e-09	0.000459125
2.75406e-09	0.000458885
2.75413e-09	0.000458644
2.7542e-09	0.000458403
2.75427e-09	0.000458161
2.75434e-09	0.000457918
2.75442e-09	0.000457674
2.75449e-09	0.00045743
2.75456e-09	0.000457185
2.75463e-09	0.000456939
2.7547e-09	0.000456692
2.75477e-09	0.000456445
2.75484e-09	0.000456197
2.75491e-09	0.000455948
2.75498e-09	0.000455698
2.75505e-09	0.000455448
2.75512e-09	0.000455197
2.7552e-09	0.000454945
2.75527e-09	0.000454693
2.75534e-09	0.00045444
2.75541e-09	0.000454186
2.75548e-09	0.000453931
2.75555e-09	0.000453676
2.75562e-09	0.00045342
2.75569e-09	0.000453163
2.75576e-09	0.000452905
2.75583e-09	0.000452647
2.75591e-09	0.000452388
2.75598e-09	0.000452129
2.75605e-09	0.000451868
2.75612e-09	0.000451607
2.75619e-09	0.000451345
2.75626e-09	0.000451083
2.75633e-09	0.00045082
2.7564e-09	0.000450556
2.75647e-09	0.000450291
2.75654e-09	0.000450026
2.75661e-09	0.00044976
2.75669e-09	0.000449494
2.75676e-09	0.000449226
2.75683e-09	0.000448958
2.7569e-09	0.00044869
2.75697e-09	0.00044842
2.75704e-09	0.00044815
2.75711e-09	0.000447879
2.75718e-09	0.000447608
2.75725e-09	0.000447336
2.75732e-09	0.000447063
2.75739e-09	0.00044679
2.75747e-09	0.000446516
2.75754e-09	0.000446241
2.75761e-09	0.000445966
2.75768e-09	0.000445689
2.75775e-09	0.000445413
2.75782e-09	0.000445135
2.75789e-09	0.000444857
2.75796e-09	0.000444578
2.75803e-09	0.000444299
2.7581e-09	0.000444019
2.75817e-09	0.000443738
2.75825e-09	0.000443457
2.75832e-09	0.000443175
2.75839e-09	0.000442892
2.75846e-09	0.000442609
2.75853e-09	0.000442325
2.7586e-09	0.00044204
2.75867e-09	0.000441755
2.75874e-09	0.000441469
2.75881e-09	0.000441183
2.75888e-09	0.000440896
2.75896e-09	0.000440608
2.75903e-09	0.00044032
2.7591e-09	0.00044003
2.75917e-09	0.000439741
2.75924e-09	0.000439451
2.75931e-09	0.00043916
2.75938e-09	0.000438868
2.75945e-09	0.000438576
2.75952e-09	0.000438283
2.75959e-09	0.00043799
2.75966e-09	0.000437696
2.75974e-09	0.000437401
2.75981e-09	0.000437106
2.75988e-09	0.00043681
2.75995e-09	0.000436514
2.76002e-09	0.000436217
2.76009e-09	0.000435919
2.76016e-09	0.000435621
2.76023e-09	0.000435322
2.7603e-09	0.000435022
2.76037e-09	0.000434722
2.76044e-09	0.000434422
2.76052e-09	0.00043412
2.76059e-09	0.000433818
2.76066e-09	0.000433516
2.76073e-09	0.000433213
2.7608e-09	0.000432909
2.76087e-09	0.000432605
2.76094e-09	0.0004323
2.76101e-09	0.000431995
2.76108e-09	0.000431689
2.76115e-09	0.000431382
2.76122e-09	0.000431075
2.7613e-09	0.000430768
2.76137e-09	0.000430459
2.76144e-09	0.000430151
2.76151e-09	0.000429841
2.76158e-09	0.000429531
2.76165e-09	0.000429221
2.76172e-09	0.000428909
2.76179e-09	0.000428598
2.76186e-09	0.000428286
2.76193e-09	0.000427973
2.762e-09	0.000427659
2.76208e-09	0.000427346
2.76215e-09	0.000427031
2.76222e-09	0.000426716
2.76229e-09	0.0004264
2.76236e-09	0.000426084
2.76243e-09	0.000425768
2.7625e-09	0.00042545
2.76257e-09	0.000425133
2.76264e-09	0.000424814
2.76271e-09	0.000424495
2.76279e-09	0.000424176
2.76286e-09	0.000423856
2.76293e-09	0.000423536
2.763e-09	0.000423215
2.76307e-09	0.000422893
2.76314e-09	0.000422571
2.76321e-09	0.000422249
2.76328e-09	0.000421925
2.76335e-09	0.000421602
2.76342e-09	0.000421278
2.76349e-09	0.000420953
2.76357e-09	0.000420628
2.76364e-09	0.000420302
2.76371e-09	0.000419976
2.76378e-09	0.000419649
2.76385e-09	0.000419322
2.76392e-09	0.000418994
2.76399e-09	0.000418665
2.76406e-09	0.000418337
2.76413e-09	0.000418007
2.7642e-09	0.000417678
2.76427e-09	0.000417347
2.76435e-09	0.000417016
2.76442e-09	0.000416685
2.76449e-09	0.000416353
2.76456e-09	0.000416021
2.76463e-09	0.000415688
2.7647e-09	0.000415355
2.76477e-09	0.000415021
2.76484e-09	0.000414686
2.76491e-09	0.000414352
2.76498e-09	0.000414016
2.76505e-09	0.000413681
2.76513e-09	0.000413344
2.7652e-09	0.000413008
2.76527e-09	0.00041267
2.76534e-09	0.000412333
2.76541e-09	0.000411994
2.76548e-09	0.000411656
2.76555e-09	0.000411317
2.76562e-09	0.000410977
2.76569e-09	0.000410637
2.76576e-09	0.000410296
2.76584e-09	0.000409955
2.76591e-09	0.000409614
2.76598e-09	0.000409272
2.76605e-09	0.000408929
2.76612e-09	0.000408587
2.76619e-09	0.000408243
2.76626e-09	0.000407899
2.76633e-09	0.000407555
2.7664e-09	0.00040721
2.76647e-09	0.000406865
2.76654e-09	0.00040652
2.76662e-09	0.000406174
2.76669e-09	0.000405827
2.76676e-09	0.00040548
2.76683e-09	0.000405133
2.7669e-09	0.000404785
2.76697e-09	0.000404436
2.76704e-09	0.000404088
2.76711e-09	0.000403739
2.76718e-09	0.000403389
2.76725e-09	0.000403039
2.76732e-09	0.000402688
2.7674e-09	0.000402337
2.76747e-09	0.000401986
2.76754e-09	0.000401634
2.76761e-09	0.000401282
2.76768e-09	0.000400929
2.76775e-09	0.000400576
2.76782e-09	0.000400223
2.76789e-09	0.000399869
2.76796e-09	0.000399515
2.76803e-09	0.00039916
2.7681e-09	0.000398805
2.76818e-09	0.000398449
2.76825e-09	0.000398093
2.76832e-09	0.000397737
2.76839e-09	0.00039738
2.76846e-09	0.000397023
2.76853e-09	0.000396665
2.7686e-09	0.000396307
2.76867e-09	0.000395949
2.76874e-09	0.00039559
2.76881e-09	0.000395231
2.76888e-09	0.000394871
2.76896e-09	0.000394511
2.76903e-09	0.00039415
2.7691e-09	0.00039379
2.76917e-09	0.000393428
2.76924e-09	0.000393067
2.76931e-09	0.000392705
2.76938e-09	0.000392342
2.76945e-09	0.00039198
2.76952e-09	0.000391616
2.76959e-09	0.000391253
2.76967e-09	0.000390889
2.76974e-09	0.000390525
2.76981e-09	0.00039016
2.76988e-09	0.000389795
2.76995e-09	0.000389429
2.77002e-09	0.000389064
2.77009e-09	0.000388697
2.77016e-09	0.000388331
2.77023e-09	0.000387964
2.7703e-09	0.000387597
2.77037e-09	0.000387229
2.77045e-09	0.000386861
2.77052e-09	0.000386493
2.77059e-09	0.000386124
2.77066e-09	0.000385755
2.77073e-09	0.000385385
2.7708e-09	0.000385015
2.77087e-09	0.000384645
2.77094e-09	0.000384275
2.77101e-09	0.000383904
2.77108e-09	0.000383532
2.77115e-09	0.000383161
2.77123e-09	0.000382789
2.7713e-09	0.000382417
2.77137e-09	0.000382044
2.77144e-09	0.000381671
2.77151e-09	0.000381298
2.77158e-09	0.000380924
2.77165e-09	0.00038055
2.77172e-09	0.000380176
2.77179e-09	0.000379801
2.77186e-09	0.000379426
2.77193e-09	0.000379051
2.77201e-09	0.000378675
2.77208e-09	0.000378299
2.77215e-09	0.000377923
2.77222e-09	0.000377546
2.77229e-09	0.000377169
2.77236e-09	0.000376792
2.77243e-09	0.000376414
2.7725e-09	0.000376036
2.77257e-09	0.000375658
2.77264e-09	0.000375279
2.77272e-09	0.0003749
2.77279e-09	0.000374521
2.77286e-09	0.000374141
2.77293e-09	0.000373762
2.773e-09	0.000373381
2.77307e-09	0.000373001
2.77314e-09	0.00037262
2.77321e-09	0.000372239
2.77328e-09	0.000371858
2.77335e-09	0.000371476
2.77342e-09	0.000371094
2.7735e-09	0.000370712
2.77357e-09	0.000370329
2.77364e-09	0.000369946
2.77371e-09	0.000369563
2.77378e-09	0.00036918
2.77385e-09	0.000368796
2.77392e-09	0.000368412
2.77399e-09	0.000368027
2.77406e-09	0.000367643
2.77413e-09	0.000367258
2.7742e-09	0.000366873
2.77428e-09	0.000366487
2.77435e-09	0.000366101
2.77442e-09	0.000365715
2.77449e-09	0.000365329
2.77456e-09	0.000364942
2.77463e-09	0.000364555
2.7747e-09	0.000364168
2.77477e-09	0.000363781
2.77484e-09	0.000363393
2.77491e-09	0.000363005
2.77498e-09	0.000362617
2.77506e-09	0.000362228
2.77513e-09	0.000361839
2.7752e-09	0.00036145
2.77527e-09	0.000361061
2.77534e-09	0.000360671
2.77541e-09	0.000360281
2.77548e-09	0.000359891
2.77555e-09	0.000359501
2.77562e-09	0.00035911
2.77569e-09	0.000358719
2.77576e-09	0.000358328
2.77584e-09	0.000357937
2.77591e-09	0.000357545
2.77598e-09	0.000357153
2.77605e-09	0.000356761
2.77612e-09	0.000356369
2.77619e-09	0.000355976
2.77626e-09	0.000355583
2.77633e-09	0.00035519
2.7764e-09	0.000354797
2.77647e-09	0.000354403
2.77655e-09	0.000354009
2.77662e-09	0.000353615
2.77669e-09	0.000353221
2.77676e-09	0.000352826
2.77683e-09	0.000352432
2.7769e-09	0.000352037
2.77697e-09	0.000351641
2.77704e-09	0.000351246
2.77711e-09	0.00035085
2.77718e-09	0.000350454
2.77725e-09	0.000350058
2.77733e-09	0.000349662
2.7774e-09	0.000349265
2.77747e-09	0.000348868
2.77754e-09	0.000348471
2.77761e-09	0.000348074
2.77768e-09	0.000347677
2.77775e-09	0.000347279
2.77782e-09	0.000346881
2.77789e-09	0.000346483
2.77796e-09	0.000346085
2.77803e-09	0.000345686
2.77811e-09	0.000345287
2.77818e-09	0.000344889
2.77825e-09	0.000344489
2.77832e-09	0.00034409
2.77839e-09	0.00034369
2.77846e-09	0.000343291
2.77853e-09	0.000342891
2.7786e-09	0.000342491
2.77867e-09	0.00034209
2.77874e-09	0.00034169
2.77881e-09	0.000341289
2.77889e-09	0.000340888
2.77896e-09	0.000340487
2.77903e-09	0.000340086
2.7791e-09	0.000339684
2.77917e-09	0.000339282
2.77924e-09	0.000338881
2.77931e-09	0.000338478
2.77938e-09	0.000338076
2.77945e-09	0.000337674
2.77952e-09	0.000337271
2.7796e-09	0.000336868
2.77967e-09	0.000336465
2.77974e-09	0.000336062
2.77981e-09	0.000335659
2.77988e-09	0.000335255
2.77995e-09	0.000334852
2.78002e-09	0.000334448
2.78009e-09	0.000334044
2.78016e-09	0.00033364
2.78023e-09	0.000333235
2.7803e-09	0.000332831
2.78038e-09	0.000332426
2.78045e-09	0.000332021
2.78052e-09	0.000331616
2.78059e-09	0.000331211
2.78066e-09	0.000330806
2.78073e-09	0.0003304
2.7808e-09	0.000329995
2.78087e-09	0.000329589
2.78094e-09	0.000329183
2.78101e-09	0.000328777
2.78108e-09	0.000328371
2.78116e-09	0.000327964
2.78123e-09	0.000327558
2.7813e-09	0.000327151
2.78137e-09	0.000326744
2.78144e-09	0.000326337
2.78151e-09	0.00032593
2.78158e-09	0.000325523
2.78165e-09	0.000325115
2.78172e-09	0.000324708
2.78179e-09	0.0003243
2.78186e-09	0.000323892
2.78194e-09	0.000323484
2.78201e-09	0.000323076
2.78208e-09	0.000322668
2.78215e-09	0.00032226
2.78222e-09	0.000321851
2.78229e-09	0.000321442
2.78236e-09	0.000321034
2.78243e-09	0.000320625
2.7825e-09	0.000320216
2.78257e-09	0.000319807
2.78264e-09	0.000319397
2.78272e-09	0.000318988
2.78279e-09	0.000318578
2.78286e-09	0.000318169
2.78293e-09	0.000317759
2.783e-09	0.000317349
2.78307e-09	0.000316939
2.78314e-09	0.000316529
2.78321e-09	0.000316119
2.78328e-09	0.000315708
2.78335e-09	0.000315298
2.78343e-09	0.000314887
2.7835e-09	0.000314477
2.78357e-09	0.000314066
2.78364e-09	0.000313655
2.78371e-09	0.000313244
2.78378e-09	0.000312833
2.78385e-09	0.000312422
2.78392e-09	0.000312011
2.78399e-09	0.000311599
2.78406e-09	0.000311188
2.78413e-09	0.000310776
2.78421e-09	0.000310364
2.78428e-09	0.000309953
2.78435e-09	0.000309541
2.78442e-09	0.000309129
2.78449e-09	0.000308717
2.78456e-09	0.000308305
2.78463e-09	0.000307892
2.7847e-09	0.00030748
2.78477e-09	0.000307068
2.78484e-09	0.000306655
2.78491e-09	0.000306243
2.78499e-09	0.00030583
2.78506e-09	0.000305417
2.78513e-09	0.000305004
2.7852e-09	0.000304591
2.78527e-09	0.000304178
2.78534e-09	0.000303765
2.78541e-09	0.000303352
2.78548e-09	0.000302939
2.78555e-09	0.000302526
2.78562e-09	0.000302112
2.78569e-09	0.000301699
2.78577e-09	0.000301285
2.78584e-09	0.000300872
2.78591e-09	0.000300458
2.78598e-09	0.000300044
2.78605e-09	0.000299631
2.78612e-09	0.000299217
2.78619e-09	0.000298803
2.78626e-09	0.000298389
2.78633e-09	0.000297975
2.7864e-09	0.000297561
2.78648e-09	0.000297147
2.78655e-09	0.000296733
2.78662e-09	0.000296318
2.78669e-09	0.000295904
2.78676e-09	0.00029549
2.78683e-09	0.000295075
2.7869e-09	0.000294661
2.78697e-09	0.000294246
2.78704e-09	0.000293832
2.78711e-09	0.000293417
2.78718e-09	0.000293002
2.78726e-09	0.000292588
2.78733e-09	0.000292173
2.7874e-09	0.000291758
2.78747e-09	0.000291343
2.78754e-09	0.000290928
2.78761e-09	0.000290513
2.78768e-09	0.000290099
2.78775e-09	0.000289684
2.78782e-09	0.000289268
2.78789e-09	0.000288853
2.78796e-09	0.000288438
2.78804e-09	0.000288023
2.78811e-09	0.000287608
2.78818e-09	0.000287193
2.78825e-09	0.000286778
2.78832e-09	0.000286362
2.78839e-09	0.000285947
2.78846e-09	0.000285532
2.78853e-09	0.000285116
2.7886e-09	0.000284701
2.78867e-09	0.000284286
2.78874e-09	0.00028387
2.78882e-09	0.000283455
2.78889e-09	0.000283039
2.78896e-09	0.000282624
2.78903e-09	0.000282208
2.7891e-09	0.000281793
2.78917e-09	0.000281377
2.78924e-09	0.000280962
2.78931e-09	0.000280546
2.78938e-09	0.000280131
2.78945e-09	0.000279715
2.78952e-09	0.0002793
2.7896e-09	0.000278884
2.78967e-09	0.000278468
2.78974e-09	0.000278053
2.78981e-09	0.000277637
2.78988e-09	0.000277222
2.78995e-09	0.000276806
2.79002e-09	0.00027639
2.79009e-09	0.000275975
2.79016e-09	0.000275559
2.79023e-09	0.000275144
2.79031e-09	0.000274728
2.79038e-09	0.000274312
2.79045e-09	0.000273897
2.79052e-09	0.000273481
2.79059e-09	0.000273066
2.79066e-09	0.00027265
2.79073e-09	0.000272234
2.7908e-09	0.000271819
2.79087e-09	0.000271403
2.79094e-09	0.000270988
2.79101e-09	0.000270572
2.79109e-09	0.000270157
2.79116e-09	0.000269741
2.79123e-09	0.000269326
2.7913e-09	0.00026891
2.79137e-09	0.000268495
2.79144e-09	0.000268079
2.79151e-09	0.000267664
2.79158e-09	0.000267248
2.79165e-09	0.000266833
2.79172e-09	0.000266418
2.79179e-09	0.000266002
2.79187e-09	0.000265587
2.79194e-09	0.000265172
2.79201e-09	0.000264757
2.79208e-09	0.000264341
2.79215e-09	0.000263926
2.79222e-09	0.000263511
2.79229e-09	0.000263096
2.79236e-09	0.000262681
2.79243e-09	0.000262266
2.7925e-09	0.000261851
2.79257e-09	0.000261436
2.79265e-09	0.000261021
2.79272e-09	0.000260606
2.79279e-09	0.000260191
2.79286e-09	0.000259776
2.79293e-09	0.000259361
2.793e-09	0.000258947
2.79307e-09	0.000258532
2.79314e-09	0.000258117
2.79321e-09	0.000257702
2.79328e-09	0.000257288
2.79336e-09	0.000256873
2.79343e-09	0.000256459
2.7935e-09	0.000256044
2.79357e-09	0.00025563
2.79364e-09	0.000255216
2.79371e-09	0.000254801
2.79378e-09	0.000254387
2.79385e-09	0.000253973
2.79392e-09	0.000253559
2.79399e-09	0.000253145
2.79406e-09	0.000252731
2.79414e-09	0.000252317
2.79421e-09	0.000251903
2.79428e-09	0.000251489
2.79435e-09	0.000251075
2.79442e-09	0.000250661
2.79449e-09	0.000250248
2.79456e-09	0.000249834
2.79463e-09	0.000249421
2.7947e-09	0.000249007
2.79477e-09	0.000248594
2.79484e-09	0.00024818
2.79492e-09	0.000247767
2.79499e-09	0.000247354
2.79506e-09	0.000246941
2.79513e-09	0.000246528
2.7952e-09	0.000246115
2.79527e-09	0.000245702
2.79534e-09	0.000245289
2.79541e-09	0.000244876
2.79548e-09	0.000244464
2.79555e-09	0.000244051
2.79562e-09	0.000243638
2.7957e-09	0.000243226
2.79577e-09	0.000242814
2.79584e-09	0.000242401
2.79591e-09	0.000241989
2.79598e-09	0.000241577
2.79605e-09	0.000241165
2.79612e-09	0.000240753
2.79619e-09	0.000240341
2.79626e-09	0.000239929
2.79633e-09	0.000239517
2.79641e-09	0.000239106
2.79648e-09	0.000238694
2.79655e-09	0.000238283
2.79662e-09	0.000237871
2.79669e-09	0.00023746
2.79676e-09	0.000237049
2.79683e-09	0.000236638
2.7969e-09	0.000236227
2.79697e-09	0.000235816
2.79704e-09	0.000235405
2.79711e-09	0.000234995
2.79719e-09	0.000234584
2.79726e-09	0.000234173
2.79733e-09	0.000233763
2.7974e-09	0.000233353
2.79747e-09	0.000232943
2.79754e-09	0.000232532
2.79761e-09	0.000232122
2.79768e-09	0.000231713
2.79775e-09	0.000231303
2.79782e-09	0.000230893
2.79789e-09	0.000230483
2.79797e-09	0.000230074
2.79804e-09	0.000229665
2.79811e-09	0.000229255
2.79818e-09	0.000228846
2.79825e-09	0.000228437
2.79832e-09	0.000228028
2.79839e-09	0.000227619
2.79846e-09	0.000227211
2.79853e-09	0.000226802
2.7986e-09	0.000226394
2.79867e-09	0.000225985
2.79875e-09	0.000225577
2.79882e-09	0.000225169
2.79889e-09	0.000224761
2.79896e-09	0.000224353
2.79903e-09	0.000223945
2.7991e-09	0.000223538
2.79917e-09	0.00022313
2.79924e-09	0.000222723
2.79931e-09	0.000222316
2.79938e-09	0.000221908
2.79945e-09	0.000221501
2.79953e-09	0.000221094
2.7996e-09	0.000220688
2.79967e-09	0.000220281
2.79974e-09	0.000219875
2.79981e-09	0.000219468
2.79988e-09	0.000219062
2.79995e-09	0.000218656
2.80002e-09	0.00021825
2.80009e-09	0.000217844
2.80016e-09	0.000217438
2.80024e-09	0.000217033
2.80031e-09	0.000216627
2.80038e-09	0.000216222
2.80045e-09	0.000215817
2.80052e-09	0.000215412
2.80059e-09	0.000215007
2.80066e-09	0.000214602
2.80073e-09	0.000214197
2.8008e-09	0.000213793
2.80087e-09	0.000213389
2.80094e-09	0.000212984
2.80102e-09	0.00021258
2.80109e-09	0.000212177
2.80116e-09	0.000211773
2.80123e-09	0.000211369
2.8013e-09	0.000210966
2.80137e-09	0.000210562
2.80144e-09	0.000210159
2.80151e-09	0.000209756
2.80158e-09	0.000209353
2.80165e-09	0.000208951
2.80172e-09	0.000208548
2.8018e-09	0.000208146
2.80187e-09	0.000207743
2.80194e-09	0.000207341
2.80201e-09	0.000206939
2.80208e-09	0.000206538
2.80215e-09	0.000206136
2.80222e-09	0.000205734
2.80229e-09	0.000205333
2.80236e-09	0.000204932
2.80243e-09	0.000204531
2.8025e-09	0.00020413
2.80258e-09	0.000203729
2.80265e-09	0.000203329
2.80272e-09	0.000202929
2.80279e-09	0.000202528
2.80286e-09	0.000202128
2.80293e-09	0.000201728
2.803e-09	0.000201329
2.80307e-09	0.000200929
2.80314e-09	0.00020053
2.80321e-09	0.000200131
2.80329e-09	0.000199732
2.80336e-09	0.000199333
2.80343e-09	0.000198934
2.8035e-09	0.000198536
2.80357e-09	0.000198137
2.80364e-09	0.000197739
2.80371e-09	0.000197341
2.80378e-09	0.000196943
2.80385e-09	0.000196546
2.80392e-09	0.000196148
2.80399e-09	0.000195751
2.80407e-09	0.000195354
2.80414e-09	0.000194957
2.80421e-09	0.00019456
2.80428e-09	0.000194163
2.80435e-09	0.000193767
2.80442e-09	0.000193371
2.80449e-09	0.000192975
2.80456e-09	0.000192579
2.80463e-09	0.000192183
2.8047e-09	0.000191788
2.80477e-09	0.000191392
2.80485e-09	0.000190997
2.80492e-09	0.000190602
2.80499e-09	0.000190207
2.80506e-09	0.000189813
2.80513e-09	0.000189419
2.8052e-09	0.000189024
2.80527e-09	0.00018863
2.80534e-09	0.000188237
2.80541e-09	0.000187843
2.80548e-09	0.000187449
2.80555e-09	0.000187056
2.80563e-09	0.000186663
2.8057e-09	0.00018627
2.80577e-09	0.000185878
2.80584e-09	0.000185485
2.80591e-09	0.000185093
2.80598e-09	0.000184701
2.80605e-09	0.000184309
2.80612e-09	0.000183917
2.80619e-09	0.000183526
2.80626e-09	0.000183134
2.80633e-09	0.000182743
2.80641e-09	0.000182353
2.80648e-09	0.000181962
2.80655e-09	0.000181571
2.80662e-09	0.000181181
2.80669e-09	0.000180791
2.80676e-09	0.000180401
2.80683e-09	0.000180011
2.8069e-09	0.000179622
2.80697e-09	0.000179233
2.80704e-09	0.000178844
2.80712e-09	0.000178455
2.80719e-09	0.000178066
2.80726e-09	0.000177678
2.80733e-09	0.00017729
2.8074e-09	0.000176902
2.80747e-09	0.000176514
2.80754e-09	0.000176126
2.80761e-09	0.000175739
2.80768e-09	0.000175352
2.80775e-09	0.000174965
2.80782e-09	0.000174578
2.8079e-09	0.000174191
2.80797e-09	0.000173805
2.80804e-09	0.000173419
2.80811e-09	0.000173033
2.80818e-09	0.000172647
2.80825e-09	0.000172262
2.80832e-09	0.000171877
2.80839e-09	0.000171492
2.80846e-09	0.000171107
2.80853e-09	0.000170722
2.8086e-09	0.000170338
2.80868e-09	0.000169954
2.80875e-09	0.00016957
2.80882e-09	0.000169186
2.80889e-09	0.000168803
2.80896e-09	0.00016842
2.80903e-09	0.000168037
2.8091e-09	0.000167654
2.80917e-09	0.000167271
2.80924e-09	0.000166889
2.80931e-09	0.000166507
2.80938e-09	0.000166125
2.80946e-09	0.000165743
2.80953e-09	0.000165362
2.8096e-09	0.000164981
2.80967e-09	0.0001646
2.80974e-09	0.000164219
2.80981e-09	0.000163839
2.80988e-09	0.000163458
2.80995e-09	0.000163078
2.81002e-09	0.000162698
2.81009e-09	0.000162319
2.81017e-09	0.000161939
2.81024e-09	0.00016156
2.81031e-09	0.000161181
2.81038e-09	0.000160803
2.81045e-09	0.000160424
2.81052e-09	0.000160046
2.81059e-09	0.000159668
2.81066e-09	0.000159291
2.81073e-09	0.000158913
2.8108e-09	0.000158536
2.81087e-09	0.000158159
2.81095e-09	0.000157782
2.81102e-09	0.000157406
2.81109e-09	0.00015703
2.81116e-09	0.000156654
2.81123e-09	0.000156278
2.8113e-09	0.000155902
2.81137e-09	0.000155527
2.81144e-09	0.000155152
2.81151e-09	0.000154777
2.81158e-09	0.000154403
2.81165e-09	0.000154028
2.81173e-09	0.000153654
2.8118e-09	0.000153281
2.81187e-09	0.000152907
2.81194e-09	0.000152534
2.81201e-09	0.000152161
2.81208e-09	0.000151788
2.81215e-09	0.000151415
2.81222e-09	0.000151043
2.81229e-09	0.000150671
2.81236e-09	0.000150299
2.81243e-09	0.000149928
2.81251e-09	0.000149556
2.81258e-09	0.000149185
2.81265e-09	0.000148815
2.81272e-09	0.000148444
2.81279e-09	0.000148074
2.81286e-09	0.000147704
2.81293e-09	0.000147334
2.813e-09	0.000146964
2.81307e-09	0.000146595
2.81314e-09	0.000146226
2.81321e-09	0.000145857
2.81329e-09	0.000145489
2.81336e-09	0.000145121
2.81343e-09	0.000144753
2.8135e-09	0.000144385
2.81357e-09	0.000144018
2.81364e-09	0.00014365
2.81371e-09	0.000143284
2.81378e-09	0.000142917
2.81385e-09	0.00014255
2.81392e-09	0.000142184
2.814e-09	0.000141818
2.81407e-09	0.000141453
2.81414e-09	0.000141088
2.81421e-09	0.000140722
2.81428e-09	0.000140358
2.81435e-09	0.000139993
2.81442e-09	0.000139629
2.81449e-09	0.000139265
2.81456e-09	0.000138901
2.81463e-09	0.000138538
2.8147e-09	0.000138174
2.81478e-09	0.000137812
2.81485e-09	0.000137449
2.81492e-09	0.000137086
2.81499e-09	0.000136724
2.81506e-09	0.000136363
2.81513e-09	0.000136001
2.8152e-09	0.00013564
2.81527e-09	0.000135279
2.81534e-09	0.000134918
2.81541e-09	0.000134557
2.81548e-09	0.000134197
2.81556e-09	0.000133837
2.81563e-09	0.000133478
2.8157e-09	0.000133118
2.81577e-09	0.000132759
2.81584e-09	0.0001324
2.81591e-09	0.000132042
2.81598e-09	0.000131683
2.81605e-09	0.000131325
2.81612e-09	0.000130968
2.81619e-09	0.00013061
2.81626e-09	0.000130253
2.81634e-09	0.000129896
2.81641e-09	0.00012954
2.81648e-09	0.000129183
2.81655e-09	0.000128827
2.81662e-09	0.000128471
2.81669e-09	0.000128116
2.81676e-09	0.000127761
2.81683e-09	0.000127406
2.8169e-09	0.000127051
2.81697e-09	0.000126697
2.81705e-09	0.000126343
2.81712e-09	0.000125989
2.81719e-09	0.000125636
2.81726e-09	0.000125282
2.81733e-09	0.000124929
2.8174e-09	0.000124577
2.81747e-09	0.000124224
2.81754e-09	0.000123872
2.81761e-09	0.000123521
2.81768e-09	0.000123169
2.81775e-09	0.000122818
2.81783e-09	0.000122467
2.8179e-09	0.000122116
2.81797e-09	0.000121766
2.81804e-09	0.000121416
2.81811e-09	0.000121066
2.81818e-09	0.000120717
2.81825e-09	0.000120368
2.81832e-09	0.000120019
2.81839e-09	0.00011967
2.81846e-09	0.000119322
2.81853e-09	0.000118974
2.81861e-09	0.000118626
2.81868e-09	0.000118279
2.81875e-09	0.000117932
2.81882e-09	0.000117585
2.81889e-09	0.000117238
2.81896e-09	0.000116892
2.81903e-09	0.000116546
2.8191e-09	0.000116201
2.81917e-09	0.000115855
2.81924e-09	0.00011551
2.81931e-09	0.000115165
2.81939e-09	0.000114821
2.81946e-09	0.000114477
2.81953e-09	0.000114133
2.8196e-09	0.000113789
2.81967e-09	0.000113446
2.81974e-09	0.000113103
2.81981e-09	0.000112761
2.81988e-09	0.000112418
2.81995e-09	0.000112076
2.82002e-09	0.000111735
2.82009e-09	0.000111393
2.82017e-09	0.000111052
2.82024e-09	0.000110711
2.82031e-09	0.000110371
2.82038e-09	0.00011003
2.82045e-09	0.00010969
2.82052e-09	0.000109351
2.82059e-09	0.000109011
2.82066e-09	0.000108672
2.82073e-09	0.000108334
2.8208e-09	0.000107995
2.82088e-09	0.000107657
2.82095e-09	0.000107319
2.82102e-09	0.000106982
2.82109e-09	0.000106645
2.82116e-09	0.000106308
2.82123e-09	0.000105971
2.8213e-09	0.000105635
2.82137e-09	0.000105299
2.82144e-09	0.000104964
2.82151e-09	0.000104628
2.82158e-09	0.000104293
2.82166e-09	0.000103959
2.82173e-09	0.000103624
2.8218e-09	0.00010329
2.82187e-09	0.000102956
2.82194e-09	0.000102623
2.82201e-09	0.00010229
2.82208e-09	0.000101957
2.82215e-09	0.000101624
2.82222e-09	0.000101292
2.82229e-09	0.00010096
2.82236e-09	0.000100629
2.82244e-09	0.000100297
2.82251e-09	9.99664e-05
2.82258e-09	9.96357e-05
2.82265e-09	9.93054e-05
2.82272e-09	9.89754e-05
2.82279e-09	9.86457e-05
2.82286e-09	9.83163e-05
2.82293e-09	9.79872e-05
2.823e-09	9.76585e-05
2.82307e-09	9.733e-05
2.82314e-09	9.70019e-05
2.82322e-09	9.66741e-05
2.82329e-09	9.63466e-05
2.82336e-09	9.60195e-05
2.82343e-09	9.56926e-05
2.8235e-09	9.53661e-05
2.82357e-09	9.50399e-05
2.82364e-09	9.4714e-05
2.82371e-09	9.43884e-05
2.82378e-09	9.40632e-05
2.82385e-09	9.37383e-05
2.82393e-09	9.34136e-05
2.824e-09	9.30894e-05
2.82407e-09	9.27654e-05
2.82414e-09	9.24417e-05
2.82421e-09	9.21184e-05
2.82428e-09	9.17954e-05
2.82435e-09	9.14727e-05
2.82442e-09	9.11504e-05
2.82449e-09	9.08283e-05
2.82456e-09	9.05066e-05
2.82463e-09	9.01852e-05
2.82471e-09	8.98642e-05
2.82478e-09	8.95434e-05
2.82485e-09	8.9223e-05
2.82492e-09	8.89029e-05
2.82499e-09	8.85832e-05
2.82506e-09	8.82637e-05
2.82513e-09	8.79446e-05
2.8252e-09	8.76258e-05
2.82527e-09	8.73073e-05
2.82534e-09	8.69892e-05
2.82541e-09	8.66714e-05
2.82549e-09	8.63539e-05
2.82556e-09	8.60368e-05
2.82563e-09	8.57199e-05
2.8257e-09	8.54034e-05
2.82577e-09	8.50872e-05
2.82584e-09	8.47714e-05
2.82591e-09	8.44559e-05
2.82598e-09	8.41407e-05
2.82605e-09	8.38258e-05
2.82612e-09	8.35113e-05
2.82619e-09	8.31971e-05
2.82627e-09	8.28832e-05
2.82634e-09	8.25697e-05
2.82641e-09	8.22565e-05
2.82648e-09	8.19436e-05
2.82655e-09	8.1631e-05
2.82662e-09	8.13188e-05
2.82669e-09	8.10069e-05
2.82676e-09	8.06954e-05
2.82683e-09	8.03841e-05
2.8269e-09	8.00732e-05
2.82697e-09	7.97627e-05
2.82705e-09	7.94525e-05
2.82712e-09	7.91426e-05
2.82719e-09	7.8833e-05
2.82726e-09	7.85238e-05
2.82733e-09	7.82149e-05
2.8274e-09	7.79063e-05
2.82747e-09	7.75981e-05
2.82754e-09	7.72902e-05
2.82761e-09	7.69826e-05
2.82768e-09	7.66754e-05
2.82776e-09	7.63685e-05
2.82783e-09	7.6062e-05
2.8279e-09	7.57557e-05
2.82797e-09	7.54499e-05
2.82804e-09	7.51443e-05
2.82811e-09	7.48391e-05
2.82818e-09	7.45342e-05
2.82825e-09	7.42297e-05
2.82832e-09	7.39255e-05
2.82839e-09	7.36216e-05
2.82846e-09	7.33181e-05
2.82854e-09	7.30149e-05
2.82861e-09	7.2712e-05
2.82868e-09	7.24095e-05
2.82875e-09	7.21074e-05
2.82882e-09	7.18055e-05
2.82889e-09	7.1504e-05
2.82896e-09	7.12029e-05
2.82903e-09	7.0902e-05
2.8291e-09	7.06016e-05
2.82917e-09	7.03014e-05
2.82924e-09	7.00016e-05
2.82932e-09	6.97021e-05
2.82939e-09	6.9403e-05
2.82946e-09	6.91042e-05
2.82953e-09	6.88058e-05
2.8296e-09	6.85077e-05
2.82967e-09	6.82099e-05
2.82974e-09	6.79125e-05
2.82981e-09	6.76154e-05
2.82988e-09	6.73187e-05
2.82995e-09	6.70223e-05
2.83002e-09	6.67262e-05
2.8301e-09	6.64305e-05
2.83017e-09	6.61352e-05
2.83024e-09	6.58401e-05
2.83031e-09	6.55454e-05
2.83038e-09	6.52511e-05
2.83045e-09	6.49571e-05
2.83052e-09	6.46634e-05
2.83059e-09	6.43701e-05
2.83066e-09	6.40771e-05
2.83073e-09	6.37845e-05
2.83081e-09	6.34922e-05
2.83088e-09	6.32003e-05
2.83095e-09	6.29087e-05
2.83102e-09	6.26175e-05
2.83109e-09	6.23265e-05
2.83116e-09	6.2036e-05
2.83123e-09	6.17458e-05
2.8313e-09	6.14559e-05
2.83137e-09	6.11664e-05
2.83144e-09	6.08772e-05
2.83151e-09	6.05884e-05
2.83159e-09	6.02999e-05
2.83166e-09	6.00117e-05
2.83173e-09	5.97239e-05
2.8318e-09	5.94365e-05
2.83187e-09	5.91494e-05
2.83194e-09	5.88626e-05
2.83201e-09	5.85762e-05
2.83208e-09	5.82901e-05
2.83215e-09	5.80044e-05
2.83222e-09	5.7719e-05
2.83229e-09	5.7434e-05
2.83237e-09	5.71493e-05
2.83244e-09	5.6865e-05
2.83251e-09	5.6581e-05
2.83258e-09	5.62974e-05
2.83265e-09	5.60141e-05
2.83272e-09	5.57312e-05
2.83279e-09	5.54486e-05
2.83286e-09	5.51663e-05
2.83293e-09	5.48845e-05
2.833e-09	5.46029e-05
2.83307e-09	5.43217e-05
2.83315e-09	5.40409e-05
2.83322e-09	5.37604e-05
2.83329e-09	5.34802e-05
2.83336e-09	5.32004e-05
2.83343e-09	5.2921e-05
2.8335e-09	5.26419e-05
2.83357e-09	5.23632e-05
2.83364e-09	5.20848e-05
2.83371e-09	5.18067e-05
2.83378e-09	5.1529e-05
2.83385e-09	5.12517e-05
2.83393e-09	5.09747e-05
2.834e-09	5.0698e-05
2.83407e-09	5.04217e-05
2.83414e-09	5.01458e-05
2.83421e-09	4.98702e-05
2.83428e-09	4.9595e-05
2.83435e-09	4.93201e-05
2.83442e-09	4.90455e-05
2.83449e-09	4.87713e-05
2.83456e-09	4.84975e-05
2.83464e-09	4.8224e-05
2.83471e-09	4.79509e-05
2.83478e-09	4.76781e-05
2.83485e-09	4.74057e-05
2.83492e-09	4.71336e-05
2.83499e-09	4.68619e-05
2.83506e-09	4.65905e-05
2.83513e-09	4.63195e-05
2.8352e-09	4.60488e-05
2.83527e-09	4.57785e-05
2.83534e-09	4.55086e-05
2.83542e-09	4.5239e-05
2.83549e-09	4.49697e-05
2.83556e-09	4.47008e-05
2.83563e-09	4.44323e-05
2.8357e-09	4.41641e-05
2.83577e-09	4.38962e-05
2.83584e-09	4.36288e-05
2.83591e-09	4.33616e-05
2.83598e-09	4.30948e-05
2.83605e-09	4.28284e-05
2.83612e-09	4.25624e-05
2.8362e-09	4.22966e-05
2.83627e-09	4.20313e-05
2.83634e-09	4.17663e-05
2.83641e-09	4.15016e-05
2.83648e-09	4.12373e-05
2.83655e-09	4.09734e-05
2.83662e-09	4.07098e-05
2.83669e-09	4.04465e-05
2.83676e-09	4.01837e-05
2.83683e-09	3.99211e-05
2.8369e-09	3.9659e-05
2.83698e-09	3.93972e-05
2.83705e-09	3.91357e-05
2.83712e-09	3.88746e-05
2.83719e-09	3.86138e-05
2.83726e-09	3.83534e-05
2.83733e-09	3.80934e-05
2.8374e-09	3.78337e-05
2.83747e-09	3.75744e-05
2.83754e-09	3.73154e-05
2.83761e-09	3.70568e-05
2.83769e-09	3.67985e-05
2.83776e-09	3.65406e-05
2.83783e-09	3.62831e-05
2.8379e-09	3.60259e-05
2.83797e-09	3.57691e-05
2.83804e-09	3.55126e-05
2.83811e-09	3.52565e-05
2.83818e-09	3.50007e-05
2.83825e-09	3.47453e-05
2.83832e-09	3.44902e-05
2.83839e-09	3.42355e-05
2.83847e-09	3.39812e-05
2.83854e-09	3.37272e-05
2.83861e-09	3.34736e-05
2.83868e-09	3.32203e-05
2.83875e-09	3.29674e-05
2.83882e-09	3.27148e-05
2.83889e-09	3.24626e-05
2.83896e-09	3.22108e-05
2.83903e-09	3.19593e-05
2.8391e-09	3.17081e-05
2.83917e-09	3.14574e-05
2.83925e-09	3.12069e-05
2.83932e-09	3.09569e-05
2.83939e-09	3.07072e-05
2.83946e-09	3.04578e-05
2.83953e-09	3.02088e-05
2.8396e-09	2.99602e-05
2.83967e-09	2.97119e-05
2.83974e-09	2.9464e-05
2.83981e-09	2.92164e-05
2.83988e-09	2.89692e-05
2.83995e-09	2.87224e-05
2.84003e-09	2.84759e-05
2.8401e-09	2.82298e-05
2.84017e-09	2.7984e-05
2.84024e-09	2.77386e-05
2.84031e-09	2.74935e-05
2.84038e-09	2.72488e-05
2.84045e-09	2.70045e-05
2.84052e-09	2.67605e-05
2.84059e-09	2.65169e-05
2.84066e-09	2.62736e-05
2.84073e-09	2.60307e-05
2.84081e-09	2.57881e-05
2.84088e-09	2.55459e-05
2.84095e-09	2.53041e-05
2.84102e-09	2.50626e-05
2.84109e-09	2.48215e-05
2.84116e-09	2.45807e-05
2.84123e-09	2.43403e-05
2.8413e-09	2.41002e-05
2.84137e-09	2.38605e-05
2.84144e-09	2.36212e-05
2.84152e-09	2.33822e-05
2.84159e-09	2.31436e-05
2.84166e-09	2.29054e-05
2.84173e-09	2.26675e-05
2.8418e-09	2.24299e-05
2.84187e-09	2.21927e-05
2.84194e-09	2.19559e-05
2.84201e-09	2.17194e-05
2.84208e-09	2.14833e-05
2.84215e-09	2.12476e-05
2.84222e-09	2.10122e-05
2.8423e-09	2.07771e-05
2.84237e-09	2.05424e-05
2.84244e-09	2.03081e-05
2.84251e-09	2.00742e-05
2.84258e-09	1.98405e-05
2.84265e-09	1.96073e-05
2.84272e-09	1.93744e-05
2.84279e-09	1.91419e-05
2.84286e-09	1.89097e-05
2.84293e-09	1.86779e-05
2.843e-09	1.84464e-05
2.84308e-09	1.82153e-05
2.84315e-09	1.79846e-05
2.84322e-09	1.77542e-05
2.84329e-09	1.75242e-05
2.84336e-09	1.72945e-05
2.84343e-09	1.70652e-05
2.8435e-09	1.68362e-05
2.84357e-09	1.66077e-05
2.84364e-09	1.63794e-05
2.84371e-09	1.61515e-05
2.84378e-09	1.5924e-05
2.84386e-09	1.56969e-05
2.84393e-09	1.547e-05
2.844e-09	1.52436e-05
2.84407e-09	1.50175e-05
2.84414e-09	1.47918e-05
2.84421e-09	1.45664e-05
2.84428e-09	1.43414e-05
2.84435e-09	1.41167e-05
2.84442e-09	1.38924e-05
2.84449e-09	1.36685e-05
2.84457e-09	1.34449e-05
2.84464e-09	1.32217e-05
2.84471e-09	1.29988e-05
2.84478e-09	1.27763e-05
2.84485e-09	1.25541e-05
2.84492e-09	1.23323e-05
2.84499e-09	1.21109e-05
2.84506e-09	1.18898e-05
2.84513e-09	1.16691e-05
2.8452e-09	1.14487e-05
2.84527e-09	1.12287e-05
2.84535e-09	1.10091e-05
2.84542e-09	1.07898e-05
2.84549e-09	1.05708e-05
2.84556e-09	1.03522e-05
2.84563e-09	1.0134e-05
2.8457e-09	9.91615e-06
2.84577e-09	9.69864e-06
2.84584e-09	9.48149e-06
2.84591e-09	9.26469e-06
2.84598e-09	9.04825e-06
2.84605e-09	8.83217e-06
2.84613e-09	8.61645e-06
2.8462e-09	8.40108e-06
2.84627e-09	8.18606e-06
2.84634e-09	7.97141e-06
2.84641e-09	7.75711e-06
2.84648e-09	7.54317e-06
2.84655e-09	7.32958e-06
2.84662e-09	7.11635e-06
2.84669e-09	6.90348e-06
2.84676e-09	6.69096e-06
2.84683e-09	6.4788e-06
2.84691e-09	6.267e-06
2.84698e-09	6.05555e-06
2.84705e-09	5.84446e-06
2.84712e-09	5.63372e-06
2.84719e-09	5.42335e-06
2.84726e-09	5.21332e-06
2.84733e-09	5.00365e-06
2.8474e-09	4.79434e-06
2.84747e-09	4.58539e-06
2.84754e-09	4.37679e-06
2.84761e-09	4.16854e-06
2.84769e-09	3.96065e-06
2.84776e-09	3.75312e-06
2.84783e-09	3.54594e-06
2.8479e-09	3.33912e-06
2.84797e-09	3.13265e-06
2.84804e-09	2.92654e-06
2.84811e-09	2.72078e-06
2.84818e-09	2.51538e-06
2.84825e-09	2.31033e-06
2.84832e-09	2.10564e-06
2.8484e-09	1.90131e-06
2.84847e-09	1.69732e-06
2.84854e-09	1.4937e-06
2.84861e-09	1.29042e-06
2.84868e-09	1.08751e-06
2.84875e-09	8.84942e-07
2.84882e-09	6.82733e-07
2.84889e-09	4.80878e-07
2.84896e-09	2.79377e-07
2.84903e-09	7.82311e-08
2.8491e-09	-1.22561e-07
2.84918e-09	-3.22999e-07
2.84925e-09	-5.23084e-07
2.84932e-09	-7.22814e-07
2.84939e-09	-9.22191e-07
2.84946e-09	-1.12121e-06
2.84953e-09	-1.31988e-06
2.8496e-09	-1.5182e-06
2.84967e-09	-1.71616e-06
2.84974e-09	-1.91377e-06
2.84981e-09	-2.11103e-06
2.84988e-09	-2.30793e-06
2.84996e-09	-2.50448e-06
2.85003e-09	-2.70068e-06
2.8501e-09	-2.89652e-06
2.85017e-09	-3.09201e-06
2.85024e-09	-3.28715e-06
2.85031e-09	-3.48193e-06
2.85038e-09	-3.67637e-06
2.85045e-09	-3.87045e-06
2.85052e-09	-4.06418e-06
2.85059e-09	-4.25755e-06
2.85066e-09	-4.45058e-06
2.85074e-09	-4.64325e-06
2.85081e-09	-4.83557e-06
2.85088e-09	-5.02754e-06
2.85095e-09	-5.21916e-06
2.85102e-09	-5.41042e-06
2.85109e-09	-5.60133e-06
2.85116e-09	-5.7919e-06
2.85123e-09	-5.98211e-06
2.8513e-09	-6.17197e-06
2.85137e-09	-6.36148e-06
2.85145e-09	-6.55063e-06
2.85152e-09	-6.73944e-06
2.85159e-09	-6.9279e-06
2.85166e-09	-7.116e-06
2.85173e-09	-7.30376e-06
2.8518e-09	-7.49116e-06
2.85187e-09	-7.67822e-06
2.85194e-09	-7.86492e-06
2.85201e-09	-8.05128e-06
2.85208e-09	-8.23728e-06
2.85215e-09	-8.42294e-06
2.85223e-09	-8.60824e-06
2.8523e-09	-8.79319e-06
2.85237e-09	-8.9778e-06
2.85244e-09	-9.16206e-06
2.85251e-09	-9.34596e-06
2.85258e-09	-9.52952e-06
2.85265e-09	-9.71273e-06
2.85272e-09	-9.89559e-06
2.85279e-09	-1.00781e-05
2.85286e-09	-1.02603e-05
2.85293e-09	-1.04421e-05
2.85301e-09	-1.06235e-05
2.85308e-09	-1.08047e-05
2.85315e-09	-1.09854e-05
2.85322e-09	-1.11659e-05
2.85329e-09	-1.13459e-05
2.85336e-09	-1.15256e-05
2.85343e-09	-1.1705e-05
2.8535e-09	-1.18841e-05
2.85357e-09	-1.20627e-05
2.85364e-09	-1.22411e-05
2.85371e-09	-1.24191e-05
2.85379e-09	-1.25967e-05
2.85386e-09	-1.2774e-05
2.85393e-09	-1.29509e-05
2.854e-09	-1.31276e-05
2.85407e-09	-1.33038e-05
2.85414e-09	-1.34797e-05
2.85421e-09	-1.36553e-05
2.85428e-09	-1.38305e-05
2.85435e-09	-1.40054e-05
2.85442e-09	-1.41799e-05
2.85449e-09	-1.43541e-05
2.85457e-09	-1.45279e-05
2.85464e-09	-1.47014e-05
2.85471e-09	-1.48745e-05
2.85478e-09	-1.50473e-05
2.85485e-09	-1.52198e-05
2.85492e-09	-1.53919e-05
2.85499e-09	-1.55637e-05
2.85506e-09	-1.57351e-05
2.85513e-09	-1.59062e-05
2.8552e-09	-1.60769e-05
2.85528e-09	-1.62473e-05
2.85535e-09	-1.64173e-05
2.85542e-09	-1.6587e-05
2.85549e-09	-1.67564e-05
2.85556e-09	-1.69254e-05
2.85563e-09	-1.7094e-05
2.8557e-09	-1.72624e-05
2.85577e-09	-1.74304e-05
2.85584e-09	-1.7598e-05
2.85591e-09	-1.77653e-05
2.85598e-09	-1.79322e-05
2.85606e-09	-1.80989e-05
2.85613e-09	-1.82651e-05
2.8562e-09	-1.84311e-05
2.85627e-09	-1.85966e-05
2.85634e-09	-1.87619e-05
2.85641e-09	-1.89268e-05
2.85648e-09	-1.90913e-05
2.85655e-09	-1.92556e-05
2.85662e-09	-1.94194e-05
2.85669e-09	-1.9583e-05
2.85676e-09	-1.97462e-05
2.85684e-09	-1.9909e-05
2.85691e-09	-2.00715e-05
2.85698e-09	-2.02337e-05
2.85705e-09	-2.03956e-05
2.85712e-09	-2.05571e-05
2.85719e-09	-2.07182e-05
2.85726e-09	-2.0879e-05
2.85733e-09	-2.10395e-05
2.8574e-09	-2.11996e-05
2.85747e-09	-2.13594e-05
2.85754e-09	-2.15189e-05
2.85762e-09	-2.1678e-05
2.85769e-09	-2.18368e-05
2.85776e-09	-2.19952e-05
2.85783e-09	-2.21533e-05
2.8579e-09	-2.23111e-05
2.85797e-09	-2.24685e-05
2.85804e-09	-2.26256e-05
2.85811e-09	-2.27824e-05
2.85818e-09	-2.29388e-05
2.85825e-09	-2.30949e-05
2.85833e-09	-2.32506e-05
2.8584e-09	-2.3406e-05
2.85847e-09	-2.35611e-05
2.85854e-09	-2.37158e-05
2.85861e-09	-2.38702e-05
2.85868e-09	-2.40243e-05
2.85875e-09	-2.4178e-05
2.85882e-09	-2.43314e-05
2.85889e-09	-2.44844e-05
2.85896e-09	-2.46371e-05
2.85903e-09	-2.47895e-05
2.85911e-09	-2.49415e-05
2.85918e-09	-2.50933e-05
2.85925e-09	-2.52446e-05
2.85932e-09	-2.53957e-05
2.85939e-09	-2.55464e-05
2.85946e-09	-2.56967e-05
2.85953e-09	-2.58468e-05
2.8596e-09	-2.59965e-05
2.85967e-09	-2.61458e-05
2.85974e-09	-2.62949e-05
2.85981e-09	-2.64436e-05
2.85989e-09	-2.6592e-05
2.85996e-09	-2.674e-05
2.86003e-09	-2.68877e-05
2.8601e-09	-2.70351e-05
2.86017e-09	-2.71821e-05
2.86024e-09	-2.73288e-05
2.86031e-09	-2.74752e-05
2.86038e-09	-2.76212e-05
2.86045e-09	-2.77669e-05
2.86052e-09	-2.79123e-05
2.86059e-09	-2.80574e-05
2.86067e-09	-2.82021e-05
2.86074e-09	-2.83465e-05
2.86081e-09	-2.84905e-05
2.86088e-09	-2.86342e-05
2.86095e-09	-2.87776e-05
2.86102e-09	-2.89207e-05
2.86109e-09	-2.90634e-05
2.86116e-09	-2.92058e-05
2.86123e-09	-2.93479e-05
2.8613e-09	-2.94897e-05
2.86137e-09	-2.96311e-05
2.86145e-09	-2.97722e-05
2.86152e-09	-2.99129e-05
2.86159e-09	-3.00533e-05
2.86166e-09	-3.01934e-05
2.86173e-09	-3.03332e-05
2.8618e-09	-3.04727e-05
2.86187e-09	-3.06118e-05
2.86194e-09	-3.07506e-05
2.86201e-09	-3.0889e-05
2.86208e-09	-3.10272e-05
2.86216e-09	-3.1165e-05
2.86223e-09	-3.13025e-05
2.8623e-09	-3.14396e-05
2.86237e-09	-3.15765e-05
2.86244e-09	-3.1713e-05
2.86251e-09	-3.18491e-05
2.86258e-09	-3.1985e-05
2.86265e-09	-3.21205e-05
2.86272e-09	-3.22557e-05
2.86279e-09	-3.23906e-05
2.86286e-09	-3.25251e-05
2.86294e-09	-3.26594e-05
2.86301e-09	-3.27933e-05
2.86308e-09	-3.29269e-05
2.86315e-09	-3.30601e-05
2.86322e-09	-3.3193e-05
2.86329e-09	-3.33257e-05
2.86336e-09	-3.34579e-05
2.86343e-09	-3.35899e-05
2.8635e-09	-3.37215e-05
2.86357e-09	-3.38529e-05
2.86364e-09	-3.39838e-05
2.86372e-09	-3.41145e-05
2.86379e-09	-3.42449e-05
2.86386e-09	-3.43749e-05
2.86393e-09	-3.45046e-05
2.864e-09	-3.4634e-05
2.86407e-09	-3.47631e-05
2.86414e-09	-3.48918e-05
2.86421e-09	-3.50202e-05
2.86428e-09	-3.51483e-05
2.86435e-09	-3.52761e-05
2.86442e-09	-3.54036e-05
2.8645e-09	-3.55307e-05
2.86457e-09	-3.56575e-05
2.86464e-09	-3.5784e-05
2.86471e-09	-3.59102e-05
2.86478e-09	-3.60361e-05
