3.5464e-14	-3.59899e-05
1.06392e-13	-3.58639e-05
1.7732e-13	-3.57376e-05
2.48248e-13	-3.5611e-05
3.19176e-13	-3.54841e-05
3.90104e-13	-3.53568e-05
4.61032e-13	-3.52292e-05
5.3196e-13	-3.51013e-05
6.02887e-13	-3.49731e-05
6.73815e-13	-3.48446e-05
7.44743e-13	-3.47157e-05
8.15671e-13	-3.45865e-05
8.86599e-13	-3.4457e-05
9.57527e-13	-3.43272e-05
1.02846e-12	-3.41971e-05
1.09938e-12	-3.40666e-05
1.17031e-12	-3.39358e-05
1.24124e-12	-3.38047e-05
1.31217e-12	-3.36733e-05
1.38309e-12	-3.35415e-05
1.45402e-12	-3.34094e-05
1.52495e-12	-3.3277e-05
1.59588e-12	-3.31443e-05
1.66681e-12	-3.30113e-05
1.73773e-12	-3.28779e-05
1.80866e-12	-3.27442e-05
1.87959e-12	-3.26102e-05
1.95052e-12	-3.24758e-05
2.02145e-12	-3.23411e-05
2.09237e-12	-3.22061e-05
2.1633e-12	-3.20708e-05
2.23423e-12	-3.19352e-05
2.30516e-12	-3.17992e-05
2.37609e-12	-3.16629e-05
2.44701e-12	-3.15263e-05
2.51794e-12	-3.13893e-05
2.58887e-12	-3.12521e-05
2.6598e-12	-3.11145e-05
2.73073e-12	-3.09765e-05
2.80165e-12	-3.08383e-05
2.87258e-12	-3.06997e-05
2.94351e-12	-3.05608e-05
3.01444e-12	-3.04215e-05
3.08537e-12	-3.0282e-05
3.15629e-12	-3.01421e-05
3.22722e-12	-3.00019e-05
3.29815e-12	-2.98613e-05
3.36908e-12	-2.97204e-05
3.44001e-12	-2.95792e-05
3.51093e-12	-2.94377e-05
3.58186e-12	-2.92958e-05
3.65279e-12	-2.91536e-05
3.72372e-12	-2.90111e-05
3.79464e-12	-2.88682e-05
3.86557e-12	-2.87251e-05
3.9365e-12	-2.85815e-05
4.00743e-12	-2.84377e-05
4.07836e-12	-2.82935e-05
4.14928e-12	-2.8149e-05
4.22021e-12	-2.80042e-05
4.29114e-12	-2.7859e-05
4.36207e-12	-2.77135e-05
4.433e-12	-2.75677e-05
4.50392e-12	-2.74215e-05
4.57485e-12	-2.7275e-05
4.64578e-12	-2.71282e-05
4.71671e-12	-2.6981e-05
4.78764e-12	-2.68335e-05
4.85856e-12	-2.66857e-05
4.92949e-12	-2.65376e-05
5.00042e-12	-2.63891e-05
5.07135e-12	-2.62402e-05
5.14228e-12	-2.60911e-05
5.2132e-12	-2.59416e-05
5.28413e-12	-2.57918e-05
5.35506e-12	-2.56416e-05
5.42599e-12	-2.54911e-05
5.49692e-12	-2.53403e-05
5.56784e-12	-2.51891e-05
5.63877e-12	-2.50376e-05
5.7097e-12	-2.48858e-05
5.78063e-12	-2.47336e-05
5.85156e-12	-2.45811e-05
5.92248e-12	-2.44283e-05
5.99341e-12	-2.42751e-05
6.06434e-12	-2.41216e-05
6.13527e-12	-2.39678e-05
6.20619e-12	-2.38136e-05
6.27712e-12	-2.36591e-05
6.34805e-12	-2.35042e-05
6.41898e-12	-2.3349e-05
6.48991e-12	-2.31935e-05
6.56083e-12	-2.30376e-05
6.63176e-12	-2.28814e-05
6.70269e-12	-2.27249e-05
6.77362e-12	-2.2568e-05
6.84455e-12	-2.24108e-05
6.91547e-12	-2.22533e-05
6.9864e-12	-2.20954e-05
7.05733e-12	-2.19371e-05
7.12826e-12	-2.17786e-05
7.19919e-12	-2.16197e-05
7.27011e-12	-2.14604e-05
7.34104e-12	-2.13008e-05
7.41197e-12	-2.11409e-05
7.4829e-12	-2.09807e-05
7.55383e-12	-2.08201e-05
7.62475e-12	-2.06591e-05
7.69568e-12	-2.04978e-05
7.76661e-12	-2.03362e-05
7.83754e-12	-2.01743e-05
7.90847e-12	-2.0012e-05
7.97939e-12	-1.98493e-05
8.05032e-12	-1.96863e-05
8.12125e-12	-1.9523e-05
8.19218e-12	-1.93593e-05
8.26311e-12	-1.91953e-05
8.33403e-12	-1.9031e-05
8.40496e-12	-1.88663e-05
8.47589e-12	-1.87013e-05
8.54682e-12	-1.85359e-05
8.61774e-12	-1.83702e-05
8.68867e-12	-1.82042e-05
8.7596e-12	-1.80378e-05
8.83053e-12	-1.7871e-05
8.90146e-12	-1.77039e-05
8.97238e-12	-1.75365e-05
9.04331e-12	-1.73688e-05
9.11424e-12	-1.72006e-05
9.18517e-12	-1.70322e-05
9.2561e-12	-1.68634e-05
9.32702e-12	-1.66943e-05
9.39795e-12	-1.65248e-05
9.46888e-12	-1.6355e-05
9.53981e-12	-1.61848e-05
9.61074e-12	-1.60143e-05
9.68166e-12	-1.58434e-05
9.75259e-12	-1.56722e-05
9.82352e-12	-1.55007e-05
9.89445e-12	-1.53288e-05
9.96538e-12	-1.51565e-05
1.00363e-11	-1.4984e-05
1.01072e-11	-1.4811e-05
1.01782e-11	-1.46378e-05
1.02491e-11	-1.44642e-05
1.032e-11	-1.42902e-05
1.03909e-11	-1.41159e-05
1.04619e-11	-1.39412e-05
1.05328e-11	-1.37662e-05
1.06037e-11	-1.35909e-05
1.06747e-11	-1.34152e-05
1.07456e-11	-1.32392e-05
1.08165e-11	-1.30628e-05
1.08874e-11	-1.28861e-05
1.09584e-11	-1.2709e-05
1.10293e-11	-1.25316e-05
1.11002e-11	-1.23538e-05
1.11712e-11	-1.21757e-05
1.12421e-11	-1.19972e-05
1.1313e-11	-1.18184e-05
1.13839e-11	-1.16392e-05
1.14549e-11	-1.14597e-05
1.15258e-11	-1.12799e-05
1.15967e-11	-1.10997e-05
1.16676e-11	-1.09191e-05
1.17386e-11	-1.07382e-05
1.18095e-11	-1.0557e-05
1.18804e-11	-1.03754e-05
1.19514e-11	-1.01935e-05
1.20223e-11	-1.00112e-05
1.20932e-11	-9.82853e-06
1.21641e-11	-9.64554e-06
1.22351e-11	-9.46221e-06
1.2306e-11	-9.27852e-06
1.23769e-11	-9.09449e-06
1.24479e-11	-8.9101e-06
1.25188e-11	-8.72537e-06
1.25897e-11	-8.54028e-06
1.26606e-11	-8.35485e-06
1.27316e-11	-8.16907e-06
1.28025e-11	-7.98294e-06
1.28734e-11	-7.79645e-06
1.29443e-11	-7.60962e-06
1.30153e-11	-7.42244e-06
1.30862e-11	-7.2349e-06
1.31571e-11	-7.04702e-06
1.32281e-11	-6.85879e-06
1.3299e-11	-6.6702e-06
1.33699e-11	-6.48127e-06
1.34408e-11	-6.29198e-06
1.35118e-11	-6.10234e-06
1.35827e-11	-5.91235e-06
1.36536e-11	-5.72201e-06
1.37246e-11	-5.53132e-06
1.37955e-11	-5.34028e-06
1.38664e-11	-5.14888e-06
1.39373e-11	-4.95714e-06
1.40083e-11	-4.76504e-06
1.40792e-11	-4.57259e-06
1.41501e-11	-4.37979e-06
1.42211e-11	-4.18664e-06
1.4292e-11	-3.99313e-06
1.43629e-11	-3.79927e-06
1.44338e-11	-3.60506e-06
1.45048e-11	-3.4105e-06
1.45757e-11	-3.21559e-06
1.46466e-11	-3.02032e-06
1.47175e-11	-2.8247e-06
1.47885e-11	-2.62872e-06
1.48594e-11	-2.4324e-06
1.49303e-11	-2.23572e-06
1.50013e-11	-2.03869e-06
1.50722e-11	-1.8413e-06
1.51431e-11	-1.64356e-06
1.5214e-11	-1.44547e-06
1.5285e-11	-1.24702e-06
1.53559e-11	-1.04823e-06
1.54268e-11	-8.49073e-07
1.54978e-11	-6.49566e-07
1.55687e-11	-4.49706e-07
1.56396e-11	-2.49492e-07
1.57105e-11	-4.89238e-08
1.57815e-11	1.51998e-07
1.58524e-11	3.53275e-07
1.59233e-11	5.54905e-07
1.59943e-11	7.5689e-07
1.60652e-11	9.59229e-07
1.61361e-11	1.16192e-06
1.6207e-11	1.36497e-06
1.6278e-11	1.56837e-06
1.63489e-11	1.77213e-06
1.64198e-11	1.97624e-06
1.64907e-11	2.18071e-06
1.65617e-11	2.38553e-06
1.66326e-11	2.59071e-06
1.67035e-11	2.79624e-06
1.67745e-11	3.00213e-06
1.68454e-11	3.20837e-06
1.69163e-11	3.41497e-06
1.69872e-11	3.62192e-06
1.70582e-11	3.82923e-06
1.71291e-11	4.03689e-06
1.72e-11	4.24491e-06
1.7271e-11	4.45329e-06
1.73419e-11	4.66202e-06
1.74128e-11	4.87111e-06
1.74837e-11	5.08055e-06
1.75547e-11	5.29035e-06
1.76256e-11	5.5005e-06
1.76965e-11	5.71101e-06
1.77674e-11	5.92188e-06
1.78384e-11	6.1331e-06
1.79093e-11	6.34468e-06
1.79802e-11	6.55661e-06
1.80512e-11	6.7689e-06
1.81221e-11	6.98155e-06
1.8193e-11	7.19455e-06
1.82639e-11	7.40791e-06
1.83349e-11	7.62163e-06
1.84058e-11	7.8357e-06
1.84767e-11	8.05013e-06
1.85477e-11	8.26492e-06
1.86186e-11	8.48006e-06
1.86895e-11	8.69556e-06
1.87604e-11	8.91142e-06
1.88314e-11	9.12763e-06
1.89023e-11	9.3442e-06
1.89732e-11	9.56113e-06
1.90442e-11	9.77841e-06
1.91151e-11	9.99606e-06
1.9186e-11	1.02141e-05
1.92569e-11	1.04324e-05
1.93279e-11	1.06511e-05
1.93988e-11	1.08702e-05
1.94697e-11	1.10896e-05
1.95406e-11	1.13094e-05
1.96116e-11	1.15295e-05
1.96825e-11	1.175e-05
1.97534e-11	1.19709e-05
1.98244e-11	1.21921e-05
1.98953e-11	1.24137e-05
1.99662e-11	1.26356e-05
2.00371e-11	1.28579e-05
2.01081e-11	1.30805e-05
2.0179e-11	1.33035e-05
2.02499e-11	1.35269e-05
2.03209e-11	1.37506e-05
2.03918e-11	1.39747e-05
2.04627e-11	1.41991e-05
2.05336e-11	1.44239e-05
2.06046e-11	1.46491e-05
2.06755e-11	1.48746e-05
2.07464e-11	1.51004e-05
2.08174e-11	1.53267e-05
2.08883e-11	1.55532e-05
2.09592e-11	1.57802e-05
2.10301e-11	1.60075e-05
2.11011e-11	1.62351e-05
2.1172e-11	1.64631e-05
2.12429e-11	1.66915e-05
2.13138e-11	1.69202e-05
2.13848e-11	1.71493e-05
2.14557e-11	1.73787e-05
2.15266e-11	1.76085e-05
2.15976e-11	1.78387e-05
2.16685e-11	1.80692e-05
2.17394e-11	1.83001e-05
2.18103e-11	1.85313e-05
2.18813e-11	1.87629e-05
2.19522e-11	1.89949e-05
2.20231e-11	1.92272e-05
2.20941e-11	1.94598e-05
2.2165e-11	1.96928e-05
2.22359e-11	1.99262e-05
2.23068e-11	2.016e-05
2.23778e-11	2.03941e-05
2.24487e-11	2.06285e-05
2.25196e-11	2.08633e-05
2.25905e-11	2.10985e-05
2.26615e-11	2.1334e-05
2.27324e-11	2.15699e-05
2.28033e-11	2.18062e-05
2.28743e-11	2.20428e-05
2.29452e-11	2.22797e-05
2.30161e-11	2.2517e-05
2.3087e-11	2.27547e-05
2.3158e-11	2.29927e-05
2.32289e-11	2.32311e-05
2.32998e-11	2.34699e-05
2.33708e-11	2.3709e-05
2.34417e-11	2.39485e-05
2.35126e-11	2.41883e-05
2.35835e-11	2.44285e-05
2.36545e-11	2.4669e-05
2.37254e-11	2.49099e-05
2.37963e-11	2.51512e-05
2.38673e-11	2.53928e-05
2.39382e-11	2.56347e-05
2.40091e-11	2.58771e-05
2.408e-11	2.61198e-05
2.4151e-11	2.63628e-05
2.42219e-11	2.66062e-05
2.42928e-11	2.685e-05
2.43637e-11	2.70941e-05
2.44347e-11	2.73386e-05
2.45056e-11	2.75834e-05
2.45765e-11	2.78286e-05
2.46475e-11	2.80741e-05
2.47184e-11	2.832e-05
2.47893e-11	2.85663e-05
2.48602e-11	2.88129e-05
2.49312e-11	2.90599e-05
2.50021e-11	2.93072e-05
2.5073e-11	2.95549e-05
2.5144e-11	2.9803e-05
2.52149e-11	3.00514e-05
2.52858e-11	3.03001e-05
2.53567e-11	3.05493e-05
2.54277e-11	3.07988e-05
2.54986e-11	3.10486e-05
2.55695e-11	3.12988e-05
2.56405e-11	3.15493e-05
2.57114e-11	3.18002e-05
2.57823e-11	3.20515e-05
2.58532e-11	3.23031e-05
2.59242e-11	3.25551e-05
2.59951e-11	3.28074e-05
2.6066e-11	3.30601e-05
2.61369e-11	3.33132e-05
2.62079e-11	3.35666e-05
2.62788e-11	3.38203e-05
2.63497e-11	3.40745e-05
2.64207e-11	3.43289e-05
2.64916e-11	3.45838e-05
2.65625e-11	3.4839e-05
2.66334e-11	3.50945e-05
2.67044e-11	3.53504e-05
2.67753e-11	3.56067e-05
2.68462e-11	3.58633e-05
2.69172e-11	3.61202e-05
2.69881e-11	3.63776e-05
2.7059e-11	3.66352e-05
2.71299e-11	3.68933e-05
2.72009e-11	3.71517e-05
2.72718e-11	3.74104e-05
2.73427e-11	3.76695e-05
2.74136e-11	3.7929e-05
2.74846e-11	3.81888e-05
2.75555e-11	3.8449e-05
2.76264e-11	3.87095e-05
2.76974e-11	3.89704e-05
2.77683e-11	3.92316e-05
2.78392e-11	3.94932e-05
2.79101e-11	3.97551e-05
2.79811e-11	4.00174e-05
2.8052e-11	4.02801e-05
2.81229e-11	4.05431e-05
2.81939e-11	4.08065e-05
2.82648e-11	4.10702e-05
2.83357e-11	4.13343e-05
2.84066e-11	4.15987e-05
2.84776e-11	4.18635e-05
2.85485e-11	4.21286e-05
2.86194e-11	4.23941e-05
2.86904e-11	4.26599e-05
2.87613e-11	4.29261e-05
2.88322e-11	4.31927e-05
2.89031e-11	4.34596e-05
2.89741e-11	4.37269e-05
2.9045e-11	4.39945e-05
2.91159e-11	4.42625e-05
2.91868e-11	4.45308e-05
2.92578e-11	4.47994e-05
2.93287e-11	4.50685e-05
2.93996e-11	4.53379e-05
2.94706e-11	4.56076e-05
2.95415e-11	4.58777e-05
2.96124e-11	4.61481e-05
2.96833e-11	4.64189e-05
2.97543e-11	4.66901e-05
2.98252e-11	4.69616e-05
2.98961e-11	4.72334e-05
2.99671e-11	4.75056e-05
3.0038e-11	4.77782e-05
3.01089e-11	4.80511e-05
3.01798e-11	4.83243e-05
3.02508e-11	4.8598e-05
3.03217e-11	4.88719e-05
3.03926e-11	4.91462e-05
3.04636e-11	4.94209e-05
3.05345e-11	4.96959e-05
3.06054e-11	4.99713e-05
3.06763e-11	5.0247e-05
3.07473e-11	5.05231e-05
3.08182e-11	5.07995e-05
3.08891e-11	5.10763e-05
3.096e-11	5.13534e-05
3.1031e-11	5.16309e-05
3.11019e-11	5.19087e-05
3.11728e-11	5.21869e-05
3.12438e-11	5.24654e-05
3.13147e-11	5.27443e-05
3.13856e-11	5.30235e-05
3.14565e-11	5.33031e-05
3.15275e-11	5.3583e-05
3.15984e-11	5.38633e-05
3.16693e-11	5.41439e-05
3.17403e-11	5.44249e-05
3.18112e-11	5.47062e-05
3.18821e-11	5.49879e-05
3.1953e-11	5.52699e-05
3.2024e-11	5.55522e-05
3.20949e-11	5.5835e-05
3.21658e-11	5.6118e-05
3.22367e-11	5.64014e-05
3.23077e-11	5.66852e-05
3.23786e-11	5.69693e-05
3.24495e-11	5.72538e-05
3.25205e-11	5.75386e-05
3.25914e-11	5.78237e-05
3.26623e-11	5.81092e-05
3.27332e-11	5.83951e-05
3.28042e-11	5.86812e-05
3.28751e-11	5.89678e-05
3.2946e-11	5.92547e-05
3.3017e-11	5.95419e-05
3.30879e-11	5.98295e-05
3.31588e-11	6.01174e-05
3.32297e-11	6.04057e-05
3.33007e-11	6.06943e-05
3.33716e-11	6.09833e-05
3.34425e-11	6.12726e-05
3.35135e-11	6.15622e-05
3.35844e-11	6.18522e-05
3.36553e-11	6.21426e-05
3.37262e-11	6.24332e-05
3.37972e-11	6.27243e-05
3.38681e-11	6.30157e-05
3.3939e-11	6.33074e-05
3.40099e-11	6.35994e-05
3.40809e-11	6.38919e-05
3.41518e-11	6.41846e-05
3.42227e-11	6.44777e-05
3.42937e-11	6.47711e-05
3.43646e-11	6.50649e-05
3.44355e-11	6.53591e-05
3.45064e-11	6.56535e-05
3.45774e-11	6.59483e-05
3.46483e-11	6.62435e-05
3.47192e-11	6.6539e-05
3.47902e-11	6.68348e-05
3.48611e-11	6.7131e-05
3.4932e-11	6.74275e-05
3.50029e-11	6.77244e-05
3.50739e-11	6.80216e-05
3.51448e-11	6.83191e-05
3.52157e-11	6.8617e-05
3.52867e-11	6.89153e-05
3.53576e-11	6.92138e-05
3.54285e-11	6.95127e-05
3.54994e-11	6.9812e-05
3.55704e-11	7.01116e-05
3.56413e-11	7.04115e-05
3.57122e-11	7.07118e-05
3.57831e-11	7.10124e-05
3.58541e-11	7.13133e-05
3.5925e-11	7.16146e-05
3.59959e-11	7.19162e-05
3.60669e-11	7.22182e-05
3.61378e-11	7.25205e-05
3.62087e-11	7.28231e-05
3.62796e-11	7.31261e-05
3.63506e-11	7.34294e-05
3.64215e-11	7.37331e-05
3.64924e-11	7.40371e-05
3.65634e-11	7.43414e-05
3.66343e-11	7.46461e-05
3.67052e-11	7.49511e-05
3.67761e-11	7.52564e-05
3.68471e-11	7.55621e-05
3.6918e-11	7.58681e-05
3.69889e-11	7.61744e-05
3.70598e-11	7.64811e-05
3.71308e-11	7.67881e-05
3.72017e-11	7.70954e-05
3.72726e-11	7.74031e-05
3.73436e-11	7.77111e-05
3.74145e-11	7.80195e-05
3.74854e-11	7.83282e-05
3.75563e-11	7.86372e-05
3.76273e-11	7.89465e-05
3.76982e-11	7.92562e-05
3.77691e-11	7.95662e-05
3.78401e-11	7.98766e-05
3.7911e-11	8.01873e-05
3.79819e-11	8.04983e-05
3.80528e-11	8.08096e-05
3.81238e-11	8.11213e-05
3.81947e-11	8.14333e-05
3.82656e-11	8.17457e-05
3.83366e-11	8.20584e-05
3.84075e-11	8.23713e-05
3.84784e-11	8.26847e-05
3.85493e-11	8.29983e-05
3.86203e-11	8.33123e-05
3.86912e-11	8.36267e-05
3.87621e-11	8.39413e-05
3.8833e-11	8.42563e-05
3.8904e-11	8.45716e-05
3.89749e-11	8.48873e-05
3.90458e-11	8.52032e-05
3.91168e-11	8.55195e-05
3.91877e-11	8.58361e-05
3.92586e-11	8.61531e-05
3.93295e-11	8.64704e-05
3.94005e-11	8.6788e-05
3.94714e-11	8.71059e-05
3.95423e-11	8.74242e-05
3.96133e-11	8.77428e-05
3.96842e-11	8.80617e-05
3.97551e-11	8.83809e-05
3.9826e-11	8.87005e-05
3.9897e-11	8.90203e-05
3.99679e-11	8.93406e-05
4.00388e-11	8.96611e-05
4.01098e-11	8.99819e-05
4.01807e-11	9.03031e-05
4.02516e-11	9.06246e-05
4.03225e-11	9.09465e-05
4.03935e-11	9.12686e-05
4.04644e-11	9.15911e-05
4.05353e-11	9.19139e-05
4.06062e-11	9.2237e-05
4.06772e-11	9.25605e-05
4.07481e-11	9.28842e-05
4.0819e-11	9.32083e-05
4.089e-11	9.35327e-05
4.09609e-11	9.38574e-05
4.10318e-11	9.41825e-05
4.11027e-11	9.45079e-05
4.11737e-11	9.48336e-05
4.12446e-11	9.51596e-05
4.13155e-11	9.54859e-05
4.13865e-11	9.58125e-05
4.14574e-11	9.61395e-05
4.15283e-11	9.64668e-05
4.15992e-11	9.67944e-05
4.16702e-11	9.71223e-05
4.17411e-11	9.74505e-05
4.1812e-11	9.77791e-05
4.18829e-11	9.81079e-05
4.19539e-11	9.84371e-05
4.20248e-11	9.87666e-05
4.20957e-11	9.90964e-05
4.21667e-11	9.94266e-05
4.22376e-11	9.9757e-05
4.23085e-11	0.000100088
4.23794e-11	0.000100419
4.24504e-11	0.00010075
4.25213e-11	0.000101082
4.25922e-11	0.000101414
4.26632e-11	0.000101746
4.27341e-11	0.000102079
4.2805e-11	0.000102412
4.28759e-11	0.000102745
4.29469e-11	0.000103079
4.30178e-11	0.000103413
4.30887e-11	0.000103747
4.31597e-11	0.000104081
4.32306e-11	0.000104416
4.33015e-11	0.000104751
4.33724e-11	0.000105087
4.34434e-11	0.000105422
4.35143e-11	0.000105758
4.35852e-11	0.000106095
4.36561e-11	0.000106432
4.37271e-11	0.000106769
4.3798e-11	0.000107106
4.38689e-11	0.000107443
4.39399e-11	0.000107781
4.40108e-11	0.000108119
4.40817e-11	0.000108458
4.41526e-11	0.000108797
4.42236e-11	0.000109136
4.42945e-11	0.000109475
4.43654e-11	0.000109815
4.44364e-11	0.000110155
4.45073e-11	0.000110495
4.45782e-11	0.000110836
4.46491e-11	0.000111177
4.47201e-11	0.000111518
4.4791e-11	0.00011186
4.48619e-11	0.000112202
4.49329e-11	0.000112544
4.50038e-11	0.000112886
4.50747e-11	0.000113229
4.51456e-11	0.000113572
4.52166e-11	0.000113916
4.52875e-11	0.000114259
4.53584e-11	0.000114603
4.54293e-11	0.000114947
4.55003e-11	0.000115292
4.55712e-11	0.000115637
4.56421e-11	0.000115982
4.57131e-11	0.000116327
4.5784e-11	0.000116673
4.58549e-11	0.000117019
4.59258e-11	0.000117365
4.59968e-11	0.000117712
4.60677e-11	0.000118059
4.61386e-11	0.000118406
4.62096e-11	0.000118754
4.62805e-11	0.000119102
4.63514e-11	0.00011945
4.64223e-11	0.000119798
4.64933e-11	0.000120147
4.65642e-11	0.000120496
4.66351e-11	0.000120845
4.6706e-11	0.000121195
4.6777e-11	0.000121544
4.68479e-11	0.000121895
4.69188e-11	0.000122245
4.69898e-11	0.000122596
4.70607e-11	0.000122947
4.71316e-11	0.000123298
4.72025e-11	0.00012365
4.72735e-11	0.000124002
4.73444e-11	0.000124354
4.74153e-11	0.000124706
4.74863e-11	0.000125059
4.75572e-11	0.000125412
4.76281e-11	0.000125765
4.7699e-11	0.000126119
4.777e-11	0.000126473
4.78409e-11	0.000126827
4.79118e-11	0.000127181
4.79828e-11	0.000127536
4.80537e-11	0.000127891
4.81246e-11	0.000128246
4.81955e-11	0.000128602
4.82665e-11	0.000128958
4.83374e-11	0.000129314
4.84083e-11	0.00012967
4.84792e-11	0.000130027
4.85502e-11	0.000130384
4.86211e-11	0.000130741
4.8692e-11	0.000131099
4.8763e-11	0.000131457
4.88339e-11	0.000131815
4.89048e-11	0.000132173
4.89757e-11	0.000132532
4.90467e-11	0.000132891
4.91176e-11	0.00013325
4.91885e-11	0.000133609
4.92595e-11	0.000133969
4.93304e-11	0.000134329
4.94013e-11	0.00013469
4.94722e-11	0.00013505
4.95432e-11	0.000135411
4.96141e-11	0.000135772
4.9685e-11	0.000136134
4.9756e-11	0.000136495
4.98269e-11	0.000136857
4.98978e-11	0.000137219
4.99687e-11	0.000137582
5.00397e-11	0.000137945
5.01106e-11	0.000138308
5.01815e-11	0.000138671
5.02524e-11	0.000139035
5.03234e-11	0.000139398
5.03943e-11	0.000139763
5.04652e-11	0.000140127
5.05362e-11	0.000140492
5.06071e-11	0.000140856
5.0678e-11	0.000141222
5.07489e-11	0.000141587
5.08199e-11	0.000141953
5.08908e-11	0.000142319
5.09617e-11	0.000142685
5.10327e-11	0.000143051
5.11036e-11	0.000143418
5.11745e-11	0.000143785
5.12454e-11	0.000144152
5.13164e-11	0.00014452
5.13873e-11	0.000144888
5.14582e-11	0.000145256
5.15291e-11	0.000145624
5.16001e-11	0.000145993
5.1671e-11	0.000146362
5.17419e-11	0.000146731
5.18129e-11	0.0001471
5.18838e-11	0.00014747
5.19547e-11	0.000147839
5.20256e-11	0.00014821
5.20966e-11	0.00014858
5.21675e-11	0.000148951
5.22384e-11	0.000149321
5.23094e-11	0.000149693
5.23803e-11	0.000150064
5.24512e-11	0.000150436
5.25221e-11	0.000150807
5.25931e-11	0.00015118
5.2664e-11	0.000151552
5.27349e-11	0.000151925
5.28059e-11	0.000152298
5.28768e-11	0.000152671
5.29477e-11	0.000153044
5.30186e-11	0.000153418
5.30896e-11	0.000153792
5.31605e-11	0.000154166
5.32314e-11	0.00015454
5.33023e-11	0.000154915
5.33733e-11	0.00015529
5.34442e-11	0.000155665
5.35151e-11	0.00015604
5.35861e-11	0.000156416
5.3657e-11	0.000156792
5.37279e-11	0.000157168
5.37988e-11	0.000157544
5.38698e-11	0.000157921
5.39407e-11	0.000158297
5.40116e-11	0.000158674
5.40826e-11	0.000159052
5.41535e-11	0.000159429
5.42244e-11	0.000159807
5.42953e-11	0.000160185
5.43663e-11	0.000160563
5.44372e-11	0.000160942
5.45081e-11	0.00016132
5.45791e-11	0.000161699
5.465e-11	0.000162079
5.47209e-11	0.000162458
5.47918e-11	0.000162838
5.48628e-11	0.000163218
5.49337e-11	0.000163598
5.50046e-11	0.000163978
5.50755e-11	0.000164359
5.51465e-11	0.00016474
5.52174e-11	0.000165121
5.52883e-11	0.000165502
5.53593e-11	0.000165883
5.54302e-11	0.000166265
5.55011e-11	0.000166647
5.5572e-11	0.000167029
5.5643e-11	0.000167412
5.57139e-11	0.000167794
5.57848e-11	0.000168177
5.58558e-11	0.00016856
5.59267e-11	0.000168944
5.59976e-11	0.000169327
5.60685e-11	0.000169711
5.61395e-11	0.000170095
5.62104e-11	0.000170479
5.62813e-11	0.000170864
5.63522e-11	0.000171248
5.64232e-11	0.000171633
5.64941e-11	0.000172018
5.6565e-11	0.000172403
5.6636e-11	0.000172789
5.67069e-11	0.000173175
5.67778e-11	0.000173561
5.68487e-11	0.000173947
5.69197e-11	0.000174333
5.69906e-11	0.00017472
5.70615e-11	0.000175107
5.71325e-11	0.000175494
5.72034e-11	0.000175881
5.72743e-11	0.000176268
5.73452e-11	0.000176656
5.74162e-11	0.000177044
5.74871e-11	0.000177432
5.7558e-11	0.00017782
5.7629e-11	0.000178209
5.76999e-11	0.000178598
5.77708e-11	0.000178986
5.78417e-11	0.000179376
5.79127e-11	0.000179765
5.79836e-11	0.000180154
5.80545e-11	0.000180544
5.81254e-11	0.000180934
5.81964e-11	0.000181324
5.82673e-11	0.000181715
5.83382e-11	0.000182105
5.84092e-11	0.000182496
5.84801e-11	0.000182887
5.8551e-11	0.000183278
5.86219e-11	0.000183669
5.86929e-11	0.000184061
5.87638e-11	0.000184453
5.88347e-11	0.000184845
5.89057e-11	0.000185237
5.89766e-11	0.000185629
5.90475e-11	0.000186022
5.91184e-11	0.000186414
5.91894e-11	0.000186807
5.92603e-11	0.0001872
5.93312e-11	0.000187594
5.94022e-11	0.000187987
5.94731e-11	0.000188381
5.9544e-11	0.000188775
5.96149e-11	0.000189169
5.96859e-11	0.000189563
5.97568e-11	0.000189958
5.98277e-11	0.000190352
5.98986e-11	0.000190747
5.99696e-11	0.000191142
6.00405e-11	0.000191537
6.01114e-11	0.000191933
6.01824e-11	0.000192328
6.02533e-11	0.000192724
6.03242e-11	0.00019312
6.03951e-11	0.000193516
6.04661e-11	0.000193912
6.0537e-11	0.000194309
6.06079e-11	0.000194706
6.06789e-11	0.000195102
6.07498e-11	0.000195499
6.08207e-11	0.000195897
6.08916e-11	0.000196294
6.09626e-11	0.000196691
6.10335e-11	0.000197089
6.11044e-11	0.000197487
6.11753e-11	0.000197885
6.12463e-11	0.000198283
6.13172e-11	0.000198682
6.13881e-11	0.00019908
6.14591e-11	0.000199479
6.153e-11	0.000199878
6.16009e-11	0.000200277
6.16718e-11	0.000200676
6.17428e-11	0.000201076
6.18137e-11	0.000201475
6.18846e-11	0.000201875
6.19556e-11	0.000202275
6.20265e-11	0.000202675
6.20974e-11	0.000203075
6.21683e-11	0.000203476
6.22393e-11	0.000203876
6.23102e-11	0.000204277
6.23811e-11	0.000204678
6.24521e-11	0.000205079
6.2523e-11	0.00020548
6.25939e-11	0.000205882
6.26648e-11	0.000206283
6.27358e-11	0.000206685
6.28067e-11	0.000207087
6.28776e-11	0.000207489
6.29485e-11	0.000207891
6.30195e-11	0.000208293
6.30904e-11	0.000208696
6.31613e-11	0.000209098
6.32323e-11	0.000209501
6.33032e-11	0.000209904
6.33741e-11	0.000210307
6.3445e-11	0.00021071
6.3516e-11	0.000211114
6.35869e-11	0.000211517
6.36578e-11	0.000211921
6.37288e-11	0.000212325
6.37997e-11	0.000212729
6.38706e-11	0.000213133
6.39415e-11	0.000213537
6.40125e-11	0.000213941
6.40834e-11	0.000214346
6.41543e-11	0.000214751
6.42253e-11	0.000215155
6.42962e-11	0.00021556
6.43671e-11	0.000215965
6.4438e-11	0.000216371
6.4509e-11	0.000216776
6.45799e-11	0.000217182
6.46508e-11	0.000217587
6.47217e-11	0.000217993
6.47927e-11	0.000218399
6.48636e-11	0.000218805
6.49345e-11	0.000219211
6.50055e-11	0.000219617
6.50764e-11	0.000220024
6.51473e-11	0.00022043
6.52182e-11	0.000220837
6.52892e-11	0.000221244
6.53601e-11	0.000221651
6.5431e-11	0.000222058
6.5502e-11	0.000222465
6.55729e-11	0.000222872
6.56438e-11	0.00022328
6.57147e-11	0.000223687
6.57857e-11	0.000224095
6.58566e-11	0.000224503
6.59275e-11	0.000224911
6.59984e-11	0.000225319
6.60694e-11	0.000225727
6.61403e-11	0.000226135
6.62112e-11	0.000226544
6.62822e-11	0.000226952
6.63531e-11	0.000227361
6.6424e-11	0.000227769
6.64949e-11	0.000228178
6.65659e-11	0.000228587
6.66368e-11	0.000228996
6.67077e-11	0.000229406
6.67787e-11	0.000229815
6.68496e-11	0.000230224
6.69205e-11	0.000230634
6.69914e-11	0.000231043
6.70624e-11	0.000231453
6.71333e-11	0.000231863
6.72042e-11	0.000232273
6.72752e-11	0.000232683
6.73461e-11	0.000233093
6.7417e-11	0.000233503
6.74879e-11	0.000233914
6.75589e-11	0.000234324
6.76298e-11	0.000234735
6.77007e-11	0.000235145
6.77716e-11	0.000235556
6.78426e-11	0.000235967
6.79135e-11	0.000236378
6.79844e-11	0.000236789
6.80554e-11	0.0002372
6.81263e-11	0.000237611
6.81972e-11	0.000238022
6.82681e-11	0.000238434
6.83391e-11	0.000238845
6.841e-11	0.000239257
6.84809e-11	0.000239669
6.85519e-11	0.00024008
6.86228e-11	0.000240492
6.86937e-11	0.000240904
6.87646e-11	0.000241316
6.88356e-11	0.000241728
6.89065e-11	0.00024214
6.89774e-11	0.000242553
6.90484e-11	0.000242965
6.91193e-11	0.000243377
6.91902e-11	0.00024379
6.92611e-11	0.000244202
6.93321e-11	0.000244615
6.9403e-11	0.000245028
6.94739e-11	0.000245441
6.95448e-11	0.000245853
6.96158e-11	0.000246266
6.96867e-11	0.000246679
6.97576e-11	0.000247092
6.98286e-11	0.000247506
6.98995e-11	0.000247919
6.99704e-11	0.000248332
7.00413e-11	0.000248745
7.01123e-11	0.000249159
7.01832e-11	0.000249572
7.02541e-11	0.000249986
7.03251e-11	0.0002504
7.0396e-11	0.000250813
7.04669e-11	0.000251227
7.05378e-11	0.000251641
7.06088e-11	0.000252055
7.06797e-11	0.000252469
7.07506e-11	0.000252883
7.08215e-11	0.000253297
7.08925e-11	0.000253711
7.09634e-11	0.000254125
7.10343e-11	0.000254539
7.11053e-11	0.000254953
7.11762e-11	0.000255368
7.12471e-11	0.000255782
7.1318e-11	0.000256196
7.1389e-11	0.000256611
7.14599e-11	0.000257025
7.15308e-11	0.00025744
7.16018e-11	0.000257855
7.16727e-11	0.000258269
7.17436e-11	0.000258684
7.18145e-11	0.000259099
7.18855e-11	0.000259513
7.19564e-11	0.000259928
7.20273e-11	0.000260343
7.20983e-11	0.000260758
7.21692e-11	0.000261173
7.22401e-11	0.000261588
7.2311e-11	0.000262003
7.2382e-11	0.000262418
7.24529e-11	0.000262833
7.25238e-11	0.000263248
7.25947e-11	0.000263663
7.26657e-11	0.000264079
7.27366e-11	0.000264494
7.28075e-11	0.000264909
7.28785e-11	0.000265324
7.29494e-11	0.00026574
7.30203e-11	0.000266155
7.30912e-11	0.00026657
7.31622e-11	0.000266986
7.32331e-11	0.000267401
7.3304e-11	0.000267816
7.3375e-11	0.000268232
7.34459e-11	0.000268647
7.35168e-11	0.000269063
7.35877e-11	0.000269478
7.36587e-11	0.000269894
7.37296e-11	0.000270309
7.38005e-11	0.000270725
7.38715e-11	0.00027114
7.39424e-11	0.000271556
7.40133e-11	0.000271971
7.40842e-11	0.000272387
7.41552e-11	0.000272802
7.42261e-11	0.000273218
7.4297e-11	0.000273634
7.43679e-11	0.000274049
7.44389e-11	0.000274465
7.45098e-11	0.00027488
7.45807e-11	0.000275296
7.46517e-11	0.000275712
7.47226e-11	0.000276127
7.47935e-11	0.000276543
7.48644e-11	0.000276959
7.49354e-11	0.000277374
7.50063e-11	0.00027779
7.50772e-11	0.000278205
7.51482e-11	0.000278621
7.52191e-11	0.000279037
7.529e-11	0.000279452
7.53609e-11	0.000279868
7.54319e-11	0.000280283
7.55028e-11	0.000280699
7.55737e-11	0.000281114
7.56446e-11	0.00028153
7.57156e-11	0.000281945
7.57865e-11	0.000282361
7.58574e-11	0.000282776
7.59284e-11	0.000283192
7.59993e-11	0.000283607
7.60702e-11	0.000284023
7.61411e-11	0.000284438
7.62121e-11	0.000284853
7.6283e-11	0.000285269
7.63539e-11	0.000285684
7.64249e-11	0.000286099
7.64958e-11	0.000286515
7.65667e-11	0.00028693
7.66376e-11	0.000287345
7.67086e-11	0.00028776
7.67795e-11	0.000288176
7.68504e-11	0.000288591
7.69214e-11	0.000289006
7.69923e-11	0.000289421
7.70632e-11	0.000289836
7.71341e-11	0.000290251
7.72051e-11	0.000290666
7.7276e-11	0.000291081
7.73469e-11	0.000291495
7.74178e-11	0.00029191
7.74888e-11	0.000292325
7.75597e-11	0.00029274
7.76306e-11	0.000293155
7.77016e-11	0.000293569
7.77725e-11	0.000293984
7.78434e-11	0.000294398
7.79143e-11	0.000294813
7.79853e-11	0.000295227
7.80562e-11	0.000295642
7.81271e-11	0.000296056
7.81981e-11	0.00029647
7.8269e-11	0.000296885
7.83399e-11	0.000297299
7.84108e-11	0.000297713
7.84818e-11	0.000298127
7.85527e-11	0.000298541
7.86236e-11	0.000298955
7.86946e-11	0.000299369
7.87655e-11	0.000299783
7.88364e-11	0.000300196
7.89073e-11	0.00030061
7.89783e-11	0.000301024
7.90492e-11	0.000301437
7.91201e-11	0.000301851
7.9191e-11	0.000302264
7.9262e-11	0.000302677
7.93329e-11	0.000303091
7.94038e-11	0.000303504
7.94748e-11	0.000303917
7.95457e-11	0.00030433
7.96166e-11	0.000304743
7.96875e-11	0.000305156
7.97585e-11	0.000305569
7.98294e-11	0.000305981
7.99003e-11	0.000306394
7.99713e-11	0.000306806
8.00422e-11	0.000307219
8.01131e-11	0.000307631
8.0184e-11	0.000308044
8.0255e-11	0.000308456
8.03259e-11	0.000308868
8.03968e-11	0.00030928
8.04677e-11	0.000309692
8.05387e-11	0.000310104
8.06096e-11	0.000310515
8.06805e-11	0.000310927
8.07515e-11	0.000311339
8.08224e-11	0.00031175
8.08933e-11	0.000312162
8.09642e-11	0.000312573
8.10352e-11	0.000312984
8.11061e-11	0.000313395
8.1177e-11	0.000313806
8.1248e-11	0.000314217
8.13189e-11	0.000314627
8.13898e-11	0.000315038
8.14607e-11	0.000315449
8.15317e-11	0.000315859
8.16026e-11	0.000316269
8.16735e-11	0.000316679
8.17445e-11	0.00031709
8.18154e-11	0.0003175
8.18863e-11	0.000317909
8.19572e-11	0.000318319
8.20282e-11	0.000318729
8.20991e-11	0.000319138
8.217e-11	0.000319547
8.22409e-11	0.000319957
8.23119e-11	0.000320366
8.23828e-11	0.000320775
8.24537e-11	0.000321184
8.25247e-11	0.000321592
8.25956e-11	0.000322001
8.26665e-11	0.000322409
8.27374e-11	0.000322818
8.28084e-11	0.000323226
8.28793e-11	0.000323634
8.29502e-11	0.000324042
8.30212e-11	0.00032445
8.30921e-11	0.000324857
8.3163e-11	0.000325265
8.32339e-11	0.000325672
8.33049e-11	0.000326079
8.33758e-11	0.000326487
8.34467e-11	0.000326894
8.35177e-11	0.0003273
8.35886e-11	0.000327707
8.36595e-11	0.000328113
8.37304e-11	0.00032852
8.38014e-11	0.000328926
8.38723e-11	0.000329332
8.39432e-11	0.000329738
8.40141e-11	0.000330144
8.40851e-11	0.000330549
8.4156e-11	0.000330955
8.42269e-11	0.00033136
8.42979e-11	0.000331765
8.43688e-11	0.00033217
8.44397e-11	0.000332575
8.45106e-11	0.000332979
8.45816e-11	0.000333384
8.46525e-11	0.000333788
8.47234e-11	0.000334192
8.47944e-11	0.000334596
8.48653e-11	0.000335
8.49362e-11	0.000335404
8.50071e-11	0.000335807
8.50781e-11	0.00033621
8.5149e-11	0.000336613
8.52199e-11	0.000337016
8.52908e-11	0.000337419
8.53618e-11	0.000337821
8.54327e-11	0.000338224
8.55036e-11	0.000338626
8.55746e-11	0.000339028
8.56455e-11	0.00033943
8.57164e-11	0.000339831
8.57873e-11	0.000340233
8.58583e-11	0.000340634
8.59292e-11	0.000341035
8.60001e-11	0.000341436
8.60711e-11	0.000341837
8.6142e-11	0.000342237
8.62129e-11	0.000342637
8.62838e-11	0.000343038
8.63548e-11	0.000343437
8.64257e-11	0.000343837
8.64966e-11	0.000344237
8.65676e-11	0.000344636
8.66385e-11	0.000345035
8.67094e-11	0.000345434
8.67803e-11	0.000345832
8.68513e-11	0.000346231
8.69222e-11	0.000346629
8.69931e-11	0.000347027
8.7064e-11	0.000347425
8.7135e-11	0.000347823
8.72059e-11	0.00034822
8.72768e-11	0.000348617
8.73478e-11	0.000349014
8.74187e-11	0.000349411
8.74896e-11	0.000349807
8.75605e-11	0.000350204
8.76315e-11	0.0003506
8.77024e-11	0.000350996
8.77733e-11	0.000351391
8.78443e-11	0.000351787
8.79152e-11	0.000352182
8.79861e-11	0.000352577
8.8057e-11	0.000352971
8.8128e-11	0.000353366
8.81989e-11	0.00035376
8.82698e-11	0.000354154
8.83408e-11	0.000354548
8.84117e-11	0.000354941
8.84826e-11	0.000355335
8.85535e-11	0.000355728
8.86245e-11	0.00035612
8.86954e-11	0.000356513
8.87663e-11	0.000356905
8.88372e-11	0.000357297
8.89082e-11	0.000357689
8.89791e-11	0.000358081
8.905e-11	0.000358472
8.9121e-11	0.000358863
8.91919e-11	0.000359254
8.92628e-11	0.000359644
8.93337e-11	0.000360035
8.94047e-11	0.000360425
8.94756e-11	0.000360814
8.95465e-11	0.000361204
8.96175e-11	0.000361593
8.96884e-11	0.000361982
8.97593e-11	0.000362371
8.98302e-11	0.000362759
8.99012e-11	0.000363147
8.99721e-11	0.000363535
9.0043e-11	0.000363923
9.01139e-11	0.00036431
9.01849e-11	0.000364697
9.02558e-11	0.000365084
9.03267e-11	0.000365471
9.03977e-11	0.000365857
9.04686e-11	0.000366243
9.05395e-11	0.000366629
9.06104e-11	0.000367014
9.06814e-11	0.000367399
9.07523e-11	0.000367784
9.08232e-11	0.000368168
9.08942e-11	0.000368553
9.09651e-11	0.000368937
9.1036e-11	0.00036932
9.11069e-11	0.000369704
9.11779e-11	0.000370087
9.12488e-11	0.00037047
9.13197e-11	0.000370852
9.13907e-11	0.000371234
9.14616e-11	0.000371616
9.15325e-11	0.000371998
9.16034e-11	0.000372379
9.16744e-11	0.00037276
9.17453e-11	0.000373141
9.18162e-11	0.000373521
9.18871e-11	0.000373901
9.19581e-11	0.000374281
9.2029e-11	0.00037466
9.20999e-11	0.000375039
9.21709e-11	0.000375418
9.22418e-11	0.000375797
9.23127e-11	0.000376175
9.23836e-11	0.000376553
9.24546e-11	0.00037693
9.25255e-11	0.000377307
9.25964e-11	0.000377684
9.26674e-11	0.000378061
9.27383e-11	0.000378437
9.28092e-11	0.000378813
9.28801e-11	0.000379188
9.29511e-11	0.000379564
9.3022e-11	0.000379939
9.30929e-11	0.000380313
9.31639e-11	0.000380687
9.32348e-11	0.000381061
9.33057e-11	0.000381435
9.33766e-11	0.000381808
9.34476e-11	0.000382181
9.35185e-11	0.000382553
9.35894e-11	0.000382925
9.36603e-11	0.000383297
9.37313e-11	0.000383669
9.38022e-11	0.00038404
9.38731e-11	0.000384411
9.39441e-11	0.000384781
9.4015e-11	0.000385151
9.40859e-11	0.000385521
9.41568e-11	0.00038589
9.42278e-11	0.000386259
9.42987e-11	0.000386628
9.43696e-11	0.000386996
9.44406e-11	0.000387364
9.45115e-11	0.000387731
9.45824e-11	0.000388099
9.46533e-11	0.000388465
9.47243e-11	0.000388832
9.47952e-11	0.000389198
9.48661e-11	0.000389564
9.4937e-11	0.000389929
9.5008e-11	0.000390294
9.50789e-11	0.000390658
9.51498e-11	0.000391023
9.52208e-11	0.000391386
9.52917e-11	0.00039175
9.53626e-11	0.000392113
9.54335e-11	0.000392475
9.55045e-11	0.000392838
9.55754e-11	0.0003932
9.56463e-11	0.000393561
9.57173e-11	0.000393922
9.57882e-11	0.000394283
9.58591e-11	0.000394643
9.593e-11	0.000395003
9.6001e-11	0.000395362
9.60719e-11	0.000395722
9.61428e-11	0.00039608
9.62138e-11	0.000396439
9.62847e-11	0.000396796
9.63556e-11	0.000397154
9.64265e-11	0.000397511
9.64975e-11	0.000397868
9.65684e-11	0.000398224
9.66393e-11	0.00039858
9.67102e-11	0.000398935
9.67812e-11	0.00039929
9.68521e-11	0.000399645
9.6923e-11	0.000399999
9.6994e-11	0.000400353
9.70649e-11	0.000400706
9.71358e-11	0.000401059
9.72067e-11	0.000401411
9.72777e-11	0.000401763
9.73486e-11	0.000402115
9.74195e-11	0.000402466
9.74905e-11	0.000402817
9.75614e-11	0.000403167
9.76323e-11	0.000403517
9.77032e-11	0.000403867
9.77742e-11	0.000404216
9.78451e-11	0.000404564
9.7916e-11	0.000404912
9.7987e-11	0.00040526
9.80579e-11	0.000405607
9.81288e-11	0.000405954
9.81997e-11	0.000406301
9.82707e-11	0.000406646
9.83416e-11	0.000406992
9.84125e-11	0.000407337
9.84834e-11	0.000407682
9.85544e-11	0.000408026
9.86253e-11	0.000408369
9.86962e-11	0.000408712
9.87672e-11	0.000409055
9.88381e-11	0.000409397
9.8909e-11	0.000409739
9.89799e-11	0.00041008
9.90509e-11	0.000410421
9.91218e-11	0.000410762
9.91927e-11	0.000411102
9.92637e-11	0.000411441
9.93346e-11	0.00041178
9.94055e-11	0.000412119
9.94764e-11	0.000412457
9.95474e-11	0.000412794
9.96183e-11	0.000413131
9.96892e-11	0.000413468
9.97601e-11	0.000413804
9.98311e-11	0.000414139
9.9902e-11	0.000414475
9.99729e-11	0.000414809
1.00044e-10	0.000415143
1.00115e-10	0.000415477
1.00186e-10	0.00041581
1.00257e-10	0.000416143
1.00328e-10	0.000416475
1.00399e-10	0.000416807
1.00469e-10	0.000417138
1.0054e-10	0.000417468
1.00611e-10	0.000417799
1.00682e-10	0.000418128
1.00753e-10	0.000418457
1.00824e-10	0.000418786
1.00895e-10	0.000419114
1.00966e-10	0.000419442
1.01037e-10	0.000419769
1.01108e-10	0.000420095
1.01179e-10	0.000420422
1.0125e-10	0.000420747
1.01321e-10	0.000421072
1.01391e-10	0.000421397
1.01462e-10	0.000421721
1.01533e-10	0.000422044
1.01604e-10	0.000422367
1.01675e-10	0.000422689
1.01746e-10	0.000423011
1.01817e-10	0.000423333
1.01888e-10	0.000423653
1.01959e-10	0.000423974
1.0203e-10	0.000424293
1.02101e-10	0.000424613
1.02172e-10	0.000424931
1.02243e-10	0.000425249
1.02314e-10	0.000425567
1.02384e-10	0.000425884
1.02455e-10	0.0004262
1.02526e-10	0.000426516
1.02597e-10	0.000426832
1.02668e-10	0.000427147
1.02739e-10	0.000427461
1.0281e-10	0.000427774
1.02881e-10	0.000428088
1.02952e-10	0.0004284
1.03023e-10	0.000428712
1.03094e-10	0.000429024
1.03165e-10	0.000429335
1.03236e-10	0.000429645
1.03307e-10	0.000429955
1.03377e-10	0.000430264
1.03448e-10	0.000430573
1.03519e-10	0.000430881
1.0359e-10	0.000431188
1.03661e-10	0.000431495
1.03732e-10	0.000431801
1.03803e-10	0.000432107
1.03874e-10	0.000432412
1.03945e-10	0.000432717
1.04016e-10	0.000433021
1.04087e-10	0.000433324
1.04158e-10	0.000433627
1.04229e-10	0.000433929
1.043e-10	0.000434231
1.0437e-10	0.000434532
1.04441e-10	0.000434832
1.04512e-10	0.000435132
1.04583e-10	0.000435431
1.04654e-10	0.00043573
1.04725e-10	0.000436028
1.04796e-10	0.000436326
1.04867e-10	0.000436622
1.04938e-10	0.000436919
1.05009e-10	0.000437214
1.0508e-10	0.000437509
1.05151e-10	0.000437804
1.05222e-10	0.000438097
1.05293e-10	0.000438391
1.05363e-10	0.000438683
1.05434e-10	0.000438975
1.05505e-10	0.000439266
1.05576e-10	0.000439557
1.05647e-10	0.000439847
1.05718e-10	0.000440137
1.05789e-10	0.000440425
1.0586e-10	0.000440714
1.05931e-10	0.000441001
1.06002e-10	0.000441288
1.06073e-10	0.000441574
1.06144e-10	0.00044186
1.06215e-10	0.000442145
1.06286e-10	0.000442429
1.06356e-10	0.000442713
1.06427e-10	0.000442996
1.06498e-10	0.000443278
1.06569e-10	0.00044356
1.0664e-10	0.000443841
1.06711e-10	0.000444122
1.06782e-10	0.000444402
1.06853e-10	0.000444681
1.06924e-10	0.000444959
1.06995e-10	0.000445237
1.07066e-10	0.000445514
1.07137e-10	0.000445791
1.07208e-10	0.000446067
1.07279e-10	0.000446342
1.07349e-10	0.000446616
1.0742e-10	0.00044689
1.07491e-10	0.000447163
1.07562e-10	0.000447436
1.07633e-10	0.000447708
1.07704e-10	0.000447979
1.07775e-10	0.000448249
1.07846e-10	0.000448519
1.07917e-10	0.000448788
1.07988e-10	0.000449057
1.08059e-10	0.000449324
1.0813e-10	0.000449591
1.08201e-10	0.000449858
1.08272e-10	0.000450124
1.08342e-10	0.000450389
1.08413e-10	0.000450653
1.08484e-10	0.000450916
1.08555e-10	0.000451179
1.08626e-10	0.000451442
1.08697e-10	0.000451703
1.08768e-10	0.000451964
1.08839e-10	0.000452224
1.0891e-10	0.000452483
1.08981e-10	0.000452742
1.09052e-10	0.000453
1.09123e-10	0.000453257
1.09194e-10	0.000453514
1.09264e-10	0.000453769
1.09335e-10	0.000454025
1.09406e-10	0.000454279
1.09477e-10	0.000454533
1.09548e-10	0.000454786
1.09619e-10	0.000455038
1.0969e-10	0.000455289
1.09761e-10	0.00045554
1.09832e-10	0.00045579
1.09903e-10	0.000456039
1.09974e-10	0.000456288
1.10045e-10	0.000456536
1.10116e-10	0.000456783
1.10187e-10	0.000457029
1.10257e-10	0.000457275
1.10328e-10	0.000457519
1.10399e-10	0.000457764
1.1047e-10	0.000458007
1.10541e-10	0.00045825
1.10612e-10	0.000458491
1.10683e-10	0.000458733
1.10754e-10	0.000458973
1.10825e-10	0.000459212
1.10896e-10	0.000459451
1.10967e-10	0.000459689
1.11038e-10	0.000459927
1.11109e-10	0.000460163
1.1118e-10	0.000460399
1.1125e-10	0.000460634
1.11321e-10	0.000460868
1.11392e-10	0.000461102
1.11463e-10	0.000461335
1.11534e-10	0.000461566
1.11605e-10	0.000461798
1.11676e-10	0.000462028
1.11747e-10	0.000462258
1.11818e-10	0.000462486
1.11889e-10	0.000462714
1.1196e-10	0.000462942
1.12031e-10	0.000463168
1.12102e-10	0.000463394
1.12173e-10	0.000463619
1.12243e-10	0.000463843
1.12314e-10	0.000464066
1.12385e-10	0.000464289
1.12456e-10	0.00046451
1.12527e-10	0.000464731
1.12598e-10	0.000464951
1.12669e-10	0.00046517
1.1274e-10	0.000465389
1.12811e-10	0.000465607
1.12882e-10	0.000465823
1.12953e-10	0.00046604
1.13024e-10	0.000466255
1.13095e-10	0.000466469
1.13166e-10	0.000466683
1.13236e-10	0.000466896
1.13307e-10	0.000467108
1.13378e-10	0.000467319
1.13449e-10	0.000467529
1.1352e-10	0.000467738
1.13591e-10	0.000467947
1.13662e-10	0.000468155
1.13733e-10	0.000468362
1.13804e-10	0.000468568
1.13875e-10	0.000468773
1.13946e-10	0.000468978
1.14017e-10	0.000469182
1.14088e-10	0.000469384
1.14159e-10	0.000469586
1.14229e-10	0.000469787
1.143e-10	0.000469988
1.14371e-10	0.000470187
1.14442e-10	0.000470386
1.14513e-10	0.000470583
1.14584e-10	0.00047078
1.14655e-10	0.000470976
1.14726e-10	0.000471171
1.14797e-10	0.000471366
1.14868e-10	0.000471559
1.14939e-10	0.000471752
1.1501e-10	0.000471943
1.15081e-10	0.000472134
1.15152e-10	0.000472324
1.15222e-10	0.000472513
1.15293e-10	0.000472702
1.15364e-10	0.000472889
1.15435e-10	0.000473075
1.15506e-10	0.000473261
1.15577e-10	0.000473446
1.15648e-10	0.000473629
1.15719e-10	0.000473812
1.1579e-10	0.000473994
1.15861e-10	0.000474175
1.15932e-10	0.000474356
1.16003e-10	0.000474535
1.16074e-10	0.000474714
1.16145e-10	0.000474891
1.16215e-10	0.000475068
1.16286e-10	0.000475244
1.16357e-10	0.000475419
1.16428e-10	0.000475593
1.16499e-10	0.000475766
1.1657e-10	0.000475938
1.16641e-10	0.000476109
1.16712e-10	0.000476279
1.16783e-10	0.000476449
1.16854e-10	0.000476617
1.16925e-10	0.000476785
1.16996e-10	0.000476952
1.17067e-10	0.000477117
1.17137e-10	0.000477282
1.17208e-10	0.000477446
1.17279e-10	0.000477609
1.1735e-10	0.000477771
1.17421e-10	0.000477932
1.17492e-10	0.000478092
1.17563e-10	0.000478252
1.17634e-10	0.00047841
1.17705e-10	0.000478567
1.17776e-10	0.000478724
1.17847e-10	0.000478879
1.17918e-10	0.000479034
1.17989e-10	0.000479187
1.1806e-10	0.00047934
1.1813e-10	0.000479492
1.18201e-10	0.000479643
1.18272e-10	0.000479792
1.18343e-10	0.000479941
1.18414e-10	0.000480089
1.18485e-10	0.000480236
1.18556e-10	0.000480382
1.18627e-10	0.000480527
1.18698e-10	0.000480671
1.18769e-10	0.000480814
1.1884e-10	0.000480956
1.18911e-10	0.000481097
1.18982e-10	0.000481238
1.19053e-10	0.000481377
1.19123e-10	0.000481515
1.19194e-10	0.000481652
1.19265e-10	0.000481788
1.19336e-10	0.000481924
1.19407e-10	0.000482058
1.19478e-10	0.000482191
1.19549e-10	0.000482324
1.1962e-10	0.000482455
1.19691e-10	0.000482585
1.19762e-10	0.000482715
1.19833e-10	0.000482843
1.19904e-10	0.00048297
1.19975e-10	0.000483097
1.20046e-10	0.000483222
1.20116e-10	0.000483346
1.20187e-10	0.00048347
1.20258e-10	0.000483592
1.20329e-10	0.000483713
1.204e-10	0.000483834
1.20471e-10	0.000483953
1.20542e-10	0.000484071
1.20613e-10	0.000484188
1.20684e-10	0.000484305
1.20755e-10	0.00048442
1.20826e-10	0.000484534
1.20897e-10	0.000484647
1.20968e-10	0.000484759
1.21039e-10	0.000484871
1.21109e-10	0.000484981
1.2118e-10	0.00048509
1.21251e-10	0.000485198
1.21322e-10	0.000485305
1.21393e-10	0.000485411
1.21464e-10	0.000485516
1.21535e-10	0.000485619
1.21606e-10	0.000485722
1.21677e-10	0.000485824
1.21748e-10	0.000485925
1.21819e-10	0.000486024
1.2189e-10	0.000486123
1.21961e-10	0.000486221
1.22032e-10	0.000486317
1.22102e-10	0.000486413
1.22173e-10	0.000486507
1.22244e-10	0.0004866
1.22315e-10	0.000486693
1.22386e-10	0.000486784
1.22457e-10	0.000486874
1.22528e-10	0.000486963
1.22599e-10	0.000487051
1.2267e-10	0.000487138
1.22741e-10	0.000487224
1.22812e-10	0.000487309
1.22883e-10	0.000487392
1.22954e-10	0.000487475
1.23025e-10	0.000487557
1.23095e-10	0.000487637
1.23166e-10	0.000487716
1.23237e-10	0.000487795
1.23308e-10	0.000487872
1.23379e-10	0.000487948
1.2345e-10	0.000488023
1.23521e-10	0.000488097
1.23592e-10	0.00048817
1.23663e-10	0.000488241
1.23734e-10	0.000488312
1.23805e-10	0.000488381
1.23876e-10	0.00048845
1.23947e-10	0.000488517
1.24018e-10	0.000488583
1.24088e-10	0.000488648
1.24159e-10	0.000488712
1.2423e-10	0.000488775
1.24301e-10	0.000488837
1.24372e-10	0.000488897
1.24443e-10	0.000488957
1.24514e-10	0.000489015
1.24585e-10	0.000489073
1.24656e-10	0.000489129
1.24727e-10	0.000489184
1.24798e-10	0.000489237
1.24869e-10	0.00048929
1.2494e-10	0.000489342
1.2501e-10	0.000489392
1.25081e-10	0.000489441
1.25152e-10	0.00048949
1.25223e-10	0.000489537
1.25294e-10	0.000489582
1.25365e-10	0.000489627
1.25436e-10	0.000489671
1.25507e-10	0.000489713
1.25578e-10	0.000489754
1.25649e-10	0.000489795
1.2572e-10	0.000489833
1.25791e-10	0.000489871
1.25862e-10	0.000489908
1.25933e-10	0.000489943
1.26003e-10	0.000489978
1.26074e-10	0.000490011
1.26145e-10	0.000490043
1.26216e-10	0.000490074
1.26287e-10	0.000490103
1.26358e-10	0.000490132
1.26429e-10	0.000490159
1.265e-10	0.000490185
1.26571e-10	0.00049021
1.26642e-10	0.000490234
1.26713e-10	0.000490256
1.26784e-10	0.000490278
1.26855e-10	0.000490298
1.26926e-10	0.000490317
1.26996e-10	0.000490335
1.27067e-10	0.000490351
1.27138e-10	0.000490367
1.27209e-10	0.000490381
1.2728e-10	0.000490394
1.27351e-10	0.000490406
1.27422e-10	0.000490416
1.27493e-10	0.000490426
1.27564e-10	0.000490434
1.27635e-10	0.000490441
1.27706e-10	0.000490447
1.27777e-10	0.000490451
1.27848e-10	0.000490455
1.27919e-10	0.000490457
1.27989e-10	0.000490458
1.2806e-10	0.000490457
1.28131e-10	0.000490456
1.28202e-10	0.000490453
1.28273e-10	0.000490449
1.28344e-10	0.000490444
1.28415e-10	0.000490437
1.28486e-10	0.00049043
1.28557e-10	0.000490421
1.28628e-10	0.000490411
1.28699e-10	0.000490399
1.2877e-10	0.000490387
1.28841e-10	0.000490373
1.28912e-10	0.000490358
1.28982e-10	0.000490341
1.29053e-10	0.000490324
1.29124e-10	0.000490305
1.29195e-10	0.000490285
1.29266e-10	0.000490263
1.29337e-10	0.000490241
1.29408e-10	0.000490217
1.29479e-10	0.000490192
1.2955e-10	0.000490165
1.29621e-10	0.000490138
1.29692e-10	0.000490109
1.29763e-10	0.000490079
1.29834e-10	0.000490047
1.29905e-10	0.000490014
1.29975e-10	0.00048998
1.30046e-10	0.000489945
1.30117e-10	0.000489909
1.30188e-10	0.000489871
1.30259e-10	0.000489832
1.3033e-10	0.000489791
1.30401e-10	0.000489749
1.30472e-10	0.000489706
1.30543e-10	0.000489662
1.30614e-10	0.000489617
1.30685e-10	0.00048957
1.30756e-10	0.000489522
1.30827e-10	0.000489472
1.30898e-10	0.000489421
1.30968e-10	0.000489369
1.31039e-10	0.000489316
1.3111e-10	0.000489261
1.31181e-10	0.000489205
1.31252e-10	0.000489148
1.31323e-10	0.00048909
1.31394e-10	0.00048903
1.31465e-10	0.000488969
1.31536e-10	0.000488906
1.31607e-10	0.000488842
1.31678e-10	0.000488777
1.31749e-10	0.000488711
1.3182e-10	0.000488643
1.31891e-10	0.000488574
1.31961e-10	0.000488503
1.32032e-10	0.000488431
1.32103e-10	0.000488358
1.32174e-10	0.000488284
1.32245e-10	0.000488208
1.32316e-10	0.000488131
1.32387e-10	0.000488052
1.32458e-10	0.000487973
1.32529e-10	0.000487891
1.326e-10	0.000487809
1.32671e-10	0.000487725
1.32742e-10	0.00048764
1.32813e-10	0.000487553
1.32883e-10	0.000487465
1.32954e-10	0.000487376
1.33025e-10	0.000487286
1.33096e-10	0.000487194
1.33167e-10	0.0004871
1.33238e-10	0.000487006
1.33309e-10	0.00048691
1.3338e-10	0.000486812
1.33451e-10	0.000486713
1.33522e-10	0.000486613
1.33593e-10	0.000486512
1.33664e-10	0.000486409
1.33735e-10	0.000486305
1.33806e-10	0.000486199
1.33876e-10	0.000486092
1.33947e-10	0.000485983
1.34018e-10	0.000485874
1.34089e-10	0.000485762
1.3416e-10	0.00048565
1.34231e-10	0.000485536
1.34302e-10	0.000485421
1.34373e-10	0.000485304
1.34444e-10	0.000485186
1.34515e-10	0.000485066
1.34586e-10	0.000484945
1.34657e-10	0.000484823
1.34728e-10	0.000484699
1.34799e-10	0.000484574
1.34869e-10	0.000484447
1.3494e-10	0.000484319
1.35011e-10	0.00048419
1.35082e-10	0.000484059
1.35153e-10	0.000483927
1.35224e-10	0.000483793
1.35295e-10	0.000483658
1.35366e-10	0.000483522
1.35437e-10	0.000483384
1.35508e-10	0.000483245
1.35579e-10	0.000483104
1.3565e-10	0.000482962
1.35721e-10	0.000482818
1.35792e-10	0.000482673
1.35862e-10	0.000482527
1.35933e-10	0.000482379
1.36004e-10	0.00048223
1.36075e-10	0.000482079
1.36146e-10	0.000481927
1.36217e-10	0.000481773
1.36288e-10	0.000481618
1.36359e-10	0.000481461
1.3643e-10	0.000481303
1.36501e-10	0.000481144
1.36572e-10	0.000480983
1.36643e-10	0.000480821
1.36714e-10	0.000480657
1.36785e-10	0.000480492
1.36855e-10	0.000480325
1.36926e-10	0.000480157
1.36997e-10	0.000479987
1.37068e-10	0.000479816
1.37139e-10	0.000479644
1.3721e-10	0.000479469
1.37281e-10	0.000479294
1.37352e-10	0.000479117
1.37423e-10	0.000478939
1.37494e-10	0.000478759
1.37565e-10	0.000478577
1.37636e-10	0.000478394
1.37707e-10	0.00047821
1.37778e-10	0.000478024
1.37848e-10	0.000477837
1.37919e-10	0.000477648
1.3799e-10	0.000477457
1.38061e-10	0.000477266
1.38132e-10	0.000477072
1.38203e-10	0.000476877
1.38274e-10	0.000476681
1.38345e-10	0.000476483
1.38416e-10	0.000476284
1.38487e-10	0.000476083
1.38558e-10	0.000475881
1.38629e-10	0.000475677
1.387e-10	0.000475472
1.38771e-10	0.000475265
1.38841e-10	0.000475057
1.38912e-10	0.000474847
1.38983e-10	0.000474635
1.39054e-10	0.000474422
1.39125e-10	0.000474208
1.39196e-10	0.000473992
1.39267e-10	0.000473775
1.39338e-10	0.000473555
1.39409e-10	0.000473335
1.3948e-10	0.000473113
1.39551e-10	0.000472889
1.39622e-10	0.000472664
1.39693e-10	0.000472438
1.39764e-10	0.000472209
1.39834e-10	0.00047198
1.39905e-10	0.000471748
1.39976e-10	0.000471516
1.40047e-10	0.000471281
1.40118e-10	0.000471045
1.40189e-10	0.000470808
1.4026e-10	0.000470569
1.40331e-10	0.000470328
1.40402e-10	0.000470086
1.40473e-10	0.000469842
1.40544e-10	0.000469597
1.40615e-10	0.00046935
1.40686e-10	0.000469102
1.40756e-10	0.000468852
1.40827e-10	0.000468601
1.40898e-10	0.000468348
1.40969e-10	0.000468093
1.4104e-10	0.000467837
1.41111e-10	0.000467579
1.41182e-10	0.00046732
1.41253e-10	0.000467059
1.41324e-10	0.000466796
1.41395e-10	0.000466532
1.41466e-10	0.000466267
1.41537e-10	0.000466
1.41608e-10	0.000465731
1.41679e-10	0.00046546
1.41749e-10	0.000465188
1.4182e-10	0.000464915
1.41891e-10	0.00046464
1.41962e-10	0.000464363
1.42033e-10	0.000464085
1.42104e-10	0.000463805
1.42175e-10	0.000463523
1.42246e-10	0.00046324
1.42317e-10	0.000462955
1.42388e-10	0.000462669
1.42459e-10	0.000462381
1.4253e-10	0.000462091
1.42601e-10	0.0004618
1.42672e-10	0.000461507
1.42742e-10	0.000461213
1.42813e-10	0.000460917
1.42884e-10	0.000460619
1.42955e-10	0.00046032
1.43026e-10	0.000460019
1.43097e-10	0.000459717
1.43168e-10	0.000459412
1.43239e-10	0.000459107
1.4331e-10	0.000458799
1.43381e-10	0.00045849
1.43452e-10	0.00045818
1.43523e-10	0.000457867
1.43594e-10	0.000457554
1.43665e-10	0.000457238
1.43735e-10	0.000456921
1.43806e-10	0.000456602
1.43877e-10	0.000456281
1.43948e-10	0.000455959
1.44019e-10	0.000455636
1.4409e-10	0.00045531
1.44161e-10	0.000454983
1.44232e-10	0.000454654
1.44303e-10	0.000454324
1.44374e-10	0.000453992
1.44445e-10	0.000453658
1.44516e-10	0.000453323
1.44587e-10	0.000452986
1.44658e-10	0.000452647
1.44728e-10	0.000452307
1.44799e-10	0.000451965
1.4487e-10	0.000451621
1.44941e-10	0.000451276
1.45012e-10	0.000450929
1.45083e-10	0.00045058
1.45154e-10	0.00045023
1.45225e-10	0.000449878
1.45296e-10	0.000449524
1.45367e-10	0.000449169
1.45438e-10	0.000448812
1.45509e-10	0.000448453
1.4558e-10	0.000448093
1.45651e-10	0.000447731
1.45721e-10	0.000447367
1.45792e-10	0.000447001
1.45863e-10	0.000446634
1.45934e-10	0.000446265
1.46005e-10	0.000445895
1.46076e-10	0.000445523
1.46147e-10	0.000445149
1.46218e-10	0.000444773
1.46289e-10	0.000444396
1.4636e-10	0.000444017
1.46431e-10	0.000443636
1.46502e-10	0.000443253
1.46573e-10	0.000442869
1.46644e-10	0.000442483
1.46714e-10	0.000442096
1.46785e-10	0.000441706
1.46856e-10	0.000441315
1.46927e-10	0.000440922
1.46998e-10	0.000440528
1.47069e-10	0.000440132
1.4714e-10	0.000439734
1.47211e-10	0.000439334
1.47282e-10	0.000438933
1.47353e-10	0.00043853
1.47424e-10	0.000438125
1.47495e-10	0.000437718
1.47566e-10	0.00043731
1.47637e-10	0.0004369
1.47707e-10	0.000436488
1.47778e-10	0.000436075
1.47849e-10	0.000435659
1.4792e-10	0.000435242
1.47991e-10	0.000434824
1.48062e-10	0.000434403
1.48133e-10	0.000433981
1.48204e-10	0.000433557
1.48275e-10	0.000433131
1.48346e-10	0.000432704
1.48417e-10	0.000432275
1.48488e-10	0.000431844
1.48559e-10	0.000431411
1.4863e-10	0.000430976
1.487e-10	0.00043054
1.48771e-10	0.000430102
1.48842e-10	0.000429662
1.48913e-10	0.000429221
1.48984e-10	0.000428778
1.49055e-10	0.000428332
1.49126e-10	0.000427886
1.49197e-10	0.000427437
1.49268e-10	0.000426987
1.49339e-10	0.000426534
1.4941e-10	0.00042608
1.49481e-10	0.000425625
1.49552e-10	0.000425167
1.49622e-10	0.000424708
1.49693e-10	0.000424247
1.49764e-10	0.000423784
1.49835e-10	0.000423319
1.49906e-10	0.000422853
1.49977e-10	0.000422385
1.50048e-10	0.000421915
1.50119e-10	0.000421443
1.5019e-10	0.000420969
1.50261e-10	0.000420494
1.50332e-10	0.000420017
1.50403e-10	0.000419538
1.50474e-10	0.000419057
1.50545e-10	0.000418574
1.50615e-10	0.00041809
1.50686e-10	0.000417604
1.50757e-10	0.000417116
1.50828e-10	0.000416626
1.50899e-10	0.000416134
1.5097e-10	0.000415641
1.51041e-10	0.000415146
1.51112e-10	0.000414649
1.51183e-10	0.00041415
1.51254e-10	0.000413649
1.51325e-10	0.000413146
1.51396e-10	0.000412642
1.51467e-10	0.000412136
1.51538e-10	0.000411628
1.51608e-10	0.000411118
1.51679e-10	0.000410606
1.5175e-10	0.000410093
1.51821e-10	0.000409578
1.51892e-10	0.00040906
1.51963e-10	0.000408541
1.52034e-10	0.000408021
1.52105e-10	0.000407498
1.52176e-10	0.000406973
1.52247e-10	0.000406447
1.52318e-10	0.000405919
1.52389e-10	0.000405389
1.5246e-10	0.000404857
1.52531e-10	0.000404323
1.52601e-10	0.000403788
1.52672e-10	0.00040325
1.52743e-10	0.000402711
1.52814e-10	0.00040217
1.52885e-10	0.000401627
1.52956e-10	0.000401082
1.53027e-10	0.000400535
1.53098e-10	0.000399987
1.53169e-10	0.000399437
1.5324e-10	0.000398884
1.53311e-10	0.00039833
1.53382e-10	0.000397774
1.53453e-10	0.000397216
1.53524e-10	0.000396657
1.53594e-10	0.000396095
1.53665e-10	0.000395531
1.53736e-10	0.000394966
1.53807e-10	0.000394399
1.53878e-10	0.00039383
1.53949e-10	0.000393259
1.5402e-10	0.000392686
1.54091e-10	0.000392111
1.54162e-10	0.000391535
1.54233e-10	0.000390956
1.54304e-10	0.000390376
1.54375e-10	0.000389793
1.54446e-10	0.000389209
1.54517e-10	0.000388623
1.54587e-10	0.000388035
1.54658e-10	0.000387445
1.54729e-10	0.000386854
1.548e-10	0.00038626
1.54871e-10	0.000385664
1.54942e-10	0.000385067
1.55013e-10	0.000384468
1.55084e-10	0.000383867
1.55155e-10	0.000383263
1.55226e-10	0.000382658
1.55297e-10	0.000382051
1.55368e-10	0.000381443
1.55439e-10	0.000380832
1.5551e-10	0.000380219
1.5558e-10	0.000379605
1.55651e-10	0.000378988
1.55722e-10	0.00037837
1.55793e-10	0.000377749
1.55864e-10	0.000377127
1.55935e-10	0.000376503
1.56006e-10	0.000375877
1.56077e-10	0.000375249
1.56148e-10	0.000374619
1.56219e-10	0.000373987
1.5629e-10	0.000373353
1.56361e-10	0.000372718
1.56432e-10	0.00037208
1.56503e-10	0.000371441
1.56573e-10	0.000370799
1.56644e-10	0.000370156
1.56715e-10	0.00036951
1.56786e-10	0.000368863
1.56857e-10	0.000368214
1.56928e-10	0.000367563
1.56999e-10	0.00036691
1.5707e-10	0.000366254
1.57141e-10	0.000365597
1.57212e-10	0.000364939
1.57283e-10	0.000364278
1.57354e-10	0.000363615
1.57425e-10	0.00036295
1.57495e-10	0.000362283
1.57566e-10	0.000361615
1.57637e-10	0.000360944
1.57708e-10	0.000360271
1.57779e-10	0.000359597
1.5785e-10	0.00035892
1.57921e-10	0.000358242
1.57992e-10	0.000357562
1.58063e-10	0.000356879
1.58134e-10	0.000356195
1.58205e-10	0.000355509
1.58276e-10	0.00035482
1.58347e-10	0.00035413
1.58418e-10	0.000353438
1.58488e-10	0.000352744
1.58559e-10	0.000352048
1.5863e-10	0.00035135
1.58701e-10	0.000350649
1.58772e-10	0.000349947
1.58843e-10	0.000349243
1.58914e-10	0.000348537
1.58985e-10	0.000347829
1.59056e-10	0.00034712
1.59127e-10	0.000346408
1.59198e-10	0.000345694
1.59269e-10	0.000344978
1.5934e-10	0.00034426
1.59411e-10	0.00034354
1.59481e-10	0.000342818
1.59552e-10	0.000342094
1.59623e-10	0.000341368
1.59694e-10	0.000340641
1.59765e-10	0.000339911
1.59836e-10	0.000339179
1.59907e-10	0.000338445
1.59978e-10	0.000337709
1.60049e-10	0.000336972
1.6012e-10	0.000336232
1.60191e-10	0.00033549
1.60262e-10	0.000334746
1.60333e-10	0.000334
1.60404e-10	0.000333253
1.60474e-10	0.000332503
1.60545e-10	0.000331751
1.60616e-10	0.000330997
1.60687e-10	0.000330241
1.60758e-10	0.000329484
1.60829e-10	0.000328724
1.609e-10	0.000327962
1.60971e-10	0.000327198
1.61042e-10	0.000326432
1.61113e-10	0.000325664
1.61184e-10	0.000324894
1.61255e-10	0.000324122
1.61326e-10	0.000323348
1.61397e-10	0.000322572
1.61467e-10	0.000321794
1.61538e-10	0.000321014
1.61609e-10	0.000320232
1.6168e-10	0.000319448
1.61751e-10	0.000318662
1.61822e-10	0.000317874
1.61893e-10	0.000317084
1.61964e-10	0.000316292
1.62035e-10	0.000315498
1.62106e-10	0.000314701
1.62177e-10	0.000313903
1.62248e-10	0.000313103
1.62319e-10	0.0003123
1.6239e-10	0.000311496
1.6246e-10	0.00031069
1.62531e-10	0.000309881
1.62602e-10	0.000309071
1.62673e-10	0.000308258
1.62744e-10	0.000307444
1.62815e-10	0.000306627
1.62886e-10	0.000305808
1.62957e-10	0.000304988
1.63028e-10	0.000304165
1.63099e-10	0.00030334
1.6317e-10	0.000302513
1.63241e-10	0.000301684
1.63312e-10	0.000300853
1.63383e-10	0.00030002
1.63453e-10	0.000299185
1.63524e-10	0.000298348
1.63595e-10	0.000297509
1.63666e-10	0.000296668
1.63737e-10	0.000295824
1.63808e-10	0.000294979
1.63879e-10	0.000294131
1.6395e-10	0.000293282
1.64021e-10	0.00029243
1.64092e-10	0.000291577
1.64163e-10	0.000290721
1.64234e-10	0.000289863
1.64305e-10	0.000289004
1.64376e-10	0.000288142
1.64446e-10	0.000287278
1.64517e-10	0.000286412
1.64588e-10	0.000285544
1.64659e-10	0.000284674
1.6473e-10	0.000283801
1.64801e-10	0.000282927
1.64872e-10	0.000282051
1.64943e-10	0.000281172
1.65014e-10	0.000280292
1.65085e-10	0.000279409
1.65156e-10	0.000278524
1.65227e-10	0.000277638
1.65298e-10	0.000276749
1.65368e-10	0.000275858
1.65439e-10	0.000274965
1.6551e-10	0.00027407
1.65581e-10	0.000273173
1.65652e-10	0.000272273
1.65723e-10	0.000271372
1.65794e-10	0.000270469
1.65865e-10	0.000269563
1.65936e-10	0.000268655
1.66007e-10	0.000267746
1.66078e-10	0.000266834
1.66149e-10	0.00026592
1.6622e-10	0.000265004
1.66291e-10	0.000264086
1.66361e-10	0.000263166
1.66432e-10	0.000262243
1.66503e-10	0.000261319
1.66574e-10	0.000260393
1.66645e-10	0.000259464
1.66716e-10	0.000258533
1.66787e-10	0.000257601
1.66858e-10	0.000256666
1.66929e-10	0.000255729
1.67e-10	0.00025479
1.67071e-10	0.000253848
1.67142e-10	0.000252905
1.67213e-10	0.00025196
1.67284e-10	0.000251012
1.67354e-10	0.000250063
1.67425e-10	0.000249111
1.67496e-10	0.000248157
1.67567e-10	0.000247201
1.67638e-10	0.000246243
1.67709e-10	0.000245283
1.6778e-10	0.00024432
1.67851e-10	0.000243356
1.67922e-10	0.00024239
1.67993e-10	0.000241421
1.68064e-10	0.00024045
1.68135e-10	0.000239477
1.68206e-10	0.000238502
1.68277e-10	0.000237525
1.68347e-10	0.000236546
1.68418e-10	0.000235565
1.68489e-10	0.000234581
1.6856e-10	0.000233595
1.68631e-10	0.000232608
1.68702e-10	0.000231618
1.68773e-10	0.000230626
1.68844e-10	0.000229632
1.68915e-10	0.000228636
1.68986e-10	0.000227637
1.69057e-10	0.000226637
1.69128e-10	0.000225634
1.69199e-10	0.000224629
1.6927e-10	0.000223622
1.6934e-10	0.000222613
1.69411e-10	0.000221602
1.69482e-10	0.000220589
1.69553e-10	0.000219574
1.69624e-10	0.000218556
1.69695e-10	0.000217536
1.69766e-10	0.000216515
1.69837e-10	0.000215491
1.69908e-10	0.000214465
1.69979e-10	0.000213436
1.7005e-10	0.000212406
1.70121e-10	0.000211373
1.70192e-10	0.000210339
1.70263e-10	0.000209302
1.70333e-10	0.000208263
1.70404e-10	0.000207222
1.70475e-10	0.000206179
1.70546e-10	0.000205133
1.70617e-10	0.000204086
1.70688e-10	0.000203036
1.70759e-10	0.000201984
1.7083e-10	0.00020093
1.70901e-10	0.000199874
1.70972e-10	0.000198816
1.71043e-10	0.000197756
1.71114e-10	0.000196693
1.71185e-10	0.000195628
1.71256e-10	0.000194561
1.71326e-10	0.000193492
1.71397e-10	0.000192421
1.71468e-10	0.000191348
1.71539e-10	0.000190272
1.7161e-10	0.000189195
1.71681e-10	0.000188115
1.71752e-10	0.000187033
1.71823e-10	0.000185949
1.71894e-10	0.000184863
1.71965e-10	0.000183774
1.72036e-10	0.000182684
1.72107e-10	0.000181591
1.72178e-10	0.000180496
1.72249e-10	0.000179399
1.72319e-10	0.0001783
1.7239e-10	0.000177198
1.72461e-10	0.000176095
1.72532e-10	0.000174989
1.72603e-10	0.000173881
1.72674e-10	0.000172771
1.72745e-10	0.000171659
1.72816e-10	0.000170545
1.72887e-10	0.000169428
1.72958e-10	0.00016831
1.73029e-10	0.000167189
1.731e-10	0.000166066
1.73171e-10	0.00016494
1.73241e-10	0.000163813
1.73312e-10	0.000162684
1.73383e-10	0.000161552
1.73454e-10	0.000160418
1.73525e-10	0.000159282
1.73596e-10	0.000158144
1.73667e-10	0.000157003
1.73738e-10	0.000155861
1.73809e-10	0.000154716
1.7388e-10	0.000153569
1.73951e-10	0.00015242
1.74022e-10	0.000151269
1.74093e-10	0.000150115
1.74164e-10	0.00014896
1.74234e-10	0.000147802
1.74305e-10	0.000146642
1.74376e-10	0.00014548
1.74447e-10	0.000144316
1.74518e-10	0.000143149
1.74589e-10	0.000141981
1.7466e-10	0.00014081
1.74731e-10	0.000139637
1.74802e-10	0.000138462
1.74873e-10	0.000137284
1.74944e-10	0.000136105
1.75015e-10	0.000134923
1.75086e-10	0.000133739
1.75157e-10	0.000132553
1.75227e-10	0.000131365
1.75298e-10	0.000130174
1.75369e-10	0.000128982
1.7544e-10	0.000127787
1.75511e-10	0.00012659
1.75582e-10	0.000125391
1.75653e-10	0.000124189
1.75724e-10	0.000122986
1.75795e-10	0.00012178
1.75866e-10	0.000120572
1.75937e-10	0.000119362
1.76008e-10	0.00011815
1.76079e-10	0.000116935
1.7615e-10	0.000115718
1.7622e-10	0.0001145
1.76291e-10	0.000113279
1.76362e-10	0.000112055
1.76433e-10	0.00011083
1.76504e-10	0.000109602
1.76575e-10	0.000108373
1.76646e-10	0.000107141
1.76717e-10	0.000105906
1.76788e-10	0.00010467
1.76859e-10	0.000103432
1.7693e-10	0.000102191
1.77001e-10	0.000100948
1.77072e-10	9.97027e-05
1.77143e-10	9.84554e-05
1.77213e-10	9.72059e-05
1.77284e-10	9.59543e-05
1.77355e-10	9.47004e-05
1.77426e-10	9.34443e-05
1.77497e-10	9.21861e-05
1.77568e-10	9.09256e-05
1.77639e-10	8.9663e-05
1.7771e-10	8.83981e-05
1.77781e-10	8.71311e-05
1.77852e-10	8.58619e-05
1.77923e-10	8.45905e-05
1.77994e-10	8.33169e-05
1.78065e-10	8.20411e-05
1.78136e-10	8.07631e-05
1.78206e-10	7.94829e-05
1.78277e-10	7.82005e-05
1.78348e-10	7.69159e-05
1.78419e-10	7.56292e-05
1.7849e-10	7.43402e-05
1.78561e-10	7.30491e-05
1.78632e-10	7.17557e-05
1.78703e-10	7.04602e-05
1.78774e-10	6.91624e-05
1.78845e-10	6.78625e-05
1.78916e-10	6.65603e-05
1.78987e-10	6.5256e-05
1.79058e-10	6.39495e-05
1.79129e-10	6.26408e-05
1.79199e-10	6.13299e-05
1.7927e-10	6.00168e-05
1.79341e-10	5.87014e-05
1.79412e-10	5.73839e-05
1.79483e-10	5.60642e-05
1.79554e-10	5.47424e-05
1.79625e-10	5.34183e-05
1.79696e-10	5.2092e-05
1.79767e-10	5.07635e-05
1.79838e-10	4.94328e-05
1.79909e-10	4.80999e-05
1.7998e-10	4.67649e-05
1.80051e-10	4.54276e-05
1.80122e-10	4.40881e-05
1.80192e-10	4.27465e-05
1.80263e-10	4.14026e-05
1.80334e-10	4.00565e-05
1.80405e-10	3.87083e-05
1.80476e-10	3.73578e-05
1.80547e-10	3.60052e-05
1.80618e-10	3.46504e-05
1.80689e-10	3.32933e-05
1.8076e-10	3.19341e-05
1.80831e-10	3.05726e-05
1.80902e-10	2.9209e-05
1.80973e-10	2.78432e-05
1.81044e-10	2.64752e-05
1.81114e-10	2.51049e-05
1.81185e-10	2.37325e-05
1.81256e-10	2.23579e-05
1.81327e-10	2.09811e-05
1.81398e-10	1.96021e-05
1.81469e-10	1.82209e-05
1.8154e-10	1.68375e-05
1.81611e-10	1.54519e-05
1.81682e-10	1.40641e-05
1.81753e-10	1.26741e-05
1.81824e-10	1.12819e-05
1.81895e-10	9.88754e-06
1.81966e-10	8.49096e-06
1.82037e-10	7.09219e-06
1.82107e-10	5.69122e-06
1.82178e-10	4.28806e-06
1.82249e-10	2.8827e-06
1.8232e-10	1.47514e-06
1.82391e-10	6.53947e-08
1.82462e-10	-1.34655e-06
1.82533e-10	-2.76069e-06
1.82604e-10	-4.17702e-06
1.82675e-10	-5.59555e-06
1.82746e-10	-7.01627e-06
1.82817e-10	-8.43919e-06
1.82888e-10	-9.8643e-06
1.82959e-10	-1.12916e-05
1.8303e-10	-1.27211e-05
1.831e-10	-1.41528e-05
1.83171e-10	-1.55867e-05
1.83242e-10	-1.70227e-05
1.83313e-10	-1.8461e-05
1.83384e-10	-1.99015e-05
1.83455e-10	-2.13441e-05
1.83526e-10	-2.2789e-05
1.83597e-10	-2.4236e-05
1.83668e-10	-2.56852e-05
1.83739e-10	-2.71367e-05
1.8381e-10	-2.85903e-05
1.83881e-10	-3.00461e-05
1.83952e-10	-3.15041e-05
1.84023e-10	-3.29643e-05
1.84093e-10	-3.44266e-05
1.84164e-10	-3.58912e-05
1.84235e-10	-3.73579e-05
1.84306e-10	-3.88269e-05
1.84377e-10	-4.0298e-05
1.84448e-10	-4.17713e-05
1.84519e-10	-4.32468e-05
1.8459e-10	-4.47245e-05
1.84661e-10	-4.62044e-05
1.84732e-10	-4.76865e-05
1.84803e-10	-4.91707e-05
1.84874e-10	-5.06572e-05
1.84945e-10	-5.21458e-05
1.85016e-10	-5.36366e-05
1.85086e-10	-5.51296e-05
1.85157e-10	-5.66248e-05
1.85228e-10	-5.81222e-05
1.85299e-10	-5.96217e-05
1.8537e-10	-6.11235e-05
1.85441e-10	-6.26274e-05
1.85512e-10	-6.41335e-05
1.85583e-10	-6.56418e-05
1.85654e-10	-6.71523e-05
1.85725e-10	-6.86649e-05
1.85796e-10	-7.01797e-05
1.85867e-10	-7.16968e-05
1.85938e-10	-7.3216e-05
1.86009e-10	-7.47373e-05
1.86079e-10	-7.62609e-05
1.8615e-10	-7.77866e-05
1.86221e-10	-7.93145e-05
1.86292e-10	-8.08446e-05
1.86363e-10	-8.23769e-05
1.86434e-10	-8.39113e-05
1.86505e-10	-8.5448e-05
1.86576e-10	-8.69868e-05
1.86647e-10	-8.85277e-05
1.86718e-10	-9.00709e-05
1.86789e-10	-9.16162e-05
1.8686e-10	-9.31637e-05
1.86931e-10	-9.47134e-05
1.87002e-10	-9.62652e-05
1.87072e-10	-9.78193e-05
1.87143e-10	-9.93754e-05
1.87214e-10	-0.000100934
1.87285e-10	-0.000102494
1.87356e-10	-0.000104057
1.87427e-10	-0.000105622
1.87498e-10	-0.000107189
1.87569e-10	-0.000108758
1.8764e-10	-0.00011033
1.87711e-10	-0.000111903
1.87782e-10	-0.000113479
1.87853e-10	-0.000115057
1.87924e-10	-0.000116637
1.87995e-10	-0.000118219
1.88065e-10	-0.000119803
1.88136e-10	-0.00012139
1.88207e-10	-0.000122979
1.88278e-10	-0.000124569
1.88349e-10	-0.000126163
1.8842e-10	-0.000127758
1.88491e-10	-0.000129355
1.88562e-10	-0.000130955
1.88633e-10	-0.000132556
1.88704e-10	-0.00013416
1.88775e-10	-0.000135766
1.88846e-10	-0.000137374
1.88917e-10	-0.000138984
1.88987e-10	-0.000140597
1.89058e-10	-0.000142212
1.89129e-10	-0.000143828
1.892e-10	-0.000145447
1.89271e-10	-0.000147068
1.89342e-10	-0.000148692
1.89413e-10	-0.000150317
1.89484e-10	-0.000151944
1.89555e-10	-0.000153574
1.89626e-10	-0.000155206
1.89697e-10	-0.00015684
1.89768e-10	-0.000158476
1.89839e-10	-0.000160114
1.8991e-10	-0.000161755
1.8998e-10	-0.000163397
1.90051e-10	-0.000165042
1.90122e-10	-0.000166689
1.90193e-10	-0.000168338
1.90264e-10	-0.000169989
1.90335e-10	-0.000171642
1.90406e-10	-0.000173298
1.90477e-10	-0.000174955
1.90548e-10	-0.000176615
1.90619e-10	-0.000178277
1.9069e-10	-0.000179941
1.90761e-10	-0.000181607
1.90832e-10	-0.000183275
1.90903e-10	-0.000184945
1.90973e-10	-0.000186618
1.91044e-10	-0.000188293
1.91115e-10	-0.000189969
1.91186e-10	-0.000191648
1.91257e-10	-0.000193329
1.91328e-10	-0.000195012
1.91399e-10	-0.000196698
1.9147e-10	-0.000198385
1.91541e-10	-0.000200075
1.91612e-10	-0.000201766
1.91683e-10	-0.00020346
1.91754e-10	-0.000205156
1.91825e-10	-0.000206854
1.91896e-10	-0.000208554
1.91966e-10	-0.000210257
1.92037e-10	-0.000211961
1.92108e-10	-0.000213667
1.92179e-10	-0.000215376
1.9225e-10	-0.000217087
1.92321e-10	-0.0002188
1.92392e-10	-0.000220515
1.92463e-10	-0.000222232
1.92534e-10	-0.000223951
1.92605e-10	-0.000225672
1.92676e-10	-0.000227396
1.92747e-10	-0.000229121
1.92818e-10	-0.000230849
1.92889e-10	-0.000232579
1.92959e-10	-0.00023431
1.9303e-10	-0.000236044
1.93101e-10	-0.00023778
1.93172e-10	-0.000239519
1.93243e-10	-0.000241259
1.93314e-10	-0.000243001
1.93385e-10	-0.000244746
1.93456e-10	-0.000246492
1.93527e-10	-0.000248241
1.93598e-10	-0.000249992
1.93669e-10	-0.000251744
1.9374e-10	-0.000253499
1.93811e-10	-0.000255256
1.93882e-10	-0.000257016
1.93952e-10	-0.000258777
1.94023e-10	-0.00026054
1.94094e-10	-0.000262305
1.94165e-10	-0.000264073
1.94236e-10	-0.000265842
1.94307e-10	-0.000267614
1.94378e-10	-0.000269388
1.94449e-10	-0.000271164
1.9452e-10	-0.000272942
1.94591e-10	-0.000274721
1.94662e-10	-0.000276504
1.94733e-10	-0.000278288
1.94804e-10	-0.000280074
1.94875e-10	-0.000281862
1.94945e-10	-0.000283652
1.95016e-10	-0.000285445
1.95087e-10	-0.000287239
1.95158e-10	-0.000289036
1.95229e-10	-0.000290834
1.953e-10	-0.000292635
1.95371e-10	-0.000294438
1.95442e-10	-0.000296243
1.95513e-10	-0.00029805
1.95584e-10	-0.000299858
1.95655e-10	-0.000301669
1.95726e-10	-0.000303482
1.95797e-10	-0.000305298
1.95868e-10	-0.000307115
1.95938e-10	-0.000308934
1.96009e-10	-0.000310755
1.9608e-10	-0.000312579
1.96151e-10	-0.000314404
1.96222e-10	-0.000316231
1.96293e-10	-0.000318061
1.96364e-10	-0.000319892
1.96435e-10	-0.000321726
1.96506e-10	-0.000323561
1.96577e-10	-0.000325399
1.96648e-10	-0.000327239
1.96719e-10	-0.00032908
1.9679e-10	-0.000330924
1.96861e-10	-0.00033277
1.96931e-10	-0.000334618
1.97002e-10	-0.000336468
1.97073e-10	-0.000338319
1.97144e-10	-0.000340173
1.97215e-10	-0.000342029
1.97286e-10	-0.000343887
1.97357e-10	-0.000345747
1.97428e-10	-0.000347609
1.97499e-10	-0.000349473
1.9757e-10	-0.000351339
1.97641e-10	-0.000353207
1.97712e-10	-0.000355077
1.97783e-10	-0.000356949
1.97853e-10	-0.000358824
1.97924e-10	-0.0003607
1.97995e-10	-0.000362578
1.98066e-10	-0.000364458
1.98137e-10	-0.00036634
1.98208e-10	-0.000368224
1.98279e-10	-0.00037011
1.9835e-10	-0.000371999
1.98421e-10	-0.000373889
1.98492e-10	-0.000375781
1.98563e-10	-0.000377675
1.98634e-10	-0.000379571
1.98705e-10	-0.000381469
1.98776e-10	-0.000383369
1.98846e-10	-0.000385272
1.98917e-10	-0.000387176
1.98988e-10	-0.000389082
1.99059e-10	-0.00039099
1.9913e-10	-0.0003929
1.99201e-10	-0.000394812
1.99272e-10	-0.000396726
1.99343e-10	-0.000398642
1.99414e-10	-0.00040056
1.99485e-10	-0.00040248
1.99556e-10	-0.000404402
1.99627e-10	-0.000406326
1.99698e-10	-0.000408252
1.99769e-10	-0.00041018
1.99839e-10	-0.000412109
1.9991e-10	-0.000414041
1.99981e-10	-0.000415975
2.00052e-10	-0.000417911
2.00123e-10	-0.000419848
2.00194e-10	-0.000421788
2.00265e-10	-0.000423729
2.00336e-10	-0.000425673
2.00407e-10	-0.000427618
2.00478e-10	-0.000429566
2.00549e-10	-0.000431515
2.0062e-10	-0.000433467
2.00691e-10	-0.00043542
2.00762e-10	-0.000437375
2.00832e-10	-0.000439332
2.00903e-10	-0.000441291
2.00974e-10	-0.000443252
2.01045e-10	-0.000445215
2.01116e-10	-0.00044718
2.01187e-10	-0.000449147
2.01258e-10	-0.000451116
2.01329e-10	-0.000453086
2.014e-10	-0.000455059
2.01471e-10	-0.000457033
2.01542e-10	-0.00045901
2.01613e-10	-0.000460988
2.01684e-10	-0.000462969
2.01755e-10	-0.000464951
2.01825e-10	-0.000466935
2.01896e-10	-0.000468921
2.01967e-10	-0.000470909
2.02038e-10	-0.000472899
2.02109e-10	-0.00047489
2.0218e-10	-0.000476884
2.02251e-10	-0.00047888
2.02322e-10	-0.000480877
2.02393e-10	-0.000482876
2.02464e-10	-0.000484878
2.02535e-10	-0.000486881
2.02606e-10	-0.000488886
2.02677e-10	-0.000490893
2.02748e-10	-0.000492901
2.02818e-10	-0.000494912
2.02889e-10	-0.000496925
2.0296e-10	-0.000498939
2.03031e-10	-0.000500955
2.03102e-10	-0.000502974
2.03173e-10	-0.000504994
2.03244e-10	-0.000507016
2.03315e-10	-0.000509039
2.03386e-10	-0.000511065
2.03457e-10	-0.000513093
2.03528e-10	-0.000515122
2.03599e-10	-0.000517153
2.0367e-10	-0.000519186
2.03741e-10	-0.000521221
2.03811e-10	-0.000523258
2.03882e-10	-0.000525297
2.03953e-10	-0.000527337
2.04024e-10	-0.00052938
2.04095e-10	-0.000531424
2.04166e-10	-0.00053347
2.04237e-10	-0.000535518
2.04308e-10	-0.000537568
2.04379e-10	-0.000539619
2.0445e-10	-0.000541673
2.04521e-10	-0.000543728
2.04592e-10	-0.000545785
2.04663e-10	-0.000547844
2.04734e-10	-0.000549905
2.04804e-10	-0.000551967
2.04875e-10	-0.000554032
2.04946e-10	-0.000556098
2.05017e-10	-0.000558166
2.05088e-10	-0.000560236
2.05159e-10	-0.000562307
2.0523e-10	-0.000564381
2.05301e-10	-0.000566456
2.05372e-10	-0.000568533
2.05443e-10	-0.000570612
2.05514e-10	-0.000572692
2.05585e-10	-0.000574775
2.05656e-10	-0.000576859
2.05726e-10	-0.000578945
2.05797e-10	-0.000581033
2.05868e-10	-0.000583122
2.05939e-10	-0.000585214
2.0601e-10	-0.000587307
2.06081e-10	-0.000589402
2.06152e-10	-0.000591498
2.06223e-10	-0.000593597
2.06294e-10	-0.000595697
2.06365e-10	-0.000597799
2.06436e-10	-0.000599903
2.06507e-10	-0.000602008
2.06578e-10	-0.000604116
2.06649e-10	-0.000606225
2.06719e-10	-0.000608336
2.0679e-10	-0.000610448
2.06861e-10	-0.000612563
2.06932e-10	-0.000614679
2.07003e-10	-0.000616796
2.07074e-10	-0.000618916
2.07145e-10	-0.000621037
2.07216e-10	-0.00062316
2.07287e-10	-0.000625285
2.07358e-10	-0.000627412
2.07429e-10	-0.00062954
2.075e-10	-0.00063167
2.07571e-10	-0.000633801
2.07642e-10	-0.000635935
2.07712e-10	-0.00063807
2.07783e-10	-0.000640207
2.07854e-10	-0.000642345
2.07925e-10	-0.000644486
2.07996e-10	-0.000646628
2.08067e-10	-0.000648771
2.08138e-10	-0.000650917
2.08209e-10	-0.000653064
2.0828e-10	-0.000655212
2.08351e-10	-0.000657363
2.08422e-10	-0.000659515
2.08493e-10	-0.000661669
2.08564e-10	-0.000663824
2.08635e-10	-0.000665982
2.08705e-10	-0.000668141
2.08776e-10	-0.000670301
2.08847e-10	-0.000672463
2.08918e-10	-0.000674627
2.08989e-10	-0.000676793
2.0906e-10	-0.00067896
2.09131e-10	-0.000681129
2.09202e-10	-0.0006833
2.09273e-10	-0.000685472
2.09344e-10	-0.000687646
2.09415e-10	-0.000689821
2.09486e-10	-0.000691999
2.09557e-10	-0.000694177
2.09628e-10	-0.000696358
2.09698e-10	-0.00069854
2.09769e-10	-0.000700724
2.0984e-10	-0.000702909
2.09911e-10	-0.000705096
2.09982e-10	-0.000707285
2.10053e-10	-0.000709475
2.10124e-10	-0.000711667
2.10195e-10	-0.000713861
2.10266e-10	-0.000716056
2.10337e-10	-0.000718253
2.10408e-10	-0.000720451
2.10479e-10	-0.000722651
2.1055e-10	-0.000724853
2.10621e-10	-0.000727056
2.10691e-10	-0.000729261
2.10762e-10	-0.000731467
2.10833e-10	-0.000733675
2.10904e-10	-0.000735884
2.10975e-10	-0.000738096
2.11046e-10	-0.000740308
2.11117e-10	-0.000742523
2.11188e-10	-0.000744739
2.11259e-10	-0.000746956
2.1133e-10	-0.000749175
2.11401e-10	-0.000751396
2.11472e-10	-0.000753618
2.11543e-10	-0.000755842
2.11614e-10	-0.000758067
2.11684e-10	-0.000760294
2.11755e-10	-0.000762522
2.11826e-10	-0.000764752
2.11897e-10	-0.000766984
2.11968e-10	-0.000769217
2.12039e-10	-0.000771451
2.1211e-10	-0.000773688
2.12181e-10	-0.000775925
2.12252e-10	-0.000778164
2.12323e-10	-0.000780405
2.12394e-10	-0.000782647
2.12465e-10	-0.000784891
2.12536e-10	-0.000787136
2.12607e-10	-0.000789383
2.12677e-10	-0.000791632
2.12748e-10	-0.000793881
2.12819e-10	-0.000796133
2.1289e-10	-0.000798385
2.12961e-10	-0.00080064
2.13032e-10	-0.000802896
2.13103e-10	-0.000805153
2.13174e-10	-0.000807412
2.13245e-10	-0.000809672
2.13316e-10	-0.000811934
2.13387e-10	-0.000814197
2.13458e-10	-0.000816462
2.13529e-10	-0.000818728
2.13599e-10	-0.000820996
2.1367e-10	-0.000823265
2.13741e-10	-0.000825535
2.13812e-10	-0.000827807
2.13883e-10	-0.000830081
2.13954e-10	-0.000832356
2.14025e-10	-0.000834632
2.14096e-10	-0.00083691
2.14167e-10	-0.000839189
2.14238e-10	-0.00084147
2.14309e-10	-0.000843752
2.1438e-10	-0.000846036
2.14451e-10	-0.000848321
2.14522e-10	-0.000850607
2.14592e-10	-0.000852895
2.14663e-10	-0.000855184
2.14734e-10	-0.000857475
2.14805e-10	-0.000859767
2.14876e-10	-0.000862061
2.14947e-10	-0.000864355
2.15018e-10	-0.000866652
2.15089e-10	-0.000868949
2.1516e-10	-0.000871249
2.15231e-10	-0.000873549
2.15302e-10	-0.000875851
2.15373e-10	-0.000878154
2.15444e-10	-0.000880459
2.15515e-10	-0.000882765
2.15585e-10	-0.000885072
2.15656e-10	-0.000887381
2.15727e-10	-0.000889691
2.15798e-10	-0.000892002
2.15869e-10	-0.000894315
2.1594e-10	-0.000896629
2.16011e-10	-0.000898945
2.16082e-10	-0.000901262
2.16153e-10	-0.00090358
2.16224e-10	-0.000905899
2.16295e-10	-0.00090822
2.16366e-10	-0.000910542
2.16437e-10	-0.000912866
2.16508e-10	-0.000915191
2.16578e-10	-0.000917517
2.16649e-10	-0.000919844
2.1672e-10	-0.000922173
2.16791e-10	-0.000924503
2.16862e-10	-0.000926835
2.16933e-10	-0.000929167
2.17004e-10	-0.000931501
2.17075e-10	-0.000933837
2.17146e-10	-0.000936173
2.17217e-10	-0.000938511
2.17288e-10	-0.00094085
2.17359e-10	-0.000943191
2.1743e-10	-0.000945532
2.17501e-10	-0.000947875
2.17571e-10	-0.00095022
2.17642e-10	-0.000952565
2.17713e-10	-0.000954912
2.17784e-10	-0.00095726
2.17855e-10	-0.000959609
2.17926e-10	-0.00096196
2.17997e-10	-0.000964311
2.18068e-10	-0.000966664
2.18139e-10	-0.000969018
2.1821e-10	-0.000971374
2.18281e-10	-0.000973731
2.18352e-10	-0.000976089
2.18423e-10	-0.000978448
2.18494e-10	-0.000980808
2.18564e-10	-0.000983169
2.18635e-10	-0.000985532
2.18706e-10	-0.000987896
2.18777e-10	-0.000990261
2.18848e-10	-0.000992628
2.18919e-10	-0.000994995
2.1899e-10	-0.000997364
2.19061e-10	-0.000999734
2.19132e-10	-0.0010021
2.19203e-10	-0.00100448
2.19274e-10	-0.00100685
2.19345e-10	-0.00100923
2.19416e-10	-0.0010116
2.19487e-10	-0.00101398
2.19557e-10	-0.00101636
2.19628e-10	-0.00101873
2.19699e-10	-0.00102112
2.1977e-10	-0.0010235
2.19841e-10	-0.00102588
2.19912e-10	-0.00102826
2.19983e-10	-0.00103065
2.20054e-10	-0.00103303
2.20125e-10	-0.00103542
2.20196e-10	-0.00103781
2.20267e-10	-0.0010402
2.20338e-10	-0.00104259
2.20409e-10	-0.00104498
2.2048e-10	-0.00104737
2.2055e-10	-0.00104977
2.20621e-10	-0.00105216
2.20692e-10	-0.00105456
2.20763e-10	-0.00105696
2.20834e-10	-0.00105935
2.20905e-10	-0.00106175
2.20976e-10	-0.00106415
2.21047e-10	-0.00106655
2.21118e-10	-0.00106896
2.21189e-10	-0.00107136
2.2126e-10	-0.00107376
2.21331e-10	-0.00107617
2.21402e-10	-0.00107858
2.21472e-10	-0.00108098
2.21543e-10	-0.00108339
2.21614e-10	-0.0010858
2.21685e-10	-0.00108821
2.21756e-10	-0.00109063
2.21827e-10	-0.00109304
2.21898e-10	-0.00109545
2.21969e-10	-0.00109787
2.2204e-10	-0.00110028
2.22111e-10	-0.0011027
2.22182e-10	-0.00110512
2.22253e-10	-0.00110754
2.22324e-10	-0.00110996
2.22395e-10	-0.00111238
2.22465e-10	-0.0011148
2.22536e-10	-0.00111722
2.22607e-10	-0.00111964
2.22678e-10	-0.00112207
2.22749e-10	-0.00112449
2.2282e-10	-0.00112692
2.22891e-10	-0.00112935
2.22962e-10	-0.00113178
2.23033e-10	-0.00113421
2.23104e-10	-0.00113664
2.23175e-10	-0.00113907
2.23246e-10	-0.0011415
2.23317e-10	-0.00114393
2.23388e-10	-0.00114637
2.23458e-10	-0.0011488
2.23529e-10	-0.00115124
2.236e-10	-0.00115367
2.23671e-10	-0.00115611
2.23742e-10	-0.00115855
2.23813e-10	-0.00116099
2.23884e-10	-0.00116343
2.23955e-10	-0.00116587
2.24026e-10	-0.00116831
2.24097e-10	-0.00117076
2.24168e-10	-0.0011732
2.24239e-10	-0.00117565
2.2431e-10	-0.00117809
2.24381e-10	-0.00118054
2.24451e-10	-0.00118298
2.24522e-10	-0.00118543
2.24593e-10	-0.00118788
2.24664e-10	-0.00119033
2.24735e-10	-0.00119278
2.24806e-10	-0.00119523
2.24877e-10	-0.00119769
2.24948e-10	-0.00120014
2.25019e-10	-0.00120259
2.2509e-10	-0.00120505
2.25161e-10	-0.0012075
2.25232e-10	-0.00120996
2.25303e-10	-0.00121242
2.25374e-10	-0.00121487
2.25444e-10	-0.00121733
2.25515e-10	-0.00121979
2.25586e-10	-0.00122225
2.25657e-10	-0.00122471
2.25728e-10	-0.00122718
2.25799e-10	-0.00122964
2.2587e-10	-0.0012321
2.25941e-10	-0.00123456
2.26012e-10	-0.00123703
2.26083e-10	-0.0012395
2.26154e-10	-0.00124196
2.26225e-10	-0.00124443
2.26296e-10	-0.0012469
2.26367e-10	-0.00124936
2.26437e-10	-0.00125183
2.26508e-10	-0.0012543
2.26579e-10	-0.00125677
2.2665e-10	-0.00125924
2.26721e-10	-0.00126172
2.26792e-10	-0.00126419
2.26863e-10	-0.00126666
2.26934e-10	-0.00126914
2.27005e-10	-0.00127161
2.27076e-10	-0.00127409
2.27147e-10	-0.00127656
2.27218e-10	-0.00127904
2.27289e-10	-0.00128152
2.2736e-10	-0.00128399
2.2743e-10	-0.00128647
2.27501e-10	-0.00128895
2.27572e-10	-0.00129143
2.27643e-10	-0.00129391
2.27714e-10	-0.00129639
2.27785e-10	-0.00129887
2.27856e-10	-0.00130136
2.27927e-10	-0.00130384
2.27998e-10	-0.00130632
2.28069e-10	-0.00130881
2.2814e-10	-0.00131129
2.28211e-10	-0.00131378
2.28282e-10	-0.00131626
2.28353e-10	-0.00131875
2.28423e-10	-0.00132124
2.28494e-10	-0.00132372
2.28565e-10	-0.00132621
2.28636e-10	-0.0013287
2.28707e-10	-0.00133119
2.28778e-10	-0.00133368
2.28849e-10	-0.00133617
2.2892e-10	-0.00133866
2.28991e-10	-0.00134115
2.29062e-10	-0.00134364
2.29133e-10	-0.00134614
2.29204e-10	-0.00134863
2.29275e-10	-0.00135112
2.29345e-10	-0.00135362
2.29416e-10	-0.00135611
2.29487e-10	-0.00135861
2.29558e-10	-0.0013611
2.29629e-10	-0.0013636
2.297e-10	-0.00136609
2.29771e-10	-0.00136859
2.29842e-10	-0.00137109
2.29913e-10	-0.00137359
2.29984e-10	-0.00137608
2.30055e-10	-0.00137858
2.30126e-10	-0.00138108
2.30197e-10	-0.00138358
2.30268e-10	-0.00138608
2.30338e-10	-0.00138858
2.30409e-10	-0.00139108
2.3048e-10	-0.00139358
2.30551e-10	-0.00139609
2.30622e-10	-0.00139859
2.30693e-10	-0.00140109
2.30764e-10	-0.00140359
2.30835e-10	-0.0014061
2.30906e-10	-0.0014086
2.30977e-10	-0.0014111
2.31048e-10	-0.00141361
2.31119e-10	-0.00141611
2.3119e-10	-0.00141862
2.31261e-10	-0.00142112
2.31331e-10	-0.00142363
2.31402e-10	-0.00142614
2.31473e-10	-0.00142864
2.31544e-10	-0.00143115
2.31615e-10	-0.00143366
2.31686e-10	-0.00143616
2.31757e-10	-0.00143867
2.31828e-10	-0.00144118
2.31899e-10	-0.00144369
2.3197e-10	-0.0014462
2.32041e-10	-0.00144871
2.32112e-10	-0.00145121
2.32183e-10	-0.00145372
2.32254e-10	-0.00145623
2.32324e-10	-0.00145874
2.32395e-10	-0.00146125
2.32466e-10	-0.00146376
2.32537e-10	-0.00146628
2.32608e-10	-0.00146879
2.32679e-10	-0.0014713
2.3275e-10	-0.00147381
2.32821e-10	-0.00147632
2.32892e-10	-0.00147883
2.32963e-10	-0.00148135
2.33034e-10	-0.00148386
2.33105e-10	-0.00148637
2.33176e-10	-0.00148888
2.33247e-10	-0.0014914
2.33317e-10	-0.00149391
2.33388e-10	-0.00149642
2.33459e-10	-0.00149894
2.3353e-10	-0.00150145
2.33601e-10	-0.00150396
2.33672e-10	-0.00150648
2.33743e-10	-0.00150899
2.33814e-10	-0.00151151
2.33885e-10	-0.00151402
2.33956e-10	-0.00151654
2.34027e-10	-0.00151905
2.34098e-10	-0.00152157
2.34169e-10	-0.00152408
2.3424e-10	-0.0015266
2.3431e-10	-0.00152911
2.34381e-10	-0.00153163
2.34452e-10	-0.00153414
2.34523e-10	-0.00153666
2.34594e-10	-0.00153917
2.34665e-10	-0.00154169
2.34736e-10	-0.00154421
2.34807e-10	-0.00154672
2.34878e-10	-0.00154924
2.34949e-10	-0.00155175
2.3502e-10	-0.00155427
2.35091e-10	-0.00155679
2.35162e-10	-0.0015593
2.35233e-10	-0.00156182
2.35303e-10	-0.00156433
2.35374e-10	-0.00156685
2.35445e-10	-0.00156937
2.35516e-10	-0.00157188
2.35587e-10	-0.0015744
2.35658e-10	-0.00157691
2.35729e-10	-0.00157943
2.358e-10	-0.00158195
2.35871e-10	-0.00158446
2.35942e-10	-0.00158698
2.36013e-10	-0.00158949
2.36084e-10	-0.00159201
2.36155e-10	-0.00159453
2.36226e-10	-0.00159704
2.36296e-10	-0.00159956
2.36367e-10	-0.00160207
2.36438e-10	-0.00160459
2.36509e-10	-0.0016071
2.3658e-10	-0.00160962
2.36651e-10	-0.00161214
2.36722e-10	-0.00161465
2.36793e-10	-0.00161717
2.36864e-10	-0.00161968
2.36935e-10	-0.0016222
2.37006e-10	-0.00162471
2.37077e-10	-0.00162722
2.37148e-10	-0.00162974
2.37218e-10	-0.00163225
2.37289e-10	-0.00163477
2.3736e-10	-0.00163728
2.37431e-10	-0.0016398
2.37502e-10	-0.00164231
2.37573e-10	-0.00164482
2.37644e-10	-0.00164734
2.37715e-10	-0.00164985
2.37786e-10	-0.00165236
2.37857e-10	-0.00165488
2.37928e-10	-0.00165739
2.37999e-10	-0.0016599
2.3807e-10	-0.00166241
2.38141e-10	-0.00166492
2.38211e-10	-0.00166744
2.38282e-10	-0.00166995
2.38353e-10	-0.00167246
2.38424e-10	-0.00167497
2.38495e-10	-0.00167748
2.38566e-10	-0.00167999
2.38637e-10	-0.0016825
2.38708e-10	-0.00168501
2.38779e-10	-0.00168752
2.3885e-10	-0.00169003
2.38921e-10	-0.00169254
2.38992e-10	-0.00169505
2.39063e-10	-0.00169755
2.39134e-10	-0.00170006
2.39204e-10	-0.00170257
2.39275e-10	-0.00170508
2.39346e-10	-0.00170758
2.39417e-10	-0.00171009
2.39488e-10	-0.0017126
2.39559e-10	-0.0017151
2.3963e-10	-0.00171761
2.39701e-10	-0.00172011
2.39772e-10	-0.00172262
2.39843e-10	-0.00172512
2.39914e-10	-0.00172763
2.39985e-10	-0.00173013
2.40056e-10	-0.00173263
2.40127e-10	-0.00173514
2.40197e-10	-0.00173764
2.40268e-10	-0.00174014
2.40339e-10	-0.00174264
2.4041e-10	-0.00174514
2.40481e-10	-0.00174764
2.40552e-10	-0.00175014
2.40623e-10	-0.00175264
2.40694e-10	-0.00175514
2.40765e-10	-0.00175764
2.40836e-10	-0.00176014
2.40907e-10	-0.00176264
2.40978e-10	-0.00176514
2.41049e-10	-0.00176763
2.4112e-10	-0.00177013
2.4119e-10	-0.00177263
2.41261e-10	-0.00177512
2.41332e-10	-0.00177762
2.41403e-10	-0.00178011
2.41474e-10	-0.0017826
2.41545e-10	-0.0017851
2.41616e-10	-0.00178759
2.41687e-10	-0.00179008
2.41758e-10	-0.00179257
2.41829e-10	-0.00179506
2.419e-10	-0.00179755
2.41971e-10	-0.00180004
2.42042e-10	-0.00180253
2.42113e-10	-0.00180502
2.42183e-10	-0.00180751
2.42254e-10	-0.00181
2.42325e-10	-0.00181248
2.42396e-10	-0.00181497
2.42467e-10	-0.00181745
2.42538e-10	-0.00181994
2.42609e-10	-0.00182242
2.4268e-10	-0.00182491
2.42751e-10	-0.00182739
2.42822e-10	-0.00182987
2.42893e-10	-0.00183235
2.42964e-10	-0.00183483
2.43035e-10	-0.00183731
2.43106e-10	-0.00183979
2.43176e-10	-0.00184227
2.43247e-10	-0.00184475
2.43318e-10	-0.00184723
2.43389e-10	-0.0018497
2.4346e-10	-0.00185218
2.43531e-10	-0.00185465
2.43602e-10	-0.00185713
2.43673e-10	-0.0018596
2.43744e-10	-0.00186207
2.43815e-10	-0.00186454
2.43886e-10	-0.00186702
2.43957e-10	-0.00186949
2.44028e-10	-0.00187196
2.44099e-10	-0.00187442
2.44169e-10	-0.00187689
2.4424e-10	-0.00187936
2.44311e-10	-0.00188183
2.44382e-10	-0.00188429
2.44453e-10	-0.00188676
2.44524e-10	-0.00188922
2.44595e-10	-0.00189168
2.44666e-10	-0.00189414
2.44737e-10	-0.00189661
2.44808e-10	-0.00189907
2.44879e-10	-0.00190153
2.4495e-10	-0.00190398
2.45021e-10	-0.00190644
2.45092e-10	-0.0019089
2.45162e-10	-0.00191135
2.45233e-10	-0.00191381
2.45304e-10	-0.00191626
2.45375e-10	-0.00191872
2.45446e-10	-0.00192117
2.45517e-10	-0.00192362
2.45588e-10	-0.00192607
2.45659e-10	-0.00192852
2.4573e-10	-0.00193097
2.45801e-10	-0.00193342
2.45872e-10	-0.00193586
2.45943e-10	-0.00193831
2.46014e-10	-0.00194075
2.46084e-10	-0.0019432
2.46155e-10	-0.00194564
2.46226e-10	-0.00194808
2.46297e-10	-0.00195052
2.46368e-10	-0.00195296
2.46439e-10	-0.0019554
2.4651e-10	-0.00195783
2.46581e-10	-0.00196027
2.46652e-10	-0.00196271
2.46723e-10	-0.00196514
2.46794e-10	-0.00196757
2.46865e-10	-0.00197
2.46936e-10	-0.00197244
2.47007e-10	-0.00197486
2.47077e-10	-0.00197729
2.47148e-10	-0.00197972
2.47219e-10	-0.00198215
2.4729e-10	-0.00198457
2.47361e-10	-0.001987
2.47432e-10	-0.00198942
2.47503e-10	-0.00199184
2.47574e-10	-0.00199426
2.47645e-10	-0.00199668
2.47716e-10	-0.0019991
2.47787e-10	-0.00200152
2.47858e-10	-0.00200393
2.47929e-10	-0.00200635
2.48e-10	-0.00200876
2.4807e-10	-0.00201117
2.48141e-10	-0.00201358
2.48212e-10	-0.00201599
2.48283e-10	-0.0020184
2.48354e-10	-0.00202081
2.48425e-10	-0.00202322
2.48496e-10	-0.00202562
2.48567e-10	-0.00202802
2.48638e-10	-0.00203043
2.48709e-10	-0.00203283
2.4878e-10	-0.00203523
2.48851e-10	-0.00203762
2.48922e-10	-0.00204002
2.48993e-10	-0.00204242
2.49063e-10	-0.00204481
2.49134e-10	-0.00204721
2.49205e-10	-0.0020496
2.49276e-10	-0.00205199
2.49347e-10	-0.00205438
2.49418e-10	-0.00205676
2.49489e-10	-0.00205915
2.4956e-10	-0.00206154
2.49631e-10	-0.00206392
2.49702e-10	-0.0020663
2.49773e-10	-0.00206868
2.49844e-10	-0.00207106
2.49915e-10	-0.00207344
2.49986e-10	-0.00207582
2.50056e-10	-0.00207819
2.50127e-10	-0.00208057
2.50198e-10	-0.00208294
2.50269e-10	-0.00208531
2.5034e-10	-0.00208768
2.50411e-10	-0.00209005
2.50482e-10	-0.00209241
2.50553e-10	-0.00209478
2.50624e-10	-0.00209714
2.50695e-10	-0.0020995
2.50766e-10	-0.00210186
2.50837e-10	-0.00210422
2.50908e-10	-0.00210658
2.50979e-10	-0.00210893
2.51049e-10	-0.00211129
2.5112e-10	-0.00211364
2.51191e-10	-0.00211599
2.51262e-10	-0.00211834
2.51333e-10	-0.00212069
2.51404e-10	-0.00212304
2.51475e-10	-0.00212538
2.51546e-10	-0.00212773
2.51617e-10	-0.00213007
2.51688e-10	-0.00213241
2.51759e-10	-0.00213475
2.5183e-10	-0.00213708
2.51901e-10	-0.00213942
2.51972e-10	-0.00214175
2.52042e-10	-0.00214408
2.52113e-10	-0.00214641
2.52184e-10	-0.00214874
2.52255e-10	-0.00215107
2.52326e-10	-0.00215339
2.52397e-10	-0.00215572
2.52468e-10	-0.00215804
2.52539e-10	-0.00216036
2.5261e-10	-0.00216268
2.52681e-10	-0.002165
2.52752e-10	-0.00216731
2.52823e-10	-0.00216962
2.52894e-10	-0.00217193
2.52965e-10	-0.00217424
2.53035e-10	-0.00217655
2.53106e-10	-0.00217886
2.53177e-10	-0.00218116
2.53248e-10	-0.00218347
2.53319e-10	-0.00218577
2.5339e-10	-0.00218807
2.53461e-10	-0.00219036
2.53532e-10	-0.00219266
2.53603e-10	-0.00219495
2.53674e-10	-0.00219724
2.53745e-10	-0.00219953
2.53816e-10	-0.00220182
2.53887e-10	-0.00220411
2.53957e-10	-0.00220639
2.54028e-10	-0.00220867
2.54099e-10	-0.00221095
2.5417e-10	-0.00221323
2.54241e-10	-0.00221551
2.54312e-10	-0.00221778
2.54383e-10	-0.00222006
2.54454e-10	-0.00222233
2.54525e-10	-0.0022246
2.54596e-10	-0.00222686
2.54667e-10	-0.00222913
2.54738e-10	-0.00223139
2.54809e-10	-0.00223365
2.5488e-10	-0.00223591
2.5495e-10	-0.00223817
2.55021e-10	-0.00224043
2.55092e-10	-0.00224268
2.55163e-10	-0.00224493
2.55234e-10	-0.00224718
2.55305e-10	-0.00224943
2.55376e-10	-0.00225167
2.55447e-10	-0.00225391
2.55518e-10	-0.00225616
2.55589e-10	-0.00225839
2.5566e-10	-0.00226063
2.55731e-10	-0.00226287
2.55802e-10	-0.0022651
2.55873e-10	-0.00226733
2.55943e-10	-0.00226956
2.56014e-10	-0.00227178
2.56085e-10	-0.00227401
2.56156e-10	-0.00227623
2.56227e-10	-0.00227845
2.56298e-10	-0.00228067
2.56369e-10	-0.00228288
2.5644e-10	-0.0022851
2.56511e-10	-0.00228731
2.56582e-10	-0.00228952
2.56653e-10	-0.00229173
2.56724e-10	-0.00229393
2.56795e-10	-0.00229613
2.56866e-10	-0.00229833
2.56936e-10	-0.00230053
2.57007e-10	-0.00230273
2.57078e-10	-0.00230492
2.57149e-10	-0.00230711
2.5722e-10	-0.0023093
2.57291e-10	-0.00231149
2.57362e-10	-0.00231367
2.57433e-10	-0.00231586
2.57504e-10	-0.00231804
2.57575e-10	-0.00232021
2.57646e-10	-0.00232239
2.57717e-10	-0.00232456
2.57788e-10	-0.00232673
2.57859e-10	-0.0023289
2.57929e-10	-0.00233107
2.58e-10	-0.00233323
2.58071e-10	-0.00233539
2.58142e-10	-0.00233755
2.58213e-10	-0.00233971
2.58284e-10	-0.00234186
2.58355e-10	-0.00234402
2.58426e-10	-0.00234617
2.58497e-10	-0.00234831
2.58568e-10	-0.00235046
2.58639e-10	-0.0023526
2.5871e-10	-0.00235474
2.58781e-10	-0.00235688
2.58852e-10	-0.00235901
2.58922e-10	-0.00236114
2.58993e-10	-0.00236327
2.59064e-10	-0.0023654
2.59135e-10	-0.00236753
2.59206e-10	-0.00236965
2.59277e-10	-0.00237177
2.59348e-10	-0.00237389
2.59419e-10	-0.002376
2.5949e-10	-0.00237811
2.59561e-10	-0.00238022
2.59632e-10	-0.00238233
2.59703e-10	-0.00238444
2.59774e-10	-0.00238654
2.59845e-10	-0.00238864
2.59915e-10	-0.00239074
2.59986e-10	-0.00239283
2.60057e-10	-0.00239492
2.60128e-10	-0.00239701
2.60199e-10	-0.0023991
2.6027e-10	-0.00240118
2.60341e-10	-0.00240326
2.60412e-10	-0.00240534
2.60483e-10	-0.00240742
2.60554e-10	-0.00240949
2.60625e-10	-0.00241156
2.60696e-10	-0.00241363
2.60767e-10	-0.0024157
2.60838e-10	-0.00241776
2.60908e-10	-0.00241982
2.60979e-10	-0.00242188
2.6105e-10	-0.00242393
2.61121e-10	-0.00242598
2.61192e-10	-0.00242803
2.61263e-10	-0.00243008
2.61334e-10	-0.00243212
2.61405e-10	-0.00243416
2.61476e-10	-0.0024362
2.61547e-10	-0.00243824
2.61618e-10	-0.00244027
2.61689e-10	-0.0024423
2.6176e-10	-0.00244433
2.6183e-10	-0.00244635
2.61901e-10	-0.00244837
2.61972e-10	-0.00245039
2.62043e-10	-0.0024524
2.62114e-10	-0.00245442
2.62185e-10	-0.00245643
2.62256e-10	-0.00245843
2.62327e-10	-0.00246044
2.62398e-10	-0.00246244
2.62469e-10	-0.00246444
2.6254e-10	-0.00246643
2.62611e-10	-0.00246842
2.62682e-10	-0.00247041
2.62753e-10	-0.0024724
2.62823e-10	-0.00247438
2.62894e-10	-0.00247636
2.62965e-10	-0.00247834
2.63036e-10	-0.00248032
2.63107e-10	-0.00248229
2.63178e-10	-0.00248426
2.63249e-10	-0.00248622
2.6332e-10	-0.00248818
2.63391e-10	-0.00249014
2.63462e-10	-0.0024921
2.63533e-10	-0.00249405
2.63604e-10	-0.00249601
2.63675e-10	-0.00249795
2.63746e-10	-0.0024999
2.63816e-10	-0.00250184
2.63887e-10	-0.00250378
2.63958e-10	-0.00250571
2.64029e-10	-0.00250764
2.641e-10	-0.00250957
2.64171e-10	-0.0025115
2.64242e-10	-0.00251342
2.64313e-10	-0.00251534
2.64384e-10	-0.00251726
2.64455e-10	-0.00251917
2.64526e-10	-0.00252108
2.64597e-10	-0.00252299
2.64668e-10	-0.00252489
2.64739e-10	-0.00252679
2.64809e-10	-0.00252869
2.6488e-10	-0.00253058
2.64951e-10	-0.00253247
2.65022e-10	-0.00253436
2.65093e-10	-0.00253625
2.65164e-10	-0.00253813
2.65235e-10	-0.00254
2.65306e-10	-0.00254188
2.65377e-10	-0.00254375
2.65448e-10	-0.00254562
2.65519e-10	-0.00254748
2.6559e-10	-0.00254934
2.65661e-10	-0.0025512
2.65732e-10	-0.00255306
2.65802e-10	-0.00255491
2.65873e-10	-0.00255676
2.65944e-10	-0.0025586
2.66015e-10	-0.00256044
2.66086e-10	-0.00256228
2.66157e-10	-0.00256412
2.66228e-10	-0.00256595
2.66299e-10	-0.00256778
2.6637e-10	-0.0025696
2.66441e-10	-0.00257142
2.66512e-10	-0.00257324
2.66583e-10	-0.00257505
2.66654e-10	-0.00257686
2.66725e-10	-0.00257867
2.66795e-10	-0.00258048
2.66866e-10	-0.00258228
2.66937e-10	-0.00258407
2.67008e-10	-0.00258587
2.67079e-10	-0.00258766
2.6715e-10	-0.00258944
2.67221e-10	-0.00259123
2.67292e-10	-0.00259301
2.67363e-10	-0.00259478
2.67434e-10	-0.00259655
2.67505e-10	-0.00259832
2.67576e-10	-0.00260009
2.67647e-10	-0.00260185
2.67718e-10	-0.00260361
2.67788e-10	-0.00260536
2.67859e-10	-0.00260711
2.6793e-10	-0.00260886
2.68001e-10	-0.0026106
2.68072e-10	-0.00261234
2.68143e-10	-0.00261408
2.68214e-10	-0.00261581
2.68285e-10	-0.00261754
2.68356e-10	-0.00261927
2.68427e-10	-0.00262099
2.68498e-10	-0.00262271
2.68569e-10	-0.00262442
2.6864e-10	-0.00262613
2.68711e-10	-0.00262784
2.68781e-10	-0.00262954
2.68852e-10	-0.00263124
2.68923e-10	-0.00263294
2.68994e-10	-0.00263463
2.69065e-10	-0.00263632
2.69136e-10	-0.002638
2.69207e-10	-0.00263968
2.69278e-10	-0.00264136
2.69349e-10	-0.00264303
2.6942e-10	-0.0026447
2.69491e-10	-0.00264637
2.69562e-10	-0.00264803
2.69633e-10	-0.00264969
2.69703e-10	-0.00265134
2.69774e-10	-0.00265299
2.69845e-10	-0.00265464
2.69916e-10	-0.00265628
2.69987e-10	-0.00265792
2.70058e-10	-0.00265955
2.70129e-10	-0.00266118
2.702e-10	-0.00266281
2.70271e-10	-0.00266443
2.70342e-10	-0.00266605
2.70413e-10	-0.00266767
2.70484e-10	-0.00266928
2.70555e-10	-0.00267089
2.70626e-10	-0.00267249
2.70696e-10	-0.00267409
2.70767e-10	-0.00267568
2.70838e-10	-0.00267727
2.70909e-10	-0.00267886
2.7098e-10	-0.00268044
2.71051e-10	-0.00268202
2.71122e-10	-0.0026836
2.71193e-10	-0.00268517
2.71264e-10	-0.00268674
2.71335e-10	-0.0026883
2.71406e-10	-0.00268986
2.71477e-10	-0.00269141
2.71548e-10	-0.00269296
2.71619e-10	-0.00269451
2.71689e-10	-0.00269605
2.7176e-10	-0.00269759
2.71831e-10	-0.00269913
2.71902e-10	-0.00270066
2.71973e-10	-0.00270218
2.72044e-10	-0.0027037
2.72115e-10	-0.00270522
2.72186e-10	-0.00270674
2.72257e-10	-0.00270824
2.72328e-10	-0.00270975
2.72399e-10	-0.00271125
2.7247e-10	-0.00271275
2.72541e-10	-0.00271424
2.72612e-10	-0.00271573
2.72682e-10	-0.00271721
2.72753e-10	-0.00271869
2.72824e-10	-0.00272017
2.72895e-10	-0.00272164
2.72966e-10	-0.00272311
2.73037e-10	-0.00272457
2.73108e-10	-0.00272603
2.73179e-10	-0.00272748
2.7325e-10	-0.00272893
2.73321e-10	-0.00273037
2.73392e-10	-0.00273182
2.73463e-10	-0.00273325
2.73534e-10	-0.00273468
2.73605e-10	-0.00273611
2.73675e-10	-0.00273754
2.73746e-10	-0.00273896
2.73817e-10	-0.00274037
2.73888e-10	-0.00274178
2.73959e-10	-0.00274319
2.7403e-10	-0.00274459
2.74101e-10	-0.00274599
2.74172e-10	-0.00274738
2.74243e-10	-0.00274877
2.74314e-10	-0.00275015
2.74385e-10	-0.00275153
2.74456e-10	-0.0027529
2.74527e-10	-0.00275427
2.74598e-10	-0.00275564
2.74668e-10	-0.002757
2.74739e-10	-0.00275836
2.7481e-10	-0.00275971
2.74881e-10	-0.00276106
2.74952e-10	-0.0027624
2.75023e-10	-0.00276374
2.75094e-10	-0.00276507
2.75165e-10	-0.0027664
2.75236e-10	-0.00276773
2.75307e-10	-0.00276905
2.75378e-10	-0.00277036
2.75449e-10	-0.00277167
2.7552e-10	-0.00277298
2.75591e-10	-0.00277428
2.75661e-10	-0.00277558
2.75732e-10	-0.00277687
2.75803e-10	-0.00277816
2.75874e-10	-0.00277944
2.75945e-10	-0.00278072
2.76016e-10	-0.00278199
2.76087e-10	-0.00278326
2.76158e-10	-0.00278453
2.76229e-10	-0.00278579
2.763e-10	-0.00278704
2.76371e-10	-0.00278829
2.76442e-10	-0.00278954
2.76513e-10	-0.00279078
2.76584e-10	-0.00279201
2.76654e-10	-0.00279324
2.76725e-10	-0.00279447
2.76796e-10	-0.00279569
2.76867e-10	-0.00279691
2.76938e-10	-0.00279812
2.77009e-10	-0.00279933
2.7708e-10	-0.00280053
2.77151e-10	-0.00280173
2.77222e-10	-0.00280292
2.77293e-10	-0.00280411
2.77364e-10	-0.00280529
2.77435e-10	-0.00280647
2.77506e-10	-0.00280764
2.77576e-10	-0.00280881
2.77647e-10	-0.00280997
2.77718e-10	-0.00281113
2.77789e-10	-0.00281228
2.7786e-10	-0.00281343
2.77931e-10	-0.00281457
2.78002e-10	-0.00281571
2.78073e-10	-0.00281684
2.78144e-10	-0.00281797
2.78215e-10	-0.0028191
2.78286e-10	-0.00282021
2.78357e-10	-0.00282133
2.78428e-10	-0.00282244
2.78499e-10	-0.00282354
2.78569e-10	-0.00282464
2.7864e-10	-0.00282573
2.78711e-10	-0.00282682
2.78782e-10	-0.0028279
2.78853e-10	-0.00282898
2.78924e-10	-0.00283005
2.78995e-10	-0.00283112
2.79066e-10	-0.00283218
2.79137e-10	-0.00283324
2.79208e-10	-0.00283429
2.79279e-10	-0.00283534
2.7935e-10	-0.00283638
2.79421e-10	-0.00283742
2.79492e-10	-0.00283845
2.79562e-10	-0.00283947
2.79633e-10	-0.0028405
2.79704e-10	-0.00284151
2.79775e-10	-0.00284252
2.79846e-10	-0.00284353
2.79917e-10	-0.00284453
2.79988e-10	-0.00284552
2.80059e-10	-0.00284651
2.8013e-10	-0.0028475
2.80201e-10	-0.00284848
2.80272e-10	-0.00284945
2.80343e-10	-0.00285042
2.80414e-10	-0.00285138
2.80485e-10	-0.00285234
2.80555e-10	-0.0028533
2.80626e-10	-0.00285424
2.80697e-10	-0.00285518
2.80768e-10	-0.00285612
2.80839e-10	-0.00285705
2.8091e-10	-0.00285798
2.80981e-10	-0.0028589
2.81052e-10	-0.00285982
2.81123e-10	-0.00286073
2.81194e-10	-0.00286163
2.81265e-10	-0.00286253
2.81336e-10	-0.00286342
2.81407e-10	-0.00286431
2.81478e-10	-0.00286519
2.81548e-10	-0.00286607
2.81619e-10	-0.00286694
2.8169e-10	-0.00286781
2.81761e-10	-0.00286867
2.81832e-10	-0.00286953
2.81903e-10	-0.00287038
2.81974e-10	-0.00287122
2.82045e-10	-0.00287206
2.82116e-10	-0.00287289
2.82187e-10	-0.00287372
2.82258e-10	-0.00287454
2.82329e-10	-0.00287536
2.824e-10	-0.00287617
2.82471e-10	-0.00287698
2.82541e-10	-0.00287778
2.82612e-10	-0.00287857
2.82683e-10	-0.00287936
2.82754e-10	-0.00288014
2.82825e-10	-0.00288092
2.82896e-10	-0.00288169
2.82967e-10	-0.00288246
2.83038e-10	-0.00288322
2.83109e-10	-0.00288397
2.8318e-10	-0.00288472
2.83251e-10	-0.00288547
2.83322e-10	-0.0028862
2.83393e-10	-0.00288693
2.83464e-10	-0.00288766
2.83534e-10	-0.00288838
2.83605e-10	-0.0028891
2.83676e-10	-0.00288981
2.83747e-10	-0.00289051
2.83818e-10	-0.00289121
2.83889e-10	-0.0028919
2.8396e-10	-0.00289258
2.84031e-10	-0.00289326
2.84102e-10	-0.00289394
2.84173e-10	-0.00289461
2.84244e-10	-0.00289527
2.84315e-10	-0.00289593
2.84386e-10	-0.00289658
2.84457e-10	-0.00289722
2.84527e-10	-0.00289786
2.84598e-10	-0.0028985
2.84669e-10	-0.00289912
2.8474e-10	-0.00289975
2.84811e-10	-0.00290036
2.84882e-10	-0.00290097
2.84953e-10	-0.00290157
2.85024e-10	-0.00290217
2.85095e-10	-0.00290276
2.85166e-10	-0.00290335
2.85237e-10	-0.00290393
2.85308e-10	-0.00290451
2.85379e-10	-0.00290507
2.85449e-10	-0.00290564
2.8552e-10	-0.00290619
2.85591e-10	-0.00290674
2.85662e-10	-0.00290729
2.85733e-10	-0.00290782
2.85804e-10	-0.00290836
2.85875e-10	-0.00290888
2.85946e-10	-0.0029094
2.86017e-10	-0.00290992
2.86088e-10	-0.00291042
2.86159e-10	-0.00291093
2.8623e-10	-0.00291142
2.86301e-10	-0.00291191
2.86372e-10	-0.00291239
2.86442e-10	-0.00291287
2.86513e-10	-0.00291334
2.86584e-10	-0.00291381
2.86655e-10	-0.00291427
2.86726e-10	-0.00291472
2.86797e-10	-0.00291516
2.86868e-10	-0.00291561
2.86939e-10	-0.00291604
2.8701e-10	-0.00291647
2.87081e-10	-0.00291689
2.87152e-10	-0.0029173
2.87223e-10	-0.00291771
2.87294e-10	-0.00291812
2.87365e-10	-0.00291851
2.87435e-10	-0.0029189
2.87506e-10	-0.00291929
2.87577e-10	-0.00291967
2.87648e-10	-0.00292004
2.87719e-10	-0.0029204
2.8779e-10	-0.00292076
2.87861e-10	-0.00292111
2.87932e-10	-0.00292146
2.88003e-10	-0.0029218
2.88074e-10	-0.00292213
2.88145e-10	-0.00292246
2.88216e-10	-0.00292278
2.88287e-10	-0.0029231
2.88358e-10	-0.0029234
2.88428e-10	-0.00292371
2.88499e-10	-0.002924
2.8857e-10	-0.00292429
2.88641e-10	-0.00292457
2.88712e-10	-0.00292485
2.88783e-10	-0.00292512
2.88854e-10	-0.00292538
2.88925e-10	-0.00292564
2.88996e-10	-0.00292589
2.89067e-10	-0.00292613
2.89138e-10	-0.00292637
2.89209e-10	-0.0029266
2.8928e-10	-0.00292682
2.89351e-10	-0.00292704
2.89421e-10	-0.00292725
2.89492e-10	-0.00292745
2.89563e-10	-0.00292765
2.89634e-10	-0.00292784
2.89705e-10	-0.00292803
2.89776e-10	-0.00292821
2.89847e-10	-0.00292838
2.89918e-10	-0.00292854
2.89989e-10	-0.0029287
2.9006e-10	-0.00292885
2.90131e-10	-0.002929
2.90202e-10	-0.00292914
2.90273e-10	-0.00292927
2.90344e-10	-0.00292939
2.90414e-10	-0.00292951
2.90485e-10	-0.00292962
2.90556e-10	-0.00292973
2.90627e-10	-0.00292983
2.90698e-10	-0.00292992
2.90769e-10	-0.00293
2.9084e-10	-0.00293008
2.90911e-10	-0.00293015
2.90982e-10	-0.00293022
2.91053e-10	-0.00293028
2.91124e-10	-0.00293033
2.91195e-10	-0.00293037
2.91266e-10	-0.00293041
2.91337e-10	-0.00293044
2.91407e-10	-0.00293047
2.91478e-10	-0.00293048
2.91549e-10	-0.00293049
2.9162e-10	-0.0029305
2.91691e-10	-0.00293049
2.91762e-10	-0.00293048
2.91833e-10	-0.00293047
2.91904e-10	-0.00293044
2.91975e-10	-0.00293041
2.92046e-10	-0.00293037
2.92117e-10	-0.00293033
2.92188e-10	-0.00293028
2.92259e-10	-0.00293022
2.9233e-10	-0.00293015
2.924e-10	-0.00293008
2.92471e-10	-0.00293
2.92542e-10	-0.00292992
2.92613e-10	-0.00292982
2.92684e-10	-0.00292972
2.92755e-10	-0.00292962
2.92826e-10	-0.0029295
2.92897e-10	-0.00292938
2.92968e-10	-0.00292925
2.93039e-10	-0.00292912
2.9311e-10	-0.00292898
2.93181e-10	-0.00292883
2.93252e-10	-0.00292867
2.93323e-10	-0.00292851
2.93393e-10	-0.00292834
2.93464e-10	-0.00292816
2.93535e-10	-0.00292798
2.93606e-10	-0.00292778
2.93677e-10	-0.00292758
2.93748e-10	-0.00292738
2.93819e-10	-0.00292717
2.9389e-10	-0.00292695
2.93961e-10	-0.00292672
2.94032e-10	-0.00292648
2.94103e-10	-0.00292624
2.94174e-10	-0.00292599
2.94245e-10	-0.00292574
2.94315e-10	-0.00292547
2.94386e-10	-0.0029252
2.94457e-10	-0.00292493
2.94528e-10	-0.00292464
2.94599e-10	-0.00292435
2.9467e-10	-0.00292405
2.94741e-10	-0.00292374
2.94812e-10	-0.00292343
2.94883e-10	-0.00292311
2.94954e-10	-0.00292278
2.95025e-10	-0.00292245
2.95096e-10	-0.0029221
2.95167e-10	-0.00292175
2.95238e-10	-0.00292139
2.95308e-10	-0.00292103
2.95379e-10	-0.00292066
2.9545e-10	-0.00292028
2.95521e-10	-0.00291989
2.95592e-10	-0.0029195
2.95663e-10	-0.0029191
2.95734e-10	-0.00291869
2.95805e-10	-0.00291827
2.95876e-10	-0.00291785
2.95947e-10	-0.00291741
2.96018e-10	-0.00291698
2.96089e-10	-0.00291653
2.9616e-10	-0.00291608
2.96231e-10	-0.00291562
2.96301e-10	-0.00291515
2.96372e-10	-0.00291467
2.96443e-10	-0.00291419
2.96514e-10	-0.0029137
2.96585e-10	-0.0029132
2.96656e-10	-0.00291269
2.96727e-10	-0.00291218
2.96798e-10	-0.00291166
2.96869e-10	-0.00291113
2.9694e-10	-0.0029106
2.97011e-10	-0.00291005
2.97082e-10	-0.0029095
2.97153e-10	-0.00290894
2.97224e-10	-0.00290838
2.97294e-10	-0.0029078
2.97365e-10	-0.00290722
2.97436e-10	-0.00290663
2.97507e-10	-0.00290604
2.97578e-10	-0.00290543
2.97649e-10	-0.00290482
2.9772e-10	-0.0029042
2.97791e-10	-0.00290357
2.97862e-10	-0.00290294
2.97933e-10	-0.0029023
2.98004e-10	-0.00290165
2.98075e-10	-0.00290099
2.98146e-10	-0.00290032
2.98217e-10	-0.00289965
2.98287e-10	-0.00289897
2.98358e-10	-0.00289828
2.98429e-10	-0.00289758
2.985e-10	-0.00289688
2.98571e-10	-0.00289617
2.98642e-10	-0.00289545
2.98713e-10	-0.00289472
2.98784e-10	-0.00289399
2.98855e-10	-0.00289324
2.98926e-10	-0.00289249
2.98997e-10	-0.00289174
2.99068e-10	-0.00289097
2.99139e-10	-0.00289019
2.9921e-10	-0.00288941
2.9928e-10	-0.00288862
2.99351e-10	-0.00288783
2.99422e-10	-0.00288702
2.99493e-10	-0.00288621
2.99564e-10	-0.00288539
2.99635e-10	-0.00288456
2.99706e-10	-0.00288372
2.99777e-10	-0.00288288
2.99848e-10	-0.00288202
2.99919e-10	-0.00288116
2.9999e-10	-0.00288029
3.00061e-10	-0.00287942
3.00132e-10	-0.00287853
3.00203e-10	-0.00287764
3.00273e-10	-0.00287674
3.00344e-10	-0.00287583
3.00415e-10	-0.00287491
3.00486e-10	-0.00287399
3.00557e-10	-0.00287306
3.00628e-10	-0.00287212
3.00699e-10	-0.00287117
3.0077e-10	-0.00287021
3.00841e-10	-0.00286925
3.00912e-10	-0.00286828
3.00983e-10	-0.0028673
3.01054e-10	-0.00286631
3.01125e-10	-0.00286531
3.01196e-10	-0.00286431
3.01266e-10	-0.00286329
3.01337e-10	-0.00286227
3.01408e-10	-0.00286124
3.01479e-10	-0.00286021
3.0155e-10	-0.00285916
3.01621e-10	-0.00285811
3.01692e-10	-0.00285705
3.01763e-10	-0.00285598
3.01834e-10	-0.0028549
3.01905e-10	-0.00285381
3.01976e-10	-0.00285272
3.02047e-10	-0.00285162
3.02118e-10	-0.00285051
3.02188e-10	-0.00284939
3.02259e-10	-0.00284826
3.0233e-10	-0.00284713
3.02401e-10	-0.00284598
3.02472e-10	-0.00284483
3.02543e-10	-0.00284367
3.02614e-10	-0.0028425
3.02685e-10	-0.00284133
3.02756e-10	-0.00284014
3.02827e-10	-0.00283895
3.02898e-10	-0.00283775
3.02969e-10	-0.00283654
3.0304e-10	-0.00283532
3.03111e-10	-0.00283409
3.03181e-10	-0.00283286
3.03252e-10	-0.00283162
3.03323e-10	-0.00283037
3.03394e-10	-0.00282911
3.03465e-10	-0.00282784
3.03536e-10	-0.00282656
3.03607e-10	-0.00282528
3.03678e-10	-0.00282399
3.03749e-10	-0.00282268
3.0382e-10	-0.00282137
3.03891e-10	-0.00282006
3.03962e-10	-0.00281873
3.04033e-10	-0.0028174
3.04104e-10	-0.00281605
3.04174e-10	-0.0028147
3.04245e-10	-0.00281334
3.04316e-10	-0.00281197
3.04387e-10	-0.00281059
3.04458e-10	-0.00280921
3.04529e-10	-0.00280781
3.046e-10	-0.00280641
3.04671e-10	-0.002805
3.04742e-10	-0.00280358
3.04813e-10	-0.00280215
3.04884e-10	-0.00280072
3.04955e-10	-0.00279927
3.05026e-10	-0.00279782
3.05097e-10	-0.00279636
3.05167e-10	-0.00279489
3.05238e-10	-0.00279341
3.05309e-10	-0.00279192
3.0538e-10	-0.00279042
3.05451e-10	-0.00278892
3.05522e-10	-0.0027874
3.05593e-10	-0.00278588
3.05664e-10	-0.00278435
3.05735e-10	-0.00278281
3.05806e-10	-0.00278126
3.05877e-10	-0.00277971
3.05948e-10	-0.00277814
3.06019e-10	-0.00277657
3.0609e-10	-0.00277498
3.0616e-10	-0.00277339
3.06231e-10	-0.00277179
3.06302e-10	-0.00277018
3.06373e-10	-0.00276857
3.06444e-10	-0.00276694
3.06515e-10	-0.0027653
3.06586e-10	-0.00276366
3.06657e-10	-0.00276201
3.06728e-10	-0.00276035
3.06799e-10	-0.00275868
3.0687e-10	-0.002757
3.06941e-10	-0.00275531
3.07012e-10	-0.00275362
3.07083e-10	-0.00275191
3.07153e-10	-0.0027502
3.07224e-10	-0.00274848
3.07295e-10	-0.00274674
3.07366e-10	-0.002745
3.07437e-10	-0.00274326
3.07508e-10	-0.0027415
3.07579e-10	-0.00273973
3.0765e-10	-0.00273796
3.07721e-10	-0.00273617
3.07792e-10	-0.00273438
3.07863e-10	-0.00273258
3.07934e-10	-0.00273077
3.08005e-10	-0.00272895
3.08076e-10	-0.00272712
3.08146e-10	-0.00272528
3.08217e-10	-0.00272343
3.08288e-10	-0.00272158
3.08359e-10	-0.00271972
3.0843e-10	-0.00271784
3.08501e-10	-0.00271596
3.08572e-10	-0.00271407
3.08643e-10	-0.00271217
3.08714e-10	-0.00271026
3.08785e-10	-0.00270834
3.08856e-10	-0.00270642
3.08927e-10	-0.00270448
3.08998e-10	-0.00270254
3.09069e-10	-0.00270058
3.09139e-10	-0.00269862
3.0921e-10	-0.00269665
3.09281e-10	-0.00269467
3.09352e-10	-0.00269268
3.09423e-10	-0.00269068
3.09494e-10	-0.00268867
3.09565e-10	-0.00268665
3.09636e-10	-0.00268463
3.09707e-10	-0.00268259
3.09778e-10	-0.00268055
3.09849e-10	-0.00267849
3.0992e-10	-0.00267643
3.09991e-10	-0.00267436
3.10061e-10	-0.00267228
3.10132e-10	-0.00267019
3.10203e-10	-0.00266809
3.10274e-10	-0.00266598
3.10345e-10	-0.00266387
3.10416e-10	-0.00266174
3.10487e-10	-0.00265961
3.10558e-10	-0.00265746
3.10629e-10	-0.00265531
3.107e-10	-0.00265314
3.10771e-10	-0.00265097
3.10842e-10	-0.00264879
3.10913e-10	-0.0026466
3.10984e-10	-0.0026444
3.11054e-10	-0.00264219
3.11125e-10	-0.00263997
3.11196e-10	-0.00263775
3.11267e-10	-0.00263551
3.11338e-10	-0.00263327
3.11409e-10	-0.00263101
3.1148e-10	-0.00262875
3.11551e-10	-0.00262647
3.11622e-10	-0.00262419
3.11693e-10	-0.0026219
3.11764e-10	-0.0026196
3.11835e-10	-0.00261729
3.11906e-10	-0.00261497
3.11977e-10	-0.00261264
3.12047e-10	-0.0026103
3.12118e-10	-0.00260795
3.12189e-10	-0.0026056
3.1226e-10	-0.00260323
3.12331e-10	-0.00260085
3.12402e-10	-0.00259847
3.12473e-10	-0.00259607
3.12544e-10	-0.00259367
3.12615e-10	-0.00259126
3.12686e-10	-0.00258883
3.12757e-10	-0.0025864
3.12828e-10	-0.00258396
3.12899e-10	-0.00258151
3.1297e-10	-0.00257905
3.1304e-10	-0.00257658
3.13111e-10	-0.0025741
3.13182e-10	-0.00257161
3.13253e-10	-0.00256912
3.13324e-10	-0.00256661
3.13395e-10	-0.00256409
3.13466e-10	-0.00256157
3.13537e-10	-0.00255903
3.13608e-10	-0.00255649
3.13679e-10	-0.00255393
3.1375e-10	-0.00255137
3.13821e-10	-0.00254879
3.13892e-10	-0.00254621
3.13963e-10	-0.00254362
3.14033e-10	-0.00254102
3.14104e-10	-0.0025384
3.14175e-10	-0.00253578
3.14246e-10	-0.00253315
3.14317e-10	-0.00253051
3.14388e-10	-0.00252786
3.14459e-10	-0.0025252
3.1453e-10	-0.00252254
3.14601e-10	-0.00251986
3.14672e-10	-0.00251717
3.14743e-10	-0.00251447
3.14814e-10	-0.00251177
3.14885e-10	-0.00250905
3.14956e-10	-0.00250632
3.15026e-10	-0.00250359
3.15097e-10	-0.00250084
3.15168e-10	-0.00249809
3.15239e-10	-0.00249532
3.1531e-10	-0.00249255
3.15381e-10	-0.00248976
3.15452e-10	-0.00248697
3.15523e-10	-0.00248417
3.15594e-10	-0.00248136
3.15665e-10	-0.00247853
3.15736e-10	-0.0024757
3.15807e-10	-0.00247286
3.15878e-10	-0.00247001
3.15949e-10	-0.00246715
3.16019e-10	-0.00246428
3.1609e-10	-0.0024614
3.16161e-10	-0.00245851
3.16232e-10	-0.00245561
3.16303e-10	-0.0024527
3.16374e-10	-0.00244978
3.16445e-10	-0.00244685
3.16516e-10	-0.00244391
3.16587e-10	-0.00244096
3.16658e-10	-0.002438
3.16729e-10	-0.00243503
3.168e-10	-0.00243206
3.16871e-10	-0.00242907
3.16942e-10	-0.00242607
3.17012e-10	-0.00242306
3.17083e-10	-0.00242005
3.17154e-10	-0.00241702
3.17225e-10	-0.00241398
3.17296e-10	-0.00241094
3.17367e-10	-0.00240788
3.17438e-10	-0.00240481
3.17509e-10	-0.00240174
3.1758e-10	-0.00239865
3.17651e-10	-0.00239556
3.17722e-10	-0.00239245
3.17793e-10	-0.00238934
3.17864e-10	-0.00238621
3.17934e-10	-0.00238308
3.18005e-10	-0.00237993
3.18076e-10	-0.00237678
3.18147e-10	-0.00237361
3.18218e-10	-0.00237044
3.18289e-10	-0.00236726
3.1836e-10	-0.00236406
3.18431e-10	-0.00236086
3.18502e-10	-0.00235764
3.18573e-10	-0.00235442
3.18644e-10	-0.00235119
3.18715e-10	-0.00234794
3.18786e-10	-0.00234469
3.18857e-10	-0.00234142
3.18927e-10	-0.00233815
3.18998e-10	-0.00233487
3.19069e-10	-0.00233157
3.1914e-10	-0.00232827
3.19211e-10	-0.00232496
3.19282e-10	-0.00232163
3.19353e-10	-0.0023183
3.19424e-10	-0.00231496
3.19495e-10	-0.0023116
3.19566e-10	-0.00230824
3.19637e-10	-0.00230487
3.19708e-10	-0.00230148
3.19779e-10	-0.00229809
3.1985e-10	-0.00229469
3.1992e-10	-0.00229127
3.19991e-10	-0.00228785
3.20062e-10	-0.00228442
3.20133e-10	-0.00228097
3.20204e-10	-0.00227752
3.20275e-10	-0.00227406
3.20346e-10	-0.00227058
3.20417e-10	-0.0022671
3.20488e-10	-0.00226361
3.20559e-10	-0.0022601
3.2063e-10	-0.00225659
3.20701e-10	-0.00225307
3.20772e-10	-0.00224953
3.20843e-10	-0.00224599
3.20913e-10	-0.00224243
3.20984e-10	-0.00223887
3.21055e-10	-0.00223529
3.21126e-10	-0.00223171
3.21197e-10	-0.00222811
3.21268e-10	-0.00222451
3.21339e-10	-0.0022209
3.2141e-10	-0.00221727
3.21481e-10	-0.00221364
3.21552e-10	-0.00220999
3.21623e-10	-0.00220633
3.21694e-10	-0.00220267
3.21765e-10	-0.00219899
3.21836e-10	-0.00219531
3.21906e-10	-0.00219161
3.21977e-10	-0.0021879
3.22048e-10	-0.00218419
3.22119e-10	-0.00218046
3.2219e-10	-0.00217672
3.22261e-10	-0.00217298
3.22332e-10	-0.00216922
3.22403e-10	-0.00216545
3.22474e-10	-0.00216168
3.22545e-10	-0.00215789
3.22616e-10	-0.00215409
3.22687e-10	-0.00215028
3.22758e-10	-0.00214646
3.22829e-10	-0.00214263
3.22899e-10	-0.00213879
3.2297e-10	-0.00213495
3.23041e-10	-0.00213109
3.23112e-10	-0.00212722
3.23183e-10	-0.00212334
3.23254e-10	-0.00211945
3.23325e-10	-0.00211555
3.23396e-10	-0.00211163
3.23467e-10	-0.00210771
3.23538e-10	-0.00210378
3.23609e-10	-0.00209984
3.2368e-10	-0.00209589
3.23751e-10	-0.00209193
3.23822e-10	-0.00208795
3.23892e-10	-0.00208397
3.23963e-10	-0.00207998
3.24034e-10	-0.00207597
3.24105e-10	-0.00207196
3.24176e-10	-0.00206794
3.24247e-10	-0.0020639
3.24318e-10	-0.00205986
3.24389e-10	-0.0020558
3.2446e-10	-0.00205174
3.24531e-10	-0.00204766
3.24602e-10	-0.00204357
3.24673e-10	-0.00203948
3.24744e-10	-0.00203537
3.24815e-10	-0.00203125
3.24885e-10	-0.00202713
3.24956e-10	-0.00202299
3.25027e-10	-0.00201884
3.25098e-10	-0.00201468
3.25169e-10	-0.00201051
3.2524e-10	-0.00200633
3.25311e-10	-0.00200214
3.25382e-10	-0.00199794
3.25453e-10	-0.00199373
3.25524e-10	-0.00198951
3.25595e-10	-0.00198528
3.25666e-10	-0.00198104
3.25737e-10	-0.00197678
3.25807e-10	-0.00197252
3.25878e-10	-0.00196825
3.25949e-10	-0.00196396
3.2602e-10	-0.00195967
3.26091e-10	-0.00195537
3.26162e-10	-0.00195105
3.26233e-10	-0.00194673
3.26304e-10	-0.00194239
3.26375e-10	-0.00193804
3.26446e-10	-0.00193369
3.26517e-10	-0.00192932
3.26588e-10	-0.00192494
3.26659e-10	-0.00192055
3.2673e-10	-0.00191616
3.268e-10	-0.00191175
3.26871e-10	-0.00190733
3.26942e-10	-0.0019029
3.27013e-10	-0.00189846
3.27084e-10	-0.001894
3.27155e-10	-0.00188954
3.27226e-10	-0.00188507
3.27297e-10	-0.00188059
3.27368e-10	-0.0018761
3.27439e-10	-0.00187159
3.2751e-10	-0.00186708
3.27581e-10	-0.00186255
3.27652e-10	-0.00185802
3.27723e-10	-0.00185347
3.27793e-10	-0.00184892
3.27864e-10	-0.00184435
3.27935e-10	-0.00183977
3.28006e-10	-0.00183519
3.28077e-10	-0.00183059
3.28148e-10	-0.00182598
3.28219e-10	-0.00182136
3.2829e-10	-0.00181673
3.28361e-10	-0.00181209
3.28432e-10	-0.00180744
3.28503e-10	-0.00180278
3.28574e-10	-0.0017981
3.28645e-10	-0.00179342
3.28716e-10	-0.00178873
3.28786e-10	-0.00178402
3.28857e-10	-0.00177931
3.28928e-10	-0.00177458
3.28999e-10	-0.00176985
3.2907e-10	-0.0017651
3.29141e-10	-0.00176035
3.29212e-10	-0.00175558
3.29283e-10	-0.0017508
3.29354e-10	-0.00174601
3.29425e-10	-0.00174121
3.29496e-10	-0.0017364
3.29567e-10	-0.00173158
3.29638e-10	-0.00172675
3.29709e-10	-0.00172191
3.29779e-10	-0.00171706
3.2985e-10	-0.00171219
3.29921e-10	-0.00170732
3.29992e-10	-0.00170244
3.30063e-10	-0.00169754
3.30134e-10	-0.00169264
3.30205e-10	-0.00168772
3.30276e-10	-0.00168279
3.30347e-10	-0.00167786
3.30418e-10	-0.00167291
3.30489e-10	-0.00166795
3.3056e-10	-0.00166298
3.30631e-10	-0.001658
3.30702e-10	-0.00165301
3.30772e-10	-0.00164801
3.30843e-10	-0.001643
3.30914e-10	-0.00163798
3.30985e-10	-0.00163294
3.31056e-10	-0.0016279
3.31127e-10	-0.00162284
3.31198e-10	-0.00161778
3.31269e-10	-0.0016127
3.3134e-10	-0.00160762
3.31411e-10	-0.00160252
3.31482e-10	-0.00159741
3.31553e-10	-0.00159229
3.31624e-10	-0.00158716
3.31695e-10	-0.00158202
3.31765e-10	-0.00157687
3.31836e-10	-0.00157171
3.31907e-10	-0.00156654
3.31978e-10	-0.00156136
3.32049e-10	-0.00155616
3.3212e-10	-0.00155096
3.32191e-10	-0.00154575
3.32262e-10	-0.00154052
3.32333e-10	-0.00153528
3.32404e-10	-0.00153004
3.32475e-10	-0.00152478
3.32546e-10	-0.00151951
3.32617e-10	-0.00151423
3.32688e-10	-0.00150894
3.32758e-10	-0.00150364
3.32829e-10	-0.00149833
3.329e-10	-0.00149301
3.32971e-10	-0.00148768
3.33042e-10	-0.00148233
3.33113e-10	-0.00147698
3.33184e-10	-0.00147161
3.33255e-10	-0.00146624
3.33326e-10	-0.00146085
3.33397e-10	-0.00145546
3.33468e-10	-0.00145005
3.33539e-10	-0.00144463
3.3361e-10	-0.0014392
3.3368e-10	-0.00143376
3.33751e-10	-0.00142831
3.33822e-10	-0.00142285
3.33893e-10	-0.00141738
3.33964e-10	-0.00141189
3.34035e-10	-0.0014064
3.34106e-10	-0.0014009
3.34177e-10	-0.00139538
3.34248e-10	-0.00138985
3.34319e-10	-0.00138432
3.3439e-10	-0.00137877
3.34461e-10	-0.00137321
3.34532e-10	-0.00136764
3.34603e-10	-0.00136206
3.34673e-10	-0.00135647
3.34744e-10	-0.00135087
3.34815e-10	-0.00134526
3.34886e-10	-0.00133964
3.34957e-10	-0.001334
3.35028e-10	-0.00132836
3.35099e-10	-0.0013227
3.3517e-10	-0.00131704
3.35241e-10	-0.00131136
3.35312e-10	-0.00130568
3.35383e-10	-0.00129998
3.35454e-10	-0.00129427
3.35525e-10	-0.00128855
3.35596e-10	-0.00128282
3.35666e-10	-0.00127708
3.35737e-10	-0.00127133
3.35808e-10	-0.00126556
3.35879e-10	-0.00125979
3.3595e-10	-0.001254
3.36021e-10	-0.00124821
3.36092e-10	-0.0012424
3.36163e-10	-0.00123659
3.36234e-10	-0.00123076
3.36305e-10	-0.00122492
3.36376e-10	-0.00121907
3.36447e-10	-0.00121321
3.36518e-10	-0.00120734
3.36589e-10	-0.00120146
3.36659e-10	-0.00119557
3.3673e-10	-0.00118967
3.36801e-10	-0.00118375
3.36872e-10	-0.00117783
3.36943e-10	-0.00117189
3.37014e-10	-0.00116595
3.37085e-10	-0.00115999
3.37156e-10	-0.00115402
3.37227e-10	-0.00114804
3.37298e-10	-0.00114205
3.37369e-10	-0.00113605
3.3744e-10	-0.00113004
3.37511e-10	-0.00112402
3.37582e-10	-0.00111799
3.37652e-10	-0.00111195
3.37723e-10	-0.00110589
3.37794e-10	-0.00109983
3.37865e-10	-0.00109375
3.37936e-10	-0.00108766
3.38007e-10	-0.00108157
3.38078e-10	-0.00107546
3.38149e-10	-0.00106934
3.3822e-10	-0.00106321
3.38291e-10	-0.00105707
3.38362e-10	-0.00105092
3.38433e-10	-0.00104476
3.38504e-10	-0.00103858
3.38575e-10	-0.0010324
3.38645e-10	-0.00102621
3.38716e-10	-0.00102
3.38787e-10	-0.00101379
3.38858e-10	-0.00100756
3.38929e-10	-0.00100132
3.39e-10	-0.000995073
3.39071e-10	-0.000988814
3.39142e-10	-0.000982544
3.39213e-10	-0.000976264
3.39284e-10	-0.000969972
3.39355e-10	-0.00096367
3.39426e-10	-0.000957357
3.39497e-10	-0.000951033
3.39568e-10	-0.000944698
3.39638e-10	-0.000938353
3.39709e-10	-0.000931997
3.3978e-10	-0.00092563
3.39851e-10	-0.000919252
3.39922e-10	-0.000912863
3.39993e-10	-0.000906464
3.40064e-10	-0.000900054
3.40135e-10	-0.000893633
3.40206e-10	-0.000887201
3.40277e-10	-0.000880759
3.40348e-10	-0.000874305
3.40419e-10	-0.000867841
3.4049e-10	-0.000861366
3.40561e-10	-0.000854881
3.40631e-10	-0.000848384
3.40702e-10	-0.000841877
3.40773e-10	-0.000835359
3.40844e-10	-0.00082883
3.40915e-10	-0.000822291
3.40986e-10	-0.00081574
3.41057e-10	-0.000809179
3.41128e-10	-0.000802608
3.41199e-10	-0.000796025
3.4127e-10	-0.000789432
3.41341e-10	-0.000782827
3.41412e-10	-0.000776212
3.41483e-10	-0.000769587
3.41553e-10	-0.00076295
3.41624e-10	-0.000756303
3.41695e-10	-0.000749645
3.41766e-10	-0.000742976
3.41837e-10	-0.000736297
3.41908e-10	-0.000729606
3.41979e-10	-0.000722905
3.4205e-10	-0.000716194
3.42121e-10	-0.000709471
3.42192e-10	-0.000702738
3.42263e-10	-0.000695994
3.42334e-10	-0.000689239
3.42405e-10	-0.000682473
3.42476e-10	-0.000675697
3.42546e-10	-0.00066891
3.42617e-10	-0.000662112
3.42688e-10	-0.000655303
3.42759e-10	-0.000648484
3.4283e-10	-0.000641654
3.42901e-10	-0.000634813
3.42972e-10	-0.000627962
3.43043e-10	-0.0006211
3.43114e-10	-0.000614227
3.43185e-10	-0.000607343
3.43256e-10	-0.000600448
3.43327e-10	-0.000593543
3.43398e-10	-0.000586627
3.43469e-10	-0.000579701
3.43539e-10	-0.000572763
3.4361e-10	-0.000565815
3.43681e-10	-0.000558857
3.43752e-10	-0.000551887
3.43823e-10	-0.000544907
3.43894e-10	-0.000537916
3.43965e-10	-0.000530914
3.44036e-10	-0.000523902
3.44107e-10	-0.000516879
3.44178e-10	-0.000509845
3.44249e-10	-0.000502801
3.4432e-10	-0.000495746
3.44391e-10	-0.00048868
3.44462e-10	-0.000481603
3.44532e-10	-0.000474516
3.44603e-10	-0.000467418
3.44674e-10	-0.000460309
3.44745e-10	-0.00045319
3.44816e-10	-0.00044606
3.44887e-10	-0.00043892
3.44958e-10	-0.000431768
3.45029e-10	-0.000424606
3.451e-10	-0.000417434
3.45171e-10	-0.00041025
3.45242e-10	-0.000403056
3.45313e-10	-0.000395852
3.45384e-10	-0.000388636
3.45455e-10	-0.00038141
3.45525e-10	-0.000374174
3.45596e-10	-0.000366926
3.45667e-10	-0.000359668
3.45738e-10	-0.0003524
3.45809e-10	-0.000345121
3.4588e-10	-0.000337831
3.45951e-10	-0.00033053
3.46022e-10	-0.000323219
3.46093e-10	-0.000315897
3.46164e-10	-0.000308565
3.46235e-10	-0.000301222
3.46306e-10	-0.000293868
3.46377e-10	-0.000286504
3.46448e-10	-0.000279129
3.46518e-10	-0.000271744
3.46589e-10	-0.000264348
3.4666e-10	-0.000256941
3.46731e-10	-0.000249523
3.46802e-10	-0.000242096
3.46873e-10	-0.000234657
3.46944e-10	-0.000227208
3.47015e-10	-0.000219748
3.47086e-10	-0.000212278
3.47157e-10	-0.000204797
3.47228e-10	-0.000197306
3.47299e-10	-0.000189804
3.4737e-10	-0.000182291
3.47441e-10	-0.000174768
3.47511e-10	-0.000167234
3.47582e-10	-0.00015969
3.47653e-10	-0.000152135
3.47724e-10	-0.00014457
3.47795e-10	-0.000136994
3.47866e-10	-0.000129407
3.47937e-10	-0.00012181
3.48008e-10	-0.000114203
3.48079e-10	-0.000106585
3.4815e-10	-9.89559e-05
3.48221e-10	-9.13167e-05
3.48292e-10	-8.3667e-05
3.48363e-10	-7.60068e-05
3.48434e-10	-6.83361e-05
3.48504e-10	-6.06549e-05
3.48575e-10	-5.29631e-05
3.48646e-10	-4.52609e-05
3.48717e-10	-3.75481e-05
3.48788e-10	-2.98249e-05
3.48859e-10	-2.20912e-05
3.4893e-10	-1.4347e-05
3.49001e-10	-6.59227e-06
3.49072e-10	1.1729e-06
3.49143e-10	8.94854e-06
3.49214e-10	1.67347e-05
3.49285e-10	2.45312e-05
3.49356e-10	3.23383e-05
3.49427e-10	4.01558e-05
3.49497e-10	4.79837e-05
3.49568e-10	5.58221e-05
3.49639e-10	6.3671e-05
3.4971e-10	7.15302e-05
3.49781e-10	7.93999e-05
3.49852e-10	8.72801e-05
3.49923e-10	9.51706e-05
3.49994e-10	0.000103072
3.50065e-10	0.000110983
3.50136e-10	0.000118905
3.50207e-10	0.000126837
3.50278e-10	0.00013478
3.50349e-10	0.000142733
3.50419e-10	0.000150696
3.5049e-10	0.00015867
3.50561e-10	0.000166654
3.50632e-10	0.000174648
3.50703e-10	0.000182653
3.50774e-10	0.000190669
3.50845e-10	0.000198694
3.50916e-10	0.00020673
3.50987e-10	0.000214777
3.51058e-10	0.000222833
3.51129e-10	0.0002309
3.512e-10	0.000238978
3.51271e-10	0.000247065
3.51342e-10	0.000255163
3.51412e-10	0.000263272
3.51483e-10	0.00027139
3.51554e-10	0.000279519
3.51625e-10	0.000287659
3.51696e-10	0.000295808
3.51767e-10	0.000303968
3.51838e-10	0.000312138
3.51909e-10	0.000320318
3.5198e-10	0.000328509
3.52051e-10	0.00033671
3.52122e-10	0.000344921
3.52193e-10	0.000353143
3.52264e-10	0.000361375
3.52335e-10	0.000369617
3.52405e-10	0.000377869
3.52476e-10	0.000386131
3.52547e-10	0.000394404
3.52618e-10	0.000402687
3.52689e-10	0.00041098
3.5276e-10	0.000419283
3.52831e-10	0.000427597
3.52902e-10	0.000435921
3.52973e-10	0.000444254
3.53044e-10	0.000452599
3.53115e-10	0.000460953
3.53186e-10	0.000469317
3.53257e-10	0.000477692
3.53328e-10	0.000486077
3.53398e-10	0.000494472
3.53469e-10	0.000502877
3.5354e-10	0.000511292
3.53611e-10	0.000519718
3.53682e-10	0.000528153
3.53753e-10	0.000536599
3.53824e-10	0.000545055
3.53895e-10	0.000553521
3.53966e-10	0.000561997
3.54037e-10	0.000570483
3.54108e-10	0.000578979
3.54179e-10	0.000587485
3.5425e-10	0.000596002
3.54321e-10	0.000604528
3.54391e-10	0.000613065
3.54462e-10	0.000621611
3.54533e-10	0.000630168
3.54604e-10	0.000638734
3.54675e-10	0.000647311
3.54746e-10	0.000655898
3.54817e-10	0.000664495
3.54888e-10	0.000673101
3.54959e-10	0.000681718
3.5503e-10	0.000690345
3.55101e-10	0.000698982
3.55172e-10	0.000707629
3.55243e-10	0.000716285
3.55314e-10	0.000724952
3.55384e-10	0.000733629
3.55455e-10	0.000742316
3.55526e-10	0.000751012
3.55597e-10	0.000759719
3.55668e-10	0.000768435
3.55739e-10	0.000777162
3.5581e-10	0.000785898
3.55881e-10	0.000794645
3.55952e-10	0.000803401
3.56023e-10	0.000812167
3.56094e-10	0.000820943
3.56165e-10	0.000829729
3.56236e-10	0.000838525
3.56307e-10	0.00084733
3.56377e-10	0.000856146
3.56448e-10	0.000864971
3.56519e-10	0.000873807
3.5659e-10	0.000882652
3.56661e-10	0.000891507
3.56732e-10	0.000900371
3.56803e-10	0.000909246
3.56874e-10	0.00091813
3.56945e-10	0.000927025
3.57016e-10	0.000935929
3.57087e-10	0.000944842
3.57158e-10	0.000953766
3.57229e-10	0.000962699
3.573e-10	0.000971642
3.5737e-10	0.000980595
3.57441e-10	0.000989558
3.57512e-10	0.00099853
3.57583e-10	0.00100751
3.57654e-10	0.0010165
3.57725e-10	0.00102551
3.57796e-10	0.00103452
3.57867e-10	0.00104354
3.57938e-10	0.00105257
3.58009e-10	0.00106161
3.5808e-10	0.00107066
3.58151e-10	0.00107972
3.58222e-10	0.00108879
3.58292e-10	0.00109787
3.58363e-10	0.00110696
3.58434e-10	0.00111605
3.58505e-10	0.00112516
3.58576e-10	0.00113428
3.58647e-10	0.00114341
3.58718e-10	0.00115254
3.58789e-10	0.00116169
3.5886e-10	0.00117085
3.58931e-10	0.00118001
3.59002e-10	0.00118919
3.59073e-10	0.00119837
3.59144e-10	0.00120756
3.59215e-10	0.00121677
3.59285e-10	0.00122598
3.59356e-10	0.0012352
3.59427e-10	0.00124444
3.59498e-10	0.00125368
3.59569e-10	0.00126293
3.5964e-10	0.00127219
3.59711e-10	0.00128146
3.59782e-10	0.00129074
3.59853e-10	0.00130003
3.59924e-10	0.00130933
3.59995e-10	0.00131863
3.60066e-10	0.00132795
3.60137e-10	0.00133728
3.60208e-10	0.00134661
3.60278e-10	0.00135596
3.60349e-10	0.00136532
3.6042e-10	0.00137468
3.60491e-10	0.00138405
3.60562e-10	0.00139344
3.60633e-10	0.00140283
3.60704e-10	0.00141223
3.60775e-10	0.00142164
3.60846e-10	0.00143106
3.60917e-10	0.00144049
3.60988e-10	0.00144993
3.61059e-10	0.00145938
3.6113e-10	0.00146884
3.61201e-10	0.0014783
3.61271e-10	0.00148778
3.61342e-10	0.00149727
3.61413e-10	0.00150676
3.61484e-10	0.00151626
3.61555e-10	0.00152578
3.61626e-10	0.0015353
3.61697e-10	0.00154483
3.61768e-10	0.00155437
3.61839e-10	0.00156392
3.6191e-10	0.00157348
3.61981e-10	0.00158305
3.62052e-10	0.00159263
3.62123e-10	0.00160221
3.62194e-10	0.00161181
3.62264e-10	0.00162141
3.62335e-10	0.00163103
3.62406e-10	0.00164065
3.62477e-10	0.00165028
3.62548e-10	0.00165992
3.62619e-10	0.00166957
3.6269e-10	0.00167923
3.62761e-10	0.0016889
3.62832e-10	0.00169858
3.62903e-10	0.00170826
3.62974e-10	0.00171796
3.63045e-10	0.00172766
3.63116e-10	0.00173738
3.63187e-10	0.0017471
3.63257e-10	0.00175683
3.63328e-10	0.00176657
3.63399e-10	0.00177632
3.6347e-10	0.00178608
3.63541e-10	0.00179585
3.63612e-10	0.00180562
3.63683e-10	0.00181541
3.63754e-10	0.0018252
3.63825e-10	0.001835
3.63896e-10	0.00184481
3.63967e-10	0.00185463
3.64038e-10	0.00186446
3.64109e-10	0.0018743
3.6418e-10	0.00188415
3.6425e-10	0.001894
3.64321e-10	0.00190387
3.64392e-10	0.00191374
3.64463e-10	0.00192362
3.64534e-10	0.00193352
3.64605e-10	0.00194341
3.64676e-10	0.00195332
3.64747e-10	0.00196324
3.64818e-10	0.00197317
3.64889e-10	0.0019831
3.6496e-10	0.00199304
3.65031e-10	0.002003
3.65102e-10	0.00201296
3.65173e-10	0.00202293
3.65243e-10	0.0020329
3.65314e-10	0.00204289
3.65385e-10	0.00205288
3.65456e-10	0.00206289
3.65527e-10	0.0020729
3.65598e-10	0.00208292
3.65669e-10	0.00209295
3.6574e-10	0.00210299
3.65811e-10	0.00211304
3.65882e-10	0.00212309
3.65953e-10	0.00213315
3.66024e-10	0.00214323
3.66095e-10	0.00215331
3.66165e-10	0.0021634
3.66236e-10	0.00217349
3.66307e-10	0.0021836
3.66378e-10	0.00219372
3.66449e-10	0.00220384
3.6652e-10	0.00221397
3.66591e-10	0.00222411
3.66662e-10	0.00223426
3.66733e-10	0.00224441
3.66804e-10	0.00225458
3.66875e-10	0.00226475
3.66946e-10	0.00227493
3.67017e-10	0.00228512
3.67088e-10	0.00229532
3.67158e-10	0.00230553
3.67229e-10	0.00231575
3.673e-10	0.00232597
3.67371e-10	0.0023362
3.67442e-10	0.00234644
3.67513e-10	0.00235669
3.67584e-10	0.00236694
3.67655e-10	0.00237721
3.67726e-10	0.00238748
3.67797e-10	0.00239776
3.67868e-10	0.00240805
3.67939e-10	0.00241835
3.6801e-10	0.00242866
3.68081e-10	0.00243897
3.68151e-10	0.00244929
3.68222e-10	0.00245962
3.68293e-10	0.00246996
3.68364e-10	0.0024803
3.68435e-10	0.00249066
3.68506e-10	0.00250102
3.68577e-10	0.00251139
3.68648e-10	0.00252177
3.68719e-10	0.00253216
3.6879e-10	0.00254255
3.68861e-10	0.00255295
3.68932e-10	0.00256336
3.69003e-10	0.00257378
3.69074e-10	0.00258421
3.69144e-10	0.00259464
3.69215e-10	0.00260508
3.69286e-10	0.00261553
3.69357e-10	0.00262599
3.69428e-10	0.00263646
3.69499e-10	0.00264693
3.6957e-10	0.00265741
3.69641e-10	0.0026679
3.69712e-10	0.0026784
3.69783e-10	0.0026889
3.69854e-10	0.00269942
3.69925e-10	0.00270994
3.69996e-10	0.00272046
3.70067e-10	0.002731
3.70137e-10	0.00274154
3.70208e-10	0.0027521
3.70279e-10	0.00276266
3.7035e-10	0.00277322
3.70421e-10	0.0027838
3.70492e-10	0.00279438
3.70563e-10	0.00280497
3.70634e-10	0.00281557
3.70705e-10	0.00282617
3.70776e-10	0.00283678
3.70847e-10	0.00284741
3.70918e-10	0.00285803
3.70989e-10	0.00286867
3.7106e-10	0.00287931
3.7113e-10	0.00288996
3.71201e-10	0.00290062
3.71272e-10	0.00291129
3.71343e-10	0.00292196
3.71414e-10	0.00293264
3.71485e-10	0.00294333
3.71556e-10	0.00295402
3.71627e-10	0.00296473
3.71698e-10	0.00297544
3.71769e-10	0.00298615
3.7184e-10	0.00299688
3.71911e-10	0.00300761
3.71982e-10	0.00301835
3.72053e-10	0.0030291
3.72123e-10	0.00303985
3.72194e-10	0.00305062
3.72265e-10	0.00306138
3.72336e-10	0.00307216
3.72407e-10	0.00308294
3.72478e-10	0.00309373
3.72549e-10	0.00310453
3.7262e-10	0.00311534
3.72691e-10	0.00312615
3.72762e-10	0.00313697
3.72833e-10	0.0031478
3.72904e-10	0.00315863
3.72975e-10	0.00316947
3.73046e-10	0.00318032
3.73116e-10	0.00319118
3.73187e-10	0.00320204
3.73258e-10	0.00321291
3.73329e-10	0.00322378
3.734e-10	0.00323467
3.73471e-10	0.00324556
3.73542e-10	0.00325646
3.73613e-10	0.00326736
3.73684e-10	0.00327827
3.73755e-10	0.00328919
3.73826e-10	0.00330012
3.73897e-10	0.00331105
3.73968e-10	0.00332199
3.74038e-10	0.00333293
3.74109e-10	0.00334389
3.7418e-10	0.00335485
3.74251e-10	0.00336581
3.74322e-10	0.00337679
3.74393e-10	0.00338777
3.74464e-10	0.00339875
3.74535e-10	0.00340975
3.74606e-10	0.00342075
3.74677e-10	0.00343176
3.74748e-10	0.00344277
3.74819e-10	0.00345379
3.7489e-10	0.00346482
3.74961e-10	0.00347585
3.75031e-10	0.00348689
3.75102e-10	0.00349794
3.75173e-10	0.003509
3.75244e-10	0.00352006
3.75315e-10	0.00353112
3.75386e-10	0.0035422
3.75457e-10	0.00355328
3.75528e-10	0.00356436
3.75599e-10	0.00357546
3.7567e-10	0.00358656
3.75741e-10	0.00359766
3.75812e-10	0.00360878
3.75883e-10	0.0036199
3.75954e-10	0.00363102
3.76024e-10	0.00364215
3.76095e-10	0.00365329
3.76166e-10	0.00366444
3.76237e-10	0.00367559
3.76308e-10	0.00368675
3.76379e-10	0.00369791
3.7645e-10	0.00370908
3.76521e-10	0.00372026
3.76592e-10	0.00373144
3.76663e-10	0.00374263
3.76734e-10	0.00375382
3.76805e-10	0.00376503
3.76876e-10	0.00377623
3.76947e-10	0.00378745
3.77017e-10	0.00379867
3.77088e-10	0.00380989
3.77159e-10	0.00382113
3.7723e-10	0.00383236
3.77301e-10	0.00384361
3.77372e-10	0.00385486
3.77443e-10	0.00386612
3.77514e-10	0.00387738
3.77585e-10	0.00388865
3.77656e-10	0.00389992
3.77727e-10	0.0039112
3.77798e-10	0.00392249
3.77869e-10	0.00393378
3.7794e-10	0.00394508
3.7801e-10	0.00395639
3.78081e-10	0.0039677
3.78152e-10	0.00397901
3.78223e-10	0.00399033
3.78294e-10	0.00400166
3.78365e-10	0.004013
3.78436e-10	0.00402434
3.78507e-10	0.00403568
3.78578e-10	0.00404703
3.78649e-10	0.00405839
3.7872e-10	0.00406975
3.78791e-10	0.00408112
3.78862e-10	0.00409249
3.78933e-10	0.00410387
3.79003e-10	0.00411526
3.79074e-10	0.00412665
3.79145e-10	0.00413805
3.79216e-10	0.00414945
3.79287e-10	0.00416085
3.79358e-10	0.00417227
3.79429e-10	0.00418369
3.795e-10	0.00419511
3.79571e-10	0.00420654
3.79642e-10	0.00421797
3.79713e-10	0.00422942
3.79784e-10	0.00424086
3.79855e-10	0.00425231
3.79926e-10	0.00426377
3.79996e-10	0.00427523
3.80067e-10	0.0042867
3.80138e-10	0.00429817
3.80209e-10	0.00430965
3.8028e-10	0.00432113
3.80351e-10	0.00433262
3.80422e-10	0.00434412
3.80493e-10	0.00435562
3.80564e-10	0.00436712
3.80635e-10	0.00437863
3.80706e-10	0.00439014
3.80777e-10	0.00440166
3.80848e-10	0.00441319
3.80919e-10	0.00442472
3.80989e-10	0.00443625
3.8106e-10	0.00444779
3.81131e-10	0.00445934
3.81202e-10	0.00447089
3.81273e-10	0.00448245
3.81344e-10	0.00449401
3.81415e-10	0.00450557
3.81486e-10	0.00451714
3.81557e-10	0.00452872
3.81628e-10	0.0045403
3.81699e-10	0.00455188
3.8177e-10	0.00456347
3.81841e-10	0.00457507
3.81911e-10	0.00458667
3.81982e-10	0.00459827
3.82053e-10	0.00460988
3.82124e-10	0.00462149
3.82195e-10	0.00463311
3.82266e-10	0.00464474
3.82337e-10	0.00465637
3.82408e-10	0.004668
3.82479e-10	0.00467964
3.8255e-10	0.00469128
3.82621e-10	0.00470292
3.82692e-10	0.00471458
3.82763e-10	0.00472623
3.82834e-10	0.00473789
3.82904e-10	0.00474956
3.82975e-10	0.00476123
3.83046e-10	0.0047729
3.83117e-10	0.00478458
3.83188e-10	0.00479626
3.83259e-10	0.00480795
3.8333e-10	0.00481964
3.83401e-10	0.00483134
3.83472e-10	0.00484304
3.83543e-10	0.00485474
3.83614e-10	0.00486645
3.83685e-10	0.00487817
3.83756e-10	0.00488988
3.83827e-10	0.0049016
3.83897e-10	0.00491333
3.83968e-10	0.00492506
3.84039e-10	0.0049368
3.8411e-10	0.00494854
3.84181e-10	0.00496028
3.84252e-10	0.00497203
3.84323e-10	0.00498378
3.84394e-10	0.00499553
3.84465e-10	0.00500729
3.84536e-10	0.00501905
3.84607e-10	0.00503082
3.84678e-10	0.00504259
3.84749e-10	0.00505437
3.8482e-10	0.00506615
3.8489e-10	0.00507793
3.84961e-10	0.00508972
3.85032e-10	0.00510151
3.85103e-10	0.0051133
3.85174e-10	0.0051251
3.85245e-10	0.00513691
3.85316e-10	0.00514871
3.85387e-10	0.00516052
3.85458e-10	0.00517234
3.85529e-10	0.00518415
3.856e-10	0.00519597
3.85671e-10	0.0052078
3.85742e-10	0.00521963
3.85813e-10	0.00523146
3.85883e-10	0.0052433
3.85954e-10	0.00525514
3.86025e-10	0.00526698
3.86096e-10	0.00527883
3.86167e-10	0.00529068
3.86238e-10	0.00530253
3.86309e-10	0.00531439
3.8638e-10	0.00532625
3.86451e-10	0.00533811
3.86522e-10	0.00534998
3.86593e-10	0.00536185
3.86664e-10	0.00537372
3.86735e-10	0.0053856
3.86806e-10	0.00539748
3.86876e-10	0.00540937
3.86947e-10	0.00542125
3.87018e-10	0.00543314
3.87089e-10	0.00544504
3.8716e-10	0.00545693
3.87231e-10	0.00546883
3.87302e-10	0.00548074
3.87373e-10	0.00549264
3.87444e-10	0.00550455
3.87515e-10	0.00551647
3.87586e-10	0.00552838
3.87657e-10	0.0055403
3.87728e-10	0.00555222
3.87799e-10	0.00556415
3.87869e-10	0.00557607
3.8794e-10	0.00558801
3.88011e-10	0.00559994
3.88082e-10	0.00561188
3.88153e-10	0.00562381
3.88224e-10	0.00563576
3.88295e-10	0.0056477
3.88366e-10	0.00565965
3.88437e-10	0.0056716
3.88508e-10	0.00568355
3.88579e-10	0.00569551
3.8865e-10	0.00570747
3.88721e-10	0.00571943
3.88792e-10	0.00573139
3.88862e-10	0.00574336
3.88933e-10	0.00575533
3.89004e-10	0.0057673
3.89075e-10	0.00577927
3.89146e-10	0.00579125
3.89217e-10	0.00580323
3.89288e-10	0.00581521
3.89359e-10	0.0058272
3.8943e-10	0.00583918
3.89501e-10	0.00585117
3.89572e-10	0.00586317
3.89643e-10	0.00587516
3.89714e-10	0.00588715
3.89784e-10	0.00589915
3.89855e-10	0.00591115
3.89926e-10	0.00592316
3.89997e-10	0.00593516
3.90068e-10	0.00594717
3.90139e-10	0.00595918
3.9021e-10	0.00597119
3.90281e-10	0.00598321
3.90352e-10	0.00599522
3.90423e-10	0.00600724
3.90494e-10	0.00601926
3.90565e-10	0.00603128
3.90636e-10	0.00604331
3.90707e-10	0.00605533
3.90777e-10	0.00606736
3.90848e-10	0.00607939
3.90919e-10	0.00609142
3.9099e-10	0.00610346
3.91061e-10	0.00611549
3.91132e-10	0.00612753
3.91203e-10	0.00613957
3.91274e-10	0.00615161
3.91345e-10	0.00616365
3.91416e-10	0.0061757
3.91487e-10	0.00618775
3.91558e-10	0.00619979
3.91629e-10	0.00621184
3.917e-10	0.00622389
3.9177e-10	0.00623595
3.91841e-10	0.006248
3.91912e-10	0.00626006
3.91983e-10	0.00627212
3.92054e-10	0.00628417
3.92125e-10	0.00629624
3.92196e-10	0.0063083
3.92267e-10	0.00632036
3.92338e-10	0.00633243
3.92409e-10	0.00634449
3.9248e-10	0.00635656
3.92551e-10	0.00636863
3.92622e-10	0.0063807
3.92693e-10	0.00639277
3.92763e-10	0.00640484
3.92834e-10	0.00641692
3.92905e-10	0.00642899
3.92976e-10	0.00644107
3.93047e-10	0.00645314
3.93118e-10	0.00646522
3.93189e-10	0.0064773
3.9326e-10	0.00648938
3.93331e-10	0.00650146
3.93402e-10	0.00651355
3.93473e-10	0.00652563
3.93544e-10	0.00653771
3.93615e-10	0.0065498
3.93686e-10	0.00656189
3.93756e-10	0.00657397
3.93827e-10	0.00658606
3.93898e-10	0.00659815
3.93969e-10	0.00661024
3.9404e-10	0.00662233
3.94111e-10	0.00663442
3.94182e-10	0.00664651
3.94253e-10	0.00665861
3.94324e-10	0.0066707
3.94395e-10	0.00668279
3.94466e-10	0.00669489
3.94537e-10	0.00670698
3.94608e-10	0.00671908
3.94679e-10	0.00673117
3.94749e-10	0.00674327
3.9482e-10	0.00675537
3.94891e-10	0.00676746
3.94962e-10	0.00677956
3.95033e-10	0.00679166
3.95104e-10	0.00680376
3.95175e-10	0.00681586
3.95246e-10	0.00682795
3.95317e-10	0.00684005
3.95388e-10	0.00685215
3.95459e-10	0.00686425
3.9553e-10	0.00687635
3.95601e-10	0.00688845
3.95672e-10	0.00690055
3.95742e-10	0.00691265
3.95813e-10	0.00692475
3.95884e-10	0.00693685
3.95955e-10	0.00694896
3.96026e-10	0.00696106
3.96097e-10	0.00697316
3.96168e-10	0.00698526
3.96239e-10	0.00699736
3.9631e-10	0.00700946
3.96381e-10	0.00702156
3.96452e-10	0.00703366
3.96523e-10	0.00704576
3.96594e-10	0.00705786
3.96665e-10	0.00706995
3.96735e-10	0.00708205
3.96806e-10	0.00709415
3.96877e-10	0.00710625
3.96948e-10	0.00711835
3.97019e-10	0.00713044
3.9709e-10	0.00714254
3.97161e-10	0.00715464
3.97232e-10	0.00716673
3.97303e-10	0.00717883
3.97374e-10	0.00719092
3.97445e-10	0.00720302
3.97516e-10	0.00721511
3.97587e-10	0.00722721
3.97658e-10	0.0072393
3.97728e-10	0.00725139
3.97799e-10	0.00726348
3.9787e-10	0.00727557
3.97941e-10	0.00728766
3.98012e-10	0.00729975
3.98083e-10	0.00731184
3.98154e-10	0.00732392
3.98225e-10	0.00733601
3.98296e-10	0.0073481
3.98367e-10	0.00736018
3.98438e-10	0.00737226
3.98509e-10	0.00738435
3.9858e-10	0.00739643
3.9865e-10	0.00740851
3.98721e-10	0.00742059
3.98792e-10	0.00743266
3.98863e-10	0.00744474
3.98934e-10	0.00745682
3.99005e-10	0.00746889
3.99076e-10	0.00748096
3.99147e-10	0.00749304
3.99218e-10	0.00750511
3.99289e-10	0.00751718
3.9936e-10	0.00752924
3.99431e-10	0.00754131
3.99502e-10	0.00755338
3.99573e-10	0.00756544
3.99643e-10	0.0075775
3.99714e-10	0.00758956
3.99785e-10	0.00760162
3.99856e-10	0.00761368
3.99927e-10	0.00762573
3.99998e-10	0.00763779
4.00069e-10	0.00764984
4.0014e-10	0.00766189
4.00211e-10	0.00767394
4.00282e-10	0.00768599
4.00353e-10	0.00769804
4.00424e-10	0.00771008
4.00495e-10	0.00772212
4.00566e-10	0.00773416
4.00636e-10	0.0077462
4.00707e-10	0.00775824
4.00778e-10	0.00777027
4.00849e-10	0.0077823
4.0092e-10	0.00779433
4.00991e-10	0.00780636
4.01062e-10	0.00781839
4.01133e-10	0.00783041
4.01204e-10	0.00784244
4.01275e-10	0.00785446
4.01346e-10	0.00786647
4.01417e-10	0.00787849
4.01488e-10	0.0078905
4.01559e-10	0.00790251
4.01629e-10	0.00791452
4.017e-10	0.00792653
4.01771e-10	0.00793853
4.01842e-10	0.00795053
4.01913e-10	0.00796253
4.01984e-10	0.00797453
4.02055e-10	0.00798652
4.02126e-10	0.00799851
4.02197e-10	0.0080105
4.02268e-10	0.00802249
4.02339e-10	0.00803447
4.0241e-10	0.00804645
4.02481e-10	0.00805843
4.02552e-10	0.00807041
4.02622e-10	0.00808238
4.02693e-10	0.00809435
4.02764e-10	0.00810632
4.02835e-10	0.00811828
4.02906e-10	0.00813025
4.02977e-10	0.0081422
4.03048e-10	0.00815416
4.03119e-10	0.00816611
4.0319e-10	0.00817806
4.03261e-10	0.00819001
4.03332e-10	0.00820195
4.03403e-10	0.0082139
4.03474e-10	0.00822583
4.03545e-10	0.00823777
4.03615e-10	0.0082497
4.03686e-10	0.00826163
4.03757e-10	0.00827355
4.03828e-10	0.00828547
4.03899e-10	0.00829739
4.0397e-10	0.00830931
4.04041e-10	0.00832122
4.04112e-10	0.00833313
4.04183e-10	0.00834503
4.04254e-10	0.00835693
4.04325e-10	0.00836883
4.04396e-10	0.00838072
4.04467e-10	0.00839261
4.04538e-10	0.0084045
4.04608e-10	0.00841638
4.04679e-10	0.00842826
4.0475e-10	0.00844014
4.04821e-10	0.00845201
4.04892e-10	0.00846388
4.04963e-10	0.00847575
4.05034e-10	0.00848761
4.05105e-10	0.00849946
4.05176e-10	0.00851132
4.05247e-10	0.00852317
4.05318e-10	0.00853501
4.05389e-10	0.00854685
4.0546e-10	0.00855869
4.05531e-10	0.00857052
4.05601e-10	0.00858235
4.05672e-10	0.00859418
4.05743e-10	0.008606
4.05814e-10	0.00861781
4.05885e-10	0.00862963
4.05956e-10	0.00864143
4.06027e-10	0.00865324
4.06098e-10	0.00866504
4.06169e-10	0.00867683
4.0624e-10	0.00868862
4.06311e-10	0.00870041
4.06382e-10	0.00871219
4.06453e-10	0.00872397
4.06523e-10	0.00873575
4.06594e-10	0.00874751
4.06665e-10	0.00875928
4.06736e-10	0.00877104
4.06807e-10	0.00878279
4.06878e-10	0.00879454
4.06949e-10	0.00880629
4.0702e-10	0.00881803
4.07091e-10	0.00882977
4.07162e-10	0.0088415
4.07233e-10	0.00885322
4.07304e-10	0.00886494
4.07375e-10	0.00887666
4.07446e-10	0.00888837
4.07516e-10	0.00890008
4.07587e-10	0.00891178
4.07658e-10	0.00892348
4.07729e-10	0.00893517
4.078e-10	0.00894686
4.07871e-10	0.00895854
4.07942e-10	0.00897021
4.08013e-10	0.00898188
4.08084e-10	0.00899355
4.08155e-10	0.00900521
4.08226e-10	0.00901687
4.08297e-10	0.00902852
4.08368e-10	0.00904016
4.08439e-10	0.0090518
4.08509e-10	0.00906343
4.0858e-10	0.00907506
4.08651e-10	0.00908669
4.08722e-10	0.0090983
4.08793e-10	0.00910992
4.08864e-10	0.00912152
4.08935e-10	0.00913312
4.09006e-10	0.00914472
4.09077e-10	0.00915631
4.09148e-10	0.00916789
4.09219e-10	0.00917947
4.0929e-10	0.00919104
4.09361e-10	0.00920261
4.09432e-10	0.00921417
4.09502e-10	0.00922572
4.09573e-10	0.00923727
4.09644e-10	0.00924881
4.09715e-10	0.00926035
4.09786e-10	0.00927188
4.09857e-10	0.0092834
4.09928e-10	0.00929492
4.09999e-10	0.00930643
4.1007e-10	0.00931794
4.10141e-10	0.00932944
4.10212e-10	0.00934093
4.10283e-10	0.00935242
4.10354e-10	0.0093639
4.10425e-10	0.00937537
4.10495e-10	0.00938684
4.10566e-10	0.0093983
4.10637e-10	0.00940976
4.10708e-10	0.00942121
4.10779e-10	0.00943265
4.1085e-10	0.00944409
4.10921e-10	0.00945552
4.10992e-10	0.00946694
4.11063e-10	0.00947836
4.11134e-10	0.00948977
4.11205e-10	0.00950117
4.11276e-10	0.00951256
4.11347e-10	0.00952395
4.11418e-10	0.00953534
4.11488e-10	0.00954671
4.11559e-10	0.00955808
4.1163e-10	0.00956944
4.11701e-10	0.00958079
4.11772e-10	0.00959214
4.11843e-10	0.00960348
4.11914e-10	0.00961482
4.11985e-10	0.00962614
4.12056e-10	0.00963746
4.12127e-10	0.00964877
4.12198e-10	0.00966008
4.12269e-10	0.00967138
4.1234e-10	0.00968267
4.12411e-10	0.00969395
4.12481e-10	0.00970523
4.12552e-10	0.00971649
4.12623e-10	0.00972776
4.12694e-10	0.00973901
4.12765e-10	0.00975026
4.12836e-10	0.00976149
4.12907e-10	0.00977273
4.12978e-10	0.00978395
4.13049e-10	0.00979516
4.1312e-10	0.00980637
4.13191e-10	0.00981757
4.13262e-10	0.00982877
4.13333e-10	0.00983995
4.13404e-10	0.00985113
4.13474e-10	0.0098623
4.13545e-10	0.00987346
4.13616e-10	0.00988461
4.13687e-10	0.00989576
4.13758e-10	0.0099069
4.13829e-10	0.00991802
4.139e-10	0.00992915
4.13971e-10	0.00994026
4.14042e-10	0.00995137
4.14113e-10	0.00996246
4.14184e-10	0.00997355
4.14255e-10	0.00998463
4.14326e-10	0.00999571
4.14396e-10	0.0100068
4.14467e-10	0.0100178
4.14538e-10	0.0100289
4.14609e-10	0.0100399
4.1468e-10	0.0100509
4.14751e-10	0.010062
4.14822e-10	0.010073
4.14893e-10	0.010084
4.14964e-10	0.010095
4.15035e-10	0.010106
4.15106e-10	0.0101169
4.15177e-10	0.0101279
4.15248e-10	0.0101389
4.15319e-10	0.0101498
4.15389e-10	0.0101608
4.1546e-10	0.0101717
4.15531e-10	0.0101826
4.15602e-10	0.0101936
4.15673e-10	0.0102045
4.15744e-10	0.0102154
4.15815e-10	0.0102263
4.15886e-10	0.0102371
4.15957e-10	0.010248
4.16028e-10	0.0102589
4.16099e-10	0.0102697
4.1617e-10	0.0102806
4.16241e-10	0.0102914
4.16312e-10	0.0103022
4.16382e-10	0.0103131
4.16453e-10	0.0103239
4.16524e-10	0.0103347
4.16595e-10	0.0103455
4.16666e-10	0.0103562
4.16737e-10	0.010367
4.16808e-10	0.0103778
4.16879e-10	0.0103885
4.1695e-10	0.0103993
4.17021e-10	0.01041
4.17092e-10	0.0104207
4.17163e-10	0.0104314
4.17234e-10	0.0104421
4.17305e-10	0.0104528
4.17375e-10	0.0104635
4.17446e-10	0.0104742
4.17517e-10	0.0104848
4.17588e-10	0.0104955
4.17659e-10	0.0105061
4.1773e-10	0.0105168
4.17801e-10	0.0105274
4.17872e-10	0.010538
4.17943e-10	0.0105486
4.18014e-10	0.0105592
4.18085e-10	0.0105698
4.18156e-10	0.0105804
4.18227e-10	0.0105909
4.18298e-10	0.0106015
4.18368e-10	0.010612
4.18439e-10	0.0106225
4.1851e-10	0.0106331
4.18581e-10	0.0106436
4.18652e-10	0.0106541
4.18723e-10	0.0106646
4.18794e-10	0.010675
4.18865e-10	0.0106855
4.18936e-10	0.010696
4.19007e-10	0.0107064
4.19078e-10	0.0107169
4.19149e-10	0.0107273
4.1922e-10	0.0107377
4.19291e-10	0.0107481
4.19361e-10	0.0107585
4.19432e-10	0.0107689
4.19503e-10	0.0107793
4.19574e-10	0.0107896
4.19645e-10	0.0108
4.19716e-10	0.0108103
4.19787e-10	0.0108206
4.19858e-10	0.0108309
4.19929e-10	0.0108413
4.2e-10	0.0108515
4.20071e-10	0.0108618
4.20142e-10	0.0108721
4.20213e-10	0.0108824
4.20284e-10	0.0108926
4.20354e-10	0.0109028
4.20425e-10	0.0109131
4.20496e-10	0.0109233
4.20567e-10	0.0109335
4.20638e-10	0.0109437
4.20709e-10	0.0109539
4.2078e-10	0.010964
4.20851e-10	0.0109742
4.20922e-10	0.0109843
4.20993e-10	0.0109945
4.21064e-10	0.0110046
4.21135e-10	0.0110147
4.21206e-10	0.0110248
4.21277e-10	0.0110349
4.21347e-10	0.011045
4.21418e-10	0.011055
4.21489e-10	0.0110651
4.2156e-10	0.0110751
4.21631e-10	0.0110851
4.21702e-10	0.0110952
4.21773e-10	0.0111052
4.21844e-10	0.0111152
4.21915e-10	0.0111251
4.21986e-10	0.0111351
4.22057e-10	0.0111451
4.22128e-10	0.011155
4.22199e-10	0.0111649
4.22269e-10	0.0111748
4.2234e-10	0.0111847
4.22411e-10	0.0111946
4.22482e-10	0.0112045
4.22553e-10	0.0112144
4.22624e-10	0.0112242
4.22695e-10	0.0112341
4.22766e-10	0.0112439
4.22837e-10	0.0112537
4.22908e-10	0.0112635
4.22979e-10	0.0112733
4.2305e-10	0.0112831
4.23121e-10	0.0112929
4.23192e-10	0.0113026
4.23262e-10	0.0113123
4.23333e-10	0.0113221
4.23404e-10	0.0113318
4.23475e-10	0.0113415
4.23546e-10	0.0113512
4.23617e-10	0.0113609
4.23688e-10	0.0113705
4.23759e-10	0.0113802
4.2383e-10	0.0113898
4.23901e-10	0.0113994
4.23972e-10	0.011409
4.24043e-10	0.0114186
4.24114e-10	0.0114282
4.24185e-10	0.0114378
4.24255e-10	0.0114473
4.24326e-10	0.0114569
4.24397e-10	0.0114664
4.24468e-10	0.0114759
4.24539e-10	0.0114854
4.2461e-10	0.0114949
4.24681e-10	0.0115044
4.24752e-10	0.0115138
4.24823e-10	0.0115233
4.24894e-10	0.0115327
4.24965e-10	0.0115421
4.25036e-10	0.0115515
4.25107e-10	0.0115609
4.25178e-10	0.0115703
4.25248e-10	0.0115796
4.25319e-10	0.011589
4.2539e-10	0.0115983
4.25461e-10	0.0116076
4.25532e-10	0.011617
4.25603e-10	0.0116262
4.25674e-10	0.0116355
4.25745e-10	0.0116448
4.25816e-10	0.011654
4.25887e-10	0.0116633
4.25958e-10	0.0116725
4.26029e-10	0.0116817
4.261e-10	0.0116909
4.26171e-10	0.0117001
4.26241e-10	0.0117092
4.26312e-10	0.0117184
4.26383e-10	0.0117275
4.26454e-10	0.0117366
4.26525e-10	0.0117457
4.26596e-10	0.0117548
4.26667e-10	0.0117639
4.26738e-10	0.0117729
4.26809e-10	0.011782
4.2688e-10	0.011791
4.26951e-10	0.0118
4.27022e-10	0.011809
4.27093e-10	0.011818
4.27164e-10	0.011827
4.27234e-10	0.0118359
4.27305e-10	0.0118449
4.27376e-10	0.0118538
4.27447e-10	0.0118627
4.27518e-10	0.0118716
4.27589e-10	0.0118805
4.2766e-10	0.0118894
4.27731e-10	0.0118982
4.27802e-10	0.011907
4.27873e-10	0.0119159
4.27944e-10	0.0119247
4.28015e-10	0.0119334
4.28086e-10	0.0119422
4.28157e-10	0.011951
4.28227e-10	0.0119597
4.28298e-10	0.0119684
4.28369e-10	0.0119771
4.2844e-10	0.0119858
4.28511e-10	0.0119945
4.28582e-10	0.0120032
4.28653e-10	0.0120118
4.28724e-10	0.0120204
4.28795e-10	0.012029
4.28866e-10	0.0120376
4.28937e-10	0.0120462
4.29008e-10	0.0120548
4.29079e-10	0.0120633
4.2915e-10	0.0120719
4.2922e-10	0.0120804
4.29291e-10	0.0120889
4.29362e-10	0.0120974
4.29433e-10	0.0121058
4.29504e-10	0.0121143
4.29575e-10	0.0121227
4.29646e-10	0.0121311
4.29717e-10	0.0121395
4.29788e-10	0.0121479
4.29859e-10	0.0121563
4.2993e-10	0.0121647
4.30001e-10	0.012173
4.30072e-10	0.0121813
4.30142e-10	0.0121896
4.30213e-10	0.0121979
4.30284e-10	0.0122062
4.30355e-10	0.0122144
4.30426e-10	0.0122227
4.30497e-10	0.0122309
4.30568e-10	0.0122391
4.30639e-10	0.0122473
4.3071e-10	0.0122554
4.30781e-10	0.0122636
4.30852e-10	0.0122717
4.30923e-10	0.0122798
4.30994e-10	0.0122879
4.31065e-10	0.012296
4.31135e-10	0.0123041
4.31206e-10	0.0123121
4.31277e-10	0.0123202
4.31348e-10	0.0123282
4.31419e-10	0.0123362
4.3149e-10	0.0123441
4.31561e-10	0.0123521
4.31632e-10	0.01236
4.31703e-10	0.012368
4.31774e-10	0.0123759
4.31845e-10	0.0123838
4.31916e-10	0.0123916
4.31987e-10	0.0123995
4.32058e-10	0.0124073
4.32128e-10	0.0124152
4.32199e-10	0.012423
4.3227e-10	0.0124307
4.32341e-10	0.0124385
4.32412e-10	0.0124463
4.32483e-10	0.012454
4.32554e-10	0.0124617
4.32625e-10	0.0124694
4.32696e-10	0.0124771
4.32767e-10	0.0124847
4.32838e-10	0.0124924
4.32909e-10	0.0125
4.3298e-10	0.0125076
4.33051e-10	0.0125152
4.33121e-10	0.0125227
4.33192e-10	0.0125303
4.33263e-10	0.0125378
4.33334e-10	0.0125453
4.33405e-10	0.0125528
4.33476e-10	0.0125603
4.33547e-10	0.0125677
4.33618e-10	0.0125752
4.33689e-10	0.0125826
4.3376e-10	0.01259
4.33831e-10	0.0125974
4.33902e-10	0.0126047
4.33973e-10	0.0126121
4.34044e-10	0.0126194
4.34114e-10	0.0126267
4.34185e-10	0.012634
4.34256e-10	0.0126413
4.34327e-10	0.0126485
4.34398e-10	0.0126558
4.34469e-10	0.012663
4.3454e-10	0.0126702
4.34611e-10	0.0126773
4.34682e-10	0.0126845
4.34753e-10	0.0126916
4.34824e-10	0.0126987
4.34895e-10	0.0127058
4.34966e-10	0.0127129
4.35037e-10	0.01272
4.35107e-10	0.012727
4.35178e-10	0.012734
4.35249e-10	0.012741
4.3532e-10	0.012748
4.35391e-10	0.0127549
4.35462e-10	0.0127619
4.35533e-10	0.0127688
4.35604e-10	0.0127757
4.35675e-10	0.0127826
4.35746e-10	0.0127894
4.35817e-10	0.0127963
4.35888e-10	0.0128031
4.35959e-10	0.0128099
4.3603e-10	0.0128167
4.361e-10	0.0128234
4.36171e-10	0.0128302
4.36242e-10	0.0128369
4.36313e-10	0.0128436
4.36384e-10	0.0128503
4.36455e-10	0.0128569
4.36526e-10	0.0128636
4.36597e-10	0.0128702
4.36668e-10	0.0128768
4.36739e-10	0.0128834
4.3681e-10	0.0128899
4.36881e-10	0.0128965
4.36952e-10	0.012903
4.37023e-10	0.0129095
4.37093e-10	0.012916
4.37164e-10	0.0129224
4.37235e-10	0.0129288
4.37306e-10	0.0129353
4.37377e-10	0.0129417
4.37448e-10	0.012948
4.37519e-10	0.0129544
4.3759e-10	0.0129607
4.37661e-10	0.012967
4.37732e-10	0.0129733
4.37803e-10	0.0129796
4.37874e-10	0.0129858
4.37945e-10	0.0129921
4.38015e-10	0.0129983
4.38086e-10	0.0130044
4.38157e-10	0.0130106
4.38228e-10	0.0130167
4.38299e-10	0.0130229
4.3837e-10	0.013029
4.38441e-10	0.013035
4.38512e-10	0.0130411
4.38583e-10	0.0130471
4.38654e-10	0.0130531
4.38725e-10	0.0130591
4.38796e-10	0.0130651
4.38867e-10	0.0130711
4.38938e-10	0.013077
4.39008e-10	0.0130829
4.39079e-10	0.0130888
4.3915e-10	0.0130946
4.39221e-10	0.0131005
4.39292e-10	0.0131063
4.39363e-10	0.0131121
4.39434e-10	0.0131179
4.39505e-10	0.0131236
4.39576e-10	0.0131294
4.39647e-10	0.0131351
4.39718e-10	0.0131408
4.39789e-10	0.0131464
4.3986e-10	0.0131521
4.39931e-10	0.0131577
4.40001e-10	0.0131633
4.40072e-10	0.0131689
4.40143e-10	0.0131744
4.40214e-10	0.0131799
4.40285e-10	0.0131855
4.40356e-10	0.0131909
4.40427e-10	0.0131964
4.40498e-10	0.0132018
4.40569e-10	0.0132073
4.4064e-10	0.0132127
4.40711e-10	0.013218
4.40782e-10	0.0132234
4.40853e-10	0.0132287
4.40924e-10	0.013234
4.40994e-10	0.0132393
4.41065e-10	0.0132446
4.41136e-10	0.0132498
4.41207e-10	0.013255
4.41278e-10	0.0132602
4.41349e-10	0.0132654
4.4142e-10	0.0132705
4.41491e-10	0.0132757
4.41562e-10	0.0132808
4.41633e-10	0.0132858
4.41704e-10	0.0132909
4.41775e-10	0.0132959
4.41846e-10	0.0133009
4.41917e-10	0.0133059
4.41987e-10	0.0133109
4.42058e-10	0.0133158
4.42129e-10	0.0133207
4.422e-10	0.0133256
4.42271e-10	0.0133305
4.42342e-10	0.0133353
4.42413e-10	0.0133402
4.42484e-10	0.0133449
4.42555e-10	0.0133497
4.42626e-10	0.0133545
4.42697e-10	0.0133592
4.42768e-10	0.0133639
4.42839e-10	0.0133686
4.4291e-10	0.0133732
4.4298e-10	0.0133779
4.43051e-10	0.0133825
4.43122e-10	0.0133871
4.43193e-10	0.0133916
4.43264e-10	0.0133962
4.43335e-10	0.0134007
4.43406e-10	0.0134051
4.43477e-10	0.0134096
4.43548e-10	0.0134141
4.43619e-10	0.0134185
4.4369e-10	0.0134229
4.43761e-10	0.0134272
4.43832e-10	0.0134316
4.43903e-10	0.0134359
4.43973e-10	0.0134402
4.44044e-10	0.0134444
4.44115e-10	0.0134487
4.44186e-10	0.0134529
4.44257e-10	0.0134571
4.44328e-10	0.0134613
4.44399e-10	0.0134654
4.4447e-10	0.0134695
4.44541e-10	0.0134736
4.44612e-10	0.0134777
4.44683e-10	0.0134818
4.44754e-10	0.0134858
4.44825e-10	0.0134898
4.44896e-10	0.0134937
4.44966e-10	0.0134977
4.45037e-10	0.0135016
4.45108e-10	0.0135055
4.45179e-10	0.0135094
4.4525e-10	0.0135132
4.45321e-10	0.0135171
4.45392e-10	0.0135209
4.45463e-10	0.0135246
4.45534e-10	0.0135284
4.45605e-10	0.0135321
4.45676e-10	0.0135358
4.45747e-10	0.0135395
4.45818e-10	0.0135431
4.45889e-10	0.0135467
4.45959e-10	0.0135503
4.4603e-10	0.0135539
4.46101e-10	0.0135574
4.46172e-10	0.013561
4.46243e-10	0.0135644
4.46314e-10	0.0135679
4.46385e-10	0.0135713
4.46456e-10	0.0135748
4.46527e-10	0.0135782
4.46598e-10	0.0135815
4.46669e-10	0.0135849
4.4674e-10	0.0135882
4.46811e-10	0.0135914
4.46881e-10	0.0135947
4.46952e-10	0.0135979
4.47023e-10	0.0136011
4.47094e-10	0.0136043
4.47165e-10	0.0136075
4.47236e-10	0.0136106
4.47307e-10	0.0136137
4.47378e-10	0.0136168
4.47449e-10	0.0136198
4.4752e-10	0.0136229
4.47591e-10	0.0136259
4.47662e-10	0.0136288
4.47733e-10	0.0136318
4.47804e-10	0.0136347
4.47874e-10	0.0136376
4.47945e-10	0.0136405
4.48016e-10	0.0136433
4.48087e-10	0.0136461
4.48158e-10	0.0136489
4.48229e-10	0.0136516
4.483e-10	0.0136544
4.48371e-10	0.0136571
4.48442e-10	0.0136598
4.48513e-10	0.0136624
4.48584e-10	0.013665
4.48655e-10	0.0136676
4.48726e-10	0.0136702
4.48797e-10	0.0136727
4.48867e-10	0.0136753
4.48938e-10	0.0136777
4.49009e-10	0.0136802
4.4908e-10	0.0136826
4.49151e-10	0.0136851
4.49222e-10	0.0136874
4.49293e-10	0.0136898
4.49364e-10	0.0136921
4.49435e-10	0.0136944
4.49506e-10	0.0136967
4.49577e-10	0.0136989
4.49648e-10	0.0137011
4.49719e-10	0.0137033
4.4979e-10	0.0137055
4.4986e-10	0.0137076
4.49931e-10	0.0137097
4.50002e-10	0.0137118
4.50073e-10	0.0137139
4.50144e-10	0.0137159
4.50215e-10	0.0137179
4.50286e-10	0.0137198
4.50357e-10	0.0137218
4.50428e-10	0.0137237
4.50499e-10	0.0137256
4.5057e-10	0.0137274
4.50641e-10	0.0137292
4.50712e-10	0.013731
4.50783e-10	0.0137328
4.50853e-10	0.0137346
4.50924e-10	0.0137363
4.50995e-10	0.013738
4.51066e-10	0.0137396
4.51137e-10	0.0137412
4.51208e-10	0.0137429
4.51279e-10	0.0137444
4.5135e-10	0.013746
4.51421e-10	0.0137475
4.51492e-10	0.013749
4.51563e-10	0.0137504
4.51634e-10	0.0137519
4.51705e-10	0.0137533
4.51776e-10	0.0137546
4.51846e-10	0.013756
4.51917e-10	0.0137573
4.51988e-10	0.0137586
4.52059e-10	0.0137598
4.5213e-10	0.0137611
4.52201e-10	0.0137623
4.52272e-10	0.0137634
4.52343e-10	0.0137646
4.52414e-10	0.0137657
4.52485e-10	0.0137668
4.52556e-10	0.0137678
4.52627e-10	0.0137689
4.52698e-10	0.0137699
4.52769e-10	0.0137708
4.52839e-10	0.0137718
4.5291e-10	0.0137727
4.52981e-10	0.0137736
4.53052e-10	0.0137744
4.53123e-10	0.0137752
4.53194e-10	0.013776
4.53265e-10	0.0137768
4.53336e-10	0.0137775
4.53407e-10	0.0137782
4.53478e-10	0.0137789
4.53549e-10	0.0137796
4.5362e-10	0.0137802
4.53691e-10	0.0137808
4.53762e-10	0.0137813
4.53832e-10	0.0137819
4.53903e-10	0.0137823
4.53974e-10	0.0137828
4.54045e-10	0.0137833
4.54116e-10	0.0137837
4.54187e-10	0.013784
4.54258e-10	0.0137844
4.54329e-10	0.0137847
4.544e-10	0.013785
4.54471e-10	0.0137853
4.54542e-10	0.0137855
4.54613e-10	0.0137857
4.54684e-10	0.0137859
4.54754e-10	0.013786
4.54825e-10	0.0137861
4.54896e-10	0.0137862
4.54967e-10	0.0137862
4.55038e-10	0.0137862
4.55109e-10	0.0137862
4.5518e-10	0.0137862
4.55251e-10	0.0137861
4.55322e-10	0.013786
4.55393e-10	0.0137859
4.55464e-10	0.0137857
4.55535e-10	0.0137855
4.55606e-10	0.0137853
4.55677e-10	0.013785
4.55747e-10	0.0137847
4.55818e-10	0.0137844
4.55889e-10	0.0137841
4.5596e-10	0.0137837
4.56031e-10	0.0137833
4.56102e-10	0.0137828
4.56173e-10	0.0137824
4.56244e-10	0.0137819
4.56315e-10	0.0137813
4.56386e-10	0.0137808
4.56457e-10	0.0137802
4.56528e-10	0.0137795
4.56599e-10	0.0137789
4.5667e-10	0.0137782
4.5674e-10	0.0137775
4.56811e-10	0.0137767
4.56882e-10	0.0137759
4.56953e-10	0.0137751
4.57024e-10	0.0137743
4.57095e-10	0.0137734
4.57166e-10	0.0137725
4.57237e-10	0.0137715
4.57308e-10	0.0137706
4.57379e-10	0.0137696
4.5745e-10	0.0137685
4.57521e-10	0.0137675
4.57592e-10	0.0137664
4.57663e-10	0.0137652
4.57733e-10	0.0137641
4.57804e-10	0.0137629
4.57875e-10	0.0137617
4.57946e-10	0.0137604
4.58017e-10	0.0137591
4.58088e-10	0.0137578
4.58159e-10	0.0137564
4.5823e-10	0.013755
4.58301e-10	0.0137536
4.58372e-10	0.0137522
4.58443e-10	0.0137507
4.58514e-10	0.0137492
4.58585e-10	0.0137476
4.58656e-10	0.0137461
4.58726e-10	0.0137445
4.58797e-10	0.0137428
4.58868e-10	0.0137412
4.58939e-10	0.0137394
4.5901e-10	0.0137377
4.59081e-10	0.0137359
4.59152e-10	0.0137341
4.59223e-10	0.0137323
4.59294e-10	0.0137304
4.59365e-10	0.0137285
4.59436e-10	0.0137266
4.59507e-10	0.0137246
4.59578e-10	0.0137226
4.59649e-10	0.0137206
4.59719e-10	0.0137186
4.5979e-10	0.0137165
4.59861e-10	0.0137143
4.59932e-10	0.0137122
4.60003e-10	0.01371
4.60074e-10	0.0137078
4.60145e-10	0.0137055
4.60216e-10	0.0137032
4.60287e-10	0.0137009
4.60358e-10	0.0136985
4.60429e-10	0.0136961
4.605e-10	0.0136937
4.60571e-10	0.0136912
4.60642e-10	0.0136888
4.60712e-10	0.0136862
4.60783e-10	0.0136837
4.60854e-10	0.0136811
4.60925e-10	0.0136785
4.60996e-10	0.0136758
4.61067e-10	0.0136731
4.61138e-10	0.0136704
4.61209e-10	0.0136676
4.6128e-10	0.0136649
4.61351e-10	0.013662
4.61422e-10	0.0136592
4.61493e-10	0.0136563
4.61564e-10	0.0136534
4.61635e-10	0.0136504
4.61705e-10	0.0136474
4.61776e-10	0.0136444
4.61847e-10	0.0136413
4.61918e-10	0.0136383
4.61989e-10	0.0136351
4.6206e-10	0.013632
4.62131e-10	0.0136288
4.62202e-10	0.0136256
4.62273e-10	0.0136223
4.62344e-10	0.013619
4.62415e-10	0.0136157
4.62486e-10	0.0136123
4.62557e-10	0.0136089
4.62627e-10	0.0136055
4.62698e-10	0.013602
4.62769e-10	0.0135985
4.6284e-10	0.013595
4.62911e-10	0.0135914
4.62982e-10	0.0135878
4.63053e-10	0.0135842
4.63124e-10	0.0135805
4.63195e-10	0.0135768
4.63266e-10	0.0135731
4.63337e-10	0.0135693
4.63408e-10	0.0135655
4.63479e-10	0.0135617
4.6355e-10	0.0135578
4.6362e-10	0.0135539
4.63691e-10	0.01355
4.63762e-10	0.013546
4.63833e-10	0.013542
4.63904e-10	0.0135379
4.63975e-10	0.0135338
4.64046e-10	0.0135297
4.64117e-10	0.0135256
4.64188e-10	0.0135214
4.64259e-10	0.0135172
4.6433e-10	0.0135129
4.64401e-10	0.0135086
4.64472e-10	0.0135043
4.64543e-10	0.0134999
4.64613e-10	0.0134955
4.64684e-10	0.0134911
4.64755e-10	0.0134866
4.64826e-10	0.0134822
4.64897e-10	0.0134776
4.64968e-10	0.013473
4.65039e-10	0.0134684
4.6511e-10	0.0134638
4.65181e-10	0.0134591
4.65252e-10	0.0134544
4.65323e-10	0.0134497
4.65394e-10	0.0134449
4.65465e-10	0.0134401
4.65536e-10	0.0134352
4.65606e-10	0.0134303
4.65677e-10	0.0134254
4.65748e-10	0.0134205
4.65819e-10	0.0134155
4.6589e-10	0.0134104
4.65961e-10	0.0134054
4.66032e-10	0.0134003
4.66103e-10	0.0133952
4.66174e-10	0.01339
4.66245e-10	0.0133848
4.66316e-10	0.0133795
4.66387e-10	0.0133743
4.66458e-10	0.0133689
4.66529e-10	0.0133636
4.66599e-10	0.0133582
4.6667e-10	0.0133528
4.66741e-10	0.0133473
4.66812e-10	0.0133418
4.66883e-10	0.0133363
4.66954e-10	0.0133308
4.67025e-10	0.0133252
4.67096e-10	0.0133195
4.67167e-10	0.0133139
4.67238e-10	0.0133081
4.67309e-10	0.0133024
4.6738e-10	0.0132966
4.67451e-10	0.0132908
4.67522e-10	0.013285
4.67592e-10	0.0132791
4.67663e-10	0.0132731
4.67734e-10	0.0132672
4.67805e-10	0.0132612
4.67876e-10	0.0132552
4.67947e-10	0.0132491
4.68018e-10	0.013243
4.68089e-10	0.0132368
4.6816e-10	0.0132307
4.68231e-10	0.0132245
4.68302e-10	0.0132182
4.68373e-10	0.0132119
4.68444e-10	0.0132056
4.68515e-10	0.0131992
4.68585e-10	0.0131928
4.68656e-10	0.0131864
4.68727e-10	0.0131799
4.68798e-10	0.0131734
4.68869e-10	0.0131669
4.6894e-10	0.0131603
4.69011e-10	0.0131537
4.69082e-10	0.013147
4.69153e-10	0.0131403
4.69224e-10	0.0131336
4.69295e-10	0.0131269
4.69366e-10	0.01312
4.69437e-10	0.0131132
4.69508e-10	0.0131063
4.69578e-10	0.0130994
4.69649e-10	0.0130925
4.6972e-10	0.0130855
4.69791e-10	0.0130785
4.69862e-10	0.0130714
4.69933e-10	0.0130643
4.70004e-10	0.0130572
4.70075e-10	0.01305
4.70146e-10	0.0130428
4.70217e-10	0.0130355
4.70288e-10	0.0130283
4.70359e-10	0.0130209
4.7043e-10	0.0130136
4.705e-10	0.0130062
4.70571e-10	0.0129988
4.70642e-10	0.0129913
4.70713e-10	0.0129838
4.70784e-10	0.0129762
4.70855e-10	0.0129687
4.70926e-10	0.012961
4.70997e-10	0.0129534
4.71068e-10	0.0129457
4.71139e-10	0.012938
4.7121e-10	0.0129302
4.71281e-10	0.0129224
4.71352e-10	0.0129145
4.71423e-10	0.0129067
4.71493e-10	0.0128987
4.71564e-10	0.0128908
4.71635e-10	0.0128828
4.71706e-10	0.0128747
4.71777e-10	0.0128667
4.71848e-10	0.0128586
4.71919e-10	0.0128504
4.7199e-10	0.0128422
4.72061e-10	0.012834
4.72132e-10	0.0128257
4.72203e-10	0.0128174
4.72274e-10	0.0128091
4.72345e-10	0.0128007
4.72416e-10	0.0127923
4.72486e-10	0.0127839
4.72557e-10	0.0127754
4.72628e-10	0.0127669
4.72699e-10	0.0127583
4.7277e-10	0.0127497
4.72841e-10	0.012741
4.72912e-10	0.0127324
4.72983e-10	0.0127236
4.73054e-10	0.0127149
4.73125e-10	0.0127061
4.73196e-10	0.0126973
4.73267e-10	0.0126884
4.73338e-10	0.0126795
4.73409e-10	0.0126705
4.73479e-10	0.0126615
4.7355e-10	0.0126525
4.73621e-10	0.0126435
4.73692e-10	0.0126344
4.73763e-10	0.0126252
4.73834e-10	0.012616
4.73905e-10	0.0126068
4.73976e-10	0.0125976
4.74047e-10	0.0125883
4.74118e-10	0.0125789
4.74189e-10	0.0125696
4.7426e-10	0.0125601
4.74331e-10	0.0125507
4.74402e-10	0.0125412
4.74472e-10	0.0125317
4.74543e-10	0.0125221
4.74614e-10	0.0125125
4.74685e-10	0.0125029
4.74756e-10	0.0124932
4.74827e-10	0.0124835
4.74898e-10	0.0124737
4.74969e-10	0.0124639
4.7504e-10	0.0124541
4.75111e-10	0.0124442
4.75182e-10	0.0124343
4.75253e-10	0.0124243
4.75324e-10	0.0124143
4.75395e-10	0.0124043
4.75465e-10	0.0123942
4.75536e-10	0.0123841
4.75607e-10	0.012374
4.75678e-10	0.0123638
4.75749e-10	0.0123535
4.7582e-10	0.0123433
4.75891e-10	0.012333
4.75962e-10	0.0123226
4.76033e-10	0.0123122
4.76104e-10	0.0123018
4.76175e-10	0.0122913
4.76246e-10	0.0122808
4.76317e-10	0.0122703
4.76388e-10	0.0122597
4.76458e-10	0.0122491
4.76529e-10	0.0122384
4.766e-10	0.0122277
4.76671e-10	0.012217
4.76742e-10	0.0122062
4.76813e-10	0.0121954
4.76884e-10	0.0121845
4.76955e-10	0.0121736
4.77026e-10	0.0121627
4.77097e-10	0.0121517
4.77168e-10	0.0121407
4.77239e-10	0.0121296
4.7731e-10	0.0121185
4.77381e-10	0.0121074
4.77451e-10	0.0120962
4.77522e-10	0.012085
4.77593e-10	0.0120738
4.77664e-10	0.0120625
4.77735e-10	0.0120511
4.77806e-10	0.0120398
4.77877e-10	0.0120283
4.77948e-10	0.0120169
4.78019e-10	0.0120054
4.7809e-10	0.0119939
4.78161e-10	0.0119823
4.78232e-10	0.0119707
4.78303e-10	0.011959
4.78373e-10	0.0119473
4.78444e-10	0.0119356
4.78515e-10	0.0119238
4.78586e-10	0.011912
4.78657e-10	0.0119002
4.78728e-10	0.0118883
4.78799e-10	0.0118763
4.7887e-10	0.0118643
4.78941e-10	0.0118523
4.79012e-10	0.0118403
4.79083e-10	0.0118282
4.79154e-10	0.011816
4.79225e-10	0.0118039
4.79296e-10	0.0117917
4.79366e-10	0.0117794
4.79437e-10	0.0117671
4.79508e-10	0.0117548
4.79579e-10	0.0117424
4.7965e-10	0.01173
4.79721e-10	0.0117175
4.79792e-10	0.011705
4.79863e-10	0.0116925
4.79934e-10	0.0116799
4.80005e-10	0.0116673
4.80076e-10	0.0116546
4.80147e-10	0.0116419
4.80218e-10	0.0116292
4.80289e-10	0.0116164
4.80359e-10	0.0116036
4.8043e-10	0.0115907
4.80501e-10	0.0115778
4.80572e-10	0.0115649
4.80643e-10	0.0115519
4.80714e-10	0.0115389
4.80785e-10	0.0115258
4.80856e-10	0.0115127
4.80927e-10	0.0114995
4.80998e-10	0.0114864
4.81069e-10	0.0114731
4.8114e-10	0.0114599
4.81211e-10	0.0114466
4.81282e-10	0.0114332
4.81352e-10	0.0114198
4.81423e-10	0.0114064
4.81494e-10	0.0113929
4.81565e-10	0.0113794
4.81636e-10	0.0113658
4.81707e-10	0.0113523
4.81778e-10	0.0113386
4.81849e-10	0.0113249
4.8192e-10	0.0113112
4.81991e-10	0.0112975
4.82062e-10	0.0112837
4.82133e-10	0.0112698
4.82204e-10	0.0112559
4.82275e-10	0.011242
4.82345e-10	0.0112281
4.82416e-10	0.0112141
4.82487e-10	0.0112
4.82558e-10	0.0111859
4.82629e-10	0.0111718
4.827e-10	0.0111576
4.82771e-10	0.0111434
4.82842e-10	0.0111292
4.82913e-10	0.0111149
4.82984e-10	0.0111005
4.83055e-10	0.0110862
4.83126e-10	0.0110718
4.83197e-10	0.0110573
4.83268e-10	0.0110428
4.83338e-10	0.0110283
4.83409e-10	0.0110137
4.8348e-10	0.0109991
4.83551e-10	0.0109844
4.83622e-10	0.0109697
4.83693e-10	0.0109549
4.83764e-10	0.0109402
4.83835e-10	0.0109253
4.83906e-10	0.0109105
4.83977e-10	0.0108955
4.84048e-10	0.0108806
4.84119e-10	0.0108656
4.8419e-10	0.0108506
4.84261e-10	0.0108355
4.84331e-10	0.0108204
4.84402e-10	0.0108052
4.84473e-10	0.01079
4.84544e-10	0.0107748
4.84615e-10	0.0107595
4.84686e-10	0.0107442
4.84757e-10	0.0107288
4.84828e-10	0.0107134
4.84899e-10	0.0106979
4.8497e-10	0.0106824
4.85041e-10	0.0106669
4.85112e-10	0.0106513
4.85183e-10	0.0106357
4.85254e-10	0.0106201
4.85324e-10	0.0106044
4.85395e-10	0.0105886
4.85466e-10	0.0105728
4.85537e-10	0.010557
4.85608e-10	0.0105412
4.85679e-10	0.0105252
4.8575e-10	0.0105093
4.85821e-10	0.0104933
4.85892e-10	0.0104773
4.85963e-10	0.0104612
4.86034e-10	0.0104451
4.86105e-10	0.0104289
4.86176e-10	0.0104127
4.86246e-10	0.0103965
4.86317e-10	0.0103802
4.86388e-10	0.0103639
4.86459e-10	0.0103475
4.8653e-10	0.0103311
4.86601e-10	0.0103147
4.86672e-10	0.0102982
4.86743e-10	0.0102816
4.86814e-10	0.010265
4.86885e-10	0.0102484
4.86956e-10	0.0102318
4.87027e-10	0.0102151
4.87098e-10	0.0101983
4.87169e-10	0.0101815
4.87239e-10	0.0101647
4.8731e-10	0.0101478
4.87381e-10	0.0101309
4.87452e-10	0.010114
4.87523e-10	0.010097
4.87594e-10	0.0100799
4.87665e-10	0.0100629
4.87736e-10	0.0100457
4.87807e-10	0.0100286
4.87878e-10	0.0100114
4.87949e-10	0.00999413
4.8802e-10	0.00997684
4.88091e-10	0.0099595
4.88162e-10	0.00994213
4.88232e-10	0.00992472
4.88303e-10	0.00990726
4.88374e-10	0.00988976
4.88445e-10	0.00987222
4.88516e-10	0.00985463
4.88587e-10	0.00983701
4.88658e-10	0.00981934
4.88729e-10	0.00980163
4.888e-10	0.00978387
4.88871e-10	0.00976608
4.88942e-10	0.00974824
4.89013e-10	0.00973036
4.89084e-10	0.00971244
4.89155e-10	0.00969448
4.89225e-10	0.00967647
4.89296e-10	0.00965842
4.89367e-10	0.00964033
4.89438e-10	0.0096222
4.89509e-10	0.00960402
4.8958e-10	0.00958581
4.89651e-10	0.00956755
4.89722e-10	0.00954925
4.89793e-10	0.0095309
4.89864e-10	0.00951252
4.89935e-10	0.00949409
4.90006e-10	0.00947562
4.90077e-10	0.0094571
4.90148e-10	0.00943855
4.90218e-10	0.00941995
4.90289e-10	0.00940131
4.9036e-10	0.00938263
4.90431e-10	0.0093639
4.90502e-10	0.00934514
4.90573e-10	0.00932633
4.90644e-10	0.00930748
4.90715e-10	0.00928858
4.90786e-10	0.00926964
4.90857e-10	0.00925067
4.90928e-10	0.00923164
4.90999e-10	0.00921258
4.9107e-10	0.00919348
4.91141e-10	0.00917433
4.91211e-10	0.00915514
4.91282e-10	0.0091359
4.91353e-10	0.00911663
4.91424e-10	0.00909731
4.91495e-10	0.00907795
4.91566e-10	0.00905855
4.91637e-10	0.0090391
4.91708e-10	0.00901961
4.91779e-10	0.00900008
4.9185e-10	0.00898051
4.91921e-10	0.00896089
4.91992e-10	0.00894124
4.92063e-10	0.00892154
4.92134e-10	0.00890179
4.92204e-10	0.00888201
4.92275e-10	0.00886218
4.92346e-10	0.00884231
4.92417e-10	0.0088224
4.92488e-10	0.00880244
4.92559e-10	0.00878245
4.9263e-10	0.00876241
4.92701e-10	0.00874232
4.92772e-10	0.0087222
4.92843e-10	0.00870203
4.92914e-10	0.00868182
4.92985e-10	0.00866157
4.93056e-10	0.00864127
4.93127e-10	0.00862094
4.93197e-10	0.00860056
4.93268e-10	0.00858013
4.93339e-10	0.00855967
4.9341e-10	0.00853916
4.93481e-10	0.00851861
4.93552e-10	0.00849802
4.93623e-10	0.00847738
4.93694e-10	0.0084567
4.93765e-10	0.00843598
4.93836e-10	0.00841522
4.93907e-10	0.00839441
4.93978e-10	0.00837357
4.94049e-10	0.00835268
4.9412e-10	0.00833174
4.9419e-10	0.00831077
4.94261e-10	0.00828975
4.94332e-10	0.00826869
4.94403e-10	0.00824758
4.94474e-10	0.00822644
4.94545e-10	0.00820525
4.94616e-10	0.00818402
4.94687e-10	0.00816274
4.94758e-10	0.00814143
4.94829e-10	0.00812007
4.949e-10	0.00809866
4.94971e-10	0.00807722
4.95042e-10	0.00805573
4.95112e-10	0.0080342
4.95183e-10	0.00801263
4.95254e-10	0.00799102
4.95325e-10	0.00796936
4.95396e-10	0.00794766
4.95467e-10	0.00792592
4.95538e-10	0.00790413
4.95609e-10	0.00788231
4.9568e-10	0.00786044
4.95751e-10	0.00783852
4.95822e-10	0.00781657
4.95893e-10	0.00779457
4.95964e-10	0.00777253
4.96035e-10	0.00775045
4.96105e-10	0.00772832
4.96176e-10	0.00770615
4.96247e-10	0.00768394
4.96318e-10	0.00766169
4.96389e-10	0.00763939
4.9646e-10	0.00761705
4.96531e-10	0.00759467
4.96602e-10	0.00757225
4.96673e-10	0.00754978
4.96744e-10	0.00752727
4.96815e-10	0.00750472
4.96886e-10	0.00748213
4.96957e-10	0.00745949
4.97028e-10	0.00743681
4.97098e-10	0.00741409
4.97169e-10	0.00739133
4.9724e-10	0.00736852
4.97311e-10	0.00734567
4.97382e-10	0.00732278
4.97453e-10	0.00729984
4.97524e-10	0.00727687
4.97595e-10	0.00725385
4.97666e-10	0.00723078
4.97737e-10	0.00720768
4.97808e-10	0.00718453
4.97879e-10	0.00716134
4.9795e-10	0.00713811
4.98021e-10	0.00711484
4.98091e-10	0.00709152
4.98162e-10	0.00706816
4.98233e-10	0.00704476
4.98304e-10	0.00702131
4.98375e-10	0.00699782
4.98446e-10	0.00697429
4.98517e-10	0.00695072
4.98588e-10	0.00692711
4.98659e-10	0.00690345
4.9873e-10	0.00687975
4.98801e-10	0.00685601
4.98872e-10	0.00683222
4.98943e-10	0.00680839
4.99014e-10	0.00678452
4.99084e-10	0.00676061
4.99155e-10	0.00673666
4.99226e-10	0.00671266
4.99297e-10	0.00668862
4.99368e-10	0.00666454
4.99439e-10	0.00664041
4.9951e-10	0.00661625
4.99581e-10	0.00659204
4.99652e-10	0.00656778
4.99723e-10	0.00654349
4.99794e-10	0.00651915
4.99865e-10	0.00649477
4.99936e-10	0.00647035
5.00007e-10	0.00644589
5.00077e-10	0.00642138
5.00148e-10	0.00639683
5.00219e-10	0.00637224
5.0029e-10	0.00634761
5.00361e-10	0.00632293
5.00432e-10	0.00629822
5.00503e-10	0.00627345
5.00574e-10	0.00624865
5.00645e-10	0.00622381
5.00716e-10	0.00619892
5.00787e-10	0.00617399
5.00858e-10	0.00614902
5.00929e-10	0.006124
5.01e-10	0.00609895
5.0107e-10	0.00607385
5.01141e-10	0.00604871
5.01212e-10	0.00602352
5.01283e-10	0.0059983
5.01354e-10	0.00597303
5.01425e-10	0.00594772
5.01496e-10	0.00592237
5.01567e-10	0.00589697
5.01638e-10	0.00587153
5.01709e-10	0.00584606
5.0178e-10	0.00582053
5.01851e-10	0.00579497
5.01922e-10	0.00576936
5.01993e-10	0.00574372
5.02063e-10	0.00571803
5.02134e-10	0.00569229
5.02205e-10	0.00566652
5.02276e-10	0.0056407
5.02347e-10	0.00561484
5.02418e-10	0.00558894
5.02489e-10	0.005563
5.0256e-10	0.00553702
5.02631e-10	0.00551099
5.02702e-10	0.00548492
5.02773e-10	0.00545881
5.02844e-10	0.00543265
5.02915e-10	0.00540646
5.02985e-10	0.00538022
5.03056e-10	0.00535394
5.03127e-10	0.00532762
5.03198e-10	0.00530126
5.03269e-10	0.00527485
5.0334e-10	0.0052484
5.03411e-10	0.00522192
5.03482e-10	0.00519538
5.03553e-10	0.00516881
5.03624e-10	0.0051422
5.03695e-10	0.00511554
5.03766e-10	0.00508884
5.03837e-10	0.0050621
5.03908e-10	0.00503532
5.03978e-10	0.00500849
5.04049e-10	0.00498162
5.0412e-10	0.00495472
5.04191e-10	0.00492777
5.04262e-10	0.00490077
5.04333e-10	0.00487374
5.04404e-10	0.00484666
5.04475e-10	0.00481955
5.04546e-10	0.00479239
5.04617e-10	0.00476519
5.04688e-10	0.00473794
5.04759e-10	0.00471066
5.0483e-10	0.00468333
5.04901e-10	0.00465596
5.04971e-10	0.00462855
5.05042e-10	0.0046011
5.05113e-10	0.00457361
5.05184e-10	0.00454608
5.05255e-10	0.0045185
5.05326e-10	0.00449088
5.05397e-10	0.00446322
5.05468e-10	0.00443552
5.05539e-10	0.00440778
5.0561e-10	0.00437999
5.05681e-10	0.00435217
5.05752e-10	0.0043243
5.05823e-10	0.00429639
5.05894e-10	0.00426844
5.05964e-10	0.00424045
5.06035e-10	0.00421242
5.06106e-10	0.00418434
5.06177e-10	0.00415623
5.06248e-10	0.00412807
5.06319e-10	0.00409987
5.0639e-10	0.00407163
5.06461e-10	0.00404335
5.06532e-10	0.00401502
5.06603e-10	0.00398666
5.06674e-10	0.00395825
5.06745e-10	0.00392981
5.06816e-10	0.00390132
5.06887e-10	0.00387279
5.06957e-10	0.00384422
5.07028e-10	0.0038156
5.07099e-10	0.00378695
5.0717e-10	0.00375826
5.07241e-10	0.00372952
5.07312e-10	0.00370074
5.07383e-10	0.00367193
5.07454e-10	0.00364307
5.07525e-10	0.00361417
5.07596e-10	0.00358522
5.07667e-10	0.00355624
5.07738e-10	0.00352722
5.07809e-10	0.00349815
5.0788e-10	0.00346905
5.0795e-10	0.0034399
5.08021e-10	0.00341071
5.08092e-10	0.00338148
5.08163e-10	0.00335221
5.08234e-10	0.0033229
5.08305e-10	0.00329355
5.08376e-10	0.00326416
5.08447e-10	0.00323473
5.08518e-10	0.00320525
5.08589e-10	0.00317574
5.0866e-10	0.00314618
5.08731e-10	0.00311658
5.08802e-10	0.00308695
5.08873e-10	0.00305727
5.08943e-10	0.00302755
5.09014e-10	0.00299779
5.09085e-10	0.00296799
5.09156e-10	0.00293815
5.09227e-10	0.00290827
5.09298e-10	0.00287834
5.09369e-10	0.00284838
5.0944e-10	0.00281838
5.09511e-10	0.00278833
5.09582e-10	0.00275825
5.09653e-10	0.00272812
5.09724e-10	0.00269796
5.09795e-10	0.00266775
5.09866e-10	0.0026375
5.09936e-10	0.00260722
5.10007e-10	0.00257689
5.10078e-10	0.00254652
5.10149e-10	0.00251611
5.1022e-10	0.00248566
5.10291e-10	0.00245517
5.10362e-10	0.00242464
5.10433e-10	0.00239407
5.10504e-10	0.00236346
5.10575e-10	0.00233281
5.10646e-10	0.00230212
5.10717e-10	0.00227139
5.10788e-10	0.00224062
5.10858e-10	0.00220981
5.10929e-10	0.00217896
5.11e-10	0.00214807
5.11071e-10	0.00211714
5.11142e-10	0.00208617
5.11213e-10	0.00205515
5.11284e-10	0.0020241
5.11355e-10	0.00199301
5.11426e-10	0.00196188
5.11497e-10	0.00193071
5.11568e-10	0.0018995
5.11639e-10	0.00186825
5.1171e-10	0.00183695
5.11781e-10	0.00180562
5.11851e-10	0.00177425
5.11922e-10	0.00174284
5.11993e-10	0.00171139
5.12064e-10	0.0016799
5.12135e-10	0.00164837
5.12206e-10	0.0016168
5.12277e-10	0.00158519
5.12348e-10	0.00155355
5.12419e-10	0.00152186
5.1249e-10	0.00149013
5.12561e-10	0.00145836
5.12632e-10	0.00142655
5.12703e-10	0.00139471
5.12774e-10	0.00136282
5.12844e-10	0.0013309
5.12915e-10	0.00129893
5.12986e-10	0.00126693
5.13057e-10	0.00123488
5.13128e-10	0.0012028
5.13199e-10	0.00117068
5.1327e-10	0.00113852
5.13341e-10	0.00110632
5.13412e-10	0.00107408
5.13483e-10	0.0010418
5.13554e-10	0.00100948
5.13625e-10	0.00097712
5.13696e-10	0.000944723
5.13767e-10	0.000912287
5.13837e-10	0.000879812
5.13908e-10	0.000847298
5.13979e-10	0.000814744
5.1405e-10	0.000782152
5.14121e-10	0.000749521
5.14192e-10	0.000716851
5.14263e-10	0.000684142
5.14334e-10	0.000651395
5.14405e-10	0.000618608
5.14476e-10	0.000585783
5.14547e-10	0.000552918
5.14618e-10	0.000520015
5.14689e-10	0.000487074
5.1476e-10	0.000454093
5.1483e-10	0.000421074
5.14901e-10	0.000388017
5.14972e-10	0.00035492
5.15043e-10	0.000321786
5.15114e-10	0.000288612
5.15185e-10	0.0002554
5.15256e-10	0.00022215
5.15327e-10	0.000188861
5.15398e-10	0.000155534
5.15469e-10	0.000122168
5.1554e-10	8.8764e-05
5.15611e-10	5.53216e-05
5.15682e-10	2.1841e-05
5.15753e-10	-1.16779e-05
5.15823e-10	-4.52351e-05
5.15894e-10	-7.88304e-05
5.15965e-10	-0.000112464
5.16036e-10	-0.000146136
5.16107e-10	-0.000179845
5.16178e-10	-0.000213593
5.16249e-10	-0.000247379
5.1632e-10	-0.000281203
5.16391e-10	-0.000315065
5.16462e-10	-0.000348965
5.16533e-10	-0.000382902
5.16604e-10	-0.000416878
5.16675e-10	-0.000450891
5.16746e-10	-0.000484943
5.16816e-10	-0.000519032
5.16887e-10	-0.000553158
5.16958e-10	-0.000587323
5.17029e-10	-0.000621525
5.171e-10	-0.000655765
5.17171e-10	-0.000690042
5.17242e-10	-0.000724357
5.17313e-10	-0.00075871
5.17384e-10	-0.0007931
5.17455e-10	-0.000827527
5.17526e-10	-0.000861992
5.17597e-10	-0.000896495
5.17668e-10	-0.000931034
5.17739e-10	-0.000965611
5.17809e-10	-0.00100023
5.1788e-10	-0.00103488
5.17951e-10	-0.00106957
5.18022e-10	-0.00110429
5.18093e-10	-0.00113906
5.18164e-10	-0.00117386
5.18235e-10	-0.00120869
5.18306e-10	-0.00124357
5.18377e-10	-0.00127848
5.18448e-10	-0.00131343
5.18519e-10	-0.00134841
5.1859e-10	-0.00138344
5.18661e-10	-0.00141849
5.18731e-10	-0.00145359
5.18802e-10	-0.00148872
5.18873e-10	-0.00152389
5.18944e-10	-0.0015591
5.19015e-10	-0.00159434
5.19086e-10	-0.00162962
5.19157e-10	-0.00166494
5.19228e-10	-0.00170029
5.19299e-10	-0.00173568
5.1937e-10	-0.00177111
5.19441e-10	-0.00180657
5.19512e-10	-0.00184207
5.19583e-10	-0.0018776
5.19654e-10	-0.00191317
5.19724e-10	-0.00194878
5.19795e-10	-0.00198442
5.19866e-10	-0.0020201
5.19937e-10	-0.00205582
5.20008e-10	-0.00209157
5.20079e-10	-0.00212736
5.2015e-10	-0.00216319
5.20221e-10	-0.00219905
5.20292e-10	-0.00223494
5.20363e-10	-0.00227088
5.20434e-10	-0.00230685
5.20505e-10	-0.00234285
5.20576e-10	-0.00237889
5.20647e-10	-0.00241497
5.20717e-10	-0.00245108
5.20788e-10	-0.00248723
5.20859e-10	-0.00252341
5.2093e-10	-0.00255963
5.21001e-10	-0.00259588
5.21072e-10	-0.00263217
5.21143e-10	-0.0026685
5.21214e-10	-0.00270486
5.21285e-10	-0.00274126
5.21356e-10	-0.00277769
5.21427e-10	-0.00281416
5.21498e-10	-0.00285066
5.21569e-10	-0.0028872
5.2164e-10	-0.00292377
5.2171e-10	-0.00296038
5.21781e-10	-0.00299702
5.21852e-10	-0.0030337
5.21923e-10	-0.00307041
5.21994e-10	-0.00310716
5.22065e-10	-0.00314394
5.22136e-10	-0.00318076
5.22207e-10	-0.00321761
5.22278e-10	-0.0032545
5.22349e-10	-0.00329143
5.2242e-10	-0.00332838
5.22491e-10	-0.00336538
5.22562e-10	-0.0034024
5.22633e-10	-0.00343946
5.22703e-10	-0.00347656
5.22774e-10	-0.00351369
5.22845e-10	-0.00355086
5.22916e-10	-0.00358806
5.22987e-10	-0.00362529
5.23058e-10	-0.00366256
5.23129e-10	-0.00369986
5.232e-10	-0.0037372
5.23271e-10	-0.00377457
5.23342e-10	-0.00381198
5.23413e-10	-0.00384941
5.23484e-10	-0.00388689
5.23555e-10	-0.0039244
5.23626e-10	-0.00396194
5.23696e-10	-0.00399951
5.23767e-10	-0.00403712
5.23838e-10	-0.00407477
5.23909e-10	-0.00411244
5.2398e-10	-0.00415015
5.24051e-10	-0.0041879
5.24122e-10	-0.00422568
5.24193e-10	-0.00426349
5.24264e-10	-0.00430133
5.24335e-10	-0.00433921
5.24406e-10	-0.00437713
5.24477e-10	-0.00441507
5.24548e-10	-0.00445305
5.24619e-10	-0.00449107
5.24689e-10	-0.00452911
5.2476e-10	-0.00456719
5.24831e-10	-0.0046053
5.24902e-10	-0.00464345
5.24973e-10	-0.00468163
5.25044e-10	-0.00471984
5.25115e-10	-0.00475808
5.25186e-10	-0.00479636
5.25257e-10	-0.00483467
5.25328e-10	-0.00487302
5.25399e-10	-0.00491139
5.2547e-10	-0.0049498
5.25541e-10	-0.00498825
5.25612e-10	-0.00502672
5.25682e-10	-0.00506523
5.25753e-10	-0.00510377
5.25824e-10	-0.00514234
5.25895e-10	-0.00518094
5.25966e-10	-0.00521958
5.26037e-10	-0.00525825
5.26108e-10	-0.00529695
5.26179e-10	-0.00533569
5.2625e-10	-0.00537445
5.26321e-10	-0.00541325
5.26392e-10	-0.00545208
5.26463e-10	-0.00549095
5.26534e-10	-0.00552984
5.26604e-10	-0.00556877
5.26675e-10	-0.00560773
5.26746e-10	-0.00564672
5.26817e-10	-0.00568574
5.26888e-10	-0.0057248
5.26959e-10	-0.00576388
5.2703e-10	-0.005803
5.27101e-10	-0.00584215
5.27172e-10	-0.00588133
5.27243e-10	-0.00592054
5.27314e-10	-0.00595979
5.27385e-10	-0.00599906
5.27456e-10	-0.00603837
5.27527e-10	-0.00607771
5.27597e-10	-0.00611708
5.27668e-10	-0.00615648
5.27739e-10	-0.00619591
5.2781e-10	-0.00623537
5.27881e-10	-0.00627487
5.27952e-10	-0.00631439
5.28023e-10	-0.00635395
5.28094e-10	-0.00639353
5.28165e-10	-0.00643315
5.28236e-10	-0.0064728
5.28307e-10	-0.00651248
5.28378e-10	-0.00655219
5.28449e-10	-0.00659193
5.2852e-10	-0.0066317
5.2859e-10	-0.0066715
5.28661e-10	-0.00671133
5.28732e-10	-0.0067512
5.28803e-10	-0.00679109
5.28874e-10	-0.00683101
5.28945e-10	-0.00687096
5.29016e-10	-0.00691095
5.29087e-10	-0.00695096
5.29158e-10	-0.006991
5.29229e-10	-0.00703108
5.293e-10	-0.00707118
5.29371e-10	-0.00711131
5.29442e-10	-0.00715148
5.29513e-10	-0.00719167
5.29583e-10	-0.00723189
5.29654e-10	-0.00727215
5.29725e-10	-0.00731243
5.29796e-10	-0.00735274
5.29867e-10	-0.00739308
5.29938e-10	-0.00743345
5.30009e-10	-0.00747385
5.3008e-10	-0.00751428
5.30151e-10	-0.00755474
5.30222e-10	-0.00759523
5.30293e-10	-0.00763574
5.30364e-10	-0.00767629
5.30435e-10	-0.00771687
5.30506e-10	-0.00775747
5.30576e-10	-0.0077981
5.30647e-10	-0.00783876
5.30718e-10	-0.00787946
5.30789e-10	-0.00792017
5.3086e-10	-0.00796092
5.30931e-10	-0.0080017
5.31002e-10	-0.00804251
5.31073e-10	-0.00808334
5.31144e-10	-0.0081242
5.31215e-10	-0.00816509
5.31286e-10	-0.00820601
5.31357e-10	-0.00824696
5.31428e-10	-0.00828794
5.31499e-10	-0.00832894
5.31569e-10	-0.00836997
5.3164e-10	-0.00841103
5.31711e-10	-0.00845212
5.31782e-10	-0.00849324
5.31853e-10	-0.00853438
5.31924e-10	-0.00857555
5.31995e-10	-0.00861675
5.32066e-10	-0.00865798
5.32137e-10	-0.00869923
5.32208e-10	-0.00874052
5.32279e-10	-0.00878183
5.3235e-10	-0.00882316
5.32421e-10	-0.00886453
5.32492e-10	-0.00890592
5.32562e-10	-0.00894734
5.32633e-10	-0.00898879
5.32704e-10	-0.00903026
5.32775e-10	-0.00907176
5.32846e-10	-0.00911329
5.32917e-10	-0.00915484
5.32988e-10	-0.00919643
5.33059e-10	-0.00923803
5.3313e-10	-0.00927967
5.33201e-10	-0.00932133
5.33272e-10	-0.00936302
5.33343e-10	-0.00940473
5.33414e-10	-0.00944648
5.33485e-10	-0.00948825
5.33555e-10	-0.00953004
5.33626e-10	-0.00957186
5.33697e-10	-0.00961371
5.33768e-10	-0.00965558
5.33839e-10	-0.00969748
5.3391e-10	-0.00973941
5.33981e-10	-0.00978136
5.34052e-10	-0.00982334
5.34123e-10	-0.00986534
5.34194e-10	-0.00990737
5.34265e-10	-0.00994942
5.34336e-10	-0.0099915
5.34407e-10	-0.0100336
5.34477e-10	-0.0100757
5.34548e-10	-0.0101179
5.34619e-10	-0.0101601
5.3469e-10	-0.0102023
5.34761e-10	-0.0102445
5.34832e-10	-0.0102868
5.34903e-10	-0.0103291
5.34974e-10	-0.0103714
5.35045e-10	-0.0104137
5.35116e-10	-0.0104561
5.35187e-10	-0.0104985
5.35258e-10	-0.0105409
5.35329e-10	-0.0105833
5.354e-10	-0.0106258
5.3547e-10	-0.0106682
5.35541e-10	-0.0107107
5.35612e-10	-0.0107533
5.35683e-10	-0.0107958
5.35754e-10	-0.0108384
5.35825e-10	-0.010881
5.35896e-10	-0.0109236
5.35967e-10	-0.0109663
5.36038e-10	-0.011009
5.36109e-10	-0.0110517
5.3618e-10	-0.0110944
5.36251e-10	-0.0111372
5.36322e-10	-0.0111799
5.36393e-10	-0.0112227
5.36463e-10	-0.0112655
5.36534e-10	-0.0113084
5.36605e-10	-0.0113513
5.36676e-10	-0.0113941
5.36747e-10	-0.0114371
5.36818e-10	-0.01148
5.36889e-10	-0.011523
5.3696e-10	-0.0115659
5.37031e-10	-0.011609
5.37102e-10	-0.011652
5.37173e-10	-0.011695
5.37244e-10	-0.0117381
5.37315e-10	-0.0117812
5.37386e-10	-0.0118243
5.37456e-10	-0.0118675
5.37527e-10	-0.0119107
5.37598e-10	-0.0119538
5.37669e-10	-0.0119971
5.3774e-10	-0.0120403
5.37811e-10	-0.0120835
5.37882e-10	-0.0121268
5.37953e-10	-0.0121701
5.38024e-10	-0.0122135
5.38095e-10	-0.0122568
5.38166e-10	-0.0123002
5.38237e-10	-0.0123436
5.38308e-10	-0.012387
5.38379e-10	-0.0124304
5.38449e-10	-0.0124739
5.3852e-10	-0.0125173
5.38591e-10	-0.0125608
5.38662e-10	-0.0126044
5.38733e-10	-0.0126479
5.38804e-10	-0.0126915
5.38875e-10	-0.012735
5.38946e-10	-0.0127787
5.39017e-10	-0.0128223
5.39088e-10	-0.0128659
5.39159e-10	-0.0129096
5.3923e-10	-0.0129533
5.39301e-10	-0.012997
5.39372e-10	-0.0130407
5.39442e-10	-0.0130845
5.39513e-10	-0.0131283
5.39584e-10	-0.013172
5.39655e-10	-0.0132159
5.39726e-10	-0.0132597
5.39797e-10	-0.0133036
5.39868e-10	-0.0133474
5.39939e-10	-0.0133913
5.4001e-10	-0.0134352
5.40081e-10	-0.0134792
5.40152e-10	-0.0135231
5.40223e-10	-0.0135671
5.40294e-10	-0.0136111
5.40365e-10	-0.0136551
5.40435e-10	-0.0136991
5.40506e-10	-0.0137432
5.40577e-10	-0.0137873
5.40648e-10	-0.0138314
5.40719e-10	-0.0138755
5.4079e-10	-0.0139196
5.40861e-10	-0.0139638
5.40932e-10	-0.0140079
5.41003e-10	-0.0140521
5.41074e-10	-0.0140963
5.41145e-10	-0.0141406
5.41216e-10	-0.0141848
5.41287e-10	-0.0142291
5.41358e-10	-0.0142733
5.41428e-10	-0.0143176
5.41499e-10	-0.014362
5.4157e-10	-0.0144063
5.41641e-10	-0.0144507
5.41712e-10	-0.014495
5.41783e-10	-0.0145394
5.41854e-10	-0.0145838
5.41925e-10	-0.0146283
5.41996e-10	-0.0146727
5.42067e-10	-0.0147172
5.42138e-10	-0.0147617
5.42209e-10	-0.0148062
5.4228e-10	-0.0148507
5.42351e-10	-0.0148952
5.42421e-10	-0.0149398
5.42492e-10	-0.0149843
5.42563e-10	-0.0150289
5.42634e-10	-0.0150735
5.42705e-10	-0.0151182
5.42776e-10	-0.0151628
5.42847e-10	-0.0152075
5.42918e-10	-0.0152521
5.42989e-10	-0.0152968
5.4306e-10	-0.0153415
5.43131e-10	-0.0153863
5.43202e-10	-0.015431
5.43273e-10	-0.0154757
5.43343e-10	-0.0155205
5.43414e-10	-0.0155653
5.43485e-10	-0.0156101
5.43556e-10	-0.0156549
5.43627e-10	-0.0156998
5.43698e-10	-0.0157446
5.43769e-10	-0.0157895
5.4384e-10	-0.0158344
5.43911e-10	-0.0158793
5.43982e-10	-0.0159242
5.44053e-10	-0.0159691
5.44124e-10	-0.0160141
5.44195e-10	-0.0160591
5.44266e-10	-0.016104
5.44336e-10	-0.016149
5.44407e-10	-0.016194
5.44478e-10	-0.0162391
5.44549e-10	-0.0162841
5.4462e-10	-0.0163292
5.44691e-10	-0.0163742
5.44762e-10	-0.0164193
5.44833e-10	-0.0164644
5.44904e-10	-0.0165095
5.44975e-10	-0.0165547
5.45046e-10	-0.0165998
5.45117e-10	-0.016645
5.45188e-10	-0.0166901
5.45259e-10	-0.0167353
5.45329e-10	-0.0167805
5.454e-10	-0.0168257
5.45471e-10	-0.016871
5.45542e-10	-0.0169162
5.45613e-10	-0.0169615
5.45684e-10	-0.0170067
5.45755e-10	-0.017052
5.45826e-10	-0.0170973
5.45897e-10	-0.0171426
5.45968e-10	-0.017188
5.46039e-10	-0.0172333
5.4611e-10	-0.0172786
5.46181e-10	-0.017324
5.46252e-10	-0.0173694
5.46322e-10	-0.0174148
5.46393e-10	-0.0174602
5.46464e-10	-0.0175056
5.46535e-10	-0.017551
5.46606e-10	-0.0175965
5.46677e-10	-0.0176419
5.46748e-10	-0.0176874
5.46819e-10	-0.0177329
5.4689e-10	-0.0177784
5.46961e-10	-0.0178239
5.47032e-10	-0.0178694
5.47103e-10	-0.0179149
5.47174e-10	-0.0179604
5.47245e-10	-0.018006
5.47315e-10	-0.0180516
5.47386e-10	-0.0180971
5.47457e-10	-0.0181427
5.47528e-10	-0.0181883
5.47599e-10	-0.0182339
5.4767e-10	-0.0182795
5.47741e-10	-0.0183252
5.47812e-10	-0.0183708
5.47883e-10	-0.0184165
5.47954e-10	-0.0184621
5.48025e-10	-0.0185078
5.48096e-10	-0.0185535
5.48167e-10	-0.0185992
5.48238e-10	-0.0186449
5.48308e-10	-0.0186906
5.48379e-10	-0.0187363
5.4845e-10	-0.0187821
5.48521e-10	-0.0188278
5.48592e-10	-0.0188736
5.48663e-10	-0.0189194
5.48734e-10	-0.0189651
5.48805e-10	-0.0190109
5.48876e-10	-0.0190567
5.48947e-10	-0.0191025
5.49018e-10	-0.0191483
5.49089e-10	-0.0191942
5.4916e-10	-0.01924
5.49231e-10	-0.0192859
5.49301e-10	-0.0193317
5.49372e-10	-0.0193776
5.49443e-10	-0.0194234
5.49514e-10	-0.0194693
5.49585e-10	-0.0195152
5.49656e-10	-0.0195611
5.49727e-10	-0.019607
5.49798e-10	-0.0196529
5.49869e-10	-0.0196989
5.4994e-10	-0.0197448
5.50011e-10	-0.0197907
5.50082e-10	-0.0198367
5.50153e-10	-0.0198827
5.50224e-10	-0.0199286
5.50294e-10	-0.0199746
5.50365e-10	-0.0200206
5.50436e-10	-0.0200666
5.50507e-10	-0.0201126
5.50578e-10	-0.0201586
5.50649e-10	-0.0202046
5.5072e-10	-0.0202506
5.50791e-10	-0.0202966
5.50862e-10	-0.0203427
5.50933e-10	-0.0203887
5.51004e-10	-0.0204348
5.51075e-10	-0.0204808
5.51146e-10	-0.0205269
5.51216e-10	-0.020573
5.51287e-10	-0.020619
5.51358e-10	-0.0206651
5.51429e-10	-0.0207112
5.515e-10	-0.0207573
5.51571e-10	-0.0208034
5.51642e-10	-0.0208495
5.51713e-10	-0.0208956
5.51784e-10	-0.0209417
5.51855e-10	-0.0209879
5.51926e-10	-0.021034
5.51997e-10	-0.0210801
5.52068e-10	-0.0211263
5.52139e-10	-0.0211724
5.52209e-10	-0.0212186
5.5228e-10	-0.0212648
5.52351e-10	-0.0213109
5.52422e-10	-0.0213571
5.52493e-10	-0.0214033
5.52564e-10	-0.0214494
5.52635e-10	-0.0214956
5.52706e-10	-0.0215418
5.52777e-10	-0.021588
5.52848e-10	-0.0216342
5.52919e-10	-0.0216804
5.5299e-10	-0.0217266
5.53061e-10	-0.0217728
5.53132e-10	-0.0218191
5.53202e-10	-0.0218653
5.53273e-10	-0.0219115
5.53344e-10	-0.0219577
5.53415e-10	-0.022004
5.53486e-10	-0.0220502
5.53557e-10	-0.0220964
5.53628e-10	-0.0221427
5.53699e-10	-0.0221889
5.5377e-10	-0.0222352
5.53841e-10	-0.0222814
5.53912e-10	-0.0223277
5.53983e-10	-0.0223739
5.54054e-10	-0.0224202
5.54125e-10	-0.0224665
5.54195e-10	-0.0225127
5.54266e-10	-0.022559
5.54337e-10	-0.0226053
5.54408e-10	-0.0226516
5.54479e-10	-0.0226978
5.5455e-10	-0.0227441
5.54621e-10	-0.0227904
5.54692e-10	-0.0228367
5.54763e-10	-0.022883
5.54834e-10	-0.0229292
5.54905e-10	-0.0229755
5.54976e-10	-0.0230218
5.55047e-10	-0.0230681
5.55118e-10	-0.0231144
5.55188e-10	-0.0231607
5.55259e-10	-0.023207
5.5533e-10	-0.0232533
5.55401e-10	-0.0232996
5.55472e-10	-0.0233459
5.55543e-10	-0.0233922
5.55614e-10	-0.0234385
5.55685e-10	-0.0234848
5.55756e-10	-0.0235311
5.55827e-10	-0.0235774
5.55898e-10	-0.0236237
5.55969e-10	-0.02367
5.5604e-10	-0.0237163
5.56111e-10	-0.0237626
5.56181e-10	-0.0238089
5.56252e-10	-0.0238552
5.56323e-10	-0.0239015
5.56394e-10	-0.0239478
5.56465e-10	-0.0239941
5.56536e-10	-0.0240404
5.56607e-10	-0.0240867
5.56678e-10	-0.024133
5.56749e-10	-0.0241793
5.5682e-10	-0.0242256
5.56891e-10	-0.0242719
5.56962e-10	-0.0243182
5.57033e-10	-0.0243645
5.57104e-10	-0.0244108
5.57174e-10	-0.0244571
5.57245e-10	-0.0245034
5.57316e-10	-0.0245497
5.57387e-10	-0.024596
5.57458e-10	-0.0246422
5.57529e-10	-0.0246885
5.576e-10	-0.0247348
5.57671e-10	-0.0247811
5.57742e-10	-0.0248273
5.57813e-10	-0.0248736
5.57884e-10	-0.0249199
5.57955e-10	-0.0249662
5.58026e-10	-0.0250124
5.58097e-10	-0.0250587
5.58167e-10	-0.0251049
5.58238e-10	-0.0251512
5.58309e-10	-0.0251975
5.5838e-10	-0.0252437
5.58451e-10	-0.0252899
5.58522e-10	-0.0253362
5.58593e-10	-0.0253824
5.58664e-10	-0.0254287
5.58735e-10	-0.0254749
5.58806e-10	-0.0255211
5.58877e-10	-0.0255673
5.58948e-10	-0.0256136
5.59019e-10	-0.0256598
5.59089e-10	-0.025706
5.5916e-10	-0.0257522
5.59231e-10	-0.0257984
5.59302e-10	-0.0258446
5.59373e-10	-0.0258908
5.59444e-10	-0.025937
5.59515e-10	-0.0259832
5.59586e-10	-0.0260293
5.59657e-10	-0.0260755
5.59728e-10	-0.0261217
5.59799e-10	-0.0261678
5.5987e-10	-0.026214
5.59941e-10	-0.0262601
5.60012e-10	-0.0263063
5.60082e-10	-0.0263524
5.60153e-10	-0.0263985
5.60224e-10	-0.0264447
5.60295e-10	-0.0264908
5.60366e-10	-0.0265369
5.60437e-10	-0.026583
5.60508e-10	-0.0266291
5.60579e-10	-0.0266752
5.6065e-10	-0.0267213
5.60721e-10	-0.0267674
5.60792e-10	-0.0268135
5.60863e-10	-0.0268595
5.60934e-10	-0.0269056
5.61005e-10	-0.0269516
5.61075e-10	-0.0269977
5.61146e-10	-0.0270437
5.61217e-10	-0.0270897
5.61288e-10	-0.0271358
5.61359e-10	-0.0271818
5.6143e-10	-0.0272278
5.61501e-10	-0.0272738
5.61572e-10	-0.0273198
5.61643e-10	-0.0273658
5.61714e-10	-0.0274117
5.61785e-10	-0.0274577
5.61856e-10	-0.0275037
5.61927e-10	-0.0275496
5.61998e-10	-0.0275955
5.62068e-10	-0.0276415
5.62139e-10	-0.0276874
5.6221e-10	-0.0277333
5.62281e-10	-0.0277792
5.62352e-10	-0.0278251
5.62423e-10	-0.027871
5.62494e-10	-0.0279169
5.62565e-10	-0.0279627
5.62636e-10	-0.0280086
5.62707e-10	-0.0280544
5.62778e-10	-0.0281003
5.62849e-10	-0.0281461
5.6292e-10	-0.0281919
5.62991e-10	-0.0282377
5.63061e-10	-0.0282835
5.63132e-10	-0.0283293
5.63203e-10	-0.0283751
5.63274e-10	-0.0284208
5.63345e-10	-0.0284666
5.63416e-10	-0.0285123
5.63487e-10	-0.0285581
5.63558e-10	-0.0286038
5.63629e-10	-0.0286495
5.637e-10	-0.0286952
5.63771e-10	-0.0287409
5.63842e-10	-0.0287865
5.63913e-10	-0.0288322
5.63984e-10	-0.0288778
5.64054e-10	-0.0289235
5.64125e-10	-0.0289691
5.64196e-10	-0.0290147
5.64267e-10	-0.0290603
5.64338e-10	-0.0291059
5.64409e-10	-0.0291515
5.6448e-10	-0.029197
5.64551e-10	-0.0292426
5.64622e-10	-0.0292881
5.64693e-10	-0.0293337
5.64764e-10	-0.0293792
5.64835e-10	-0.0294247
5.64906e-10	-0.0294701
5.64977e-10	-0.0295156
5.65047e-10	-0.0295611
5.65118e-10	-0.0296065
5.65189e-10	-0.029652
5.6526e-10	-0.0296974
5.65331e-10	-0.0297428
5.65402e-10	-0.0297882
5.65473e-10	-0.0298335
5.65544e-10	-0.0298789
5.65615e-10	-0.0299242
5.65686e-10	-0.0299696
5.65757e-10	-0.0300149
5.65828e-10	-0.0300602
5.65899e-10	-0.0301055
5.6597e-10	-0.0301507
5.6604e-10	-0.030196
5.66111e-10	-0.0302412
5.66182e-10	-0.0302865
5.66253e-10	-0.0303317
5.66324e-10	-0.0303769
5.66395e-10	-0.030422
5.66466e-10	-0.0304672
5.66537e-10	-0.0305123
5.66608e-10	-0.0305575
5.66679e-10	-0.0306026
5.6675e-10	-0.0306477
5.66821e-10	-0.0306928
5.66892e-10	-0.0307378
5.66962e-10	-0.0307829
5.67033e-10	-0.0308279
5.67104e-10	-0.0308729
5.67175e-10	-0.0309179
5.67246e-10	-0.0309629
5.67317e-10	-0.0310079
5.67388e-10	-0.0310528
5.67459e-10	-0.0310977
5.6753e-10	-0.0311426
5.67601e-10	-0.0311875
5.67672e-10	-0.0312324
5.67743e-10	-0.0312773
5.67814e-10	-0.0313221
5.67885e-10	-0.0313669
5.67955e-10	-0.0314117
5.68026e-10	-0.0314565
5.68097e-10	-0.0315013
5.68168e-10	-0.031546
5.68239e-10	-0.0315907
5.6831e-10	-0.0316354
5.68381e-10	-0.0316801
5.68452e-10	-0.0317248
5.68523e-10	-0.0317695
5.68594e-10	-0.0318141
5.68665e-10	-0.0318587
5.68736e-10	-0.0319033
5.68807e-10	-0.0319479
5.68878e-10	-0.0319924
5.68948e-10	-0.0320369
5.69019e-10	-0.0320815
5.6909e-10	-0.032126
5.69161e-10	-0.0321704
5.69232e-10	-0.0322149
5.69303e-10	-0.0322593
5.69374e-10	-0.0323037
5.69445e-10	-0.0323481
5.69516e-10	-0.0323925
5.69587e-10	-0.0324368
5.69658e-10	-0.0324812
5.69729e-10	-0.0325255
5.698e-10	-0.0325697
5.69871e-10	-0.032614
5.69941e-10	-0.0326582
5.70012e-10	-0.0327025
5.70083e-10	-0.0327467
5.70154e-10	-0.0327908
5.70225e-10	-0.032835
5.70296e-10	-0.0328791
5.70367e-10	-0.0329232
5.70438e-10	-0.0329673
5.70509e-10	-0.0330114
5.7058e-10	-0.0330554
5.70651e-10	-0.0330994
5.70722e-10	-0.0331434
5.70793e-10	-0.0331874
5.70864e-10	-0.0332313
5.70934e-10	-0.0332753
5.71005e-10	-0.0333192
5.71076e-10	-0.0333631
5.71147e-10	-0.0334069
5.71218e-10	-0.0334507
5.71289e-10	-0.0334945
5.7136e-10	-0.0335383
5.71431e-10	-0.0335821
5.71502e-10	-0.0336258
5.71573e-10	-0.0336695
5.71644e-10	-0.0337132
5.71715e-10	-0.0337569
5.71786e-10	-0.0338005
5.71857e-10	-0.0338441
5.71927e-10	-0.0338877
5.71998e-10	-0.0339313
5.72069e-10	-0.0339748
5.7214e-10	-0.0340183
5.72211e-10	-0.0340618
5.72282e-10	-0.0341053
5.72353e-10	-0.0341487
5.72424e-10	-0.0341921
5.72495e-10	-0.0342355
5.72566e-10	-0.0342788
5.72637e-10	-0.0343222
5.72708e-10	-0.0343655
5.72779e-10	-0.0344088
5.7285e-10	-0.034452
5.7292e-10	-0.0344952
5.72991e-10	-0.0345384
5.73062e-10	-0.0345816
5.73133e-10	-0.0346247
5.73204e-10	-0.0346679
5.73275e-10	-0.0347109
5.73346e-10	-0.034754
5.73417e-10	-0.034797
5.73488e-10	-0.03484
5.73559e-10	-0.034883
5.7363e-10	-0.034926
5.73701e-10	-0.0349689
5.73772e-10	-0.0350118
5.73843e-10	-0.0350546
5.73913e-10	-0.0350975
5.73984e-10	-0.0351403
5.74055e-10	-0.0351831
5.74126e-10	-0.0352258
5.74197e-10	-0.0352685
5.74268e-10	-0.0353112
5.74339e-10	-0.0353539
5.7441e-10	-0.0353965
5.74481e-10	-0.0354391
5.74552e-10	-0.0354817
5.74623e-10	-0.0355243
5.74694e-10	-0.0355668
5.74765e-10	-0.0356093
5.74835e-10	-0.0356517
5.74906e-10	-0.0356941
5.74977e-10	-0.0357365
5.75048e-10	-0.0357789
5.75119e-10	-0.0358212
5.7519e-10	-0.0358635
5.75261e-10	-0.0359058
5.75332e-10	-0.0359481
5.75403e-10	-0.0359903
5.75474e-10	-0.0360324
5.75545e-10	-0.0360746
5.75616e-10	-0.0361167
5.75687e-10	-0.0361588
5.75758e-10	-0.0362009
5.75828e-10	-0.0362429
5.75899e-10	-0.0362849
5.7597e-10	-0.0363268
5.76041e-10	-0.0363688
5.76112e-10	-0.0364106
5.76183e-10	-0.0364525
5.76254e-10	-0.0364943
5.76325e-10	-0.0365361
5.76396e-10	-0.0365779
5.76467e-10	-0.0366196
5.76538e-10	-0.0366613
5.76609e-10	-0.036703
5.7668e-10	-0.0367446
5.76751e-10	-0.0367862
5.76821e-10	-0.0368278
5.76892e-10	-0.0368693
5.76963e-10	-0.0369108
5.77034e-10	-0.0369523
5.77105e-10	-0.0369937
5.77176e-10	-0.0370351
5.77247e-10	-0.0370765
5.77318e-10	-0.0371178
5.77389e-10	-0.0371591
5.7746e-10	-0.0372003
5.77531e-10	-0.0372416
5.77602e-10	-0.0372827
5.77673e-10	-0.0373239
5.77744e-10	-0.037365
5.77814e-10	-0.0374061
5.77885e-10	-0.0374471
5.77956e-10	-0.0374882
5.78027e-10	-0.0375291
5.78098e-10	-0.0375701
5.78169e-10	-0.037611
5.7824e-10	-0.0376518
5.78311e-10	-0.0376927
5.78382e-10	-0.0377335
5.78453e-10	-0.0377742
5.78524e-10	-0.0378149
5.78595e-10	-0.0378556
5.78666e-10	-0.0378963
5.78737e-10	-0.0379369
5.78807e-10	-0.0379775
5.78878e-10	-0.038018
5.78949e-10	-0.0380585
5.7902e-10	-0.038099
5.79091e-10	-0.0381394
5.79162e-10	-0.0381798
5.79233e-10	-0.0382201
5.79304e-10	-0.0382604
5.79375e-10	-0.0383007
5.79446e-10	-0.0383409
5.79517e-10	-0.0383811
5.79588e-10	-0.0384213
5.79659e-10	-0.0384614
5.7973e-10	-0.0385015
5.798e-10	-0.0385415
5.79871e-10	-0.0385816
5.79942e-10	-0.0386215
5.80013e-10	-0.0386614
5.80084e-10	-0.0387013
5.80155e-10	-0.0387412
5.80226e-10	-0.038781
5.80297e-10	-0.0388207
5.80368e-10	-0.0388605
5.80439e-10	-0.0389002
5.8051e-10	-0.0389398
5.80581e-10	-0.0389794
5.80652e-10	-0.039019
5.80723e-10	-0.0390585
5.80793e-10	-0.039098
5.80864e-10	-0.0391374
5.80935e-10	-0.0391768
5.81006e-10	-0.0392162
5.81077e-10	-0.0392555
5.81148e-10	-0.0392948
5.81219e-10	-0.039334
5.8129e-10	-0.0393732
5.81361e-10	-0.0394124
5.81432e-10	-0.0394515
5.81503e-10	-0.0394906
5.81574e-10	-0.0395296
5.81645e-10	-0.0395686
5.81716e-10	-0.0396075
5.81786e-10	-0.0396464
5.81857e-10	-0.0396853
5.81928e-10	-0.0397241
5.81999e-10	-0.0397629
5.8207e-10	-0.0398016
5.82141e-10	-0.0398403
5.82212e-10	-0.039879
5.82283e-10	-0.0399176
5.82354e-10	-0.0399561
5.82425e-10	-0.0399946
5.82496e-10	-0.0400331
5.82567e-10	-0.0400715
5.82638e-10	-0.0401099
5.82708e-10	-0.0401483
5.82779e-10	-0.0401865
5.8285e-10	-0.0402248
5.82921e-10	-0.040263
5.82992e-10	-0.0403012
5.83063e-10	-0.0403393
5.83134e-10	-0.0403774
5.83205e-10	-0.0404154
5.83276e-10	-0.0404534
5.83347e-10	-0.0404913
5.83418e-10	-0.0405292
5.83489e-10	-0.040567
5.8356e-10	-0.0406048
5.83631e-10	-0.0406426
5.83701e-10	-0.0406803
5.83772e-10	-0.040718
5.83843e-10	-0.0407556
5.83914e-10	-0.0407931
5.83985e-10	-0.0408307
5.84056e-10	-0.0408681
5.84127e-10	-0.0409056
5.84198e-10	-0.040943
5.84269e-10	-0.0409803
5.8434e-10	-0.0410176
5.84411e-10	-0.0410548
5.84482e-10	-0.041092
5.84553e-10	-0.0411292
5.84624e-10	-0.0411663
5.84694e-10	-0.0412033
5.84765e-10	-0.0412403
5.84836e-10	-0.0412773
5.84907e-10	-0.0413142
5.84978e-10	-0.041351
5.85049e-10	-0.0413878
5.8512e-10	-0.0414246
5.85191e-10	-0.0414613
5.85262e-10	-0.041498
5.85333e-10	-0.0415346
5.85404e-10	-0.0415712
5.85475e-10	-0.0416077
5.85546e-10	-0.0416442
5.85617e-10	-0.0416806
5.85687e-10	-0.0417169
5.85758e-10	-0.0417533
5.85829e-10	-0.0417895
5.859e-10	-0.0418258
5.85971e-10	-0.0418619
5.86042e-10	-0.041898
5.86113e-10	-0.0419341
5.86184e-10	-0.0419701
5.86255e-10	-0.0420061
5.86326e-10	-0.042042
5.86397e-10	-0.0420779
5.86468e-10	-0.0421137
5.86539e-10	-0.0421495
5.8661e-10	-0.0421852
5.8668e-10	-0.0422208
5.86751e-10	-0.0422565
5.86822e-10	-0.042292
5.86893e-10	-0.0423275
5.86964e-10	-0.042363
5.87035e-10	-0.0423984
5.87106e-10	-0.0424337
5.87177e-10	-0.042469
5.87248e-10	-0.0425043
5.87319e-10	-0.0425395
5.8739e-10	-0.0425746
5.87461e-10	-0.0426097
5.87532e-10	-0.0426447
5.87603e-10	-0.0426797
5.87673e-10	-0.0427146
5.87744e-10	-0.0427495
5.87815e-10	-0.0427843
5.87886e-10	-0.0428191
5.87957e-10	-0.0428538
5.88028e-10	-0.0428885
5.88099e-10	-0.0429231
5.8817e-10	-0.0429576
5.88241e-10	-0.0429921
5.88312e-10	-0.0430266
5.88383e-10	-0.043061
5.88454e-10	-0.0430953
5.88525e-10	-0.0431296
5.88596e-10	-0.0431638
5.88666e-10	-0.043198
5.88737e-10	-0.0432321
5.88808e-10	-0.0432662
5.88879e-10	-0.0433002
5.8895e-10	-0.0433341
5.89021e-10	-0.043368
5.89092e-10	-0.0434018
5.89163e-10	-0.0434356
5.89234e-10	-0.0434693
5.89305e-10	-0.043503
5.89376e-10	-0.0435366
5.89447e-10	-0.0435702
5.89518e-10	-0.0436037
5.89589e-10	-0.0436371
5.89659e-10	-0.0436705
5.8973e-10	-0.0437038
5.89801e-10	-0.0437371
5.89872e-10	-0.0437703
5.89943e-10	-0.0438035
5.90014e-10	-0.0438366
5.90085e-10	-0.0438696
5.90156e-10	-0.0439026
5.90227e-10	-0.0439355
5.90298e-10	-0.0439684
5.90369e-10	-0.0440012
5.9044e-10	-0.044034
5.90511e-10	-0.0440667
5.90582e-10	-0.0440993
5.90652e-10	-0.0441319
5.90723e-10	-0.0441644
5.90794e-10	-0.0441968
5.90865e-10	-0.0442292
5.90936e-10	-0.0442616
5.91007e-10	-0.0442939
5.91078e-10	-0.0443261
5.91149e-10	-0.0443582
5.9122e-10	-0.0443903
5.91291e-10	-0.0444224
5.91362e-10	-0.0444544
5.91433e-10	-0.0444863
5.91504e-10	-0.0445181
5.91574e-10	-0.0445499
5.91645e-10	-0.0445817
5.91716e-10	-0.0446134
5.91787e-10	-0.044645
5.91858e-10	-0.0446765
5.91929e-10	-0.044708
5.92e-10	-0.0447395
5.92071e-10	-0.0447708
5.92142e-10	-0.0448022
5.92213e-10	-0.0448334
5.92284e-10	-0.0448646
5.92355e-10	-0.0448957
5.92426e-10	-0.0449268
5.92497e-10	-0.0449578
5.92567e-10	-0.0449887
5.92638e-10	-0.0450196
5.92709e-10	-0.0450504
5.9278e-10	-0.0450812
5.92851e-10	-0.0451119
5.92922e-10	-0.0451425
5.92993e-10	-0.0451731
5.93064e-10	-0.0452036
5.93135e-10	-0.045234
5.93206e-10	-0.0452644
5.93277e-10	-0.0452947
5.93348e-10	-0.0453249
5.93419e-10	-0.0453551
5.9349e-10	-0.0453852
5.9356e-10	-0.0454153
5.93631e-10	-0.0454453
5.93702e-10	-0.0454752
5.93773e-10	-0.0455051
5.93844e-10	-0.0455349
5.93915e-10	-0.0455646
5.93986e-10	-0.0455943
5.94057e-10	-0.0456239
5.94128e-10	-0.0456534
5.94199e-10	-0.0456829
5.9427e-10	-0.0457123
5.94341e-10	-0.0457416
5.94412e-10	-0.0457709
5.94483e-10	-0.0458001
5.94553e-10	-0.0458293
5.94624e-10	-0.0458583
5.94695e-10	-0.0458874
5.94766e-10	-0.0459163
5.94837e-10	-0.0459452
5.94908e-10	-0.045974
5.94979e-10	-0.0460027
5.9505e-10	-0.0460314
5.95121e-10	-0.04606
5.95192e-10	-0.0460886
5.95263e-10	-0.0461171
5.95334e-10	-0.0461455
5.95405e-10	-0.0461738
5.95476e-10	-0.0462021
5.95546e-10	-0.0462303
5.95617e-10	-0.0462584
5.95688e-10	-0.0462865
5.95759e-10	-0.0463145
5.9583e-10	-0.0463425
5.95901e-10	-0.0463703
5.95972e-10	-0.0463981
5.96043e-10	-0.0464258
5.96114e-10	-0.0464535
5.96185e-10	-0.0464811
5.96256e-10	-0.0465086
5.96327e-10	-0.0465361
5.96398e-10	-0.0465635
5.96469e-10	-0.0465908
5.96539e-10	-0.046618
5.9661e-10	-0.0466452
5.96681e-10	-0.0466723
5.96752e-10	-0.0466993
5.96823e-10	-0.0467263
5.96894e-10	-0.0467532
5.96965e-10	-0.04678
5.97036e-10	-0.0468068
5.97107e-10	-0.0468335
5.97178e-10	-0.0468601
5.97249e-10	-0.0468866
5.9732e-10	-0.0469131
5.97391e-10	-0.0469395
5.97462e-10	-0.0469658
5.97532e-10	-0.0469921
5.97603e-10	-0.0470183
5.97674e-10	-0.0470444
5.97745e-10	-0.0470704
5.97816e-10	-0.0470964
5.97887e-10	-0.0471223
5.97958e-10	-0.0471481
5.98029e-10	-0.0471739
5.981e-10	-0.0471996
5.98171e-10	-0.0472252
5.98242e-10	-0.0472507
5.98313e-10	-0.0472762
5.98384e-10	-0.0473016
5.98455e-10	-0.0473269
5.98525e-10	-0.0473522
5.98596e-10	-0.0473773
5.98667e-10	-0.0474024
5.98738e-10	-0.0474274
5.98809e-10	-0.0474524
5.9888e-10	-0.0474773
5.98951e-10	-0.0475021
5.99022e-10	-0.0475268
5.99093e-10	-0.0475515
5.99164e-10	-0.047576
5.99235e-10	-0.0476006
5.99306e-10	-0.047625
5.99377e-10	-0.0476493
5.99447e-10	-0.0476736
5.99518e-10	-0.0476978
5.99589e-10	-0.047722
5.9966e-10	-0.047746
5.99731e-10	-0.04777
5.99802e-10	-0.0477939
5.99873e-10	-0.0478177
5.99944e-10	-0.0478415
6.00015e-10	-0.0478652
6.00086e-10	-0.0478888
6.00157e-10	-0.0479123
6.00228e-10	-0.0479358
6.00299e-10	-0.0479591
6.0037e-10	-0.0479824
6.0044e-10	-0.0480057
6.00511e-10	-0.0480288
6.00582e-10	-0.0480519
6.00653e-10	-0.0480749
6.00724e-10	-0.0480978
6.00795e-10	-0.0481206
6.00866e-10	-0.0481434
6.00937e-10	-0.048166
6.01008e-10	-0.0481886
6.01079e-10	-0.0482112
6.0115e-10	-0.0482336
6.01221e-10	-0.048256
6.01292e-10	-0.0482783
6.01363e-10	-0.0483005
6.01433e-10	-0.0483226
6.01504e-10	-0.0483447
6.01575e-10	-0.0483667
6.01646e-10	-0.0483886
6.01717e-10	-0.0484104
6.01788e-10	-0.0484321
6.01859e-10	-0.0484538
6.0193e-10	-0.0484754
6.02001e-10	-0.0484969
6.02072e-10	-0.0485183
6.02143e-10	-0.0485396
6.02214e-10	-0.0485609
6.02285e-10	-0.0485821
6.02356e-10	-0.0486032
6.02426e-10	-0.0486242
6.02497e-10	-0.0486451
6.02568e-10	-0.048666
6.02639e-10	-0.0486868
6.0271e-10	-0.0487075
6.02781e-10	-0.0487281
6.02852e-10	-0.0487486
6.02923e-10	-0.0487691
6.02994e-10	-0.0487895
6.03065e-10	-0.0488098
6.03136e-10	-0.04883
6.03207e-10	-0.0488501
6.03278e-10	-0.0488702
6.03349e-10	-0.0488901
6.03419e-10	-0.04891
6.0349e-10	-0.0489298
6.03561e-10	-0.0489495
6.03632e-10	-0.0489692
6.03703e-10	-0.0489887
6.03774e-10	-0.0490082
6.03845e-10	-0.0490276
6.03916e-10	-0.0490469
6.03987e-10	-0.0490661
6.04058e-10	-0.0490853
6.04129e-10	-0.0491043
6.042e-10	-0.0491233
6.04271e-10	-0.0491422
6.04342e-10	-0.049161
6.04412e-10	-0.0491797
6.04483e-10	-0.0491984
6.04554e-10	-0.0492169
6.04625e-10	-0.0492354
6.04696e-10	-0.0492538
6.04767e-10	-0.0492721
6.04838e-10	-0.0492903
6.04909e-10	-0.0493085
6.0498e-10	-0.0493265
6.05051e-10	-0.0493445
6.05122e-10	-0.0493624
6.05193e-10	-0.0493802
6.05264e-10	-0.0493979
6.05335e-10	-0.0494155
6.05405e-10	-0.049433
6.05476e-10	-0.0494505
6.05547e-10	-0.0494679
6.05618e-10	-0.0494851
6.05689e-10	-0.0495023
6.0576e-10	-0.0495194
6.05831e-10	-0.0495365
6.05902e-10	-0.0495534
6.05973e-10	-0.0495703
6.06044e-10	-0.049587
6.06115e-10	-0.0496037
6.06186e-10	-0.0496203
6.06257e-10	-0.0496368
6.06328e-10	-0.0496532
6.06398e-10	-0.0496695
6.06469e-10	-0.0496858
6.0654e-10	-0.0497019
6.06611e-10	-0.049718
6.06682e-10	-0.049734
6.06753e-10	-0.0497499
6.06824e-10	-0.0497657
6.06895e-10	-0.0497814
6.06966e-10	-0.049797
6.07037e-10	-0.0498126
6.07108e-10	-0.049828
6.07179e-10	-0.0498434
6.0725e-10	-0.0498586
6.0732e-10	-0.0498738
6.07391e-10	-0.0498889
6.07462e-10	-0.0499039
6.07533e-10	-0.0499188
6.07604e-10	-0.0499337
6.07675e-10	-0.0499484
6.07746e-10	-0.0499631
6.07817e-10	-0.0499776
6.07888e-10	-0.0499921
6.07959e-10	-0.0500065
6.0803e-10	-0.0500208
6.08101e-10	-0.0500349
6.08172e-10	-0.0500491
6.08243e-10	-0.0500631
6.08313e-10	-0.050077
6.08384e-10	-0.0500908
6.08455e-10	-0.0501046
6.08526e-10	-0.0501182
6.08597e-10	-0.0501318
6.08668e-10	-0.0501453
6.08739e-10	-0.0501587
6.0881e-10	-0.050172
6.08881e-10	-0.0501852
6.08952e-10	-0.0501983
6.09023e-10	-0.0502113
6.09094e-10	-0.0502242
6.09165e-10	-0.050237
6.09236e-10	-0.0502498
6.09306e-10	-0.0502624
6.09377e-10	-0.050275
6.09448e-10	-0.0502874
6.09519e-10	-0.0502998
6.0959e-10	-0.0503121
6.09661e-10	-0.0503243
6.09732e-10	-0.0503364
6.09803e-10	-0.0503484
6.09874e-10	-0.0503603
6.09945e-10	-0.0503721
6.10016e-10	-0.0503838
6.10087e-10	-0.0503954
6.10158e-10	-0.050407
6.10229e-10	-0.0504184
6.10299e-10	-0.0504297
6.1037e-10	-0.050441
6.10441e-10	-0.0504521
6.10512e-10	-0.0504632
6.10583e-10	-0.0504742
6.10654e-10	-0.050485
6.10725e-10	-0.0504958
6.10796e-10	-0.0505065
6.10867e-10	-0.0505171
6.10938e-10	-0.0505276
6.11009e-10	-0.050538
6.1108e-10	-0.0505483
6.11151e-10	-0.0505585
6.11222e-10	-0.0505686
6.11292e-10	-0.0505786
6.11363e-10	-0.0505885
6.11434e-10	-0.0505984
6.11505e-10	-0.0506081
6.11576e-10	-0.0506177
6.11647e-10	-0.0506273
6.11718e-10	-0.0506367
6.11789e-10	-0.0506461
6.1186e-10	-0.0506553
6.11931e-10	-0.0506645
6.12002e-10	-0.0506735
6.12073e-10	-0.0506825
6.12144e-10	-0.0506913
6.12215e-10	-0.0507001
6.12285e-10	-0.0507088
6.12356e-10	-0.0507173
6.12427e-10	-0.0507258
6.12498e-10	-0.0507342
6.12569e-10	-0.0507425
6.1264e-10	-0.0507506
6.12711e-10	-0.0507587
6.12782e-10	-0.0507667
6.12853e-10	-0.0507746
6.12924e-10	-0.0507824
6.12995e-10	-0.0507901
6.13066e-10	-0.0507977
6.13137e-10	-0.0508052
6.13208e-10	-0.0508126
6.13278e-10	-0.0508198
6.13349e-10	-0.050827
6.1342e-10	-0.0508341
6.13491e-10	-0.0508411
6.13562e-10	-0.050848
6.13633e-10	-0.0508548
6.13704e-10	-0.0508615
6.13775e-10	-0.0508681
6.13846e-10	-0.0508746
6.13917e-10	-0.050881
6.13988e-10	-0.0508873
6.14059e-10	-0.0508935
6.1413e-10	-0.0508996
6.14201e-10	-0.0509056
6.14271e-10	-0.0509115
6.14342e-10	-0.0509173
6.14413e-10	-0.050923
6.14484e-10	-0.0509286
6.14555e-10	-0.0509341
6.14626e-10	-0.0509395
6.14697e-10	-0.0509448
6.14768e-10	-0.05095
6.14839e-10	-0.0509551
6.1491e-10	-0.0509601
6.14981e-10	-0.050965
6.15052e-10	-0.0509698
6.15123e-10	-0.0509745
6.15193e-10	-0.0509791
6.15264e-10	-0.0509835
6.15335e-10	-0.0509879
6.15406e-10	-0.0509922
6.15477e-10	-0.0509964
6.15548e-10	-0.0510004
6.15619e-10	-0.0510044
6.1569e-10	-0.0510083
6.15761e-10	-0.0510121
6.15832e-10	-0.0510157
6.15903e-10	-0.0510193
6.15974e-10	-0.0510227
6.16045e-10	-0.0510261
6.16116e-10	-0.0510293
6.16186e-10	-0.0510325
6.16257e-10	-0.0510355
6.16328e-10	-0.0510385
6.16399e-10	-0.0510413
6.1647e-10	-0.051044
6.16541e-10	-0.0510467
6.16612e-10	-0.0510492
6.16683e-10	-0.0510516
6.16754e-10	-0.0510539
6.16825e-10	-0.0510561
6.16896e-10	-0.0510583
6.16967e-10	-0.0510603
6.17038e-10	-0.0510622
6.17109e-10	-0.051064
6.17179e-10	-0.0510656
6.1725e-10	-0.0510672
6.17321e-10	-0.0510687
6.17392e-10	-0.0510701
6.17463e-10	-0.0510713
6.17534e-10	-0.0510725
6.17605e-10	-0.0510736
6.17676e-10	-0.0510745
6.17747e-10	-0.0510754
6.17818e-10	-0.0510761
6.17889e-10	-0.0510767
6.1796e-10	-0.0510773
6.18031e-10	-0.0510777
6.18102e-10	-0.051078
6.18172e-10	-0.0510782
6.18243e-10	-0.0510783
6.18314e-10	-0.0510783
6.18385e-10	-0.0510782
6.18456e-10	-0.051078
6.18527e-10	-0.0510777
6.18598e-10	-0.0510772
6.18669e-10	-0.0510767
6.1874e-10	-0.051076
6.18811e-10	-0.0510753
6.18882e-10	-0.0510744
6.18953e-10	-0.0510735
6.19024e-10	-0.0510724
6.19095e-10	-0.0510712
6.19165e-10	-0.0510699
6.19236e-10	-0.0510685
6.19307e-10	-0.051067
6.19378e-10	-0.0510654
6.19449e-10	-0.0510637
6.1952e-10	-0.0510618
6.19591e-10	-0.0510599
6.19662e-10	-0.0510578
6.19733e-10	-0.0510557
6.19804e-10	-0.0510534
6.19875e-10	-0.051051
6.19946e-10	-0.0510485
6.20017e-10	-0.0510459
6.20088e-10	-0.0510432
6.20158e-10	-0.0510404
6.20229e-10	-0.0510375
6.203e-10	-0.0510345
6.20371e-10	-0.0510313
6.20442e-10	-0.0510281
6.20513e-10	-0.0510247
6.20584e-10	-0.0510213
6.20655e-10	-0.0510177
6.20726e-10	-0.051014
6.20797e-10	-0.0510102
6.20868e-10	-0.0510063
6.20939e-10	-0.0510022
6.2101e-10	-0.0509981
6.21081e-10	-0.0509939
6.21151e-10	-0.0509895
6.21222e-10	-0.050985
6.21293e-10	-0.0509805
6.21364e-10	-0.0509758
6.21435e-10	-0.050971
6.21506e-10	-0.0509661
6.21577e-10	-0.0509611
6.21648e-10	-0.0509559
6.21719e-10	-0.0509507
6.2179e-10	-0.0509453
6.21861e-10	-0.0509399
6.21932e-10	-0.0509343
6.22003e-10	-0.0509286
6.22074e-10	-0.0509228
6.22144e-10	-0.0509169
6.22215e-10	-0.0509108
6.22286e-10	-0.0509047
6.22357e-10	-0.0508985
6.22428e-10	-0.0508921
6.22499e-10	-0.0508856
6.2257e-10	-0.050879
6.22641e-10	-0.0508723
6.22712e-10	-0.0508655
6.22783e-10	-0.0508586
6.22854e-10	-0.0508515
6.22925e-10	-0.0508444
6.22996e-10	-0.0508371
6.23066e-10	-0.0508297
6.23137e-10	-0.0508222
6.23208e-10	-0.0508146
6.23279e-10	-0.0508069
6.2335e-10	-0.0507991
6.23421e-10	-0.0507911
6.23492e-10	-0.0507831
6.23563e-10	-0.0507749
6.23634e-10	-0.0507666
6.23705e-10	-0.0507582
6.23776e-10	-0.0507497
6.23847e-10	-0.050741
6.23918e-10	-0.0507323
6.23989e-10	-0.0507234
6.24059e-10	-0.0507144
6.2413e-10	-0.0507053
6.24201e-10	-0.0506961
6.24272e-10	-0.0506868
6.24343e-10	-0.0506774
6.24414e-10	-0.0506678
6.24485e-10	-0.0506582
6.24556e-10	-0.0506484
6.24627e-10	-0.0506385
6.24698e-10	-0.0506284
6.24769e-10	-0.0506183
6.2484e-10	-0.0506081
6.24911e-10	-0.0505977
6.24982e-10	-0.0505872
6.25052e-10	-0.0505766
6.25123e-10	-0.0505659
6.25194e-10	-0.0505551
6.25265e-10	-0.0505442
6.25336e-10	-0.0505331
6.25407e-10	-0.0505219
6.25478e-10	-0.0505106
6.25549e-10	-0.0504992
6.2562e-10	-0.0504877
6.25691e-10	-0.0504761
6.25762e-10	-0.0504643
6.25833e-10	-0.0504524
6.25904e-10	-0.0504404
6.25975e-10	-0.0504283
6.26045e-10	-0.0504161
6.26116e-10	-0.0504037
6.26187e-10	-0.0503913
6.26258e-10	-0.0503787
6.26329e-10	-0.050366
6.264e-10	-0.0503532
6.26471e-10	-0.0503402
6.26542e-10	-0.0503272
6.26613e-10	-0.050314
6.26684e-10	-0.0503007
6.26755e-10	-0.0502873
6.26826e-10	-0.0502738
6.26897e-10	-0.0502602
6.26968e-10	-0.0502464
6.27038e-10	-0.0502325
6.27109e-10	-0.0502185
6.2718e-10	-0.0502044
6.27251e-10	-0.0501902
6.27322e-10	-0.0501758
6.27393e-10	-0.0501613
6.27464e-10	-0.0501468
6.27535e-10	-0.050132
6.27606e-10	-0.0501172
6.27677e-10	-0.0501023
6.27748e-10	-0.0500872
6.27819e-10	-0.050072
6.2789e-10	-0.0500567
6.27961e-10	-0.0500413
6.28031e-10	-0.0500257
6.28102e-10	-0.0500101
6.28173e-10	-0.0499943
6.28244e-10	-0.0499784
6.28315e-10	-0.0499623
6.28386e-10	-0.0499462
6.28457e-10	-0.0499299
6.28528e-10	-0.0499135
6.28599e-10	-0.049897
6.2867e-10	-0.0498804
6.28741e-10	-0.0498636
6.28812e-10	-0.0498468
6.28883e-10	-0.0498298
6.28954e-10	-0.0498127
6.29024e-10	-0.0497954
6.29095e-10	-0.0497781
6.29166e-10	-0.0497606
6.29237e-10	-0.049743
6.29308e-10	-0.0497253
6.29379e-10	-0.0497075
6.2945e-10	-0.0496895
6.29521e-10	-0.0496714
6.29592e-10	-0.0496532
6.29663e-10	-0.0496349
6.29734e-10	-0.0496165
6.29805e-10	-0.0495979
6.29876e-10	-0.0495792
6.29947e-10	-0.0495604
6.30017e-10	-0.0495415
6.30088e-10	-0.0495224
6.30159e-10	-0.0495032
6.3023e-10	-0.0494839
6.30301e-10	-0.0494645
6.30372e-10	-0.049445
6.30443e-10	-0.0494253
6.30514e-10	-0.0494055
6.30585e-10	-0.0493856
6.30656e-10	-0.0493656
6.30727e-10	-0.0493454
6.30798e-10	-0.0493251
6.30869e-10	-0.0493047
6.30939e-10	-0.0492842
6.3101e-10	-0.0492636
6.31081e-10	-0.0492428
6.31152e-10	-0.0492219
6.31223e-10	-0.0492009
6.31294e-10	-0.0491797
6.31365e-10	-0.0491585
6.31436e-10	-0.0491371
6.31507e-10	-0.0491156
6.31578e-10	-0.0490939
6.31649e-10	-0.0490722
6.3172e-10	-0.0490503
6.31791e-10	-0.0490283
6.31862e-10	-0.0490062
6.31932e-10	-0.0489839
6.32003e-10	-0.0489615
6.32074e-10	-0.048939
6.32145e-10	-0.0489164
6.32216e-10	-0.0488936
6.32287e-10	-0.0488708
6.32358e-10	-0.0488478
6.32429e-10	-0.0488246
6.325e-10	-0.0488014
6.32571e-10	-0.048778
6.32642e-10	-0.0487545
6.32713e-10	-0.0487309
6.32784e-10	-0.0487071
6.32855e-10	-0.0486833
6.32925e-10	-0.0486593
6.32996e-10	-0.0486351
6.33067e-10	-0.0486109
6.33138e-10	-0.0485865
6.33209e-10	-0.048562
6.3328e-10	-0.0485374
6.33351e-10	-0.0485127
6.33422e-10	-0.0484878
6.33493e-10	-0.0484628
6.33564e-10	-0.0484376
6.33635e-10	-0.0484124
6.33706e-10	-0.048387
6.33777e-10	-0.0483615
6.33848e-10	-0.0483359
6.33918e-10	-0.0483101
6.33989e-10	-0.0482842
6.3406e-10	-0.0482582
6.34131e-10	-0.0482321
6.34202e-10	-0.0482058
6.34273e-10	-0.0481794
6.34344e-10	-0.0481529
6.34415e-10	-0.0481263
6.34486e-10	-0.0480995
6.34557e-10	-0.0480726
6.34628e-10	-0.0480456
6.34699e-10	-0.0480185
6.3477e-10	-0.0479912
6.34841e-10	-0.0479638
6.34911e-10	-0.0479363
6.34982e-10	-0.0479086
6.35053e-10	-0.0478808
6.35124e-10	-0.0478529
6.35195e-10	-0.0478249
6.35266e-10	-0.0477967
6.35337e-10	-0.0477684
6.35408e-10	-0.04774
6.35479e-10	-0.0477115
6.3555e-10	-0.0476828
6.35621e-10	-0.047654
6.35692e-10	-0.0476251
6.35763e-10	-0.047596
6.35834e-10	-0.0475668
6.35904e-10	-0.0475375
6.35975e-10	-0.0475081
6.36046e-10	-0.0474785
6.36117e-10	-0.0474488
6.36188e-10	-0.047419
6.36259e-10	-0.047389
6.3633e-10	-0.047359
6.36401e-10	-0.0473288
6.36472e-10	-0.0472984
6.36543e-10	-0.047268
6.36614e-10	-0.0472374
6.36685e-10	-0.0472066
6.36756e-10	-0.0471758
6.36827e-10	-0.0471448
6.36897e-10	-0.0471137
6.36968e-10	-0.0470825
6.37039e-10	-0.0470511
6.3711e-10	-0.0470196
6.37181e-10	-0.046988
6.37252e-10	-0.0469562
6.37323e-10	-0.0469244
6.37394e-10	-0.0468924
6.37465e-10	-0.0468602
6.37536e-10	-0.0468279
6.37607e-10	-0.0467956
6.37678e-10	-0.046763
6.37749e-10	-0.0467304
6.3782e-10	-0.0466976
6.3789e-10	-0.0466647
6.37961e-10	-0.0466316
6.38032e-10	-0.0465985
6.38103e-10	-0.0465652
6.38174e-10	-0.0465317
6.38245e-10	-0.0464982
6.38316e-10	-0.0464645
6.38387e-10	-0.0464307
6.38458e-10	-0.0463967
6.38529e-10	-0.0463626
6.386e-10	-0.0463284
6.38671e-10	-0.0462941
6.38742e-10	-0.0462596
6.38813e-10	-0.046225
6.38883e-10	-0.0461903
6.38954e-10	-0.0461554
6.39025e-10	-0.0461204
6.39096e-10	-0.0460853
6.39167e-10	-0.04605
6.39238e-10	-0.0460147
6.39309e-10	-0.0459791
6.3938e-10	-0.0459435
6.39451e-10	-0.0459077
6.39522e-10	-0.0458718
6.39593e-10	-0.0458358
6.39664e-10	-0.0457996
6.39735e-10	-0.0457633
6.39805e-10	-0.0457269
6.39876e-10	-0.0456903
6.39947e-10	-0.0456536
6.40018e-10	-0.0456168
6.40089e-10	-0.0455799
6.4016e-10	-0.0455428
6.40231e-10	-0.0455056
6.40302e-10	-0.0454682
6.40373e-10	-0.0454308
6.40444e-10	-0.0453931
6.40515e-10	-0.0453554
6.40586e-10	-0.0453175
6.40657e-10	-0.0452795
6.40728e-10	-0.0452414
6.40798e-10	-0.0452031
6.40869e-10	-0.0451647
6.4094e-10	-0.0451262
6.41011e-10	-0.0450876
6.41082e-10	-0.0450488
6.41153e-10	-0.0450098
6.41224e-10	-0.0449708
6.41295e-10	-0.0449316
6.41366e-10	-0.0448923
6.41437e-10	-0.0448528
6.41508e-10	-0.0448133
6.41579e-10	-0.0447735
6.4165e-10	-0.0447337
6.41721e-10	-0.0446937
6.41791e-10	-0.0446536
6.41862e-10	-0.0446134
6.41933e-10	-0.044573
6.42004e-10	-0.0445325
6.42075e-10	-0.0444918
6.42146e-10	-0.0444511
6.42217e-10	-0.0444102
6.42288e-10	-0.0443691
6.42359e-10	-0.044328
6.4243e-10	-0.0442867
6.42501e-10	-0.0442452
6.42572e-10	-0.0442037
6.42643e-10	-0.044162
6.42714e-10	-0.0441201
6.42784e-10	-0.0440782
6.42855e-10	-0.0440361
6.42926e-10	-0.0439939
6.42997e-10	-0.0439515
6.43068e-10	-0.043909
6.43139e-10	-0.0438664
6.4321e-10	-0.0438236
6.43281e-10	-0.0437807
6.43352e-10	-0.0437377
6.43423e-10	-0.0436945
6.43494e-10	-0.0436512
6.43565e-10	-0.0436078
6.43636e-10	-0.0435643
6.43707e-10	-0.0435206
6.43777e-10	-0.0434767
6.43848e-10	-0.0434328
6.43919e-10	-0.0433887
6.4399e-10	-0.0433445
6.44061e-10	-0.0433001
6.44132e-10	-0.0432556
6.44203e-10	-0.043211
6.44274e-10	-0.0431662
6.44345e-10	-0.0431214
6.44416e-10	-0.0430763
6.44487e-10	-0.0430312
6.44558e-10	-0.0429859
6.44629e-10	-0.0429405
6.447e-10	-0.0428949
6.4477e-10	-0.0428492
6.44841e-10	-0.0428034
6.44912e-10	-0.0427574
6.44983e-10	-0.0427113
6.45054e-10	-0.0426651
6.45125e-10	-0.0426187
6.45196e-10	-0.0425723
6.45267e-10	-0.0425256
6.45338e-10	-0.0424789
6.45409e-10	-0.042432
6.4548e-10	-0.0423849
6.45551e-10	-0.0423378
6.45622e-10	-0.0422905
6.45693e-10	-0.0422431
6.45763e-10	-0.0421955
6.45834e-10	-0.0421478
6.45905e-10	-0.0421
6.45976e-10	-0.042052
6.46047e-10	-0.0420039
6.46118e-10	-0.0419556
6.46189e-10	-0.0419073
6.4626e-10	-0.0418588
6.46331e-10	-0.0418101
6.46402e-10	-0.0417614
6.46473e-10	-0.0417125
6.46544e-10	-0.0416634
6.46615e-10	-0.0416142
6.46686e-10	-0.0415649
6.46756e-10	-0.0415155
6.46827e-10	-0.0414659
6.46898e-10	-0.0414162
6.46969e-10	-0.0413664
6.4704e-10	-0.0413164
6.47111e-10	-0.0412663
6.47182e-10	-0.041216
6.47253e-10	-0.0411656
6.47324e-10	-0.0411151
6.47395e-10	-0.0410645
6.47466e-10	-0.0410137
6.47537e-10	-0.0409627
6.47608e-10	-0.0409117
6.47678e-10	-0.0408605
6.47749e-10	-0.0408092
6.4782e-10	-0.0407577
6.47891e-10	-0.0407061
6.47962e-10	-0.0406544
6.48033e-10	-0.0406025
6.48104e-10	-0.0405505
6.48175e-10	-0.0404984
6.48246e-10	-0.0404461
6.48317e-10	-0.0403937
6.48388e-10	-0.0403412
6.48459e-10	-0.0402885
6.4853e-10	-0.0402357
6.48601e-10	-0.0401827
6.48671e-10	-0.0401297
6.48742e-10	-0.0400764
6.48813e-10	-0.0400231
6.48884e-10	-0.0399696
6.48955e-10	-0.039916
6.49026e-10	-0.0398622
6.49097e-10	-0.0398084
6.49168e-10	-0.0397543
6.49239e-10	-0.0397002
6.4931e-10	-0.0396459
6.49381e-10	-0.0395915
6.49452e-10	-0.0395369
6.49523e-10	-0.0394822
6.49594e-10	-0.0394274
6.49664e-10	-0.0393724
6.49735e-10	-0.0393173
6.49806e-10	-0.039262
6.49877e-10	-0.0392067
6.49948e-10	-0.0391512
6.50019e-10	-0.0390955
6.5009e-10	-0.0390397
6.50161e-10	-0.0389838
6.50232e-10	-0.0389278
6.50303e-10	-0.0388716
6.50374e-10	-0.0388153
6.50445e-10	-0.0387588
6.50516e-10	-0.0387022
6.50587e-10	-0.0386455
6.50657e-10	-0.0385887
6.50728e-10	-0.0385317
6.50799e-10	-0.0384745
6.5087e-10	-0.0384173
6.50941e-10	-0.0383599
6.51012e-10	-0.0383023
6.51083e-10	-0.0382447
6.51154e-10	-0.0381868
6.51225e-10	-0.0381289
6.51296e-10	-0.0380708
6.51367e-10	-0.0380126
6.51438e-10	-0.0379543
6.51509e-10	-0.0378958
6.5158e-10	-0.0378372
6.5165e-10	-0.0377784
6.51721e-10	-0.0377195
6.51792e-10	-0.0376605
6.51863e-10	-0.0376013
6.51934e-10	-0.037542
6.52005e-10	-0.0374826
6.52076e-10	-0.0374231
6.52147e-10	-0.0373634
6.52218e-10	-0.0373035
6.52289e-10	-0.0372435
6.5236e-10	-0.0371834
6.52431e-10	-0.0371232
6.52502e-10	-0.0370628
6.52573e-10	-0.0370023
6.52643e-10	-0.0369417
6.52714e-10	-0.0368809
6.52785e-10	-0.03682
6.52856e-10	-0.0367589
6.52927e-10	-0.0366977
6.52998e-10	-0.0366364
6.53069e-10	-0.0365749
6.5314e-10	-0.0365133
6.53211e-10	-0.0364516
6.53282e-10	-0.0363898
6.53353e-10	-0.0363278
6.53424e-10	-0.0362656
6.53495e-10	-0.0362034
6.53566e-10	-0.0361409
6.53636e-10	-0.0360784
6.53707e-10	-0.0360157
6.53778e-10	-0.0359529
6.53849e-10	-0.03589
6.5392e-10	-0.0358269
6.53991e-10	-0.0357637
6.54062e-10	-0.0357003
6.54133e-10	-0.0356368
6.54204e-10	-0.0355732
6.54275e-10	-0.0355095
6.54346e-10	-0.0354456
6.54417e-10	-0.0353815
6.54488e-10	-0.0353174
6.54559e-10	-0.0352531
6.54629e-10	-0.0351886
6.547e-10	-0.0351241
6.54771e-10	-0.0350594
6.54842e-10	-0.0349945
6.54913e-10	-0.0349296
6.54984e-10	-0.0348644
6.55055e-10	-0.0347992
6.55126e-10	-0.0347338
6.55197e-10	-0.0346683
6.55268e-10	-0.0346027
6.55339e-10	-0.0345369
6.5541e-10	-0.034471
6.55481e-10	-0.0344049
6.55551e-10	-0.0343387
6.55622e-10	-0.0342724
6.55693e-10	-0.0342059
6.55764e-10	-0.0341393
6.55835e-10	-0.0340726
6.55906e-10	-0.0340057
6.55977e-10	-0.0339387
6.56048e-10	-0.0338716
6.56119e-10	-0.0338043
6.5619e-10	-0.0337369
6.56261e-10	-0.0336694
6.56332e-10	-0.0336017
6.56403e-10	-0.0335339
6.56474e-10	-0.033466
6.56544e-10	-0.0333979
6.56615e-10	-0.0333297
6.56686e-10	-0.0332613
6.56757e-10	-0.0331929
6.56828e-10	-0.0331242
6.56899e-10	-0.0330555
6.5697e-10	-0.0329866
6.57041e-10	-0.0329176
6.57112e-10	-0.0328484
6.57183e-10	-0.0327791
6.57254e-10	-0.0327097
6.57325e-10	-0.0326402
6.57396e-10	-0.0325705
6.57467e-10	-0.0325006
6.57537e-10	-0.0324307
6.57608e-10	-0.0323606
6.57679e-10	-0.0322904
6.5775e-10	-0.03222
6.57821e-10	-0.0321495
6.57892e-10	-0.0320789
6.57963e-10	-0.0320081
6.58034e-10	-0.0319372
6.58105e-10	-0.0318661
6.58176e-10	-0.031795
6.58247e-10	-0.0317237
6.58318e-10	-0.0316522
6.58389e-10	-0.0315806
6.5846e-10	-0.0315089
6.5853e-10	-0.0314371
6.58601e-10	-0.0313651
6.58672e-10	-0.031293
6.58743e-10	-0.0312208
6.58814e-10	-0.0311484
6.58885e-10	-0.0310759
6.58956e-10	-0.0310032
6.59027e-10	-0.0309304
6.59098e-10	-0.0308575
6.59169e-10	-0.0307845
6.5924e-10	-0.0307113
6.59311e-10	-0.030638
6.59382e-10	-0.0305645
6.59453e-10	-0.030491
6.59523e-10	-0.0304172
6.59594e-10	-0.0303434
6.59665e-10	-0.0302694
6.59736e-10	-0.0301953
6.59807e-10	-0.030121
6.59878e-10	-0.0300466
6.59949e-10	-0.0299721
6.6002e-10	-0.0298975
6.60091e-10	-0.0298227
6.60162e-10	-0.0297478
6.60233e-10	-0.0296727
6.60304e-10	-0.0295975
6.60375e-10	-0.0295222
6.60446e-10	-0.0294467
6.60516e-10	-0.0293712
6.60587e-10	-0.0292954
6.60658e-10	-0.0292196
6.60729e-10	-0.0291436
6.608e-10	-0.0290675
6.60871e-10	-0.0289912
6.60942e-10	-0.0289148
6.61013e-10	-0.0288383
6.61084e-10	-0.0287617
6.61155e-10	-0.0286849
6.61226e-10	-0.028608
6.61297e-10	-0.0285309
6.61368e-10	-0.0284537
6.61439e-10	-0.0283764
6.61509e-10	-0.028299
6.6158e-10	-0.0282214
6.61651e-10	-0.0281437
6.61722e-10	-0.0280658
6.61793e-10	-0.0279879
6.61864e-10	-0.0279097
6.61935e-10	-0.0278315
6.62006e-10	-0.0277531
6.62077e-10	-0.0276746
6.62148e-10	-0.027596
6.62219e-10	-0.0275172
6.6229e-10	-0.0274383
6.62361e-10	-0.0273593
6.62432e-10	-0.0272801
6.62502e-10	-0.0272008
6.62573e-10	-0.0271213
6.62644e-10	-0.0270418
6.62715e-10	-0.0269621
6.62786e-10	-0.0268822
6.62857e-10	-0.0268023
6.62928e-10	-0.0267222
6.62999e-10	-0.026642
6.6307e-10	-0.0265616
6.63141e-10	-0.0264811
6.63212e-10	-0.0264005
6.63283e-10	-0.0263197
6.63354e-10	-0.0262389
6.63424e-10	-0.0261578
6.63495e-10	-0.0260767
6.63566e-10	-0.0259954
6.63637e-10	-0.025914
6.63708e-10	-0.0258325
6.63779e-10	-0.0257508
6.6385e-10	-0.025669
6.63921e-10	-0.025587
6.63992e-10	-0.025505
6.64063e-10	-0.0254228
6.64134e-10	-0.0253404
6.64205e-10	-0.025258
6.64276e-10	-0.0251754
6.64347e-10	-0.0250927
6.64417e-10	-0.0250098
6.64488e-10	-0.0249268
6.64559e-10	-0.0248437
6.6463e-10	-0.0247605
6.64701e-10	-0.0246771
6.64772e-10	-0.0245936
6.64843e-10	-0.02451
6.64914e-10	-0.0244262
6.64985e-10	-0.0243423
6.65056e-10	-0.0242583
6.65127e-10	-0.0241741
6.65198e-10	-0.0240898
6.65269e-10	-0.0240054
6.6534e-10	-0.0239209
6.6541e-10	-0.0238362
6.65481e-10	-0.0237514
6.65552e-10	-0.0236664
6.65623e-10	-0.0235814
6.65694e-10	-0.0234962
6.65765e-10	-0.0234108
6.65836e-10	-0.0233254
6.65907e-10	-0.0232398
6.65978e-10	-0.0231541
6.66049e-10	-0.0230682
6.6612e-10	-0.0229823
6.66191e-10	-0.0228961
6.66262e-10	-0.0228099
6.66333e-10	-0.0227235
6.66403e-10	-0.0226371
6.66474e-10	-0.0225504
6.66545e-10	-0.0224637
6.66616e-10	-0.0223768
6.66687e-10	-0.0222898
6.66758e-10	-0.0222027
6.66829e-10	-0.0221154
6.669e-10	-0.022028
6.66971e-10	-0.0219405
6.67042e-10	-0.0218528
6.67113e-10	-0.021765
6.67184e-10	-0.0216771
6.67255e-10	-0.0215891
6.67326e-10	-0.0215009
6.67396e-10	-0.0214126
6.67467e-10	-0.0213242
6.67538e-10	-0.0212357
6.67609e-10	-0.021147
6.6768e-10	-0.0210582
6.67751e-10	-0.0209692
6.67822e-10	-0.0208802
6.67893e-10	-0.020791
6.67964e-10	-0.0207017
6.68035e-10	-0.0206122
6.68106e-10	-0.0205226
6.68177e-10	-0.0204329
6.68248e-10	-0.0203431
6.68319e-10	-0.0202532
6.68389e-10	-0.0201631
6.6846e-10	-0.0200729
6.68531e-10	-0.0199825
6.68602e-10	-0.0198921
6.68673e-10	-0.0198015
6.68744e-10	-0.0197108
6.68815e-10	-0.0196199
6.68886e-10	-0.0195289
6.68957e-10	-0.0194378
6.69028e-10	-0.0193466
6.69099e-10	-0.0192553
6.6917e-10	-0.0191638
6.69241e-10	-0.0190722
6.69312e-10	-0.0189805
6.69382e-10	-0.0188886
6.69453e-10	-0.0187966
6.69524e-10	-0.0187045
6.69595e-10	-0.0186123
6.69666e-10	-0.0185199
6.69737e-10	-0.0184274
6.69808e-10	-0.0183348
6.69879e-10	-0.0182421
6.6995e-10	-0.0181492
6.70021e-10	-0.0180562
6.70092e-10	-0.0179631
6.70163e-10	-0.0178699
6.70234e-10	-0.0177765
6.70305e-10	-0.017683
6.70375e-10	-0.0175894
6.70446e-10	-0.0174957
6.70517e-10	-0.0174018
6.70588e-10	-0.0173078
6.70659e-10	-0.0172137
6.7073e-10	-0.0171194
6.70801e-10	-0.0170251
6.70872e-10	-0.0169306
6.70943e-10	-0.016836
6.71014e-10	-0.0167412
6.71085e-10	-0.0166464
6.71156e-10	-0.0165514
6.71227e-10	-0.0164563
6.71297e-10	-0.0163611
6.71368e-10	-0.0162657
6.71439e-10	-0.0161702
6.7151e-10	-0.0160746
6.71581e-10	-0.0159789
6.71652e-10	-0.015883
6.71723e-10	-0.0157871
6.71794e-10	-0.015691
6.71865e-10	-0.0155947
6.71936e-10	-0.0154984
6.72007e-10	-0.0154019
6.72078e-10	-0.0153053
6.72149e-10	-0.0152086
6.7222e-10	-0.0151118
6.7229e-10	-0.0150148
6.72361e-10	-0.0149177
6.72432e-10	-0.0148205
6.72503e-10	-0.0147232
6.72574e-10	-0.0146257
6.72645e-10	-0.0145282
6.72716e-10	-0.0144305
6.72787e-10	-0.0143327
6.72858e-10	-0.0142347
6.72929e-10	-0.0141367
6.73e-10	-0.0140385
6.73071e-10	-0.0139402
6.73142e-10	-0.0138417
6.73213e-10	-0.0137432
6.73283e-10	-0.0136445
6.73354e-10	-0.0135457
6.73425e-10	-0.0134468
6.73496e-10	-0.0133478
6.73567e-10	-0.0132486
6.73638e-10	-0.0131494
6.73709e-10	-0.01305
6.7378e-10	-0.0129505
6.73851e-10	-0.0128508
6.73922e-10	-0.0127511
6.73993e-10	-0.0126512
6.74064e-10	-0.0125512
6.74135e-10	-0.0124511
6.74206e-10	-0.0123508
6.74276e-10	-0.0122505
6.74347e-10	-0.01215
6.74418e-10	-0.0120494
6.74489e-10	-0.0119487
6.7456e-10	-0.0118478
6.74631e-10	-0.0117469
6.74702e-10	-0.0116458
6.74773e-10	-0.0115446
6.74844e-10	-0.0114433
6.74915e-10	-0.0113419
6.74986e-10	-0.0112403
6.75057e-10	-0.0111386
6.75128e-10	-0.0110369
6.75199e-10	-0.010935
6.75269e-10	-0.0108329
6.7534e-10	-0.0107308
6.75411e-10	-0.0106285
6.75482e-10	-0.0105261
6.75553e-10	-0.0104236
6.75624e-10	-0.010321
6.75695e-10	-0.0102183
6.75766e-10	-0.0101154
6.75837e-10	-0.0100125
6.75908e-10	-0.00990936
6.75979e-10	-0.00980616
6.7605e-10	-0.00970283
6.76121e-10	-0.00959939
6.76192e-10	-0.00949583
6.76262e-10	-0.00939216
6.76333e-10	-0.00928837
6.76404e-10	-0.00918446
6.76475e-10	-0.00908043
6.76546e-10	-0.00897629
6.76617e-10	-0.00887203
6.76688e-10	-0.00876765
6.76759e-10	-0.00866316
6.7683e-10	-0.00855856
6.76901e-10	-0.00845383
6.76972e-10	-0.00834899
6.77043e-10	-0.00824404
6.77114e-10	-0.00813897
6.77185e-10	-0.00803378
6.77255e-10	-0.00792848
6.77326e-10	-0.00782306
6.77397e-10	-0.00771753
6.77468e-10	-0.00761188
6.77539e-10	-0.00750612
6.7761e-10	-0.00740025
6.77681e-10	-0.00729425
6.77752e-10	-0.00718815
6.77823e-10	-0.00708193
6.77894e-10	-0.00697559
6.77965e-10	-0.00686914
6.78036e-10	-0.00676258
6.78107e-10	-0.0066559
6.78178e-10	-0.00654911
6.78248e-10	-0.00644221
6.78319e-10	-0.00633519
6.7839e-10	-0.00622806
6.78461e-10	-0.00612081
6.78532e-10	-0.00601345
6.78603e-10	-0.00590598
6.78674e-10	-0.0057984
6.78745e-10	-0.0056907
6.78816e-10	-0.00558289
6.78887e-10	-0.00547497
6.78958e-10	-0.00536693
6.79029e-10	-0.00525879
6.791e-10	-0.00515053
6.7917e-10	-0.00504215
6.79241e-10	-0.00493367
6.79312e-10	-0.00482507
6.79383e-10	-0.00471637
6.79454e-10	-0.00460755
6.79525e-10	-0.00449862
6.79596e-10	-0.00438958
6.79667e-10	-0.00428042
6.79738e-10	-0.00417116
6.79809e-10	-0.00406178
6.7988e-10	-0.0039523
6.79951e-10	-0.0038427
6.80022e-10	-0.00373299
6.80093e-10	-0.00362318
6.80163e-10	-0.00351325
6.80234e-10	-0.00340321
6.80305e-10	-0.00329306
6.80376e-10	-0.0031828
6.80447e-10	-0.00307244
6.80518e-10	-0.00296196
6.80589e-10	-0.00285137
6.8066e-10	-0.00274068
6.80731e-10	-0.00262987
6.80802e-10	-0.00251896
6.80873e-10	-0.00240793
6.80944e-10	-0.0022968
6.81015e-10	-0.00218556
6.81086e-10	-0.00207421
6.81156e-10	-0.00196275
6.81227e-10	-0.00185118
6.81298e-10	-0.00173951
6.81369e-10	-0.00162773
6.8144e-10	-0.00151584
6.81511e-10	-0.00140384
6.81582e-10	-0.00129173
6.81653e-10	-0.00117952
6.81724e-10	-0.0010672
6.81795e-10	-0.000954773
6.81866e-10	-0.000842239
6.81937e-10	-0.000729597
6.82008e-10	-0.000616849
6.82079e-10	-0.000503994
6.82149e-10	-0.000391033
6.8222e-10	-0.000277965
6.82291e-10	-0.000164792
6.82362e-10	-5.15118e-05
6.82433e-10	6.18738e-05
6.82504e-10	0.000175365
6.82575e-10	0.000288962
6.82646e-10	0.000402665
6.82717e-10	0.000516473
6.82788e-10	0.000630386
6.82859e-10	0.000744404
6.8293e-10	0.000858527
6.83001e-10	0.000972754
6.83072e-10	0.00108709
6.83142e-10	0.00120152
6.83213e-10	0.00131606
6.83284e-10	0.00143071
6.83355e-10	0.00154546
6.83426e-10	0.00166031
6.83497e-10	0.00177527
6.83568e-10	0.00189033
6.83639e-10	0.00200549
6.8371e-10	0.00212076
6.83781e-10	0.00223613
6.83852e-10	0.0023516
6.83923e-10	0.00246718
6.83994e-10	0.00258286
6.84065e-10	0.00269864
6.84135e-10	0.00281452
6.84206e-10	0.0029305
6.84277e-10	0.00304659
6.84348e-10	0.00316278
6.84419e-10	0.00327907
6.8449e-10	0.00339546
6.84561e-10	0.00351196
6.84632e-10	0.00362855
6.84703e-10	0.00374525
6.84774e-10	0.00386205
6.84845e-10	0.00397895
6.84916e-10	0.00409595
6.84987e-10	0.00421304
6.85058e-10	0.00433024
6.85128e-10	0.00444754
6.85199e-10	0.00456494
6.8527e-10	0.00468244
6.85341e-10	0.00480004
6.85412e-10	0.00491774
6.85483e-10	0.00503554
6.85554e-10	0.00515344
6.85625e-10	0.00527144
6.85696e-10	0.00538953
6.85767e-10	0.00550773
6.85838e-10	0.00562602
6.85909e-10	0.00574441
6.8598e-10	0.0058629
6.86051e-10	0.00598149
6.86121e-10	0.00610017
6.86192e-10	0.00621896
6.86263e-10	0.00633784
6.86334e-10	0.00645682
6.86405e-10	0.00657589
6.86476e-10	0.00669507
6.86547e-10	0.00681434
6.86618e-10	0.0069337
6.86689e-10	0.00705317
6.8676e-10	0.00717273
6.86831e-10	0.00729238
6.86902e-10	0.00741213
6.86973e-10	0.00753198
6.87044e-10	0.00765193
6.87114e-10	0.00777197
6.87185e-10	0.0078921
6.87256e-10	0.00801233
6.87327e-10	0.00813266
6.87398e-10	0.00825308
6.87469e-10	0.00837359
6.8754e-10	0.0084942
6.87611e-10	0.00861491
6.87682e-10	0.00873571
6.87753e-10	0.0088566
6.87824e-10	0.00897759
6.87895e-10	0.00909867
6.87966e-10	0.00921984
6.88036e-10	0.00934111
6.88107e-10	0.00946247
6.88178e-10	0.00958393
6.88249e-10	0.00970547
6.8832e-10	0.00982711
6.88391e-10	0.00994885
6.88462e-10	0.0100707
6.88533e-10	0.0101926
6.88604e-10	0.0103146
6.88675e-10	0.0104367
6.88746e-10	0.0105589
6.88817e-10	0.0106812
6.88888e-10	0.0108035
6.88959e-10	0.010926
6.89029e-10	0.0110486
6.891e-10	0.0111712
6.89171e-10	0.011294
6.89242e-10	0.0114168
6.89313e-10	0.0115397
6.89384e-10	0.0116627
6.89455e-10	0.0117858
6.89526e-10	0.011909
6.89597e-10	0.0120323
6.89668e-10	0.0121557
6.89739e-10	0.0122791
6.8981e-10	0.0124027
6.89881e-10	0.0125263
6.89952e-10	0.01265
6.90022e-10	0.0127738
6.90093e-10	0.0128977
6.90164e-10	0.0130217
6.90235e-10	0.0131458
6.90306e-10	0.01327
6.90377e-10	0.0133942
6.90448e-10	0.0135186
6.90519e-10	0.013643
6.9059e-10	0.0137675
6.90661e-10	0.0138921
6.90732e-10	0.0140168
6.90803e-10	0.0141416
6.90874e-10	0.0142664
6.90945e-10	0.0143914
6.91015e-10	0.0145164
6.91086e-10	0.0146415
6.91157e-10	0.0147667
6.91228e-10	0.014892
6.91299e-10	0.0150174
6.9137e-10	0.0151429
6.91441e-10	0.0152684
6.91512e-10	0.015394
6.91583e-10	0.0155197
6.91654e-10	0.0156455
6.91725e-10	0.0157714
6.91796e-10	0.0158974
6.91867e-10	0.0160234
6.91938e-10	0.0161496
6.92008e-10	0.0162758
6.92079e-10	0.0164021
6.9215e-10	0.0165285
6.92221e-10	0.0166549
6.92292e-10	0.0167815
6.92363e-10	0.0169081
6.92434e-10	0.0170348
6.92505e-10	0.0171616
6.92576e-10	0.0172885
6.92647e-10	0.0174154
6.92718e-10	0.0175425
6.92789e-10	0.0176696
6.9286e-10	0.0177968
6.92931e-10	0.0179241
6.93001e-10	0.0180514
6.93072e-10	0.0181789
6.93143e-10	0.0183064
6.93214e-10	0.018434
6.93285e-10	0.0185617
6.93356e-10	0.0186894
6.93427e-10	0.0188173
6.93498e-10	0.0189452
6.93569e-10	0.0190732
6.9364e-10	0.0192013
6.93711e-10	0.0193294
6.93782e-10	0.0194577
6.93853e-10	0.019586
6.93924e-10	0.0197144
6.93994e-10	0.0198428
6.94065e-10	0.0199714
6.94136e-10	0.0201
6.94207e-10	0.0202287
6.94278e-10	0.0203575
6.94349e-10	0.0204863
6.9442e-10	0.0206153
6.94491e-10	0.0207443
6.94562e-10	0.0208733
6.94633e-10	0.0210025
6.94704e-10	0.0211317
6.94775e-10	0.021261
6.94846e-10	0.0213904
6.94917e-10	0.0215199
6.94987e-10	0.0216494
6.95058e-10	0.021779
6.95129e-10	0.0219087
6.952e-10	0.0220385
6.95271e-10	0.0221683
6.95342e-10	0.0222982
6.95413e-10	0.0224282
6.95484e-10	0.0225582
6.95555e-10	0.0226884
6.95626e-10	0.0228186
6.95697e-10	0.0229488
6.95768e-10	0.0230792
6.95839e-10	0.0232096
6.95909e-10	0.0233401
6.9598e-10	0.0234707
6.96051e-10	0.0236013
6.96122e-10	0.023732
6.96193e-10	0.0238628
6.96264e-10	0.0239936
6.96335e-10	0.0241245
6.96406e-10	0.0242555
6.96477e-10	0.0243866
6.96548e-10	0.0245177
6.96619e-10	0.0246489
6.9669e-10	0.0247802
6.96761e-10	0.0249115
6.96832e-10	0.0250429
6.96902e-10	0.0251744
6.96973e-10	0.025306
6.97044e-10	0.0254376
6.97115e-10	0.0255693
6.97186e-10	0.025701
6.97257e-10	0.0258328
6.97328e-10	0.0259647
6.97399e-10	0.0260967
6.9747e-10	0.0262287
6.97541e-10	0.0263608
6.97612e-10	0.026493
6.97683e-10	0.0266252
6.97754e-10	0.0267575
6.97825e-10	0.0268898
6.97895e-10	0.0270223
6.97966e-10	0.0271547
6.98037e-10	0.0272873
6.98108e-10	0.0274199
6.98179e-10	0.0275526
6.9825e-10	0.0276854
6.98321e-10	0.0278182
6.98392e-10	0.0279511
6.98463e-10	0.028084
6.98534e-10	0.028217
6.98605e-10	0.0283501
6.98676e-10	0.0284832
6.98747e-10	0.0286164
6.98818e-10	0.0287497
6.98888e-10	0.028883
6.98959e-10	0.0290164
6.9903e-10	0.0291499
6.99101e-10	0.0292834
6.99172e-10	0.029417
6.99243e-10	0.0295506
6.99314e-10	0.0296843
6.99385e-10	0.0298181
6.99456e-10	0.0299519
6.99527e-10	0.0300858
6.99598e-10	0.0302197
6.99669e-10	0.0303537
6.9974e-10	0.0304878
6.99811e-10	0.0306219
6.99881e-10	0.0307561
6.99952e-10	0.0308903
7.00023e-10	0.0310246
7.00094e-10	0.031159
7.00165e-10	0.0312934
7.00236e-10	0.0314279
7.00307e-10	0.0315625
7.00378e-10	0.0316971
7.00449e-10	0.0318317
7.0052e-10	0.0319664
7.00591e-10	0.0321012
7.00662e-10	0.032236
7.00733e-10	0.0323709
7.00804e-10	0.0325059
7.00874e-10	0.0326409
7.00945e-10	0.0327759
7.01016e-10	0.032911
7.01087e-10	0.0330462
7.01158e-10	0.0331814
7.01229e-10	0.0333167
7.013e-10	0.033452
7.01371e-10	0.0335874
7.01442e-10	0.0337229
7.01513e-10	0.0338584
7.01584e-10	0.0339939
7.01655e-10	0.0341295
7.01726e-10	0.0342652
7.01797e-10	0.0344009
7.01867e-10	0.0345367
7.01938e-10	0.0346725
7.02009e-10	0.0348084
7.0208e-10	0.0349443
7.02151e-10	0.0350803
7.02222e-10	0.0352163
7.02293e-10	0.0353524
7.02364e-10	0.0354885
7.02435e-10	0.0356247
7.02506e-10	0.0357609
7.02577e-10	0.0358972
7.02648e-10	0.0360336
7.02719e-10	0.0361699
7.0279e-10	0.0363064
7.0286e-10	0.0364429
7.02931e-10	0.0365794
7.03002e-10	0.036716
7.03073e-10	0.0368526
7.03144e-10	0.0369893
7.03215e-10	0.0371261
7.03286e-10	0.0372628
7.03357e-10	0.0373997
7.03428e-10	0.0375365
7.03499e-10	0.0376735
7.0357e-10	0.0378104
7.03641e-10	0.0379475
7.03712e-10	0.0380845
7.03782e-10	0.0382217
7.03853e-10	0.0383588
7.03924e-10	0.038496
7.03995e-10	0.0386333
7.04066e-10	0.0387706
7.04137e-10	0.0389079
7.04208e-10	0.0390453
7.04279e-10	0.0391827
7.0435e-10	0.0393202
7.04421e-10	0.0394578
7.04492e-10	0.0395953
7.04563e-10	0.0397329
7.04634e-10	0.0398706
7.04705e-10	0.0400083
7.04775e-10	0.040146
7.04846e-10	0.0402838
7.04917e-10	0.0404217
7.04988e-10	0.0405595
7.05059e-10	0.0406974
7.0513e-10	0.0408354
7.05201e-10	0.0409734
7.05272e-10	0.0411114
7.05343e-10	0.0412495
7.05414e-10	0.0413876
7.05485e-10	0.0415258
7.05556e-10	0.041664
7.05627e-10	0.0418022
7.05698e-10	0.0419405
7.05768e-10	0.0420788
7.05839e-10	0.0422172
7.0591e-10	0.0423556
7.05981e-10	0.042494
7.06052e-10	0.0426325
7.06123e-10	0.042771
7.06194e-10	0.0429096
7.06265e-10	0.0430482
7.06336e-10	0.0431868
7.06407e-10	0.0433255
7.06478e-10	0.0434642
7.06549e-10	0.0436029
7.0662e-10	0.0437417
7.06691e-10	0.0438805
7.06761e-10	0.0440194
7.06832e-10	0.0441583
7.06903e-10	0.0442972
7.06974e-10	0.0444361
7.07045e-10	0.0445751
7.07116e-10	0.0447142
7.07187e-10	0.0448532
7.07258e-10	0.0449923
7.07329e-10	0.0451315
7.074e-10	0.0452706
7.07471e-10	0.0454098
7.07542e-10	0.045549
7.07613e-10	0.0456883
7.07684e-10	0.0458276
7.07754e-10	0.0459669
7.07825e-10	0.0461063
7.07896e-10	0.0462457
7.07967e-10	0.0463851
7.08038e-10	0.0465246
7.08109e-10	0.046664
7.0818e-10	0.0468036
7.08251e-10	0.0469431
7.08322e-10	0.0470827
7.08393e-10	0.0472223
7.08464e-10	0.0473619
7.08535e-10	0.0475016
7.08606e-10	0.0476413
7.08677e-10	0.047781
7.08747e-10	0.0479208
7.08818e-10	0.0480606
7.08889e-10	0.0482004
7.0896e-10	0.0483402
7.09031e-10	0.0484801
7.09102e-10	0.04862
7.09173e-10	0.0487599
7.09244e-10	0.0488998
7.09315e-10	0.0490398
7.09386e-10	0.0491798
7.09457e-10	0.0493198
7.09528e-10	0.0494599
7.09599e-10	0.0496
7.0967e-10	0.0497401
7.0974e-10	0.0498802
7.09811e-10	0.0500203
7.09882e-10	0.0501605
7.09953e-10	0.0503007
7.10024e-10	0.0504409
7.10095e-10	0.0505812
7.10166e-10	0.0507214
7.10237e-10	0.0508617
7.10308e-10	0.0510021
7.10379e-10	0.0511424
7.1045e-10	0.0512828
7.10521e-10	0.0514231
7.10592e-10	0.0515635
7.10663e-10	0.051704
7.10733e-10	0.0518444
7.10804e-10	0.0519849
7.10875e-10	0.0521254
7.10946e-10	0.0522659
7.11017e-10	0.0524064
7.11088e-10	0.0525469
7.11159e-10	0.0526875
7.1123e-10	0.0528281
7.11301e-10	0.0529687
7.11372e-10	0.0531093
7.11443e-10	0.05325
7.11514e-10	0.0533906
7.11585e-10	0.0535313
7.11655e-10	0.053672
7.11726e-10	0.0538127
7.11797e-10	0.0539534
7.11868e-10	0.0540942
7.11939e-10	0.0542349
7.1201e-10	0.0543757
7.12081e-10	0.0545165
7.12152e-10	0.0546573
7.12223e-10	0.0547981
7.12294e-10	0.054939
7.12365e-10	0.0550798
7.12436e-10	0.0552207
7.12507e-10	0.0553616
7.12578e-10	0.0555025
7.12648e-10	0.0556434
7.12719e-10	0.0557843
7.1279e-10	0.0559252
7.12861e-10	0.0560662
7.12932e-10	0.0562071
7.13003e-10	0.0563481
7.13074e-10	0.0564891
7.13145e-10	0.0566301
7.13216e-10	0.0567711
7.13287e-10	0.0569121
7.13358e-10	0.0570531
7.13429e-10	0.0571941
7.135e-10	0.0573352
7.13571e-10	0.0574762
7.13641e-10	0.0576173
7.13712e-10	0.0577584
7.13783e-10	0.0578995
7.13854e-10	0.0580406
7.13925e-10	0.0581817
7.13996e-10	0.0583228
7.14067e-10	0.0584639
7.14138e-10	0.058605
7.14209e-10	0.0587461
7.1428e-10	0.0588873
7.14351e-10	0.0590284
7.14422e-10	0.0591696
7.14493e-10	0.0593107
7.14564e-10	0.0594519
7.14634e-10	0.0595931
7.14705e-10	0.0597342
7.14776e-10	0.0598754
7.14847e-10	0.0600166
7.14918e-10	0.0601578
7.14989e-10	0.060299
7.1506e-10	0.0604401
7.15131e-10	0.0605813
7.15202e-10	0.0607225
7.15273e-10	0.0608637
7.15344e-10	0.061005
7.15415e-10	0.0611462
7.15486e-10	0.0612874
7.15557e-10	0.0614286
7.15627e-10	0.0615698
7.15698e-10	0.061711
7.15769e-10	0.0618522
7.1584e-10	0.0619934
7.15911e-10	0.0621346
7.15982e-10	0.0622758
7.16053e-10	0.0624171
7.16124e-10	0.0625583
7.16195e-10	0.0626995
7.16266e-10	0.0628407
7.16337e-10	0.0629819
7.16408e-10	0.0631231
7.16479e-10	0.0632643
7.1655e-10	0.0634055
7.1662e-10	0.0635467
7.16691e-10	0.0636879
7.16762e-10	0.0638291
7.16833e-10	0.0639703
7.16904e-10	0.0641114
7.16975e-10	0.0642526
7.17046e-10	0.0643938
7.17117e-10	0.064535
7.17188e-10	0.0646761
7.17259e-10	0.0648173
7.1733e-10	0.0649584
7.17401e-10	0.0650996
7.17472e-10	0.0652407
7.17543e-10	0.0653819
7.17613e-10	0.065523
7.17684e-10	0.0656641
7.17755e-10	0.0658052
7.17826e-10	0.0659463
7.17897e-10	0.0660874
7.17968e-10	0.0662285
7.18039e-10	0.0663696
7.1811e-10	0.0665106
7.18181e-10	0.0666517
7.18252e-10	0.0667927
7.18323e-10	0.0669338
7.18394e-10	0.0670748
7.18465e-10	0.0672158
7.18536e-10	0.0673568
7.18606e-10	0.0674978
7.18677e-10	0.0676388
7.18748e-10	0.0677797
7.18819e-10	0.0679207
7.1889e-10	0.0680616
7.18961e-10	0.0682026
7.19032e-10	0.0683435
7.19103e-10	0.0684844
7.19174e-10	0.0686253
7.19245e-10	0.0687662
7.19316e-10	0.068907
7.19387e-10	0.0690479
7.19458e-10	0.0691887
7.19528e-10	0.0693295
7.19599e-10	0.0694703
7.1967e-10	0.0696111
7.19741e-10	0.0697519
7.19812e-10	0.0698926
7.19883e-10	0.0700334
7.19954e-10	0.0701741
7.20025e-10	0.0703148
7.20096e-10	0.0704555
7.20167e-10	0.0705961
7.20238e-10	0.0707368
7.20309e-10	0.0708774
7.2038e-10	0.071018
7.20451e-10	0.0711586
7.20521e-10	0.0712992
7.20592e-10	0.0714397
7.20663e-10	0.0715802
7.20734e-10	0.0717208
7.20805e-10	0.0718612
7.20876e-10	0.0720017
7.20947e-10	0.0721421
7.21018e-10	0.0722826
7.21089e-10	0.072423
7.2116e-10	0.0725633
7.21231e-10	0.0727037
7.21302e-10	0.072844
7.21373e-10	0.0729843
7.21444e-10	0.0731246
7.21514e-10	0.0732649
7.21585e-10	0.0734051
7.21656e-10	0.0735453
7.21727e-10	0.0736855
7.21798e-10	0.0738257
7.21869e-10	0.0739658
7.2194e-10	0.0741059
7.22011e-10	0.074246
7.22082e-10	0.074386
7.22153e-10	0.0745261
7.22224e-10	0.0746661
7.22295e-10	0.074806
7.22366e-10	0.074946
7.22437e-10	0.0750859
7.22507e-10	0.0752258
7.22578e-10	0.0753657
7.22649e-10	0.0755055
7.2272e-10	0.0756453
7.22791e-10	0.0757851
7.22862e-10	0.0759248
7.22933e-10	0.0760645
7.23004e-10	0.0762042
7.23075e-10	0.0763438
7.23146e-10	0.0764834
7.23217e-10	0.076623
7.23288e-10	0.0767626
7.23359e-10	0.0769021
7.2343e-10	0.0770416
7.235e-10	0.077181
7.23571e-10	0.0773205
7.23642e-10	0.0774599
7.23713e-10	0.0775992
7.23784e-10	0.0777385
7.23855e-10	0.0778778
7.23926e-10	0.0780171
7.23997e-10	0.0781563
7.24068e-10	0.0782955
7.24139e-10	0.0784346
7.2421e-10	0.0785737
7.24281e-10	0.0787128
7.24352e-10	0.0788518
7.24423e-10	0.0789908
7.24493e-10	0.0791298
7.24564e-10	0.0792687
7.24635e-10	0.0794076
7.24706e-10	0.0795464
7.24777e-10	0.0796852
7.24848e-10	0.079824
7.24919e-10	0.0799627
7.2499e-10	0.0801014
7.25061e-10	0.08024
7.25132e-10	0.0803786
7.25203e-10	0.0805172
7.25274e-10	0.0806557
7.25345e-10	0.0807942
7.25416e-10	0.0809326
7.25486e-10	0.081071
7.25557e-10	0.0812094
7.25628e-10	0.0813477
7.25699e-10	0.081486
7.2577e-10	0.0816242
7.25841e-10	0.0817624
7.25912e-10	0.0819005
7.25983e-10	0.0820386
7.26054e-10	0.0821767
7.26125e-10	0.0823147
7.26196e-10	0.0824526
7.26267e-10	0.0825906
7.26338e-10	0.0827284
7.26409e-10	0.0828662
7.26479e-10	0.083004
7.2655e-10	0.0831417
7.26621e-10	0.0832794
7.26692e-10	0.0834171
7.26763e-10	0.0835546
7.26834e-10	0.0836922
7.26905e-10	0.0838297
7.26976e-10	0.0839671
7.27047e-10	0.0841045
7.27118e-10	0.0842418
7.27189e-10	0.0843791
7.2726e-10	0.0845163
7.27331e-10	0.0846535
7.27401e-10	0.0847907
7.27472e-10	0.0849278
7.27543e-10	0.0850648
7.27614e-10	0.0852018
7.27685e-10	0.0853387
7.27756e-10	0.0854756
7.27827e-10	0.0856124
7.27898e-10	0.0857492
7.27969e-10	0.0858859
7.2804e-10	0.0860226
7.28111e-10	0.0861592
7.28182e-10	0.0862957
7.28253e-10	0.0864322
7.28324e-10	0.0865687
7.28394e-10	0.0867051
7.28465e-10	0.0868414
7.28536e-10	0.0869777
7.28607e-10	0.0871139
7.28678e-10	0.08725
7.28749e-10	0.0873861
7.2882e-10	0.0875222
7.28891e-10	0.0876582
7.28962e-10	0.0877941
7.29033e-10	0.08793
7.29104e-10	0.0880658
7.29175e-10	0.0882016
7.29246e-10	0.0883372
7.29317e-10	0.0884729
7.29387e-10	0.0886085
7.29458e-10	0.088744
7.29529e-10	0.0888794
7.296e-10	0.0890148
7.29671e-10	0.0891501
7.29742e-10	0.0892854
7.29813e-10	0.0894206
7.29884e-10	0.0895558
7.29955e-10	0.0896908
7.30026e-10	0.0898258
7.30097e-10	0.0899608
7.30168e-10	0.0900957
7.30239e-10	0.0902305
7.3031e-10	0.0903653
7.3038e-10	0.0905
7.30451e-10	0.0906346
7.30522e-10	0.0907692
7.30593e-10	0.0909037
7.30664e-10	0.0910381
7.30735e-10	0.0911724
7.30806e-10	0.0913067
7.30877e-10	0.091441
7.30948e-10	0.0915751
7.31019e-10	0.0917092
7.3109e-10	0.0918433
7.31161e-10	0.0919772
7.31232e-10	0.0921111
7.31303e-10	0.0922449
7.31373e-10	0.0923787
7.31444e-10	0.0925123
7.31515e-10	0.092646
7.31586e-10	0.0927795
7.31657e-10	0.092913
7.31728e-10	0.0930463
7.31799e-10	0.0931797
7.3187e-10	0.0933129
7.31941e-10	0.0934461
7.32012e-10	0.0935792
7.32083e-10	0.0937122
7.32154e-10	0.0938452
7.32225e-10	0.0939781
7.32296e-10	0.0941109
7.32366e-10	0.0942436
7.32437e-10	0.0943763
7.32508e-10	0.0945089
7.32579e-10	0.0946414
7.3265e-10	0.0947738
7.32721e-10	0.0949062
7.32792e-10	0.0950384
7.32863e-10	0.0951707
7.32934e-10	0.0953028
7.33005e-10	0.0954348
7.33076e-10	0.0955668
7.33147e-10	0.0956987
7.33218e-10	0.0958305
7.33289e-10	0.0959622
7.33359e-10	0.0960939
7.3343e-10	0.0962255
7.33501e-10	0.096357
7.33572e-10	0.0964884
7.33643e-10	0.0966197
7.33714e-10	0.096751
7.33785e-10	0.0968821
7.33856e-10	0.0970132
7.33927e-10	0.0971442
7.33998e-10	0.0972752
7.34069e-10	0.097406
7.3414e-10	0.0975368
7.34211e-10	0.0976674
7.34282e-10	0.097798
7.34352e-10	0.0979285
7.34423e-10	0.098059
7.34494e-10	0.0981893
7.34565e-10	0.0983196
7.34636e-10	0.0984497
7.34707e-10	0.0985798
7.34778e-10	0.0987098
7.34849e-10	0.0988397
7.3492e-10	0.0989695
7.34991e-10	0.0990993
7.35062e-10	0.0992289
7.35133e-10	0.0993585
7.35204e-10	0.099488
7.35275e-10	0.0996173
7.35345e-10	0.0997466
7.35416e-10	0.0998758
7.35487e-10	0.100005
7.35558e-10	0.100134
7.35629e-10	0.100263
7.357e-10	0.100392
7.35771e-10	0.100521
7.35842e-10	0.100649
7.35913e-10	0.100778
7.35984e-10	0.100906
7.36055e-10	0.101035
7.36126e-10	0.101163
7.36197e-10	0.101291
7.36267e-10	0.101419
7.36338e-10	0.101547
7.36409e-10	0.101675
7.3648e-10	0.101803
7.36551e-10	0.101931
7.36622e-10	0.102058
7.36693e-10	0.102186
7.36764e-10	0.102313
7.36835e-10	0.102441
7.36906e-10	0.102568
7.36977e-10	0.102695
7.37048e-10	0.102822
7.37119e-10	0.102949
7.3719e-10	0.103076
7.3726e-10	0.103203
7.37331e-10	0.103329
7.37402e-10	0.103456
7.37473e-10	0.103582
7.37544e-10	0.103709
7.37615e-10	0.103835
7.37686e-10	0.103961
7.37757e-10	0.104087
7.37828e-10	0.104213
7.37899e-10	0.104339
7.3797e-10	0.104465
7.38041e-10	0.10459
7.38112e-10	0.104716
7.38183e-10	0.104841
7.38253e-10	0.104967
7.38324e-10	0.105092
7.38395e-10	0.105217
7.38466e-10	0.105342
7.38537e-10	0.105467
7.38608e-10	0.105592
7.38679e-10	0.105717
7.3875e-10	0.105841
7.38821e-10	0.105966
7.38892e-10	0.10609
7.38963e-10	0.106215
7.39034e-10	0.106339
7.39105e-10	0.106463
7.39176e-10	0.106587
7.39246e-10	0.106711
7.39317e-10	0.106834
7.39388e-10	0.106958
7.39459e-10	0.107082
7.3953e-10	0.107205
7.39601e-10	0.107328
7.39672e-10	0.107452
7.39743e-10	0.107575
7.39814e-10	0.107698
7.39885e-10	0.10782
7.39956e-10	0.107943
7.40027e-10	0.108066
7.40098e-10	0.108188
7.40169e-10	0.108311
7.40239e-10	0.108433
7.4031e-10	0.108555
7.40381e-10	0.108677
7.40452e-10	0.108799
7.40523e-10	0.108921
7.40594e-10	0.109043
7.40665e-10	0.109165
7.40736e-10	0.109286
7.40807e-10	0.109408
7.40878e-10	0.109529
7.40949e-10	0.10965
7.4102e-10	0.109771
7.41091e-10	0.109892
7.41162e-10	0.110013
7.41232e-10	0.110133
7.41303e-10	0.110254
7.41374e-10	0.110375
7.41445e-10	0.110495
7.41516e-10	0.110615
7.41587e-10	0.110735
7.41658e-10	0.110855
7.41729e-10	0.110975
7.418e-10	0.111095
7.41871e-10	0.111214
7.41942e-10	0.111334
7.42013e-10	0.111453
7.42084e-10	0.111572
7.42155e-10	0.111692
7.42225e-10	0.111811
7.42296e-10	0.111929
7.42367e-10	0.112048
7.42438e-10	0.112167
7.42509e-10	0.112285
7.4258e-10	0.112404
7.42651e-10	0.112522
7.42722e-10	0.11264
7.42793e-10	0.112758
7.42864e-10	0.112876
7.42935e-10	0.112994
7.43006e-10	0.113111
7.43077e-10	0.113229
7.43148e-10	0.113346
7.43218e-10	0.113464
7.43289e-10	0.113581
7.4336e-10	0.113698
7.43431e-10	0.113815
7.43502e-10	0.113931
7.43573e-10	0.114048
7.43644e-10	0.114164
7.43715e-10	0.114281
7.43786e-10	0.114397
7.43857e-10	0.114513
7.43928e-10	0.114629
7.43999e-10	0.114745
7.4407e-10	0.11486
7.4414e-10	0.114976
7.44211e-10	0.115091
7.44282e-10	0.115207
7.44353e-10	0.115322
7.44424e-10	0.115437
7.44495e-10	0.115552
7.44566e-10	0.115667
7.44637e-10	0.115781
7.44708e-10	0.115896
7.44779e-10	0.11601
7.4485e-10	0.116124
7.44921e-10	0.116238
7.44992e-10	0.116352
7.45063e-10	0.116466
7.45133e-10	0.11658
7.45204e-10	0.116693
7.45275e-10	0.116807
7.45346e-10	0.11692
7.45417e-10	0.117033
7.45488e-10	0.117146
7.45559e-10	0.117259
7.4563e-10	0.117371
7.45701e-10	0.117484
7.45772e-10	0.117596
7.45843e-10	0.117709
7.45914e-10	0.117821
7.45985e-10	0.117933
7.46056e-10	0.118045
7.46126e-10	0.118156
7.46197e-10	0.118268
7.46268e-10	0.118379
7.46339e-10	0.118491
7.4641e-10	0.118602
7.46481e-10	0.118713
7.46552e-10	0.118824
7.46623e-10	0.118934
7.46694e-10	0.119045
7.46765e-10	0.119155
7.46836e-10	0.119265
7.46907e-10	0.119376
7.46978e-10	0.119486
7.47049e-10	0.119595
7.47119e-10	0.119705
7.4719e-10	0.119815
7.47261e-10	0.119924
7.47332e-10	0.120033
7.47403e-10	0.120142
7.47474e-10	0.120251
7.47545e-10	0.12036
7.47616e-10	0.120469
7.47687e-10	0.120577
7.47758e-10	0.120685
7.47829e-10	0.120794
7.479e-10	0.120902
7.47971e-10	0.12101
7.48042e-10	0.121117
7.48112e-10	0.121225
7.48183e-10	0.121332
7.48254e-10	0.12144
7.48325e-10	0.121547
7.48396e-10	0.121654
7.48467e-10	0.12176
7.48538e-10	0.121867
7.48609e-10	0.121974
7.4868e-10	0.12208
7.48751e-10	0.122186
7.48822e-10	0.122292
7.48893e-10	0.122398
7.48964e-10	0.122504
7.49035e-10	0.122609
7.49105e-10	0.122715
7.49176e-10	0.12282
7.49247e-10	0.122925
7.49318e-10	0.12303
7.49389e-10	0.123135
7.4946e-10	0.123239
7.49531e-10	0.123344
7.49602e-10	0.123448
7.49673e-10	0.123552
7.49744e-10	0.123656
7.49815e-10	0.12376
7.49886e-10	0.123864
7.49957e-10	0.123967
7.50028e-10	0.124071
7.50098e-10	0.124174
7.50169e-10	0.124277
7.5024e-10	0.12438
7.50311e-10	0.124482
7.50382e-10	0.124585
7.50453e-10	0.124687
7.50524e-10	0.124789
7.50595e-10	0.124891
7.50666e-10	0.124993
7.50737e-10	0.125095
7.50808e-10	0.125197
7.50879e-10	0.125298
7.5095e-10	0.125399
7.51021e-10	0.1255
7.51091e-10	0.125601
7.51162e-10	0.125702
7.51233e-10	0.125802
7.51304e-10	0.125903
7.51375e-10	0.126003
7.51446e-10	0.126103
7.51517e-10	0.126203
7.51588e-10	0.126302
7.51659e-10	0.126402
7.5173e-10	0.126501
7.51801e-10	0.126601
7.51872e-10	0.1267
7.51943e-10	0.126798
7.52013e-10	0.126897
7.52084e-10	0.126996
7.52155e-10	0.127094
7.52226e-10	0.127192
7.52297e-10	0.12729
7.52368e-10	0.127388
7.52439e-10	0.127485
7.5251e-10	0.127583
7.52581e-10	0.12768
7.52652e-10	0.127777
7.52723e-10	0.127874
7.52794e-10	0.127971
7.52865e-10	0.128068
7.52936e-10	0.128164
7.53006e-10	0.12826
7.53077e-10	0.128356
7.53148e-10	0.128452
7.53219e-10	0.128548
7.5329e-10	0.128643
7.53361e-10	0.128739
7.53432e-10	0.128834
7.53503e-10	0.128929
7.53574e-10	0.129024
7.53645e-10	0.129118
7.53716e-10	0.129213
7.53787e-10	0.129307
7.53858e-10	0.129401
7.53929e-10	0.129495
7.53999e-10	0.129589
7.5407e-10	0.129682
7.54141e-10	0.129776
7.54212e-10	0.129869
7.54283e-10	0.129962
7.54354e-10	0.130055
7.54425e-10	0.130147
7.54496e-10	0.13024
7.54567e-10	0.130332
7.54638e-10	0.130424
7.54709e-10	0.130516
7.5478e-10	0.130608
7.54851e-10	0.130699
7.54922e-10	0.130791
7.54992e-10	0.130882
7.55063e-10	0.130973
7.55134e-10	0.131064
7.55205e-10	0.131154
7.55276e-10	0.131245
7.55347e-10	0.131335
7.55418e-10	0.131425
7.55489e-10	0.131515
7.5556e-10	0.131604
7.55631e-10	0.131694
7.55702e-10	0.131783
7.55773e-10	0.131872
7.55844e-10	0.131961
7.55915e-10	0.13205
7.55985e-10	0.132138
7.56056e-10	0.132227
7.56127e-10	0.132315
7.56198e-10	0.132403
7.56269e-10	0.132491
7.5634e-10	0.132578
7.56411e-10	0.132666
7.56482e-10	0.132753
7.56553e-10	0.13284
7.56624e-10	0.132927
7.56695e-10	0.133013
7.56766e-10	0.1331
7.56837e-10	0.133186
7.56908e-10	0.133272
7.56978e-10	0.133358
7.57049e-10	0.133443
7.5712e-10	0.133529
7.57191e-10	0.133614
7.57262e-10	0.133699
7.57333e-10	0.133784
7.57404e-10	0.133868
7.57475e-10	0.133953
7.57546e-10	0.134037
7.57617e-10	0.134121
7.57688e-10	0.134205
7.57759e-10	0.134289
7.5783e-10	0.134372
7.57901e-10	0.134455
7.57971e-10	0.134538
7.58042e-10	0.134621
7.58113e-10	0.134704
7.58184e-10	0.134786
7.58255e-10	0.134869
7.58326e-10	0.134951
7.58397e-10	0.135032
7.58468e-10	0.135114
7.58539e-10	0.135195
7.5861e-10	0.135277
7.58681e-10	0.135358
7.58752e-10	0.135439
7.58823e-10	0.135519
7.58894e-10	0.1356
7.58964e-10	0.13568
7.59035e-10	0.13576
7.59106e-10	0.13584
7.59177e-10	0.135919
7.59248e-10	0.135999
7.59319e-10	0.136078
7.5939e-10	0.136157
7.59461e-10	0.136236
7.59532e-10	0.136314
7.59603e-10	0.136392
7.59674e-10	0.136471
7.59745e-10	0.136549
7.59816e-10	0.136626
7.59886e-10	0.136704
7.59957e-10	0.136781
7.60028e-10	0.136858
7.60099e-10	0.136935
7.6017e-10	0.137012
7.60241e-10	0.137088
7.60312e-10	0.137164
7.60383e-10	0.13724
7.60454e-10	0.137316
7.60525e-10	0.137392
7.60596e-10	0.137467
7.60667e-10	0.137543
7.60738e-10	0.137618
7.60809e-10	0.137692
7.60879e-10	0.137767
7.6095e-10	0.137841
7.61021e-10	0.137915
7.61092e-10	0.137989
7.61163e-10	0.138063
7.61234e-10	0.138136
7.61305e-10	0.13821
7.61376e-10	0.138283
7.61447e-10	0.138356
7.61518e-10	0.138428
7.61589e-10	0.138501
7.6166e-10	0.138573
7.61731e-10	0.138645
7.61802e-10	0.138716
7.61872e-10	0.138788
7.61943e-10	0.138859
7.62014e-10	0.13893
7.62085e-10	0.139001
7.62156e-10	0.139072
7.62227e-10	0.139142
7.62298e-10	0.139212
7.62369e-10	0.139282
7.6244e-10	0.139352
7.62511e-10	0.139422
7.62582e-10	0.139491
7.62653e-10	0.13956
7.62724e-10	0.139629
7.62795e-10	0.139698
7.62865e-10	0.139766
7.62936e-10	0.139834
7.63007e-10	0.139902
7.63078e-10	0.13997
7.63149e-10	0.140038
7.6322e-10	0.140105
7.63291e-10	0.140172
7.63362e-10	0.140239
7.63433e-10	0.140306
7.63504e-10	0.140372
7.63575e-10	0.140438
7.63646e-10	0.140504
7.63717e-10	0.14057
7.63788e-10	0.140635
7.63858e-10	0.140701
7.63929e-10	0.140766
7.64e-10	0.14083
7.64071e-10	0.140895
7.64142e-10	0.140959
7.64213e-10	0.141024
7.64284e-10	0.141087
7.64355e-10	0.141151
7.64426e-10	0.141215
7.64497e-10	0.141278
7.64568e-10	0.141341
7.64639e-10	0.141404
7.6471e-10	0.141466
7.64781e-10	0.141528
7.64851e-10	0.14159
7.64922e-10	0.141652
7.64993e-10	0.141714
7.65064e-10	0.141775
7.65135e-10	0.141836
7.65206e-10	0.141897
7.65277e-10	0.141958
7.65348e-10	0.142018
7.65419e-10	0.142078
7.6549e-10	0.142138
7.65561e-10	0.142198
7.65632e-10	0.142258
7.65703e-10	0.142317
7.65774e-10	0.142376
7.65844e-10	0.142435
7.65915e-10	0.142493
7.65986e-10	0.142552
7.66057e-10	0.14261
7.66128e-10	0.142667
7.66199e-10	0.142725
7.6627e-10	0.142782
7.66341e-10	0.142839
7.66412e-10	0.142896
7.66483e-10	0.142953
7.66554e-10	0.143009
7.66625e-10	0.143066
7.66696e-10	0.143121
7.66767e-10	0.143177
7.66837e-10	0.143233
7.66908e-10	0.143288
7.66979e-10	0.143343
7.6705e-10	0.143397
7.67121e-10	0.143452
7.67192e-10	0.143506
7.67263e-10	0.14356
7.67334e-10	0.143614
7.67405e-10	0.143667
7.67476e-10	0.143721
7.67547e-10	0.143774
7.67618e-10	0.143826
7.67689e-10	0.143879
7.67759e-10	0.143931
7.6783e-10	0.143983
7.67901e-10	0.144035
7.67972e-10	0.144086
7.68043e-10	0.144138
7.68114e-10	0.144189
7.68185e-10	0.14424
7.68256e-10	0.14429
7.68327e-10	0.14434
7.68398e-10	0.144391
7.68469e-10	0.14444
7.6854e-10	0.14449
7.68611e-10	0.144539
7.68682e-10	0.144588
7.68752e-10	0.144637
7.68823e-10	0.144686
7.68894e-10	0.144734
7.68965e-10	0.144782
7.69036e-10	0.14483
7.69107e-10	0.144877
7.69178e-10	0.144925
7.69249e-10	0.144972
7.6932e-10	0.145019
7.69391e-10	0.145065
7.69462e-10	0.145111
7.69533e-10	0.145158
7.69604e-10	0.145203
7.69675e-10	0.145249
7.69745e-10	0.145294
7.69816e-10	0.145339
7.69887e-10	0.145384
7.69958e-10	0.145429
7.70029e-10	0.145473
7.701e-10	0.145517
7.70171e-10	0.145561
7.70242e-10	0.145604
7.70313e-10	0.145647
7.70384e-10	0.14569
7.70455e-10	0.145733
7.70526e-10	0.145776
7.70597e-10	0.145818
7.70668e-10	0.14586
7.70738e-10	0.145902
7.70809e-10	0.145943
7.7088e-10	0.145984
7.70951e-10	0.146025
7.71022e-10	0.146066
7.71093e-10	0.146106
7.71164e-10	0.146146
7.71235e-10	0.146186
7.71306e-10	0.146226
7.71377e-10	0.146265
7.71448e-10	0.146305
7.71519e-10	0.146343
7.7159e-10	0.146382
7.71661e-10	0.14642
7.71731e-10	0.146458
7.71802e-10	0.146496
7.71873e-10	0.146534
7.71944e-10	0.146571
7.72015e-10	0.146608
7.72086e-10	0.146645
7.72157e-10	0.146681
7.72228e-10	0.146718
7.72299e-10	0.146754
7.7237e-10	0.146789
7.72441e-10	0.146825
7.72512e-10	0.14686
7.72583e-10	0.146895
7.72654e-10	0.14693
7.72724e-10	0.146964
7.72795e-10	0.146998
7.72866e-10	0.147032
7.72937e-10	0.147066
7.73008e-10	0.147099
7.73079e-10	0.147132
7.7315e-10	0.147165
7.73221e-10	0.147197
7.73292e-10	0.14723
7.73363e-10	0.147262
7.73434e-10	0.147293
7.73505e-10	0.147325
7.73576e-10	0.147356
7.73647e-10	0.147387
7.73717e-10	0.147418
7.73788e-10	0.147448
7.73859e-10	0.147478
7.7393e-10	0.147508
7.74001e-10	0.147537
7.74072e-10	0.147567
7.74143e-10	0.147596
7.74214e-10	0.147624
7.74285e-10	0.147653
7.74356e-10	0.147681
7.74427e-10	0.147709
7.74498e-10	0.147737
7.74569e-10	0.147764
7.7464e-10	0.147791
7.7471e-10	0.147818
7.74781e-10	0.147845
7.74852e-10	0.147871
7.74923e-10	0.147897
7.74994e-10	0.147923
7.75065e-10	0.147948
7.75136e-10	0.147973
7.75207e-10	0.147998
7.75278e-10	0.148023
7.75349e-10	0.148047
7.7542e-10	0.148071
7.75491e-10	0.148095
7.75562e-10	0.148119
7.75632e-10	0.148142
7.75703e-10	0.148165
7.75774e-10	0.148188
7.75845e-10	0.14821
7.75916e-10	0.148232
7.75987e-10	0.148254
7.76058e-10	0.148276
7.76129e-10	0.148297
7.762e-10	0.148318
7.76271e-10	0.148339
7.76342e-10	0.148359
7.76413e-10	0.14838
7.76484e-10	0.1484
7.76555e-10	0.148419
7.76625e-10	0.148439
7.76696e-10	0.148458
7.76767e-10	0.148477
7.76838e-10	0.148495
7.76909e-10	0.148513
7.7698e-10	0.148531
7.77051e-10	0.148549
7.77122e-10	0.148566
7.77193e-10	0.148583
7.77264e-10	0.1486
7.77335e-10	0.148617
7.77406e-10	0.148633
7.77477e-10	0.148649
7.77548e-10	0.148665
7.77618e-10	0.14868
7.77689e-10	0.148695
7.7776e-10	0.14871
7.77831e-10	0.148725
7.77902e-10	0.148739
7.77973e-10	0.148753
7.78044e-10	0.148767
7.78115e-10	0.14878
7.78186e-10	0.148793
7.78257e-10	0.148806
7.78328e-10	0.148818
7.78399e-10	0.148831
7.7847e-10	0.148843
7.78541e-10	0.148854
7.78611e-10	0.148866
7.78682e-10	0.148877
7.78753e-10	0.148888
7.78824e-10	0.148898
7.78895e-10	0.148908
7.78966e-10	0.148918
7.79037e-10	0.148928
7.79108e-10	0.148937
7.79179e-10	0.148947
7.7925e-10	0.148955
7.79321e-10	0.148964
7.79392e-10	0.148972
7.79463e-10	0.14898
7.79534e-10	0.148988
7.79604e-10	0.148995
7.79675e-10	0.149002
7.79746e-10	0.149009
7.79817e-10	0.149015
7.79888e-10	0.149021
7.79959e-10	0.149027
7.8003e-10	0.149033
7.80101e-10	0.149038
7.80172e-10	0.149043
7.80243e-10	0.149048
7.80314e-10	0.149052
7.80385e-10	0.149056
7.80456e-10	0.14906
7.80527e-10	0.149064
7.80597e-10	0.149067
7.80668e-10	0.14907
7.80739e-10	0.149073
7.8081e-10	0.149075
7.80881e-10	0.149077
7.80952e-10	0.149079
7.81023e-10	0.14908
7.81094e-10	0.149081
7.81165e-10	0.149082
7.81236e-10	0.149083
7.81307e-10	0.149083
7.81378e-10	0.149083
7.81449e-10	0.149083
7.8152e-10	0.149082
7.8159e-10	0.149081
7.81661e-10	0.14908
7.81732e-10	0.149078
7.81803e-10	0.149077
7.81874e-10	0.149075
7.81945e-10	0.149072
7.82016e-10	0.149069
7.82087e-10	0.149066
7.82158e-10	0.149063
7.82229e-10	0.14906
7.823e-10	0.149056
7.82371e-10	0.149051
7.82442e-10	0.149047
7.82513e-10	0.149042
7.82583e-10	0.149037
7.82654e-10	0.149032
7.82725e-10	0.149026
7.82796e-10	0.14902
7.82867e-10	0.149013
7.82938e-10	0.149007
7.83009e-10	0.149
7.8308e-10	0.148993
7.83151e-10	0.148985
7.83222e-10	0.148977
7.83293e-10	0.148969
7.83364e-10	0.148961
7.83435e-10	0.148952
7.83506e-10	0.148943
7.83576e-10	0.148934
7.83647e-10	0.148924
7.83718e-10	0.148914
7.83789e-10	0.148904
7.8386e-10	0.148893
7.83931e-10	0.148882
7.84002e-10	0.148871
7.84073e-10	0.14886
7.84144e-10	0.148848
7.84215e-10	0.148836
7.84286e-10	0.148823
7.84357e-10	0.14881
7.84428e-10	0.148797
7.84498e-10	0.148784
7.84569e-10	0.14877
7.8464e-10	0.148757
7.84711e-10	0.148742
7.84782e-10	0.148728
7.84853e-10	0.148713
7.84924e-10	0.148698
7.84995e-10	0.148682
7.85066e-10	0.148666
7.85137e-10	0.14865
7.85208e-10	0.148634
7.85279e-10	0.148617
7.8535e-10	0.1486
7.85421e-10	0.148583
7.85491e-10	0.148565
7.85562e-10	0.148547
7.85633e-10	0.148529
7.85704e-10	0.14851
7.85775e-10	0.148491
7.85846e-10	0.148472
7.85917e-10	0.148452
7.85988e-10	0.148433
7.86059e-10	0.148412
7.8613e-10	0.148392
7.86201e-10	0.148371
7.86272e-10	0.14835
7.86343e-10	0.148329
7.86414e-10	0.148307
7.86484e-10	0.148285
7.86555e-10	0.148263
7.86626e-10	0.14824
7.86697e-10	0.148217
7.86768e-10	0.148194
7.86839e-10	0.14817
7.8691e-10	0.148146
7.86981e-10	0.148122
7.87052e-10	0.148098
7.87123e-10	0.148073
7.87194e-10	0.148047
7.87265e-10	0.148022
7.87336e-10	0.147996
7.87407e-10	0.14797
7.87477e-10	0.147944
7.87548e-10	0.147917
7.87619e-10	0.14789
7.8769e-10	0.147862
7.87761e-10	0.147835
7.87832e-10	0.147807
7.87903e-10	0.147778
7.87974e-10	0.14775
7.88045e-10	0.147721
7.88116e-10	0.147691
7.88187e-10	0.147662
7.88258e-10	0.147632
7.88329e-10	0.147602
7.884e-10	0.147571
7.8847e-10	0.14754
7.88541e-10	0.147509
7.88612e-10	0.147478
7.88683e-10	0.147446
7.88754e-10	0.147414
7.88825e-10	0.147381
7.88896e-10	0.147348
7.88967e-10	0.147315
7.89038e-10	0.147282
7.89109e-10	0.147248
7.8918e-10	0.147214
7.89251e-10	0.14718
7.89322e-10	0.147145
7.89393e-10	0.14711
7.89463e-10	0.147074
7.89534e-10	0.147039
7.89605e-10	0.147003
7.89676e-10	0.146966
7.89747e-10	0.14693
7.89818e-10	0.146893
7.89889e-10	0.146856
7.8996e-10	0.146818
7.90031e-10	0.14678
7.90102e-10	0.146742
7.90173e-10	0.146703
7.90244e-10	0.146664
7.90315e-10	0.146625
7.90386e-10	0.146586
7.90456e-10	0.146546
7.90527e-10	0.146505
7.90598e-10	0.146465
7.90669e-10	0.146424
7.9074e-10	0.146383
7.90811e-10	0.146341
7.90882e-10	0.1463
7.90953e-10	0.146257
7.91024e-10	0.146215
7.91095e-10	0.146172
7.91166e-10	0.146129
7.91237e-10	0.146086
7.91308e-10	0.146042
7.91379e-10	0.145998
7.91449e-10	0.145953
7.9152e-10	0.145909
7.91591e-10	0.145864
7.91662e-10	0.145818
7.91733e-10	0.145772
7.91804e-10	0.145726
7.91875e-10	0.14568
7.91946e-10	0.145633
7.92017e-10	0.145586
7.92088e-10	0.145539
7.92159e-10	0.145491
7.9223e-10	0.145443
7.92301e-10	0.145395
7.92371e-10	0.145346
7.92442e-10	0.145297
7.92513e-10	0.145248
7.92584e-10	0.145198
7.92655e-10	0.145148
7.92726e-10	0.145098
7.92797e-10	0.145047
7.92868e-10	0.144996
7.92939e-10	0.144945
7.9301e-10	0.144893
7.93081e-10	0.144841
7.93152e-10	0.144789
7.93223e-10	0.144737
7.93294e-10	0.144684
7.93364e-10	0.14463
7.93435e-10	0.144577
7.93506e-10	0.144523
7.93577e-10	0.144468
7.93648e-10	0.144414
7.93719e-10	0.144359
7.9379e-10	0.144304
7.93861e-10	0.144248
7.93932e-10	0.144192
7.94003e-10	0.144136
7.94074e-10	0.144079
7.94145e-10	0.144022
7.94216e-10	0.143965
7.94287e-10	0.143908
7.94357e-10	0.14385
7.94428e-10	0.143791
7.94499e-10	0.143733
7.9457e-10	0.143674
7.94641e-10	0.143615
7.94712e-10	0.143555
7.94783e-10	0.143495
7.94854e-10	0.143435
7.94925e-10	0.143374
7.94996e-10	0.143313
7.95067e-10	0.143252
7.95138e-10	0.143191
7.95209e-10	0.143129
7.9528e-10	0.143066
7.9535e-10	0.143004
7.95421e-10	0.142941
7.95492e-10	0.142878
7.95563e-10	0.142814
7.95634e-10	0.14275
7.95705e-10	0.142686
7.95776e-10	0.142621
7.95847e-10	0.142556
7.95918e-10	0.142491
7.95989e-10	0.142426
7.9606e-10	0.14236
7.96131e-10	0.142293
7.96202e-10	0.142227
7.96273e-10	0.14216
7.96343e-10	0.142093
7.96414e-10	0.142025
7.96485e-10	0.141957
7.96556e-10	0.141889
7.96627e-10	0.14182
7.96698e-10	0.141751
7.96769e-10	0.141682
7.9684e-10	0.141612
7.96911e-10	0.141542
7.96982e-10	0.141472
7.97053e-10	0.141401
7.97124e-10	0.14133
7.97195e-10	0.141259
7.97266e-10	0.141187
7.97336e-10	0.141115
7.97407e-10	0.141043
7.97478e-10	0.140971
7.97549e-10	0.140898
7.9762e-10	0.140824
7.97691e-10	0.140751
7.97762e-10	0.140676
7.97833e-10	0.140602
7.97904e-10	0.140527
7.97975e-10	0.140452
7.98046e-10	0.140377
7.98117e-10	0.140301
7.98188e-10	0.140225
7.98259e-10	0.140149
7.98329e-10	0.140072
7.984e-10	0.139995
7.98471e-10	0.139918
7.98542e-10	0.13984
7.98613e-10	0.139762
7.98684e-10	0.139684
7.98755e-10	0.139605
7.98826e-10	0.139526
7.98897e-10	0.139446
7.98968e-10	0.139367
7.99039e-10	0.139286
7.9911e-10	0.139206
7.99181e-10	0.139125
7.99252e-10	0.139044
7.99322e-10	0.138963
7.99393e-10	0.138881
7.99464e-10	0.138799
7.99535e-10	0.138716
7.99606e-10	0.138633
7.99677e-10	0.13855
7.99748e-10	0.138467
7.99819e-10	0.138383
7.9989e-10	0.138298
7.99961e-10	0.138214
8.00032e-10	0.138129
8.00103e-10	0.138044
8.00174e-10	0.137958
8.00244e-10	0.137872
8.00315e-10	0.137786
8.00386e-10	0.1377
8.00457e-10	0.137613
8.00528e-10	0.137525
8.00599e-10	0.137438
8.0067e-10	0.13735
8.00741e-10	0.137261
8.00812e-10	0.137173
8.00883e-10	0.137084
8.00954e-10	0.136994
8.01025e-10	0.136905
8.01096e-10	0.136815
8.01167e-10	0.136724
8.01237e-10	0.136634
8.01308e-10	0.136543
8.01379e-10	0.136451
8.0145e-10	0.13636
8.01521e-10	0.136268
8.01592e-10	0.136175
8.01663e-10	0.136082
8.01734e-10	0.135989
8.01805e-10	0.135896
8.01876e-10	0.135802
8.01947e-10	0.135708
8.02018e-10	0.135613
8.02089e-10	0.135519
8.0216e-10	0.135424
8.0223e-10	0.135328
8.02301e-10	0.135232
8.02372e-10	0.135136
8.02443e-10	0.135039
8.02514e-10	0.134943
8.02585e-10	0.134845
8.02656e-10	0.134748
8.02727e-10	0.13465
8.02798e-10	0.134552
8.02869e-10	0.134453
8.0294e-10	0.134354
8.03011e-10	0.134255
8.03082e-10	0.134155
8.03153e-10	0.134055
8.03223e-10	0.133955
8.03294e-10	0.133854
8.03365e-10	0.133753
8.03436e-10	0.133652
8.03507e-10	0.13355
8.03578e-10	0.133448
8.03649e-10	0.133346
8.0372e-10	0.133243
8.03791e-10	0.13314
8.03862e-10	0.133037
8.03933e-10	0.132933
8.04004e-10	0.132829
8.04075e-10	0.132724
8.04146e-10	0.132619
8.04216e-10	0.132514
8.04287e-10	0.132409
8.04358e-10	0.132303
8.04429e-10	0.132197
8.045e-10	0.13209
8.04571e-10	0.131983
8.04642e-10	0.131876
8.04713e-10	0.131769
8.04784e-10	0.131661
8.04855e-10	0.131552
8.04926e-10	0.131444
8.04997e-10	0.131335
8.05068e-10	0.131226
8.05139e-10	0.131116
8.05209e-10	0.131006
8.0528e-10	0.130896
8.05351e-10	0.130785
8.05422e-10	0.130674
8.05493e-10	0.130562
8.05564e-10	0.130451
8.05635e-10	0.130339
8.05706e-10	0.130226
8.05777e-10	0.130114
8.05848e-10	0.13
8.05919e-10	0.129887
8.0599e-10	0.129773
8.06061e-10	0.129659
8.06132e-10	0.129545
8.06202e-10	0.12943
8.06273e-10	0.129315
8.06344e-10	0.129199
8.06415e-10	0.129083
8.06486e-10	0.128967
8.06557e-10	0.12885
8.06628e-10	0.128734
8.06699e-10	0.128616
8.0677e-10	0.128499
8.06841e-10	0.128381
8.06912e-10	0.128262
8.06983e-10	0.128144
8.07054e-10	0.128025
8.07125e-10	0.127905
8.07195e-10	0.127786
8.07266e-10	0.127666
8.07337e-10	0.127545
8.07408e-10	0.127425
8.07479e-10	0.127304
8.0755e-10	0.127182
8.07621e-10	0.12706
8.07692e-10	0.126938
8.07763e-10	0.126816
8.07834e-10	0.126693
8.07905e-10	0.12657
8.07976e-10	0.126446
8.08047e-10	0.126323
8.08117e-10	0.126198
8.08188e-10	0.126074
8.08259e-10	0.125949
8.0833e-10	0.125824
8.08401e-10	0.125698
8.08472e-10	0.125572
8.08543e-10	0.125446
8.08614e-10	0.125319
8.08685e-10	0.125192
8.08756e-10	0.125065
8.08827e-10	0.124937
8.08898e-10	0.124809
8.08969e-10	0.124681
8.0904e-10	0.124552
8.0911e-10	0.124423
8.09181e-10	0.124294
8.09252e-10	0.124164
8.09323e-10	0.124034
8.09394e-10	0.123904
8.09465e-10	0.123773
8.09536e-10	0.123642
8.09607e-10	0.12351
8.09678e-10	0.123378
8.09749e-10	0.123246
8.0982e-10	0.123114
8.09891e-10	0.122981
8.09962e-10	0.122848
8.10033e-10	0.122714
8.10103e-10	0.12258
8.10174e-10	0.122446
8.10245e-10	0.122311
8.10316e-10	0.122176
8.10387e-10	0.122041
8.10458e-10	0.121906
8.10529e-10	0.12177
8.106e-10	0.121633
8.10671e-10	0.121497
8.10742e-10	0.12136
8.10813e-10	0.121222
8.10884e-10	0.121084
8.10955e-10	0.120946
8.11026e-10	0.120808
8.11096e-10	0.120669
8.11167e-10	0.12053
8.11238e-10	0.120391
8.11309e-10	0.120251
8.1138e-10	0.120111
8.11451e-10	0.11997
8.11522e-10	0.119829
8.11593e-10	0.119688
8.11664e-10	0.119547
8.11735e-10	0.119405
8.11806e-10	0.119263
8.11877e-10	0.11912
8.11948e-10	0.118977
8.12019e-10	0.118834
8.12089e-10	0.11869
8.1216e-10	0.118546
8.12231e-10	0.118402
8.12302e-10	0.118257
8.12373e-10	0.118112
8.12444e-10	0.117967
8.12515e-10	0.117821
8.12586e-10	0.117675
8.12657e-10	0.117529
8.12728e-10	0.117382
8.12799e-10	0.117235
8.1287e-10	0.117088
8.12941e-10	0.11694
8.13012e-10	0.116792
8.13082e-10	0.116644
8.13153e-10	0.116495
8.13224e-10	0.116346
8.13295e-10	0.116196
8.13366e-10	0.116046
8.13437e-10	0.115896
8.13508e-10	0.115746
8.13579e-10	0.115595
8.1365e-10	0.115444
8.13721e-10	0.115292
8.13792e-10	0.11514
8.13863e-10	0.114988
8.13934e-10	0.114835
8.14005e-10	0.114682
8.14075e-10	0.114529
8.14146e-10	0.114376
8.14217e-10	0.114222
8.14288e-10	0.114067
8.14359e-10	0.113913
8.1443e-10	0.113758
8.14501e-10	0.113602
8.14572e-10	0.113447
8.14643e-10	0.113291
8.14714e-10	0.113134
8.14785e-10	0.112977
8.14856e-10	0.11282
8.14927e-10	0.112663
8.14998e-10	0.112505
8.15068e-10	0.112347
8.15139e-10	0.112189
8.1521e-10	0.11203
8.15281e-10	0.111871
8.15352e-10	0.111711
8.15423e-10	0.111552
8.15494e-10	0.111391
8.15565e-10	0.111231
8.15636e-10	0.11107
8.15707e-10	0.110909
8.15778e-10	0.110747
8.15849e-10	0.110585
8.1592e-10	0.110423
8.1599e-10	0.110261
8.16061e-10	0.110098
8.16132e-10	0.109934
8.16203e-10	0.109771
8.16274e-10	0.109607
8.16345e-10	0.109443
8.16416e-10	0.109278
8.16487e-10	0.109113
8.16558e-10	0.108948
8.16629e-10	0.108782
8.167e-10	0.108616
8.16771e-10	0.10845
8.16842e-10	0.108283
8.16913e-10	0.108116
8.16983e-10	0.107949
8.17054e-10	0.107781
8.17125e-10	0.107613
8.17196e-10	0.107445
8.17267e-10	0.107276
8.17338e-10	0.107107
8.17409e-10	0.106937
8.1748e-10	0.106768
8.17551e-10	0.106598
8.17622e-10	0.106427
8.17693e-10	0.106256
8.17764e-10	0.106085
8.17835e-10	0.105914
8.17906e-10	0.105742
8.17976e-10	0.10557
8.18047e-10	0.105397
8.18118e-10	0.105225
8.18189e-10	0.105051
8.1826e-10	0.104878
8.18331e-10	0.104704
8.18402e-10	0.10453
8.18473e-10	0.104355
8.18544e-10	0.104181
8.18615e-10	0.104005
8.18686e-10	0.10383
8.18757e-10	0.103654
8.18828e-10	0.103478
8.18899e-10	0.103301
8.18969e-10	0.103124
8.1904e-10	0.102947
8.19111e-10	0.10277
8.19182e-10	0.102592
8.19253e-10	0.102413
8.19324e-10	0.102235
8.19395e-10	0.102056
8.19466e-10	0.101877
8.19537e-10	0.101697
8.19608e-10	0.101517
8.19679e-10	0.101337
8.1975e-10	0.101156
8.19821e-10	0.100975
8.19892e-10	0.100794
8.19962e-10	0.100612
8.20033e-10	0.10043
8.20104e-10	0.100248
8.20175e-10	0.100065
8.20246e-10	0.0998824
8.20317e-10	0.0996991
8.20388e-10	0.0995154
8.20459e-10	0.0993314
8.2053e-10	0.0991471
8.20601e-10	0.0989624
8.20672e-10	0.0987774
8.20743e-10	0.0985921
8.20814e-10	0.0984064
8.20885e-10	0.0982204
8.20955e-10	0.0980341
8.21026e-10	0.0978474
8.21097e-10	0.0976604
8.21168e-10	0.097473
8.21239e-10	0.0972853
8.2131e-10	0.0970973
8.21381e-10	0.096909
8.21452e-10	0.0967203
8.21523e-10	0.0965312
8.21594e-10	0.0963419
8.21665e-10	0.0961522
8.21736e-10	0.0959622
8.21807e-10	0.0957718
8.21878e-10	0.0955811
8.21948e-10	0.0953901
8.22019e-10	0.0951987
8.2209e-10	0.095007
8.22161e-10	0.094815
8.22232e-10	0.0946226
8.22303e-10	0.0944299
8.22374e-10	0.0942369
8.22445e-10	0.0940435
8.22516e-10	0.0938498
8.22587e-10	0.0936558
8.22658e-10	0.0934615
8.22729e-10	0.0932668
8.228e-10	0.0930717
8.22871e-10	0.0928764
8.22941e-10	0.0926807
8.23012e-10	0.0924847
8.23083e-10	0.0922883
8.23154e-10	0.0920916
8.23225e-10	0.0918946
8.23296e-10	0.0916973
8.23367e-10	0.0914996
8.23438e-10	0.0913016
8.23509e-10	0.0911033
8.2358e-10	0.0909046
8.23651e-10	0.0907056
8.23722e-10	0.0905063
8.23793e-10	0.0903066
8.23863e-10	0.0901066
8.23934e-10	0.0899063
8.24005e-10	0.0897057
8.24076e-10	0.0895047
8.24147e-10	0.0893034
8.24218e-10	0.0891017
8.24289e-10	0.0888998
8.2436e-10	0.0886975
8.24431e-10	0.0884949
8.24502e-10	0.0882919
8.24573e-10	0.0880886
8.24644e-10	0.087885
8.24715e-10	0.0876811
8.24786e-10	0.0874769
8.24856e-10	0.0872723
8.24927e-10	0.0870674
8.24998e-10	0.0868621
8.25069e-10	0.0866566
8.2514e-10	0.0864507
8.25211e-10	0.0862444
8.25282e-10	0.0860379
8.25353e-10	0.085831
8.25424e-10	0.0856238
8.25495e-10	0.0854163
8.25566e-10	0.0852085
8.25637e-10	0.0850003
8.25708e-10	0.0847918
8.25779e-10	0.084583
8.25849e-10	0.0843738
8.2592e-10	0.0841643
8.25991e-10	0.0839545
8.26062e-10	0.0837444
8.26133e-10	0.083534
8.26204e-10	0.0833232
8.26275e-10	0.0831121
8.26346e-10	0.0829007
8.26417e-10	0.082689
8.26488e-10	0.0824769
8.26559e-10	0.0822645
8.2663e-10	0.0820518
8.26701e-10	0.0818388
8.26772e-10	0.0816254
8.26842e-10	0.0814117
8.26913e-10	0.0811977
8.26984e-10	0.0809834
8.27055e-10	0.0807688
8.27126e-10	0.0805538
8.27197e-10	0.0803385
8.27268e-10	0.0801229
8.27339e-10	0.079907
8.2741e-10	0.0796908
8.27481e-10	0.0794742
8.27552e-10	0.0792573
8.27623e-10	0.0790401
8.27694e-10	0.0788226
8.27765e-10	0.0786048
8.27835e-10	0.0783866
8.27906e-10	0.0781681
8.27977e-10	0.0779493
8.28048e-10	0.0777302
8.28119e-10	0.0775108
8.2819e-10	0.077291
8.28261e-10	0.0770709
8.28332e-10	0.0768505
8.28403e-10	0.0766298
8.28474e-10	0.0764088
8.28545e-10	0.0761875
8.28616e-10	0.0759658
8.28687e-10	0.0757438
8.28758e-10	0.0755215
8.28828e-10	0.0752989
8.28899e-10	0.075076
8.2897e-10	0.0748528
8.29041e-10	0.0746292
8.29112e-10	0.0744054
8.29183e-10	0.0741812
8.29254e-10	0.0739567
8.29325e-10	0.0737319
8.29396e-10	0.0735067
8.29467e-10	0.0732813
8.29538e-10	0.0730555
8.29609e-10	0.0728295
8.2968e-10	0.0726031
8.29751e-10	0.0723764
8.29821e-10	0.0721494
8.29892e-10	0.0719221
8.29963e-10	0.0716944
8.30034e-10	0.0714665
8.30105e-10	0.0712382
8.30176e-10	0.0710097
8.30247e-10	0.0707808
8.30318e-10	0.0705516
8.30389e-10	0.0703221
8.3046e-10	0.0700923
8.30531e-10	0.0698621
8.30602e-10	0.0696317
8.30673e-10	0.069401
8.30744e-10	0.0691699
8.30814e-10	0.0689385
8.30885e-10	0.0687069
8.30956e-10	0.0684749
8.31027e-10	0.0682426
8.31098e-10	0.06801
8.31169e-10	0.0677771
8.3124e-10	0.0675439
8.31311e-10	0.0673104
8.31382e-10	0.0670765
8.31453e-10	0.0668424
8.31524e-10	0.0666079
8.31595e-10	0.0663732
8.31666e-10	0.0661381
8.31737e-10	0.0659028
8.31807e-10	0.0656671
8.31878e-10	0.0654311
8.31949e-10	0.0651948
8.3202e-10	0.0649583
8.32091e-10	0.0647214
8.32162e-10	0.0644842
8.32233e-10	0.0642467
8.32304e-10	0.0640089
8.32375e-10	0.0637707
8.32446e-10	0.0635323
8.32517e-10	0.0632936
8.32588e-10	0.0630546
8.32659e-10	0.0628153
8.32729e-10	0.0625757
8.328e-10	0.0623357
8.32871e-10	0.0620955
8.32942e-10	0.061855
8.33013e-10	0.0616141
8.33084e-10	0.061373
8.33155e-10	0.0611316
8.33226e-10	0.0608898
8.33297e-10	0.0606478
8.33368e-10	0.0604055
8.33439e-10	0.0601628
8.3351e-10	0.0599199
8.33581e-10	0.0596767
8.33652e-10	0.0594331
8.33722e-10	0.0591893
8.33793e-10	0.0589452
8.33864e-10	0.0587008
8.33935e-10	0.058456
8.34006e-10	0.058211
8.34077e-10	0.0579657
8.34148e-10	0.0577201
8.34219e-10	0.0574742
8.3429e-10	0.0572279
8.34361e-10	0.0569814
8.34432e-10	0.0567346
8.34503e-10	0.0564875
8.34574e-10	0.0562401
8.34645e-10	0.0559925
8.34715e-10	0.0557445
8.34786e-10	0.0554962
8.34857e-10	0.0552476
8.34928e-10	0.0549988
8.34999e-10	0.0547496
8.3507e-10	0.0545002
8.35141e-10	0.0542504
8.35212e-10	0.0540004
8.35283e-10	0.05375
8.35354e-10	0.0534994
8.35425e-10	0.0532485
8.35496e-10	0.0529973
8.35567e-10	0.0527458
8.35638e-10	0.052494
8.35708e-10	0.052242
8.35779e-10	0.0519896
8.3585e-10	0.0517369
8.35921e-10	0.051484
8.35992e-10	0.0512307
8.36063e-10	0.0509772
8.36134e-10	0.0507234
8.36205e-10	0.0504693
8.36276e-10	0.0502149
8.36347e-10	0.0499602
8.36418e-10	0.0497053
8.36489e-10	0.04945
8.3656e-10	0.0491945
8.36631e-10	0.0489387
8.36701e-10	0.0486826
8.36772e-10	0.0484262
8.36843e-10	0.0481695
8.36914e-10	0.0479125
8.36985e-10	0.0476553
8.37056e-10	0.0473977
8.37127e-10	0.0471399
8.37198e-10	0.0468818
8.37269e-10	0.0466234
8.3734e-10	0.0463647
8.37411e-10	0.0461058
8.37482e-10	0.0458465
8.37553e-10	0.045587
8.37624e-10	0.0453272
8.37694e-10	0.0450671
8.37765e-10	0.0448068
8.37836e-10	0.0445461
8.37907e-10	0.0442852
8.37978e-10	0.044024
8.38049e-10	0.0437625
8.3812e-10	0.0435007
8.38191e-10	0.0432387
8.38262e-10	0.0429764
8.38333e-10	0.0427138
8.38404e-10	0.0424509
8.38475e-10	0.0421877
8.38546e-10	0.0419243
8.38617e-10	0.0416606
8.38687e-10	0.0413966
8.38758e-10	0.0411323
8.38829e-10	0.0408678
8.389e-10	0.0406029
8.38971e-10	0.0403378
8.39042e-10	0.0400725
8.39113e-10	0.0398068
8.39184e-10	0.0395409
8.39255e-10	0.0392747
8.39326e-10	0.0390082
8.39397e-10	0.0387415
8.39468e-10	0.0384745
8.39539e-10	0.0382072
8.3961e-10	0.0379396
8.3968e-10	0.0376718
8.39751e-10	0.0374037
8.39822e-10	0.0371353
8.39893e-10	0.0368667
8.39964e-10	0.0365978
8.40035e-10	0.0363286
8.40106e-10	0.0360591
8.40177e-10	0.0357894
8.40248e-10	0.0355194
8.40319e-10	0.0352491
8.4039e-10	0.0349786
8.40461e-10	0.0347078
8.40532e-10	0.0344367
8.40602e-10	0.0341654
8.40673e-10	0.0338938
8.40744e-10	0.0336219
8.40815e-10	0.0333498
8.40886e-10	0.0330774
8.40957e-10	0.0328047
8.41028e-10	0.0325317
8.41099e-10	0.0322585
8.4117e-10	0.0319851
8.41241e-10	0.0317114
8.41312e-10	0.0314374
8.41383e-10	0.0311631
8.41454e-10	0.0308886
8.41525e-10	0.0306138
8.41595e-10	0.0303388
8.41666e-10	0.0300634
8.41737e-10	0.0297879
8.41808e-10	0.029512
8.41879e-10	0.029236
8.4195e-10	0.0289596
8.42021e-10	0.028683
8.42092e-10	0.0284061
8.42163e-10	0.028129
8.42234e-10	0.0278516
8.42305e-10	0.027574
8.42376e-10	0.027296
8.42447e-10	0.0270179
8.42518e-10	0.0267395
8.42588e-10	0.0264608
8.42659e-10	0.0261818
8.4273e-10	0.0259027
8.42801e-10	0.0256232
8.42872e-10	0.0253435
8.42943e-10	0.0250635
8.43014e-10	0.0247833
8.43085e-10	0.0245029
8.43156e-10	0.0242221
8.43227e-10	0.0239412
8.43298e-10	0.0236599
8.43369e-10	0.0233785
8.4344e-10	0.0230967
8.43511e-10	0.0228147
8.43581e-10	0.0225325
8.43652e-10	0.02225
8.43723e-10	0.0219673
8.43794e-10	0.0216843
8.43865e-10	0.0214011
8.43936e-10	0.0211176
8.44007e-10	0.0208338
8.44078e-10	0.0205498
8.44149e-10	0.0202656
8.4422e-10	0.0199811
8.44291e-10	0.0196964
8.44362e-10	0.0194114
8.44433e-10	0.0191262
8.44504e-10	0.0188407
8.44574e-10	0.018555
8.44645e-10	0.018269
8.44716e-10	0.0179828
8.44787e-10	0.0176964
8.44858e-10	0.0174097
8.44929e-10	0.0171227
8.45e-10	0.0168355
8.45071e-10	0.0165481
8.45142e-10	0.0162605
8.45213e-10	0.0159725
8.45284e-10	0.0156844
8.45355e-10	0.015396
8.45426e-10	0.0151074
8.45497e-10	0.0148185
8.45567e-10	0.0145294
8.45638e-10	0.01424
8.45709e-10	0.0139504
8.4578e-10	0.0136606
8.45851e-10	0.0133705
8.45922e-10	0.0130802
8.45993e-10	0.0127896
8.46064e-10	0.0124988
8.46135e-10	0.0122078
8.46206e-10	0.0119166
8.46277e-10	0.0116251
8.46348e-10	0.0113333
8.46419e-10	0.0110414
8.4649e-10	0.0107492
8.4656e-10	0.0104567
8.46631e-10	0.0101641
8.46702e-10	0.00987115
8.46773e-10	0.00957801
8.46844e-10	0.00928464
8.46915e-10	0.00899104
8.46986e-10	0.00869721
8.47057e-10	0.00840315
8.47128e-10	0.00810885
8.47199e-10	0.00781433
8.4727e-10	0.00751957
8.47341e-10	0.00722459
8.47412e-10	0.00692937
8.47483e-10	0.00663393
8.47553e-10	0.00633826
8.47624e-10	0.00604236
8.47695e-10	0.00574624
8.47766e-10	0.00544988
8.47837e-10	0.00515331
8.47908e-10	0.0048565
8.47979e-10	0.00455947
8.4805e-10	0.00426221
8.48121e-10	0.00396474
8.48192e-10	0.00366703
8.48263e-10	0.0033691
8.48334e-10	0.00307095
8.48405e-10	0.00277258
8.48475e-10	0.00247398
8.48546e-10	0.00217516
8.48617e-10	0.00187612
8.48688e-10	0.00157686
8.48759e-10	0.00127738
8.4883e-10	0.000977681
8.48901e-10	0.000677761
8.48972e-10	0.00037762
8.49043e-10	7.72614e-05
8.49114e-10	-0.000223316
8.49185e-10	-0.000524111
8.49256e-10	-0.000825123
8.49327e-10	-0.00112635
8.49398e-10	-0.0014278
8.49468e-10	-0.00172946
8.49539e-10	-0.00203134
8.4961e-10	-0.00233343
8.49681e-10	-0.00263574
8.49752e-10	-0.00293826
8.49823e-10	-0.00324099
8.49894e-10	-0.00354394
8.49965e-10	-0.0038471
8.50036e-10	-0.00415047
8.50107e-10	-0.00445406
8.50178e-10	-0.00475785
8.50249e-10	-0.00506186
8.5032e-10	-0.00536608
8.50391e-10	-0.00567051
8.50461e-10	-0.00597514
8.50532e-10	-0.00627999
8.50603e-10	-0.00658504
8.50674e-10	-0.0068903
8.50745e-10	-0.00719577
8.50816e-10	-0.00750145
8.50887e-10	-0.00780733
8.50958e-10	-0.00811342
8.51029e-10	-0.00841972
8.511e-10	-0.00872622
8.51171e-10	-0.00903292
8.51242e-10	-0.00933983
8.51313e-10	-0.00964695
8.51384e-10	-0.00995426
8.51454e-10	-0.0102618
8.51525e-10	-0.0105695
8.51596e-10	-0.0108774
8.51667e-10	-0.0111855
8.51738e-10	-0.0114939
8.51809e-10	-0.0118024
8.5188e-10	-0.0121111
8.51951e-10	-0.01242
8.52022e-10	-0.0127292
8.52093e-10	-0.0130385
8.52164e-10	-0.013348
8.52235e-10	-0.0136577
8.52306e-10	-0.0139676
8.52377e-10	-0.0142778
8.52447e-10	-0.0145881
8.52518e-10	-0.0148986
8.52589e-10	-0.0152093
8.5266e-10	-0.0155202
8.52731e-10	-0.0158312
8.52802e-10	-0.0161425
8.52873e-10	-0.016454
8.52944e-10	-0.0167656
8.53015e-10	-0.0170775
8.53086e-10	-0.0173896
8.53157e-10	-0.0177018
8.53228e-10	-0.0180142
8.53299e-10	-0.0183268
8.5337e-10	-0.0186396
8.5344e-10	-0.0189526
8.53511e-10	-0.0192658
8.53582e-10	-0.0195792
8.53653e-10	-0.0198928
8.53724e-10	-0.0202065
8.53795e-10	-0.0205204
8.53866e-10	-0.0208346
8.53937e-10	-0.0211489
8.54008e-10	-0.0214634
8.54079e-10	-0.021778
8.5415e-10	-0.0220929
8.54221e-10	-0.0224079
8.54292e-10	-0.0227232
8.54363e-10	-0.0230386
8.54433e-10	-0.0233541
8.54504e-10	-0.0236699
8.54575e-10	-0.0239859
8.54646e-10	-0.024302
8.54717e-10	-0.0246183
8.54788e-10	-0.0249348
8.54859e-10	-0.0252515
8.5493e-10	-0.0255683
8.55001e-10	-0.0258853
8.55072e-10	-0.0262025
8.55143e-10	-0.0265199
8.55214e-10	-0.0268375
8.55285e-10	-0.0271552
8.55356e-10	-0.0274731
8.55426e-10	-0.0277912
8.55497e-10	-0.0281094
8.55568e-10	-0.0284279
8.55639e-10	-0.0287465
8.5571e-10	-0.0290652
8.55781e-10	-0.0293842
8.55852e-10	-0.0297033
8.55923e-10	-0.0300226
8.55994e-10	-0.030342
8.56065e-10	-0.0306616
8.56136e-10	-0.0309814
8.56207e-10	-0.0313014
8.56278e-10	-0.0316215
8.56348e-10	-0.0319418
8.56419e-10	-0.0322623
8.5649e-10	-0.0325829
8.56561e-10	-0.0329037
8.56632e-10	-0.0332247
8.56703e-10	-0.0335458
8.56774e-10	-0.0338671
8.56845e-10	-0.0341886
8.56916e-10	-0.0345102
8.56987e-10	-0.034832
8.57058e-10	-0.0351539
8.57129e-10	-0.035476
8.572e-10	-0.0357983
8.57271e-10	-0.0361207
8.57341e-10	-0.0364433
8.57412e-10	-0.0367661
8.57483e-10	-0.037089
8.57554e-10	-0.037412
8.57625e-10	-0.0377353
8.57696e-10	-0.0380586
8.57767e-10	-0.0383822
8.57838e-10	-0.0387059
8.57909e-10	-0.0390297
8.5798e-10	-0.0393537
8.58051e-10	-0.0396779
8.58122e-10	-0.0400022
8.58193e-10	-0.0403267
8.58264e-10	-0.0406513
8.58334e-10	-0.0409761
8.58405e-10	-0.041301
8.58476e-10	-0.0416261
8.58547e-10	-0.0419513
8.58618e-10	-0.0422767
8.58689e-10	-0.0426022
8.5876e-10	-0.0429279
8.58831e-10	-0.0432537
8.58902e-10	-0.0435797
8.58973e-10	-0.0439058
8.59044e-10	-0.044232
8.59115e-10	-0.0445584
8.59186e-10	-0.044885
8.59257e-10	-0.0452117
8.59327e-10	-0.0455386
8.59398e-10	-0.0458655
8.59469e-10	-0.0461927
8.5954e-10	-0.04652
8.59611e-10	-0.0468474
8.59682e-10	-0.0471749
8.59753e-10	-0.0475026
8.59824e-10	-0.0478305
8.59895e-10	-0.0481585
8.59966e-10	-0.0484866
8.60037e-10	-0.0488148
8.60108e-10	-0.0491432
8.60179e-10	-0.0494718
8.6025e-10	-0.0498004
8.6032e-10	-0.0501293
8.60391e-10	-0.0504582
8.60462e-10	-0.0507873
8.60533e-10	-0.0511165
8.60604e-10	-0.0514458
8.60675e-10	-0.0517753
8.60746e-10	-0.0521049
8.60817e-10	-0.0524347
8.60888e-10	-0.0527646
8.60959e-10	-0.0530946
8.6103e-10	-0.0534247
8.61101e-10	-0.053755
8.61172e-10	-0.0540854
8.61243e-10	-0.0544159
8.61313e-10	-0.0547466
8.61384e-10	-0.0550774
8.61455e-10	-0.0554083
8.61526e-10	-0.0557394
8.61597e-10	-0.0560705
8.61668e-10	-0.0564018
8.61739e-10	-0.0567332
8.6181e-10	-0.0570648
8.61881e-10	-0.0573965
8.61952e-10	-0.0577282
8.62023e-10	-0.0580602
8.62094e-10	-0.0583922
8.62165e-10	-0.0587243
8.62236e-10	-0.0590566
8.62306e-10	-0.059389
8.62377e-10	-0.0597215
8.62448e-10	-0.0600542
8.62519e-10	-0.0603869
8.6259e-10	-0.0607198
8.62661e-10	-0.0610528
8.62732e-10	-0.0613859
8.62803e-10	-0.0617191
8.62874e-10	-0.0620525
8.62945e-10	-0.0623859
8.63016e-10	-0.0627195
8.63087e-10	-0.0630532
8.63158e-10	-0.063387
8.63229e-10	-0.0637209
8.63299e-10	-0.0640549
8.6337e-10	-0.064389
8.63441e-10	-0.0647232
8.63512e-10	-0.0650576
8.63583e-10	-0.0653921
8.63654e-10	-0.0657266
8.63725e-10	-0.0660613
8.63796e-10	-0.0663961
8.63867e-10	-0.066731
8.63938e-10	-0.067066
8.64009e-10	-0.0674011
8.6408e-10	-0.0677363
8.64151e-10	-0.0680716
8.64221e-10	-0.068407
8.64292e-10	-0.0687425
8.64363e-10	-0.0690782
8.64434e-10	-0.0694139
8.64505e-10	-0.0697497
8.64576e-10	-0.0700856
8.64647e-10	-0.0704217
8.64718e-10	-0.0707578
8.64789e-10	-0.071094
8.6486e-10	-0.0714303
8.64931e-10	-0.0717668
8.65002e-10	-0.0721033
8.65073e-10	-0.0724399
8.65144e-10	-0.0727766
8.65214e-10	-0.0731134
8.65285e-10	-0.0734503
8.65356e-10	-0.0737873
8.65427e-10	-0.0741244
8.65498e-10	-0.0744616
8.65569e-10	-0.0747989
8.6564e-10	-0.0751362
8.65711e-10	-0.0754737
8.65782e-10	-0.0758113
8.65853e-10	-0.0761489
8.65924e-10	-0.0764866
8.65995e-10	-0.0768244
8.66066e-10	-0.0771623
8.66137e-10	-0.0775003
8.66207e-10	-0.0778384
8.66278e-10	-0.0781766
8.66349e-10	-0.0785148
8.6642e-10	-0.0788532
8.66491e-10	-0.0791916
8.66562e-10	-0.0795301
8.66633e-10	-0.0798687
8.66704e-10	-0.0802073
8.66775e-10	-0.0805461
8.66846e-10	-0.0808849
8.66917e-10	-0.0812238
8.66988e-10	-0.0815628
8.67059e-10	-0.0819019
8.6713e-10	-0.082241
8.672e-10	-0.0825803
8.67271e-10	-0.0829196
8.67342e-10	-0.0832589
8.67413e-10	-0.0835984
8.67484e-10	-0.0839379
8.67555e-10	-0.0842775
8.67626e-10	-0.0846172
8.67697e-10	-0.084957
8.67768e-10	-0.0852968
8.67839e-10	-0.0856367
8.6791e-10	-0.0859766
8.67981e-10	-0.0863167
8.68052e-10	-0.0866568
8.68123e-10	-0.086997
8.68193e-10	-0.0873372
8.68264e-10	-0.0876775
8.68335e-10	-0.0880179
8.68406e-10	-0.0883584
8.68477e-10	-0.0886989
8.68548e-10	-0.0890395
8.68619e-10	-0.0893801
8.6869e-10	-0.0897208
8.68761e-10	-0.0900616
8.68832e-10	-0.0904024
8.68903e-10	-0.0907433
8.68974e-10	-0.0910843
8.69045e-10	-0.0914253
8.69116e-10	-0.0917664
8.69186e-10	-0.0921075
8.69257e-10	-0.0924487
8.69328e-10	-0.09279
8.69399e-10	-0.0931313
8.6947e-10	-0.0934727
8.69541e-10	-0.0938141
8.69612e-10	-0.0941556
8.69683e-10	-0.0944972
8.69754e-10	-0.0948388
8.69825e-10	-0.0951804
8.69896e-10	-0.0955221
8.69967e-10	-0.0958639
8.70038e-10	-0.0962057
8.70109e-10	-0.0965475
8.70179e-10	-0.0968895
8.7025e-10	-0.0972314
8.70321e-10	-0.0975734
8.70392e-10	-0.0979155
8.70463e-10	-0.0982576
8.70534e-10	-0.0985997
8.70605e-10	-0.0989419
8.70676e-10	-0.0992842
8.70747e-10	-0.0996265
8.70818e-10	-0.0999688
8.70889e-10	-0.100311
8.7096e-10	-0.100654
8.71031e-10	-0.100996
8.71102e-10	-0.101339
8.71172e-10	-0.101681
8.71243e-10	-0.102024
8.71314e-10	-0.102366
8.71385e-10	-0.102709
8.71456e-10	-0.103052
8.71527e-10	-0.103394
8.71598e-10	-0.103737
8.71669e-10	-0.10408
8.7174e-10	-0.104423
8.71811e-10	-0.104766
8.71882e-10	-0.105109
8.71953e-10	-0.105452
8.72024e-10	-0.105795
8.72094e-10	-0.106138
8.72165e-10	-0.106481
8.72236e-10	-0.106824
8.72307e-10	-0.107167
8.72378e-10	-0.10751
8.72449e-10	-0.107853
8.7252e-10	-0.108197
8.72591e-10	-0.10854
8.72662e-10	-0.108883
8.72733e-10	-0.109226
8.72804e-10	-0.10957
8.72875e-10	-0.109913
8.72946e-10	-0.110256
8.73017e-10	-0.1106
8.73087e-10	-0.110943
8.73158e-10	-0.111287
8.73229e-10	-0.11163
8.733e-10	-0.111974
8.73371e-10	-0.112317
8.73442e-10	-0.112661
8.73513e-10	-0.113004
8.73584e-10	-0.113348
8.73655e-10	-0.113691
8.73726e-10	-0.114035
8.73797e-10	-0.114378
8.73868e-10	-0.114722
8.73939e-10	-0.115066
8.7401e-10	-0.115409
8.7408e-10	-0.115753
8.74151e-10	-0.116097
8.74222e-10	-0.11644
8.74293e-10	-0.116784
8.74364e-10	-0.117128
8.74435e-10	-0.117471
8.74506e-10	-0.117815
8.74577e-10	-0.118159
8.74648e-10	-0.118503
8.74719e-10	-0.118846
8.7479e-10	-0.11919
8.74861e-10	-0.119534
8.74932e-10	-0.119878
8.75003e-10	-0.120221
8.75073e-10	-0.120565
8.75144e-10	-0.120909
8.75215e-10	-0.121253
8.75286e-10	-0.121597
8.75357e-10	-0.12194
8.75428e-10	-0.122284
8.75499e-10	-0.122628
8.7557e-10	-0.122972
8.75641e-10	-0.123316
8.75712e-10	-0.123659
8.75783e-10	-0.124003
8.75854e-10	-0.124347
8.75925e-10	-0.124691
8.75996e-10	-0.125034
8.76066e-10	-0.125378
8.76137e-10	-0.125722
8.76208e-10	-0.126066
8.76279e-10	-0.126409
8.7635e-10	-0.126753
8.76421e-10	-0.127097
8.76492e-10	-0.127441
8.76563e-10	-0.127784
8.76634e-10	-0.128128
8.76705e-10	-0.128472
8.76776e-10	-0.128815
8.76847e-10	-0.129159
8.76918e-10	-0.129503
8.76989e-10	-0.129846
8.77059e-10	-0.13019
8.7713e-10	-0.130533
8.77201e-10	-0.130877
8.77272e-10	-0.13122
8.77343e-10	-0.131564
8.77414e-10	-0.131907
8.77485e-10	-0.132251
8.77556e-10	-0.132594
8.77627e-10	-0.132938
8.77698e-10	-0.133281
8.77769e-10	-0.133625
8.7784e-10	-0.133968
8.77911e-10	-0.134311
8.77982e-10	-0.134655
8.78052e-10	-0.134998
8.78123e-10	-0.135341
8.78194e-10	-0.135685
8.78265e-10	-0.136028
8.78336e-10	-0.136371
8.78407e-10	-0.136714
8.78478e-10	-0.137057
8.78549e-10	-0.1374
8.7862e-10	-0.137744
8.78691e-10	-0.138087
8.78762e-10	-0.13843
8.78833e-10	-0.138773
8.78904e-10	-0.139115
8.78975e-10	-0.139458
8.79045e-10	-0.139801
8.79116e-10	-0.140144
8.79187e-10	-0.140487
8.79258e-10	-0.14083
8.79329e-10	-0.141172
8.794e-10	-0.141515
8.79471e-10	-0.141858
8.79542e-10	-0.1422
8.79613e-10	-0.142543
8.79684e-10	-0.142885
8.79755e-10	-0.143228
8.79826e-10	-0.14357
8.79897e-10	-0.143913
8.79968e-10	-0.144255
8.80038e-10	-0.144597
8.80109e-10	-0.144939
8.8018e-10	-0.145282
8.80251e-10	-0.145624
8.80322e-10	-0.145966
8.80393e-10	-0.146308
8.80464e-10	-0.14665
8.80535e-10	-0.146992
8.80606e-10	-0.147334
8.80677e-10	-0.147676
8.80748e-10	-0.148017
8.80819e-10	-0.148359
8.8089e-10	-0.148701
8.8096e-10	-0.149043
8.81031e-10	-0.149384
8.81102e-10	-0.149726
8.81173e-10	-0.150067
8.81244e-10	-0.150408
8.81315e-10	-0.15075
8.81386e-10	-0.151091
8.81457e-10	-0.151432
8.81528e-10	-0.151773
8.81599e-10	-0.152115
8.8167e-10	-0.152456
8.81741e-10	-0.152797
8.81812e-10	-0.153137
8.81883e-10	-0.153478
8.81953e-10	-0.153819
8.82024e-10	-0.15416
8.82095e-10	-0.1545
8.82166e-10	-0.154841
8.82237e-10	-0.155182
8.82308e-10	-0.155522
8.82379e-10	-0.155862
8.8245e-10	-0.156203
8.82521e-10	-0.156543
8.82592e-10	-0.156883
8.82663e-10	-0.157223
8.82734e-10	-0.157563
8.82805e-10	-0.157903
8.82876e-10	-0.158243
8.82946e-10	-0.158583
8.83017e-10	-0.158922
8.83088e-10	-0.159262
8.83159e-10	-0.159602
8.8323e-10	-0.159941
8.83301e-10	-0.16028
8.83372e-10	-0.16062
8.83443e-10	-0.160959
8.83514e-10	-0.161298
8.83585e-10	-0.161637
8.83656e-10	-0.161976
8.83727e-10	-0.162315
8.83798e-10	-0.162654
8.83869e-10	-0.162993
8.83939e-10	-0.163331
8.8401e-10	-0.16367
8.84081e-10	-0.164008
8.84152e-10	-0.164347
8.84223e-10	-0.164685
8.84294e-10	-0.165023
8.84365e-10	-0.165361
8.84436e-10	-0.165699
8.84507e-10	-0.166037
8.84578e-10	-0.166375
8.84649e-10	-0.166713
8.8472e-10	-0.16705
8.84791e-10	-0.167388
8.84862e-10	-0.167725
8.84932e-10	-0.168063
8.85003e-10	-0.1684
8.85074e-10	-0.168737
8.85145e-10	-0.169074
8.85216e-10	-0.169411
8.85287e-10	-0.169748
8.85358e-10	-0.170085
8.85429e-10	-0.170421
8.855e-10	-0.170758
8.85571e-10	-0.171094
8.85642e-10	-0.171431
8.85713e-10	-0.171767
8.85784e-10	-0.172103
8.85855e-10	-0.172439
8.85925e-10	-0.172775
8.85996e-10	-0.173111
8.86067e-10	-0.173447
8.86138e-10	-0.173782
8.86209e-10	-0.174118
8.8628e-10	-0.174453
8.86351e-10	-0.174788
8.86422e-10	-0.175123
8.86493e-10	-0.175458
8.86564e-10	-0.175793
8.86635e-10	-0.176128
8.86706e-10	-0.176463
8.86777e-10	-0.176797
8.86848e-10	-0.177132
8.86918e-10	-0.177466
8.86989e-10	-0.1778
8.8706e-10	-0.178135
8.87131e-10	-0.178468
8.87202e-10	-0.178802
8.87273e-10	-0.179136
8.87344e-10	-0.17947
8.87415e-10	-0.179803
8.87486e-10	-0.180137
8.87557e-10	-0.18047
8.87628e-10	-0.180803
8.87699e-10	-0.181136
8.8777e-10	-0.181469
8.87841e-10	-0.181802
8.87911e-10	-0.182134
8.87982e-10	-0.182467
8.88053e-10	-0.182799
8.88124e-10	-0.183131
8.88195e-10	-0.183463
8.88266e-10	-0.183795
8.88337e-10	-0.184127
8.88408e-10	-0.184459
8.88479e-10	-0.18479
8.8855e-10	-0.185122
8.88621e-10	-0.185453
8.88692e-10	-0.185784
8.88763e-10	-0.186115
8.88833e-10	-0.186446
8.88904e-10	-0.186777
8.88975e-10	-0.187107
8.89046e-10	-0.187438
8.89117e-10	-0.187768
8.89188e-10	-0.188098
8.89259e-10	-0.188428
8.8933e-10	-0.188758
8.89401e-10	-0.189088
8.89472e-10	-0.189417
8.89543e-10	-0.189747
8.89614e-10	-0.190076
8.89685e-10	-0.190405
8.89756e-10	-0.190734
8.89826e-10	-0.191063
8.89897e-10	-0.191392
8.89968e-10	-0.191721
8.90039e-10	-0.192049
8.9011e-10	-0.192377
8.90181e-10	-0.192705
8.90252e-10	-0.193033
8.90323e-10	-0.193361
8.90394e-10	-0.193689
8.90465e-10	-0.194016
8.90536e-10	-0.194343
8.90607e-10	-0.194671
8.90678e-10	-0.194998
8.90749e-10	-0.195324
8.90819e-10	-0.195651
8.9089e-10	-0.195978
8.90961e-10	-0.196304
8.91032e-10	-0.19663
8.91103e-10	-0.196956
8.91174e-10	-0.197282
8.91245e-10	-0.197608
8.91316e-10	-0.197933
8.91387e-10	-0.198259
8.91458e-10	-0.198584
8.91529e-10	-0.198909
8.916e-10	-0.199234
8.91671e-10	-0.199559
8.91742e-10	-0.199883
8.91812e-10	-0.200208
8.91883e-10	-0.200532
8.91954e-10	-0.200856
8.92025e-10	-0.20118
8.92096e-10	-0.201503
8.92167e-10	-0.201827
8.92238e-10	-0.20215
8.92309e-10	-0.202473
8.9238e-10	-0.202796
8.92451e-10	-0.203119
8.92522e-10	-0.203442
8.92593e-10	-0.203764
8.92664e-10	-0.204087
8.92735e-10	-0.204409
8.92805e-10	-0.204731
8.92876e-10	-0.205052
8.92947e-10	-0.205374
8.93018e-10	-0.205695
8.93089e-10	-0.206016
8.9316e-10	-0.206337
8.93231e-10	-0.206658
8.93302e-10	-0.206979
8.93373e-10	-0.207299
8.93444e-10	-0.207619
8.93515e-10	-0.207939
8.93586e-10	-0.208259
8.93657e-10	-0.208579
8.93728e-10	-0.208898
8.93798e-10	-0.209218
8.93869e-10	-0.209537
8.9394e-10	-0.209856
8.94011e-10	-0.210174
8.94082e-10	-0.210493
8.94153e-10	-0.210811
8.94224e-10	-0.211129
8.94295e-10	-0.211447
8.94366e-10	-0.211765
8.94437e-10	-0.212083
8.94508e-10	-0.2124
8.94579e-10	-0.212717
8.9465e-10	-0.213034
8.94721e-10	-0.213351
8.94791e-10	-0.213667
8.94862e-10	-0.213984
8.94933e-10	-0.2143
8.95004e-10	-0.214616
8.95075e-10	-0.214931
8.95146e-10	-0.215247
8.95217e-10	-0.215562
8.95288e-10	-0.215877
8.95359e-10	-0.216192
8.9543e-10	-0.216507
8.95501e-10	-0.216821
8.95572e-10	-0.217135
8.95643e-10	-0.217449
8.95714e-10	-0.217763
8.95784e-10	-0.218077
8.95855e-10	-0.21839
8.95926e-10	-0.218703
8.95997e-10	-0.219016
8.96068e-10	-0.219329
8.96139e-10	-0.219642
8.9621e-10	-0.219954
8.96281e-10	-0.220266
8.96352e-10	-0.220578
8.96423e-10	-0.220889
8.96494e-10	-0.221201
8.96565e-10	-0.221512
8.96636e-10	-0.221823
8.96706e-10	-0.222134
8.96777e-10	-0.222444
8.96848e-10	-0.222755
8.96919e-10	-0.223065
8.9699e-10	-0.223375
8.97061e-10	-0.223684
8.97132e-10	-0.223994
8.97203e-10	-0.224303
8.97274e-10	-0.224612
8.97345e-10	-0.22492
8.97416e-10	-0.225229
8.97487e-10	-0.225537
8.97558e-10	-0.225845
8.97629e-10	-0.226153
8.97699e-10	-0.22646
8.9777e-10	-0.226768
8.97841e-10	-0.227075
8.97912e-10	-0.227382
8.97983e-10	-0.227688
8.98054e-10	-0.227995
8.98125e-10	-0.228301
8.98196e-10	-0.228607
8.98267e-10	-0.228912
8.98338e-10	-0.229218
8.98409e-10	-0.229523
8.9848e-10	-0.229828
8.98551e-10	-0.230132
8.98622e-10	-0.230437
8.98692e-10	-0.230741
8.98763e-10	-0.231045
8.98834e-10	-0.231348
8.98905e-10	-0.231652
8.98976e-10	-0.231955
8.99047e-10	-0.232258
8.99118e-10	-0.232561
8.99189e-10	-0.232863
8.9926e-10	-0.233165
8.99331e-10	-0.233467
8.99402e-10	-0.233769
8.99473e-10	-0.23407
8.99544e-10	-0.234372
8.99615e-10	-0.234672
8.99685e-10	-0.234973
8.99756e-10	-0.235274
8.99827e-10	-0.235574
8.99898e-10	-0.235874
8.99969e-10	-0.236173
9.0004e-10	-0.236473
9.00111e-10	-0.236772
9.00182e-10	-0.237071
9.00253e-10	-0.237369
9.00324e-10	-0.237667
9.00395e-10	-0.237965
9.00466e-10	-0.238263
9.00537e-10	-0.238561
9.00608e-10	-0.238858
9.00678e-10	-0.239155
9.00749e-10	-0.239452
9.0082e-10	-0.239748
9.00891e-10	-0.240044
9.00962e-10	-0.24034
9.01033e-10	-0.240636
9.01104e-10	-0.240931
9.01175e-10	-0.241226
9.01246e-10	-0.241521
9.01317e-10	-0.241816
9.01388e-10	-0.24211
9.01459e-10	-0.242404
9.0153e-10	-0.242698
9.01601e-10	-0.242991
9.01671e-10	-0.243284
9.01742e-10	-0.243577
9.01813e-10	-0.24387
9.01884e-10	-0.244162
9.01955e-10	-0.244454
9.02026e-10	-0.244746
9.02097e-10	-0.245038
9.02168e-10	-0.245329
9.02239e-10	-0.24562
9.0231e-10	-0.24591
9.02381e-10	-0.246201
9.02452e-10	-0.246491
9.02523e-10	-0.246781
9.02594e-10	-0.24707
9.02664e-10	-0.247359
9.02735e-10	-0.247648
9.02806e-10	-0.247937
9.02877e-10	-0.248225
9.02948e-10	-0.248513
9.03019e-10	-0.248801
9.0309e-10	-0.249088
9.03161e-10	-0.249376
9.03232e-10	-0.249662
9.03303e-10	-0.249949
9.03374e-10	-0.250235
9.03445e-10	-0.250521
9.03516e-10	-0.250807
9.03587e-10	-0.251092
9.03657e-10	-0.251377
9.03728e-10	-0.251662
9.03799e-10	-0.251947
9.0387e-10	-0.252231
9.03941e-10	-0.252515
9.04012e-10	-0.252798
9.04083e-10	-0.253081
9.04154e-10	-0.253364
9.04225e-10	-0.253647
9.04296e-10	-0.253929
9.04367e-10	-0.254212
9.04438e-10	-0.254493
9.04509e-10	-0.254775
9.04579e-10	-0.255056
9.0465e-10	-0.255337
9.04721e-10	-0.255617
9.04792e-10	-0.255897
9.04863e-10	-0.256177
9.04934e-10	-0.256457
9.05005e-10	-0.256736
9.05076e-10	-0.257015
9.05147e-10	-0.257293
9.05218e-10	-0.257572
9.05289e-10	-0.25785
9.0536e-10	-0.258127
9.05431e-10	-0.258405
9.05502e-10	-0.258682
9.05572e-10	-0.258959
9.05643e-10	-0.259235
9.05714e-10	-0.259511
9.05785e-10	-0.259787
9.05856e-10	-0.260062
9.05927e-10	-0.260337
9.05998e-10	-0.260612
9.06069e-10	-0.260886
9.0614e-10	-0.261161
9.06211e-10	-0.261434
9.06282e-10	-0.261708
9.06353e-10	-0.261981
9.06424e-10	-0.262254
9.06495e-10	-0.262526
9.06565e-10	-0.262798
9.06636e-10	-0.26307
9.06707e-10	-0.263342
9.06778e-10	-0.263613
9.06849e-10	-0.263884
9.0692e-10	-0.264154
9.06991e-10	-0.264424
9.07062e-10	-0.264694
9.07133e-10	-0.264964
9.07204e-10	-0.265233
9.07275e-10	-0.265502
9.07346e-10	-0.26577
9.07417e-10	-0.266038
9.07488e-10	-0.266306
9.07558e-10	-0.266573
9.07629e-10	-0.26684
9.077e-10	-0.267107
9.07771e-10	-0.267374
9.07842e-10	-0.26764
9.07913e-10	-0.267905
9.07984e-10	-0.268171
9.08055e-10	-0.268436
9.08126e-10	-0.2687
9.08197e-10	-0.268965
9.08268e-10	-0.269229
9.08339e-10	-0.269492
9.0841e-10	-0.269756
9.08481e-10	-0.270019
9.08551e-10	-0.270281
9.08622e-10	-0.270543
9.08693e-10	-0.270805
9.08764e-10	-0.271067
9.08835e-10	-0.271328
9.08906e-10	-0.271589
9.08977e-10	-0.271849
9.09048e-10	-0.272109
9.09119e-10	-0.272369
9.0919e-10	-0.272628
9.09261e-10	-0.272887
9.09332e-10	-0.273146
9.09403e-10	-0.273404
9.09474e-10	-0.273662
9.09544e-10	-0.27392
9.09615e-10	-0.274177
9.09686e-10	-0.274434
9.09757e-10	-0.27469
9.09828e-10	-0.274947
9.09899e-10	-0.275202
9.0997e-10	-0.275458
9.10041e-10	-0.275713
9.10112e-10	-0.275967
9.10183e-10	-0.276222
9.10254e-10	-0.276475
9.10325e-10	-0.276729
9.10396e-10	-0.276982
9.10467e-10	-0.277235
9.10537e-10	-0.277487
9.10608e-10	-0.277739
9.10679e-10	-0.277991
9.1075e-10	-0.278242
9.10821e-10	-0.278493
9.10892e-10	-0.278744
9.10963e-10	-0.278994
9.11034e-10	-0.279244
9.11105e-10	-0.279493
9.11176e-10	-0.279742
9.11247e-10	-0.279991
9.11318e-10	-0.280239
9.11389e-10	-0.280487
9.1146e-10	-0.280735
9.1153e-10	-0.280982
9.11601e-10	-0.281228
9.11672e-10	-0.281475
9.11743e-10	-0.281721
9.11814e-10	-0.281966
9.11885e-10	-0.282211
9.11956e-10	-0.282456
9.12027e-10	-0.282701
9.12098e-10	-0.282945
9.12169e-10	-0.283188
9.1224e-10	-0.283432
9.12311e-10	-0.283674
9.12382e-10	-0.283917
9.12452e-10	-0.284159
9.12523e-10	-0.284401
9.12594e-10	-0.284642
9.12665e-10	-0.284883
9.12736e-10	-0.285123
9.12807e-10	-0.285363
9.12878e-10	-0.285603
9.12949e-10	-0.285842
9.1302e-10	-0.286081
9.13091e-10	-0.28632
9.13162e-10	-0.286558
9.13233e-10	-0.286796
9.13304e-10	-0.287033
9.13375e-10	-0.28727
9.13445e-10	-0.287506
9.13516e-10	-0.287742
9.13587e-10	-0.287978
9.13658e-10	-0.288213
9.13729e-10	-0.288448
9.138e-10	-0.288683
9.13871e-10	-0.288917
9.13942e-10	-0.28915
9.14013e-10	-0.289384
9.14084e-10	-0.289616
9.14155e-10	-0.289849
9.14226e-10	-0.290081
9.14297e-10	-0.290312
9.14368e-10	-0.290544
9.14438e-10	-0.290774
9.14509e-10	-0.291005
9.1458e-10	-0.291235
9.14651e-10	-0.291464
9.14722e-10	-0.291693
9.14793e-10	-0.291922
9.14864e-10	-0.29215
9.14935e-10	-0.292378
9.15006e-10	-0.292606
9.15077e-10	-0.292833
9.15148e-10	-0.293059
9.15219e-10	-0.293285
9.1529e-10	-0.293511
9.15361e-10	-0.293736
9.15431e-10	-0.293961
9.15502e-10	-0.294186
9.15573e-10	-0.29441
9.15644e-10	-0.294633
9.15715e-10	-0.294857
9.15786e-10	-0.295079
9.15857e-10	-0.295302
9.15928e-10	-0.295524
9.15999e-10	-0.295745
9.1607e-10	-0.295966
9.16141e-10	-0.296187
9.16212e-10	-0.296407
9.16283e-10	-0.296627
9.16354e-10	-0.296846
9.16424e-10	-0.297065
9.16495e-10	-0.297284
9.16566e-10	-0.297502
9.16637e-10	-0.297719
9.16708e-10	-0.297936
9.16779e-10	-0.298153
9.1685e-10	-0.298369
9.16921e-10	-0.298585
9.16992e-10	-0.298801
9.17063e-10	-0.299016
9.17134e-10	-0.29923
9.17205e-10	-0.299444
9.17276e-10	-0.299658
9.17347e-10	-0.299871
9.17417e-10	-0.300084
9.17488e-10	-0.300296
9.17559e-10	-0.300508
9.1763e-10	-0.300719
9.17701e-10	-0.30093
9.17772e-10	-0.301141
9.17843e-10	-0.301351
9.17914e-10	-0.301561
9.17985e-10	-0.30177
9.18056e-10	-0.301978
9.18127e-10	-0.302187
9.18198e-10	-0.302395
9.18269e-10	-0.302602
9.1834e-10	-0.302809
9.1841e-10	-0.303015
9.18481e-10	-0.303221
9.18552e-10	-0.303427
9.18623e-10	-0.303632
9.18694e-10	-0.303837
9.18765e-10	-0.304041
9.18836e-10	-0.304245
9.18907e-10	-0.304448
9.18978e-10	-0.304651
9.19049e-10	-0.304853
9.1912e-10	-0.305055
9.19191e-10	-0.305256
9.19262e-10	-0.305457
9.19333e-10	-0.305658
9.19403e-10	-0.305858
9.19474e-10	-0.306057
9.19545e-10	-0.306257
9.19616e-10	-0.306455
9.19687e-10	-0.306653
9.19758e-10	-0.306851
9.19829e-10	-0.307048
9.199e-10	-0.307245
9.19971e-10	-0.307442
9.20042e-10	-0.307637
9.20113e-10	-0.307833
9.20184e-10	-0.308028
9.20255e-10	-0.308222
9.20325e-10	-0.308416
9.20396e-10	-0.30861
9.20467e-10	-0.308803
9.20538e-10	-0.308995
9.20609e-10	-0.309187
9.2068e-10	-0.309379
9.20751e-10	-0.30957
9.20822e-10	-0.309761
9.20893e-10	-0.309951
9.20964e-10	-0.31014
9.21035e-10	-0.31033
9.21106e-10	-0.310518
9.21177e-10	-0.310707
9.21248e-10	-0.310894
9.21318e-10	-0.311082
9.21389e-10	-0.311268
9.2146e-10	-0.311455
9.21531e-10	-0.311641
9.21602e-10	-0.311826
9.21673e-10	-0.312011
9.21744e-10	-0.312195
9.21815e-10	-0.312379
9.21886e-10	-0.312563
9.21957e-10	-0.312745
9.22028e-10	-0.312928
9.22099e-10	-0.31311
9.2217e-10	-0.313291
9.22241e-10	-0.313472
9.22311e-10	-0.313653
9.22382e-10	-0.313833
9.22453e-10	-0.314012
9.22524e-10	-0.314191
9.22595e-10	-0.31437
9.22666e-10	-0.314548
9.22737e-10	-0.314725
9.22808e-10	-0.314902
9.22879e-10	-0.315079
9.2295e-10	-0.315255
9.23021e-10	-0.31543
9.23092e-10	-0.315605
9.23163e-10	-0.31578
9.23234e-10	-0.315954
9.23304e-10	-0.316127
9.23375e-10	-0.3163
9.23446e-10	-0.316473
9.23517e-10	-0.316645
9.23588e-10	-0.316817
9.23659e-10	-0.316988
9.2373e-10	-0.317158
9.23801e-10	-0.317328
9.23872e-10	-0.317498
9.23943e-10	-0.317667
9.24014e-10	-0.317835
9.24085e-10	-0.318003
9.24156e-10	-0.31817
9.24227e-10	-0.318337
9.24297e-10	-0.318504
9.24368e-10	-0.31867
9.24439e-10	-0.318835
9.2451e-10	-0.319
9.24581e-10	-0.319165
9.24652e-10	-0.319329
9.24723e-10	-0.319492
9.24794e-10	-0.319655
9.24865e-10	-0.319817
9.24936e-10	-0.319979
9.25007e-10	-0.32014
9.25078e-10	-0.320301
9.25149e-10	-0.320461
9.2522e-10	-0.320621
9.2529e-10	-0.32078
9.25361e-10	-0.320939
9.25432e-10	-0.321097
9.25503e-10	-0.321255
9.25574e-10	-0.321412
9.25645e-10	-0.321569
9.25716e-10	-0.321725
9.25787e-10	-0.321881
9.25858e-10	-0.322036
9.25929e-10	-0.32219
9.26e-10	-0.322344
9.26071e-10	-0.322498
9.26142e-10	-0.322651
9.26213e-10	-0.322803
9.26283e-10	-0.322955
9.26354e-10	-0.323107
9.26425e-10	-0.323257
9.26496e-10	-0.323408
9.26567e-10	-0.323558
9.26638e-10	-0.323707
9.26709e-10	-0.323856
9.2678e-10	-0.324004
9.26851e-10	-0.324152
9.26922e-10	-0.324299
9.26993e-10	-0.324445
9.27064e-10	-0.324591
9.27135e-10	-0.324737
9.27206e-10	-0.324882
9.27276e-10	-0.325026
9.27347e-10	-0.32517
9.27418e-10	-0.325314
9.27489e-10	-0.325457
9.2756e-10	-0.325599
9.27631e-10	-0.325741
9.27702e-10	-0.325882
9.27773e-10	-0.326023
9.27844e-10	-0.326163
9.27915e-10	-0.326303
9.27986e-10	-0.326442
9.28057e-10	-0.32658
9.28128e-10	-0.326718
9.28199e-10	-0.326856
9.28269e-10	-0.326993
9.2834e-10	-0.327129
9.28411e-10	-0.327265
9.28482e-10	-0.3274
9.28553e-10	-0.327535
9.28624e-10	-0.327669
9.28695e-10	-0.327803
9.28766e-10	-0.327936
9.28837e-10	-0.328068
9.28908e-10	-0.3282
9.28979e-10	-0.328332
9.2905e-10	-0.328462
9.29121e-10	-0.328593
9.29191e-10	-0.328723
9.29262e-10	-0.328852
9.29333e-10	-0.32898
9.29404e-10	-0.329109
9.29475e-10	-0.329236
9.29546e-10	-0.329363
9.29617e-10	-0.329489
9.29688e-10	-0.329615
9.29759e-10	-0.329741
9.2983e-10	-0.329865
9.29901e-10	-0.32999
9.29972e-10	-0.330113
9.30043e-10	-0.330236
9.30114e-10	-0.330359
9.30184e-10	-0.330481
9.30255e-10	-0.330602
9.30326e-10	-0.330723
9.30397e-10	-0.330844
9.30468e-10	-0.330963
9.30539e-10	-0.331082
9.3061e-10	-0.331201
9.30681e-10	-0.331319
9.30752e-10	-0.331436
9.30823e-10	-0.331553
9.30894e-10	-0.33167
9.30965e-10	-0.331785
9.31036e-10	-0.331901
9.31107e-10	-0.332015
9.31177e-10	-0.332129
9.31248e-10	-0.332243
9.31319e-10	-0.332356
9.3139e-10	-0.332468
9.31461e-10	-0.33258
9.31532e-10	-0.332691
9.31603e-10	-0.332802
9.31674e-10	-0.332912
9.31745e-10	-0.333021
9.31816e-10	-0.33313
9.31887e-10	-0.333239
9.31958e-10	-0.333346
9.32029e-10	-0.333453
9.321e-10	-0.33356
9.3217e-10	-0.333666
9.32241e-10	-0.333772
9.32312e-10	-0.333876
9.32383e-10	-0.333981
9.32454e-10	-0.334084
9.32525e-10	-0.334188
9.32596e-10	-0.33429
9.32667e-10	-0.334392
9.32738e-10	-0.334493
9.32809e-10	-0.334594
9.3288e-10	-0.334695
9.32951e-10	-0.334794
9.33022e-10	-0.334893
9.33093e-10	-0.334992
9.33163e-10	-0.33509
9.33234e-10	-0.335187
9.33305e-10	-0.335284
9.33376e-10	-0.33538
9.33447e-10	-0.335475
9.33518e-10	-0.33557
9.33589e-10	-0.335665
9.3366e-10	-0.335758
9.33731e-10	-0.335852
9.33802e-10	-0.335944
9.33873e-10	-0.336036
9.33944e-10	-0.336128
9.34015e-10	-0.336219
9.34086e-10	-0.336309
9.34156e-10	-0.336398
9.34227e-10	-0.336487
9.34298e-10	-0.336576
9.34369e-10	-0.336664
9.3444e-10	-0.336751
9.34511e-10	-0.336838
9.34582e-10	-0.336924
9.34653e-10	-0.337009
9.34724e-10	-0.337094
9.34795e-10	-0.337178
9.34866e-10	-0.337262
9.34937e-10	-0.337345
9.35008e-10	-0.337428
9.35079e-10	-0.33751
9.35149e-10	-0.337591
9.3522e-10	-0.337672
9.35291e-10	-0.337752
9.35362e-10	-0.337831
9.35433e-10	-0.33791
9.35504e-10	-0.337988
9.35575e-10	-0.338066
9.35646e-10	-0.338143
9.35717e-10	-0.33822
9.35788e-10	-0.338295
9.35859e-10	-0.338371
9.3593e-10	-0.338445
9.36001e-10	-0.338519
9.36072e-10	-0.338593
9.36142e-10	-0.338666
9.36213e-10	-0.338738
9.36284e-10	-0.33881
9.36355e-10	-0.338881
9.36426e-10	-0.338951
9.36497e-10	-0.339021
9.36568e-10	-0.33909
9.36639e-10	-0.339159
9.3671e-10	-0.339227
9.36781e-10	-0.339294
9.36852e-10	-0.339361
9.36923e-10	-0.339427
9.36994e-10	-0.339492
9.37064e-10	-0.339557
9.37135e-10	-0.339621
9.37206e-10	-0.339685
9.37277e-10	-0.339748
9.37348e-10	-0.339811
9.37419e-10	-0.339872
9.3749e-10	-0.339934
9.37561e-10	-0.339994
9.37632e-10	-0.340054
9.37703e-10	-0.340114
9.37774e-10	-0.340172
9.37845e-10	-0.34023
9.37916e-10	-0.340288
9.37987e-10	-0.340345
9.38057e-10	-0.340401
9.38128e-10	-0.340457
9.38199e-10	-0.340512
9.3827e-10	-0.340566
9.38341e-10	-0.34062
9.38412e-10	-0.340673
9.38483e-10	-0.340726
9.38554e-10	-0.340777
9.38625e-10	-0.340829
9.38696e-10	-0.340879
9.38767e-10	-0.340929
9.38838e-10	-0.340979
9.38909e-10	-0.341027
9.3898e-10	-0.341076
9.3905e-10	-0.341123
9.39121e-10	-0.34117
9.39192e-10	-0.341216
9.39263e-10	-0.341262
9.39334e-10	-0.341307
9.39405e-10	-0.341351
9.39476e-10	-0.341395
9.39547e-10	-0.341438
9.39618e-10	-0.341481
9.39689e-10	-0.341522
9.3976e-10	-0.341564
9.39831e-10	-0.341604
9.39902e-10	-0.341644
9.39973e-10	-0.341683
9.40043e-10	-0.341722
9.40114e-10	-0.34176
9.40185e-10	-0.341798
9.40256e-10	-0.341834
9.40327e-10	-0.341871
9.40398e-10	-0.341906
9.40469e-10	-0.341941
9.4054e-10	-0.341975
9.40611e-10	-0.342009
9.40682e-10	-0.342042
9.40753e-10	-0.342074
9.40824e-10	-0.342106
9.40895e-10	-0.342137
9.40966e-10	-0.342167
9.41036e-10	-0.342197
9.41107e-10	-0.342226
9.41178e-10	-0.342254
9.41249e-10	-0.342282
9.4132e-10	-0.342309
9.41391e-10	-0.342336
9.41462e-10	-0.342362
9.41533e-10	-0.342387
9.41604e-10	-0.342412
9.41675e-10	-0.342436
9.41746e-10	-0.342459
9.41817e-10	-0.342482
9.41888e-10	-0.342504
9.41959e-10	-0.342525
9.42029e-10	-0.342546
9.421e-10	-0.342566
9.42171e-10	-0.342585
9.42242e-10	-0.342604
9.42313e-10	-0.342622
9.42384e-10	-0.34264
9.42455e-10	-0.342657
9.42526e-10	-0.342673
9.42597e-10	-0.342689
9.42668e-10	-0.342703
9.42739e-10	-0.342718
9.4281e-10	-0.342731
9.42881e-10	-0.342744
9.42952e-10	-0.342757
9.43022e-10	-0.342768
9.43093e-10	-0.342779
9.43164e-10	-0.34279
9.43235e-10	-0.342799
9.43306e-10	-0.342808
9.43377e-10	-0.342817
9.43448e-10	-0.342824
9.43519e-10	-0.342831
9.4359e-10	-0.342838
9.43661e-10	-0.342844
9.43732e-10	-0.342849
9.43803e-10	-0.342853
9.43874e-10	-0.342857
9.43945e-10	-0.34286
9.44015e-10	-0.342863
9.44086e-10	-0.342864
9.44157e-10	-0.342866
9.44228e-10	-0.342866
9.44299e-10	-0.342866
9.4437e-10	-0.342865
9.44441e-10	-0.342864
9.44512e-10	-0.342861
9.44583e-10	-0.342859
9.44654e-10	-0.342855
9.44725e-10	-0.342851
9.44796e-10	-0.342846
9.44867e-10	-0.342841
9.44937e-10	-0.342835
9.45008e-10	-0.342828
9.45079e-10	-0.34282
9.4515e-10	-0.342812
9.45221e-10	-0.342804
9.45292e-10	-0.342794
9.45363e-10	-0.342784
9.45434e-10	-0.342773
9.45505e-10	-0.342762
9.45576e-10	-0.34275
9.45647e-10	-0.342737
9.45718e-10	-0.342724
9.45789e-10	-0.342709
9.4586e-10	-0.342695
9.4593e-10	-0.342679
9.46001e-10	-0.342663
9.46072e-10	-0.342646
9.46143e-10	-0.342629
9.46214e-10	-0.342611
9.46285e-10	-0.342592
9.46356e-10	-0.342573
9.46427e-10	-0.342552
9.46498e-10	-0.342532
9.46569e-10	-0.34251
9.4664e-10	-0.342488
9.46711e-10	-0.342465
9.46782e-10	-0.342442
9.46853e-10	-0.342418
9.46923e-10	-0.342393
9.46994e-10	-0.342367
9.47065e-10	-0.342341
9.47136e-10	-0.342314
9.47207e-10	-0.342287
9.47278e-10	-0.342259
9.47349e-10	-0.34223
9.4742e-10	-0.3422
9.47491e-10	-0.34217
9.47562e-10	-0.342139
9.47633e-10	-0.342107
9.47704e-10	-0.342075
9.47775e-10	-0.342042
9.47846e-10	-0.342009
9.47916e-10	-0.341974
9.47987e-10	-0.341939
9.48058e-10	-0.341904
9.48129e-10	-0.341867
9.482e-10	-0.34183
9.48271e-10	-0.341793
9.48342e-10	-0.341754
9.48413e-10	-0.341715
9.48484e-10	-0.341676
9.48555e-10	-0.341635
9.48626e-10	-0.341594
9.48697e-10	-0.341552
9.48768e-10	-0.34151
9.48839e-10	-0.341467
9.48909e-10	-0.341423
9.4898e-10	-0.341378
9.49051e-10	-0.341333
9.49122e-10	-0.341287
9.49193e-10	-0.341241
9.49264e-10	-0.341194
9.49335e-10	-0.341146
9.49406e-10	-0.341097
9.49477e-10	-0.341048
9.49548e-10	-0.340998
9.49619e-10	-0.340947
9.4969e-10	-0.340896
9.49761e-10	-0.340844
9.49832e-10	-0.340791
9.49902e-10	-0.340738
9.49973e-10	-0.340683
9.50044e-10	-0.340629
9.50115e-10	-0.340573
9.50186e-10	-0.340517
9.50257e-10	-0.34046
9.50328e-10	-0.340403
9.50399e-10	-0.340344
9.5047e-10	-0.340286
9.50541e-10	-0.340226
9.50612e-10	-0.340166
9.50683e-10	-0.340105
9.50754e-10	-0.340043
9.50825e-10	-0.339981
9.50895e-10	-0.339918
9.50966e-10	-0.339854
9.51037e-10	-0.339789
9.51108e-10	-0.339724
9.51179e-10	-0.339659
9.5125e-10	-0.339592
9.51321e-10	-0.339525
9.51392e-10	-0.339457
9.51463e-10	-0.339388
9.51534e-10	-0.339319
9.51605e-10	-0.339249
9.51676e-10	-0.339178
9.51747e-10	-0.339107
9.51818e-10	-0.339035
9.51888e-10	-0.338962
9.51959e-10	-0.338889
9.5203e-10	-0.338815
9.52101e-10	-0.33874
9.52172e-10	-0.338664
9.52243e-10	-0.338588
9.52314e-10	-0.338511
9.52385e-10	-0.338434
9.52456e-10	-0.338355
9.52527e-10	-0.338276
9.52598e-10	-0.338197
9.52669e-10	-0.338116
9.5274e-10	-0.338035
9.5281e-10	-0.337953
9.52881e-10	-0.337871
9.52952e-10	-0.337788
9.53023e-10	-0.337704
9.53094e-10	-0.337619
9.53165e-10	-0.337534
9.53236e-10	-0.337448
9.53307e-10	-0.337361
9.53378e-10	-0.337274
9.53449e-10	-0.337186
9.5352e-10	-0.337097
9.53591e-10	-0.337007
9.53662e-10	-0.336917
9.53733e-10	-0.336826
9.53803e-10	-0.336735
9.53874e-10	-0.336642
9.53945e-10	-0.336549
9.54016e-10	-0.336456
9.54087e-10	-0.336361
9.54158e-10	-0.336266
9.54229e-10	-0.33617
9.543e-10	-0.336074
9.54371e-10	-0.335977
9.54442e-10	-0.335879
9.54513e-10	-0.33578
9.54584e-10	-0.335681
9.54655e-10	-0.335581
9.54726e-10	-0.33548
9.54796e-10	-0.335378
9.54867e-10	-0.335276
9.54938e-10	-0.335173
9.55009e-10	-0.33507
9.5508e-10	-0.334966
9.55151e-10	-0.334861
9.55222e-10	-0.334755
9.55293e-10	-0.334649
9.55364e-10	-0.334542
9.55435e-10	-0.334434
9.55506e-10	-0.334325
9.55577e-10	-0.334216
9.55648e-10	-0.334106
9.55719e-10	-0.333996
9.55789e-10	-0.333884
9.5586e-10	-0.333772
9.55931e-10	-0.33366
9.56002e-10	-0.333546
9.56073e-10	-0.333432
9.56144e-10	-0.333317
9.56215e-10	-0.333202
9.56286e-10	-0.333085
9.56357e-10	-0.332968
9.56428e-10	-0.332851
9.56499e-10	-0.332732
9.5657e-10	-0.332613
9.56641e-10	-0.332493
9.56712e-10	-0.332373
9.56782e-10	-0.332252
9.56853e-10	-0.33213
9.56924e-10	-0.332007
9.56995e-10	-0.331884
9.57066e-10	-0.33176
9.57137e-10	-0.331635
9.57208e-10	-0.331509
9.57279e-10	-0.331383
9.5735e-10	-0.331256
9.57421e-10	-0.331128
9.57492e-10	-0.331
9.57563e-10	-0.330871
9.57634e-10	-0.330741
9.57705e-10	-0.330611
9.57775e-10	-0.33048
9.57846e-10	-0.330348
9.57917e-10	-0.330215
9.57988e-10	-0.330082
9.58059e-10	-0.329948
9.5813e-10	-0.329813
9.58201e-10	-0.329678
9.58272e-10	-0.329541
9.58343e-10	-0.329405
9.58414e-10	-0.329267
9.58485e-10	-0.329129
9.58556e-10	-0.32899
9.58627e-10	-0.32885
9.58698e-10	-0.328709
9.58768e-10	-0.328568
9.58839e-10	-0.328426
9.5891e-10	-0.328284
9.58981e-10	-0.328141
9.59052e-10	-0.327997
9.59123e-10	-0.327852
9.59194e-10	-0.327706
9.59265e-10	-0.32756
9.59336e-10	-0.327413
9.59407e-10	-0.327266
9.59478e-10	-0.327117
9.59549e-10	-0.326968
9.5962e-10	-0.326819
9.59691e-10	-0.326668
9.59761e-10	-0.326517
9.59832e-10	-0.326365
9.59903e-10	-0.326213
9.59974e-10	-0.326059
9.60045e-10	-0.325905
9.60116e-10	-0.325751
9.60187e-10	-0.325595
9.60258e-10	-0.325439
9.60329e-10	-0.325282
9.604e-10	-0.325124
9.60471e-10	-0.324966
9.60542e-10	-0.324807
9.60613e-10	-0.324647
9.60683e-10	-0.324487
9.60754e-10	-0.324326
9.60825e-10	-0.324164
9.60896e-10	-0.324001
9.60967e-10	-0.323838
9.61038e-10	-0.323674
9.61109e-10	-0.323509
9.6118e-10	-0.323343
9.61251e-10	-0.323177
9.61322e-10	-0.32301
9.61393e-10	-0.322843
9.61464e-10	-0.322674
9.61535e-10	-0.322505
9.61606e-10	-0.322335
9.61676e-10	-0.322165
9.61747e-10	-0.321994
9.61818e-10	-0.321822
9.61889e-10	-0.321649
9.6196e-10	-0.321476
9.62031e-10	-0.321302
9.62102e-10	-0.321127
9.62173e-10	-0.320951
9.62244e-10	-0.320775
9.62315e-10	-0.320598
9.62386e-10	-0.32042
9.62457e-10	-0.320242
9.62528e-10	-0.320063
9.62599e-10	-0.319883
9.62669e-10	-0.319702
9.6274e-10	-0.319521
9.62811e-10	-0.319339
9.62882e-10	-0.319156
9.62953e-10	-0.318973
9.63024e-10	-0.318789
9.63095e-10	-0.318604
9.63166e-10	-0.318418
9.63237e-10	-0.318232
9.63308e-10	-0.318045
9.63379e-10	-0.317857
9.6345e-10	-0.317669
9.63521e-10	-0.317479
9.63592e-10	-0.31729
9.63662e-10	-0.317099
9.63733e-10	-0.316907
9.63804e-10	-0.316715
9.63875e-10	-0.316523
9.63946e-10	-0.316329
9.64017e-10	-0.316135
9.64088e-10	-0.31594
9.64159e-10	-0.315744
9.6423e-10	-0.315548
9.64301e-10	-0.315351
9.64372e-10	-0.315153
9.64443e-10	-0.314954
9.64514e-10	-0.314755
9.64585e-10	-0.314555
9.64655e-10	-0.314354
9.64726e-10	-0.314153
9.64797e-10	-0.313951
9.64868e-10	-0.313748
9.64939e-10	-0.313544
9.6501e-10	-0.31334
9.65081e-10	-0.313135
9.65152e-10	-0.312929
9.65223e-10	-0.312723
9.65294e-10	-0.312516
9.65365e-10	-0.312308
9.65436e-10	-0.312099
9.65507e-10	-0.31189
9.65578e-10	-0.31168
9.65648e-10	-0.311469
9.65719e-10	-0.311258
9.6579e-10	-0.311045
9.65861e-10	-0.310832
9.65932e-10	-0.310619
9.66003e-10	-0.310404
9.66074e-10	-0.310189
9.66145e-10	-0.309973
9.66216e-10	-0.309757
9.66287e-10	-0.30954
9.66358e-10	-0.309322
9.66429e-10	-0.309103
9.665e-10	-0.308884
9.66571e-10	-0.308663
9.66641e-10	-0.308443
9.66712e-10	-0.308221
9.66783e-10	-0.307999
9.66854e-10	-0.307776
9.66925e-10	-0.307552
9.66996e-10	-0.307328
9.67067e-10	-0.307102
9.67138e-10	-0.306877
9.67209e-10	-0.30665
9.6728e-10	-0.306423
9.67351e-10	-0.306195
9.67422e-10	-0.305966
9.67493e-10	-0.305736
9.67564e-10	-0.305506
9.67634e-10	-0.305275
9.67705e-10	-0.305044
9.67776e-10	-0.304811
9.67847e-10	-0.304578
9.67918e-10	-0.304344
9.67989e-10	-0.30411
9.6806e-10	-0.303875
9.68131e-10	-0.303639
9.68202e-10	-0.303402
9.68273e-10	-0.303165
9.68344e-10	-0.302927
9.68415e-10	-0.302688
9.68486e-10	-0.302448
9.68556e-10	-0.302208
9.68627e-10	-0.301967
9.68698e-10	-0.301725
9.68769e-10	-0.301483
9.6884e-10	-0.30124
9.68911e-10	-0.300996
9.68982e-10	-0.300752
9.69053e-10	-0.300506
9.69124e-10	-0.30026
9.69195e-10	-0.300014
9.69266e-10	-0.299766
9.69337e-10	-0.299518
9.69408e-10	-0.299269
9.69479e-10	-0.29902
9.69549e-10	-0.298769
9.6962e-10	-0.298518
9.69691e-10	-0.298267
9.69762e-10	-0.298014
9.69833e-10	-0.297761
9.69904e-10	-0.297507
9.69975e-10	-0.297253
9.70046e-10	-0.296997
9.70117e-10	-0.296741
9.70188e-10	-0.296485
9.70259e-10	-0.296227
9.7033e-10	-0.295969
9.70401e-10	-0.29571
9.70472e-10	-0.295451
9.70542e-10	-0.29519
9.70613e-10	-0.294929
9.70684e-10	-0.294667
9.70755e-10	-0.294405
9.70826e-10	-0.294142
9.70897e-10	-0.293878
9.70968e-10	-0.293613
9.71039e-10	-0.293348
9.7111e-10	-0.293082
9.71181e-10	-0.292815
9.71252e-10	-0.292548
9.71323e-10	-0.29228
9.71394e-10	-0.292011
9.71465e-10	-0.291741
9.71535e-10	-0.291471
9.71606e-10	-0.2912
9.71677e-10	-0.290928
9.71748e-10	-0.290656
9.71819e-10	-0.290383
9.7189e-10	-0.290109
9.71961e-10	-0.289834
9.72032e-10	-0.289559
9.72103e-10	-0.289283
9.72174e-10	-0.289006
9.72245e-10	-0.288729
9.72316e-10	-0.288451
9.72387e-10	-0.288172
9.72458e-10	-0.287892
9.72528e-10	-0.287612
9.72599e-10	-0.287331
9.7267e-10	-0.287049
9.72741e-10	-0.286767
9.72812e-10	-0.286484
9.72883e-10	-0.2862
9.72954e-10	-0.285915
9.73025e-10	-0.28563
9.73096e-10	-0.285344
9.73167e-10	-0.285058
9.73238e-10	-0.28477
9.73309e-10	-0.284482
9.7338e-10	-0.284193
9.73451e-10	-0.283904
9.73521e-10	-0.283614
9.73592e-10	-0.283323
9.73663e-10	-0.283031
9.73734e-10	-0.282739
9.73805e-10	-0.282446
9.73876e-10	-0.282152
9.73947e-10	-0.281858
9.74018e-10	-0.281562
9.74089e-10	-0.281267
9.7416e-10	-0.28097
9.74231e-10	-0.280673
9.74302e-10	-0.280375
9.74373e-10	-0.280076
9.74444e-10	-0.279777
9.74514e-10	-0.279476
9.74585e-10	-0.279176
9.74656e-10	-0.278874
9.74727e-10	-0.278572
9.74798e-10	-0.278269
9.74869e-10	-0.277965
9.7494e-10	-0.277661
9.75011e-10	-0.277356
9.75082e-10	-0.27705
9.75153e-10	-0.276744
9.75224e-10	-0.276437
9.75295e-10	-0.276129
9.75366e-10	-0.27582
9.75437e-10	-0.275511
9.75507e-10	-0.275201
9.75578e-10	-0.27489
9.75649e-10	-0.274579
9.7572e-10	-0.274267
9.75791e-10	-0.273954
9.75862e-10	-0.273641
9.75933e-10	-0.273326
9.76004e-10	-0.273011
9.76075e-10	-0.272696
9.76146e-10	-0.27238
9.76217e-10	-0.272063
9.76288e-10	-0.271745
9.76359e-10	-0.271426
9.7643e-10	-0.271107
9.765e-10	-0.270788
9.76571e-10	-0.270467
9.76642e-10	-0.270146
9.76713e-10	-0.269824
9.76784e-10	-0.269501
9.76855e-10	-0.269178
9.76926e-10	-0.268854
9.76997e-10	-0.26853
9.77068e-10	-0.268204
9.77139e-10	-0.267878
9.7721e-10	-0.267551
9.77281e-10	-0.267224
9.77352e-10	-0.266896
9.77422e-10	-0.266567
9.77493e-10	-0.266237
9.77564e-10	-0.265907
9.77635e-10	-0.265576
9.77706e-10	-0.265244
9.77777e-10	-0.264912
9.77848e-10	-0.264579
9.77919e-10	-0.264245
9.7799e-10	-0.263911
9.78061e-10	-0.263576
9.78132e-10	-0.26324
9.78203e-10	-0.262904
9.78274e-10	-0.262566
9.78345e-10	-0.262228
9.78415e-10	-0.26189
9.78486e-10	-0.261551
9.78557e-10	-0.261211
9.78628e-10	-0.26087
9.78699e-10	-0.260529
9.7877e-10	-0.260187
9.78841e-10	-0.259844
9.78912e-10	-0.2595
9.78983e-10	-0.259156
9.79054e-10	-0.258812
9.79125e-10	-0.258466
9.79196e-10	-0.25812
9.79267e-10	-0.257773
9.79338e-10	-0.257425
9.79408e-10	-0.257077
9.79479e-10	-0.256728
9.7955e-10	-0.256379
9.79621e-10	-0.256028
9.79692e-10	-0.255677
9.79763e-10	-0.255326
9.79834e-10	-0.254973
9.79905e-10	-0.25462
9.79976e-10	-0.254267
9.80047e-10	-0.253912
9.80118e-10	-0.253557
9.80189e-10	-0.253201
9.8026e-10	-0.252845
9.80331e-10	-0.252488
9.80401e-10	-0.25213
9.80472e-10	-0.251771
9.80543e-10	-0.251412
9.80614e-10	-0.251052
9.80685e-10	-0.250692
9.80756e-10	-0.25033
9.80827e-10	-0.249968
9.80898e-10	-0.249606
9.80969e-10	-0.249242
9.8104e-10	-0.248879
9.81111e-10	-0.248514
9.81182e-10	-0.248149
9.81253e-10	-0.247782
9.81324e-10	-0.247416
9.81394e-10	-0.247048
9.81465e-10	-0.24668
9.81536e-10	-0.246312
9.81607e-10	-0.245942
9.81678e-10	-0.245572
9.81749e-10	-0.245201
9.8182e-10	-0.24483
9.81891e-10	-0.244458
9.81962e-10	-0.244085
9.82033e-10	-0.243712
9.82104e-10	-0.243337
9.82175e-10	-0.242963
9.82246e-10	-0.242587
9.82317e-10	-0.242211
9.82387e-10	-0.241834
9.82458e-10	-0.241457
9.82529e-10	-0.241078
9.826e-10	-0.2407
9.82671e-10	-0.24032
9.82742e-10	-0.23994
9.82813e-10	-0.239559
9.82884e-10	-0.239177
9.82955e-10	-0.238795
9.83026e-10	-0.238412
9.83097e-10	-0.238029
9.83168e-10	-0.237645
9.83239e-10	-0.23726
9.8331e-10	-0.236874
9.8338e-10	-0.236488
9.83451e-10	-0.236101
9.83522e-10	-0.235713
9.83593e-10	-0.235325
9.83664e-10	-0.234936
9.83735e-10	-0.234547
9.83806e-10	-0.234157
9.83877e-10	-0.233766
9.83948e-10	-0.233374
9.84019e-10	-0.232982
9.8409e-10	-0.232589
9.84161e-10	-0.232195
9.84232e-10	-0.231801
9.84303e-10	-0.231406
9.84373e-10	-0.231011
9.84444e-10	-0.230615
9.84515e-10	-0.230218
9.84586e-10	-0.22982
9.84657e-10	-0.229422
9.84728e-10	-0.229023
9.84799e-10	-0.228624
9.8487e-10	-0.228224
9.84941e-10	-0.227823
9.85012e-10	-0.227421
9.85083e-10	-0.227019
9.85154e-10	-0.226616
9.85225e-10	-0.226213
9.85295e-10	-0.225809
9.85366e-10	-0.225404
9.85437e-10	-0.224999
9.85508e-10	-0.224593
9.85579e-10	-0.224186
9.8565e-10	-0.223778
9.85721e-10	-0.22337
9.85792e-10	-0.222962
9.85863e-10	-0.222552
9.85934e-10	-0.222142
9.86005e-10	-0.221732
9.86076e-10	-0.22132
9.86147e-10	-0.220909
9.86218e-10	-0.220496
9.86288e-10	-0.220083
9.86359e-10	-0.219669
9.8643e-10	-0.219254
9.86501e-10	-0.218839
9.86572e-10	-0.218423
9.86643e-10	-0.218007
9.86714e-10	-0.21759
9.86785e-10	-0.217172
9.86856e-10	-0.216753
9.86927e-10	-0.216334
9.86998e-10	-0.215915
9.87069e-10	-0.215494
9.8714e-10	-0.215073
9.87211e-10	-0.214652
9.87281e-10	-0.214229
9.87352e-10	-0.213806
9.87423e-10	-0.213383
9.87494e-10	-0.212958
9.87565e-10	-0.212534
9.87636e-10	-0.212108
9.87707e-10	-0.211682
9.87778e-10	-0.211255
9.87849e-10	-0.210828
9.8792e-10	-0.2104
9.87991e-10	-0.209971
9.88062e-10	-0.209542
9.88133e-10	-0.209112
9.88204e-10	-0.208681
9.88274e-10	-0.20825
9.88345e-10	-0.207818
9.88416e-10	-0.207385
9.88487e-10	-0.206952
9.88558e-10	-0.206518
9.88629e-10	-0.206084
9.887e-10	-0.205649
9.88771e-10	-0.205213
9.88842e-10	-0.204777
9.88913e-10	-0.20434
9.88984e-10	-0.203902
9.89055e-10	-0.203464
9.89126e-10	-0.203025
9.89197e-10	-0.202586
9.89267e-10	-0.202146
9.89338e-10	-0.201705
9.89409e-10	-0.201264
9.8948e-10	-0.200822
9.89551e-10	-0.200379
9.89622e-10	-0.199936
9.89693e-10	-0.199492
9.89764e-10	-0.199047
9.89835e-10	-0.198602
9.89906e-10	-0.198156
9.89977e-10	-0.19771
9.90048e-10	-0.197263
9.90119e-10	-0.196815
9.9019e-10	-0.196367
9.9026e-10	-0.195918
9.90331e-10	-0.195469
9.90402e-10	-0.195019
9.90473e-10	-0.194568
9.90544e-10	-0.194117
9.90615e-10	-0.193665
9.90686e-10	-0.193212
9.90757e-10	-0.192759
9.90828e-10	-0.192305
9.90899e-10	-0.191851
9.9097e-10	-0.191396
9.91041e-10	-0.19094
9.91112e-10	-0.190484
9.91183e-10	-0.190027
9.91253e-10	-0.189569
9.91324e-10	-0.189111
9.91395e-10	-0.188653
9.91466e-10	-0.188193
9.91537e-10	-0.187733
9.91608e-10	-0.187273
9.91679e-10	-0.186812
9.9175e-10	-0.18635
9.91821e-10	-0.185887
9.91892e-10	-0.185424
9.91963e-10	-0.184961
9.92034e-10	-0.184497
9.92105e-10	-0.184032
9.92176e-10	-0.183566
9.92246e-10	-0.1831
9.92317e-10	-0.182634
9.92388e-10	-0.182166
9.92459e-10	-0.181699
9.9253e-10	-0.18123
9.92601e-10	-0.180761
9.92672e-10	-0.180292
9.92743e-10	-0.179821
9.92814e-10	-0.17935
9.92885e-10	-0.178879
9.92956e-10	-0.178407
9.93027e-10	-0.177934
9.93098e-10	-0.177461
9.93168e-10	-0.176987
9.93239e-10	-0.176513
9.9331e-10	-0.176038
9.93381e-10	-0.175562
9.93452e-10	-0.175086
9.93523e-10	-0.174609
9.93594e-10	-0.174132
9.93665e-10	-0.173654
9.93736e-10	-0.173175
9.93807e-10	-0.172696
9.93878e-10	-0.172216
9.93949e-10	-0.171736
9.9402e-10	-0.171255
9.94091e-10	-0.170773
9.94161e-10	-0.170291
9.94232e-10	-0.169808
9.94303e-10	-0.169325
9.94374e-10	-0.168841
9.94445e-10	-0.168357
9.94516e-10	-0.167872
9.94587e-10	-0.167386
9.94658e-10	-0.1669
9.94729e-10	-0.166413
9.948e-10	-0.165926
9.94871e-10	-0.165438
9.94942e-10	-0.164949
9.95013e-10	-0.16446
9.95084e-10	-0.16397
9.95154e-10	-0.16348
9.95225e-10	-0.162989
9.95296e-10	-0.162498
9.95367e-10	-0.162006
9.95438e-10	-0.161513
9.95509e-10	-0.16102
9.9558e-10	-0.160526
9.95651e-10	-0.160032
9.95722e-10	-0.159537
9.95793e-10	-0.159041
9.95864e-10	-0.158545
9.95935e-10	-0.158049
9.96006e-10	-0.157551
9.96077e-10	-0.157054
9.96147e-10	-0.156555
9.96218e-10	-0.156056
9.96289e-10	-0.155557
9.9636e-10	-0.155057
9.96431e-10	-0.154556
9.96502e-10	-0.154055
9.96573e-10	-0.153553
9.96644e-10	-0.153051
9.96715e-10	-0.152548
9.96786e-10	-0.152045
9.96857e-10	-0.151541
9.96928e-10	-0.151036
9.96999e-10	-0.150531
9.9707e-10	-0.150025
9.9714e-10	-0.149519
9.97211e-10	-0.149012
9.97282e-10	-0.148505
9.97353e-10	-0.147997
9.97424e-10	-0.147489
9.97495e-10	-0.14698
9.97566e-10	-0.14647
9.97637e-10	-0.14596
9.97708e-10	-0.145449
9.97779e-10	-0.144938
9.9785e-10	-0.144426
9.97921e-10	-0.143914
9.97992e-10	-0.143401
9.98063e-10	-0.142887
9.98133e-10	-0.142373
9.98204e-10	-0.141859
9.98275e-10	-0.141344
9.98346e-10	-0.140828
9.98417e-10	-0.140312
9.98488e-10	-0.139795
9.98559e-10	-0.139278
9.9863e-10	-0.13876
9.98701e-10	-0.138242
9.98772e-10	-0.137723
9.98843e-10	-0.137203
9.98914e-10	-0.136683
9.98985e-10	-0.136163
9.99056e-10	-0.135642
9.99126e-10	-0.13512
9.99197e-10	-0.134598
9.99268e-10	-0.134075
9.99339e-10	-0.133552
9.9941e-10	-0.133028
9.99481e-10	-0.132504
9.99552e-10	-0.131979
9.99623e-10	-0.131454
9.99694e-10	-0.130928
9.99765e-10	-0.130401
9.99836e-10	-0.129874
9.99907e-10	-0.129347
9.99978e-10	-0.128819
1.00005e-09	-0.12829
1.00012e-09	-0.127761
1.00019e-09	-0.127231
1.00026e-09	-0.126701
1.00033e-09	-0.126171
1.0004e-09	-0.125639
1.00047e-09	-0.125108
1.00055e-09	-0.124575
1.00062e-09	-0.124043
1.00069e-09	-0.123509
1.00076e-09	-0.122976
1.00083e-09	-0.122441
1.0009e-09	-0.121906
1.00097e-09	-0.121371
1.00104e-09	-0.120835
1.00111e-09	-0.120299
1.00118e-09	-0.119762
1.00125e-09	-0.119224
1.00133e-09	-0.118686
1.0014e-09	-0.118148
1.00147e-09	-0.117609
1.00154e-09	-0.117069
1.00161e-09	-0.116529
1.00168e-09	-0.115989
1.00175e-09	-0.115448
1.00182e-09	-0.114906
1.00189e-09	-0.114364
1.00196e-09	-0.113822
1.00203e-09	-0.113278
1.00211e-09	-0.112735
1.00218e-09	-0.112191
1.00225e-09	-0.111646
1.00232e-09	-0.111101
1.00239e-09	-0.110556
1.00246e-09	-0.110009
1.00253e-09	-0.109463
1.0026e-09	-0.108916
1.00267e-09	-0.108368
1.00274e-09	-0.10782
1.00281e-09	-0.107271
1.00289e-09	-0.106722
1.00296e-09	-0.106173
1.00303e-09	-0.105623
1.0031e-09	-0.105072
1.00317e-09	-0.104521
1.00324e-09	-0.103969
1.00331e-09	-0.103417
1.00338e-09	-0.102865
1.00345e-09	-0.102312
1.00352e-09	-0.101758
1.00359e-09	-0.101204
1.00367e-09	-0.10065
1.00374e-09	-0.100095
1.00381e-09	-0.0995391
1.00388e-09	-0.0989831
1.00395e-09	-0.0984266
1.00402e-09	-0.0978697
1.00409e-09	-0.0973122
1.00416e-09	-0.0967543
1.00423e-09	-0.0961959
1.0043e-09	-0.0956371
1.00438e-09	-0.0950777
1.00445e-09	-0.0945179
1.00452e-09	-0.0939576
1.00459e-09	-0.0933968
1.00466e-09	-0.0928355
1.00473e-09	-0.0922737
1.0048e-09	-0.0917115
1.00487e-09	-0.0911488
1.00494e-09	-0.0905857
1.00501e-09	-0.090022
1.00508e-09	-0.0894579
1.00516e-09	-0.0888934
1.00523e-09	-0.0883283
1.0053e-09	-0.0877628
1.00537e-09	-0.0871968
1.00544e-09	-0.0866304
1.00551e-09	-0.0860634
1.00558e-09	-0.0854961
1.00565e-09	-0.0849282
1.00572e-09	-0.0843599
1.00579e-09	-0.0837911
1.00586e-09	-0.0832219
1.00594e-09	-0.0826522
1.00601e-09	-0.0820821
1.00608e-09	-0.0815115
1.00615e-09	-0.0809404
1.00622e-09	-0.0803689
1.00629e-09	-0.0797969
1.00636e-09	-0.0792244
1.00643e-09	-0.0786515
1.0065e-09	-0.0780782
1.00657e-09	-0.0775044
1.00664e-09	-0.0769302
1.00672e-09	-0.0763555
1.00679e-09	-0.0757803
1.00686e-09	-0.0752047
1.00693e-09	-0.0746287
1.007e-09	-0.0740522
1.00707e-09	-0.0734752
1.00714e-09	-0.0728979
1.00721e-09	-0.07232
1.00728e-09	-0.0717418
1.00735e-09	-0.071163
1.00743e-09	-0.0705839
1.0075e-09	-0.0700043
1.00757e-09	-0.0694242
1.00764e-09	-0.0688438
1.00771e-09	-0.0682629
1.00778e-09	-0.0676815
1.00785e-09	-0.0670997
1.00792e-09	-0.0665175
1.00799e-09	-0.0659348
1.00806e-09	-0.0653518
1.00813e-09	-0.0647682
1.00821e-09	-0.0641843
1.00828e-09	-0.0635999
1.00835e-09	-0.0630151
1.00842e-09	-0.0624298
1.00849e-09	-0.0618442
1.00856e-09	-0.0612581
1.00863e-09	-0.0606716
1.0087e-09	-0.0600846
1.00877e-09	-0.0594972
1.00884e-09	-0.0589095
1.00891e-09	-0.0583212
1.00899e-09	-0.0577326
1.00906e-09	-0.0571436
1.00913e-09	-0.0565541
1.0092e-09	-0.0559642
1.00927e-09	-0.0553739
1.00934e-09	-0.0547831
1.00941e-09	-0.054192
1.00948e-09	-0.0536004
1.00955e-09	-0.0530085
1.00962e-09	-0.0524161
1.00969e-09	-0.0518233
1.00977e-09	-0.0512301
1.00984e-09	-0.0506365
1.00991e-09	-0.0500425
1.00998e-09	-0.049448
1.01005e-09	-0.0488532
1.01012e-09	-0.048258
1.01019e-09	-0.0476623
1.01026e-09	-0.0470663
1.01033e-09	-0.0464698
1.0104e-09	-0.045873
1.01047e-09	-0.0452757
1.01055e-09	-0.0446781
1.01062e-09	-0.04408
1.01069e-09	-0.0434816
1.01076e-09	-0.0428827
1.01083e-09	-0.0422835
1.0109e-09	-0.0416838
1.01097e-09	-0.0410838
1.01104e-09	-0.0404834
1.01111e-09	-0.0398826
1.01118e-09	-0.0392813
1.01126e-09	-0.0386798
1.01133e-09	-0.0380778
1.0114e-09	-0.0374754
1.01147e-09	-0.0368726
1.01154e-09	-0.0362695
1.01161e-09	-0.035666
1.01168e-09	-0.035062
1.01175e-09	-0.0344577
1.01182e-09	-0.0338531
1.01189e-09	-0.033248
1.01196e-09	-0.0326426
1.01204e-09	-0.0320367
1.01211e-09	-0.0314305
1.01218e-09	-0.030824
1.01225e-09	-0.030217
1.01232e-09	-0.0296097
1.01239e-09	-0.029002
1.01246e-09	-0.0283939
1.01253e-09	-0.0277855
1.0126e-09	-0.0271767
1.01267e-09	-0.0265675
1.01274e-09	-0.0259579
1.01282e-09	-0.025348
1.01289e-09	-0.0247377
1.01296e-09	-0.024127
1.01303e-09	-0.023516
1.0131e-09	-0.0229046
1.01317e-09	-0.0222929
1.01324e-09	-0.0216808
1.01331e-09	-0.0210683
1.01338e-09	-0.0204555
1.01345e-09	-0.0198423
1.01352e-09	-0.0192288
1.0136e-09	-0.0186149
1.01367e-09	-0.0180006
1.01374e-09	-0.017386
1.01381e-09	-0.0167711
1.01388e-09	-0.0161557
1.01395e-09	-0.0155401
1.01402e-09	-0.0149241
1.01409e-09	-0.0143077
1.01416e-09	-0.013691
1.01423e-09	-0.0130739
1.01431e-09	-0.0124565
1.01438e-09	-0.0118388
1.01445e-09	-0.0112207
1.01452e-09	-0.0106022
1.01459e-09	-0.00998344
1.01466e-09	-0.00936432
1.01473e-09	-0.00874486
1.0148e-09	-0.00812506
1.01487e-09	-0.00750493
1.01494e-09	-0.00688445
1.01501e-09	-0.00626364
1.01509e-09	-0.0056425
1.01516e-09	-0.00502102
1.01523e-09	-0.00439921
1.0153e-09	-0.00377707
1.01537e-09	-0.0031546
1.01544e-09	-0.0025318
1.01551e-09	-0.00190868
1.01558e-09	-0.00128522
1.01565e-09	-0.00066144
1.01572e-09	-3.73341e-05
1.01579e-09	0.000587095
1.01587e-09	0.00121185
1.01594e-09	0.00183692
1.01601e-09	0.00246232
1.01608e-09	0.00308803
1.01615e-09	0.00371406
1.01622e-09	0.00434041
1.01629e-09	0.00496708
1.01636e-09	0.00559406
1.01643e-09	0.00622135
1.0165e-09	0.00684896
1.01657e-09	0.00747688
1.01665e-09	0.00810511
1.01672e-09	0.00873365
1.01679e-09	0.0093625
1.01686e-09	0.00999166
1.01693e-09	0.0106211
1.017e-09	0.0112509
1.01707e-09	0.011881
1.01714e-09	0.0125113
1.01721e-09	0.013142
1.01728e-09	0.013773
1.01735e-09	0.0144043
1.01743e-09	0.0150359
1.0175e-09	0.0156677
1.01757e-09	0.0162999
1.01764e-09	0.0169324
1.01771e-09	0.0175651
1.01778e-09	0.0181982
1.01785e-09	0.0188315
1.01792e-09	0.0194652
1.01799e-09	0.0200991
1.01806e-09	0.0207333
1.01814e-09	0.0213678
1.01821e-09	0.0220026
1.01828e-09	0.0226377
1.01835e-09	0.0232731
1.01842e-09	0.0239087
1.01849e-09	0.0245446
1.01856e-09	0.0251808
1.01863e-09	0.0258173
1.0187e-09	0.0264541
1.01877e-09	0.0270911
1.01884e-09	0.0277285
1.01892e-09	0.028366
1.01899e-09	0.0290039
1.01906e-09	0.0296421
1.01913e-09	0.0302805
1.0192e-09	0.0309192
1.01927e-09	0.0315581
1.01934e-09	0.0321973
1.01941e-09	0.0328368
1.01948e-09	0.0334766
1.01955e-09	0.0341166
1.01962e-09	0.0347569
1.0197e-09	0.0353975
1.01977e-09	0.0360383
1.01984e-09	0.0366794
1.01991e-09	0.0373207
1.01998e-09	0.0379623
1.02005e-09	0.0386041
1.02012e-09	0.0392462
1.02019e-09	0.0398886
1.02026e-09	0.0405312
1.02033e-09	0.0411741
1.0204e-09	0.0418172
1.02048e-09	0.0424606
1.02055e-09	0.0431042
1.02062e-09	0.0437481
1.02069e-09	0.0443922
1.02076e-09	0.0450365
1.02083e-09	0.0456811
1.0209e-09	0.046326
1.02097e-09	0.0469711
1.02104e-09	0.0476164
1.02111e-09	0.048262
1.02119e-09	0.0489078
1.02126e-09	0.0495539
1.02133e-09	0.0502001
1.0214e-09	0.0508467
1.02147e-09	0.0514934
1.02154e-09	0.0521404
1.02161e-09	0.0527876
1.02168e-09	0.0534351
1.02175e-09	0.0540828
1.02182e-09	0.0547307
1.02189e-09	0.0553788
1.02197e-09	0.0560272
1.02204e-09	0.0566758
1.02211e-09	0.0573246
1.02218e-09	0.0579736
1.02225e-09	0.0586229
1.02232e-09	0.0592723
1.02239e-09	0.059922
1.02246e-09	0.0605719
1.02253e-09	0.0612221
1.0226e-09	0.0618724
1.02267e-09	0.062523
1.02275e-09	0.0631737
1.02282e-09	0.0638247
1.02289e-09	0.0644759
1.02296e-09	0.0651273
1.02303e-09	0.0657789
1.0231e-09	0.0664308
1.02317e-09	0.0670828
1.02324e-09	0.067735
1.02331e-09	0.0683875
1.02338e-09	0.0690401
1.02345e-09	0.0696929
1.02353e-09	0.070346
1.0236e-09	0.0709992
1.02367e-09	0.0716527
1.02374e-09	0.0723063
1.02381e-09	0.0729601
1.02388e-09	0.0736141
1.02395e-09	0.0742684
1.02402e-09	0.0749228
1.02409e-09	0.0755774
1.02416e-09	0.0762322
1.02423e-09	0.0768871
1.02431e-09	0.0775423
1.02438e-09	0.0781976
1.02445e-09	0.0788532
1.02452e-09	0.0795089
1.02459e-09	0.0801648
1.02466e-09	0.0808209
1.02473e-09	0.0814771
1.0248e-09	0.0821336
1.02487e-09	0.0827902
1.02494e-09	0.083447
1.02502e-09	0.0841039
1.02509e-09	0.0847611
1.02516e-09	0.0854184
1.02523e-09	0.0860759
1.0253e-09	0.0867335
1.02537e-09	0.0873913
1.02544e-09	0.0880493
1.02551e-09	0.0887075
1.02558e-09	0.0893658
1.02565e-09	0.0900243
1.02572e-09	0.0906829
1.0258e-09	0.0913417
1.02587e-09	0.0920007
1.02594e-09	0.0926598
1.02601e-09	0.0933191
1.02608e-09	0.0939786
1.02615e-09	0.0946382
1.02622e-09	0.0952979
1.02629e-09	0.0959578
1.02636e-09	0.0966179
1.02643e-09	0.0972781
1.0265e-09	0.0979384
1.02658e-09	0.0985989
1.02665e-09	0.0992596
1.02672e-09	0.0999204
1.02679e-09	0.100581
1.02686e-09	0.101242
1.02693e-09	0.101904
1.027e-09	0.102565
1.02707e-09	0.103227
1.02714e-09	0.103888
1.02721e-09	0.10455
1.02728e-09	0.105212
1.02736e-09	0.105874
1.02743e-09	0.106536
1.0275e-09	0.107198
1.02757e-09	0.107861
1.02764e-09	0.108523
1.02771e-09	0.109186
1.02778e-09	0.109849
1.02785e-09	0.110512
1.02792e-09	0.111175
1.02799e-09	0.111838
1.02807e-09	0.112502
1.02814e-09	0.113165
1.02821e-09	0.113829
1.02828e-09	0.114492
1.02835e-09	0.115156
1.02842e-09	0.11582
1.02849e-09	0.116484
1.02856e-09	0.117148
1.02863e-09	0.117812
1.0287e-09	0.118477
1.02877e-09	0.119141
1.02885e-09	0.119806
1.02892e-09	0.12047
1.02899e-09	0.121135
1.02906e-09	0.1218
1.02913e-09	0.122465
1.0292e-09	0.12313
1.02927e-09	0.123795
1.02934e-09	0.124461
1.02941e-09	0.125126
1.02948e-09	0.125792
1.02955e-09	0.126457
1.02963e-09	0.127123
1.0297e-09	0.127789
1.02977e-09	0.128455
1.02984e-09	0.129121
1.02991e-09	0.129787
1.02998e-09	0.130453
1.03005e-09	0.131119
1.03012e-09	0.131785
1.03019e-09	0.132452
1.03026e-09	0.133118
1.03033e-09	0.133785
1.03041e-09	0.134451
1.03048e-09	0.135118
1.03055e-09	0.135785
1.03062e-09	0.136452
1.03069e-09	0.137119
1.03076e-09	0.137786
1.03083e-09	0.138453
1.0309e-09	0.13912
1.03097e-09	0.139787
1.03104e-09	0.140455
1.03111e-09	0.141122
1.03119e-09	0.141789
1.03126e-09	0.142457
1.03133e-09	0.143124
1.0314e-09	0.143792
1.03147e-09	0.14446
1.03154e-09	0.145127
1.03161e-09	0.145795
1.03168e-09	0.146463
1.03175e-09	0.147131
1.03182e-09	0.147799
1.0319e-09	0.148467
1.03197e-09	0.149135
1.03204e-09	0.149803
1.03211e-09	0.150471
1.03218e-09	0.15114
1.03225e-09	0.151808
1.03232e-09	0.152476
1.03239e-09	0.153145
1.03246e-09	0.153813
1.03253e-09	0.154482
1.0326e-09	0.15515
1.03268e-09	0.155819
1.03275e-09	0.156487
1.03282e-09	0.157156
1.03289e-09	0.157824
1.03296e-09	0.158493
1.03303e-09	0.159162
1.0331e-09	0.15983
1.03317e-09	0.160499
1.03324e-09	0.161168
1.03331e-09	0.161837
1.03338e-09	0.162506
1.03346e-09	0.163174
1.03353e-09	0.163843
1.0336e-09	0.164512
1.03367e-09	0.165181
1.03374e-09	0.16585
1.03381e-09	0.166519
1.03388e-09	0.167188
1.03395e-09	0.167857
1.03402e-09	0.168526
1.03409e-09	0.169195
1.03416e-09	0.169864
1.03424e-09	0.170533
1.03431e-09	0.171202
1.03438e-09	0.171871
1.03445e-09	0.17254
1.03452e-09	0.17321
1.03459e-09	0.173879
1.03466e-09	0.174548
1.03473e-09	0.175217
1.0348e-09	0.175886
1.03487e-09	0.176555
1.03495e-09	0.177224
1.03502e-09	0.177893
1.03509e-09	0.178562
1.03516e-09	0.179231
1.03523e-09	0.1799
1.0353e-09	0.180569
1.03537e-09	0.181238
1.03544e-09	0.181907
1.03551e-09	0.182576
1.03558e-09	0.183245
1.03565e-09	0.183914
1.03573e-09	0.184583
1.0358e-09	0.185252
1.03587e-09	0.185921
1.03594e-09	0.18659
1.03601e-09	0.187259
1.03608e-09	0.187928
1.03615e-09	0.188597
1.03622e-09	0.189265
1.03629e-09	0.189934
1.03636e-09	0.190603
1.03643e-09	0.191271
1.03651e-09	0.19194
1.03658e-09	0.192609
1.03665e-09	0.193277
1.03672e-09	0.193946
1.03679e-09	0.194614
1.03686e-09	0.195283
1.03693e-09	0.195951
1.037e-09	0.19662
1.03707e-09	0.197288
1.03714e-09	0.197957
1.03721e-09	0.198625
1.03729e-09	0.199293
1.03736e-09	0.199961
1.03743e-09	0.200629
1.0375e-09	0.201297
1.03757e-09	0.201965
1.03764e-09	0.202633
1.03771e-09	0.203301
1.03778e-09	0.203969
1.03785e-09	0.204637
1.03792e-09	0.205305
1.03799e-09	0.205972
1.03807e-09	0.20664
1.03814e-09	0.207308
1.03821e-09	0.207975
1.03828e-09	0.208642
1.03835e-09	0.20931
1.03842e-09	0.209977
1.03849e-09	0.210644
1.03856e-09	0.211311
1.03863e-09	0.211979
1.0387e-09	0.212646
1.03878e-09	0.213312
1.03885e-09	0.213979
1.03892e-09	0.214646
1.03899e-09	0.215313
1.03906e-09	0.215979
1.03913e-09	0.216646
1.0392e-09	0.217312
1.03927e-09	0.217979
1.03934e-09	0.218645
1.03941e-09	0.219311
1.03948e-09	0.219977
1.03956e-09	0.220643
1.03963e-09	0.221309
1.0397e-09	0.221975
1.03977e-09	0.222641
1.03984e-09	0.223306
1.03991e-09	0.223972
1.03998e-09	0.224637
1.04005e-09	0.225303
1.04012e-09	0.225968
1.04019e-09	0.226633
1.04026e-09	0.227298
1.04034e-09	0.227963
1.04041e-09	0.228628
1.04048e-09	0.229292
1.04055e-09	0.229957
1.04062e-09	0.230622
1.04069e-09	0.231286
1.04076e-09	0.23195
1.04083e-09	0.232614
1.0409e-09	0.233278
1.04097e-09	0.233942
1.04104e-09	0.234606
1.04112e-09	0.23527
1.04119e-09	0.235933
1.04126e-09	0.236597
1.04133e-09	0.23726
1.0414e-09	0.237923
1.04147e-09	0.238586
1.04154e-09	0.239249
1.04161e-09	0.239912
1.04168e-09	0.240575
1.04175e-09	0.241237
1.04183e-09	0.2419
1.0419e-09	0.242562
1.04197e-09	0.243224
1.04204e-09	0.243886
1.04211e-09	0.244548
1.04218e-09	0.245209
1.04225e-09	0.245871
1.04232e-09	0.246532
1.04239e-09	0.247194
1.04246e-09	0.247855
1.04253e-09	0.248516
1.04261e-09	0.249177
1.04268e-09	0.249837
1.04275e-09	0.250498
1.04282e-09	0.251158
1.04289e-09	0.251818
1.04296e-09	0.252478
1.04303e-09	0.253138
1.0431e-09	0.253798
1.04317e-09	0.254458
1.04324e-09	0.255117
1.04331e-09	0.255776
1.04339e-09	0.256435
1.04346e-09	0.257094
1.04353e-09	0.257753
1.0436e-09	0.258412
1.04367e-09	0.25907
1.04374e-09	0.259728
1.04381e-09	0.260387
1.04388e-09	0.261044
1.04395e-09	0.261702
1.04402e-09	0.26236
1.04409e-09	0.263017
1.04417e-09	0.263674
1.04424e-09	0.264331
1.04431e-09	0.264988
1.04438e-09	0.265645
1.04445e-09	0.266301
1.04452e-09	0.266958
1.04459e-09	0.267614
1.04466e-09	0.26827
1.04473e-09	0.268925
1.0448e-09	0.269581
1.04487e-09	0.270236
1.04495e-09	0.270891
1.04502e-09	0.271546
1.04509e-09	0.272201
1.04516e-09	0.272855
1.04523e-09	0.27351
1.0453e-09	0.274164
1.04537e-09	0.274818
1.04544e-09	0.275472
1.04551e-09	0.276125
1.04558e-09	0.276778
1.04566e-09	0.277432
1.04573e-09	0.278084
1.0458e-09	0.278737
1.04587e-09	0.27939
1.04594e-09	0.280042
1.04601e-09	0.280694
1.04608e-09	0.281346
1.04615e-09	0.281997
1.04622e-09	0.282649
1.04629e-09	0.2833
1.04636e-09	0.283951
1.04644e-09	0.284602
1.04651e-09	0.285252
1.04658e-09	0.285902
1.04665e-09	0.286552
1.04672e-09	0.287202
1.04679e-09	0.287852
1.04686e-09	0.288501
1.04693e-09	0.28915
1.047e-09	0.289799
1.04707e-09	0.290448
1.04714e-09	0.291096
1.04722e-09	0.291744
1.04729e-09	0.292392
1.04736e-09	0.29304
1.04743e-09	0.293687
1.0475e-09	0.294335
1.04757e-09	0.294982
1.04764e-09	0.295628
1.04771e-09	0.296275
1.04778e-09	0.296921
1.04785e-09	0.297567
1.04792e-09	0.298213
1.048e-09	0.298858
1.04807e-09	0.299503
1.04814e-09	0.300148
1.04821e-09	0.300793
1.04828e-09	0.301437
1.04835e-09	0.302081
1.04842e-09	0.302725
1.04849e-09	0.303369
1.04856e-09	0.304012
1.04863e-09	0.304655
1.04871e-09	0.305298
1.04878e-09	0.305941
1.04885e-09	0.306583
1.04892e-09	0.307225
1.04899e-09	0.307867
1.04906e-09	0.308508
1.04913e-09	0.30915
1.0492e-09	0.30979
1.04927e-09	0.310431
1.04934e-09	0.311071
1.04941e-09	0.311712
1.04949e-09	0.312351
1.04956e-09	0.312991
1.04963e-09	0.31363
1.0497e-09	0.314269
1.04977e-09	0.314908
1.04984e-09	0.315546
1.04991e-09	0.316184
1.04998e-09	0.316822
1.05005e-09	0.317459
1.05012e-09	0.318096
1.05019e-09	0.318733
1.05027e-09	0.31937
1.05034e-09	0.320006
1.05041e-09	0.320642
1.05048e-09	0.321278
1.05055e-09	0.321913
1.05062e-09	0.322548
1.05069e-09	0.323183
1.05076e-09	0.323817
1.05083e-09	0.324451
1.0509e-09	0.325085
1.05097e-09	0.325719
1.05105e-09	0.326352
1.05112e-09	0.326985
1.05119e-09	0.327617
1.05126e-09	0.32825
1.05133e-09	0.328882
1.0514e-09	0.329513
1.05147e-09	0.330144
1.05154e-09	0.330775
1.05161e-09	0.331406
1.05168e-09	0.332036
1.05175e-09	0.332666
1.05183e-09	0.333296
1.0519e-09	0.333925
1.05197e-09	0.334554
1.05204e-09	0.335183
1.05211e-09	0.335811
1.05218e-09	0.336439
1.05225e-09	0.337067
1.05232e-09	0.337694
1.05239e-09	0.338321
1.05246e-09	0.338948
1.05254e-09	0.339574
1.05261e-09	0.3402
1.05268e-09	0.340825
1.05275e-09	0.341451
1.05282e-09	0.342076
1.05289e-09	0.3427
1.05296e-09	0.343324
1.05303e-09	0.343948
1.0531e-09	0.344572
1.05317e-09	0.345195
1.05324e-09	0.345817
1.05332e-09	0.34644
1.05339e-09	0.347062
1.05346e-09	0.347684
1.05353e-09	0.348305
1.0536e-09	0.348926
1.05367e-09	0.349546
1.05374e-09	0.350167
1.05381e-09	0.350787
1.05388e-09	0.351406
1.05395e-09	0.352025
1.05402e-09	0.352644
1.0541e-09	0.353262
1.05417e-09	0.35388
1.05424e-09	0.354498
1.05431e-09	0.355115
1.05438e-09	0.355732
1.05445e-09	0.356348
1.05452e-09	0.356964
1.05459e-09	0.35758
1.05466e-09	0.358195
1.05473e-09	0.35881
1.0548e-09	0.359425
1.05488e-09	0.360039
1.05495e-09	0.360653
1.05502e-09	0.361266
1.05509e-09	0.361879
1.05516e-09	0.362492
1.05523e-09	0.363104
1.0553e-09	0.363716
1.05537e-09	0.364327
1.05544e-09	0.364938
1.05551e-09	0.365549
1.05559e-09	0.366159
1.05566e-09	0.366769
1.05573e-09	0.367378
1.0558e-09	0.367987
1.05587e-09	0.368596
1.05594e-09	0.369204
1.05601e-09	0.369811
1.05608e-09	0.370419
1.05615e-09	0.371026
1.05622e-09	0.371632
1.05629e-09	0.372238
1.05637e-09	0.372844
1.05644e-09	0.373449
1.05651e-09	0.374054
1.05658e-09	0.374658
1.05665e-09	0.375262
1.05672e-09	0.375866
1.05679e-09	0.376469
1.05686e-09	0.377072
1.05693e-09	0.377674
1.057e-09	0.378276
1.05707e-09	0.378877
1.05715e-09	0.379478
1.05722e-09	0.380078
1.05729e-09	0.380679
1.05736e-09	0.381278
1.05743e-09	0.381877
1.0575e-09	0.382476
1.05757e-09	0.383075
1.05764e-09	0.383672
1.05771e-09	0.38427
1.05778e-09	0.384867
1.05785e-09	0.385463
1.05793e-09	0.386059
1.058e-09	0.386655
1.05807e-09	0.38725
1.05814e-09	0.387845
1.05821e-09	0.388439
1.05828e-09	0.389033
1.05835e-09	0.389627
1.05842e-09	0.390219
1.05849e-09	0.390812
1.05856e-09	0.391404
1.05863e-09	0.391995
1.05871e-09	0.392586
1.05878e-09	0.393177
1.05885e-09	0.393767
1.05892e-09	0.394357
1.05899e-09	0.394946
1.05906e-09	0.395535
1.05913e-09	0.396123
1.0592e-09	0.396711
1.05927e-09	0.397298
1.05934e-09	0.397885
1.05942e-09	0.398471
1.05949e-09	0.399057
1.05956e-09	0.399643
1.05963e-09	0.400227
1.0597e-09	0.400812
1.05977e-09	0.401396
1.05984e-09	0.401979
1.05991e-09	0.402562
1.05998e-09	0.403145
1.06005e-09	0.403727
1.06012e-09	0.404308
1.0602e-09	0.404889
1.06027e-09	0.40547
1.06034e-09	0.40605
1.06041e-09	0.406629
1.06048e-09	0.407208
1.06055e-09	0.407787
1.06062e-09	0.408365
1.06069e-09	0.408942
1.06076e-09	0.409519
1.06083e-09	0.410096
1.0609e-09	0.410672
1.06098e-09	0.411247
1.06105e-09	0.411822
1.06112e-09	0.412397
1.06119e-09	0.412971
1.06126e-09	0.413544
1.06133e-09	0.414117
1.0614e-09	0.414689
1.06147e-09	0.415261
1.06154e-09	0.415833
1.06161e-09	0.416404
1.06168e-09	0.416974
1.06176e-09	0.417544
1.06183e-09	0.418113
1.0619e-09	0.418682
1.06197e-09	0.41925
1.06204e-09	0.419818
1.06211e-09	0.420385
1.06218e-09	0.420951
1.06225e-09	0.421518
1.06232e-09	0.422083
1.06239e-09	0.422648
1.06247e-09	0.423213
1.06254e-09	0.423777
1.06261e-09	0.42434
1.06268e-09	0.424903
1.06275e-09	0.425465
1.06282e-09	0.426027
1.06289e-09	0.426588
1.06296e-09	0.427149
1.06303e-09	0.427709
1.0631e-09	0.428269
1.06317e-09	0.428828
1.06325e-09	0.429386
1.06332e-09	0.429944
1.06339e-09	0.430502
1.06346e-09	0.431059
1.06353e-09	0.431615
1.0636e-09	0.432171
1.06367e-09	0.432726
1.06374e-09	0.433281
1.06381e-09	0.433835
1.06388e-09	0.434388
1.06395e-09	0.434941
1.06403e-09	0.435493
1.0641e-09	0.436045
1.06417e-09	0.436596
1.06424e-09	0.437147
1.06431e-09	0.437697
1.06438e-09	0.438247
1.06445e-09	0.438796
1.06452e-09	0.439344
1.06459e-09	0.439892
1.06466e-09	0.440439
1.06473e-09	0.440986
1.06481e-09	0.441532
1.06488e-09	0.442077
1.06495e-09	0.442622
1.06502e-09	0.443166
1.06509e-09	0.44371
1.06516e-09	0.444253
1.06523e-09	0.444796
1.0653e-09	0.445338
1.06537e-09	0.445879
1.06544e-09	0.44642
1.06551e-09	0.44696
1.06559e-09	0.447499
1.06566e-09	0.448038
1.06573e-09	0.448577
1.0658e-09	0.449115
1.06587e-09	0.449652
1.06594e-09	0.450188
1.06601e-09	0.450724
1.06608e-09	0.45126
1.06615e-09	0.451794
1.06622e-09	0.452329
1.0663e-09	0.452862
1.06637e-09	0.453395
1.06644e-09	0.453927
1.06651e-09	0.454459
1.06658e-09	0.45499
1.06665e-09	0.455521
1.06672e-09	0.45605
1.06679e-09	0.45658
1.06686e-09	0.457108
1.06693e-09	0.457636
1.067e-09	0.458164
1.06708e-09	0.458691
1.06715e-09	0.459217
1.06722e-09	0.459742
1.06729e-09	0.460267
1.06736e-09	0.460791
1.06743e-09	0.461315
1.0675e-09	0.461838
1.06757e-09	0.46236
1.06764e-09	0.462882
1.06771e-09	0.463403
1.06778e-09	0.463924
1.06786e-09	0.464443
1.06793e-09	0.464963
1.068e-09	0.465481
1.06807e-09	0.465999
1.06814e-09	0.466516
1.06821e-09	0.467033
1.06828e-09	0.467549
1.06835e-09	0.468064
1.06842e-09	0.468579
1.06849e-09	0.469093
1.06856e-09	0.469606
1.06864e-09	0.470119
1.06871e-09	0.470631
1.06878e-09	0.471142
1.06885e-09	0.471653
1.06892e-09	0.472163
1.06899e-09	0.472673
1.06906e-09	0.473181
1.06913e-09	0.47369
1.0692e-09	0.474197
1.06927e-09	0.474704
1.06935e-09	0.47521
1.06942e-09	0.475715
1.06949e-09	0.47622
1.06956e-09	0.476724
1.06963e-09	0.477228
1.0697e-09	0.477731
1.06977e-09	0.478233
1.06984e-09	0.478734
1.06991e-09	0.479235
1.06998e-09	0.479735
1.07005e-09	0.480234
1.07013e-09	0.480733
1.0702e-09	0.481231
1.07027e-09	0.481729
1.07034e-09	0.482225
1.07041e-09	0.482721
1.07048e-09	0.483217
1.07055e-09	0.483711
1.07062e-09	0.484205
1.07069e-09	0.484698
1.07076e-09	0.485191
1.07083e-09	0.485683
1.07091e-09	0.486174
1.07098e-09	0.486665
1.07105e-09	0.487154
1.07112e-09	0.487643
1.07119e-09	0.488132
1.07126e-09	0.488619
1.07133e-09	0.489106
1.0714e-09	0.489593
1.07147e-09	0.490078
1.07154e-09	0.490563
1.07161e-09	0.491047
1.07169e-09	0.491531
1.07176e-09	0.492014
1.07183e-09	0.492496
1.0719e-09	0.492977
1.07197e-09	0.493458
1.07204e-09	0.493938
1.07211e-09	0.494417
1.07218e-09	0.494895
1.07225e-09	0.495373
1.07232e-09	0.49585
1.0724e-09	0.496326
1.07247e-09	0.496802
1.07254e-09	0.497277
1.07261e-09	0.497751
1.07268e-09	0.498225
1.07275e-09	0.498697
1.07282e-09	0.499169
1.07289e-09	0.499641
1.07296e-09	0.500111
1.07303e-09	0.500581
1.0731e-09	0.50105
1.07318e-09	0.501518
1.07325e-09	0.501986
1.07332e-09	0.502453
1.07339e-09	0.502919
1.07346e-09	0.503384
1.07353e-09	0.503849
1.0736e-09	0.504313
1.07367e-09	0.504776
1.07374e-09	0.505238
1.07381e-09	0.5057
1.07388e-09	0.506161
1.07396e-09	0.506621
1.07403e-09	0.507081
1.0741e-09	0.507539
1.07417e-09	0.507997
1.07424e-09	0.508455
1.07431e-09	0.508911
1.07438e-09	0.509367
1.07445e-09	0.509822
1.07452e-09	0.510276
1.07459e-09	0.510729
1.07466e-09	0.511182
1.07474e-09	0.511634
1.07481e-09	0.512085
1.07488e-09	0.512535
1.07495e-09	0.512985
1.07502e-09	0.513434
1.07509e-09	0.513882
1.07516e-09	0.514329
1.07523e-09	0.514776
1.0753e-09	0.515221
1.07537e-09	0.515666
1.07544e-09	0.516111
1.07552e-09	0.516554
1.07559e-09	0.516997
1.07566e-09	0.517439
1.07573e-09	0.51788
1.0758e-09	0.51832
1.07587e-09	0.51876
1.07594e-09	0.519198
1.07601e-09	0.519636
1.07608e-09	0.520074
1.07615e-09	0.52051
1.07623e-09	0.520946
1.0763e-09	0.521381
1.07637e-09	0.521815
1.07644e-09	0.522248
1.07651e-09	0.52268
1.07658e-09	0.523112
1.07665e-09	0.523543
1.07672e-09	0.523973
1.07679e-09	0.524402
1.07686e-09	0.524831
1.07693e-09	0.525259
1.07701e-09	0.525686
1.07708e-09	0.526112
1.07715e-09	0.526537
1.07722e-09	0.526962
1.07729e-09	0.527385
1.07736e-09	0.527808
1.07743e-09	0.52823
1.0775e-09	0.528652
1.07757e-09	0.529072
1.07764e-09	0.529492
1.07771e-09	0.529911
1.07779e-09	0.530329
1.07786e-09	0.530746
1.07793e-09	0.531163
1.078e-09	0.531578
1.07807e-09	0.531993
1.07814e-09	0.532407
1.07821e-09	0.53282
1.07828e-09	0.533232
1.07835e-09	0.533644
1.07842e-09	0.534055
1.07849e-09	0.534465
1.07857e-09	0.534874
1.07864e-09	0.535282
1.07871e-09	0.535689
1.07878e-09	0.536096
1.07885e-09	0.536502
1.07892e-09	0.536907
1.07899e-09	0.537311
1.07906e-09	0.537714
1.07913e-09	0.538116
1.0792e-09	0.538518
1.07928e-09	0.538919
1.07935e-09	0.539319
1.07942e-09	0.539718
1.07949e-09	0.540116
1.07956e-09	0.540513
1.07963e-09	0.54091
1.0797e-09	0.541305
1.07977e-09	0.5417
1.07984e-09	0.542094
1.07991e-09	0.542488
1.07998e-09	0.54288
1.08006e-09	0.543271
1.08013e-09	0.543662
1.0802e-09	0.544052
1.08027e-09	0.544441
1.08034e-09	0.544829
1.08041e-09	0.545216
1.08048e-09	0.545602
1.08055e-09	0.545988
1.08062e-09	0.546373
1.08069e-09	0.546756
1.08076e-09	0.547139
1.08084e-09	0.547521
1.08091e-09	0.547903
1.08098e-09	0.548283
1.08105e-09	0.548662
1.08112e-09	0.549041
1.08119e-09	0.549419
1.08126e-09	0.549796
1.08133e-09	0.550172
1.0814e-09	0.550547
1.08147e-09	0.550921
1.08154e-09	0.551294
1.08162e-09	0.551667
1.08169e-09	0.552039
1.08176e-09	0.552409
1.08183e-09	0.552779
1.0819e-09	0.553148
1.08197e-09	0.553516
1.08204e-09	0.553884
1.08211e-09	0.55425
1.08218e-09	0.554616
1.08225e-09	0.55498
1.08232e-09	0.555344
1.0824e-09	0.555707
1.08247e-09	0.556069
1.08254e-09	0.55643
1.08261e-09	0.55679
1.08268e-09	0.557149
1.08275e-09	0.557508
1.08282e-09	0.557865
1.08289e-09	0.558222
1.08296e-09	0.558578
1.08303e-09	0.558932
1.08311e-09	0.559286
1.08318e-09	0.559639
1.08325e-09	0.559992
1.08332e-09	0.560343
1.08339e-09	0.560693
1.08346e-09	0.561043
1.08353e-09	0.561391
1.0836e-09	0.561739
1.08367e-09	0.562085
1.08374e-09	0.562431
1.08381e-09	0.562776
1.08389e-09	0.56312
1.08396e-09	0.563463
1.08403e-09	0.563806
1.0841e-09	0.564147
1.08417e-09	0.564487
1.08424e-09	0.564827
1.08431e-09	0.565165
1.08438e-09	0.565503
1.08445e-09	0.565839
1.08452e-09	0.566175
1.08459e-09	0.56651
1.08467e-09	0.566844
1.08474e-09	0.567177
1.08481e-09	0.567509
1.08488e-09	0.56784
1.08495e-09	0.568171
1.08502e-09	0.5685
1.08509e-09	0.568828
1.08516e-09	0.569156
1.08523e-09	0.569483
1.0853e-09	0.569808
1.08537e-09	0.570133
1.08545e-09	0.570457
1.08552e-09	0.570779
1.08559e-09	0.571101
1.08566e-09	0.571422
1.08573e-09	0.571742
1.0858e-09	0.572061
1.08587e-09	0.57238
1.08594e-09	0.572697
1.08601e-09	0.573013
1.08608e-09	0.573328
1.08616e-09	0.573643
1.08623e-09	0.573956
1.0863e-09	0.574269
1.08637e-09	0.57458
1.08644e-09	0.574891
1.08651e-09	0.575201
1.08658e-09	0.57551
1.08665e-09	0.575817
1.08672e-09	0.576124
1.08679e-09	0.57643
1.08686e-09	0.576735
1.08694e-09	0.577039
1.08701e-09	0.577342
1.08708e-09	0.577644
1.08715e-09	0.577945
1.08722e-09	0.578245
1.08729e-09	0.578545
1.08736e-09	0.578843
1.08743e-09	0.57914
1.0875e-09	0.579437
1.08757e-09	0.579732
1.08764e-09	0.580026
1.08772e-09	0.58032
1.08779e-09	0.580612
1.08786e-09	0.580904
1.08793e-09	0.581194
1.088e-09	0.581484
1.08807e-09	0.581773
1.08814e-09	0.58206
1.08821e-09	0.582347
1.08828e-09	0.582633
1.08835e-09	0.582917
1.08842e-09	0.583201
1.0885e-09	0.583484
1.08857e-09	0.583766
1.08864e-09	0.584047
1.08871e-09	0.584326
1.08878e-09	0.584605
1.08885e-09	0.584883
1.08892e-09	0.58516
1.08899e-09	0.585436
1.08906e-09	0.585711
1.08913e-09	0.585985
1.0892e-09	0.586258
1.08928e-09	0.58653
1.08935e-09	0.586801
1.08942e-09	0.587071
1.08949e-09	0.58734
1.08956e-09	0.587608
1.08963e-09	0.587875
1.0897e-09	0.588142
1.08977e-09	0.588407
1.08984e-09	0.588671
1.08991e-09	0.588934
1.08999e-09	0.589196
1.09006e-09	0.589457
1.09013e-09	0.589717
1.0902e-09	0.589976
1.09027e-09	0.590235
1.09034e-09	0.590492
1.09041e-09	0.590748
1.09048e-09	0.591003
1.09055e-09	0.591257
1.09062e-09	0.59151
1.09069e-09	0.591762
1.09077e-09	0.592014
1.09084e-09	0.592264
1.09091e-09	0.592513
1.09098e-09	0.592761
1.09105e-09	0.593008
1.09112e-09	0.593254
1.09119e-09	0.593499
1.09126e-09	0.593743
1.09133e-09	0.593986
1.0914e-09	0.594229
1.09147e-09	0.59447
1.09155e-09	0.59471
1.09162e-09	0.594949
1.09169e-09	0.595187
1.09176e-09	0.595424
1.09183e-09	0.59566
1.0919e-09	0.595895
1.09197e-09	0.596128
1.09204e-09	0.596361
1.09211e-09	0.596593
1.09218e-09	0.596824
1.09225e-09	0.597054
1.09233e-09	0.597283
1.0924e-09	0.597511
1.09247e-09	0.597737
1.09254e-09	0.597963
1.09261e-09	0.598188
1.09268e-09	0.598412
1.09275e-09	0.598634
1.09282e-09	0.598856
1.09289e-09	0.599077
1.09296e-09	0.599296
1.09304e-09	0.599515
1.09311e-09	0.599732
1.09318e-09	0.599949
1.09325e-09	0.600164
1.09332e-09	0.600379
1.09339e-09	0.600592
1.09346e-09	0.600804
1.09353e-09	0.601016
1.0936e-09	0.601226
1.09367e-09	0.601435
1.09374e-09	0.601643
1.09382e-09	0.60185
1.09389e-09	0.602057
1.09396e-09	0.602262
1.09403e-09	0.602466
1.0941e-09	0.602669
1.09417e-09	0.602871
1.09424e-09	0.603071
1.09431e-09	0.603271
1.09438e-09	0.60347
1.09445e-09	0.603668
1.09452e-09	0.603864
1.0946e-09	0.60406
1.09467e-09	0.604255
1.09474e-09	0.604448
1.09481e-09	0.604641
1.09488e-09	0.604832
1.09495e-09	0.605022
1.09502e-09	0.605212
1.09509e-09	0.6054
1.09516e-09	0.605587
1.09523e-09	0.605773
1.0953e-09	0.605959
1.09538e-09	0.606143
1.09545e-09	0.606326
1.09552e-09	0.606507
1.09559e-09	0.606688
1.09566e-09	0.606868
1.09573e-09	0.607047
1.0958e-09	0.607224
1.09587e-09	0.607401
1.09594e-09	0.607577
1.09601e-09	0.607751
1.09608e-09	0.607924
1.09616e-09	0.608097
1.09623e-09	0.608268
1.0963e-09	0.608438
1.09637e-09	0.608607
1.09644e-09	0.608775
1.09651e-09	0.608942
1.09658e-09	0.609108
1.09665e-09	0.609273
1.09672e-09	0.609437
1.09679e-09	0.6096
1.09687e-09	0.609761
1.09694e-09	0.609922
1.09701e-09	0.610081
1.09708e-09	0.61024
1.09715e-09	0.610397
1.09722e-09	0.610553
1.09729e-09	0.610708
1.09736e-09	0.610862
1.09743e-09	0.611015
1.0975e-09	0.611167
1.09757e-09	0.611318
1.09765e-09	0.611468
1.09772e-09	0.611616
1.09779e-09	0.611764
1.09786e-09	0.61191
1.09793e-09	0.612056
1.098e-09	0.6122
1.09807e-09	0.612343
1.09814e-09	0.612485
1.09821e-09	0.612626
1.09828e-09	0.612766
1.09835e-09	0.612905
1.09843e-09	0.613043
1.0985e-09	0.61318
1.09857e-09	0.613315
1.09864e-09	0.61345
1.09871e-09	0.613583
1.09878e-09	0.613715
1.09885e-09	0.613847
1.09892e-09	0.613977
1.09899e-09	0.614106
1.09906e-09	0.614234
1.09913e-09	0.614361
1.09921e-09	0.614486
1.09928e-09	0.614611
1.09935e-09	0.614734
1.09942e-09	0.614857
1.09949e-09	0.614978
1.09956e-09	0.615098
1.09963e-09	0.615217
1.0997e-09	0.615335
1.09977e-09	0.615452
1.09984e-09	0.615568
1.09992e-09	0.615683
1.09999e-09	0.615796
1.10006e-09	0.615909
1.10013e-09	0.61602
1.1002e-09	0.61613
1.10027e-09	0.616239
1.10034e-09	0.616347
1.10041e-09	0.616454
1.10048e-09	0.61656
1.10055e-09	0.616665
1.10062e-09	0.616768
1.1007e-09	0.616871
1.10077e-09	0.616972
1.10084e-09	0.617073
1.10091e-09	0.617172
1.10098e-09	0.61727
1.10105e-09	0.617367
1.10112e-09	0.617462
1.10119e-09	0.617557
1.10126e-09	0.617651
1.10133e-09	0.617743
1.1014e-09	0.617834
1.10148e-09	0.617924
1.10155e-09	0.618014
1.10162e-09	0.618101
1.10169e-09	0.618188
1.10176e-09	0.618274
1.10183e-09	0.618358
1.1019e-09	0.618442
1.10197e-09	0.618524
1.10204e-09	0.618605
1.10211e-09	0.618685
1.10218e-09	0.618764
1.10226e-09	0.618842
1.10233e-09	0.618919
1.1024e-09	0.618994
1.10247e-09	0.619069
1.10254e-09	0.619142
1.10261e-09	0.619214
1.10268e-09	0.619285
1.10275e-09	0.619355
1.10282e-09	0.619424
1.10289e-09	0.619492
1.10296e-09	0.619558
1.10304e-09	0.619624
1.10311e-09	0.619688
1.10318e-09	0.619751
1.10325e-09	0.619813
1.10332e-09	0.619874
1.10339e-09	0.619933
1.10346e-09	0.619992
1.10353e-09	0.620049
1.1036e-09	0.620106
1.10367e-09	0.620161
1.10375e-09	0.620215
1.10382e-09	0.620268
1.10389e-09	0.620319
1.10396e-09	0.62037
1.10403e-09	0.620419
1.1041e-09	0.620468
1.10417e-09	0.620515
1.10424e-09	0.620561
1.10431e-09	0.620606
1.10438e-09	0.62065
1.10445e-09	0.620692
1.10453e-09	0.620733
1.1046e-09	0.620774
1.10467e-09	0.620813
1.10474e-09	0.620851
1.10481e-09	0.620888
1.10488e-09	0.620923
1.10495e-09	0.620958
1.10502e-09	0.620991
1.10509e-09	0.621024
1.10516e-09	0.621055
1.10523e-09	0.621085
1.10531e-09	0.621114
1.10538e-09	0.621141
1.10545e-09	0.621168
1.10552e-09	0.621193
1.10559e-09	0.621217
1.10566e-09	0.62124
1.10573e-09	0.621262
1.1058e-09	0.621283
1.10587e-09	0.621302
1.10594e-09	0.621321
1.10601e-09	0.621338
1.10609e-09	0.621354
1.10616e-09	0.621369
1.10623e-09	0.621383
1.1063e-09	0.621395
1.10637e-09	0.621407
1.10644e-09	0.621417
1.10651e-09	0.621426
1.10658e-09	0.621434
1.10665e-09	0.621441
1.10672e-09	0.621447
1.1068e-09	0.621451
1.10687e-09	0.621455
1.10694e-09	0.621457
1.10701e-09	0.621458
1.10708e-09	0.621458
1.10715e-09	0.621456
1.10722e-09	0.621454
1.10729e-09	0.62145
1.10736e-09	0.621445
1.10743e-09	0.62144
1.1075e-09	0.621432
1.10758e-09	0.621424
1.10765e-09	0.621415
1.10772e-09	0.621404
1.10779e-09	0.621392
1.10786e-09	0.621379
1.10793e-09	0.621365
1.108e-09	0.62135
1.10807e-09	0.621333
1.10814e-09	0.621316
1.10821e-09	0.621297
1.10828e-09	0.621277
1.10836e-09	0.621256
1.10843e-09	0.621233
1.1085e-09	0.62121
1.10857e-09	0.621185
1.10864e-09	0.621159
1.10871e-09	0.621132
1.10878e-09	0.621104
1.10885e-09	0.621075
1.10892e-09	0.621044
1.10899e-09	0.621012
1.10906e-09	0.620979
1.10914e-09	0.620945
1.10921e-09	0.62091
1.10928e-09	0.620874
1.10935e-09	0.620836
1.10942e-09	0.620797
1.10949e-09	0.620757
1.10956e-09	0.620716
1.10963e-09	0.620674
1.1097e-09	0.62063
1.10977e-09	0.620586
1.10984e-09	0.62054
1.10992e-09	0.620493
1.10999e-09	0.620444
1.11006e-09	0.620395
1.11013e-09	0.620344
1.1102e-09	0.620293
1.11027e-09	0.62024
1.11034e-09	0.620185
1.11041e-09	0.62013
1.11048e-09	0.620074
1.11055e-09	0.620016
1.11063e-09	0.619957
1.1107e-09	0.619897
1.11077e-09	0.619836
1.11084e-09	0.619773
1.11091e-09	0.61971
1.11098e-09	0.619645
1.11105e-09	0.619579
1.11112e-09	0.619512
1.11119e-09	0.619444
1.11126e-09	0.619374
1.11133e-09	0.619303
1.11141e-09	0.619231
1.11148e-09	0.619158
1.11155e-09	0.619084
1.11162e-09	0.619008
1.11169e-09	0.618932
1.11176e-09	0.618854
1.11183e-09	0.618775
1.1119e-09	0.618695
1.11197e-09	0.618613
1.11204e-09	0.618531
1.11211e-09	0.618447
1.11219e-09	0.618362
1.11226e-09	0.618276
1.11233e-09	0.618188
1.1124e-09	0.6181
1.11247e-09	0.61801
1.11254e-09	0.617919
1.11261e-09	0.617827
1.11268e-09	0.617734
1.11275e-09	0.617639
1.11282e-09	0.617543
1.11289e-09	0.617446
1.11297e-09	0.617348
1.11304e-09	0.617249
1.11311e-09	0.617148
1.11318e-09	0.617047
1.11325e-09	0.616944
1.11332e-09	0.61684
1.11339e-09	0.616734
1.11346e-09	0.616628
1.11353e-09	0.61652
1.1136e-09	0.616411
1.11368e-09	0.616301
1.11375e-09	0.61619
1.11382e-09	0.616078
1.11389e-09	0.615964
1.11396e-09	0.615849
1.11403e-09	0.615733
1.1141e-09	0.615616
1.11417e-09	0.615497
1.11424e-09	0.615378
1.11431e-09	0.615257
1.11438e-09	0.615135
1.11446e-09	0.615012
1.11453e-09	0.614887
1.1146e-09	0.614761
1.11467e-09	0.614635
1.11474e-09	0.614506
1.11481e-09	0.614377
1.11488e-09	0.614247
1.11495e-09	0.614115
1.11502e-09	0.613982
1.11509e-09	0.613848
1.11516e-09	0.613713
1.11524e-09	0.613577
1.11531e-09	0.613439
1.11538e-09	0.6133
1.11545e-09	0.61316
1.11552e-09	0.613019
1.11559e-09	0.612876
1.11566e-09	0.612733
1.11573e-09	0.612588
1.1158e-09	0.612442
1.11587e-09	0.612294
1.11594e-09	0.612146
1.11602e-09	0.611996
1.11609e-09	0.611845
1.11616e-09	0.611693
1.11623e-09	0.61154
1.1163e-09	0.611385
1.11637e-09	0.61123
1.11644e-09	0.611073
1.11651e-09	0.610915
1.11658e-09	0.610755
1.11665e-09	0.610595
1.11672e-09	0.610433
1.1168e-09	0.61027
1.11687e-09	0.610106
1.11694e-09	0.609941
1.11701e-09	0.609774
1.11708e-09	0.609606
1.11715e-09	0.609437
1.11722e-09	0.609267
1.11729e-09	0.609096
1.11736e-09	0.608923
1.11743e-09	0.608749
1.11751e-09	0.608574
1.11758e-09	0.608398
1.11765e-09	0.608221
1.11772e-09	0.608042
1.11779e-09	0.607862
1.11786e-09	0.607681
1.11793e-09	0.607499
1.118e-09	0.607316
1.11807e-09	0.607131
1.11814e-09	0.606945
1.11821e-09	0.606758
1.11829e-09	0.60657
1.11836e-09	0.60638
1.11843e-09	0.606189
1.1185e-09	0.605998
1.11857e-09	0.605804
1.11864e-09	0.60561
1.11871e-09	0.605415
1.11878e-09	0.605218
1.11885e-09	0.60502
1.11892e-09	0.604821
1.11899e-09	0.60462
1.11907e-09	0.604419
1.11914e-09	0.604216
1.11921e-09	0.604012
1.11928e-09	0.603807
1.11935e-09	0.6036
1.11942e-09	0.603393
1.11949e-09	0.603184
1.11956e-09	0.602974
1.11963e-09	0.602763
1.1197e-09	0.60255
1.11977e-09	0.602337
1.11985e-09	0.602122
1.11992e-09	0.601906
1.11999e-09	0.601688
1.12006e-09	0.60147
1.12013e-09	0.60125
1.1202e-09	0.601029
1.12027e-09	0.600807
1.12034e-09	0.600584
1.12041e-09	0.600359
1.12048e-09	0.600133
1.12056e-09	0.599906
1.12063e-09	0.599678
1.1207e-09	0.599449
1.12077e-09	0.599218
1.12084e-09	0.598986
1.12091e-09	0.598753
1.12098e-09	0.598519
1.12105e-09	0.598284
1.12112e-09	0.598047
1.12119e-09	0.597809
1.12126e-09	0.59757
1.12134e-09	0.59733
1.12141e-09	0.597088
1.12148e-09	0.596846
1.12155e-09	0.596602
1.12162e-09	0.596357
1.12169e-09	0.59611
1.12176e-09	0.595863
1.12183e-09	0.595614
1.1219e-09	0.595364
1.12197e-09	0.595113
1.12204e-09	0.594861
1.12212e-09	0.594607
1.12219e-09	0.594352
1.12226e-09	0.594096
1.12233e-09	0.593839
1.1224e-09	0.593581
1.12247e-09	0.593321
1.12254e-09	0.59306
1.12261e-09	0.592798
1.12268e-09	0.592535
1.12275e-09	0.59227
1.12282e-09	0.592005
1.1229e-09	0.591738
1.12297e-09	0.59147
1.12304e-09	0.5912
1.12311e-09	0.59093
1.12318e-09	0.590658
1.12325e-09	0.590385
1.12332e-09	0.590111
1.12339e-09	0.589836
1.12346e-09	0.589559
1.12353e-09	0.589281
1.1236e-09	0.589003
1.12368e-09	0.588722
1.12375e-09	0.588441
1.12382e-09	0.588158
1.12389e-09	0.587875
1.12396e-09	0.58759
1.12403e-09	0.587303
1.1241e-09	0.587016
1.12417e-09	0.586727
1.12424e-09	0.586437
1.12431e-09	0.586146
1.12439e-09	0.585854
1.12446e-09	0.585561
1.12453e-09	0.585266
1.1246e-09	0.58497
1.12467e-09	0.584673
1.12474e-09	0.584375
1.12481e-09	0.584075
1.12488e-09	0.583775
1.12495e-09	0.583473
1.12502e-09	0.58317
1.12509e-09	0.582865
1.12517e-09	0.58256
1.12524e-09	0.582253
1.12531e-09	0.581945
1.12538e-09	0.581636
1.12545e-09	0.581326
1.12552e-09	0.581014
1.12559e-09	0.580701
1.12566e-09	0.580387
1.12573e-09	0.580072
1.1258e-09	0.579756
1.12587e-09	0.579438
1.12595e-09	0.57912
1.12602e-09	0.5788
1.12609e-09	0.578478
1.12616e-09	0.578156
1.12623e-09	0.577832
1.1263e-09	0.577508
1.12637e-09	0.577182
1.12644e-09	0.576855
1.12651e-09	0.576526
1.12658e-09	0.576196
1.12665e-09	0.575866
1.12673e-09	0.575534
1.1268e-09	0.5752
1.12687e-09	0.574866
1.12694e-09	0.574531
1.12701e-09	0.574194
1.12708e-09	0.573856
1.12715e-09	0.573516
1.12722e-09	0.573176
1.12729e-09	0.572834
1.12736e-09	0.572492
1.12744e-09	0.572148
1.12751e-09	0.571802
1.12758e-09	0.571456
1.12765e-09	0.571109
1.12772e-09	0.57076
1.12779e-09	0.57041
1.12786e-09	0.570059
1.12793e-09	0.569706
1.128e-09	0.569353
1.12807e-09	0.568998
1.12814e-09	0.568642
1.12822e-09	0.568285
1.12829e-09	0.567926
1.12836e-09	0.567567
1.12843e-09	0.567206
1.1285e-09	0.566844
1.12857e-09	0.566481
1.12864e-09	0.566116
1.12871e-09	0.565751
1.12878e-09	0.565384
1.12885e-09	0.565016
1.12892e-09	0.564647
1.129e-09	0.564277
1.12907e-09	0.563905
1.12914e-09	0.563532
1.12921e-09	0.563158
1.12928e-09	0.562783
1.12935e-09	0.562407
1.12942e-09	0.56203
1.12949e-09	0.561651
1.12956e-09	0.561271
1.12963e-09	0.56089
1.1297e-09	0.560508
1.12978e-09	0.560124
1.12985e-09	0.55974
1.12992e-09	0.559354
1.12999e-09	0.558967
1.13006e-09	0.558579
1.13013e-09	0.558189
1.1302e-09	0.557799
1.13027e-09	0.557407
1.13034e-09	0.557014
1.13041e-09	0.55662
1.13048e-09	0.556224
1.13056e-09	0.555828
1.13063e-09	0.55543
1.1307e-09	0.555031
1.13077e-09	0.554631
1.13084e-09	0.55423
1.13091e-09	0.553827
1.13098e-09	0.553424
1.13105e-09	0.553019
1.13112e-09	0.552613
1.13119e-09	0.552206
1.13127e-09	0.551797
1.13134e-09	0.551388
1.13141e-09	0.550977
1.13148e-09	0.550565
1.13155e-09	0.550152
1.13162e-09	0.549738
1.13169e-09	0.549322
1.13176e-09	0.548906
1.13183e-09	0.548488
1.1319e-09	0.548069
1.13197e-09	0.547649
1.13205e-09	0.547227
1.13212e-09	0.546805
1.13219e-09	0.546381
1.13226e-09	0.545956
1.13233e-09	0.54553
1.1324e-09	0.545103
1.13247e-09	0.544674
1.13254e-09	0.544245
1.13261e-09	0.543814
1.13268e-09	0.543382
1.13275e-09	0.542949
1.13283e-09	0.542514
1.1329e-09	0.542079
1.13297e-09	0.541642
1.13304e-09	0.541204
1.13311e-09	0.540765
1.13318e-09	0.540325
1.13325e-09	0.539884
1.13332e-09	0.539441
1.13339e-09	0.538998
1.13346e-09	0.538553
1.13353e-09	0.538107
1.13361e-09	0.53766
1.13368e-09	0.537211
1.13375e-09	0.536762
1.13382e-09	0.536311
1.13389e-09	0.535859
1.13396e-09	0.535406
1.13403e-09	0.534952
1.1341e-09	0.534496
1.13417e-09	0.53404
1.13424e-09	0.533582
1.13432e-09	0.533123
1.13439e-09	0.532663
1.13446e-09	0.532202
1.13453e-09	0.531739
1.1346e-09	0.531276
1.13467e-09	0.530811
1.13474e-09	0.530345
1.13481e-09	0.529878
1.13488e-09	0.52941
1.13495e-09	0.528941
1.13502e-09	0.52847
1.1351e-09	0.527998
1.13517e-09	0.527526
1.13524e-09	0.527052
1.13531e-09	0.526576
1.13538e-09	0.5261
1.13545e-09	0.525623
1.13552e-09	0.525144
1.13559e-09	0.524664
1.13566e-09	0.524183
1.13573e-09	0.523701
1.1358e-09	0.523218
1.13588e-09	0.522733
1.13595e-09	0.522248
1.13602e-09	0.521761
1.13609e-09	0.521273
1.13616e-09	0.520784
1.13623e-09	0.520294
1.1363e-09	0.519803
1.13637e-09	0.51931
1.13644e-09	0.518817
1.13651e-09	0.518322
1.13658e-09	0.517826
1.13666e-09	0.517329
1.13673e-09	0.516831
1.1368e-09	0.516331
1.13687e-09	0.515831
1.13694e-09	0.515329
1.13701e-09	0.514826
1.13708e-09	0.514322
1.13715e-09	0.513817
1.13722e-09	0.513311
1.13729e-09	0.512803
1.13736e-09	0.512295
1.13744e-09	0.511785
1.13751e-09	0.511274
1.13758e-09	0.510762
1.13765e-09	0.510249
1.13772e-09	0.509735
1.13779e-09	0.50922
1.13786e-09	0.508703
1.13793e-09	0.508185
1.138e-09	0.507667
1.13807e-09	0.507147
1.13815e-09	0.506626
1.13822e-09	0.506103
1.13829e-09	0.50558
1.13836e-09	0.505056
1.13843e-09	0.50453
1.1385e-09	0.504003
1.13857e-09	0.503475
1.13864e-09	0.502946
1.13871e-09	0.502416
1.13878e-09	0.501885
1.13885e-09	0.501353
1.13893e-09	0.500819
1.139e-09	0.500284
1.13907e-09	0.499749
1.13914e-09	0.499212
1.13921e-09	0.498674
1.13928e-09	0.498134
1.13935e-09	0.497594
1.13942e-09	0.497053
1.13949e-09	0.49651
1.13956e-09	0.495966
1.13963e-09	0.495422
1.13971e-09	0.494876
1.13978e-09	0.494329
1.13985e-09	0.49378
1.13992e-09	0.493231
1.13999e-09	0.492681
1.14006e-09	0.492129
1.14013e-09	0.491577
1.1402e-09	0.491023
1.14027e-09	0.490468
1.14034e-09	0.489912
1.14041e-09	0.489355
1.14049e-09	0.488797
1.14056e-09	0.488237
1.14063e-09	0.487677
1.1407e-09	0.487115
1.14077e-09	0.486553
1.14084e-09	0.485989
1.14091e-09	0.485424
1.14098e-09	0.484858
1.14105e-09	0.484291
1.14112e-09	0.483723
1.1412e-09	0.483153
1.14127e-09	0.482583
1.14134e-09	0.482011
1.14141e-09	0.481439
1.14148e-09	0.480865
1.14155e-09	0.48029
1.14162e-09	0.479714
1.14169e-09	0.479137
1.14176e-09	0.478559
1.14183e-09	0.477979
1.1419e-09	0.477399
1.14198e-09	0.476818
1.14205e-09	0.476235
1.14212e-09	0.475651
1.14219e-09	0.475067
1.14226e-09	0.474481
1.14233e-09	0.473894
1.1424e-09	0.473306
1.14247e-09	0.472717
1.14254e-09	0.472126
1.14261e-09	0.471535
1.14268e-09	0.470943
1.14276e-09	0.470349
1.14283e-09	0.469754
1.1429e-09	0.469159
1.14297e-09	0.468562
1.14304e-09	0.467964
1.14311e-09	0.467365
1.14318e-09	0.466765
1.14325e-09	0.466164
1.14332e-09	0.465562
1.14339e-09	0.464958
1.14346e-09	0.464354
1.14354e-09	0.463748
1.14361e-09	0.463142
1.14368e-09	0.462534
1.14375e-09	0.461925
1.14382e-09	0.461316
1.14389e-09	0.460705
1.14396e-09	0.460093
1.14403e-09	0.45948
1.1441e-09	0.458866
1.14417e-09	0.45825
1.14425e-09	0.457634
1.14432e-09	0.457017
1.14439e-09	0.456398
1.14446e-09	0.455779
1.14453e-09	0.455158
1.1446e-09	0.454537
1.14467e-09	0.453914
1.14474e-09	0.45329
1.14481e-09	0.452665
1.14488e-09	0.452039
1.14495e-09	0.451412
1.14503e-09	0.450784
1.1451e-09	0.450155
1.14517e-09	0.449525
1.14524e-09	0.448894
1.14531e-09	0.448262
1.14538e-09	0.447628
1.14545e-09	0.446994
1.14552e-09	0.446358
1.14559e-09	0.445722
1.14566e-09	0.445084
1.14573e-09	0.444446
1.14581e-09	0.443806
1.14588e-09	0.443165
1.14595e-09	0.442523
1.14602e-09	0.44188
1.14609e-09	0.441237
1.14616e-09	0.440592
1.14623e-09	0.439946
1.1463e-09	0.439298
1.14637e-09	0.43865
1.14644e-09	0.438001
1.14651e-09	0.437351
1.14659e-09	0.4367
1.14666e-09	0.436047
1.14673e-09	0.435394
1.1468e-09	0.43474
1.14687e-09	0.434084
1.14694e-09	0.433428
1.14701e-09	0.43277
1.14708e-09	0.432112
1.14715e-09	0.431452
1.14722e-09	0.430791
1.14729e-09	0.43013
1.14737e-09	0.429467
1.14744e-09	0.428803
1.14751e-09	0.428138
1.14758e-09	0.427473
1.14765e-09	0.426806
1.14772e-09	0.426138
1.14779e-09	0.425469
1.14786e-09	0.424799
1.14793e-09	0.424128
1.148e-09	0.423456
1.14808e-09	0.422783
1.14815e-09	0.422109
1.14822e-09	0.421434
1.14829e-09	0.420758
1.14836e-09	0.420081
1.14843e-09	0.419402
1.1485e-09	0.418723
1.14857e-09	0.418043
1.14864e-09	0.417362
1.14871e-09	0.41668
1.14878e-09	0.415996
1.14886e-09	0.415312
1.14893e-09	0.414627
1.149e-09	0.413941
1.14907e-09	0.413253
1.14914e-09	0.412565
1.14921e-09	0.411876
1.14928e-09	0.411185
1.14935e-09	0.410494
1.14942e-09	0.409802
1.14949e-09	0.409108
1.14956e-09	0.408414
1.14964e-09	0.407719
1.14971e-09	0.407022
1.14978e-09	0.406325
1.14985e-09	0.405626
1.14992e-09	0.404927
1.14999e-09	0.404227
1.15006e-09	0.403525
1.15013e-09	0.402823
1.1502e-09	0.402119
1.15027e-09	0.401415
1.15034e-09	0.40071
1.15042e-09	0.400003
1.15049e-09	0.399296
1.15056e-09	0.398588
1.15063e-09	0.397878
1.1507e-09	0.397168
1.15077e-09	0.396457
1.15084e-09	0.395744
1.15091e-09	0.395031
1.15098e-09	0.394317
1.15105e-09	0.393602
1.15113e-09	0.392885
1.1512e-09	0.392168
1.15127e-09	0.39145
1.15134e-09	0.390731
1.15141e-09	0.390011
1.15148e-09	0.389289
1.15155e-09	0.388567
1.15162e-09	0.387844
1.15169e-09	0.38712
1.15176e-09	0.386395
1.15183e-09	0.385669
1.15191e-09	0.384942
1.15198e-09	0.384214
1.15205e-09	0.383485
1.15212e-09	0.382755
1.15219e-09	0.382024
1.15226e-09	0.381292
1.15233e-09	0.38056
1.1524e-09	0.379826
1.15247e-09	0.379091
1.15254e-09	0.378355
1.15261e-09	0.377619
1.15269e-09	0.376881
1.15276e-09	0.376143
1.15283e-09	0.375403
1.1529e-09	0.374663
1.15297e-09	0.373921
1.15304e-09	0.373179
1.15311e-09	0.372435
1.15318e-09	0.371691
1.15325e-09	0.370946
1.15332e-09	0.3702
1.15339e-09	0.369453
1.15347e-09	0.368704
1.15354e-09	0.367955
1.15361e-09	0.367205
1.15368e-09	0.366454
1.15375e-09	0.365703
1.15382e-09	0.36495
1.15389e-09	0.364196
1.15396e-09	0.363441
1.15403e-09	0.362686
1.1541e-09	0.361929
1.15417e-09	0.361172
1.15425e-09	0.360413
1.15432e-09	0.359654
1.15439e-09	0.358893
1.15446e-09	0.358132
1.15453e-09	0.35737
1.1546e-09	0.356607
1.15467e-09	0.355843
1.15474e-09	0.355078
1.15481e-09	0.354312
1.15488e-09	0.353545
1.15496e-09	0.352778
1.15503e-09	0.352009
1.1551e-09	0.351239
1.15517e-09	0.350469
1.15524e-09	0.349697
1.15531e-09	0.348925
1.15538e-09	0.348152
1.15545e-09	0.347378
1.15552e-09	0.346603
1.15559e-09	0.345827
1.15566e-09	0.34505
1.15574e-09	0.344272
1.15581e-09	0.343493
1.15588e-09	0.342714
1.15595e-09	0.341933
1.15602e-09	0.341152
1.15609e-09	0.340369
1.15616e-09	0.339586
1.15623e-09	0.338802
1.1563e-09	0.338017
1.15637e-09	0.337231
1.15644e-09	0.336444
1.15652e-09	0.335656
1.15659e-09	0.334868
1.15666e-09	0.334078
1.15673e-09	0.333288
1.1568e-09	0.332497
1.15687e-09	0.331704
1.15694e-09	0.330911
1.15701e-09	0.330117
1.15708e-09	0.329322
1.15715e-09	0.328527
1.15722e-09	0.32773
1.1573e-09	0.326933
1.15737e-09	0.326134
1.15744e-09	0.325335
1.15751e-09	0.324535
1.15758e-09	0.323734
1.15765e-09	0.322932
1.15772e-09	0.322129
1.15779e-09	0.321325
1.15786e-09	0.320521
1.15793e-09	0.319715
1.15801e-09	0.318909
1.15808e-09	0.318102
1.15815e-09	0.317294
1.15822e-09	0.316485
1.15829e-09	0.315675
1.15836e-09	0.314865
1.15843e-09	0.314053
1.1585e-09	0.313241
1.15857e-09	0.312428
1.15864e-09	0.311614
1.15871e-09	0.310799
1.15879e-09	0.309983
1.15886e-09	0.309167
1.15893e-09	0.308349
1.159e-09	0.307531
1.15907e-09	0.306712
1.15914e-09	0.305892
1.15921e-09	0.305071
1.15928e-09	0.304249
1.15935e-09	0.303426
1.15942e-09	0.302603
1.15949e-09	0.301779
1.15957e-09	0.300954
1.15964e-09	0.300128
1.15971e-09	0.299301
1.15978e-09	0.298473
1.15985e-09	0.297645
1.15992e-09	0.296816
1.15999e-09	0.295986
1.16006e-09	0.295155
1.16013e-09	0.294323
1.1602e-09	0.29349
1.16027e-09	0.292657
1.16035e-09	0.291823
1.16042e-09	0.290988
1.16049e-09	0.290152
1.16056e-09	0.289315
1.16063e-09	0.288477
1.1607e-09	0.287639
1.16077e-09	0.2868
1.16084e-09	0.28596
1.16091e-09	0.285119
1.16098e-09	0.284277
1.16105e-09	0.283435
1.16113e-09	0.282592
1.1612e-09	0.281748
1.16127e-09	0.280903
1.16134e-09	0.280057
1.16141e-09	0.279211
1.16148e-09	0.278363
1.16155e-09	0.277515
1.16162e-09	0.276666
1.16169e-09	0.275817
1.16176e-09	0.274966
1.16184e-09	0.274115
1.16191e-09	0.273263
1.16198e-09	0.27241
1.16205e-09	0.271556
1.16212e-09	0.270702
1.16219e-09	0.269846
1.16226e-09	0.26899
1.16233e-09	0.268133
1.1624e-09	0.267276
1.16247e-09	0.266417
1.16254e-09	0.265558
1.16262e-09	0.264698
1.16269e-09	0.263837
1.16276e-09	0.262976
1.16283e-09	0.262113
1.1629e-09	0.26125
1.16297e-09	0.260386
1.16304e-09	0.259522
1.16311e-09	0.258656
1.16318e-09	0.25779
1.16325e-09	0.256923
1.16332e-09	0.256056
1.1634e-09	0.255187
1.16347e-09	0.254318
1.16354e-09	0.253448
1.16361e-09	0.252577
1.16368e-09	0.251705
1.16375e-09	0.250833
1.16382e-09	0.24996
1.16389e-09	0.249086
1.16396e-09	0.248212
1.16403e-09	0.247336
1.1641e-09	0.24646
1.16418e-09	0.245583
1.16425e-09	0.244706
1.16432e-09	0.243827
1.16439e-09	0.242948
1.16446e-09	0.242068
1.16453e-09	0.241188
1.1646e-09	0.240307
1.16467e-09	0.239424
1.16474e-09	0.238542
1.16481e-09	0.237658
1.16489e-09	0.236774
1.16496e-09	0.235889
1.16503e-09	0.235003
1.1651e-09	0.234117
1.16517e-09	0.233229
1.16524e-09	0.232342
1.16531e-09	0.231453
1.16538e-09	0.230564
1.16545e-09	0.229673
1.16552e-09	0.228783
1.16559e-09	0.227891
1.16567e-09	0.226999
1.16574e-09	0.226106
1.16581e-09	0.225212
1.16588e-09	0.224318
1.16595e-09	0.223422
1.16602e-09	0.222527
1.16609e-09	0.22163
1.16616e-09	0.220733
1.16623e-09	0.219835
1.1663e-09	0.218936
1.16637e-09	0.218037
1.16645e-09	0.217137
1.16652e-09	0.216236
1.16659e-09	0.215334
1.16666e-09	0.214432
1.16673e-09	0.213529
1.1668e-09	0.212626
1.16687e-09	0.211721
1.16694e-09	0.210817
1.16701e-09	0.209911
1.16708e-09	0.209004
1.16715e-09	0.208097
1.16723e-09	0.20719
1.1673e-09	0.206281
1.16737e-09	0.205372
1.16744e-09	0.204462
1.16751e-09	0.203552
1.16758e-09	0.202641
1.16765e-09	0.201729
1.16772e-09	0.200817
1.16779e-09	0.199903
1.16786e-09	0.19899
1.16793e-09	0.198075
1.16801e-09	0.19716
1.16808e-09	0.196244
1.16815e-09	0.195328
1.16822e-09	0.19441
1.16829e-09	0.193493
1.16836e-09	0.192574
1.16843e-09	0.191655
1.1685e-09	0.190735
1.16857e-09	0.189815
1.16864e-09	0.188894
1.16872e-09	0.187972
1.16879e-09	0.187049
1.16886e-09	0.186126
1.16893e-09	0.185203
1.169e-09	0.184278
1.16907e-09	0.183353
1.16914e-09	0.182427
1.16921e-09	0.181501
1.16928e-09	0.180574
1.16935e-09	0.179647
1.16942e-09	0.178718
1.1695e-09	0.17779
1.16957e-09	0.17686
1.16964e-09	0.17593
1.16971e-09	0.174999
1.16978e-09	0.174068
1.16985e-09	0.173136
1.16992e-09	0.172203
1.16999e-09	0.17127
1.17006e-09	0.170336
1.17013e-09	0.169401
1.1702e-09	0.168466
1.17028e-09	0.167531
1.17035e-09	0.166594
1.17042e-09	0.165657
1.17049e-09	0.16472
1.17056e-09	0.163781
1.17063e-09	0.162843
1.1707e-09	0.161903
1.17077e-09	0.160963
1.17084e-09	0.160022
1.17091e-09	0.159081
1.17098e-09	0.158139
1.17106e-09	0.157197
1.17113e-09	0.156254
1.1712e-09	0.15531
1.17127e-09	0.154366
1.17134e-09	0.153421
1.17141e-09	0.152476
1.17148e-09	0.15153
1.17155e-09	0.150583
1.17162e-09	0.149636
1.17169e-09	0.148688
1.17177e-09	0.14774
1.17184e-09	0.146791
1.17191e-09	0.145841
1.17198e-09	0.144891
1.17205e-09	0.143941
1.17212e-09	0.142989
1.17219e-09	0.142038
1.17226e-09	0.141085
1.17233e-09	0.140132
1.1724e-09	0.139179
1.17247e-09	0.138224
1.17255e-09	0.13727
1.17262e-09	0.136315
1.17269e-09	0.135359
1.17276e-09	0.134402
1.17283e-09	0.133446
1.1729e-09	0.132488
1.17297e-09	0.13153
1.17304e-09	0.130571
1.17311e-09	0.129612
1.17318e-09	0.128653
1.17325e-09	0.127692
1.17333e-09	0.126732
1.1734e-09	0.12577
1.17347e-09	0.124808
1.17354e-09	0.123846
1.17361e-09	0.122883
1.17368e-09	0.12192
1.17375e-09	0.120956
1.17382e-09	0.119991
1.17389e-09	0.119026
1.17396e-09	0.11806
1.17403e-09	0.117094
1.17411e-09	0.116127
1.17418e-09	0.11516
1.17425e-09	0.114192
1.17432e-09	0.113224
1.17439e-09	0.112255
1.17446e-09	0.111286
1.17453e-09	0.110316
1.1746e-09	0.109346
1.17467e-09	0.108375
1.17474e-09	0.107404
1.17481e-09	0.106432
1.17489e-09	0.10546
1.17496e-09	0.104487
1.17503e-09	0.103513
1.1751e-09	0.102539
1.17517e-09	0.101565
1.17524e-09	0.10059
1.17531e-09	0.0996147
1.17538e-09	0.0986388
1.17545e-09	0.0976624
1.17552e-09	0.0966855
1.1756e-09	0.0957081
1.17567e-09	0.0947302
1.17574e-09	0.0937519
1.17581e-09	0.092773
1.17588e-09	0.0917937
1.17595e-09	0.0908139
1.17602e-09	0.0898336
1.17609e-09	0.0888528
1.17616e-09	0.0878716
1.17623e-09	0.0868899
1.1763e-09	0.0859077
1.17638e-09	0.084925
1.17645e-09	0.0839418
1.17652e-09	0.0829582
1.17659e-09	0.0819741
1.17666e-09	0.0809896
1.17673e-09	0.0800046
1.1768e-09	0.0790191
1.17687e-09	0.0780332
1.17694e-09	0.0770468
1.17701e-09	0.0760599
1.17708e-09	0.0750726
1.17716e-09	0.0740849
1.17723e-09	0.0730967
1.1773e-09	0.072108
1.17737e-09	0.0711189
1.17744e-09	0.0701294
1.17751e-09	0.0691394
1.17758e-09	0.0681489
1.17765e-09	0.0671581
1.17772e-09	0.0661667
1.17779e-09	0.065175
1.17786e-09	0.0641828
1.17794e-09	0.0631902
1.17801e-09	0.0621971
1.17808e-09	0.0612036
1.17815e-09	0.0602097
1.17822e-09	0.0592154
1.17829e-09	0.0582206
1.17836e-09	0.0572254
1.17843e-09	0.0562298
1.1785e-09	0.0552338
1.17857e-09	0.0542374
1.17865e-09	0.0532405
1.17872e-09	0.0522432
1.17879e-09	0.0512455
1.17886e-09	0.0502474
1.17893e-09	0.0492489
1.179e-09	0.04825
1.17907e-09	0.0472507
1.17914e-09	0.046251
1.17921e-09	0.0452509
1.17928e-09	0.0442504
1.17935e-09	0.0432494
1.17943e-09	0.0422481
1.1795e-09	0.0412464
1.17957e-09	0.0402443
1.17964e-09	0.0392418
1.17971e-09	0.038239
1.17978e-09	0.0372357
1.17985e-09	0.0362321
1.17992e-09	0.035228
1.17999e-09	0.0342236
1.18006e-09	0.0332188
1.18013e-09	0.0322137
1.18021e-09	0.0312081
1.18028e-09	0.0302022
1.18035e-09	0.0291959
1.18042e-09	0.0281893
1.18049e-09	0.0271823
1.18056e-09	0.0261749
1.18063e-09	0.0251671
1.1807e-09	0.024159
1.18077e-09	0.0231505
1.18084e-09	0.0221417
1.18091e-09	0.0211325
1.18099e-09	0.0201229
1.18106e-09	0.019113
1.18113e-09	0.0181028
1.1812e-09	0.0170922
1.18127e-09	0.0160812
1.18134e-09	0.0150699
1.18141e-09	0.0140583
1.18148e-09	0.0130463
1.18155e-09	0.012034
1.18162e-09	0.0110213
1.18169e-09	0.0100083
1.18177e-09	0.00899499
1.18184e-09	0.00798132
1.18191e-09	0.00696732
1.18198e-09	0.005953
1.18205e-09	0.00493835
1.18212e-09	0.00392337
1.18219e-09	0.00290807
1.18226e-09	0.00189244
1.18233e-09	0.0008765
1.1824e-09	-0.00013976
1.18248e-09	-0.00115634
1.18255e-09	-0.00217323
1.18262e-09	-0.00319043
1.18269e-09	-0.00420794
1.18276e-09	-0.00522577
1.18283e-09	-0.00624389
1.1829e-09	-0.00726233
1.18297e-09	-0.00828106
1.18304e-09	-0.0093001
1.18311e-09	-0.0103194
1.18318e-09	-0.0113391
1.18326e-09	-0.012359
1.18333e-09	-0.0133792
1.1834e-09	-0.0143997
1.18347e-09	-0.0154205
1.18354e-09	-0.0164416
1.18361e-09	-0.017463
1.18368e-09	-0.0184847
1.18375e-09	-0.0195066
1.18382e-09	-0.0205288
1.18389e-09	-0.0215513
1.18396e-09	-0.0225741
1.18404e-09	-0.0235971
1.18411e-09	-0.0246205
1.18418e-09	-0.0256441
1.18425e-09	-0.0266679
1.18432e-09	-0.0276921
1.18439e-09	-0.0287164
1.18446e-09	-0.0297411
1.18453e-09	-0.030766
1.1846e-09	-0.0317912
1.18467e-09	-0.0328166
1.18474e-09	-0.0338423
1.18482e-09	-0.0348683
1.18489e-09	-0.0358945
1.18496e-09	-0.0369209
1.18503e-09	-0.0379476
1.1851e-09	-0.0389745
1.18517e-09	-0.0400017
1.18524e-09	-0.0410291
1.18531e-09	-0.0420568
1.18538e-09	-0.0430847
1.18545e-09	-0.0441128
1.18553e-09	-0.0451412
1.1856e-09	-0.0461698
1.18567e-09	-0.0471986
1.18574e-09	-0.0482277
1.18581e-09	-0.049257
1.18588e-09	-0.0502865
1.18595e-09	-0.0513162
1.18602e-09	-0.0523462
1.18609e-09	-0.0533764
1.18616e-09	-0.0544068
1.18623e-09	-0.0554374
1.18631e-09	-0.0564682
1.18638e-09	-0.0574992
1.18645e-09	-0.0585305
1.18652e-09	-0.0595619
1.18659e-09	-0.0605936
1.18666e-09	-0.0616254
1.18673e-09	-0.0626575
1.1868e-09	-0.0636897
1.18687e-09	-0.0647222
1.18694e-09	-0.0657548
1.18701e-09	-0.0667877
1.18709e-09	-0.0678207
1.18716e-09	-0.0688539
1.18723e-09	-0.0698873
1.1873e-09	-0.0709209
1.18737e-09	-0.0719547
1.18744e-09	-0.0729887
1.18751e-09	-0.0740228
1.18758e-09	-0.0750571
1.18765e-09	-0.0760916
1.18772e-09	-0.0771263
1.18779e-09	-0.0781611
1.18787e-09	-0.0791961
1.18794e-09	-0.0802313
1.18801e-09	-0.0812667
1.18808e-09	-0.0823022
1.18815e-09	-0.0833379
1.18822e-09	-0.0843737
1.18829e-09	-0.0854097
1.18836e-09	-0.0864458
1.18843e-09	-0.0874821
1.1885e-09	-0.0885186
1.18857e-09	-0.0895552
1.18865e-09	-0.0905919
1.18872e-09	-0.0916288
1.18879e-09	-0.0926659
1.18886e-09	-0.0937031
1.18893e-09	-0.0947404
1.189e-09	-0.0957779
1.18907e-09	-0.0968155
1.18914e-09	-0.0978532
1.18921e-09	-0.0988911
1.18928e-09	-0.0999291
1.18936e-09	-0.100967
1.18943e-09	-0.102005
1.1895e-09	-0.103044
1.18957e-09	-0.104082
1.18964e-09	-0.105121
1.18971e-09	-0.10616
1.18978e-09	-0.107199
1.18985e-09	-0.108238
1.18992e-09	-0.109277
1.18999e-09	-0.110316
1.19006e-09	-0.111355
1.19014e-09	-0.112395
1.19021e-09	-0.113434
1.19028e-09	-0.114474
1.19035e-09	-0.115513
1.19042e-09	-0.116553
1.19049e-09	-0.117593
1.19056e-09	-0.118633
1.19063e-09	-0.119673
1.1907e-09	-0.120713
1.19077e-09	-0.121754
1.19084e-09	-0.122794
1.19092e-09	-0.123835
1.19099e-09	-0.124875
1.19106e-09	-0.125916
1.19113e-09	-0.126956
1.1912e-09	-0.127997
1.19127e-09	-0.129038
1.19134e-09	-0.130079
1.19141e-09	-0.13112
1.19148e-09	-0.132161
1.19155e-09	-0.133202
1.19162e-09	-0.134243
1.1917e-09	-0.135285
1.19177e-09	-0.136326
1.19184e-09	-0.137367
1.19191e-09	-0.138409
1.19198e-09	-0.13945
1.19205e-09	-0.140492
1.19212e-09	-0.141533
1.19219e-09	-0.142575
1.19226e-09	-0.143617
1.19233e-09	-0.144659
1.19241e-09	-0.1457
1.19248e-09	-0.146742
1.19255e-09	-0.147784
1.19262e-09	-0.148826
1.19269e-09	-0.149868
1.19276e-09	-0.15091
1.19283e-09	-0.151952
1.1929e-09	-0.152994
1.19297e-09	-0.154036
1.19304e-09	-0.155078
1.19311e-09	-0.15612
1.19319e-09	-0.157162
1.19326e-09	-0.158204
1.19333e-09	-0.159247
1.1934e-09	-0.160289
1.19347e-09	-0.161331
1.19354e-09	-0.162373
1.19361e-09	-0.163415
1.19368e-09	-0.164458
1.19375e-09	-0.1655
1.19382e-09	-0.166542
1.19389e-09	-0.167584
1.19397e-09	-0.168626
1.19404e-09	-0.169669
1.19411e-09	-0.170711
1.19418e-09	-0.171753
1.19425e-09	-0.172795
1.19432e-09	-0.173837
1.19439e-09	-0.17488
1.19446e-09	-0.175922
1.19453e-09	-0.176964
1.1946e-09	-0.178006
1.19467e-09	-0.179048
1.19475e-09	-0.18009
1.19482e-09	-0.181132
1.19489e-09	-0.182174
1.19496e-09	-0.183216
1.19503e-09	-0.184258
1.1951e-09	-0.1853
1.19517e-09	-0.186342
1.19524e-09	-0.187384
1.19531e-09	-0.188426
1.19538e-09	-0.189468
1.19545e-09	-0.190509
1.19553e-09	-0.191551
1.1956e-09	-0.192593
1.19567e-09	-0.193634
1.19574e-09	-0.194676
1.19581e-09	-0.195717
1.19588e-09	-0.196759
1.19595e-09	-0.1978
1.19602e-09	-0.198841
1.19609e-09	-0.199882
1.19616e-09	-0.200924
1.19624e-09	-0.201965
1.19631e-09	-0.203006
1.19638e-09	-0.204047
1.19645e-09	-0.205088
1.19652e-09	-0.206128
1.19659e-09	-0.207169
1.19666e-09	-0.20821
1.19673e-09	-0.20925
1.1968e-09	-0.210291
1.19687e-09	-0.211331
1.19694e-09	-0.212372
1.19702e-09	-0.213412
1.19709e-09	-0.214452
1.19716e-09	-0.215492
1.19723e-09	-0.216532
1.1973e-09	-0.217572
1.19737e-09	-0.218612
1.19744e-09	-0.219652
1.19751e-09	-0.220691
1.19758e-09	-0.221731
1.19765e-09	-0.22277
1.19772e-09	-0.223809
1.1978e-09	-0.224848
1.19787e-09	-0.225887
1.19794e-09	-0.226926
1.19801e-09	-0.227965
1.19808e-09	-0.229004
1.19815e-09	-0.230042
1.19822e-09	-0.231081
1.19829e-09	-0.232119
1.19836e-09	-0.233157
1.19843e-09	-0.234195
1.1985e-09	-0.235233
1.19858e-09	-0.236271
1.19865e-09	-0.237309
1.19872e-09	-0.238346
1.19879e-09	-0.239383
1.19886e-09	-0.240421
1.19893e-09	-0.241458
1.199e-09	-0.242495
1.19907e-09	-0.243531
1.19914e-09	-0.244568
1.19921e-09	-0.245605
1.19929e-09	-0.246641
1.19936e-09	-0.247677
1.19943e-09	-0.248713
1.1995e-09	-0.249749
1.19957e-09	-0.250785
1.19964e-09	-0.25182
1.19971e-09	-0.252855
1.19978e-09	-0.253891
1.19985e-09	-0.254926
1.19992e-09	-0.25596
1.19999e-09	-0.256995
1.20007e-09	-0.25803
1.20014e-09	-0.259064
1.20021e-09	-0.260098
1.20028e-09	-0.261132
1.20035e-09	-0.262166
1.20042e-09	-0.263199
1.20049e-09	-0.264233
1.20056e-09	-0.265266
1.20063e-09	-0.266299
1.2007e-09	-0.267332
1.20077e-09	-0.268364
1.20085e-09	-0.269397
1.20092e-09	-0.270429
1.20099e-09	-0.271461
1.20106e-09	-0.272493
1.20113e-09	-0.273524
1.2012e-09	-0.274556
1.20127e-09	-0.275587
1.20134e-09	-0.276618
1.20141e-09	-0.277649
1.20148e-09	-0.278679
1.20155e-09	-0.27971
1.20163e-09	-0.28074
1.2017e-09	-0.281769
1.20177e-09	-0.282799
1.20184e-09	-0.283829
1.20191e-09	-0.284858
1.20198e-09	-0.285887
1.20205e-09	-0.286915
1.20212e-09	-0.287944
1.20219e-09	-0.288972
1.20226e-09	-0.29
1.20233e-09	-0.291028
1.20241e-09	-0.292055
1.20248e-09	-0.293083
1.20255e-09	-0.29411
1.20262e-09	-0.295136
1.20269e-09	-0.296163
1.20276e-09	-0.297189
1.20283e-09	-0.298215
1.2029e-09	-0.299241
1.20297e-09	-0.300266
1.20304e-09	-0.301291
1.20312e-09	-0.302316
1.20319e-09	-0.303341
1.20326e-09	-0.304365
1.20333e-09	-0.30539
1.2034e-09	-0.306414
1.20347e-09	-0.307437
1.20354e-09	-0.30846
1.20361e-09	-0.309483
1.20368e-09	-0.310506
1.20375e-09	-0.311529
1.20382e-09	-0.312551
1.2039e-09	-0.313573
1.20397e-09	-0.314594
1.20404e-09	-0.315616
1.20411e-09	-0.316637
1.20418e-09	-0.317657
1.20425e-09	-0.318678
1.20432e-09	-0.319698
1.20439e-09	-0.320718
1.20446e-09	-0.321737
1.20453e-09	-0.322756
1.2046e-09	-0.323775
1.20468e-09	-0.324794
1.20475e-09	-0.325812
1.20482e-09	-0.32683
1.20489e-09	-0.327848
1.20496e-09	-0.328865
1.20503e-09	-0.329882
1.2051e-09	-0.330899
1.20517e-09	-0.331915
1.20524e-09	-0.332931
1.20531e-09	-0.333947
1.20538e-09	-0.334962
1.20546e-09	-0.335977
1.20553e-09	-0.336992
1.2056e-09	-0.338006
1.20567e-09	-0.33902
1.20574e-09	-0.340034
1.20581e-09	-0.341047
1.20588e-09	-0.34206
1.20595e-09	-0.343073
1.20602e-09	-0.344085
1.20609e-09	-0.345097
1.20617e-09	-0.346109
1.20624e-09	-0.34712
1.20631e-09	-0.348131
1.20638e-09	-0.349141
1.20645e-09	-0.350151
1.20652e-09	-0.351161
1.20659e-09	-0.352171
1.20666e-09	-0.35318
1.20673e-09	-0.354188
1.2068e-09	-0.355197
1.20687e-09	-0.356205
1.20695e-09	-0.357212
1.20702e-09	-0.358219
1.20709e-09	-0.359226
1.20716e-09	-0.360232
1.20723e-09	-0.361238
1.2073e-09	-0.362244
1.20737e-09	-0.363249
1.20744e-09	-0.364254
1.20751e-09	-0.365259
1.20758e-09	-0.366263
1.20765e-09	-0.367266
1.20773e-09	-0.36827
1.2078e-09	-0.369273
1.20787e-09	-0.370275
1.20794e-09	-0.371277
1.20801e-09	-0.372279
1.20808e-09	-0.37328
1.20815e-09	-0.374281
1.20822e-09	-0.375281
1.20829e-09	-0.376281
1.20836e-09	-0.377281
1.20843e-09	-0.37828
1.20851e-09	-0.379279
1.20858e-09	-0.380277
1.20865e-09	-0.381275
1.20872e-09	-0.382272
1.20879e-09	-0.38327
1.20886e-09	-0.384266
1.20893e-09	-0.385262
1.209e-09	-0.386258
1.20907e-09	-0.387253
1.20914e-09	-0.388248
1.20922e-09	-0.389243
1.20929e-09	-0.390237
1.20936e-09	-0.39123
1.20943e-09	-0.392223
1.2095e-09	-0.393216
1.20957e-09	-0.394208
1.20964e-09	-0.3952
1.20971e-09	-0.396191
1.20978e-09	-0.397182
1.20985e-09	-0.398172
1.20992e-09	-0.399162
1.21e-09	-0.400151
1.21007e-09	-0.40114
1.21014e-09	-0.402129
1.21021e-09	-0.403117
1.21028e-09	-0.404104
1.21035e-09	-0.405091
1.21042e-09	-0.406078
1.21049e-09	-0.407064
1.21056e-09	-0.40805
1.21063e-09	-0.409035
1.2107e-09	-0.41002
1.21078e-09	-0.411004
1.21085e-09	-0.411987
1.21092e-09	-0.412971
1.21099e-09	-0.413953
1.21106e-09	-0.414935
1.21113e-09	-0.415917
1.2112e-09	-0.416898
1.21127e-09	-0.417879
1.21134e-09	-0.418859
1.21141e-09	-0.419839
1.21148e-09	-0.420818
1.21156e-09	-0.421797
1.21163e-09	-0.422775
1.2117e-09	-0.423753
1.21177e-09	-0.42473
1.21184e-09	-0.425706
1.21191e-09	-0.426683
1.21198e-09	-0.427658
1.21205e-09	-0.428633
1.21212e-09	-0.429608
1.21219e-09	-0.430582
1.21226e-09	-0.431555
1.21234e-09	-0.432528
1.21241e-09	-0.4335
1.21248e-09	-0.434472
1.21255e-09	-0.435444
1.21262e-09	-0.436414
1.21269e-09	-0.437385
1.21276e-09	-0.438354
1.21283e-09	-0.439324
1.2129e-09	-0.440292
1.21297e-09	-0.44126
1.21305e-09	-0.442228
1.21312e-09	-0.443195
1.21319e-09	-0.444161
1.21326e-09	-0.445127
1.21333e-09	-0.446092
1.2134e-09	-0.447057
1.21347e-09	-0.448021
1.21354e-09	-0.448985
1.21361e-09	-0.449948
1.21368e-09	-0.45091
1.21375e-09	-0.451872
1.21383e-09	-0.452833
1.2139e-09	-0.453794
1.21397e-09	-0.454754
1.21404e-09	-0.455714
1.21411e-09	-0.456673
1.21418e-09	-0.457631
1.21425e-09	-0.458589
1.21432e-09	-0.459546
1.21439e-09	-0.460503
1.21446e-09	-0.461459
1.21453e-09	-0.462414
1.21461e-09	-0.463369
1.21468e-09	-0.464323
1.21475e-09	-0.465277
1.21482e-09	-0.46623
1.21489e-09	-0.467182
1.21496e-09	-0.468134
1.21503e-09	-0.469086
1.2151e-09	-0.470036
1.21517e-09	-0.470986
1.21524e-09	-0.471936
1.21531e-09	-0.472884
1.21539e-09	-0.473832
1.21546e-09	-0.47478
1.21553e-09	-0.475727
1.2156e-09	-0.476673
1.21567e-09	-0.477619
1.21574e-09	-0.478564
1.21581e-09	-0.479508
1.21588e-09	-0.480452
1.21595e-09	-0.481395
1.21602e-09	-0.482338
1.2161e-09	-0.48328
1.21617e-09	-0.484221
1.21624e-09	-0.485161
1.21631e-09	-0.486101
1.21638e-09	-0.487041
1.21645e-09	-0.487979
1.21652e-09	-0.488917
1.21659e-09	-0.489855
1.21666e-09	-0.490791
1.21673e-09	-0.491727
1.2168e-09	-0.492663
1.21688e-09	-0.493597
1.21695e-09	-0.494531
1.21702e-09	-0.495465
1.21709e-09	-0.496397
1.21716e-09	-0.497329
1.21723e-09	-0.498261
1.2173e-09	-0.499192
1.21737e-09	-0.500122
1.21744e-09	-0.501051
1.21751e-09	-0.50198
1.21758e-09	-0.502908
1.21766e-09	-0.503835
1.21773e-09	-0.504762
1.2178e-09	-0.505687
1.21787e-09	-0.506613
1.21794e-09	-0.507537
1.21801e-09	-0.508461
1.21808e-09	-0.509384
1.21815e-09	-0.510307
1.21822e-09	-0.511229
1.21829e-09	-0.51215
1.21836e-09	-0.51307
1.21844e-09	-0.51399
1.21851e-09	-0.514909
1.21858e-09	-0.515827
1.21865e-09	-0.516744
1.21872e-09	-0.517661
1.21879e-09	-0.518577
1.21886e-09	-0.519493
1.21893e-09	-0.520408
1.219e-09	-0.521322
1.21907e-09	-0.522235
1.21914e-09	-0.523147
1.21922e-09	-0.524059
1.21929e-09	-0.52497
1.21936e-09	-0.525881
1.21943e-09	-0.52679
1.2195e-09	-0.527699
1.21957e-09	-0.528607
1.21964e-09	-0.529515
1.21971e-09	-0.530421
1.21978e-09	-0.531327
1.21985e-09	-0.532232
1.21993e-09	-0.533137
1.22e-09	-0.534041
1.22007e-09	-0.534944
1.22014e-09	-0.535846
1.22021e-09	-0.536747
1.22028e-09	-0.537648
1.22035e-09	-0.538548
1.22042e-09	-0.539447
1.22049e-09	-0.540345
1.22056e-09	-0.541243
1.22063e-09	-0.54214
1.22071e-09	-0.543036
1.22078e-09	-0.543931
1.22085e-09	-0.544826
1.22092e-09	-0.54572
1.22099e-09	-0.546613
1.22106e-09	-0.547505
1.22113e-09	-0.548397
1.2212e-09	-0.549287
1.22127e-09	-0.550177
1.22134e-09	-0.551066
1.22141e-09	-0.551955
1.22149e-09	-0.552842
1.22156e-09	-0.553729
1.22163e-09	-0.554615
1.2217e-09	-0.5555
1.22177e-09	-0.556385
1.22184e-09	-0.557268
1.22191e-09	-0.558151
1.22198e-09	-0.559033
1.22205e-09	-0.559914
1.22212e-09	-0.560795
1.22219e-09	-0.561674
1.22227e-09	-0.562553
1.22234e-09	-0.563431
1.22241e-09	-0.564308
1.22248e-09	-0.565185
1.22255e-09	-0.56606
1.22262e-09	-0.566935
1.22269e-09	-0.567809
1.22276e-09	-0.568682
1.22283e-09	-0.569554
1.2229e-09	-0.570425
1.22298e-09	-0.571296
1.22305e-09	-0.572166
1.22312e-09	-0.573035
1.22319e-09	-0.573903
1.22326e-09	-0.57477
1.22333e-09	-0.575636
1.2234e-09	-0.576502
1.22347e-09	-0.577367
1.22354e-09	-0.578231
1.22361e-09	-0.579094
1.22368e-09	-0.579956
1.22376e-09	-0.580817
1.22383e-09	-0.581678
1.2239e-09	-0.582538
1.22397e-09	-0.583396
1.22404e-09	-0.584254
1.22411e-09	-0.585111
1.22418e-09	-0.585968
1.22425e-09	-0.586823
1.22432e-09	-0.587678
1.22439e-09	-0.588531
1.22446e-09	-0.589384
1.22454e-09	-0.590236
1.22461e-09	-0.591087
1.22468e-09	-0.591937
1.22475e-09	-0.592786
1.22482e-09	-0.593635
1.22489e-09	-0.594482
1.22496e-09	-0.595329
1.22503e-09	-0.596175
1.2251e-09	-0.59702
1.22517e-09	-0.597864
1.22524e-09	-0.598707
1.22532e-09	-0.599549
1.22539e-09	-0.60039
1.22546e-09	-0.601231
1.22553e-09	-0.60207
1.2256e-09	-0.602909
1.22567e-09	-0.603747
1.22574e-09	-0.604584
1.22581e-09	-0.60542
1.22588e-09	-0.606255
1.22595e-09	-0.607089
1.22602e-09	-0.607922
1.2261e-09	-0.608754
1.22617e-09	-0.609586
1.22624e-09	-0.610416
1.22631e-09	-0.611246
1.22638e-09	-0.612075
1.22645e-09	-0.612902
1.22652e-09	-0.613729
1.22659e-09	-0.614555
1.22666e-09	-0.61538
1.22673e-09	-0.616204
1.22681e-09	-0.617027
1.22688e-09	-0.617849
1.22695e-09	-0.618671
1.22702e-09	-0.619491
1.22709e-09	-0.62031
1.22716e-09	-0.621129
1.22723e-09	-0.621946
1.2273e-09	-0.622763
1.22737e-09	-0.623579
1.22744e-09	-0.624393
1.22751e-09	-0.625207
1.22759e-09	-0.62602
1.22766e-09	-0.626832
1.22773e-09	-0.627643
1.2278e-09	-0.628453
1.22787e-09	-0.629262
1.22794e-09	-0.63007
1.22801e-09	-0.630877
1.22808e-09	-0.631683
1.22815e-09	-0.632488
1.22822e-09	-0.633292
1.22829e-09	-0.634095
1.22837e-09	-0.634898
1.22844e-09	-0.635699
1.22851e-09	-0.636499
1.22858e-09	-0.637299
1.22865e-09	-0.638097
1.22872e-09	-0.638894
1.22879e-09	-0.639691
1.22886e-09	-0.640486
1.22893e-09	-0.641281
1.229e-09	-0.642074
1.22907e-09	-0.642867
1.22915e-09	-0.643658
1.22922e-09	-0.644449
1.22929e-09	-0.645238
1.22936e-09	-0.646027
1.22943e-09	-0.646814
1.2295e-09	-0.647601
1.22957e-09	-0.648386
1.22964e-09	-0.649171
1.22971e-09	-0.649954
1.22978e-09	-0.650737
1.22986e-09	-0.651518
1.22993e-09	-0.652299
1.23e-09	-0.653078
1.23007e-09	-0.653857
1.23014e-09	-0.654634
1.23021e-09	-0.655411
1.23028e-09	-0.656186
1.23035e-09	-0.656961
1.23042e-09	-0.657734
1.23049e-09	-0.658507
1.23056e-09	-0.659278
1.23064e-09	-0.660048
1.23071e-09	-0.660818
1.23078e-09	-0.661586
1.23085e-09	-0.662353
1.23092e-09	-0.663119
1.23099e-09	-0.663885
1.23106e-09	-0.664649
1.23113e-09	-0.665412
1.2312e-09	-0.666174
1.23127e-09	-0.666935
1.23134e-09	-0.667695
1.23142e-09	-0.668454
1.23149e-09	-0.669212
1.23156e-09	-0.669969
1.23163e-09	-0.670725
1.2317e-09	-0.67148
1.23177e-09	-0.672233
1.23184e-09	-0.672986
1.23191e-09	-0.673738
1.23198e-09	-0.674488
1.23205e-09	-0.675238
1.23212e-09	-0.675986
1.2322e-09	-0.676733
1.23227e-09	-0.67748
1.23234e-09	-0.678225
1.23241e-09	-0.678969
1.23248e-09	-0.679712
1.23255e-09	-0.680454
1.23262e-09	-0.681195
1.23269e-09	-0.681935
1.23276e-09	-0.682674
1.23283e-09	-0.683412
1.2329e-09	-0.684148
1.23298e-09	-0.684884
1.23305e-09	-0.685619
1.23312e-09	-0.686352
1.23319e-09	-0.687084
1.23326e-09	-0.687816
1.23333e-09	-0.688546
1.2334e-09	-0.689275
1.23347e-09	-0.690003
1.23354e-09	-0.69073
1.23361e-09	-0.691455
1.23369e-09	-0.69218
1.23376e-09	-0.692904
1.23383e-09	-0.693626
1.2339e-09	-0.694348
1.23397e-09	-0.695068
1.23404e-09	-0.695787
1.23411e-09	-0.696505
1.23418e-09	-0.697222
1.23425e-09	-0.697938
1.23432e-09	-0.698653
1.23439e-09	-0.699366
1.23447e-09	-0.700079
1.23454e-09	-0.70079
1.23461e-09	-0.7015
1.23468e-09	-0.702209
1.23475e-09	-0.702917
1.23482e-09	-0.703624
1.23489e-09	-0.70433
1.23496e-09	-0.705035
1.23503e-09	-0.705738
1.2351e-09	-0.706441
1.23517e-09	-0.707142
1.23525e-09	-0.707842
1.23532e-09	-0.708541
1.23539e-09	-0.709239
1.23546e-09	-0.709936
1.23553e-09	-0.710631
1.2356e-09	-0.711326
1.23567e-09	-0.712019
1.23574e-09	-0.712711
1.23581e-09	-0.713402
1.23588e-09	-0.714092
1.23595e-09	-0.714781
1.23603e-09	-0.715468
1.2361e-09	-0.716154
1.23617e-09	-0.71684
1.23624e-09	-0.717524
1.23631e-09	-0.718207
1.23638e-09	-0.718888
1.23645e-09	-0.719569
1.23652e-09	-0.720248
1.23659e-09	-0.720927
1.23666e-09	-0.721604
1.23674e-09	-0.72228
1.23681e-09	-0.722954
1.23688e-09	-0.723628
1.23695e-09	-0.724301
1.23702e-09	-0.724972
1.23709e-09	-0.725642
1.23716e-09	-0.726311
1.23723e-09	-0.726978
1.2373e-09	-0.727645
1.23737e-09	-0.72831
1.23744e-09	-0.728974
1.23752e-09	-0.729637
1.23759e-09	-0.730299
1.23766e-09	-0.73096
1.23773e-09	-0.731619
1.2378e-09	-0.732278
1.23787e-09	-0.732935
1.23794e-09	-0.73359
1.23801e-09	-0.734245
1.23808e-09	-0.734899
1.23815e-09	-0.735551
1.23822e-09	-0.736202
1.2383e-09	-0.736852
1.23837e-09	-0.7375
1.23844e-09	-0.738148
1.23851e-09	-0.738794
1.23858e-09	-0.739439
1.23865e-09	-0.740083
1.23872e-09	-0.740725
1.23879e-09	-0.741367
1.23886e-09	-0.742007
1.23893e-09	-0.742646
1.239e-09	-0.743284
1.23908e-09	-0.74392
1.23915e-09	-0.744556
1.23922e-09	-0.74519
1.23929e-09	-0.745822
1.23936e-09	-0.746454
1.23943e-09	-0.747084
1.2395e-09	-0.747714
1.23957e-09	-0.748342
1.23964e-09	-0.748968
1.23971e-09	-0.749594
1.23978e-09	-0.750218
1.23986e-09	-0.750841
1.23993e-09	-0.751463
1.24e-09	-0.752083
1.24007e-09	-0.752703
1.24014e-09	-0.753321
1.24021e-09	-0.753938
1.24028e-09	-0.754553
1.24035e-09	-0.755168
1.24042e-09	-0.755781
1.24049e-09	-0.756392
1.24057e-09	-0.757003
1.24064e-09	-0.757612
1.24071e-09	-0.75822
1.24078e-09	-0.758827
1.24085e-09	-0.759433
1.24092e-09	-0.760037
1.24099e-09	-0.76064
1.24106e-09	-0.761242
1.24113e-09	-0.761842
1.2412e-09	-0.762442
1.24127e-09	-0.76304
1.24135e-09	-0.763636
1.24142e-09	-0.764232
1.24149e-09	-0.764826
1.24156e-09	-0.765419
1.24163e-09	-0.766011
1.2417e-09	-0.766601
1.24177e-09	-0.76719
1.24184e-09	-0.767778
1.24191e-09	-0.768365
1.24198e-09	-0.76895
1.24205e-09	-0.769534
1.24213e-09	-0.770117
1.2422e-09	-0.770698
1.24227e-09	-0.771278
1.24234e-09	-0.771857
1.24241e-09	-0.772435
1.24248e-09	-0.773011
1.24255e-09	-0.773586
1.24262e-09	-0.77416
1.24269e-09	-0.774732
1.24276e-09	-0.775303
1.24283e-09	-0.775873
1.24291e-09	-0.776441
1.24298e-09	-0.777009
1.24305e-09	-0.777574
1.24312e-09	-0.778139
1.24319e-09	-0.778702
1.24326e-09	-0.779264
1.24333e-09	-0.779825
1.2434e-09	-0.780384
1.24347e-09	-0.780943
1.24354e-09	-0.781499
1.24362e-09	-0.782055
1.24369e-09	-0.782609
1.24376e-09	-0.783162
1.24383e-09	-0.783713
1.2439e-09	-0.784263
1.24397e-09	-0.784812
1.24404e-09	-0.78536
1.24411e-09	-0.785906
1.24418e-09	-0.786451
1.24425e-09	-0.786995
1.24432e-09	-0.787537
1.2444e-09	-0.788078
1.24447e-09	-0.788618
1.24454e-09	-0.789156
1.24461e-09	-0.789693
1.24468e-09	-0.790228
1.24475e-09	-0.790763
1.24482e-09	-0.791296
1.24489e-09	-0.791827
1.24496e-09	-0.792358
1.24503e-09	-0.792886
1.2451e-09	-0.793414
1.24518e-09	-0.79394
1.24525e-09	-0.794465
1.24532e-09	-0.794989
1.24539e-09	-0.795511
1.24546e-09	-0.796032
1.24553e-09	-0.796552
1.2456e-09	-0.79707
1.24567e-09	-0.797587
1.24574e-09	-0.798102
1.24581e-09	-0.798616
1.24588e-09	-0.799129
1.24596e-09	-0.79964
1.24603e-09	-0.80015
1.2461e-09	-0.800659
1.24617e-09	-0.801167
1.24624e-09	-0.801673
1.24631e-09	-0.802177
1.24638e-09	-0.80268
1.24645e-09	-0.803182
1.24652e-09	-0.803683
1.24659e-09	-0.804182
1.24666e-09	-0.80468
1.24674e-09	-0.805176
1.24681e-09	-0.805671
1.24688e-09	-0.806165
1.24695e-09	-0.806657
1.24702e-09	-0.807148
1.24709e-09	-0.807638
1.24716e-09	-0.808126
1.24723e-09	-0.808613
1.2473e-09	-0.809098
1.24737e-09	-0.809582
1.24745e-09	-0.810065
1.24752e-09	-0.810546
1.24759e-09	-0.811026
1.24766e-09	-0.811505
1.24773e-09	-0.811982
1.2478e-09	-0.812457
1.24787e-09	-0.812932
1.24794e-09	-0.813405
1.24801e-09	-0.813876
1.24808e-09	-0.814346
1.24815e-09	-0.814815
1.24823e-09	-0.815283
1.2483e-09	-0.815749
1.24837e-09	-0.816213
1.24844e-09	-0.816676
1.24851e-09	-0.817138
1.24858e-09	-0.817599
1.24865e-09	-0.818057
1.24872e-09	-0.818515
1.24879e-09	-0.818971
1.24886e-09	-0.819426
1.24893e-09	-0.819879
1.24901e-09	-0.820331
1.24908e-09	-0.820782
1.24915e-09	-0.821231
1.24922e-09	-0.821679
1.24929e-09	-0.822125
1.24936e-09	-0.82257
1.24943e-09	-0.823013
1.2495e-09	-0.823455
1.24957e-09	-0.823896
1.24964e-09	-0.824335
1.24971e-09	-0.824773
1.24979e-09	-0.825209
1.24986e-09	-0.825644
1.24993e-09	-0.826078
1.25e-09	-0.82651
1.25007e-09	-0.826941
1.25014e-09	-0.82737
1.25021e-09	-0.827798
1.25028e-09	-0.828224
1.25035e-09	-0.828649
1.25042e-09	-0.829072
1.2505e-09	-0.829495
1.25057e-09	-0.829915
1.25064e-09	-0.830334
1.25071e-09	-0.830752
1.25078e-09	-0.831168
1.25085e-09	-0.831583
1.25092e-09	-0.831997
1.25099e-09	-0.832409
1.25106e-09	-0.832819
1.25113e-09	-0.833229
1.2512e-09	-0.833636
1.25128e-09	-0.834042
1.25135e-09	-0.834447
1.25142e-09	-0.834851
1.25149e-09	-0.835253
1.25156e-09	-0.835653
1.25163e-09	-0.836052
1.2517e-09	-0.83645
1.25177e-09	-0.836846
1.25184e-09	-0.83724
1.25191e-09	-0.837633
1.25198e-09	-0.838025
1.25206e-09	-0.838415
1.25213e-09	-0.838804
1.2522e-09	-0.839192
1.25227e-09	-0.839577
1.25234e-09	-0.839962
1.25241e-09	-0.840345
1.25248e-09	-0.840726
1.25255e-09	-0.841106
1.25262e-09	-0.841485
1.25269e-09	-0.841862
1.25276e-09	-0.842238
1.25284e-09	-0.842612
1.25291e-09	-0.842984
1.25298e-09	-0.843356
1.25305e-09	-0.843726
1.25312e-09	-0.844094
1.25319e-09	-0.844461
1.25326e-09	-0.844826
1.25333e-09	-0.84519
1.2534e-09	-0.845552
1.25347e-09	-0.845913
1.25354e-09	-0.846272
1.25362e-09	-0.84663
1.25369e-09	-0.846987
1.25376e-09	-0.847342
1.25383e-09	-0.847695
1.2539e-09	-0.848047
1.25397e-09	-0.848398
1.25404e-09	-0.848747
1.25411e-09	-0.849094
1.25418e-09	-0.84944
1.25425e-09	-0.849785
1.25433e-09	-0.850128
1.2544e-09	-0.85047
1.25447e-09	-0.85081
1.25454e-09	-0.851148
1.25461e-09	-0.851485
1.25468e-09	-0.851821
1.25475e-09	-0.852155
1.25482e-09	-0.852488
1.25489e-09	-0.852819
1.25496e-09	-0.853148
1.25503e-09	-0.853476
1.25511e-09	-0.853803
1.25518e-09	-0.854128
1.25525e-09	-0.854452
1.25532e-09	-0.854774
1.25539e-09	-0.855094
1.25546e-09	-0.855413
1.25553e-09	-0.855731
1.2556e-09	-0.856047
1.25567e-09	-0.856362
1.25574e-09	-0.856675
1.25581e-09	-0.856986
1.25589e-09	-0.857296
1.25596e-09	-0.857605
1.25603e-09	-0.857912
1.2561e-09	-0.858217
1.25617e-09	-0.858521
1.25624e-09	-0.858824
1.25631e-09	-0.859125
1.25638e-09	-0.859424
1.25645e-09	-0.859722
1.25652e-09	-0.860018
1.25659e-09	-0.860313
1.25667e-09	-0.860607
1.25674e-09	-0.860898
1.25681e-09	-0.861189
1.25688e-09	-0.861477
1.25695e-09	-0.861765
1.25702e-09	-0.86205
1.25709e-09	-0.862335
1.25716e-09	-0.862617
1.25723e-09	-0.862898
1.2573e-09	-0.863178
1.25738e-09	-0.863456
1.25745e-09	-0.863733
1.25752e-09	-0.864008
1.25759e-09	-0.864281
1.25766e-09	-0.864553
1.25773e-09	-0.864824
1.2578e-09	-0.865092
1.25787e-09	-0.86536
1.25794e-09	-0.865626
1.25801e-09	-0.86589
1.25808e-09	-0.866153
1.25816e-09	-0.866414
1.25823e-09	-0.866673
1.2583e-09	-0.866931
1.25837e-09	-0.867188
1.25844e-09	-0.867443
1.25851e-09	-0.867696
1.25858e-09	-0.867948
1.25865e-09	-0.868199
1.25872e-09	-0.868448
1.25879e-09	-0.868695
1.25886e-09	-0.868941
1.25894e-09	-0.869185
1.25901e-09	-0.869427
1.25908e-09	-0.869669
1.25915e-09	-0.869908
1.25922e-09	-0.870146
1.25929e-09	-0.870383
1.25936e-09	-0.870617
1.25943e-09	-0.870851
1.2595e-09	-0.871082
1.25957e-09	-0.871313
1.25964e-09	-0.871541
1.25972e-09	-0.871768
1.25979e-09	-0.871994
1.25986e-09	-0.872218
1.25993e-09	-0.87244
1.26e-09	-0.872661
1.26007e-09	-0.872881
1.26014e-09	-0.873098
1.26021e-09	-0.873314
1.26028e-09	-0.873529
1.26035e-09	-0.873742
1.26042e-09	-0.873954
1.2605e-09	-0.874164
1.26057e-09	-0.874372
1.26064e-09	-0.874579
1.26071e-09	-0.874784
1.26078e-09	-0.874988
1.26085e-09	-0.87519
1.26092e-09	-0.87539
1.26099e-09	-0.875589
1.26106e-09	-0.875786
1.26113e-09	-0.875982
1.26121e-09	-0.876177
1.26128e-09	-0.876369
1.26135e-09	-0.87656
1.26142e-09	-0.87675
1.26149e-09	-0.876938
1.26156e-09	-0.877124
1.26163e-09	-0.877309
1.2617e-09	-0.877492
1.26177e-09	-0.877674
1.26184e-09	-0.877854
1.26191e-09	-0.878032
1.26199e-09	-0.878209
1.26206e-09	-0.878384
1.26213e-09	-0.878558
1.2622e-09	-0.87873
1.26227e-09	-0.878901
1.26234e-09	-0.87907
1.26241e-09	-0.879237
1.26248e-09	-0.879403
1.26255e-09	-0.879567
1.26262e-09	-0.87973
1.26269e-09	-0.879891
1.26277e-09	-0.88005
1.26284e-09	-0.880208
1.26291e-09	-0.880364
1.26298e-09	-0.880519
1.26305e-09	-0.880672
1.26312e-09	-0.880824
1.26319e-09	-0.880973
1.26326e-09	-0.881122
1.26333e-09	-0.881269
1.2634e-09	-0.881414
1.26347e-09	-0.881557
1.26355e-09	-0.881699
1.26362e-09	-0.88184
1.26369e-09	-0.881978
1.26376e-09	-0.882115
1.26383e-09	-0.882251
1.2639e-09	-0.882385
1.26397e-09	-0.882517
1.26404e-09	-0.882648
1.26411e-09	-0.882777
1.26418e-09	-0.882905
1.26426e-09	-0.883031
1.26433e-09	-0.883155
1.2644e-09	-0.883278
1.26447e-09	-0.883399
1.26454e-09	-0.883519
1.26461e-09	-0.883637
1.26468e-09	-0.883753
1.26475e-09	-0.883868
1.26482e-09	-0.883981
1.26489e-09	-0.884092
1.26496e-09	-0.884202
1.26504e-09	-0.884311
1.26511e-09	-0.884417
1.26518e-09	-0.884522
1.26525e-09	-0.884626
1.26532e-09	-0.884728
1.26539e-09	-0.884828
1.26546e-09	-0.884927
1.26553e-09	-0.885024
1.2656e-09	-0.885119
1.26567e-09	-0.885213
1.26574e-09	-0.885305
1.26582e-09	-0.885396
1.26589e-09	-0.885485
1.26596e-09	-0.885572
1.26603e-09	-0.885658
1.2661e-09	-0.885742
1.26617e-09	-0.885825
1.26624e-09	-0.885906
1.26631e-09	-0.885985
1.26638e-09	-0.886063
1.26645e-09	-0.886139
1.26652e-09	-0.886214
1.2666e-09	-0.886286
1.26667e-09	-0.886358
1.26674e-09	-0.886427
1.26681e-09	-0.886495
1.26688e-09	-0.886562
1.26695e-09	-0.886626
1.26702e-09	-0.88669
1.26709e-09	-0.886751
1.26716e-09	-0.886811
1.26723e-09	-0.886869
1.2673e-09	-0.886926
1.26738e-09	-0.886981
1.26745e-09	-0.887034
1.26752e-09	-0.887086
1.26759e-09	-0.887136
1.26766e-09	-0.887185
1.26773e-09	-0.887232
1.2678e-09	-0.887277
1.26787e-09	-0.887321
1.26794e-09	-0.887363
1.26801e-09	-0.887403
1.26809e-09	-0.887442
1.26816e-09	-0.887479
1.26823e-09	-0.887515
1.2683e-09	-0.887549
1.26837e-09	-0.887581
1.26844e-09	-0.887612
1.26851e-09	-0.887641
1.26858e-09	-0.887668
1.26865e-09	-0.887694
1.26872e-09	-0.887718
1.26879e-09	-0.88774
1.26887e-09	-0.887761
1.26894e-09	-0.887781
1.26901e-09	-0.887798
1.26908e-09	-0.887814
1.26915e-09	-0.887828
1.26922e-09	-0.887841
1.26929e-09	-0.887852
1.26936e-09	-0.887862
1.26943e-09	-0.88787
1.2695e-09	-0.887876
1.26957e-09	-0.88788
1.26965e-09	-0.887883
1.26972e-09	-0.887884
1.26979e-09	-0.887884
1.26986e-09	-0.887882
1.26993e-09	-0.887878
1.27e-09	-0.887873
1.27007e-09	-0.887866
1.27014e-09	-0.887858
1.27021e-09	-0.887848
1.27028e-09	-0.887836
1.27035e-09	-0.887822
1.27043e-09	-0.887807
1.2705e-09	-0.88779
1.27057e-09	-0.887772
1.27064e-09	-0.887752
1.27071e-09	-0.88773
1.27078e-09	-0.887707
1.27085e-09	-0.887682
1.27092e-09	-0.887656
1.27099e-09	-0.887627
1.27106e-09	-0.887598
1.27114e-09	-0.887566
1.27121e-09	-0.887533
1.27128e-09	-0.887498
1.27135e-09	-0.887462
1.27142e-09	-0.887424
1.27149e-09	-0.887384
1.27156e-09	-0.887343
1.27163e-09	-0.8873
1.2717e-09	-0.887255
1.27177e-09	-0.887209
1.27184e-09	-0.887161
1.27192e-09	-0.887111
1.27199e-09	-0.88706
1.27206e-09	-0.887007
1.27213e-09	-0.886953
1.2722e-09	-0.886897
1.27227e-09	-0.886839
1.27234e-09	-0.88678
1.27241e-09	-0.886719
1.27248e-09	-0.886656
1.27255e-09	-0.886591
1.27262e-09	-0.886525
1.2727e-09	-0.886458
1.27277e-09	-0.886389
1.27284e-09	-0.886318
1.27291e-09	-0.886245
1.27298e-09	-0.886171
1.27305e-09	-0.886095
1.27312e-09	-0.886017
1.27319e-09	-0.885938
1.27326e-09	-0.885857
1.27333e-09	-0.885775
1.2734e-09	-0.885691
1.27348e-09	-0.885605
1.27355e-09	-0.885518
1.27362e-09	-0.885429
1.27369e-09	-0.885338
1.27376e-09	-0.885246
1.27383e-09	-0.885152
1.2739e-09	-0.885056
1.27397e-09	-0.884959
1.27404e-09	-0.88486
1.27411e-09	-0.884759
1.27418e-09	-0.884657
1.27426e-09	-0.884553
1.27433e-09	-0.884447
1.2744e-09	-0.88434
1.27447e-09	-0.884231
1.27454e-09	-0.884121
1.27461e-09	-0.884009
1.27468e-09	-0.883895
1.27475e-09	-0.883779
1.27482e-09	-0.883662
1.27489e-09	-0.883544
1.27497e-09	-0.883423
1.27504e-09	-0.883301
1.27511e-09	-0.883177
1.27518e-09	-0.883052
1.27525e-09	-0.882925
1.27532e-09	-0.882796
1.27539e-09	-0.882666
1.27546e-09	-0.882534
1.27553e-09	-0.882401
1.2756e-09	-0.882265
1.27567e-09	-0.882128
1.27575e-09	-0.88199
1.27582e-09	-0.88185
1.27589e-09	-0.881708
1.27596e-09	-0.881564
1.27603e-09	-0.881419
1.2761e-09	-0.881272
1.27617e-09	-0.881124
1.27624e-09	-0.880974
1.27631e-09	-0.880822
1.27638e-09	-0.880669
1.27645e-09	-0.880514
1.27653e-09	-0.880357
1.2766e-09	-0.880199
1.27667e-09	-0.880039
1.27674e-09	-0.879877
1.27681e-09	-0.879714
1.27688e-09	-0.879549
1.27695e-09	-0.879382
1.27702e-09	-0.879214
1.27709e-09	-0.879044
1.27716e-09	-0.878872
1.27723e-09	-0.878699
1.27731e-09	-0.878524
1.27738e-09	-0.878348
1.27745e-09	-0.878169
1.27752e-09	-0.87799
1.27759e-09	-0.877808
1.27766e-09	-0.877625
1.27773e-09	-0.87744
1.2778e-09	-0.877254
1.27787e-09	-0.877066
1.27794e-09	-0.876876
1.27802e-09	-0.876685
1.27809e-09	-0.876491
1.27816e-09	-0.876297
1.27823e-09	-0.8761
1.2783e-09	-0.875902
1.27837e-09	-0.875703
1.27844e-09	-0.875502
1.27851e-09	-0.875299
1.27858e-09	-0.875094
1.27865e-09	-0.874888
1.27872e-09	-0.87468
1.2788e-09	-0.87447
1.27887e-09	-0.874259
1.27894e-09	-0.874046
1.27901e-09	-0.873832
1.27908e-09	-0.873616
1.27915e-09	-0.873398
1.27922e-09	-0.873178
1.27929e-09	-0.872957
1.27936e-09	-0.872735
1.27943e-09	-0.87251
1.2795e-09	-0.872284
1.27958e-09	-0.872057
1.27965e-09	-0.871827
1.27972e-09	-0.871596
1.27979e-09	-0.871364
1.27986e-09	-0.871129
1.27993e-09	-0.870893
1.28e-09	-0.870656
1.28007e-09	-0.870417
1.28014e-09	-0.870176
1.28021e-09	-0.869933
1.28028e-09	-0.869689
1.28036e-09	-0.869443
1.28043e-09	-0.869196
1.2805e-09	-0.868947
1.28057e-09	-0.868696
1.28064e-09	-0.868444
1.28071e-09	-0.868189
1.28078e-09	-0.867934
1.28085e-09	-0.867676
1.28092e-09	-0.867417
1.28099e-09	-0.867157
1.28107e-09	-0.866895
1.28114e-09	-0.866631
1.28121e-09	-0.866365
1.28128e-09	-0.866098
1.28135e-09	-0.865829
1.28142e-09	-0.865559
1.28149e-09	-0.865286
1.28156e-09	-0.865013
1.28163e-09	-0.864737
1.2817e-09	-0.86446
1.28177e-09	-0.864181
1.28185e-09	-0.863901
1.28192e-09	-0.863619
1.28199e-09	-0.863335
1.28206e-09	-0.86305
1.28213e-09	-0.862763
1.2822e-09	-0.862475
1.28227e-09	-0.862184
1.28234e-09	-0.861893
1.28241e-09	-0.861599
1.28248e-09	-0.861304
1.28255e-09	-0.861007
1.28263e-09	-0.860709
1.2827e-09	-0.860409
1.28277e-09	-0.860107
1.28284e-09	-0.859804
1.28291e-09	-0.859499
1.28298e-09	-0.859192
1.28305e-09	-0.858884
1.28312e-09	-0.858574
1.28319e-09	-0.858263
1.28326e-09	-0.857949
1.28333e-09	-0.857635
1.28341e-09	-0.857318
1.28348e-09	-0.857
1.28355e-09	-0.85668
1.28362e-09	-0.856359
1.28369e-09	-0.856036
1.28376e-09	-0.855711
1.28383e-09	-0.855385
1.2839e-09	-0.855057
1.28397e-09	-0.854728
1.28404e-09	-0.854397
1.28411e-09	-0.854064
1.28419e-09	-0.853729
1.28426e-09	-0.853393
1.28433e-09	-0.853056
1.2844e-09	-0.852716
1.28447e-09	-0.852376
1.28454e-09	-0.852033
1.28461e-09	-0.851689
1.28468e-09	-0.851343
1.28475e-09	-0.850995
1.28482e-09	-0.850646
1.2849e-09	-0.850296
1.28497e-09	-0.849943
1.28504e-09	-0.849589
1.28511e-09	-0.849234
1.28518e-09	-0.848876
1.28525e-09	-0.848518
1.28532e-09	-0.848157
1.28539e-09	-0.847795
1.28546e-09	-0.847431
1.28553e-09	-0.847066
1.2856e-09	-0.846699
1.28568e-09	-0.84633
1.28575e-09	-0.84596
1.28582e-09	-0.845588
1.28589e-09	-0.845215
1.28596e-09	-0.844839
1.28603e-09	-0.844463
1.2861e-09	-0.844084
1.28617e-09	-0.843704
1.28624e-09	-0.843323
1.28631e-09	-0.84294
1.28638e-09	-0.842555
1.28646e-09	-0.842168
1.28653e-09	-0.84178
1.2866e-09	-0.84139
1.28667e-09	-0.840999
1.28674e-09	-0.840606
1.28681e-09	-0.840212
1.28688e-09	-0.839815
1.28695e-09	-0.839418
1.28702e-09	-0.839018
1.28709e-09	-0.838617
1.28716e-09	-0.838215
1.28724e-09	-0.83781
1.28731e-09	-0.837404
1.28738e-09	-0.836997
1.28745e-09	-0.836588
1.28752e-09	-0.836177
1.28759e-09	-0.835765
1.28766e-09	-0.835351
1.28773e-09	-0.834935
1.2878e-09	-0.834518
1.28787e-09	-0.834099
1.28795e-09	-0.833679
1.28802e-09	-0.833257
1.28809e-09	-0.832833
1.28816e-09	-0.832408
1.28823e-09	-0.831981
1.2883e-09	-0.831553
1.28837e-09	-0.831123
1.28844e-09	-0.830691
1.28851e-09	-0.830258
1.28858e-09	-0.829823
1.28865e-09	-0.829387
1.28873e-09	-0.828949
1.2888e-09	-0.828509
1.28887e-09	-0.828068
1.28894e-09	-0.827625
1.28901e-09	-0.82718
1.28908e-09	-0.826734
1.28915e-09	-0.826287
1.28922e-09	-0.825837
1.28929e-09	-0.825386
1.28936e-09	-0.824934
1.28943e-09	-0.82448
1.28951e-09	-0.824024
1.28958e-09	-0.823567
1.28965e-09	-0.823108
1.28972e-09	-0.822648
1.28979e-09	-0.822186
1.28986e-09	-0.821722
1.28993e-09	-0.821257
1.29e-09	-0.82079
1.29007e-09	-0.820322
1.29014e-09	-0.819851
1.29021e-09	-0.81938
1.29029e-09	-0.818907
1.29036e-09	-0.818432
1.29043e-09	-0.817955
1.2905e-09	-0.817478
1.29057e-09	-0.816998
1.29064e-09	-0.816517
1.29071e-09	-0.816034
1.29078e-09	-0.81555
1.29085e-09	-0.815064
1.29092e-09	-0.814576
1.29099e-09	-0.814087
1.29107e-09	-0.813597
1.29114e-09	-0.813104
1.29121e-09	-0.812611
1.29128e-09	-0.812115
1.29135e-09	-0.811618
1.29142e-09	-0.81112
1.29149e-09	-0.81062
1.29156e-09	-0.810118
1.29163e-09	-0.809615
1.2917e-09	-0.80911
1.29178e-09	-0.808603
1.29185e-09	-0.808095
1.29192e-09	-0.807586
1.29199e-09	-0.807074
1.29206e-09	-0.806562
1.29213e-09	-0.806047
1.2922e-09	-0.805531
1.29227e-09	-0.805014
1.29234e-09	-0.804495
1.29241e-09	-0.803974
1.29248e-09	-0.803452
1.29256e-09	-0.802928
1.29263e-09	-0.802403
1.2927e-09	-0.801876
1.29277e-09	-0.801348
1.29284e-09	-0.800818
1.29291e-09	-0.800286
1.29298e-09	-0.799753
1.29305e-09	-0.799218
1.29312e-09	-0.798682
1.29319e-09	-0.798144
1.29326e-09	-0.797605
1.29334e-09	-0.797064
1.29341e-09	-0.796521
1.29348e-09	-0.795977
1.29355e-09	-0.795432
1.29362e-09	-0.794885
1.29369e-09	-0.794336
1.29376e-09	-0.793785
1.29383e-09	-0.793234
1.2939e-09	-0.79268
1.29397e-09	-0.792125
1.29404e-09	-0.791569
1.29412e-09	-0.791011
1.29419e-09	-0.790451
1.29426e-09	-0.78989
1.29433e-09	-0.789327
1.2944e-09	-0.788763
1.29447e-09	-0.788197
1.29454e-09	-0.78763
1.29461e-09	-0.787061
1.29468e-09	-0.78649
1.29475e-09	-0.785918
1.29483e-09	-0.785345
1.2949e-09	-0.78477
1.29497e-09	-0.784193
1.29504e-09	-0.783615
1.29511e-09	-0.783035
1.29518e-09	-0.782454
1.29525e-09	-0.781871
1.29532e-09	-0.781287
1.29539e-09	-0.780701
1.29546e-09	-0.780114
1.29553e-09	-0.779525
1.29561e-09	-0.778934
1.29568e-09	-0.778342
1.29575e-09	-0.777749
1.29582e-09	-0.777154
1.29589e-09	-0.776557
1.29596e-09	-0.775959
1.29603e-09	-0.775359
1.2961e-09	-0.774758
1.29617e-09	-0.774155
1.29624e-09	-0.773551
1.29631e-09	-0.772946
1.29639e-09	-0.772338
1.29646e-09	-0.771729
1.29653e-09	-0.771119
1.2966e-09	-0.770507
1.29667e-09	-0.769894
1.29674e-09	-0.769279
1.29681e-09	-0.768663
1.29688e-09	-0.768045
1.29695e-09	-0.767425
1.29702e-09	-0.766804
1.29709e-09	-0.766182
1.29717e-09	-0.765558
1.29724e-09	-0.764933
1.29731e-09	-0.764305
1.29738e-09	-0.763677
1.29745e-09	-0.763047
1.29752e-09	-0.762415
1.29759e-09	-0.761782
1.29766e-09	-0.761148
1.29773e-09	-0.760512
1.2978e-09	-0.759874
1.29787e-09	-0.759235
1.29795e-09	-0.758595
1.29802e-09	-0.757953
1.29809e-09	-0.757309
1.29816e-09	-0.756664
1.29823e-09	-0.756017
1.2983e-09	-0.755369
1.29837e-09	-0.75472
1.29844e-09	-0.754069
1.29851e-09	-0.753416
1.29858e-09	-0.752762
1.29866e-09	-0.752107
1.29873e-09	-0.75145
1.2988e-09	-0.750791
1.29887e-09	-0.750131
1.29894e-09	-0.74947
1.29901e-09	-0.748807
1.29908e-09	-0.748142
1.29915e-09	-0.747476
1.29922e-09	-0.746809
1.29929e-09	-0.74614
1.29936e-09	-0.745469
1.29944e-09	-0.744797
1.29951e-09	-0.744124
1.29958e-09	-0.743449
1.29965e-09	-0.742773
1.29972e-09	-0.742095
1.29979e-09	-0.741416
1.29986e-09	-0.740735
1.29993e-09	-0.740053
1.3e-09	-0.739369
1.30007e-09	-0.738684
1.30014e-09	-0.737997
1.30022e-09	-0.737309
1.30029e-09	-0.73662
1.30036e-09	-0.735929
1.30043e-09	-0.735236
1.3005e-09	-0.734542
1.30057e-09	-0.733847
1.30064e-09	-0.73315
1.30071e-09	-0.732451
1.30078e-09	-0.731751
1.30085e-09	-0.73105
1.30092e-09	-0.730347
1.301e-09	-0.729643
1.30107e-09	-0.728938
1.30114e-09	-0.72823
1.30121e-09	-0.727522
1.30128e-09	-0.726812
1.30135e-09	-0.7261
1.30142e-09	-0.725387
1.30149e-09	-0.724673
1.30156e-09	-0.723957
1.30163e-09	-0.72324
1.30171e-09	-0.722521
1.30178e-09	-0.721801
1.30185e-09	-0.721079
1.30192e-09	-0.720356
1.30199e-09	-0.719632
1.30206e-09	-0.718906
1.30213e-09	-0.718178
1.3022e-09	-0.71745
1.30227e-09	-0.716719
1.30234e-09	-0.715988
1.30241e-09	-0.715254
1.30249e-09	-0.71452
1.30256e-09	-0.713784
1.30263e-09	-0.713047
1.3027e-09	-0.712308
1.30277e-09	-0.711567
1.30284e-09	-0.710826
1.30291e-09	-0.710083
1.30298e-09	-0.709338
1.30305e-09	-0.708592
1.30312e-09	-0.707845
1.30319e-09	-0.707096
1.30327e-09	-0.706345
1.30334e-09	-0.705594
1.30341e-09	-0.704841
1.30348e-09	-0.704086
1.30355e-09	-0.70333
1.30362e-09	-0.702573
1.30369e-09	-0.701814
1.30376e-09	-0.701054
1.30383e-09	-0.700293
1.3039e-09	-0.69953
1.30397e-09	-0.698765
1.30405e-09	-0.697999
1.30412e-09	-0.697232
1.30419e-09	-0.696464
1.30426e-09	-0.695694
1.30433e-09	-0.694922
1.3044e-09	-0.694149
1.30447e-09	-0.693375
1.30454e-09	-0.6926
1.30461e-09	-0.691823
1.30468e-09	-0.691044
1.30475e-09	-0.690264
1.30483e-09	-0.689483
1.3049e-09	-0.688701
1.30497e-09	-0.687917
1.30504e-09	-0.687131
1.30511e-09	-0.686345
1.30518e-09	-0.685556
1.30525e-09	-0.684767
1.30532e-09	-0.683976
1.30539e-09	-0.683184
1.30546e-09	-0.68239
1.30554e-09	-0.681595
1.30561e-09	-0.680799
1.30568e-09	-0.680001
1.30575e-09	-0.679202
1.30582e-09	-0.678401
1.30589e-09	-0.677599
1.30596e-09	-0.676796
1.30603e-09	-0.675991
1.3061e-09	-0.675185
1.30617e-09	-0.674378
1.30624e-09	-0.673569
1.30632e-09	-0.672759
1.30639e-09	-0.671948
1.30646e-09	-0.671135
1.30653e-09	-0.67032
1.3066e-09	-0.669505
1.30667e-09	-0.668688
1.30674e-09	-0.66787
1.30681e-09	-0.66705
1.30688e-09	-0.666229
1.30695e-09	-0.665407
1.30702e-09	-0.664583
1.3071e-09	-0.663758
1.30717e-09	-0.662932
1.30724e-09	-0.662104
1.30731e-09	-0.661275
1.30738e-09	-0.660444
1.30745e-09	-0.659613
1.30752e-09	-0.658779
1.30759e-09	-0.657945
1.30766e-09	-0.657109
1.30773e-09	-0.656272
1.3078e-09	-0.655434
1.30788e-09	-0.654594
1.30795e-09	-0.653753
1.30802e-09	-0.65291
1.30809e-09	-0.652066
1.30816e-09	-0.651221
1.30823e-09	-0.650375
1.3083e-09	-0.649527
1.30837e-09	-0.648678
1.30844e-09	-0.647827
1.30851e-09	-0.646976
1.30859e-09	-0.646123
1.30866e-09	-0.645268
1.30873e-09	-0.644413
1.3088e-09	-0.643555
1.30887e-09	-0.642697
1.30894e-09	-0.641837
1.30901e-09	-0.640977
1.30908e-09	-0.640114
1.30915e-09	-0.639251
1.30922e-09	-0.638386
1.30929e-09	-0.63752
1.30937e-09	-0.636652
1.30944e-09	-0.635783
1.30951e-09	-0.634913
1.30958e-09	-0.634042
1.30965e-09	-0.633169
1.30972e-09	-0.632295
1.30979e-09	-0.63142
1.30986e-09	-0.630543
1.30993e-09	-0.629665
1.31e-09	-0.628786
1.31007e-09	-0.627906
1.31015e-09	-0.627024
1.31022e-09	-0.626141
1.31029e-09	-0.625257
1.31036e-09	-0.624371
1.31043e-09	-0.623484
1.3105e-09	-0.622596
1.31057e-09	-0.621707
1.31064e-09	-0.620816
1.31071e-09	-0.619924
1.31078e-09	-0.619031
1.31085e-09	-0.618136
1.31093e-09	-0.61724
1.311e-09	-0.616343
1.31107e-09	-0.615445
1.31114e-09	-0.614545
1.31121e-09	-0.613644
1.31128e-09	-0.612742
1.31135e-09	-0.611839
1.31142e-09	-0.610934
1.31149e-09	-0.610028
1.31156e-09	-0.609121
1.31163e-09	-0.608212
1.31171e-09	-0.607303
1.31178e-09	-0.606392
1.31185e-09	-0.60548
1.31192e-09	-0.604566
1.31199e-09	-0.603652
1.31206e-09	-0.602736
1.31213e-09	-0.601818
1.3122e-09	-0.6009
1.31227e-09	-0.59998
1.31234e-09	-0.599059
1.31242e-09	-0.598137
1.31249e-09	-0.597214
1.31256e-09	-0.596289
1.31263e-09	-0.595363
1.3127e-09	-0.594436
1.31277e-09	-0.593508
1.31284e-09	-0.592578
1.31291e-09	-0.591648
1.31298e-09	-0.590716
1.31305e-09	-0.589782
1.31312e-09	-0.588848
1.3132e-09	-0.587912
1.31327e-09	-0.586975
1.31334e-09	-0.586037
1.31341e-09	-0.585098
1.31348e-09	-0.584158
1.31355e-09	-0.583216
1.31362e-09	-0.582273
1.31369e-09	-0.581329
1.31376e-09	-0.580383
1.31383e-09	-0.579437
1.3139e-09	-0.578489
1.31398e-09	-0.57754
1.31405e-09	-0.57659
1.31412e-09	-0.575638
1.31419e-09	-0.574686
1.31426e-09	-0.573732
1.31433e-09	-0.572777
1.3144e-09	-0.571821
1.31447e-09	-0.570864
1.31454e-09	-0.569905
1.31461e-09	-0.568945
1.31468e-09	-0.567984
1.31476e-09	-0.567022
1.31483e-09	-0.566059
1.3149e-09	-0.565095
1.31497e-09	-0.564129
1.31504e-09	-0.563162
1.31511e-09	-0.562194
1.31518e-09	-0.561225
1.31525e-09	-0.560255
1.31532e-09	-0.559283
1.31539e-09	-0.55831
1.31547e-09	-0.557337
1.31554e-09	-0.556361
1.31561e-09	-0.555385
1.31568e-09	-0.554408
1.31575e-09	-0.553429
1.31582e-09	-0.55245
1.31589e-09	-0.551469
1.31596e-09	-0.550487
1.31603e-09	-0.549504
1.3161e-09	-0.54852
1.31617e-09	-0.547534
1.31625e-09	-0.546548
1.31632e-09	-0.54556
1.31639e-09	-0.544571
1.31646e-09	-0.543581
1.31653e-09	-0.54259
1.3166e-09	-0.541598
1.31667e-09	-0.540604
1.31674e-09	-0.53961
1.31681e-09	-0.538614
1.31688e-09	-0.537617
1.31695e-09	-0.536619
1.31703e-09	-0.53562
1.3171e-09	-0.53462
1.31717e-09	-0.533618
1.31724e-09	-0.532616
1.31731e-09	-0.531612
1.31738e-09	-0.530608
1.31745e-09	-0.529602
1.31752e-09	-0.528595
1.31759e-09	-0.527587
1.31766e-09	-0.526578
1.31773e-09	-0.525567
1.31781e-09	-0.524556
1.31788e-09	-0.523544
1.31795e-09	-0.52253
1.31802e-09	-0.521515
1.31809e-09	-0.520499
1.31816e-09	-0.519482
1.31823e-09	-0.518464
1.3183e-09	-0.517445
1.31837e-09	-0.516425
1.31844e-09	-0.515404
1.31851e-09	-0.514381
1.31859e-09	-0.513358
1.31866e-09	-0.512333
1.31873e-09	-0.511308
1.3188e-09	-0.510281
1.31887e-09	-0.509253
1.31894e-09	-0.508224
1.31901e-09	-0.507194
1.31908e-09	-0.506163
1.31915e-09	-0.505131
1.31922e-09	-0.504098
1.3193e-09	-0.503064
1.31937e-09	-0.502028
1.31944e-09	-0.500992
1.31951e-09	-0.499954
1.31958e-09	-0.498916
1.31965e-09	-0.497876
1.31972e-09	-0.496836
1.31979e-09	-0.495794
1.31986e-09	-0.494751
1.31993e-09	-0.493707
1.32e-09	-0.492662
1.32008e-09	-0.491616
1.32015e-09	-0.490569
1.32022e-09	-0.489521
1.32029e-09	-0.488472
1.32036e-09	-0.487422
1.32043e-09	-0.486371
1.3205e-09	-0.485319
1.32057e-09	-0.484266
1.32064e-09	-0.483211
1.32071e-09	-0.482156
1.32078e-09	-0.4811
1.32086e-09	-0.480042
1.32093e-09	-0.478984
1.321e-09	-0.477924
1.32107e-09	-0.476864
1.32114e-09	-0.475802
1.32121e-09	-0.47474
1.32128e-09	-0.473676
1.32135e-09	-0.472612
1.32142e-09	-0.471546
1.32149e-09	-0.47048
1.32156e-09	-0.469412
1.32164e-09	-0.468344
1.32171e-09	-0.467274
1.32178e-09	-0.466203
1.32185e-09	-0.465132
1.32192e-09	-0.464059
1.32199e-09	-0.462986
1.32206e-09	-0.461911
1.32213e-09	-0.460835
1.3222e-09	-0.459759
1.32227e-09	-0.458681
1.32235e-09	-0.457603
1.32242e-09	-0.456523
1.32249e-09	-0.455443
1.32256e-09	-0.454361
1.32263e-09	-0.453279
1.3227e-09	-0.452195
1.32277e-09	-0.451111
1.32284e-09	-0.450025
1.32291e-09	-0.448939
1.32298e-09	-0.447851
1.32305e-09	-0.446763
1.32313e-09	-0.445674
1.3232e-09	-0.444583
1.32327e-09	-0.443492
1.32334e-09	-0.4424
1.32341e-09	-0.441307
1.32348e-09	-0.440212
1.32355e-09	-0.439117
1.32362e-09	-0.438021
1.32369e-09	-0.436924
1.32376e-09	-0.435826
1.32383e-09	-0.434727
1.32391e-09	-0.433628
1.32398e-09	-0.432527
1.32405e-09	-0.431425
1.32412e-09	-0.430322
1.32419e-09	-0.429219
1.32426e-09	-0.428114
1.32433e-09	-0.427009
1.3244e-09	-0.425902
1.32447e-09	-0.424795
1.32454e-09	-0.423687
1.32461e-09	-0.422577
1.32469e-09	-0.421467
1.32476e-09	-0.420356
1.32483e-09	-0.419244
1.3249e-09	-0.418131
1.32497e-09	-0.417017
1.32504e-09	-0.415903
1.32511e-09	-0.414787
1.32518e-09	-0.413671
1.32525e-09	-0.412553
1.32532e-09	-0.411435
1.32539e-09	-0.410315
1.32547e-09	-0.409195
1.32554e-09	-0.408074
1.32561e-09	-0.406952
1.32568e-09	-0.405829
1.32575e-09	-0.404706
1.32582e-09	-0.403581
1.32589e-09	-0.402455
1.32596e-09	-0.401329
1.32603e-09	-0.400202
1.3261e-09	-0.399073
1.32618e-09	-0.397944
1.32625e-09	-0.396814
1.32632e-09	-0.395683
1.32639e-09	-0.394552
1.32646e-09	-0.393419
1.32653e-09	-0.392286
1.3266e-09	-0.391151
1.32667e-09	-0.390016
1.32674e-09	-0.38888
1.32681e-09	-0.387743
1.32688e-09	-0.386605
1.32696e-09	-0.385467
1.32703e-09	-0.384327
1.3271e-09	-0.383187
1.32717e-09	-0.382046
1.32724e-09	-0.380903
1.32731e-09	-0.379761
1.32738e-09	-0.378617
1.32745e-09	-0.377472
1.32752e-09	-0.376327
1.32759e-09	-0.37518
1.32766e-09	-0.374033
1.32774e-09	-0.372885
1.32781e-09	-0.371737
1.32788e-09	-0.370587
1.32795e-09	-0.369436
1.32802e-09	-0.368285
1.32809e-09	-0.367133
1.32816e-09	-0.36598
1.32823e-09	-0.364826
1.3283e-09	-0.363672
1.32837e-09	-0.362516
1.32844e-09	-0.36136
1.32852e-09	-0.360203
1.32859e-09	-0.359045
1.32866e-09	-0.357887
1.32873e-09	-0.356727
1.3288e-09	-0.355567
1.32887e-09	-0.354406
1.32894e-09	-0.353244
1.32901e-09	-0.352081
1.32908e-09	-0.350918
1.32915e-09	-0.349754
1.32923e-09	-0.348589
1.3293e-09	-0.347423
1.32937e-09	-0.346256
1.32944e-09	-0.345089
1.32951e-09	-0.34392
1.32958e-09	-0.342752
1.32965e-09	-0.341582
1.32972e-09	-0.340411
1.32979e-09	-0.33924
1.32986e-09	-0.338068
1.32993e-09	-0.336895
1.33001e-09	-0.335721
1.33008e-09	-0.334547
1.33015e-09	-0.333372
1.33022e-09	-0.332196
1.33029e-09	-0.331019
1.33036e-09	-0.329842
1.33043e-09	-0.328664
1.3305e-09	-0.327485
1.33057e-09	-0.326305
1.33064e-09	-0.325125
1.33071e-09	-0.323944
1.33079e-09	-0.322762
1.33086e-09	-0.321579
1.33093e-09	-0.320396
1.331e-09	-0.319211
1.33107e-09	-0.318027
1.33114e-09	-0.316841
1.33121e-09	-0.315655
1.33128e-09	-0.314468
1.33135e-09	-0.31328
1.33142e-09	-0.312091
1.33149e-09	-0.310902
1.33157e-09	-0.309712
1.33164e-09	-0.308521
1.33171e-09	-0.30733
1.33178e-09	-0.306138
1.33185e-09	-0.304945
1.33192e-09	-0.303752
1.33199e-09	-0.302557
1.33206e-09	-0.301362
1.33213e-09	-0.300167
1.3322e-09	-0.29897
1.33227e-09	-0.297773
1.33235e-09	-0.296576
1.33242e-09	-0.295377
1.33249e-09	-0.294178
1.33256e-09	-0.292978
1.33263e-09	-0.291778
1.3327e-09	-0.290577
1.33277e-09	-0.289375
1.33284e-09	-0.288172
1.33291e-09	-0.286969
1.33298e-09	-0.285765
1.33306e-09	-0.284561
1.33313e-09	-0.283355
1.3332e-09	-0.28215
1.33327e-09	-0.280943
1.33334e-09	-0.279736
1.33341e-09	-0.278528
1.33348e-09	-0.277319
1.33355e-09	-0.27611
1.33362e-09	-0.2749
1.33369e-09	-0.27369
1.33376e-09	-0.272478
1.33384e-09	-0.271267
1.33391e-09	-0.270054
1.33398e-09	-0.268841
1.33405e-09	-0.267627
1.33412e-09	-0.266413
1.33419e-09	-0.265198
1.33426e-09	-0.263982
1.33433e-09	-0.262766
1.3344e-09	-0.261549
1.33447e-09	-0.260331
1.33454e-09	-0.259113
1.33462e-09	-0.257894
1.33469e-09	-0.256675
1.33476e-09	-0.255455
1.33483e-09	-0.254234
1.3349e-09	-0.253013
1.33497e-09	-0.251791
1.33504e-09	-0.250569
1.33511e-09	-0.249345
1.33518e-09	-0.248122
1.33525e-09	-0.246897
1.33532e-09	-0.245672
1.3354e-09	-0.244447
1.33547e-09	-0.243221
1.33554e-09	-0.241994
1.33561e-09	-0.240767
1.33568e-09	-0.239539
1.33575e-09	-0.23831
1.33582e-09	-0.237081
1.33589e-09	-0.235852
1.33596e-09	-0.234621
1.33603e-09	-0.233391
1.33611e-09	-0.232159
1.33618e-09	-0.230927
1.33625e-09	-0.229695
1.33632e-09	-0.228462
1.33639e-09	-0.227228
1.33646e-09	-0.225994
1.33653e-09	-0.224759
1.3366e-09	-0.223524
1.33667e-09	-0.222288
1.33674e-09	-0.221051
1.33681e-09	-0.219814
1.33689e-09	-0.218577
1.33696e-09	-0.217338
1.33703e-09	-0.2161
1.3371e-09	-0.214861
1.33717e-09	-0.213621
1.33724e-09	-0.212381
1.33731e-09	-0.21114
1.33738e-09	-0.209898
1.33745e-09	-0.208656
1.33752e-09	-0.207414
1.33759e-09	-0.206171
1.33767e-09	-0.204928
1.33774e-09	-0.203684
1.33781e-09	-0.202439
1.33788e-09	-0.201194
1.33795e-09	-0.199948
1.33802e-09	-0.198702
1.33809e-09	-0.197456
1.33816e-09	-0.196209
1.33823e-09	-0.194961
1.3383e-09	-0.193713
1.33837e-09	-0.192464
1.33845e-09	-0.191215
1.33852e-09	-0.189966
1.33859e-09	-0.188716
1.33866e-09	-0.187465
1.33873e-09	-0.186214
1.3388e-09	-0.184962
1.33887e-09	-0.18371
1.33894e-09	-0.182458
1.33901e-09	-0.181205
1.33908e-09	-0.179951
1.33915e-09	-0.178697
1.33923e-09	-0.177443
1.3393e-09	-0.176188
1.33937e-09	-0.174933
1.33944e-09	-0.173677
1.33951e-09	-0.172421
1.33958e-09	-0.171164
1.33965e-09	-0.169907
1.33972e-09	-0.168649
1.33979e-09	-0.167391
1.33986e-09	-0.166132
1.33994e-09	-0.164873
1.34001e-09	-0.163614
1.34008e-09	-0.162354
1.34015e-09	-0.161093
1.34022e-09	-0.159833
1.34029e-09	-0.158571
1.34036e-09	-0.15731
1.34043e-09	-0.156048
1.3405e-09	-0.154785
1.34057e-09	-0.153522
1.34064e-09	-0.152259
1.34072e-09	-0.150995
1.34079e-09	-0.14973
1.34086e-09	-0.148466
1.34093e-09	-0.147201
1.341e-09	-0.145935
1.34107e-09	-0.144669
1.34114e-09	-0.143403
1.34121e-09	-0.142136
1.34128e-09	-0.140869
1.34135e-09	-0.139602
1.34142e-09	-0.138334
1.3415e-09	-0.137065
1.34157e-09	-0.135797
1.34164e-09	-0.134527
1.34171e-09	-0.133258
1.34178e-09	-0.131988
1.34185e-09	-0.130718
1.34192e-09	-0.129447
1.34199e-09	-0.128176
1.34206e-09	-0.126905
1.34213e-09	-0.125633
1.3422e-09	-0.124361
1.34228e-09	-0.123088
1.34235e-09	-0.121815
1.34242e-09	-0.120542
1.34249e-09	-0.119268
1.34256e-09	-0.117994
1.34263e-09	-0.11672
1.3427e-09	-0.115445
1.34277e-09	-0.11417
1.34284e-09	-0.112895
1.34291e-09	-0.111619
1.34299e-09	-0.110343
1.34306e-09	-0.109066
1.34313e-09	-0.10779
1.3432e-09	-0.106512
1.34327e-09	-0.105235
1.34334e-09	-0.103957
1.34341e-09	-0.102679
1.34348e-09	-0.1014
1.34355e-09	-0.100122
1.34362e-09	-0.0988425
1.34369e-09	-0.0975631
1.34377e-09	-0.0962833
1.34384e-09	-0.0950032
1.34391e-09	-0.0937228
1.34398e-09	-0.092442
1.34405e-09	-0.091161
1.34412e-09	-0.0898797
1.34419e-09	-0.088598
1.34426e-09	-0.0873161
1.34433e-09	-0.0860338
1.3444e-09	-0.0847513
1.34447e-09	-0.0834684
1.34455e-09	-0.0821853
1.34462e-09	-0.0809018
1.34469e-09	-0.0796181
1.34476e-09	-0.0783341
1.34483e-09	-0.0770498
1.3449e-09	-0.0757653
1.34497e-09	-0.0744804
1.34504e-09	-0.0731953
1.34511e-09	-0.0719099
1.34518e-09	-0.0706242
1.34525e-09	-0.0693383
1.34533e-09	-0.0680521
1.3454e-09	-0.0667656
1.34547e-09	-0.0654788
1.34554e-09	-0.0641918
1.34561e-09	-0.0629046
1.34568e-09	-0.0616171
1.34575e-09	-0.0603293
1.34582e-09	-0.0590413
1.34589e-09	-0.0577531
1.34596e-09	-0.0564646
1.34604e-09	-0.0551758
1.34611e-09	-0.0538869
1.34618e-09	-0.0525976
1.34625e-09	-0.0513082
1.34632e-09	-0.0500185
1.34639e-09	-0.0487286
1.34646e-09	-0.0474384
1.34653e-09	-0.0461481
1.3466e-09	-0.0448575
1.34667e-09	-0.0435667
1.34674e-09	-0.0422757
1.34682e-09	-0.0409844
1.34689e-09	-0.039693
1.34696e-09	-0.0384013
1.34703e-09	-0.0371094
1.3471e-09	-0.0358173
1.34717e-09	-0.0345251
1.34724e-09	-0.0332326
1.34731e-09	-0.0319399
1.34738e-09	-0.030647
1.34745e-09	-0.029354
1.34752e-09	-0.0280607
1.3476e-09	-0.0267672
1.34767e-09	-0.0254736
1.34774e-09	-0.0241798
1.34781e-09	-0.0228858
1.34788e-09	-0.0215916
1.34795e-09	-0.0202973
1.34802e-09	-0.0190028
1.34809e-09	-0.0177081
1.34816e-09	-0.0164132
1.34823e-09	-0.0151182
1.3483e-09	-0.013823
1.34838e-09	-0.0125276
1.34845e-09	-0.0112321
1.34852e-09	-0.00993644
1.34859e-09	-0.00864062
1.34866e-09	-0.00734465
1.34873e-09	-0.00604853
1.3488e-09	-0.00475226
1.34887e-09	-0.00345585
1.34894e-09	-0.0021593
1.34901e-09	-0.000862614
1.34908e-09	0.000434211
1.34916e-09	0.00173117
1.34923e-09	0.00302826
1.3493e-09	0.00432548
1.34937e-09	0.00562283
1.34944e-09	0.0069203
1.34951e-09	0.00821789
1.34958e-09	0.0095156
1.34965e-09	0.0108134
1.34972e-09	0.0121114
1.34979e-09	0.0134094
1.34987e-09	0.0147076
1.34994e-09	0.0160058
1.35001e-09	0.0173042
1.35008e-09	0.0186027
1.35015e-09	0.0199012
1.35022e-09	0.0211999
1.35029e-09	0.0224987
1.35036e-09	0.0237975
1.35043e-09	0.0250965
1.3505e-09	0.0263955
1.35057e-09	0.0276946
1.35065e-09	0.0289938
1.35072e-09	0.0302931
1.35079e-09	0.0315924
1.35086e-09	0.0328918
1.35093e-09	0.0341913
1.351e-09	0.0354909
1.35107e-09	0.0367905
1.35114e-09	0.0380902
1.35121e-09	0.03939
1.35128e-09	0.0406898
1.35135e-09	0.0419897
1.35143e-09	0.0432896
1.3515e-09	0.0445896
1.35157e-09	0.0458896
1.35164e-09	0.0471897
1.35171e-09	0.0484898
1.35178e-09	0.0497899
1.35185e-09	0.0510901
1.35192e-09	0.0523904
1.35199e-09	0.0536906
1.35206e-09	0.0549909
1.35213e-09	0.0562913
1.35221e-09	0.0575916
1.35228e-09	0.058892
1.35235e-09	0.0601924
1.35242e-09	0.0614928
1.35249e-09	0.0627932
1.35256e-09	0.0640937
1.35263e-09	0.0653942
1.3527e-09	0.0666946
1.35277e-09	0.0679951
1.35284e-09	0.0692956
1.35292e-09	0.0705961
1.35299e-09	0.0718966
1.35306e-09	0.073197
1.35313e-09	0.0744975
1.3532e-09	0.075798
1.35327e-09	0.0770984
1.35334e-09	0.0783989
1.35341e-09	0.0796993
1.35348e-09	0.0809997
1.35355e-09	0.0823001
1.35362e-09	0.0836005
1.3537e-09	0.0849008
1.35377e-09	0.0862011
1.35384e-09	0.0875014
1.35391e-09	0.0888016
1.35398e-09	0.0901018
1.35405e-09	0.091402
1.35412e-09	0.0927021
1.35419e-09	0.0940022
1.35426e-09	0.0953023
1.35433e-09	0.0966023
1.3544e-09	0.0979022
1.35448e-09	0.0992021
1.35455e-09	0.100502
1.35462e-09	0.101802
1.35469e-09	0.103101
1.35476e-09	0.104401
1.35483e-09	0.105701
1.3549e-09	0.107
1.35497e-09	0.1083
1.35504e-09	0.109599
1.35511e-09	0.110898
1.35518e-09	0.112197
1.35526e-09	0.113497
1.35533e-09	0.114796
1.3554e-09	0.116095
1.35547e-09	0.117394
1.35554e-09	0.118692
1.35561e-09	0.119991
1.35568e-09	0.12129
1.35575e-09	0.122588
1.35582e-09	0.123886
1.35589e-09	0.125185
1.35596e-09	0.126483
1.35604e-09	0.127781
1.35611e-09	0.129079
1.35618e-09	0.130377
1.35625e-09	0.131675
1.35632e-09	0.132972
1.35639e-09	0.13427
1.35646e-09	0.135567
1.35653e-09	0.136864
1.3566e-09	0.138161
1.35667e-09	0.139458
1.35675e-09	0.140755
1.35682e-09	0.142052
1.35689e-09	0.143349
1.35696e-09	0.144645
1.35703e-09	0.145941
1.3571e-09	0.147238
1.35717e-09	0.148534
1.35724e-09	0.149829
1.35731e-09	0.151125
1.35738e-09	0.152421
1.35745e-09	0.153716
1.35753e-09	0.155011
1.3576e-09	0.156306
1.35767e-09	0.157601
1.35774e-09	0.158896
1.35781e-09	0.16019
1.35788e-09	0.161485
1.35795e-09	0.162779
1.35802e-09	0.164073
1.35809e-09	0.165367
1.35816e-09	0.166661
1.35823e-09	0.167954
1.35831e-09	0.169247
1.35838e-09	0.17054
1.35845e-09	0.171833
1.35852e-09	0.173126
1.35859e-09	0.174419
1.35866e-09	0.175711
1.35873e-09	0.177003
1.3588e-09	0.178295
1.35887e-09	0.179587
1.35894e-09	0.180878
1.35901e-09	0.182169
1.35909e-09	0.18346
1.35916e-09	0.184751
1.35923e-09	0.186042
1.3593e-09	0.187332
1.35937e-09	0.188622
1.35944e-09	0.189912
1.35951e-09	0.191202
1.35958e-09	0.192491
1.35965e-09	0.193781
1.35972e-09	0.19507
1.3598e-09	0.196358
1.35987e-09	0.197647
1.35994e-09	0.198935
1.36001e-09	0.200223
1.36008e-09	0.201511
1.36015e-09	0.202798
1.36022e-09	0.204086
1.36029e-09	0.205373
1.36036e-09	0.206659
1.36043e-09	0.207946
1.3605e-09	0.209232
1.36058e-09	0.210518
1.36065e-09	0.211804
1.36072e-09	0.213089
1.36079e-09	0.214374
1.36086e-09	0.215659
1.36093e-09	0.216943
1.361e-09	0.218228
1.36107e-09	0.219512
1.36114e-09	0.220795
1.36121e-09	0.222079
1.36128e-09	0.223362
1.36136e-09	0.224645
1.36143e-09	0.225927
1.3615e-09	0.227209
1.36157e-09	0.228491
1.36164e-09	0.229773
1.36171e-09	0.231054
1.36178e-09	0.232335
1.36185e-09	0.233616
1.36192e-09	0.234896
1.36199e-09	0.236176
1.36206e-09	0.237456
1.36214e-09	0.238735
1.36221e-09	0.240014
1.36228e-09	0.241293
1.36235e-09	0.242572
1.36242e-09	0.24385
1.36249e-09	0.245127
1.36256e-09	0.246405
1.36263e-09	0.247682
1.3627e-09	0.248959
1.36277e-09	0.250235
1.36284e-09	0.251511
1.36292e-09	0.252787
1.36299e-09	0.254062
1.36306e-09	0.255337
1.36313e-09	0.256612
1.3632e-09	0.257886
1.36327e-09	0.25916
1.36334e-09	0.260433
1.36341e-09	0.261706
1.36348e-09	0.262979
1.36355e-09	0.264251
1.36363e-09	0.265524
1.3637e-09	0.266795
1.36377e-09	0.268066
1.36384e-09	0.269337
1.36391e-09	0.270608
1.36398e-09	0.271878
1.36405e-09	0.273148
1.36412e-09	0.274417
1.36419e-09	0.275686
1.36426e-09	0.276954
1.36433e-09	0.278223
1.36441e-09	0.27949
1.36448e-09	0.280758
1.36455e-09	0.282025
1.36462e-09	0.283291
1.36469e-09	0.284557
1.36476e-09	0.285823
1.36483e-09	0.287088
1.3649e-09	0.288353
1.36497e-09	0.289617
1.36504e-09	0.290881
1.36511e-09	0.292145
1.36519e-09	0.293408
1.36526e-09	0.294671
1.36533e-09	0.295933
1.3654e-09	0.297195
1.36547e-09	0.298456
1.36554e-09	0.299717
1.36561e-09	0.300978
1.36568e-09	0.302238
1.36575e-09	0.303497
1.36582e-09	0.304757
1.36589e-09	0.306015
1.36597e-09	0.307274
1.36604e-09	0.308531
1.36611e-09	0.309789
1.36618e-09	0.311046
1.36625e-09	0.312302
1.36632e-09	0.313558
1.36639e-09	0.314813
1.36646e-09	0.316068
1.36653e-09	0.317323
1.3666e-09	0.318577
1.36668e-09	0.31983
1.36675e-09	0.321083
1.36682e-09	0.322336
1.36689e-09	0.323588
1.36696e-09	0.32484
1.36703e-09	0.326091
1.3671e-09	0.327341
1.36717e-09	0.328592
1.36724e-09	0.329841
1.36731e-09	0.33109
1.36738e-09	0.332339
1.36746e-09	0.333587
1.36753e-09	0.334834
1.3676e-09	0.336082
1.36767e-09	0.337328
1.36774e-09	0.338574
1.36781e-09	0.33982
1.36788e-09	0.341065
1.36795e-09	0.342309
1.36802e-09	0.343553
1.36809e-09	0.344796
1.36816e-09	0.346039
1.36824e-09	0.347282
1.36831e-09	0.348523
1.36838e-09	0.349765
1.36845e-09	0.351005
1.36852e-09	0.352246
1.36859e-09	0.353485
1.36866e-09	0.354724
1.36873e-09	0.355963
1.3688e-09	0.357201
1.36887e-09	0.358438
1.36894e-09	0.359675
1.36902e-09	0.360911
1.36909e-09	0.362147
1.36916e-09	0.363382
1.36923e-09	0.364617
1.3693e-09	0.365851
1.36937e-09	0.367084
1.36944e-09	0.368317
1.36951e-09	0.369549
1.36958e-09	0.370781
1.36965e-09	0.372012
1.36972e-09	0.373243
1.3698e-09	0.374473
1.36987e-09	0.375702
1.36994e-09	0.376931
1.37001e-09	0.378159
1.37008e-09	0.379387
1.37015e-09	0.380614
1.37022e-09	0.38184
1.37029e-09	0.383066
1.37036e-09	0.384291
1.37043e-09	0.385516
1.37051e-09	0.386739
1.37058e-09	0.387963
1.37065e-09	0.389186
1.37072e-09	0.390408
1.37079e-09	0.391629
1.37086e-09	0.39285
1.37093e-09	0.39407
1.371e-09	0.39529
1.37107e-09	0.396509
1.37114e-09	0.397727
1.37121e-09	0.398945
1.37129e-09	0.400162
1.37136e-09	0.401378
1.37143e-09	0.402594
1.3715e-09	0.403809
1.37157e-09	0.405023
1.37164e-09	0.406237
1.37171e-09	0.40745
1.37178e-09	0.408663
1.37185e-09	0.409875
1.37192e-09	0.411086
1.37199e-09	0.412297
1.37207e-09	0.413506
1.37214e-09	0.414716
1.37221e-09	0.415924
1.37228e-09	0.417132
1.37235e-09	0.418339
1.37242e-09	0.419546
1.37249e-09	0.420751
1.37256e-09	0.421957
1.37263e-09	0.423161
1.3727e-09	0.424365
1.37277e-09	0.425568
1.37285e-09	0.42677
1.37292e-09	0.427972
1.37299e-09	0.429173
1.37306e-09	0.430373
1.37313e-09	0.431573
1.3732e-09	0.432772
1.37327e-09	0.43397
1.37334e-09	0.435168
1.37341e-09	0.436364
1.37348e-09	0.43756
1.37356e-09	0.438756
1.37363e-09	0.43995
1.3737e-09	0.441144
1.37377e-09	0.442338
1.37384e-09	0.44353
1.37391e-09	0.444722
1.37398e-09	0.445913
1.37405e-09	0.447103
1.37412e-09	0.448293
1.37419e-09	0.449481
1.37426e-09	0.45067
1.37434e-09	0.451857
1.37441e-09	0.453044
1.37448e-09	0.454229
1.37455e-09	0.455415
1.37462e-09	0.456599
1.37469e-09	0.457782
1.37476e-09	0.458965
1.37483e-09	0.460147
1.3749e-09	0.461329
1.37497e-09	0.462509
1.37504e-09	0.463689
1.37512e-09	0.464868
1.37519e-09	0.466046
1.37526e-09	0.467224
1.37533e-09	0.468401
1.3754e-09	0.469577
1.37547e-09	0.470752
1.37554e-09	0.471926
1.37561e-09	0.4731
1.37568e-09	0.474273
1.37575e-09	0.475445
1.37582e-09	0.476616
1.3759e-09	0.477787
1.37597e-09	0.478956
1.37604e-09	0.480125
1.37611e-09	0.481293
1.37618e-09	0.48246
1.37625e-09	0.483627
1.37632e-09	0.484793
1.37639e-09	0.485958
1.37646e-09	0.487122
1.37653e-09	0.488285
1.3766e-09	0.489447
1.37668e-09	0.490609
1.37675e-09	0.49177
1.37682e-09	0.49293
1.37689e-09	0.494089
1.37696e-09	0.495247
1.37703e-09	0.496405
1.3771e-09	0.497561
1.37717e-09	0.498717
1.37724e-09	0.499872
1.37731e-09	0.501026
1.37739e-09	0.50218
1.37746e-09	0.503332
1.37753e-09	0.504484
1.3776e-09	0.505635
1.37767e-09	0.506785
1.37774e-09	0.507934
1.37781e-09	0.509082
1.37788e-09	0.510229
1.37795e-09	0.511376
1.37802e-09	0.512522
1.37809e-09	0.513666
1.37817e-09	0.51481
1.37824e-09	0.515953
1.37831e-09	0.517096
1.37838e-09	0.518237
1.37845e-09	0.519377
1.37852e-09	0.520517
1.37859e-09	0.521656
1.37866e-09	0.522794
1.37873e-09	0.523931
1.3788e-09	0.525067
1.37887e-09	0.526202
1.37895e-09	0.527336
1.37902e-09	0.52847
1.37909e-09	0.529602
1.37916e-09	0.530734
1.37923e-09	0.531864
1.3793e-09	0.532994
1.37937e-09	0.534123
1.37944e-09	0.535251
1.37951e-09	0.536378
1.37958e-09	0.537504
1.37965e-09	0.53863
1.37973e-09	0.539754
1.3798e-09	0.540878
1.37987e-09	0.542
1.37994e-09	0.543122
1.38001e-09	0.544242
1.38008e-09	0.545362
1.38015e-09	0.546481
1.38022e-09	0.547599
1.38029e-09	0.548716
1.38036e-09	0.549832
1.38044e-09	0.550947
1.38051e-09	0.552061
1.38058e-09	0.553175
1.38065e-09	0.554287
1.38072e-09	0.555398
1.38079e-09	0.556509
1.38086e-09	0.557618
1.38093e-09	0.558727
1.381e-09	0.559834
1.38107e-09	0.560941
1.38114e-09	0.562046
1.38122e-09	0.563151
1.38129e-09	0.564255
1.38136e-09	0.565358
1.38143e-09	0.566459
1.3815e-09	0.56756
1.38157e-09	0.56866
1.38164e-09	0.569759
1.38171e-09	0.570857
1.38178e-09	0.571954
1.38185e-09	0.57305
1.38192e-09	0.574145
1.382e-09	0.575239
1.38207e-09	0.576332
1.38214e-09	0.577424
1.38221e-09	0.578515
1.38228e-09	0.579605
1.38235e-09	0.580694
1.38242e-09	0.581782
1.38249e-09	0.582869
1.38256e-09	0.583955
1.38263e-09	0.58504
1.3827e-09	0.586124
1.38278e-09	0.587207
1.38285e-09	0.588289
1.38292e-09	0.58937
1.38299e-09	0.59045
1.38306e-09	0.591529
1.38313e-09	0.592607
1.3832e-09	0.593684
1.38327e-09	0.59476
1.38334e-09	0.595835
1.38341e-09	0.596909
1.38348e-09	0.597981
1.38356e-09	0.599053
1.38363e-09	0.600124
1.3837e-09	0.601194
1.38377e-09	0.602262
1.38384e-09	0.60333
1.38391e-09	0.604397
1.38398e-09	0.605462
1.38405e-09	0.606527
1.38412e-09	0.60759
1.38419e-09	0.608653
1.38427e-09	0.609714
1.38434e-09	0.610774
1.38441e-09	0.611834
1.38448e-09	0.612892
1.38455e-09	0.613949
1.38462e-09	0.615005
1.38469e-09	0.61606
1.38476e-09	0.617114
1.38483e-09	0.618167
1.3849e-09	0.619219
1.38497e-09	0.62027
1.38505e-09	0.621319
1.38512e-09	0.622368
1.38519e-09	0.623415
1.38526e-09	0.624462
1.38533e-09	0.625507
1.3854e-09	0.626552
1.38547e-09	0.627595
1.38554e-09	0.628637
1.38561e-09	0.629678
1.38568e-09	0.630718
1.38575e-09	0.631757
1.38583e-09	0.632794
1.3859e-09	0.633831
1.38597e-09	0.634866
1.38604e-09	0.635901
1.38611e-09	0.636934
1.38618e-09	0.637966
1.38625e-09	0.638997
1.38632e-09	0.640027
1.38639e-09	0.641056
1.38646e-09	0.642084
1.38653e-09	0.643111
1.38661e-09	0.644136
1.38668e-09	0.645161
1.38675e-09	0.646184
1.38682e-09	0.647206
1.38689e-09	0.648227
1.38696e-09	0.649247
1.38703e-09	0.650266
1.3871e-09	0.651283
1.38717e-09	0.6523
1.38724e-09	0.653315
1.38732e-09	0.654329
1.38739e-09	0.655342
1.38746e-09	0.656354
1.38753e-09	0.657365
1.3876e-09	0.658375
1.38767e-09	0.659383
1.38774e-09	0.66039
1.38781e-09	0.661397
1.38788e-09	0.662402
1.38795e-09	0.663406
1.38802e-09	0.664408
1.3881e-09	0.66541
1.38817e-09	0.66641
1.38824e-09	0.667409
1.38831e-09	0.668407
1.38838e-09	0.669404
1.38845e-09	0.6704
1.38852e-09	0.671394
1.38859e-09	0.672388
1.38866e-09	0.67338
1.38873e-09	0.674371
1.3888e-09	0.675361
1.38888e-09	0.676349
1.38895e-09	0.677337
1.38902e-09	0.678323
1.38909e-09	0.679308
1.38916e-09	0.680292
1.38923e-09	0.681275
1.3893e-09	0.682256
1.38937e-09	0.683236
1.38944e-09	0.684215
1.38951e-09	0.685193
1.38958e-09	0.68617
1.38966e-09	0.687145
1.38973e-09	0.68812
1.3898e-09	0.689093
1.38987e-09	0.690065
1.38994e-09	0.691035
1.39001e-09	0.692005
1.39008e-09	0.692973
1.39015e-09	0.69394
1.39022e-09	0.694906
1.39029e-09	0.69587
1.39036e-09	0.696833
1.39044e-09	0.697795
1.39051e-09	0.698756
1.39058e-09	0.699716
1.39065e-09	0.700674
1.39072e-09	0.701631
1.39079e-09	0.702587
1.39086e-09	0.703542
1.39093e-09	0.704496
1.391e-09	0.705448
1.39107e-09	0.706399
1.39115e-09	0.707348
1.39122e-09	0.708297
1.39129e-09	0.709244
1.39136e-09	0.71019
1.39143e-09	0.711135
1.3915e-09	0.712078
1.39157e-09	0.71302
1.39164e-09	0.713961
1.39171e-09	0.714901
1.39178e-09	0.715839
1.39185e-09	0.716777
1.39193e-09	0.717713
1.392e-09	0.718647
1.39207e-09	0.71958
1.39214e-09	0.720513
1.39221e-09	0.721443
1.39228e-09	0.722373
1.39235e-09	0.723301
1.39242e-09	0.724228
1.39249e-09	0.725154
1.39256e-09	0.726078
1.39263e-09	0.727001
1.39271e-09	0.727923
1.39278e-09	0.728844
1.39285e-09	0.729763
1.39292e-09	0.730681
1.39299e-09	0.731598
1.39306e-09	0.732513
1.39313e-09	0.733427
1.3932e-09	0.73434
1.39327e-09	0.735251
1.39334e-09	0.736162
1.39341e-09	0.73707
1.39349e-09	0.737978
1.39356e-09	0.738884
1.39363e-09	0.739789
1.3937e-09	0.740693
1.39377e-09	0.741595
1.39384e-09	0.742496
1.39391e-09	0.743396
1.39398e-09	0.744294
1.39405e-09	0.745191
1.39412e-09	0.746087
1.3942e-09	0.746981
1.39427e-09	0.747875
1.39434e-09	0.748766
1.39441e-09	0.749657
1.39448e-09	0.750546
1.39455e-09	0.751434
1.39462e-09	0.75232
1.39469e-09	0.753205
1.39476e-09	0.754089
1.39483e-09	0.754971
1.3949e-09	0.755852
1.39498e-09	0.756732
1.39505e-09	0.75761
1.39512e-09	0.758487
1.39519e-09	0.759363
1.39526e-09	0.760237
1.39533e-09	0.76111
1.3954e-09	0.761982
1.39547e-09	0.762852
1.39554e-09	0.763721
1.39561e-09	0.764589
1.39568e-09	0.765455
1.39576e-09	0.76632
1.39583e-09	0.767183
1.3959e-09	0.768045
1.39597e-09	0.768906
1.39604e-09	0.769765
1.39611e-09	0.770623
1.39618e-09	0.77148
1.39625e-09	0.772335
1.39632e-09	0.773189
1.39639e-09	0.774042
1.39646e-09	0.774893
1.39654e-09	0.775742
1.39661e-09	0.776591
1.39668e-09	0.777438
1.39675e-09	0.778283
1.39682e-09	0.779127
1.39689e-09	0.77997
1.39696e-09	0.780812
1.39703e-09	0.781652
1.3971e-09	0.78249
1.39717e-09	0.783327
1.39724e-09	0.784163
1.39732e-09	0.784998
1.39739e-09	0.785831
1.39746e-09	0.786662
1.39753e-09	0.787493
1.3976e-09	0.788321
1.39767e-09	0.789149
1.39774e-09	0.789975
1.39781e-09	0.790799
1.39788e-09	0.791622
1.39795e-09	0.792444
1.39803e-09	0.793264
1.3981e-09	0.794083
1.39817e-09	0.794901
1.39824e-09	0.795717
1.39831e-09	0.796531
1.39838e-09	0.797345
1.39845e-09	0.798156
1.39852e-09	0.798967
1.39859e-09	0.799776
1.39866e-09	0.800583
1.39873e-09	0.801389
1.39881e-09	0.802194
1.39888e-09	0.802997
1.39895e-09	0.803799
1.39902e-09	0.804599
1.39909e-09	0.805398
1.39916e-09	0.806196
1.39923e-09	0.806992
1.3993e-09	0.807786
1.39937e-09	0.808579
1.39944e-09	0.809371
1.39951e-09	0.810161
1.39959e-09	0.81095
1.39966e-09	0.811737
1.39973e-09	0.812523
1.3998e-09	0.813307
1.39987e-09	0.81409
1.39994e-09	0.814872
1.40001e-09	0.815652
1.40008e-09	0.81643
1.40015e-09	0.817207
1.40022e-09	0.817983
1.40029e-09	0.818757
1.40037e-09	0.81953
1.40044e-09	0.820301
1.40051e-09	0.821071
1.40058e-09	0.821839
1.40065e-09	0.822606
1.40072e-09	0.823371
1.40079e-09	0.824135
1.40086e-09	0.824897
1.40093e-09	0.825658
1.401e-09	0.826417
1.40108e-09	0.827175
1.40115e-09	0.827932
1.40122e-09	0.828687
1.40129e-09	0.82944
1.40136e-09	0.830192
1.40143e-09	0.830942
1.4015e-09	0.831691
1.40157e-09	0.832439
1.40164e-09	0.833185
1.40171e-09	0.833929
1.40178e-09	0.834672
1.40186e-09	0.835414
1.40193e-09	0.836154
1.402e-09	0.836892
1.40207e-09	0.837629
1.40214e-09	0.838365
1.40221e-09	0.839099
1.40228e-09	0.839831
1.40235e-09	0.840562
1.40242e-09	0.841291
1.40249e-09	0.842019
1.40256e-09	0.842746
1.40264e-09	0.84347
1.40271e-09	0.844194
1.40278e-09	0.844916
1.40285e-09	0.845636
1.40292e-09	0.846355
1.40299e-09	0.847072
1.40306e-09	0.847788
1.40313e-09	0.848502
1.4032e-09	0.849215
1.40327e-09	0.849926
1.40334e-09	0.850635
1.40342e-09	0.851343
1.40349e-09	0.85205
1.40356e-09	0.852755
1.40363e-09	0.853458
1.4037e-09	0.85416
1.40377e-09	0.854861
1.40384e-09	0.85556
1.40391e-09	0.856257
1.40398e-09	0.856953
1.40405e-09	0.857647
1.40412e-09	0.85834
1.4042e-09	0.859031
1.40427e-09	0.85972
1.40434e-09	0.860408
1.40441e-09	0.861095
1.40448e-09	0.86178
1.40455e-09	0.862463
1.40462e-09	0.863145
1.40469e-09	0.863825
1.40476e-09	0.864504
1.40483e-09	0.865181
1.40491e-09	0.865857
1.40498e-09	0.866531
1.40505e-09	0.867203
1.40512e-09	0.867874
1.40519e-09	0.868543
1.40526e-09	0.869211
1.40533e-09	0.869877
1.4054e-09	0.870542
1.40547e-09	0.871205
1.40554e-09	0.871866
1.40561e-09	0.872526
1.40569e-09	0.873185
1.40576e-09	0.873841
1.40583e-09	0.874496
1.4059e-09	0.87515
1.40597e-09	0.875802
1.40604e-09	0.876452
1.40611e-09	0.877101
1.40618e-09	0.877748
1.40625e-09	0.878394
1.40632e-09	0.879038
1.40639e-09	0.879681
1.40647e-09	0.880322
1.40654e-09	0.880961
1.40661e-09	0.881598
1.40668e-09	0.882235
1.40675e-09	0.882869
1.40682e-09	0.883502
1.40689e-09	0.884133
1.40696e-09	0.884763
1.40703e-09	0.885391
1.4071e-09	0.886018
1.40717e-09	0.886643
1.40725e-09	0.887266
1.40732e-09	0.887888
1.40739e-09	0.888508
1.40746e-09	0.889126
1.40753e-09	0.889743
1.4076e-09	0.890358
1.40767e-09	0.890972
1.40774e-09	0.891584
1.40781e-09	0.892194
1.40788e-09	0.892803
1.40796e-09	0.89341
1.40803e-09	0.894016
1.4081e-09	0.89462
1.40817e-09	0.895222
1.40824e-09	0.895823
1.40831e-09	0.896422
1.40838e-09	0.897019
1.40845e-09	0.897615
1.40852e-09	0.898209
1.40859e-09	0.898802
1.40866e-09	0.899393
1.40874e-09	0.899982
1.40881e-09	0.90057
1.40888e-09	0.901156
1.40895e-09	0.90174
1.40902e-09	0.902323
1.40909e-09	0.902904
1.40916e-09	0.903484
1.40923e-09	0.904062
1.4093e-09	0.904638
1.40937e-09	0.905213
1.40944e-09	0.905786
1.40952e-09	0.906357
1.40959e-09	0.906927
1.40966e-09	0.907495
1.40973e-09	0.908061
1.4098e-09	0.908626
1.40987e-09	0.909189
1.40994e-09	0.90975
1.41001e-09	0.91031
1.41008e-09	0.910868
1.41015e-09	0.911425
1.41022e-09	0.911979
1.4103e-09	0.912533
1.41037e-09	0.913084
1.41044e-09	0.913634
1.41051e-09	0.914182
1.41058e-09	0.914729
1.41065e-09	0.915273
1.41072e-09	0.915817
1.41079e-09	0.916358
1.41086e-09	0.916898
1.41093e-09	0.917436
1.411e-09	0.917973
1.41108e-09	0.918508
1.41115e-09	0.919041
1.41122e-09	0.919573
1.41129e-09	0.920102
1.41136e-09	0.920631
1.41143e-09	0.921157
1.4115e-09	0.921682
1.41157e-09	0.922205
1.41164e-09	0.922727
1.41171e-09	0.923247
1.41179e-09	0.923765
1.41186e-09	0.924281
1.41193e-09	0.924796
1.412e-09	0.925309
1.41207e-09	0.925821
1.41214e-09	0.92633
1.41221e-09	0.926838
1.41228e-09	0.927345
1.41235e-09	0.927849
1.41242e-09	0.928352
1.41249e-09	0.928854
1.41257e-09	0.929353
1.41264e-09	0.929851
1.41271e-09	0.930348
1.41278e-09	0.930842
1.41285e-09	0.931335
1.41292e-09	0.931826
1.41299e-09	0.932316
1.41306e-09	0.932803
1.41313e-09	0.93329
1.4132e-09	0.933774
1.41327e-09	0.934257
1.41335e-09	0.934738
1.41342e-09	0.935217
1.41349e-09	0.935694
1.41356e-09	0.93617
1.41363e-09	0.936644
1.4137e-09	0.937117
1.41377e-09	0.937588
1.41384e-09	0.938057
1.41391e-09	0.938524
1.41398e-09	0.93899
1.41405e-09	0.939454
1.41413e-09	0.939916
1.4142e-09	0.940377
1.41427e-09	0.940835
1.41434e-09	0.941292
1.41441e-09	0.941748
1.41448e-09	0.942201
1.41455e-09	0.942653
1.41462e-09	0.943104
1.41469e-09	0.943552
1.41476e-09	0.943999
1.41484e-09	0.944444
1.41491e-09	0.944887
1.41498e-09	0.945329
1.41505e-09	0.945769
1.41512e-09	0.946207
1.41519e-09	0.946644
1.41526e-09	0.947078
1.41533e-09	0.947511
1.4154e-09	0.947943
1.41547e-09	0.948372
1.41554e-09	0.9488
1.41562e-09	0.949226
1.41569e-09	0.94965
1.41576e-09	0.950073
1.41583e-09	0.950494
1.4159e-09	0.950913
1.41597e-09	0.951331
1.41604e-09	0.951746
1.41611e-09	0.95216
1.41618e-09	0.952573
1.41625e-09	0.952983
1.41632e-09	0.953392
1.4164e-09	0.953799
1.41647e-09	0.954204
1.41654e-09	0.954608
1.41661e-09	0.955009
1.41668e-09	0.95541
1.41675e-09	0.955808
1.41682e-09	0.956204
1.41689e-09	0.956599
1.41696e-09	0.956992
1.41703e-09	0.957384
1.4171e-09	0.957773
1.41718e-09	0.958161
1.41725e-09	0.958547
1.41732e-09	0.958932
1.41739e-09	0.959314
1.41746e-09	0.959695
1.41753e-09	0.960074
1.4176e-09	0.960452
1.41767e-09	0.960827
1.41774e-09	0.961201
1.41781e-09	0.961573
1.41789e-09	0.961943
1.41796e-09	0.962312
1.41803e-09	0.962679
1.4181e-09	0.963044
1.41817e-09	0.963407
1.41824e-09	0.963769
1.41831e-09	0.964129
1.41838e-09	0.964487
1.41845e-09	0.964843
1.41852e-09	0.965197
1.41859e-09	0.96555
1.41867e-09	0.965901
1.41874e-09	0.96625
1.41881e-09	0.966598
1.41888e-09	0.966944
1.41895e-09	0.967288
1.41902e-09	0.96763
1.41909e-09	0.96797
1.41916e-09	0.968309
1.41923e-09	0.968646
1.4193e-09	0.968981
1.41937e-09	0.969314
1.41945e-09	0.969646
1.41952e-09	0.969975
1.41959e-09	0.970303
1.41966e-09	0.97063
1.41973e-09	0.970954
1.4198e-09	0.971277
1.41987e-09	0.971598
1.41994e-09	0.971917
1.42001e-09	0.972234
1.42008e-09	0.97255
1.42015e-09	0.972864
1.42023e-09	0.973176
1.4203e-09	0.973486
1.42037e-09	0.973795
1.42044e-09	0.974101
1.42051e-09	0.974406
1.42058e-09	0.974709
1.42065e-09	0.975011
1.42072e-09	0.97531
1.42079e-09	0.975608
1.42086e-09	0.975904
1.42093e-09	0.976198
1.42101e-09	0.976491
1.42108e-09	0.976781
1.42115e-09	0.97707
1.42122e-09	0.977357
1.42129e-09	0.977643
1.42136e-09	0.977926
1.42143e-09	0.978208
1.4215e-09	0.978488
1.42157e-09	0.978766
1.42164e-09	0.979043
1.42172e-09	0.979317
1.42179e-09	0.97959
1.42186e-09	0.979861
1.42193e-09	0.98013
1.422e-09	0.980398
1.42207e-09	0.980663
1.42214e-09	0.980927
1.42221e-09	0.981189
1.42228e-09	0.981449
1.42235e-09	0.981708
1.42242e-09	0.981964
1.4225e-09	0.982219
1.42257e-09	0.982472
1.42264e-09	0.982724
1.42271e-09	0.982973
1.42278e-09	0.983221
1.42285e-09	0.983467
1.42292e-09	0.983711
1.42299e-09	0.983953
1.42306e-09	0.984194
1.42313e-09	0.984432
1.4232e-09	0.984669
1.42328e-09	0.984904
1.42335e-09	0.985138
1.42342e-09	0.985369
1.42349e-09	0.985599
1.42356e-09	0.985827
1.42363e-09	0.986053
1.4237e-09	0.986277
1.42377e-09	0.986499
1.42384e-09	0.98672
1.42391e-09	0.986939
1.42398e-09	0.987156
1.42406e-09	0.987371
1.42413e-09	0.987585
1.4242e-09	0.987796
1.42427e-09	0.988006
1.42434e-09	0.988214
1.42441e-09	0.98842
1.42448e-09	0.988625
1.42455e-09	0.988827
1.42462e-09	0.989028
1.42469e-09	0.989227
1.42477e-09	0.989424
1.42484e-09	0.98962
1.42491e-09	0.989813
1.42498e-09	0.990005
1.42505e-09	0.990195
1.42512e-09	0.990383
1.42519e-09	0.990569
1.42526e-09	0.990754
1.42533e-09	0.990936
1.4254e-09	0.991117
1.42547e-09	0.991296
1.42555e-09	0.991473
1.42562e-09	0.991649
1.42569e-09	0.991822
1.42576e-09	0.991994
1.42583e-09	0.992164
1.4259e-09	0.992332
1.42597e-09	0.992499
1.42604e-09	0.992663
1.42611e-09	0.992826
1.42618e-09	0.992987
1.42625e-09	0.993146
1.42633e-09	0.993303
1.4264e-09	0.993459
1.42647e-09	0.993612
1.42654e-09	0.993764
1.42661e-09	0.993914
1.42668e-09	0.994062
1.42675e-09	0.994208
1.42682e-09	0.994353
1.42689e-09	0.994496
1.42696e-09	0.994636
1.42703e-09	0.994776
1.42711e-09	0.994913
1.42718e-09	0.995048
1.42725e-09	0.995182
1.42732e-09	0.995314
1.42739e-09	0.995443
1.42746e-09	0.995572
1.42753e-09	0.995698
1.4276e-09	0.995822
1.42767e-09	0.995945
1.42774e-09	0.996066
1.42781e-09	0.996185
1.42789e-09	0.996302
1.42796e-09	0.996417
1.42803e-09	0.996531
1.4281e-09	0.996643
1.42817e-09	0.996753
1.42824e-09	0.996861
1.42831e-09	0.996967
1.42838e-09	0.997071
1.42845e-09	0.997174
1.42852e-09	0.997275
1.4286e-09	0.997374
1.42867e-09	0.997471
1.42874e-09	0.997566
1.42881e-09	0.997659
1.42888e-09	0.997751
1.42895e-09	0.997841
1.42902e-09	0.997929
1.42909e-09	0.998015
1.42916e-09	0.998099
1.42923e-09	0.998182
1.4293e-09	0.998262
1.42938e-09	0.998341
1.42945e-09	0.998418
1.42952e-09	0.998493
1.42959e-09	0.998567
1.42966e-09	0.998638
1.42973e-09	0.998708
1.4298e-09	0.998776
1.42987e-09	0.998842
1.42994e-09	0.998906
1.43001e-09	0.998968
1.43008e-09	0.999029
1.43016e-09	0.999088
1.43023e-09	0.999144
1.4303e-09	0.9992
1.43037e-09	0.999253
1.43044e-09	0.999304
1.43051e-09	0.999354
1.43058e-09	0.999401
1.43065e-09	0.999447
1.43072e-09	0.999491
1.43079e-09	0.999534
1.43086e-09	0.999574
1.43094e-09	0.999613
1.43101e-09	0.999649
1.43108e-09	0.999684
1.43115e-09	0.999717
1.43122e-09	0.999749
1.43129e-09	0.999778
1.43136e-09	0.999806
1.43143e-09	0.999831
1.4315e-09	0.999855
1.43157e-09	0.999878
1.43165e-09	0.999898
1.43172e-09	0.999916
1.43179e-09	0.999933
1.43186e-09	0.999948
1.43193e-09	0.99996
1.432e-09	0.999972
1.43207e-09	0.999981
1.43214e-09	0.999988
1.43221e-09	0.999994
1.43228e-09	0.999998
1.43235e-09	1
1.43243e-09	1
1.4325e-09	0.999998
1.43257e-09	0.999995
1.43264e-09	0.999989
1.43271e-09	0.999982
1.43278e-09	0.999973
1.43285e-09	0.999962
1.43292e-09	0.999949
1.43299e-09	0.999935
1.43306e-09	0.999919
1.43313e-09	0.9999
1.43321e-09	0.99988
1.43328e-09	0.999858
1.43335e-09	0.999835
1.43342e-09	0.999809
1.43349e-09	0.999782
1.43356e-09	0.999753
1.43363e-09	0.999722
1.4337e-09	0.999689
1.43377e-09	0.999654
1.43384e-09	0.999618
1.43391e-09	0.999579
1.43399e-09	0.999539
1.43406e-09	0.999497
1.43413e-09	0.999453
1.4342e-09	0.999408
1.43427e-09	0.99936
1.43434e-09	0.999311
1.43441e-09	0.99926
1.43448e-09	0.999207
1.43455e-09	0.999152
1.43462e-09	0.999095
1.43469e-09	0.999037
1.43477e-09	0.998977
1.43484e-09	0.998914
1.43491e-09	0.99885
1.43498e-09	0.998785
1.43505e-09	0.998717
1.43512e-09	0.998648
1.43519e-09	0.998576
1.43526e-09	0.998503
1.43533e-09	0.998428
1.4354e-09	0.998352
1.43548e-09	0.998273
1.43555e-09	0.998192
1.43562e-09	0.99811
1.43569e-09	0.998026
1.43576e-09	0.99794
1.43583e-09	0.997853
1.4359e-09	0.997763
1.43597e-09	0.997672
1.43604e-09	0.997578
1.43611e-09	0.997483
1.43618e-09	0.997387
1.43626e-09	0.997288
1.43633e-09	0.997187
1.4364e-09	0.997085
1.43647e-09	0.996981
1.43654e-09	0.996875
1.43661e-09	0.996767
1.43668e-09	0.996657
1.43675e-09	0.996546
1.43682e-09	0.996433
1.43689e-09	0.996318
1.43696e-09	0.996201
1.43704e-09	0.996082
1.43711e-09	0.995961
1.43718e-09	0.995839
1.43725e-09	0.995715
1.43732e-09	0.995588
1.43739e-09	0.995461
1.43746e-09	0.995331
1.43753e-09	0.995199
1.4376e-09	0.995066
1.43767e-09	0.994931
1.43774e-09	0.994794
1.43782e-09	0.994655
1.43789e-09	0.994514
1.43796e-09	0.994372
1.43803e-09	0.994228
1.4381e-09	0.994082
1.43817e-09	0.993934
1.43824e-09	0.993784
1.43831e-09	0.993632
1.43838e-09	0.993479
1.43845e-09	0.993324
1.43853e-09	0.993167
1.4386e-09	0.993008
1.43867e-09	0.992847
1.43874e-09	0.992685
1.43881e-09	0.992521
1.43888e-09	0.992355
1.43895e-09	0.992187
1.43902e-09	0.992017
1.43909e-09	0.991845
1.43916e-09	0.991672
1.43923e-09	0.991497
1.43931e-09	0.99132
1.43938e-09	0.991141
1.43945e-09	0.99096
1.43952e-09	0.990778
1.43959e-09	0.990594
1.43966e-09	0.990408
1.43973e-09	0.99022
1.4398e-09	0.99003
1.43987e-09	0.989839
1.43994e-09	0.989645
1.44001e-09	0.98945
1.44009e-09	0.989253
1.44016e-09	0.989055
1.44023e-09	0.988854
1.4403e-09	0.988652
1.44037e-09	0.988448
1.44044e-09	0.988242
1.44051e-09	0.988034
1.44058e-09	0.987824
1.44065e-09	0.987613
1.44072e-09	0.9874
1.44079e-09	0.987185
1.44087e-09	0.986968
1.44094e-09	0.986749
1.44101e-09	0.986529
1.44108e-09	0.986307
1.44115e-09	0.986083
1.44122e-09	0.985857
1.44129e-09	0.985629
1.44136e-09	0.9854
1.44143e-09	0.985168
1.4415e-09	0.984935
1.44157e-09	0.984701
1.44165e-09	0.984464
1.44172e-09	0.984225
1.44179e-09	0.983985
1.44186e-09	0.983743
1.44193e-09	0.983499
1.442e-09	0.983254
1.44207e-09	0.983006
1.44214e-09	0.982757
1.44221e-09	0.982506
1.44228e-09	0.982253
1.44236e-09	0.981999
1.44243e-09	0.981742
1.4425e-09	0.981484
1.44257e-09	0.981224
1.44264e-09	0.980962
1.44271e-09	0.980698
1.44278e-09	0.980433
1.44285e-09	0.980166
1.44292e-09	0.979897
1.44299e-09	0.979626
1.44306e-09	0.979354
1.44314e-09	0.979079
1.44321e-09	0.978803
1.44328e-09	0.978525
1.44335e-09	0.978245
1.44342e-09	0.977964
1.44349e-09	0.977681
1.44356e-09	0.977396
1.44363e-09	0.977109
1.4437e-09	0.97682
1.44377e-09	0.97653
1.44384e-09	0.976237
1.44392e-09	0.975943
1.44399e-09	0.975648
1.44406e-09	0.97535
1.44413e-09	0.975051
1.4442e-09	0.97475
1.44427e-09	0.974447
1.44434e-09	0.974142
1.44441e-09	0.973835
1.44448e-09	0.973527
1.44455e-09	0.973217
1.44462e-09	0.972905
1.4447e-09	0.972592
1.44477e-09	0.972276
1.44484e-09	0.971959
1.44491e-09	0.97164
1.44498e-09	0.97132
1.44505e-09	0.970997
1.44512e-09	0.970673
1.44519e-09	0.970347
1.44526e-09	0.970019
1.44533e-09	0.96969
1.44541e-09	0.969358
1.44548e-09	0.969025
1.44555e-09	0.96869
1.44562e-09	0.968354
1.44569e-09	0.968015
1.44576e-09	0.967675
1.44583e-09	0.967333
1.4459e-09	0.966989
1.44597e-09	0.966644
1.44604e-09	0.966297
1.44611e-09	0.965948
1.44619e-09	0.965597
1.44626e-09	0.965244
1.44633e-09	0.96489
1.4464e-09	0.964534
1.44647e-09	0.964176
1.44654e-09	0.963817
1.44661e-09	0.963455
1.44668e-09	0.963092
1.44675e-09	0.962728
1.44682e-09	0.962361
1.44689e-09	0.961993
1.44697e-09	0.961622
1.44704e-09	0.961251
1.44711e-09	0.960877
1.44718e-09	0.960502
1.44725e-09	0.960124
1.44732e-09	0.959746
1.44739e-09	0.959365
1.44746e-09	0.958983
1.44753e-09	0.958598
1.4476e-09	0.958213
1.44767e-09	0.957825
1.44775e-09	0.957436
1.44782e-09	0.957044
1.44789e-09	0.956652
1.44796e-09	0.956257
1.44803e-09	0.955861
1.4481e-09	0.955463
1.44817e-09	0.955063
1.44824e-09	0.954661
1.44831e-09	0.954258
1.44838e-09	0.953853
1.44845e-09	0.953446
1.44853e-09	0.953038
1.4486e-09	0.952627
1.44867e-09	0.952215
1.44874e-09	0.951801
1.44881e-09	0.951386
1.44888e-09	0.950969
1.44895e-09	0.95055
1.44902e-09	0.950129
1.44909e-09	0.949707
1.44916e-09	0.949283
1.44924e-09	0.948857
1.44931e-09	0.948429
1.44938e-09	0.948
1.44945e-09	0.947569
1.44952e-09	0.947136
1.44959e-09	0.946701
1.44966e-09	0.946265
1.44973e-09	0.945827
1.4498e-09	0.945388
1.44987e-09	0.944946
1.44994e-09	0.944503
1.45002e-09	0.944058
1.45009e-09	0.943612
1.45016e-09	0.943163
1.45023e-09	0.942713
1.4503e-09	0.942262
1.45037e-09	0.941808
1.45044e-09	0.941353
1.45051e-09	0.940896
1.45058e-09	0.940438
1.45065e-09	0.939977
1.45072e-09	0.939515
1.4508e-09	0.939052
1.45087e-09	0.938586
1.45094e-09	0.938119
1.45101e-09	0.93765
1.45108e-09	0.93718
1.45115e-09	0.936707
1.45122e-09	0.936234
1.45129e-09	0.935758
1.45136e-09	0.935281
1.45143e-09	0.934801
1.4515e-09	0.934321
1.45158e-09	0.933838
1.45165e-09	0.933354
1.45172e-09	0.932868
1.45179e-09	0.932381
1.45186e-09	0.931891
1.45193e-09	0.9314
1.452e-09	0.930908
1.45207e-09	0.930413
1.45214e-09	0.929917
1.45221e-09	0.92942
1.45229e-09	0.92892
1.45236e-09	0.928419
1.45243e-09	0.927916
1.4525e-09	0.927412
1.45257e-09	0.926906
1.45264e-09	0.926398
1.45271e-09	0.925888
1.45278e-09	0.925377
1.45285e-09	0.924864
1.45292e-09	0.92435
1.45299e-09	0.923834
1.45307e-09	0.923316
1.45314e-09	0.922796
1.45321e-09	0.922275
1.45328e-09	0.921752
1.45335e-09	0.921227
1.45342e-09	0.920701
1.45349e-09	0.920173
1.45356e-09	0.919643
1.45363e-09	0.919112
1.4537e-09	0.918579
1.45377e-09	0.918044
1.45385e-09	0.917508
1.45392e-09	0.91697
1.45399e-09	0.91643
1.45406e-09	0.915889
1.45413e-09	0.915346
1.4542e-09	0.914801
1.45427e-09	0.914255
1.45434e-09	0.913707
1.45441e-09	0.913157
1.45448e-09	0.912606
1.45455e-09	0.912053
1.45463e-09	0.911498
1.4547e-09	0.910942
1.45477e-09	0.910384
1.45484e-09	0.909825
1.45491e-09	0.909264
1.45498e-09	0.908701
1.45505e-09	0.908136
1.45512e-09	0.90757
1.45519e-09	0.907002
1.45526e-09	0.906433
1.45533e-09	0.905862
1.45541e-09	0.905289
1.45548e-09	0.904715
1.45555e-09	0.904139
1.45562e-09	0.903561
1.45569e-09	0.902982
1.45576e-09	0.902401
1.45583e-09	0.901818
1.4559e-09	0.901234
1.45597e-09	0.900648
1.45604e-09	0.900061
1.45612e-09	0.899471
1.45619e-09	0.898881
1.45626e-09	0.898288
1.45633e-09	0.897694
1.4564e-09	0.897099
1.45647e-09	0.896502
1.45654e-09	0.895903
1.45661e-09	0.895302
1.45668e-09	0.8947
1.45675e-09	0.894096
1.45682e-09	0.893491
1.4569e-09	0.892884
1.45697e-09	0.892275
1.45704e-09	0.891665
1.45711e-09	0.891053
1.45718e-09	0.89044
1.45725e-09	0.889825
1.45732e-09	0.889208
1.45739e-09	0.88859
1.45746e-09	0.88797
1.45753e-09	0.887349
1.4576e-09	0.886726
1.45768e-09	0.886101
1.45775e-09	0.885475
1.45782e-09	0.884847
1.45789e-09	0.884217
1.45796e-09	0.883586
1.45803e-09	0.882953
1.4581e-09	0.882319
1.45817e-09	0.881683
1.45824e-09	0.881046
1.45831e-09	0.880407
1.45838e-09	0.879766
1.45846e-09	0.879124
1.45853e-09	0.87848
1.4586e-09	0.877834
1.45867e-09	0.877187
1.45874e-09	0.876539
1.45881e-09	0.875889
1.45888e-09	0.875237
1.45895e-09	0.874583
1.45902e-09	0.873928
1.45909e-09	0.873272
1.45917e-09	0.872614
1.45924e-09	0.871954
1.45931e-09	0.871293
1.45938e-09	0.87063
1.45945e-09	0.869966
1.45952e-09	0.8693
1.45959e-09	0.868632
1.45966e-09	0.867963
1.45973e-09	0.867292
1.4598e-09	0.86662
1.45987e-09	0.865946
1.45995e-09	0.865271
1.46002e-09	0.864594
1.46009e-09	0.863916
1.46016e-09	0.863236
1.46023e-09	0.862554
1.4603e-09	0.861871
1.46037e-09	0.861186
1.46044e-09	0.8605
1.46051e-09	0.859812
1.46058e-09	0.859123
1.46065e-09	0.858432
1.46073e-09	0.857739
1.4608e-09	0.857045
1.46087e-09	0.85635
1.46094e-09	0.855653
1.46101e-09	0.854954
1.46108e-09	0.854254
1.46115e-09	0.853552
1.46122e-09	0.852849
1.46129e-09	0.852144
1.46136e-09	0.851438
1.46143e-09	0.85073
1.46151e-09	0.85002
1.46158e-09	0.849309
1.46165e-09	0.848597
1.46172e-09	0.847883
1.46179e-09	0.847167
1.46186e-09	0.84645
1.46193e-09	0.845732
1.462e-09	0.845012
1.46207e-09	0.84429
1.46214e-09	0.843567
1.46221e-09	0.842842
1.46229e-09	0.842116
1.46236e-09	0.841388
1.46243e-09	0.840659
1.4625e-09	0.839928
1.46257e-09	0.839196
1.46264e-09	0.838462
1.46271e-09	0.837727
1.46278e-09	0.83699
1.46285e-09	0.836252
1.46292e-09	0.835512
1.463e-09	0.834771
1.46307e-09	0.834028
1.46314e-09	0.833284
1.46321e-09	0.832538
1.46328e-09	0.831791
1.46335e-09	0.831042
1.46342e-09	0.830292
1.46349e-09	0.82954
1.46356e-09	0.828787
1.46363e-09	0.828032
1.4637e-09	0.827276
1.46378e-09	0.826518
1.46385e-09	0.825759
1.46392e-09	0.824998
1.46399e-09	0.824236
1.46406e-09	0.823473
1.46413e-09	0.822708
1.4642e-09	0.821941
1.46427e-09	0.821173
1.46434e-09	0.820403
1.46441e-09	0.819632
1.46448e-09	0.81886
1.46456e-09	0.818086
1.46463e-09	0.817311
1.4647e-09	0.816534
1.46477e-09	0.815755
1.46484e-09	0.814976
1.46491e-09	0.814194
1.46498e-09	0.813412
1.46505e-09	0.812627
1.46512e-09	0.811842
1.46519e-09	0.811055
1.46526e-09	0.810266
1.46534e-09	0.809476
1.46541e-09	0.808685
1.46548e-09	0.807892
1.46555e-09	0.807097
1.46562e-09	0.806302
1.46569e-09	0.805504
1.46576e-09	0.804706
1.46583e-09	0.803905
1.4659e-09	0.803104
1.46597e-09	0.802301
1.46605e-09	0.801497
1.46612e-09	0.800691
1.46619e-09	0.799883
1.46626e-09	0.799075
1.46633e-09	0.798264
1.4664e-09	0.797453
1.46647e-09	0.79664
1.46654e-09	0.795825
1.46661e-09	0.795009
1.46668e-09	0.794192
1.46675e-09	0.793373
1.46683e-09	0.792553
1.4669e-09	0.791732
1.46697e-09	0.790909
1.46704e-09	0.790084
1.46711e-09	0.789259
1.46718e-09	0.788431
1.46725e-09	0.787603
1.46732e-09	0.786773
1.46739e-09	0.785941
1.46746e-09	0.785109
1.46753e-09	0.784274
1.46761e-09	0.783439
1.46768e-09	0.782602
1.46775e-09	0.781763
1.46782e-09	0.780923
1.46789e-09	0.780082
1.46796e-09	0.77924
1.46803e-09	0.778396
1.4681e-09	0.77755
1.46817e-09	0.776704
1.46824e-09	0.775855
1.46831e-09	0.775006
1.46839e-09	0.774155
1.46846e-09	0.773303
1.46853e-09	0.772449
1.4686e-09	0.771594
1.46867e-09	0.770737
1.46874e-09	0.76988
1.46881e-09	0.76902
1.46888e-09	0.76816
1.46895e-09	0.767298
1.46902e-09	0.766435
1.46909e-09	0.76557
1.46917e-09	0.764704
1.46924e-09	0.763837
1.46931e-09	0.762968
1.46938e-09	0.762098
1.46945e-09	0.761226
1.46952e-09	0.760354
1.46959e-09	0.75948
1.46966e-09	0.758604
1.46973e-09	0.757727
1.4698e-09	0.756849
1.46988e-09	0.755969
1.46995e-09	0.755089
1.47002e-09	0.754206
1.47009e-09	0.753323
1.47016e-09	0.752438
1.47023e-09	0.751552
1.4703e-09	0.750664
1.47037e-09	0.749775
1.47044e-09	0.748885
1.47051e-09	0.747993
1.47058e-09	0.7471
1.47066e-09	0.746206
1.47073e-09	0.745311
1.4708e-09	0.744414
1.47087e-09	0.743515
1.47094e-09	0.742616
1.47101e-09	0.741715
1.47108e-09	0.740813
1.47115e-09	0.73991
1.47122e-09	0.739005
1.47129e-09	0.738099
1.47136e-09	0.737191
1.47144e-09	0.736283
1.47151e-09	0.735373
1.47158e-09	0.734461
1.47165e-09	0.733549
1.47172e-09	0.732635
1.47179e-09	0.73172
1.47186e-09	0.730803
1.47193e-09	0.729885
1.472e-09	0.728966
1.47207e-09	0.728046
1.47214e-09	0.727124
1.47222e-09	0.726201
1.47229e-09	0.725277
1.47236e-09	0.724351
1.47243e-09	0.723425
1.4725e-09	0.722497
1.47257e-09	0.721567
1.47264e-09	0.720636
1.47271e-09	0.719705
1.47278e-09	0.718771
1.47285e-09	0.717837
1.47293e-09	0.716901
1.473e-09	0.715964
1.47307e-09	0.715026
1.47314e-09	0.714086
1.47321e-09	0.713146
1.47328e-09	0.712204
1.47335e-09	0.71126
1.47342e-09	0.710316
1.47349e-09	0.70937
1.47356e-09	0.708423
1.47363e-09	0.707475
1.47371e-09	0.706525
1.47378e-09	0.705574
1.47385e-09	0.704622
1.47392e-09	0.703669
1.47399e-09	0.702715
1.47406e-09	0.701759
1.47413e-09	0.700802
1.4742e-09	0.699844
1.47427e-09	0.698884
1.47434e-09	0.697923
1.47441e-09	0.696961
1.47449e-09	0.695998
1.47456e-09	0.695034
1.47463e-09	0.694068
1.4747e-09	0.693102
1.47477e-09	0.692134
1.47484e-09	0.691164
1.47491e-09	0.690194
1.47498e-09	0.689222
1.47505e-09	0.688249
1.47512e-09	0.687275
1.47519e-09	0.6863
1.47527e-09	0.685323
1.47534e-09	0.684346
1.47541e-09	0.683367
1.47548e-09	0.682387
1.47555e-09	0.681405
1.47562e-09	0.680423
1.47569e-09	0.679439
1.47576e-09	0.678454
1.47583e-09	0.677468
1.4759e-09	0.676481
1.47597e-09	0.675492
1.47605e-09	0.674503
1.47612e-09	0.673512
1.47619e-09	0.67252
1.47626e-09	0.671527
1.47633e-09	0.670532
1.4764e-09	0.669537
1.47647e-09	0.66854
1.47654e-09	0.667542
1.47661e-09	0.666543
1.47668e-09	0.665543
1.47676e-09	0.664542
1.47683e-09	0.663539
1.4769e-09	0.662535
1.47697e-09	0.66153
1.47704e-09	0.660524
1.47711e-09	0.659517
1.47718e-09	0.658509
1.47725e-09	0.657499
1.47732e-09	0.656489
1.47739e-09	0.655477
1.47746e-09	0.654464
1.47754e-09	0.65345
1.47761e-09	0.652435
1.47768e-09	0.651419
1.47775e-09	0.650401
1.47782e-09	0.649383
1.47789e-09	0.648363
1.47796e-09	0.647342
1.47803e-09	0.64632
1.4781e-09	0.645297
1.47817e-09	0.644273
1.47824e-09	0.643247
1.47832e-09	0.642221
1.47839e-09	0.641193
1.47846e-09	0.640164
1.47853e-09	0.639135
1.4786e-09	0.638104
1.47867e-09	0.637072
1.47874e-09	0.636038
1.47881e-09	0.635004
1.47888e-09	0.633969
1.47895e-09	0.632932
1.47902e-09	0.631895
1.4791e-09	0.630856
1.47917e-09	0.629816
1.47924e-09	0.628775
1.47931e-09	0.627733
1.47938e-09	0.62669
1.47945e-09	0.625646
1.47952e-09	0.624601
1.47959e-09	0.623555
1.47966e-09	0.622507
1.47973e-09	0.621459
1.47981e-09	0.620409
1.47988e-09	0.619359
1.47995e-09	0.618307
1.48002e-09	0.617254
1.48009e-09	0.616201
1.48016e-09	0.615146
1.48023e-09	0.61409
1.4803e-09	0.613033
1.48037e-09	0.611975
1.48044e-09	0.610915
1.48051e-09	0.609855
1.48059e-09	0.608794
1.48066e-09	0.607732
1.48073e-09	0.606668
1.4808e-09	0.605604
1.48087e-09	0.604539
1.48094e-09	0.603472
1.48101e-09	0.602405
1.48108e-09	0.601336
1.48115e-09	0.600266
1.48122e-09	0.599196
1.48129e-09	0.598124
1.48137e-09	0.597051
1.48144e-09	0.595978
1.48151e-09	0.594903
1.48158e-09	0.593827
1.48165e-09	0.59275
1.48172e-09	0.591672
1.48179e-09	0.590594
1.48186e-09	0.589514
1.48193e-09	0.588433
1.482e-09	0.587351
1.48207e-09	0.586268
1.48215e-09	0.585184
1.48222e-09	0.584099
1.48229e-09	0.583013
1.48236e-09	0.581926
1.48243e-09	0.580839
1.4825e-09	0.57975
1.48257e-09	0.57866
1.48264e-09	0.577569
1.48271e-09	0.576477
1.48278e-09	0.575384
1.48285e-09	0.57429
1.48293e-09	0.573195
1.483e-09	0.5721
1.48307e-09	0.571003
1.48314e-09	0.569905
1.48321e-09	0.568806
1.48328e-09	0.567707
1.48335e-09	0.566606
1.48342e-09	0.565504
1.48349e-09	0.564402
1.48356e-09	0.563298
1.48364e-09	0.562193
1.48371e-09	0.561088
1.48378e-09	0.559981
1.48385e-09	0.558874
1.48392e-09	0.557766
1.48399e-09	0.556656
1.48406e-09	0.555546
1.48413e-09	0.554435
1.4842e-09	0.553323
1.48427e-09	0.552209
1.48434e-09	0.551095
1.48442e-09	0.54998
1.48449e-09	0.548864
1.48456e-09	0.547748
1.48463e-09	0.54663
1.4847e-09	0.545511
1.48477e-09	0.544391
1.48484e-09	0.543271
1.48491e-09	0.542149
1.48498e-09	0.541027
1.48505e-09	0.539904
1.48512e-09	0.538779
1.4852e-09	0.537654
1.48527e-09	0.536528
1.48534e-09	0.535401
1.48541e-09	0.534273
1.48548e-09	0.533144
1.48555e-09	0.532015
1.48562e-09	0.530884
1.48569e-09	0.529753
1.48576e-09	0.52862
1.48583e-09	0.527487
1.4859e-09	0.526353
1.48598e-09	0.525218
1.48605e-09	0.524082
1.48612e-09	0.522945
1.48619e-09	0.521807
1.48626e-09	0.520669
1.48633e-09	0.519529
1.4864e-09	0.518389
1.48647e-09	0.517248
1.48654e-09	0.516105
1.48661e-09	0.514962
1.48669e-09	0.513819
1.48676e-09	0.512674
1.48683e-09	0.511528
1.4869e-09	0.510382
1.48697e-09	0.509235
1.48704e-09	0.508087
1.48711e-09	0.506938
1.48718e-09	0.505788
1.48725e-09	0.504637
1.48732e-09	0.503486
1.48739e-09	0.502333
1.48747e-09	0.50118
1.48754e-09	0.500026
1.48761e-09	0.498871
1.48768e-09	0.497715
1.48775e-09	0.496559
1.48782e-09	0.495401
1.48789e-09	0.494243
1.48796e-09	0.493084
1.48803e-09	0.491924
1.4881e-09	0.490763
1.48817e-09	0.489602
1.48825e-09	0.48844
1.48832e-09	0.487276
1.48839e-09	0.486112
1.48846e-09	0.484948
1.48853e-09	0.483782
1.4886e-09	0.482616
1.48867e-09	0.481449
1.48874e-09	0.480281
1.48881e-09	0.479112
1.48888e-09	0.477942
1.48895e-09	0.476772
1.48903e-09	0.475601
1.4891e-09	0.474429
1.48917e-09	0.473256
1.48924e-09	0.472083
1.48931e-09	0.470908
1.48938e-09	0.469733
1.48945e-09	0.468557
1.48952e-09	0.467381
1.48959e-09	0.466203
1.48966e-09	0.465025
1.48974e-09	0.463846
1.48981e-09	0.462666
1.48988e-09	0.461486
1.48995e-09	0.460305
1.49002e-09	0.459123
1.49009e-09	0.45794
1.49016e-09	0.456756
1.49023e-09	0.455572
1.4903e-09	0.454387
1.49037e-09	0.453201
1.49044e-09	0.452015
1.49052e-09	0.450828
1.49059e-09	0.44964
1.49066e-09	0.448451
1.49073e-09	0.447261
1.4908e-09	0.446071
1.49087e-09	0.44488
1.49094e-09	0.443689
1.49101e-09	0.442496
1.49108e-09	0.441303
1.49115e-09	0.440109
1.49122e-09	0.438915
1.4913e-09	0.43772
1.49137e-09	0.436524
1.49144e-09	0.435327
1.49151e-09	0.434129
1.49158e-09	0.432931
1.49165e-09	0.431733
1.49172e-09	0.430533
1.49179e-09	0.429333
1.49186e-09	0.428132
1.49193e-09	0.42693
1.492e-09	0.425728
1.49208e-09	0.424525
1.49215e-09	0.423321
1.49222e-09	0.422117
1.49229e-09	0.420912
1.49236e-09	0.419706
1.49243e-09	0.4185
1.4925e-09	0.417293
1.49257e-09	0.416085
1.49264e-09	0.414876
1.49271e-09	0.413667
1.49278e-09	0.412458
1.49286e-09	0.411247
1.49293e-09	0.410036
1.493e-09	0.408824
1.49307e-09	0.407612
1.49314e-09	0.406399
1.49321e-09	0.405185
1.49328e-09	0.403971
1.49335e-09	0.402756
1.49342e-09	0.40154
1.49349e-09	0.400324
1.49357e-09	0.399107
1.49364e-09	0.397889
1.49371e-09	0.396671
1.49378e-09	0.395452
1.49385e-09	0.394232
1.49392e-09	0.393012
1.49399e-09	0.391792
1.49406e-09	0.39057
1.49413e-09	0.389348
1.4942e-09	0.388126
1.49427e-09	0.386902
1.49435e-09	0.385678
1.49442e-09	0.384454
1.49449e-09	0.383229
1.49456e-09	0.382003
1.49463e-09	0.380777
1.4947e-09	0.37955
1.49477e-09	0.378323
1.49484e-09	0.377094
1.49491e-09	0.375866
1.49498e-09	0.374636
1.49505e-09	0.373407
1.49513e-09	0.372176
1.4952e-09	0.370945
1.49527e-09	0.369713
1.49534e-09	0.368481
1.49541e-09	0.367248
1.49548e-09	0.366015
1.49555e-09	0.364781
1.49562e-09	0.363547
1.49569e-09	0.362311
1.49576e-09	0.361076
1.49583e-09	0.35984
1.49591e-09	0.358603
1.49598e-09	0.357365
1.49605e-09	0.356128
1.49612e-09	0.354889
1.49619e-09	0.35365
1.49626e-09	0.352411
1.49633e-09	0.35117
1.4964e-09	0.34993
1.49647e-09	0.348689
1.49654e-09	0.347447
1.49662e-09	0.346205
1.49669e-09	0.344962
1.49676e-09	0.343719
1.49683e-09	0.342475
1.4969e-09	0.34123
1.49697e-09	0.339985
1.49704e-09	0.33874
1.49711e-09	0.337494
1.49718e-09	0.336247
1.49725e-09	0.335
1.49732e-09	0.333753
1.4974e-09	0.332505
1.49747e-09	0.331256
1.49754e-09	0.330007
1.49761e-09	0.328758
1.49768e-09	0.327508
1.49775e-09	0.326257
1.49782e-09	0.325006
1.49789e-09	0.323755
1.49796e-09	0.322503
1.49803e-09	0.32125
1.4981e-09	0.319997
1.49818e-09	0.318744
1.49825e-09	0.31749
1.49832e-09	0.316235
1.49839e-09	0.31498
1.49846e-09	0.313725
1.49853e-09	0.312469
1.4986e-09	0.311213
1.49867e-09	0.309956
1.49874e-09	0.308699
1.49881e-09	0.307441
1.49888e-09	0.306183
1.49896e-09	0.304924
1.49903e-09	0.303665
1.4991e-09	0.302405
1.49917e-09	0.301145
1.49924e-09	0.299885
1.49931e-09	0.298624
1.49938e-09	0.297363
1.49945e-09	0.296101
1.49952e-09	0.294839
1.49959e-09	0.293576
1.49966e-09	0.292313
1.49974e-09	0.29105
1.49981e-09	0.289786
1.49988e-09	0.288521
1.49995e-09	0.287256
1.50002e-09	0.285991
1.50009e-09	0.284726
1.50016e-09	0.28346
1.50023e-09	0.282193
1.5003e-09	0.280926
1.50037e-09	0.279659
1.50045e-09	0.278391
1.50052e-09	0.277123
1.50059e-09	0.275855
1.50066e-09	0.274586
1.50073e-09	0.273317
1.5008e-09	0.272047
1.50087e-09	0.270777
1.50094e-09	0.269506
1.50101e-09	0.268236
1.50108e-09	0.266964
1.50115e-09	0.265693
1.50123e-09	0.264421
1.5013e-09	0.263148
1.50137e-09	0.261876
1.50144e-09	0.260603
1.50151e-09	0.259329
1.50158e-09	0.258055
1.50165e-09	0.256781
1.50172e-09	0.255507
1.50179e-09	0.254232
1.50186e-09	0.252956
1.50193e-09	0.251681
1.50201e-09	0.250405
1.50208e-09	0.249128
1.50215e-09	0.247852
1.50222e-09	0.246575
1.50229e-09	0.245297
1.50236e-09	0.24402
1.50243e-09	0.242742
1.5025e-09	0.241463
1.50257e-09	0.240185
1.50264e-09	0.238906
1.50271e-09	0.237626
1.50279e-09	0.236347
1.50286e-09	0.235067
1.50293e-09	0.233786
1.503e-09	0.232506
1.50307e-09	0.231225
1.50314e-09	0.229943
1.50321e-09	0.228662
1.50328e-09	0.22738
1.50335e-09	0.226098
1.50342e-09	0.224815
1.5035e-09	0.223533
1.50357e-09	0.22225
1.50364e-09	0.220966
1.50371e-09	0.219683
1.50378e-09	0.218399
1.50385e-09	0.217114
1.50392e-09	0.21583
1.50399e-09	0.214545
1.50406e-09	0.21326
1.50413e-09	0.211975
1.5042e-09	0.210689
1.50428e-09	0.209403
1.50435e-09	0.208117
1.50442e-09	0.206831
1.50449e-09	0.205544
1.50456e-09	0.204257
1.50463e-09	0.20297
1.5047e-09	0.201682
1.50477e-09	0.200394
1.50484e-09	0.199106
1.50491e-09	0.197818
1.50498e-09	0.19653
1.50506e-09	0.195241
1.50513e-09	0.193952
1.5052e-09	0.192663
1.50527e-09	0.191374
1.50534e-09	0.190084
1.50541e-09	0.188794
1.50548e-09	0.187504
1.50555e-09	0.186213
1.50562e-09	0.184923
1.50569e-09	0.183632
1.50576e-09	0.182341
1.50584e-09	0.18105
1.50591e-09	0.179758
1.50598e-09	0.178467
1.50605e-09	0.177175
1.50612e-09	0.175883
1.50619e-09	0.174591
1.50626e-09	0.173298
1.50633e-09	0.172005
1.5064e-09	0.170712
1.50647e-09	0.169419
1.50654e-09	0.168126
1.50662e-09	0.166833
1.50669e-09	0.165539
1.50676e-09	0.164245
1.50683e-09	0.162951
1.5069e-09	0.161657
1.50697e-09	0.160363
1.50704e-09	0.159068
1.50711e-09	0.157773
1.50718e-09	0.156479
1.50725e-09	0.155184
1.50733e-09	0.153888
1.5074e-09	0.152593
1.50747e-09	0.151297
1.50754e-09	0.150002
1.50761e-09	0.148706
1.50768e-09	0.14741
1.50775e-09	0.146114
1.50782e-09	0.144818
1.50789e-09	0.143521
1.50796e-09	0.142225
1.50803e-09	0.140928
1.50811e-09	0.139631
1.50818e-09	0.138334
1.50825e-09	0.137037
1.50832e-09	0.13574
1.50839e-09	0.134442
1.50846e-09	0.133145
1.50853e-09	0.131847
1.5086e-09	0.13055
1.50867e-09	0.129252
1.50874e-09	0.127954
1.50881e-09	0.126656
1.50889e-09	0.125358
1.50896e-09	0.124059
1.50903e-09	0.122761
1.5091e-09	0.121462
1.50917e-09	0.120164
1.50924e-09	0.118865
1.50931e-09	0.117566
1.50938e-09	0.116267
1.50945e-09	0.114969
1.50952e-09	0.113669
1.50959e-09	0.11237
1.50967e-09	0.111071
1.50974e-09	0.109772
1.50981e-09	0.108472
1.50988e-09	0.107173
1.50995e-09	0.105874
1.51002e-09	0.104574
1.51009e-09	0.103274
1.51016e-09	0.101975
1.51023e-09	0.100675
1.5103e-09	0.099375
1.51038e-09	0.0980752
1.51045e-09	0.0967752
1.51052e-09	0.0954752
1.51059e-09	0.0941752
1.51066e-09	0.0928751
1.51073e-09	0.091575
1.5108e-09	0.0902748
1.51087e-09	0.0889746
1.51094e-09	0.0876744
1.51101e-09	0.0863741
1.51108e-09	0.0850738
1.51116e-09	0.0837735
1.51123e-09	0.0824731
1.5113e-09	0.0811727
1.51137e-09	0.0798723
1.51144e-09	0.0785719
1.51151e-09	0.0772715
1.51158e-09	0.075971
1.51165e-09	0.0746706
1.51172e-09	0.0733701
1.51179e-09	0.0720696
1.51186e-09	0.0707691
1.51194e-09	0.0694686
1.51201e-09	0.0681682
1.51208e-09	0.0668677
1.51215e-09	0.0655672
1.51222e-09	0.0642667
1.51229e-09	0.0629663
1.51236e-09	0.0616659
1.51243e-09	0.0603654
1.5125e-09	0.059065
1.51257e-09	0.0577646
1.51264e-09	0.0564643
1.51272e-09	0.055164
1.51279e-09	0.0538636
1.51286e-09	0.0525634
1.51293e-09	0.0512631
1.513e-09	0.0499629
1.51307e-09	0.0486628
1.51314e-09	0.0473627
1.51321e-09	0.0460626
1.51328e-09	0.0447625
1.51335e-09	0.0434626
1.51342e-09	0.0421626
1.5135e-09	0.0408628
1.51357e-09	0.0395629
1.51364e-09	0.0382632
1.51371e-09	0.0369635
1.51378e-09	0.0356638
1.51385e-09	0.0343643
1.51392e-09	0.0330647
1.51399e-09	0.0317653
1.51406e-09	0.030466
1.51413e-09	0.0291667
1.51421e-09	0.0278675
1.51428e-09	0.0265684
1.51435e-09	0.0252693
1.51442e-09	0.0239704
1.51449e-09	0.0226715
1.51456e-09	0.0213727
1.51463e-09	0.020074
1.5147e-09	0.0187755
1.51477e-09	0.017477
1.51484e-09	0.0161786
1.51491e-09	0.0148803
1.51499e-09	0.0135821
1.51506e-09	0.0122841
1.51513e-09	0.0109861
1.5152e-09	0.00968828
1.51527e-09	0.00839055
1.51534e-09	0.00709295
1.51541e-09	0.00579546
1.51548e-09	0.0044981
1.51555e-09	0.00320086
1.51562e-09	0.00190376
1.51569e-09	0.000606779
1.51577e-09	-0.000690065
1.51584e-09	-0.00198677
1.51591e-09	-0.00328334
1.51598e-09	-0.00457977
1.51605e-09	-0.00587606
1.51612e-09	-0.0071722
1.51619e-09	-0.00846819
1.51626e-09	-0.00976403
1.51633e-09	-0.0110597
1.5164e-09	-0.0123552
1.51647e-09	-0.0136506
1.51655e-09	-0.0149458
1.51662e-09	-0.0162409
1.51669e-09	-0.0175358
1.51676e-09	-0.0188305
1.51683e-09	-0.020125
1.5169e-09	-0.0214194
1.51697e-09	-0.0227136
1.51704e-09	-0.0240076
1.51711e-09	-0.0253015
1.51718e-09	-0.0265951
1.51726e-09	-0.0278886
1.51733e-09	-0.0291819
1.5174e-09	-0.030475
1.51747e-09	-0.0317679
1.51754e-09	-0.0330606
1.51761e-09	-0.0343531
1.51768e-09	-0.0356454
1.51775e-09	-0.0369375
1.51782e-09	-0.0382294
1.51789e-09	-0.0395211
1.51796e-09	-0.0408126
1.51804e-09	-0.0421039
1.51811e-09	-0.0433949
1.51818e-09	-0.0446857
1.51825e-09	-0.0459764
1.51832e-09	-0.0472668
1.51839e-09	-0.0485569
1.51846e-09	-0.0498469
1.51853e-09	-0.0511366
1.5186e-09	-0.0524261
1.51867e-09	-0.0537153
1.51874e-09	-0.0550043
1.51882e-09	-0.0562931
1.51889e-09	-0.0575816
1.51896e-09	-0.0588699
1.51903e-09	-0.060158
1.5191e-09	-0.0614458
1.51917e-09	-0.0627333
1.51924e-09	-0.0640206
1.51931e-09	-0.0653076
1.51938e-09	-0.0665944
1.51945e-09	-0.0678809
1.51952e-09	-0.0691671
1.5196e-09	-0.0704531
1.51967e-09	-0.0717388
1.51974e-09	-0.0730243
1.51981e-09	-0.0743094
1.51988e-09	-0.0755943
1.51995e-09	-0.0768789
1.52002e-09	-0.0781632
1.52009e-09	-0.0794473
1.52016e-09	-0.080731
1.52023e-09	-0.0820145
1.5203e-09	-0.0832977
1.52038e-09	-0.0845806
1.52045e-09	-0.0858632
1.52052e-09	-0.0871455
1.52059e-09	-0.0884275
1.52066e-09	-0.0897091
1.52073e-09	-0.0909905
1.5208e-09	-0.0922716
1.52087e-09	-0.0935524
1.52094e-09	-0.0948328
1.52101e-09	-0.096113
1.52109e-09	-0.0973928
1.52116e-09	-0.0986723
1.52123e-09	-0.0999515
1.5213e-09	-0.10123
1.52137e-09	-0.102509
1.52144e-09	-0.103787
1.52151e-09	-0.105065
1.52158e-09	-0.106342
1.52165e-09	-0.10762
1.52172e-09	-0.108896
1.52179e-09	-0.110173
1.52187e-09	-0.111449
1.52194e-09	-0.112725
1.52201e-09	-0.114
1.52208e-09	-0.115276
1.52215e-09	-0.11655
1.52222e-09	-0.117825
1.52229e-09	-0.119099
1.52236e-09	-0.120372
1.52243e-09	-0.121646
1.5225e-09	-0.122919
1.52257e-09	-0.124191
1.52265e-09	-0.125464
1.52272e-09	-0.126735
1.52279e-09	-0.128007
1.52286e-09	-0.129278
1.52293e-09	-0.130549
1.523e-09	-0.131819
1.52307e-09	-0.133089
1.52314e-09	-0.134359
1.52321e-09	-0.135628
1.52328e-09	-0.136897
1.52335e-09	-0.138165
1.52343e-09	-0.139433
1.5235e-09	-0.140701
1.52357e-09	-0.141968
1.52364e-09	-0.143234
1.52371e-09	-0.144501
1.52378e-09	-0.145767
1.52385e-09	-0.147032
1.52392e-09	-0.148298
1.52399e-09	-0.149562
1.52406e-09	-0.150827
1.52414e-09	-0.15209
1.52421e-09	-0.153354
1.52428e-09	-0.154617
1.52435e-09	-0.15588
1.52442e-09	-0.157142
1.52449e-09	-0.158403
1.52456e-09	-0.159665
1.52463e-09	-0.160926
1.5247e-09	-0.162186
1.52477e-09	-0.163446
1.52484e-09	-0.164706
1.52492e-09	-0.165965
1.52499e-09	-0.167223
1.52506e-09	-0.168482
1.52513e-09	-0.169739
1.5252e-09	-0.170997
1.52527e-09	-0.172253
1.52534e-09	-0.17351
1.52541e-09	-0.174766
1.52548e-09	-0.176021
1.52555e-09	-0.177276
1.52562e-09	-0.178531
1.5257e-09	-0.179785
1.52577e-09	-0.181038
1.52584e-09	-0.182291
1.52591e-09	-0.183544
1.52598e-09	-0.184796
1.52605e-09	-0.186048
1.52612e-09	-0.187299
1.52619e-09	-0.188549
1.52626e-09	-0.189799
1.52633e-09	-0.191049
1.5264e-09	-0.192298
1.52648e-09	-0.193547
1.52655e-09	-0.194795
1.52662e-09	-0.196043
1.52669e-09	-0.19729
1.52676e-09	-0.198537
1.52683e-09	-0.199783
1.5269e-09	-0.201028
1.52697e-09	-0.202273
1.52704e-09	-0.203518
1.52711e-09	-0.204762
1.52718e-09	-0.206006
1.52726e-09	-0.207249
1.52733e-09	-0.208491
1.5274e-09	-0.209733
1.52747e-09	-0.210975
1.52754e-09	-0.212215
1.52761e-09	-0.213456
1.52768e-09	-0.214696
1.52775e-09	-0.215935
1.52782e-09	-0.217174
1.52789e-09	-0.218412
1.52797e-09	-0.219649
1.52804e-09	-0.220887
1.52811e-09	-0.222123
1.52818e-09	-0.223359
1.52825e-09	-0.224595
1.52832e-09	-0.225829
1.52839e-09	-0.227064
1.52846e-09	-0.228297
1.52853e-09	-0.229531
1.5286e-09	-0.230763
1.52867e-09	-0.231995
1.52875e-09	-0.233227
1.52882e-09	-0.234458
1.52889e-09	-0.235688
1.52896e-09	-0.236918
1.52903e-09	-0.238147
1.5291e-09	-0.239375
1.52917e-09	-0.240603
1.52924e-09	-0.241831
1.52931e-09	-0.243058
1.52938e-09	-0.244284
1.52945e-09	-0.245509
1.52953e-09	-0.246734
1.5296e-09	-0.247959
1.52967e-09	-0.249183
1.52974e-09	-0.250406
1.52981e-09	-0.251628
1.52988e-09	-0.25285
1.52995e-09	-0.254072
1.53002e-09	-0.255293
1.53009e-09	-0.256513
1.53016e-09	-0.257732
1.53023e-09	-0.258951
1.53031e-09	-0.260169
1.53038e-09	-0.261387
1.53045e-09	-0.262604
1.53052e-09	-0.26382
1.53059e-09	-0.265036
1.53066e-09	-0.266251
1.53073e-09	-0.267466
1.5308e-09	-0.26868
1.53087e-09	-0.269893
1.53094e-09	-0.271105
1.53102e-09	-0.272317
1.53109e-09	-0.273529
1.53116e-09	-0.274739
1.53123e-09	-0.275949
1.5313e-09	-0.277158
1.53137e-09	-0.278367
1.53144e-09	-0.279575
1.53151e-09	-0.280782
1.53158e-09	-0.281989
1.53165e-09	-0.283195
1.53172e-09	-0.2844
1.5318e-09	-0.285605
1.53187e-09	-0.286809
1.53194e-09	-0.288012
1.53201e-09	-0.289215
1.53208e-09	-0.290417
1.53215e-09	-0.291618
1.53222e-09	-0.292819
1.53229e-09	-0.294019
1.53236e-09	-0.295218
1.53243e-09	-0.296416
1.5325e-09	-0.297614
1.53258e-09	-0.298811
1.53265e-09	-0.300008
1.53272e-09	-0.301203
1.53279e-09	-0.302398
1.53286e-09	-0.303593
1.53293e-09	-0.304786
1.533e-09	-0.305979
1.53307e-09	-0.307171
1.53314e-09	-0.308363
1.53321e-09	-0.309554
1.53328e-09	-0.310744
1.53336e-09	-0.311933
1.53343e-09	-0.313122
1.5335e-09	-0.31431
1.53357e-09	-0.315497
1.53364e-09	-0.316683
1.53371e-09	-0.317869
1.53378e-09	-0.319054
1.53385e-09	-0.320238
1.53392e-09	-0.321422
1.53399e-09	-0.322604
1.53406e-09	-0.323786
1.53414e-09	-0.324968
1.53421e-09	-0.326148
1.53428e-09	-0.327328
1.53435e-09	-0.328507
1.53442e-09	-0.329685
1.53449e-09	-0.330863
1.53456e-09	-0.33204
1.53463e-09	-0.333216
1.5347e-09	-0.334391
1.53477e-09	-0.335565
1.53485e-09	-0.336739
1.53492e-09	-0.337912
1.53499e-09	-0.339084
1.53506e-09	-0.340255
1.53513e-09	-0.341426
1.5352e-09	-0.342596
1.53527e-09	-0.343765
1.53534e-09	-0.344933
1.53541e-09	-0.346101
1.53548e-09	-0.347268
1.53555e-09	-0.348433
1.53563e-09	-0.349599
1.5357e-09	-0.350763
1.53577e-09	-0.351927
1.53584e-09	-0.353089
1.53591e-09	-0.354251
1.53598e-09	-0.355412
1.53605e-09	-0.356573
1.53612e-09	-0.357732
1.53619e-09	-0.358891
1.53626e-09	-0.360049
1.53633e-09	-0.361206
1.53641e-09	-0.362363
1.53648e-09	-0.363518
1.53655e-09	-0.364673
1.53662e-09	-0.365827
1.53669e-09	-0.36698
1.53676e-09	-0.368132
1.53683e-09	-0.369283
1.5369e-09	-0.370434
1.53697e-09	-0.371584
1.53704e-09	-0.372733
1.53711e-09	-0.373881
1.53719e-09	-0.375028
1.53726e-09	-0.376174
1.53733e-09	-0.37732
1.5374e-09	-0.378465
1.53747e-09	-0.379608
1.53754e-09	-0.380751
1.53761e-09	-0.381894
1.53768e-09	-0.383035
1.53775e-09	-0.384175
1.53782e-09	-0.385315
1.5379e-09	-0.386454
1.53797e-09	-0.387592
1.53804e-09	-0.388729
1.53811e-09	-0.389865
1.53818e-09	-0.391
1.53825e-09	-0.392135
1.53832e-09	-0.393268
1.53839e-09	-0.394401
1.53846e-09	-0.395533
1.53853e-09	-0.396664
1.5386e-09	-0.397794
1.53868e-09	-0.398923
1.53875e-09	-0.400052
1.53882e-09	-0.401179
1.53889e-09	-0.402305
1.53896e-09	-0.403431
1.53903e-09	-0.404556
1.5391e-09	-0.40568
1.53917e-09	-0.406803
1.53924e-09	-0.407925
1.53931e-09	-0.409046
1.53938e-09	-0.410166
1.53946e-09	-0.411286
1.53953e-09	-0.412404
1.5396e-09	-0.413522
1.53967e-09	-0.414639
1.53974e-09	-0.415754
1.53981e-09	-0.416869
1.53988e-09	-0.417983
1.53995e-09	-0.419096
1.54002e-09	-0.420208
1.54009e-09	-0.421319
1.54016e-09	-0.42243
1.54024e-09	-0.423539
1.54031e-09	-0.424647
1.54038e-09	-0.425755
1.54045e-09	-0.426861
1.54052e-09	-0.427967
1.54059e-09	-0.429072
1.54066e-09	-0.430176
1.54073e-09	-0.431278
1.5408e-09	-0.43238
1.54087e-09	-0.433481
1.54094e-09	-0.434581
1.54102e-09	-0.43568
1.54109e-09	-0.436778
1.54116e-09	-0.437875
1.54123e-09	-0.438972
1.5413e-09	-0.440067
1.54137e-09	-0.441161
1.54144e-09	-0.442254
1.54151e-09	-0.443347
1.54158e-09	-0.444438
1.54165e-09	-0.445529
1.54173e-09	-0.446618
1.5418e-09	-0.447707
1.54187e-09	-0.448794
1.54194e-09	-0.449881
1.54201e-09	-0.450966
1.54208e-09	-0.452051
1.54215e-09	-0.453134
1.54222e-09	-0.454217
1.54229e-09	-0.455299
1.54236e-09	-0.456379
1.54243e-09	-0.457459
1.54251e-09	-0.458538
1.54258e-09	-0.459615
1.54265e-09	-0.460692
1.54272e-09	-0.461768
1.54279e-09	-0.462843
1.54286e-09	-0.463916
1.54293e-09	-0.464989
1.543e-09	-0.466061
1.54307e-09	-0.467132
1.54314e-09	-0.468201
1.54321e-09	-0.46927
1.54329e-09	-0.470338
1.54336e-09	-0.471404
1.54343e-09	-0.47247
1.5435e-09	-0.473535
1.54357e-09	-0.474598
1.54364e-09	-0.475661
1.54371e-09	-0.476723
1.54378e-09	-0.477783
1.54385e-09	-0.478843
1.54392e-09	-0.479901
1.54399e-09	-0.480959
1.54407e-09	-0.482015
1.54414e-09	-0.483071
1.54421e-09	-0.484125
1.54428e-09	-0.485179
1.54435e-09	-0.486231
1.54442e-09	-0.487282
1.54449e-09	-0.488333
1.54456e-09	-0.489382
1.54463e-09	-0.49043
1.5447e-09	-0.491477
1.54478e-09	-0.492523
1.54485e-09	-0.493568
1.54492e-09	-0.494612
1.54499e-09	-0.495655
1.54506e-09	-0.496697
1.54513e-09	-0.497738
1.5452e-09	-0.498778
1.54527e-09	-0.499816
1.54534e-09	-0.500854
1.54541e-09	-0.50189
1.54548e-09	-0.502926
1.54556e-09	-0.50396
1.54563e-09	-0.504994
1.5457e-09	-0.506026
1.54577e-09	-0.507057
1.54584e-09	-0.508087
1.54591e-09	-0.509116
1.54598e-09	-0.510144
1.54605e-09	-0.511171
1.54612e-09	-0.512197
1.54619e-09	-0.513222
1.54626e-09	-0.514245
1.54634e-09	-0.515268
1.54641e-09	-0.516289
1.54648e-09	-0.51731
1.54655e-09	-0.518329
1.54662e-09	-0.519347
1.54669e-09	-0.520364
1.54676e-09	-0.52138
1.54683e-09	-0.522395
1.5469e-09	-0.523409
1.54697e-09	-0.524421
1.54704e-09	-0.525433
1.54712e-09	-0.526443
1.54719e-09	-0.527453
1.54726e-09	-0.528461
1.54733e-09	-0.529468
1.5474e-09	-0.530474
1.54747e-09	-0.531479
1.54754e-09	-0.532483
1.54761e-09	-0.533485
1.54768e-09	-0.534487
1.54775e-09	-0.535487
1.54782e-09	-0.536486
1.5479e-09	-0.537484
1.54797e-09	-0.538481
1.54804e-09	-0.539477
1.54811e-09	-0.540472
1.54818e-09	-0.541465
1.54825e-09	-0.542458
1.54832e-09	-0.543449
1.54839e-09	-0.544439
1.54846e-09	-0.545428
1.54853e-09	-0.546416
1.54861e-09	-0.547403
1.54868e-09	-0.548389
1.54875e-09	-0.549373
1.54882e-09	-0.550356
1.54889e-09	-0.551338
1.54896e-09	-0.552319
1.54903e-09	-0.553299
1.5491e-09	-0.554278
1.54917e-09	-0.555255
1.54924e-09	-0.556232
1.54931e-09	-0.557207
1.54939e-09	-0.558181
1.54946e-09	-0.559154
1.54953e-09	-0.560125
1.5496e-09	-0.561096
1.54967e-09	-0.562065
1.54974e-09	-0.563033
1.54981e-09	-0.564
1.54988e-09	-0.564966
1.54995e-09	-0.565931
1.55002e-09	-0.566894
1.55009e-09	-0.567856
1.55017e-09	-0.568817
1.55024e-09	-0.569777
1.55031e-09	-0.570736
1.55038e-09	-0.571694
1.55045e-09	-0.57265
1.55052e-09	-0.573605
1.55059e-09	-0.574559
1.55066e-09	-0.575512
1.55073e-09	-0.576463
1.5508e-09	-0.577414
1.55087e-09	-0.578363
1.55095e-09	-0.579311
1.55102e-09	-0.580257
1.55109e-09	-0.581203
1.55116e-09	-0.582147
1.55123e-09	-0.58309
1.5513e-09	-0.584032
1.55137e-09	-0.584973
1.55144e-09	-0.585912
1.55151e-09	-0.586851
1.55158e-09	-0.587788
1.55166e-09	-0.588724
1.55173e-09	-0.589658
1.5518e-09	-0.590592
1.55187e-09	-0.591524
1.55194e-09	-0.592455
1.55201e-09	-0.593384
1.55208e-09	-0.594313
1.55215e-09	-0.59524
1.55222e-09	-0.596166
1.55229e-09	-0.597091
1.55236e-09	-0.598014
1.55244e-09	-0.598937
1.55251e-09	-0.599858
1.55258e-09	-0.600778
1.55265e-09	-0.601696
1.55272e-09	-0.602614
1.55279e-09	-0.60353
1.55286e-09	-0.604445
1.55293e-09	-0.605358
1.553e-09	-0.606271
1.55307e-09	-0.607182
1.55314e-09	-0.608092
1.55322e-09	-0.609
1.55329e-09	-0.609907
1.55336e-09	-0.610814
1.55343e-09	-0.611718
1.5535e-09	-0.612622
1.55357e-09	-0.613524
1.55364e-09	-0.614425
1.55371e-09	-0.615325
1.55378e-09	-0.616224
1.55385e-09	-0.617121
1.55392e-09	-0.618017
1.554e-09	-0.618912
1.55407e-09	-0.619805
1.55414e-09	-0.620697
1.55421e-09	-0.621588
1.55428e-09	-0.622478
1.55435e-09	-0.623366
1.55442e-09	-0.624253
1.55449e-09	-0.625139
1.55456e-09	-0.626023
1.55463e-09	-0.626907
1.55471e-09	-0.627788
1.55478e-09	-0.628669
1.55485e-09	-0.629548
1.55492e-09	-0.630426
1.55499e-09	-0.631303
1.55506e-09	-0.632179
1.55513e-09	-0.633053
1.5552e-09	-0.633926
1.55527e-09	-0.634797
1.55534e-09	-0.635668
1.55541e-09	-0.636537
1.55549e-09	-0.637404
1.55556e-09	-0.638271
1.55563e-09	-0.639136
1.5557e-09	-0.639999
1.55577e-09	-0.640862
1.55584e-09	-0.641723
1.55591e-09	-0.642583
1.55598e-09	-0.643441
1.55605e-09	-0.644299
1.55612e-09	-0.645154
1.55619e-09	-0.646009
1.55627e-09	-0.646862
1.55634e-09	-0.647714
1.55641e-09	-0.648565
1.55648e-09	-0.649414
1.55655e-09	-0.650262
1.55662e-09	-0.651109
1.55669e-09	-0.651954
1.55676e-09	-0.652798
1.55683e-09	-0.653641
1.5569e-09	-0.654482
1.55697e-09	-0.655322
1.55705e-09	-0.656161
1.55712e-09	-0.656998
1.55719e-09	-0.657834
1.55726e-09	-0.658668
1.55733e-09	-0.659502
1.5574e-09	-0.660334
1.55747e-09	-0.661164
1.55754e-09	-0.661994
1.55761e-09	-0.662822
1.55768e-09	-0.663648
1.55775e-09	-0.664473
1.55783e-09	-0.665297
1.5579e-09	-0.66612
1.55797e-09	-0.666941
1.55804e-09	-0.667761
1.55811e-09	-0.668579
1.55818e-09	-0.669396
1.55825e-09	-0.670212
1.55832e-09	-0.671026
1.55839e-09	-0.671839
1.55846e-09	-0.672651
1.55854e-09	-0.673461
1.55861e-09	-0.67427
1.55868e-09	-0.675078
1.55875e-09	-0.675884
1.55882e-09	-0.676689
1.55889e-09	-0.677492
1.55896e-09	-0.678295
1.55903e-09	-0.679095
1.5591e-09	-0.679895
1.55917e-09	-0.680693
1.55924e-09	-0.681489
1.55932e-09	-0.682284
1.55939e-09	-0.683078
1.55946e-09	-0.683871
1.55953e-09	-0.684662
1.5596e-09	-0.685451
1.55967e-09	-0.68624
1.55974e-09	-0.687027
1.55981e-09	-0.687812
1.55988e-09	-0.688596
1.55995e-09	-0.689379
1.56002e-09	-0.690161
1.5601e-09	-0.69094
1.56017e-09	-0.691719
1.56024e-09	-0.692496
1.56031e-09	-0.693272
1.56038e-09	-0.694046
1.56045e-09	-0.694819
1.56052e-09	-0.695591
1.56059e-09	-0.696361
1.56066e-09	-0.69713
1.56073e-09	-0.697897
1.5608e-09	-0.698663
1.56088e-09	-0.699428
1.56095e-09	-0.700191
1.56102e-09	-0.700953
1.56109e-09	-0.701713
1.56116e-09	-0.702472
1.56123e-09	-0.70323
1.5613e-09	-0.703986
1.56137e-09	-0.70474
1.56144e-09	-0.705494
1.56151e-09	-0.706246
1.56159e-09	-0.706996
1.56166e-09	-0.707745
1.56173e-09	-0.708493
1.5618e-09	-0.709239
1.56187e-09	-0.709984
1.56194e-09	-0.710727
1.56201e-09	-0.711469
1.56208e-09	-0.712209
1.56215e-09	-0.712948
1.56222e-09	-0.713686
1.56229e-09	-0.714422
1.56237e-09	-0.715157
1.56244e-09	-0.71589
1.56251e-09	-0.716622
1.56258e-09	-0.717353
1.56265e-09	-0.718082
1.56272e-09	-0.718809
1.56279e-09	-0.719535
1.56286e-09	-0.72026
1.56293e-09	-0.720983
1.563e-09	-0.721705
1.56307e-09	-0.722425
1.56315e-09	-0.723144
1.56322e-09	-0.723862
1.56329e-09	-0.724578
1.56336e-09	-0.725292
1.56343e-09	-0.726005
1.5635e-09	-0.726717
1.56357e-09	-0.727427
1.56364e-09	-0.728136
1.56371e-09	-0.728843
1.56378e-09	-0.729549
1.56385e-09	-0.730254
1.56393e-09	-0.730957
1.564e-09	-0.731658
1.56407e-09	-0.732358
1.56414e-09	-0.733057
1.56421e-09	-0.733754
1.56428e-09	-0.73445
1.56435e-09	-0.735144
1.56442e-09	-0.735836
1.56449e-09	-0.736528
1.56456e-09	-0.737217
1.56463e-09	-0.737906
1.56471e-09	-0.738593
1.56478e-09	-0.739278
1.56485e-09	-0.739962
1.56492e-09	-0.740644
1.56499e-09	-0.741325
1.56506e-09	-0.742005
1.56513e-09	-0.742683
1.5652e-09	-0.743359
1.56527e-09	-0.744034
1.56534e-09	-0.744708
1.56542e-09	-0.74538
1.56549e-09	-0.746051
1.56556e-09	-0.74672
1.56563e-09	-0.747387
1.5657e-09	-0.748054
1.56577e-09	-0.748718
1.56584e-09	-0.749381
1.56591e-09	-0.750043
1.56598e-09	-0.750703
1.56605e-09	-0.751362
1.56612e-09	-0.752019
1.5662e-09	-0.752675
1.56627e-09	-0.753329
1.56634e-09	-0.753982
1.56641e-09	-0.754633
1.56648e-09	-0.755283
1.56655e-09	-0.755931
1.56662e-09	-0.756578
1.56669e-09	-0.757223
1.56676e-09	-0.757867
1.56683e-09	-0.758509
1.5669e-09	-0.75915
1.56698e-09	-0.759789
1.56705e-09	-0.760427
1.56712e-09	-0.761063
1.56719e-09	-0.761698
1.56726e-09	-0.762331
1.56733e-09	-0.762963
1.5674e-09	-0.763593
1.56747e-09	-0.764222
1.56754e-09	-0.764849
1.56761e-09	-0.765475
1.56768e-09	-0.766099
1.56776e-09	-0.766722
1.56783e-09	-0.767343
1.5679e-09	-0.767962
1.56797e-09	-0.768581
1.56804e-09	-0.769197
1.56811e-09	-0.769812
1.56818e-09	-0.770426
1.56825e-09	-0.771038
1.56832e-09	-0.771648
1.56839e-09	-0.772257
1.56847e-09	-0.772865
1.56854e-09	-0.773471
1.56861e-09	-0.774075
1.56868e-09	-0.774678
1.56875e-09	-0.775279
1.56882e-09	-0.775879
1.56889e-09	-0.776478
1.56896e-09	-0.777074
1.56903e-09	-0.77767
1.5691e-09	-0.778263
1.56917e-09	-0.778856
1.56925e-09	-0.779446
1.56932e-09	-0.780035
1.56939e-09	-0.780623
1.56946e-09	-0.781209
1.56953e-09	-0.781794
1.5696e-09	-0.782377
1.56967e-09	-0.782958
1.56974e-09	-0.783538
1.56981e-09	-0.784116
1.56988e-09	-0.784693
1.56995e-09	-0.785268
1.57003e-09	-0.785842
1.5701e-09	-0.786414
1.57017e-09	-0.786985
1.57024e-09	-0.787554
1.57031e-09	-0.788122
1.57038e-09	-0.788688
1.57045e-09	-0.789252
1.57052e-09	-0.789815
1.57059e-09	-0.790376
1.57066e-09	-0.790936
1.57073e-09	-0.791495
1.57081e-09	-0.792051
1.57088e-09	-0.792606
1.57095e-09	-0.79316
1.57102e-09	-0.793712
1.57109e-09	-0.794263
1.57116e-09	-0.794812
1.57123e-09	-0.795359
1.5713e-09	-0.795905
1.57137e-09	-0.796449
1.57144e-09	-0.796992
1.57151e-09	-0.797533
1.57159e-09	-0.798073
1.57166e-09	-0.798611
1.57173e-09	-0.799147
1.5718e-09	-0.799682
1.57187e-09	-0.800215
1.57194e-09	-0.800747
1.57201e-09	-0.801277
1.57208e-09	-0.801806
1.57215e-09	-0.802333
1.57222e-09	-0.802859
1.5723e-09	-0.803383
1.57237e-09	-0.803905
1.57244e-09	-0.804426
1.57251e-09	-0.804945
1.57258e-09	-0.805463
1.57265e-09	-0.805979
1.57272e-09	-0.806493
1.57279e-09	-0.807006
1.57286e-09	-0.807518
1.57293e-09	-0.808028
1.573e-09	-0.808536
1.57308e-09	-0.809042
1.57315e-09	-0.809547
1.57322e-09	-0.810051
1.57329e-09	-0.810553
1.57336e-09	-0.811053
1.57343e-09	-0.811552
1.5735e-09	-0.812049
1.57357e-09	-0.812545
1.57364e-09	-0.813039
1.57371e-09	-0.813531
1.57378e-09	-0.814022
1.57386e-09	-0.814511
1.57393e-09	-0.814999
1.574e-09	-0.815485
1.57407e-09	-0.81597
1.57414e-09	-0.816453
1.57421e-09	-0.816934
1.57428e-09	-0.817414
1.57435e-09	-0.817892
1.57442e-09	-0.818369
1.57449e-09	-0.818844
1.57456e-09	-0.819317
1.57464e-09	-0.819789
1.57471e-09	-0.820259
1.57478e-09	-0.820728
1.57485e-09	-0.821195
1.57492e-09	-0.82166
1.57499e-09	-0.822124
1.57506e-09	-0.822586
1.57513e-09	-0.823047
1.5752e-09	-0.823506
1.57527e-09	-0.823963
1.57535e-09	-0.824419
1.57542e-09	-0.824874
1.57549e-09	-0.825326
1.57556e-09	-0.825777
1.57563e-09	-0.826227
1.5757e-09	-0.826675
1.57577e-09	-0.827121
1.57584e-09	-0.827566
1.57591e-09	-0.828009
1.57598e-09	-0.82845
1.57605e-09	-0.82889
1.57613e-09	-0.829328
1.5762e-09	-0.829765
1.57627e-09	-0.8302
1.57634e-09	-0.830634
1.57641e-09	-0.831065
1.57648e-09	-0.831496
1.57655e-09	-0.831924
1.57662e-09	-0.832351
1.57669e-09	-0.832777
1.57676e-09	-0.833201
1.57683e-09	-0.833623
1.57691e-09	-0.834043
1.57698e-09	-0.834462
1.57705e-09	-0.83488
1.57712e-09	-0.835296
1.57719e-09	-0.83571
1.57726e-09	-0.836122
1.57733e-09	-0.836533
1.5774e-09	-0.836943
1.57747e-09	-0.83735
1.57754e-09	-0.837756
1.57761e-09	-0.838161
1.57769e-09	-0.838564
1.57776e-09	-0.838965
1.57783e-09	-0.839365
1.5779e-09	-0.839763
1.57797e-09	-0.840159
1.57804e-09	-0.840554
1.57811e-09	-0.840947
1.57818e-09	-0.841338
1.57825e-09	-0.841728
1.57832e-09	-0.842117
1.57839e-09	-0.842503
1.57847e-09	-0.842888
1.57854e-09	-0.843272
1.57861e-09	-0.843654
1.57868e-09	-0.844034
1.57875e-09	-0.844413
1.57882e-09	-0.844789
1.57889e-09	-0.845165
1.57896e-09	-0.845538
1.57903e-09	-0.845911
1.5791e-09	-0.846281
1.57918e-09	-0.84665
1.57925e-09	-0.847017
1.57932e-09	-0.847383
1.57939e-09	-0.847747
1.57946e-09	-0.848109
1.57953e-09	-0.84847
1.5796e-09	-0.848829
1.57967e-09	-0.849186
1.57974e-09	-0.849542
1.57981e-09	-0.849896
1.57988e-09	-0.850249
1.57996e-09	-0.8506
1.58003e-09	-0.850949
1.5801e-09	-0.851297
1.58017e-09	-0.851643
1.58024e-09	-0.851987
1.58031e-09	-0.85233
1.58038e-09	-0.852671
1.58045e-09	-0.853011
1.58052e-09	-0.853349
1.58059e-09	-0.853685
1.58066e-09	-0.85402
1.58074e-09	-0.854352
1.58081e-09	-0.854684
1.58088e-09	-0.855014
1.58095e-09	-0.855342
1.58102e-09	-0.855668
1.58109e-09	-0.855993
1.58116e-09	-0.856316
1.58123e-09	-0.856638
1.5813e-09	-0.856958
1.58137e-09	-0.857276
1.58144e-09	-0.857593
1.58152e-09	-0.857908
1.58159e-09	-0.858221
1.58166e-09	-0.858533
1.58173e-09	-0.858843
1.5818e-09	-0.859151
1.58187e-09	-0.859458
1.58194e-09	-0.859763
1.58201e-09	-0.860067
1.58208e-09	-0.860369
1.58215e-09	-0.860669
1.58223e-09	-0.860968
1.5823e-09	-0.861265
1.58237e-09	-0.86156
1.58244e-09	-0.861854
1.58251e-09	-0.862146
1.58258e-09	-0.862436
1.58265e-09	-0.862725
1.58272e-09	-0.863012
1.58279e-09	-0.863298
1.58286e-09	-0.863581
1.58293e-09	-0.863864
1.58301e-09	-0.864144
1.58308e-09	-0.864423
1.58315e-09	-0.8647
1.58322e-09	-0.864976
1.58329e-09	-0.86525
1.58336e-09	-0.865522
1.58343e-09	-0.865793
1.5835e-09	-0.866062
1.58357e-09	-0.86633
1.58364e-09	-0.866595
1.58371e-09	-0.86686
1.58379e-09	-0.867122
1.58386e-09	-0.867383
1.58393e-09	-0.867642
1.584e-09	-0.8679
1.58407e-09	-0.868156
1.58414e-09	-0.86841
1.58421e-09	-0.868662
1.58428e-09	-0.868913
1.58435e-09	-0.869163
1.58442e-09	-0.86941
1.58449e-09	-0.869656
1.58457e-09	-0.869901
1.58464e-09	-0.870144
1.58471e-09	-0.870385
1.58478e-09	-0.870624
1.58485e-09	-0.870862
1.58492e-09	-0.871098
1.58499e-09	-0.871333
1.58506e-09	-0.871565
1.58513e-09	-0.871797
1.5852e-09	-0.872026
1.58527e-09	-0.872254
1.58535e-09	-0.87248
1.58542e-09	-0.872705
1.58549e-09	-0.872928
1.58556e-09	-0.873149
1.58563e-09	-0.873369
1.5857e-09	-0.873587
1.58577e-09	-0.873803
1.58584e-09	-0.874018
1.58591e-09	-0.874231
1.58598e-09	-0.874442
1.58606e-09	-0.874652
1.58613e-09	-0.87486
1.5862e-09	-0.875067
1.58627e-09	-0.875271
1.58634e-09	-0.875475
1.58641e-09	-0.875676
1.58648e-09	-0.875876
1.58655e-09	-0.876074
1.58662e-09	-0.876271
1.58669e-09	-0.876466
1.58676e-09	-0.876659
1.58684e-09	-0.876851
1.58691e-09	-0.877041
1.58698e-09	-0.877229
1.58705e-09	-0.877415
1.58712e-09	-0.8776
1.58719e-09	-0.877784
1.58726e-09	-0.877966
1.58733e-09	-0.878146
1.5874e-09	-0.878324
1.58747e-09	-0.878501
1.58754e-09	-0.878676
1.58762e-09	-0.878849
1.58769e-09	-0.879021
1.58776e-09	-0.879191
1.58783e-09	-0.87936
1.5879e-09	-0.879527
1.58797e-09	-0.879692
1.58804e-09	-0.879855
1.58811e-09	-0.880017
1.58818e-09	-0.880177
1.58825e-09	-0.880336
1.58832e-09	-0.880493
1.5884e-09	-0.880648
1.58847e-09	-0.880802
1.58854e-09	-0.880954
1.58861e-09	-0.881104
1.58868e-09	-0.881253
1.58875e-09	-0.8814
1.58882e-09	-0.881545
1.58889e-09	-0.881689
1.58896e-09	-0.881831
1.58903e-09	-0.881971
1.58911e-09	-0.88211
1.58918e-09	-0.882247
1.58925e-09	-0.882383
1.58932e-09	-0.882517
1.58939e-09	-0.882649
1.58946e-09	-0.882779
1.58953e-09	-0.882908
1.5896e-09	-0.883035
1.58967e-09	-0.883161
1.58974e-09	-0.883285
1.58981e-09	-0.883407
1.58989e-09	-0.883528
1.58996e-09	-0.883647
1.59003e-09	-0.883764
1.5901e-09	-0.88388
1.59017e-09	-0.883994
1.59024e-09	-0.884106
1.59031e-09	-0.884217
1.59038e-09	-0.884326
1.59045e-09	-0.884433
1.59052e-09	-0.884539
1.59059e-09	-0.884643
1.59067e-09	-0.884746
1.59074e-09	-0.884846
1.59081e-09	-0.884946
1.59088e-09	-0.885043
1.59095e-09	-0.885139
1.59102e-09	-0.885233
1.59109e-09	-0.885326
1.59116e-09	-0.885417
1.59123e-09	-0.885506
1.5913e-09	-0.885593
1.59137e-09	-0.885679
1.59145e-09	-0.885764
1.59152e-09	-0.885846
1.59159e-09	-0.885928
1.59166e-09	-0.886007
1.59173e-09	-0.886085
1.5918e-09	-0.886161
1.59187e-09	-0.886235
1.59194e-09	-0.886308
1.59201e-09	-0.886379
1.59208e-09	-0.886449
1.59215e-09	-0.886517
1.59223e-09	-0.886583
1.5923e-09	-0.886647
1.59237e-09	-0.88671
1.59244e-09	-0.886772
1.59251e-09	-0.886831
1.59258e-09	-0.886889
1.59265e-09	-0.886946
1.59272e-09	-0.887
1.59279e-09	-0.887053
1.59286e-09	-0.887105
1.59294e-09	-0.887154
1.59301e-09	-0.887203
1.59308e-09	-0.887249
1.59315e-09	-0.887294
1.59322e-09	-0.887337
1.59329e-09	-0.887379
1.59336e-09	-0.887419
1.59343e-09	-0.887457
1.5935e-09	-0.887493
1.59357e-09	-0.887528
1.59364e-09	-0.887562
1.59372e-09	-0.887594
1.59379e-09	-0.887624
1.59386e-09	-0.887652
1.59393e-09	-0.887679
1.594e-09	-0.887704
1.59407e-09	-0.887727
1.59414e-09	-0.887749
1.59421e-09	-0.88777
1.59428e-09	-0.887788
1.59435e-09	-0.887805
1.59442e-09	-0.88782
1.5945e-09	-0.887834
1.59457e-09	-0.887846
1.59464e-09	-0.887856
1.59471e-09	-0.887865
1.59478e-09	-0.887872
1.59485e-09	-0.887878
1.59492e-09	-0.887882
1.59499e-09	-0.887884
1.59506e-09	-0.887884
1.59513e-09	-0.887883
1.5952e-09	-0.887881
1.59528e-09	-0.887876
1.59535e-09	-0.88787
1.59542e-09	-0.887863
1.59549e-09	-0.887854
1.59556e-09	-0.887843
1.59563e-09	-0.88783
1.5957e-09	-0.887816
1.59577e-09	-0.8878
1.59584e-09	-0.887783
1.59591e-09	-0.887764
1.59599e-09	-0.887743
1.59606e-09	-0.887721
1.59613e-09	-0.887697
1.5962e-09	-0.887672
1.59627e-09	-0.887644
1.59634e-09	-0.887616
1.59641e-09	-0.887585
1.59648e-09	-0.887553
1.59655e-09	-0.887519
1.59662e-09	-0.887484
1.59669e-09	-0.887447
1.59677e-09	-0.887408
1.59684e-09	-0.887368
1.59691e-09	-0.887326
1.59698e-09	-0.887283
1.59705e-09	-0.887238
1.59712e-09	-0.887191
1.59719e-09	-0.887143
1.59726e-09	-0.887093
1.59733e-09	-0.887041
1.5974e-09	-0.886988
1.59747e-09	-0.886933
1.59755e-09	-0.886877
1.59762e-09	-0.886819
1.59769e-09	-0.886759
1.59776e-09	-0.886698
1.59783e-09	-0.886635
1.5979e-09	-0.88657
1.59797e-09	-0.886504
1.59804e-09	-0.886436
1.59811e-09	-0.886367
1.59818e-09	-0.886296
1.59825e-09	-0.886223
1.59833e-09	-0.886149
1.5984e-09	-0.886073
1.59847e-09	-0.885996
1.59854e-09	-0.885917
1.59861e-09	-0.885836
1.59868e-09	-0.885754
1.59875e-09	-0.88567
1.59882e-09	-0.885584
1.59889e-09	-0.885497
1.59896e-09	-0.885408
1.59903e-09	-0.885318
1.59911e-09	-0.885226
1.59918e-09	-0.885132
1.59925e-09	-0.885037
1.59932e-09	-0.88494
1.59939e-09	-0.884841
1.59946e-09	-0.884741
1.59953e-09	-0.88464
1.5996e-09	-0.884536
1.59967e-09	-0.884431
1.59974e-09	-0.884325
1.59982e-09	-0.884217
1.59989e-09	-0.884107
1.59996e-09	-0.883996
1.60003e-09	-0.883883
1.6001e-09	-0.883768
1.60017e-09	-0.883652
1.60024e-09	-0.883534
1.60031e-09	-0.883415
1.60038e-09	-0.883294
1.60045e-09	-0.883172
1.60052e-09	-0.883047
1.6006e-09	-0.882922
1.60067e-09	-0.882794
1.60074e-09	-0.882665
1.60081e-09	-0.882535
1.60088e-09	-0.882403
1.60095e-09	-0.882269
1.60102e-09	-0.882134
1.60109e-09	-0.881997
1.60116e-09	-0.881858
1.60123e-09	-0.881718
1.6013e-09	-0.881576
1.60138e-09	-0.881433
1.60145e-09	-0.881288
1.60152e-09	-0.881141
1.60159e-09	-0.880993
1.60166e-09	-0.880844
1.60173e-09	-0.880692
1.6018e-09	-0.880539
1.60187e-09	-0.880385
1.60194e-09	-0.880229
1.60201e-09	-0.880071
1.60208e-09	-0.879912
1.60216e-09	-0.879751
1.60223e-09	-0.879589
1.6023e-09	-0.879425
1.60237e-09	-0.879259
1.60244e-09	-0.879092
1.60251e-09	-0.878923
1.60258e-09	-0.878753
1.60265e-09	-0.878581
1.60272e-09	-0.878407
1.60279e-09	-0.878232
1.60287e-09	-0.878056
1.60294e-09	-0.877877
1.60301e-09	-0.877698
1.60308e-09	-0.877516
1.60315e-09	-0.877333
1.60322e-09	-0.877149
1.60329e-09	-0.876963
1.60336e-09	-0.876775
1.60343e-09	-0.876586
1.6035e-09	-0.876395
1.60357e-09	-0.876202
1.60365e-09	-0.876008
1.60372e-09	-0.875813
1.60379e-09	-0.875615
1.60386e-09	-0.875417
1.60393e-09	-0.875216
1.604e-09	-0.875015
1.60407e-09	-0.874811
1.60414e-09	-0.874606
1.60421e-09	-0.8744
1.60428e-09	-0.874191
1.60435e-09	-0.873982
1.60443e-09	-0.87377
1.6045e-09	-0.873558
1.60457e-09	-0.873343
1.60464e-09	-0.873127
1.60471e-09	-0.87291
1.60478e-09	-0.872691
1.60485e-09	-0.87247
1.60492e-09	-0.872248
1.60499e-09	-0.872024
1.60506e-09	-0.871799
1.60513e-09	-0.871572
1.60521e-09	-0.871343
1.60528e-09	-0.871113
1.60535e-09	-0.870882
1.60542e-09	-0.870649
1.60549e-09	-0.870414
1.60556e-09	-0.870178
1.60563e-09	-0.86994
1.6057e-09	-0.869701
1.60577e-09	-0.86946
1.60584e-09	-0.869217
1.60591e-09	-0.868973
1.60599e-09	-0.868728
1.60606e-09	-0.868481
1.60613e-09	-0.868232
1.6062e-09	-0.867982
1.60627e-09	-0.86773
1.60634e-09	-0.867477
1.60641e-09	-0.867222
1.60648e-09	-0.866966
1.60655e-09	-0.866708
1.60662e-09	-0.866448
1.6067e-09	-0.866187
1.60677e-09	-0.865925
1.60684e-09	-0.865661
1.60691e-09	-0.865395
1.60698e-09	-0.865128
1.60705e-09	-0.864859
1.60712e-09	-0.864589
1.60719e-09	-0.864317
1.60726e-09	-0.864044
1.60733e-09	-0.863769
1.6074e-09	-0.863493
1.60748e-09	-0.863215
1.60755e-09	-0.862936
1.60762e-09	-0.862655
1.60769e-09	-0.862372
1.60776e-09	-0.862088
1.60783e-09	-0.861803
1.6079e-09	-0.861516
1.60797e-09	-0.861227
1.60804e-09	-0.860937
1.60811e-09	-0.860646
1.60818e-09	-0.860352
1.60826e-09	-0.860058
1.60833e-09	-0.859762
1.6084e-09	-0.859464
1.60847e-09	-0.859165
1.60854e-09	-0.858864
1.60861e-09	-0.858562
1.60868e-09	-0.858258
1.60875e-09	-0.857953
1.60882e-09	-0.857646
1.60889e-09	-0.857337
1.60896e-09	-0.857028
1.60904e-09	-0.856716
1.60911e-09	-0.856403
1.60918e-09	-0.856089
1.60925e-09	-0.855773
1.60932e-09	-0.855456
1.60939e-09	-0.855137
1.60946e-09	-0.854817
1.60953e-09	-0.854495
1.6096e-09	-0.854171
1.60967e-09	-0.853846
1.60975e-09	-0.85352
1.60982e-09	-0.853192
1.60989e-09	-0.852863
1.60996e-09	-0.852532
1.61003e-09	-0.852199
1.6101e-09	-0.851865
1.61017e-09	-0.85153
1.61024e-09	-0.851193
1.61031e-09	-0.850855
1.61038e-09	-0.850515
1.61045e-09	-0.850173
1.61053e-09	-0.849831
1.6106e-09	-0.849486
1.61067e-09	-0.84914
1.61074e-09	-0.848793
1.61081e-09	-0.848444
1.61088e-09	-0.848094
1.61095e-09	-0.847742
1.61102e-09	-0.847389
1.61109e-09	-0.847034
1.61116e-09	-0.846678
1.61123e-09	-0.84632
1.61131e-09	-0.845961
1.61138e-09	-0.8456
1.61145e-09	-0.845238
1.61152e-09	-0.844874
1.61159e-09	-0.844509
1.61166e-09	-0.844143
1.61173e-09	-0.843775
1.6118e-09	-0.843405
1.61187e-09	-0.843034
1.61194e-09	-0.842661
1.61201e-09	-0.842288
1.61209e-09	-0.841912
1.61216e-09	-0.841535
1.61223e-09	-0.841157
1.6123e-09	-0.840777
1.61237e-09	-0.840396
1.61244e-09	-0.840013
1.61251e-09	-0.839629
1.61258e-09	-0.839243
1.61265e-09	-0.838856
1.61272e-09	-0.838467
1.61279e-09	-0.838077
1.61287e-09	-0.837686
1.61294e-09	-0.837293
1.61301e-09	-0.836898
1.61308e-09	-0.836502
1.61315e-09	-0.836105
1.61322e-09	-0.835706
1.61329e-09	-0.835306
1.61336e-09	-0.834904
1.61343e-09	-0.834501
1.6135e-09	-0.834096
1.61358e-09	-0.83369
1.61365e-09	-0.833283
1.61372e-09	-0.832874
1.61379e-09	-0.832464
1.61386e-09	-0.832052
1.61393e-09	-0.831638
1.614e-09	-0.831224
1.61407e-09	-0.830808
1.61414e-09	-0.83039
1.61421e-09	-0.829971
1.61428e-09	-0.829551
1.61436e-09	-0.829129
1.61443e-09	-0.828705
1.6145e-09	-0.828281
1.61457e-09	-0.827854
1.61464e-09	-0.827427
1.61471e-09	-0.826998
1.61478e-09	-0.826567
1.61485e-09	-0.826135
1.61492e-09	-0.825702
1.61499e-09	-0.825267
1.61506e-09	-0.824831
1.61514e-09	-0.824394
1.61521e-09	-0.823954
1.61528e-09	-0.823514
1.61535e-09	-0.823072
1.61542e-09	-0.822629
1.61549e-09	-0.822184
1.61556e-09	-0.821738
1.61563e-09	-0.821291
1.6157e-09	-0.820842
1.61577e-09	-0.820391
1.61584e-09	-0.81994
1.61592e-09	-0.819486
1.61599e-09	-0.819032
1.61606e-09	-0.818576
1.61613e-09	-0.818118
1.6162e-09	-0.81766
1.61627e-09	-0.817199
1.61634e-09	-0.816738
1.61641e-09	-0.816275
1.61648e-09	-0.815811
1.61655e-09	-0.815345
1.61663e-09	-0.814878
1.6167e-09	-0.814409
1.61677e-09	-0.813939
1.61684e-09	-0.813468
1.61691e-09	-0.812995
1.61698e-09	-0.812521
1.61705e-09	-0.812045
1.61712e-09	-0.811568
1.61719e-09	-0.81109
1.61726e-09	-0.81061
1.61733e-09	-0.810129
1.61741e-09	-0.809647
1.61748e-09	-0.809163
1.61755e-09	-0.808677
1.61762e-09	-0.808191
1.61769e-09	-0.807703
1.61776e-09	-0.807213
1.61783e-09	-0.806723
1.6179e-09	-0.806231
1.61797e-09	-0.805737
1.61804e-09	-0.805242
1.61811e-09	-0.804746
1.61819e-09	-0.804248
1.61826e-09	-0.803749
1.61833e-09	-0.803249
1.6184e-09	-0.802747
1.61847e-09	-0.802244
1.61854e-09	-0.80174
1.61861e-09	-0.801234
1.61868e-09	-0.800727
1.61875e-09	-0.800218
1.61882e-09	-0.799708
1.61889e-09	-0.799197
1.61897e-09	-0.798685
1.61904e-09	-0.798171
1.61911e-09	-0.797655
1.61918e-09	-0.797139
1.61925e-09	-0.796621
1.61932e-09	-0.796101
1.61939e-09	-0.795581
1.61946e-09	-0.795058
1.61953e-09	-0.794535
1.6196e-09	-0.79401
1.61967e-09	-0.793484
1.61975e-09	-0.792957
1.61982e-09	-0.792428
1.61989e-09	-0.791898
1.61996e-09	-0.791366
1.62003e-09	-0.790834
1.6201e-09	-0.7903
1.62017e-09	-0.789764
1.62024e-09	-0.789227
1.62031e-09	-0.788689
1.62038e-09	-0.78815
1.62046e-09	-0.787609
1.62053e-09	-0.787067
1.6206e-09	-0.786524
1.62067e-09	-0.785979
1.62074e-09	-0.785433
1.62081e-09	-0.784885
1.62088e-09	-0.784337
1.62095e-09	-0.783787
1.62102e-09	-0.783235
1.62109e-09	-0.782683
1.62116e-09	-0.782129
1.62124e-09	-0.781573
1.62131e-09	-0.781017
1.62138e-09	-0.780459
1.62145e-09	-0.7799
1.62152e-09	-0.779339
1.62159e-09	-0.778777
1.62166e-09	-0.778214
1.62173e-09	-0.77765
1.6218e-09	-0.777084
1.62187e-09	-0.776517
1.62194e-09	-0.775949
1.62202e-09	-0.775379
1.62209e-09	-0.774808
1.62216e-09	-0.774236
1.62223e-09	-0.773662
1.6223e-09	-0.773087
1.62237e-09	-0.772511
1.62244e-09	-0.771934
1.62251e-09	-0.771355
1.62258e-09	-0.770775
1.62265e-09	-0.770194
1.62272e-09	-0.769611
1.6228e-09	-0.769028
1.62287e-09	-0.768443
1.62294e-09	-0.767856
1.62301e-09	-0.767269
1.62308e-09	-0.76668
1.62315e-09	-0.766089
1.62322e-09	-0.765498
1.62329e-09	-0.764905
1.62336e-09	-0.764311
1.62343e-09	-0.763716
1.62351e-09	-0.763119
1.62358e-09	-0.762521
1.62365e-09	-0.761922
1.62372e-09	-0.761322
1.62379e-09	-0.76072
1.62386e-09	-0.760117
1.62393e-09	-0.759513
1.624e-09	-0.758908
1.62407e-09	-0.758301
1.62414e-09	-0.757693
1.62421e-09	-0.757084
1.62429e-09	-0.756474
1.62436e-09	-0.755862
1.62443e-09	-0.755249
1.6245e-09	-0.754635
1.62457e-09	-0.75402
1.62464e-09	-0.753403
1.62471e-09	-0.752785
1.62478e-09	-0.752166
1.62485e-09	-0.751546
1.62492e-09	-0.750924
1.62499e-09	-0.750301
1.62507e-09	-0.749677
1.62514e-09	-0.749052
1.62521e-09	-0.748425
1.62528e-09	-0.747797
1.62535e-09	-0.747168
1.62542e-09	-0.746538
1.62549e-09	-0.745907
1.62556e-09	-0.745274
1.62563e-09	-0.74464
1.6257e-09	-0.744005
1.62577e-09	-0.743368
1.62585e-09	-0.742731
1.62592e-09	-0.742092
1.62599e-09	-0.741452
1.62606e-09	-0.740811
1.62613e-09	-0.740168
1.6262e-09	-0.739525
1.62627e-09	-0.73888
1.62634e-09	-0.738234
1.62641e-09	-0.737586
1.62648e-09	-0.736938
1.62656e-09	-0.736288
1.62663e-09	-0.735637
1.6267e-09	-0.734985
1.62677e-09	-0.734332
1.62684e-09	-0.733678
1.62691e-09	-0.733022
1.62698e-09	-0.732365
1.62705e-09	-0.731707
1.62712e-09	-0.731048
1.62719e-09	-0.730387
1.62726e-09	-0.729726
1.62734e-09	-0.729063
1.62741e-09	-0.728399
1.62748e-09	-0.727734
1.62755e-09	-0.727067
1.62762e-09	-0.7264
1.62769e-09	-0.725731
1.62776e-09	-0.725061
1.62783e-09	-0.72439
1.6279e-09	-0.723718
1.62797e-09	-0.723044
1.62804e-09	-0.72237
1.62812e-09	-0.721694
1.62819e-09	-0.721017
1.62826e-09	-0.720339
1.62833e-09	-0.719659
1.6284e-09	-0.718979
1.62847e-09	-0.718297
1.62854e-09	-0.717615
1.62861e-09	-0.716931
1.62868e-09	-0.716246
1.62875e-09	-0.715559
1.62882e-09	-0.714872
1.6289e-09	-0.714184
1.62897e-09	-0.713494
1.62904e-09	-0.712803
1.62911e-09	-0.712111
1.62918e-09	-0.711418
1.62925e-09	-0.710724
1.62932e-09	-0.710028
1.62939e-09	-0.709332
1.62946e-09	-0.708634
1.62953e-09	-0.707935
1.6296e-09	-0.707235
1.62968e-09	-0.706534
1.62975e-09	-0.705832
1.62982e-09	-0.705128
1.62989e-09	-0.704424
1.62996e-09	-0.703718
1.63003e-09	-0.703012
1.6301e-09	-0.702304
1.63017e-09	-0.701595
1.63024e-09	-0.700885
1.63031e-09	-0.700173
1.63039e-09	-0.699461
1.63046e-09	-0.698748
1.63053e-09	-0.698033
1.6306e-09	-0.697317
1.63067e-09	-0.6966
1.63074e-09	-0.695883
1.63081e-09	-0.695164
1.63088e-09	-0.694443
1.63095e-09	-0.693722
1.63102e-09	-0.693
1.63109e-09	-0.692276
1.63117e-09	-0.691552
1.63124e-09	-0.690826
1.63131e-09	-0.6901
1.63138e-09	-0.689372
1.63145e-09	-0.688643
1.63152e-09	-0.687913
1.63159e-09	-0.687182
1.63166e-09	-0.686449
1.63173e-09	-0.685716
1.6318e-09	-0.684982
1.63187e-09	-0.684246
1.63195e-09	-0.68351
1.63202e-09	-0.682772
1.63209e-09	-0.682034
1.63216e-09	-0.681294
1.63223e-09	-0.680553
1.6323e-09	-0.679811
1.63237e-09	-0.679068
1.63244e-09	-0.678324
1.63251e-09	-0.677579
1.63258e-09	-0.676833
1.63265e-09	-0.676086
1.63273e-09	-0.675337
1.6328e-09	-0.674588
1.63287e-09	-0.673837
1.63294e-09	-0.673086
1.63301e-09	-0.672333
1.63308e-09	-0.67158
1.63315e-09	-0.670825
1.63322e-09	-0.67007
1.63329e-09	-0.669313
1.63336e-09	-0.668555
1.63344e-09	-0.667796
1.63351e-09	-0.667036
1.63358e-09	-0.666275
1.63365e-09	-0.665513
1.63372e-09	-0.66475
1.63379e-09	-0.663986
1.63386e-09	-0.663221
1.63393e-09	-0.662455
1.634e-09	-0.661688
1.63407e-09	-0.66092
1.63414e-09	-0.660151
1.63422e-09	-0.659381
1.63429e-09	-0.658609
1.63436e-09	-0.657837
1.63443e-09	-0.657064
1.6345e-09	-0.656289
1.63457e-09	-0.655514
1.63464e-09	-0.654738
1.63471e-09	-0.65396
1.63478e-09	-0.653182
1.63485e-09	-0.652403
1.63492e-09	-0.651622
1.635e-09	-0.650841
1.63507e-09	-0.650059
1.63514e-09	-0.649275
1.63521e-09	-0.648491
1.63528e-09	-0.647705
1.63535e-09	-0.646919
1.63542e-09	-0.646132
1.63549e-09	-0.645343
1.63556e-09	-0.644554
1.63563e-09	-0.643763
1.6357e-09	-0.642972
1.63578e-09	-0.64218
1.63585e-09	-0.641386
1.63592e-09	-0.640592
1.63599e-09	-0.639797
1.63606e-09	-0.639
1.63613e-09	-0.638203
1.6362e-09	-0.637405
1.63627e-09	-0.636606
1.63634e-09	-0.635806
1.63641e-09	-0.635004
1.63648e-09	-0.634202
1.63656e-09	-0.633399
1.63663e-09	-0.632595
1.6367e-09	-0.63179
1.63677e-09	-0.630984
1.63684e-09	-0.630177
1.63691e-09	-0.629369
1.63698e-09	-0.62856
1.63705e-09	-0.627751
1.63712e-09	-0.62694
1.63719e-09	-0.626128
1.63727e-09	-0.625315
1.63734e-09	-0.624502
1.63741e-09	-0.623687
1.63748e-09	-0.622872
1.63755e-09	-0.622055
1.63762e-09	-0.621238
1.63769e-09	-0.620419
1.63776e-09	-0.6196
1.63783e-09	-0.61878
1.6379e-09	-0.617959
1.63797e-09	-0.617137
1.63805e-09	-0.616314
1.63812e-09	-0.61549
1.63819e-09	-0.614665
1.63826e-09	-0.613839
1.63833e-09	-0.613012
1.6384e-09	-0.612185
1.63847e-09	-0.611356
1.63854e-09	-0.610527
1.63861e-09	-0.609696
1.63868e-09	-0.608865
1.63875e-09	-0.608033
1.63883e-09	-0.6072
1.6389e-09	-0.606366
1.63897e-09	-0.605531
1.63904e-09	-0.604695
1.63911e-09	-0.603858
1.63918e-09	-0.603021
1.63925e-09	-0.602182
1.63932e-09	-0.601343
1.63939e-09	-0.600502
1.63946e-09	-0.599661
1.63953e-09	-0.598819
1.63961e-09	-0.597976
1.63968e-09	-0.597132
1.63975e-09	-0.596287
1.63982e-09	-0.595442
1.63989e-09	-0.594595
1.63996e-09	-0.593748
1.64003e-09	-0.592899
1.6401e-09	-0.59205
1.64017e-09	-0.5912
1.64024e-09	-0.590349
1.64032e-09	-0.589497
1.64039e-09	-0.588645
1.64046e-09	-0.587791
1.64053e-09	-0.586937
1.6406e-09	-0.586082
1.64067e-09	-0.585225
1.64074e-09	-0.584368
1.64081e-09	-0.583511
1.64088e-09	-0.582652
1.64095e-09	-0.581792
1.64102e-09	-0.580932
1.6411e-09	-0.580071
1.64117e-09	-0.579209
1.64124e-09	-0.578346
1.64131e-09	-0.577482
1.64138e-09	-0.576617
1.64145e-09	-0.575752
1.64152e-09	-0.574885
1.64159e-09	-0.574018
1.64166e-09	-0.57315
1.64173e-09	-0.572281
1.6418e-09	-0.571412
1.64188e-09	-0.570541
1.64195e-09	-0.56967
1.64202e-09	-0.568798
1.64209e-09	-0.567925
1.64216e-09	-0.567051
1.64223e-09	-0.566176
1.6423e-09	-0.565301
1.64237e-09	-0.564425
1.64244e-09	-0.563548
1.64251e-09	-0.56267
1.64258e-09	-0.561791
1.64266e-09	-0.560912
1.64273e-09	-0.560031
1.6428e-09	-0.55915
1.64287e-09	-0.558268
1.64294e-09	-0.557386
1.64301e-09	-0.556502
1.64308e-09	-0.555618
1.64315e-09	-0.554733
1.64322e-09	-0.553847
1.64329e-09	-0.55296
1.64336e-09	-0.552073
1.64344e-09	-0.551185
1.64351e-09	-0.550296
1.64358e-09	-0.549406
1.64365e-09	-0.548515
1.64372e-09	-0.547624
1.64379e-09	-0.546732
1.64386e-09	-0.545839
1.64393e-09	-0.544945
1.644e-09	-0.54405
1.64407e-09	-0.543155
1.64415e-09	-0.542259
1.64422e-09	-0.541362
1.64429e-09	-0.540465
1.64436e-09	-0.539567
1.64443e-09	-0.538667
1.6445e-09	-0.537768
1.64457e-09	-0.536867
1.64464e-09	-0.535966
1.64471e-09	-0.535064
1.64478e-09	-0.534161
1.64485e-09	-0.533257
1.64493e-09	-0.532353
1.645e-09	-0.531448
1.64507e-09	-0.530542
1.64514e-09	-0.529635
1.64521e-09	-0.528728
1.64528e-09	-0.52782
1.64535e-09	-0.526911
1.64542e-09	-0.526002
1.64549e-09	-0.525091
1.64556e-09	-0.52418
1.64563e-09	-0.523269
1.64571e-09	-0.522356
1.64578e-09	-0.521443
1.64585e-09	-0.520529
1.64592e-09	-0.519615
1.64599e-09	-0.518699
1.64606e-09	-0.517783
1.64613e-09	-0.516867
1.6462e-09	-0.515949
1.64627e-09	-0.515031
1.64634e-09	-0.514112
1.64641e-09	-0.513192
1.64649e-09	-0.512272
1.64656e-09	-0.511351
1.64663e-09	-0.51043
1.6467e-09	-0.509507
1.64677e-09	-0.508584
1.64684e-09	-0.50766
1.64691e-09	-0.506736
1.64698e-09	-0.505811
1.64705e-09	-0.504885
1.64712e-09	-0.503958
1.6472e-09	-0.503031
1.64727e-09	-0.502103
1.64734e-09	-0.501175
1.64741e-09	-0.500245
1.64748e-09	-0.499315
1.64755e-09	-0.498385
1.64762e-09	-0.497453
1.64769e-09	-0.496521
1.64776e-09	-0.495589
1.64783e-09	-0.494656
1.6479e-09	-0.493722
1.64798e-09	-0.492787
1.64805e-09	-0.491852
1.64812e-09	-0.490916
1.64819e-09	-0.489979
1.64826e-09	-0.489042
1.64833e-09	-0.488104
1.6484e-09	-0.487165
1.64847e-09	-0.486226
1.64854e-09	-0.485286
1.64861e-09	-0.484346
1.64868e-09	-0.483405
1.64876e-09	-0.482463
1.64883e-09	-0.481521
1.6489e-09	-0.480578
1.64897e-09	-0.479634
1.64904e-09	-0.47869
1.64911e-09	-0.477745
1.64918e-09	-0.476799
1.64925e-09	-0.475853
1.64932e-09	-0.474906
1.64939e-09	-0.473959
1.64946e-09	-0.473011
1.64954e-09	-0.472062
1.64961e-09	-0.471113
1.64968e-09	-0.470163
1.64975e-09	-0.469212
1.64982e-09	-0.468261
1.64989e-09	-0.467309
1.64996e-09	-0.466357
1.65003e-09	-0.465404
1.6501e-09	-0.46445
1.65017e-09	-0.463496
1.65024e-09	-0.462541
1.65032e-09	-0.461586
1.65039e-09	-0.46063
1.65046e-09	-0.459673
1.65053e-09	-0.458716
1.6506e-09	-0.457759
1.65067e-09	-0.4568
1.65074e-09	-0.455841
1.65081e-09	-0.454882
1.65088e-09	-0.453922
1.65095e-09	-0.452961
1.65103e-09	-0.452
1.6511e-09	-0.451038
1.65117e-09	-0.450076
1.65124e-09	-0.449113
1.65131e-09	-0.448149
1.65138e-09	-0.447185
1.65145e-09	-0.446221
1.65152e-09	-0.445255
1.65159e-09	-0.44429
1.65166e-09	-0.443323
1.65173e-09	-0.442356
1.65181e-09	-0.441389
1.65188e-09	-0.440421
1.65195e-09	-0.439452
1.65202e-09	-0.438483
1.65209e-09	-0.437514
1.65216e-09	-0.436544
1.65223e-09	-0.435573
1.6523e-09	-0.434602
1.65237e-09	-0.43363
1.65244e-09	-0.432658
1.65251e-09	-0.431685
1.65259e-09	-0.430711
1.65266e-09	-0.429737
1.65273e-09	-0.428763
1.6528e-09	-0.427788
1.65287e-09	-0.426812
1.65294e-09	-0.425836
1.65301e-09	-0.42486
1.65308e-09	-0.423883
1.65315e-09	-0.422905
1.65322e-09	-0.421927
1.65329e-09	-0.420948
1.65337e-09	-0.419969
1.65344e-09	-0.41899
1.65351e-09	-0.41801
1.65358e-09	-0.417029
1.65365e-09	-0.416048
1.65372e-09	-0.415066
1.65379e-09	-0.414084
1.65386e-09	-0.413101
1.65393e-09	-0.412118
1.654e-09	-0.411135
1.65408e-09	-0.410151
1.65415e-09	-0.409166
1.65422e-09	-0.408181
1.65429e-09	-0.407195
1.65436e-09	-0.406209
1.65443e-09	-0.405223
1.6545e-09	-0.404236
1.65457e-09	-0.403248
1.65464e-09	-0.40226
1.65471e-09	-0.401272
1.65478e-09	-0.400283
1.65486e-09	-0.399294
1.65493e-09	-0.398304
1.655e-09	-0.397314
1.65507e-09	-0.396323
1.65514e-09	-0.395332
1.65521e-09	-0.39434
1.65528e-09	-0.393348
1.65535e-09	-0.392355
1.65542e-09	-0.391362
1.65549e-09	-0.390369
1.65556e-09	-0.389375
1.65564e-09	-0.388381
1.65571e-09	-0.387386
1.65578e-09	-0.386391
1.65585e-09	-0.385395
1.65592e-09	-0.384399
1.65599e-09	-0.383402
1.65606e-09	-0.382405
1.65613e-09	-0.381408
1.6562e-09	-0.38041
1.65627e-09	-0.379412
1.65634e-09	-0.378413
1.65642e-09	-0.377414
1.65649e-09	-0.376414
1.65656e-09	-0.375414
1.65663e-09	-0.374414
1.6567e-09	-0.373413
1.65677e-09	-0.372412
1.65684e-09	-0.37141
1.65691e-09	-0.370408
1.65698e-09	-0.369406
1.65705e-09	-0.368403
1.65712e-09	-0.3674
1.6572e-09	-0.366396
1.65727e-09	-0.365392
1.65734e-09	-0.364388
1.65741e-09	-0.363383
1.65748e-09	-0.362378
1.65755e-09	-0.361372
1.65762e-09	-0.360366
1.65769e-09	-0.35936
1.65776e-09	-0.358353
1.65783e-09	-0.357346
1.65791e-09	-0.356339
1.65798e-09	-0.355331
1.65805e-09	-0.354322
1.65812e-09	-0.353314
1.65819e-09	-0.352305
1.65826e-09	-0.351296
1.65833e-09	-0.350286
1.6584e-09	-0.349276
1.65847e-09	-0.348265
1.65854e-09	-0.347254
1.65861e-09	-0.346243
1.65869e-09	-0.345232
1.65876e-09	-0.34422
1.65883e-09	-0.343208
1.6589e-09	-0.342195
1.65897e-09	-0.341182
1.65904e-09	-0.340169
1.65911e-09	-0.339155
1.65918e-09	-0.338141
1.65925e-09	-0.337127
1.65932e-09	-0.336112
1.65939e-09	-0.335097
1.65947e-09	-0.334082
1.65954e-09	-0.333066
1.65961e-09	-0.33205
1.65968e-09	-0.331034
1.65975e-09	-0.330017
1.65982e-09	-0.329
1.65989e-09	-0.327983
1.65996e-09	-0.326965
1.66003e-09	-0.325948
1.6601e-09	-0.324929
1.66017e-09	-0.323911
1.66025e-09	-0.322892
1.66032e-09	-0.321873
1.66039e-09	-0.320853
1.66046e-09	-0.319834
1.66053e-09	-0.318813
1.6606e-09	-0.317793
1.66067e-09	-0.316772
1.66074e-09	-0.315751
1.66081e-09	-0.31473
1.66088e-09	-0.313709
1.66096e-09	-0.312687
1.66103e-09	-0.311665
1.6611e-09	-0.310642
1.66117e-09	-0.30962
1.66124e-09	-0.308597
1.66131e-09	-0.307573
1.66138e-09	-0.30655
1.66145e-09	-0.305526
1.66152e-09	-0.304502
1.66159e-09	-0.303477
1.66166e-09	-0.302453
1.66174e-09	-0.301428
1.66181e-09	-0.300403
1.66188e-09	-0.299377
1.66195e-09	-0.298352
1.66202e-09	-0.297326
1.66209e-09	-0.296299
1.66216e-09	-0.295273
1.66223e-09	-0.294246
1.6623e-09	-0.293219
1.66237e-09	-0.292192
1.66244e-09	-0.291165
1.66252e-09	-0.290137
1.66259e-09	-0.289109
1.66266e-09	-0.288081
1.66273e-09	-0.287052
1.6628e-09	-0.286024
1.66287e-09	-0.284995
1.66294e-09	-0.283965
1.66301e-09	-0.282936
1.66308e-09	-0.281907
1.66315e-09	-0.280877
1.66322e-09	-0.279847
1.6633e-09	-0.278816
1.66337e-09	-0.277786
1.66344e-09	-0.276755
1.66351e-09	-0.275724
1.66358e-09	-0.274693
1.66365e-09	-0.273662
1.66372e-09	-0.27263
1.66379e-09	-0.271598
1.66386e-09	-0.270566
1.66393e-09	-0.269534
1.664e-09	-0.268502
1.66408e-09	-0.267469
1.66415e-09	-0.266436
1.66422e-09	-0.265403
1.66429e-09	-0.26437
1.66436e-09	-0.263337
1.66443e-09	-0.262303
1.6645e-09	-0.26127
1.66457e-09	-0.260236
1.66464e-09	-0.259202
1.66471e-09	-0.258167
1.66479e-09	-0.257133
1.66486e-09	-0.256098
1.66493e-09	-0.255063
1.665e-09	-0.254028
1.66507e-09	-0.252993
1.66514e-09	-0.251958
1.66521e-09	-0.250922
1.66528e-09	-0.249887
1.66535e-09	-0.248851
1.66542e-09	-0.247815
1.66549e-09	-0.246779
1.66557e-09	-0.245742
1.66564e-09	-0.244706
1.66571e-09	-0.243669
1.66578e-09	-0.242633
1.66585e-09	-0.241596
1.66592e-09	-0.240559
1.66599e-09	-0.239521
1.66606e-09	-0.238484
1.66613e-09	-0.237447
1.6662e-09	-0.236409
1.66627e-09	-0.235371
1.66635e-09	-0.234333
1.66642e-09	-0.233295
1.66649e-09	-0.232257
1.66656e-09	-0.231219
1.66663e-09	-0.23018
1.6667e-09	-0.229142
1.66677e-09	-0.228103
1.66684e-09	-0.227064
1.66691e-09	-0.226026
1.66698e-09	-0.224987
1.66705e-09	-0.223947
1.66713e-09	-0.222908
1.6672e-09	-0.221869
1.66727e-09	-0.220829
1.66734e-09	-0.21979
1.66741e-09	-0.21875
1.66748e-09	-0.21771
1.66755e-09	-0.216671
1.66762e-09	-0.215631
1.66769e-09	-0.214591
1.66776e-09	-0.21355
1.66784e-09	-0.21251
1.66791e-09	-0.21147
1.66798e-09	-0.210429
1.66805e-09	-0.209389
1.66812e-09	-0.208348
1.66819e-09	-0.207308
1.66826e-09	-0.206267
1.66833e-09	-0.205226
1.6684e-09	-0.204185
1.66847e-09	-0.203144
1.66854e-09	-0.202103
1.66862e-09	-0.201062
1.66869e-09	-0.200021
1.66876e-09	-0.19898
1.66883e-09	-0.197938
1.6689e-09	-0.196897
1.66897e-09	-0.195856
1.66904e-09	-0.194814
1.66911e-09	-0.193773
1.66918e-09	-0.192731
1.66925e-09	-0.19169
1.66932e-09	-0.190648
1.6694e-09	-0.189606
1.66947e-09	-0.188564
1.66954e-09	-0.187523
1.66961e-09	-0.186481
1.66968e-09	-0.185439
1.66975e-09	-0.184397
1.66982e-09	-0.183355
1.66989e-09	-0.182313
1.66996e-09	-0.181271
1.67003e-09	-0.180229
1.6701e-09	-0.179187
1.67018e-09	-0.178145
1.67025e-09	-0.177103
1.67032e-09	-0.17606
1.67039e-09	-0.175018
1.67046e-09	-0.173976
1.67053e-09	-0.172934
1.6706e-09	-0.171892
1.67067e-09	-0.17085
1.67074e-09	-0.169807
1.67081e-09	-0.168765
1.67088e-09	-0.167723
1.67096e-09	-0.166681
1.67103e-09	-0.165638
1.6711e-09	-0.164596
1.67117e-09	-0.163554
1.67124e-09	-0.162512
1.67131e-09	-0.16147
1.67138e-09	-0.160427
1.67145e-09	-0.159385
1.67152e-09	-0.158343
1.67159e-09	-0.157301
1.67167e-09	-0.156259
1.67174e-09	-0.155217
1.67181e-09	-0.154175
1.67188e-09	-0.153133
1.67195e-09	-0.152091
1.67202e-09	-0.151049
1.67209e-09	-0.150007
1.67216e-09	-0.148965
1.67223e-09	-0.147923
1.6723e-09	-0.146881
1.67237e-09	-0.145839
1.67245e-09	-0.144797
1.67252e-09	-0.143755
1.67259e-09	-0.142714
1.67266e-09	-0.141672
1.67273e-09	-0.14063
1.6728e-09	-0.139589
1.67287e-09	-0.138547
1.67294e-09	-0.137506
1.67301e-09	-0.136465
1.67308e-09	-0.135423
1.67315e-09	-0.134382
1.67323e-09	-0.133341
1.6733e-09	-0.1323
1.67337e-09	-0.131259
1.67344e-09	-0.130218
1.67351e-09	-0.129177
1.67358e-09	-0.128136
1.67365e-09	-0.127095
1.67372e-09	-0.126054
1.67379e-09	-0.125014
1.67386e-09	-0.123973
1.67393e-09	-0.122933
1.67401e-09	-0.121892
1.67408e-09	-0.120852
1.67415e-09	-0.119812
1.67422e-09	-0.118772
1.67429e-09	-0.117732
1.67436e-09	-0.116692
1.67443e-09	-0.115652
1.6745e-09	-0.114612
1.67457e-09	-0.113572
1.67464e-09	-0.112533
1.67472e-09	-0.111493
1.67479e-09	-0.110454
1.67486e-09	-0.109415
1.67493e-09	-0.108376
1.675e-09	-0.107337
1.67507e-09	-0.106298
1.67514e-09	-0.105259
1.67521e-09	-0.104221
1.67528e-09	-0.103182
1.67535e-09	-0.102144
1.67542e-09	-0.101105
1.6755e-09	-0.100067
1.67557e-09	-0.0990292
1.67564e-09	-0.0979913
1.67571e-09	-0.0969535
1.67578e-09	-0.0959159
1.67585e-09	-0.0948784
1.67592e-09	-0.0938411
1.67599e-09	-0.0928039
1.67606e-09	-0.0917668
1.67613e-09	-0.0907299
1.6762e-09	-0.0896931
1.67628e-09	-0.0886565
1.67635e-09	-0.08762
1.67642e-09	-0.0865837
1.67649e-09	-0.0855475
1.67656e-09	-0.0845115
1.67663e-09	-0.0834757
1.6767e-09	-0.08244
1.67677e-09	-0.0814044
1.67684e-09	-0.0803691
1.67691e-09	-0.0793339
1.67698e-09	-0.0782988
1.67706e-09	-0.077264
1.67713e-09	-0.0762293
1.6772e-09	-0.0751948
1.67727e-09	-0.0741604
1.67734e-09	-0.0731263
1.67741e-09	-0.0720923
1.67748e-09	-0.0710585
1.67755e-09	-0.0700248
1.67762e-09	-0.0689914
1.67769e-09	-0.0679582
1.67776e-09	-0.0669251
1.67784e-09	-0.0658922
1.67791e-09	-0.0648596
1.67798e-09	-0.0638271
1.67805e-09	-0.0627948
1.67812e-09	-0.0617627
1.67819e-09	-0.0607308
1.67826e-09	-0.0596992
1.67833e-09	-0.0586677
1.6784e-09	-0.0576364
1.67847e-09	-0.0566054
1.67855e-09	-0.0555745
1.67862e-09	-0.0545439
1.67869e-09	-0.0535135
1.67876e-09	-0.0524833
1.67883e-09	-0.0514533
1.6789e-09	-0.0504235
1.67897e-09	-0.049394
1.67904e-09	-0.0483646
1.67911e-09	-0.0473356
1.67918e-09	-0.0463067
1.67925e-09	-0.0452781
1.67933e-09	-0.0442497
1.6794e-09	-0.0432215
1.67947e-09	-0.0421936
1.67954e-09	-0.0411659
1.67961e-09	-0.0401384
1.67968e-09	-0.0391112
1.67975e-09	-0.0380842
1.67982e-09	-0.0370575
1.67989e-09	-0.036031
1.67996e-09	-0.0350048
1.68003e-09	-0.0339788
1.68011e-09	-0.0329531
1.68018e-09	-0.0319276
1.68025e-09	-0.0309024
1.68032e-09	-0.0298775
1.68039e-09	-0.0288528
1.68046e-09	-0.0278283
1.68053e-09	-0.0268042
1.6806e-09	-0.0257803
1.68067e-09	-0.0247567
1.68074e-09	-0.0237333
1.68081e-09	-0.0227102
1.68089e-09	-0.0216874
1.68096e-09	-0.0206649
1.68103e-09	-0.0196426
1.6811e-09	-0.0186206
1.68117e-09	-0.0175989
1.68124e-09	-0.0165775
1.68131e-09	-0.0155564
1.68138e-09	-0.0145355
1.68145e-09	-0.013515
1.68152e-09	-0.0124947
1.6816e-09	-0.0114748
1.68167e-09	-0.0104551
1.68174e-09	-0.00943572
1.68181e-09	-0.00841664
1.68188e-09	-0.00739786
1.68195e-09	-0.00637939
1.68202e-09	-0.00536122
1.68209e-09	-0.00434336
1.68216e-09	-0.0033258
1.68223e-09	-0.00230856
1.6823e-09	-0.00129163
1.68238e-09	-0.000275009
1.68245e-09	0.000741294
1.68252e-09	0.00175728
1.68259e-09	0.00277294
1.68266e-09	0.00378829
1.68273e-09	0.00480331
1.6828e-09	0.00581801
1.68287e-09	0.00683238
1.68294e-09	0.00784642
1.68301e-09	0.00886013
1.68308e-09	0.0098735
1.68316e-09	0.0108865
1.68323e-09	0.0118993
1.6833e-09	0.0129116
1.68337e-09	0.0139236
1.68344e-09	0.0149353
1.68351e-09	0.0159467
1.68358e-09	0.0169577
1.68365e-09	0.0179683
1.68372e-09	0.0189786
1.68379e-09	0.0199886
1.68386e-09	0.0209982
1.68394e-09	0.0220074
1.68401e-09	0.0230163
1.68408e-09	0.0240248
1.68415e-09	0.025033
1.68422e-09	0.0260408
1.68429e-09	0.0270482
1.68436e-09	0.0280553
1.68443e-09	0.029062
1.6845e-09	0.0300683
1.68457e-09	0.0310743
1.68464e-09	0.0320799
1.68472e-09	0.0330851
1.68479e-09	0.0340899
1.68486e-09	0.0350944
1.68493e-09	0.0360985
1.685e-09	0.0371022
1.68507e-09	0.0381055
1.68514e-09	0.0391084
1.68521e-09	0.040111
1.68528e-09	0.0411131
1.68535e-09	0.0421149
1.68543e-09	0.0431162
1.6855e-09	0.0441172
1.68557e-09	0.0451178
1.68564e-09	0.0461179
1.68571e-09	0.0471177
1.68578e-09	0.0481171
1.68585e-09	0.049116
1.68592e-09	0.0501146
1.68599e-09	0.0511127
1.68606e-09	0.0521105
1.68613e-09	0.0531078
1.68621e-09	0.0541047
1.68628e-09	0.0551012
1.68635e-09	0.0560973
1.68642e-09	0.057093
1.68649e-09	0.0580882
1.68656e-09	0.059083
1.68663e-09	0.0600774
1.6867e-09	0.0610714
1.68677e-09	0.0620649
1.68684e-09	0.0630581
1.68691e-09	0.0640507
1.68699e-09	0.065043
1.68706e-09	0.0660348
1.68713e-09	0.0670262
1.6872e-09	0.0680171
1.68727e-09	0.0690076
1.68734e-09	0.0699977
1.68741e-09	0.0709873
1.68748e-09	0.0719764
1.68755e-09	0.0729652
1.68762e-09	0.0739534
1.68769e-09	0.0749412
1.68777e-09	0.0759286
1.68784e-09	0.0769155
1.68791e-09	0.077902
1.68798e-09	0.078888
1.68805e-09	0.0798735
1.68812e-09	0.0808586
1.68819e-09	0.0818432
1.68826e-09	0.0828273
1.68833e-09	0.083811
1.6884e-09	0.0847942
1.68848e-09	0.0857769
1.68855e-09	0.0867592
1.68862e-09	0.087741
1.68869e-09	0.0887223
1.68876e-09	0.0897031
1.68883e-09	0.0906835
1.6889e-09	0.0916634
1.68897e-09	0.0926428
1.68904e-09	0.0936217
1.68911e-09	0.0946001
1.68918e-09	0.095578
1.68926e-09	0.0965555
1.68933e-09	0.0975324
1.6894e-09	0.0985089
1.68947e-09	0.0994848
1.68954e-09	0.10046
1.68961e-09	0.101435
1.68968e-09	0.10241
1.68975e-09	0.103384
1.68982e-09	0.104357
1.68989e-09	0.10533
1.68996e-09	0.106303
1.69004e-09	0.107275
1.69011e-09	0.108246
1.69018e-09	0.109217
1.69025e-09	0.110187
1.69032e-09	0.111157
1.69039e-09	0.112127
1.69046e-09	0.113095
1.69053e-09	0.114064
1.6906e-09	0.115031
1.69067e-09	0.115999
1.69074e-09	0.116966
1.69082e-09	0.117932
1.69089e-09	0.118897
1.69096e-09	0.119863
1.69103e-09	0.120827
1.6911e-09	0.121791
1.69117e-09	0.122755
1.69124e-09	0.123718
1.69131e-09	0.12468
1.69138e-09	0.125642
1.69145e-09	0.126604
1.69153e-09	0.127565
1.6916e-09	0.128525
1.69167e-09	0.129485
1.69174e-09	0.130444
1.69181e-09	0.131403
1.69188e-09	0.132361
1.69195e-09	0.133318
1.69202e-09	0.134275
1.69209e-09	0.135232
1.69216e-09	0.136187
1.69223e-09	0.137143
1.69231e-09	0.138098
1.69238e-09	0.139052
1.69245e-09	0.140005
1.69252e-09	0.140958
1.69259e-09	0.141911
1.69266e-09	0.142863
1.69273e-09	0.143814
1.6928e-09	0.144765
1.69287e-09	0.145715
1.69294e-09	0.146665
1.69301e-09	0.147614
1.69309e-09	0.148562
1.69316e-09	0.14951
1.69323e-09	0.150457
1.6933e-09	0.151404
1.69337e-09	0.15235
1.69344e-09	0.153295
1.69351e-09	0.15424
1.69358e-09	0.155185
1.69365e-09	0.156128
1.69372e-09	0.157071
1.69379e-09	0.158014
1.69387e-09	0.158956
1.69394e-09	0.159897
1.69401e-09	0.160838
1.69408e-09	0.161778
1.69415e-09	0.162718
1.69422e-09	0.163656
1.69429e-09	0.164595
1.69436e-09	0.165532
1.69443e-09	0.16647
1.6945e-09	0.167406
1.69457e-09	0.168342
1.69465e-09	0.169277
1.69472e-09	0.170212
1.69479e-09	0.171146
1.69486e-09	0.172079
1.69493e-09	0.173012
1.695e-09	0.173944
1.69507e-09	0.174875
1.69514e-09	0.175806
1.69521e-09	0.176736
1.69528e-09	0.177666
1.69536e-09	0.178595
1.69543e-09	0.179523
1.6955e-09	0.180451
1.69557e-09	0.181378
1.69564e-09	0.182304
1.69571e-09	0.18323
1.69578e-09	0.184155
1.69585e-09	0.18508
1.69592e-09	0.186003
1.69599e-09	0.186927
1.69606e-09	0.187849
1.69614e-09	0.188771
1.69621e-09	0.189692
1.69628e-09	0.190613
1.69635e-09	0.191533
1.69642e-09	0.192452
1.69649e-09	0.19337
1.69656e-09	0.194288
1.69663e-09	0.195206
1.6967e-09	0.196122
1.69677e-09	0.197038
1.69684e-09	0.197953
1.69692e-09	0.198868
1.69699e-09	0.199782
1.69706e-09	0.200695
1.69713e-09	0.201608
1.6972e-09	0.20252
1.69727e-09	0.203431
1.69734e-09	0.204341
1.69741e-09	0.205251
1.69748e-09	0.20616
1.69755e-09	0.207069
1.69762e-09	0.207977
1.6977e-09	0.208884
1.69777e-09	0.20979
1.69784e-09	0.210696
1.69791e-09	0.211601
1.69798e-09	0.212505
1.69805e-09	0.213409
1.69812e-09	0.214312
1.69819e-09	0.215214
1.69826e-09	0.216116
1.69833e-09	0.217017
1.69841e-09	0.217917
1.69848e-09	0.218817
1.69855e-09	0.219715
1.69862e-09	0.220613
1.69869e-09	0.221511
1.69876e-09	0.222407
1.69883e-09	0.223303
1.6989e-09	0.224199
1.69897e-09	0.225093
1.69904e-09	0.225987
1.69911e-09	0.22688
1.69919e-09	0.227772
1.69926e-09	0.228664
1.69933e-09	0.229555
1.6994e-09	0.230445
1.69947e-09	0.231335
1.69954e-09	0.232223
1.69961e-09	0.233111
1.69968e-09	0.233999
1.69975e-09	0.234885
1.69982e-09	0.235771
1.69989e-09	0.236656
1.69997e-09	0.237541
1.70004e-09	0.238424
1.70011e-09	0.239307
1.70018e-09	0.240189
1.70025e-09	0.241071
1.70032e-09	0.241951
1.70039e-09	0.242831
1.70046e-09	0.24371
1.70053e-09	0.244589
1.7006e-09	0.245467
1.70067e-09	0.246343
1.70075e-09	0.24722
1.70082e-09	0.248095
1.70089e-09	0.24897
1.70096e-09	0.249844
1.70103e-09	0.250717
1.7011e-09	0.251589
1.70117e-09	0.252461
1.70124e-09	0.253332
1.70131e-09	0.254202
1.70138e-09	0.255071
1.70145e-09	0.25594
1.70153e-09	0.256808
1.7016e-09	0.257675
1.70167e-09	0.258541
1.70174e-09	0.259407
1.70181e-09	0.260271
1.70188e-09	0.261135
1.70195e-09	0.261999
1.70202e-09	0.262861
1.70209e-09	0.263723
1.70216e-09	0.264584
1.70224e-09	0.265444
1.70231e-09	0.266303
1.70238e-09	0.267162
1.70245e-09	0.268019
1.70252e-09	0.268876
1.70259e-09	0.269732
1.70266e-09	0.270588
1.70273e-09	0.271442
1.7028e-09	0.272296
1.70287e-09	0.273149
1.70294e-09	0.274001
1.70302e-09	0.274853
1.70309e-09	0.275703
1.70316e-09	0.276553
1.70323e-09	0.277402
1.7033e-09	0.27825
1.70337e-09	0.279098
1.70344e-09	0.279944
1.70351e-09	0.28079
1.70358e-09	0.281635
1.70365e-09	0.282479
1.70372e-09	0.283323
1.7038e-09	0.284165
1.70387e-09	0.285007
1.70394e-09	0.285848
1.70401e-09	0.286688
1.70408e-09	0.287527
1.70415e-09	0.288366
1.70422e-09	0.289204
1.70429e-09	0.29004
1.70436e-09	0.290876
1.70443e-09	0.291712
1.7045e-09	0.292546
1.70458e-09	0.293379
1.70465e-09	0.294212
1.70472e-09	0.295044
1.70479e-09	0.295875
1.70486e-09	0.296705
1.70493e-09	0.297535
1.705e-09	0.298363
1.70507e-09	0.299191
1.70514e-09	0.300018
1.70521e-09	0.300844
1.70529e-09	0.301669
1.70536e-09	0.302493
1.70543e-09	0.303317
1.7055e-09	0.30414
1.70557e-09	0.304961
1.70564e-09	0.305782
1.70571e-09	0.306603
1.70578e-09	0.307422
1.70585e-09	0.30824
1.70592e-09	0.309058
1.70599e-09	0.309875
1.70607e-09	0.31069
1.70614e-09	0.311505
1.70621e-09	0.31232
1.70628e-09	0.313133
1.70635e-09	0.313945
1.70642e-09	0.314757
1.70649e-09	0.315568
1.70656e-09	0.316377
1.70663e-09	0.317186
1.7067e-09	0.317995
1.70677e-09	0.318802
1.70685e-09	0.319608
1.70692e-09	0.320414
1.70699e-09	0.321218
1.70706e-09	0.322022
1.70713e-09	0.322825
1.7072e-09	0.323627
1.70727e-09	0.324428
1.70734e-09	0.325229
1.70741e-09	0.326028
1.70748e-09	0.326826
1.70755e-09	0.327624
1.70763e-09	0.328421
1.7077e-09	0.329217
1.70777e-09	0.330012
1.70784e-09	0.330806
1.70791e-09	0.331599
1.70798e-09	0.332391
1.70805e-09	0.333183
1.70812e-09	0.333973
1.70819e-09	0.334763
1.70826e-09	0.335552
1.70833e-09	0.336339
1.70841e-09	0.337126
1.70848e-09	0.337912
1.70855e-09	0.338698
1.70862e-09	0.339482
1.70869e-09	0.340265
1.70876e-09	0.341048
1.70883e-09	0.341829
1.7089e-09	0.34261
1.70897e-09	0.34339
1.70904e-09	0.344168
1.70912e-09	0.344946
1.70919e-09	0.345723
1.70926e-09	0.346499
1.70933e-09	0.347275
1.7094e-09	0.348049
1.70947e-09	0.348822
1.70954e-09	0.349595
1.70961e-09	0.350366
1.70968e-09	0.351137
1.70975e-09	0.351907
1.70982e-09	0.352675
1.7099e-09	0.353443
1.70997e-09	0.35421
1.71004e-09	0.354976
1.71011e-09	0.355741
1.71018e-09	0.356505
1.71025e-09	0.357269
1.71032e-09	0.358031
1.71039e-09	0.358792
1.71046e-09	0.359553
1.71053e-09	0.360312
1.7106e-09	0.361071
1.71068e-09	0.361828
1.71075e-09	0.362585
1.71082e-09	0.363341
1.71089e-09	0.364096
1.71096e-09	0.36485
1.71103e-09	0.365602
1.7111e-09	0.366354
1.71117e-09	0.367106
1.71124e-09	0.367856
1.71131e-09	0.368605
1.71138e-09	0.369353
1.71146e-09	0.3701
1.71153e-09	0.370847
1.7116e-09	0.371592
1.71167e-09	0.372336
1.71174e-09	0.37308
1.71181e-09	0.373822
1.71188e-09	0.374564
1.71195e-09	0.375305
1.71202e-09	0.376044
1.71209e-09	0.376783
1.71217e-09	0.377521
1.71224e-09	0.378258
1.71231e-09	0.378993
1.71238e-09	0.379728
1.71245e-09	0.380462
1.71252e-09	0.381195
1.71259e-09	0.381927
1.71266e-09	0.382658
1.71273e-09	0.383388
1.7128e-09	0.384117
1.71287e-09	0.384845
1.71295e-09	0.385572
1.71302e-09	0.386298
1.71309e-09	0.387024
1.71316e-09	0.387748
1.71323e-09	0.388471
1.7133e-09	0.389193
1.71337e-09	0.389915
1.71344e-09	0.390635
1.71351e-09	0.391354
1.71358e-09	0.392073
1.71365e-09	0.39279
1.71373e-09	0.393506
1.7138e-09	0.394222
1.71387e-09	0.394936
1.71394e-09	0.39565
1.71401e-09	0.396362
1.71408e-09	0.397073
1.71415e-09	0.397784
1.71422e-09	0.398493
1.71429e-09	0.399202
1.71436e-09	0.399909
1.71443e-09	0.400616
1.71451e-09	0.401321
1.71458e-09	0.402026
1.71465e-09	0.402729
1.71472e-09	0.403432
1.71479e-09	0.404133
1.71486e-09	0.404834
1.71493e-09	0.405533
1.715e-09	0.406232
1.71507e-09	0.406929
1.71514e-09	0.407626
1.71521e-09	0.408321
1.71529e-09	0.409016
1.71536e-09	0.409709
1.71543e-09	0.410402
1.7155e-09	0.411093
1.71557e-09	0.411784
1.71564e-09	0.412473
1.71571e-09	0.413162
1.71578e-09	0.413849
1.71585e-09	0.414536
1.71592e-09	0.415221
1.716e-09	0.415905
1.71607e-09	0.416589
1.71614e-09	0.417271
1.71621e-09	0.417953
1.71628e-09	0.418633
1.71635e-09	0.419312
1.71642e-09	0.41999
1.71649e-09	0.420668
1.71656e-09	0.421344
1.71663e-09	0.422019
1.7167e-09	0.422693
1.71678e-09	0.423367
1.71685e-09	0.424039
1.71692e-09	0.42471
1.71699e-09	0.42538
1.71706e-09	0.426049
1.71713e-09	0.426717
1.7172e-09	0.427384
1.71727e-09	0.42805
1.71734e-09	0.428715
1.71741e-09	0.429379
1.71748e-09	0.430042
1.71756e-09	0.430703
1.71763e-09	0.431364
1.7177e-09	0.432024
1.71777e-09	0.432683
1.71784e-09	0.43334
1.71791e-09	0.433997
1.71798e-09	0.434652
1.71805e-09	0.435307
1.71812e-09	0.43596
1.71819e-09	0.436613
1.71826e-09	0.437264
1.71834e-09	0.437915
1.71841e-09	0.438564
1.71848e-09	0.439212
1.71855e-09	0.439859
1.71862e-09	0.440506
1.71869e-09	0.441151
1.71876e-09	0.441795
1.71883e-09	0.442438
1.7189e-09	0.44308
1.71897e-09	0.443721
1.71905e-09	0.444361
1.71912e-09	0.444999
1.71919e-09	0.445637
1.71926e-09	0.446274
1.71933e-09	0.446909
1.7194e-09	0.447544
1.71947e-09	0.448177
1.71954e-09	0.44881
1.71961e-09	0.449441
1.71968e-09	0.450072
1.71975e-09	0.450701
1.71983e-09	0.451329
1.7199e-09	0.451956
1.71997e-09	0.452582
1.72004e-09	0.453207
1.72011e-09	0.453831
1.72018e-09	0.454454
1.72025e-09	0.455076
1.72032e-09	0.455696
1.72039e-09	0.456316
1.72046e-09	0.456935
1.72053e-09	0.457552
1.72061e-09	0.458168
1.72068e-09	0.458784
1.72075e-09	0.459398
1.72082e-09	0.460011
1.72089e-09	0.460623
1.72096e-09	0.461234
1.72103e-09	0.461844
1.7211e-09	0.462453
1.72117e-09	0.463061
1.72124e-09	0.463668
1.72131e-09	0.464273
1.72139e-09	0.464878
1.72146e-09	0.465481
1.72153e-09	0.466084
1.7216e-09	0.466685
1.72167e-09	0.467285
1.72174e-09	0.467884
1.72181e-09	0.468482
1.72188e-09	0.469079
1.72195e-09	0.469675
1.72202e-09	0.47027
1.72209e-09	0.470864
1.72217e-09	0.471456
1.72224e-09	0.472048
1.72231e-09	0.472638
1.72238e-09	0.473227
1.72245e-09	0.473816
1.72252e-09	0.474403
1.72259e-09	0.474989
1.72266e-09	0.475574
1.72273e-09	0.476157
1.7228e-09	0.47674
1.72288e-09	0.477322
1.72295e-09	0.477902
1.72302e-09	0.478482
1.72309e-09	0.47906
1.72316e-09	0.479637
1.72323e-09	0.480213
1.7233e-09	0.480788
1.72337e-09	0.481362
1.72344e-09	0.481935
1.72351e-09	0.482507
1.72358e-09	0.483077
1.72366e-09	0.483647
1.72373e-09	0.484215
1.7238e-09	0.484783
1.72387e-09	0.485349
1.72394e-09	0.485914
1.72401e-09	0.486478
1.72408e-09	0.487041
1.72415e-09	0.487602
1.72422e-09	0.488163
1.72429e-09	0.488722
1.72436e-09	0.489281
1.72444e-09	0.489838
1.72451e-09	0.490394
1.72458e-09	0.490949
1.72465e-09	0.491503
1.72472e-09	0.492056
1.72479e-09	0.492607
1.72486e-09	0.493158
1.72493e-09	0.493707
1.725e-09	0.494256
1.72507e-09	0.494803
1.72514e-09	0.495349
1.72522e-09	0.495894
1.72529e-09	0.496438
1.72536e-09	0.496981
1.72543e-09	0.497522
1.7255e-09	0.498063
1.72557e-09	0.498602
1.72564e-09	0.49914
1.72571e-09	0.499677
1.72578e-09	0.500213
1.72585e-09	0.500748
1.72593e-09	0.501282
1.726e-09	0.501814
1.72607e-09	0.502346
1.72614e-09	0.502876
1.72621e-09	0.503405
1.72628e-09	0.503933
1.72635e-09	0.50446
1.72642e-09	0.504986
1.72649e-09	0.50551
1.72656e-09	0.506034
1.72663e-09	0.506556
1.72671e-09	0.507077
1.72678e-09	0.507598
1.72685e-09	0.508116
1.72692e-09	0.508634
1.72699e-09	0.509151
1.72706e-09	0.509667
1.72713e-09	0.510181
1.7272e-09	0.510694
1.72727e-09	0.511206
1.72734e-09	0.511717
1.72741e-09	0.512227
1.72749e-09	0.512736
1.72756e-09	0.513243
1.72763e-09	0.51375
1.7277e-09	0.514255
1.72777e-09	0.514759
1.72784e-09	0.515262
1.72791e-09	0.515764
1.72798e-09	0.516265
1.72805e-09	0.516764
1.72812e-09	0.517263
1.72819e-09	0.51776
1.72827e-09	0.518256
1.72834e-09	0.518751
1.72841e-09	0.519245
1.72848e-09	0.519737
1.72855e-09	0.520229
1.72862e-09	0.520719
1.72869e-09	0.521208
1.72876e-09	0.521696
1.72883e-09	0.522183
1.7289e-09	0.522669
1.72897e-09	0.523153
1.72905e-09	0.523637
1.72912e-09	0.524119
1.72919e-09	0.5246
1.72926e-09	0.52508
1.72933e-09	0.525559
1.7294e-09	0.526037
1.72947e-09	0.526513
1.72954e-09	0.526988
1.72961e-09	0.527463
1.72968e-09	0.527936
1.72976e-09	0.528407
1.72983e-09	0.528878
1.7299e-09	0.529348
1.72997e-09	0.529816
1.73004e-09	0.530283
1.73011e-09	0.530749
1.73018e-09	0.531214
1.73025e-09	0.531678
1.73032e-09	0.53214
1.73039e-09	0.532602
1.73046e-09	0.533062
1.73054e-09	0.533521
1.73061e-09	0.533979
1.73068e-09	0.534436
1.73075e-09	0.534891
1.73082e-09	0.535345
1.73089e-09	0.535799
1.73096e-09	0.536251
1.73103e-09	0.536702
1.7311e-09	0.537151
1.73117e-09	0.5376
1.73124e-09	0.538047
1.73132e-09	0.538494
1.73139e-09	0.538939
1.73146e-09	0.539382
1.73153e-09	0.539825
1.7316e-09	0.540267
1.73167e-09	0.540707
1.73174e-09	0.541146
1.73181e-09	0.541584
1.73188e-09	0.542021
1.73195e-09	0.542457
1.73202e-09	0.542891
1.7321e-09	0.543324
1.73217e-09	0.543756
1.73224e-09	0.544187
1.73231e-09	0.544617
1.73238e-09	0.545046
1.73245e-09	0.545473
1.73252e-09	0.545899
1.73259e-09	0.546325
1.73266e-09	0.546748
1.73273e-09	0.547171
1.73281e-09	0.547593
1.73288e-09	0.548013
1.73295e-09	0.548432
1.73302e-09	0.54885
1.73309e-09	0.549267
1.73316e-09	0.549683
1.73323e-09	0.550097
1.7333e-09	0.55051
1.73337e-09	0.550922
1.73344e-09	0.551333
1.73351e-09	0.551743
1.73359e-09	0.552152
1.73366e-09	0.552559
1.73373e-09	0.552965
1.7338e-09	0.55337
1.73387e-09	0.553774
1.73394e-09	0.554176
1.73401e-09	0.554578
1.73408e-09	0.554978
1.73415e-09	0.555377
1.73422e-09	0.555775
1.73429e-09	0.556172
1.73437e-09	0.556567
1.73444e-09	0.556961
1.73451e-09	0.557355
1.73458e-09	0.557747
1.73465e-09	0.558137
1.73472e-09	0.558527
1.73479e-09	0.558915
1.73486e-09	0.559302
1.73493e-09	0.559688
1.735e-09	0.560073
1.73507e-09	0.560457
1.73515e-09	0.560839
1.73522e-09	0.56122
1.73529e-09	0.5616
1.73536e-09	0.561979
1.73543e-09	0.562357
1.7355e-09	0.562733
1.73557e-09	0.563109
1.73564e-09	0.563483
1.73571e-09	0.563856
1.73578e-09	0.564227
1.73585e-09	0.564598
1.73593e-09	0.564967
1.736e-09	0.565335
1.73607e-09	0.565702
1.73614e-09	0.566068
1.73621e-09	0.566432
1.73628e-09	0.566796
1.73635e-09	0.567158
1.73642e-09	0.567519
1.73649e-09	0.567878
1.73656e-09	0.568237
1.73664e-09	0.568594
1.73671e-09	0.56895
1.73678e-09	0.569305
1.73685e-09	0.569659
1.73692e-09	0.570012
1.73699e-09	0.570363
1.73706e-09	0.570713
1.73713e-09	0.571062
1.7372e-09	0.57141
1.73727e-09	0.571756
1.73734e-09	0.572102
1.73742e-09	0.572446
1.73749e-09	0.572789
1.73756e-09	0.573131
1.73763e-09	0.573471
1.7377e-09	0.573811
1.73777e-09	0.574149
1.73784e-09	0.574486
1.73791e-09	0.574822
1.73798e-09	0.575156
1.73805e-09	0.575489
1.73812e-09	0.575822
1.7382e-09	0.576153
1.73827e-09	0.576482
1.73834e-09	0.576811
1.73841e-09	0.577138
1.73848e-09	0.577464
1.73855e-09	0.577789
1.73862e-09	0.578113
1.73869e-09	0.578436
1.73876e-09	0.578757
1.73883e-09	0.579077
1.7389e-09	0.579396
1.73898e-09	0.579714
1.73905e-09	0.58003
1.73912e-09	0.580346
1.73919e-09	0.58066
1.73926e-09	0.580973
1.73933e-09	0.581284
1.7394e-09	0.581595
1.73947e-09	0.581904
1.73954e-09	0.582212
1.73961e-09	0.582519
1.73969e-09	0.582825
1.73976e-09	0.583129
1.73983e-09	0.583432
1.7399e-09	0.583735
1.73997e-09	0.584035
1.74004e-09	0.584335
1.74011e-09	0.584633
1.74018e-09	0.584931
1.74025e-09	0.585227
1.74032e-09	0.585522
1.74039e-09	0.585815
1.74047e-09	0.586108
1.74054e-09	0.586399
1.74061e-09	0.586689
1.74068e-09	0.586978
1.74075e-09	0.587265
1.74082e-09	0.587552
1.74089e-09	0.587837
1.74096e-09	0.588121
1.74103e-09	0.588403
1.7411e-09	0.588685
1.74117e-09	0.588965
1.74125e-09	0.589244
1.74132e-09	0.589522
1.74139e-09	0.589799
1.74146e-09	0.590075
1.74153e-09	0.590349
1.7416e-09	0.590622
1.74167e-09	0.590894
1.74174e-09	0.591165
1.74181e-09	0.591434
1.74188e-09	0.591702
1.74195e-09	0.591969
1.74203e-09	0.592235
1.7421e-09	0.5925
1.74217e-09	0.592763
1.74224e-09	0.593025
1.74231e-09	0.593286
1.74238e-09	0.593546
1.74245e-09	0.593805
1.74252e-09	0.594062
1.74259e-09	0.594318
1.74266e-09	0.594573
1.74273e-09	0.594827
1.74281e-09	0.595079
1.74288e-09	0.595331
1.74295e-09	0.595581
1.74302e-09	0.59583
1.74309e-09	0.596078
1.74316e-09	0.596324
1.74323e-09	0.596569
1.7433e-09	0.596813
1.74337e-09	0.597056
1.74344e-09	0.597298
1.74352e-09	0.597538
1.74359e-09	0.597778
1.74366e-09	0.598016
1.74373e-09	0.598252
1.7438e-09	0.598488
1.74387e-09	0.598722
1.74394e-09	0.598956
1.74401e-09	0.599187
1.74408e-09	0.599418
1.74415e-09	0.599648
1.74422e-09	0.599876
1.7443e-09	0.600103
1.74437e-09	0.600329
1.74444e-09	0.600554
1.74451e-09	0.600777
1.74458e-09	0.601
1.74465e-09	0.601221
1.74472e-09	0.601441
1.74479e-09	0.601659
1.74486e-09	0.601877
1.74493e-09	0.602093
1.745e-09	0.602308
1.74508e-09	0.602522
1.74515e-09	0.602735
1.74522e-09	0.602946
1.74529e-09	0.603156
1.74536e-09	0.603365
1.74543e-09	0.603573
1.7455e-09	0.603779
1.74557e-09	0.603985
1.74564e-09	0.604189
1.74571e-09	0.604392
1.74578e-09	0.604594
1.74586e-09	0.604794
1.74593e-09	0.604994
1.746e-09	0.605192
1.74607e-09	0.605389
1.74614e-09	0.605584
1.74621e-09	0.605779
1.74628e-09	0.605972
1.74635e-09	0.606164
1.74642e-09	0.606355
1.74649e-09	0.606545
1.74657e-09	0.606733
1.74664e-09	0.60692
1.74671e-09	0.607106
1.74678e-09	0.607291
1.74685e-09	0.607475
1.74692e-09	0.607657
1.74699e-09	0.607838
1.74706e-09	0.608018
1.74713e-09	0.608197
1.7472e-09	0.608375
1.74727e-09	0.608551
1.74735e-09	0.608726
1.74742e-09	0.6089
1.74749e-09	0.609073
1.74756e-09	0.609244
1.74763e-09	0.609415
1.7477e-09	0.609584
1.74777e-09	0.609752
1.74784e-09	0.609918
1.74791e-09	0.610084
1.74798e-09	0.610248
1.74805e-09	0.610411
1.74813e-09	0.610573
1.7482e-09	0.610734
1.74827e-09	0.610893
1.74834e-09	0.611052
1.74841e-09	0.611209
1.74848e-09	0.611365
1.74855e-09	0.611519
1.74862e-09	0.611673
1.74869e-09	0.611825
1.74876e-09	0.611976
1.74883e-09	0.612126
1.74891e-09	0.612275
1.74898e-09	0.612422
1.74905e-09	0.612568
1.74912e-09	0.612713
1.74919e-09	0.612857
1.74926e-09	0.613
1.74933e-09	0.613141
1.7494e-09	0.613281
1.74947e-09	0.61342
1.74954e-09	0.613558
1.74961e-09	0.613695
1.74969e-09	0.61383
1.74976e-09	0.613964
1.74983e-09	0.614098
1.7499e-09	0.614229
1.74997e-09	0.61436
1.75004e-09	0.614489
1.75011e-09	0.614618
1.75018e-09	0.614745
1.75025e-09	0.61487
1.75032e-09	0.614995
1.7504e-09	0.615118
1.75047e-09	0.615241
1.75054e-09	0.615362
1.75061e-09	0.615481
1.75068e-09	0.6156
1.75075e-09	0.615717
1.75082e-09	0.615834
1.75089e-09	0.615949
1.75096e-09	0.616063
1.75103e-09	0.616175
1.7511e-09	0.616287
1.75118e-09	0.616397
1.75125e-09	0.616506
1.75132e-09	0.616614
1.75139e-09	0.61672
1.75146e-09	0.616826
1.75153e-09	0.61693
1.7516e-09	0.617033
1.75167e-09	0.617135
1.75174e-09	0.617236
1.75181e-09	0.617335
1.75188e-09	0.617433
1.75196e-09	0.61753
1.75203e-09	0.617626
1.7521e-09	0.617721
1.75217e-09	0.617814
1.75224e-09	0.617907
1.75231e-09	0.617998
1.75238e-09	0.618088
1.75245e-09	0.618177
1.75252e-09	0.618264
1.75259e-09	0.61835
1.75266e-09	0.618436
1.75274e-09	0.61852
1.75281e-09	0.618602
1.75288e-09	0.618684
1.75295e-09	0.618764
1.75302e-09	0.618844
1.75309e-09	0.618922
1.75316e-09	0.618998
1.75323e-09	0.619074
1.7533e-09	0.619148
1.75337e-09	0.619222
1.75345e-09	0.619294
1.75352e-09	0.619365
1.75359e-09	0.619434
1.75366e-09	0.619503
1.75373e-09	0.61957
1.7538e-09	0.619636
1.75387e-09	0.619701
1.75394e-09	0.619765
1.75401e-09	0.619828
1.75408e-09	0.619889
1.75415e-09	0.619949
1.75423e-09	0.620008
1.7543e-09	0.620066
1.75437e-09	0.620123
1.75444e-09	0.620178
1.75451e-09	0.620233
1.75458e-09	0.620286
1.75465e-09	0.620338
1.75472e-09	0.620388
1.75479e-09	0.620438
1.75486e-09	0.620486
1.75493e-09	0.620533
1.75501e-09	0.620579
1.75508e-09	0.620624
1.75515e-09	0.620668
1.75522e-09	0.62071
1.75529e-09	0.620752
1.75536e-09	0.620792
1.75543e-09	0.620831
1.7555e-09	0.620869
1.75557e-09	0.620905
1.75564e-09	0.620941
1.75571e-09	0.620975
1.75579e-09	0.621008
1.75586e-09	0.62104
1.75593e-09	0.621071
1.756e-09	0.6211
1.75607e-09	0.621128
1.75614e-09	0.621156
1.75621e-09	0.621182
1.75628e-09	0.621206
1.75635e-09	0.62123
1.75642e-09	0.621253
1.75649e-09	0.621274
1.75657e-09	0.621294
1.75664e-09	0.621313
1.75671e-09	0.621331
1.75678e-09	0.621348
1.75685e-09	0.621363
1.75692e-09	0.621377
1.75699e-09	0.62139
1.75706e-09	0.621402
1.75713e-09	0.621413
1.7572e-09	0.621423
1.75728e-09	0.621431
1.75735e-09	0.621439
1.75742e-09	0.621445
1.75749e-09	0.62145
1.75756e-09	0.621454
1.75763e-09	0.621456
1.7577e-09	0.621458
1.75777e-09	0.621458
1.75784e-09	0.621457
1.75791e-09	0.621455
1.75798e-09	0.621452
1.75806e-09	0.621448
1.75813e-09	0.621442
1.7582e-09	0.621435
1.75827e-09	0.621428
1.75834e-09	0.621419
1.75841e-09	0.621408
1.75848e-09	0.621397
1.75855e-09	0.621385
1.75862e-09	0.621371
1.75869e-09	0.621356
1.75876e-09	0.62134
1.75884e-09	0.621323
1.75891e-09	0.621305
1.75898e-09	0.621285
1.75905e-09	0.621265
1.75912e-09	0.621243
1.75919e-09	0.62122
1.75926e-09	0.621196
1.75933e-09	0.621171
1.7594e-09	0.621145
1.75947e-09	0.621117
1.75954e-09	0.621089
1.75962e-09	0.621059
1.75969e-09	0.621028
1.75976e-09	0.620996
1.75983e-09	0.620963
1.7599e-09	0.620928
1.75997e-09	0.620893
1.76004e-09	0.620856
1.76011e-09	0.620818
1.76018e-09	0.620779
1.76025e-09	0.620739
1.76033e-09	0.620698
1.7604e-09	0.620655
1.76047e-09	0.620612
1.76054e-09	0.620567
1.76061e-09	0.620521
1.76068e-09	0.620474
1.76075e-09	0.620426
1.76082e-09	0.620377
1.76089e-09	0.620326
1.76096e-09	0.620275
1.76103e-09	0.620222
1.76111e-09	0.620168
1.76118e-09	0.620113
1.76125e-09	0.620057
1.76132e-09	0.62
1.76139e-09	0.619941
1.76146e-09	0.619882
1.76153e-09	0.619821
1.7616e-09	0.619759
1.76167e-09	0.619696
1.76174e-09	0.619632
1.76181e-09	0.619567
1.76189e-09	0.619501
1.76196e-09	0.619433
1.76203e-09	0.619365
1.7621e-09	0.619295
1.76217e-09	0.619224
1.76224e-09	0.619152
1.76231e-09	0.619079
1.76238e-09	0.619004
1.76245e-09	0.618929
1.76252e-09	0.618853
1.76259e-09	0.618775
1.76267e-09	0.618696
1.76274e-09	0.618616
1.76281e-09	0.618535
1.76288e-09	0.618453
1.76295e-09	0.61837
1.76302e-09	0.618285
1.76309e-09	0.6182
1.76316e-09	0.618113
1.76323e-09	0.618025
1.7633e-09	0.617936
1.76338e-09	0.617846
1.76345e-09	0.617755
1.76352e-09	0.617663
1.76359e-09	0.61757
1.76366e-09	0.617475
1.76373e-09	0.617379
1.7638e-09	0.617283
1.76387e-09	0.617185
1.76394e-09	0.617086
1.76401e-09	0.616986
1.76408e-09	0.616885
1.76416e-09	0.616782
1.76423e-09	0.616679
1.7643e-09	0.616574
1.76437e-09	0.616469
1.76444e-09	0.616362
1.76451e-09	0.616254
1.76458e-09	0.616145
1.76465e-09	0.616035
1.76472e-09	0.615924
1.76479e-09	0.615811
1.76486e-09	0.615698
1.76494e-09	0.615583
1.76501e-09	0.615468
1.76508e-09	0.615351
1.76515e-09	0.615233
1.76522e-09	0.615114
1.76529e-09	0.614994
1.76536e-09	0.614873
1.76543e-09	0.614751
1.7655e-09	0.614627
1.76557e-09	0.614503
1.76564e-09	0.614377
1.76572e-09	0.614251
1.76579e-09	0.614123
1.76586e-09	0.613994
1.76593e-09	0.613864
1.766e-09	0.613733
1.76607e-09	0.613601
1.76614e-09	0.613468
1.76621e-09	0.613333
1.76628e-09	0.613198
1.76635e-09	0.613061
1.76642e-09	0.612924
1.7665e-09	0.612785
1.76657e-09	0.612645
1.76664e-09	0.612504
1.76671e-09	0.612362
1.76678e-09	0.612219
1.76685e-09	0.612075
1.76692e-09	0.61193
1.76699e-09	0.611784
1.76706e-09	0.611636
1.76713e-09	0.611488
1.76721e-09	0.611338
1.76728e-09	0.611187
1.76735e-09	0.611036
1.76742e-09	0.610883
1.76749e-09	0.610729
1.76756e-09	0.610574
1.76763e-09	0.610418
1.7677e-09	0.610261
1.76777e-09	0.610102
1.76784e-09	0.609943
1.76791e-09	0.609783
1.76799e-09	0.609621
1.76806e-09	0.609459
1.76813e-09	0.609295
1.7682e-09	0.60913
1.76827e-09	0.608965
1.76834e-09	0.608798
1.76841e-09	0.60863
1.76848e-09	0.608461
1.76855e-09	0.608291
1.76862e-09	0.60812
1.76869e-09	0.607947
1.76877e-09	0.607774
1.76884e-09	0.6076
1.76891e-09	0.607424
1.76898e-09	0.607248
1.76905e-09	0.607071
1.76912e-09	0.606892
1.76919e-09	0.606712
1.76926e-09	0.606532
1.76933e-09	0.60635
1.7694e-09	0.606167
1.76947e-09	0.605983
1.76955e-09	0.605798
1.76962e-09	0.605612
1.76969e-09	0.605425
1.76976e-09	0.605237
1.76983e-09	0.605048
1.7699e-09	0.604858
1.76997e-09	0.604666
1.77004e-09	0.604474
1.77011e-09	0.604281
1.77018e-09	0.604086
1.77026e-09	0.603891
1.77033e-09	0.603694
1.7704e-09	0.603496
1.77047e-09	0.603298
1.77054e-09	0.603098
1.77061e-09	0.602897
1.77068e-09	0.602696
1.77075e-09	0.602493
1.77082e-09	0.602289
1.77089e-09	0.602084
1.77096e-09	0.601878
1.77104e-09	0.601671
1.77111e-09	0.601463
1.77118e-09	0.601254
1.77125e-09	0.601044
1.77132e-09	0.600833
1.77139e-09	0.60062
1.77146e-09	0.600407
1.77153e-09	0.600193
1.7716e-09	0.599977
1.77167e-09	0.599761
1.77174e-09	0.599544
1.77182e-09	0.599325
1.77189e-09	0.599106
1.77196e-09	0.598885
1.77203e-09	0.598664
1.7721e-09	0.598441
1.77217e-09	0.598218
1.77224e-09	0.597993
1.77231e-09	0.597768
1.77238e-09	0.597541
1.77245e-09	0.597313
1.77252e-09	0.597085
1.7726e-09	0.596855
1.77267e-09	0.596624
1.77274e-09	0.596392
1.77281e-09	0.59616
1.77288e-09	0.595926
1.77295e-09	0.595691
1.77302e-09	0.595455
1.77309e-09	0.595218
1.77316e-09	0.59498
1.77323e-09	0.594741
1.7733e-09	0.594502
1.77338e-09	0.594261
1.77345e-09	0.594019
1.77352e-09	0.593776
1.77359e-09	0.593532
1.77366e-09	0.593287
1.77373e-09	0.593041
1.7738e-09	0.592794
1.77387e-09	0.592546
1.77394e-09	0.592297
1.77401e-09	0.592047
1.77409e-09	0.591796
1.77416e-09	0.591544
1.77423e-09	0.591291
1.7743e-09	0.591037
1.77437e-09	0.590782
1.77444e-09	0.590526
1.77451e-09	0.590269
1.77458e-09	0.590011
1.77465e-09	0.589752
1.77472e-09	0.589492
1.77479e-09	0.589231
1.77487e-09	0.588969
1.77494e-09	0.588706
1.77501e-09	0.588442
1.77508e-09	0.588177
1.77515e-09	0.587911
1.77522e-09	0.587644
1.77529e-09	0.587376
1.77536e-09	0.587107
1.77543e-09	0.586837
1.7755e-09	0.586566
1.77557e-09	0.586294
1.77565e-09	0.586021
1.77572e-09	0.585748
1.77579e-09	0.585473
1.77586e-09	0.585197
1.77593e-09	0.58492
1.776e-09	0.584642
1.77607e-09	0.584364
1.77614e-09	0.584084
1.77621e-09	0.583803
1.77628e-09	0.583521
1.77635e-09	0.583239
1.77643e-09	0.582955
1.7765e-09	0.582671
1.77657e-09	0.582385
1.77664e-09	0.582098
1.77671e-09	0.581811
1.77678e-09	0.581522
1.77685e-09	0.581233
1.77692e-09	0.580943
1.77699e-09	0.580651
1.77706e-09	0.580359
1.77714e-09	0.580065
1.77721e-09	0.579771
1.77728e-09	0.579476
1.77735e-09	0.57918
1.77742e-09	0.578883
1.77749e-09	0.578584
1.77756e-09	0.578285
1.77763e-09	0.577985
1.7777e-09	0.577684
1.77777e-09	0.577382
1.77784e-09	0.577079
1.77792e-09	0.576776
1.77799e-09	0.576471
1.77806e-09	0.576165
1.77813e-09	0.575858
1.7782e-09	0.575551
1.77827e-09	0.575242
1.77834e-09	0.574932
1.77841e-09	0.574622
1.77848e-09	0.57431
1.77855e-09	0.573998
1.77862e-09	0.573685
1.7787e-09	0.57337
1.77877e-09	0.573055
1.77884e-09	0.572739
1.77891e-09	0.572422
1.77898e-09	0.572104
1.77905e-09	0.571785
1.77912e-09	0.571465
1.77919e-09	0.571144
1.77926e-09	0.570822
1.77933e-09	0.5705
1.7794e-09	0.570176
1.77948e-09	0.569851
1.77955e-09	0.569526
1.77962e-09	0.569199
1.77969e-09	0.568872
1.77976e-09	0.568544
1.77983e-09	0.568215
1.7799e-09	0.567884
1.77997e-09	0.567553
1.78004e-09	0.567221
1.78011e-09	0.566889
1.78018e-09	0.566555
1.78026e-09	0.56622
1.78033e-09	0.565884
1.7804e-09	0.565548
1.78047e-09	0.56521
1.78054e-09	0.564872
1.78061e-09	0.564532
1.78068e-09	0.564192
1.78075e-09	0.563851
1.78082e-09	0.563509
1.78089e-09	0.563166
1.78097e-09	0.562822
1.78104e-09	0.562477
1.78111e-09	0.562132
1.78118e-09	0.561785
1.78125e-09	0.561437
1.78132e-09	0.561089
1.78139e-09	0.56074
1.78146e-09	0.560389
1.78153e-09	0.560038
1.7816e-09	0.559686
1.78167e-09	0.559333
1.78175e-09	0.55898
1.78182e-09	0.558625
1.78189e-09	0.558269
1.78196e-09	0.557913
1.78203e-09	0.557555
1.7821e-09	0.557197
1.78217e-09	0.556838
1.78224e-09	0.556478
1.78231e-09	0.556117
1.78238e-09	0.555755
1.78245e-09	0.555392
1.78253e-09	0.555029
1.7826e-09	0.554664
1.78267e-09	0.554299
1.78274e-09	0.553933
1.78281e-09	0.553565
1.78288e-09	0.553197
1.78295e-09	0.552828
1.78302e-09	0.552459
1.78309e-09	0.552088
1.78316e-09	0.551716
1.78323e-09	0.551344
1.78331e-09	0.550971
1.78338e-09	0.550597
1.78345e-09	0.550222
1.78352e-09	0.549846
1.78359e-09	0.549469
1.78366e-09	0.549091
1.78373e-09	0.548713
1.7838e-09	0.548333
1.78387e-09	0.547953
1.78394e-09	0.547572
1.78402e-09	0.54719
1.78409e-09	0.546807
1.78416e-09	0.546424
1.78423e-09	0.546039
1.7843e-09	0.545654
1.78437e-09	0.545267
1.78444e-09	0.54488
1.78451e-09	0.544492
1.78458e-09	0.544104
1.78465e-09	0.543714
1.78472e-09	0.543323
1.7848e-09	0.542932
1.78487e-09	0.54254
1.78494e-09	0.542147
1.78501e-09	0.541753
1.78508e-09	0.541358
1.78515e-09	0.540963
1.78522e-09	0.540566
1.78529e-09	0.540169
1.78536e-09	0.539771
1.78543e-09	0.539372
1.7855e-09	0.538972
1.78558e-09	0.538571
1.78565e-09	0.53817
1.78572e-09	0.537767
1.78579e-09	0.537364
1.78586e-09	0.53696
1.78593e-09	0.536556
1.786e-09	0.53615
1.78607e-09	0.535743
1.78614e-09	0.535336
1.78621e-09	0.534928
1.78628e-09	0.534519
1.78636e-09	0.534109
1.78643e-09	0.533699
1.7865e-09	0.533287
1.78657e-09	0.532875
1.78664e-09	0.532462
1.78671e-09	0.532048
1.78678e-09	0.531633
1.78685e-09	0.531218
1.78692e-09	0.530802
1.78699e-09	0.530384
1.78706e-09	0.529966
1.78714e-09	0.529548
1.78721e-09	0.529128
1.78728e-09	0.528708
1.78735e-09	0.528287
1.78742e-09	0.527865
1.78749e-09	0.527442
1.78756e-09	0.527018
1.78763e-09	0.526594
1.7877e-09	0.526168
1.78777e-09	0.525742
1.78785e-09	0.525316
1.78792e-09	0.524888
1.78799e-09	0.52446
1.78806e-09	0.52403
1.78813e-09	0.5236
1.7882e-09	0.52317
1.78827e-09	0.522738
1.78834e-09	0.522306
1.78841e-09	0.521872
1.78848e-09	0.521438
1.78855e-09	0.521004
1.78863e-09	0.520568
1.7887e-09	0.520132
1.78877e-09	0.519695
1.78884e-09	0.519257
1.78891e-09	0.518818
1.78898e-09	0.518379
1.78905e-09	0.517938
1.78912e-09	0.517497
1.78919e-09	0.517056
1.78926e-09	0.516613
1.78933e-09	0.51617
1.78941e-09	0.515725
1.78948e-09	0.515281
1.78955e-09	0.514835
1.78962e-09	0.514389
1.78969e-09	0.513941
1.78976e-09	0.513493
1.78983e-09	0.513045
1.7899e-09	0.512595
1.78997e-09	0.512145
1.79004e-09	0.511694
1.79011e-09	0.511242
1.79019e-09	0.510789
1.79026e-09	0.510336
1.79033e-09	0.509882
1.7904e-09	0.509427
1.79047e-09	0.508972
1.79054e-09	0.508515
1.79061e-09	0.508058
1.79068e-09	0.5076
1.79075e-09	0.507142
1.79082e-09	0.506682
1.7909e-09	0.506222
1.79097e-09	0.505762
1.79104e-09	0.5053
1.79111e-09	0.504838
1.79118e-09	0.504375
1.79125e-09	0.503911
1.79132e-09	0.503446
1.79139e-09	0.502981
1.79146e-09	0.502515
1.79153e-09	0.502048
1.7916e-09	0.501581
1.79168e-09	0.501112
1.79175e-09	0.500643
1.79182e-09	0.500174
1.79189e-09	0.499703
1.79196e-09	0.499232
1.79203e-09	0.49876
1.7921e-09	0.498288
1.79217e-09	0.497814
1.79224e-09	0.49734
1.79231e-09	0.496865
1.79238e-09	0.49639
1.79246e-09	0.495914
1.79253e-09	0.495437
1.7926e-09	0.494959
1.79267e-09	0.494481
1.79274e-09	0.494001
1.79281e-09	0.493522
1.79288e-09	0.493041
1.79295e-09	0.49256
1.79302e-09	0.492078
1.79309e-09	0.491595
1.79316e-09	0.491112
1.79324e-09	0.490628
1.79331e-09	0.490143
1.79338e-09	0.489657
1.79345e-09	0.489171
1.79352e-09	0.488684
1.79359e-09	0.488197
1.79366e-09	0.487708
1.79373e-09	0.487219
1.7938e-09	0.48673
1.79387e-09	0.486239
1.79394e-09	0.485748
1.79402e-09	0.485256
1.79409e-09	0.484764
1.79416e-09	0.484271
1.79423e-09	0.483777
1.7943e-09	0.483282
1.79437e-09	0.482787
1.79444e-09	0.482291
1.79451e-09	0.481795
1.79458e-09	0.481297
1.79465e-09	0.480799
1.79473e-09	0.480301
1.7948e-09	0.479802
1.79487e-09	0.479302
1.79494e-09	0.478801
1.79501e-09	0.478299
1.79508e-09	0.477797
1.79515e-09	0.477295
1.79522e-09	0.476791
1.79529e-09	0.476287
1.79536e-09	0.475783
1.79543e-09	0.475277
1.79551e-09	0.474771
1.79558e-09	0.474265
1.79565e-09	0.473757
1.79572e-09	0.473249
1.79579e-09	0.47274
1.79586e-09	0.472231
1.79593e-09	0.471721
1.796e-09	0.47121
1.79607e-09	0.470699
1.79614e-09	0.470187
1.79621e-09	0.469674
1.79629e-09	0.469161
1.79636e-09	0.468647
1.79643e-09	0.468133
1.7965e-09	0.467617
1.79657e-09	0.467102
1.79664e-09	0.466585
1.79671e-09	0.466068
1.79678e-09	0.46555
1.79685e-09	0.465032
1.79692e-09	0.464512
1.79699e-09	0.463993
1.79707e-09	0.463472
1.79714e-09	0.462951
1.79721e-09	0.46243
1.79728e-09	0.461907
1.79735e-09	0.461385
1.79742e-09	0.460861
1.79749e-09	0.460337
1.79756e-09	0.459812
1.79763e-09	0.459287
1.7977e-09	0.458761
1.79778e-09	0.458234
1.79785e-09	0.457707
1.79792e-09	0.457179
1.79799e-09	0.45665
1.79806e-09	0.456121
1.79813e-09	0.455591
1.7982e-09	0.455061
1.79827e-09	0.45453
1.79834e-09	0.453998
1.79841e-09	0.453466
1.79848e-09	0.452933
1.79856e-09	0.4524
1.79863e-09	0.451866
1.7987e-09	0.451331
1.79877e-09	0.450796
1.79884e-09	0.45026
1.79891e-09	0.449723
1.79898e-09	0.449186
1.79905e-09	0.448648
1.79912e-09	0.44811
1.79919e-09	0.447571
1.79926e-09	0.447032
1.79934e-09	0.446492
1.79941e-09	0.445951
1.79948e-09	0.44541
1.79955e-09	0.444868
1.79962e-09	0.444325
1.79969e-09	0.443782
1.79976e-09	0.443239
1.79983e-09	0.442694
1.7999e-09	0.44215
1.79997e-09	0.441604
1.80004e-09	0.441058
1.80012e-09	0.440512
1.80019e-09	0.439965
1.80026e-09	0.439417
1.80033e-09	0.438869
1.8004e-09	0.43832
1.80047e-09	0.43777
1.80054e-09	0.43722
1.80061e-09	0.43667
1.80068e-09	0.436119
1.80075e-09	0.435567
1.80082e-09	0.435015
1.8009e-09	0.434462
1.80097e-09	0.433908
1.80104e-09	0.433354
1.80111e-09	0.4328
1.80118e-09	0.432245
1.80125e-09	0.431689
1.80132e-09	0.431133
1.80139e-09	0.430576
1.80146e-09	0.430019
1.80153e-09	0.429461
1.80161e-09	0.428902
1.80168e-09	0.428343
1.80175e-09	0.427784
1.80182e-09	0.427224
1.80189e-09	0.426663
1.80196e-09	0.426102
1.80203e-09	0.42554
1.8021e-09	0.424978
1.80217e-09	0.424415
1.80224e-09	0.423852
1.80231e-09	0.423288
1.80239e-09	0.422723
1.80246e-09	0.422158
1.80253e-09	0.421593
1.8026e-09	0.421027
1.80267e-09	0.42046
1.80274e-09	0.419893
1.80281e-09	0.419326
1.80288e-09	0.418757
1.80295e-09	0.418189
1.80302e-09	0.417619
1.80309e-09	0.41705
1.80317e-09	0.416479
1.80324e-09	0.415909
1.80331e-09	0.415337
1.80338e-09	0.414766
1.80345e-09	0.414193
1.80352e-09	0.41362
1.80359e-09	0.413047
1.80366e-09	0.412473
1.80373e-09	0.411899
1.8038e-09	0.411324
1.80387e-09	0.410748
1.80395e-09	0.410172
1.80402e-09	0.409596
1.80409e-09	0.409019
1.80416e-09	0.408442
1.80423e-09	0.407864
1.8043e-09	0.407285
1.80437e-09	0.406706
1.80444e-09	0.406127
1.80451e-09	0.405547
1.80458e-09	0.404966
1.80466e-09	0.404385
1.80473e-09	0.403804
1.8048e-09	0.403222
1.80487e-09	0.40264
1.80494e-09	0.402057
1.80501e-09	0.401473
1.80508e-09	0.40089
1.80515e-09	0.400305
1.80522e-09	0.39972
1.80529e-09	0.399135
1.80536e-09	0.398549
1.80544e-09	0.397963
1.80551e-09	0.397376
1.80558e-09	0.396789
1.80565e-09	0.396201
1.80572e-09	0.395613
1.80579e-09	0.395024
1.80586e-09	0.394435
1.80593e-09	0.393846
1.806e-09	0.393256
1.80607e-09	0.392665
1.80614e-09	0.392074
1.80622e-09	0.391483
1.80629e-09	0.390891
1.80636e-09	0.390298
1.80643e-09	0.389705
1.8065e-09	0.389112
1.80657e-09	0.388518
1.80664e-09	0.387924
1.80671e-09	0.387329
1.80678e-09	0.386734
1.80685e-09	0.386139
1.80692e-09	0.385543
1.807e-09	0.384946
1.80707e-09	0.384349
1.80714e-09	0.383752
1.80721e-09	0.383154
1.80728e-09	0.382556
1.80735e-09	0.381957
1.80742e-09	0.381358
1.80749e-09	0.380758
1.80756e-09	0.380158
1.80763e-09	0.379558
1.8077e-09	0.378957
1.80778e-09	0.378356
1.80785e-09	0.377754
1.80792e-09	0.377152
1.80799e-09	0.376549
1.80806e-09	0.375946
1.80813e-09	0.375343
1.8082e-09	0.374739
1.80827e-09	0.374134
1.80834e-09	0.37353
1.80841e-09	0.372924
1.80849e-09	0.372319
1.80856e-09	0.371713
1.80863e-09	0.371106
1.8087e-09	0.370499
1.80877e-09	0.369892
1.80884e-09	0.369285
1.80891e-09	0.368676
1.80898e-09	0.368068
1.80905e-09	0.367459
1.80912e-09	0.36685
1.80919e-09	0.36624
1.80927e-09	0.36563
1.80934e-09	0.365019
1.80941e-09	0.364408
1.80948e-09	0.363797
1.80955e-09	0.363185
1.80962e-09	0.362573
1.80969e-09	0.361961
1.80976e-09	0.361348
1.80983e-09	0.360734
1.8099e-09	0.360121
1.80997e-09	0.359507
1.81005e-09	0.358892
1.81012e-09	0.358277
1.81019e-09	0.357662
1.81026e-09	0.357046
1.81033e-09	0.35643
1.8104e-09	0.355814
1.81047e-09	0.355197
1.81054e-09	0.35458
1.81061e-09	0.353962
1.81068e-09	0.353344
1.81075e-09	0.352726
1.81083e-09	0.352107
1.8109e-09	0.351488
1.81097e-09	0.350869
1.81104e-09	0.350249
1.81111e-09	0.349629
1.81118e-09	0.349008
1.81125e-09	0.348388
1.81132e-09	0.347766
1.81139e-09	0.347145
1.81146e-09	0.346523
1.81154e-09	0.3459
1.81161e-09	0.345278
1.81168e-09	0.344655
1.81175e-09	0.344031
1.81182e-09	0.343407
1.81189e-09	0.342783
1.81196e-09	0.342159
1.81203e-09	0.341534
1.8121e-09	0.340909
1.81217e-09	0.340283
1.81224e-09	0.339657
1.81232e-09	0.339031
1.81239e-09	0.338404
1.81246e-09	0.337778
1.81253e-09	0.33715
1.8126e-09	0.336523
1.81267e-09	0.335895
1.81274e-09	0.335267
1.81281e-09	0.334638
1.81288e-09	0.334009
1.81295e-09	0.33338
1.81302e-09	0.33275
1.8131e-09	0.33212
1.81317e-09	0.33149
1.81324e-09	0.330859
1.81331e-09	0.330228
1.81338e-09	0.329597
1.81345e-09	0.328966
1.81352e-09	0.328334
1.81359e-09	0.327702
1.81366e-09	0.327069
1.81373e-09	0.326436
1.8138e-09	0.325803
1.81388e-09	0.32517
1.81395e-09	0.324536
1.81402e-09	0.323902
1.81409e-09	0.323267
1.81416e-09	0.322633
1.81423e-09	0.321998
1.8143e-09	0.321362
1.81437e-09	0.320727
1.81444e-09	0.320091
1.81451e-09	0.319454
1.81458e-09	0.318818
1.81466e-09	0.318181
1.81473e-09	0.317544
1.8148e-09	0.316907
1.81487e-09	0.316269
1.81494e-09	0.315631
1.81501e-09	0.314993
1.81508e-09	0.314354
1.81515e-09	0.313715
1.81522e-09	0.313076
1.81529e-09	0.312436
1.81537e-09	0.311797
1.81544e-09	0.311157
1.81551e-09	0.310516
1.81558e-09	0.309876
1.81565e-09	0.309235
1.81572e-09	0.308594
1.81579e-09	0.307952
1.81586e-09	0.307311
1.81593e-09	0.306669
1.816e-09	0.306026
1.81607e-09	0.305384
1.81615e-09	0.304741
1.81622e-09	0.304098
1.81629e-09	0.303455
1.81636e-09	0.302811
1.81643e-09	0.302167
1.8165e-09	0.301523
1.81657e-09	0.300879
1.81664e-09	0.300234
1.81671e-09	0.299589
1.81678e-09	0.298944
1.81685e-09	0.298299
1.81693e-09	0.297653
1.817e-09	0.297007
1.81707e-09	0.296361
1.81714e-09	0.295714
1.81721e-09	0.295068
1.81728e-09	0.294421
1.81735e-09	0.293774
1.81742e-09	0.293126
1.81749e-09	0.292479
1.81756e-09	0.291831
1.81763e-09	0.291182
1.81771e-09	0.290534
1.81778e-09	0.289885
1.81785e-09	0.289237
1.81792e-09	0.288588
1.81799e-09	0.287938
1.81806e-09	0.287289
1.81813e-09	0.286639
1.8182e-09	0.285989
1.81827e-09	0.285339
1.81834e-09	0.284688
1.81842e-09	0.284037
1.81849e-09	0.283387
1.81856e-09	0.282735
1.81863e-09	0.282084
1.8187e-09	0.281432
1.81877e-09	0.280781
1.81884e-09	0.280129
1.81891e-09	0.279476
1.81898e-09	0.278824
1.81905e-09	0.278171
1.81912e-09	0.277518
1.8192e-09	0.276865
1.81927e-09	0.276212
1.81934e-09	0.275559
1.81941e-09	0.274905
1.81948e-09	0.274251
1.81955e-09	0.273597
1.81962e-09	0.272943
1.81969e-09	0.272288
1.81976e-09	0.271633
1.81983e-09	0.270978
1.8199e-09	0.270323
1.81998e-09	0.269668
1.82005e-09	0.269012
1.82012e-09	0.268357
1.82019e-09	0.267701
1.82026e-09	0.267045
1.82033e-09	0.266389
1.8204e-09	0.265732
1.82047e-09	0.265076
1.82054e-09	0.264419
1.82061e-09	0.263762
1.82068e-09	0.263105
1.82076e-09	0.262447
1.82083e-09	0.26179
1.8209e-09	0.261132
1.82097e-09	0.260474
1.82104e-09	0.259816
1.82111e-09	0.259158
1.82118e-09	0.258499
1.82125e-09	0.257841
1.82132e-09	0.257182
1.82139e-09	0.256523
1.82146e-09	0.255864
1.82154e-09	0.255205
1.82161e-09	0.254545
1.82168e-09	0.253886
1.82175e-09	0.253226
1.82182e-09	0.252566
1.82189e-09	0.251906
1.82196e-09	0.251246
1.82203e-09	0.250586
1.8221e-09	0.249925
1.82217e-09	0.249265
1.82225e-09	0.248604
1.82232e-09	0.247943
1.82239e-09	0.247282
1.82246e-09	0.24662
1.82253e-09	0.245959
1.8226e-09	0.245297
1.82267e-09	0.244636
1.82274e-09	0.243974
1.82281e-09	0.243312
1.82288e-09	0.24265
1.82295e-09	0.241988
1.82303e-09	0.241325
1.8231e-09	0.240663
1.82317e-09	0.24
1.82324e-09	0.239337
1.82331e-09	0.238674
1.82338e-09	0.238011
1.82345e-09	0.237348
1.82352e-09	0.236685
1.82359e-09	0.236022
1.82366e-09	0.235358
1.82373e-09	0.234694
1.82381e-09	0.234031
1.82388e-09	0.233367
1.82395e-09	0.232703
1.82402e-09	0.232039
1.82409e-09	0.231374
1.82416e-09	0.23071
1.82423e-09	0.230045
1.8243e-09	0.229381
1.82437e-09	0.228716
1.82444e-09	0.228051
1.82451e-09	0.227387
1.82459e-09	0.226721
1.82466e-09	0.226056
1.82473e-09	0.225391
1.8248e-09	0.224726
1.82487e-09	0.22406
1.82494e-09	0.223395
1.82501e-09	0.222729
1.82508e-09	0.222064
1.82515e-09	0.221398
1.82522e-09	0.220732
1.8253e-09	0.220066
1.82537e-09	0.2194
1.82544e-09	0.218734
1.82551e-09	0.218067
1.82558e-09	0.217401
1.82565e-09	0.216735
1.82572e-09	0.216068
1.82579e-09	0.215401
1.82586e-09	0.214735
1.82593e-09	0.214068
1.826e-09	0.213401
1.82608e-09	0.212734
1.82615e-09	0.212067
1.82622e-09	0.2114
1.82629e-09	0.210733
1.82636e-09	0.210066
1.82643e-09	0.209399
1.8265e-09	0.208731
1.82657e-09	0.208064
1.82664e-09	0.207396
1.82671e-09	0.206729
1.82678e-09	0.206061
1.82686e-09	0.205394
1.82693e-09	0.204726
1.827e-09	0.204058
1.82707e-09	0.20339
1.82714e-09	0.202722
1.82721e-09	0.202054
1.82728e-09	0.201386
1.82735e-09	0.200718
1.82742e-09	0.20005
1.82749e-09	0.199382
1.82756e-09	0.198714
1.82764e-09	0.198045
1.82771e-09	0.197377
1.82778e-09	0.196709
1.82785e-09	0.19604
1.82792e-09	0.195372
1.82799e-09	0.194703
1.82806e-09	0.194035
1.82813e-09	0.193366
1.8282e-09	0.192698
1.82827e-09	0.192029
1.82834e-09	0.19136
1.82842e-09	0.190692
1.82849e-09	0.190023
1.82856e-09	0.189354
1.82863e-09	0.188685
1.8287e-09	0.188017
1.82877e-09	0.187348
1.82884e-09	0.186679
1.82891e-09	0.18601
1.82898e-09	0.185341
1.82905e-09	0.184672
1.82913e-09	0.184003
1.8292e-09	0.183334
1.82927e-09	0.182665
1.82934e-09	0.181996
1.82941e-09	0.181327
1.82948e-09	0.180658
1.82955e-09	0.179989
1.82962e-09	0.17932
1.82969e-09	0.178651
1.82976e-09	0.177982
1.82983e-09	0.177313
1.82991e-09	0.176644
1.82998e-09	0.175975
1.83005e-09	0.175306
1.83012e-09	0.174637
1.83019e-09	0.173968
1.83026e-09	0.173299
1.83033e-09	0.172629
1.8304e-09	0.17196
1.83047e-09	0.171291
1.83054e-09	0.170622
1.83061e-09	0.169953
1.83069e-09	0.169284
1.83076e-09	0.168615
1.83083e-09	0.167946
1.8309e-09	0.167277
1.83097e-09	0.166608
1.83104e-09	0.165939
1.83111e-09	0.16527
1.83118e-09	0.164601
1.83125e-09	0.163932
1.83132e-09	0.163263
1.83139e-09	0.162595
1.83147e-09	0.161926
1.83154e-09	0.161257
1.83161e-09	0.160588
1.83168e-09	0.159919
1.83175e-09	0.159251
1.83182e-09	0.158582
1.83189e-09	0.157913
1.83196e-09	0.157245
1.83203e-09	0.156576
1.8321e-09	0.155907
1.83218e-09	0.155239
1.83225e-09	0.15457
1.83232e-09	0.153902
1.83239e-09	0.153234
1.83246e-09	0.152565
1.83253e-09	0.151897
1.8326e-09	0.151229
1.83267e-09	0.15056
1.83274e-09	0.149892
1.83281e-09	0.149224
1.83288e-09	0.148556
1.83296e-09	0.147888
1.83303e-09	0.14722
1.8331e-09	0.146552
1.83317e-09	0.145884
1.83324e-09	0.145216
1.83331e-09	0.144549
1.83338e-09	0.143881
1.83345e-09	0.143213
1.83352e-09	0.142546
1.83359e-09	0.141878
1.83366e-09	0.141211
1.83374e-09	0.140543
1.83381e-09	0.139876
1.83388e-09	0.139209
1.83395e-09	0.138542
1.83402e-09	0.137875
1.83409e-09	0.137207
1.83416e-09	0.136541
1.83423e-09	0.135874
1.8343e-09	0.135207
1.83437e-09	0.13454
1.83444e-09	0.133873
1.83452e-09	0.133207
1.83459e-09	0.13254
1.83466e-09	0.131874
1.83473e-09	0.131208
1.8348e-09	0.130541
1.83487e-09	0.129875
1.83494e-09	0.129209
1.83501e-09	0.128543
1.83508e-09	0.127877
1.83515e-09	0.127212
1.83523e-09	0.126546
1.8353e-09	0.12588
1.83537e-09	0.125215
1.83544e-09	0.124549
1.83551e-09	0.123884
1.83558e-09	0.123219
1.83565e-09	0.122554
1.83572e-09	0.121889
1.83579e-09	0.121224
1.83586e-09	0.120559
1.83593e-09	0.119894
1.83601e-09	0.11923
1.83608e-09	0.118565
1.83615e-09	0.117901
1.83622e-09	0.117236
1.83629e-09	0.116572
1.83636e-09	0.115908
1.83643e-09	0.115244
1.8365e-09	0.114581
1.83657e-09	0.113917
1.83664e-09	0.113253
1.83671e-09	0.11259
1.83679e-09	0.111926
1.83686e-09	0.111263
1.83693e-09	0.1106
1.837e-09	0.109937
1.83707e-09	0.109274
1.83714e-09	0.108612
1.83721e-09	0.107949
1.83728e-09	0.107287
1.83735e-09	0.106624
1.83742e-09	0.105962
1.83749e-09	0.1053
1.83757e-09	0.104638
1.83764e-09	0.103976
1.83771e-09	0.103315
1.83778e-09	0.102653
1.83785e-09	0.101992
1.83792e-09	0.10133
1.83799e-09	0.100669
1.83806e-09	0.100008
1.83813e-09	0.0993475
1.8382e-09	0.0986868
1.83827e-09	0.0980263
1.83835e-09	0.0973659
1.83842e-09	0.0967057
1.83849e-09	0.0960456
1.83856e-09	0.0953857
1.83863e-09	0.0947259
1.8387e-09	0.0940663
1.83877e-09	0.0934069
1.83884e-09	0.0927476
1.83891e-09	0.0920884
1.83898e-09	0.0914294
1.83906e-09	0.0907706
1.83913e-09	0.0901119
1.8392e-09	0.0894534
1.83927e-09	0.0887951
1.83934e-09	0.0881369
1.83941e-09	0.0874789
1.83948e-09	0.086821
1.83955e-09	0.0861634
1.83962e-09	0.0855059
1.83969e-09	0.0848485
1.83976e-09	0.0841914
1.83984e-09	0.0835344
1.83991e-09	0.0828776
1.83998e-09	0.0822209
1.84005e-09	0.0815645
1.84012e-09	0.0809082
1.84019e-09	0.0802521
1.84026e-09	0.0795961
1.84033e-09	0.0789404
1.8404e-09	0.0782849
1.84047e-09	0.0776295
1.84054e-09	0.0769743
1.84062e-09	0.0763193
1.84069e-09	0.0756645
1.84076e-09	0.0750099
1.84083e-09	0.0743554
1.8409e-09	0.0737012
1.84097e-09	0.0730471
1.84104e-09	0.0723933
1.84111e-09	0.0717396
1.84118e-09	0.0710862
1.84125e-09	0.0704329
1.84132e-09	0.0697798
1.8414e-09	0.069127
1.84147e-09	0.0684743
1.84154e-09	0.0678218
1.84161e-09	0.0671696
1.84168e-09	0.0665175
1.84175e-09	0.0658657
1.84182e-09	0.065214
1.84189e-09	0.0645626
1.84196e-09	0.0639114
1.84203e-09	0.0632604
1.84211e-09	0.0626096
1.84218e-09	0.061959
1.84225e-09	0.0613086
1.84232e-09	0.0606584
1.84239e-09	0.0600085
1.84246e-09	0.0593588
1.84253e-09	0.0587093
1.8426e-09	0.05806
1.84267e-09	0.0574109
1.84274e-09	0.0567621
1.84281e-09	0.0561135
1.84289e-09	0.0554651
1.84296e-09	0.0548169
1.84303e-09	0.054169
1.8431e-09	0.0535212
1.84317e-09	0.0528738
1.84324e-09	0.0522265
1.84331e-09	0.0515795
1.84338e-09	0.0509327
1.84345e-09	0.0502862
1.84352e-09	0.0496398
1.84359e-09	0.0489938
1.84367e-09	0.0483479
1.84374e-09	0.0477023
1.84381e-09	0.0470569
1.84388e-09	0.0464118
1.84395e-09	0.0457669
1.84402e-09	0.0451223
1.84409e-09	0.0444779
1.84416e-09	0.0438338
1.84423e-09	0.0431899
1.8443e-09	0.0425462
1.84437e-09	0.0419028
1.84445e-09	0.0412596
1.84452e-09	0.0406167
1.84459e-09	0.0399741
1.84466e-09	0.0393317
1.84473e-09	0.0386896
1.8448e-09	0.0380477
1.84487e-09	0.037406
1.84494e-09	0.0367647
1.84501e-09	0.0361236
1.84508e-09	0.0354827
1.84515e-09	0.0348421
1.84523e-09	0.0342018
1.8453e-09	0.0335618
1.84537e-09	0.032922
1.84544e-09	0.0322824
1.84551e-09	0.0316432
1.84558e-09	0.0310042
1.84565e-09	0.0303655
1.84572e-09	0.029727
1.84579e-09	0.0290888
1.84586e-09	0.0284509
1.84594e-09	0.0278133
1.84601e-09	0.0271759
1.84608e-09	0.0265388
1.84615e-09	0.025902
1.84622e-09	0.0252655
1.84629e-09	0.0246293
1.84636e-09	0.0239933
1.84643e-09	0.0233576
1.8465e-09	0.0227222
1.84657e-09	0.0220871
1.84664e-09	0.0214523
1.84672e-09	0.0208177
1.84679e-09	0.0201835
1.84686e-09	0.0195495
1.84693e-09	0.0189158
1.847e-09	0.0182824
1.84707e-09	0.0176493
1.84714e-09	0.0170165
1.84721e-09	0.016384
1.84728e-09	0.0157518
1.84735e-09	0.0151199
1.84742e-09	0.0144883
1.8475e-09	0.013857
1.84757e-09	0.013226
1.84764e-09	0.0125952
1.84771e-09	0.0119648
1.84778e-09	0.0113347
1.84785e-09	0.0107049
1.84792e-09	0.0100754
1.84799e-09	0.0094462
1.84806e-09	0.00881731
1.84813e-09	0.00818873
1.8482e-09	0.00756046
1.84828e-09	0.00693249
1.84835e-09	0.00630484
1.84842e-09	0.00567751
1.84849e-09	0.00505049
1.84856e-09	0.00442378
1.84863e-09	0.00379739
1.8487e-09	0.00317131
1.84877e-09	0.00254556
1.84884e-09	0.00192012
1.84891e-09	0.001295
1.84899e-09	0.000670207
1.84906e-09	4.57347e-05
1.84913e-09	-0.000578414
1.8492e-09	-0.00120224
1.84927e-09	-0.00182574
1.84934e-09	-0.00244891
1.84941e-09	-0.00307175
1.84948e-09	-0.00369427
1.84955e-09	-0.00431645
1.84962e-09	-0.0049383
1.84969e-09	-0.00555982
1.84977e-09	-0.00618101
1.84984e-09	-0.00680187
1.84991e-09	-0.00742238
1.84998e-09	-0.00804257
1.85005e-09	-0.00866241
1.85012e-09	-0.00928192
1.85019e-09	-0.00990108
1.85026e-09	-0.0105199
1.85033e-09	-0.0111384
1.8504e-09	-0.0117565
1.85047e-09	-0.0123743
1.85055e-09	-0.0129918
1.85062e-09	-0.0136089
1.85069e-09	-0.0142256
1.85076e-09	-0.0148421
1.85083e-09	-0.0154581
1.8509e-09	-0.0160738
1.85097e-09	-0.0166892
1.85104e-09	-0.0173042
1.85111e-09	-0.0179189
1.85118e-09	-0.0185332
1.85125e-09	-0.0191471
1.85133e-09	-0.0197607
1.8514e-09	-0.0203739
1.85147e-09	-0.0209868
1.85154e-09	-0.0215993
1.85161e-09	-0.0222115
1.85168e-09	-0.0228233
1.85175e-09	-0.0234347
1.85182e-09	-0.0240458
1.85189e-09	-0.0246565
1.85196e-09	-0.0252668
1.85203e-09	-0.0258768
1.85211e-09	-0.0264864
1.85218e-09	-0.0270956
1.85225e-09	-0.0277045
1.85232e-09	-0.028313
1.85239e-09	-0.0289211
1.85246e-09	-0.0295288
1.85253e-09	-0.0301362
1.8526e-09	-0.0307432
1.85267e-09	-0.0313498
1.85274e-09	-0.0319561
1.85282e-09	-0.032562
1.85289e-09	-0.0331675
1.85296e-09	-0.0337726
1.85303e-09	-0.0343773
1.8531e-09	-0.0349816
1.85317e-09	-0.0355856
1.85324e-09	-0.0361892
1.85331e-09	-0.0367924
1.85338e-09	-0.0373952
1.85345e-09	-0.0379976
1.85352e-09	-0.0385997
1.8536e-09	-0.0392013
1.85367e-09	-0.0398026
1.85374e-09	-0.0404035
1.85381e-09	-0.0410039
1.85388e-09	-0.041604
1.85395e-09	-0.0422037
1.85402e-09	-0.042803
1.85409e-09	-0.0434019
1.85416e-09	-0.0440004
1.85423e-09	-0.0445985
1.8543e-09	-0.0451962
1.85438e-09	-0.0457935
1.85445e-09	-0.0463904
1.85452e-09	-0.0469869
1.85459e-09	-0.047583
1.85466e-09	-0.0481787
1.85473e-09	-0.048774
1.8548e-09	-0.0493689
1.85487e-09	-0.0499634
1.85494e-09	-0.0505575
1.85501e-09	-0.0511511
1.85508e-09	-0.0517444
1.85516e-09	-0.0523372
1.85523e-09	-0.0529297
1.8553e-09	-0.0535217
1.85537e-09	-0.0541133
1.85544e-09	-0.0547045
1.85551e-09	-0.0552953
1.85558e-09	-0.0558857
1.85565e-09	-0.0564756
1.85572e-09	-0.0570651
1.85579e-09	-0.0576542
1.85587e-09	-0.0582429
1.85594e-09	-0.0588312
1.85601e-09	-0.0594191
1.85608e-09	-0.0600065
1.85615e-09	-0.0605935
1.85622e-09	-0.0611801
1.85629e-09	-0.0617662
1.85636e-09	-0.0623519
1.85643e-09	-0.0629372
1.8565e-09	-0.0635221
1.85657e-09	-0.0641065
1.85665e-09	-0.0646906
1.85672e-09	-0.0652741
1.85679e-09	-0.0658573
1.85686e-09	-0.06644
1.85693e-09	-0.0670223
1.857e-09	-0.0676041
1.85707e-09	-0.0681855
1.85714e-09	-0.0687665
1.85721e-09	-0.069347
1.85728e-09	-0.0699271
1.85735e-09	-0.0705068
1.85743e-09	-0.071086
1.8575e-09	-0.0716648
1.85757e-09	-0.0722431
1.85764e-09	-0.072821
1.85771e-09	-0.0733984
1.85778e-09	-0.0739754
1.85785e-09	-0.074552
1.85792e-09	-0.0751281
1.85799e-09	-0.0757037
1.85806e-09	-0.076279
1.85813e-09	-0.0768537
1.85821e-09	-0.077428
1.85828e-09	-0.0780019
1.85835e-09	-0.0785753
1.85842e-09	-0.0791482
1.85849e-09	-0.0797207
1.85856e-09	-0.0802928
1.85863e-09	-0.0808644
1.8587e-09	-0.0814355
1.85877e-09	-0.0820062
1.85884e-09	-0.0825764
1.85891e-09	-0.0831461
1.85899e-09	-0.0837154
1.85906e-09	-0.0842843
1.85913e-09	-0.0848526
1.8592e-09	-0.0854205
1.85927e-09	-0.085988
1.85934e-09	-0.086555
1.85941e-09	-0.0871215
1.85948e-09	-0.0876875
1.85955e-09	-0.0882531
1.85962e-09	-0.0888182
1.8597e-09	-0.0893828
1.85977e-09	-0.089947
1.85984e-09	-0.0905107
1.85991e-09	-0.0910739
1.85998e-09	-0.0916367
1.86005e-09	-0.092199
1.86012e-09	-0.0927608
1.86019e-09	-0.0933221
1.86026e-09	-0.093883
1.86033e-09	-0.0944433
1.8604e-09	-0.0950032
1.86048e-09	-0.0955627
1.86055e-09	-0.0961216
1.86062e-09	-0.0966801
1.86069e-09	-0.097238
1.86076e-09	-0.0977955
1.86083e-09	-0.0983525
1.8609e-09	-0.0989091
1.86097e-09	-0.0994651
1.86104e-09	-0.100021
1.86111e-09	-0.100576
1.86118e-09	-0.10113
1.86126e-09	-0.101684
1.86133e-09	-0.102238
1.8614e-09	-0.102791
1.86147e-09	-0.103344
1.86154e-09	-0.103896
1.86161e-09	-0.104448
1.86168e-09	-0.104999
1.86175e-09	-0.105549
1.86182e-09	-0.1061
1.86189e-09	-0.106649
1.86196e-09	-0.107198
1.86204e-09	-0.107747
1.86211e-09	-0.108295
1.86218e-09	-0.108843
1.86225e-09	-0.10939
1.86232e-09	-0.109937
1.86239e-09	-0.110483
1.86246e-09	-0.111029
1.86253e-09	-0.111574
1.8626e-09	-0.112118
1.86267e-09	-0.112663
1.86275e-09	-0.113206
1.86282e-09	-0.113749
1.86289e-09	-0.114292
1.86296e-09	-0.114834
1.86303e-09	-0.115376
1.8631e-09	-0.115917
1.86317e-09	-0.116457
1.86324e-09	-0.116998
1.86331e-09	-0.117537
1.86338e-09	-0.118076
1.86345e-09	-0.118615
1.86353e-09	-0.119153
1.8636e-09	-0.11969
1.86367e-09	-0.120227
1.86374e-09	-0.120764
1.86381e-09	-0.1213
1.86388e-09	-0.121835
1.86395e-09	-0.12237
1.86402e-09	-0.122904
1.86409e-09	-0.123438
1.86416e-09	-0.123972
1.86423e-09	-0.124505
1.86431e-09	-0.125037
1.86438e-09	-0.125569
1.86445e-09	-0.1261
1.86452e-09	-0.126631
1.86459e-09	-0.127161
1.86466e-09	-0.127691
1.86473e-09	-0.12822
1.8648e-09	-0.128748
1.86487e-09	-0.129277
1.86494e-09	-0.129804
1.86501e-09	-0.130331
1.86509e-09	-0.130858
1.86516e-09	-0.131384
1.86523e-09	-0.131909
1.8653e-09	-0.132434
1.86537e-09	-0.132958
1.86544e-09	-0.133482
1.86551e-09	-0.134006
1.86558e-09	-0.134528
1.86565e-09	-0.135051
1.86572e-09	-0.135572
1.86579e-09	-0.136093
1.86587e-09	-0.136614
1.86594e-09	-0.137134
1.86601e-09	-0.137654
1.86608e-09	-0.138173
1.86615e-09	-0.138691
1.86622e-09	-0.139209
1.86629e-09	-0.139726
1.86636e-09	-0.140243
1.86643e-09	-0.140759
1.8665e-09	-0.141275
1.86658e-09	-0.14179
1.86665e-09	-0.142305
1.86672e-09	-0.142819
1.86679e-09	-0.143333
1.86686e-09	-0.143846
1.86693e-09	-0.144358
1.867e-09	-0.14487
1.86707e-09	-0.145381
1.86714e-09	-0.145892
1.86721e-09	-0.146402
1.86728e-09	-0.146912
1.86736e-09	-0.147421
1.86743e-09	-0.147929
1.8675e-09	-0.148437
1.86757e-09	-0.148945
1.86764e-09	-0.149452
1.86771e-09	-0.149958
1.86778e-09	-0.150464
1.86785e-09	-0.150969
1.86792e-09	-0.151474
1.86799e-09	-0.151978
1.86806e-09	-0.152481
1.86814e-09	-0.152984
1.86821e-09	-0.153487
1.86828e-09	-0.153988
1.86835e-09	-0.15449
1.86842e-09	-0.15499
1.86849e-09	-0.15549
1.86856e-09	-0.15599
1.86863e-09	-0.156489
1.8687e-09	-0.156987
1.86877e-09	-0.157485
1.86884e-09	-0.157982
1.86892e-09	-0.158479
1.86899e-09	-0.158975
1.86906e-09	-0.159471
1.86913e-09	-0.159966
1.8692e-09	-0.16046
1.86927e-09	-0.160954
1.86934e-09	-0.161447
1.86941e-09	-0.16194
1.86948e-09	-0.162432
1.86955e-09	-0.162924
1.86963e-09	-0.163415
1.8697e-09	-0.163905
1.86977e-09	-0.164395
1.86984e-09	-0.164884
1.86991e-09	-0.165373
1.86998e-09	-0.165861
1.87005e-09	-0.166348
1.87012e-09	-0.166835
1.87019e-09	-0.167321
1.87026e-09	-0.167807
1.87033e-09	-0.168292
1.87041e-09	-0.168777
1.87048e-09	-0.169261
1.87055e-09	-0.169744
1.87062e-09	-0.170227
1.87069e-09	-0.170709
1.87076e-09	-0.171191
1.87083e-09	-0.171672
1.8709e-09	-0.172152
1.87097e-09	-0.172632
1.87104e-09	-0.173111
1.87111e-09	-0.17359
1.87119e-09	-0.174068
1.87126e-09	-0.174546
1.87133e-09	-0.175022
1.8714e-09	-0.175499
1.87147e-09	-0.175974
1.87154e-09	-0.17645
1.87161e-09	-0.176924
1.87168e-09	-0.177398
1.87175e-09	-0.177871
1.87182e-09	-0.178344
1.87189e-09	-0.178816
1.87197e-09	-0.179288
1.87204e-09	-0.179759
1.87211e-09	-0.180229
1.87218e-09	-0.180699
1.87225e-09	-0.181168
1.87232e-09	-0.181636
1.87239e-09	-0.182104
1.87246e-09	-0.182572
1.87253e-09	-0.183038
1.8726e-09	-0.183504
1.87267e-09	-0.18397
1.87275e-09	-0.184435
1.87282e-09	-0.184899
1.87289e-09	-0.185363
1.87296e-09	-0.185826
1.87303e-09	-0.186288
1.8731e-09	-0.18675
1.87317e-09	-0.187211
1.87324e-09	-0.187672
1.87331e-09	-0.188132
1.87338e-09	-0.188591
1.87346e-09	-0.18905
1.87353e-09	-0.189508
1.8736e-09	-0.189966
1.87367e-09	-0.190423
1.87374e-09	-0.190879
1.87381e-09	-0.191335
1.87388e-09	-0.19179
1.87395e-09	-0.192245
1.87402e-09	-0.192699
1.87409e-09	-0.193152
1.87416e-09	-0.193605
1.87424e-09	-0.194057
1.87431e-09	-0.194508
1.87438e-09	-0.194959
1.87445e-09	-0.195409
1.87452e-09	-0.195859
1.87459e-09	-0.196308
1.87466e-09	-0.196756
1.87473e-09	-0.197204
1.8748e-09	-0.197651
1.87487e-09	-0.198097
1.87494e-09	-0.198543
1.87502e-09	-0.198988
1.87509e-09	-0.199433
1.87516e-09	-0.199877
1.87523e-09	-0.20032
1.8753e-09	-0.200763
1.87537e-09	-0.201205
1.87544e-09	-0.201646
1.87551e-09	-0.202087
1.87558e-09	-0.202527
1.87565e-09	-0.202967
1.87572e-09	-0.203406
1.8758e-09	-0.203844
1.87587e-09	-0.204282
1.87594e-09	-0.204719
1.87601e-09	-0.205155
1.87608e-09	-0.205591
1.87615e-09	-0.206026
1.87622e-09	-0.206461
1.87629e-09	-0.206894
1.87636e-09	-0.207328
1.87643e-09	-0.20776
1.87651e-09	-0.208192
1.87658e-09	-0.208624
1.87665e-09	-0.209054
1.87672e-09	-0.209484
1.87679e-09	-0.209914
1.87686e-09	-0.210343
1.87693e-09	-0.210771
1.877e-09	-0.211198
1.87707e-09	-0.211625
1.87714e-09	-0.212051
1.87721e-09	-0.212477
1.87729e-09	-0.212902
1.87736e-09	-0.213326
1.87743e-09	-0.21375
1.8775e-09	-0.214173
1.87757e-09	-0.214595
1.87764e-09	-0.215017
1.87771e-09	-0.215438
1.87778e-09	-0.215859
1.87785e-09	-0.216278
1.87792e-09	-0.216698
1.87799e-09	-0.217116
1.87807e-09	-0.217534
1.87814e-09	-0.217951
1.87821e-09	-0.218368
1.87828e-09	-0.218784
1.87835e-09	-0.219199
1.87842e-09	-0.219614
1.87849e-09	-0.220028
1.87856e-09	-0.220441
1.87863e-09	-0.220854
1.8787e-09	-0.221266
1.87877e-09	-0.221677
1.87885e-09	-0.222088
1.87892e-09	-0.222498
1.87899e-09	-0.222907
1.87906e-09	-0.223316
1.87913e-09	-0.223724
1.8792e-09	-0.224132
1.87927e-09	-0.224539
1.87934e-09	-0.224945
1.87941e-09	-0.22535
1.87948e-09	-0.225755
1.87955e-09	-0.226159
1.87963e-09	-0.226563
1.8797e-09	-0.226966
1.87977e-09	-0.227368
1.87984e-09	-0.227769
1.87991e-09	-0.22817
1.87998e-09	-0.228571
1.88005e-09	-0.22897
1.88012e-09	-0.229369
1.88019e-09	-0.229767
1.88026e-09	-0.230165
1.88034e-09	-0.230562
1.88041e-09	-0.230958
1.88048e-09	-0.231354
1.88055e-09	-0.231749
1.88062e-09	-0.232143
1.88069e-09	-0.232537
1.88076e-09	-0.23293
1.88083e-09	-0.233322
1.8809e-09	-0.233714
1.88097e-09	-0.234105
1.88104e-09	-0.234495
1.88112e-09	-0.234885
1.88119e-09	-0.235274
1.88126e-09	-0.235662
1.88133e-09	-0.236049
1.8814e-09	-0.236436
1.88147e-09	-0.236823
1.88154e-09	-0.237208
1.88161e-09	-0.237593
1.88168e-09	-0.237978
1.88175e-09	-0.238361
1.88182e-09	-0.238744
1.8819e-09	-0.239127
1.88197e-09	-0.239508
1.88204e-09	-0.239889
1.88211e-09	-0.24027
1.88218e-09	-0.240649
1.88225e-09	-0.241028
1.88232e-09	-0.241406
1.88239e-09	-0.241784
1.88246e-09	-0.242161
1.88253e-09	-0.242537
1.8826e-09	-0.242913
1.88268e-09	-0.243288
1.88275e-09	-0.243662
1.88282e-09	-0.244035
1.88289e-09	-0.244408
1.88296e-09	-0.24478
1.88303e-09	-0.245152
1.8831e-09	-0.245523
1.88317e-09	-0.245893
1.88324e-09	-0.246263
1.88331e-09	-0.246631
1.88339e-09	-0.247
1.88346e-09	-0.247367
1.88353e-09	-0.247734
1.8836e-09	-0.2481
1.88367e-09	-0.248465
1.88374e-09	-0.24883
1.88381e-09	-0.249194
1.88388e-09	-0.249557
1.88395e-09	-0.24992
1.88402e-09	-0.250282
1.88409e-09	-0.250644
1.88417e-09	-0.251004
1.88424e-09	-0.251364
1.88431e-09	-0.251723
1.88438e-09	-0.252082
1.88445e-09	-0.25244
1.88452e-09	-0.252797
1.88459e-09	-0.253154
1.88466e-09	-0.25351
1.88473e-09	-0.253865
1.8848e-09	-0.254219
1.88487e-09	-0.254573
1.88495e-09	-0.254926
1.88502e-09	-0.255279
1.88509e-09	-0.255631
1.88516e-09	-0.255982
1.88523e-09	-0.256332
1.8853e-09	-0.256682
1.88537e-09	-0.257031
1.88544e-09	-0.257379
1.88551e-09	-0.257727
1.88558e-09	-0.258074
1.88565e-09	-0.25842
1.88573e-09	-0.258766
1.8858e-09	-0.25911
1.88587e-09	-0.259455
1.88594e-09	-0.259798
1.88601e-09	-0.260141
1.88608e-09	-0.260483
1.88615e-09	-0.260825
1.88622e-09	-0.261165
1.88629e-09	-0.261505
1.88636e-09	-0.261845
1.88643e-09	-0.262183
1.88651e-09	-0.262521
1.88658e-09	-0.262859
1.88665e-09	-0.263195
1.88672e-09	-0.263531
1.88679e-09	-0.263866
1.88686e-09	-0.264201
1.88693e-09	-0.264535
1.887e-09	-0.264868
1.88707e-09	-0.2652
1.88714e-09	-0.265532
1.88722e-09	-0.265863
1.88729e-09	-0.266193
1.88736e-09	-0.266523
1.88743e-09	-0.266852
1.8875e-09	-0.26718
1.88757e-09	-0.267508
1.88764e-09	-0.267835
1.88771e-09	-0.268161
1.88778e-09	-0.268486
1.88785e-09	-0.268811
1.88792e-09	-0.269135
1.888e-09	-0.269459
1.88807e-09	-0.269781
1.88814e-09	-0.270103
1.88821e-09	-0.270424
1.88828e-09	-0.270745
1.88835e-09	-0.271065
1.88842e-09	-0.271384
1.88849e-09	-0.271703
1.88856e-09	-0.27202
1.88863e-09	-0.272337
1.8887e-09	-0.272654
1.88878e-09	-0.272969
1.88885e-09	-0.273284
1.88892e-09	-0.273599
1.88899e-09	-0.273912
1.88906e-09	-0.274225
1.88913e-09	-0.274537
1.8892e-09	-0.274849
1.88927e-09	-0.27516
1.88934e-09	-0.27547
1.88941e-09	-0.275779
1.88948e-09	-0.276088
1.88956e-09	-0.276396
1.88963e-09	-0.276703
1.8897e-09	-0.277009
1.88977e-09	-0.277315
1.88984e-09	-0.27762
1.88991e-09	-0.277925
1.88998e-09	-0.278229
1.89005e-09	-0.278532
1.89012e-09	-0.278834
1.89019e-09	-0.279136
1.89027e-09	-0.279436
1.89034e-09	-0.279737
1.89041e-09	-0.280036
1.89048e-09	-0.280335
1.89055e-09	-0.280633
1.89062e-09	-0.28093
1.89069e-09	-0.281227
1.89076e-09	-0.281523
1.89083e-09	-0.281818
1.8909e-09	-0.282113
1.89097e-09	-0.282407
1.89105e-09	-0.2827
1.89112e-09	-0.282992
1.89119e-09	-0.283284
1.89126e-09	-0.283575
1.89133e-09	-0.283865
1.8914e-09	-0.284155
1.89147e-09	-0.284444
1.89154e-09	-0.284732
1.89161e-09	-0.285019
1.89168e-09	-0.285306
1.89175e-09	-0.285592
1.89183e-09	-0.285878
1.8919e-09	-0.286162
1.89197e-09	-0.286446
1.89204e-09	-0.286729
1.89211e-09	-0.287012
1.89218e-09	-0.287294
1.89225e-09	-0.287575
1.89232e-09	-0.287855
1.89239e-09	-0.288135
1.89246e-09	-0.288414
1.89253e-09	-0.288692
1.89261e-09	-0.288969
1.89268e-09	-0.289246
1.89275e-09	-0.289522
1.89282e-09	-0.289798
1.89289e-09	-0.290072
1.89296e-09	-0.290346
1.89303e-09	-0.29062
1.8931e-09	-0.290892
1.89317e-09	-0.291164
1.89324e-09	-0.291435
1.89331e-09	-0.291705
1.89339e-09	-0.291975
1.89346e-09	-0.292244
1.89353e-09	-0.292512
1.8936e-09	-0.29278
1.89367e-09	-0.293047
1.89374e-09	-0.293313
1.89381e-09	-0.293578
1.89388e-09	-0.293843
1.89395e-09	-0.294107
1.89402e-09	-0.29437
1.8941e-09	-0.294633
1.89417e-09	-0.294894
1.89424e-09	-0.295156
1.89431e-09	-0.295416
1.89438e-09	-0.295676
1.89445e-09	-0.295935
1.89452e-09	-0.296193
1.89459e-09	-0.29645
1.89466e-09	-0.296707
1.89473e-09	-0.296963
1.8948e-09	-0.297219
1.89488e-09	-0.297473
1.89495e-09	-0.297727
1.89502e-09	-0.297981
1.89509e-09	-0.298233
1.89516e-09	-0.298485
1.89523e-09	-0.298736
1.8953e-09	-0.298986
1.89537e-09	-0.299236
1.89544e-09	-0.299485
1.89551e-09	-0.299733
1.89558e-09	-0.299981
1.89566e-09	-0.300228
1.89573e-09	-0.300474
1.8958e-09	-0.300719
1.89587e-09	-0.300964
1.89594e-09	-0.301208
1.89601e-09	-0.301451
1.89608e-09	-0.301693
1.89615e-09	-0.301935
1.89622e-09	-0.302176
1.89629e-09	-0.302416
1.89636e-09	-0.302656
1.89644e-09	-0.302895
1.89651e-09	-0.303133
1.89658e-09	-0.303371
1.89665e-09	-0.303607
1.89672e-09	-0.303843
1.89679e-09	-0.304079
1.89686e-09	-0.304313
1.89693e-09	-0.304547
1.897e-09	-0.30478
1.89707e-09	-0.305013
1.89715e-09	-0.305245
1.89722e-09	-0.305476
1.89729e-09	-0.305706
1.89736e-09	-0.305935
1.89743e-09	-0.306164
1.8975e-09	-0.306392
1.89757e-09	-0.30662
1.89764e-09	-0.306846
1.89771e-09	-0.307072
1.89778e-09	-0.307298
1.89785e-09	-0.307522
1.89793e-09	-0.307746
1.898e-09	-0.307969
1.89807e-09	-0.308192
1.89814e-09	-0.308413
1.89821e-09	-0.308634
1.89828e-09	-0.308854
1.89835e-09	-0.309074
1.89842e-09	-0.309293
1.89849e-09	-0.309511
1.89856e-09	-0.309728
1.89863e-09	-0.309945
1.89871e-09	-0.310161
1.89878e-09	-0.310376
1.89885e-09	-0.31059
1.89892e-09	-0.310804
1.89899e-09	-0.311017
1.89906e-09	-0.311229
1.89913e-09	-0.311441
1.8992e-09	-0.311652
1.89927e-09	-0.311862
1.89934e-09	-0.312071
1.89941e-09	-0.31228
1.89949e-09	-0.312488
1.89956e-09	-0.312695
1.89963e-09	-0.312902
1.8997e-09	-0.313108
1.89977e-09	-0.313313
1.89984e-09	-0.313517
1.89991e-09	-0.313721
1.89998e-09	-0.313924
1.90005e-09	-0.314126
1.90012e-09	-0.314328
1.9002e-09	-0.314528
1.90027e-09	-0.314729
1.90034e-09	-0.314928
1.90041e-09	-0.315127
1.90048e-09	-0.315325
1.90055e-09	-0.315522
1.90062e-09	-0.315718
1.90069e-09	-0.315914
1.90076e-09	-0.316109
1.90083e-09	-0.316303
1.9009e-09	-0.316497
1.90098e-09	-0.31669
1.90105e-09	-0.316882
1.90112e-09	-0.317073
1.90119e-09	-0.317264
1.90126e-09	-0.317454
1.90133e-09	-0.317643
1.9014e-09	-0.317832
1.90147e-09	-0.31802
1.90154e-09	-0.318207
1.90161e-09	-0.318393
1.90168e-09	-0.318579
1.90176e-09	-0.318764
1.90183e-09	-0.318948
1.9019e-09	-0.319132
1.90197e-09	-0.319315
1.90204e-09	-0.319497
1.90211e-09	-0.319678
1.90218e-09	-0.319859
1.90225e-09	-0.320039
1.90232e-09	-0.320218
1.90239e-09	-0.320397
1.90246e-09	-0.320574
1.90254e-09	-0.320751
1.90261e-09	-0.320928
1.90268e-09	-0.321103
1.90275e-09	-0.321278
1.90282e-09	-0.321453
1.90289e-09	-0.321626
1.90296e-09	-0.321799
1.90303e-09	-0.321971
1.9031e-09	-0.322142
1.90317e-09	-0.322313
1.90324e-09	-0.322483
1.90332e-09	-0.322652
1.90339e-09	-0.32282
1.90346e-09	-0.322988
1.90353e-09	-0.323155
1.9036e-09	-0.323321
1.90367e-09	-0.323487
1.90374e-09	-0.323652
1.90381e-09	-0.323816
1.90388e-09	-0.323979
1.90395e-09	-0.324142
1.90403e-09	-0.324304
1.9041e-09	-0.324465
1.90417e-09	-0.324626
1.90424e-09	-0.324786
1.90431e-09	-0.324945
1.90438e-09	-0.325103
1.90445e-09	-0.325261
1.90452e-09	-0.325418
1.90459e-09	-0.325574
1.90466e-09	-0.32573
1.90473e-09	-0.325885
1.90481e-09	-0.326039
1.90488e-09	-0.326192
1.90495e-09	-0.326345
1.90502e-09	-0.326497
1.90509e-09	-0.326648
1.90516e-09	-0.326799
1.90523e-09	-0.326949
1.9053e-09	-0.327098
1.90537e-09	-0.327246
1.90544e-09	-0.327394
1.90551e-09	-0.327541
1.90559e-09	-0.327687
1.90566e-09	-0.327833
1.90573e-09	-0.327977
1.9058e-09	-0.328121
1.90587e-09	-0.328265
1.90594e-09	-0.328408
1.90601e-09	-0.32855
1.90608e-09	-0.328691
1.90615e-09	-0.328831
1.90622e-09	-0.328971
1.90629e-09	-0.32911
1.90637e-09	-0.329249
1.90644e-09	-0.329386
1.90651e-09	-0.329523
1.90658e-09	-0.32966
1.90665e-09	-0.329795
1.90672e-09	-0.32993
1.90679e-09	-0.330064
1.90686e-09	-0.330197
1.90693e-09	-0.33033
1.907e-09	-0.330462
1.90708e-09	-0.330593
1.90715e-09	-0.330724
1.90722e-09	-0.330854
1.90729e-09	-0.330983
1.90736e-09	-0.331111
1.90743e-09	-0.331239
1.9075e-09	-0.331366
1.90757e-09	-0.331492
1.90764e-09	-0.331618
1.90771e-09	-0.331743
1.90778e-09	-0.331867
1.90786e-09	-0.331991
1.90793e-09	-0.332113
1.908e-09	-0.332235
1.90807e-09	-0.332357
1.90814e-09	-0.332477
1.90821e-09	-0.332597
1.90828e-09	-0.332716
1.90835e-09	-0.332835
1.90842e-09	-0.332953
1.90849e-09	-0.33307
1.90856e-09	-0.333186
1.90864e-09	-0.333302
1.90871e-09	-0.333417
1.90878e-09	-0.333531
1.90885e-09	-0.333644
1.90892e-09	-0.333757
1.90899e-09	-0.333869
1.90906e-09	-0.333981
1.90913e-09	-0.334092
1.9092e-09	-0.334202
1.90927e-09	-0.334311
1.90934e-09	-0.334419
1.90942e-09	-0.334527
1.90949e-09	-0.334634
1.90956e-09	-0.334741
1.90963e-09	-0.334847
1.9097e-09	-0.334952
1.90977e-09	-0.335056
1.90984e-09	-0.33516
1.90991e-09	-0.335263
1.90998e-09	-0.335365
1.91005e-09	-0.335466
1.91012e-09	-0.335567
1.9102e-09	-0.335667
1.91027e-09	-0.335767
1.91034e-09	-0.335866
1.91041e-09	-0.335964
1.91048e-09	-0.336061
1.91055e-09	-0.336157
1.91062e-09	-0.336253
1.91069e-09	-0.336349
1.91076e-09	-0.336443
1.91083e-09	-0.336537
1.91091e-09	-0.33663
1.91098e-09	-0.336722
1.91105e-09	-0.336814
1.91112e-09	-0.336905
1.91119e-09	-0.336995
1.91126e-09	-0.337085
1.91133e-09	-0.337174
1.9114e-09	-0.337262
1.91147e-09	-0.337349
1.91154e-09	-0.337436
1.91161e-09	-0.337522
1.91169e-09	-0.337608
1.91176e-09	-0.337692
1.91183e-09	-0.337776
1.9119e-09	-0.33786
1.91197e-09	-0.337942
1.91204e-09	-0.338024
1.91211e-09	-0.338105
1.91218e-09	-0.338186
1.91225e-09	-0.338266
1.91232e-09	-0.338345
1.91239e-09	-0.338423
1.91247e-09	-0.338501
1.91254e-09	-0.338578
1.91261e-09	-0.338654
1.91268e-09	-0.33873
1.91275e-09	-0.338805
1.91282e-09	-0.338879
1.91289e-09	-0.338953
1.91296e-09	-0.339025
1.91303e-09	-0.339098
1.9131e-09	-0.339169
1.91317e-09	-0.33924
1.91325e-09	-0.33931
1.91332e-09	-0.339379
1.91339e-09	-0.339448
1.91346e-09	-0.339516
1.91353e-09	-0.339583
1.9136e-09	-0.33965
1.91367e-09	-0.339716
1.91374e-09	-0.339781
1.91381e-09	-0.339845
1.91388e-09	-0.339909
1.91396e-09	-0.339972
1.91403e-09	-0.340035
1.9141e-09	-0.340097
1.91417e-09	-0.340158
1.91424e-09	-0.340218
1.91431e-09	-0.340278
1.91438e-09	-0.340337
1.91445e-09	-0.340395
1.91452e-09	-0.340453
1.91459e-09	-0.34051
1.91466e-09	-0.340566
1.91474e-09	-0.340621
1.91481e-09	-0.340676
1.91488e-09	-0.34073
1.91495e-09	-0.340784
1.91502e-09	-0.340837
1.91509e-09	-0.340889
1.91516e-09	-0.34094
1.91523e-09	-0.340991
1.9153e-09	-0.341041
1.91537e-09	-0.34109
1.91544e-09	-0.341139
1.91552e-09	-0.341187
1.91559e-09	-0.341235
1.91566e-09	-0.341281
1.91573e-09	-0.341327
1.9158e-09	-0.341372
1.91587e-09	-0.341417
1.91594e-09	-0.341461
1.91601e-09	-0.341504
1.91608e-09	-0.341547
1.91615e-09	-0.341588
1.91622e-09	-0.34163
1.9163e-09	-0.34167
1.91637e-09	-0.34171
1.91644e-09	-0.341749
1.91651e-09	-0.341788
1.91658e-09	-0.341825
1.91665e-09	-0.341862
1.91672e-09	-0.341899
1.91679e-09	-0.341935
1.91686e-09	-0.34197
1.91693e-09	-0.342004
1.917e-09	-0.342038
1.91708e-09	-0.342071
1.91715e-09	-0.342103
1.91722e-09	-0.342135
1.91729e-09	-0.342166
1.91736e-09	-0.342196
1.91743e-09	-0.342226
1.9175e-09	-0.342255
1.91757e-09	-0.342283
1.91764e-09	-0.342311
1.91771e-09	-0.342338
1.91779e-09	-0.342364
1.91786e-09	-0.342389
1.91793e-09	-0.342414
1.918e-09	-0.342439
1.91807e-09	-0.342462
1.91814e-09	-0.342485
1.91821e-09	-0.342507
1.91828e-09	-0.342529
1.91835e-09	-0.34255
1.91842e-09	-0.34257
1.91849e-09	-0.342589
1.91857e-09	-0.342608
1.91864e-09	-0.342627
1.91871e-09	-0.342644
1.91878e-09	-0.342661
1.91885e-09	-0.342677
1.91892e-09	-0.342693
1.91899e-09	-0.342708
1.91906e-09	-0.342722
1.91913e-09	-0.342735
1.9192e-09	-0.342748
1.91927e-09	-0.34276
1.91935e-09	-0.342772
1.91942e-09	-0.342783
1.91949e-09	-0.342793
1.91956e-09	-0.342802
1.91963e-09	-0.342811
1.9197e-09	-0.342819
1.91977e-09	-0.342827
1.91984e-09	-0.342834
1.91991e-09	-0.34284
1.91998e-09	-0.342846
1.92005e-09	-0.34285
1.92013e-09	-0.342855
1.9202e-09	-0.342858
1.92027e-09	-0.342861
1.92034e-09	-0.342863
1.92041e-09	-0.342865
1.92048e-09	-0.342866
1.92055e-09	-0.342866
1.92062e-09	-0.342866
1.92069e-09	-0.342865
1.92076e-09	-0.342863
1.92084e-09	-0.34286
1.92091e-09	-0.342857
1.92098e-09	-0.342854
1.92105e-09	-0.342849
1.92112e-09	-0.342844
1.92119e-09	-0.342839
1.92126e-09	-0.342832
1.92133e-09	-0.342825
1.9214e-09	-0.342818
1.92147e-09	-0.342809
1.92154e-09	-0.3428
1.92162e-09	-0.342791
1.92169e-09	-0.342781
1.92176e-09	-0.34277
1.92183e-09	-0.342758
1.9219e-09	-0.342746
1.92197e-09	-0.342733
1.92204e-09	-0.34272
1.92211e-09	-0.342705
1.92218e-09	-0.342691
1.92225e-09	-0.342675
1.92232e-09	-0.342659
1.9224e-09	-0.342642
1.92247e-09	-0.342625
1.92254e-09	-0.342607
1.92261e-09	-0.342588
1.92268e-09	-0.342569
1.92275e-09	-0.342549
1.92282e-09	-0.342528
1.92289e-09	-0.342507
1.92296e-09	-0.342485
1.92303e-09	-0.342462
1.9231e-09	-0.342439
1.92318e-09	-0.342415
1.92325e-09	-0.34239
1.92332e-09	-0.342365
1.92339e-09	-0.342339
1.92346e-09	-0.342313
1.92353e-09	-0.342286
1.9236e-09	-0.342258
1.92367e-09	-0.34223
1.92374e-09	-0.342201
1.92381e-09	-0.342171
1.92388e-09	-0.342141
1.92396e-09	-0.34211
1.92403e-09	-0.342078
1.9241e-09	-0.342046
1.92417e-09	-0.342013
1.92424e-09	-0.34198
1.92431e-09	-0.341945
1.92438e-09	-0.341911
1.92445e-09	-0.341875
1.92452e-09	-0.341839
1.92459e-09	-0.341803
1.92467e-09	-0.341765
1.92474e-09	-0.341727
1.92481e-09	-0.341689
1.92488e-09	-0.341649
1.92495e-09	-0.34161
1.92502e-09	-0.341569
1.92509e-09	-0.341528
1.92516e-09	-0.341486
1.92523e-09	-0.341444
1.9253e-09	-0.341401
1.92537e-09	-0.341357
1.92545e-09	-0.341313
1.92552e-09	-0.341268
1.92559e-09	-0.341222
1.92566e-09	-0.341176
1.92573e-09	-0.341129
1.9258e-09	-0.341082
1.92587e-09	-0.341034
1.92594e-09	-0.340985
1.92601e-09	-0.340936
1.92608e-09	-0.340886
1.92615e-09	-0.340835
1.92623e-09	-0.340784
1.9263e-09	-0.340732
1.92637e-09	-0.34068
1.92644e-09	-0.340627
1.92651e-09	-0.340573
1.92658e-09	-0.340519
1.92665e-09	-0.340464
1.92672e-09	-0.340408
1.92679e-09	-0.340352
1.92686e-09	-0.340296
1.92693e-09	-0.340238
1.92701e-09	-0.34018
1.92708e-09	-0.340121
1.92715e-09	-0.340062
1.92722e-09	-0.340002
1.92729e-09	-0.339942
1.92736e-09	-0.339881
1.92743e-09	-0.339819
1.9275e-09	-0.339757
1.92757e-09	-0.339694
1.92764e-09	-0.33963
1.92772e-09	-0.339566
1.92779e-09	-0.339501
1.92786e-09	-0.339436
1.92793e-09	-0.339369
1.928e-09	-0.339303
1.92807e-09	-0.339236
1.92814e-09	-0.339168
1.92821e-09	-0.339099
1.92828e-09	-0.33903
1.92835e-09	-0.33896
1.92842e-09	-0.33889
1.9285e-09	-0.338819
1.92857e-09	-0.338748
1.92864e-09	-0.338675
1.92871e-09	-0.338603
1.92878e-09	-0.338529
1.92885e-09	-0.338455
1.92892e-09	-0.338381
1.92899e-09	-0.338306
1.92906e-09	-0.33823
1.92913e-09	-0.338153
1.9292e-09	-0.338076
1.92928e-09	-0.337999
1.92935e-09	-0.337921
1.92942e-09	-0.337842
1.92949e-09	-0.337762
1.92956e-09	-0.337682
1.92963e-09	-0.337602
1.9297e-09	-0.33752
1.92977e-09	-0.337439
1.92984e-09	-0.337356
1.92991e-09	-0.337273
1.92998e-09	-0.33719
1.93006e-09	-0.337105
1.93013e-09	-0.337021
1.9302e-09	-0.336935
1.93027e-09	-0.336849
1.93034e-09	-0.336763
1.93041e-09	-0.336675
1.93048e-09	-0.336588
1.93055e-09	-0.336499
1.93062e-09	-0.33641
1.93069e-09	-0.336321
1.93076e-09	-0.336231
1.93084e-09	-0.33614
1.93091e-09	-0.336048
1.93098e-09	-0.335957
1.93105e-09	-0.335864
1.93112e-09	-0.335771
1.93119e-09	-0.335677
1.93126e-09	-0.335583
1.93133e-09	-0.335488
1.9314e-09	-0.335393
1.93147e-09	-0.335296
1.93155e-09	-0.3352
1.93162e-09	-0.335103
1.93169e-09	-0.335005
1.93176e-09	-0.334906
1.93183e-09	-0.334807
1.9319e-09	-0.334708
1.93197e-09	-0.334608
1.93204e-09	-0.334507
1.93211e-09	-0.334406
1.93218e-09	-0.334304
1.93225e-09	-0.334201
1.93233e-09	-0.334098
1.9324e-09	-0.333995
1.93247e-09	-0.33389
1.93254e-09	-0.333786
1.93261e-09	-0.33368
1.93268e-09	-0.333574
1.93275e-09	-0.333468
1.93282e-09	-0.333361
1.93289e-09	-0.333253
1.93296e-09	-0.333145
1.93303e-09	-0.333036
1.93311e-09	-0.332926
1.93318e-09	-0.332816
1.93325e-09	-0.332706
1.93332e-09	-0.332595
1.93339e-09	-0.332483
1.93346e-09	-0.332371
1.93353e-09	-0.332258
1.9336e-09	-0.332144
1.93367e-09	-0.332031
1.93374e-09	-0.331916
1.93381e-09	-0.331801
1.93389e-09	-0.331685
1.93396e-09	-0.331569
1.93403e-09	-0.331452
1.9341e-09	-0.331335
1.93417e-09	-0.331217
1.93424e-09	-0.331098
1.93431e-09	-0.330979
1.93438e-09	-0.330859
1.93445e-09	-0.330739
1.93452e-09	-0.330618
1.9346e-09	-0.330497
1.93467e-09	-0.330375
1.93474e-09	-0.330253
1.93481e-09	-0.33013
1.93488e-09	-0.330006
1.93495e-09	-0.329882
1.93502e-09	-0.329757
1.93509e-09	-0.329632
1.93516e-09	-0.329506
1.93523e-09	-0.32938
1.9353e-09	-0.329253
1.93538e-09	-0.329126
1.93545e-09	-0.328997
1.93552e-09	-0.328869
1.93559e-09	-0.32874
1.93566e-09	-0.32861
1.93573e-09	-0.32848
1.9358e-09	-0.328349
1.93587e-09	-0.328218
1.93594e-09	-0.328086
1.93601e-09	-0.327953
1.93608e-09	-0.32782
1.93616e-09	-0.327687
1.93623e-09	-0.327553
1.9363e-09	-0.327418
1.93637e-09	-0.327283
1.93644e-09	-0.327147
1.93651e-09	-0.327011
1.93658e-09	-0.326874
1.93665e-09	-0.326737
1.93672e-09	-0.326599
1.93679e-09	-0.32646
1.93686e-09	-0.326321
1.93694e-09	-0.326182
1.93701e-09	-0.326041
1.93708e-09	-0.325901
1.93715e-09	-0.32576
1.93722e-09	-0.325618
1.93729e-09	-0.325476
1.93736e-09	-0.325333
1.93743e-09	-0.32519
1.9375e-09	-0.325046
1.93757e-09	-0.324901
1.93764e-09	-0.324756
1.93772e-09	-0.324611
1.93779e-09	-0.324465
1.93786e-09	-0.324318
1.93793e-09	-0.324171
1.938e-09	-0.324024
1.93807e-09	-0.323875
1.93814e-09	-0.323727
1.93821e-09	-0.323578
1.93828e-09	-0.323428
1.93835e-09	-0.323278
1.93843e-09	-0.323127
1.9385e-09	-0.322975
1.93857e-09	-0.322823
1.93864e-09	-0.322671
1.93871e-09	-0.322518
1.93878e-09	-0.322365
1.93885e-09	-0.322211
1.93892e-09	-0.322056
1.93899e-09	-0.321901
1.93906e-09	-0.321746
1.93913e-09	-0.32159
1.93921e-09	-0.321433
1.93928e-09	-0.321276
1.93935e-09	-0.321118
1.93942e-09	-0.32096
1.93949e-09	-0.320802
1.93956e-09	-0.320642
1.93963e-09	-0.320483
1.9397e-09	-0.320322
1.93977e-09	-0.320162
1.93984e-09	-0.32
1.93991e-09	-0.319839
1.93999e-09	-0.319676
1.94006e-09	-0.319514
1.94013e-09	-0.31935
1.9402e-09	-0.319186
1.94027e-09	-0.319022
1.94034e-09	-0.318857
1.94041e-09	-0.318692
1.94048e-09	-0.318526
1.94055e-09	-0.31836
1.94062e-09	-0.318193
1.94069e-09	-0.318025
1.94077e-09	-0.317857
1.94084e-09	-0.317689
1.94091e-09	-0.31752
1.94098e-09	-0.317351
1.94105e-09	-0.317181
1.94112e-09	-0.31701
1.94119e-09	-0.316839
1.94126e-09	-0.316668
1.94133e-09	-0.316496
1.9414e-09	-0.316323
1.94148e-09	-0.31615
1.94155e-09	-0.315977
1.94162e-09	-0.315803
1.94169e-09	-0.315629
1.94176e-09	-0.315454
1.94183e-09	-0.315278
1.9419e-09	-0.315102
1.94197e-09	-0.314926
1.94204e-09	-0.314749
1.94211e-09	-0.314571
1.94218e-09	-0.314393
1.94226e-09	-0.314215
1.94233e-09	-0.314036
1.9424e-09	-0.313857
1.94247e-09	-0.313677
1.94254e-09	-0.313496
1.94261e-09	-0.313315
1.94268e-09	-0.313134
1.94275e-09	-0.312952
1.94282e-09	-0.31277
1.94289e-09	-0.312587
1.94296e-09	-0.312404
1.94304e-09	-0.31222
1.94311e-09	-0.312035
1.94318e-09	-0.311851
1.94325e-09	-0.311665
1.94332e-09	-0.31148
1.94339e-09	-0.311293
1.94346e-09	-0.311107
1.94353e-09	-0.310919
1.9436e-09	-0.310732
1.94367e-09	-0.310543
1.94374e-09	-0.310355
1.94382e-09	-0.310166
1.94389e-09	-0.309976
1.94396e-09	-0.309786
1.94403e-09	-0.309595
1.9441e-09	-0.309404
1.94417e-09	-0.309213
1.94424e-09	-0.309021
1.94431e-09	-0.308828
1.94438e-09	-0.308635
1.94445e-09	-0.308442
1.94452e-09	-0.308248
1.9446e-09	-0.308054
1.94467e-09	-0.307859
1.94474e-09	-0.307663
1.94481e-09	-0.307468
1.94488e-09	-0.307271
1.94495e-09	-0.307075
1.94502e-09	-0.306877
1.94509e-09	-0.30668
1.94516e-09	-0.306482
1.94523e-09	-0.306283
1.94531e-09	-0.306084
1.94538e-09	-0.305884
1.94545e-09	-0.305684
1.94552e-09	-0.305484
1.94559e-09	-0.305283
1.94566e-09	-0.305082
1.94573e-09	-0.30488
1.9458e-09	-0.304678
1.94587e-09	-0.304475
1.94594e-09	-0.304272
1.94601e-09	-0.304068
1.94609e-09	-0.303864
1.94616e-09	-0.303659
1.94623e-09	-0.303454
1.9463e-09	-0.303249
1.94637e-09	-0.303043
1.94644e-09	-0.302836
1.94651e-09	-0.302629
1.94658e-09	-0.302422
1.94665e-09	-0.302214
1.94672e-09	-0.302006
1.94679e-09	-0.301798
1.94687e-09	-0.301588
1.94694e-09	-0.301379
1.94701e-09	-0.301169
1.94708e-09	-0.300958
1.94715e-09	-0.300747
1.94722e-09	-0.300536
1.94729e-09	-0.300324
1.94736e-09	-0.300112
1.94743e-09	-0.299899
1.9475e-09	-0.299686
1.94757e-09	-0.299473
1.94765e-09	-0.299259
1.94772e-09	-0.299044
1.94779e-09	-0.298829
1.94786e-09	-0.298614
1.94793e-09	-0.298398
1.948e-09	-0.298182
1.94807e-09	-0.297965
1.94814e-09	-0.297748
1.94821e-09	-0.297531
1.94828e-09	-0.297313
1.94836e-09	-0.297094
1.94843e-09	-0.296875
1.9485e-09	-0.296656
1.94857e-09	-0.296436
1.94864e-09	-0.296216
1.94871e-09	-0.295996
1.94878e-09	-0.295775
1.94885e-09	-0.295553
1.94892e-09	-0.295331
1.94899e-09	-0.295109
1.94906e-09	-0.294886
1.94914e-09	-0.294663
1.94921e-09	-0.29444
1.94928e-09	-0.294216
1.94935e-09	-0.293991
1.94942e-09	-0.293766
1.94949e-09	-0.293541
1.94956e-09	-0.293315
1.94963e-09	-0.293089
1.9497e-09	-0.292863
1.94977e-09	-0.292636
1.94984e-09	-0.292408
1.94992e-09	-0.292181
1.94999e-09	-0.291952
1.95006e-09	-0.291724
1.95013e-09	-0.291495
1.9502e-09	-0.291265
1.95027e-09	-0.291035
1.95034e-09	-0.290805
1.95041e-09	-0.290574
1.95048e-09	-0.290343
1.95055e-09	-0.290112
1.95062e-09	-0.28988
1.9507e-09	-0.289647
1.95077e-09	-0.289415
1.95084e-09	-0.289181
1.95091e-09	-0.288948
1.95098e-09	-0.288714
1.95105e-09	-0.288479
1.95112e-09	-0.288245
1.95119e-09	-0.288009
1.95126e-09	-0.287774
1.95133e-09	-0.287538
1.9514e-09	-0.287301
1.95148e-09	-0.287064
1.95155e-09	-0.286827
1.95162e-09	-0.28659
1.95169e-09	-0.286352
1.95176e-09	-0.286113
1.95183e-09	-0.285874
1.9519e-09	-0.285635
1.95197e-09	-0.285395
1.95204e-09	-0.285155
1.95211e-09	-0.284915
1.95219e-09	-0.284674
1.95226e-09	-0.284433
1.95233e-09	-0.284191
1.9524e-09	-0.283949
1.95247e-09	-0.283707
1.95254e-09	-0.283464
1.95261e-09	-0.283221
1.95268e-09	-0.282977
1.95275e-09	-0.282733
1.95282e-09	-0.282489
1.95289e-09	-0.282244
1.95297e-09	-0.281999
1.95304e-09	-0.281753
1.95311e-09	-0.281508
1.95318e-09	-0.281261
1.95325e-09	-0.281015
1.95332e-09	-0.280767
1.95339e-09	-0.28052
1.95346e-09	-0.280272
1.95353e-09	-0.280024
1.9536e-09	-0.279775
1.95367e-09	-0.279526
1.95375e-09	-0.279277
1.95382e-09	-0.279027
1.95389e-09	-0.278777
1.95396e-09	-0.278527
1.95403e-09	-0.278276
1.9541e-09	-0.278025
1.95417e-09	-0.277773
1.95424e-09	-0.277521
1.95431e-09	-0.277269
1.95438e-09	-0.277016
1.95445e-09	-0.276763
1.95453e-09	-0.276509
1.9546e-09	-0.276255
1.95467e-09	-0.276001
1.95474e-09	-0.275747
1.95481e-09	-0.275492
1.95488e-09	-0.275236
1.95495e-09	-0.274981
1.95502e-09	-0.274725
1.95509e-09	-0.274468
1.95516e-09	-0.274211
1.95524e-09	-0.273954
1.95531e-09	-0.273697
1.95538e-09	-0.273439
1.95545e-09	-0.27318
1.95552e-09	-0.272922
1.95559e-09	-0.272663
1.95566e-09	-0.272404
1.95573e-09	-0.272144
1.9558e-09	-0.271884
1.95587e-09	-0.271623
1.95594e-09	-0.271363
1.95602e-09	-0.271102
1.95609e-09	-0.27084
1.95616e-09	-0.270578
1.95623e-09	-0.270316
1.9563e-09	-0.270054
1.95637e-09	-0.269791
1.95644e-09	-0.269527
1.95651e-09	-0.269264
1.95658e-09	-0.269
1.95665e-09	-0.268736
1.95672e-09	-0.268471
1.9568e-09	-0.268206
1.95687e-09	-0.267941
1.95694e-09	-0.267675
1.95701e-09	-0.267409
1.95708e-09	-0.267143
1.95715e-09	-0.266876
1.95722e-09	-0.266609
1.95729e-09	-0.266341
1.95736e-09	-0.266074
1.95743e-09	-0.265806
1.9575e-09	-0.265537
1.95758e-09	-0.265269
1.95765e-09	-0.264999
1.95772e-09	-0.26473
1.95779e-09	-0.26446
1.95786e-09	-0.26419
1.95793e-09	-0.26392
1.958e-09	-0.263649
1.95807e-09	-0.263378
1.95814e-09	-0.263106
1.95821e-09	-0.262835
1.95828e-09	-0.262562
1.95836e-09	-0.26229
1.95843e-09	-0.262017
1.9585e-09	-0.261744
1.95857e-09	-0.261471
1.95864e-09	-0.261197
1.95871e-09	-0.260923
1.95878e-09	-0.260649
1.95885e-09	-0.260374
1.95892e-09	-0.260099
1.95899e-09	-0.259823
1.95907e-09	-0.259548
1.95914e-09	-0.259272
1.95921e-09	-0.258995
1.95928e-09	-0.258719
1.95935e-09	-0.258442
1.95942e-09	-0.258164
1.95949e-09	-0.257887
1.95956e-09	-0.257609
1.95963e-09	-0.257331
1.9597e-09	-0.257052
1.95977e-09	-0.256773
1.95985e-09	-0.256494
1.95992e-09	-0.256214
1.95999e-09	-0.255935
1.96006e-09	-0.255654
1.96013e-09	-0.255374
1.9602e-09	-0.255093
1.96027e-09	-0.254812
1.96034e-09	-0.254531
1.96041e-09	-0.254249
1.96048e-09	-0.253967
1.96055e-09	-0.253685
1.96063e-09	-0.253402
1.9607e-09	-0.253119
1.96077e-09	-0.252836
1.96084e-09	-0.252552
1.96091e-09	-0.252269
1.96098e-09	-0.251984
1.96105e-09	-0.2517
1.96112e-09	-0.251415
1.96119e-09	-0.25113
1.96126e-09	-0.250845
1.96133e-09	-0.250559
1.96141e-09	-0.250273
1.96148e-09	-0.249987
1.96155e-09	-0.249701
1.96162e-09	-0.249414
1.96169e-09	-0.249127
1.96176e-09	-0.248839
1.96183e-09	-0.248551
1.9619e-09	-0.248263
1.96197e-09	-0.247975
1.96204e-09	-0.247687
1.96212e-09	-0.247398
1.96219e-09	-0.247109
1.96226e-09	-0.246819
1.96233e-09	-0.246529
1.9624e-09	-0.246239
1.96247e-09	-0.245949
1.96254e-09	-0.245658
1.96261e-09	-0.245368
1.96268e-09	-0.245076
1.96275e-09	-0.244785
1.96282e-09	-0.244493
1.9629e-09	-0.244201
1.96297e-09	-0.243909
1.96304e-09	-0.243616
1.96311e-09	-0.243323
1.96318e-09	-0.24303
1.96325e-09	-0.242737
1.96332e-09	-0.242443
1.96339e-09	-0.242149
1.96346e-09	-0.241855
1.96353e-09	-0.24156
1.9636e-09	-0.241266
1.96368e-09	-0.240971
1.96375e-09	-0.240675
1.96382e-09	-0.24038
1.96389e-09	-0.240084
1.96396e-09	-0.239788
1.96403e-09	-0.239491
1.9641e-09	-0.239195
1.96417e-09	-0.238898
1.96424e-09	-0.2386
1.96431e-09	-0.238303
1.96438e-09	-0.238005
1.96446e-09	-0.237707
1.96453e-09	-0.237409
1.9646e-09	-0.23711
1.96467e-09	-0.236811
1.96474e-09	-0.236512
1.96481e-09	-0.236213
1.96488e-09	-0.235913
1.96495e-09	-0.235614
1.96502e-09	-0.235313
1.96509e-09	-0.235013
1.96516e-09	-0.234712
1.96524e-09	-0.234412
1.96531e-09	-0.23411
1.96538e-09	-0.233809
1.96545e-09	-0.233507
1.96552e-09	-0.233206
1.96559e-09	-0.232903
1.96566e-09	-0.232601
1.96573e-09	-0.232298
1.9658e-09	-0.231995
1.96587e-09	-0.231692
1.96595e-09	-0.231389
1.96602e-09	-0.231085
1.96609e-09	-0.230781
1.96616e-09	-0.230477
1.96623e-09	-0.230173
1.9663e-09	-0.229868
1.96637e-09	-0.229563
1.96644e-09	-0.229258
1.96651e-09	-0.228953
1.96658e-09	-0.228647
1.96665e-09	-0.228341
1.96673e-09	-0.228035
1.9668e-09	-0.227729
1.96687e-09	-0.227422
1.96694e-09	-0.227116
1.96701e-09	-0.226809
1.96708e-09	-0.226501
1.96715e-09	-0.226194
1.96722e-09	-0.225886
1.96729e-09	-0.225578
1.96736e-09	-0.22527
1.96743e-09	-0.224961
1.96751e-09	-0.224653
1.96758e-09	-0.224344
1.96765e-09	-0.224035
1.96772e-09	-0.223725
1.96779e-09	-0.223416
1.96786e-09	-0.223106
1.96793e-09	-0.222796
1.968e-09	-0.222486
1.96807e-09	-0.222175
1.96814e-09	-0.221864
1.96821e-09	-0.221553
1.96829e-09	-0.221242
1.96836e-09	-0.220931
1.96843e-09	-0.220619
1.9685e-09	-0.220307
1.96857e-09	-0.219995
1.96864e-09	-0.219683
1.96871e-09	-0.219371
1.96878e-09	-0.219058
1.96885e-09	-0.218745
1.96892e-09	-0.218432
1.969e-09	-0.218118
1.96907e-09	-0.217805
1.96914e-09	-0.217491
1.96921e-09	-0.217177
1.96928e-09	-0.216863
1.96935e-09	-0.216548
1.96942e-09	-0.216234
1.96949e-09	-0.215919
1.96956e-09	-0.215604
1.96963e-09	-0.215289
1.9697e-09	-0.214973
1.96978e-09	-0.214658
1.96985e-09	-0.214342
1.96992e-09	-0.214026
1.96999e-09	-0.213709
1.97006e-09	-0.213393
1.97013e-09	-0.213076
1.9702e-09	-0.212759
1.97027e-09	-0.212442
1.97034e-09	-0.212125
1.97041e-09	-0.211807
1.97048e-09	-0.21149
1.97056e-09	-0.211172
1.97063e-09	-0.210854
1.9707e-09	-0.210535
1.97077e-09	-0.210217
1.97084e-09	-0.209898
1.97091e-09	-0.209579
1.97098e-09	-0.20926
1.97105e-09	-0.208941
1.97112e-09	-0.208621
1.97119e-09	-0.208302
1.97126e-09	-0.207982
1.97134e-09	-0.207662
1.97141e-09	-0.207342
1.97148e-09	-0.207021
1.97155e-09	-0.206701
1.97162e-09	-0.20638
1.97169e-09	-0.206059
1.97176e-09	-0.205738
1.97183e-09	-0.205417
1.9719e-09	-0.205095
1.97197e-09	-0.204773
1.97205e-09	-0.204451
1.97212e-09	-0.204129
1.97219e-09	-0.203807
1.97226e-09	-0.203485
1.97233e-09	-0.203162
1.9724e-09	-0.202839
1.97247e-09	-0.202516
1.97254e-09	-0.202193
1.97261e-09	-0.20187
1.97268e-09	-0.201546
1.97275e-09	-0.201223
1.97283e-09	-0.200899
1.9729e-09	-0.200575
1.97297e-09	-0.200251
1.97304e-09	-0.199926
1.97311e-09	-0.199602
1.97318e-09	-0.199277
1.97325e-09	-0.198952
1.97332e-09	-0.198627
1.97339e-09	-0.198302
1.97346e-09	-0.197977
1.97353e-09	-0.197651
1.97361e-09	-0.197326
1.97368e-09	-0.197
1.97375e-09	-0.196674
1.97382e-09	-0.196347
1.97389e-09	-0.196021
1.97396e-09	-0.195695
1.97403e-09	-0.195368
1.9741e-09	-0.195041
1.97417e-09	-0.194714
1.97424e-09	-0.194387
1.97431e-09	-0.19406
1.97439e-09	-0.193732
1.97446e-09	-0.193405
1.97453e-09	-0.193077
1.9746e-09	-0.192749
1.97467e-09	-0.192421
1.97474e-09	-0.192093
1.97481e-09	-0.191764
1.97488e-09	-0.191436
1.97495e-09	-0.191107
1.97502e-09	-0.190778
1.97509e-09	-0.190449
1.97517e-09	-0.19012
1.97524e-09	-0.189791
1.97531e-09	-0.189461
1.97538e-09	-0.189132
1.97545e-09	-0.188802
1.97552e-09	-0.188472
1.97559e-09	-0.188142
1.97566e-09	-0.187812
1.97573e-09	-0.187482
1.9758e-09	-0.187151
1.97588e-09	-0.186821
1.97595e-09	-0.18649
1.97602e-09	-0.186159
1.97609e-09	-0.185828
1.97616e-09	-0.185497
1.97623e-09	-0.185166
1.9763e-09	-0.184834
1.97637e-09	-0.184503
1.97644e-09	-0.184171
1.97651e-09	-0.183839
1.97658e-09	-0.183507
1.97666e-09	-0.183175
1.97673e-09	-0.182843
1.9768e-09	-0.182511
1.97687e-09	-0.182178
1.97694e-09	-0.181846
1.97701e-09	-0.181513
1.97708e-09	-0.18118
1.97715e-09	-0.180847
1.97722e-09	-0.180514
1.97729e-09	-0.180181
1.97736e-09	-0.179848
1.97744e-09	-0.179514
1.97751e-09	-0.17918
1.97758e-09	-0.178847
1.97765e-09	-0.178513
1.97772e-09	-0.178179
1.97779e-09	-0.177845
1.97786e-09	-0.177511
1.97793e-09	-0.177176
1.978e-09	-0.176842
1.97807e-09	-0.176507
1.97814e-09	-0.176173
1.97822e-09	-0.175838
1.97829e-09	-0.175503
1.97836e-09	-0.175168
1.97843e-09	-0.174833
1.9785e-09	-0.174498
1.97857e-09	-0.174162
1.97864e-09	-0.173827
1.97871e-09	-0.173491
1.97878e-09	-0.173155
1.97885e-09	-0.17282
1.97893e-09	-0.172484
1.979e-09	-0.172148
1.97907e-09	-0.171812
1.97914e-09	-0.171475
1.97921e-09	-0.171139
1.97928e-09	-0.170803
1.97935e-09	-0.170466
1.97942e-09	-0.170129
1.97949e-09	-0.169793
1.97956e-09	-0.169456
1.97963e-09	-0.169119
1.97971e-09	-0.168782
1.97978e-09	-0.168445
1.97985e-09	-0.168108
1.97992e-09	-0.16777
1.97999e-09	-0.167433
1.98006e-09	-0.167095
1.98013e-09	-0.166758
1.9802e-09	-0.16642
1.98027e-09	-0.166082
1.98034e-09	-0.165744
1.98041e-09	-0.165406
1.98049e-09	-0.165068
1.98056e-09	-0.16473
1.98063e-09	-0.164392
1.9807e-09	-0.164053
1.98077e-09	-0.163715
1.98084e-09	-0.163376
1.98091e-09	-0.163038
1.98098e-09	-0.162699
1.98105e-09	-0.16236
1.98112e-09	-0.162021
1.98119e-09	-0.161682
1.98127e-09	-0.161343
1.98134e-09	-0.161004
1.98141e-09	-0.160665
1.98148e-09	-0.160326
1.98155e-09	-0.159986
1.98162e-09	-0.159647
1.98169e-09	-0.159307
1.98176e-09	-0.158968
1.98183e-09	-0.158628
1.9819e-09	-0.158288
1.98197e-09	-0.157948
1.98205e-09	-0.157608
1.98212e-09	-0.157268
1.98219e-09	-0.156928
1.98226e-09	-0.156588
1.98233e-09	-0.156248
1.9824e-09	-0.155908
1.98247e-09	-0.155567
1.98254e-09	-0.155227
1.98261e-09	-0.154886
1.98268e-09	-0.154546
1.98276e-09	-0.154205
1.98283e-09	-0.153864
1.9829e-09	-0.153524
1.98297e-09	-0.153183
1.98304e-09	-0.152842
1.98311e-09	-0.152501
1.98318e-09	-0.15216
1.98325e-09	-0.151819
1.98332e-09	-0.151478
1.98339e-09	-0.151136
1.98346e-09	-0.150795
1.98354e-09	-0.150454
1.98361e-09	-0.150112
1.98368e-09	-0.149771
1.98375e-09	-0.14943
1.98382e-09	-0.149088
1.98389e-09	-0.148746
1.98396e-09	-0.148405
1.98403e-09	-0.148063
1.9841e-09	-0.147721
1.98417e-09	-0.147379
1.98424e-09	-0.147037
1.98432e-09	-0.146695
1.98439e-09	-0.146353
1.98446e-09	-0.146011
1.98453e-09	-0.145669
1.9846e-09	-0.145327
1.98467e-09	-0.144985
1.98474e-09	-0.144643
1.98481e-09	-0.1443
1.98488e-09	-0.143958
1.98495e-09	-0.143616
1.98502e-09	-0.143273
1.9851e-09	-0.142931
1.98517e-09	-0.142588
1.98524e-09	-0.142246
1.98531e-09	-0.141903
1.98538e-09	-0.141561
1.98545e-09	-0.141218
1.98552e-09	-0.140875
1.98559e-09	-0.140532
1.98566e-09	-0.14019
1.98573e-09	-0.139847
1.98581e-09	-0.139504
1.98588e-09	-0.139161
1.98595e-09	-0.138818
1.98602e-09	-0.138475
1.98609e-09	-0.138132
1.98616e-09	-0.137789
1.98623e-09	-0.137446
1.9863e-09	-0.137103
1.98637e-09	-0.13676
1.98644e-09	-0.136417
1.98651e-09	-0.136073
1.98659e-09	-0.13573
1.98666e-09	-0.135387
1.98673e-09	-0.135044
1.9868e-09	-0.1347
1.98687e-09	-0.134357
1.98694e-09	-0.134014
1.98701e-09	-0.13367
1.98708e-09	-0.133327
1.98715e-09	-0.132984
1.98722e-09	-0.13264
1.98729e-09	-0.132297
1.98737e-09	-0.131953
1.98744e-09	-0.13161
1.98751e-09	-0.131266
1.98758e-09	-0.130923
1.98765e-09	-0.130579
1.98772e-09	-0.130235
1.98779e-09	-0.129892
1.98786e-09	-0.129548
1.98793e-09	-0.129205
1.988e-09	-0.128861
1.98807e-09	-0.128517
1.98815e-09	-0.128174
1.98822e-09	-0.12783
1.98829e-09	-0.127486
1.98836e-09	-0.127143
1.98843e-09	-0.126799
1.9885e-09	-0.126455
1.98857e-09	-0.126111
1.98864e-09	-0.125768
1.98871e-09	-0.125424
1.98878e-09	-0.12508
1.98885e-09	-0.124736
1.98893e-09	-0.124393
1.989e-09	-0.124049
1.98907e-09	-0.123705
1.98914e-09	-0.123361
1.98921e-09	-0.123017
1.98928e-09	-0.122674
1.98935e-09	-0.12233
1.98942e-09	-0.121986
1.98949e-09	-0.121642
1.98956e-09	-0.121299
1.98964e-09	-0.120955
1.98971e-09	-0.120611
1.98978e-09	-0.120267
1.98985e-09	-0.119923
1.98992e-09	-0.11958
1.98999e-09	-0.119236
1.99006e-09	-0.118892
1.99013e-09	-0.118548
1.9902e-09	-0.118205
1.99027e-09	-0.117861
1.99034e-09	-0.117517
1.99042e-09	-0.117173
1.99049e-09	-0.11683
1.99056e-09	-0.116486
1.99063e-09	-0.116142
1.9907e-09	-0.115799
1.99077e-09	-0.115455
1.99084e-09	-0.115111
1.99091e-09	-0.114768
1.99098e-09	-0.114424
1.99105e-09	-0.11408
1.99112e-09	-0.113737
1.9912e-09	-0.113393
1.99127e-09	-0.11305
1.99134e-09	-0.112706
1.99141e-09	-0.112363
1.99148e-09	-0.112019
1.99155e-09	-0.111676
1.99162e-09	-0.111332
1.99169e-09	-0.110989
1.99176e-09	-0.110645
1.99183e-09	-0.110302
1.9919e-09	-0.109959
1.99198e-09	-0.109615
1.99205e-09	-0.109272
1.99212e-09	-0.108929
1.99219e-09	-0.108585
1.99226e-09	-0.108242
1.99233e-09	-0.107899
1.9924e-09	-0.107556
1.99247e-09	-0.107213
1.99254e-09	-0.10687
1.99261e-09	-0.106526
1.99269e-09	-0.106183
1.99276e-09	-0.10584
1.99283e-09	-0.105497
1.9929e-09	-0.105154
1.99297e-09	-0.104811
1.99304e-09	-0.104469
1.99311e-09	-0.104126
1.99318e-09	-0.103783
1.99325e-09	-0.10344
1.99332e-09	-0.103097
1.99339e-09	-0.102755
1.99347e-09	-0.102412
1.99354e-09	-0.102069
1.99361e-09	-0.101727
1.99368e-09	-0.101384
1.99375e-09	-0.101042
1.99382e-09	-0.100699
1.99389e-09	-0.100357
1.99396e-09	-0.100014
1.99403e-09	-0.099672
1.9941e-09	-0.0993297
1.99417e-09	-0.0989875
1.99425e-09	-0.0986453
1.99432e-09	-0.0983031
1.99439e-09	-0.097961
1.99446e-09	-0.0976189
1.99453e-09	-0.0972769
1.9946e-09	-0.096935
1.99467e-09	-0.096593
1.99474e-09	-0.0962512
1.99481e-09	-0.0959093
1.99488e-09	-0.0955676
1.99495e-09	-0.0952259
1.99503e-09	-0.0948842
1.9951e-09	-0.0945426
1.99517e-09	-0.0942011
1.99524e-09	-0.0938596
1.99531e-09	-0.0935181
1.99538e-09	-0.0931767
1.99545e-09	-0.0928354
1.99552e-09	-0.0924941
1.99559e-09	-0.0921529
1.99566e-09	-0.0918118
1.99573e-09	-0.0914707
1.99581e-09	-0.0911297
1.99588e-09	-0.0907887
1.99595e-09	-0.0904478
1.99602e-09	-0.0901069
1.99609e-09	-0.0897662
1.99616e-09	-0.0894254
1.99623e-09	-0.0890848
1.9963e-09	-0.0887442
1.99637e-09	-0.0884037
1.99644e-09	-0.0880632
1.99652e-09	-0.0877228
1.99659e-09	-0.0873825
1.99666e-09	-0.0870422
1.99673e-09	-0.086702
1.9968e-09	-0.0863619
1.99687e-09	-0.0860219
1.99694e-09	-0.0856819
1.99701e-09	-0.085342
1.99708e-09	-0.0850022
1.99715e-09	-0.0846624
1.99722e-09	-0.0843227
1.9973e-09	-0.0839831
1.99737e-09	-0.0836436
1.99744e-09	-0.0833041
1.99751e-09	-0.0829647
1.99758e-09	-0.0826254
1.99765e-09	-0.0822862
1.99772e-09	-0.081947
1.99779e-09	-0.0816079
1.99786e-09	-0.0812689
1.99793e-09	-0.08093
1.998e-09	-0.0805912
1.99808e-09	-0.0802524
1.99815e-09	-0.0799137
1.99822e-09	-0.0795751
1.99829e-09	-0.0792366
1.99836e-09	-0.0788982
1.99843e-09	-0.0785598
1.9985e-09	-0.0782216
1.99857e-09	-0.0778834
1.99864e-09	-0.0775453
1.99871e-09	-0.0772073
1.99878e-09	-0.0768694
1.99886e-09	-0.0765316
1.99893e-09	-0.0761938
1.999e-09	-0.0758562
1.99907e-09	-0.0755186
1.99914e-09	-0.0751811
1.99921e-09	-0.0748438
1.99928e-09	-0.0745065
1.99935e-09	-0.0741693
1.99942e-09	-0.0738322
1.99949e-09	-0.0734952
1.99957e-09	-0.0731582
1.99964e-09	-0.0728214
1.99971e-09	-0.0724847
1.99978e-09	-0.0721481
1.99985e-09	-0.0718115
1.99992e-09	-0.0714751
1.99999e-09	-0.0711388
2.00006e-09	-0.0708025
2.00013e-09	-0.0704664
2.0002e-09	-0.0701303
2.00027e-09	-0.0697944
2.00035e-09	-0.0694586
2.00042e-09	-0.0691228
2.00049e-09	-0.0687872
2.00056e-09	-0.0684517
2.00063e-09	-0.0681162
2.0007e-09	-0.0677809
2.00077e-09	-0.0674457
2.00084e-09	-0.0671106
2.00091e-09	-0.0667755
2.00098e-09	-0.0664406
2.00105e-09	-0.0661058
2.00113e-09	-0.0657711
2.0012e-09	-0.0654366
2.00127e-09	-0.0651021
2.00134e-09	-0.0647677
2.00141e-09	-0.0644335
2.00148e-09	-0.0640993
2.00155e-09	-0.0637653
2.00162e-09	-0.0634314
2.00169e-09	-0.0630976
2.00176e-09	-0.0627639
2.00183e-09	-0.0624303
2.00191e-09	-0.0620968
2.00198e-09	-0.0617635
2.00205e-09	-0.0614302
2.00212e-09	-0.0610971
2.00219e-09	-0.0607641
2.00226e-09	-0.0604312
2.00233e-09	-0.0600984
2.0024e-09	-0.0597658
2.00247e-09	-0.0594333
2.00254e-09	-0.0591008
2.00261e-09	-0.0587686
2.00269e-09	-0.0584364
2.00276e-09	-0.0581043
2.00283e-09	-0.0577724
2.0029e-09	-0.0574406
2.00297e-09	-0.0571089
2.00304e-09	-0.0567773
2.00311e-09	-0.0564459
2.00318e-09	-0.0561146
2.00325e-09	-0.0557834
2.00332e-09	-0.0554524
2.0034e-09	-0.0551214
2.00347e-09	-0.0547906
2.00354e-09	-0.0544599
2.00361e-09	-0.0541294
2.00368e-09	-0.053799
2.00375e-09	-0.0534687
2.00382e-09	-0.0531385
2.00389e-09	-0.0528085
2.00396e-09	-0.0524786
2.00403e-09	-0.0521488
2.0041e-09	-0.0518192
2.00418e-09	-0.0514897
2.00425e-09	-0.0511603
2.00432e-09	-0.0508311
2.00439e-09	-0.050502
2.00446e-09	-0.050173
2.00453e-09	-0.0498442
2.0046e-09	-0.0495155
2.00467e-09	-0.0491869
2.00474e-09	-0.0488585
2.00481e-09	-0.0485302
2.00488e-09	-0.0482021
2.00496e-09	-0.0478741
2.00503e-09	-0.0475462
2.0051e-09	-0.0472185
2.00517e-09	-0.0468909
2.00524e-09	-0.0465635
2.00531e-09	-0.0462362
2.00538e-09	-0.0459091
2.00545e-09	-0.0455821
2.00552e-09	-0.0452552
2.00559e-09	-0.0449285
2.00566e-09	-0.0446019
2.00574e-09	-0.0442755
2.00581e-09	-0.0439492
2.00588e-09	-0.043623
2.00595e-09	-0.043297
2.00602e-09	-0.0429712
2.00609e-09	-0.0426455
2.00616e-09	-0.04232
2.00623e-09	-0.0419946
2.0063e-09	-0.0416693
2.00637e-09	-0.0413442
2.00645e-09	-0.0410193
2.00652e-09	-0.0406945
2.00659e-09	-0.0403699
2.00666e-09	-0.0400454
2.00673e-09	-0.039721
2.0068e-09	-0.0393969
2.00687e-09	-0.0390728
2.00694e-09	-0.038749
2.00701e-09	-0.0384252
2.00708e-09	-0.0381017
2.00715e-09	-0.0377783
2.00723e-09	-0.037455
2.0073e-09	-0.037132
2.00737e-09	-0.036809
2.00744e-09	-0.0364863
2.00751e-09	-0.0361636
2.00758e-09	-0.0358412
2.00765e-09	-0.0355189
2.00772e-09	-0.0351968
2.00779e-09	-0.0348748
2.00786e-09	-0.034553
2.00793e-09	-0.0342314
2.00801e-09	-0.0339099
2.00808e-09	-0.0335886
2.00815e-09	-0.0332674
2.00822e-09	-0.0329464
2.00829e-09	-0.0326256
2.00836e-09	-0.032305
2.00843e-09	-0.0319845
2.0085e-09	-0.0316641
2.00857e-09	-0.031344
2.00864e-09	-0.031024
2.00871e-09	-0.0307042
2.00879e-09	-0.0303845
2.00886e-09	-0.0300651
2.00893e-09	-0.0297458
2.009e-09	-0.0294266
2.00907e-09	-0.0291077
2.00914e-09	-0.0287889
2.00921e-09	-0.0284702
2.00928e-09	-0.0281518
2.00935e-09	-0.0278335
2.00942e-09	-0.0275154
2.00949e-09	-0.0271975
2.00957e-09	-0.0268797
2.00964e-09	-0.0265622
2.00971e-09	-0.0262448
2.00978e-09	-0.0259275
2.00985e-09	-0.0256105
2.00992e-09	-0.0252936
2.00999e-09	-0.0249769
2.01006e-09	-0.0246604
2.01013e-09	-0.0243441
2.0102e-09	-0.0240279
2.01028e-09	-0.0237119
2.01035e-09	-0.0233962
2.01042e-09	-0.0230805
2.01049e-09	-0.0227651
2.01056e-09	-0.0224499
2.01063e-09	-0.0221348
2.0107e-09	-0.0218199
2.01077e-09	-0.0215052
2.01084e-09	-0.0211907
2.01091e-09	-0.0208764
2.01098e-09	-0.0205622
2.01106e-09	-0.0202483
2.01113e-09	-0.0199345
2.0112e-09	-0.0196209
2.01127e-09	-0.0193075
2.01134e-09	-0.0189943
2.01141e-09	-0.0186813
2.01148e-09	-0.0183684
2.01155e-09	-0.0180558
2.01162e-09	-0.0177434
2.01169e-09	-0.0174311
2.01176e-09	-0.017119
2.01184e-09	-0.0168071
2.01191e-09	-0.0164954
2.01198e-09	-0.0161839
2.01205e-09	-0.0158726
2.01212e-09	-0.0155615
2.01219e-09	-0.0152506
2.01226e-09	-0.0149399
2.01233e-09	-0.0146294
2.0124e-09	-0.014319
2.01247e-09	-0.0140089
2.01254e-09	-0.013699
2.01262e-09	-0.0133892
2.01269e-09	-0.0130797
2.01276e-09	-0.0127703
2.01283e-09	-0.0124612
2.0129e-09	-0.0121522
2.01297e-09	-0.0118435
2.01304e-09	-0.0115349
2.01311e-09	-0.0112266
2.01318e-09	-0.0109184
2.01325e-09	-0.0106105
2.01333e-09	-0.0103027
2.0134e-09	-0.00999517
2.01347e-09	-0.00968783
2.01354e-09	-0.00938069
2.01361e-09	-0.00907375
2.01368e-09	-0.00876702
2.01375e-09	-0.00846049
2.01382e-09	-0.00815417
2.01389e-09	-0.00784805
2.01396e-09	-0.00754214
2.01403e-09	-0.00723644
2.01411e-09	-0.00693094
2.01418e-09	-0.00662565
2.01425e-09	-0.00632057
2.01432e-09	-0.00601569
2.01439e-09	-0.00571103
2.01446e-09	-0.00540657
2.01453e-09	-0.00510233
2.0146e-09	-0.00479829
2.01467e-09	-0.00449447
2.01474e-09	-0.00419086
2.01481e-09	-0.00388746
2.01489e-09	-0.00358427
2.01496e-09	-0.00328129
2.01503e-09	-0.00297853
2.0151e-09	-0.00267598
2.01517e-09	-0.00237364
2.01524e-09	-0.00207152
2.01531e-09	-0.00176962
2.01538e-09	-0.00146793
2.01545e-09	-0.00116645
2.01552e-09	-0.000865193
2.01559e-09	-0.000564151
2.01567e-09	-0.000263327
2.01574e-09	3.72788e-05
2.01581e-09	0.000337667
2.01588e-09	0.000637836
2.01595e-09	0.000937786
2.01602e-09	0.00123752
2.01609e-09	0.00153703
2.01616e-09	0.00183632
2.01623e-09	0.00213539
2.0163e-09	0.00243423
2.01637e-09	0.00273286
2.01645e-09	0.00303126
2.01652e-09	0.00332944
2.01659e-09	0.0036274
2.01666e-09	0.00392514
2.01673e-09	0.00422264
2.0168e-09	0.00451993
2.01687e-09	0.00481699
2.01694e-09	0.00511383
2.01701e-09	0.00541043
2.01708e-09	0.00570682
2.01716e-09	0.00600297
2.01723e-09	0.0062989
2.0173e-09	0.0065946
2.01737e-09	0.00689007
2.01744e-09	0.00718532
2.01751e-09	0.00748033
2.01758e-09	0.00777512
2.01765e-09	0.00806967
2.01772e-09	0.008364
2.01779e-09	0.00865809
2.01786e-09	0.00895196
2.01794e-09	0.00924559
2.01801e-09	0.00953899
2.01808e-09	0.00983216
2.01815e-09	0.0101251
2.01822e-09	0.0104178
2.01829e-09	0.0107103
2.01836e-09	0.0110025
2.01843e-09	0.0112945
2.0185e-09	0.0115863
2.01857e-09	0.0118778
2.01864e-09	0.0121691
2.01872e-09	0.0124601
2.01879e-09	0.012751
2.01886e-09	0.0130415
2.01893e-09	0.0133319
2.019e-09	0.013622
2.01907e-09	0.0139118
2.01914e-09	0.0142015
2.01921e-09	0.0144909
2.01928e-09	0.01478
2.01935e-09	0.0150689
2.01942e-09	0.0153576
2.0195e-09	0.015646
2.01957e-09	0.0159342
2.01964e-09	0.0162222
2.01971e-09	0.0165099
2.01978e-09	0.0167973
2.01985e-09	0.0170845
2.01992e-09	0.0173715
2.01999e-09	0.0176582
2.02006e-09	0.0179447
2.02013e-09	0.018231
2.02021e-09	0.018517
2.02028e-09	0.0188027
2.02035e-09	0.0190882
2.02042e-09	0.0193735
2.02049e-09	0.0196585
2.02056e-09	0.0199432
2.02063e-09	0.0202278
2.0207e-09	0.020512
2.02077e-09	0.0207961
2.02084e-09	0.0210798
2.02091e-09	0.0213633
2.02099e-09	0.0216466
2.02106e-09	0.0219296
2.02113e-09	0.0222124
2.0212e-09	0.0224949
2.02127e-09	0.0227772
2.02134e-09	0.0230592
2.02141e-09	0.023341
2.02148e-09	0.0236225
2.02155e-09	0.0239038
2.02162e-09	0.0241848
2.02169e-09	0.0244655
2.02177e-09	0.024746
2.02184e-09	0.0250263
2.02191e-09	0.0253063
2.02198e-09	0.025586
2.02205e-09	0.0258655
2.02212e-09	0.0261447
2.02219e-09	0.0264237
2.02226e-09	0.0267024
2.02233e-09	0.0269809
2.0224e-09	0.027259
2.02247e-09	0.027537
2.02255e-09	0.0278147
2.02262e-09	0.0280921
2.02269e-09	0.0283693
2.02276e-09	0.0286462
2.02283e-09	0.0289228
2.0229e-09	0.0291992
2.02297e-09	0.0294753
2.02304e-09	0.0297512
2.02311e-09	0.0300268
2.02318e-09	0.0303021
2.02325e-09	0.0305772
2.02333e-09	0.030852
2.0234e-09	0.0311266
2.02347e-09	0.0314009
2.02354e-09	0.0316749
2.02361e-09	0.0319487
2.02368e-09	0.0322222
2.02375e-09	0.0324954
2.02382e-09	0.0327684
2.02389e-09	0.0330411
2.02396e-09	0.0333135
2.02404e-09	0.0335857
2.02411e-09	0.0338576
2.02418e-09	0.0341293
2.02425e-09	0.0344006
2.02432e-09	0.0346717
2.02439e-09	0.0349426
2.02446e-09	0.0352131
2.02453e-09	0.0354834
2.0246e-09	0.0357535
2.02467e-09	0.0360232
2.02474e-09	0.0362927
2.02482e-09	0.036562
2.02489e-09	0.0368309
2.02496e-09	0.0370996
2.02503e-09	0.037368
2.0251e-09	0.0376361
2.02517e-09	0.037904
2.02524e-09	0.0381716
2.02531e-09	0.0384389
2.02538e-09	0.038706
2.02545e-09	0.0389728
2.02552e-09	0.0392393
2.0256e-09	0.0395055
2.02567e-09	0.0397715
2.02574e-09	0.0400371
2.02581e-09	0.0403026
2.02588e-09	0.0405677
2.02595e-09	0.0408325
2.02602e-09	0.0410971
2.02609e-09	0.0413614
2.02616e-09	0.0416255
2.02623e-09	0.0418892
2.0263e-09	0.0421527
2.02638e-09	0.0424159
2.02645e-09	0.0426788
2.02652e-09	0.0429414
2.02659e-09	0.0432038
2.02666e-09	0.0434659
2.02673e-09	0.0437277
2.0268e-09	0.0439892
2.02687e-09	0.0442505
2.02694e-09	0.0445114
2.02701e-09	0.0447721
2.02709e-09	0.0450325
2.02716e-09	0.0452926
2.02723e-09	0.0455525
2.0273e-09	0.045812
2.02737e-09	0.0460713
2.02744e-09	0.0463303
2.02751e-09	0.046589
2.02758e-09	0.0468474
2.02765e-09	0.0471056
2.02772e-09	0.0473634
2.02779e-09	0.047621
2.02787e-09	0.0478783
2.02794e-09	0.0481353
2.02801e-09	0.048392
2.02808e-09	0.0486485
2.02815e-09	0.0489046
2.02822e-09	0.0491605
2.02829e-09	0.049416
2.02836e-09	0.0496713
2.02843e-09	0.0499263
2.0285e-09	0.050181
2.02857e-09	0.0504355
2.02865e-09	0.0506896
2.02872e-09	0.0509435
2.02879e-09	0.051197
2.02886e-09	0.0514503
2.02893e-09	0.0517033
2.029e-09	0.051956
2.02907e-09	0.0522084
2.02914e-09	0.0524605
2.02921e-09	0.0527123
2.02928e-09	0.0529639
2.02935e-09	0.0532151
2.02943e-09	0.0534661
2.0295e-09	0.0537167
2.02957e-09	0.0539671
2.02964e-09	0.0542172
2.02971e-09	0.0544669
2.02978e-09	0.0547164
2.02985e-09	0.0549656
2.02992e-09	0.0552145
2.02999e-09	0.0554631
2.03006e-09	0.0557115
2.03013e-09	0.0559595
2.03021e-09	0.0562072
2.03028e-09	0.0564546
2.03035e-09	0.0567018
2.03042e-09	0.0569486
2.03049e-09	0.0571952
2.03056e-09	0.0574414
2.03063e-09	0.0576874
2.0307e-09	0.057933
2.03077e-09	0.0581784
2.03084e-09	0.0584234
2.03092e-09	0.0586682
2.03099e-09	0.0589127
2.03106e-09	0.0591568
2.03113e-09	0.0594007
2.0312e-09	0.0596443
2.03127e-09	0.0598876
2.03134e-09	0.0601305
2.03141e-09	0.0603732
2.03148e-09	0.0606156
2.03155e-09	0.0608577
2.03162e-09	0.0610994
2.0317e-09	0.0613409
2.03177e-09	0.0615821
2.03184e-09	0.0618229
2.03191e-09	0.0620635
2.03198e-09	0.0623038
2.03205e-09	0.0625437
2.03212e-09	0.0627834
2.03219e-09	0.0630228
2.03226e-09	0.0632618
2.03233e-09	0.0635006
2.0324e-09	0.063739
2.03248e-09	0.0639772
2.03255e-09	0.064215
2.03262e-09	0.0644526
2.03269e-09	0.0646898
2.03276e-09	0.0649268
2.03283e-09	0.0651634
2.0329e-09	0.0653997
2.03297e-09	0.0656357
2.03304e-09	0.0658714
2.03311e-09	0.0661068
2.03318e-09	0.0663419
2.03326e-09	0.0665767
2.03333e-09	0.0668112
2.0334e-09	0.0670454
2.03347e-09	0.0672793
2.03354e-09	0.0675128
2.03361e-09	0.0677461
2.03368e-09	0.067979
2.03375e-09	0.0682117
2.03382e-09	0.068444
2.03389e-09	0.068676
2.03397e-09	0.0689077
2.03404e-09	0.0691391
2.03411e-09	0.0693702
2.03418e-09	0.069601
2.03425e-09	0.0698315
2.03432e-09	0.0700617
2.03439e-09	0.0702915
2.03446e-09	0.0705211
2.03453e-09	0.0707503
2.0346e-09	0.0709792
2.03467e-09	0.0712078
2.03475e-09	0.0714361
2.03482e-09	0.0716641
2.03489e-09	0.0718918
2.03496e-09	0.0721191
2.03503e-09	0.0723462
2.0351e-09	0.0725729
2.03517e-09	0.0727994
2.03524e-09	0.0730255
2.03531e-09	0.0732513
2.03538e-09	0.0734768
2.03545e-09	0.0737019
2.03553e-09	0.0739268
2.0356e-09	0.0741513
2.03567e-09	0.0743755
2.03574e-09	0.0745995
2.03581e-09	0.0748231
2.03588e-09	0.0750463
2.03595e-09	0.0752693
2.03602e-09	0.0754919
2.03609e-09	0.0757143
2.03616e-09	0.0759363
2.03623e-09	0.076158
2.03631e-09	0.0763794
2.03638e-09	0.0766004
2.03645e-09	0.0768212
2.03652e-09	0.0770416
2.03659e-09	0.0772617
2.03666e-09	0.0774815
2.03673e-09	0.077701
2.0368e-09	0.0779202
2.03687e-09	0.078139
2.03694e-09	0.0783575
2.03702e-09	0.0785757
2.03709e-09	0.0787936
2.03716e-09	0.0790112
2.03723e-09	0.0792284
2.0373e-09	0.0794454
2.03737e-09	0.079662
2.03744e-09	0.0798783
2.03751e-09	0.0800942
2.03758e-09	0.0803099
2.03765e-09	0.0805252
2.03772e-09	0.0807402
2.0378e-09	0.0809549
2.03787e-09	0.0811692
2.03794e-09	0.0813833
2.03801e-09	0.081597
2.03808e-09	0.0818104
2.03815e-09	0.0820235
2.03822e-09	0.0822362
2.03829e-09	0.0824486
2.03836e-09	0.0826608
2.03843e-09	0.0828725
2.0385e-09	0.083084
2.03858e-09	0.0832951
2.03865e-09	0.0835059
2.03872e-09	0.0837164
2.03879e-09	0.0839266
2.03886e-09	0.0841364
2.03893e-09	0.084346
2.039e-09	0.0845551
2.03907e-09	0.084764
2.03914e-09	0.0849726
2.03921e-09	0.0851808
2.03928e-09	0.0853887
2.03936e-09	0.0855962
2.03943e-09	0.0858035
2.0395e-09	0.0860104
2.03957e-09	0.086217
2.03964e-09	0.0864232
2.03971e-09	0.0866292
2.03978e-09	0.0868348
2.03985e-09	0.0870401
2.03992e-09	0.087245
2.03999e-09	0.0874497
2.04006e-09	0.087654
2.04014e-09	0.0878579
2.04021e-09	0.0880616
2.04028e-09	0.0882649
2.04035e-09	0.0884679
2.04042e-09	0.0886706
2.04049e-09	0.0888729
2.04056e-09	0.0890749
2.04063e-09	0.0892766
2.0407e-09	0.0894779
2.04077e-09	0.0896789
2.04085e-09	0.0898796
2.04092e-09	0.09008
2.04099e-09	0.09028
2.04106e-09	0.0904797
2.04113e-09	0.0906791
2.0412e-09	0.0908781
2.04127e-09	0.0910768
2.04134e-09	0.0912752
2.04141e-09	0.0914733
2.04148e-09	0.091671
2.04155e-09	0.0918684
2.04163e-09	0.0920654
2.0417e-09	0.0922622
2.04177e-09	0.0924586
2.04184e-09	0.0926546
2.04191e-09	0.0928504
2.04198e-09	0.0930458
2.04205e-09	0.0932408
2.04212e-09	0.0934356
2.04219e-09	0.09363
2.04226e-09	0.093824
2.04233e-09	0.0940178
2.04241e-09	0.0942112
2.04248e-09	0.0944043
2.04255e-09	0.094597
2.04262e-09	0.0947894
2.04269e-09	0.0949815
2.04276e-09	0.0951732
2.04283e-09	0.0953646
2.0429e-09	0.0955557
2.04297e-09	0.0957465
2.04304e-09	0.0959369
2.04311e-09	0.0961269
2.04319e-09	0.0963167
2.04326e-09	0.0965061
2.04333e-09	0.0966951
2.0434e-09	0.0968839
2.04347e-09	0.0970723
2.04354e-09	0.0972603
2.04361e-09	0.0974481
2.04368e-09	0.0976355
2.04375e-09	0.0978225
2.04382e-09	0.0980092
2.0439e-09	0.0981956
2.04397e-09	0.0983817
2.04404e-09	0.0985674
2.04411e-09	0.0987528
2.04418e-09	0.0989378
2.04425e-09	0.0991225
2.04432e-09	0.0993069
2.04439e-09	0.0994909
2.04446e-09	0.0996746
2.04453e-09	0.099858
2.0446e-09	0.100041
2.04468e-09	0.100224
2.04475e-09	0.100406
2.04482e-09	0.100588
2.04489e-09	0.10077
2.04496e-09	0.100951
2.04503e-09	0.101132
2.0451e-09	0.101313
2.04517e-09	0.101493
2.04524e-09	0.101673
2.04531e-09	0.101853
2.04538e-09	0.102032
2.04546e-09	0.102211
2.04553e-09	0.10239
2.0456e-09	0.102568
2.04567e-09	0.102746
2.04574e-09	0.102923
2.04581e-09	0.103101
2.04588e-09	0.103278
2.04595e-09	0.103454
2.04602e-09	0.103631
2.04609e-09	0.103806
2.04616e-09	0.103982
2.04624e-09	0.104157
2.04631e-09	0.104332
2.04638e-09	0.104507
2.04645e-09	0.104681
2.04652e-09	0.104855
2.04659e-09	0.105028
2.04666e-09	0.105202
2.04673e-09	0.105374
2.0468e-09	0.105547
2.04687e-09	0.105719
2.04694e-09	0.105891
2.04702e-09	0.106063
2.04709e-09	0.106234
2.04716e-09	0.106404
2.04723e-09	0.106575
2.0473e-09	0.106745
2.04737e-09	0.106915
2.04744e-09	0.107084
2.04751e-09	0.107253
2.04758e-09	0.107422
2.04765e-09	0.107591
2.04773e-09	0.107759
2.0478e-09	0.107926
2.04787e-09	0.108094
2.04794e-09	0.108261
2.04801e-09	0.108428
2.04808e-09	0.108594
2.04815e-09	0.10876
2.04822e-09	0.108926
2.04829e-09	0.109091
2.04836e-09	0.109256
2.04843e-09	0.109421
2.04851e-09	0.109585
2.04858e-09	0.109749
2.04865e-09	0.109913
2.04872e-09	0.110076
2.04879e-09	0.110239
2.04886e-09	0.110402
2.04893e-09	0.110564
2.049e-09	0.110726
2.04907e-09	0.110887
2.04914e-09	0.111049
2.04921e-09	0.111209
2.04929e-09	0.11137
2.04936e-09	0.11153
2.04943e-09	0.11169
2.0495e-09	0.11185
2.04957e-09	0.112009
2.04964e-09	0.112168
2.04971e-09	0.112326
2.04978e-09	0.112484
2.04985e-09	0.112642
2.04992e-09	0.112799
2.04999e-09	0.112957
2.05007e-09	0.113113
2.05014e-09	0.11327
2.05021e-09	0.113426
2.05028e-09	0.113582
2.05035e-09	0.113737
2.05042e-09	0.113892
2.05049e-09	0.114047
2.05056e-09	0.114201
2.05063e-09	0.114355
2.0507e-09	0.114509
2.05078e-09	0.114662
2.05085e-09	0.114815
2.05092e-09	0.114968
2.05099e-09	0.11512
2.05106e-09	0.115272
2.05113e-09	0.115424
2.0512e-09	0.115575
2.05127e-09	0.115726
2.05134e-09	0.115876
2.05141e-09	0.116026
2.05148e-09	0.116176
2.05156e-09	0.116326
2.05163e-09	0.116475
2.0517e-09	0.116624
2.05177e-09	0.116772
2.05184e-09	0.11692
2.05191e-09	0.117068
2.05198e-09	0.117216
2.05205e-09	0.117363
2.05212e-09	0.11751
2.05219e-09	0.117656
2.05226e-09	0.117802
2.05234e-09	0.117948
2.05241e-09	0.118093
2.05248e-09	0.118238
2.05255e-09	0.118383
2.05262e-09	0.118527
2.05269e-09	0.118671
2.05276e-09	0.118815
2.05283e-09	0.118958
2.0529e-09	0.119101
2.05297e-09	0.119244
2.05304e-09	0.119386
2.05312e-09	0.119528
2.05319e-09	0.119669
2.05326e-09	0.119811
2.05333e-09	0.119952
2.0534e-09	0.120092
2.05347e-09	0.120232
2.05354e-09	0.120372
2.05361e-09	0.120512
2.05368e-09	0.120651
2.05375e-09	0.12079
2.05382e-09	0.120928
2.0539e-09	0.121066
2.05397e-09	0.121204
2.05404e-09	0.121341
2.05411e-09	0.121478
2.05418e-09	0.121615
2.05425e-09	0.121751
2.05432e-09	0.121887
2.05439e-09	0.122023
2.05446e-09	0.122158
2.05453e-09	0.122293
2.05461e-09	0.122428
2.05468e-09	0.122562
2.05475e-09	0.122696
2.05482e-09	0.12283
2.05489e-09	0.122963
2.05496e-09	0.123096
2.05503e-09	0.123229
2.0551e-09	0.123361
2.05517e-09	0.123493
2.05524e-09	0.123624
2.05531e-09	0.123755
2.05539e-09	0.123886
2.05546e-09	0.124017
2.05553e-09	0.124147
2.0556e-09	0.124277
2.05567e-09	0.124406
2.05574e-09	0.124535
2.05581e-09	0.124664
2.05588e-09	0.124792
2.05595e-09	0.12492
2.05602e-09	0.125048
2.05609e-09	0.125175
2.05617e-09	0.125302
2.05624e-09	0.125429
2.05631e-09	0.125555
2.05638e-09	0.125681
2.05645e-09	0.125807
2.05652e-09	0.125932
2.05659e-09	0.126057
2.05666e-09	0.126182
2.05673e-09	0.126306
2.0568e-09	0.12643
2.05687e-09	0.126553
2.05695e-09	0.126677
2.05702e-09	0.1268
2.05709e-09	0.126922
2.05716e-09	0.127044
2.05723e-09	0.127166
2.0573e-09	0.127287
2.05737e-09	0.127409
2.05744e-09	0.127529
2.05751e-09	0.12765
2.05758e-09	0.12777
2.05766e-09	0.12789
2.05773e-09	0.128009
2.0578e-09	0.128128
2.05787e-09	0.128247
2.05794e-09	0.128365
2.05801e-09	0.128483
2.05808e-09	0.128601
2.05815e-09	0.128718
2.05822e-09	0.128835
2.05829e-09	0.128951
2.05836e-09	0.129068
2.05844e-09	0.129184
2.05851e-09	0.129299
2.05858e-09	0.129414
2.05865e-09	0.129529
2.05872e-09	0.129644
2.05879e-09	0.129758
2.05886e-09	0.129872
2.05893e-09	0.129985
2.059e-09	0.130099
2.05907e-09	0.130211
2.05914e-09	0.130324
2.05922e-09	0.130436
2.05929e-09	0.130548
2.05936e-09	0.130659
2.05943e-09	0.13077
2.0595e-09	0.130881
2.05957e-09	0.130991
2.05964e-09	0.131101
2.05971e-09	0.131211
2.05978e-09	0.13132
2.05985e-09	0.131429
2.05992e-09	0.131538
2.06e-09	0.131646
2.06007e-09	0.131754
2.06014e-09	0.131862
2.06021e-09	0.131969
2.06028e-09	0.132076
2.06035e-09	0.132183
2.06042e-09	0.132289
2.06049e-09	0.132395
2.06056e-09	0.1325
2.06063e-09	0.132605
2.0607e-09	0.13271
2.06078e-09	0.132815
2.06085e-09	0.132919
2.06092e-09	0.133023
2.06099e-09	0.133126
2.06106e-09	0.133229
2.06113e-09	0.133332
2.0612e-09	0.133435
2.06127e-09	0.133537
2.06134e-09	0.133638
2.06141e-09	0.13374
2.06149e-09	0.133841
2.06156e-09	0.133942
2.06163e-09	0.134042
2.0617e-09	0.134142
2.06177e-09	0.134242
2.06184e-09	0.134341
2.06191e-09	0.13444
2.06198e-09	0.134539
2.06205e-09	0.134637
2.06212e-09	0.134735
2.06219e-09	0.134832
2.06227e-09	0.13493
2.06234e-09	0.135027
2.06241e-09	0.135123
2.06248e-09	0.135219
2.06255e-09	0.135315
2.06262e-09	0.135411
2.06269e-09	0.135506
2.06276e-09	0.135601
2.06283e-09	0.135695
2.0629e-09	0.13579
2.06297e-09	0.135883
2.06305e-09	0.135977
2.06312e-09	0.13607
2.06319e-09	0.136163
2.06326e-09	0.136255
2.06333e-09	0.136347
2.0634e-09	0.136439
2.06347e-09	0.136531
2.06354e-09	0.136622
2.06361e-09	0.136712
2.06368e-09	0.136803
2.06375e-09	0.136893
2.06383e-09	0.136983
2.0639e-09	0.137072
2.06397e-09	0.137161
2.06404e-09	0.13725
2.06411e-09	0.137338
2.06418e-09	0.137426
2.06425e-09	0.137514
2.06432e-09	0.137601
2.06439e-09	0.137688
2.06446e-09	0.137775
2.06454e-09	0.137861
2.06461e-09	0.137947
2.06468e-09	0.138032
2.06475e-09	0.138118
2.06482e-09	0.138203
2.06489e-09	0.138287
2.06496e-09	0.138371
2.06503e-09	0.138455
2.0651e-09	0.138539
2.06517e-09	0.138622
2.06524e-09	0.138705
2.06532e-09	0.138788
2.06539e-09	0.13887
2.06546e-09	0.138952
2.06553e-09	0.139033
2.0656e-09	0.139114
2.06567e-09	0.139195
2.06574e-09	0.139276
2.06581e-09	0.139356
2.06588e-09	0.139436
2.06595e-09	0.139515
2.06602e-09	0.139594
2.0661e-09	0.139673
2.06617e-09	0.139752
2.06624e-09	0.13983
2.06631e-09	0.139907
2.06638e-09	0.139985
2.06645e-09	0.140062
2.06652e-09	0.140139
2.06659e-09	0.140215
2.06666e-09	0.140291
2.06673e-09	0.140367
2.0668e-09	0.140442
2.06688e-09	0.140518
2.06695e-09	0.140592
2.06702e-09	0.140667
2.06709e-09	0.140741
2.06716e-09	0.140814
2.06723e-09	0.140888
2.0673e-09	0.140961
2.06737e-09	0.141034
2.06744e-09	0.141106
2.06751e-09	0.141178
2.06758e-09	0.14125
2.06766e-09	0.141321
2.06773e-09	0.141392
2.0678e-09	0.141463
2.06787e-09	0.141533
2.06794e-09	0.141603
2.06801e-09	0.141673
2.06808e-09	0.141742
2.06815e-09	0.141811
2.06822e-09	0.14188
2.06829e-09	0.141948
2.06837e-09	0.142016
2.06844e-09	0.142084
2.06851e-09	0.142151
2.06858e-09	0.142218
2.06865e-09	0.142285
2.06872e-09	0.142351
2.06879e-09	0.142417
2.06886e-09	0.142482
2.06893e-09	0.142548
2.069e-09	0.142613
2.06907e-09	0.142677
2.06915e-09	0.142742
2.06922e-09	0.142806
2.06929e-09	0.142869
2.06936e-09	0.142933
2.06943e-09	0.142996
2.0695e-09	0.143058
2.06957e-09	0.14312
2.06964e-09	0.143182
2.06971e-09	0.143244
2.06978e-09	0.143305
2.06985e-09	0.143366
2.06993e-09	0.143427
2.07e-09	0.143487
2.07007e-09	0.143547
2.07014e-09	0.143607
2.07021e-09	0.143666
2.07028e-09	0.143725
2.07035e-09	0.143784
2.07042e-09	0.143842
2.07049e-09	0.1439
2.07056e-09	0.143957
2.07063e-09	0.144015
2.07071e-09	0.144072
2.07078e-09	0.144128
2.07085e-09	0.144185
2.07092e-09	0.144241
2.07099e-09	0.144296
2.07106e-09	0.144352
2.07113e-09	0.144407
2.0712e-09	0.144461
2.07127e-09	0.144516
2.07134e-09	0.14457
2.07142e-09	0.144623
2.07149e-09	0.144676
2.07156e-09	0.144729
2.07163e-09	0.144782
2.0717e-09	0.144834
2.07177e-09	0.144886
2.07184e-09	0.144938
2.07191e-09	0.14499
2.07198e-09	0.145041
2.07205e-09	0.145091
2.07212e-09	0.145142
2.0722e-09	0.145192
2.07227e-09	0.145241
2.07234e-09	0.145291
2.07241e-09	0.14534
2.07248e-09	0.145388
2.07255e-09	0.145437
2.07262e-09	0.145485
2.07269e-09	0.145533
2.07276e-09	0.14558
2.07283e-09	0.145627
2.0729e-09	0.145674
2.07298e-09	0.14572
2.07305e-09	0.145766
2.07312e-09	0.145812
2.07319e-09	0.145858
2.07326e-09	0.145903
2.07333e-09	0.145947
2.0734e-09	0.145992
2.07347e-09	0.146036
2.07354e-09	0.14608
2.07361e-09	0.146123
2.07368e-09	0.146167
2.07376e-09	0.146209
2.07383e-09	0.146252
2.0739e-09	0.146294
2.07397e-09	0.146336
2.07404e-09	0.146377
2.07411e-09	0.146419
2.07418e-09	0.14646
2.07425e-09	0.1465
2.07432e-09	0.14654
2.07439e-09	0.14658
2.07446e-09	0.14662
2.07454e-09	0.146659
2.07461e-09	0.146698
2.07468e-09	0.146737
2.07475e-09	0.146775
2.07482e-09	0.146813
2.07489e-09	0.146851
2.07496e-09	0.146888
2.07503e-09	0.146925
2.0751e-09	0.146962
2.07517e-09	0.146998
2.07525e-09	0.147034
2.07532e-09	0.14707
2.07539e-09	0.147105
2.07546e-09	0.14714
2.07553e-09	0.147175
2.0756e-09	0.147209
2.07567e-09	0.147244
2.07574e-09	0.147277
2.07581e-09	0.147311
2.07588e-09	0.147344
2.07595e-09	0.147377
2.07603e-09	0.147409
2.0761e-09	0.147441
2.07617e-09	0.147473
2.07624e-09	0.147505
2.07631e-09	0.147536
2.07638e-09	0.147567
2.07645e-09	0.147598
2.07652e-09	0.147628
2.07659e-09	0.147658
2.07666e-09	0.147688
2.07673e-09	0.147717
2.07681e-09	0.147746
2.07688e-09	0.147775
2.07695e-09	0.147803
2.07702e-09	0.147831
2.07709e-09	0.147859
2.07716e-09	0.147886
2.07723e-09	0.147913
2.0773e-09	0.14794
2.07737e-09	0.147967
2.07744e-09	0.147993
2.07751e-09	0.148019
2.07759e-09	0.148044
2.07766e-09	0.148069
2.07773e-09	0.148094
2.0778e-09	0.148119
2.07787e-09	0.148143
2.07794e-09	0.148167
2.07801e-09	0.148191
2.07808e-09	0.148214
2.07815e-09	0.148237
2.07822e-09	0.14826
2.0783e-09	0.148282
2.07837e-09	0.148304
2.07844e-09	0.148326
2.07851e-09	0.148347
2.07858e-09	0.148368
2.07865e-09	0.148389
2.07872e-09	0.14841
2.07879e-09	0.14843
2.07886e-09	0.14845
2.07893e-09	0.148469
2.079e-09	0.148489
2.07908e-09	0.148508
2.07915e-09	0.148526
2.07922e-09	0.148545
2.07929e-09	0.148563
2.07936e-09	0.14858
2.07943e-09	0.148598
2.0795e-09	0.148615
2.07957e-09	0.148632
2.07964e-09	0.148648
2.07971e-09	0.148664
2.07978e-09	0.14868
2.07986e-09	0.148696
2.07993e-09	0.148711
2.08e-09	0.148726
2.08007e-09	0.14874
2.08014e-09	0.148755
2.08021e-09	0.148769
2.08028e-09	0.148782
2.08035e-09	0.148796
2.08042e-09	0.148809
2.08049e-09	0.148822
2.08056e-09	0.148834
2.08064e-09	0.148846
2.08071e-09	0.148858
2.08078e-09	0.148869
2.08085e-09	0.148881
2.08092e-09	0.148892
2.08099e-09	0.148902
2.08106e-09	0.148913
2.08113e-09	0.148923
2.0812e-09	0.148932
2.08127e-09	0.148942
2.08134e-09	0.148951
2.08142e-09	0.14896
2.08149e-09	0.148968
2.08156e-09	0.148976
2.08163e-09	0.148984
2.0817e-09	0.148992
2.08177e-09	0.148999
2.08184e-09	0.149006
2.08191e-09	0.149013
2.08198e-09	0.149019
2.08205e-09	0.149025
2.08213e-09	0.149031
2.0822e-09	0.149036
2.08227e-09	0.149041
2.08234e-09	0.149046
2.08241e-09	0.149051
2.08248e-09	0.149055
2.08255e-09	0.149059
2.08262e-09	0.149063
2.08269e-09	0.149066
2.08276e-09	0.149069
2.08283e-09	0.149072
2.08291e-09	0.149074
2.08298e-09	0.149076
2.08305e-09	0.149078
2.08312e-09	0.14908
2.08319e-09	0.149081
2.08326e-09	0.149082
2.08333e-09	0.149083
2.0834e-09	0.149083
2.08347e-09	0.149083
2.08354e-09	0.149083
2.08361e-09	0.149082
2.08369e-09	0.149081
2.08376e-09	0.14908
2.08383e-09	0.149079
2.0839e-09	0.149077
2.08397e-09	0.149075
2.08404e-09	0.149073
2.08411e-09	0.14907
2.08418e-09	0.149067
2.08425e-09	0.149064
2.08432e-09	0.149061
2.08439e-09	0.149057
2.08447e-09	0.149053
2.08454e-09	0.149048
2.08461e-09	0.149044
2.08468e-09	0.149039
2.08475e-09	0.149034
2.08482e-09	0.149028
2.08489e-09	0.149022
2.08496e-09	0.149016
2.08503e-09	0.14901
2.0851e-09	0.149003
2.08518e-09	0.148996
2.08525e-09	0.148989
2.08532e-09	0.148981
2.08539e-09	0.148973
2.08546e-09	0.148965
2.08553e-09	0.148956
2.0856e-09	0.148948
2.08567e-09	0.148939
2.08574e-09	0.148929
2.08581e-09	0.14892
2.08588e-09	0.14891
2.08596e-09	0.1489
2.08603e-09	0.148889
2.0861e-09	0.148878
2.08617e-09	0.148867
2.08624e-09	0.148856
2.08631e-09	0.148844
2.08638e-09	0.148832
2.08645e-09	0.14882
2.08652e-09	0.148808
2.08659e-09	0.148795
2.08666e-09	0.148782
2.08674e-09	0.148768
2.08681e-09	0.148755
2.08688e-09	0.148741
2.08695e-09	0.148726
2.08702e-09	0.148712
2.08709e-09	0.148697
2.08716e-09	0.148682
2.08723e-09	0.148667
2.0873e-09	0.148651
2.08737e-09	0.148635
2.08744e-09	0.148619
2.08752e-09	0.148602
2.08759e-09	0.148586
2.08766e-09	0.148569
2.08773e-09	0.148551
2.0878e-09	0.148534
2.08787e-09	0.148516
2.08794e-09	0.148497
2.08801e-09	0.148479
2.08808e-09	0.14846
2.08815e-09	0.148441
2.08822e-09	0.148422
2.0883e-09	0.148402
2.08837e-09	0.148382
2.08844e-09	0.148362
2.08851e-09	0.148342
2.08858e-09	0.148321
2.08865e-09	0.1483
2.08872e-09	0.148279
2.08879e-09	0.148257
2.08886e-09	0.148235
2.08893e-09	0.148213
2.08901e-09	0.148191
2.08908e-09	0.148168
2.08915e-09	0.148145
2.08922e-09	0.148122
2.08929e-09	0.148098
2.08936e-09	0.148075
2.08943e-09	0.148051
2.0895e-09	0.148026
2.08957e-09	0.148002
2.08964e-09	0.147977
2.08971e-09	0.147952
2.08979e-09	0.147926
2.08986e-09	0.1479
2.08993e-09	0.147874
2.09e-09	0.147848
2.09007e-09	0.147822
2.09014e-09	0.147795
2.09021e-09	0.147768
2.09028e-09	0.14774
2.09035e-09	0.147713
2.09042e-09	0.147685
2.09049e-09	0.147657
2.09057e-09	0.147628
2.09064e-09	0.1476
2.09071e-09	0.147571
2.09078e-09	0.147541
2.09085e-09	0.147512
2.09092e-09	0.147482
2.09099e-09	0.147452
2.09106e-09	0.147422
2.09113e-09	0.147391
2.0912e-09	0.14736
2.09127e-09	0.147329
2.09135e-09	0.147298
2.09142e-09	0.147266
2.09149e-09	0.147234
2.09156e-09	0.147202
2.09163e-09	0.147169
2.0917e-09	0.147136
2.09177e-09	0.147103
2.09184e-09	0.14707
2.09191e-09	0.147037
2.09198e-09	0.147003
2.09206e-09	0.146969
2.09213e-09	0.146934
2.0922e-09	0.1469
2.09227e-09	0.146865
2.09234e-09	0.14683
2.09241e-09	0.146794
2.09248e-09	0.146758
2.09255e-09	0.146723
2.09262e-09	0.146686
2.09269e-09	0.14665
2.09276e-09	0.146613
2.09284e-09	0.146576
2.09291e-09	0.146539
2.09298e-09	0.146501
2.09305e-09	0.146464
2.09312e-09	0.146425
2.09319e-09	0.146387
2.09326e-09	0.146349
2.09333e-09	0.14631
2.0934e-09	0.146271
2.09347e-09	0.146231
2.09354e-09	0.146192
2.09362e-09	0.146152
2.09369e-09	0.146112
2.09376e-09	0.146071
2.09383e-09	0.146031
2.0939e-09	0.14599
2.09397e-09	0.145949
2.09404e-09	0.145907
2.09411e-09	0.145865
2.09418e-09	0.145823
2.09425e-09	0.145781
2.09432e-09	0.145739
2.0944e-09	0.145696
2.09447e-09	0.145653
2.09454e-09	0.14561
2.09461e-09	0.145566
2.09468e-09	0.145523
2.09475e-09	0.145479
2.09482e-09	0.145434
2.09489e-09	0.14539
2.09496e-09	0.145345
2.09503e-09	0.1453
2.0951e-09	0.145255
2.09518e-09	0.145209
2.09525e-09	0.145164
2.09532e-09	0.145118
2.09539e-09	0.145071
2.09546e-09	0.145025
2.09553e-09	0.144978
2.0956e-09	0.144931
2.09567e-09	0.144884
2.09574e-09	0.144836
2.09581e-09	0.144788
2.09589e-09	0.14474
2.09596e-09	0.144692
2.09603e-09	0.144644
2.0961e-09	0.144595
2.09617e-09	0.144546
2.09624e-09	0.144496
2.09631e-09	0.144447
2.09638e-09	0.144397
2.09645e-09	0.144347
2.09652e-09	0.144297
2.09659e-09	0.144246
2.09667e-09	0.144196
2.09674e-09	0.144145
2.09681e-09	0.144093
2.09688e-09	0.144042
2.09695e-09	0.14399
2.09702e-09	0.143938
2.09709e-09	0.143886
2.09716e-09	0.143833
2.09723e-09	0.143781
2.0973e-09	0.143728
2.09737e-09	0.143674
2.09745e-09	0.143621
2.09752e-09	0.143567
2.09759e-09	0.143513
2.09766e-09	0.143459
2.09773e-09	0.143405
2.0978e-09	0.14335
2.09787e-09	0.143295
2.09794e-09	0.14324
2.09801e-09	0.143184
2.09808e-09	0.143129
2.09815e-09	0.143073
2.09823e-09	0.143017
2.0983e-09	0.14296
2.09837e-09	0.142904
2.09844e-09	0.142847
2.09851e-09	0.14279
2.09858e-09	0.142733
2.09865e-09	0.142675
2.09872e-09	0.142617
2.09879e-09	0.142559
2.09886e-09	0.142501
2.09894e-09	0.142442
2.09901e-09	0.142384
2.09908e-09	0.142325
2.09915e-09	0.142266
2.09922e-09	0.142206
2.09929e-09	0.142146
2.09936e-09	0.142086
2.09943e-09	0.142026
2.0995e-09	0.141966
2.09957e-09	0.141905
2.09964e-09	0.141844
2.09972e-09	0.141783
2.09979e-09	0.141722
2.09986e-09	0.14166
2.09993e-09	0.141599
2.1e-09	0.141537
2.10007e-09	0.141474
2.10014e-09	0.141412
2.10021e-09	0.141349
2.10028e-09	0.141286
2.10035e-09	0.141223
2.10042e-09	0.14116
2.1005e-09	0.141096
2.10057e-09	0.141032
2.10064e-09	0.140968
2.10071e-09	0.140904
2.10078e-09	0.140839
2.10085e-09	0.140774
2.10092e-09	0.140709
2.10099e-09	0.140644
2.10106e-09	0.140579
2.10113e-09	0.140513
2.1012e-09	0.140447
2.10128e-09	0.140381
2.10135e-09	0.140314
2.10142e-09	0.140248
2.10149e-09	0.140181
2.10156e-09	0.140114
2.10163e-09	0.140047
2.1017e-09	0.139979
2.10177e-09	0.139911
2.10184e-09	0.139843
2.10191e-09	0.139775
2.10198e-09	0.139707
2.10206e-09	0.139638
2.10213e-09	0.139569
2.1022e-09	0.1395
2.10227e-09	0.139431
2.10234e-09	0.139362
2.10241e-09	0.139292
2.10248e-09	0.139222
2.10255e-09	0.139152
2.10262e-09	0.139081
2.10269e-09	0.139011
2.10277e-09	0.13894
2.10284e-09	0.138869
2.10291e-09	0.138797
2.10298e-09	0.138726
2.10305e-09	0.138654
2.10312e-09	0.138582
2.10319e-09	0.13851
2.10326e-09	0.138438
2.10333e-09	0.138365
2.1034e-09	0.138292
2.10347e-09	0.138219
2.10355e-09	0.138146
2.10362e-09	0.138073
2.10369e-09	0.137999
2.10376e-09	0.137925
2.10383e-09	0.137851
2.1039e-09	0.137777
2.10397e-09	0.137702
2.10404e-09	0.137627
2.10411e-09	0.137553
2.10418e-09	0.137477
2.10425e-09	0.137402
2.10433e-09	0.137326
2.1044e-09	0.137251
2.10447e-09	0.137175
2.10454e-09	0.137098
2.10461e-09	0.137022
2.10468e-09	0.136945
2.10475e-09	0.136868
2.10482e-09	0.136791
2.10489e-09	0.136714
2.10496e-09	0.136637
2.10503e-09	0.136559
2.10511e-09	0.136481
2.10518e-09	0.136403
2.10525e-09	0.136325
2.10532e-09	0.136246
2.10539e-09	0.136167
2.10546e-09	0.136088
2.10553e-09	0.136009
2.1056e-09	0.13593
2.10567e-09	0.13585
2.10574e-09	0.13577
2.10582e-09	0.13569
2.10589e-09	0.13561
2.10596e-09	0.13553
2.10603e-09	0.135449
2.1061e-09	0.135369
2.10617e-09	0.135288
2.10624e-09	0.135206
2.10631e-09	0.135125
2.10638e-09	0.135043
2.10645e-09	0.134961
2.10652e-09	0.134879
2.1066e-09	0.134797
2.10667e-09	0.134715
2.10674e-09	0.134632
2.10681e-09	0.134549
2.10688e-09	0.134466
2.10695e-09	0.134383
2.10702e-09	0.1343
2.10709e-09	0.134216
2.10716e-09	0.134132
2.10723e-09	0.134048
2.1073e-09	0.133964
2.10738e-09	0.13388
2.10745e-09	0.133795
2.10752e-09	0.13371
2.10759e-09	0.133625
2.10766e-09	0.13354
2.10773e-09	0.133455
2.1078e-09	0.133369
2.10787e-09	0.133283
2.10794e-09	0.133197
2.10801e-09	0.133111
2.10808e-09	0.133025
2.10816e-09	0.132938
2.10823e-09	0.132851
2.1083e-09	0.132764
2.10837e-09	0.132677
2.10844e-09	0.13259
2.10851e-09	0.132502
2.10858e-09	0.132415
2.10865e-09	0.132327
2.10872e-09	0.132239
2.10879e-09	0.13215
2.10887e-09	0.132062
2.10894e-09	0.131973
2.10901e-09	0.131884
2.10908e-09	0.131795
2.10915e-09	0.131706
2.10922e-09	0.131616
2.10929e-09	0.131527
2.10936e-09	0.131437
2.10943e-09	0.131347
2.1095e-09	0.131257
2.10957e-09	0.131166
2.10965e-09	0.131076
2.10972e-09	0.130985
2.10979e-09	0.130894
2.10986e-09	0.130803
2.10993e-09	0.130712
2.11e-09	0.13062
2.11007e-09	0.130528
2.11014e-09	0.130436
2.11021e-09	0.130344
2.11028e-09	0.130252
2.11035e-09	0.13016
2.11043e-09	0.130067
2.1105e-09	0.129974
2.11057e-09	0.129881
2.11064e-09	0.129788
2.11071e-09	0.129695
2.11078e-09	0.129601
2.11085e-09	0.129508
2.11092e-09	0.129414
2.11099e-09	0.12932
2.11106e-09	0.129225
2.11113e-09	0.129131
2.11121e-09	0.129036
2.11128e-09	0.128942
2.11135e-09	0.128847
2.11142e-09	0.128751
2.11149e-09	0.128656
2.11156e-09	0.128561
2.11163e-09	0.128465
2.1117e-09	0.128369
2.11177e-09	0.128273
2.11184e-09	0.128177
2.11191e-09	0.12808
2.11199e-09	0.127984
2.11206e-09	0.127887
2.11213e-09	0.12779
2.1122e-09	0.127693
2.11227e-09	0.127596
2.11234e-09	0.127498
2.11241e-09	0.127401
2.11248e-09	0.127303
2.11255e-09	0.127205
2.11262e-09	0.127107
2.1127e-09	0.127009
2.11277e-09	0.12691
2.11284e-09	0.126812
2.11291e-09	0.126713
2.11298e-09	0.126614
2.11305e-09	0.126515
2.11312e-09	0.126415
2.11319e-09	0.126316
2.11326e-09	0.126216
2.11333e-09	0.126116
2.1134e-09	0.126016
2.11348e-09	0.125916
2.11355e-09	0.125816
2.11362e-09	0.125715
2.11369e-09	0.125614
2.11376e-09	0.125514
2.11383e-09	0.125413
2.1139e-09	0.125311
2.11397e-09	0.12521
2.11404e-09	0.125109
2.11411e-09	0.125007
2.11418e-09	0.124905
2.11426e-09	0.124803
2.11433e-09	0.124701
2.1144e-09	0.124598
2.11447e-09	0.124496
2.11454e-09	0.124393
2.11461e-09	0.124291
2.11468e-09	0.124188
2.11475e-09	0.124084
2.11482e-09	0.123981
2.11489e-09	0.123878
2.11496e-09	0.123774
2.11504e-09	0.12367
2.11511e-09	0.123566
2.11518e-09	0.123462
2.11525e-09	0.123358
2.11532e-09	0.123253
2.11539e-09	0.123149
2.11546e-09	0.123044
2.11553e-09	0.122939
2.1156e-09	0.122834
2.11567e-09	0.122729
2.11575e-09	0.122623
2.11582e-09	0.122518
2.11589e-09	0.122412
2.11596e-09	0.122306
2.11603e-09	0.1222
2.1161e-09	0.122094
2.11617e-09	0.121988
2.11624e-09	0.121881
2.11631e-09	0.121775
2.11638e-09	0.121668
2.11645e-09	0.121561
2.11653e-09	0.121454
2.1166e-09	0.121347
2.11667e-09	0.121239
2.11674e-09	0.121132
2.11681e-09	0.121024
2.11688e-09	0.120916
2.11695e-09	0.120808
2.11702e-09	0.1207
2.11709e-09	0.120592
2.11716e-09	0.120483
2.11723e-09	0.120374
2.11731e-09	0.120266
2.11738e-09	0.120157
2.11745e-09	0.120048
2.11752e-09	0.119938
2.11759e-09	0.119829
2.11766e-09	0.11972
2.11773e-09	0.11961
2.1178e-09	0.1195
2.11787e-09	0.11939
2.11794e-09	0.11928
2.11801e-09	0.11917
2.11809e-09	0.119059
2.11816e-09	0.118949
2.11823e-09	0.118838
2.1183e-09	0.118727
2.11837e-09	0.118616
2.11844e-09	0.118505
2.11851e-09	0.118394
2.11858e-09	0.118283
2.11865e-09	0.118171
2.11872e-09	0.118059
2.11879e-09	0.117948
2.11887e-09	0.117836
2.11894e-09	0.117724
2.11901e-09	0.117611
2.11908e-09	0.117499
2.11915e-09	0.117386
2.11922e-09	0.117274
2.11929e-09	0.117161
2.11936e-09	0.117048
2.11943e-09	0.116935
2.1195e-09	0.116822
2.11958e-09	0.116708
2.11965e-09	0.116595
2.11972e-09	0.116481
2.11979e-09	0.116367
2.11986e-09	0.116253
2.11993e-09	0.116139
2.12e-09	0.116025
2.12007e-09	0.115911
2.12014e-09	0.115796
2.12021e-09	0.115682
2.12028e-09	0.115567
2.12036e-09	0.115452
2.12043e-09	0.115337
2.1205e-09	0.115222
2.12057e-09	0.115107
2.12064e-09	0.114991
2.12071e-09	0.114876
2.12078e-09	0.11476
2.12085e-09	0.114644
2.12092e-09	0.114528
2.12099e-09	0.114412
2.12106e-09	0.114296
2.12114e-09	0.11418
2.12121e-09	0.114063
2.12128e-09	0.113947
2.12135e-09	0.11383
2.12142e-09	0.113713
2.12149e-09	0.113596
2.12156e-09	0.113479
2.12163e-09	0.113362
2.1217e-09	0.113245
2.12177e-09	0.113127
2.12184e-09	0.113009
2.12192e-09	0.112892
2.12199e-09	0.112774
2.12206e-09	0.112656
2.12213e-09	0.112538
2.1222e-09	0.11242
2.12227e-09	0.112301
2.12234e-09	0.112183
2.12241e-09	0.112064
2.12248e-09	0.111945
2.12255e-09	0.111826
2.12263e-09	0.111707
2.1227e-09	0.111588
2.12277e-09	0.111469
2.12284e-09	0.11135
2.12291e-09	0.11123
2.12298e-09	0.111111
2.12305e-09	0.110991
2.12312e-09	0.110871
2.12319e-09	0.110751
2.12326e-09	0.110631
2.12333e-09	0.110511
2.12341e-09	0.110391
2.12348e-09	0.11027
2.12355e-09	0.11015
2.12362e-09	0.110029
2.12369e-09	0.109908
2.12376e-09	0.109787
2.12383e-09	0.109666
2.1239e-09	0.109545
2.12397e-09	0.109424
2.12404e-09	0.109302
2.12411e-09	0.109181
2.12419e-09	0.109059
2.12426e-09	0.108937
2.12433e-09	0.108816
2.1244e-09	0.108694
2.12447e-09	0.108572
2.12454e-09	0.108449
2.12461e-09	0.108327
2.12468e-09	0.108205
2.12475e-09	0.108082
2.12482e-09	0.10796
2.12489e-09	0.107837
2.12497e-09	0.107714
2.12504e-09	0.107591
2.12511e-09	0.107468
2.12518e-09	0.107345
2.12525e-09	0.107221
2.12532e-09	0.107098
2.12539e-09	0.106974
2.12546e-09	0.106851
2.12553e-09	0.106727
2.1256e-09	0.106603
2.12567e-09	0.106479
2.12575e-09	0.106355
2.12582e-09	0.106231
2.12589e-09	0.106107
2.12596e-09	0.105982
2.12603e-09	0.105858
2.1261e-09	0.105733
2.12617e-09	0.105609
2.12624e-09	0.105484
2.12631e-09	0.105359
2.12638e-09	0.105234
2.12646e-09	0.105109
2.12653e-09	0.104983
2.1266e-09	0.104858
2.12667e-09	0.104733
2.12674e-09	0.104607
2.12681e-09	0.104482
2.12688e-09	0.104356
2.12695e-09	0.10423
2.12702e-09	0.104104
2.12709e-09	0.103978
2.12716e-09	0.103852
2.12724e-09	0.103726
2.12731e-09	0.103599
2.12738e-09	0.103473
2.12745e-09	0.103346
2.12752e-09	0.10322
2.12759e-09	0.103093
2.12766e-09	0.102966
2.12773e-09	0.102839
2.1278e-09	0.102712
2.12787e-09	0.102585
2.12794e-09	0.102458
2.12802e-09	0.10233
2.12809e-09	0.102203
2.12816e-09	0.102075
2.12823e-09	0.101948
2.1283e-09	0.10182
2.12837e-09	0.101692
2.12844e-09	0.101564
2.12851e-09	0.101436
2.12858e-09	0.101308
2.12865e-09	0.10118
2.12872e-09	0.101052
2.1288e-09	0.100923
2.12887e-09	0.100795
2.12894e-09	0.100666
2.12901e-09	0.100538
2.12908e-09	0.100409
2.12915e-09	0.10028
2.12922e-09	0.100151
2.12929e-09	0.100022
2.12936e-09	0.099893
2.12943e-09	0.0997638
2.12951e-09	0.0996346
2.12958e-09	0.0995052
2.12965e-09	0.0993757
2.12972e-09	0.0992462
2.12979e-09	0.0991165
2.12986e-09	0.0989868
2.12993e-09	0.098857
2.13e-09	0.0987271
2.13007e-09	0.0985971
2.13014e-09	0.0984671
2.13021e-09	0.0983369
2.13029e-09	0.0982066
2.13036e-09	0.0980763
2.13043e-09	0.0979459
2.1305e-09	0.0978154
2.13057e-09	0.0976848
2.13064e-09	0.0975542
2.13071e-09	0.0974234
2.13078e-09	0.0972926
2.13085e-09	0.0971617
2.13092e-09	0.0970307
2.13099e-09	0.0968996
2.13107e-09	0.0967684
2.13114e-09	0.0966372
2.13121e-09	0.0965059
2.13128e-09	0.0963745
2.13135e-09	0.096243
2.13142e-09	0.0961114
2.13149e-09	0.0959798
2.13156e-09	0.095848
2.13163e-09	0.0957162
2.1317e-09	0.0955843
2.13177e-09	0.0954524
2.13185e-09	0.0953204
2.13192e-09	0.0951882
2.13199e-09	0.095056
2.13206e-09	0.0949238
2.13213e-09	0.0947914
2.1322e-09	0.094659
2.13227e-09	0.0945265
2.13234e-09	0.0943939
2.13241e-09	0.0942613
2.13248e-09	0.0941285
2.13255e-09	0.0939957
2.13263e-09	0.0938629
2.1327e-09	0.0937299
2.13277e-09	0.0935969
2.13284e-09	0.0934638
2.13291e-09	0.0933306
2.13298e-09	0.0931974
2.13305e-09	0.0930641
2.13312e-09	0.0929307
2.13319e-09	0.0927972
2.13326e-09	0.0926637
2.13334e-09	0.0925301
2.13341e-09	0.0923965
2.13348e-09	0.0922627
2.13355e-09	0.0921289
2.13362e-09	0.091995
2.13369e-09	0.0918611
2.13376e-09	0.0917271
2.13383e-09	0.091593
2.1339e-09	0.0914588
2.13397e-09	0.0913246
2.13404e-09	0.0911903
2.13412e-09	0.091056
2.13419e-09	0.0909216
2.13426e-09	0.0907871
2.13433e-09	0.0906525
2.1344e-09	0.0905179
2.13447e-09	0.0903832
2.13454e-09	0.0902485
2.13461e-09	0.0901136
2.13468e-09	0.0899788
2.13475e-09	0.0898438
2.13482e-09	0.0897088
2.1349e-09	0.0895737
2.13497e-09	0.0894386
2.13504e-09	0.0893034
2.13511e-09	0.0891681
2.13518e-09	0.0890328
2.13525e-09	0.0888974
2.13532e-09	0.088762
2.13539e-09	0.0886265
2.13546e-09	0.0884909
2.13553e-09	0.0883553
2.1356e-09	0.0882196
2.13568e-09	0.0880839
2.13575e-09	0.0879481
2.13582e-09	0.0878122
2.13589e-09	0.0876763
2.13596e-09	0.0875403
2.13603e-09	0.0874043
2.1361e-09	0.0872682
2.13617e-09	0.087132
2.13624e-09	0.0869958
2.13631e-09	0.0868595
2.13639e-09	0.0867232
2.13646e-09	0.0865868
2.13653e-09	0.0864504
2.1366e-09	0.0863139
2.13667e-09	0.0861773
2.13674e-09	0.0860407
2.13681e-09	0.0859041
2.13688e-09	0.0857674
2.13695e-09	0.0856306
2.13702e-09	0.0854938
2.13709e-09	0.0853569
2.13717e-09	0.08522
2.13724e-09	0.085083
2.13731e-09	0.084946
2.13738e-09	0.0848089
2.13745e-09	0.0846718
2.13752e-09	0.0845346
2.13759e-09	0.0843974
2.13766e-09	0.0842601
2.13773e-09	0.0841228
2.1378e-09	0.0839854
2.13787e-09	0.0838479
2.13795e-09	0.0837105
2.13802e-09	0.0835729
2.13809e-09	0.0834354
2.13816e-09	0.0832977
2.13823e-09	0.0831601
2.1383e-09	0.0830223
2.13837e-09	0.0828846
2.13844e-09	0.0827468
2.13851e-09	0.0826089
2.13858e-09	0.082471
2.13865e-09	0.082333
2.13873e-09	0.082195
2.1388e-09	0.082057
2.13887e-09	0.0819189
2.13894e-09	0.0817808
2.13901e-09	0.0816426
2.13908e-09	0.0815044
2.13915e-09	0.0813661
2.13922e-09	0.0812278
2.13929e-09	0.0810895
2.13936e-09	0.0809511
2.13943e-09	0.0808126
2.13951e-09	0.0806741
2.13958e-09	0.0805356
2.13965e-09	0.0803971
2.13972e-09	0.0802585
2.13979e-09	0.0801198
2.13986e-09	0.0799812
2.13993e-09	0.0798424
2.14e-09	0.0797037
2.14007e-09	0.0795649
2.14014e-09	0.079426
2.14022e-09	0.0792872
2.14029e-09	0.0791482
2.14036e-09	0.0790093
2.14043e-09	0.0788703
2.1405e-09	0.0787313
2.14057e-09	0.0785922
2.14064e-09	0.0784531
2.14071e-09	0.078314
2.14078e-09	0.0781748
2.14085e-09	0.0780356
2.14092e-09	0.0778963
2.141e-09	0.0777571
2.14107e-09	0.0776177
2.14114e-09	0.0774784
2.14121e-09	0.077339
2.14128e-09	0.0771996
2.14135e-09	0.0770601
2.14142e-09	0.0769207
2.14149e-09	0.0767812
2.14156e-09	0.0766416
2.14163e-09	0.076502
2.1417e-09	0.0763624
2.14178e-09	0.0762228
2.14185e-09	0.0760831
2.14192e-09	0.0759434
2.14199e-09	0.0758037
2.14206e-09	0.0756639
2.14213e-09	0.0755241
2.1422e-09	0.0753843
2.14227e-09	0.0752444
2.14234e-09	0.0751045
2.14241e-09	0.0749646
2.14248e-09	0.0748247
2.14256e-09	0.0746847
2.14263e-09	0.0745447
2.1427e-09	0.0744047
2.14277e-09	0.0742646
2.14284e-09	0.0741246
2.14291e-09	0.0739844
2.14298e-09	0.0738443
2.14305e-09	0.0737042
2.14312e-09	0.073564
2.14319e-09	0.0734238
2.14327e-09	0.0732835
2.14334e-09	0.0731433
2.14341e-09	0.073003
2.14348e-09	0.0728627
2.14355e-09	0.0727224
2.14362e-09	0.072582
2.14369e-09	0.0724416
2.14376e-09	0.0723013
2.14383e-09	0.0721608
2.1439e-09	0.0720204
2.14397e-09	0.0718799
2.14405e-09	0.0717395
2.14412e-09	0.0715989
2.14419e-09	0.0714584
2.14426e-09	0.0713179
2.14433e-09	0.0711773
2.1444e-09	0.0710367
2.14447e-09	0.0708961
2.14454e-09	0.0707555
2.14461e-09	0.0706149
2.14468e-09	0.0704742
2.14475e-09	0.0703335
2.14483e-09	0.0701928
2.1449e-09	0.0700521
2.14497e-09	0.0699114
2.14504e-09	0.0697706
2.14511e-09	0.0696298
2.14518e-09	0.0694891
2.14525e-09	0.0693483
2.14532e-09	0.0692075
2.14539e-09	0.0690666
2.14546e-09	0.0689258
2.14553e-09	0.0687849
2.14561e-09	0.068644
2.14568e-09	0.0685032
2.14575e-09	0.0683623
2.14582e-09	0.0682213
2.14589e-09	0.0680804
2.14596e-09	0.0679395
2.14603e-09	0.0677985
2.1461e-09	0.0676575
2.14617e-09	0.0675166
2.14624e-09	0.0673756
2.14631e-09	0.0672346
2.14639e-09	0.0670936
2.14646e-09	0.0669525
2.14653e-09	0.0668115
2.1466e-09	0.0666704
2.14667e-09	0.0665294
2.14674e-09	0.0663883
2.14681e-09	0.0662473
2.14688e-09	0.0661062
2.14695e-09	0.0659651
2.14702e-09	0.065824
2.1471e-09	0.0656829
2.14717e-09	0.0655418
2.14724e-09	0.0654006
2.14731e-09	0.0652595
2.14738e-09	0.0651184
2.14745e-09	0.0649772
2.14752e-09	0.0648361
2.14759e-09	0.0646949
2.14766e-09	0.0645538
2.14773e-09	0.0644126
2.1478e-09	0.0642714
2.14788e-09	0.0641302
2.14795e-09	0.0639891
2.14802e-09	0.0638479
2.14809e-09	0.0637067
2.14816e-09	0.0635655
2.14823e-09	0.0634243
2.1483e-09	0.0632831
2.14837e-09	0.0631419
2.14844e-09	0.0630007
2.14851e-09	0.0628595
2.14858e-09	0.0627183
2.14866e-09	0.0625771
2.14873e-09	0.0624358
2.1488e-09	0.0622946
2.14887e-09	0.0621534
2.14894e-09	0.0620122
2.14901e-09	0.061871
2.14908e-09	0.0617298
2.14915e-09	0.0615886
2.14922e-09	0.0614474
2.14929e-09	0.0613062
2.14936e-09	0.0611649
2.14944e-09	0.0610237
2.14951e-09	0.0608825
2.14958e-09	0.0607413
2.14965e-09	0.0606001
2.14972e-09	0.0604589
2.14979e-09	0.0603177
2.14986e-09	0.0601766
2.14993e-09	0.0600354
2.15e-09	0.0598942
2.15007e-09	0.059753
2.15015e-09	0.0596118
2.15022e-09	0.0594707
2.15029e-09	0.0593295
2.15036e-09	0.0591884
2.15043e-09	0.0590472
2.1505e-09	0.0589061
2.15057e-09	0.0587649
2.15064e-09	0.0586238
2.15071e-09	0.0584827
2.15078e-09	0.0583415
2.15085e-09	0.0582004
2.15093e-09	0.0580593
2.151e-09	0.0579182
2.15107e-09	0.0577772
2.15114e-09	0.0576361
2.15121e-09	0.057495
2.15128e-09	0.057354
2.15135e-09	0.0572129
2.15142e-09	0.0570719
2.15149e-09	0.0569309
2.15156e-09	0.0567898
2.15163e-09	0.0566488
2.15171e-09	0.0565078
2.15178e-09	0.0563668
2.15185e-09	0.0562259
2.15192e-09	0.0560849
2.15199e-09	0.055944
2.15206e-09	0.055803
2.15213e-09	0.0556621
2.1522e-09	0.0555212
2.15227e-09	0.0553803
2.15234e-09	0.0552394
2.15241e-09	0.0550986
2.15249e-09	0.0549577
2.15256e-09	0.0548169
2.15263e-09	0.054676
2.1527e-09	0.0545352
2.15277e-09	0.0543944
2.15284e-09	0.0542537
2.15291e-09	0.0541129
2.15298e-09	0.0539722
2.15305e-09	0.0538314
2.15312e-09	0.0536907
2.15319e-09	0.05355
2.15327e-09	0.0534093
2.15334e-09	0.0532687
2.15341e-09	0.053128
2.15348e-09	0.0529874
2.15355e-09	0.0528468
2.15362e-09	0.0527062
2.15369e-09	0.0525656
2.15376e-09	0.0524251
2.15383e-09	0.0522846
2.1539e-09	0.0521441
2.15398e-09	0.0520036
2.15405e-09	0.0518631
2.15412e-09	0.0517227
2.15419e-09	0.0515822
2.15426e-09	0.0514418
2.15433e-09	0.0513014
2.1544e-09	0.0511611
2.15447e-09	0.0510207
2.15454e-09	0.0508804
2.15461e-09	0.0507401
2.15468e-09	0.0505998
2.15476e-09	0.0504596
2.15483e-09	0.0503194
2.1549e-09	0.0501792
2.15497e-09	0.050039
2.15504e-09	0.0498988
2.15511e-09	0.0497587
2.15518e-09	0.0496186
2.15525e-09	0.0494785
2.15532e-09	0.0493385
2.15539e-09	0.0491984
2.15546e-09	0.0490584
2.15554e-09	0.0489185
2.15561e-09	0.0487785
2.15568e-09	0.0486386
2.15575e-09	0.0484987
2.15582e-09	0.0483588
2.15589e-09	0.048219
2.15596e-09	0.0480792
2.15603e-09	0.0479394
2.1561e-09	0.0477996
2.15617e-09	0.0476599
2.15624e-09	0.0475202
2.15632e-09	0.0473805
2.15639e-09	0.0472409
2.15646e-09	0.0471013
2.15653e-09	0.0469617
2.1566e-09	0.0468221
2.15667e-09	0.0466826
2.15674e-09	0.0465431
2.15681e-09	0.0464037
2.15688e-09	0.0462642
2.15695e-09	0.0461248
2.15703e-09	0.0459855
2.1571e-09	0.0458461
2.15717e-09	0.0457068
2.15724e-09	0.0455676
2.15731e-09	0.0454283
2.15738e-09	0.0452891
2.15745e-09	0.04515
2.15752e-09	0.0450108
2.15759e-09	0.0448717
2.15766e-09	0.0447327
2.15773e-09	0.0445936
2.15781e-09	0.0444546
2.15788e-09	0.0443157
2.15795e-09	0.0441767
2.15802e-09	0.0440379
2.15809e-09	0.043899
2.15816e-09	0.0437602
2.15823e-09	0.0436214
2.1583e-09	0.0434827
2.15837e-09	0.0433439
2.15844e-09	0.0432053
2.15851e-09	0.0430666
2.15859e-09	0.042928
2.15866e-09	0.0427895
2.15873e-09	0.042651
2.1588e-09	0.0425125
2.15887e-09	0.042374
2.15894e-09	0.0422356
2.15901e-09	0.0420973
2.15908e-09	0.0419589
2.15915e-09	0.0418206
2.15922e-09	0.0416824
2.15929e-09	0.0415442
2.15937e-09	0.041406
2.15944e-09	0.0412679
2.15951e-09	0.0411298
2.15958e-09	0.0409918
2.15965e-09	0.0408538
2.15972e-09	0.0407158
2.15979e-09	0.0405779
2.15986e-09	0.04044
2.15993e-09	0.0403022
2.16e-09	0.0401644
2.16007e-09	0.0400266
2.16015e-09	0.0398889
2.16022e-09	0.0397513
2.16029e-09	0.0396136
2.16036e-09	0.0394761
2.16043e-09	0.0393385
2.1605e-09	0.039201
2.16057e-09	0.0390636
2.16064e-09	0.0389262
2.16071e-09	0.0387889
2.16078e-09	0.0386515
2.16086e-09	0.0385143
2.16093e-09	0.0383771
2.161e-09	0.0382399
2.16107e-09	0.0381028
2.16114e-09	0.0379657
2.16121e-09	0.0378287
2.16128e-09	0.0376917
2.16135e-09	0.0375548
2.16142e-09	0.0374179
2.16149e-09	0.037281
2.16156e-09	0.0371443
2.16164e-09	0.0370075
2.16171e-09	0.0368708
2.16178e-09	0.0367342
2.16185e-09	0.0365976
2.16192e-09	0.036461
2.16199e-09	0.0363245
2.16206e-09	0.0361881
2.16213e-09	0.0360517
2.1622e-09	0.0359154
2.16227e-09	0.0357791
2.16234e-09	0.0356428
2.16242e-09	0.0355066
2.16249e-09	0.0353705
2.16256e-09	0.0352344
2.16263e-09	0.0350984
2.1627e-09	0.0349624
2.16277e-09	0.0348264
2.16284e-09	0.0346906
2.16291e-09	0.0345547
2.16298e-09	0.034419
2.16305e-09	0.0342832
2.16312e-09	0.0341476
2.1632e-09	0.034012
2.16327e-09	0.0338764
2.16334e-09	0.0337409
2.16341e-09	0.0336054
2.16348e-09	0.03347
2.16355e-09	0.0333347
2.16362e-09	0.0331994
2.16369e-09	0.0330642
2.16376e-09	0.032929
2.16383e-09	0.0327939
2.16391e-09	0.0326588
2.16398e-09	0.0325238
2.16405e-09	0.0323889
2.16412e-09	0.032254
2.16419e-09	0.0321191
2.16426e-09	0.0319844
2.16433e-09	0.0318496
2.1644e-09	0.031715
2.16447e-09	0.0315804
2.16454e-09	0.0314458
2.16461e-09	0.0313113
2.16469e-09	0.0311769
2.16476e-09	0.0310425
2.16483e-09	0.0309082
2.1649e-09	0.030774
2.16497e-09	0.0306398
2.16504e-09	0.0305056
2.16511e-09	0.0303716
2.16518e-09	0.0302375
2.16525e-09	0.0301036
2.16532e-09	0.0299697
2.16539e-09	0.0298359
2.16547e-09	0.0297021
2.16554e-09	0.0295684
2.16561e-09	0.0294347
2.16568e-09	0.0293011
2.16575e-09	0.0291676
2.16582e-09	0.0290342
2.16589e-09	0.0289008
2.16596e-09	0.0287674
2.16603e-09	0.0286342
2.1661e-09	0.0285009
2.16617e-09	0.0283678
2.16625e-09	0.0282347
2.16632e-09	0.0281017
2.16639e-09	0.0279687
2.16646e-09	0.0278359
2.16653e-09	0.027703
2.1666e-09	0.0275703
2.16667e-09	0.0274376
2.16674e-09	0.0273049
2.16681e-09	0.0271724
2.16688e-09	0.0270399
2.16695e-09	0.0269074
2.16703e-09	0.0267751
2.1671e-09	0.0266428
2.16717e-09	0.0265105
2.16724e-09	0.0263784
2.16731e-09	0.0262463
2.16738e-09	0.0261142
2.16745e-09	0.0259823
2.16752e-09	0.0258504
2.16759e-09	0.0257186
2.16766e-09	0.0255868
2.16774e-09	0.0254551
2.16781e-09	0.0253235
2.16788e-09	0.0251919
2.16795e-09	0.0250604
2.16802e-09	0.024929
2.16809e-09	0.0247977
2.16816e-09	0.0246664
2.16823e-09	0.0245352
2.1683e-09	0.024404
2.16837e-09	0.024273
2.16844e-09	0.024142
2.16852e-09	0.024011
2.16859e-09	0.0238802
2.16866e-09	0.0237494
2.16873e-09	0.0236187
2.1688e-09	0.023488
2.16887e-09	0.0233575
2.16894e-09	0.023227
2.16901e-09	0.0230965
2.16908e-09	0.0229662
2.16915e-09	0.0228359
2.16922e-09	0.0227057
2.1693e-09	0.0225756
2.16937e-09	0.0224455
2.16944e-09	0.0223155
2.16951e-09	0.0221856
2.16958e-09	0.0220557
2.16965e-09	0.021926
2.16972e-09	0.0217963
2.16979e-09	0.0216667
2.16986e-09	0.0215371
2.16993e-09	0.0214077
2.17e-09	0.0212783
2.17008e-09	0.0211489
2.17015e-09	0.0210197
2.17022e-09	0.0208905
2.17029e-09	0.0207614
2.17036e-09	0.0206324
2.17043e-09	0.0205035
2.1705e-09	0.0203746
2.17057e-09	0.0202458
2.17064e-09	0.0201171
2.17071e-09	0.0199885
2.17079e-09	0.0198599
2.17086e-09	0.0197314
2.17093e-09	0.019603
2.171e-09	0.0194747
2.17107e-09	0.0193465
2.17114e-09	0.0192183
2.17121e-09	0.0190902
2.17128e-09	0.0189622
2.17135e-09	0.0188343
2.17142e-09	0.0187064
2.17149e-09	0.0185787
2.17157e-09	0.018451
2.17164e-09	0.0183234
2.17171e-09	0.0181958
2.17178e-09	0.0180684
2.17185e-09	0.017941
2.17192e-09	0.0178137
2.17199e-09	0.0176865
2.17206e-09	0.0175594
2.17213e-09	0.0174323
2.1722e-09	0.0173054
2.17227e-09	0.0171785
2.17235e-09	0.0170517
2.17242e-09	0.016925
2.17249e-09	0.0167983
2.17256e-09	0.0166718
2.17263e-09	0.0165453
2.1727e-09	0.0164189
2.17277e-09	0.0162926
2.17284e-09	0.0161664
2.17291e-09	0.0160402
2.17298e-09	0.0159141
2.17305e-09	0.0157882
2.17313e-09	0.0156623
2.1732e-09	0.0155365
2.17327e-09	0.0154107
2.17334e-09	0.0152851
2.17341e-09	0.0151596
2.17348e-09	0.0150341
2.17355e-09	0.0149087
2.17362e-09	0.0147834
2.17369e-09	0.0146582
2.17376e-09	0.014533
2.17384e-09	0.014408
2.17391e-09	0.014283
2.17398e-09	0.0141582
2.17405e-09	0.0140334
2.17412e-09	0.0139087
2.17419e-09	0.0137841
2.17426e-09	0.0136596
2.17433e-09	0.0135351
2.1744e-09	0.0134108
2.17447e-09	0.0132865
2.17454e-09	0.0131623
2.17462e-09	0.0130382
2.17469e-09	0.0129142
2.17476e-09	0.0127903
2.17483e-09	0.0126665
2.1749e-09	0.0125428
2.17497e-09	0.0124191
2.17504e-09	0.0122956
2.17511e-09	0.0121721
2.17518e-09	0.0120487
2.17525e-09	0.0119254
2.17532e-09	0.0118022
2.1754e-09	0.0116791
2.17547e-09	0.0115561
2.17554e-09	0.0114331
2.17561e-09	0.0113103
2.17568e-09	0.0111875
2.17575e-09	0.0110649
2.17582e-09	0.0109423
2.17589e-09	0.0108198
2.17596e-09	0.0106975
2.17603e-09	0.0105752
2.1761e-09	0.010453
2.17618e-09	0.0103308
2.17625e-09	0.0102088
2.17632e-09	0.0100869
2.17639e-09	0.00996505
2.17646e-09	0.0098433
2.17653e-09	0.00972165
2.1766e-09	0.00960009
2.17667e-09	0.00947863
2.17674e-09	0.00935725
2.17681e-09	0.00923597
2.17688e-09	0.00911479
2.17696e-09	0.00899369
2.17703e-09	0.00887269
2.1771e-09	0.00875179
2.17717e-09	0.00863098
2.17724e-09	0.00851026
2.17731e-09	0.00838964
2.17738e-09	0.00826911
2.17745e-09	0.00814868
2.17752e-09	0.00802834
2.17759e-09	0.00790809
2.17767e-09	0.00778795
2.17774e-09	0.00766789
2.17781e-09	0.00754794
2.17788e-09	0.00742808
2.17795e-09	0.00730831
2.17802e-09	0.00718864
2.17809e-09	0.00706907
2.17816e-09	0.00694959
2.17823e-09	0.00683021
2.1783e-09	0.00671093
2.17837e-09	0.00659174
2.17845e-09	0.00647266
2.17852e-09	0.00635366
2.17859e-09	0.00623477
2.17866e-09	0.00611597
2.17873e-09	0.00599727
2.1788e-09	0.00587867
2.17887e-09	0.00576017
2.17894e-09	0.00564177
2.17901e-09	0.00552346
2.17908e-09	0.00540525
2.17915e-09	0.00528714
2.17923e-09	0.00516913
2.1793e-09	0.00505122
2.17937e-09	0.00493341
2.17944e-09	0.0048157
2.17951e-09	0.00469809
2.17958e-09	0.00458057
2.17965e-09	0.00446316
2.17972e-09	0.00434585
2.17979e-09	0.00422863
2.17986e-09	0.00411152
2.17993e-09	0.00399451
2.18001e-09	0.0038776
2.18008e-09	0.00376079
2.18015e-09	0.00364408
2.18022e-09	0.00352747
2.18029e-09	0.00341096
2.18036e-09	0.00329455
2.18043e-09	0.00317825
2.1805e-09	0.00306205
2.18057e-09	0.00294595
2.18064e-09	0.00282995
2.18072e-09	0.00271405
2.18079e-09	0.00259826
2.18086e-09	0.00248256
2.18093e-09	0.00236697
2.181e-09	0.00225149
2.18107e-09	0.0021361
2.18114e-09	0.00202082
2.18121e-09	0.00190565
2.18128e-09	0.00179057
2.18135e-09	0.0016756
2.18142e-09	0.00156073
2.1815e-09	0.00144597
2.18157e-09	0.00133131
2.18164e-09	0.00121676
2.18171e-09	0.00110231
2.18178e-09	0.000987961
2.18185e-09	0.00087372
2.18192e-09	0.000759583
2.18199e-09	0.000645551
2.18206e-09	0.000531624
2.18213e-09	0.000417802
2.1822e-09	0.000304086
2.18228e-09	0.000190475
2.18235e-09	7.69691e-05
2.18242e-09	-3.64307e-05
2.18249e-09	-0.000149725
2.18256e-09	-0.000262912
2.18263e-09	-0.000375994
2.1827e-09	-0.00048897
2.18277e-09	-0.000601839
2.18284e-09	-0.000714601
2.18291e-09	-0.000827257
2.18298e-09	-0.000939805
2.18306e-09	-0.00105225
2.18313e-09	-0.00116458
2.1832e-09	-0.00127681
2.18327e-09	-0.00138893
2.18334e-09	-0.00150094
2.18341e-09	-0.00161285
2.18348e-09	-0.00172464
2.18355e-09	-0.00183633
2.18362e-09	-0.00194791
2.18369e-09	-0.00205938
2.18376e-09	-0.00217075
2.18384e-09	-0.002282
2.18391e-09	-0.00239315
2.18398e-09	-0.00250419
2.18405e-09	-0.00261512
2.18412e-09	-0.00272594
2.18419e-09	-0.00283665
2.18426e-09	-0.00294725
2.18433e-09	-0.00305774
2.1844e-09	-0.00316812
2.18447e-09	-0.0032784
2.18455e-09	-0.00338856
2.18462e-09	-0.00349861
2.18469e-09	-0.00360856
2.18476e-09	-0.00371839
2.18483e-09	-0.00382811
2.1849e-09	-0.00393772
2.18497e-09	-0.00404722
2.18504e-09	-0.00415661
2.18511e-09	-0.00426589
2.18518e-09	-0.00437506
2.18525e-09	-0.00448411
2.18533e-09	-0.00459306
2.1854e-09	-0.00470189
2.18547e-09	-0.00481062
2.18554e-09	-0.00491923
2.18561e-09	-0.00502773
2.18568e-09	-0.00513611
2.18575e-09	-0.00524439
2.18582e-09	-0.00535255
2.18589e-09	-0.0054606
2.18596e-09	-0.00556854
2.18603e-09	-0.00567636
2.18611e-09	-0.00578407
2.18618e-09	-0.00589167
2.18625e-09	-0.00599916
2.18632e-09	-0.00610653
2.18639e-09	-0.00621379
2.18646e-09	-0.00632094
2.18653e-09	-0.00642797
2.1866e-09	-0.00653489
2.18667e-09	-0.0066417
2.18674e-09	-0.00674839
2.18681e-09	-0.00685497
2.18689e-09	-0.00696144
2.18696e-09	-0.00706779
2.18703e-09	-0.00717402
2.1871e-09	-0.00728014
2.18717e-09	-0.00738615
2.18724e-09	-0.00749204
2.18731e-09	-0.00759782
2.18738e-09	-0.00770348
2.18745e-09	-0.00780903
2.18752e-09	-0.00791446
2.1876e-09	-0.00801978
2.18767e-09	-0.00812498
2.18774e-09	-0.00823006
2.18781e-09	-0.00833503
2.18788e-09	-0.00843989
2.18795e-09	-0.00854463
2.18802e-09	-0.00864925
2.18809e-09	-0.00875376
2.18816e-09	-0.00885815
2.18823e-09	-0.00896242
2.1883e-09	-0.00906658
2.18838e-09	-0.00917062
2.18845e-09	-0.00927455
2.18852e-09	-0.00937835
2.18859e-09	-0.00948204
2.18866e-09	-0.00958562
2.18873e-09	-0.00968907
2.1888e-09	-0.00979241
2.18887e-09	-0.00989564
2.18894e-09	-0.00999874
2.18901e-09	-0.0101017
2.18908e-09	-0.0102046
2.18916e-09	-0.0103074
2.18923e-09	-0.01041
2.1893e-09	-0.0105125
2.18937e-09	-0.0106149
2.18944e-09	-0.0107172
2.18951e-09	-0.0108193
2.18958e-09	-0.0109214
2.18965e-09	-0.0110233
2.18972e-09	-0.0111251
2.18979e-09	-0.0112268
2.18986e-09	-0.0113284
2.18994e-09	-0.0114298
2.19001e-09	-0.0115311
2.19008e-09	-0.0116324
2.19015e-09	-0.0117334
2.19022e-09	-0.0118344
2.19029e-09	-0.0119353
2.19036e-09	-0.012036
2.19043e-09	-0.0121366
2.1905e-09	-0.0122371
2.19057e-09	-0.0123375
2.19064e-09	-0.0124377
2.19072e-09	-0.0125379
2.19079e-09	-0.0126379
2.19086e-09	-0.0127378
2.19093e-09	-0.0128376
2.191e-09	-0.0129372
2.19107e-09	-0.0130367
2.19114e-09	-0.0131362
2.19121e-09	-0.0132354
2.19128e-09	-0.0133346
2.19135e-09	-0.0134337
2.19143e-09	-0.0135326
2.1915e-09	-0.0136314
2.19157e-09	-0.0137301
2.19164e-09	-0.0138286
2.19171e-09	-0.0139271
2.19178e-09	-0.0140254
2.19185e-09	-0.0141236
2.19192e-09	-0.0142217
2.19199e-09	-0.0143196
2.19206e-09	-0.0144175
2.19213e-09	-0.0145152
2.19221e-09	-0.0146128
2.19228e-09	-0.0147102
2.19235e-09	-0.0148076
2.19242e-09	-0.0149048
2.19249e-09	-0.0150019
2.19256e-09	-0.0150989
2.19263e-09	-0.0151957
2.1927e-09	-0.0152925
2.19277e-09	-0.0153891
2.19284e-09	-0.0154856
2.19291e-09	-0.0155819
2.19299e-09	-0.0156782
2.19306e-09	-0.0157743
2.19313e-09	-0.0158703
2.1932e-09	-0.0159661
2.19327e-09	-0.0160619
2.19334e-09	-0.0161575
2.19341e-09	-0.016253
2.19348e-09	-0.0163484
2.19355e-09	-0.0164436
2.19362e-09	-0.0165388
2.19369e-09	-0.0166338
2.19377e-09	-0.0167286
2.19384e-09	-0.0168234
2.19391e-09	-0.016918
2.19398e-09	-0.0170125
2.19405e-09	-0.0171069
2.19412e-09	-0.0172012
2.19419e-09	-0.0172953
2.19426e-09	-0.0173893
2.19433e-09	-0.0174832
2.1944e-09	-0.0175769
2.19448e-09	-0.0176706
2.19455e-09	-0.0177641
2.19462e-09	-0.0178575
2.19469e-09	-0.0179507
2.19476e-09	-0.0180438
2.19483e-09	-0.0181368
2.1949e-09	-0.0182297
2.19497e-09	-0.0183225
2.19504e-09	-0.0184151
2.19511e-09	-0.0185076
2.19518e-09	-0.0186
2.19526e-09	-0.0186922
2.19533e-09	-0.0187844
2.1954e-09	-0.0188764
2.19547e-09	-0.0189682
2.19554e-09	-0.01906
2.19561e-09	-0.0191516
2.19568e-09	-0.0192431
2.19575e-09	-0.0193345
2.19582e-09	-0.0194257
2.19589e-09	-0.0195168
2.19596e-09	-0.0196078
2.19604e-09	-0.0196987
2.19611e-09	-0.0197894
2.19618e-09	-0.01988
2.19625e-09	-0.0199705
2.19632e-09	-0.0200609
2.19639e-09	-0.0201511
2.19646e-09	-0.0202412
2.19653e-09	-0.0203312
2.1966e-09	-0.020421
2.19667e-09	-0.0205107
2.19674e-09	-0.0206003
2.19682e-09	-0.0206898
2.19689e-09	-0.0207791
2.19696e-09	-0.0208683
2.19703e-09	-0.0209574
2.1971e-09	-0.0210463
2.19717e-09	-0.0211352
2.19724e-09	-0.0212239
2.19731e-09	-0.0213124
2.19738e-09	-0.0214009
2.19745e-09	-0.0214892
2.19752e-09	-0.0215774
2.1976e-09	-0.0216654
2.19767e-09	-0.0217534
2.19774e-09	-0.0218411
2.19781e-09	-0.0219288
2.19788e-09	-0.0220164
2.19795e-09	-0.0221038
2.19802e-09	-0.0221911
2.19809e-09	-0.0222782
2.19816e-09	-0.0223652
2.19823e-09	-0.0224521
2.19831e-09	-0.0225389
2.19838e-09	-0.0226255
2.19845e-09	-0.022712
2.19852e-09	-0.0227984
2.19859e-09	-0.0228847
2.19866e-09	-0.0229708
2.19873e-09	-0.0230568
2.1988e-09	-0.0231427
2.19887e-09	-0.0232284
2.19894e-09	-0.023314
2.19901e-09	-0.0233995
2.19909e-09	-0.0234848
2.19916e-09	-0.02357
2.19923e-09	-0.0236551
2.1993e-09	-0.0237401
2.19937e-09	-0.0238249
2.19944e-09	-0.0239096
2.19951e-09	-0.0239942
2.19958e-09	-0.0240786
2.19965e-09	-0.0241629
2.19972e-09	-0.0242471
2.19979e-09	-0.0243311
2.19987e-09	-0.024415
2.19994e-09	-0.0244988
2.20001e-09	-0.0245825
2.20008e-09	-0.024666
2.20015e-09	-0.0247494
2.20022e-09	-0.0248327
2.20029e-09	-0.0249158
2.20036e-09	-0.0249988
2.20043e-09	-0.0250817
2.2005e-09	-0.0251644
2.20057e-09	-0.025247
2.20065e-09	-0.0253295
2.20072e-09	-0.0254118
2.20079e-09	-0.025494
2.20086e-09	-0.0255761
2.20093e-09	-0.0256581
2.201e-09	-0.0257399
2.20107e-09	-0.0258216
2.20114e-09	-0.0259032
2.20121e-09	-0.0259846
2.20128e-09	-0.0260659
2.20136e-09	-0.026147
2.20143e-09	-0.0262281
2.2015e-09	-0.026309
2.20157e-09	-0.0263898
2.20164e-09	-0.0264704
2.20171e-09	-0.0265509
2.20178e-09	-0.0266313
2.20185e-09	-0.0267115
2.20192e-09	-0.0267916
2.20199e-09	-0.0268716
2.20206e-09	-0.0269515
2.20214e-09	-0.0270312
2.20221e-09	-0.0271108
2.20228e-09	-0.0271902
2.20235e-09	-0.0272695
2.20242e-09	-0.0273487
2.20249e-09	-0.0274278
2.20256e-09	-0.0275067
2.20263e-09	-0.0275855
2.2027e-09	-0.0276642
2.20277e-09	-0.0277427
2.20284e-09	-0.0278211
2.20292e-09	-0.0278993
2.20299e-09	-0.0279775
2.20306e-09	-0.0280555
2.20313e-09	-0.0281333
2.2032e-09	-0.0282111
2.20327e-09	-0.0282887
2.20334e-09	-0.0283661
2.20341e-09	-0.0284435
2.20348e-09	-0.0285207
2.20355e-09	-0.0285977
2.20362e-09	-0.0286747
2.2037e-09	-0.0287515
2.20377e-09	-0.0288281
2.20384e-09	-0.0289047
2.20391e-09	-0.0289811
2.20398e-09	-0.0290573
2.20405e-09	-0.0291335
2.20412e-09	-0.0292095
2.20419e-09	-0.0292854
2.20426e-09	-0.0293611
2.20433e-09	-0.0294367
2.2044e-09	-0.0295122
2.20448e-09	-0.0295875
2.20455e-09	-0.0296627
2.20462e-09	-0.0297378
2.20469e-09	-0.0298127
2.20476e-09	-0.0298875
2.20483e-09	-0.0299622
2.2049e-09	-0.0300367
2.20497e-09	-0.0301111
2.20504e-09	-0.0301854
2.20511e-09	-0.0302595
2.20519e-09	-0.0303335
2.20526e-09	-0.0304074
2.20533e-09	-0.0304812
2.2054e-09	-0.0305548
2.20547e-09	-0.0306282
2.20554e-09	-0.0307016
2.20561e-09	-0.0307748
2.20568e-09	-0.0308478
2.20575e-09	-0.0309208
2.20582e-09	-0.0309936
2.20589e-09	-0.0310662
2.20597e-09	-0.0311387
2.20604e-09	-0.0312111
2.20611e-09	-0.0312834
2.20618e-09	-0.0313555
2.20625e-09	-0.0314275
2.20632e-09	-0.0314994
2.20639e-09	-0.0315711
2.20646e-09	-0.0316427
2.20653e-09	-0.0317142
2.2066e-09	-0.0317855
2.20667e-09	-0.0318567
2.20675e-09	-0.0319277
2.20682e-09	-0.0319987
2.20689e-09	-0.0320694
2.20696e-09	-0.0321401
2.20703e-09	-0.0322106
2.2071e-09	-0.032281
2.20717e-09	-0.0323512
2.20724e-09	-0.0324214
2.20731e-09	-0.0324913
2.20738e-09	-0.0325612
2.20745e-09	-0.0326309
2.20753e-09	-0.0327005
2.2076e-09	-0.0327699
2.20767e-09	-0.0328392
2.20774e-09	-0.0329084
2.20781e-09	-0.0329774
2.20788e-09	-0.0330463
2.20795e-09	-0.0331151
2.20802e-09	-0.0331837
2.20809e-09	-0.0332522
2.20816e-09	-0.0333206
2.20824e-09	-0.0333888
2.20831e-09	-0.0334569
2.20838e-09	-0.0335249
2.20845e-09	-0.0335927
2.20852e-09	-0.0336604
2.20859e-09	-0.033728
2.20866e-09	-0.0337954
2.20873e-09	-0.0338627
2.2088e-09	-0.0339298
2.20887e-09	-0.0339968
2.20894e-09	-0.0340637
2.20902e-09	-0.0341305
2.20909e-09	-0.0341971
2.20916e-09	-0.0342636
2.20923e-09	-0.0343299
2.2093e-09	-0.0343961
2.20937e-09	-0.0344622
2.20944e-09	-0.0345281
2.20951e-09	-0.0345939
2.20958e-09	-0.0346596
2.20965e-09	-0.0347251
2.20972e-09	-0.0347905
2.2098e-09	-0.0348558
2.20987e-09	-0.0349209
2.20994e-09	-0.0349859
2.21001e-09	-0.0350507
2.21008e-09	-0.0351155
2.21015e-09	-0.0351801
2.21022e-09	-0.0352445
2.21029e-09	-0.0353088
2.21036e-09	-0.035373
2.21043e-09	-0.035437
2.2105e-09	-0.035501
2.21058e-09	-0.0355647
2.21065e-09	-0.0356284
2.21072e-09	-0.0356919
2.21079e-09	-0.0357553
2.21086e-09	-0.0358185
2.21093e-09	-0.0358816
2.211e-09	-0.0359445
2.21107e-09	-0.0360074
2.21114e-09	-0.0360701
2.21121e-09	-0.0361326
2.21128e-09	-0.0361951
2.21136e-09	-0.0362573
2.21143e-09	-0.0363195
2.2115e-09	-0.0363815
2.21157e-09	-0.0364434
2.21164e-09	-0.0365051
2.21171e-09	-0.0365668
2.21178e-09	-0.0366282
2.21185e-09	-0.0366896
2.21192e-09	-0.0367508
2.21199e-09	-0.0368119
2.21207e-09	-0.0368728
2.21214e-09	-0.0369336
2.21221e-09	-0.0369942
2.21228e-09	-0.0370548
2.21235e-09	-0.0371152
2.21242e-09	-0.0371754
2.21249e-09	-0.0372356
2.21256e-09	-0.0372955
2.21263e-09	-0.0373554
2.2127e-09	-0.0374151
2.21277e-09	-0.0374747
2.21285e-09	-0.0375341
2.21292e-09	-0.0375935
2.21299e-09	-0.0376526
2.21306e-09	-0.0377117
2.21313e-09	-0.0377706
2.2132e-09	-0.0378294
2.21327e-09	-0.037888
2.21334e-09	-0.0379465
2.21341e-09	-0.0380049
2.21348e-09	-0.0380631
2.21355e-09	-0.0381212
2.21363e-09	-0.0381791
2.2137e-09	-0.038237
2.21377e-09	-0.0382947
2.21384e-09	-0.0383522
2.21391e-09	-0.0384096
2.21398e-09	-0.0384669
2.21405e-09	-0.0385241
2.21412e-09	-0.0385811
2.21419e-09	-0.038638
2.21426e-09	-0.0386947
2.21433e-09	-0.0387513
2.21441e-09	-0.0388078
2.21448e-09	-0.0388641
2.21455e-09	-0.0389203
2.21462e-09	-0.0389764
2.21469e-09	-0.0390323
2.21476e-09	-0.0390881
2.21483e-09	-0.0391438
2.2149e-09	-0.0391993
2.21497e-09	-0.0392547
2.21504e-09	-0.0393099
2.21512e-09	-0.0393651
2.21519e-09	-0.0394201
2.21526e-09	-0.0394749
2.21533e-09	-0.0395296
2.2154e-09	-0.0395842
2.21547e-09	-0.0396386
2.21554e-09	-0.039693
2.21561e-09	-0.0397471
2.21568e-09	-0.0398012
2.21575e-09	-0.0398551
2.21582e-09	-0.0399089
2.2159e-09	-0.0399625
2.21597e-09	-0.040016
2.21604e-09	-0.0400694
2.21611e-09	-0.0401226
2.21618e-09	-0.0401757
2.21625e-09	-0.0402286
2.21632e-09	-0.0402815
2.21639e-09	-0.0403342
2.21646e-09	-0.0403867
2.21653e-09	-0.0404391
2.2166e-09	-0.0404914
2.21668e-09	-0.0405436
2.21675e-09	-0.0405956
2.21682e-09	-0.0406475
2.21689e-09	-0.0406992
2.21696e-09	-0.0407508
2.21703e-09	-0.0408023
2.2171e-09	-0.0408537
2.21717e-09	-0.0409049
2.21724e-09	-0.040956
2.21731e-09	-0.0410069
2.21738e-09	-0.0410577
2.21746e-09	-0.0411084
2.21753e-09	-0.0411589
2.2176e-09	-0.0412093
2.21767e-09	-0.0412596
2.21774e-09	-0.0413097
2.21781e-09	-0.0413597
2.21788e-09	-0.0414096
2.21795e-09	-0.0414593
2.21802e-09	-0.0415089
2.21809e-09	-0.0415584
2.21816e-09	-0.0416077
2.21824e-09	-0.0416569
2.21831e-09	-0.0417059
2.21838e-09	-0.0417549
2.21845e-09	-0.0418037
2.21852e-09	-0.0418523
2.21859e-09	-0.0419008
2.21866e-09	-0.0419492
2.21873e-09	-0.0419975
2.2188e-09	-0.0420456
2.21887e-09	-0.0420936
2.21895e-09	-0.0421414
2.21902e-09	-0.0421891
2.21909e-09	-0.0422367
2.21916e-09	-0.0422842
2.21923e-09	-0.0423315
2.2193e-09	-0.0423787
2.21937e-09	-0.0424257
2.21944e-09	-0.0424726
2.21951e-09	-0.0425194
2.21958e-09	-0.0425661
2.21965e-09	-0.0426126
2.21973e-09	-0.0426589
2.2198e-09	-0.0427052
2.21987e-09	-0.0427513
2.21994e-09	-0.0427973
2.22001e-09	-0.0428431
2.22008e-09	-0.0428888
2.22015e-09	-0.0429344
2.22022e-09	-0.0429798
2.22029e-09	-0.0430252
2.22036e-09	-0.0430703
2.22043e-09	-0.0431154
2.22051e-09	-0.0431603
2.22058e-09	-0.0432051
2.22065e-09	-0.0432497
2.22072e-09	-0.0432942
2.22079e-09	-0.0433386
2.22086e-09	-0.0433828
2.22093e-09	-0.0434269
2.221e-09	-0.0434709
2.22107e-09	-0.0435147
2.22114e-09	-0.0435585
2.22121e-09	-0.043602
2.22129e-09	-0.0436455
2.22136e-09	-0.0436888
2.22143e-09	-0.043732
2.2215e-09	-0.043775
2.22157e-09	-0.0438179
2.22164e-09	-0.0438607
2.22171e-09	-0.0439033
2.22178e-09	-0.0439458
2.22185e-09	-0.0439882
2.22192e-09	-0.0440305
2.222e-09	-0.0440726
2.22207e-09	-0.0441146
2.22214e-09	-0.0441564
2.22221e-09	-0.0441981
2.22228e-09	-0.0442397
2.22235e-09	-0.0442812
2.22242e-09	-0.0443225
2.22249e-09	-0.0443637
2.22256e-09	-0.0444047
2.22263e-09	-0.0444456
2.2227e-09	-0.0444864
2.22278e-09	-0.0445271
2.22285e-09	-0.0445676
2.22292e-09	-0.044608
2.22299e-09	-0.0446483
2.22306e-09	-0.0446884
2.22313e-09	-0.0447284
2.2232e-09	-0.0447682
2.22327e-09	-0.044808
2.22334e-09	-0.0448476
2.22341e-09	-0.044887
2.22348e-09	-0.0449264
2.22356e-09	-0.0449656
2.22363e-09	-0.0450047
2.2237e-09	-0.0450436
2.22377e-09	-0.0450824
2.22384e-09	-0.0451211
2.22391e-09	-0.0451596
2.22398e-09	-0.045198
2.22405e-09	-0.0452363
2.22412e-09	-0.0452745
2.22419e-09	-0.0453125
2.22426e-09	-0.0453504
2.22434e-09	-0.0453881
2.22441e-09	-0.0454258
2.22448e-09	-0.0454632
2.22455e-09	-0.0455006
2.22462e-09	-0.0455378
2.22469e-09	-0.0455749
2.22476e-09	-0.0456119
2.22483e-09	-0.0456488
2.2249e-09	-0.0456855
2.22497e-09	-0.045722
2.22504e-09	-0.0457585
2.22512e-09	-0.0457948
2.22519e-09	-0.045831
2.22526e-09	-0.045867
2.22533e-09	-0.045903
2.2254e-09	-0.0459387
2.22547e-09	-0.0459744
2.22554e-09	-0.0460099
2.22561e-09	-0.0460453
2.22568e-09	-0.0460806
2.22575e-09	-0.0461157
2.22583e-09	-0.0461508
2.2259e-09	-0.0461856
2.22597e-09	-0.0462204
2.22604e-09	-0.046255
2.22611e-09	-0.0462895
2.22618e-09	-0.0463239
2.22625e-09	-0.0463581
2.22632e-09	-0.0463922
2.22639e-09	-0.0464261
2.22646e-09	-0.04646
2.22653e-09	-0.0464937
2.22661e-09	-0.0465273
2.22668e-09	-0.0465607
2.22675e-09	-0.046594
2.22682e-09	-0.0466272
2.22689e-09	-0.0466603
2.22696e-09	-0.0466932
2.22703e-09	-0.046726
2.2271e-09	-0.0467587
2.22717e-09	-0.0467912
2.22724e-09	-0.0468236
2.22731e-09	-0.0468559
2.22739e-09	-0.0468881
2.22746e-09	-0.0469201
2.22753e-09	-0.046952
2.2276e-09	-0.0469838
2.22767e-09	-0.0470154
2.22774e-09	-0.0470469
2.22781e-09	-0.0470783
2.22788e-09	-0.0471096
2.22795e-09	-0.0471407
2.22802e-09	-0.0471717
2.22809e-09	-0.0472025
2.22817e-09	-0.0472333
2.22824e-09	-0.0472639
2.22831e-09	-0.0472944
2.22838e-09	-0.0473247
2.22845e-09	-0.047355
2.22852e-09	-0.047385
2.22859e-09	-0.047415
2.22866e-09	-0.0474449
2.22873e-09	-0.0474746
2.2288e-09	-0.0475041
2.22888e-09	-0.0475336
2.22895e-09	-0.0475629
2.22902e-09	-0.0475921
2.22909e-09	-0.0476212
2.22916e-09	-0.0476502
2.22923e-09	-0.047679
2.2293e-09	-0.0477077
2.22937e-09	-0.0477362
2.22944e-09	-0.0477647
2.22951e-09	-0.047793
2.22958e-09	-0.0478211
2.22966e-09	-0.0478492
2.22973e-09	-0.0478771
2.2298e-09	-0.0479049
2.22987e-09	-0.0479326
2.22994e-09	-0.0479601
2.23001e-09	-0.0479876
2.23008e-09	-0.0480148
2.23015e-09	-0.048042
2.23022e-09	-0.048069
2.23029e-09	-0.048096
2.23036e-09	-0.0481227
2.23044e-09	-0.0481494
2.23051e-09	-0.0481759
2.23058e-09	-0.0482023
2.23065e-09	-0.0482286
2.23072e-09	-0.0482548
2.23079e-09	-0.0482808
2.23086e-09	-0.0483067
2.23093e-09	-0.0483325
2.231e-09	-0.0483581
2.23107e-09	-0.0483836
2.23114e-09	-0.048409
2.23122e-09	-0.0484343
2.23129e-09	-0.0484594
2.23136e-09	-0.0484845
2.23143e-09	-0.0485093
2.2315e-09	-0.0485341
2.23157e-09	-0.0485588
2.23164e-09	-0.0485833
2.23171e-09	-0.0486077
2.23178e-09	-0.0486319
2.23185e-09	-0.0486561
2.23192e-09	-0.0486801
2.232e-09	-0.048704
2.23207e-09	-0.0487277
2.23214e-09	-0.0487514
2.23221e-09	-0.0487749
2.23228e-09	-0.0487983
2.23235e-09	-0.0488216
2.23242e-09	-0.0488447
2.23249e-09	-0.0488677
2.23256e-09	-0.0488906
2.23263e-09	-0.0489134
2.23271e-09	-0.048936
2.23278e-09	-0.0489585
2.23285e-09	-0.0489809
2.23292e-09	-0.0490032
2.23299e-09	-0.0490253
2.23306e-09	-0.0490474
2.23313e-09	-0.0490693
2.2332e-09	-0.049091
2.23327e-09	-0.0491127
2.23334e-09	-0.0491342
2.23341e-09	-0.0491556
2.23349e-09	-0.0491769
2.23356e-09	-0.0491981
2.23363e-09	-0.0492191
2.2337e-09	-0.04924
2.23377e-09	-0.0492608
2.23384e-09	-0.0492815
2.23391e-09	-0.049302
2.23398e-09	-0.0493224
2.23405e-09	-0.0493427
2.23412e-09	-0.0493629
2.23419e-09	-0.0493829
2.23427e-09	-0.0494029
2.23434e-09	-0.0494227
2.23441e-09	-0.0494424
2.23448e-09	-0.0494619
2.23455e-09	-0.0494814
2.23462e-09	-0.0495007
2.23469e-09	-0.0495199
2.23476e-09	-0.0495389
2.23483e-09	-0.0495579
2.2349e-09	-0.0495767
2.23497e-09	-0.0495954
2.23505e-09	-0.049614
2.23512e-09	-0.0496325
2.23519e-09	-0.0496508
2.23526e-09	-0.049669
2.23533e-09	-0.0496871
2.2354e-09	-0.0497051
2.23547e-09	-0.0497229
2.23554e-09	-0.0497407
2.23561e-09	-0.0497583
2.23568e-09	-0.0497758
2.23576e-09	-0.0497931
2.23583e-09	-0.0498104
2.2359e-09	-0.0498275
2.23597e-09	-0.0498445
2.23604e-09	-0.0498614
2.23611e-09	-0.0498782
2.23618e-09	-0.0498948
2.23625e-09	-0.0499113
2.23632e-09	-0.0499277
2.23639e-09	-0.049944
2.23646e-09	-0.0499602
2.23654e-09	-0.0499762
2.23661e-09	-0.0499922
2.23668e-09	-0.050008
2.23675e-09	-0.0500236
2.23682e-09	-0.0500392
2.23689e-09	-0.0500547
2.23696e-09	-0.05007
2.23703e-09	-0.0500852
2.2371e-09	-0.0501003
2.23717e-09	-0.0501152
2.23724e-09	-0.0501301
2.23732e-09	-0.0501448
2.23739e-09	-0.0501594
2.23746e-09	-0.0501739
2.23753e-09	-0.0501883
2.2376e-09	-0.0502025
2.23767e-09	-0.0502167
2.23774e-09	-0.0502307
2.23781e-09	-0.0502446
2.23788e-09	-0.0502583
2.23795e-09	-0.050272
2.23802e-09	-0.0502855
2.2381e-09	-0.050299
2.23817e-09	-0.0503123
2.23824e-09	-0.0503254
2.23831e-09	-0.0503385
2.23838e-09	-0.0503515
2.23845e-09	-0.0503643
2.23852e-09	-0.050377
2.23859e-09	-0.0503896
2.23866e-09	-0.0504021
2.23873e-09	-0.0504144
2.2388e-09	-0.0504267
2.23888e-09	-0.0504388
2.23895e-09	-0.0504508
2.23902e-09	-0.0504627
2.23909e-09	-0.0504745
2.23916e-09	-0.0504862
2.23923e-09	-0.0504977
2.2393e-09	-0.0505091
2.23937e-09	-0.0505204
2.23944e-09	-0.0505316
2.23951e-09	-0.0505427
2.23959e-09	-0.0505536
2.23966e-09	-0.0505645
2.23973e-09	-0.0505752
2.2398e-09	-0.0505858
2.23987e-09	-0.0505963
2.23994e-09	-0.0506067
2.24001e-09	-0.050617
2.24008e-09	-0.0506271
2.24015e-09	-0.0506371
2.24022e-09	-0.0506471
2.24029e-09	-0.0506569
2.24037e-09	-0.0506665
2.24044e-09	-0.0506761
2.24051e-09	-0.0506856
2.24058e-09	-0.0506949
2.24065e-09	-0.0507041
2.24072e-09	-0.0507132
2.24079e-09	-0.0507222
2.24086e-09	-0.0507311
2.24093e-09	-0.0507399
2.241e-09	-0.0507485
2.24107e-09	-0.0507571
2.24115e-09	-0.0507655
2.24122e-09	-0.0507738
2.24129e-09	-0.050782
2.24136e-09	-0.0507901
2.24143e-09	-0.050798
2.2415e-09	-0.0508059
2.24157e-09	-0.0508136
2.24164e-09	-0.0508212
2.24171e-09	-0.0508287
2.24178e-09	-0.0508361
2.24185e-09	-0.0508434
2.24193e-09	-0.0508506
2.242e-09	-0.0508576
2.24207e-09	-0.0508646
2.24214e-09	-0.0508714
2.24221e-09	-0.0508781
2.24228e-09	-0.0508847
2.24235e-09	-0.0508912
2.24242e-09	-0.0508976
2.24249e-09	-0.0509039
2.24256e-09	-0.05091
2.24264e-09	-0.0509161
2.24271e-09	-0.050922
2.24278e-09	-0.0509278
2.24285e-09	-0.0509335
2.24292e-09	-0.0509391
2.24299e-09	-0.0509446
2.24306e-09	-0.05095
2.24313e-09	-0.0509552
2.2432e-09	-0.0509604
2.24327e-09	-0.0509654
2.24334e-09	-0.0509703
2.24342e-09	-0.0509752
2.24349e-09	-0.0509799
2.24356e-09	-0.0509844
2.24363e-09	-0.0509889
2.2437e-09	-0.0509933
2.24377e-09	-0.0509976
2.24384e-09	-0.0510017
2.24391e-09	-0.0510057
2.24398e-09	-0.0510097
2.24405e-09	-0.0510135
2.24412e-09	-0.0510172
2.2442e-09	-0.0510208
2.24427e-09	-0.0510243
2.24434e-09	-0.0510276
2.24441e-09	-0.0510309
2.24448e-09	-0.0510341
2.24455e-09	-0.0510371
2.24462e-09	-0.05104
2.24469e-09	-0.0510429
2.24476e-09	-0.0510456
2.24483e-09	-0.0510482
2.2449e-09	-0.0510507
2.24498e-09	-0.0510531
2.24505e-09	-0.0510554
2.24512e-09	-0.0510575
2.24519e-09	-0.0510596
2.24526e-09	-0.0510616
2.24533e-09	-0.0510634
2.2454e-09	-0.0510652
2.24547e-09	-0.0510668
2.24554e-09	-0.0510683
2.24561e-09	-0.0510697
2.24569e-09	-0.051071
2.24576e-09	-0.0510722
2.24583e-09	-0.0510733
2.2459e-09	-0.0510743
2.24597e-09	-0.0510752
2.24604e-09	-0.0510759
2.24611e-09	-0.0510766
2.24618e-09	-0.0510772
2.24625e-09	-0.0510776
2.24632e-09	-0.0510779
2.24639e-09	-0.0510782
2.24647e-09	-0.0510783
2.24654e-09	-0.0510783
2.24661e-09	-0.0510782
2.24668e-09	-0.051078
2.24675e-09	-0.0510777
2.24682e-09	-0.0510773
2.24689e-09	-0.0510768
2.24696e-09	-0.0510762
2.24703e-09	-0.0510755
2.2471e-09	-0.0510746
2.24717e-09	-0.0510737
2.24725e-09	-0.0510727
2.24732e-09	-0.0510715
2.24739e-09	-0.0510703
2.24746e-09	-0.0510689
2.24753e-09	-0.0510674
2.2476e-09	-0.0510659
2.24767e-09	-0.0510642
2.24774e-09	-0.0510624
2.24781e-09	-0.0510605
2.24788e-09	-0.0510585
2.24795e-09	-0.0510564
2.24803e-09	-0.0510542
2.2481e-09	-0.0510519
2.24817e-09	-0.0510495
2.24824e-09	-0.051047
2.24831e-09	-0.0510444
2.24838e-09	-0.0510417
2.24845e-09	-0.0510389
2.24852e-09	-0.0510359
2.24859e-09	-0.0510329
2.24866e-09	-0.0510298
2.24873e-09	-0.0510265
2.24881e-09	-0.0510232
2.24888e-09	-0.0510197
2.24895e-09	-0.0510162
2.24902e-09	-0.0510125
2.24909e-09	-0.0510088
2.24916e-09	-0.0510049
2.24923e-09	-0.051001
2.2493e-09	-0.0509969
2.24937e-09	-0.0509928
2.24944e-09	-0.0509885
2.24952e-09	-0.0509841
2.24959e-09	-0.0509797
2.24966e-09	-0.0509751
2.24973e-09	-0.0509704
2.2498e-09	-0.0509656
2.24987e-09	-0.0509608
2.24994e-09	-0.0509558
2.25001e-09	-0.0509507
2.25008e-09	-0.0509455
2.25015e-09	-0.0509402
2.25022e-09	-0.0509349
2.2503e-09	-0.0509294
2.25037e-09	-0.0509238
2.25044e-09	-0.0509181
2.25051e-09	-0.0509123
2.25058e-09	-0.0509064
2.25065e-09	-0.0509004
2.25072e-09	-0.0508944
2.25079e-09	-0.0508882
2.25086e-09	-0.0508819
2.25093e-09	-0.0508755
2.251e-09	-0.050869
2.25108e-09	-0.0508624
2.25115e-09	-0.0508557
2.25122e-09	-0.0508489
2.25129e-09	-0.0508421
2.25136e-09	-0.0508351
2.25143e-09	-0.050828
2.2515e-09	-0.0508208
2.25157e-09	-0.0508135
2.25164e-09	-0.0508061
2.25171e-09	-0.0507987
2.25178e-09	-0.0507911
2.25186e-09	-0.0507834
2.25193e-09	-0.0507756
2.252e-09	-0.0507678
2.25207e-09	-0.0507598
2.25214e-09	-0.0507517
2.25221e-09	-0.0507436
2.25228e-09	-0.0507353
2.25235e-09	-0.0507269
2.25242e-09	-0.0507185
2.25249e-09	-0.0507099
2.25257e-09	-0.0507013
2.25264e-09	-0.0506925
2.25271e-09	-0.0506837
2.25278e-09	-0.0506747
2.25285e-09	-0.0506657
2.25292e-09	-0.0506565
2.25299e-09	-0.0506473
2.25306e-09	-0.050638
2.25313e-09	-0.0506285
2.2532e-09	-0.050619
2.25327e-09	-0.0506094
2.25335e-09	-0.0505997
2.25342e-09	-0.0505899
2.25349e-09	-0.05058
2.25356e-09	-0.0505699
2.25363e-09	-0.0505598
2.2537e-09	-0.0505497
2.25377e-09	-0.0505394
2.25384e-09	-0.050529
2.25391e-09	-0.0505185
2.25398e-09	-0.0505079
2.25405e-09	-0.0504972
2.25413e-09	-0.0504865
2.2542e-09	-0.0504756
2.25427e-09	-0.0504647
2.25434e-09	-0.0504536
2.25441e-09	-0.0504425
2.25448e-09	-0.0504312
2.25455e-09	-0.0504199
2.25462e-09	-0.0504085
2.25469e-09	-0.050397
2.25476e-09	-0.0503853
2.25483e-09	-0.0503736
2.25491e-09	-0.0503618
2.25498e-09	-0.0503499
2.25505e-09	-0.050338
2.25512e-09	-0.0503259
2.25519e-09	-0.0503137
2.25526e-09	-0.0503014
2.25533e-09	-0.0502891
2.2554e-09	-0.0502766
2.25547e-09	-0.0502641
2.25554e-09	-0.0502515
2.25561e-09	-0.0502387
2.25569e-09	-0.0502259
2.25576e-09	-0.050213
2.25583e-09	-0.0502
2.2559e-09	-0.0501869
2.25597e-09	-0.0501737
2.25604e-09	-0.0501604
2.25611e-09	-0.0501471
2.25618e-09	-0.0501336
2.25625e-09	-0.0501201
2.25632e-09	-0.0501064
2.2564e-09	-0.0500927
2.25647e-09	-0.0500789
2.25654e-09	-0.0500649
2.25661e-09	-0.0500509
2.25668e-09	-0.0500368
2.25675e-09	-0.0500226
2.25682e-09	-0.0500084
2.25689e-09	-0.049994
2.25696e-09	-0.0499795
2.25703e-09	-0.049965
2.2571e-09	-0.0499504
2.25718e-09	-0.0499356
2.25725e-09	-0.0499208
2.25732e-09	-0.0499059
2.25739e-09	-0.0498909
2.25746e-09	-0.0498758
2.25753e-09	-0.0498607
2.2576e-09	-0.0498454
2.25767e-09	-0.04983
2.25774e-09	-0.0498146
2.25781e-09	-0.0497991
2.25788e-09	-0.0497835
2.25796e-09	-0.0497678
2.25803e-09	-0.049752
2.2581e-09	-0.0497361
2.25817e-09	-0.0497201
2.25824e-09	-0.0497041
2.25831e-09	-0.0496879
2.25838e-09	-0.0496717
2.25845e-09	-0.0496554
2.25852e-09	-0.049639
2.25859e-09	-0.0496225
2.25866e-09	-0.0496059
2.25874e-09	-0.0495892
2.25881e-09	-0.0495725
2.25888e-09	-0.0495556
2.25895e-09	-0.0495387
2.25902e-09	-0.0495217
2.25909e-09	-0.0495046
2.25916e-09	-0.0494874
2.25923e-09	-0.0494702
2.2593e-09	-0.0494528
2.25937e-09	-0.0494354
2.25945e-09	-0.0494178
2.25952e-09	-0.0494002
2.25959e-09	-0.0493825
2.25966e-09	-0.0493647
2.25973e-09	-0.0493469
2.2598e-09	-0.0493289
2.25987e-09	-0.0493109
2.25994e-09	-0.0492927
2.26001e-09	-0.0492745
2.26008e-09	-0.0492562
2.26015e-09	-0.0492379
2.26023e-09	-0.0492194
2.2603e-09	-0.0492009
2.26037e-09	-0.0491822
2.26044e-09	-0.0491635
2.26051e-09	-0.0491447
2.26058e-09	-0.0491258
2.26065e-09	-0.0491069
2.26072e-09	-0.0490878
2.26079e-09	-0.0490687
2.26086e-09	-0.0490495
2.26093e-09	-0.0490302
2.26101e-09	-0.0490108
2.26108e-09	-0.0489913
2.26115e-09	-0.0489718
2.26122e-09	-0.0489522
2.26129e-09	-0.0489325
2.26136e-09	-0.0489127
2.26143e-09	-0.0488928
2.2615e-09	-0.0488728
2.26157e-09	-0.0488528
2.26164e-09	-0.0488327
2.26171e-09	-0.0488125
2.26179e-09	-0.0487922
2.26186e-09	-0.0487718
2.26193e-09	-0.0487514
2.262e-09	-0.0487308
2.26207e-09	-0.0487102
2.26214e-09	-0.0486895
2.26221e-09	-0.0486688
2.26228e-09	-0.0486479
2.26235e-09	-0.048627
2.26242e-09	-0.048606
2.26249e-09	-0.0485849
2.26257e-09	-0.0485637
2.26264e-09	-0.0485425
2.26271e-09	-0.0485211
2.26278e-09	-0.0484997
2.26285e-09	-0.0484782
2.26292e-09	-0.0484567
2.26299e-09	-0.048435
2.26306e-09	-0.0484133
2.26313e-09	-0.0483915
2.2632e-09	-0.0483696
2.26328e-09	-0.0483476
2.26335e-09	-0.0483256
2.26342e-09	-0.0483034
2.26349e-09	-0.0482812
2.26356e-09	-0.048259
2.26363e-09	-0.0482366
2.2637e-09	-0.0482142
2.26377e-09	-0.0481916
2.26384e-09	-0.0481691
2.26391e-09	-0.0481464
2.26398e-09	-0.0481236
2.26406e-09	-0.0481008
2.26413e-09	-0.0480779
2.2642e-09	-0.0480549
2.26427e-09	-0.0480319
2.26434e-09	-0.0480087
2.26441e-09	-0.0479855
2.26448e-09	-0.0479622
2.26455e-09	-0.0479389
2.26462e-09	-0.0479154
2.26469e-09	-0.0478919
2.26476e-09	-0.0478683
2.26484e-09	-0.0478447
2.26491e-09	-0.0478209
2.26498e-09	-0.0477971
2.26505e-09	-0.0477732
2.26512e-09	-0.0477492
2.26519e-09	-0.0477252
2.26526e-09	-0.047701
2.26533e-09	-0.0476769
2.2654e-09	-0.0476526
2.26547e-09	-0.0476282
2.26554e-09	-0.0476038
2.26562e-09	-0.0475793
2.26569e-09	-0.0475547
2.26576e-09	-0.0475301
2.26583e-09	-0.0475054
2.2659e-09	-0.0474806
2.26597e-09	-0.0474557
2.26604e-09	-0.0474308
2.26611e-09	-0.0474058
2.26618e-09	-0.0473807
2.26625e-09	-0.0473555
2.26633e-09	-0.0473303
2.2664e-09	-0.047305
2.26647e-09	-0.0472796
2.26654e-09	-0.0472541
2.26661e-09	-0.0472286
2.26668e-09	-0.047203
2.26675e-09	-0.0471773
2.26682e-09	-0.0471516
2.26689e-09	-0.0471258
2.26696e-09	-0.0470999
2.26703e-09	-0.0470739
2.26711e-09	-0.0470479
2.26718e-09	-0.0470218
2.26725e-09	-0.0469956
2.26732e-09	-0.0469693
2.26739e-09	-0.046943
2.26746e-09	-0.0469166
2.26753e-09	-0.0468902
2.2676e-09	-0.0468636
2.26767e-09	-0.046837
2.26774e-09	-0.0468103
2.26781e-09	-0.0467836
2.26789e-09	-0.0467568
2.26796e-09	-0.0467299
2.26803e-09	-0.0467029
2.2681e-09	-0.0466759
2.26817e-09	-0.0466488
2.26824e-09	-0.0466216
2.26831e-09	-0.0465944
2.26838e-09	-0.0465671
2.26845e-09	-0.0465397
2.26852e-09	-0.0465123
2.26859e-09	-0.0464848
2.26867e-09	-0.0464572
2.26874e-09	-0.0464295
2.26881e-09	-0.0464018
2.26888e-09	-0.046374
2.26895e-09	-0.0463462
2.26902e-09	-0.0463182
2.26909e-09	-0.0462902
2.26916e-09	-0.0462622
2.26923e-09	-0.046234
2.2693e-09	-0.0462058
2.26937e-09	-0.0461776
2.26945e-09	-0.0461492
2.26952e-09	-0.0461208
2.26959e-09	-0.0460924
2.26966e-09	-0.0460638
2.26973e-09	-0.0460352
2.2698e-09	-0.0460066
2.26987e-09	-0.0459778
2.26994e-09	-0.045949
2.27001e-09	-0.0459202
2.27008e-09	-0.0458912
2.27016e-09	-0.0458622
2.27023e-09	-0.0458331
2.2703e-09	-0.045804
2.27037e-09	-0.0457748
2.27044e-09	-0.0457455
2.27051e-09	-0.0457162
2.27058e-09	-0.0456868
2.27065e-09	-0.0456573
2.27072e-09	-0.0456278
2.27079e-09	-0.0455982
2.27086e-09	-0.0455686
2.27094e-09	-0.0455388
2.27101e-09	-0.045509
2.27108e-09	-0.0454792
2.27115e-09	-0.0454493
2.27122e-09	-0.0454193
2.27129e-09	-0.0453892
2.27136e-09	-0.0453591
2.27143e-09	-0.045329
2.2715e-09	-0.0452987
2.27157e-09	-0.0452684
2.27164e-09	-0.045238
2.27172e-09	-0.0452076
2.27179e-09	-0.0451771
2.27186e-09	-0.0451466
2.27193e-09	-0.0451159
2.272e-09	-0.0450853
2.27207e-09	-0.0450545
2.27214e-09	-0.0450237
2.27221e-09	-0.0449928
2.27228e-09	-0.0449619
2.27235e-09	-0.0449309
2.27242e-09	-0.0448999
2.2725e-09	-0.0448687
2.27257e-09	-0.0448376
2.27264e-09	-0.0448063
2.27271e-09	-0.044775
2.27278e-09	-0.0447436
2.27285e-09	-0.0447122
2.27292e-09	-0.0446807
2.27299e-09	-0.0446492
2.27306e-09	-0.0446176
2.27313e-09	-0.0445859
2.27321e-09	-0.0445542
2.27328e-09	-0.0445224
2.27335e-09	-0.0444905
2.27342e-09	-0.0444586
2.27349e-09	-0.0444266
2.27356e-09	-0.0443946
2.27363e-09	-0.0443625
2.2737e-09	-0.0443304
2.27377e-09	-0.0442981
2.27384e-09	-0.0442659
2.27391e-09	-0.0442335
2.27399e-09	-0.0442012
2.27406e-09	-0.0441687
2.27413e-09	-0.0441362
2.2742e-09	-0.0441036
2.27427e-09	-0.044071
2.27434e-09	-0.0440383
2.27441e-09	-0.0440056
2.27448e-09	-0.0439728
2.27455e-09	-0.0439399
2.27462e-09	-0.043907
2.27469e-09	-0.043874
2.27477e-09	-0.043841
2.27484e-09	-0.0438079
2.27491e-09	-0.0437747
2.27498e-09	-0.0437415
2.27505e-09	-0.0437083
2.27512e-09	-0.0436749
2.27519e-09	-0.0436416
2.27526e-09	-0.0436081
2.27533e-09	-0.0435746
2.2754e-09	-0.0435411
2.27547e-09	-0.0435075
2.27555e-09	-0.0434738
2.27562e-09	-0.0434401
2.27569e-09	-0.0434063
2.27576e-09	-0.0433725
2.27583e-09	-0.0433386
2.2759e-09	-0.0433047
2.27597e-09	-0.0432707
2.27604e-09	-0.0432366
2.27611e-09	-0.0432025
2.27618e-09	-0.0431684
2.27625e-09	-0.0431341
2.27633e-09	-0.0430999
2.2764e-09	-0.0430655
2.27647e-09	-0.0430312
2.27654e-09	-0.0429967
2.27661e-09	-0.0429622
2.27668e-09	-0.0429277
2.27675e-09	-0.0428931
2.27682e-09	-0.0428584
2.27689e-09	-0.0428237
2.27696e-09	-0.042789
2.27704e-09	-0.0427542
2.27711e-09	-0.0427193
2.27718e-09	-0.0426844
2.27725e-09	-0.0426494
2.27732e-09	-0.0426144
2.27739e-09	-0.0425793
2.27746e-09	-0.0425441
2.27753e-09	-0.042509
2.2776e-09	-0.0424737
2.27767e-09	-0.0424384
2.27774e-09	-0.0424031
2.27782e-09	-0.0423677
2.27789e-09	-0.0423322
2.27796e-09	-0.0422967
2.27803e-09	-0.0422612
2.2781e-09	-0.0422256
2.27817e-09	-0.0421899
2.27824e-09	-0.0421542
2.27831e-09	-0.0421185
2.27838e-09	-0.0420827
2.27845e-09	-0.0420468
2.27852e-09	-0.0420109
2.2786e-09	-0.0419749
2.27867e-09	-0.0419389
2.27874e-09	-0.0419028
2.27881e-09	-0.0418667
2.27888e-09	-0.0418306
2.27895e-09	-0.0417944
2.27902e-09	-0.0417581
2.27909e-09	-0.0417218
2.27916e-09	-0.0416854
2.27923e-09	-0.041649
2.2793e-09	-0.0416125
2.27938e-09	-0.041576
2.27945e-09	-0.0415395
2.27952e-09	-0.0415029
2.27959e-09	-0.0414662
2.27966e-09	-0.0414295
2.27973e-09	-0.0413927
2.2798e-09	-0.0413559
2.27987e-09	-0.0413191
2.27994e-09	-0.0412822
2.28001e-09	-0.0412452
2.28009e-09	-0.0412082
2.28016e-09	-0.0411712
2.28023e-09	-0.0411341
2.2803e-09	-0.041097
2.28037e-09	-0.0410598
2.28044e-09	-0.0410225
2.28051e-09	-0.0409853
2.28058e-09	-0.0409479
2.28065e-09	-0.0409105
2.28072e-09	-0.0408731
2.28079e-09	-0.0408357
2.28087e-09	-0.0407981
2.28094e-09	-0.0407606
2.28101e-09	-0.040723
2.28108e-09	-0.0406853
2.28115e-09	-0.0406476
2.28122e-09	-0.0406099
2.28129e-09	-0.0405721
2.28136e-09	-0.0405342
2.28143e-09	-0.0404963
2.2815e-09	-0.0404584
2.28157e-09	-0.0404204
2.28165e-09	-0.0403824
2.28172e-09	-0.0403444
2.28179e-09	-0.0403062
2.28186e-09	-0.0402681
2.28193e-09	-0.0402299
2.282e-09	-0.0401916
2.28207e-09	-0.0401533
2.28214e-09	-0.040115
2.28221e-09	-0.0400766
2.28228e-09	-0.0400382
2.28235e-09	-0.0399997
2.28243e-09	-0.0399612
2.2825e-09	-0.0399227
2.28257e-09	-0.0398841
2.28264e-09	-0.0398455
2.28271e-09	-0.0398068
2.28278e-09	-0.039768
2.28285e-09	-0.0397293
2.28292e-09	-0.0396905
2.28299e-09	-0.0396516
2.28306e-09	-0.0396127
2.28313e-09	-0.0395738
2.28321e-09	-0.0395348
2.28328e-09	-0.0394958
2.28335e-09	-0.0394567
2.28342e-09	-0.0394176
2.28349e-09	-0.0393784
2.28356e-09	-0.0393393
2.28363e-09	-0.0393
2.2837e-09	-0.0392607
2.28377e-09	-0.0392214
2.28384e-09	-0.0391821
2.28392e-09	-0.0391427
2.28399e-09	-0.0391032
2.28406e-09	-0.0390638
2.28413e-09	-0.0390242
2.2842e-09	-0.0389847
2.28427e-09	-0.0389451
2.28434e-09	-0.0389054
2.28441e-09	-0.0388658
2.28448e-09	-0.038826
2.28455e-09	-0.0387863
2.28462e-09	-0.0387465
2.2847e-09	-0.0387066
2.28477e-09	-0.0386667
2.28484e-09	-0.0386268
2.28491e-09	-0.0385869
2.28498e-09	-0.0385469
2.28505e-09	-0.0385068
2.28512e-09	-0.0384668
2.28519e-09	-0.0384266
2.28526e-09	-0.0383865
2.28533e-09	-0.0383463
2.2854e-09	-0.0383061
2.28548e-09	-0.0382658
2.28555e-09	-0.0382255
2.28562e-09	-0.0381851
2.28569e-09	-0.0381448
2.28576e-09	-0.0381043
2.28583e-09	-0.0380639
2.2859e-09	-0.0380234
2.28597e-09	-0.0379829
2.28604e-09	-0.0379423
2.28611e-09	-0.0379017
2.28618e-09	-0.037861
2.28626e-09	-0.0378204
2.28633e-09	-0.0377796
2.2864e-09	-0.0377389
2.28647e-09	-0.0376981
2.28654e-09	-0.0376573
2.28661e-09	-0.0376164
2.28668e-09	-0.0375755
2.28675e-09	-0.0375346
2.28682e-09	-0.0374936
2.28689e-09	-0.0374526
2.28697e-09	-0.0374116
2.28704e-09	-0.0373705
2.28711e-09	-0.0373294
2.28718e-09	-0.0372882
2.28725e-09	-0.037247
2.28732e-09	-0.0372058
2.28739e-09	-0.0371646
2.28746e-09	-0.0371233
2.28753e-09	-0.037082
2.2876e-09	-0.0370406
2.28767e-09	-0.0369992
2.28775e-09	-0.0369578
2.28782e-09	-0.0369163
2.28789e-09	-0.0368748
2.28796e-09	-0.0368333
2.28803e-09	-0.0367918
2.2881e-09	-0.0367502
2.28817e-09	-0.0367085
2.28824e-09	-0.0366669
2.28831e-09	-0.0366252
2.28838e-09	-0.0365835
2.28845e-09	-0.0365417
2.28853e-09	-0.0364999
2.2886e-09	-0.0364581
2.28867e-09	-0.0364162
2.28874e-09	-0.0363743
2.28881e-09	-0.0363324
2.28888e-09	-0.0362905
2.28895e-09	-0.0362485
2.28902e-09	-0.0362065
2.28909e-09	-0.0361644
2.28916e-09	-0.0361223
2.28923e-09	-0.0360802
2.28931e-09	-0.0360381
2.28938e-09	-0.0359959
2.28945e-09	-0.0359537
2.28952e-09	-0.0359114
2.28959e-09	-0.0358692
2.28966e-09	-0.0358269
2.28973e-09	-0.0357845
2.2898e-09	-0.0357422
2.28987e-09	-0.0356998
2.28994e-09	-0.0356574
2.29001e-09	-0.0356149
2.29009e-09	-0.0355724
2.29016e-09	-0.0355299
2.29023e-09	-0.0354874
2.2903e-09	-0.0354448
2.29037e-09	-0.0354022
2.29044e-09	-0.0353596
2.29051e-09	-0.0353169
2.29058e-09	-0.0352742
2.29065e-09	-0.0352315
2.29072e-09	-0.0351888
2.2908e-09	-0.035146
2.29087e-09	-0.0351032
2.29094e-09	-0.0350603
2.29101e-09	-0.0350175
2.29108e-09	-0.0349746
2.29115e-09	-0.0349317
2.29122e-09	-0.0348887
2.29129e-09	-0.0348458
2.29136e-09	-0.0348028
2.29143e-09	-0.0347597
2.2915e-09	-0.0347167
2.29158e-09	-0.0346736
2.29165e-09	-0.0346305
2.29172e-09	-0.0345873
2.29179e-09	-0.0345442
2.29186e-09	-0.034501
2.29193e-09	-0.0344578
2.292e-09	-0.0344145
2.29207e-09	-0.0343712
2.29214e-09	-0.0343279
2.29221e-09	-0.0342846
2.29228e-09	-0.0342413
2.29236e-09	-0.0341979
2.29243e-09	-0.0341545
2.2925e-09	-0.034111
2.29257e-09	-0.0340676
2.29264e-09	-0.0340241
2.29271e-09	-0.0339806
2.29278e-09	-0.0339371
2.29285e-09	-0.0338935
2.29292e-09	-0.0338499
2.29299e-09	-0.0338063
2.29306e-09	-0.0337627
2.29314e-09	-0.033719
2.29321e-09	-0.0336753
2.29328e-09	-0.0336316
2.29335e-09	-0.0335879
2.29342e-09	-0.0335442
2.29349e-09	-0.0335004
2.29356e-09	-0.0334566
2.29363e-09	-0.0334127
2.2937e-09	-0.0333689
2.29377e-09	-0.033325
2.29385e-09	-0.0332811
2.29392e-09	-0.0332372
2.29399e-09	-0.0331932
2.29406e-09	-0.0331493
2.29413e-09	-0.0331053
2.2942e-09	-0.0330613
2.29427e-09	-0.0330172
2.29434e-09	-0.0329732
2.29441e-09	-0.0329291
2.29448e-09	-0.032885
2.29455e-09	-0.0328409
2.29463e-09	-0.0327967
2.2947e-09	-0.0327525
2.29477e-09	-0.0327083
2.29484e-09	-0.0326641
2.29491e-09	-0.0326199
2.29498e-09	-0.0325756
2.29505e-09	-0.0325314
2.29512e-09	-0.032487
2.29519e-09	-0.0324427
2.29526e-09	-0.0323984
2.29533e-09	-0.032354
2.29541e-09	-0.0323096
2.29548e-09	-0.0322652
2.29555e-09	-0.0322208
2.29562e-09	-0.0321763
2.29569e-09	-0.0321319
2.29576e-09	-0.0320874
2.29583e-09	-0.0320429
2.2959e-09	-0.0319983
2.29597e-09	-0.0319538
2.29604e-09	-0.0319092
2.29611e-09	-0.0318646
2.29619e-09	-0.03182
2.29626e-09	-0.0317754
2.29633e-09	-0.0317307
2.2964e-09	-0.0316861
2.29647e-09	-0.0316414
2.29654e-09	-0.0315967
2.29661e-09	-0.031552
2.29668e-09	-0.0315072
2.29675e-09	-0.0314625
2.29682e-09	-0.0314177
2.29689e-09	-0.0313729
2.29697e-09	-0.0313281
2.29704e-09	-0.0312832
2.29711e-09	-0.0312384
2.29718e-09	-0.0311935
2.29725e-09	-0.0311486
2.29732e-09	-0.0311037
2.29739e-09	-0.0310588
2.29746e-09	-0.0310138
2.29753e-09	-0.0309689
2.2976e-09	-0.0309239
2.29768e-09	-0.0308789
2.29775e-09	-0.0308339
2.29782e-09	-0.0307889
2.29789e-09	-0.0307438
2.29796e-09	-0.0306988
2.29803e-09	-0.0306537
2.2981e-09	-0.0306086
2.29817e-09	-0.0305635
2.29824e-09	-0.0305183
2.29831e-09	-0.0304732
2.29838e-09	-0.030428
2.29846e-09	-0.0303829
2.29853e-09	-0.0303377
2.2986e-09	-0.0302925
2.29867e-09	-0.0302472
2.29874e-09	-0.030202
2.29881e-09	-0.0301568
2.29888e-09	-0.0301115
2.29895e-09	-0.0300662
2.29902e-09	-0.0300209
2.29909e-09	-0.0299756
2.29916e-09	-0.0299303
2.29924e-09	-0.0298849
2.29931e-09	-0.0298396
2.29938e-09	-0.0297942
2.29945e-09	-0.0297488
2.29952e-09	-0.0297034
2.29959e-09	-0.029658
2.29966e-09	-0.0296126
2.29973e-09	-0.0295671
2.2998e-09	-0.0295217
2.29987e-09	-0.0294762
2.29994e-09	-0.0294307
2.30002e-09	-0.0293852
2.30009e-09	-0.0293397
2.30016e-09	-0.0292942
2.30023e-09	-0.0292487
2.3003e-09	-0.0292031
2.30037e-09	-0.0291575
2.30044e-09	-0.029112
2.30051e-09	-0.0290664
2.30058e-09	-0.0290208
2.30065e-09	-0.0289752
2.30073e-09	-0.0289296
2.3008e-09	-0.0288839
2.30087e-09	-0.0288383
2.30094e-09	-0.0287926
2.30101e-09	-0.0287469
2.30108e-09	-0.0287013
2.30115e-09	-0.0286556
2.30122e-09	-0.0286099
2.30129e-09	-0.0285641
2.30136e-09	-0.0285184
2.30143e-09	-0.0284727
2.30151e-09	-0.0284269
2.30158e-09	-0.0283812
2.30165e-09	-0.0283354
2.30172e-09	-0.0282896
2.30179e-09	-0.0282438
2.30186e-09	-0.028198
2.30193e-09	-0.0281522
2.302e-09	-0.0281064
2.30207e-09	-0.0280605
2.30214e-09	-0.0280147
2.30221e-09	-0.0279688
2.30229e-09	-0.027923
2.30236e-09	-0.0278771
2.30243e-09	-0.0278312
2.3025e-09	-0.0277853
2.30257e-09	-0.0277394
2.30264e-09	-0.0276935
2.30271e-09	-0.0276476
2.30278e-09	-0.0276017
2.30285e-09	-0.0275557
2.30292e-09	-0.0275098
2.30299e-09	-0.0274638
2.30307e-09	-0.0274178
2.30314e-09	-0.0273719
2.30321e-09	-0.0273259
2.30328e-09	-0.0272799
2.30335e-09	-0.0272339
2.30342e-09	-0.0271879
2.30349e-09	-0.0271419
2.30356e-09	-0.0270959
2.30363e-09	-0.0270498
2.3037e-09	-0.0270038
2.30377e-09	-0.0269578
2.30385e-09	-0.0269117
2.30392e-09	-0.0268656
2.30399e-09	-0.0268196
2.30406e-09	-0.0267735
2.30413e-09	-0.0267274
2.3042e-09	-0.0266813
2.30427e-09	-0.0266352
2.30434e-09	-0.0265891
2.30441e-09	-0.026543
2.30448e-09	-0.0264969
2.30456e-09	-0.0264508
2.30463e-09	-0.0264047
2.3047e-09	-0.0263586
2.30477e-09	-0.0263124
2.30484e-09	-0.0262663
2.30491e-09	-0.0262201
2.30498e-09	-0.026174
2.30505e-09	-0.0261278
2.30512e-09	-0.0260816
2.30519e-09	-0.0260355
2.30526e-09	-0.0259893
2.30534e-09	-0.0259431
2.30541e-09	-0.0258969
2.30548e-09	-0.0258507
2.30555e-09	-0.0258045
2.30562e-09	-0.0257583
2.30569e-09	-0.0257121
2.30576e-09	-0.0256659
2.30583e-09	-0.0256197
2.3059e-09	-0.0255735
2.30597e-09	-0.0255273
2.30604e-09	-0.025481
2.30612e-09	-0.0254348
2.30619e-09	-0.0253886
2.30626e-09	-0.0253423
2.30633e-09	-0.0252961
2.3064e-09	-0.0252499
2.30647e-09	-0.0252036
2.30654e-09	-0.0251574
2.30661e-09	-0.0251111
2.30668e-09	-0.0250648
2.30675e-09	-0.0250186
2.30682e-09	-0.0249723
2.3069e-09	-0.024926
2.30697e-09	-0.0248798
2.30704e-09	-0.0248335
2.30711e-09	-0.0247872
2.30718e-09	-0.024741
2.30725e-09	-0.0246947
2.30732e-09	-0.0246484
2.30739e-09	-0.0246021
2.30746e-09	-0.0245558
2.30753e-09	-0.0245095
2.30761e-09	-0.0244633
2.30768e-09	-0.024417
2.30775e-09	-0.0243707
2.30782e-09	-0.0243244
2.30789e-09	-0.0242781
2.30796e-09	-0.0242318
2.30803e-09	-0.0241855
2.3081e-09	-0.0241392
2.30817e-09	-0.0240929
2.30824e-09	-0.0240466
2.30831e-09	-0.0240003
2.30839e-09	-0.023954
2.30846e-09	-0.0239077
2.30853e-09	-0.0238614
2.3086e-09	-0.0238151
2.30867e-09	-0.0237688
2.30874e-09	-0.0237225
2.30881e-09	-0.0236762
2.30888e-09	-0.0236299
2.30895e-09	-0.0235836
2.30902e-09	-0.0235373
2.30909e-09	-0.023491
2.30917e-09	-0.0234447
2.30924e-09	-0.0233984
2.30931e-09	-0.0233521
2.30938e-09	-0.0233058
2.30945e-09	-0.0232595
2.30952e-09	-0.0232132
2.30959e-09	-0.0231669
2.30966e-09	-0.0231206
2.30973e-09	-0.0230743
2.3098e-09	-0.023028
2.30987e-09	-0.0229817
2.30995e-09	-0.0229354
2.31002e-09	-0.0228891
2.31009e-09	-0.0228428
2.31016e-09	-0.0227965
2.31023e-09	-0.0227503
2.3103e-09	-0.022704
2.31037e-09	-0.0226577
2.31044e-09	-0.0226114
2.31051e-09	-0.0225652
2.31058e-09	-0.0225189
2.31065e-09	-0.0224726
2.31073e-09	-0.0224264
2.3108e-09	-0.0223801
2.31087e-09	-0.0223338
2.31094e-09	-0.0222876
2.31101e-09	-0.0222413
2.31108e-09	-0.0221951
2.31115e-09	-0.0221488
2.31122e-09	-0.0221026
2.31129e-09	-0.0220563
2.31136e-09	-0.0220101
2.31144e-09	-0.0219639
2.31151e-09	-0.0219176
2.31158e-09	-0.0218714
2.31165e-09	-0.0218252
2.31172e-09	-0.021779
2.31179e-09	-0.0217328
2.31186e-09	-0.0216866
2.31193e-09	-0.0216404
2.312e-09	-0.0215942
2.31207e-09	-0.021548
2.31214e-09	-0.0215018
2.31222e-09	-0.0214556
2.31229e-09	-0.0214094
2.31236e-09	-0.0213632
2.31243e-09	-0.0213171
2.3125e-09	-0.0212709
2.31257e-09	-0.0212247
2.31264e-09	-0.0211786
2.31271e-09	-0.0211324
2.31278e-09	-0.0210863
2.31285e-09	-0.0210401
2.31292e-09	-0.020994
2.313e-09	-0.0209479
2.31307e-09	-0.0209018
2.31314e-09	-0.0208556
2.31321e-09	-0.0208095
2.31328e-09	-0.0207634
2.31335e-09	-0.0207173
2.31342e-09	-0.0206712
2.31349e-09	-0.0206252
2.31356e-09	-0.0205791
2.31363e-09	-0.020533
2.3137e-09	-0.020487
2.31378e-09	-0.0204409
2.31385e-09	-0.0203948
2.31392e-09	-0.0203488
2.31399e-09	-0.0203028
2.31406e-09	-0.0202567
2.31413e-09	-0.0202107
2.3142e-09	-0.0201647
2.31427e-09	-0.0201187
2.31434e-09	-0.0200727
2.31441e-09	-0.0200267
2.31449e-09	-0.0199807
2.31456e-09	-0.0199347
2.31463e-09	-0.0198888
2.3147e-09	-0.0198428
2.31477e-09	-0.0197969
2.31484e-09	-0.0197509
2.31491e-09	-0.019705
2.31498e-09	-0.0196591
2.31505e-09	-0.0196131
2.31512e-09	-0.0195672
2.31519e-09	-0.0195213
2.31527e-09	-0.0194754
2.31534e-09	-0.0194295
2.31541e-09	-0.0193837
2.31548e-09	-0.0193378
2.31555e-09	-0.019292
2.31562e-09	-0.0192461
2.31569e-09	-0.0192003
2.31576e-09	-0.0191544
2.31583e-09	-0.0191086
2.3159e-09	-0.0190628
2.31597e-09	-0.019017
2.31605e-09	-0.0189712
2.31612e-09	-0.0189254
2.31619e-09	-0.0188797
2.31626e-09	-0.0188339
2.31633e-09	-0.0187882
2.3164e-09	-0.0187424
2.31647e-09	-0.0186967
2.31654e-09	-0.018651
2.31661e-09	-0.0186053
2.31668e-09	-0.0185596
2.31675e-09	-0.0185139
2.31683e-09	-0.0184682
2.3169e-09	-0.0184225
2.31697e-09	-0.0183769
2.31704e-09	-0.0183312
2.31711e-09	-0.0182856
2.31718e-09	-0.01824
2.31725e-09	-0.0181944
2.31732e-09	-0.0181488
2.31739e-09	-0.0181032
2.31746e-09	-0.0180576
2.31754e-09	-0.0180121
2.31761e-09	-0.0179665
2.31768e-09	-0.017921
2.31775e-09	-0.0178754
2.31782e-09	-0.0178299
2.31789e-09	-0.0177844
2.31796e-09	-0.0177389
2.31803e-09	-0.0176934
2.3181e-09	-0.017648
2.31817e-09	-0.0176025
2.31824e-09	-0.0175571
2.31832e-09	-0.0175116
2.31839e-09	-0.0174662
2.31846e-09	-0.0174208
2.31853e-09	-0.0173754
2.3186e-09	-0.0173301
2.31867e-09	-0.0172847
2.31874e-09	-0.0172393
2.31881e-09	-0.017194
2.31888e-09	-0.0171487
2.31895e-09	-0.0171034
2.31902e-09	-0.0170581
2.3191e-09	-0.0170128
2.31917e-09	-0.0169675
2.31924e-09	-0.0169222
2.31931e-09	-0.016877
2.31938e-09	-0.0168318
2.31945e-09	-0.0167865
2.31952e-09	-0.0167413
2.31959e-09	-0.0166962
2.31966e-09	-0.016651
2.31973e-09	-0.0166058
2.3198e-09	-0.0165607
2.31988e-09	-0.0165155
2.31995e-09	-0.0164704
2.32002e-09	-0.0164253
2.32009e-09	-0.0163802
2.32016e-09	-0.0163352
2.32023e-09	-0.0162901
2.3203e-09	-0.0162451
2.32037e-09	-0.0162
2.32044e-09	-0.016155
2.32051e-09	-0.01611
2.32058e-09	-0.016065
2.32066e-09	-0.0160201
2.32073e-09	-0.0159751
2.3208e-09	-0.0159302
2.32087e-09	-0.0158853
2.32094e-09	-0.0158404
2.32101e-09	-0.0157955
2.32108e-09	-0.0157506
2.32115e-09	-0.0157057
2.32122e-09	-0.0156609
2.32129e-09	-0.0156161
2.32137e-09	-0.0155713
2.32144e-09	-0.0155265
2.32151e-09	-0.0154817
2.32158e-09	-0.0154369
2.32165e-09	-0.0153922
2.32172e-09	-0.0153475
2.32179e-09	-0.0153028
2.32186e-09	-0.0152581
2.32193e-09	-0.0152134
2.322e-09	-0.0151687
2.32207e-09	-0.0151241
2.32215e-09	-0.0150795
2.32222e-09	-0.0150349
2.32229e-09	-0.0149903
2.32236e-09	-0.0149457
2.32243e-09	-0.0149011
2.3225e-09	-0.0148566
2.32257e-09	-0.0148121
2.32264e-09	-0.0147676
2.32271e-09	-0.0147231
2.32278e-09	-0.0146786
2.32285e-09	-0.0146342
2.32293e-09	-0.0145898
2.323e-09	-0.0145453
2.32307e-09	-0.0145009
2.32314e-09	-0.0144566
2.32321e-09	-0.0144122
2.32328e-09	-0.0143679
2.32335e-09	-0.0143235
2.32342e-09	-0.0142792
2.32349e-09	-0.014235
2.32356e-09	-0.0141907
2.32363e-09	-0.0141464
2.32371e-09	-0.0141022
2.32378e-09	-0.014058
2.32385e-09	-0.0140138
2.32392e-09	-0.0139696
2.32399e-09	-0.0139255
2.32406e-09	-0.0138813
2.32413e-09	-0.0138372
2.3242e-09	-0.0137931
2.32427e-09	-0.0137491
2.32434e-09	-0.013705
2.32442e-09	-0.013661
2.32449e-09	-0.013617
2.32456e-09	-0.013573
2.32463e-09	-0.013529
2.3247e-09	-0.013485
2.32477e-09	-0.0134411
2.32484e-09	-0.0133972
2.32491e-09	-0.0133533
2.32498e-09	-0.0133094
2.32505e-09	-0.0132655
2.32512e-09	-0.0132217
2.3252e-09	-0.0131779
2.32527e-09	-0.0131341
2.32534e-09	-0.0130903
2.32541e-09	-0.0130466
2.32548e-09	-0.0130028
2.32555e-09	-0.0129591
2.32562e-09	-0.0129154
2.32569e-09	-0.0128717
2.32576e-09	-0.0128281
2.32583e-09	-0.0127845
2.3259e-09	-0.0127408
2.32598e-09	-0.0126973
2.32605e-09	-0.0126537
2.32612e-09	-0.0126102
2.32619e-09	-0.0125666
2.32626e-09	-0.0125231
2.32633e-09	-0.0124796
2.3264e-09	-0.0124362
2.32647e-09	-0.0123928
2.32654e-09	-0.0123493
2.32661e-09	-0.0123059
2.32668e-09	-0.0122626
2.32676e-09	-0.0122192
2.32683e-09	-0.0121759
2.3269e-09	-0.0121326
2.32697e-09	-0.0120893
2.32704e-09	-0.012046
2.32711e-09	-0.0120028
2.32718e-09	-0.0119596
2.32725e-09	-0.0119164
2.32732e-09	-0.0118732
2.32739e-09	-0.0118301
2.32746e-09	-0.011787
2.32754e-09	-0.0117439
2.32761e-09	-0.0117008
2.32768e-09	-0.0116577
2.32775e-09	-0.0116147
2.32782e-09	-0.0115717
2.32789e-09	-0.0115287
2.32796e-09	-0.0114857
2.32803e-09	-0.0114428
2.3281e-09	-0.0113999
2.32817e-09	-0.011357
2.32825e-09	-0.0113141
2.32832e-09	-0.0112712
2.32839e-09	-0.0112284
2.32846e-09	-0.0111856
2.32853e-09	-0.0111428
2.3286e-09	-0.0111001
2.32867e-09	-0.0110574
2.32874e-09	-0.0110147
2.32881e-09	-0.010972
2.32888e-09	-0.0109293
2.32895e-09	-0.0108867
2.32903e-09	-0.0108441
2.3291e-09	-0.0108015
2.32917e-09	-0.0107589
2.32924e-09	-0.0107164
2.32931e-09	-0.0106739
2.32938e-09	-0.0106314
2.32945e-09	-0.0105889
2.32952e-09	-0.0105465
2.32959e-09	-0.0105041
2.32966e-09	-0.0104617
2.32973e-09	-0.0104193
2.32981e-09	-0.010377
2.32988e-09	-0.0103347
2.32995e-09	-0.0102924
2.33002e-09	-0.0102501
2.33009e-09	-0.0102079
2.33016e-09	-0.0101657
2.33023e-09	-0.0101235
2.3303e-09	-0.0100814
2.33037e-09	-0.0100392
2.33044e-09	-0.00999711
2.33051e-09	-0.00995502
2.33059e-09	-0.00991296
2.33066e-09	-0.00987093
2.33073e-09	-0.00982892
2.3308e-09	-0.00978694
2.33087e-09	-0.00974499
2.33094e-09	-0.00970306
2.33101e-09	-0.00966115
2.33108e-09	-0.00961928
2.33115e-09	-0.00957743
2.33122e-09	-0.0095356
2.3313e-09	-0.0094938
2.33137e-09	-0.00945203
2.33144e-09	-0.00941029
2.33151e-09	-0.00936857
2.33158e-09	-0.00932688
2.33165e-09	-0.00928521
2.33172e-09	-0.00924357
2.33179e-09	-0.00920196
2.33186e-09	-0.00916038
2.33193e-09	-0.00911882
2.332e-09	-0.00907729
2.33208e-09	-0.00903578
2.33215e-09	-0.0089943
2.33222e-09	-0.00895285
2.33229e-09	-0.00891143
2.33236e-09	-0.00887003
2.33243e-09	-0.00882867
2.3325e-09	-0.00878732
2.33257e-09	-0.00874601
2.33264e-09	-0.00870473
2.33271e-09	-0.00866347
2.33278e-09	-0.00862224
2.33286e-09	-0.00858103
2.33293e-09	-0.00853986
2.333e-09	-0.00849871
2.33307e-09	-0.00845759
2.33314e-09	-0.0084165
2.33321e-09	-0.00837543
2.33328e-09	-0.0083344
2.33335e-09	-0.00829339
2.33342e-09	-0.00825241
2.33349e-09	-0.00821146
2.33356e-09	-0.00817054
2.33364e-09	-0.00812964
2.33371e-09	-0.00808877
2.33378e-09	-0.00804794
2.33385e-09	-0.00800713
2.33392e-09	-0.00796635
2.33399e-09	-0.0079256
2.33406e-09	-0.00788487
2.33413e-09	-0.00784418
2.3342e-09	-0.00780351
2.33427e-09	-0.00776287
2.33434e-09	-0.00772227
2.33442e-09	-0.00768169
2.33449e-09	-0.00764114
2.33456e-09	-0.00760062
2.33463e-09	-0.00756012
2.3347e-09	-0.00751966
2.33477e-09	-0.00747923
2.33484e-09	-0.00743882
2.33491e-09	-0.00739845
2.33498e-09	-0.00735811
2.33505e-09	-0.00731779
2.33513e-09	-0.0072775
2.3352e-09	-0.00723725
2.33527e-09	-0.00719702
2.33534e-09	-0.00715682
2.33541e-09	-0.00711666
2.33548e-09	-0.00707652
2.33555e-09	-0.00703641
2.33562e-09	-0.00699633
2.33569e-09	-0.00695629
2.33576e-09	-0.00691627
2.33583e-09	-0.00687628
2.33591e-09	-0.00683632
2.33598e-09	-0.0067964
2.33605e-09	-0.0067565
2.33612e-09	-0.00671664
2.33619e-09	-0.0066768
2.33626e-09	-0.00663699
2.33633e-09	-0.00659722
2.3364e-09	-0.00655747
2.33647e-09	-0.00651776
2.33654e-09	-0.00647808
2.33661e-09	-0.00643842
2.33669e-09	-0.0063988
2.33676e-09	-0.00635921
2.33683e-09	-0.00631965
2.3369e-09	-0.00628012
2.33697e-09	-0.00624063
2.33704e-09	-0.00620116
2.33711e-09	-0.00616172
2.33718e-09	-0.00612232
2.33725e-09	-0.00608294
2.33732e-09	-0.0060436
2.33739e-09	-0.00600429
2.33747e-09	-0.00596501
2.33754e-09	-0.00592576
2.33761e-09	-0.00588655
2.33768e-09	-0.00584736
2.33775e-09	-0.00580821
2.33782e-09	-0.00576909
2.33789e-09	-0.00573
2.33796e-09	-0.00569094
2.33803e-09	-0.00565191
2.3381e-09	-0.00561291
2.33818e-09	-0.00557395
2.33825e-09	-0.00553502
2.33832e-09	-0.00549612
2.33839e-09	-0.00545725
2.33846e-09	-0.00541842
2.33853e-09	-0.00537962
2.3386e-09	-0.00534084
2.33867e-09	-0.00530211
2.33874e-09	-0.0052634
2.33881e-09	-0.00522473
2.33888e-09	-0.00518608
2.33896e-09	-0.00514747
2.33903e-09	-0.0051089
2.3391e-09	-0.00507035
2.33917e-09	-0.00503184
2.33924e-09	-0.00499336
2.33931e-09	-0.00495492
2.33938e-09	-0.0049165
2.33945e-09	-0.00487812
2.33952e-09	-0.00483977
2.33959e-09	-0.00480146
2.33966e-09	-0.00476318
2.33974e-09	-0.00472493
2.33981e-09	-0.00468671
2.33988e-09	-0.00464853
2.33995e-09	-0.00461038
2.34002e-09	-0.00457226
2.34009e-09	-0.00453418
2.34016e-09	-0.00449613
2.34023e-09	-0.00445811
2.3403e-09	-0.00442012
2.34037e-09	-0.00438217
2.34044e-09	-0.00434426
2.34052e-09	-0.00430637
2.34059e-09	-0.00426852
2.34066e-09	-0.00423071
2.34073e-09	-0.00419292
2.3408e-09	-0.00415517
2.34087e-09	-0.00411746
2.34094e-09	-0.00407978
2.34101e-09	-0.00404213
2.34108e-09	-0.00400452
2.34115e-09	-0.00396694
2.34122e-09	-0.00392939
2.3413e-09	-0.00389188
2.34137e-09	-0.0038544
2.34144e-09	-0.00381695
2.34151e-09	-0.00377954
2.34158e-09	-0.00374217
2.34165e-09	-0.00370483
2.34172e-09	-0.00366752
2.34179e-09	-0.00363025
2.34186e-09	-0.00359301
2.34193e-09	-0.0035558
2.34201e-09	-0.00351863
2.34208e-09	-0.0034815
2.34215e-09	-0.0034444
2.34222e-09	-0.00340733
2.34229e-09	-0.0033703
2.34236e-09	-0.0033333
2.34243e-09	-0.00329634
2.3425e-09	-0.00325941
2.34257e-09	-0.00322252
2.34264e-09	-0.00318566
2.34271e-09	-0.00314884
2.34279e-09	-0.00311205
2.34286e-09	-0.0030753
2.34293e-09	-0.00303858
2.343e-09	-0.0030019
2.34307e-09	-0.00296525
2.34314e-09	-0.00292864
2.34321e-09	-0.00289206
2.34328e-09	-0.00285552
2.34335e-09	-0.00281901
2.34342e-09	-0.00278254
2.34349e-09	-0.0027461
2.34357e-09	-0.0027097
2.34364e-09	-0.00267333
2.34371e-09	-0.002637
2.34378e-09	-0.00260071
2.34385e-09	-0.00256445
2.34392e-09	-0.00252823
2.34399e-09	-0.00249204
2.34406e-09	-0.00245589
2.34413e-09	-0.00241977
2.3442e-09	-0.00238369
2.34427e-09	-0.00234764
2.34435e-09	-0.00231163
2.34442e-09	-0.00227566
2.34449e-09	-0.00223972
2.34456e-09	-0.00220382
2.34463e-09	-0.00216796
2.3447e-09	-0.00213213
2.34477e-09	-0.00209633
2.34484e-09	-0.00206058
2.34491e-09	-0.00202486
2.34498e-09	-0.00198917
2.34506e-09	-0.00195352
2.34513e-09	-0.00191791
2.3452e-09	-0.00188233
2.34527e-09	-0.00184679
2.34534e-09	-0.00181129
2.34541e-09	-0.00177582
2.34548e-09	-0.00174039
2.34555e-09	-0.001705
2.34562e-09	-0.00166964
2.34569e-09	-0.00163432
2.34576e-09	-0.00159903
2.34584e-09	-0.00156379
2.34591e-09	-0.00152858
2.34598e-09	-0.0014934
2.34605e-09	-0.00145826
2.34612e-09	-0.00142316
2.34619e-09	-0.0013881
2.34626e-09	-0.00135307
2.34633e-09	-0.00131808
2.3464e-09	-0.00128313
2.34647e-09	-0.00124821
2.34654e-09	-0.00121333
2.34662e-09	-0.00117849
2.34669e-09	-0.00114368
2.34676e-09	-0.00110892
2.34683e-09	-0.00107418
2.3469e-09	-0.00103949
2.34697e-09	-0.00100483
2.34704e-09	-0.000970215
2.34711e-09	-0.000935633
2.34718e-09	-0.000901088
2.34725e-09	-0.000866581
2.34732e-09	-0.000832111
2.3474e-09	-0.000797679
2.34747e-09	-0.000763284
2.34754e-09	-0.000728926
2.34761e-09	-0.000694606
2.34768e-09	-0.000660324
2.34775e-09	-0.000626079
2.34782e-09	-0.000591872
2.34789e-09	-0.000557702
2.34796e-09	-0.00052357
2.34803e-09	-0.000489476
2.3481e-09	-0.00045542
2.34818e-09	-0.000421402
2.34825e-09	-0.000387421
2.34832e-09	-0.000353478
2.34839e-09	-0.000319573
2.34846e-09	-0.000285706
2.34853e-09	-0.000251878
2.3486e-09	-0.000218087
2.34867e-09	-0.000184334
2.34874e-09	-0.000150619
2.34881e-09	-0.000116942
2.34889e-09	-8.33035e-05
2.34896e-09	-4.97031e-05
2.34903e-09	-1.61409e-05
2.3491e-09	1.73831e-05
2.34917e-09	5.08689e-05
2.34924e-09	8.43163e-05
2.34931e-09	0.000117725
2.34938e-09	0.000151096
2.34945e-09	0.000184429
2.34952e-09	0.000217723
2.34959e-09	0.000250978
2.34967e-09	0.000284195
2.34974e-09	0.000317374
2.34981e-09	0.000350514
2.34988e-09	0.000383615
2.34995e-09	0.000416678
2.35002e-09	0.000449702
2.35009e-09	0.000482688
2.35016e-09	0.000515634
2.35023e-09	0.000548543
2.3503e-09	0.000581412
2.35037e-09	0.000614242
2.35045e-09	0.000647034
2.35052e-09	0.000679787
2.35059e-09	0.000712501
2.35066e-09	0.000745176
2.35073e-09	0.000777813
2.3508e-09	0.00081041
2.35087e-09	0.000842968
2.35094e-09	0.000875488
2.35101e-09	0.000907968
2.35108e-09	0.000940409
2.35115e-09	0.000972811
2.35123e-09	0.00100517
2.3513e-09	0.0010375
2.35137e-09	0.00106978
2.35144e-09	0.00110203
2.35151e-09	0.00113423
2.35158e-09	0.0011664
2.35165e-09	0.00119853
2.35172e-09	0.00123062
2.35179e-09	0.00126267
2.35186e-09	0.00129468
2.35194e-09	0.00132665
2.35201e-09	0.00135858
2.35208e-09	0.00139047
2.35215e-09	0.00142232
2.35222e-09	0.00145413
2.35229e-09	0.0014859
2.35236e-09	0.00151764
2.35243e-09	0.00154933
2.3525e-09	0.00158099
2.35257e-09	0.0016126
2.35264e-09	0.00164417
2.35272e-09	0.00167571
2.35279e-09	0.0017072
2.35286e-09	0.00173866
2.35293e-09	0.00177008
2.353e-09	0.00180145
2.35307e-09	0.00183279
2.35314e-09	0.00186408
2.35321e-09	0.00189534
2.35328e-09	0.00192656
2.35335e-09	0.00195773
2.35342e-09	0.00198887
2.3535e-09	0.00201997
2.35357e-09	0.00205102
2.35364e-09	0.00208204
2.35371e-09	0.00211302
2.35378e-09	0.00214396
2.35385e-09	0.00217485
2.35392e-09	0.00220571
2.35399e-09	0.00223652
2.35406e-09	0.0022673
2.35413e-09	0.00229804
2.3542e-09	0.00232873
2.35428e-09	0.00235939
2.35435e-09	0.00239
2.35442e-09	0.00242058
2.35449e-09	0.00245111
2.35456e-09	0.00248161
2.35463e-09	0.00251206
2.3547e-09	0.00254248
2.35477e-09	0.00257285
2.35484e-09	0.00260318
2.35491e-09	0.00263348
2.35498e-09	0.00266373
2.35506e-09	0.00269394
2.35513e-09	0.00272411
2.3552e-09	0.00275424
2.35527e-09	0.00278433
2.35534e-09	0.00281438
2.35541e-09	0.00284439
2.35548e-09	0.00287436
2.35555e-09	0.00290429
2.35562e-09	0.00293417
2.35569e-09	0.00296402
2.35577e-09	0.00299383
2.35584e-09	0.00302359
2.35591e-09	0.00305332
2.35598e-09	0.003083
2.35605e-09	0.00311264
2.35612e-09	0.00314224
2.35619e-09	0.00317181
2.35626e-09	0.00320133
2.35633e-09	0.00323081
2.3564e-09	0.00326024
2.35647e-09	0.00328964
2.35655e-09	0.003319
2.35662e-09	0.00334832
2.35669e-09	0.00337759
2.35676e-09	0.00340683
2.35683e-09	0.00343602
2.3569e-09	0.00346517
2.35697e-09	0.00349428
2.35704e-09	0.00352335
2.35711e-09	0.00355238
2.35718e-09	0.00358137
2.35725e-09	0.00361032
2.35733e-09	0.00363922
2.3574e-09	0.00366809
2.35747e-09	0.00369691
2.35754e-09	0.00372569
2.35761e-09	0.00375443
2.35768e-09	0.00378313
2.35775e-09	0.00381179
2.35782e-09	0.00384041
2.35789e-09	0.00386899
2.35796e-09	0.00389752
2.35803e-09	0.00392602
2.35811e-09	0.00395447
2.35818e-09	0.00398288
2.35825e-09	0.00401125
2.35832e-09	0.00403958
2.35839e-09	0.00406787
2.35846e-09	0.00409611
2.35853e-09	0.00412432
2.3586e-09	0.00415248
2.35867e-09	0.0041806
2.35874e-09	0.00420868
2.35882e-09	0.00423672
2.35889e-09	0.00426472
2.35896e-09	0.00429268
2.35903e-09	0.00432059
2.3591e-09	0.00434846
2.35917e-09	0.00437629
2.35924e-09	0.00440408
2.35931e-09	0.00443183
2.35938e-09	0.00445954
2.35945e-09	0.0044872
2.35952e-09	0.00451483
2.3596e-09	0.00454241
2.35967e-09	0.00456995
2.35974e-09	0.00459745
2.35981e-09	0.0046249
2.35988e-09	0.00465232
2.35995e-09	0.00467969
2.36002e-09	0.00470702
2.36009e-09	0.00473431
2.36016e-09	0.00476156
2.36023e-09	0.00478877
2.3603e-09	0.00481593
2.36038e-09	0.00484306
2.36045e-09	0.00487014
2.36052e-09	0.00489718
2.36059e-09	0.00492418
2.36066e-09	0.00495113
2.36073e-09	0.00497805
2.3608e-09	0.00500492
2.36087e-09	0.00503175
2.36094e-09	0.00505854
2.36101e-09	0.00508528
2.36108e-09	0.00511199
2.36116e-09	0.00513865
2.36123e-09	0.00516527
2.3613e-09	0.00519185
2.36137e-09	0.00521839
2.36144e-09	0.00524488
2.36151e-09	0.00527134
2.36158e-09	0.00529775
2.36165e-09	0.00532412
2.36172e-09	0.00535044
2.36179e-09	0.00537673
2.36186e-09	0.00540297
2.36194e-09	0.00542917
2.36201e-09	0.00545533
2.36208e-09	0.00548145
2.36215e-09	0.00550752
2.36222e-09	0.00553355
2.36229e-09	0.00555955
2.36236e-09	0.00558549
2.36243e-09	0.0056114
2.3625e-09	0.00563726
2.36257e-09	0.00566309
2.36265e-09	0.00568887
2.36272e-09	0.0057146
2.36279e-09	0.0057403
2.36286e-09	0.00576595
2.36293e-09	0.00579157
2.363e-09	0.00581713
2.36307e-09	0.00584266
2.36314e-09	0.00586815
2.36321e-09	0.00589359
2.36328e-09	0.00591899
2.36335e-09	0.00594435
2.36343e-09	0.00596966
2.3635e-09	0.00599494
2.36357e-09	0.00602017
2.36364e-09	0.00604536
2.36371e-09	0.0060705
2.36378e-09	0.00609561
2.36385e-09	0.00612067
2.36392e-09	0.00614569
2.36399e-09	0.00617067
2.36406e-09	0.0061956
2.36413e-09	0.0062205
2.36421e-09	0.00624535
2.36428e-09	0.00627016
2.36435e-09	0.00629492
2.36442e-09	0.00631965
2.36449e-09	0.00634433
2.36456e-09	0.00636897
2.36463e-09	0.00639356
2.3647e-09	0.00641812
2.36477e-09	0.00644263
2.36484e-09	0.0064671
2.36491e-09	0.00649153
2.36499e-09	0.00651591
2.36506e-09	0.00654025
2.36513e-09	0.00656455
2.3652e-09	0.00658881
2.36527e-09	0.00661303
2.36534e-09	0.0066372
2.36541e-09	0.00666133
2.36548e-09	0.00668542
2.36555e-09	0.00670946
2.36562e-09	0.00673347
2.3657e-09	0.00675743
2.36577e-09	0.00678134
2.36584e-09	0.00680522
2.36591e-09	0.00682905
2.36598e-09	0.00685284
2.36605e-09	0.00687659
2.36612e-09	0.0069003
2.36619e-09	0.00692396
2.36626e-09	0.00694758
2.36633e-09	0.00697116
2.3664e-09	0.00699469
2.36648e-09	0.00701819
2.36655e-09	0.00704164
2.36662e-09	0.00706505
2.36669e-09	0.00708841
2.36676e-09	0.00711173
2.36683e-09	0.00713502
2.3669e-09	0.00715825
2.36697e-09	0.00718145
2.36704e-09	0.0072046
2.36711e-09	0.00722771
2.36718e-09	0.00725078
2.36726e-09	0.00727381
2.36733e-09	0.00729679
2.3674e-09	0.00731973
2.36747e-09	0.00734263
2.36754e-09	0.00736548
2.36761e-09	0.00738829
2.36768e-09	0.00741106
2.36775e-09	0.00743379
2.36782e-09	0.00745648
2.36789e-09	0.00747912
2.36796e-09	0.00750172
2.36804e-09	0.00752427
2.36811e-09	0.00754679
2.36818e-09	0.00756926
2.36825e-09	0.00759169
2.36832e-09	0.00761408
2.36839e-09	0.00763642
2.36846e-09	0.00765872
2.36853e-09	0.00768098
2.3686e-09	0.0077032
2.36867e-09	0.00772537
2.36874e-09	0.0077475
2.36882e-09	0.00776959
2.36889e-09	0.00779164
2.36896e-09	0.00781364
2.36903e-09	0.0078356
2.3691e-09	0.00785752
2.36917e-09	0.0078794
2.36924e-09	0.00790123
2.36931e-09	0.00792302
2.36938e-09	0.00794477
2.36945e-09	0.00796648
2.36953e-09	0.00798814
2.3696e-09	0.00800976
2.36967e-09	0.00803134
2.36974e-09	0.00805287
2.36981e-09	0.00807436
2.36988e-09	0.00809581
2.36995e-09	0.00811722
2.37002e-09	0.00813859
2.37009e-09	0.00815991
2.37016e-09	0.00818119
2.37023e-09	0.00820243
2.37031e-09	0.00822362
2.37038e-09	0.00824477
2.37045e-09	0.00826588
2.37052e-09	0.00828695
2.37059e-09	0.00830797
2.37066e-09	0.00832895
2.37073e-09	0.00834989
2.3708e-09	0.00837079
2.37087e-09	0.00839164
2.37094e-09	0.00841245
2.37101e-09	0.00843322
2.37109e-09	0.00845395
2.37116e-09	0.00847463
2.37123e-09	0.00849527
2.3713e-09	0.00851587
2.37137e-09	0.00853643
2.37144e-09	0.00855694
2.37151e-09	0.00857741
2.37158e-09	0.00859784
2.37165e-09	0.00861823
2.37172e-09	0.00863857
2.37179e-09	0.00865887
2.37187e-09	0.00867913
2.37194e-09	0.00869934
2.37201e-09	0.00871952
2.37208e-09	0.00873965
2.37215e-09	0.00875974
2.37222e-09	0.00877978
2.37229e-09	0.00879979
2.37236e-09	0.00881975
2.37243e-09	0.00883966
2.3725e-09	0.00885954
2.37258e-09	0.00887937
2.37265e-09	0.00889916
2.37272e-09	0.00891891
2.37279e-09	0.00893862
2.37286e-09	0.00895828
2.37293e-09	0.0089779
2.373e-09	0.00899748
2.37307e-09	0.00901702
2.37314e-09	0.00903651
2.37321e-09	0.00905596
2.37328e-09	0.00907537
2.37336e-09	0.00909474
2.37343e-09	0.00911406
2.3735e-09	0.00913334
2.37357e-09	0.00915258
2.37364e-09	0.00917178
2.37371e-09	0.00919093
2.37378e-09	0.00921004
2.37385e-09	0.00922911
2.37392e-09	0.00924814
2.37399e-09	0.00926712
2.37406e-09	0.00928606
2.37414e-09	0.00930496
2.37421e-09	0.00932382
2.37428e-09	0.00934264
2.37435e-09	0.00936141
2.37442e-09	0.00938014
2.37449e-09	0.00939883
2.37456e-09	0.00941747
2.37463e-09	0.00943608
2.3747e-09	0.00945464
2.37477e-09	0.00947316
2.37484e-09	0.00949163
2.37492e-09	0.00951007
2.37499e-09	0.00952846
2.37506e-09	0.00954681
2.37513e-09	0.00956511
2.3752e-09	0.00958338
2.37527e-09	0.0096016
2.37534e-09	0.00961978
2.37541e-09	0.00963792
2.37548e-09	0.00965602
2.37555e-09	0.00967407
2.37562e-09	0.00969208
2.3757e-09	0.00971005
2.37577e-09	0.00972798
2.37584e-09	0.00974586
2.37591e-09	0.00976371
2.37598e-09	0.00978151
2.37605e-09	0.00979927
2.37612e-09	0.00981698
2.37619e-09	0.00983466
2.37626e-09	0.00985229
2.37633e-09	0.00986988
2.37641e-09	0.00988743
2.37648e-09	0.00990493
2.37655e-09	0.0099224
2.37662e-09	0.00993982
2.37669e-09	0.0099572
2.37676e-09	0.00997453
2.37683e-09	0.00999183
2.3769e-09	0.0100091
2.37697e-09	0.0100263
2.37704e-09	0.0100435
2.37711e-09	0.0100606
2.37719e-09	0.0100777
2.37726e-09	0.0100947
2.37733e-09	0.0101117
2.3774e-09	0.0101287
2.37747e-09	0.0101456
2.37754e-09	0.0101625
2.37761e-09	0.0101793
2.37768e-09	0.0101961
2.37775e-09	0.0102128
2.37782e-09	0.0102296
2.37789e-09	0.0102462
2.37797e-09	0.0102628
2.37804e-09	0.0102794
2.37811e-09	0.010296
2.37818e-09	0.0103125
2.37825e-09	0.0103289
2.37832e-09	0.0103453
2.37839e-09	0.0103617
2.37846e-09	0.010378
2.37853e-09	0.0103943
2.3786e-09	0.0104106
2.37867e-09	0.0104268
2.37875e-09	0.0104429
2.37882e-09	0.0104591
2.37889e-09	0.0104751
2.37896e-09	0.0104912
2.37903e-09	0.0105072
2.3791e-09	0.0105231
2.37917e-09	0.010539
2.37924e-09	0.0105549
2.37931e-09	0.0105707
2.37938e-09	0.0105865
2.37946e-09	0.0106023
2.37953e-09	0.010618
2.3796e-09	0.0106336
2.37967e-09	0.0106493
2.37974e-09	0.0106648
2.37981e-09	0.0106804
2.37988e-09	0.0106959
2.37995e-09	0.0107113
2.38002e-09	0.0107267
2.38009e-09	0.0107421
2.38016e-09	0.0107575
2.38024e-09	0.0107727
2.38031e-09	0.010788
2.38038e-09	0.0108032
2.38045e-09	0.0108184
2.38052e-09	0.0108335
2.38059e-09	0.0108486
2.38066e-09	0.0108636
2.38073e-09	0.0108786
2.3808e-09	0.0108936
2.38087e-09	0.0109085
2.38094e-09	0.0109234
2.38102e-09	0.0109382
2.38109e-09	0.010953
2.38116e-09	0.0109677
2.38123e-09	0.0109824
2.3813e-09	0.0109971
2.38137e-09	0.0110117
2.38144e-09	0.0110263
2.38151e-09	0.0110409
2.38158e-09	0.0110554
2.38165e-09	0.0110698
2.38172e-09	0.0110843
2.3818e-09	0.0110986
2.38187e-09	0.011113
2.38194e-09	0.0111273
2.38201e-09	0.0111415
2.38208e-09	0.0111557
2.38215e-09	0.0111699
2.38222e-09	0.011184
2.38229e-09	0.0111981
2.38236e-09	0.0112122
2.38243e-09	0.0112262
2.38251e-09	0.0112402
2.38258e-09	0.0112541
2.38265e-09	0.011268
2.38272e-09	0.0112818
2.38279e-09	0.0112956
2.38286e-09	0.0113094
2.38293e-09	0.0113231
2.383e-09	0.0113368
2.38307e-09	0.0113504
2.38314e-09	0.011364
2.38321e-09	0.0113776
2.38329e-09	0.0113911
2.38336e-09	0.0114046
2.38343e-09	0.011418
2.3835e-09	0.0114314
2.38357e-09	0.0114448
2.38364e-09	0.0114581
2.38371e-09	0.0114714
2.38378e-09	0.0114846
2.38385e-09	0.0114978
2.38392e-09	0.0115109
2.38399e-09	0.0115241
2.38407e-09	0.0115371
2.38414e-09	0.0115502
2.38421e-09	0.0115631
2.38428e-09	0.0115761
2.38435e-09	0.011589
2.38442e-09	0.0116019
2.38449e-09	0.0116147
2.38456e-09	0.0116275
2.38463e-09	0.0116402
2.3847e-09	0.0116529
2.38477e-09	0.0116656
2.38485e-09	0.0116782
2.38492e-09	0.0116908
2.38499e-09	0.0117034
2.38506e-09	0.0117159
2.38513e-09	0.0117283
2.3852e-09	0.0117407
2.38527e-09	0.0117531
2.38534e-09	0.0117655
2.38541e-09	0.0117778
2.38548e-09	0.01179
2.38555e-09	0.0118023
2.38563e-09	0.0118144
2.3857e-09	0.0118266
2.38577e-09	0.0118387
2.38584e-09	0.0118507
2.38591e-09	0.0118628
2.38598e-09	0.0118747
2.38605e-09	0.0118867
2.38612e-09	0.0118986
2.38619e-09	0.0119104
2.38626e-09	0.0119222
2.38634e-09	0.011934
2.38641e-09	0.0119458
2.38648e-09	0.0119575
2.38655e-09	0.0119691
2.38662e-09	0.0119807
2.38669e-09	0.0119923
2.38676e-09	0.0120039
2.38683e-09	0.0120154
2.3869e-09	0.0120268
2.38697e-09	0.0120382
2.38704e-09	0.0120496
2.38712e-09	0.012061
2.38719e-09	0.0120723
2.38726e-09	0.0120835
2.38733e-09	0.0120947
2.3874e-09	0.0121059
2.38747e-09	0.0121171
2.38754e-09	0.0121282
2.38761e-09	0.0121392
2.38768e-09	0.0121503
2.38775e-09	0.0121612
2.38782e-09	0.0121722
2.3879e-09	0.0121831
2.38797e-09	0.0121939
2.38804e-09	0.0122048
2.38811e-09	0.0122156
2.38818e-09	0.0122263
2.38825e-09	0.012237
2.38832e-09	0.0122477
2.38839e-09	0.0122583
2.38846e-09	0.0122689
2.38853e-09	0.0122794
2.3886e-09	0.0122899
2.38868e-09	0.0123004
2.38875e-09	0.0123108
2.38882e-09	0.0123212
2.38889e-09	0.0123316
2.38896e-09	0.0123419
2.38903e-09	0.0123522
2.3891e-09	0.0123624
2.38917e-09	0.0123726
2.38924e-09	0.0123828
2.38931e-09	0.0123929
2.38939e-09	0.012403
2.38946e-09	0.012413
2.38953e-09	0.012423
2.3896e-09	0.012433
2.38967e-09	0.0124429
2.38974e-09	0.0124528
2.38981e-09	0.0124626
2.38988e-09	0.0124724
2.38995e-09	0.0124822
2.39002e-09	0.0124919
2.39009e-09	0.0125016
2.39017e-09	0.0125112
2.39024e-09	0.0125208
2.39031e-09	0.0125304
2.39038e-09	0.0125399
2.39045e-09	0.0125494
2.39052e-09	0.0125589
2.39059e-09	0.0125683
2.39066e-09	0.0125777
2.39073e-09	0.012587
2.3908e-09	0.0125963
2.39087e-09	0.0126056
2.39095e-09	0.0126148
2.39102e-09	0.012624
2.39109e-09	0.0126331
2.39116e-09	0.0126422
2.39123e-09	0.0126513
2.3913e-09	0.0126603
2.39137e-09	0.0126693
2.39144e-09	0.0126783
2.39151e-09	0.0126872
2.39158e-09	0.0126961
2.39165e-09	0.0127049
2.39173e-09	0.0127137
2.3918e-09	0.0127225
2.39187e-09	0.0127312
2.39194e-09	0.0127399
2.39201e-09	0.0127485
2.39208e-09	0.0127571
2.39215e-09	0.0127657
2.39222e-09	0.0127742
2.39229e-09	0.0127827
2.39236e-09	0.0127912
2.39243e-09	0.0127996
2.39251e-09	0.012808
2.39258e-09	0.0128163
2.39265e-09	0.0128246
2.39272e-09	0.0128329
2.39279e-09	0.0128411
2.39286e-09	0.0128493
2.39293e-09	0.0128575
2.393e-09	0.0128656
2.39307e-09	0.0128737
2.39314e-09	0.0128817
2.39322e-09	0.0128897
2.39329e-09	0.0128977
2.39336e-09	0.0129056
2.39343e-09	0.0129135
2.3935e-09	0.0129213
2.39357e-09	0.0129291
2.39364e-09	0.0129369
2.39371e-09	0.0129447
2.39378e-09	0.0129524
2.39385e-09	0.01296
2.39392e-09	0.0129676
2.394e-09	0.0129752
2.39407e-09	0.0129828
2.39414e-09	0.0129903
2.39421e-09	0.0129978
2.39428e-09	0.0130052
2.39435e-09	0.0130126
2.39442e-09	0.01302
2.39449e-09	0.0130273
2.39456e-09	0.0130346
2.39463e-09	0.0130418
2.3947e-09	0.013049
2.39478e-09	0.0130562
2.39485e-09	0.0130634
2.39492e-09	0.0130705
2.39499e-09	0.0130775
2.39506e-09	0.0130846
2.39513e-09	0.0130915
2.3952e-09	0.0130985
2.39527e-09	0.0131054
2.39534e-09	0.0131123
2.39541e-09	0.0131191
2.39548e-09	0.0131259
2.39556e-09	0.0131327
2.39563e-09	0.0131394
2.3957e-09	0.0131461
2.39577e-09	0.0131528
2.39584e-09	0.0131594
2.39591e-09	0.013166
2.39598e-09	0.0131726
2.39605e-09	0.0131791
2.39612e-09	0.0131855
2.39619e-09	0.013192
2.39627e-09	0.0131984
2.39634e-09	0.0132047
2.39641e-09	0.0132111
2.39648e-09	0.0132174
2.39655e-09	0.0132236
2.39662e-09	0.0132298
2.39669e-09	0.013236
2.39676e-09	0.0132422
2.39683e-09	0.0132483
2.3969e-09	0.0132544
2.39697e-09	0.0132604
2.39705e-09	0.0132664
2.39712e-09	0.0132724
2.39719e-09	0.0132783
2.39726e-09	0.0132842
2.39733e-09	0.01329
2.3974e-09	0.0132959
2.39747e-09	0.0133016
2.39754e-09	0.0133074
2.39761e-09	0.0133131
2.39768e-09	0.0133188
2.39775e-09	0.0133244
2.39783e-09	0.01333
2.3979e-09	0.0133356
2.39797e-09	0.0133411
2.39804e-09	0.0133466
2.39811e-09	0.0133521
2.39818e-09	0.0133575
2.39825e-09	0.0133629
2.39832e-09	0.0133682
2.39839e-09	0.0133736
2.39846e-09	0.0133788
2.39853e-09	0.0133841
2.39861e-09	0.0133893
2.39868e-09	0.0133945
2.39875e-09	0.0133996
2.39882e-09	0.0134047
2.39889e-09	0.0134098
2.39896e-09	0.0134148
2.39903e-09	0.0134198
2.3991e-09	0.0134248
2.39917e-09	0.0134297
2.39924e-09	0.0134346
2.39931e-09	0.0134394
2.39939e-09	0.0134443
2.39946e-09	0.013449
2.39953e-09	0.0134538
2.3996e-09	0.0134585
2.39967e-09	0.0134632
2.39974e-09	0.0134678
2.39981e-09	0.0134724
2.39988e-09	0.013477
2.39995e-09	0.0134815
2.40002e-09	0.0134861
2.4001e-09	0.0134905
2.40017e-09	0.013495
2.40024e-09	0.0134994
2.40031e-09	0.0135037
2.40038e-09	0.013508
2.40045e-09	0.0135123
2.40052e-09	0.0135166
2.40059e-09	0.0135208
2.40066e-09	0.013525
2.40073e-09	0.0135292
2.4008e-09	0.0135333
2.40088e-09	0.0135374
2.40095e-09	0.0135414
2.40102e-09	0.0135454
2.40109e-09	0.0135494
2.40116e-09	0.0135534
2.40123e-09	0.0135573
2.4013e-09	0.0135612
2.40137e-09	0.013565
2.40144e-09	0.0135688
2.40151e-09	0.0135726
2.40158e-09	0.0135763
2.40166e-09	0.01358
2.40173e-09	0.0135837
2.4018e-09	0.0135874
2.40187e-09	0.013591
2.40194e-09	0.0135945
2.40201e-09	0.0135981
2.40208e-09	0.0136016
2.40215e-09	0.013605
2.40222e-09	0.0136085
2.40229e-09	0.0136119
2.40236e-09	0.0136152
2.40244e-09	0.0136186
2.40251e-09	0.0136219
2.40258e-09	0.0136251
2.40265e-09	0.0136284
2.40272e-09	0.0136316
2.40279e-09	0.0136347
2.40286e-09	0.0136378
2.40293e-09	0.0136409
2.403e-09	0.013644
2.40307e-09	0.013647
2.40315e-09	0.01365
2.40322e-09	0.013653
2.40329e-09	0.0136559
2.40336e-09	0.0136588
2.40343e-09	0.0136617
2.4035e-09	0.0136645
2.40357e-09	0.0136673
2.40364e-09	0.01367
2.40371e-09	0.0136728
2.40378e-09	0.0136755
2.40385e-09	0.0136781
2.40393e-09	0.0136807
2.404e-09	0.0136833
2.40407e-09	0.0136859
2.40414e-09	0.0136884
2.40421e-09	0.0136909
2.40428e-09	0.0136934
2.40435e-09	0.0136958
2.40442e-09	0.0136982
2.40449e-09	0.0137006
2.40456e-09	0.0137029
2.40463e-09	0.0137052
2.40471e-09	0.0137075
2.40478e-09	0.0137097
2.40485e-09	0.0137119
2.40492e-09	0.013714
2.40499e-09	0.0137162
2.40506e-09	0.0137183
2.40513e-09	0.0137203
2.4052e-09	0.0137224
2.40527e-09	0.0137244
2.40534e-09	0.0137263
2.40541e-09	0.0137283
2.40549e-09	0.0137302
2.40556e-09	0.0137321
2.40563e-09	0.0137339
2.4057e-09	0.0137357
2.40577e-09	0.0137375
2.40584e-09	0.0137392
2.40591e-09	0.0137409
2.40598e-09	0.0137426
2.40605e-09	0.0137442
2.40612e-09	0.0137459
2.40619e-09	0.0137474
2.40627e-09	0.013749
2.40634e-09	0.0137505
2.40641e-09	0.013752
2.40648e-09	0.0137534
2.40655e-09	0.0137549
2.40662e-09	0.0137563
2.40669e-09	0.0137576
2.40676e-09	0.0137589
2.40683e-09	0.0137602
2.4069e-09	0.0137615
2.40698e-09	0.0137627
2.40705e-09	0.0137639
2.40712e-09	0.0137651
2.40719e-09	0.0137662
2.40726e-09	0.0137673
2.40733e-09	0.0137684
2.4074e-09	0.0137694
2.40747e-09	0.0137704
2.40754e-09	0.0137714
2.40761e-09	0.0137724
2.40768e-09	0.0137733
2.40776e-09	0.0137741
2.40783e-09	0.013775
2.4079e-09	0.0137758
2.40797e-09	0.0137766
2.40804e-09	0.0137774
2.40811e-09	0.0137781
2.40818e-09	0.0137788
2.40825e-09	0.0137794
2.40832e-09	0.0137801
2.40839e-09	0.0137807
2.40846e-09	0.0137812
2.40854e-09	0.0137818
2.40861e-09	0.0137823
2.40868e-09	0.0137828
2.40875e-09	0.0137832
2.40882e-09	0.0137836
2.40889e-09	0.013784
2.40896e-09	0.0137844
2.40903e-09	0.0137847
2.4091e-09	0.013785
2.40917e-09	0.0137852
2.40924e-09	0.0137855
2.40932e-09	0.0137857
2.40939e-09	0.0137858
2.40946e-09	0.013786
2.40953e-09	0.0137861
2.4096e-09	0.0137862
2.40967e-09	0.0137862
2.40974e-09	0.0137862
2.40981e-09	0.0137862
2.40988e-09	0.0137862
2.40995e-09	0.0137861
2.41003e-09	0.013786
2.4101e-09	0.0137859
2.41017e-09	0.0137857
2.41024e-09	0.0137855
2.41031e-09	0.0137853
2.41038e-09	0.013785
2.41045e-09	0.0137847
2.41052e-09	0.0137844
2.41059e-09	0.0137841
2.41066e-09	0.0137837
2.41073e-09	0.0137833
2.41081e-09	0.0137829
2.41088e-09	0.0137824
2.41095e-09	0.0137819
2.41102e-09	0.0137814
2.41109e-09	0.0137808
2.41116e-09	0.0137803
2.41123e-09	0.0137796
2.4113e-09	0.013779
2.41137e-09	0.0137783
2.41144e-09	0.0137776
2.41151e-09	0.0137769
2.41159e-09	0.0137761
2.41166e-09	0.0137754
2.41173e-09	0.0137745
2.4118e-09	0.0137737
2.41187e-09	0.0137728
2.41194e-09	0.0137719
2.41201e-09	0.013771
2.41208e-09	0.01377
2.41215e-09	0.013769
2.41222e-09	0.013768
2.41229e-09	0.0137669
2.41237e-09	0.0137659
2.41244e-09	0.0137647
2.41251e-09	0.0137636
2.41258e-09	0.0137624
2.41265e-09	0.0137612
2.41272e-09	0.01376
2.41279e-09	0.0137588
2.41286e-09	0.0137575
2.41293e-09	0.0137562
2.413e-09	0.0137548
2.41307e-09	0.0137534
2.41315e-09	0.0137521
2.41322e-09	0.0137506
2.41329e-09	0.0137492
2.41336e-09	0.0137477
2.41343e-09	0.0137462
2.4135e-09	0.0137446
2.41357e-09	0.0137431
2.41364e-09	0.0137415
2.41371e-09	0.0137398
2.41378e-09	0.0137382
2.41386e-09	0.0137365
2.41393e-09	0.0137348
2.414e-09	0.0137331
2.41407e-09	0.0137313
2.41414e-09	0.0137295
2.41421e-09	0.0137277
2.41428e-09	0.0137258
2.41435e-09	0.0137239
2.41442e-09	0.013722
2.41449e-09	0.0137201
2.41456e-09	0.0137181
2.41464e-09	0.0137161
2.41471e-09	0.0137141
2.41478e-09	0.0137121
2.41485e-09	0.01371
2.41492e-09	0.0137079
2.41499e-09	0.0137058
2.41506e-09	0.0137036
2.41513e-09	0.0137014
2.4152e-09	0.0136992
2.41527e-09	0.013697
2.41534e-09	0.0136947
2.41542e-09	0.0136924
2.41549e-09	0.0136901
2.41556e-09	0.0136877
2.41563e-09	0.0136854
2.4157e-09	0.013683
2.41577e-09	0.0136805
2.41584e-09	0.0136781
2.41591e-09	0.0136756
2.41598e-09	0.0136731
2.41605e-09	0.0136705
2.41612e-09	0.013668
2.4162e-09	0.0136654
2.41627e-09	0.0136628
2.41634e-09	0.0136601
2.41641e-09	0.0136574
2.41648e-09	0.0136547
2.41655e-09	0.013652
2.41662e-09	0.0136493
2.41669e-09	0.0136465
2.41676e-09	0.0136437
2.41683e-09	0.0136408
2.41691e-09	0.013638
2.41698e-09	0.0136351
2.41705e-09	0.0136322
2.41712e-09	0.0136292
2.41719e-09	0.0136263
2.41726e-09	0.0136233
2.41733e-09	0.0136202
2.4174e-09	0.0136172
2.41747e-09	0.0136141
2.41754e-09	0.013611
2.41761e-09	0.0136079
2.41769e-09	0.0136048
2.41776e-09	0.0136016
2.41783e-09	0.0135984
2.4179e-09	0.0135951
2.41797e-09	0.0135919
2.41804e-09	0.0135886
2.41811e-09	0.0135853
2.41818e-09	0.013582
2.41825e-09	0.0135786
2.41832e-09	0.0135752
2.41839e-09	0.0135718
2.41847e-09	0.0135684
2.41854e-09	0.0135649
2.41861e-09	0.0135614
2.41868e-09	0.0135579
2.41875e-09	0.0135544
2.41882e-09	0.0135508
2.41889e-09	0.0135472
2.41896e-09	0.0135436
2.41903e-09	0.0135399
2.4191e-09	0.0135363
2.41917e-09	0.0135326
2.41925e-09	0.0135289
2.41932e-09	0.0135251
2.41939e-09	0.0135214
2.41946e-09	0.0135176
2.41953e-09	0.0135137
2.4196e-09	0.0135099
2.41967e-09	0.013506
2.41974e-09	0.0135021
2.41981e-09	0.0134982
2.41988e-09	0.0134943
2.41995e-09	0.0134903
2.42003e-09	0.0134863
2.4201e-09	0.0134823
2.42017e-09	0.0134783
2.42024e-09	0.0134742
2.42031e-09	0.0134701
2.42038e-09	0.013466
2.42045e-09	0.0134618
2.42052e-09	0.0134577
2.42059e-09	0.0134535
2.42066e-09	0.0134493
2.42074e-09	0.013445
2.42081e-09	0.0134407
2.42088e-09	0.0134365
2.42095e-09	0.0134321
2.42102e-09	0.0134278
2.42109e-09	0.0134234
2.42116e-09	0.0134191
2.42123e-09	0.0134146
2.4213e-09	0.0134102
2.42137e-09	0.0134057
2.42144e-09	0.0134013
2.42152e-09	0.0133968
2.42159e-09	0.0133922
2.42166e-09	0.0133877
2.42173e-09	0.0133831
2.4218e-09	0.0133785
2.42187e-09	0.0133739
2.42194e-09	0.0133692
2.42201e-09	0.0133645
2.42208e-09	0.0133598
2.42215e-09	0.0133551
2.42222e-09	0.0133504
2.4223e-09	0.0133456
2.42237e-09	0.0133408
2.42244e-09	0.013336
2.42251e-09	0.0133311
2.42258e-09	0.0133263
2.42265e-09	0.0133214
2.42272e-09	0.0133165
2.42279e-09	0.0133115
2.42286e-09	0.0133066
2.42293e-09	0.0133016
2.423e-09	0.0132966
2.42308e-09	0.0132916
2.42315e-09	0.0132865
2.42322e-09	0.0132814
2.42329e-09	0.0132763
2.42336e-09	0.0132712
2.42343e-09	0.0132661
2.4235e-09	0.0132609
2.42357e-09	0.0132557
2.42364e-09	0.0132505
2.42371e-09	0.0132453
2.42379e-09	0.01324
2.42386e-09	0.0132347
2.42393e-09	0.0132294
2.424e-09	0.0132241
2.42407e-09	0.0132188
2.42414e-09	0.0132134
2.42421e-09	0.013208
2.42428e-09	0.0132026
2.42435e-09	0.0131971
2.42442e-09	0.0131917
2.42449e-09	0.0131862
2.42457e-09	0.0131807
2.42464e-09	0.0131751
2.42471e-09	0.0131696
2.42478e-09	0.013164
2.42485e-09	0.0131584
2.42492e-09	0.0131528
2.42499e-09	0.0131472
2.42506e-09	0.0131415
2.42513e-09	0.0131358
2.4252e-09	0.0131301
2.42527e-09	0.0131244
2.42535e-09	0.0131186
2.42542e-09	0.0131129
2.42549e-09	0.0131071
2.42556e-09	0.0131013
2.42563e-09	0.0130954
2.4257e-09	0.0130896
2.42577e-09	0.0130837
2.42584e-09	0.0130778
2.42591e-09	0.0130718
2.42598e-09	0.0130659
2.42605e-09	0.0130599
2.42613e-09	0.0130539
2.4262e-09	0.0130479
2.42627e-09	0.0130419
2.42634e-09	0.0130358
2.42641e-09	0.0130298
2.42648e-09	0.0130237
2.42655e-09	0.0130176
2.42662e-09	0.0130114
2.42669e-09	0.0130053
2.42676e-09	0.0129991
2.42683e-09	0.0129929
2.42691e-09	0.0129867
2.42698e-09	0.0129804
2.42705e-09	0.0129741
2.42712e-09	0.0129679
2.42719e-09	0.0129616
2.42726e-09	0.0129552
2.42733e-09	0.0129489
2.4274e-09	0.0129425
2.42747e-09	0.0129361
2.42754e-09	0.0129297
2.42762e-09	0.0129233
2.42769e-09	0.0129168
2.42776e-09	0.0129103
2.42783e-09	0.0129039
2.4279e-09	0.0128973
2.42797e-09	0.0128908
2.42804e-09	0.0128842
2.42811e-09	0.0128777
2.42818e-09	0.0128711
2.42825e-09	0.0128645
2.42832e-09	0.0128578
2.4284e-09	0.0128512
2.42847e-09	0.0128445
2.42854e-09	0.0128378
2.42861e-09	0.0128311
2.42868e-09	0.0128243
2.42875e-09	0.0128176
2.42882e-09	0.0128108
2.42889e-09	0.012804
2.42896e-09	0.0127972
2.42903e-09	0.0127903
2.4291e-09	0.0127835
2.42918e-09	0.0127766
2.42925e-09	0.0127697
2.42932e-09	0.0127628
2.42939e-09	0.0127559
2.42946e-09	0.0127489
2.42953e-09	0.0127419
2.4296e-09	0.0127349
2.42967e-09	0.0127279
2.42974e-09	0.0127209
2.42981e-09	0.0127138
2.42988e-09	0.0127068
2.42996e-09	0.0126997
2.43003e-09	0.0126926
2.4301e-09	0.0126854
2.43017e-09	0.0126783
2.43024e-09	0.0126711
2.43031e-09	0.0126639
2.43038e-09	0.0126567
2.43045e-09	0.0126495
2.43052e-09	0.0126422
2.43059e-09	0.012635
2.43067e-09	0.0126277
2.43074e-09	0.0126204
2.43081e-09	0.0126131
2.43088e-09	0.0126057
2.43095e-09	0.0125984
2.43102e-09	0.012591
2.43109e-09	0.0125836
2.43116e-09	0.0125762
2.43123e-09	0.0125687
2.4313e-09	0.0125613
2.43137e-09	0.0125538
2.43145e-09	0.0125463
2.43152e-09	0.0125388
2.43159e-09	0.0125313
2.43166e-09	0.0125237
2.43173e-09	0.0125162
2.4318e-09	0.0125086
2.43187e-09	0.012501
2.43194e-09	0.0124934
2.43201e-09	0.0124857
2.43208e-09	0.0124781
2.43215e-09	0.0124704
2.43223e-09	0.0124627
2.4323e-09	0.012455
2.43237e-09	0.0124473
2.43244e-09	0.0124395
2.43251e-09	0.0124318
2.43258e-09	0.012424
2.43265e-09	0.0124162
2.43272e-09	0.0124084
2.43279e-09	0.0124005
2.43286e-09	0.0123927
2.43293e-09	0.0123848
2.43301e-09	0.0123769
2.43308e-09	0.012369
2.43315e-09	0.0123611
2.43322e-09	0.0123532
2.43329e-09	0.0123452
2.43336e-09	0.0123372
2.43343e-09	0.0123292
2.4335e-09	0.0123212
2.43357e-09	0.0123132
2.43364e-09	0.0123051
2.43371e-09	0.0122971
2.43379e-09	0.012289
2.43386e-09	0.0122809
2.43393e-09	0.0122728
2.434e-09	0.0122647
2.43407e-09	0.0122565
2.43414e-09	0.0122484
2.43421e-09	0.0122402
2.43428e-09	0.012232
2.43435e-09	0.0122238
2.43442e-09	0.0122155
2.4345e-09	0.0122073
2.43457e-09	0.012199
2.43464e-09	0.0121907
2.43471e-09	0.0121824
2.43478e-09	0.0121741
2.43485e-09	0.0121658
2.43492e-09	0.0121574
2.43499e-09	0.012149
2.43506e-09	0.0121407
2.43513e-09	0.0121323
2.4352e-09	0.0121238
2.43528e-09	0.0121154
2.43535e-09	0.012107
2.43542e-09	0.0120985
2.43549e-09	0.01209
2.43556e-09	0.0120815
2.43563e-09	0.012073
2.4357e-09	0.0120645
2.43577e-09	0.0120559
2.43584e-09	0.0120474
2.43591e-09	0.0120388
2.43598e-09	0.0120302
2.43606e-09	0.0120216
2.43613e-09	0.012013
2.4362e-09	0.0120043
2.43627e-09	0.0119957
2.43634e-09	0.011987
2.43641e-09	0.0119783
2.43648e-09	0.0119696
2.43655e-09	0.0119609
2.43662e-09	0.0119521
2.43669e-09	0.0119434
2.43676e-09	0.0119346
2.43684e-09	0.0119258
2.43691e-09	0.011917
2.43698e-09	0.0119082
2.43705e-09	0.0118994
2.43712e-09	0.0118905
2.43719e-09	0.0118817
2.43726e-09	0.0118728
2.43733e-09	0.0118639
2.4374e-09	0.011855
2.43747e-09	0.0118461
2.43755e-09	0.0118371
2.43762e-09	0.0118282
2.43769e-09	0.0118192
2.43776e-09	0.0118102
2.43783e-09	0.0118012
2.4379e-09	0.0117922
2.43797e-09	0.0117832
2.43804e-09	0.0117742
2.43811e-09	0.0117651
2.43818e-09	0.011756
2.43825e-09	0.0117469
2.43833e-09	0.0117378
2.4384e-09	0.0117287
2.43847e-09	0.0117196
2.43854e-09	0.0117104
2.43861e-09	0.0117013
2.43868e-09	0.0116921
2.43875e-09	0.0116829
2.43882e-09	0.0116737
2.43889e-09	0.0116645
2.43896e-09	0.0116553
2.43903e-09	0.011646
2.43911e-09	0.0116368
2.43918e-09	0.0116275
2.43925e-09	0.0116182
2.43932e-09	0.0116089
2.43939e-09	0.0115996
2.43946e-09	0.0115902
2.43953e-09	0.0115809
2.4396e-09	0.0115715
2.43967e-09	0.0115622
2.43974e-09	0.0115528
2.43981e-09	0.0115434
2.43989e-09	0.011534
2.43996e-09	0.0115245
2.44003e-09	0.0115151
2.4401e-09	0.0115056
2.44017e-09	0.0114962
2.44024e-09	0.0114867
2.44031e-09	0.0114772
2.44038e-09	0.0114677
2.44045e-09	0.0114581
2.44052e-09	0.0114486
2.44059e-09	0.011439
2.44067e-09	0.0114295
2.44074e-09	0.0114199
2.44081e-09	0.0114103
2.44088e-09	0.0114007
2.44095e-09	0.0113911
2.44102e-09	0.0113814
2.44109e-09	0.0113718
2.44116e-09	0.0113621
2.44123e-09	0.0113525
2.4413e-09	0.0113428
2.44138e-09	0.0113331
2.44145e-09	0.0113234
2.44152e-09	0.0113136
2.44159e-09	0.0113039
2.44166e-09	0.0112942
2.44173e-09	0.0112844
2.4418e-09	0.0112746
2.44187e-09	0.0112648
2.44194e-09	0.011255
2.44201e-09	0.0112452
2.44208e-09	0.0112354
2.44216e-09	0.0112255
2.44223e-09	0.0112157
2.4423e-09	0.0112058
2.44237e-09	0.0111959
2.44244e-09	0.0111861
2.44251e-09	0.0111762
2.44258e-09	0.0111662
2.44265e-09	0.0111563
2.44272e-09	0.0111464
2.44279e-09	0.0111364
2.44286e-09	0.0111265
2.44294e-09	0.0111165
2.44301e-09	0.0111065
2.44308e-09	0.0110965
2.44315e-09	0.0110865
2.44322e-09	0.0110765
2.44329e-09	0.0110664
2.44336e-09	0.0110564
2.44343e-09	0.0110463
2.4435e-09	0.0110362
2.44357e-09	0.0110261
2.44364e-09	0.0110161
2.44372e-09	0.0110059
2.44379e-09	0.0109958
2.44386e-09	0.0109857
2.44393e-09	0.0109755
2.444e-09	0.0109654
2.44407e-09	0.0109552
2.44414e-09	0.010945
2.44421e-09	0.0109349
2.44428e-09	0.0109247
2.44435e-09	0.0109144
2.44443e-09	0.0109042
2.4445e-09	0.010894
2.44457e-09	0.0108837
2.44464e-09	0.0108735
2.44471e-09	0.0108632
2.44478e-09	0.0108529
2.44485e-09	0.0108426
2.44492e-09	0.0108323
2.44499e-09	0.010822
2.44506e-09	0.0108117
2.44513e-09	0.0108013
2.44521e-09	0.010791
2.44528e-09	0.0107806
2.44535e-09	0.0107703
2.44542e-09	0.0107599
2.44549e-09	0.0107495
2.44556e-09	0.0107391
2.44563e-09	0.0107287
2.4457e-09	0.0107182
2.44577e-09	0.0107078
2.44584e-09	0.0106974
2.44591e-09	0.0106869
2.44599e-09	0.0106764
2.44606e-09	0.010666
2.44613e-09	0.0106555
2.4462e-09	0.010645
2.44627e-09	0.0106345
2.44634e-09	0.0106239
2.44641e-09	0.0106134
2.44648e-09	0.0106029
2.44655e-09	0.0105923
2.44662e-09	0.0105818
2.44669e-09	0.0105712
2.44677e-09	0.0105606
2.44684e-09	0.01055
2.44691e-09	0.0105394
2.44698e-09	0.0105288
2.44705e-09	0.0105182
2.44712e-09	0.0105076
2.44719e-09	0.0104969
2.44726e-09	0.0104863
2.44733e-09	0.0104756
2.4474e-09	0.0104649
2.44747e-09	0.0104542
2.44755e-09	0.0104435
2.44762e-09	0.0104328
2.44769e-09	0.0104221
2.44776e-09	0.0104114
2.44783e-09	0.0104007
2.4479e-09	0.0103899
2.44797e-09	0.0103792
2.44804e-09	0.0103684
2.44811e-09	0.0103577
2.44818e-09	0.0103469
2.44826e-09	0.0103361
2.44833e-09	0.0103253
2.4484e-09	0.0103145
2.44847e-09	0.0103037
2.44854e-09	0.0102929
2.44861e-09	0.010282
2.44868e-09	0.0102712
2.44875e-09	0.0102603
2.44882e-09	0.0102495
2.44889e-09	0.0102386
2.44896e-09	0.0102277
2.44904e-09	0.0102168
2.44911e-09	0.0102059
2.44918e-09	0.010195
2.44925e-09	0.0101841
2.44932e-09	0.0101732
2.44939e-09	0.0101622
2.44946e-09	0.0101513
2.44953e-09	0.0101403
2.4496e-09	0.0101294
2.44967e-09	0.0101184
2.44974e-09	0.0101074
2.44982e-09	0.0100964
2.44989e-09	0.0100854
2.44996e-09	0.0100744
2.45003e-09	0.0100634
2.4501e-09	0.0100524
2.45017e-09	0.0100414
2.45024e-09	0.0100303
2.45031e-09	0.0100193
2.45038e-09	0.0100082
2.45045e-09	0.00999718
2.45052e-09	0.00998611
2.4506e-09	0.00997503
2.45067e-09	0.00996394
2.45074e-09	0.00995284
2.45081e-09	0.00994174
2.45088e-09	0.00993063
2.45095e-09	0.00991951
2.45102e-09	0.00990838
2.45109e-09	0.00989724
2.45116e-09	0.0098861
2.45123e-09	0.00987494
2.45131e-09	0.00986378
2.45138e-09	0.00985261
2.45145e-09	0.00984144
2.45152e-09	0.00983026
2.45159e-09	0.00981906
2.45166e-09	0.00980786
2.45173e-09	0.00979666
2.4518e-09	0.00978544
2.45187e-09	0.00977422
2.45194e-09	0.00976299
2.45201e-09	0.00975175
2.45209e-09	0.00974051
2.45216e-09	0.00972925
2.45223e-09	0.00971799
2.4523e-09	0.00970673
2.45237e-09	0.00969545
2.45244e-09	0.00968417
2.45251e-09	0.00967288
2.45258e-09	0.00966158
2.45265e-09	0.00965028
2.45272e-09	0.00963897
2.45279e-09	0.00962765
2.45287e-09	0.00961632
2.45294e-09	0.00960499
2.45301e-09	0.00959365
2.45308e-09	0.00958231
2.45315e-09	0.00957095
2.45322e-09	0.00955959
2.45329e-09	0.00954822
2.45336e-09	0.00953685
2.45343e-09	0.00952547
2.4535e-09	0.00951408
2.45357e-09	0.00950268
2.45365e-09	0.00949128
2.45372e-09	0.00947987
2.45379e-09	0.00946846
2.45386e-09	0.00945704
2.45393e-09	0.00944561
2.454e-09	0.00943417
2.45407e-09	0.00942273
2.45414e-09	0.00941128
2.45421e-09	0.00939983
2.45428e-09	0.00938837
2.45436e-09	0.0093769
2.45443e-09	0.00936543
2.4545e-09	0.00935395
2.45457e-09	0.00934246
2.45464e-09	0.00933097
2.45471e-09	0.00931947
2.45478e-09	0.00930796
2.45485e-09	0.00929645
2.45492e-09	0.00928493
2.45499e-09	0.00927341
2.45506e-09	0.00926188
2.45514e-09	0.00925035
2.45521e-09	0.0092388
2.45528e-09	0.00922726
2.45535e-09	0.0092157
2.45542e-09	0.00920414
2.45549e-09	0.00919258
2.45556e-09	0.00918101
2.45563e-09	0.00916943
2.4557e-09	0.00915785
2.45577e-09	0.00914626
2.45584e-09	0.00913467
2.45592e-09	0.00912307
2.45599e-09	0.00911146
2.45606e-09	0.00909985
2.45613e-09	0.00908823
2.4562e-09	0.00907661
2.45627e-09	0.00906498
2.45634e-09	0.00905335
2.45641e-09	0.00904171
2.45648e-09	0.00903007
2.45655e-09	0.00901842
2.45662e-09	0.00900676
2.4567e-09	0.0089951
2.45677e-09	0.00898344
2.45684e-09	0.00897177
2.45691e-09	0.00896009
2.45698e-09	0.00894841
2.45705e-09	0.00893672
2.45712e-09	0.00892503
2.45719e-09	0.00891334
2.45726e-09	0.00890164
2.45733e-09	0.00888993
2.4574e-09	0.00887822
2.45748e-09	0.0088665
2.45755e-09	0.00885478
2.45762e-09	0.00884306
2.45769e-09	0.00883133
2.45776e-09	0.00881959
2.45783e-09	0.00880785
2.4579e-09	0.00879611
2.45797e-09	0.00878436
2.45804e-09	0.0087726
2.45811e-09	0.00876084
2.45819e-09	0.00874908
2.45826e-09	0.00873731
2.45833e-09	0.00872554
2.4584e-09	0.00871376
2.45847e-09	0.00870198
2.45854e-09	0.00869019
2.45861e-09	0.0086784
2.45868e-09	0.00866661
2.45875e-09	0.00865481
2.45882e-09	0.00864301
2.45889e-09	0.0086312
2.45897e-09	0.00861939
2.45904e-09	0.00860757
2.45911e-09	0.00859575
2.45918e-09	0.00858392
2.45925e-09	0.0085721
2.45932e-09	0.00856026
2.45939e-09	0.00854843
2.45946e-09	0.00853659
2.45953e-09	0.00852474
2.4596e-09	0.00851289
2.45967e-09	0.00850104
2.45975e-09	0.00848918
2.45982e-09	0.00847732
2.45989e-09	0.00846546
2.45996e-09	0.00845359
2.46003e-09	0.00844172
2.4601e-09	0.00842984
2.46017e-09	0.00841796
2.46024e-09	0.00840608
2.46031e-09	0.00839419
2.46038e-09	0.00838231
2.46045e-09	0.00837041
2.46053e-09	0.00835851
2.4606e-09	0.00834661
2.46067e-09	0.00833471
2.46074e-09	0.0083228
2.46081e-09	0.00831089
2.46088e-09	0.00829898
2.46095e-09	0.00828706
2.46102e-09	0.00827514
2.46109e-09	0.00826321
2.46116e-09	0.00825129
2.46124e-09	0.00823935
2.46131e-09	0.00822742
2.46138e-09	0.00821548
2.46145e-09	0.00820354
2.46152e-09	0.0081916
2.46159e-09	0.00817965
2.46166e-09	0.0081677
2.46173e-09	0.00815575
2.4618e-09	0.0081438
2.46187e-09	0.00813184
2.46194e-09	0.00811988
2.46202e-09	0.00810791
2.46209e-09	0.00809595
2.46216e-09	0.00808397
2.46223e-09	0.008072
2.4623e-09	0.00806003
2.46237e-09	0.00804805
2.46244e-09	0.00803607
2.46251e-09	0.00802409
2.46258e-09	0.0080121
2.46265e-09	0.00800011
2.46272e-09	0.00798812
2.4628e-09	0.00797612
2.46287e-09	0.00796413
2.46294e-09	0.00795213
2.46301e-09	0.00794013
2.46308e-09	0.00792813
2.46315e-09	0.00791612
2.46322e-09	0.00790411
2.46329e-09	0.0078921
2.46336e-09	0.00788009
2.46343e-09	0.00786807
2.4635e-09	0.00785605
2.46358e-09	0.00784403
2.46365e-09	0.00783201
2.46372e-09	0.00781999
2.46379e-09	0.00780796
2.46386e-09	0.00779593
2.46393e-09	0.0077839
2.464e-09	0.00777187
2.46407e-09	0.00775984
2.46414e-09	0.0077478
2.46421e-09	0.00773576
2.46428e-09	0.00772372
2.46436e-09	0.00771168
2.46443e-09	0.00769964
2.4645e-09	0.00768759
2.46457e-09	0.00767554
2.46464e-09	0.0076635
2.46471e-09	0.00765144
2.46478e-09	0.00763939
2.46485e-09	0.00762734
2.46492e-09	0.00761528
2.46499e-09	0.00760323
2.46507e-09	0.00759117
2.46514e-09	0.00757911
2.46521e-09	0.00756704
2.46528e-09	0.00755498
2.46535e-09	0.00754292
2.46542e-09	0.00753085
2.46549e-09	0.00751878
2.46556e-09	0.00750671
2.46563e-09	0.00749464
2.4657e-09	0.00748257
2.46577e-09	0.0074705
2.46585e-09	0.00745842
2.46592e-09	0.00744635
2.46599e-09	0.00743427
2.46606e-09	0.00742219
2.46613e-09	0.00741011
2.4662e-09	0.00739803
2.46627e-09	0.00738595
2.46634e-09	0.00737387
2.46641e-09	0.00736179
2.46648e-09	0.0073497
2.46655e-09	0.00733762
2.46663e-09	0.00732553
2.4667e-09	0.00731345
2.46677e-09	0.00730136
2.46684e-09	0.00728927
2.46691e-09	0.00727718
2.46698e-09	0.00726509
2.46705e-09	0.007253
2.46712e-09	0.00724091
2.46719e-09	0.00722881
2.46726e-09	0.00721672
2.46733e-09	0.00720463
2.46741e-09	0.00719253
2.46748e-09	0.00718044
2.46755e-09	0.00716834
2.46762e-09	0.00715625
2.46769e-09	0.00714415
2.46776e-09	0.00713205
2.46783e-09	0.00711996
2.4679e-09	0.00710786
2.46797e-09	0.00709576
2.46804e-09	0.00708366
2.46812e-09	0.00707156
2.46819e-09	0.00705947
2.46826e-09	0.00704737
2.46833e-09	0.00703527
2.4684e-09	0.00702317
2.46847e-09	0.00701107
2.46854e-09	0.00699897
2.46861e-09	0.00698687
2.46868e-09	0.00697477
2.46875e-09	0.00696267
2.46882e-09	0.00695057
2.4689e-09	0.00693846
2.46897e-09	0.00692636
2.46904e-09	0.00691426
2.46911e-09	0.00690216
2.46918e-09	0.00689006
2.46925e-09	0.00687796
2.46932e-09	0.00686586
2.46939e-09	0.00685376
2.46946e-09	0.00684166
2.46953e-09	0.00682956
2.4696e-09	0.00681747
2.46968e-09	0.00680537
2.46975e-09	0.00679327
2.46982e-09	0.00678117
2.46989e-09	0.00676907
2.46996e-09	0.00675698
2.47003e-09	0.00674488
2.4701e-09	0.00673278
2.47017e-09	0.00672069
2.47024e-09	0.00670859
2.47031e-09	0.0066965
2.47038e-09	0.0066844
2.47046e-09	0.00667231
2.47053e-09	0.00666021
2.4706e-09	0.00664812
2.47067e-09	0.00663603
2.47074e-09	0.00662394
2.47081e-09	0.00661185
2.47088e-09	0.00659976
2.47095e-09	0.00658767
2.47102e-09	0.00657558
2.47109e-09	0.00656349
2.47116e-09	0.00655141
2.47124e-09	0.00653932
2.47131e-09	0.00652724
2.47138e-09	0.00651515
2.47145e-09	0.00650307
2.47152e-09	0.00649099
2.47159e-09	0.00647891
2.47166e-09	0.00646683
2.47173e-09	0.00645475
2.4718e-09	0.00644267
2.47187e-09	0.0064306
2.47195e-09	0.00641852
2.47202e-09	0.00640645
2.47209e-09	0.00639438
2.47216e-09	0.0063823
2.47223e-09	0.00637023
2.4723e-09	0.00635816
2.47237e-09	0.0063461
2.47244e-09	0.00633403
2.47251e-09	0.00632197
2.47258e-09	0.0063099
2.47265e-09	0.00629784
2.47273e-09	0.00628578
2.4728e-09	0.00627372
2.47287e-09	0.00626166
2.47294e-09	0.00624961
2.47301e-09	0.00623755
2.47308e-09	0.0062255
2.47315e-09	0.00621345
2.47322e-09	0.0062014
2.47329e-09	0.00618935
2.47336e-09	0.0061773
2.47343e-09	0.00616526
2.47351e-09	0.00615321
2.47358e-09	0.00614117
2.47365e-09	0.00612913
2.47372e-09	0.00611709
2.47379e-09	0.00610506
2.47386e-09	0.00609302
2.47393e-09	0.00608099
2.474e-09	0.00606896
2.47407e-09	0.00605693
2.47414e-09	0.00604491
2.47421e-09	0.00603288
2.47429e-09	0.00602086
2.47436e-09	0.00600884
2.47443e-09	0.00599682
2.4745e-09	0.0059848
2.47457e-09	0.00597279
2.47464e-09	0.00596078
2.47471e-09	0.00594877
2.47478e-09	0.00593676
2.47485e-09	0.00592475
2.47492e-09	0.00591275
2.475e-09	0.00590075
2.47507e-09	0.00588875
2.47514e-09	0.00587675
2.47521e-09	0.00586476
2.47528e-09	0.00585277
2.47535e-09	0.00584078
2.47542e-09	0.00582879
2.47549e-09	0.00581681
2.47556e-09	0.00580483
2.47563e-09	0.00579285
2.4757e-09	0.00578087
2.47578e-09	0.00576889
2.47585e-09	0.00575692
2.47592e-09	0.00574495
2.47599e-09	0.00573299
2.47606e-09	0.00572102
2.47613e-09	0.00570906
2.4762e-09	0.0056971
2.47627e-09	0.00568514
2.47634e-09	0.00567319
2.47641e-09	0.00566124
2.47648e-09	0.00564929
2.47656e-09	0.00563735
2.47663e-09	0.0056254
2.4767e-09	0.00561346
2.47677e-09	0.00560153
2.47684e-09	0.00558959
2.47691e-09	0.00557766
2.47698e-09	0.00556573
2.47705e-09	0.00555381
2.47712e-09	0.00554189
2.47719e-09	0.00552997
2.47726e-09	0.00551805
2.47734e-09	0.00550614
2.47741e-09	0.00549423
2.47748e-09	0.00548232
2.47755e-09	0.00547042
2.47762e-09	0.00545852
2.47769e-09	0.00544662
2.47776e-09	0.00543473
2.47783e-09	0.00542283
2.4779e-09	0.00541095
2.47797e-09	0.00539906
2.47804e-09	0.00538718
2.47812e-09	0.0053753
2.47819e-09	0.00536343
2.47826e-09	0.00535156
2.47833e-09	0.00533969
2.4784e-09	0.00532783
2.47847e-09	0.00531596
2.47854e-09	0.00530411
2.47861e-09	0.00529225
2.47868e-09	0.0052804
2.47875e-09	0.00526856
2.47883e-09	0.00525671
2.4789e-09	0.00524487
2.47897e-09	0.00523304
2.47904e-09	0.0052212
2.47911e-09	0.00520937
2.47918e-09	0.00519755
2.47925e-09	0.00518573
2.47932e-09	0.00517391
2.47939e-09	0.00516209
2.47946e-09	0.00515028
2.47953e-09	0.00513848
2.47961e-09	0.00512667
2.47968e-09	0.00511487
2.47975e-09	0.00510308
2.47982e-09	0.00509129
2.47989e-09	0.0050795
2.47996e-09	0.00506772
2.48003e-09	0.00505594
2.4801e-09	0.00504416
2.48017e-09	0.00503239
2.48024e-09	0.00502062
2.48031e-09	0.00500886
2.48039e-09	0.0049971
2.48046e-09	0.00498534
2.48053e-09	0.00497359
2.4806e-09	0.00496184
2.48067e-09	0.0049501
2.48074e-09	0.00493836
2.48081e-09	0.00492662
2.48088e-09	0.00491489
2.48095e-09	0.00490317
2.48102e-09	0.00489144
2.48109e-09	0.00487972
2.48117e-09	0.00486801
2.48124e-09	0.0048563
2.48131e-09	0.00484459
2.48138e-09	0.00483289
2.48145e-09	0.0048212
2.48152e-09	0.0048095
2.48159e-09	0.00479782
2.48166e-09	0.00478613
2.48173e-09	0.00477445
2.4818e-09	0.00476278
2.48188e-09	0.00475111
2.48195e-09	0.00473944
2.48202e-09	0.00472778
2.48209e-09	0.00471613
2.48216e-09	0.00470447
2.48223e-09	0.00469283
2.4823e-09	0.00468118
2.48237e-09	0.00466955
2.48244e-09	0.00465791
2.48251e-09	0.00464628
2.48258e-09	0.00463466
2.48266e-09	0.00462304
2.48273e-09	0.00461143
2.4828e-09	0.00459982
2.48287e-09	0.00458821
2.48294e-09	0.00457661
2.48301e-09	0.00456502
2.48308e-09	0.00455342
2.48315e-09	0.00454184
2.48322e-09	0.00453026
2.48329e-09	0.00451868
2.48336e-09	0.00450711
2.48344e-09	0.00449555
2.48351e-09	0.00448398
2.48358e-09	0.00447243
2.48365e-09	0.00446088
2.48372e-09	0.00444933
2.48379e-09	0.00443779
2.48386e-09	0.00442625
2.48393e-09	0.00441472
2.484e-09	0.0044032
2.48407e-09	0.00439168
2.48414e-09	0.00438016
2.48422e-09	0.00436865
2.48429e-09	0.00435715
2.48436e-09	0.00434565
2.48443e-09	0.00433415
2.4845e-09	0.00432266
2.48457e-09	0.00431118
2.48464e-09	0.0042997
2.48471e-09	0.00428823
2.48478e-09	0.00427676
2.48485e-09	0.00426529
2.48492e-09	0.00425384
2.485e-09	0.00424238
2.48507e-09	0.00423094
2.48514e-09	0.0042195
2.48521e-09	0.00420806
2.48528e-09	0.00419663
2.48535e-09	0.00418521
2.48542e-09	0.00417379
2.48549e-09	0.00416237
2.48556e-09	0.00415096
2.48563e-09	0.00413956
2.48571e-09	0.00412816
2.48578e-09	0.00411677
2.48585e-09	0.00410539
2.48592e-09	0.00409401
2.48599e-09	0.00408263
2.48606e-09	0.00407126
2.48613e-09	0.0040599
2.4862e-09	0.00404854
2.48627e-09	0.00403719
2.48634e-09	0.00402584
2.48641e-09	0.0040145
2.48649e-09	0.00400317
2.48656e-09	0.00399184
2.48663e-09	0.00398052
2.4867e-09	0.0039692
2.48677e-09	0.00395789
2.48684e-09	0.00394659
2.48691e-09	0.00393529
2.48698e-09	0.00392399
2.48705e-09	0.0039127
2.48712e-09	0.00390142
2.48719e-09	0.00389015
2.48727e-09	0.00387888
2.48734e-09	0.00386762
2.48741e-09	0.00385636
2.48748e-09	0.00384511
2.48755e-09	0.00383386
2.48762e-09	0.00382262
2.48769e-09	0.00381139
2.48776e-09	0.00380016
2.48783e-09	0.00378894
2.4879e-09	0.00377773
2.48797e-09	0.00376652
2.48805e-09	0.00375531
2.48812e-09	0.00374412
2.48819e-09	0.00373293
2.48826e-09	0.00372174
2.48833e-09	0.00371057
2.4884e-09	0.0036994
2.48847e-09	0.00368823
2.48854e-09	0.00367707
2.48861e-09	0.00366592
2.48868e-09	0.00365478
2.48876e-09	0.00364364
2.48883e-09	0.0036325
2.4889e-09	0.00362138
2.48897e-09	0.00361026
2.48904e-09	0.00359914
2.48911e-09	0.00358804
2.48918e-09	0.00357693
2.48925e-09	0.00356584
2.48932e-09	0.00355475
2.48939e-09	0.00354367
2.48946e-09	0.0035326
2.48954e-09	0.00352153
2.48961e-09	0.00351047
2.48968e-09	0.00349941
2.48975e-09	0.00348836
2.48982e-09	0.00347732
2.48989e-09	0.00346629
2.48996e-09	0.00345526
2.49003e-09	0.00344424
2.4901e-09	0.00343322
2.49017e-09	0.00342221
2.49024e-09	0.00341121
2.49032e-09	0.00340022
2.49039e-09	0.00338923
2.49046e-09	0.00337825
2.49053e-09	0.00336727
2.4906e-09	0.00335631
2.49067e-09	0.00334534
2.49074e-09	0.00333439
2.49081e-09	0.00332344
2.49088e-09	0.0033125
2.49095e-09	0.00330157
2.49102e-09	0.00329064
2.4911e-09	0.00327972
2.49117e-09	0.00326881
2.49124e-09	0.00325791
2.49131e-09	0.00324701
2.49138e-09	0.00323612
2.49145e-09	0.00322523
2.49152e-09	0.00321435
2.49159e-09	0.00320348
2.49166e-09	0.00319262
2.49173e-09	0.00318176
2.4918e-09	0.00317092
2.49188e-09	0.00316007
2.49195e-09	0.00314924
2.49202e-09	0.00313841
2.49209e-09	0.00312759
2.49216e-09	0.00311678
2.49223e-09	0.00310597
2.4923e-09	0.00309517
2.49237e-09	0.00308438
2.49244e-09	0.00307359
2.49251e-09	0.00306282
2.49259e-09	0.00305205
2.49266e-09	0.00304128
2.49273e-09	0.00303053
2.4928e-09	0.00301978
2.49287e-09	0.00300904
2.49294e-09	0.00299831
2.49301e-09	0.00298758
2.49308e-09	0.00297686
2.49315e-09	0.00296615
2.49322e-09	0.00295545
2.49329e-09	0.00294475
2.49337e-09	0.00293406
2.49344e-09	0.00292338
2.49351e-09	0.00291271
2.49358e-09	0.00290204
2.49365e-09	0.00289138
2.49372e-09	0.00288073
2.49379e-09	0.00287008
2.49386e-09	0.00285945
2.49393e-09	0.00284882
2.494e-09	0.0028382
2.49407e-09	0.00282758
2.49415e-09	0.00281698
2.49422e-09	0.00280638
2.49429e-09	0.00279579
2.49436e-09	0.0027852
2.49443e-09	0.00277463
2.4945e-09	0.00276406
2.49457e-09	0.0027535
2.49464e-09	0.00274295
2.49471e-09	0.0027324
2.49478e-09	0.00272187
2.49485e-09	0.00271134
2.49493e-09	0.00270082
2.495e-09	0.0026903
2.49507e-09	0.0026798
2.49514e-09	0.0026693
2.49521e-09	0.00265881
2.49528e-09	0.00264832
2.49535e-09	0.00263785
2.49542e-09	0.00262738
2.49549e-09	0.00261692
2.49556e-09	0.00260647
2.49564e-09	0.00259603
2.49571e-09	0.00258559
2.49578e-09	0.00257517
2.49585e-09	0.00256475
2.49592e-09	0.00255434
2.49599e-09	0.00254393
2.49606e-09	0.00253354
2.49613e-09	0.00252315
2.4962e-09	0.00251277
2.49627e-09	0.0025024
2.49634e-09	0.00249204
2.49642e-09	0.00248168
2.49649e-09	0.00247133
2.49656e-09	0.002461
2.49663e-09	0.00245066
2.4967e-09	0.00244034
2.49677e-09	0.00243003
2.49684e-09	0.00241972
2.49691e-09	0.00240942
2.49698e-09	0.00239913
2.49705e-09	0.00238885
2.49712e-09	0.00237858
2.4972e-09	0.00236831
2.49727e-09	0.00235805
2.49734e-09	0.0023478
2.49741e-09	0.00233756
2.49748e-09	0.00232733
2.49755e-09	0.00231711
2.49762e-09	0.00230689
2.49769e-09	0.00229668
2.49776e-09	0.00228648
2.49783e-09	0.00227629
2.4979e-09	0.00226611
2.49798e-09	0.00225593
2.49805e-09	0.00224577
2.49812e-09	0.00223561
2.49819e-09	0.00222546
2.49826e-09	0.00221532
2.49833e-09	0.00220519
2.4984e-09	0.00219506
2.49847e-09	0.00218495
2.49854e-09	0.00217484
2.49861e-09	0.00216474
2.49868e-09	0.00215465
2.49876e-09	0.00214457
2.49883e-09	0.00213449
2.4989e-09	0.00212443
2.49897e-09	0.00211437
2.49904e-09	0.00210433
2.49911e-09	0.00209429
2.49918e-09	0.00208426
2.49925e-09	0.00207423
2.49932e-09	0.00206422
2.49939e-09	0.00205422
2.49947e-09	0.00204422
2.49954e-09	0.00203423
2.49961e-09	0.00202425
2.49968e-09	0.00201428
2.49975e-09	0.00200432
2.49982e-09	0.00199437
2.49989e-09	0.00198442
2.49996e-09	0.00197449
2.50003e-09	0.00196456
2.5001e-09	0.00195464
2.50017e-09	0.00194473
2.50025e-09	0.00193483
2.50032e-09	0.00192494
2.50039e-09	0.00191506
2.50046e-09	0.00190518
2.50053e-09	0.00189532
2.5006e-09	0.00188546
2.50067e-09	0.00187561
2.50074e-09	0.00186577
2.50081e-09	0.00185594
2.50088e-09	0.00184612
2.50095e-09	0.00183631
2.50103e-09	0.0018265
2.5011e-09	0.00181671
2.50117e-09	0.00180692
2.50124e-09	0.00179715
2.50131e-09	0.00178738
2.50138e-09	0.00177762
2.50145e-09	0.00176787
2.50152e-09	0.00175813
2.50159e-09	0.00174839
2.50166e-09	0.00173867
2.50173e-09	0.00172896
2.50181e-09	0.00171925
2.50188e-09	0.00170955
2.50195e-09	0.00169987
2.50202e-09	0.00169019
2.50209e-09	0.00168052
2.50216e-09	0.00167086
2.50223e-09	0.00166121
2.5023e-09	0.00165156
2.50237e-09	0.00164193
2.50244e-09	0.00163231
2.50252e-09	0.00162269
2.50259e-09	0.00161309
2.50266e-09	0.00160349
2.50273e-09	0.0015939
2.5028e-09	0.00158432
2.50287e-09	0.00157475
2.50294e-09	0.00156519
2.50301e-09	0.00155564
2.50308e-09	0.0015461
2.50315e-09	0.00153657
2.50322e-09	0.00152704
2.5033e-09	0.00151753
2.50337e-09	0.00150802
2.50344e-09	0.00149853
2.50351e-09	0.00148904
2.50358e-09	0.00147956
2.50365e-09	0.0014701
2.50372e-09	0.00146064
2.50379e-09	0.00145119
2.50386e-09	0.00144175
2.50393e-09	0.00143232
2.504e-09	0.00142289
2.50408e-09	0.00141348
2.50415e-09	0.00140408
2.50422e-09	0.00139469
2.50429e-09	0.0013853
2.50436e-09	0.00137593
2.50443e-09	0.00136656
2.5045e-09	0.0013572
2.50457e-09	0.00134786
2.50464e-09	0.00133852
2.50471e-09	0.00132919
2.50478e-09	0.00131987
2.50486e-09	0.00131056
2.50493e-09	0.00130126
2.505e-09	0.00129197
2.50507e-09	0.00128269
2.50514e-09	0.00127342
2.50521e-09	0.00126416
2.50528e-09	0.00125491
2.50535e-09	0.00124566
2.50542e-09	0.00123643
2.50549e-09	0.00122721
2.50556e-09	0.00121799
2.50564e-09	0.00120879
2.50571e-09	0.00119959
2.50578e-09	0.00119041
2.50585e-09	0.00118123
2.50592e-09	0.00117206
2.50599e-09	0.00116291
2.50606e-09	0.00115376
2.50613e-09	0.00114462
2.5062e-09	0.00113549
2.50627e-09	0.00112637
2.50635e-09	0.00111727
2.50642e-09	0.00110817
2.50649e-09	0.00109908
2.50656e-09	0.00109
2.50663e-09	0.00108092
2.5067e-09	0.00107186
2.50677e-09	0.00106281
2.50684e-09	0.00105377
2.50691e-09	0.00104474
2.50698e-09	0.00103572
2.50705e-09	0.0010267
2.50713e-09	0.0010177
2.5072e-09	0.00100871
2.50727e-09	0.000999725
2.50734e-09	0.000990751
2.50741e-09	0.000981787
2.50748e-09	0.000972833
2.50755e-09	0.000963889
2.50762e-09	0.000954954
2.50769e-09	0.000946029
2.50776e-09	0.000937114
2.50783e-09	0.000928209
2.50791e-09	0.000919313
2.50798e-09	0.000910428
2.50805e-09	0.000901552
2.50812e-09	0.000892686
2.50819e-09	0.000883829
2.50826e-09	0.000874983
2.50833e-09	0.000866146
2.5084e-09	0.00085732
2.50847e-09	0.000848503
2.50854e-09	0.000839696
2.50861e-09	0.000830899
2.50869e-09	0.000822111
2.50876e-09	0.000813334
2.50883e-09	0.000804567
2.5089e-09	0.000795809
2.50897e-09	0.000787061
2.50904e-09	0.000778324
2.50911e-09	0.000769596
2.50918e-09	0.000760878
2.50925e-09	0.00075217
2.50932e-09	0.000743472
2.5094e-09	0.000734784
2.50947e-09	0.000726106
2.50954e-09	0.000717438
2.50961e-09	0.00070878
2.50968e-09	0.000700132
2.50975e-09	0.000691494
2.50982e-09	0.000682866
2.50989e-09	0.000674247
2.50996e-09	0.000665639
2.51003e-09	0.000657041
2.5101e-09	0.000648453
2.51018e-09	0.000639875
2.51025e-09	0.000631307
2.51032e-09	0.000622749
2.51039e-09	0.000614201
2.51046e-09	0.000605663
2.51053e-09	0.000597136
2.5106e-09	0.000588618
2.51067e-09	0.00058011
2.51074e-09	0.000571613
2.51081e-09	0.000563125
2.51088e-09	0.000554648
2.51096e-09	0.000546181
2.51103e-09	0.000537723
2.5111e-09	0.000529276
2.51117e-09	0.00052084
2.51124e-09	0.000512413
2.51131e-09	0.000503996
2.51138e-09	0.00049559
2.51145e-09	0.000487193
2.51152e-09	0.000478807
2.51159e-09	0.000470431
2.51166e-09	0.000462065
2.51174e-09	0.00045371
2.51181e-09	0.000445364
2.51188e-09	0.000437029
2.51195e-09	0.000428704
2.51202e-09	0.000420389
2.51209e-09	0.000412084
2.51216e-09	0.00040379
2.51223e-09	0.000395505
2.5123e-09	0.000387231
2.51237e-09	0.000378968
2.51244e-09	0.000370714
2.51252e-09	0.000362471
2.51259e-09	0.000354238
2.51266e-09	0.000346015
2.51273e-09	0.000337802
2.5128e-09	0.0003296
2.51287e-09	0.000321408
2.51294e-09	0.000313226
2.51301e-09	0.000305054
2.51308e-09	0.000296893
2.51315e-09	0.000288742
2.51323e-09	0.000280602
2.5133e-09	0.000272471
2.51337e-09	0.000264351
2.51344e-09	0.000256242
2.51351e-09	0.000248142
2.51358e-09	0.000240053
2.51365e-09	0.000231974
2.51372e-09	0.000223906
2.51379e-09	0.000215848
2.51386e-09	0.0002078
2.51393e-09	0.000199763
2.51401e-09	0.000191736
2.51408e-09	0.000183719
2.51415e-09	0.000175713
2.51422e-09	0.000167717
2.51429e-09	0.000159732
2.51436e-09	0.000151756
2.51443e-09	0.000143792
2.5145e-09	0.000135837
2.51457e-09	0.000127893
2.51464e-09	0.00011996
2.51471e-09	0.000112036
2.51479e-09	0.000104124
2.51486e-09	9.62213e-05
2.51493e-09	8.83294e-05
2.515e-09	8.04479e-05
2.51507e-09	7.25768e-05
2.51514e-09	6.47161e-05
2.51521e-09	5.68659e-05
2.51528e-09	4.90261e-05
2.51535e-09	4.11968e-05
2.51542e-09	3.33779e-05
2.51549e-09	2.55695e-05
2.51557e-09	1.77715e-05
2.51564e-09	9.98397e-06
2.51571e-09	2.20693e-06
2.51578e-09	-5.55963e-06
2.51585e-09	-1.33157e-05
2.51592e-09	-2.10613e-05
2.51599e-09	-2.87965e-05
2.51606e-09	-3.65211e-05
2.51613e-09	-4.42352e-05
2.5162e-09	-5.19389e-05
2.51628e-09	-5.9632e-05
2.51635e-09	-6.73146e-05
2.51642e-09	-7.49868e-05
2.51649e-09	-8.26484e-05
2.51656e-09	-9.02995e-05
2.51663e-09	-9.794e-05
2.5167e-09	-0.00010557
2.51677e-09	-0.00011319
2.51684e-09	-0.000120799
2.51691e-09	-0.000128397
2.51698e-09	-0.000135985
2.51706e-09	-0.000143562
2.51713e-09	-0.000151129
2.5172e-09	-0.000158685
2.51727e-09	-0.000166231
2.51734e-09	-0.000173766
2.51741e-09	-0.000181291
2.51748e-09	-0.000188805
2.51755e-09	-0.000196308
2.51762e-09	-0.000203801
2.51769e-09	-0.000211283
2.51776e-09	-0.000218755
2.51784e-09	-0.000226216
2.51791e-09	-0.000233666
2.51798e-09	-0.000241106
2.51805e-09	-0.000248536
2.51812e-09	-0.000255954
2.51819e-09	-0.000263363
2.51826e-09	-0.00027076
2.51833e-09	-0.000278147
2.5184e-09	-0.000285523
2.51847e-09	-0.000292889
2.51854e-09	-0.000300244
2.51862e-09	-0.000307588
2.51869e-09	-0.000314922
2.51876e-09	-0.000322245
2.51883e-09	-0.000329558
2.5189e-09	-0.00033686
2.51897e-09	-0.000344151
2.51904e-09	-0.000351432
2.51911e-09	-0.000358702
2.51918e-09	-0.000365961
2.51925e-09	-0.00037321
2.51933e-09	-0.000380448
2.5194e-09	-0.000387675
2.51947e-09	-0.000394892
2.51954e-09	-0.000402098
2.51961e-09	-0.000409294
2.51968e-09	-0.000416478
2.51975e-09	-0.000423652
2.51982e-09	-0.000430816
2.51989e-09	-0.000437969
2.51996e-09	-0.000445111
2.52003e-09	-0.000452242
2.52011e-09	-0.000459363
2.52018e-09	-0.000466473
2.52025e-09	-0.000473572
2.52032e-09	-0.000480661
2.52039e-09	-0.000487739
2.52046e-09	-0.000494806
2.52053e-09	-0.000501863
2.5206e-09	-0.000508908
2.52067e-09	-0.000515944
2.52074e-09	-0.000522968
2.52081e-09	-0.000529982
2.52089e-09	-0.000536985
2.52096e-09	-0.000543977
2.52103e-09	-0.000550959
2.5211e-09	-0.00055793
2.52117e-09	-0.00056489
2.52124e-09	-0.00057184
2.52131e-09	-0.000578778
2.52138e-09	-0.000585706
2.52145e-09	-0.000592624
2.52152e-09	-0.00059953
2.52159e-09	-0.000606426
2.52167e-09	-0.000613311
2.52174e-09	-0.000620186
2.52181e-09	-0.000627049
2.52188e-09	-0.000633902
2.52195e-09	-0.000640745
2.52202e-09	-0.000647576
2.52209e-09	-0.000654397
2.52216e-09	-0.000661207
2.52223e-09	-0.000668006
2.5223e-09	-0.000674794
2.52237e-09	-0.000681572
2.52245e-09	-0.000688339
2.52252e-09	-0.000695095
2.52259e-09	-0.000701841
2.52266e-09	-0.000708576
2.52273e-09	-0.0007153
2.5228e-09	-0.000722013
2.52287e-09	-0.000728715
2.52294e-09	-0.000735407
2.52301e-09	-0.000742088
2.52308e-09	-0.000748758
2.52316e-09	-0.000755418
2.52323e-09	-0.000762066
2.5233e-09	-0.000768704
2.52337e-09	-0.000775331
2.52344e-09	-0.000781948
2.52351e-09	-0.000788553
2.52358e-09	-0.000795148
2.52365e-09	-0.000801732
2.52372e-09	-0.000808306
2.52379e-09	-0.000814868
2.52386e-09	-0.00082142
2.52394e-09	-0.000827961
2.52401e-09	-0.000834491
2.52408e-09	-0.00084101
2.52415e-09	-0.000847519
2.52422e-09	-0.000854017
2.52429e-09	-0.000860504
2.52436e-09	-0.00086698
2.52443e-09	-0.000873446
2.5245e-09	-0.0008799
2.52457e-09	-0.000886344
2.52464e-09	-0.000892778
2.52472e-09	-0.0008992
2.52479e-09	-0.000905612
2.52486e-09	-0.000912012
2.52493e-09	-0.000918402
2.525e-09	-0.000924782
2.52507e-09	-0.00093115
2.52514e-09	-0.000937508
2.52521e-09	-0.000943855
2.52528e-09	-0.000950191
2.52535e-09	-0.000956516
2.52542e-09	-0.00096283
2.5255e-09	-0.000969134
2.52557e-09	-0.000975427
2.52564e-09	-0.000981709
2.52571e-09	-0.000987981
2.52578e-09	-0.000994241
2.52585e-09	-0.00100049
2.52592e-09	-0.00100673
2.52599e-09	-0.00101296
2.52606e-09	-0.00101918
2.52613e-09	-0.00102538
2.52621e-09	-0.00103158
2.52628e-09	-0.00103776
2.52635e-09	-0.00104394
2.52642e-09	-0.0010501
2.52649e-09	-0.00105625
2.52656e-09	-0.00106239
2.52663e-09	-0.00106853
2.5267e-09	-0.00107465
2.52677e-09	-0.00108076
2.52684e-09	-0.00108685
2.52691e-09	-0.00109294
2.52699e-09	-0.00109902
2.52706e-09	-0.00110508
2.52713e-09	-0.00111114
2.5272e-09	-0.00111718
2.52727e-09	-0.00112322
2.52734e-09	-0.00112924
2.52741e-09	-0.00113525
2.52748e-09	-0.00114126
2.52755e-09	-0.00114725
2.52762e-09	-0.00115323
2.52769e-09	-0.0011592
2.52777e-09	-0.00116515
2.52784e-09	-0.0011711
2.52791e-09	-0.00117704
2.52798e-09	-0.00118296
2.52805e-09	-0.00118888
2.52812e-09	-0.00119478
2.52819e-09	-0.00120068
2.52826e-09	-0.00120656
2.52833e-09	-0.00121243
2.5284e-09	-0.00121829
2.52847e-09	-0.00122414
2.52855e-09	-0.00122998
2.52862e-09	-0.00123581
2.52869e-09	-0.00124163
2.52876e-09	-0.00124744
2.52883e-09	-0.00125323
2.5289e-09	-0.00125902
2.52897e-09	-0.00126479
2.52904e-09	-0.00127056
2.52911e-09	-0.00127631
2.52918e-09	-0.00128205
2.52925e-09	-0.00128779
2.52933e-09	-0.00129351
2.5294e-09	-0.00129922
2.52947e-09	-0.00130492
2.52954e-09	-0.00131061
2.52961e-09	-0.00131628
2.52968e-09	-0.00132195
2.52975e-09	-0.00132761
2.52982e-09	-0.00133325
2.52989e-09	-0.00133889
2.52996e-09	-0.00134451
2.53004e-09	-0.00135013
2.53011e-09	-0.00135573
2.53018e-09	-0.00136132
2.53025e-09	-0.0013669
2.53032e-09	-0.00137247
2.53039e-09	-0.00137803
2.53046e-09	-0.00138358
2.53053e-09	-0.00138912
2.5306e-09	-0.00139465
2.53067e-09	-0.00140016
2.53074e-09	-0.00140567
2.53082e-09	-0.00141116
2.53089e-09	-0.00141665
2.53096e-09	-0.00142212
2.53103e-09	-0.00142758
2.5311e-09	-0.00143304
2.53117e-09	-0.00143848
2.53124e-09	-0.00144391
2.53131e-09	-0.00144933
2.53138e-09	-0.00145474
2.53145e-09	-0.00146014
2.53152e-09	-0.00146552
2.5316e-09	-0.0014709
2.53167e-09	-0.00147627
2.53174e-09	-0.00148162
2.53181e-09	-0.00148697
2.53188e-09	-0.0014923
2.53195e-09	-0.00149762
2.53202e-09	-0.00150294
2.53209e-09	-0.00150824
2.53216e-09	-0.00151353
2.53223e-09	-0.00151881
2.5323e-09	-0.00152408
2.53238e-09	-0.00152934
2.53245e-09	-0.00153459
2.53252e-09	-0.00153982
2.53259e-09	-0.00154505
2.53266e-09	-0.00155027
2.53273e-09	-0.00155547
2.5328e-09	-0.00156067
2.53287e-09	-0.00156585
2.53294e-09	-0.00157102
2.53301e-09	-0.00157619
2.53309e-09	-0.00158134
2.53316e-09	-0.00158648
2.53323e-09	-0.00159161
2.5333e-09	-0.00159673
2.53337e-09	-0.00160184
2.53344e-09	-0.00160694
2.53351e-09	-0.00161203
2.53358e-09	-0.0016171
2.53365e-09	-0.00162217
2.53372e-09	-0.00162723
2.53379e-09	-0.00163227
2.53387e-09	-0.00163731
2.53394e-09	-0.00164233
2.53401e-09	-0.00164734
2.53408e-09	-0.00165235
2.53415e-09	-0.00165734
2.53422e-09	-0.00166232
2.53429e-09	-0.00166729
2.53436e-09	-0.00167225
2.53443e-09	-0.0016772
2.5345e-09	-0.00168214
2.53457e-09	-0.00168707
2.53465e-09	-0.00169198
2.53472e-09	-0.00169689
2.53479e-09	-0.00170179
2.53486e-09	-0.00170667
2.53493e-09	-0.00171155
2.535e-09	-0.00171641
2.53507e-09	-0.00172126
2.53514e-09	-0.00172611
2.53521e-09	-0.00173094
2.53528e-09	-0.00173576
2.53535e-09	-0.00174057
2.53543e-09	-0.00174537
2.5355e-09	-0.00175016
2.53557e-09	-0.00175494
2.53564e-09	-0.00175971
2.53571e-09	-0.00176447
2.53578e-09	-0.00176922
2.53585e-09	-0.00177395
2.53592e-09	-0.00177868
2.53599e-09	-0.0017834
2.53606e-09	-0.0017881
2.53613e-09	-0.0017928
2.53621e-09	-0.00179748
2.53628e-09	-0.00180215
2.53635e-09	-0.00180682
2.53642e-09	-0.00181147
2.53649e-09	-0.00181611
2.53656e-09	-0.00182074
2.53663e-09	-0.00182536
2.5367e-09	-0.00182997
2.53677e-09	-0.00183457
2.53684e-09	-0.00183916
2.53692e-09	-0.00184374
2.53699e-09	-0.00184831
2.53706e-09	-0.00185287
2.53713e-09	-0.00185741
2.5372e-09	-0.00186195
2.53727e-09	-0.00186648
2.53734e-09	-0.00187099
2.53741e-09	-0.0018755
2.53748e-09	-0.00187999
2.53755e-09	-0.00188448
2.53762e-09	-0.00188895
2.5377e-09	-0.00189341
2.53777e-09	-0.00189786
2.53784e-09	-0.00190231
2.53791e-09	-0.00190674
2.53798e-09	-0.00191116
2.53805e-09	-0.00191557
2.53812e-09	-0.00191997
2.53819e-09	-0.00192436
2.53826e-09	-0.00192874
2.53833e-09	-0.00193311
2.5384e-09	-0.00193746
2.53848e-09	-0.00194181
2.53855e-09	-0.00194615
2.53862e-09	-0.00195048
2.53869e-09	-0.00195479
2.53876e-09	-0.0019591
2.53883e-09	-0.00196339
2.5389e-09	-0.00196768
2.53897e-09	-0.00197195
2.53904e-09	-0.00197622
2.53911e-09	-0.00198047
2.53918e-09	-0.00198471
2.53926e-09	-0.00198895
2.53933e-09	-0.00199317
2.5394e-09	-0.00199738
2.53947e-09	-0.00200158
2.53954e-09	-0.00200578
2.53961e-09	-0.00200996
2.53968e-09	-0.00201413
2.53975e-09	-0.00201829
2.53982e-09	-0.00202244
2.53989e-09	-0.00202658
2.53997e-09	-0.00203071
2.54004e-09	-0.00203482
2.54011e-09	-0.00203893
2.54018e-09	-0.00204303
2.54025e-09	-0.00204712
2.54032e-09	-0.00205119
2.54039e-09	-0.00205526
2.54046e-09	-0.00205932
2.54053e-09	-0.00206336
2.5406e-09	-0.0020674
2.54067e-09	-0.00207143
2.54075e-09	-0.00207544
2.54082e-09	-0.00207945
2.54089e-09	-0.00208344
2.54096e-09	-0.00208742
2.54103e-09	-0.0020914
2.5411e-09	-0.00209536
2.54117e-09	-0.00209932
2.54124e-09	-0.00210326
2.54131e-09	-0.00210719
2.54138e-09	-0.00211111
2.54145e-09	-0.00211503
2.54153e-09	-0.00211893
2.5416e-09	-0.00212282
2.54167e-09	-0.0021267
2.54174e-09	-0.00213057
2.54181e-09	-0.00213443
2.54188e-09	-0.00213828
2.54195e-09	-0.00214212
2.54202e-09	-0.00214595
2.54209e-09	-0.00214977
2.54216e-09	-0.00215358
2.54223e-09	-0.00215738
2.54231e-09	-0.00216117
2.54238e-09	-0.00216495
2.54245e-09	-0.00216872
2.54252e-09	-0.00217248
2.54259e-09	-0.00217623
2.54266e-09	-0.00217996
2.54273e-09	-0.00218369
2.5428e-09	-0.00218741
2.54287e-09	-0.00219112
2.54294e-09	-0.00219482
2.54301e-09	-0.0021985
2.54309e-09	-0.00220218
2.54316e-09	-0.00220585
2.54323e-09	-0.0022095
2.5433e-09	-0.00221315
2.54337e-09	-0.00221679
2.54344e-09	-0.00222041
2.54351e-09	-0.00222403
2.54358e-09	-0.00222764
2.54365e-09	-0.00223123
2.54372e-09	-0.00223482
2.5438e-09	-0.00223839
2.54387e-09	-0.00224196
2.54394e-09	-0.00224551
2.54401e-09	-0.00224906
2.54408e-09	-0.0022526
2.54415e-09	-0.00225612
2.54422e-09	-0.00225964
2.54429e-09	-0.00226314
2.54436e-09	-0.00226664
2.54443e-09	-0.00227012
2.5445e-09	-0.0022736
2.54458e-09	-0.00227706
2.54465e-09	-0.00228052
2.54472e-09	-0.00228396
2.54479e-09	-0.00228739
2.54486e-09	-0.00229082
2.54493e-09	-0.00229423
2.545e-09	-0.00229764
2.54507e-09	-0.00230103
2.54514e-09	-0.00230442
2.54521e-09	-0.00230779
2.54528e-09	-0.00231116
2.54536e-09	-0.00231451
2.54543e-09	-0.00231786
2.5455e-09	-0.00232119
2.54557e-09	-0.00232452
2.54564e-09	-0.00232783
2.54571e-09	-0.00233113
2.54578e-09	-0.00233443
2.54585e-09	-0.00233771
2.54592e-09	-0.00234099
2.54599e-09	-0.00234425
2.54606e-09	-0.00234751
2.54614e-09	-0.00235075
2.54621e-09	-0.00235399
2.54628e-09	-0.00235721
2.54635e-09	-0.00236043
2.54642e-09	-0.00236364
2.54649e-09	-0.00236683
2.54656e-09	-0.00237002
2.54663e-09	-0.00237319
2.5467e-09	-0.00237636
2.54677e-09	-0.00237951
2.54685e-09	-0.00238266
2.54692e-09	-0.0023858
2.54699e-09	-0.00238892
2.54706e-09	-0.00239204
2.54713e-09	-0.00239515
2.5472e-09	-0.00239824
2.54727e-09	-0.00240133
2.54734e-09	-0.00240441
2.54741e-09	-0.00240747
2.54748e-09	-0.00241053
2.54755e-09	-0.00241358
2.54763e-09	-0.00241662
2.5477e-09	-0.00241964
2.54777e-09	-0.00242266
2.54784e-09	-0.00242567
2.54791e-09	-0.00242867
2.54798e-09	-0.00243166
2.54805e-09	-0.00243464
2.54812e-09	-0.00243761
2.54819e-09	-0.00244057
2.54826e-09	-0.00244352
2.54833e-09	-0.00244646
2.54841e-09	-0.00244939
2.54848e-09	-0.00245231
2.54855e-09	-0.00245522
2.54862e-09	-0.00245812
2.54869e-09	-0.00246101
2.54876e-09	-0.00246389
2.54883e-09	-0.00246677
2.5489e-09	-0.00246963
2.54897e-09	-0.00247248
2.54904e-09	-0.00247532
2.54911e-09	-0.00247816
2.54919e-09	-0.00248098
2.54926e-09	-0.00248379
2.54933e-09	-0.0024866
2.5494e-09	-0.00248939
2.54947e-09	-0.00249218
2.54954e-09	-0.00249495
2.54961e-09	-0.00249772
2.54968e-09	-0.00250048
2.54975e-09	-0.00250322
2.54982e-09	-0.00250596
2.54989e-09	-0.00250869
2.54997e-09	-0.0025114
2.55004e-09	-0.00251411
2.55011e-09	-0.00251681
2.55018e-09	-0.0025195
2.55025e-09	-0.00252218
2.55032e-09	-0.00252485
2.55039e-09	-0.00252751
2.55046e-09	-0.00253016
2.55053e-09	-0.0025328
2.5506e-09	-0.00253543
2.55068e-09	-0.00253806
2.55075e-09	-0.00254067
2.55082e-09	-0.00254327
2.55089e-09	-0.00254587
2.55096e-09	-0.00254845
2.55103e-09	-0.00255103
2.5511e-09	-0.00255359
2.55117e-09	-0.00255615
2.55124e-09	-0.00255869
2.55131e-09	-0.00256123
2.55138e-09	-0.00256376
2.55146e-09	-0.00256627
2.55153e-09	-0.00256878
2.5516e-09	-0.00257128
2.55167e-09	-0.00257377
2.55174e-09	-0.00257625
2.55181e-09	-0.00257872
2.55188e-09	-0.00258118
2.55195e-09	-0.00258364
2.55202e-09	-0.00258608
2.55209e-09	-0.00258851
2.55216e-09	-0.00259093
2.55224e-09	-0.00259335
2.55231e-09	-0.00259575
2.55238e-09	-0.00259815
2.55245e-09	-0.00260054
2.55252e-09	-0.00260291
2.55259e-09	-0.00260528
2.55266e-09	-0.00260764
2.55273e-09	-0.00260999
2.5528e-09	-0.00261233
2.55287e-09	-0.00261466
2.55294e-09	-0.00261698
2.55302e-09	-0.00261929
2.55309e-09	-0.00262159
2.55316e-09	-0.00262389
2.55323e-09	-0.00262617
2.5533e-09	-0.00262844
2.55337e-09	-0.00263071
2.55344e-09	-0.00263297
2.55351e-09	-0.00263521
2.55358e-09	-0.00263745
2.55365e-09	-0.00263968
2.55373e-09	-0.0026419
2.5538e-09	-0.00264411
2.55387e-09	-0.00264631
2.55394e-09	-0.0026485
2.55401e-09	-0.00265068
2.55408e-09	-0.00265286
2.55415e-09	-0.00265502
2.55422e-09	-0.00265717
2.55429e-09	-0.00265932
2.55436e-09	-0.00266146
2.55443e-09	-0.00266358
2.55451e-09	-0.0026657
2.55458e-09	-0.00266781
2.55465e-09	-0.00266991
2.55472e-09	-0.002672
2.55479e-09	-0.00267408
2.55486e-09	-0.00267616
2.55493e-09	-0.00267822
2.555e-09	-0.00268027
2.55507e-09	-0.00268232
2.55514e-09	-0.00268436
2.55521e-09	-0.00268638
2.55529e-09	-0.0026884
2.55536e-09	-0.00269041
2.55543e-09	-0.00269241
2.5555e-09	-0.0026944
2.55557e-09	-0.00269638
2.55564e-09	-0.00269836
2.55571e-09	-0.00270032
2.55578e-09	-0.00270228
2.55585e-09	-0.00270422
2.55592e-09	-0.00270616
2.55599e-09	-0.00270809
2.55607e-09	-0.00271001
2.55614e-09	-0.00271192
2.55621e-09	-0.00271382
2.55628e-09	-0.00271571
2.55635e-09	-0.00271759
2.55642e-09	-0.00271947
2.55649e-09	-0.00272133
2.55656e-09	-0.00272319
2.55663e-09	-0.00272504
2.5567e-09	-0.00272687
2.55677e-09	-0.0027287
2.55685e-09	-0.00273052
2.55692e-09	-0.00273234
2.55699e-09	-0.00273414
2.55706e-09	-0.00273593
2.55713e-09	-0.00273772
2.5572e-09	-0.0027395
2.55727e-09	-0.00274126
2.55734e-09	-0.00274302
2.55741e-09	-0.00274477
2.55748e-09	-0.00274651
2.55756e-09	-0.00274825
2.55763e-09	-0.00274997
2.5577e-09	-0.00275168
2.55777e-09	-0.00275339
2.55784e-09	-0.00275509
2.55791e-09	-0.00275678
2.55798e-09	-0.00275846
2.55805e-09	-0.00276013
2.55812e-09	-0.00276179
2.55819e-09	-0.00276344
2.55826e-09	-0.00276509
2.55834e-09	-0.00276672
2.55841e-09	-0.00276835
2.55848e-09	-0.00276997
2.55855e-09	-0.00277158
2.55862e-09	-0.00277318
2.55869e-09	-0.00277477
2.55876e-09	-0.00277636
2.55883e-09	-0.00277793
2.5589e-09	-0.0027795
2.55897e-09	-0.00278106
2.55904e-09	-0.00278261
2.55912e-09	-0.00278415
2.55919e-09	-0.00278568
2.55926e-09	-0.0027872
2.55933e-09	-0.00278872
2.5594e-09	-0.00279022
2.55947e-09	-0.00279172
2.55954e-09	-0.00279321
2.55961e-09	-0.00279469
2.55968e-09	-0.00279616
2.55975e-09	-0.00279762
2.55982e-09	-0.00279908
2.5599e-09	-0.00280053
2.55997e-09	-0.00280196
2.56004e-09	-0.00280339
2.56011e-09	-0.00280481
2.56018e-09	-0.00280623
2.56025e-09	-0.00280763
2.56032e-09	-0.00280902
2.56039e-09	-0.00281041
2.56046e-09	-0.00281179
2.56053e-09	-0.00281316
2.56061e-09	-0.00281452
2.56068e-09	-0.00281587
2.56075e-09	-0.00281722
2.56082e-09	-0.00281855
2.56089e-09	-0.00281988
2.56096e-09	-0.0028212
2.56103e-09	-0.00282251
2.5611e-09	-0.00282381
2.56117e-09	-0.00282511
2.56124e-09	-0.00282639
2.56131e-09	-0.00282767
2.56139e-09	-0.00282894
2.56146e-09	-0.0028302
2.56153e-09	-0.00283145
2.5616e-09	-0.00283269
2.56167e-09	-0.00283393
2.56174e-09	-0.00283516
2.56181e-09	-0.00283638
2.56188e-09	-0.00283759
2.56195e-09	-0.00283879
2.56202e-09	-0.00283998
2.56209e-09	-0.00284117
2.56217e-09	-0.00284235
2.56224e-09	-0.00284352
2.56231e-09	-0.00284468
2.56238e-09	-0.00284583
2.56245e-09	-0.00284697
2.56252e-09	-0.00284811
2.56259e-09	-0.00284924
2.56266e-09	-0.00285036
2.56273e-09	-0.00285147
2.5628e-09	-0.00285257
2.56287e-09	-0.00285367
2.56295e-09	-0.00285475
2.56302e-09	-0.00285583
2.56309e-09	-0.0028569
2.56316e-09	-0.00285797
2.56323e-09	-0.00285902
2.5633e-09	-0.00286007
2.56337e-09	-0.00286111
2.56344e-09	-0.00286214
2.56351e-09	-0.00286316
2.56358e-09	-0.00286417
2.56365e-09	-0.00286518
2.56373e-09	-0.00286617
2.5638e-09	-0.00286716
2.56387e-09	-0.00286815
2.56394e-09	-0.00286912
2.56401e-09	-0.00287008
2.56408e-09	-0.00287104
2.56415e-09	-0.00287199
2.56422e-09	-0.00287293
2.56429e-09	-0.00287387
2.56436e-09	-0.00287479
2.56444e-09	-0.00287571
2.56451e-09	-0.00287662
2.56458e-09	-0.00287752
2.56465e-09	-0.00287841
2.56472e-09	-0.0028793
2.56479e-09	-0.00288018
2.56486e-09	-0.00288105
2.56493e-09	-0.00288191
2.565e-09	-0.00288276
2.56507e-09	-0.00288361
2.56514e-09	-0.00288445
2.56522e-09	-0.00288528
2.56529e-09	-0.0028861
2.56536e-09	-0.00288691
2.56543e-09	-0.00288772
2.5655e-09	-0.00288852
2.56557e-09	-0.00288931
2.56564e-09	-0.00289009
2.56571e-09	-0.00289087
2.56578e-09	-0.00289163
2.56585e-09	-0.00289239
2.56592e-09	-0.00289314
2.566e-09	-0.00289389
2.56607e-09	-0.00289462
2.56614e-09	-0.00289535
2.56621e-09	-0.00289607
2.56628e-09	-0.00289679
2.56635e-09	-0.00289749
2.56642e-09	-0.00289819
2.56649e-09	-0.00289888
2.56656e-09	-0.00289956
2.56663e-09	-0.00290023
2.5667e-09	-0.0029009
2.56678e-09	-0.00290156
2.56685e-09	-0.00290221
2.56692e-09	-0.00290285
2.56699e-09	-0.00290349
2.56706e-09	-0.00290412
2.56713e-09	-0.00290474
2.5672e-09	-0.00290535
2.56727e-09	-0.00290596
2.56734e-09	-0.00290655
2.56741e-09	-0.00290714
2.56749e-09	-0.00290773
2.56756e-09	-0.0029083
2.56763e-09	-0.00290887
2.5677e-09	-0.00290943
2.56777e-09	-0.00290998
2.56784e-09	-0.00291052
2.56791e-09	-0.00291106
2.56798e-09	-0.00291159
2.56805e-09	-0.00291211
2.56812e-09	-0.00291263
2.56819e-09	-0.00291313
2.56827e-09	-0.00291363
2.56834e-09	-0.00291412
2.56841e-09	-0.00291461
2.56848e-09	-0.00291508
2.56855e-09	-0.00291555
2.56862e-09	-0.00291602
2.56869e-09	-0.00291647
2.56876e-09	-0.00291692
2.56883e-09	-0.00291736
2.5689e-09	-0.00291779
2.56897e-09	-0.00291821
2.56905e-09	-0.00291863
2.56912e-09	-0.00291904
2.56919e-09	-0.00291944
2.56926e-09	-0.00291984
2.56933e-09	-0.00292023
2.5694e-09	-0.00292061
2.56947e-09	-0.00292098
2.56954e-09	-0.00292135
2.56961e-09	-0.00292171
2.56968e-09	-0.00292206
2.56975e-09	-0.0029224
2.56983e-09	-0.00292274
2.5699e-09	-0.00292307
2.56997e-09	-0.00292339
2.57004e-09	-0.0029237
2.57011e-09	-0.00292401
2.57018e-09	-0.00292431
2.57025e-09	-0.0029246
2.57032e-09	-0.00292489
2.57039e-09	-0.00292517
2.57046e-09	-0.00292544
2.57053e-09	-0.0029257
2.57061e-09	-0.00292596
2.57068e-09	-0.00292621
2.57075e-09	-0.00292645
2.57082e-09	-0.00292669
2.57089e-09	-0.00292692
2.57096e-09	-0.00292714
2.57103e-09	-0.00292735
2.5711e-09	-0.00292756
2.57117e-09	-0.00292776
2.57124e-09	-0.00292795
2.57132e-09	-0.00292814
2.57139e-09	-0.00292831
2.57146e-09	-0.00292849
2.57153e-09	-0.00292865
2.5716e-09	-0.00292881
2.57167e-09	-0.00292896
2.57174e-09	-0.0029291
2.57181e-09	-0.00292924
2.57188e-09	-0.00292936
2.57195e-09	-0.00292949
2.57202e-09	-0.0029296
2.5721e-09	-0.00292971
2.57217e-09	-0.00292981
2.57224e-09	-0.0029299
2.57231e-09	-0.00292999
2.57238e-09	-0.00293007
2.57245e-09	-0.00293015
2.57252e-09	-0.00293021
2.57259e-09	-0.00293027
2.57266e-09	-0.00293032
2.57273e-09	-0.00293037
2.5728e-09	-0.00293041
2.57288e-09	-0.00293044
2.57295e-09	-0.00293046
2.57302e-09	-0.00293048
2.57309e-09	-0.00293049
2.57316e-09	-0.0029305
2.57323e-09	-0.00293049
2.5733e-09	-0.00293048
2.57337e-09	-0.00293047
2.57344e-09	-0.00293044
2.57351e-09	-0.00293041
2.57358e-09	-0.00293038
2.57366e-09	-0.00293033
2.57373e-09	-0.00293028
2.5738e-09	-0.00293023
2.57387e-09	-0.00293016
2.57394e-09	-0.00293009
2.57401e-09	-0.00293002
2.57408e-09	-0.00292993
2.57415e-09	-0.00292984
2.57422e-09	-0.00292974
2.57429e-09	-0.00292964
2.57437e-09	-0.00292953
2.57444e-09	-0.00292941
2.57451e-09	-0.00292929
2.57458e-09	-0.00292916
2.57465e-09	-0.00292902
2.57472e-09	-0.00292887
2.57479e-09	-0.00292872
2.57486e-09	-0.00292857
2.57493e-09	-0.0029284
2.575e-09	-0.00292823
2.57507e-09	-0.00292805
2.57515e-09	-0.00292787
2.57522e-09	-0.00292768
2.57529e-09	-0.00292748
2.57536e-09	-0.00292728
2.57543e-09	-0.00292707
2.5755e-09	-0.00292685
2.57557e-09	-0.00292663
2.57564e-09	-0.0029264
2.57571e-09	-0.00292616
2.57578e-09	-0.00292592
2.57585e-09	-0.00292567
2.57593e-09	-0.00292541
2.576e-09	-0.00292515
2.57607e-09	-0.00292488
2.57614e-09	-0.00292461
2.57621e-09	-0.00292433
2.57628e-09	-0.00292404
2.57635e-09	-0.00292374
2.57642e-09	-0.00292344
2.57649e-09	-0.00292314
2.57656e-09	-0.00292282
2.57663e-09	-0.0029225
2.57671e-09	-0.00292218
2.57678e-09	-0.00292184
2.57685e-09	-0.00292151
2.57692e-09	-0.00292116
2.57699e-09	-0.00292081
2.57706e-09	-0.00292045
2.57713e-09	-0.00292009
2.5772e-09	-0.00291971
2.57727e-09	-0.00291934
2.57734e-09	-0.00291895
2.57741e-09	-0.00291857
2.57749e-09	-0.00291817
2.57756e-09	-0.00291777
2.57763e-09	-0.00291736
2.5777e-09	-0.00291694
2.57777e-09	-0.00291652
2.57784e-09	-0.0029161
2.57791e-09	-0.00291566
2.57798e-09	-0.00291522
2.57805e-09	-0.00291478
2.57812e-09	-0.00291433
2.5782e-09	-0.00291387
2.57827e-09	-0.0029134
2.57834e-09	-0.00291293
2.57841e-09	-0.00291246
2.57848e-09	-0.00291198
2.57855e-09	-0.00291149
2.57862e-09	-0.00291099
2.57869e-09	-0.00291049
2.57876e-09	-0.00290998
2.57883e-09	-0.00290947
2.5789e-09	-0.00290895
2.57898e-09	-0.00290843
2.57905e-09	-0.0029079
2.57912e-09	-0.00290736
2.57919e-09	-0.00290681
2.57926e-09	-0.00290627
2.57933e-09	-0.00290571
2.5794e-09	-0.00290515
2.57947e-09	-0.00290458
2.57954e-09	-0.00290401
2.57961e-09	-0.00290343
2.57968e-09	-0.00290284
2.57976e-09	-0.00290225
2.57983e-09	-0.00290165
2.5799e-09	-0.00290105
2.57997e-09	-0.00290044
2.58004e-09	-0.00289983
2.58011e-09	-0.00289921
2.58018e-09	-0.00289858
2.58025e-09	-0.00289795
2.58032e-09	-0.00289731
2.58039e-09	-0.00289666
2.58046e-09	-0.00289601
2.58054e-09	-0.00289536
2.58061e-09	-0.0028947
2.58068e-09	-0.00289403
2.58075e-09	-0.00289335
2.58082e-09	-0.00289268
2.58089e-09	-0.00289199
2.58096e-09	-0.0028913
2.58103e-09	-0.0028906
2.5811e-09	-0.0028899
2.58117e-09	-0.00288919
2.58125e-09	-0.00288848
2.58132e-09	-0.00288776
2.58139e-09	-0.00288703
2.58146e-09	-0.0028863
2.58153e-09	-0.00288556
2.5816e-09	-0.00288482
2.58167e-09	-0.00288407
2.58174e-09	-0.00288332
2.58181e-09	-0.00288256
2.58188e-09	-0.00288179
2.58195e-09	-0.00288102
2.58203e-09	-0.00288025
2.5821e-09	-0.00287946
2.58217e-09	-0.00287868
2.58224e-09	-0.00287788
2.58231e-09	-0.00287708
2.58238e-09	-0.00287628
2.58245e-09	-0.00287547
2.58252e-09	-0.00287465
2.58259e-09	-0.00287383
2.58266e-09	-0.002873
2.58273e-09	-0.00287217
2.58281e-09	-0.00287133
2.58288e-09	-0.00287049
2.58295e-09	-0.00286964
2.58302e-09	-0.00286878
2.58309e-09	-0.00286792
2.58316e-09	-0.00286706
2.58323e-09	-0.00286619
2.5833e-09	-0.00286531
2.58337e-09	-0.00286443
2.58344e-09	-0.00286354
2.58351e-09	-0.00286265
2.58359e-09	-0.00286175
2.58366e-09	-0.00286085
2.58373e-09	-0.00285994
2.5838e-09	-0.00285902
2.58387e-09	-0.0028581
2.58394e-09	-0.00285718
2.58401e-09	-0.00285625
2.58408e-09	-0.00285531
2.58415e-09	-0.00285437
2.58422e-09	-0.00285342
2.58429e-09	-0.00285247
2.58437e-09	-0.00285151
2.58444e-09	-0.00285055
2.58451e-09	-0.00284958
2.58458e-09	-0.00284861
2.58465e-09	-0.00284763
2.58472e-09	-0.00284665
2.58479e-09	-0.00284566
2.58486e-09	-0.00284466
2.58493e-09	-0.00284366
2.585e-09	-0.00284266
2.58508e-09	-0.00284165
2.58515e-09	-0.00284063
2.58522e-09	-0.00283961
2.58529e-09	-0.00283859
2.58536e-09	-0.00283755
2.58543e-09	-0.00283652
2.5855e-09	-0.00283548
2.58557e-09	-0.00283443
2.58564e-09	-0.00283338
2.58571e-09	-0.00283232
2.58578e-09	-0.00283126
2.58586e-09	-0.00283019
2.58593e-09	-0.00282912
2.586e-09	-0.00282804
2.58607e-09	-0.00282696
2.58614e-09	-0.00282587
2.58621e-09	-0.00282478
2.58628e-09	-0.00282368
2.58635e-09	-0.00282258
2.58642e-09	-0.00282147
2.58649e-09	-0.00282036
2.58656e-09	-0.00281924
2.58664e-09	-0.00281812
2.58671e-09	-0.00281699
2.58678e-09	-0.00281586
2.58685e-09	-0.00281472
2.58692e-09	-0.00281358
2.58699e-09	-0.00281243
2.58706e-09	-0.00281128
2.58713e-09	-0.00281012
2.5872e-09	-0.00280896
2.58727e-09	-0.0028078
2.58734e-09	-0.00280662
2.58742e-09	-0.00280545
2.58749e-09	-0.00280426
2.58756e-09	-0.00280308
2.58763e-09	-0.00280189
2.5877e-09	-0.00280069
2.58777e-09	-0.00279949
2.58784e-09	-0.00279828
2.58791e-09	-0.00279707
2.58798e-09	-0.00279585
2.58805e-09	-0.00279463
2.58813e-09	-0.00279341
2.5882e-09	-0.00279218
2.58827e-09	-0.00279094
2.58834e-09	-0.0027897
2.58841e-09	-0.00278846
2.58848e-09	-0.00278721
2.58855e-09	-0.00278595
2.58862e-09	-0.0027847
2.58869e-09	-0.00278343
2.58876e-09	-0.00278216
2.58883e-09	-0.00278089
2.58891e-09	-0.00277961
2.58898e-09	-0.00277833
2.58905e-09	-0.00277704
2.58912e-09	-0.00277575
2.58919e-09	-0.00277445
2.58926e-09	-0.00277315
2.58933e-09	-0.00277185
2.5894e-09	-0.00277054
2.58947e-09	-0.00276922
2.58954e-09	-0.0027679
2.58961e-09	-0.00276658
2.58969e-09	-0.00276525
2.58976e-09	-0.00276392
2.58983e-09	-0.00276258
2.5899e-09	-0.00276124
2.58997e-09	-0.00275989
2.59004e-09	-0.00275854
2.59011e-09	-0.00275718
2.59018e-09	-0.00275582
2.59025e-09	-0.00275446
2.59032e-09	-0.00275309
2.59039e-09	-0.00275171
2.59047e-09	-0.00275033
2.59054e-09	-0.00274895
2.59061e-09	-0.00274756
2.59068e-09	-0.00274617
2.59075e-09	-0.00274477
2.59082e-09	-0.00274337
2.59089e-09	-0.00274197
2.59096e-09	-0.00274056
2.59103e-09	-0.00273914
2.5911e-09	-0.00273773
2.59118e-09	-0.0027363
2.59125e-09	-0.00273488
2.59132e-09	-0.00273344
2.59139e-09	-0.00273201
2.59146e-09	-0.00273057
2.59153e-09	-0.00272912
2.5916e-09	-0.00272767
2.59167e-09	-0.00272622
2.59174e-09	-0.00272476
2.59181e-09	-0.0027233
2.59188e-09	-0.00272183
2.59196e-09	-0.00272036
2.59203e-09	-0.00271889
2.5921e-09	-0.00271741
2.59217e-09	-0.00271593
2.59224e-09	-0.00271444
2.59231e-09	-0.00271295
2.59238e-09	-0.00271145
2.59245e-09	-0.00270995
2.59252e-09	-0.00270844
2.59259e-09	-0.00270694
2.59266e-09	-0.00270542
2.59274e-09	-0.00270391
2.59281e-09	-0.00270238
2.59288e-09	-0.00270086
2.59295e-09	-0.00269933
2.59302e-09	-0.0026978
2.59309e-09	-0.00269626
2.59316e-09	-0.00269472
2.59323e-09	-0.00269317
2.5933e-09	-0.00269162
2.59337e-09	-0.00269007
2.59344e-09	-0.00268851
2.59352e-09	-0.00268695
2.59359e-09	-0.00268538
2.59366e-09	-0.00268381
2.59373e-09	-0.00268223
2.5938e-09	-0.00268065
2.59387e-09	-0.00267907
2.59394e-09	-0.00267749
2.59401e-09	-0.00267589
2.59408e-09	-0.0026743
2.59415e-09	-0.0026727
2.59422e-09	-0.0026711
2.5943e-09	-0.00266949
2.59437e-09	-0.00266788
2.59444e-09	-0.00266627
2.59451e-09	-0.00266465
2.59458e-09	-0.00266303
2.59465e-09	-0.0026614
2.59472e-09	-0.00265977
2.59479e-09	-0.00265814
2.59486e-09	-0.0026565
2.59493e-09	-0.00265486
2.59501e-09	-0.00265321
2.59508e-09	-0.00265156
2.59515e-09	-0.00264991
2.59522e-09	-0.00264825
2.59529e-09	-0.00264659
2.59536e-09	-0.00264492
2.59543e-09	-0.00264326
2.5955e-09	-0.00264158
2.59557e-09	-0.00263991
2.59564e-09	-0.00263823
2.59571e-09	-0.00263654
2.59579e-09	-0.00263485
2.59586e-09	-0.00263316
2.59593e-09	-0.00263147
2.596e-09	-0.00262977
2.59607e-09	-0.00262807
2.59614e-09	-0.00262636
2.59621e-09	-0.00262465
2.59628e-09	-0.00262293
2.59635e-09	-0.00262122
2.59642e-09	-0.0026195
2.59649e-09	-0.00261777
2.59657e-09	-0.00261604
2.59664e-09	-0.00261431
2.59671e-09	-0.00261257
2.59678e-09	-0.00261084
2.59685e-09	-0.00260909
2.59692e-09	-0.00260735
2.59699e-09	-0.00260559
2.59706e-09	-0.00260384
2.59713e-09	-0.00260208
2.5972e-09	-0.00260032
2.59727e-09	-0.00259856
2.59735e-09	-0.00259679
2.59742e-09	-0.00259502
2.59749e-09	-0.00259324
2.59756e-09	-0.00259146
2.59763e-09	-0.00258968
2.5977e-09	-0.00258789
2.59777e-09	-0.0025861
2.59784e-09	-0.00258431
2.59791e-09	-0.00258252
2.59798e-09	-0.00258072
2.59806e-09	-0.00257891
2.59813e-09	-0.0025771
2.5982e-09	-0.00257529
2.59827e-09	-0.00257348
2.59834e-09	-0.00257166
2.59841e-09	-0.00256984
2.59848e-09	-0.00256802
2.59855e-09	-0.00256619
2.59862e-09	-0.00256436
2.59869e-09	-0.00256253
2.59876e-09	-0.00256069
2.59884e-09	-0.00255885
2.59891e-09	-0.002557
2.59898e-09	-0.00255516
2.59905e-09	-0.0025533
2.59912e-09	-0.00255145
2.59919e-09	-0.00254959
2.59926e-09	-0.00254773
2.59933e-09	-0.00254587
2.5994e-09	-0.002544
2.59947e-09	-0.00254213
2.59954e-09	-0.00254025
2.59962e-09	-0.00253838
2.59969e-09	-0.0025365
2.59976e-09	-0.00253461
2.59983e-09	-0.00253272
2.5999e-09	-0.00253083
2.59997e-09	-0.00252894
2.60004e-09	-0.00252704
2.60011e-09	-0.00252514
2.60018e-09	-0.00252324
2.60025e-09	-0.00252133
2.60032e-09	-0.00251942
2.6004e-09	-0.00251751
2.60047e-09	-0.0025156
2.60054e-09	-0.00251368
2.60061e-09	-0.00251175
2.60068e-09	-0.00250983
2.60075e-09	-0.0025079
2.60082e-09	-0.00250597
2.60089e-09	-0.00250403
2.60096e-09	-0.0025021
2.60103e-09	-0.00250016
2.6011e-09	-0.00249821
2.60118e-09	-0.00249626
2.60125e-09	-0.00249431
2.60132e-09	-0.00249236
2.60139e-09	-0.0024904
2.60146e-09	-0.00248845
2.60153e-09	-0.00248648
2.6016e-09	-0.00248452
2.60167e-09	-0.00248255
2.60174e-09	-0.00248058
2.60181e-09	-0.0024786
2.60189e-09	-0.00247663
2.60196e-09	-0.00247465
2.60203e-09	-0.00247266
2.6021e-09	-0.00247068
2.60217e-09	-0.00246869
2.60224e-09	-0.0024667
2.60231e-09	-0.0024647
2.60238e-09	-0.0024627
2.60245e-09	-0.0024607
2.60252e-09	-0.0024587
2.60259e-09	-0.00245669
2.60267e-09	-0.00245468
2.60274e-09	-0.00245267
2.60281e-09	-0.00245066
2.60288e-09	-0.00244864
2.60295e-09	-0.00244662
2.60302e-09	-0.00244459
2.60309e-09	-0.00244257
2.60316e-09	-0.00244054
2.60323e-09	-0.00243851
2.6033e-09	-0.00243647
2.60337e-09	-0.00243443
2.60345e-09	-0.00243239
2.60352e-09	-0.00243035
2.60359e-09	-0.0024283
2.60366e-09	-0.00242626
2.60373e-09	-0.0024242
2.6038e-09	-0.00242215
2.60387e-09	-0.00242009
2.60394e-09	-0.00241803
2.60401e-09	-0.00241597
2.60408e-09	-0.00241391
2.60415e-09	-0.00241184
2.60423e-09	-0.00240977
2.6043e-09	-0.00240769
2.60437e-09	-0.00240562
2.60444e-09	-0.00240354
2.60451e-09	-0.00240146
2.60458e-09	-0.00239938
2.60465e-09	-0.00239729
2.60472e-09	-0.0023952
2.60479e-09	-0.00239311
2.60486e-09	-0.00239101
2.60494e-09	-0.00238892
2.60501e-09	-0.00238682
2.60508e-09	-0.00238472
2.60515e-09	-0.00238261
2.60522e-09	-0.00238051
2.60529e-09	-0.0023784
2.60536e-09	-0.00237628
2.60543e-09	-0.00237417
2.6055e-09	-0.00237205
2.60557e-09	-0.00236993
2.60564e-09	-0.00236781
2.60572e-09	-0.00236568
2.60579e-09	-0.00236356
2.60586e-09	-0.00236143
2.60593e-09	-0.0023593
2.606e-09	-0.00235716
2.60607e-09	-0.00235502
2.60614e-09	-0.00235288
2.60621e-09	-0.00235074
2.60628e-09	-0.0023486
2.60635e-09	-0.00234645
2.60642e-09	-0.0023443
2.6065e-09	-0.00234215
2.60657e-09	-0.00234
2.60664e-09	-0.00233784
2.60671e-09	-0.00233568
2.60678e-09	-0.00233352
2.60685e-09	-0.00233136
2.60692e-09	-0.00232919
2.60699e-09	-0.00232702
2.60706e-09	-0.00232485
2.60713e-09	-0.00232268
2.6072e-09	-0.0023205
2.60728e-09	-0.00231833
2.60735e-09	-0.00231615
2.60742e-09	-0.00231396
2.60749e-09	-0.00231178
2.60756e-09	-0.00230959
2.60763e-09	-0.0023074
2.6077e-09	-0.00230521
2.60777e-09	-0.00230302
2.60784e-09	-0.00230082
2.60791e-09	-0.00229863
2.60798e-09	-0.00229643
2.60806e-09	-0.00229422
2.60813e-09	-0.00229202
2.6082e-09	-0.00228981
2.60827e-09	-0.0022876
2.60834e-09	-0.00228539
2.60841e-09	-0.00228318
2.60848e-09	-0.00228096
2.60855e-09	-0.00227875
2.60862e-09	-0.00227653
2.60869e-09	-0.0022743
2.60877e-09	-0.00227208
2.60884e-09	-0.00226985
2.60891e-09	-0.00226763
2.60898e-09	-0.0022654
2.60905e-09	-0.00226316
2.60912e-09	-0.00226093
2.60919e-09	-0.00225869
2.60926e-09	-0.00225645
2.60933e-09	-0.00225421
2.6094e-09	-0.00225197
2.60947e-09	-0.00224973
2.60955e-09	-0.00224748
2.60962e-09	-0.00224523
2.60969e-09	-0.00224298
2.60976e-09	-0.00224073
2.60983e-09	-0.00223847
2.6099e-09	-0.00223621
2.60997e-09	-0.00223395
2.61004e-09	-0.00223169
2.61011e-09	-0.00222943
2.61018e-09	-0.00222717
2.61025e-09	-0.0022249
2.61033e-09	-0.00222263
2.6104e-09	-0.00222036
2.61047e-09	-0.00221809
2.61054e-09	-0.00221581
2.61061e-09	-0.00221354
2.61068e-09	-0.00221126
2.61075e-09	-0.00220898
2.61082e-09	-0.0022067
2.61089e-09	-0.00220441
2.61096e-09	-0.00220213
2.61103e-09	-0.00219984
2.61111e-09	-0.00219755
2.61118e-09	-0.00219526
2.61125e-09	-0.00219296
2.61132e-09	-0.00219067
2.61139e-09	-0.00218837
2.61146e-09	-0.00218607
2.61153e-09	-0.00218377
2.6116e-09	-0.00218147
2.61167e-09	-0.00217917
2.61174e-09	-0.00217686
2.61182e-09	-0.00217455
2.61189e-09	-0.00217224
2.61196e-09	-0.00216993
2.61203e-09	-0.00216762
2.6121e-09	-0.0021653
2.61217e-09	-0.00216299
2.61224e-09	-0.00216067
2.61231e-09	-0.00215835
2.61238e-09	-0.00215603
2.61245e-09	-0.0021537
2.61252e-09	-0.00215138
2.6126e-09	-0.00214905
2.61267e-09	-0.00214672
2.61274e-09	-0.00214439
2.61281e-09	-0.00214206
2.61288e-09	-0.00213973
2.61295e-09	-0.00213739
2.61302e-09	-0.00213506
2.61309e-09	-0.00213272
2.61316e-09	-0.00213038
2.61323e-09	-0.00212804
2.6133e-09	-0.00212569
2.61338e-09	-0.00212335
2.61345e-09	-0.002121
2.61352e-09	-0.00211866
2.61359e-09	-0.00211631
2.61366e-09	-0.00211395
2.61373e-09	-0.0021116
2.6138e-09	-0.00210925
2.61387e-09	-0.00210689
2.61394e-09	-0.00210454
2.61401e-09	-0.00210218
2.61408e-09	-0.00209982
2.61416e-09	-0.00209745
2.61423e-09	-0.00209509
2.6143e-09	-0.00209273
2.61437e-09	-0.00209036
2.61444e-09	-0.00208799
2.61451e-09	-0.00208562
2.61458e-09	-0.00208325
2.61465e-09	-0.00208088
2.61472e-09	-0.00207851
2.61479e-09	-0.00207613
2.61486e-09	-0.00207376
2.61494e-09	-0.00207138
2.61501e-09	-0.002069
2.61508e-09	-0.00206662
2.61515e-09	-0.00206424
2.61522e-09	-0.00206185
2.61529e-09	-0.00205947
2.61536e-09	-0.00205708
2.61543e-09	-0.00205469
2.6155e-09	-0.00205231
2.61557e-09	-0.00204992
2.61565e-09	-0.00204752
2.61572e-09	-0.00204513
2.61579e-09	-0.00204274
2.61586e-09	-0.00204034
2.61593e-09	-0.00203794
2.616e-09	-0.00203555
2.61607e-09	-0.00203315
2.61614e-09	-0.00203075
2.61621e-09	-0.00202834
2.61628e-09	-0.00202594
2.61635e-09	-0.00202354
2.61643e-09	-0.00202113
2.6165e-09	-0.00201872
2.61657e-09	-0.00201631
2.61664e-09	-0.0020139
2.61671e-09	-0.00201149
2.61678e-09	-0.00200908
2.61685e-09	-0.00200667
2.61692e-09	-0.00200425
2.61699e-09	-0.00200184
2.61706e-09	-0.00199942
2.61713e-09	-0.001997
2.61721e-09	-0.00199458
2.61728e-09	-0.00199216
2.61735e-09	-0.00198974
2.61742e-09	-0.00198732
2.61749e-09	-0.00198489
2.61756e-09	-0.00198247
2.61763e-09	-0.00198004
2.6177e-09	-0.00197762
2.61777e-09	-0.00197519
2.61784e-09	-0.00197276
2.61791e-09	-0.00197033
2.61799e-09	-0.0019679
2.61806e-09	-0.00196546
2.61813e-09	-0.00196303
2.6182e-09	-0.00196059
2.61827e-09	-0.00195816
2.61834e-09	-0.00195572
2.61841e-09	-0.00195328
2.61848e-09	-0.00195084
2.61855e-09	-0.0019484
2.61862e-09	-0.00194596
2.6187e-09	-0.00194352
2.61877e-09	-0.00194108
2.61884e-09	-0.00193863
2.61891e-09	-0.00193619
2.61898e-09	-0.00193374
2.61905e-09	-0.00193129
2.61912e-09	-0.00192885
2.61919e-09	-0.0019264
2.61926e-09	-0.00192395
2.61933e-09	-0.0019215
2.6194e-09	-0.00191904
2.61948e-09	-0.00191659
2.61955e-09	-0.00191414
2.61962e-09	-0.00191168
2.61969e-09	-0.00190923
2.61976e-09	-0.00190677
2.61983e-09	-0.00190431
2.6199e-09	-0.00190185
2.61997e-09	-0.00189939
2.62004e-09	-0.00189693
2.62011e-09	-0.00189447
2.62018e-09	-0.00189201
2.62026e-09	-0.00188955
2.62033e-09	-0.00188708
2.6204e-09	-0.00188462
2.62047e-09	-0.00188215
2.62054e-09	-0.00187969
2.62061e-09	-0.00187722
2.62068e-09	-0.00187475
2.62075e-09	-0.00187228
2.62082e-09	-0.00186982
2.62089e-09	-0.00186734
2.62096e-09	-0.00186487
2.62104e-09	-0.0018624
2.62111e-09	-0.00185993
2.62118e-09	-0.00185746
2.62125e-09	-0.00185498
2.62132e-09	-0.00185251
2.62139e-09	-0.00185003
2.62146e-09	-0.00184756
2.62153e-09	-0.00184508
2.6216e-09	-0.0018426
2.62167e-09	-0.00184012
2.62174e-09	-0.00183764
2.62182e-09	-0.00183516
2.62189e-09	-0.00183268
2.62196e-09	-0.0018302
2.62203e-09	-0.00182772
2.6221e-09	-0.00182524
2.62217e-09	-0.00182275
2.62224e-09	-0.00182027
2.62231e-09	-0.00181778
2.62238e-09	-0.0018153
2.62245e-09	-0.00181281
2.62253e-09	-0.00181033
2.6226e-09	-0.00180784
2.62267e-09	-0.00180535
2.62274e-09	-0.00180286
2.62281e-09	-0.00180037
2.62288e-09	-0.00179788
2.62295e-09	-0.00179539
2.62302e-09	-0.0017929
2.62309e-09	-0.00179041
2.62316e-09	-0.00178792
2.62323e-09	-0.00178543
2.62331e-09	-0.00178293
2.62338e-09	-0.00178044
2.62345e-09	-0.00177795
2.62352e-09	-0.00177545
2.62359e-09	-0.00177296
2.62366e-09	-0.00177046
2.62373e-09	-0.00176797
2.6238e-09	-0.00176547
2.62387e-09	-0.00176297
2.62394e-09	-0.00176047
2.62401e-09	-0.00175798
2.62409e-09	-0.00175548
2.62416e-09	-0.00175298
2.62423e-09	-0.00175048
2.6243e-09	-0.00174798
2.62437e-09	-0.00174548
2.62444e-09	-0.00174298
2.62451e-09	-0.00174047
2.62458e-09	-0.00173797
2.62465e-09	-0.00173547
2.62472e-09	-0.00173297
2.62479e-09	-0.00173046
2.62487e-09	-0.00172796
2.62494e-09	-0.00172546
2.62501e-09	-0.00172295
2.62508e-09	-0.00172045
2.62515e-09	-0.00171794
2.62522e-09	-0.00171544
2.62529e-09	-0.00171293
2.62536e-09	-0.00171042
2.62543e-09	-0.00170792
2.6255e-09	-0.00170541
2.62558e-09	-0.0017029
2.62565e-09	-0.0017004
2.62572e-09	-0.00169789
2.62579e-09	-0.00169538
2.62586e-09	-0.00169287
2.62593e-09	-0.00169036
2.626e-09	-0.00168785
2.62607e-09	-0.00168534
2.62614e-09	-0.00168283
2.62621e-09	-0.00168032
2.62628e-09	-0.00167781
2.62636e-09	-0.0016753
2.62643e-09	-0.00167279
2.6265e-09	-0.00167028
2.62657e-09	-0.00166777
2.62664e-09	-0.00166526
2.62671e-09	-0.00166275
2.62678e-09	-0.00166023
2.62685e-09	-0.00165772
2.62692e-09	-0.00165521
2.62699e-09	-0.0016527
2.62706e-09	-0.00165018
2.62714e-09	-0.00164767
2.62721e-09	-0.00164516
2.62728e-09	-0.00164264
2.62735e-09	-0.00164013
2.62742e-09	-0.00163762
2.62749e-09	-0.0016351
2.62756e-09	-0.00163259
2.62763e-09	-0.00163007
2.6277e-09	-0.00162756
2.62777e-09	-0.00162504
2.62784e-09	-0.00162253
2.62792e-09	-0.00162002
2.62799e-09	-0.0016175
2.62806e-09	-0.00161499
2.62813e-09	-0.00161247
2.6282e-09	-0.00160995
2.62827e-09	-0.00160744
2.62834e-09	-0.00160492
2.62841e-09	-0.00160241
2.62848e-09	-0.00159989
2.62855e-09	-0.00159738
2.62862e-09	-0.00159486
2.6287e-09	-0.00159234
2.62877e-09	-0.00158983
2.62884e-09	-0.00158731
2.62891e-09	-0.0015848
2.62898e-09	-0.00158228
2.62905e-09	-0.00157976
2.62912e-09	-0.00157725
2.62919e-09	-0.00157473
2.62926e-09	-0.00157222
2.62933e-09	-0.0015697
2.62941e-09	-0.00156718
2.62948e-09	-0.00156467
2.62955e-09	-0.00156215
2.62962e-09	-0.00155964
2.62969e-09	-0.00155712
2.62976e-09	-0.0015546
2.62983e-09	-0.00155209
2.6299e-09	-0.00154957
2.62997e-09	-0.00154706
2.63004e-09	-0.00154454
2.63011e-09	-0.00154202
2.63019e-09	-0.00153951
2.63026e-09	-0.00153699
2.63033e-09	-0.00153448
2.6304e-09	-0.00153196
2.63047e-09	-0.00152945
2.63054e-09	-0.00152693
2.63061e-09	-0.00152442
2.63068e-09	-0.0015219
2.63075e-09	-0.00151939
2.63082e-09	-0.00151687
2.63089e-09	-0.00151436
2.63097e-09	-0.00151184
2.63104e-09	-0.00150933
2.63111e-09	-0.00150681
2.63118e-09	-0.0015043
2.63125e-09	-0.00150179
2.63132e-09	-0.00149927
2.63139e-09	-0.00149676
2.63146e-09	-0.00149424
2.63153e-09	-0.00149173
2.6316e-09	-0.00148922
2.63167e-09	-0.00148671
2.63175e-09	-0.00148419
2.63182e-09	-0.00148168
2.63189e-09	-0.00147917
2.63196e-09	-0.00147666
2.63203e-09	-0.00147414
2.6321e-09	-0.00147163
2.63217e-09	-0.00146912
2.63224e-09	-0.00146661
2.63231e-09	-0.0014641
2.63238e-09	-0.00146159
2.63246e-09	-0.00145908
2.63253e-09	-0.00145657
2.6326e-09	-0.00145406
2.63267e-09	-0.00145155
2.63274e-09	-0.00144904
2.63281e-09	-0.00144653
2.63288e-09	-0.00144402
2.63295e-09	-0.00144151
2.63302e-09	-0.001439
2.63309e-09	-0.0014365
2.63316e-09	-0.00143399
2.63324e-09	-0.00143148
2.63331e-09	-0.00142898
2.63338e-09	-0.00142647
2.63345e-09	-0.00142396
2.63352e-09	-0.00142146
2.63359e-09	-0.00141895
2.63366e-09	-0.00141645
2.63373e-09	-0.00141394
2.6338e-09	-0.00141144
2.63387e-09	-0.00140893
2.63394e-09	-0.00140643
2.63402e-09	-0.00140393
2.63409e-09	-0.00140142
2.63416e-09	-0.00139892
2.63423e-09	-0.00139642
2.6343e-09	-0.00139392
2.63437e-09	-0.00139142
2.63444e-09	-0.00138891
2.63451e-09	-0.00138641
2.63458e-09	-0.00138391
2.63465e-09	-0.00138141
2.63472e-09	-0.00137892
2.6348e-09	-0.00137642
2.63487e-09	-0.00137392
2.63494e-09	-0.00137142
2.63501e-09	-0.00136892
2.63508e-09	-0.00136643
2.63515e-09	-0.00136393
2.63522e-09	-0.00136143
2.63529e-09	-0.00135894
2.63536e-09	-0.00135644
2.63543e-09	-0.00135395
2.6355e-09	-0.00135146
2.63558e-09	-0.00134896
2.63565e-09	-0.00134647
2.63572e-09	-0.00134398
2.63579e-09	-0.00134148
2.63586e-09	-0.00133899
2.63593e-09	-0.0013365
2.636e-09	-0.00133401
2.63607e-09	-0.00133152
2.63614e-09	-0.00132903
2.63621e-09	-0.00132654
2.63629e-09	-0.00132406
2.63636e-09	-0.00132157
2.63643e-09	-0.00131908
2.6365e-09	-0.00131659
2.63657e-09	-0.00131411
2.63664e-09	-0.00131162
2.63671e-09	-0.00130914
2.63678e-09	-0.00130665
2.63685e-09	-0.00130417
2.63692e-09	-0.00130169
2.63699e-09	-0.00129921
2.63707e-09	-0.00129672
2.63714e-09	-0.00129424
2.63721e-09	-0.00129176
2.63728e-09	-0.00128928
2.63735e-09	-0.0012868
2.63742e-09	-0.00128432
2.63749e-09	-0.00128185
2.63756e-09	-0.00127937
2.63763e-09	-0.00127689
2.6377e-09	-0.00127442
2.63777e-09	-0.00127194
2.63785e-09	-0.00126947
2.63792e-09	-0.00126699
2.63799e-09	-0.00126452
2.63806e-09	-0.00126205
2.63813e-09	-0.00125957
2.6382e-09	-0.0012571
2.63827e-09	-0.00125463
2.63834e-09	-0.00125216
2.63841e-09	-0.00124969
2.63848e-09	-0.00124722
2.63855e-09	-0.00124476
2.63863e-09	-0.00124229
2.6387e-09	-0.00123982
2.63877e-09	-0.00123736
2.63884e-09	-0.00123489
2.63891e-09	-0.00123243
2.63898e-09	-0.00122997
2.63905e-09	-0.0012275
2.63912e-09	-0.00122504
2.63919e-09	-0.00122258
2.63926e-09	-0.00122012
2.63934e-09	-0.00121766
2.63941e-09	-0.0012152
2.63948e-09	-0.00121274
2.63955e-09	-0.00121029
2.63962e-09	-0.00120783
2.63969e-09	-0.00120537
2.63976e-09	-0.00120292
2.63983e-09	-0.00120047
2.6399e-09	-0.00119801
2.63997e-09	-0.00119556
2.64004e-09	-0.00119311
2.64012e-09	-0.00119066
2.64019e-09	-0.00118821
2.64026e-09	-0.00118576
2.64033e-09	-0.00118331
2.6404e-09	-0.00118086
2.64047e-09	-0.00117842
2.64054e-09	-0.00117597
2.64061e-09	-0.00117353
2.64068e-09	-0.00117108
2.64075e-09	-0.00116864
2.64082e-09	-0.0011662
2.6409e-09	-0.00116376
2.64097e-09	-0.00116132
2.64104e-09	-0.00115888
2.64111e-09	-0.00115644
2.64118e-09	-0.001154
2.64125e-09	-0.00115156
2.64132e-09	-0.00114913
2.64139e-09	-0.00114669
2.64146e-09	-0.00114426
2.64153e-09	-0.00114182
2.6416e-09	-0.00113939
2.64168e-09	-0.00113696
2.64175e-09	-0.00113453
2.64182e-09	-0.0011321
2.64189e-09	-0.00112967
2.64196e-09	-0.00112724
2.64203e-09	-0.00112482
2.6421e-09	-0.00112239
2.64217e-09	-0.00111997
2.64224e-09	-0.00111754
2.64231e-09	-0.00111512
2.64238e-09	-0.0011127
2.64246e-09	-0.00111028
2.64253e-09	-0.00110786
2.6426e-09	-0.00110544
2.64267e-09	-0.00110302
2.64274e-09	-0.0011006
2.64281e-09	-0.00109819
2.64288e-09	-0.00109577
2.64295e-09	-0.00109336
2.64302e-09	-0.00109095
2.64309e-09	-0.00108853
2.64317e-09	-0.00108612
2.64324e-09	-0.00108371
2.64331e-09	-0.0010813
2.64338e-09	-0.0010789
2.64345e-09	-0.00107649
2.64352e-09	-0.00107408
2.64359e-09	-0.00107168
2.64366e-09	-0.00106928
2.64373e-09	-0.00106687
2.6438e-09	-0.00106447
2.64387e-09	-0.00106207
2.64395e-09	-0.00105967
2.64402e-09	-0.00105727
2.64409e-09	-0.00105488
2.64416e-09	-0.00105248
2.64423e-09	-0.00105009
2.6443e-09	-0.00104769
2.64437e-09	-0.0010453
2.64444e-09	-0.00104291
2.64451e-09	-0.00104052
2.64458e-09	-0.00103813
2.64465e-09	-0.00103574
2.64473e-09	-0.00103335
2.6448e-09	-0.00103097
2.64487e-09	-0.00102858
2.64494e-09	-0.0010262
2.64501e-09	-0.00102381
2.64508e-09	-0.00102143
2.64515e-09	-0.00101905
2.64522e-09	-0.00101667
2.64529e-09	-0.00101429
2.64536e-09	-0.00101192
2.64543e-09	-0.00100954
2.64551e-09	-0.00100717
2.64558e-09	-0.00100479
2.64565e-09	-0.00100242
2.64572e-09	-0.00100005
2.64579e-09	-0.000997679
2.64586e-09	-0.00099531
2.64593e-09	-0.000992943
2.646e-09	-0.000990576
2.64607e-09	-0.000988211
2.64614e-09	-0.000985847
2.64622e-09	-0.000983484
2.64629e-09	-0.000981122
2.64636e-09	-0.000978762
2.64643e-09	-0.000976402
2.6465e-09	-0.000974044
2.64657e-09	-0.000971687
2.64664e-09	-0.000969332
2.64671e-09	-0.000966978
2.64678e-09	-0.000964624
2.64685e-09	-0.000962272
2.64692e-09	-0.000959922
2.647e-09	-0.000957572
2.64707e-09	-0.000955224
2.64714e-09	-0.000952877
2.64721e-09	-0.000950532
2.64728e-09	-0.000948187
2.64735e-09	-0.000945844
2.64742e-09	-0.000943502
2.64749e-09	-0.000941162
2.64756e-09	-0.000938822
2.64763e-09	-0.000936484
2.6477e-09	-0.000934148
2.64778e-09	-0.000931812
2.64785e-09	-0.000929478
2.64792e-09	-0.000927145
2.64799e-09	-0.000924814
2.64806e-09	-0.000922483
2.64813e-09	-0.000920154
2.6482e-09	-0.000917827
2.64827e-09	-0.0009155
2.64834e-09	-0.000913175
2.64841e-09	-0.000910852
2.64848e-09	-0.000908529
2.64856e-09	-0.000906208
2.64863e-09	-0.000903888
2.6487e-09	-0.00090157
2.64877e-09	-0.000899253
2.64884e-09	-0.000896937
2.64891e-09	-0.000894623
2.64898e-09	-0.00089231
2.64905e-09	-0.000889998
2.64912e-09	-0.000887688
2.64919e-09	-0.000885379
2.64926e-09	-0.000883072
2.64934e-09	-0.000880765
2.64941e-09	-0.000878461
2.64948e-09	-0.000876157
2.64955e-09	-0.000873855
2.64962e-09	-0.000871555
2.64969e-09	-0.000869255
2.64976e-09	-0.000866957
2.64983e-09	-0.000864661
2.6499e-09	-0.000862366
2.64997e-09	-0.000860072
2.65005e-09	-0.00085778
2.65012e-09	-0.000855489
2.65019e-09	-0.0008532
2.65026e-09	-0.000850912
2.65033e-09	-0.000848625
2.6504e-09	-0.00084634
2.65047e-09	-0.000844056
2.65054e-09	-0.000841774
2.65061e-09	-0.000839493
2.65068e-09	-0.000837213
2.65075e-09	-0.000834935
2.65083e-09	-0.000832659
2.6509e-09	-0.000830383
2.65097e-09	-0.00082811
2.65104e-09	-0.000825838
2.65111e-09	-0.000823567
2.65118e-09	-0.000821297
2.65125e-09	-0.00081903
2.65132e-09	-0.000816763
2.65139e-09	-0.000814498
2.65146e-09	-0.000812235
2.65153e-09	-0.000809973
2.65161e-09	-0.000807712
2.65168e-09	-0.000805453
2.65175e-09	-0.000803196
2.65182e-09	-0.00080094
2.65189e-09	-0.000798685
2.65196e-09	-0.000796432
2.65203e-09	-0.000794181
2.6521e-09	-0.000791931
2.65217e-09	-0.000789682
2.65224e-09	-0.000787435
2.65231e-09	-0.00078519
2.65239e-09	-0.000782946
2.65246e-09	-0.000780703
2.65253e-09	-0.000778462
2.6526e-09	-0.000776223
2.65267e-09	-0.000773985
2.65274e-09	-0.000771749
2.65281e-09	-0.000769514
2.65288e-09	-0.000767281
2.65295e-09	-0.000765049
2.65302e-09	-0.000762819
2.6531e-09	-0.00076059
2.65317e-09	-0.000758363
2.65324e-09	-0.000756138
2.65331e-09	-0.000753914
2.65338e-09	-0.000751691
2.65345e-09	-0.000749471
2.65352e-09	-0.000747251
2.65359e-09	-0.000745034
2.65366e-09	-0.000742817
2.65373e-09	-0.000740603
2.6538e-09	-0.00073839
2.65388e-09	-0.000736179
2.65395e-09	-0.000733969
2.65402e-09	-0.000731761
2.65409e-09	-0.000729554
2.65416e-09	-0.000727349
2.65423e-09	-0.000725146
2.6543e-09	-0.000722944
2.65437e-09	-0.000720744
2.65444e-09	-0.000718545
2.65451e-09	-0.000716348
2.65458e-09	-0.000714153
2.65466e-09	-0.000711959
2.65473e-09	-0.000709767
2.6548e-09	-0.000707576
2.65487e-09	-0.000705387
2.65494e-09	-0.0007032
2.65501e-09	-0.000701015
2.65508e-09	-0.000698831
2.65515e-09	-0.000696648
2.65522e-09	-0.000694468
2.65529e-09	-0.000692288
2.65536e-09	-0.000690111
2.65544e-09	-0.000687935
2.65551e-09	-0.000685761
2.65558e-09	-0.000683589
2.65565e-09	-0.000681418
2.65572e-09	-0.000679249
2.65579e-09	-0.000677081
2.65586e-09	-0.000674915
2.65593e-09	-0.000672751
2.656e-09	-0.000670589
2.65607e-09	-0.000668428
2.65614e-09	-0.000666269
2.65622e-09	-0.000664111
2.65629e-09	-0.000661956
2.65636e-09	-0.000659802
2.65643e-09	-0.000657649
2.6565e-09	-0.000655499
2.65657e-09	-0.00065335
2.65664e-09	-0.000651202
2.65671e-09	-0.000649057
2.65678e-09	-0.000646913
2.65685e-09	-0.000644771
2.65693e-09	-0.00064263
2.657e-09	-0.000640491
2.65707e-09	-0.000638354
2.65714e-09	-0.000636219
2.65721e-09	-0.000634085
2.65728e-09	-0.000631953
2.65735e-09	-0.000629823
2.65742e-09	-0.000627695
2.65749e-09	-0.000625568
2.65756e-09	-0.000623443
2.65763e-09	-0.00062132
2.65771e-09	-0.000619198
2.65778e-09	-0.000617078
2.65785e-09	-0.00061496
2.65792e-09	-0.000612844
2.65799e-09	-0.000610729
2.65806e-09	-0.000608617
2.65813e-09	-0.000606506
2.6582e-09	-0.000604396
2.65827e-09	-0.000602289
2.65834e-09	-0.000600183
2.65841e-09	-0.000598079
2.65849e-09	-0.000595977
2.65856e-09	-0.000593876
2.65863e-09	-0.000591778
2.6587e-09	-0.000589681
2.65877e-09	-0.000587585
2.65884e-09	-0.000585492
2.65891e-09	-0.0005834
2.65898e-09	-0.000581311
2.65905e-09	-0.000579223
2.65912e-09	-0.000577136
2.65919e-09	-0.000575052
2.65927e-09	-0.000572969
2.65934e-09	-0.000570888
2.65941e-09	-0.000568809
2.65948e-09	-0.000566732
2.65955e-09	-0.000564657
2.65962e-09	-0.000562583
2.65969e-09	-0.000560511
2.65976e-09	-0.000558441
2.65983e-09	-0.000556373
2.6599e-09	-0.000554306
2.65998e-09	-0.000552242
2.66005e-09	-0.000550179
2.66012e-09	-0.000548118
2.66019e-09	-0.000546059
2.66026e-09	-0.000544002
2.66033e-09	-0.000541946
2.6604e-09	-0.000539892
2.66047e-09	-0.000537841
2.66054e-09	-0.000535791
2.66061e-09	-0.000533742
2.66068e-09	-0.000531696
2.66076e-09	-0.000529652
2.66083e-09	-0.000527609
2.6609e-09	-0.000525568
2.66097e-09	-0.000523529
2.66104e-09	-0.000521492
2.66111e-09	-0.000519457
2.66118e-09	-0.000517424
2.66125e-09	-0.000515392
2.66132e-09	-0.000513363
2.66139e-09	-0.000511335
2.66146e-09	-0.000509309
2.66154e-09	-0.000507285
2.66161e-09	-0.000505263
2.66168e-09	-0.000503242
2.66175e-09	-0.000501224
2.66182e-09	-0.000499207
2.66189e-09	-0.000497193
2.66196e-09	-0.00049518
2.66203e-09	-0.000493169
2.6621e-09	-0.00049116
2.66217e-09	-0.000489153
2.66224e-09	-0.000487147
2.66232e-09	-0.000485144
2.66239e-09	-0.000483143
2.66246e-09	-0.000481143
2.66253e-09	-0.000479145
2.6626e-09	-0.000477149
2.66267e-09	-0.000475156
2.66274e-09	-0.000473164
2.66281e-09	-0.000471173
2.66288e-09	-0.000469185
2.66295e-09	-0.000467199
2.66303e-09	-0.000465215
2.6631e-09	-0.000463232
2.66317e-09	-0.000461252
2.66324e-09	-0.000459273
2.66331e-09	-0.000457296
2.66338e-09	-0.000455322
2.66345e-09	-0.000453349
2.66352e-09	-0.000451378
2.66359e-09	-0.000449409
2.66366e-09	-0.000447442
2.66373e-09	-0.000445477
2.66381e-09	-0.000443513
2.66388e-09	-0.000441552
2.66395e-09	-0.000439593
2.66402e-09	-0.000437635
2.66409e-09	-0.00043568
2.66416e-09	-0.000433726
2.66423e-09	-0.000431775
2.6643e-09	-0.000429825
2.66437e-09	-0.000427877
2.66444e-09	-0.000425932
2.66451e-09	-0.000423988
2.66459e-09	-0.000422046
2.66466e-09	-0.000420106
2.66473e-09	-0.000418168
2.6648e-09	-0.000416232
2.66487e-09	-0.000414298
2.66494e-09	-0.000412366
2.66501e-09	-0.000410436
2.66508e-09	-0.000408508
2.66515e-09	-0.000406582
2.66522e-09	-0.000404658
2.66529e-09	-0.000402736
2.66537e-09	-0.000400815
2.66544e-09	-0.000398897
2.66551e-09	-0.000396981
2.66558e-09	-0.000395067
2.66565e-09	-0.000393154
2.66572e-09	-0.000391244
2.66579e-09	-0.000389336
2.66586e-09	-0.000387429
2.66593e-09	-0.000385525
2.666e-09	-0.000383622
2.66607e-09	-0.000381722
2.66615e-09	-0.000379824
2.66622e-09	-0.000377927
2.66629e-09	-0.000376033
2.66636e-09	-0.00037414
2.66643e-09	-0.00037225
2.6665e-09	-0.000370362
2.66657e-09	-0.000368475
2.66664e-09	-0.000366591
2.66671e-09	-0.000364708
2.66678e-09	-0.000362828
2.66686e-09	-0.000360949
2.66693e-09	-0.000359073
2.667e-09	-0.000357199
2.66707e-09	-0.000355326
2.66714e-09	-0.000353456
2.66721e-09	-0.000351588
2.66728e-09	-0.000349721
2.66735e-09	-0.000347857
2.66742e-09	-0.000345995
2.66749e-09	-0.000344135
2.66756e-09	-0.000342276
2.66764e-09	-0.00034042
2.66771e-09	-0.000338566
2.66778e-09	-0.000336714
2.66785e-09	-0.000334864
2.66792e-09	-0.000333016
2.66799e-09	-0.00033117
2.66806e-09	-0.000329326
2.66813e-09	-0.000327484
2.6682e-09	-0.000325644
2.66827e-09	-0.000323806
2.66834e-09	-0.00032197
2.66842e-09	-0.000320136
2.66849e-09	-0.000318304
2.66856e-09	-0.000316475
2.66863e-09	-0.000314647
2.6687e-09	-0.000312821
2.66877e-09	-0.000310998
2.66884e-09	-0.000309176
2.66891e-09	-0.000307357
2.66898e-09	-0.000305539
2.66905e-09	-0.000303724
2.66912e-09	-0.000301911
2.6692e-09	-0.000300099
2.66927e-09	-0.00029829
2.66934e-09	-0.000296483
2.66941e-09	-0.000294678
2.66948e-09	-0.000292875
2.66955e-09	-0.000291074
2.66962e-09	-0.000289275
2.66969e-09	-0.000287478
2.66976e-09	-0.000285683
2.66983e-09	-0.000283891
2.66991e-09	-0.0002821
2.66998e-09	-0.000280312
2.67005e-09	-0.000278525
2.67012e-09	-0.000276741
2.67019e-09	-0.000274958
2.67026e-09	-0.000273178
2.67033e-09	-0.0002714
2.6704e-09	-0.000269624
2.67047e-09	-0.00026785
2.67054e-09	-0.000266078
2.67061e-09	-0.000264308
2.67069e-09	-0.000262541
2.67076e-09	-0.000260775
2.67083e-09	-0.000259011
2.6709e-09	-0.00025725
2.67097e-09	-0.00025549
2.67104e-09	-0.000253733
2.67111e-09	-0.000251978
2.67118e-09	-0.000250225
2.67125e-09	-0.000248474
2.67132e-09	-0.000246725
2.67139e-09	-0.000244978
2.67147e-09	-0.000243233
2.67154e-09	-0.000241491
2.67161e-09	-0.00023975
2.67168e-09	-0.000238012
2.67175e-09	-0.000236275
2.67182e-09	-0.000234541
2.67189e-09	-0.000232809
2.67196e-09	-0.000231079
2.67203e-09	-0.000229351
2.6721e-09	-0.000227625
2.67217e-09	-0.000225901
2.67225e-09	-0.00022418
2.67232e-09	-0.00022246
2.67239e-09	-0.000220743
2.67246e-09	-0.000219028
2.67253e-09	-0.000217315
2.6726e-09	-0.000215604
2.67267e-09	-0.000213895
2.67274e-09	-0.000212188
2.67281e-09	-0.000210483
2.67288e-09	-0.000208781
2.67295e-09	-0.00020708
2.67303e-09	-0.000205382
2.6731e-09	-0.000203686
2.67317e-09	-0.000201992
2.67324e-09	-0.0002003
2.67331e-09	-0.00019861
2.67338e-09	-0.000196922
2.67345e-09	-0.000195237
2.67352e-09	-0.000193553
2.67359e-09	-0.000191872
2.67366e-09	-0.000190193
2.67374e-09	-0.000188516
2.67381e-09	-0.000186841
2.67388e-09	-0.000185168
2.67395e-09	-0.000183497
2.67402e-09	-0.000181829
2.67409e-09	-0.000180162
2.67416e-09	-0.000178498
2.67423e-09	-0.000176836
2.6743e-09	-0.000175176
2.67437e-09	-0.000173518
2.67444e-09	-0.000171862
2.67452e-09	-0.000170209
2.67459e-09	-0.000168557
2.67466e-09	-0.000166908
2.67473e-09	-0.000165261
2.6748e-09	-0.000163616
2.67487e-09	-0.000161973
2.67494e-09	-0.000160332
2.67501e-09	-0.000158694
2.67508e-09	-0.000157058
2.67515e-09	-0.000155423
2.67522e-09	-0.000153791
2.6753e-09	-0.000152161
2.67537e-09	-0.000150533
2.67544e-09	-0.000148908
2.67551e-09	-0.000147284
2.67558e-09	-0.000145663
2.67565e-09	-0.000144044
2.67572e-09	-0.000142427
2.67579e-09	-0.000140812
2.67586e-09	-0.000139199
2.67593e-09	-0.000137588
2.676e-09	-0.00013598
2.67608e-09	-0.000134374
2.67615e-09	-0.00013277
2.67622e-09	-0.000131168
2.67629e-09	-0.000129568
2.67636e-09	-0.00012797
2.67643e-09	-0.000126375
2.6765e-09	-0.000124781
2.67657e-09	-0.00012319
2.67664e-09	-0.000121601
2.67671e-09	-0.000120014
2.67679e-09	-0.00011843
2.67686e-09	-0.000116847
2.67693e-09	-0.000115267
2.677e-09	-0.000113689
2.67707e-09	-0.000112113
2.67714e-09	-0.000110539
2.67721e-09	-0.000108967
2.67728e-09	-0.000107398
2.67735e-09	-0.00010583
2.67742e-09	-0.000104265
2.67749e-09	-0.000102702
2.67757e-09	-0.000101141
2.67764e-09	-9.95827e-05
2.67771e-09	-9.80262e-05
2.67778e-09	-9.64719e-05
2.67785e-09	-9.49197e-05
2.67792e-09	-9.33698e-05
2.67799e-09	-9.1822e-05
2.67806e-09	-9.02764e-05
2.67813e-09	-8.87329e-05
2.6782e-09	-8.71917e-05
2.67827e-09	-8.56526e-05
2.67835e-09	-8.41157e-05
2.67842e-09	-8.25809e-05
2.67849e-09	-8.10484e-05
2.67856e-09	-7.9518e-05
2.67863e-09	-7.79898e-05
2.6787e-09	-7.64638e-05
2.67877e-09	-7.49399e-05
2.67884e-09	-7.34183e-05
2.67891e-09	-7.18988e-05
2.67898e-09	-7.03815e-05
2.67905e-09	-6.88664e-05
2.67913e-09	-6.73534e-05
2.6792e-09	-6.58427e-05
2.67927e-09	-6.43341e-05
2.67934e-09	-6.28277e-05
2.67941e-09	-6.13235e-05
2.67948e-09	-5.98214e-05
2.67955e-09	-5.83216e-05
2.67962e-09	-5.68239e-05
2.67969e-09	-5.53285e-05
2.67976e-09	-5.38352e-05
2.67983e-09	-5.23441e-05
2.67991e-09	-5.08551e-05
2.67998e-09	-4.93684e-05
2.68005e-09	-4.78839e-05
2.68012e-09	-4.64015e-05
2.68019e-09	-4.49213e-05
2.68026e-09	-4.34433e-05
2.68033e-09	-4.19675e-05
2.6804e-09	-4.04939e-05
2.68047e-09	-3.90225e-05
2.68054e-09	-3.75533e-05
2.68062e-09	-3.60862e-05
2.68069e-09	-3.46214e-05
2.68076e-09	-3.31587e-05
2.68083e-09	-3.16982e-05
2.6809e-09	-3.024e-05
2.68097e-09	-2.87839e-05
2.68104e-09	-2.733e-05
2.68111e-09	-2.58782e-05
2.68118e-09	-2.44287e-05
2.68125e-09	-2.29814e-05
2.68132e-09	-2.15363e-05
2.6814e-09	-2.00933e-05
2.68147e-09	-1.86526e-05
2.68154e-09	-1.7214e-05
2.68161e-09	-1.57776e-05
2.68168e-09	-1.43435e-05
2.68175e-09	-1.29115e-05
2.68182e-09	-1.14817e-05
2.68189e-09	-1.00541e-05
2.68196e-09	-8.62869e-06
2.68203e-09	-7.20548e-06
2.6821e-09	-5.78446e-06
2.68218e-09	-4.36565e-06
2.68225e-09	-2.94902e-06
2.68232e-09	-1.53459e-06
2.68239e-09	-1.22354e-07
2.68246e-09	1.28769e-06
2.68253e-09	2.69553e-06
2.6826e-09	4.10118e-06
2.68267e-09	5.50464e-06
2.68274e-09	6.9059e-06
2.68281e-09	8.30496e-06
2.68288e-09	9.70183e-06
2.68296e-09	1.10965e-05
2.68303e-09	1.2489e-05
2.6831e-09	1.38793e-05
2.68317e-09	1.52673e-05
2.68324e-09	1.66532e-05
2.68331e-09	1.80369e-05
2.68338e-09	1.94184e-05
2.68345e-09	2.07977e-05
2.68352e-09	2.21748e-05
2.68359e-09	2.35497e-05
2.68367e-09	2.49224e-05
2.68374e-09	2.6293e-05
2.68381e-09	2.76613e-05
2.68388e-09	2.90274e-05
2.68395e-09	3.03913e-05
2.68402e-09	3.1753e-05
2.68409e-09	3.31126e-05
2.68416e-09	3.44699e-05
2.68423e-09	3.5825e-05
2.6843e-09	3.7178e-05
2.68437e-09	3.85287e-05
2.68445e-09	3.98773e-05
2.68452e-09	4.12236e-05
2.68459e-09	4.25678e-05
2.68466e-09	4.39097e-05
2.68473e-09	4.52495e-05
2.6848e-09	4.65871e-05
2.68487e-09	4.79224e-05
2.68494e-09	4.92556e-05
2.68501e-09	5.05866e-05
2.68508e-09	5.19153e-05
2.68515e-09	5.32419e-05
2.68523e-09	5.45663e-05
2.6853e-09	5.58885e-05
2.68537e-09	5.72085e-05
2.68544e-09	5.85263e-05
2.68551e-09	5.98419e-05
2.68558e-09	6.11553e-05
2.68565e-09	6.24665e-05
2.68572e-09	6.37755e-05
2.68579e-09	6.50823e-05
2.68586e-09	6.63869e-05
2.68593e-09	6.76893e-05
2.68601e-09	6.89896e-05
2.68608e-09	7.02876e-05
2.68615e-09	7.15834e-05
2.68622e-09	7.28771e-05
2.68629e-09	7.41685e-05
2.68636e-09	7.54578e-05
2.68643e-09	7.67448e-05
2.6865e-09	7.80297e-05
2.68657e-09	7.93124e-05
2.68664e-09	8.05929e-05
2.68671e-09	8.18711e-05
2.68679e-09	8.31472e-05
2.68686e-09	8.44211e-05
2.68693e-09	8.56928e-05
2.687e-09	8.69623e-05
2.68707e-09	8.82297e-05
2.68714e-09	8.94948e-05
2.68721e-09	9.07577e-05
2.68728e-09	9.20185e-05
2.68735e-09	9.3277e-05
2.68742e-09	9.45334e-05
2.6875e-09	9.57875e-05
2.68757e-09	9.70395e-05
2.68764e-09	9.82893e-05
2.68771e-09	9.95369e-05
2.68778e-09	0.000100782
2.68785e-09	0.000102026
2.68792e-09	0.000103267
2.68799e-09	0.000104505
2.68806e-09	0.000105742
2.68813e-09	0.000106976
2.6882e-09	0.000108209
2.68828e-09	0.000109439
2.68835e-09	0.000110667
2.68842e-09	0.000111892
2.68849e-09	0.000113116
2.68856e-09	0.000114337
2.68863e-09	0.000115556
2.6887e-09	0.000116773
2.68877e-09	0.000117988
2.68884e-09	0.000119201
2.68891e-09	0.000120411
2.68898e-09	0.000121619
2.68906e-09	0.000122825
2.68913e-09	0.000124029
2.6892e-09	0.000125231
2.68927e-09	0.00012643
2.68934e-09	0.000127628
2.68941e-09	0.000128823
2.68948e-09	0.000130016
2.68955e-09	0.000131206
2.68962e-09	0.000132395
2.68969e-09	0.000133581
2.68976e-09	0.000134766
2.68984e-09	0.000135948
2.68991e-09	0.000137127
2.68998e-09	0.000138305
2.69005e-09	0.000139481
2.69012e-09	0.000140654
2.69019e-09	0.000141825
2.69026e-09	0.000142994
2.69033e-09	0.000144161
2.6904e-09	0.000145325
2.69047e-09	0.000146488
2.69055e-09	0.000147648
2.69062e-09	0.000148806
2.69069e-09	0.000149962
2.69076e-09	0.000151116
2.69083e-09	0.000152267
2.6909e-09	0.000153416
2.69097e-09	0.000154564
2.69104e-09	0.000155709
2.69111e-09	0.000156851
2.69118e-09	0.000157992
2.69125e-09	0.000159131
2.69133e-09	0.000160267
2.6914e-09	0.000161401
2.69147e-09	0.000162533
2.69154e-09	0.000163663
2.69161e-09	0.000164791
2.69168e-09	0.000165916
2.69175e-09	0.000167039
2.69182e-09	0.000168161
2.69189e-09	0.00016928
2.69196e-09	0.000170396
2.69203e-09	0.000171511
2.69211e-09	0.000172623
2.69218e-09	0.000173734
2.69225e-09	0.000174842
2.69232e-09	0.000175948
2.69239e-09	0.000177052
2.69246e-09	0.000178153
2.69253e-09	0.000179253
2.6926e-09	0.00018035
2.69267e-09	0.000181445
2.69274e-09	0.000182538
2.69281e-09	0.000183629
2.69289e-09	0.000184718
2.69296e-09	0.000185805
2.69303e-09	0.000186889
2.6931e-09	0.000187971
2.69317e-09	0.000189051
2.69324e-09	0.000190129
2.69331e-09	0.000191205
2.69338e-09	0.000192279
2.69345e-09	0.00019335
2.69352e-09	0.000194419
2.69359e-09	0.000195486
2.69367e-09	0.000196551
2.69374e-09	0.000197614
2.69381e-09	0.000198675
2.69388e-09	0.000199733
2.69395e-09	0.00020079
2.69402e-09	0.000201844
2.69409e-09	0.000202896
2.69416e-09	0.000203946
2.69423e-09	0.000204994
2.6943e-09	0.00020604
2.69438e-09	0.000207083
2.69445e-09	0.000208125
2.69452e-09	0.000209164
2.69459e-09	0.000210201
2.69466e-09	0.000211236
2.69473e-09	0.000212269
2.6948e-09	0.000213299
2.69487e-09	0.000214328
2.69494e-09	0.000215354
2.69501e-09	0.000216378
2.69508e-09	0.000217401
2.69516e-09	0.000218421
2.69523e-09	0.000219438
2.6953e-09	0.000220454
2.69537e-09	0.000221468
2.69544e-09	0.000222479
2.69551e-09	0.000223488
2.69558e-09	0.000224496
2.69565e-09	0.000225501
2.69572e-09	0.000226503
2.69579e-09	0.000227504
2.69586e-09	0.000228503
2.69594e-09	0.000229499
2.69601e-09	0.000230494
2.69608e-09	0.000231486
2.69615e-09	0.000232476
2.69622e-09	0.000233464
2.69629e-09	0.00023445
2.69636e-09	0.000235434
2.69643e-09	0.000236415
2.6965e-09	0.000237395
2.69657e-09	0.000238372
2.69664e-09	0.000239348
2.69672e-09	0.000240321
2.69679e-09	0.000241292
2.69686e-09	0.000242261
2.69693e-09	0.000243228
2.697e-09	0.000244192
2.69707e-09	0.000245155
2.69714e-09	0.000246115
2.69721e-09	0.000247074
2.69728e-09	0.00024803
2.69735e-09	0.000248984
2.69743e-09	0.000249936
2.6975e-09	0.000250886
2.69757e-09	0.000251834
2.69764e-09	0.000252779
2.69771e-09	0.000253723
2.69778e-09	0.000254664
2.69785e-09	0.000255604
2.69792e-09	0.000256541
2.69799e-09	0.000257476
2.69806e-09	0.000258409
2.69813e-09	0.00025934
2.69821e-09	0.000260269
2.69828e-09	0.000261196
2.69835e-09	0.000262121
2.69842e-09	0.000263043
2.69849e-09	0.000263964
2.69856e-09	0.000264882
2.69863e-09	0.000265798
2.6987e-09	0.000266712
2.69877e-09	0.000267624
2.69884e-09	0.000268534
2.69891e-09	0.000269442
2.69899e-09	0.000270348
2.69906e-09	0.000271252
2.69913e-09	0.000272153
2.6992e-09	0.000273053
2.69927e-09	0.000273951
2.69934e-09	0.000274846
2.69941e-09	0.000275739
2.69948e-09	0.00027663
2.69955e-09	0.00027752
2.69962e-09	0.000278407
2.69969e-09	0.000279292
2.69977e-09	0.000280174
2.69984e-09	0.000281055
2.69991e-09	0.000281934
2.69998e-09	0.000282811
2.70005e-09	0.000283685
2.70012e-09	0.000284558
2.70019e-09	0.000285428
2.70026e-09	0.000286296
2.70033e-09	0.000287163
2.7004e-09	0.000288027
2.70047e-09	0.000288889
2.70055e-09	0.000289749
2.70062e-09	0.000290607
2.70069e-09	0.000291463
2.70076e-09	0.000292317
2.70083e-09	0.000293169
2.7009e-09	0.000294019
2.70097e-09	0.000294866
2.70104e-09	0.000295712
2.70111e-09	0.000296555
2.70118e-09	0.000297397
2.70126e-09	0.000298236
2.70133e-09	0.000299074
2.7014e-09	0.000299909
2.70147e-09	0.000300742
2.70154e-09	0.000301574
2.70161e-09	0.000302403
2.70168e-09	0.00030323
2.70175e-09	0.000304055
2.70182e-09	0.000304878
2.70189e-09	0.000305699
2.70196e-09	0.000306518
2.70204e-09	0.000307335
2.70211e-09	0.00030815
2.70218e-09	0.000308963
2.70225e-09	0.000309773
2.70232e-09	0.000310582
2.70239e-09	0.000311389
2.70246e-09	0.000312194
2.70253e-09	0.000312996
2.7026e-09	0.000313797
2.70267e-09	0.000314595
2.70274e-09	0.000315392
2.70282e-09	0.000316186
2.70289e-09	0.000316979
2.70296e-09	0.000317769
2.70303e-09	0.000318558
2.7031e-09	0.000319344
2.70317e-09	0.000320128
2.70324e-09	0.000320911
2.70331e-09	0.000321691
2.70338e-09	0.000322469
2.70345e-09	0.000323245
2.70352e-09	0.00032402
2.7036e-09	0.000324792
2.70367e-09	0.000325562
2.70374e-09	0.00032633
2.70381e-09	0.000327096
2.70388e-09	0.00032786
2.70395e-09	0.000328622
2.70402e-09	0.000329383
2.70409e-09	0.000330141
2.70416e-09	0.000330897
2.70423e-09	0.000331651
2.70431e-09	0.000332403
2.70438e-09	0.000333153
2.70445e-09	0.000333901
2.70452e-09	0.000334647
2.70459e-09	0.000335391
2.70466e-09	0.000336133
2.70473e-09	0.000336873
2.7048e-09	0.000337611
2.70487e-09	0.000338347
2.70494e-09	0.000339082
2.70501e-09	0.000339814
2.70509e-09	0.000340544
2.70516e-09	0.000341272
2.70523e-09	0.000341998
2.7053e-09	0.000342722
2.70537e-09	0.000343444
2.70544e-09	0.000344164
2.70551e-09	0.000344882
2.70558e-09	0.000345599
2.70565e-09	0.000346313
2.70572e-09	0.000347025
2.70579e-09	0.000347735
2.70587e-09	0.000348443
2.70594e-09	0.00034915
2.70601e-09	0.000349854
2.70608e-09	0.000350556
2.70615e-09	0.000351257
2.70622e-09	0.000351955
2.70629e-09	0.000352651
2.70636e-09	0.000353346
2.70643e-09	0.000354038
2.7065e-09	0.000354729
2.70657e-09	0.000355417
2.70665e-09	0.000356104
2.70672e-09	0.000356788
2.70679e-09	0.000357471
2.70686e-09	0.000358152
2.70693e-09	0.00035883
2.707e-09	0.000359507
2.70707e-09	0.000360182
2.70714e-09	0.000360855
2.70721e-09	0.000361526
2.70728e-09	0.000362194
2.70735e-09	0.000362861
2.70743e-09	0.000363527
2.7075e-09	0.00036419
2.70757e-09	0.000364851
2.70764e-09	0.00036551
2.70771e-09	0.000366167
2.70778e-09	0.000366822
2.70785e-09	0.000367476
2.70792e-09	0.000368127
2.70799e-09	0.000368777
2.70806e-09	0.000369424
2.70814e-09	0.00037007
2.70821e-09	0.000370714
2.70828e-09	0.000371355
2.70835e-09	0.000371995
2.70842e-09	0.000372633
2.70849e-09	0.000373269
2.70856e-09	0.000373903
2.70863e-09	0.000374535
2.7087e-09	0.000375165
2.70877e-09	0.000375793
2.70884e-09	0.00037642
2.70892e-09	0.000377044
2.70899e-09	0.000377667
2.70906e-09	0.000378287
2.70913e-09	0.000378906
2.7092e-09	0.000379523
2.70927e-09	0.000380138
2.70934e-09	0.00038075
2.70941e-09	0.000381361
2.70948e-09	0.000381971
2.70955e-09	0.000382578
2.70962e-09	0.000383183
2.7097e-09	0.000383786
2.70977e-09	0.000384388
2.70984e-09	0.000384987
2.70991e-09	0.000385585
2.70998e-09	0.000386181
2.71005e-09	0.000386775
2.71012e-09	0.000387367
2.71019e-09	0.000387957
2.71026e-09	0.000388545
2.71033e-09	0.000389131
2.7104e-09	0.000389716
2.71048e-09	0.000390298
2.71055e-09	0.000390879
2.71062e-09	0.000391458
2.71069e-09	0.000392035
2.71076e-09	0.00039261
2.71083e-09	0.000393183
2.7109e-09	0.000393754
2.71097e-09	0.000394323
2.71104e-09	0.000394891
2.71111e-09	0.000395456
2.71119e-09	0.00039602
2.71126e-09	0.000396582
2.71133e-09	0.000397142
2.7114e-09	0.0003977
2.71147e-09	0.000398256
2.71154e-09	0.000398811
2.71161e-09	0.000399363
2.71168e-09	0.000399914
2.71175e-09	0.000400463
2.71182e-09	0.00040101
2.71189e-09	0.000401555
2.71197e-09	0.000402098
2.71204e-09	0.000402639
2.71211e-09	0.000403179
2.71218e-09	0.000403716
2.71225e-09	0.000404252
2.71232e-09	0.000404786
2.71239e-09	0.000405318
2.71246e-09	0.000405849
2.71253e-09	0.000406377
2.7126e-09	0.000406904
2.71267e-09	0.000407428
2.71275e-09	0.000407951
2.71282e-09	0.000408472
2.71289e-09	0.000408991
2.71296e-09	0.000409509
2.71303e-09	0.000410024
2.7131e-09	0.000410538
2.71317e-09	0.00041105
2.71324e-09	0.00041156
2.71331e-09	0.000412068
2.71338e-09	0.000412575
2.71345e-09	0.000413079
2.71353e-09	0.000413582
2.7136e-09	0.000414083
2.71367e-09	0.000414582
2.71374e-09	0.00041508
2.71381e-09	0.000415575
2.71388e-09	0.000416069
2.71395e-09	0.000416561
2.71402e-09	0.000417051
2.71409e-09	0.000417539
2.71416e-09	0.000418025
2.71423e-09	0.00041851
2.71431e-09	0.000418993
2.71438e-09	0.000419474
2.71445e-09	0.000419953
2.71452e-09	0.000420431
2.71459e-09	0.000420906
2.71466e-09	0.00042138
2.71473e-09	0.000421852
2.7148e-09	0.000422322
2.71487e-09	0.000422791
2.71494e-09	0.000423257
2.71502e-09	0.000423722
2.71509e-09	0.000424185
2.71516e-09	0.000424647
2.71523e-09	0.000425106
2.7153e-09	0.000425564
2.71537e-09	0.00042602
2.71544e-09	0.000426474
2.71551e-09	0.000426926
2.71558e-09	0.000427377
2.71565e-09	0.000427826
2.71572e-09	0.000428273
2.7158e-09	0.000428718
2.71587e-09	0.000429162
2.71594e-09	0.000429604
2.71601e-09	0.000430044
2.71608e-09	0.000430482
2.71615e-09	0.000430918
2.71622e-09	0.000431353
2.71629e-09	0.000431786
2.71636e-09	0.000432217
2.71643e-09	0.000432647
2.7165e-09	0.000433075
2.71658e-09	0.000433501
2.71665e-09	0.000433925
2.71672e-09	0.000434347
2.71679e-09	0.000434768
2.71686e-09	0.000435187
2.71693e-09	0.000435604
2.717e-09	0.00043602
2.71707e-09	0.000436433
2.71714e-09	0.000436845
2.71721e-09	0.000437256
2.71728e-09	0.000437664
2.71736e-09	0.000438071
2.71743e-09	0.000438476
2.7175e-09	0.000438879
2.71757e-09	0.000439281
2.71764e-09	0.000439681
2.71771e-09	0.000440079
2.71778e-09	0.000440475
2.71785e-09	0.00044087
2.71792e-09	0.000441263
2.71799e-09	0.000441654
2.71807e-09	0.000442044
2.71814e-09	0.000442432
2.71821e-09	0.000442818
2.71828e-09	0.000443202
2.71835e-09	0.000443585
2.71842e-09	0.000443966
2.71849e-09	0.000444345
2.71856e-09	0.000444723
2.71863e-09	0.000445099
2.7187e-09	0.000445473
2.71877e-09	0.000445845
2.71885e-09	0.000446216
2.71892e-09	0.000446585
2.71899e-09	0.000446953
2.71906e-09	0.000447318
2.71913e-09	0.000447682
2.7192e-09	0.000448045
2.71927e-09	0.000448405
2.71934e-09	0.000448764
2.71941e-09	0.000449122
2.71948e-09	0.000449477
2.71955e-09	0.000449831
2.71963e-09	0.000450183
2.7197e-09	0.000450534
2.71977e-09	0.000450883
2.71984e-09	0.00045123
2.71991e-09	0.000451576
2.71998e-09	0.000451919
2.72005e-09	0.000452262
2.72012e-09	0.000452602
2.72019e-09	0.000452941
2.72026e-09	0.000453278
2.72033e-09	0.000453614
2.72041e-09	0.000453948
2.72048e-09	0.00045428
2.72055e-09	0.000454611
2.72062e-09	0.000454939
2.72069e-09	0.000455267
2.72076e-09	0.000455592
2.72083e-09	0.000455916
2.7209e-09	0.000456239
2.72097e-09	0.000456559
2.72104e-09	0.000456878
2.72111e-09	0.000457196
2.72119e-09	0.000457512
2.72126e-09	0.000457826
2.72133e-09	0.000458138
2.7214e-09	0.000458449
2.72147e-09	0.000458758
2.72154e-09	0.000459066
2.72161e-09	0.000459372
2.72168e-09	0.000459676
2.72175e-09	0.000459979
2.72182e-09	0.00046028
2.7219e-09	0.00046058
2.72197e-09	0.000460877
2.72204e-09	0.000461174
2.72211e-09	0.000461468
2.72218e-09	0.000461761
2.72225e-09	0.000462053
2.72232e-09	0.000462342
2.72239e-09	0.000462631
2.72246e-09	0.000462917
2.72253e-09	0.000463202
2.7226e-09	0.000463485
2.72268e-09	0.000463767
2.72275e-09	0.000464047
2.72282e-09	0.000464326
2.72289e-09	0.000464603
2.72296e-09	0.000464878
2.72303e-09	0.000465152
2.7231e-09	0.000465424
2.72317e-09	0.000465695
2.72324e-09	0.000465964
2.72331e-09	0.000466231
2.72338e-09	0.000466497
2.72346e-09	0.000466761
2.72353e-09	0.000467024
2.7236e-09	0.000467285
2.72367e-09	0.000467545
2.72374e-09	0.000467803
2.72381e-09	0.000468059
2.72388e-09	0.000468314
2.72395e-09	0.000468567
2.72402e-09	0.000468819
2.72409e-09	0.000469069
2.72416e-09	0.000469317
2.72424e-09	0.000469564
2.72431e-09	0.00046981
2.72438e-09	0.000470054
2.72445e-09	0.000470296
2.72452e-09	0.000470537
2.72459e-09	0.000470776
2.72466e-09	0.000471014
2.72473e-09	0.00047125
2.7248e-09	0.000471484
2.72487e-09	0.000471717
2.72495e-09	0.000471949
2.72502e-09	0.000472179
2.72509e-09	0.000472407
2.72516e-09	0.000472634
2.72523e-09	0.000472859
2.7253e-09	0.000473083
2.72537e-09	0.000473306
2.72544e-09	0.000473526
2.72551e-09	0.000473745
2.72558e-09	0.000473963
2.72565e-09	0.000474179
2.72573e-09	0.000474394
2.7258e-09	0.000474607
2.72587e-09	0.000474819
2.72594e-09	0.000475029
2.72601e-09	0.000475237
2.72608e-09	0.000475444
2.72615e-09	0.00047565
2.72622e-09	0.000475854
2.72629e-09	0.000476056
2.72636e-09	0.000476257
2.72643e-09	0.000476457
2.72651e-09	0.000476655
2.72658e-09	0.000476851
2.72665e-09	0.000477046
2.72672e-09	0.00047724
2.72679e-09	0.000477432
2.72686e-09	0.000477623
2.72693e-09	0.000477812
2.727e-09	0.000477999
2.72707e-09	0.000478185
2.72714e-09	0.00047837
2.72721e-09	0.000478553
2.72729e-09	0.000478735
2.72736e-09	0.000478915
2.72743e-09	0.000479093
2.7275e-09	0.000479271
2.72757e-09	0.000479446
2.72764e-09	0.00047962
2.72771e-09	0.000479793
2.72778e-09	0.000479965
2.72785e-09	0.000480134
2.72792e-09	0.000480303
2.728e-09	0.00048047
2.72807e-09	0.000480635
2.72814e-09	0.000480799
2.72821e-09	0.000480962
2.72828e-09	0.000481123
2.72835e-09	0.000481282
2.72842e-09	0.000481441
2.72849e-09	0.000481597
2.72856e-09	0.000481753
2.72863e-09	0.000481906
2.7287e-09	0.000482059
2.72878e-09	0.00048221
2.72885e-09	0.000482359
2.72892e-09	0.000482507
2.72899e-09	0.000482654
2.72906e-09	0.000482799
2.72913e-09	0.000482943
2.7292e-09	0.000483085
2.72927e-09	0.000483226
2.72934e-09	0.000483366
2.72941e-09	0.000483504
2.72948e-09	0.00048364
2.72956e-09	0.000483776
2.72963e-09	0.000483909
2.7297e-09	0.000484042
2.72977e-09	0.000484173
2.72984e-09	0.000484302
2.72991e-09	0.00048443
2.72998e-09	0.000484557
2.73005e-09	0.000484683
2.73012e-09	0.000484806
2.73019e-09	0.000484929
2.73026e-09	0.00048505
2.73034e-09	0.00048517
2.73041e-09	0.000485288
2.73048e-09	0.000485405
2.73055e-09	0.000485521
2.73062e-09	0.000485635
2.73069e-09	0.000485748
2.73076e-09	0.000485859
2.73083e-09	0.000485969
2.7309e-09	0.000486078
2.73097e-09	0.000486185
2.73104e-09	0.000486291
2.73112e-09	0.000486395
2.73119e-09	0.000486498
2.73126e-09	0.0004866
2.73133e-09	0.0004867
2.7314e-09	0.000486799
2.73147e-09	0.000486897
2.73154e-09	0.000486993
2.73161e-09	0.000487088
2.73168e-09	0.000487181
2.73175e-09	0.000487274
2.73183e-09	0.000487364
2.7319e-09	0.000487454
2.73197e-09	0.000487542
2.73204e-09	0.000487629
2.73211e-09	0.000487714
2.73218e-09	0.000487798
2.73225e-09	0.000487881
2.73232e-09	0.000487962
2.73239e-09	0.000488042
2.73246e-09	0.000488121
2.73253e-09	0.000488198
2.73261e-09	0.000488274
2.73268e-09	0.000488348
2.73275e-09	0.000488422
2.73282e-09	0.000488494
2.73289e-09	0.000488564
2.73296e-09	0.000488634
2.73303e-09	0.000488702
2.7331e-09	0.000488768
2.73317e-09	0.000488834
2.73324e-09	0.000488898
2.73331e-09	0.00048896
2.73339e-09	0.000489022
2.73346e-09	0.000489082
2.73353e-09	0.00048914
2.7336e-09	0.000489198
2.73367e-09	0.000489254
2.73374e-09	0.000489309
2.73381e-09	0.000489362
2.73388e-09	0.000489415
2.73395e-09	0.000489465
2.73402e-09	0.000489515
2.73409e-09	0.000489563
2.73417e-09	0.00048961
2.73424e-09	0.000489656
2.73431e-09	0.000489701
2.73438e-09	0.000489744
2.73445e-09	0.000489786
2.73452e-09	0.000489826
2.73459e-09	0.000489866
2.73466e-09	0.000489904
2.73473e-09	0.00048994
2.7348e-09	0.000489976
2.73488e-09	0.00049001
2.73495e-09	0.000490043
2.73502e-09	0.000490074
2.73509e-09	0.000490105
2.73516e-09	0.000490134
2.73523e-09	0.000490162
2.7353e-09	0.000490188
2.73537e-09	0.000490214
2.73544e-09	0.000490238
2.73551e-09	0.00049026
2.73558e-09	0.000490282
2.73566e-09	0.000490302
2.73573e-09	0.000490321
2.7358e-09	0.000490339
2.73587e-09	0.000490356
2.73594e-09	0.000490371
2.73601e-09	0.000490385
2.73608e-09	0.000490398
2.73615e-09	0.000490409
2.73622e-09	0.00049042
2.73629e-09	0.000490429
2.73636e-09	0.000490436
2.73644e-09	0.000490443
2.73651e-09	0.000490448
2.73658e-09	0.000490453
2.73665e-09	0.000490455
2.73672e-09	0.000490457
2.73679e-09	0.000490458
2.73686e-09	0.000490457
2.73693e-09	0.000490455
2.737e-09	0.000490452
2.73707e-09	0.000490447
2.73714e-09	0.000490442
2.73722e-09	0.000490435
2.73729e-09	0.000490427
2.73736e-09	0.000490418
2.73743e-09	0.000490407
2.7375e-09	0.000490396
2.73757e-09	0.000490383
2.73764e-09	0.000490369
2.73771e-09	0.000490353
2.73778e-09	0.000490337
2.73785e-09	0.000490319
2.73792e-09	0.0004903
2.738e-09	0.00049028
2.73807e-09	0.000490259
2.73814e-09	0.000490237
2.73821e-09	0.000490213
2.73828e-09	0.000490188
2.73835e-09	0.000490163
2.73842e-09	0.000490135
2.73849e-09	0.000490107
2.73856e-09	0.000490078
2.73863e-09	0.000490047
2.73871e-09	0.000490015
2.73878e-09	0.000489982
2.73885e-09	0.000489948
2.73892e-09	0.000489913
2.73899e-09	0.000489876
2.73906e-09	0.000489839
2.73913e-09	0.0004898
2.7392e-09	0.00048976
2.73927e-09	0.000489719
2.73934e-09	0.000489676
2.73941e-09	0.000489633
2.73949e-09	0.000489588
2.73956e-09	0.000489543
2.73963e-09	0.000489496
2.7397e-09	0.000489448
2.73977e-09	0.000489399
2.73984e-09	0.000489348
2.73991e-09	0.000489297
2.73998e-09	0.000489245
2.74005e-09	0.000489191
2.74012e-09	0.000489136
2.74019e-09	0.00048908
2.74027e-09	0.000489023
2.74034e-09	0.000488965
2.74041e-09	0.000488905
2.74048e-09	0.000488845
2.74055e-09	0.000488783
2.74062e-09	0.000488721
2.74069e-09	0.000488657
2.74076e-09	0.000488592
2.74083e-09	0.000488526
2.7409e-09	0.000488459
2.74097e-09	0.000488391
2.74105e-09	0.000488321
2.74112e-09	0.000488251
2.74119e-09	0.000488179
2.74126e-09	0.000488107
2.74133e-09	0.000488033
2.7414e-09	0.000487958
2.74147e-09	0.000487882
2.74154e-09	0.000487805
2.74161e-09	0.000487727
2.74168e-09	0.000487648
2.74176e-09	0.000487567
2.74183e-09	0.000487486
2.7419e-09	0.000487403
2.74197e-09	0.00048732
2.74204e-09	0.000487235
2.74211e-09	0.00048715
2.74218e-09	0.000487063
2.74225e-09	0.000486975
2.74232e-09	0.000486886
2.74239e-09	0.000486796
2.74246e-09	0.000486705
2.74254e-09	0.000486613
2.74261e-09	0.00048652
2.74268e-09	0.000486425
2.74275e-09	0.00048633
2.74282e-09	0.000486234
2.74289e-09	0.000486136
2.74296e-09	0.000486038
2.74303e-09	0.000485938
2.7431e-09	0.000485838
2.74317e-09	0.000485736
2.74324e-09	0.000485633
2.74332e-09	0.000485529
2.74339e-09	0.000485425
2.74346e-09	0.000485319
2.74353e-09	0.000485212
2.7436e-09	0.000485104
2.74367e-09	0.000484995
2.74374e-09	0.000484885
2.74381e-09	0.000484774
2.74388e-09	0.000484662
2.74395e-09	0.000484549
2.74402e-09	0.000484435
2.7441e-09	0.00048432
2.74417e-09	0.000484204
2.74424e-09	0.000484087
2.74431e-09	0.000483969
2.74438e-09	0.00048385
2.74445e-09	0.000483729
2.74452e-09	0.000483608
2.74459e-09	0.000483486
2.74466e-09	0.000483363
2.74473e-09	0.000483239
2.7448e-09	0.000483113
2.74488e-09	0.000482987
2.74495e-09	0.00048286
2.74502e-09	0.000482732
2.74509e-09	0.000482603
2.74516e-09	0.000482472
2.74523e-09	0.000482341
2.7453e-09	0.000482209
2.74537e-09	0.000482076
2.74544e-09	0.000481942
2.74551e-09	0.000481806
2.74559e-09	0.00048167
2.74566e-09	0.000481533
2.74573e-09	0.000481395
2.7458e-09	0.000481256
2.74587e-09	0.000481116
2.74594e-09	0.000480975
2.74601e-09	0.000480833
2.74608e-09	0.00048069
2.74615e-09	0.000480546
2.74622e-09	0.000480401
2.74629e-09	0.000480256
2.74637e-09	0.000480109
2.74644e-09	0.000479961
2.74651e-09	0.000479812
2.74658e-09	0.000479663
2.74665e-09	0.000479512
2.74672e-09	0.00047936
2.74679e-09	0.000479208
2.74686e-09	0.000479054
2.74693e-09	0.0004789
2.747e-09	0.000478745
2.74707e-09	0.000478588
2.74715e-09	0.000478431
2.74722e-09	0.000478273
2.74729e-09	0.000478114
2.74736e-09	0.000477954
2.74743e-09	0.000477793
2.7475e-09	0.000477631
2.74757e-09	0.000477468
2.74764e-09	0.000477304
2.74771e-09	0.000477139
2.74778e-09	0.000476974
2.74785e-09	0.000476807
2.74793e-09	0.00047664
2.748e-09	0.000476471
2.74807e-09	0.000476302
2.74814e-09	0.000476132
2.74821e-09	0.000475961
2.74828e-09	0.000475789
2.74835e-09	0.000475616
2.74842e-09	0.000475442
2.74849e-09	0.000475267
2.74856e-09	0.000475091
2.74864e-09	0.000474915
2.74871e-09	0.000474737
2.74878e-09	0.000474559
2.74885e-09	0.00047438
2.74892e-09	0.0004742
2.74899e-09	0.000474019
2.74906e-09	0.000473837
2.74913e-09	0.000473654
2.7492e-09	0.00047347
2.74927e-09	0.000473286
2.74934e-09	0.0004731
2.74942e-09	0.000472914
2.74949e-09	0.000472726
2.74956e-09	0.000472538
2.74963e-09	0.000472349
2.7497e-09	0.00047216
2.74977e-09	0.000471969
2.74984e-09	0.000471777
2.74991e-09	0.000471585
2.74998e-09	0.000471392
2.75005e-09	0.000471197
2.75012e-09	0.000471002
2.7502e-09	0.000470806
2.75027e-09	0.00047061
2.75034e-09	0.000470412
2.75041e-09	0.000470214
2.75048e-09	0.000470014
2.75055e-09	0.000469814
2.75062e-09	0.000469613
2.75069e-09	0.000469411
2.75076e-09	0.000469209
2.75083e-09	0.000469005
2.7509e-09	0.000468801
2.75098e-09	0.000468595
2.75105e-09	0.000468389
2.75112e-09	0.000468183
2.75119e-09	0.000467975
2.75126e-09	0.000467766
2.75133e-09	0.000467557
2.7514e-09	0.000467347
2.75147e-09	0.000467136
2.75154e-09	0.000466924
2.75161e-09	0.000466711
2.75168e-09	0.000466498
2.75176e-09	0.000466283
2.75183e-09	0.000466068
2.7519e-09	0.000465852
2.75197e-09	0.000465636
2.75204e-09	0.000465418
2.75211e-09	0.0004652
2.75218e-09	0.00046498
2.75225e-09	0.00046476
2.75232e-09	0.00046454
2.75239e-09	0.000464318
2.75247e-09	0.000464096
2.75254e-09	0.000463873
2.75261e-09	0.000463649
2.75268e-09	0.000463424
2.75275e-09	0.000463198
2.75282e-09	0.000462972
2.75289e-09	0.000462745
2.75296e-09	0.000462517
2.75303e-09	0.000462288
2.7531e-09	0.000462059
2.75317e-09	0.000461828
2.75325e-09	0.000461597
2.75332e-09	0.000461365
2.75339e-09	0.000461133
2.75346e-09	0.000460899
2.75353e-09	0.000460665
2.7536e-09	0.00046043
2.75367e-09	0.000460195
2.75374e-09	0.000459958
2.75381e-09	0.000459721
2.75388e-09	0.000459483
2.75395e-09	0.000459244
2.75403e-09	0.000459005
2.7541e-09	0.000458765
2.75417e-09	0.000458524
2.75424e-09	0.000458282
2.75431e-09	0.000458039
2.75438e-09	0.000457796
2.75445e-09	0.000457552
2.75452e-09	0.000457307
2.75459e-09	0.000457062
2.75466e-09	0.000456816
2.75473e-09	0.000456569
2.75481e-09	0.000456321
2.75488e-09	0.000456072
2.75495e-09	0.000455823
2.75502e-09	0.000455573
2.75509e-09	0.000455323
2.75516e-09	0.000455071
2.75523e-09	0.000454819
2.7553e-09	0.000454566
2.75537e-09	0.000454313
2.75544e-09	0.000454058
2.75552e-09	0.000453803
2.75559e-09	0.000453548
2.75566e-09	0.000453291
2.75573e-09	0.000453034
2.7558e-09	0.000452776
2.75587e-09	0.000452518
2.75594e-09	0.000452258
2.75601e-09	0.000451998
2.75608e-09	0.000451738
2.75615e-09	0.000451476
2.75622e-09	0.000451214
2.7563e-09	0.000450951
2.75637e-09	0.000450688
2.75644e-09	0.000450424
2.75651e-09	0.000450159
2.75658e-09	0.000449893
2.75665e-09	0.000449627
2.75672e-09	0.00044936
2.75679e-09	0.000449092
2.75686e-09	0.000448824
2.75693e-09	0.000448555
2.757e-09	0.000448285
2.75708e-09	0.000448015
2.75715e-09	0.000447744
2.75722e-09	0.000447472
2.75729e-09	0.0004472
2.75736e-09	0.000446927
2.75743e-09	0.000446653
2.7575e-09	0.000446378
2.75757e-09	0.000446103
2.75764e-09	0.000445828
2.75771e-09	0.000445551
2.75778e-09	0.000445274
2.75786e-09	0.000444996
2.75793e-09	0.000444718
2.758e-09	0.000444439
2.75807e-09	0.000444159
2.75814e-09	0.000443879
2.75821e-09	0.000443598
2.75828e-09	0.000443316
2.75835e-09	0.000443034
2.75842e-09	0.000442751
2.75849e-09	0.000442467
2.75856e-09	0.000442183
2.75864e-09	0.000441898
2.75871e-09	0.000441612
2.75878e-09	0.000441326
2.75885e-09	0.000441039
2.75892e-09	0.000440752
2.75899e-09	0.000440464
2.75906e-09	0.000440175
2.75913e-09	0.000439886
2.7592e-09	0.000439596
2.75927e-09	0.000439305
2.75935e-09	0.000439014
2.75942e-09	0.000438722
2.75949e-09	0.00043843
2.75956e-09	0.000438137
2.75963e-09	0.000437843
2.7597e-09	0.000437549
2.75977e-09	0.000437254
2.75984e-09	0.000436958
2.75991e-09	0.000436662
2.75998e-09	0.000436365
2.76005e-09	0.000436068
2.76013e-09	0.00043577
2.7602e-09	0.000435471
2.76027e-09	0.000435172
2.76034e-09	0.000434872
2.76041e-09	0.000434572
2.76048e-09	0.000434271
2.76055e-09	0.000433969
2.76062e-09	0.000433667
2.76069e-09	0.000433365
2.76076e-09	0.000433061
2.76083e-09	0.000432757
2.76091e-09	0.000432453
2.76098e-09	0.000432148
2.76105e-09	0.000431842
2.76112e-09	0.000431536
2.76119e-09	0.000431229
2.76126e-09	0.000430922
2.76133e-09	0.000430614
2.7614e-09	0.000430305
2.76147e-09	0.000429996
2.76154e-09	0.000429686
2.76161e-09	0.000429376
2.76169e-09	0.000429065
2.76176e-09	0.000428754
2.76183e-09	0.000428442
2.7619e-09	0.000428129
2.76197e-09	0.000427816
2.76204e-09	0.000427503
2.76211e-09	0.000427188
2.76218e-09	0.000426874
2.76225e-09	0.000426558
2.76232e-09	0.000426242
2.7624e-09	0.000425926
2.76247e-09	0.000425609
2.76254e-09	0.000425292
2.76261e-09	0.000424974
2.76268e-09	0.000424655
2.76275e-09	0.000424336
2.76282e-09	0.000424016
2.76289e-09	0.000423696
2.76296e-09	0.000423375
2.76303e-09	0.000423054
2.7631e-09	0.000422732
2.76318e-09	0.00042241
2.76325e-09	0.000422087
2.76332e-09	0.000421764
2.76339e-09	0.00042144
2.76346e-09	0.000421115
2.76353e-09	0.00042079
2.7636e-09	0.000420465
2.76367e-09	0.000420139
2.76374e-09	0.000419812
2.76381e-09	0.000419485
2.76388e-09	0.000419158
2.76396e-09	0.00041883
2.76403e-09	0.000418501
2.7641e-09	0.000418172
2.76417e-09	0.000417842
2.76424e-09	0.000417512
2.76431e-09	0.000417182
2.76438e-09	0.000416851
2.76445e-09	0.000416519
2.76452e-09	0.000416187
2.76459e-09	0.000415854
2.76466e-09	0.000415521
2.76474e-09	0.000415188
2.76481e-09	0.000414854
2.76488e-09	0.000414519
2.76495e-09	0.000414184
2.76502e-09	0.000413849
2.76509e-09	0.000413512
2.76516e-09	0.000413176
2.76523e-09	0.000412839
2.7653e-09	0.000412502
2.76537e-09	0.000412164
2.76544e-09	0.000411825
2.76552e-09	0.000411486
2.76559e-09	0.000411147
2.76566e-09	0.000410807
2.76573e-09	0.000410467
2.7658e-09	0.000410126
2.76587e-09	0.000409785
2.76594e-09	0.000409443
2.76601e-09	0.000409101
2.76608e-09	0.000408758
2.76615e-09	0.000408415
2.76623e-09	0.000408071
2.7663e-09	0.000407727
2.76637e-09	0.000407383
2.76644e-09	0.000407038
2.76651e-09	0.000406692
2.76658e-09	0.000406347
2.76665e-09	0.000406
2.76672e-09	0.000405654
2.76679e-09	0.000405306
2.76686e-09	0.000404959
2.76693e-09	0.000404611
2.76701e-09	0.000404262
2.76708e-09	0.000403913
2.76715e-09	0.000403564
2.76722e-09	0.000403214
2.76729e-09	0.000402864
2.76736e-09	0.000402513
2.76743e-09	0.000402162
2.7675e-09	0.00040181
2.76757e-09	0.000401458
2.76764e-09	0.000401106
2.76771e-09	0.000400753
2.76779e-09	0.0004004
2.76786e-09	0.000400046
2.76793e-09	0.000399692
2.768e-09	0.000399337
2.76807e-09	0.000398982
2.76814e-09	0.000398627
2.76821e-09	0.000398271
2.76828e-09	0.000397915
2.76835e-09	0.000397558
2.76842e-09	0.000397201
2.76849e-09	0.000396844
2.76857e-09	0.000396486
2.76864e-09	0.000396128
2.76871e-09	0.000395769
2.76878e-09	0.00039541
2.76885e-09	0.000395051
2.76892e-09	0.000394691
2.76899e-09	0.000394331
2.76906e-09	0.00039397
2.76913e-09	0.000393609
2.7692e-09	0.000393248
2.76928e-09	0.000392886
2.76935e-09	0.000392524
2.76942e-09	0.000392161
2.76949e-09	0.000391798
2.76956e-09	0.000391435
2.76963e-09	0.000391071
2.7697e-09	0.000390707
2.76977e-09	0.000390342
2.76984e-09	0.000389978
2.76991e-09	0.000389612
2.76998e-09	0.000389247
2.77006e-09	0.000388881
2.77013e-09	0.000388514
2.7702e-09	0.000388147
2.77027e-09	0.00038778
2.77034e-09	0.000387413
2.77041e-09	0.000387045
2.77048e-09	0.000386677
2.77055e-09	0.000386308
2.77062e-09	0.000385939
2.77069e-09	0.00038557
2.77076e-09	0.0003852
2.77084e-09	0.00038483
2.77091e-09	0.00038446
2.77098e-09	0.000384089
2.77105e-09	0.000383718
2.77112e-09	0.000383347
2.77119e-09	0.000382975
2.77126e-09	0.000382603
2.77133e-09	0.00038223
2.7714e-09	0.000381858
2.77147e-09	0.000381484
2.77154e-09	0.000381111
2.77162e-09	0.000380737
2.77169e-09	0.000380363
2.77176e-09	0.000379988
2.77183e-09	0.000379614
2.7719e-09	0.000379238
2.77197e-09	0.000378863
2.77204e-09	0.000378487
2.77211e-09	0.000378111
2.77218e-09	0.000377734
2.77225e-09	0.000377357
2.77232e-09	0.00037698
2.7724e-09	0.000376603
2.77247e-09	0.000376225
2.77254e-09	0.000375847
2.77261e-09	0.000375468
2.77268e-09	0.00037509
2.77275e-09	0.000374711
2.77282e-09	0.000374331
2.77289e-09	0.000373952
2.77296e-09	0.000373572
2.77303e-09	0.000373191
2.77311e-09	0.000372811
2.77318e-09	0.00037243
2.77325e-09	0.000372048
2.77332e-09	0.000371667
2.77339e-09	0.000371285
2.77346e-09	0.000370903
2.77353e-09	0.00037052
2.7736e-09	0.000370138
2.77367e-09	0.000369755
2.77374e-09	0.000369371
2.77381e-09	0.000368988
2.77389e-09	0.000368604
2.77396e-09	0.00036822
2.77403e-09	0.000367835
2.7741e-09	0.00036745
2.77417e-09	0.000367065
2.77424e-09	0.00036668
2.77431e-09	0.000366294
2.77438e-09	0.000365908
2.77445e-09	0.000365522
2.77452e-09	0.000365136
2.77459e-09	0.000364749
2.77467e-09	0.000364362
2.77474e-09	0.000363974
2.77481e-09	0.000363587
2.77488e-09	0.000363199
2.77495e-09	0.000362811
2.77502e-09	0.000362422
2.77509e-09	0.000362034
2.77516e-09	0.000361645
2.77523e-09	0.000361256
2.7753e-09	0.000360866
2.77537e-09	0.000360476
2.77545e-09	0.000360086
2.77552e-09	0.000359696
2.77559e-09	0.000359306
2.77566e-09	0.000358915
2.77573e-09	0.000358524
2.7758e-09	0.000358133
2.77587e-09	0.000357741
2.77594e-09	0.000357349
2.77601e-09	0.000356957
2.77608e-09	0.000356565
2.77616e-09	0.000356173
2.77623e-09	0.00035578
2.7763e-09	0.000355387
2.77637e-09	0.000354994
2.77644e-09	0.0003546
2.77651e-09	0.000354206
2.77658e-09	0.000353812
2.77665e-09	0.000353418
2.77672e-09	0.000353024
2.77679e-09	0.000352629
2.77686e-09	0.000352234
2.77694e-09	0.000351839
2.77701e-09	0.000351444
2.77708e-09	0.000351048
2.77715e-09	0.000350652
2.77722e-09	0.000350256
2.77729e-09	0.00034986
2.77736e-09	0.000349464
2.77743e-09	0.000349067
2.7775e-09	0.00034867
2.77757e-09	0.000348273
2.77764e-09	0.000347875
2.77772e-09	0.000347478
2.77779e-09	0.00034708
2.77786e-09	0.000346682
2.77793e-09	0.000346284
2.778e-09	0.000345885
2.77807e-09	0.000345487
2.77814e-09	0.000345088
2.77821e-09	0.000344689
2.77828e-09	0.00034429
2.77835e-09	0.00034389
2.77842e-09	0.000343491
2.7785e-09	0.000343091
2.77857e-09	0.000342691
2.77864e-09	0.00034229
2.77871e-09	0.00034189
2.77878e-09	0.000341489
2.77885e-09	0.000341089
2.77892e-09	0.000340688
2.77899e-09	0.000340286
2.77906e-09	0.000339885
2.77913e-09	0.000339483
2.7792e-09	0.000339082
2.77928e-09	0.00033868
2.77935e-09	0.000338277
2.77942e-09	0.000337875
2.77949e-09	0.000337473
2.77956e-09	0.00033707
2.77963e-09	0.000336667
2.7797e-09	0.000336264
2.77977e-09	0.000335861
2.77984e-09	0.000335457
2.77991e-09	0.000335054
2.77999e-09	0.00033465
2.78006e-09	0.000334246
2.78013e-09	0.000333842
2.7802e-09	0.000333438
2.78027e-09	0.000333033
2.78034e-09	0.000332629
2.78041e-09	0.000332224
2.78048e-09	0.000331819
2.78055e-09	0.000331414
2.78062e-09	0.000331009
2.78069e-09	0.000330603
2.78077e-09	0.000330198
2.78084e-09	0.000329792
2.78091e-09	0.000329386
2.78098e-09	0.00032898
2.78105e-09	0.000328574
2.78112e-09	0.000328168
2.78119e-09	0.000327761
2.78126e-09	0.000327354
2.78133e-09	0.000326948
2.7814e-09	0.000326541
2.78147e-09	0.000326134
2.78155e-09	0.000325726
2.78162e-09	0.000325319
2.78169e-09	0.000324912
2.78176e-09	0.000324504
2.78183e-09	0.000324096
2.7819e-09	0.000323688
2.78197e-09	0.00032328
2.78204e-09	0.000322872
2.78211e-09	0.000322464
2.78218e-09	0.000322055
2.78225e-09	0.000321647
2.78233e-09	0.000321238
2.7824e-09	0.000320829
2.78247e-09	0.00032042
2.78254e-09	0.000320011
2.78261e-09	0.000319602
2.78268e-09	0.000319193
2.78275e-09	0.000318783
2.78282e-09	0.000318374
2.78289e-09	0.000317964
2.78296e-09	0.000317554
2.78304e-09	0.000317144
2.78311e-09	0.000316734
2.78318e-09	0.000316324
2.78325e-09	0.000315914
2.78332e-09	0.000315503
2.78339e-09	0.000315093
2.78346e-09	0.000314682
2.78353e-09	0.000314271
2.7836e-09	0.000313861
2.78367e-09	0.00031345
2.78374e-09	0.000313039
2.78382e-09	0.000312627
2.78389e-09	0.000312216
2.78396e-09	0.000311805
2.78403e-09	0.000311393
2.7841e-09	0.000310982
2.78417e-09	0.00031057
2.78424e-09	0.000310159
2.78431e-09	0.000309747
2.78438e-09	0.000309335
2.78445e-09	0.000308923
2.78452e-09	0.000308511
2.7846e-09	0.000308098
2.78467e-09	0.000307686
2.78474e-09	0.000307274
2.78481e-09	0.000306861
2.78488e-09	0.000306449
2.78495e-09	0.000306036
2.78502e-09	0.000305624
2.78509e-09	0.000305211
2.78516e-09	0.000304798
2.78523e-09	0.000304385
2.7853e-09	0.000303972
2.78538e-09	0.000303559
2.78545e-09	0.000303146
2.78552e-09	0.000302732
2.78559e-09	0.000302319
2.78566e-09	0.000301906
2.78573e-09	0.000301492
2.7858e-09	0.000301079
2.78587e-09	0.000300665
2.78594e-09	0.000300251
2.78601e-09	0.000299838
2.78608e-09	0.000299424
2.78616e-09	0.00029901
2.78623e-09	0.000298596
2.7863e-09	0.000298182
2.78637e-09	0.000297768
2.78644e-09	0.000297354
2.78651e-09	0.00029694
2.78658e-09	0.000296525
2.78665e-09	0.000296111
2.78672e-09	0.000295697
2.78679e-09	0.000295282
2.78687e-09	0.000294868
2.78694e-09	0.000294453
2.78701e-09	0.000294039
2.78708e-09	0.000293624
2.78715e-09	0.00029321
2.78722e-09	0.000292795
2.78729e-09	0.00029238
2.78736e-09	0.000291965
2.78743e-09	0.000291551
2.7875e-09	0.000291136
2.78757e-09	0.000290721
2.78765e-09	0.000290306
2.78772e-09	0.000289891
2.78779e-09	0.000289476
2.78786e-09	0.000289061
2.78793e-09	0.000288646
2.788e-09	0.000288231
2.78807e-09	0.000287816
2.78814e-09	0.0002874
2.78821e-09	0.000286985
2.78828e-09	0.00028657
2.78835e-09	0.000286155
2.78843e-09	0.000285739
2.7885e-09	0.000285324
2.78857e-09	0.000284909
2.78864e-09	0.000284493
2.78871e-09	0.000284078
2.78878e-09	0.000283663
2.78885e-09	0.000283247
2.78892e-09	0.000282832
2.78899e-09	0.000282416
2.78906e-09	0.000282001
2.78913e-09	0.000281585
2.78921e-09	0.00028117
2.78928e-09	0.000280754
2.78935e-09	0.000280339
2.78942e-09	0.000279923
2.78949e-09	0.000279507
2.78956e-09	0.000279092
2.78963e-09	0.000278676
2.7897e-09	0.000278261
2.78977e-09	0.000277845
2.78984e-09	0.000277429
2.78992e-09	0.000277014
2.78999e-09	0.000276598
2.79006e-09	0.000276183
2.79013e-09	0.000275767
2.7902e-09	0.000275351
2.79027e-09	0.000274936
2.79034e-09	0.00027452
2.79041e-09	0.000274105
2.79048e-09	0.000273689
2.79055e-09	0.000273273
2.79062e-09	0.000272858
2.7907e-09	0.000272442
2.79077e-09	0.000272027
2.79084e-09	0.000271611
2.79091e-09	0.000271195
2.79098e-09	0.00027078
2.79105e-09	0.000270364
2.79112e-09	0.000269949
2.79119e-09	0.000269533
2.79126e-09	0.000269118
2.79133e-09	0.000268702
2.7914e-09	0.000268287
2.79148e-09	0.000267872
2.79155e-09	0.000267456
2.79162e-09	0.000267041
2.79169e-09	0.000266625
2.79176e-09	0.00026621
2.79183e-09	0.000265795
2.7919e-09	0.000265379
2.79197e-09	0.000264964
2.79204e-09	0.000264549
2.79211e-09	0.000264134
2.79218e-09	0.000263719
2.79226e-09	0.000263303
2.79233e-09	0.000262888
2.7924e-09	0.000262473
2.79247e-09	0.000262058
2.79254e-09	0.000261643
2.79261e-09	0.000261228
2.79268e-09	0.000260813
2.79275e-09	0.000260398
2.79282e-09	0.000259983
2.79289e-09	0.000259569
2.79296e-09	0.000259154
2.79304e-09	0.000258739
2.79311e-09	0.000258324
2.79318e-09	0.00025791
2.79325e-09	0.000257495
2.79332e-09	0.000257081
2.79339e-09	0.000256666
2.79346e-09	0.000256252
2.79353e-09	0.000255837
2.7936e-09	0.000255423
2.79367e-09	0.000255009
2.79375e-09	0.000254594
2.79382e-09	0.00025418
2.79389e-09	0.000253766
2.79396e-09	0.000253352
2.79403e-09	0.000252938
2.7941e-09	0.000252524
2.79417e-09	0.00025211
2.79424e-09	0.000251696
2.79431e-09	0.000251282
2.79438e-09	0.000250868
2.79445e-09	0.000250455
2.79453e-09	0.000250041
2.7946e-09	0.000249627
2.79467e-09	0.000249214
2.79474e-09	0.0002488
2.79481e-09	0.000248387
2.79488e-09	0.000247974
2.79495e-09	0.000247561
2.79502e-09	0.000247147
2.79509e-09	0.000246734
2.79516e-09	0.000246321
2.79523e-09	0.000245908
2.79531e-09	0.000245495
2.79538e-09	0.000245083
2.79545e-09	0.00024467
2.79552e-09	0.000244257
2.79559e-09	0.000243845
2.79566e-09	0.000243432
2.79573e-09	0.00024302
2.7958e-09	0.000242607
2.79587e-09	0.000242195
2.79594e-09	0.000241783
2.79601e-09	0.000241371
2.79609e-09	0.000240959
2.79616e-09	0.000240547
2.79623e-09	0.000240135
2.7963e-09	0.000239723
2.79637e-09	0.000239312
2.79644e-09	0.0002389
2.79651e-09	0.000238489
2.79658e-09	0.000238077
2.79665e-09	0.000237666
2.79672e-09	0.000237255
2.7968e-09	0.000236843
2.79687e-09	0.000236432
2.79694e-09	0.000236021
2.79701e-09	0.000235611
2.79708e-09	0.0002352
2.79715e-09	0.000234789
2.79722e-09	0.000234379
2.79729e-09	0.000233968
2.79736e-09	0.000233558
2.79743e-09	0.000233148
2.7975e-09	0.000232737
2.79758e-09	0.000232327
2.79765e-09	0.000231917
2.79772e-09	0.000231508
2.79779e-09	0.000231098
2.79786e-09	0.000230688
2.79793e-09	0.000230279
2.798e-09	0.000229869
2.79807e-09	0.00022946
2.79814e-09	0.000229051
2.79821e-09	0.000228642
2.79828e-09	0.000228233
2.79836e-09	0.000227824
2.79843e-09	0.000227415
2.7985e-09	0.000227006
2.79857e-09	0.000226598
2.79864e-09	0.000226189
2.79871e-09	0.000225781
2.79878e-09	0.000225373
2.79885e-09	0.000224965
2.79892e-09	0.000224557
2.79899e-09	0.000224149
2.79906e-09	0.000223742
2.79914e-09	0.000223334
2.79921e-09	0.000222926
2.79928e-09	0.000222519
2.79935e-09	0.000222112
2.79942e-09	0.000221705
2.79949e-09	0.000221298
2.79956e-09	0.000220891
2.79963e-09	0.000220484
2.7997e-09	0.000220078
2.79977e-09	0.000219671
2.79985e-09	0.000219265
2.79992e-09	0.000218859
2.79999e-09	0.000218453
2.80006e-09	0.000218047
2.80013e-09	0.000217641
2.8002e-09	0.000217235
2.80027e-09	0.00021683
2.80034e-09	0.000216425
2.80041e-09	0.000216019
2.80048e-09	0.000215614
2.80055e-09	0.000215209
2.80063e-09	0.000214804
2.8007e-09	0.0002144
2.80077e-09	0.000213995
2.80084e-09	0.000213591
2.80091e-09	0.000213187
2.80098e-09	0.000212782
2.80105e-09	0.000212378
2.80112e-09	0.000211975
2.80119e-09	0.000211571
2.80126e-09	0.000211167
2.80133e-09	0.000210764
2.80141e-09	0.000210361
2.80148e-09	0.000209958
2.80155e-09	0.000209555
2.80162e-09	0.000209152
2.80169e-09	0.000208749
2.80176e-09	0.000208347
2.80183e-09	0.000207945
2.8019e-09	0.000207542
2.80197e-09	0.00020714
2.80204e-09	0.000206738
2.80211e-09	0.000206337
2.80219e-09	0.000205935
2.80226e-09	0.000205534
2.80233e-09	0.000205133
2.8024e-09	0.000204731
2.80247e-09	0.000204331
2.80254e-09	0.00020393
2.80261e-09	0.000203529
2.80268e-09	0.000203129
2.80275e-09	0.000202728
2.80282e-09	0.000202328
2.80289e-09	0.000201928
2.80297e-09	0.000201529
2.80304e-09	0.000201129
2.80311e-09	0.00020073
2.80318e-09	0.00020033
2.80325e-09	0.000199931
2.80332e-09	0.000199532
2.80339e-09	0.000199133
2.80346e-09	0.000198735
2.80353e-09	0.000198336
2.8036e-09	0.000197938
2.80368e-09	0.00019754
2.80375e-09	0.000197142
2.80382e-09	0.000196744
2.80389e-09	0.000196347
2.80396e-09	0.000195949
2.80403e-09	0.000195552
2.8041e-09	0.000195155
2.80417e-09	0.000194758
2.80424e-09	0.000194362
2.80431e-09	0.000193965
2.80438e-09	0.000193569
2.80446e-09	0.000193173
2.80453e-09	0.000192777
2.8046e-09	0.000192381
2.80467e-09	0.000191985
2.80474e-09	0.00019159
2.80481e-09	0.000191195
2.80488e-09	0.0001908
2.80495e-09	0.000190405
2.80502e-09	0.00019001
2.80509e-09	0.000189616
2.80516e-09	0.000189221
2.80524e-09	0.000188827
2.80531e-09	0.000188433
2.80538e-09	0.00018804
2.80545e-09	0.000187646
2.80552e-09	0.000187253
2.80559e-09	0.00018686
2.80566e-09	0.000186467
2.80573e-09	0.000186074
2.8058e-09	0.000185681
2.80587e-09	0.000185289
2.80594e-09	0.000184897
2.80602e-09	0.000184505
2.80609e-09	0.000184113
2.80616e-09	0.000183721
2.80623e-09	0.00018333
2.8063e-09	0.000182939
2.80637e-09	0.000182548
2.80644e-09	0.000182157
2.80651e-09	0.000181767
2.80658e-09	0.000181376
2.80665e-09	0.000180986
2.80673e-09	0.000180596
2.8068e-09	0.000180206
2.80687e-09	0.000179817
2.80694e-09	0.000179427
2.80701e-09	0.000179038
2.80708e-09	0.000178649
2.80715e-09	0.00017826
2.80722e-09	0.000177872
2.80729e-09	0.000177484
2.80736e-09	0.000177096
2.80743e-09	0.000176708
2.80751e-09	0.00017632
2.80758e-09	0.000175932
2.80765e-09	0.000175545
2.80772e-09	0.000175158
2.80779e-09	0.000174771
2.80786e-09	0.000174385
2.80793e-09	0.000173998
2.808e-09	0.000173612
2.80807e-09	0.000173226
2.80814e-09	0.00017284
2.80821e-09	0.000172455
2.80829e-09	0.000172069
2.80836e-09	0.000171684
2.80843e-09	0.000171299
2.8085e-09	0.000170915
2.80857e-09	0.00017053
2.80864e-09	0.000170146
2.80871e-09	0.000169762
2.80878e-09	0.000169378
2.80885e-09	0.000168995
2.80892e-09	0.000168611
2.80899e-09	0.000168228
2.80907e-09	0.000167845
2.80914e-09	0.000167463
2.80921e-09	0.00016708
2.80928e-09	0.000166698
2.80935e-09	0.000166316
2.80942e-09	0.000165934
2.80949e-09	0.000165553
2.80956e-09	0.000165171
2.80963e-09	0.00016479
2.8097e-09	0.000164409
2.80977e-09	0.000164029
2.80985e-09	0.000163648
2.80992e-09	0.000163268
2.80999e-09	0.000162888
2.81006e-09	0.000162509
2.81013e-09	0.000162129
2.8102e-09	0.00016175
2.81027e-09	0.000161371
2.81034e-09	0.000160992
2.81041e-09	0.000160614
2.81048e-09	0.000160235
2.81056e-09	0.000159857
2.81063e-09	0.00015948
2.8107e-09	0.000159102
2.81077e-09	0.000158725
2.81084e-09	0.000158348
2.81091e-09	0.000157971
2.81098e-09	0.000157594
2.81105e-09	0.000157218
2.81112e-09	0.000156842
2.81119e-09	0.000156466
2.81126e-09	0.00015609
2.81134e-09	0.000155715
2.81141e-09	0.00015534
2.81148e-09	0.000154965
2.81155e-09	0.00015459
2.81162e-09	0.000154216
2.81169e-09	0.000153841
2.81176e-09	0.000153467
2.81183e-09	0.000153094
2.8119e-09	0.00015272
2.81197e-09	0.000152347
2.81204e-09	0.000151974
2.81212e-09	0.000151602
2.81219e-09	0.000151229
2.81226e-09	0.000150857
2.81233e-09	0.000150485
2.8124e-09	0.000150113
2.81247e-09	0.000149742
2.81254e-09	0.000149371
2.81261e-09	0.000149
2.81268e-09	0.000148629
2.81275e-09	0.000148259
2.81282e-09	0.000147889
2.8129e-09	0.000147519
2.81297e-09	0.000147149
2.81304e-09	0.00014678
2.81311e-09	0.000146411
2.81318e-09	0.000146042
2.81325e-09	0.000145673
2.81332e-09	0.000145305
2.81339e-09	0.000144937
2.81346e-09	0.000144569
2.81353e-09	0.000144201
2.81361e-09	0.000143834
2.81368e-09	0.000143467
2.81375e-09	0.0001431
2.81382e-09	0.000142734
2.81389e-09	0.000142367
2.81396e-09	0.000142001
2.81403e-09	0.000141636
2.8141e-09	0.00014127
2.81417e-09	0.000140905
2.81424e-09	0.00014054
2.81431e-09	0.000140175
2.81439e-09	0.000139811
2.81446e-09	0.000139447
2.81453e-09	0.000139083
2.8146e-09	0.000138719
2.81467e-09	0.000138356
2.81474e-09	0.000137993
2.81481e-09	0.00013763
2.81488e-09	0.000137268
2.81495e-09	0.000136905
2.81502e-09	0.000136543
2.81509e-09	0.000136182
2.81517e-09	0.00013582
2.81524e-09	0.000135459
2.81531e-09	0.000135098
2.81538e-09	0.000134738
2.81545e-09	0.000134377
2.81552e-09	0.000134017
2.81559e-09	0.000133657
2.81566e-09	0.000133298
2.81573e-09	0.000132939
2.8158e-09	0.00013258
2.81587e-09	0.000132221
2.81595e-09	0.000131862
2.81602e-09	0.000131504
2.81609e-09	0.000131146
2.81616e-09	0.000130789
2.81623e-09	0.000130432
2.8163e-09	0.000130075
2.81637e-09	0.000129718
2.81644e-09	0.000129361
2.81651e-09	0.000129005
2.81658e-09	0.000128649
2.81665e-09	0.000128294
2.81673e-09	0.000127938
2.8168e-09	0.000127583
2.81687e-09	0.000127229
2.81694e-09	0.000126874
2.81701e-09	0.00012652
2.81708e-09	0.000126166
2.81715e-09	0.000125812
2.81722e-09	0.000125459
2.81729e-09	0.000125106
2.81736e-09	0.000124753
2.81744e-09	0.000124401
2.81751e-09	0.000124048
2.81758e-09	0.000123696
2.81765e-09	0.000123345
2.81772e-09	0.000122993
2.81779e-09	0.000122642
2.81786e-09	0.000122292
2.81793e-09	0.000121941
2.818e-09	0.000121591
2.81807e-09	0.000121241
2.81814e-09	0.000120892
2.81822e-09	0.000120542
2.81829e-09	0.000120193
2.81836e-09	0.000119844
2.81843e-09	0.000119496
2.8185e-09	0.000119148
2.81857e-09	0.0001188
2.81864e-09	0.000118452
2.81871e-09	0.000118105
2.81878e-09	0.000117758
2.81885e-09	0.000117412
2.81892e-09	0.000117065
2.819e-09	0.000116719
2.81907e-09	0.000116373
2.81914e-09	0.000116028
2.81921e-09	0.000115683
2.81928e-09	0.000115338
2.81935e-09	0.000114993
2.81942e-09	0.000114649
2.81949e-09	0.000114305
2.81956e-09	0.000113961
2.81963e-09	0.000113618
2.8197e-09	0.000113275
2.81978e-09	0.000112932
2.81985e-09	0.000112589
2.81992e-09	0.000112247
2.81999e-09	0.000111905
2.82006e-09	0.000111564
2.82013e-09	0.000111222
2.8202e-09	0.000110881
2.82027e-09	0.000110541
2.82034e-09	0.0001102
2.82041e-09	0.00010986
2.82049e-09	0.000109521
2.82056e-09	0.000109181
2.82063e-09	0.000108842
2.8207e-09	0.000108503
2.82077e-09	0.000108165
2.82084e-09	0.000107826
2.82091e-09	0.000107488
2.82098e-09	0.000107151
2.82105e-09	0.000106813
2.82112e-09	0.000106476
2.82119e-09	0.00010614
2.82127e-09	0.000105803
2.82134e-09	0.000105467
2.82141e-09	0.000105131
2.82148e-09	0.000104796
2.82155e-09	0.000104461
2.82162e-09	0.000104126
2.82169e-09	0.000103791
2.82176e-09	0.000103457
2.82183e-09	0.000103123
2.8219e-09	0.000102789
2.82197e-09	0.000102456
2.82205e-09	0.000102123
2.82212e-09	0.000101791
2.82219e-09	0.000101458
2.82226e-09	0.000101126
2.82233e-09	0.000100794
2.8224e-09	0.000100463
2.82247e-09	0.000100132
2.82254e-09	9.9801e-05
2.82261e-09	9.94705e-05
2.82268e-09	9.91403e-05
2.82275e-09	9.88105e-05
2.82283e-09	9.84809e-05
2.8229e-09	9.81517e-05
2.82297e-09	9.78228e-05
2.82304e-09	9.74942e-05
2.82311e-09	9.71659e-05
2.82318e-09	9.6838e-05
2.82325e-09	9.65103e-05
2.82332e-09	9.6183e-05
2.82339e-09	9.5856e-05
2.82346e-09	9.55293e-05
2.82353e-09	9.5203e-05
2.82361e-09	9.48769e-05
2.82368e-09	9.45512e-05
2.82375e-09	9.42258e-05
2.82382e-09	9.39007e-05
2.82389e-09	9.35759e-05
2.82396e-09	9.32515e-05
2.82403e-09	9.29273e-05
2.8241e-09	9.26035e-05
2.82417e-09	9.228e-05
2.82424e-09	9.19569e-05
2.82432e-09	9.1634e-05
2.82439e-09	9.13115e-05
2.82446e-09	9.09893e-05
2.82453e-09	9.06674e-05
2.8246e-09	9.03459e-05
2.82467e-09	9.00247e-05
2.82474e-09	8.97038e-05
2.82481e-09	8.93832e-05
2.82488e-09	8.90629e-05
2.82495e-09	8.8743e-05
2.82502e-09	8.84234e-05
2.8251e-09	8.81041e-05
2.82517e-09	8.77852e-05
2.82524e-09	8.74665e-05
2.82531e-09	8.71482e-05
2.82538e-09	8.68303e-05
2.82545e-09	8.65126e-05
2.82552e-09	8.61953e-05
2.82559e-09	8.58783e-05
2.82566e-09	8.55616e-05
2.82573e-09	8.52453e-05
2.8258e-09	8.49293e-05
2.82588e-09	8.46136e-05
2.82595e-09	8.42982e-05
2.82602e-09	8.39832e-05
2.82609e-09	8.36685e-05
2.82616e-09	8.33541e-05
2.82623e-09	8.30401e-05
2.8263e-09	8.27264e-05
2.82637e-09	8.2413e-05
2.82644e-09	8.21e-05
2.82651e-09	8.17873e-05
2.82658e-09	8.14749e-05
2.82666e-09	8.11628e-05
2.82673e-09	8.08511e-05
2.8268e-09	8.05397e-05
2.82687e-09	8.02287e-05
2.82694e-09	7.99179e-05
2.82701e-09	7.96075e-05
2.82708e-09	7.92975e-05
2.82715e-09	7.89877e-05
2.82722e-09	7.86783e-05
2.82729e-09	7.83693e-05
2.82737e-09	7.80605e-05
2.82744e-09	7.77522e-05
2.82751e-09	7.74441e-05
2.82758e-09	7.71364e-05
2.82765e-09	7.6829e-05
2.82772e-09	7.65219e-05
2.82779e-09	7.62152e-05
2.82786e-09	7.59088e-05
2.82793e-09	7.56028e-05
2.828e-09	7.5297e-05
2.82807e-09	7.49917e-05
2.82815e-09	7.46866e-05
2.82822e-09	7.43819e-05
2.82829e-09	7.40775e-05
2.82836e-09	7.37735e-05
2.82843e-09	7.34698e-05
2.8285e-09	7.31665e-05
2.82857e-09	7.28634e-05
2.82864e-09	7.25607e-05
2.82871e-09	7.22584e-05
2.82878e-09	7.19564e-05
2.82885e-09	7.16547e-05
2.82893e-09	7.13534e-05
2.829e-09	7.10524e-05
2.82907e-09	7.07518e-05
2.82914e-09	7.04514e-05
2.82921e-09	7.01515e-05
2.82928e-09	6.98518e-05
2.82935e-09	6.95525e-05
2.82942e-09	6.92536e-05
2.82949e-09	6.8955e-05
2.82956e-09	6.86567e-05
2.82963e-09	6.83588e-05
2.82971e-09	6.80612e-05
2.82978e-09	6.77639e-05
2.82985e-09	6.7467e-05
2.82992e-09	6.71704e-05
2.82999e-09	6.68742e-05
2.83006e-09	6.65783e-05
2.83013e-09	6.62828e-05
2.8302e-09	6.59876e-05
2.83027e-09	6.56927e-05
2.83034e-09	6.53982e-05
2.83041e-09	6.5104e-05
2.83049e-09	6.48102e-05
2.83056e-09	6.45167e-05
2.83063e-09	6.42236e-05
2.8307e-09	6.39308e-05
2.83077e-09	6.36383e-05
2.83084e-09	6.33462e-05
2.83091e-09	6.30545e-05
2.83098e-09	6.2763e-05
2.83105e-09	6.2472e-05
2.83112e-09	6.21812e-05
2.8312e-09	6.18908e-05
2.83127e-09	6.16008e-05
2.83134e-09	6.13111e-05
2.83141e-09	6.10217e-05
2.83148e-09	6.07327e-05
2.83155e-09	6.04441e-05
2.83162e-09	6.01557e-05
2.83169e-09	5.98678e-05
2.83176e-09	5.95802e-05
2.83183e-09	5.92929e-05
2.8319e-09	5.90059e-05
2.83198e-09	5.87194e-05
2.83205e-09	5.84331e-05
2.83212e-09	5.81472e-05
2.83219e-09	5.78617e-05
2.83226e-09	5.75765e-05
2.83233e-09	5.72916e-05
2.8324e-09	5.70071e-05
2.83247e-09	5.6723e-05
2.83254e-09	5.64392e-05
2.83261e-09	5.61557e-05
2.83268e-09	5.58726e-05
2.83276e-09	5.55898e-05
2.83283e-09	5.53074e-05
2.8329e-09	5.50254e-05
2.83297e-09	5.47436e-05
2.83304e-09	5.44623e-05
2.83311e-09	5.41813e-05
2.83318e-09	5.39006e-05
2.83325e-09	5.36203e-05
2.83332e-09	5.33403e-05
2.83339e-09	5.30607e-05
2.83346e-09	5.27814e-05
2.83354e-09	5.25025e-05
2.83361e-09	5.22239e-05
2.83368e-09	5.19457e-05
2.83375e-09	5.16678e-05
2.83382e-09	5.13903e-05
2.83389e-09	5.11131e-05
2.83396e-09	5.08363e-05
2.83403e-09	5.05598e-05
2.8341e-09	5.02837e-05
2.83417e-09	5.0008e-05
2.83425e-09	4.97325e-05
2.83432e-09	4.94575e-05
2.83439e-09	4.91828e-05
2.83446e-09	4.89084e-05
2.83453e-09	4.86344e-05
2.8346e-09	4.83607e-05
2.83467e-09	4.80874e-05
2.83474e-09	4.78145e-05
2.83481e-09	4.75419e-05
2.83488e-09	4.72696e-05
2.83495e-09	4.69977e-05
2.83503e-09	4.67262e-05
2.8351e-09	4.6455e-05
2.83517e-09	4.61841e-05
2.83524e-09	4.59136e-05
2.83531e-09	4.56435e-05
2.83538e-09	4.53737e-05
2.83545e-09	4.51043e-05
2.83552e-09	4.48352e-05
2.83559e-09	4.45665e-05
2.83566e-09	4.42981e-05
2.83573e-09	4.40301e-05
2.83581e-09	4.37625e-05
2.83588e-09	4.34952e-05
2.83595e-09	4.32282e-05
2.83602e-09	4.29616e-05
2.83609e-09	4.26953e-05
2.83616e-09	4.24295e-05
2.83623e-09	4.21639e-05
2.8363e-09	4.18987e-05
2.83637e-09	4.16339e-05
2.83644e-09	4.13694e-05
2.83651e-09	4.11053e-05
2.83659e-09	4.08415e-05
2.83666e-09	4.05781e-05
2.83673e-09	4.03151e-05
2.8368e-09	4.00524e-05
2.83687e-09	3.979e-05
2.83694e-09	3.9528e-05
2.83701e-09	3.92664e-05
2.83708e-09	3.90051e-05
2.83715e-09	3.87442e-05
2.83722e-09	3.84836e-05
2.83729e-09	3.82234e-05
2.83737e-09	3.79635e-05
2.83744e-09	3.7704e-05
2.83751e-09	3.74449e-05
2.83758e-09	3.71861e-05
2.83765e-09	3.69276e-05
2.83772e-09	3.66695e-05
2.83779e-09	3.64118e-05
2.83786e-09	3.61545e-05
2.83793e-09	3.58974e-05
2.838e-09	3.56408e-05
2.83808e-09	3.53845e-05
2.83815e-09	3.51285e-05
2.83822e-09	3.48729e-05
2.83829e-09	3.46177e-05
2.83836e-09	3.43628e-05
2.83843e-09	3.41083e-05
2.8385e-09	3.38541e-05
2.83857e-09	3.36003e-05
2.83864e-09	3.33469e-05
2.83871e-09	3.30938e-05
2.83878e-09	3.2841e-05
2.83886e-09	3.25887e-05
2.83893e-09	3.23366e-05
2.839e-09	3.2085e-05
2.83907e-09	3.18336e-05
2.83914e-09	3.15827e-05
2.83921e-09	3.13321e-05
2.83928e-09	3.10819e-05
2.83935e-09	3.0832e-05
2.83942e-09	3.05824e-05
2.83949e-09	3.03333e-05
2.83956e-09	3.00845e-05
2.83964e-09	2.9836e-05
2.83971e-09	2.95879e-05
2.83978e-09	2.93402e-05
2.83985e-09	2.90928e-05
2.83992e-09	2.88458e-05
2.83999e-09	2.85991e-05
2.84006e-09	2.83528e-05
2.84013e-09	2.81068e-05
2.8402e-09	2.78612e-05
2.84027e-09	2.7616e-05
2.84034e-09	2.73711e-05
2.84042e-09	2.71266e-05
2.84049e-09	2.68824e-05
2.84056e-09	2.66386e-05
2.84063e-09	2.63952e-05
2.8407e-09	2.61521e-05
2.84077e-09	2.59093e-05
2.84084e-09	2.5667e-05
2.84091e-09	2.54249e-05
2.84098e-09	2.51833e-05
2.84105e-09	2.4942e-05
2.84113e-09	2.4701e-05
2.8412e-09	2.44605e-05
2.84127e-09	2.42202e-05
2.84134e-09	2.39804e-05
2.84141e-09	2.37408e-05
2.84148e-09	2.35017e-05
2.84155e-09	2.32629e-05
2.84162e-09	2.30244e-05
2.84169e-09	2.27864e-05
2.84176e-09	2.25486e-05
2.84183e-09	2.23113e-05
2.84191e-09	2.20743e-05
2.84198e-09	2.18376e-05
2.84205e-09	2.16013e-05
2.84212e-09	2.13654e-05
2.84219e-09	2.11298e-05
2.84226e-09	2.08946e-05
2.84233e-09	2.06597e-05
2.8424e-09	2.04252e-05
2.84247e-09	2.01911e-05
2.84254e-09	1.99573e-05
2.84261e-09	1.97239e-05
2.84269e-09	1.94908e-05
2.84276e-09	1.92581e-05
2.84283e-09	1.90257e-05
2.8429e-09	1.87938e-05
2.84297e-09	1.85621e-05
2.84304e-09	1.83308e-05
2.84311e-09	1.80999e-05
2.84318e-09	1.78693e-05
2.84325e-09	1.76391e-05
2.84332e-09	1.74093e-05
2.84339e-09	1.71798e-05
2.84347e-09	1.69507e-05
2.84354e-09	1.67219e-05
2.84361e-09	1.64935e-05
2.84368e-09	1.62654e-05
2.84375e-09	1.60377e-05
2.84382e-09	1.58104e-05
2.84389e-09	1.55834e-05
2.84396e-09	1.53568e-05
2.84403e-09	1.51305e-05
2.8441e-09	1.49046e-05
2.84417e-09	1.4679e-05
2.84425e-09	1.44539e-05
2.84432e-09	1.4229e-05
2.84439e-09	1.40045e-05
2.84446e-09	1.37804e-05
2.84453e-09	1.35567e-05
2.8446e-09	1.33332e-05
2.84467e-09	1.31102e-05
2.84474e-09	1.28875e-05
2.84481e-09	1.26652e-05
2.84488e-09	1.24432e-05
2.84496e-09	1.22216e-05
2.84503e-09	1.20003e-05
2.8451e-09	1.17794e-05
2.84517e-09	1.15589e-05
2.84524e-09	1.13387e-05
2.84531e-09	1.11188e-05
2.84538e-09	1.08994e-05
2.84545e-09	1.06803e-05
2.84552e-09	1.04615e-05
2.84559e-09	1.02431e-05
2.84566e-09	1.0025e-05
2.84574e-09	9.80735e-06
2.84581e-09	9.59002e-06
2.84588e-09	9.37305e-06
2.84595e-09	9.15643e-06
2.84602e-09	8.94017e-06
2.84609e-09	8.72426e-06
2.84616e-09	8.50872e-06
2.84623e-09	8.29353e-06
2.8463e-09	8.07869e-06
2.84637e-09	7.86422e-06
2.84644e-09	7.65009e-06
2.84652e-09	7.43633e-06
2.84659e-09	7.22292e-06
2.84666e-09	7.00987e-06
2.84673e-09	6.79718e-06
2.8468e-09	6.58484e-06
2.84687e-09	6.37286e-06
2.84694e-09	6.16123e-06
2.84701e-09	5.94996e-06
2.84708e-09	5.73905e-06
2.84715e-09	5.52849e-06
2.84722e-09	5.31829e-06
2.8473e-09	5.10844e-06
2.84737e-09	4.89895e-06
2.84744e-09	4.68982e-06
2.84751e-09	4.48104e-06
2.84758e-09	4.27262e-06
2.84765e-09	4.06455e-06
2.84772e-09	3.85684e-06
2.84779e-09	3.64949e-06
2.84786e-09	3.44249e-06
2.84793e-09	3.23584e-06
2.84801e-09	3.02955e-06
2.84808e-09	2.82362e-06
2.84815e-09	2.61804e-06
2.84822e-09	2.41281e-06
2.84829e-09	2.20794e-06
2.84836e-09	2.00343e-06
2.84843e-09	1.79927e-06
2.8485e-09	1.59547e-06
2.84857e-09	1.39202e-06
2.84864e-09	1.18892e-06
2.84871e-09	9.86179e-07
2.84879e-09	7.83793e-07
2.84886e-09	5.81761e-07
2.84893e-09	3.80083e-07
2.849e-09	1.7876e-07
2.84907e-09	-2.22093e-08
2.84914e-09	-2.22824e-07
2.84921e-09	-4.23086e-07
2.84928e-09	-6.22993e-07
2.84935e-09	-8.22547e-07
2.84942e-09	-1.02175e-06
2.84949e-09	-1.22059e-06
2.84957e-09	-1.41909e-06
2.84964e-09	-1.61722e-06
2.84971e-09	-1.81501e-06
2.84978e-09	-2.01244e-06
2.84985e-09	-2.20952e-06
2.84992e-09	-2.40625e-06
2.84999e-09	-2.60262e-06
2.85006e-09	-2.79864e-06
2.85013e-09	-2.99431e-06
2.8502e-09	-3.18962e-06
2.85027e-09	-3.38459e-06
2.85035e-09	-3.57919e-06
2.85042e-09	-3.77345e-06
2.85049e-09	-3.96736e-06
2.85056e-09	-4.16091e-06
2.85063e-09	-4.35411e-06
2.8507e-09	-4.54696e-06
2.85077e-09	-4.73945e-06
2.85084e-09	-4.9316e-06
2.85091e-09	-5.12339e-06
2.85098e-09	-5.31483e-06
2.85105e-09	-5.50592e-06
2.85113e-09	-5.69666e-06
2.8512e-09	-5.88705e-06
2.85127e-09	-6.07708e-06
2.85134e-09	-6.26677e-06
2.85141e-09	-6.4561e-06
2.85148e-09	-6.64508e-06
2.85155e-09	-6.83371e-06
2.85162e-09	-7.02199e-06
2.85169e-09	-7.20992e-06
2.85176e-09	-7.3975e-06
2.85184e-09	-7.58473e-06
2.85191e-09	-7.77161e-06
2.85198e-09	-7.95814e-06
2.85205e-09	-8.14432e-06
2.85212e-09	-8.33015e-06
2.85219e-09	-8.51563e-06
2.85226e-09	-8.70076e-06
2.85233e-09	-8.88554e-06
2.8524e-09	-9.06997e-06
2.85247e-09	-9.25405e-06
2.85254e-09	-9.43779e-06
2.85262e-09	-9.62117e-06
2.85269e-09	-9.8042e-06
2.85276e-09	-9.98689e-06
2.85283e-09	-1.01692e-05
2.8529e-09	-1.03512e-05
2.85297e-09	-1.05329e-05
2.85304e-09	-1.07141e-05
2.85311e-09	-1.08951e-05
2.85318e-09	-1.10757e-05
2.85325e-09	-1.12559e-05
2.85332e-09	-1.14358e-05
2.8534e-09	-1.16154e-05
2.85347e-09	-1.17946e-05
2.85354e-09	-1.19734e-05
2.85361e-09	-1.2152e-05
2.85368e-09	-1.23301e-05
2.85375e-09	-1.25079e-05
2.85382e-09	-1.26854e-05
2.85389e-09	-1.28625e-05
2.85396e-09	-1.30393e-05
2.85403e-09	-1.32157e-05
2.8541e-09	-1.33918e-05
2.85418e-09	-1.35675e-05
2.85425e-09	-1.37429e-05
2.85432e-09	-1.3918e-05
2.85439e-09	-1.40927e-05
2.85446e-09	-1.4267e-05
2.85453e-09	-1.4441e-05
2.8546e-09	-1.46147e-05
2.85467e-09	-1.4788e-05
2.85474e-09	-1.4961e-05
2.85481e-09	-1.51336e-05
2.85489e-09	-1.53059e-05
2.85496e-09	-1.54778e-05
2.85503e-09	-1.56494e-05
2.8551e-09	-1.58207e-05
2.85517e-09	-1.59916e-05
2.85524e-09	-1.61621e-05
2.85531e-09	-1.63323e-05
2.85538e-09	-1.65022e-05
2.85545e-09	-1.66717e-05
2.85552e-09	-1.68409e-05
2.85559e-09	-1.70098e-05
2.85567e-09	-1.71783e-05
2.85574e-09	-1.73464e-05
2.85581e-09	-1.75142e-05
2.85588e-09	-1.76817e-05
2.85595e-09	-1.78488e-05
2.85602e-09	-1.80156e-05
2.85609e-09	-1.8182e-05
2.85616e-09	-1.83481e-05
2.85623e-09	-1.85139e-05
2.8563e-09	-1.86793e-05
2.85637e-09	-1.88444e-05
2.85645e-09	-1.90091e-05
2.85652e-09	-1.91735e-05
2.85659e-09	-1.93375e-05
2.85666e-09	-1.95013e-05
2.85673e-09	-1.96646e-05
2.8568e-09	-1.98276e-05
2.85687e-09	-1.99903e-05
2.85694e-09	-2.01527e-05
2.85701e-09	-2.03147e-05
2.85708e-09	-2.04763e-05
2.85715e-09	-2.06377e-05
2.85723e-09	-2.07987e-05
2.8573e-09	-2.09593e-05
2.85737e-09	-2.11196e-05
2.85744e-09	-2.12796e-05
2.85751e-09	-2.14392e-05
2.85758e-09	-2.15985e-05
2.85765e-09	-2.17574e-05
2.85772e-09	-2.19161e-05
2.85779e-09	-2.20743e-05
2.85786e-09	-2.22323e-05
2.85793e-09	-2.23899e-05
2.85801e-09	-2.25471e-05
2.85808e-09	-2.2704e-05
2.85815e-09	-2.28606e-05
2.85822e-09	-2.30169e-05
2.85829e-09	-2.31728e-05
2.85836e-09	-2.33283e-05
2.85843e-09	-2.34836e-05
2.8585e-09	-2.36385e-05
2.85857e-09	-2.3793e-05
2.85864e-09	-2.39473e-05
2.85872e-09	-2.41012e-05
2.85879e-09	-2.42547e-05
2.85886e-09	-2.44079e-05
2.85893e-09	-2.45608e-05
2.859e-09	-2.47134e-05
2.85907e-09	-2.48656e-05
2.85914e-09	-2.50174e-05
2.85921e-09	-2.5169e-05
2.85928e-09	-2.53202e-05
2.85935e-09	-2.54711e-05
2.85942e-09	-2.56216e-05
2.8595e-09	-2.57718e-05
2.85957e-09	-2.59217e-05
2.85964e-09	-2.60712e-05
2.85971e-09	-2.62204e-05
2.85978e-09	-2.63693e-05
2.85985e-09	-2.65178e-05
2.85992e-09	-2.6666e-05
2.85999e-09	-2.68139e-05
2.86006e-09	-2.69614e-05
2.86013e-09	-2.71086e-05
2.8602e-09	-2.72555e-05
2.86028e-09	-2.7402e-05
2.86035e-09	-2.75482e-05
2.86042e-09	-2.76941e-05
2.86049e-09	-2.78397e-05
2.86056e-09	-2.79849e-05
2.86063e-09	-2.81298e-05
2.8607e-09	-2.82743e-05
2.86077e-09	-2.84185e-05
2.86084e-09	-2.85624e-05
2.86091e-09	-2.8706e-05
2.86098e-09	-2.88492e-05
2.86106e-09	-2.89921e-05
2.86113e-09	-2.91347e-05
2.8612e-09	-2.92769e-05
2.86127e-09	-2.94188e-05
2.86134e-09	-2.95604e-05
2.86141e-09	-2.97017e-05
2.86148e-09	-2.98426e-05
2.86155e-09	-2.99832e-05
2.86162e-09	-3.01234e-05
2.86169e-09	-3.02634e-05
2.86177e-09	-3.0403e-05
2.86184e-09	-3.05423e-05
2.86191e-09	-3.06812e-05
2.86198e-09	-3.08199e-05
2.86205e-09	-3.09581e-05
2.86212e-09	-3.10961e-05
2.86219e-09	-3.12338e-05
2.86226e-09	-3.13711e-05
2.86233e-09	-3.15081e-05
2.8624e-09	-3.16447e-05
2.86247e-09	-3.17811e-05
2.86255e-09	-3.19171e-05
2.86262e-09	-3.20528e-05
2.86269e-09	-3.21882e-05
2.86276e-09	-3.23232e-05
2.86283e-09	-3.24579e-05
2.8629e-09	-3.25923e-05
2.86297e-09	-3.27264e-05
2.86304e-09	-3.28601e-05
2.86311e-09	-3.29935e-05
2.86318e-09	-3.31266e-05
2.86325e-09	-3.32594e-05
2.86333e-09	-3.33918e-05
2.8634e-09	-3.3524e-05
2.86347e-09	-3.36558e-05
2.86354e-09	-3.37872e-05
2.86361e-09	-3.39184e-05
2.86368e-09	-3.40492e-05
2.86375e-09	-3.41797e-05
2.86382e-09	-3.43099e-05
2.86389e-09	-3.44398e-05
2.86396e-09	-3.45693e-05
2.86403e-09	-3.46986e-05
2.86411e-09	-3.48275e-05
2.86418e-09	-3.4956e-05
2.86425e-09	-3.50843e-05
2.86432e-09	-3.52122e-05
2.86439e-09	-3.53399e-05
2.86446e-09	-3.54672e-05
2.86453e-09	-3.55941e-05
2.8646e-09	-3.57208e-05
2.86467e-09	-3.58472e-05
2.86474e-09	-3.59732e-05
2.86482e-09	-3.60989e-05
