0	-3.60528e-05
7.07288e-14	-3.59273e-05
1.41458e-13	-3.58015e-05
2.12187e-13	-3.56754e-05
2.82915e-13	-3.5549e-05
3.53644e-13	-3.54223e-05
4.24373e-13	-3.52952e-05
4.95102e-13	-3.51679e-05
5.65831e-13	-3.50402e-05
6.3656e-13	-3.49121e-05
7.07288e-13	-3.47838e-05
7.78017e-13	-3.46552e-05
8.48746e-13	-3.45262e-05
9.19475e-13	-3.43969e-05
9.90204e-13	-3.42673e-05
1.06093e-12	-3.41374e-05
1.13166e-12	-3.40071e-05
1.20239e-12	-3.38766e-05
1.27312e-12	-3.37457e-05
1.34385e-12	-3.36145e-05
1.41458e-12	-3.34829e-05
1.48531e-12	-3.33511e-05
1.55603e-12	-3.32189e-05
1.62676e-12	-3.30864e-05
1.69749e-12	-3.29536e-05
1.76822e-12	-3.28205e-05
1.83895e-12	-3.2687e-05
1.90968e-12	-3.25532e-05
1.98041e-12	-3.24191e-05
2.05114e-12	-3.22847e-05
2.12187e-12	-3.21499e-05
2.19259e-12	-3.20148e-05
2.26332e-12	-3.18794e-05
2.33405e-12	-3.17437e-05
2.40478e-12	-3.16077e-05
2.47551e-12	-3.14713e-05
2.54624e-12	-3.13346e-05
2.61697e-12	-3.11976e-05
2.6877e-12	-3.10602e-05
2.75842e-12	-3.09226e-05
2.82915e-12	-3.07846e-05
2.89988e-12	-3.06463e-05
2.97061e-12	-3.05076e-05
3.04134e-12	-3.03686e-05
3.11207e-12	-3.02293e-05
3.1828e-12	-3.00897e-05
3.25353e-12	-2.99498e-05
3.32426e-12	-2.98095e-05
3.39498e-12	-2.96689e-05
3.46571e-12	-2.9528e-05
3.53644e-12	-2.93867e-05
3.60717e-12	-2.92451e-05
3.6779e-12	-2.91032e-05
3.74863e-12	-2.8961e-05
3.81936e-12	-2.88184e-05
3.89009e-12	-2.86755e-05
3.96081e-12	-2.85323e-05
4.03154e-12	-2.83887e-05
4.10227e-12	-2.82448e-05
4.173e-12	-2.81006e-05
4.24373e-12	-2.79561e-05
4.31446e-12	-2.78112e-05
4.38519e-12	-2.7666e-05
4.45592e-12	-2.75205e-05
4.52665e-12	-2.73746e-05
4.59737e-12	-2.72284e-05
4.6681e-12	-2.70819e-05
4.73883e-12	-2.69351e-05
4.80956e-12	-2.67879e-05
4.88029e-12	-2.66404e-05
4.95102e-12	-2.64925e-05
5.02175e-12	-2.63443e-05
5.09248e-12	-2.61958e-05
5.16321e-12	-2.6047e-05
5.23393e-12	-2.58978e-05
5.30466e-12	-2.57483e-05
5.37539e-12	-2.55985e-05
5.44612e-12	-2.54483e-05
5.51685e-12	-2.52978e-05
5.58758e-12	-2.5147e-05
5.65831e-12	-2.49958e-05
5.72904e-12	-2.48443e-05
5.79976e-12	-2.46925e-05
5.87049e-12	-2.45403e-05
5.94122e-12	-2.43879e-05
6.01195e-12	-2.4235e-05
6.08268e-12	-2.40819e-05
6.15341e-12	-2.39284e-05
6.22414e-12	-2.37745e-05
6.29487e-12	-2.36204e-05
6.3656e-12	-2.34659e-05
6.43632e-12	-2.3311e-05
6.50705e-12	-2.31558e-05
6.57778e-12	-2.30003e-05
6.64851e-12	-2.28445e-05
6.71924e-12	-2.26883e-05
6.78997e-12	-2.25318e-05
6.8607e-12	-2.2375e-05
6.93143e-12	-2.22178e-05
7.00216e-12	-2.20602e-05
7.07288e-12	-2.19024e-05
7.14361e-12	-2.17442e-05
7.21434e-12	-2.15857e-05
7.28507e-12	-2.14268e-05
7.3558e-12	-2.12676e-05
7.42653e-12	-2.1108e-05
7.49726e-12	-2.09482e-05
7.56799e-12	-2.0788e-05
7.63871e-12	-2.06274e-05
7.70944e-12	-2.04665e-05
7.78017e-12	-2.03053e-05
7.8509e-12	-2.01437e-05
7.92163e-12	-1.99818e-05
7.99236e-12	-1.98195e-05
8.06309e-12	-1.9657e-05
8.13382e-12	-1.9494e-05
8.20455e-12	-1.93308e-05
8.27527e-12	-1.91672e-05
8.346e-12	-1.90032e-05
8.41673e-12	-1.8839e-05
8.48746e-12	-1.86743e-05
8.55819e-12	-1.85094e-05
8.62892e-12	-1.83441e-05
8.69965e-12	-1.81784e-05
8.77038e-12	-1.80124e-05
8.8411e-12	-1.78461e-05
8.91183e-12	-1.76795e-05
8.98256e-12	-1.75125e-05
9.05329e-12	-1.73451e-05
9.12402e-12	-1.71774e-05
9.19475e-12	-1.70094e-05
9.26548e-12	-1.6841e-05
9.33621e-12	-1.66723e-05
9.40694e-12	-1.65033e-05
9.47766e-12	-1.63339e-05
9.54839e-12	-1.61642e-05
9.61912e-12	-1.59941e-05
9.68985e-12	-1.58237e-05
9.76058e-12	-1.56529e-05
9.83131e-12	-1.54818e-05
9.90204e-12	-1.53104e-05
9.97277e-12	-1.51386e-05
1.00435e-11	-1.49664e-05
1.01142e-11	-1.4794e-05
1.0185e-11	-1.46212e-05
1.02557e-11	-1.4448e-05
1.03264e-11	-1.42745e-05
1.03971e-11	-1.41006e-05
1.04679e-11	-1.39265e-05
1.05386e-11	-1.37519e-05
1.06093e-11	-1.3577e-05
1.06801e-11	-1.34018e-05
1.07508e-11	-1.32263e-05
1.08215e-11	-1.30503e-05
1.08922e-11	-1.28741e-05
1.0963e-11	-1.26975e-05
1.10337e-11	-1.25205e-05
1.11044e-11	-1.23432e-05
1.11752e-11	-1.21656e-05
1.12459e-11	-1.19876e-05
1.13166e-11	-1.18093e-05
1.13873e-11	-1.16306e-05
1.14581e-11	-1.14516e-05
1.15288e-11	-1.12722e-05
1.15995e-11	-1.10925e-05
1.16703e-11	-1.09125e-05
1.1741e-11	-1.07321e-05
1.18117e-11	-1.05513e-05
1.18824e-11	-1.03702e-05
1.19532e-11	-1.01888e-05
1.20239e-11	-1.0007e-05
1.20946e-11	-9.82488e-06
1.21654e-11	-9.6424e-06
1.22361e-11	-9.45957e-06
1.23068e-11	-9.27639e-06
1.23775e-11	-9.09287e-06
1.24483e-11	-8.909e-06
1.2519e-11	-8.72479e-06
1.25897e-11	-8.54022e-06
1.26605e-11	-8.35531e-06
1.27312e-11	-8.17005e-06
1.28019e-11	-7.98444e-06
1.28726e-11	-7.79849e-06
1.29434e-11	-7.61218e-06
1.30141e-11	-7.42553e-06
1.30848e-11	-7.23853e-06
1.31556e-11	-7.05118e-06
1.32263e-11	-6.86348e-06
1.3297e-11	-6.67544e-06
1.33678e-11	-6.48704e-06
1.34385e-11	-6.2983e-06
1.35092e-11	-6.1092e-06
1.35799e-11	-5.91976e-06
1.36507e-11	-5.72997e-06
1.37214e-11	-5.53983e-06
1.37921e-11	-5.34934e-06
1.38629e-11	-5.1585e-06
1.39336e-11	-4.96731e-06
1.40043e-11	-4.77577e-06
1.4075e-11	-4.58388e-06
1.41458e-11	-4.39164e-06
1.42165e-11	-4.19905e-06
1.42872e-11	-4.00611e-06
1.4358e-11	-3.81282e-06
1.44287e-11	-3.61918e-06
1.44994e-11	-3.42519e-06
1.45701e-11	-3.23085e-06
1.46409e-11	-3.03616e-06
1.47116e-11	-2.84112e-06
1.47823e-11	-2.64573e-06
1.48531e-11	-2.44998e-06
1.49238e-11	-2.25389e-06
1.49945e-11	-2.05744e-06
1.50652e-11	-1.86064e-06
1.5136e-11	-1.66349e-06
1.52067e-11	-1.46599e-06
1.52774e-11	-1.26814e-06
1.53482e-11	-1.06994e-06
1.54189e-11	-8.71385e-07
1.54896e-11	-6.72479e-07
1.55603e-11	-4.7322e-07
1.56311e-11	-2.7361e-07
1.57018e-11	-7.36481e-08
1.57725e-11	1.26666e-07
1.58433e-11	3.27332e-07
1.5914e-11	5.28351e-07
1.59847e-11	7.29722e-07
1.60554e-11	9.31445e-07
1.61262e-11	1.13352e-06
1.61969e-11	1.33595e-06
1.62676e-11	1.53873e-06
1.63384e-11	1.74186e-06
1.64091e-11	1.94535e-06
1.64798e-11	2.14919e-06
1.65505e-11	2.35338e-06
1.66213e-11	2.55793e-06
1.6692e-11	2.76282e-06
1.67627e-11	2.96807e-06
1.68335e-11	3.17368e-06
1.69042e-11	3.37964e-06
1.69749e-11	3.58595e-06
1.70457e-11	3.79261e-06
1.71164e-11	3.99963e-06
1.71871e-11	4.207e-06
1.72578e-11	4.41473e-06
1.73286e-11	4.62281e-06
1.73993e-11	4.83124e-06
1.747e-11	5.04002e-06
1.75408e-11	5.24916e-06
1.76115e-11	5.45866e-06
1.76822e-11	5.66851e-06
1.77529e-11	5.87871e-06
1.78237e-11	6.08926e-06
1.78944e-11	6.30017e-06
1.79651e-11	6.51144e-06
1.80359e-11	6.72306e-06
1.81066e-11	6.93503e-06
1.81773e-11	7.14736e-06
1.8248e-11	7.36004e-06
1.83188e-11	7.57308e-06
1.83895e-11	7.78647e-06
1.84602e-11	8.00021e-06
1.8531e-11	8.21431e-06
1.86017e-11	8.42877e-06
1.86724e-11	8.64358e-06
1.87431e-11	8.85874e-06
1.88139e-11	9.07426e-06
1.88846e-11	9.29014e-06
1.89553e-11	9.50637e-06
1.90261e-11	9.72295e-06
1.90968e-11	9.93989e-06
1.91675e-11	1.01572e-05
1.92382e-11	1.03748e-05
1.9309e-11	1.05928e-05
1.93797e-11	1.08112e-05
1.94504e-11	1.10299e-05
1.95212e-11	1.1249e-05
1.95919e-11	1.14684e-05
1.96626e-11	1.16882e-05
1.97333e-11	1.19083e-05
1.98041e-11	1.21288e-05
1.98748e-11	1.23497e-05
1.99455e-11	1.25709e-05
2.00163e-11	1.27924e-05
2.0087e-11	1.30143e-05
2.01577e-11	1.32366e-05
2.02284e-11	1.34592e-05
2.02992e-11	1.36822e-05
2.03699e-11	1.39055e-05
2.04406e-11	1.41292e-05
2.05114e-11	1.43533e-05
2.05821e-11	1.45777e-05
2.06528e-11	1.48024e-05
2.07235e-11	1.50276e-05
2.07943e-11	1.5253e-05
2.0865e-11	1.54789e-05
2.09357e-11	1.5705e-05
2.10065e-11	1.59316e-05
2.10772e-11	1.61585e-05
2.11479e-11	1.63857e-05
2.12187e-11	1.66133e-05
2.12894e-11	1.68413e-05
2.13601e-11	1.70696e-05
2.14308e-11	1.72983e-05
2.15016e-11	1.75273e-05
2.15723e-11	1.77567e-05
2.1643e-11	1.79864e-05
2.17138e-11	1.82165e-05
2.17845e-11	1.8447e-05
2.18552e-11	1.86778e-05
2.19259e-11	1.89089e-05
2.19967e-11	1.91405e-05
2.20674e-11	1.93723e-05
2.21381e-11	1.96046e-05
2.22089e-11	1.98372e-05
2.22796e-11	2.00701e-05
2.23503e-11	2.03034e-05
2.2421e-11	2.05371e-05
2.24918e-11	2.07711e-05
2.25625e-11	2.10055e-05
2.26332e-11	2.12402e-05
2.2704e-11	2.14753e-05
2.27747e-11	2.17107e-05
2.28454e-11	2.19465e-05
2.29161e-11	2.21826e-05
2.29869e-11	2.24191e-05
2.30576e-11	2.2656e-05
2.31283e-11	2.28932e-05
2.31991e-11	2.31308e-05
2.32698e-11	2.33687e-05
2.33405e-11	2.3607e-05
2.34112e-11	2.38457e-05
2.3482e-11	2.40846e-05
2.35527e-11	2.4324e-05
2.36234e-11	2.45637e-05
2.36942e-11	2.48038e-05
2.37649e-11	2.50442e-05
2.38356e-11	2.5285e-05
2.39063e-11	2.55261e-05
2.39771e-11	2.57676e-05
2.40478e-11	2.60094e-05
2.41185e-11	2.62516e-05
2.41893e-11	2.64942e-05
2.426e-11	2.67371e-05
2.43307e-11	2.69804e-05
2.44014e-11	2.7224e-05
2.44722e-11	2.7468e-05
2.45429e-11	2.77123e-05
2.46136e-11	2.7957e-05
2.46844e-11	2.8202e-05
2.47551e-11	2.84474e-05
2.48258e-11	2.86932e-05
2.48966e-11	2.89393e-05
2.49673e-11	2.91858e-05
2.5038e-11	2.94326e-05
2.51087e-11	2.96798e-05
2.51795e-11	2.99273e-05
2.52502e-11	3.01752e-05
2.53209e-11	3.04234e-05
2.53917e-11	3.0672e-05
2.54624e-11	3.0921e-05
2.55331e-11	3.11703e-05
2.56038e-11	3.142e-05
2.56746e-11	3.167e-05
2.57453e-11	3.19204e-05
2.5816e-11	3.21711e-05
2.58868e-11	3.24222e-05
2.59575e-11	3.26736e-05
2.60282e-11	3.29254e-05
2.60989e-11	3.31775e-05
2.61697e-11	3.343e-05
2.62404e-11	3.36829e-05
2.63111e-11	3.39361e-05
2.63819e-11	3.41897e-05
2.64526e-11	3.44436e-05
2.65233e-11	3.46979e-05
2.6594e-11	3.49525e-05
2.66648e-11	3.52075e-05
2.67355e-11	3.54628e-05
2.68062e-11	3.57185e-05
2.6877e-11	3.59746e-05
2.69477e-11	3.6231e-05
2.70184e-11	3.64877e-05
2.70891e-11	3.67448e-05
2.71599e-11	3.70023e-05
2.72306e-11	3.72601e-05
2.73013e-11	3.75183e-05
2.73721e-11	3.77768e-05
2.74428e-11	3.80357e-05
2.75135e-11	3.82949e-05
2.75842e-11	3.85545e-05
2.7655e-11	3.88144e-05
2.77257e-11	3.90747e-05
2.77964e-11	3.93354e-05
2.78672e-11	3.95964e-05
2.79379e-11	3.98577e-05
2.80086e-11	4.01194e-05
2.80793e-11	4.03815e-05
2.81501e-11	4.06439e-05
2.82208e-11	4.09066e-05
2.82915e-11	4.11697e-05
2.83623e-11	4.14332e-05
2.8433e-11	4.1697e-05
2.85037e-11	4.19612e-05
2.85745e-11	4.22257e-05
2.86452e-11	4.24906e-05
2.87159e-11	4.27558e-05
2.87866e-11	4.30214e-05
2.88574e-11	4.32873e-05
2.89281e-11	4.35536e-05
2.89988e-11	4.38203e-05
2.90696e-11	4.40872e-05
2.91403e-11	4.43546e-05
2.9211e-11	4.46223e-05
2.92817e-11	4.48903e-05
2.93525e-11	4.51587e-05
2.94232e-11	4.54274e-05
2.94939e-11	4.56965e-05
2.95647e-11	4.5966e-05
2.96354e-11	4.62358e-05
2.97061e-11	4.65059e-05
2.97768e-11	4.67764e-05
2.98476e-11	4.70473e-05
2.99183e-11	4.73185e-05
2.9989e-11	4.759e-05
3.00598e-11	4.78619e-05
3.01305e-11	4.81342e-05
3.02012e-11	4.84068e-05
3.02719e-11	4.86797e-05
3.03427e-11	4.8953e-05
3.04134e-11	4.92267e-05
3.04841e-11	4.95007e-05
3.05549e-11	4.9775e-05
3.06256e-11	5.00497e-05
3.06963e-11	5.03247e-05
3.0767e-11	5.06001e-05
3.08378e-11	5.08759e-05
3.09085e-11	5.1152e-05
3.09792e-11	5.14284e-05
3.105e-11	5.17052e-05
3.11207e-11	5.19823e-05
3.11914e-11	5.22598e-05
3.12621e-11	5.25377e-05
3.13329e-11	5.28158e-05
3.14036e-11	5.30944e-05
3.14743e-11	5.33733e-05
3.15451e-11	5.36525e-05
3.16158e-11	5.3932e-05
3.16865e-11	5.4212e-05
3.17572e-11	5.44922e-05
3.1828e-11	5.47729e-05
3.18987e-11	5.50538e-05
3.19694e-11	5.53351e-05
3.20402e-11	5.56168e-05
3.21109e-11	5.58988e-05
3.21816e-11	5.61811e-05
3.22524e-11	5.64638e-05
3.23231e-11	5.67469e-05
3.23938e-11	5.70302e-05
3.24645e-11	5.7314e-05
3.25353e-11	5.75981e-05
3.2606e-11	5.78825e-05
3.26767e-11	5.81672e-05
3.27475e-11	5.84524e-05
3.28182e-11	5.87378e-05
3.28889e-11	5.90236e-05
3.29596e-11	5.93098e-05
3.30304e-11	5.95963e-05
3.31011e-11	5.98831e-05
3.31718e-11	6.01703e-05
3.32426e-11	6.04578e-05
3.33133e-11	6.07457e-05
3.3384e-11	6.10339e-05
3.34547e-11	6.13224e-05
3.35255e-11	6.16113e-05
3.35962e-11	6.19006e-05
3.36669e-11	6.21902e-05
3.37377e-11	6.24801e-05
3.38084e-11	6.27704e-05
3.38791e-11	6.3061e-05
3.39498e-11	6.33519e-05
3.40206e-11	6.36432e-05
3.40913e-11	6.39349e-05
3.4162e-11	6.42268e-05
3.42328e-11	6.45192e-05
3.43035e-11	6.48118e-05
3.43742e-11	6.51048e-05
3.44449e-11	6.53982e-05
3.45157e-11	6.56919e-05
3.45864e-11	6.59859e-05
3.46571e-11	6.62803e-05
3.47279e-11	6.6575e-05
3.47986e-11	6.687e-05
3.48693e-11	6.71654e-05
3.494e-11	6.74611e-05
3.50108e-11	6.77572e-05
3.50815e-11	6.80536e-05
3.51522e-11	6.83504e-05
3.5223e-11	6.86475e-05
3.52937e-11	6.89449e-05
3.53644e-11	6.92426e-05
3.54351e-11	6.95407e-05
3.55059e-11	6.98392e-05
3.55766e-11	7.0138e-05
3.56473e-11	7.04371e-05
3.57181e-11	7.07365e-05
3.57888e-11	7.10363e-05
3.58595e-11	7.13364e-05
3.59303e-11	7.16369e-05
3.6001e-11	7.19377e-05
3.60717e-11	7.22389e-05
3.61424e-11	7.25403e-05
3.62132e-11	7.28421e-05
3.62839e-11	7.31443e-05
3.63546e-11	7.34468e-05
3.64254e-11	7.37496e-05
3.64961e-11	7.40527e-05
3.65668e-11	7.43562e-05
3.66375e-11	7.46601e-05
3.67083e-11	7.49642e-05
3.6779e-11	7.52687e-05
3.68497e-11	7.55735e-05
3.69205e-11	7.58787e-05
3.69912e-11	7.61842e-05
3.70619e-11	7.649e-05
3.71326e-11	7.67962e-05
3.72034e-11	7.71027e-05
3.72741e-11	7.74095e-05
3.73448e-11	7.77166e-05
3.74156e-11	7.80241e-05
3.74863e-11	7.8332e-05
3.7557e-11	7.86401e-05
3.76277e-11	7.89486e-05
3.76985e-11	7.92574e-05
3.77692e-11	7.95666e-05
3.78399e-11	7.9876e-05
3.79107e-11	8.01859e-05
3.79814e-11	8.0496e-05
3.80521e-11	8.08065e-05
3.81228e-11	8.11173e-05
3.81936e-11	8.14284e-05
3.82643e-11	8.17399e-05
3.8335e-11	8.20516e-05
3.84058e-11	8.23638e-05
3.84765e-11	8.26762e-05
3.85472e-11	8.2989e-05
3.86179e-11	8.33021e-05
3.86887e-11	8.36155e-05
3.87594e-11	8.39293e-05
3.88301e-11	8.42434e-05
3.89009e-11	8.45578e-05
3.89716e-11	8.48725e-05
3.90423e-11	8.51876e-05
3.9113e-11	8.5503e-05
3.91838e-11	8.58187e-05
3.92545e-11	8.61347e-05
3.93252e-11	8.64511e-05
3.9396e-11	8.67678e-05
3.94667e-11	8.70848e-05
3.95374e-11	8.74021e-05
3.96081e-11	8.77198e-05
3.96789e-11	8.80378e-05
3.97496e-11	8.83561e-05
3.98203e-11	8.86748e-05
3.98911e-11	8.89937e-05
3.99618e-11	8.9313e-05
4.00325e-11	8.96326e-05
4.01033e-11	8.99525e-05
4.0174e-11	9.02728e-05
4.02447e-11	9.05934e-05
4.03154e-11	9.09143e-05
4.03862e-11	9.12355e-05
4.04569e-11	9.1557e-05
4.05276e-11	9.18789e-05
4.05984e-11	9.22011e-05
4.06691e-11	9.25236e-05
4.07398e-11	9.28464e-05
4.08105e-11	9.31695e-05
4.08813e-11	9.3493e-05
4.0952e-11	9.38167e-05
4.10227e-11	9.41408e-05
4.10935e-11	9.44652e-05
4.11642e-11	9.479e-05
4.12349e-11	9.5115e-05
4.13056e-11	9.54404e-05
4.13764e-11	9.57661e-05
4.14471e-11	9.60921e-05
4.15178e-11	9.64184e-05
4.15886e-11	9.6745e-05
4.16593e-11	9.7072e-05
4.173e-11	9.73992e-05
4.18007e-11	9.77268e-05
4.18715e-11	9.80547e-05
4.19422e-11	9.83829e-05
4.20129e-11	9.87114e-05
4.20837e-11	9.90403e-05
4.21544e-11	9.93694e-05
4.22251e-11	9.96989e-05
4.22958e-11	0.000100029
4.23666e-11	0.000100359
4.24373e-11	0.000100689
4.2508e-11	0.00010102
4.25788e-11	0.000101351
4.26495e-11	0.000101682
4.27202e-11	0.000102014
4.27909e-11	0.000102346
4.28617e-11	0.000102678
4.29324e-11	0.000103011
4.30031e-11	0.000103344
4.30739e-11	0.000103677
4.31446e-11	0.00010401
4.32153e-11	0.000104344
4.3286e-11	0.000104678
4.33568e-11	0.000105013
4.34275e-11	0.000105347
4.34982e-11	0.000105682
4.3569e-11	0.000106018
4.36397e-11	0.000106353
4.37104e-11	0.000106689
4.37812e-11	0.000107026
4.38519e-11	0.000107362
4.39226e-11	0.000107699
4.39933e-11	0.000108036
4.40641e-11	0.000108374
4.41348e-11	0.000108712
4.42055e-11	0.00010905
4.42763e-11	0.000109388
4.4347e-11	0.000109727
4.44177e-11	0.000110066
4.44884e-11	0.000110405
4.45592e-11	0.000110745
4.46299e-11	0.000111085
4.47006e-11	0.000111425
4.47714e-11	0.000111765
4.48421e-11	0.000112106
4.49128e-11	0.000112447
4.49835e-11	0.000112789
4.50543e-11	0.00011313
4.5125e-11	0.000113472
4.51957e-11	0.000113815
4.52665e-11	0.000114157
4.53372e-11	0.0001145
4.54079e-11	0.000114843
4.54786e-11	0.000115187
4.55494e-11	0.000115531
4.56201e-11	0.000115875
4.56908e-11	0.000116219
4.57616e-11	0.000116564
4.58323e-11	0.000116909
4.5903e-11	0.000117254
4.59737e-11	0.0001176
4.60445e-11	0.000117945
4.61152e-11	0.000118292
4.61859e-11	0.000118638
4.62567e-11	0.000118985
4.63274e-11	0.000119332
4.63981e-11	0.000119679
4.64688e-11	0.000120027
4.65396e-11	0.000120375
4.66103e-11	0.000120723
4.6681e-11	0.000121071
4.67518e-11	0.00012142
4.68225e-11	0.000121769
4.68932e-11	0.000122118
4.69639e-11	0.000122468
4.70347e-11	0.000122818
4.71054e-11	0.000123168
4.71761e-11	0.000123519
4.72469e-11	0.000123869
4.73176e-11	0.000124221
4.73883e-11	0.000124572
4.74591e-11	0.000124924
4.75298e-11	0.000125275
4.76005e-11	0.000125628
4.76712e-11	0.00012598
4.7742e-11	0.000126333
4.78127e-11	0.000126686
4.78834e-11	0.000127039
4.79542e-11	0.000127393
4.80249e-11	0.000127747
4.80956e-11	0.000128101
4.81663e-11	0.000128456
4.82371e-11	0.00012881
4.83078e-11	0.000129165
4.83785e-11	0.000129521
4.84493e-11	0.000129876
4.852e-11	0.000130232
4.85907e-11	0.000130588
4.86614e-11	0.000130945
4.87322e-11	0.000131301
4.88029e-11	0.000131658
4.88736e-11	0.000132016
4.89444e-11	0.000132373
4.90151e-11	0.000132731
4.90858e-11	0.000133089
4.91565e-11	0.000133447
4.92273e-11	0.000133806
4.9298e-11	0.000134165
4.93687e-11	0.000134524
4.94395e-11	0.000134884
4.95102e-11	0.000135243
4.95809e-11	0.000135603
4.96516e-11	0.000135963
4.97224e-11	0.000136324
4.97931e-11	0.000136685
4.98638e-11	0.000137046
4.99346e-11	0.000137407
5.00053e-11	0.000137769
5.0076e-11	0.000138131
5.01467e-11	0.000138493
5.02175e-11	0.000138855
5.02882e-11	0.000139218
5.03589e-11	0.000139581
5.04297e-11	0.000139944
5.05004e-11	0.000140308
5.05711e-11	0.000140671
5.06418e-11	0.000141035
5.07126e-11	0.0001414
5.07833e-11	0.000141764
5.0854e-11	0.000142129
5.09248e-11	0.000142494
5.09955e-11	0.000142859
5.10662e-11	0.000143225
5.1137e-11	0.000143591
5.12077e-11	0.000143957
5.12784e-11	0.000144323
5.13491e-11	0.00014469
5.14199e-11	0.000145057
5.14906e-11	0.000145424
5.15613e-11	0.000145791
5.16321e-11	0.000146159
5.17028e-11	0.000146527
5.17735e-11	0.000146895
5.18442e-11	0.000147263
5.1915e-11	0.000147632
5.19857e-11	0.000148001
5.20564e-11	0.00014837
5.21272e-11	0.00014874
5.21979e-11	0.000149109
5.22686e-11	0.000149479
5.23393e-11	0.00014985
5.24101e-11	0.00015022
5.24808e-11	0.000150591
5.25515e-11	0.000150962
5.26223e-11	0.000151333
5.2693e-11	0.000151704
5.27637e-11	0.000152076
5.28344e-11	0.000152448
5.29052e-11	0.00015282
5.29759e-11	0.000153193
5.30466e-11	0.000153565
5.31174e-11	0.000153938
5.31881e-11	0.000154311
5.32588e-11	0.000154685
5.33295e-11	0.000155058
5.34003e-11	0.000155432
5.3471e-11	0.000155807
5.35417e-11	0.000156181
5.36125e-11	0.000156556
5.36832e-11	0.00015693
5.37539e-11	0.000157306
5.38246e-11	0.000157681
5.38954e-11	0.000158057
5.39661e-11	0.000158432
5.40368e-11	0.000158808
5.41076e-11	0.000159185
5.41783e-11	0.000159561
5.4249e-11	0.000159938
5.43197e-11	0.000160315
5.43905e-11	0.000160692
5.44612e-11	0.00016107
5.45319e-11	0.000161448
5.46027e-11	0.000161826
5.46734e-11	0.000162204
5.47441e-11	0.000162582
5.48149e-11	0.000162961
5.48856e-11	0.00016334
5.49563e-11	0.000163719
5.5027e-11	0.000164098
5.50978e-11	0.000164478
5.51685e-11	0.000164858
5.52392e-11	0.000165238
5.531e-11	0.000165618
5.53807e-11	0.000165999
5.54514e-11	0.000166379
5.55221e-11	0.00016676
5.55929e-11	0.000167142
5.56636e-11	0.000167523
5.57343e-11	0.000167905
5.58051e-11	0.000168286
5.58758e-11	0.000168668
5.59465e-11	0.000169051
5.60172e-11	0.000169433
5.6088e-11	0.000169816
5.61587e-11	0.000170199
5.62294e-11	0.000170582
5.63002e-11	0.000170966
5.63709e-11	0.000171349
5.64416e-11	0.000171733
5.65123e-11	0.000172117
5.65831e-11	0.000172501
5.66538e-11	0.000172886
5.67245e-11	0.000173271
5.67953e-11	0.000173656
5.6866e-11	0.000174041
5.69367e-11	0.000174426
5.70074e-11	0.000174812
5.70782e-11	0.000175197
5.71489e-11	0.000175583
5.72196e-11	0.00017597
5.72904e-11	0.000176356
5.73611e-11	0.000176743
5.74318e-11	0.00017713
5.75025e-11	0.000177517
5.75733e-11	0.000177904
5.7644e-11	0.000178291
5.77147e-11	0.000178679
5.77855e-11	0.000179067
5.78562e-11	0.000179455
5.79269e-11	0.000179843
5.79976e-11	0.000180232
5.80684e-11	0.00018062
5.81391e-11	0.000181009
5.82098e-11	0.000181398
5.82806e-11	0.000181788
5.83513e-11	0.000182177
5.8422e-11	0.000182567
5.84928e-11	0.000182957
5.85635e-11	0.000183347
5.86342e-11	0.000183737
5.87049e-11	0.000184128
5.87757e-11	0.000184518
5.88464e-11	0.000184909
5.89171e-11	0.0001853
5.89879e-11	0.000185692
5.90586e-11	0.000186083
5.91293e-11	0.000186475
5.92e-11	0.000186866
5.92708e-11	0.000187259
5.93415e-11	0.000187651
5.94122e-11	0.000188043
5.9483e-11	0.000188436
5.95537e-11	0.000188829
5.96244e-11	0.000189222
5.96951e-11	0.000189615
5.97659e-11	0.000190008
5.98366e-11	0.000190402
5.99073e-11	0.000190795
5.99781e-11	0.000191189
6.00488e-11	0.000191584
6.01195e-11	0.000191978
6.01902e-11	0.000192372
6.0261e-11	0.000192767
6.03317e-11	0.000193162
6.04024e-11	0.000193557
6.04732e-11	0.000193952
6.05439e-11	0.000194347
6.06146e-11	0.000194743
6.06853e-11	0.000195139
6.07561e-11	0.000195535
6.08268e-11	0.000195931
6.08975e-11	0.000196327
6.09683e-11	0.000196723
6.1039e-11	0.00019712
6.11097e-11	0.000197517
6.11804e-11	0.000197914
6.12512e-11	0.000198311
6.13219e-11	0.000198708
6.13926e-11	0.000199106
6.14634e-11	0.000199503
6.15341e-11	0.000199901
6.16048e-11	0.000200299
6.16755e-11	0.000200697
6.17463e-11	0.000201096
6.1817e-11	0.000201494
6.18877e-11	0.000201893
6.19585e-11	0.000202291
6.20292e-11	0.00020269
6.20999e-11	0.00020309
6.21706e-11	0.000203489
6.22414e-11	0.000203888
6.23121e-11	0.000204288
6.23828e-11	0.000204688
6.24536e-11	0.000205088
6.25243e-11	0.000205488
6.2595e-11	0.000205888
6.26658e-11	0.000206288
6.27365e-11	0.000206689
6.28072e-11	0.00020709
6.28779e-11	0.000207491
6.29487e-11	0.000207892
6.30194e-11	0.000208293
6.30901e-11	0.000208694
6.31609e-11	0.000209096
6.32316e-11	0.000209497
6.33023e-11	0.000209899
6.3373e-11	0.000210301
6.34438e-11	0.000210703
6.35145e-11	0.000211105
6.35852e-11	0.000211508
6.3656e-11	0.00021191
6.37267e-11	0.000212313
6.37974e-11	0.000212716
6.38681e-11	0.000213119
6.39389e-11	0.000213522
6.40096e-11	0.000213925
6.40803e-11	0.000214328
6.41511e-11	0.000214732
6.42218e-11	0.000215136
6.42925e-11	0.000215539
6.43632e-11	0.000215943
6.4434e-11	0.000216347
6.45047e-11	0.000216752
6.45754e-11	0.000217156
6.46462e-11	0.000217561
6.47169e-11	0.000217965
6.47876e-11	0.00021837
6.48583e-11	0.000218775
6.49291e-11	0.00021918
6.49998e-11	0.000219585
6.50705e-11	0.00021999
6.51413e-11	0.000220396
6.5212e-11	0.000220801
6.52827e-11	0.000221207
6.53534e-11	0.000221613
6.54242e-11	0.000222018
6.54949e-11	0.000222424
6.55656e-11	0.000222831
6.56364e-11	0.000223237
6.57071e-11	0.000223643
6.57778e-11	0.00022405
6.58485e-11	0.000224456
6.59193e-11	0.000224863
6.599e-11	0.00022527
6.60607e-11	0.000225677
6.61315e-11	0.000226084
6.62022e-11	0.000226491
6.62729e-11	0.000226899
6.63437e-11	0.000227306
6.64144e-11	0.000227714
6.64851e-11	0.000228122
6.65558e-11	0.000228529
6.66266e-11	0.000228937
6.66973e-11	0.000229345
6.6768e-11	0.000229753
6.68388e-11	0.000230162
6.69095e-11	0.00023057
6.69802e-11	0.000230978
6.70509e-11	0.000231387
6.71217e-11	0.000231796
6.71924e-11	0.000232204
6.72631e-11	0.000232613
6.73339e-11	0.000233022
6.74046e-11	0.000233431
6.74753e-11	0.000233841
6.7546e-11	0.00023425
6.76168e-11	0.000234659
6.76875e-11	0.000235069
6.77582e-11	0.000235478
6.7829e-11	0.000235888
6.78997e-11	0.000236298
6.79704e-11	0.000236708
6.80411e-11	0.000237117
6.81119e-11	0.000237528
6.81826e-11	0.000237938
6.82533e-11	0.000238348
6.83241e-11	0.000238758
6.83948e-11	0.000239169
6.84655e-11	0.000239579
6.85362e-11	0.00023999
6.8607e-11	0.0002404
6.86777e-11	0.000240811
6.87484e-11	0.000241222
6.88192e-11	0.000241633
6.88899e-11	0.000242044
6.89606e-11	0.000242455
6.90313e-11	0.000242866
6.91021e-11	0.000243277
6.91728e-11	0.000243689
6.92435e-11	0.0002441
6.93143e-11	0.000244511
6.9385e-11	0.000244923
6.94557e-11	0.000245335
6.95264e-11	0.000245746
6.95972e-11	0.000246158
6.96679e-11	0.00024657
6.97386e-11	0.000246982
6.98094e-11	0.000247394
6.98801e-11	0.000247806
6.99508e-11	0.000248218
7.00216e-11	0.00024863
7.00923e-11	0.000249042
7.0163e-11	0.000249455
7.02337e-11	0.000249867
7.03045e-11	0.00025028
7.03752e-11	0.000250692
7.04459e-11	0.000251105
7.05167e-11	0.000251517
7.05874e-11	0.00025193
7.06581e-11	0.000252343
7.07288e-11	0.000252755
7.07996e-11	0.000253168
7.08703e-11	0.000253581
7.0941e-11	0.000253994
7.10118e-11	0.000254407
7.10825e-11	0.00025482
7.11532e-11	0.000255233
7.12239e-11	0.000255647
7.12947e-11	0.00025606
7.13654e-11	0.000256473
7.14361e-11	0.000256887
7.15069e-11	0.0002573
7.15776e-11	0.000257713
7.16483e-11	0.000258127
7.1719e-11	0.00025854
7.17898e-11	0.000258954
7.18605e-11	0.000259367
7.19312e-11	0.000259781
7.2002e-11	0.000260195
7.20727e-11	0.000260609
7.21434e-11	0.000261022
7.22141e-11	0.000261436
7.22849e-11	0.00026185
7.23556e-11	0.000262264
7.24263e-11	0.000262678
7.24971e-11	0.000263092
7.25678e-11	0.000263506
7.26385e-11	0.00026392
7.27092e-11	0.000264334
7.278e-11	0.000264748
7.28507e-11	0.000265162
7.29214e-11	0.000265576
7.29922e-11	0.00026599
7.30629e-11	0.000266404
7.31336e-11	0.000266818
7.32043e-11	0.000267233
7.32751e-11	0.000267647
7.33458e-11	0.000268061
7.34165e-11	0.000268475
7.34873e-11	0.00026889
7.3558e-11	0.000269304
7.36287e-11	0.000269718
7.36995e-11	0.000270133
7.37702e-11	0.000270547
7.38409e-11	0.000270961
7.39116e-11	0.000271376
7.39824e-11	0.00027179
7.40531e-11	0.000272204
7.41238e-11	0.000272619
7.41946e-11	0.000273033
7.42653e-11	0.000273448
7.4336e-11	0.000273862
7.44067e-11	0.000274277
7.44775e-11	0.000274691
7.45482e-11	0.000275105
7.46189e-11	0.00027552
7.46897e-11	0.000275934
7.47604e-11	0.000276349
7.48311e-11	0.000276763
7.49018e-11	0.000277178
7.49726e-11	0.000277592
7.50433e-11	0.000278007
7.5114e-11	0.000278421
7.51848e-11	0.000278835
7.52555e-11	0.00027925
7.53262e-11	0.000279664
7.53969e-11	0.000280079
7.54677e-11	0.000280493
7.55384e-11	0.000280907
7.56091e-11	0.000281322
7.56799e-11	0.000281736
7.57506e-11	0.00028215
7.58213e-11	0.000282565
7.5892e-11	0.000282979
7.59628e-11	0.000283393
7.60335e-11	0.000283808
7.61042e-11	0.000284222
7.6175e-11	0.000284636
7.62457e-11	0.00028505
7.63164e-11	0.000285464
7.63871e-11	0.000285879
7.64579e-11	0.000286293
7.65286e-11	0.000286707
7.65993e-11	0.000287121
7.66701e-11	0.000287535
7.67408e-11	0.000287949
7.68115e-11	0.000288363
7.68822e-11	0.000288777
7.6953e-11	0.000289191
7.70237e-11	0.000289605
7.70944e-11	0.000290019
7.71652e-11	0.000290432
7.72359e-11	0.000290846
7.73066e-11	0.00029126
7.73774e-11	0.000291673
7.74481e-11	0.000292087
7.75188e-11	0.000292501
7.75895e-11	0.000292914
7.76603e-11	0.000293328
7.7731e-11	0.000293741
7.78017e-11	0.000294155
7.78725e-11	0.000294568
7.79432e-11	0.000294981
7.80139e-11	0.000295395
7.80846e-11	0.000295808
7.81554e-11	0.000296221
7.82261e-11	0.000296634
7.82968e-11	0.000297047
7.83676e-11	0.00029746
7.84383e-11	0.000297873
7.8509e-11	0.000298286
7.85797e-11	0.000298699
7.86505e-11	0.000299111
7.87212e-11	0.000299524
7.87919e-11	0.000299937
7.88627e-11	0.000300349
7.89334e-11	0.000300762
7.90041e-11	0.000301174
7.90748e-11	0.000301587
7.91456e-11	0.000301999
7.92163e-11	0.000302411
7.9287e-11	0.000302823
7.93578e-11	0.000303235
7.94285e-11	0.000303647
7.94992e-11	0.000304059
7.95699e-11	0.000304471
7.96407e-11	0.000304883
7.97114e-11	0.000305295
7.97821e-11	0.000305706
7.98529e-11	0.000306118
7.99236e-11	0.000306529
7.99943e-11	0.000306941
8.0065e-11	0.000307352
8.01358e-11	0.000307763
8.02065e-11	0.000308174
8.02772e-11	0.000308585
8.0348e-11	0.000308996
8.04187e-11	0.000309407
8.04894e-11	0.000309818
8.05601e-11	0.000310228
8.06309e-11	0.000310639
8.07016e-11	0.000311049
8.07723e-11	0.00031146
8.08431e-11	0.00031187
8.09138e-11	0.00031228
8.09845e-11	0.00031269
8.10552e-11	0.0003131
8.1126e-11	0.00031351
8.11967e-11	0.00031392
8.12674e-11	0.00031433
8.13382e-11	0.000314739
8.14089e-11	0.000315149
8.14796e-11	0.000315558
8.15504e-11	0.000315967
8.16211e-11	0.000316376
8.16918e-11	0.000316785
8.17625e-11	0.000317194
8.18333e-11	0.000317603
8.1904e-11	0.000318012
8.19747e-11	0.00031842
8.20455e-11	0.000318828
8.21162e-11	0.000319237
8.21869e-11	0.000319645
8.22576e-11	0.000320053
8.23284e-11	0.000320461
8.23991e-11	0.000320869
8.24698e-11	0.000321276
8.25406e-11	0.000321684
8.26113e-11	0.000322091
8.2682e-11	0.000322499
8.27527e-11	0.000322906
8.28235e-11	0.000323313
8.28942e-11	0.00032372
8.29649e-11	0.000324126
8.30357e-11	0.000324533
8.31064e-11	0.00032494
8.31771e-11	0.000325346
8.32478e-11	0.000325752
8.33186e-11	0.000326158
8.33893e-11	0.000326564
8.346e-11	0.00032697
8.35308e-11	0.000327375
8.36015e-11	0.000327781
8.36722e-11	0.000328186
8.37429e-11	0.000328591
8.38137e-11	0.000328997
8.38844e-11	0.000329401
8.39551e-11	0.000329806
8.40259e-11	0.000330211
8.40966e-11	0.000330615
8.41673e-11	0.000331019
8.4238e-11	0.000331423
8.43088e-11	0.000331827
8.43795e-11	0.000332231
8.44502e-11	0.000332635
8.4521e-11	0.000333038
8.45917e-11	0.000333442
8.46624e-11	0.000333845
8.47331e-11	0.000334248
8.48039e-11	0.00033465
8.48746e-11	0.000335053
8.49453e-11	0.000335455
8.50161e-11	0.000335858
8.50868e-11	0.00033626
8.51575e-11	0.000336662
8.52283e-11	0.000337064
8.5299e-11	0.000337465
8.53697e-11	0.000337867
8.54404e-11	0.000338268
8.55112e-11	0.000338669
8.55819e-11	0.00033907
8.56526e-11	0.00033947
8.57234e-11	0.000339871
8.57941e-11	0.000340271
8.58648e-11	0.000340671
8.59355e-11	0.000341071
8.60063e-11	0.000341471
8.6077e-11	0.00034187
8.61477e-11	0.00034227
8.62185e-11	0.000342669
8.62892e-11	0.000343068
8.63599e-11	0.000343466
8.64306e-11	0.000343865
8.65014e-11	0.000344263
8.65721e-11	0.000344661
8.66428e-11	0.000345059
8.67136e-11	0.000345457
8.67843e-11	0.000345855
8.6855e-11	0.000346252
8.69257e-11	0.000346649
8.69965e-11	0.000347046
8.70672e-11	0.000347443
8.71379e-11	0.000347839
8.72087e-11	0.000348235
8.72794e-11	0.000348631
8.73501e-11	0.000349027
8.74208e-11	0.000349423
8.74916e-11	0.000349818
8.75623e-11	0.000350213
8.7633e-11	0.000350608
8.77038e-11	0.000351003
8.77745e-11	0.000351398
8.78452e-11	0.000351792
8.79159e-11	0.000352186
8.79867e-11	0.00035258
8.80574e-11	0.000352973
8.81281e-11	0.000353367
8.81989e-11	0.00035376
8.82696e-11	0.000354153
8.83403e-11	0.000354545
8.8411e-11	0.000354938
8.84818e-11	0.00035533
8.85525e-11	0.000355722
8.86232e-11	0.000356114
8.8694e-11	0.000356505
8.87647e-11	0.000356896
8.88354e-11	0.000357287
8.89062e-11	0.000357678
8.89769e-11	0.000358068
8.90476e-11	0.000358459
8.91183e-11	0.000358848
8.91891e-11	0.000359238
8.92598e-11	0.000359628
8.93305e-11	0.000360017
8.94013e-11	0.000360406
8.9472e-11	0.000360794
8.95427e-11	0.000361183
8.96134e-11	0.000361571
8.96842e-11	0.000361959
8.97549e-11	0.000362347
8.98256e-11	0.000362734
8.98964e-11	0.000363121
8.99671e-11	0.000363508
9.00378e-11	0.000363894
9.01085e-11	0.000364281
9.01793e-11	0.000364667
9.025e-11	0.000365052
9.03207e-11	0.000365438
9.03915e-11	0.000365823
9.04622e-11	0.000366208
9.05329e-11	0.000366593
9.06036e-11	0.000366977
9.06744e-11	0.000367361
9.07451e-11	0.000367745
9.08158e-11	0.000368128
9.08866e-11	0.000368512
9.09573e-11	0.000368894
9.1028e-11	0.000369277
9.10987e-11	0.000369659
9.11695e-11	0.000370041
9.12402e-11	0.000370423
9.13109e-11	0.000370805
9.13817e-11	0.000371186
9.14524e-11	0.000371567
9.15231e-11	0.000371947
9.15938e-11	0.000372327
9.16646e-11	0.000372707
9.17353e-11	0.000373087
9.1806e-11	0.000373466
9.18768e-11	0.000373845
9.19475e-11	0.000374224
9.20182e-11	0.000374603
9.20889e-11	0.000374981
9.21597e-11	0.000375358
9.22304e-11	0.000375736
9.23011e-11	0.000376113
9.23719e-11	0.00037649
9.24426e-11	0.000376866
9.25133e-11	0.000377243
9.25841e-11	0.000377618
9.26548e-11	0.000377994
9.27255e-11	0.000378369
9.27962e-11	0.000378744
9.2867e-11	0.000379119
9.29377e-11	0.000379493
9.30084e-11	0.000379867
9.30792e-11	0.00038024
9.31499e-11	0.000380614
9.32206e-11	0.000380987
9.32913e-11	0.000381359
9.33621e-11	0.000381731
9.34328e-11	0.000382103
9.35035e-11	0.000382475
9.35743e-11	0.000382846
9.3645e-11	0.000383217
9.37157e-11	0.000383587
9.37864e-11	0.000383957
9.38572e-11	0.000384327
9.39279e-11	0.000384697
9.39986e-11	0.000385066
9.40694e-11	0.000385435
9.41401e-11	0.000385803
9.42108e-11	0.000386171
9.42815e-11	0.000386539
9.43523e-11	0.000386906
9.4423e-11	0.000387273
9.44937e-11	0.00038764
9.45645e-11	0.000388006
9.46352e-11	0.000388372
9.47059e-11	0.000388737
9.47766e-11	0.000389102
9.48474e-11	0.000389467
9.49181e-11	0.000389831
9.49888e-11	0.000390195
9.50596e-11	0.000390559
9.51303e-11	0.000390922
9.5201e-11	0.000391285
9.52717e-11	0.000391648
9.53425e-11	0.00039201
9.54132e-11	0.000392371
9.54839e-11	0.000392733
9.55547e-11	0.000393094
9.56254e-11	0.000393454
9.56961e-11	0.000393815
9.57668e-11	0.000394174
9.58376e-11	0.000394534
9.59083e-11	0.000394893
9.5979e-11	0.000395251
9.60498e-11	0.00039561
9.61205e-11	0.000395967
9.61912e-11	0.000396325
9.6262e-11	0.000396682
9.63327e-11	0.000397038
9.64034e-11	0.000397395
9.64741e-11	0.00039775
9.65449e-11	0.000398106
9.66156e-11	0.000398461
9.66863e-11	0.000398815
9.67571e-11	0.000399169
9.68278e-11	0.000399523
9.68985e-11	0.000399877
9.69692e-11	0.000400229
9.704e-11	0.000400582
9.71107e-11	0.000400934
9.71814e-11	0.000401286
9.72522e-11	0.000401637
9.73229e-11	0.000401988
9.73936e-11	0.000402338
9.74643e-11	0.000402688
9.75351e-11	0.000403037
9.76058e-11	0.000403387
9.76765e-11	0.000403735
9.77473e-11	0.000404083
9.7818e-11	0.000404431
9.78887e-11	0.000404778
9.79594e-11	0.000405125
9.80302e-11	0.000405472
9.81009e-11	0.000405818
9.81716e-11	0.000406163
9.82424e-11	0.000406509
9.83131e-11	0.000406853
9.83838e-11	0.000407197
9.84545e-11	0.000407541
9.85253e-11	0.000407884
9.8596e-11	0.000408227
9.86667e-11	0.00040857
9.87375e-11	0.000408912
9.88082e-11	0.000409253
9.88789e-11	0.000409594
9.89496e-11	0.000409935
9.90204e-11	0.000410275
9.90911e-11	0.000410614
9.91618e-11	0.000410954
9.92326e-11	0.000411292
9.93033e-11	0.000411631
9.9374e-11	0.000411968
9.94447e-11	0.000412306
9.95155e-11	0.000412642
9.95862e-11	0.000412979
9.96569e-11	0.000413315
9.97277e-11	0.00041365
9.97984e-11	0.000413985
9.98691e-11	0.000414319
9.99398e-11	0.000414653
1.00011e-10	0.000414987
1.00081e-10	0.00041532
1.00152e-10	0.000415652
1.00223e-10	0.000415984
1.00293e-10	0.000416315
1.00364e-10	0.000416646
1.00435e-10	0.000416977
1.00506e-10	0.000417307
1.00576e-10	0.000417636
1.00647e-10	0.000417965
1.00718e-10	0.000418294
1.00789e-10	0.000418622
1.00859e-10	0.000418949
1.0093e-10	0.000419276
1.01001e-10	0.000419603
1.01072e-10	0.000419929
1.01142e-10	0.000420254
1.01213e-10	0.000420579
1.01284e-10	0.000420903
1.01354e-10	0.000421227
1.01425e-10	0.00042155
1.01496e-10	0.000421873
1.01567e-10	0.000422196
1.01637e-10	0.000422517
1.01708e-10	0.000422839
1.01779e-10	0.000423159
1.0185e-10	0.00042348
1.0192e-10	0.000423799
1.01991e-10	0.000424118
1.02062e-10	0.000424437
1.02132e-10	0.000424755
1.02203e-10	0.000425072
1.02274e-10	0.000425389
1.02345e-10	0.000425706
1.02415e-10	0.000426022
1.02486e-10	0.000426337
1.02557e-10	0.000426652
1.02628e-10	0.000426966
1.02698e-10	0.00042728
1.02769e-10	0.000427593
1.0284e-10	0.000427906
1.0291e-10	0.000428218
1.02981e-10	0.000428529
1.03052e-10	0.00042884
1.03123e-10	0.00042915
1.03193e-10	0.00042946
1.03264e-10	0.000429769
1.03335e-10	0.000430078
1.03406e-10	0.000430386
1.03476e-10	0.000430694
1.03547e-10	0.000431001
1.03618e-10	0.000431307
1.03688e-10	0.000431613
1.03759e-10	0.000431918
1.0383e-10	0.000432223
1.03901e-10	0.000432527
1.03971e-10	0.00043283
1.04042e-10	0.000433133
1.04113e-10	0.000433436
1.04184e-10	0.000433737
1.04254e-10	0.000434039
1.04325e-10	0.000434339
1.04396e-10	0.000434639
1.04466e-10	0.000434939
1.04537e-10	0.000435237
1.04608e-10	0.000435536
1.04679e-10	0.000435833
1.04749e-10	0.00043613
1.0482e-10	0.000436427
1.04891e-10	0.000436722
1.04962e-10	0.000437018
1.05032e-10	0.000437312
1.05103e-10	0.000437606
1.05174e-10	0.000437899
1.05245e-10	0.000438192
1.05315e-10	0.000438484
1.05386e-10	0.000438776
1.05457e-10	0.000439067
1.05527e-10	0.000439357
1.05598e-10	0.000439647
1.05669e-10	0.000439936
1.0574e-10	0.000440224
1.0581e-10	0.000440512
1.05881e-10	0.000440799
1.05952e-10	0.000441086
1.06023e-10	0.000441372
1.06093e-10	0.000441657
1.06164e-10	0.000441942
1.06235e-10	0.000442226
1.06305e-10	0.000442509
1.06376e-10	0.000442792
1.06447e-10	0.000443074
1.06518e-10	0.000443355
1.06588e-10	0.000443636
1.06659e-10	0.000443916
1.0673e-10	0.000444196
1.06801e-10	0.000444475
1.06871e-10	0.000444753
1.06942e-10	0.00044503
1.07013e-10	0.000445307
1.07083e-10	0.000445583
1.07154e-10	0.000445859
1.07225e-10	0.000446134
1.07296e-10	0.000446408
1.07366e-10	0.000446682
1.07437e-10	0.000446955
1.07508e-10	0.000447227
1.07579e-10	0.000447499
1.07649e-10	0.00044777
1.0772e-10	0.00044804
1.07791e-10	0.000448309
1.07861e-10	0.000448578
1.07932e-10	0.000448846
1.08003e-10	0.000449114
1.08074e-10	0.000449381
1.08144e-10	0.000449647
1.08215e-10	0.000449912
1.08286e-10	0.000450177
1.08357e-10	0.000450441
1.08427e-10	0.000450705
1.08498e-10	0.000450967
1.08569e-10	0.000451229
1.08639e-10	0.000451491
1.0871e-10	0.000451751
1.08781e-10	0.000452011
1.08852e-10	0.000452271
1.08922e-10	0.000452529
1.08993e-10	0.000452787
1.09064e-10	0.000453044
1.09135e-10	0.0004533
1.09205e-10	0.000453556
1.09276e-10	0.000453811
1.09347e-10	0.000454065
1.09418e-10	0.000454319
1.09488e-10	0.000454572
1.09559e-10	0.000454824
1.0963e-10	0.000455075
1.097e-10	0.000455326
1.09771e-10	0.000455576
1.09842e-10	0.000455825
1.09913e-10	0.000456074
1.09983e-10	0.000456321
1.10054e-10	0.000456568
1.10125e-10	0.000456815
1.10196e-10	0.00045706
1.10266e-10	0.000457305
1.10337e-10	0.000457549
1.10408e-10	0.000457792
1.10478e-10	0.000458035
1.10549e-10	0.000458277
1.1062e-10	0.000458518
1.10691e-10	0.000458758
1.10761e-10	0.000458998
1.10832e-10	0.000459237
1.10903e-10	0.000459475
1.10974e-10	0.000459712
1.11044e-10	0.000459949
1.11115e-10	0.000460185
1.11186e-10	0.00046042
1.11256e-10	0.000460654
1.11327e-10	0.000460887
1.11398e-10	0.00046112
1.11469e-10	0.000461352
1.11539e-10	0.000461583
1.1161e-10	0.000461814
1.11681e-10	0.000462044
1.11752e-10	0.000462272
1.11822e-10	0.000462501
1.11893e-10	0.000462728
1.11964e-10	0.000462954
1.12034e-10	0.00046318
1.12105e-10	0.000463405
1.12176e-10	0.000463629
1.12247e-10	0.000463853
1.12317e-10	0.000464075
1.12388e-10	0.000464297
1.12459e-10	0.000464518
1.1253e-10	0.000464739
1.126e-10	0.000464958
1.12671e-10	0.000465177
1.12742e-10	0.000465395
1.12812e-10	0.000465612
1.12883e-10	0.000465828
1.12954e-10	0.000466043
1.13025e-10	0.000466258
1.13095e-10	0.000466472
1.13166e-10	0.000466685
1.13237e-10	0.000466897
1.13308e-10	0.000467108
1.13378e-10	0.000467319
1.13449e-10	0.000467528
1.1352e-10	0.000467737
1.13591e-10	0.000467945
1.13661e-10	0.000468153
1.13732e-10	0.000468359
1.13803e-10	0.000468565
1.13873e-10	0.000468769
1.13944e-10	0.000468973
1.14015e-10	0.000469177
1.14086e-10	0.000469379
1.14156e-10	0.00046958
1.14227e-10	0.000469781
1.14298e-10	0.00046998
1.14369e-10	0.000470179
1.14439e-10	0.000470377
1.1451e-10	0.000470575
1.14581e-10	0.000470771
1.14651e-10	0.000470966
1.14722e-10	0.000471161
1.14793e-10	0.000471355
1.14864e-10	0.000471548
1.14934e-10	0.00047174
1.15005e-10	0.000471931
1.15076e-10	0.000472121
1.15147e-10	0.000472311
1.15217e-10	0.0004725
1.15288e-10	0.000472687
1.15359e-10	0.000472874
1.15429e-10	0.00047306
1.155e-10	0.000473245
1.15571e-10	0.00047343
1.15642e-10	0.000473613
1.15712e-10	0.000473795
1.15783e-10	0.000473977
1.15854e-10	0.000474158
1.15925e-10	0.000474338
1.15995e-10	0.000474517
1.16066e-10	0.000474695
1.16137e-10	0.000474872
1.16207e-10	0.000475048
1.16278e-10	0.000475223
1.16349e-10	0.000475398
1.1642e-10	0.000475572
1.1649e-10	0.000475744
1.16561e-10	0.000475916
1.16632e-10	0.000476087
1.16703e-10	0.000476257
1.16773e-10	0.000476426
1.16844e-10	0.000476594
1.16915e-10	0.000476761
1.16986e-10	0.000476928
1.17056e-10	0.000477093
1.17127e-10	0.000477258
1.17198e-10	0.000477421
1.17268e-10	0.000477584
1.17339e-10	0.000477746
1.1741e-10	0.000477906
1.17481e-10	0.000478066
1.17551e-10	0.000478225
1.17622e-10	0.000478383
1.17693e-10	0.00047854
1.17764e-10	0.000478697
1.17834e-10	0.000478852
1.17905e-10	0.000479006
1.17976e-10	0.000479159
1.18046e-10	0.000479312
1.18117e-10	0.000479463
1.18188e-10	0.000479614
1.18259e-10	0.000479763
1.18329e-10	0.000479912
1.184e-10	0.00048006
1.18471e-10	0.000480206
1.18542e-10	0.000480352
1.18612e-10	0.000480497
1.18683e-10	0.000480641
1.18754e-10	0.000480784
1.18824e-10	0.000480926
1.18895e-10	0.000481067
1.18966e-10	0.000481207
1.19037e-10	0.000481346
1.19107e-10	0.000481484
1.19178e-10	0.000481621
1.19249e-10	0.000481757
1.1932e-10	0.000481892
1.1939e-10	0.000482026
1.19461e-10	0.000482159
1.19532e-10	0.000482291
1.19602e-10	0.000482423
1.19673e-10	0.000482553
1.19744e-10	0.000482682
1.19815e-10	0.00048281
1.19885e-10	0.000482938
1.19956e-10	0.000483064
1.20027e-10	0.000483189
1.20098e-10	0.000483313
1.20168e-10	0.000483437
1.20239e-10	0.000483559
1.2031e-10	0.00048368
1.2038e-10	0.0004838
1.20451e-10	0.00048392
1.20522e-10	0.000484038
1.20593e-10	0.000484155
1.20663e-10	0.000484271
1.20734e-10	0.000484386
1.20805e-10	0.000484501
1.20876e-10	0.000484614
1.20946e-10	0.000484726
1.21017e-10	0.000484837
1.21088e-10	0.000484947
1.21159e-10	0.000485056
1.21229e-10	0.000485164
1.213e-10	0.000485271
1.21371e-10	0.000485377
1.21441e-10	0.000485482
1.21512e-10	0.000485586
1.21583e-10	0.000485689
1.21654e-10	0.000485791
1.21724e-10	0.000485892
1.21795e-10	0.000485991
1.21866e-10	0.00048609
1.21937e-10	0.000486188
1.22007e-10	0.000486284
1.22078e-10	0.00048638
1.22149e-10	0.000486474
1.22219e-10	0.000486568
1.2229e-10	0.00048666
1.22361e-10	0.000486752
1.22432e-10	0.000486842
1.22502e-10	0.000486931
1.22573e-10	0.000487019
1.22644e-10	0.000487106
1.22715e-10	0.000487192
1.22785e-10	0.000487277
1.22856e-10	0.000487361
1.22927e-10	0.000487444
1.22997e-10	0.000487526
1.23068e-10	0.000487606
1.23139e-10	0.000487686
1.2321e-10	0.000487764
1.2328e-10	0.000487842
1.23351e-10	0.000487918
1.23422e-10	0.000487993
1.23493e-10	0.000488067
1.23563e-10	0.00048814
1.23634e-10	0.000488212
1.23705e-10	0.000488283
1.23775e-10	0.000488353
1.23846e-10	0.000488422
1.23917e-10	0.000488489
1.23988e-10	0.000488556
1.24058e-10	0.000488621
1.24129e-10	0.000488685
1.242e-10	0.000488748
1.24271e-10	0.00048881
1.24341e-10	0.000488871
1.24412e-10	0.000488931
1.24483e-10	0.00048899
1.24553e-10	0.000489047
1.24624e-10	0.000489104
1.24695e-10	0.000489159
1.24766e-10	0.000489213
1.24836e-10	0.000489266
1.24907e-10	0.000489318
1.24978e-10	0.000489369
1.25049e-10	0.000489419
1.25119e-10	0.000489467
1.2519e-10	0.000489515
1.25261e-10	0.000489561
1.25332e-10	0.000489606
1.25402e-10	0.00048965
1.25473e-10	0.000489693
1.25544e-10	0.000489735
1.25614e-10	0.000489775
1.25685e-10	0.000489815
1.25756e-10	0.000489853
1.25827e-10	0.00048989
1.25897e-10	0.000489926
1.25968e-10	0.000489961
1.26039e-10	0.000489994
1.2611e-10	0.000490027
1.2618e-10	0.000490058
1.26251e-10	0.000490088
1.26322e-10	0.000490117
1.26392e-10	0.000490145
1.26463e-10	0.000490172
1.26534e-10	0.000490197
1.26605e-10	0.000490221
1.26675e-10	0.000490245
1.26746e-10	0.000490266
1.26817e-10	0.000490287
1.26888e-10	0.000490307
1.26958e-10	0.000490325
1.27029e-10	0.000490342
1.271e-10	0.000490358
1.2717e-10	0.000490373
1.27241e-10	0.000490387
1.27312e-10	0.000490399
1.27383e-10	0.000490411
1.27453e-10	0.000490421
1.27524e-10	0.000490429
1.27595e-10	0.000490437
1.27666e-10	0.000490444
1.27736e-10	0.000490449
1.27807e-10	0.000490453
1.27878e-10	0.000490456
1.27948e-10	0.000490457
1.28019e-10	0.000490458
1.2809e-10	0.000490457
1.28161e-10	0.000490455
1.28231e-10	0.000490452
1.28302e-10	0.000490447
1.28373e-10	0.000490441
1.28444e-10	0.000490434
1.28514e-10	0.000490426
1.28585e-10	0.000490417
1.28656e-10	0.000490406
1.28726e-10	0.000490394
1.28797e-10	0.000490381
1.28868e-10	0.000490367
1.28939e-10	0.000490352
1.29009e-10	0.000490335
1.2908e-10	0.000490317
1.29151e-10	0.000490297
1.29222e-10	0.000490277
1.29292e-10	0.000490255
1.29363e-10	0.000490232
1.29434e-10	0.000490208
1.29505e-10	0.000490182
1.29575e-10	0.000490156
1.29646e-10	0.000490128
1.29717e-10	0.000490098
1.29787e-10	0.000490068
1.29858e-10	0.000490036
1.29929e-10	0.000490003
1.3e-10	0.000489968
1.3007e-10	0.000489933
1.30141e-10	0.000489896
1.30212e-10	0.000489858
1.30283e-10	0.000489818
1.30353e-10	0.000489778
1.30424e-10	0.000489736
1.30495e-10	0.000489692
1.30565e-10	0.000489648
1.30636e-10	0.000489602
1.30707e-10	0.000489555
1.30778e-10	0.000489506
1.30848e-10	0.000489457
1.30919e-10	0.000489406
1.3099e-10	0.000489353
1.31061e-10	0.0004893
1.31131e-10	0.000489245
1.31202e-10	0.000489189
1.31273e-10	0.000489131
1.31343e-10	0.000489073
1.31414e-10	0.000489012
1.31485e-10	0.000488951
1.31556e-10	0.000488888
1.31626e-10	0.000488824
1.31697e-10	0.000488759
1.31768e-10	0.000488692
1.31839e-10	0.000488624
1.31909e-10	0.000488555
1.3198e-10	0.000488484
1.32051e-10	0.000488413
1.32121e-10	0.000488339
1.32192e-10	0.000488265
1.32263e-10	0.000488189
1.32334e-10	0.000488112
1.32404e-10	0.000488033
1.32475e-10	0.000487953
1.32546e-10	0.000487872
1.32617e-10	0.000487789
1.32687e-10	0.000487705
1.32758e-10	0.00048762
1.32829e-10	0.000487533
1.32899e-10	0.000487446
1.3297e-10	0.000487356
1.33041e-10	0.000487266
1.33112e-10	0.000487174
1.33182e-10	0.00048708
1.33253e-10	0.000486985
1.33324e-10	0.000486889
1.33395e-10	0.000486792
1.33465e-10	0.000486693
1.33536e-10	0.000486593
1.33607e-10	0.000486492
1.33678e-10	0.000486389
1.33748e-10	0.000486284
1.33819e-10	0.000486179
1.3389e-10	0.000486072
1.3396e-10	0.000485963
1.34031e-10	0.000485854
1.34102e-10	0.000485743
1.34173e-10	0.00048563
1.34243e-10	0.000485516
1.34314e-10	0.000485401
1.34385e-10	0.000485284
1.34456e-10	0.000485166
1.34526e-10	0.000485047
1.34597e-10	0.000484926
1.34668e-10	0.000484804
1.34738e-10	0.00048468
1.34809e-10	0.000484555
1.3488e-10	0.000484429
1.34951e-10	0.000484301
1.35021e-10	0.000484172
1.35092e-10	0.000484041
1.35163e-10	0.000483909
1.35234e-10	0.000483776
1.35304e-10	0.000483641
1.35375e-10	0.000483505
1.35446e-10	0.000483367
1.35516e-10	0.000483228
1.35587e-10	0.000483087
1.35658e-10	0.000482945
1.35729e-10	0.000482802
1.35799e-10	0.000482657
1.3587e-10	0.000482511
1.35941e-10	0.000482363
1.36012e-10	0.000482214
1.36082e-10	0.000482064
1.36153e-10	0.000481912
1.36224e-10	0.000481759
1.36294e-10	0.000481604
1.36365e-10	0.000481448
1.36436e-10	0.00048129
1.36507e-10	0.000481131
1.36577e-10	0.00048097
1.36648e-10	0.000480808
1.36719e-10	0.000480645
1.3679e-10	0.00048048
1.3686e-10	0.000480314
1.36931e-10	0.000480146
1.37002e-10	0.000479977
1.37072e-10	0.000479806
1.37143e-10	0.000479634
1.37214e-10	0.00047946
1.37285e-10	0.000479285
1.37355e-10	0.000479108
1.37426e-10	0.00047893
1.37497e-10	0.000478751
1.37568e-10	0.00047857
1.37638e-10	0.000478387
1.37709e-10	0.000478203
1.3778e-10	0.000478018
1.37851e-10	0.000477831
1.37921e-10	0.000477643
1.37992e-10	0.000477453
1.38063e-10	0.000477262
1.38133e-10	0.000477069
1.38204e-10	0.000476875
1.38275e-10	0.000476679
1.38346e-10	0.000476482
1.38416e-10	0.000476283
1.38487e-10	0.000476082
1.38558e-10	0.000475881
1.38629e-10	0.000475677
1.38699e-10	0.000475473
1.3877e-10	0.000475266
1.38841e-10	0.000475059
1.38911e-10	0.000474849
1.38982e-10	0.000474639
1.39053e-10	0.000474426
1.39124e-10	0.000474213
1.39194e-10	0.000473997
1.39265e-10	0.00047378
1.39336e-10	0.000473562
1.39407e-10	0.000473342
1.39477e-10	0.000473121
1.39548e-10	0.000472898
1.39619e-10	0.000472674
1.39689e-10	0.000472448
1.3976e-10	0.00047222
1.39831e-10	0.000471991
1.39902e-10	0.00047176
1.39972e-10	0.000471528
1.40043e-10	0.000471295
1.40114e-10	0.00047106
1.40185e-10	0.000470823
1.40255e-10	0.000470585
1.40326e-10	0.000470345
1.40397e-10	0.000470104
1.40467e-10	0.000469861
1.40538e-10	0.000469616
1.40609e-10	0.00046937
1.4068e-10	0.000469123
1.4075e-10	0.000468874
1.40821e-10	0.000468623
1.40892e-10	0.000468371
1.40963e-10	0.000468117
1.41033e-10	0.000467862
1.41104e-10	0.000467605
1.41175e-10	0.000467347
1.41245e-10	0.000467087
1.41316e-10	0.000466825
1.41387e-10	0.000466562
1.41458e-10	0.000466297
1.41528e-10	0.000466031
1.41599e-10	0.000465763
1.4167e-10	0.000465494
1.41741e-10	0.000465223
1.41811e-10	0.00046495
1.41882e-10	0.000464676
1.41953e-10	0.0004644
1.42024e-10	0.000464123
1.42094e-10	0.000463844
1.42165e-10	0.000463563
1.42236e-10	0.000463281
1.42306e-10	0.000462997
1.42377e-10	0.000462712
1.42448e-10	0.000462425
1.42519e-10	0.000462137
1.42589e-10	0.000461847
1.4266e-10	0.000461555
1.42731e-10	0.000461262
1.42802e-10	0.000460967
1.42872e-10	0.00046067
1.42943e-10	0.000460372
1.43014e-10	0.000460072
1.43084e-10	0.000459771
1.43155e-10	0.000459468
1.43226e-10	0.000459163
1.43297e-10	0.000458857
1.43367e-10	0.000458549
1.43438e-10	0.00045824
1.43509e-10	0.000457929
1.4358e-10	0.000457616
1.4365e-10	0.000457302
1.43721e-10	0.000456986
1.43792e-10	0.000456668
1.43862e-10	0.000456349
1.43933e-10	0.000456028
1.44004e-10	0.000455705
1.44075e-10	0.000455381
1.44145e-10	0.000455056
1.44216e-10	0.000454728
1.44287e-10	0.000454399
1.44358e-10	0.000454068
1.44428e-10	0.000453736
1.44499e-10	0.000453402
1.4457e-10	0.000453066
1.4464e-10	0.000452729
1.44711e-10	0.00045239
1.44782e-10	0.000452049
1.44853e-10	0.000451707
1.44923e-10	0.000451363
1.44994e-10	0.000451018
1.45065e-10	0.00045067
1.45136e-10	0.000450321
1.45206e-10	0.000449971
1.45277e-10	0.000449619
1.45348e-10	0.000449265
1.45418e-10	0.000448909
1.45489e-10	0.000448552
1.4556e-10	0.000448193
1.45631e-10	0.000447832
1.45701e-10	0.00044747
1.45772e-10	0.000447106
1.45843e-10	0.00044674
1.45914e-10	0.000446373
1.45984e-10	0.000446004
1.46055e-10	0.000445633
1.46126e-10	0.000445261
1.46197e-10	0.000444887
1.46267e-10	0.000444511
1.46338e-10	0.000444133
1.46409e-10	0.000443754
1.46479e-10	0.000443373
1.4655e-10	0.000442991
1.46621e-10	0.000442607
1.46692e-10	0.000442221
1.46762e-10	0.000441833
1.46833e-10	0.000441443
1.46904e-10	0.000441052
1.46975e-10	0.00044066
1.47045e-10	0.000440265
1.47116e-10	0.000439869
1.47187e-10	0.000439471
1.47257e-10	0.000439071
1.47328e-10	0.00043867
1.47399e-10	0.000438267
1.4747e-10	0.000437862
1.4754e-10	0.000437455
1.47611e-10	0.000437047
1.47682e-10	0.000436637
1.47753e-10	0.000436225
1.47823e-10	0.000435812
1.47894e-10	0.000435397
1.47965e-10	0.00043498
1.48035e-10	0.000434561
1.48106e-10	0.000434141
1.48177e-10	0.000433719
1.48248e-10	0.000433295
1.48318e-10	0.000432869
1.48389e-10	0.000432442
1.4846e-10	0.000432013
1.48531e-10	0.000431582
1.48601e-10	0.000431149
1.48672e-10	0.000430715
1.48743e-10	0.000430279
1.48813e-10	0.000429841
1.48884e-10	0.000429402
1.48955e-10	0.00042896
1.49026e-10	0.000428517
1.49096e-10	0.000428072
1.49167e-10	0.000427626
1.49238e-10	0.000427177
1.49309e-10	0.000426727
1.49379e-10	0.000426275
1.4945e-10	0.000425822
1.49521e-10	0.000425366
1.49591e-10	0.000424909
1.49662e-10	0.00042445
1.49733e-10	0.000423989
1.49804e-10	0.000423527
1.49874e-10	0.000423062
1.49945e-10	0.000422596
1.50016e-10	0.000422128
1.50087e-10	0.000421659
1.50157e-10	0.000421187
1.50228e-10	0.000420714
1.50299e-10	0.000420239
1.5037e-10	0.000419762
1.5044e-10	0.000419283
1.50511e-10	0.000418803
1.50582e-10	0.000418321
1.50652e-10	0.000417837
1.50723e-10	0.000417351
1.50794e-10	0.000416864
1.50865e-10	0.000416374
1.50935e-10	0.000415883
1.51006e-10	0.00041539
1.51077e-10	0.000414895
1.51148e-10	0.000414399
1.51218e-10	0.0004139
1.51289e-10	0.0004134
1.5136e-10	0.000412898
1.5143e-10	0.000412394
1.51501e-10	0.000411889
1.51572e-10	0.000411381
1.51643e-10	0.000410872
1.51713e-10	0.000410361
1.51784e-10	0.000409848
1.51855e-10	0.000409333
1.51926e-10	0.000408817
1.51996e-10	0.000408298
1.52067e-10	0.000407778
1.52138e-10	0.000407256
1.52208e-10	0.000406732
1.52279e-10	0.000406206
1.5235e-10	0.000405679
1.52421e-10	0.000405149
1.52491e-10	0.000404618
1.52562e-10	0.000404085
1.52633e-10	0.00040355
1.52704e-10	0.000403014
1.52774e-10	0.000402475
1.52845e-10	0.000401935
1.52916e-10	0.000401392
1.52986e-10	0.000400848
1.53057e-10	0.000400302
1.53128e-10	0.000399755
1.53199e-10	0.000399205
1.53269e-10	0.000398653
1.5334e-10	0.0003981
1.53411e-10	0.000397545
1.53482e-10	0.000396988
1.53552e-10	0.000396429
1.53623e-10	0.000395868
1.53694e-10	0.000395305
1.53764e-10	0.000394741
1.53835e-10	0.000394175
1.53906e-10	0.000393606
1.53977e-10	0.000393036
1.54047e-10	0.000392464
1.54118e-10	0.00039189
1.54189e-10	0.000391315
1.5426e-10	0.000390737
1.5433e-10	0.000390158
1.54401e-10	0.000389576
1.54472e-10	0.000388993
1.54543e-10	0.000388408
1.54613e-10	0.000387821
1.54684e-10	0.000387232
1.54755e-10	0.000386641
1.54825e-10	0.000386049
1.54896e-10	0.000385454
1.54967e-10	0.000384858
1.55038e-10	0.000384259
1.55108e-10	0.000383659
1.55179e-10	0.000383057
1.5525e-10	0.000382453
1.55321e-10	0.000381847
1.55391e-10	0.00038124
1.55462e-10	0.00038063
1.55533e-10	0.000380018
1.55603e-10	0.000379405
1.55674e-10	0.000378789
1.55745e-10	0.000378172
1.55816e-10	0.000377553
1.55886e-10	0.000376932
1.55957e-10	0.000376309
1.56028e-10	0.000375684
1.56099e-10	0.000375057
1.56169e-10	0.000374428
1.5624e-10	0.000373798
1.56311e-10	0.000373165
1.56381e-10	0.000372531
1.56452e-10	0.000371894
1.56523e-10	0.000371256
1.56594e-10	0.000370616
1.56664e-10	0.000369974
1.56735e-10	0.00036933
1.56806e-10	0.000368684
1.56877e-10	0.000368036
1.56947e-10	0.000367386
1.57018e-10	0.000366734
1.57089e-10	0.00036608
1.57159e-10	0.000365425
1.5723e-10	0.000364767
1.57301e-10	0.000364108
1.57372e-10	0.000363446
1.57442e-10	0.000362783
1.57513e-10	0.000362117
1.57584e-10	0.00036145
1.57655e-10	0.000360781
1.57725e-10	0.00036011
1.57796e-10	0.000359437
1.57867e-10	0.000358762
1.57937e-10	0.000358085
1.58008e-10	0.000357406
1.58079e-10	0.000356725
1.5815e-10	0.000356042
1.5822e-10	0.000355357
1.58291e-10	0.00035467
1.58362e-10	0.000353982
1.58433e-10	0.000353291
1.58503e-10	0.000352598
1.58574e-10	0.000351904
1.58645e-10	0.000351207
1.58716e-10	0.000350509
1.58786e-10	0.000349808
1.58857e-10	0.000349106
1.58928e-10	0.000348401
1.58998e-10	0.000347695
1.59069e-10	0.000346987
1.5914e-10	0.000346276
1.59211e-10	0.000345564
1.59281e-10	0.00034485
1.59352e-10	0.000344134
1.59423e-10	0.000343415
1.59494e-10	0.000342695
1.59564e-10	0.000341973
1.59635e-10	0.000341249
1.59706e-10	0.000340523
1.59776e-10	0.000339795
1.59847e-10	0.000339065
1.59918e-10	0.000338333
1.59989e-10	0.000337599
1.60059e-10	0.000336863
1.6013e-10	0.000336125
1.60201e-10	0.000335385
1.60272e-10	0.000334643
1.60342e-10	0.000333899
1.60413e-10	0.000333153
1.60484e-10	0.000332405
1.60554e-10	0.000331655
1.60625e-10	0.000330903
1.60696e-10	0.000330149
1.60767e-10	0.000329393
1.60837e-10	0.000328635
1.60908e-10	0.000327875
1.60979e-10	0.000327113
1.6105e-10	0.000326349
1.6112e-10	0.000325583
1.61191e-10	0.000324815
1.61262e-10	0.000324045
1.61332e-10	0.000323273
1.61403e-10	0.000322499
1.61474e-10	0.000321723
1.61545e-10	0.000320945
1.61615e-10	0.000320165
1.61686e-10	0.000319383
1.61757e-10	0.000318599
1.61828e-10	0.000317813
1.61898e-10	0.000317025
1.61969e-10	0.000316235
1.6204e-10	0.000315443
1.6211e-10	0.000314649
1.62181e-10	0.000313852
1.62252e-10	0.000313054
1.62323e-10	0.000312254
1.62393e-10	0.000311452
1.62464e-10	0.000310648
1.62535e-10	0.000309841
1.62606e-10	0.000309033
1.62676e-10	0.000308223
1.62747e-10	0.00030741
1.62818e-10	0.000306596
1.62889e-10	0.000305779
1.62959e-10	0.000304961
1.6303e-10	0.00030414
1.63101e-10	0.000303318
1.63171e-10	0.000302493
1.63242e-10	0.000301667
1.63313e-10	0.000300838
1.63384e-10	0.000300007
1.63454e-10	0.000299174
1.63525e-10	0.00029834
1.63596e-10	0.000297503
1.63667e-10	0.000296664
1.63737e-10	0.000295823
1.63808e-10	0.00029498
1.63879e-10	0.000294135
1.63949e-10	0.000293288
1.6402e-10	0.000292439
1.64091e-10	0.000291587
1.64162e-10	0.000290734
1.64232e-10	0.000289879
1.64303e-10	0.000289022
1.64374e-10	0.000288162
1.64445e-10	0.000287301
1.64515e-10	0.000286437
1.64586e-10	0.000285572
1.64657e-10	0.000284704
1.64727e-10	0.000283834
1.64798e-10	0.000282963
1.64869e-10	0.000282089
1.6494e-10	0.000281213
1.6501e-10	0.000280335
1.65081e-10	0.000279455
1.65152e-10	0.000278573
1.65223e-10	0.000277689
1.65293e-10	0.000276802
1.65364e-10	0.000275914
1.65435e-10	0.000275024
1.65505e-10	0.000274131
1.65576e-10	0.000273237
1.65647e-10	0.00027234
1.65718e-10	0.000271441
1.65788e-10	0.000270541
1.65859e-10	0.000269638
1.6593e-10	0.000268733
1.66001e-10	0.000267826
1.66071e-10	0.000266917
1.66142e-10	0.000266006
1.66213e-10	0.000265093
1.66284e-10	0.000264177
1.66354e-10	0.00026326
1.66425e-10	0.00026234
1.66496e-10	0.000261419
1.66566e-10	0.000260495
1.66637e-10	0.00025957
1.66708e-10	0.000258642
1.66779e-10	0.000257712
1.66849e-10	0.00025678
1.6692e-10	0.000255846
1.66991e-10	0.00025491
1.67062e-10	0.000253971
1.67132e-10	0.000253031
1.67203e-10	0.000252088
1.67274e-10	0.000251144
1.67344e-10	0.000250197
1.67415e-10	0.000249248
1.67486e-10	0.000248298
1.67557e-10	0.000247345
1.67627e-10	0.00024639
1.67698e-10	0.000245432
1.67769e-10	0.000244473
1.6784e-10	0.000243512
1.6791e-10	0.000242548
1.67981e-10	0.000241583
1.68052e-10	0.000240615
1.68122e-10	0.000239645
1.68193e-10	0.000238673
1.68264e-10	0.000237699
1.68335e-10	0.000236723
1.68405e-10	0.000235745
1.68476e-10	0.000234765
1.68547e-10	0.000233782
1.68618e-10	0.000232798
1.68688e-10	0.000231811
1.68759e-10	0.000230822
1.6883e-10	0.000229831
1.689e-10	0.000228838
1.68971e-10	0.000227843
1.69042e-10	0.000226846
1.69113e-10	0.000225847
1.69183e-10	0.000224845
1.69254e-10	0.000223842
1.69325e-10	0.000222836
1.69396e-10	0.000221828
1.69466e-10	0.000220818
1.69537e-10	0.000219806
1.69608e-10	0.000218792
1.69678e-10	0.000217775
1.69749e-10	0.000216757
1.6982e-10	0.000215736
1.69891e-10	0.000214714
1.69961e-10	0.000213689
1.70032e-10	0.000212662
1.70103e-10	0.000211633
1.70174e-10	0.000210602
1.70244e-10	0.000209568
1.70315e-10	0.000208533
1.70386e-10	0.000207495
1.70457e-10	0.000206455
1.70527e-10	0.000205414
1.70598e-10	0.00020437
1.70669e-10	0.000203323
1.70739e-10	0.000202275
1.7081e-10	0.000201225
1.70881e-10	0.000200172
1.70952e-10	0.000199117
1.71022e-10	0.000198061
1.71093e-10	0.000197002
1.71164e-10	0.000195941
1.71235e-10	0.000194877
1.71305e-10	0.000193812
1.71376e-10	0.000192744
1.71447e-10	0.000191675
1.71517e-10	0.000190603
1.71588e-10	0.000189529
1.71659e-10	0.000188453
1.7173e-10	0.000187375
1.718e-10	0.000186294
1.71871e-10	0.000185212
1.71942e-10	0.000184127
1.72013e-10	0.00018304
1.72083e-10	0.000181951
1.72154e-10	0.00018086
1.72225e-10	0.000179767
1.72295e-10	0.000178672
1.72366e-10	0.000177574
1.72437e-10	0.000176474
1.72508e-10	0.000175373
1.72578e-10	0.000174269
1.72649e-10	0.000173162
1.7272e-10	0.000172054
1.72791e-10	0.000170944
1.72861e-10	0.000169831
1.72932e-10	0.000168716
1.73003e-10	0.000167599
1.73073e-10	0.00016648
1.73144e-10	0.000165359
1.73215e-10	0.000164236
1.73286e-10	0.00016311
1.73356e-10	0.000161982
1.73427e-10	0.000160853
1.73498e-10	0.000159721
1.73569e-10	0.000158586
1.73639e-10	0.00015745
1.7371e-10	0.000156312
1.73781e-10	0.000155171
1.73851e-10	0.000154028
1.73922e-10	0.000152883
1.73993e-10	0.000151736
1.74064e-10	0.000150587
1.74134e-10	0.000149435
1.74205e-10	0.000148282
1.74276e-10	0.000147126
1.74347e-10	0.000145968
1.74417e-10	0.000144808
1.74488e-10	0.000143645
1.74559e-10	0.000142481
1.7463e-10	0.000141314
1.747e-10	0.000140146
1.74771e-10	0.000138975
1.74842e-10	0.000137802
1.74912e-10	0.000136626
1.74983e-10	0.000135449
1.75054e-10	0.000134269
1.75125e-10	0.000133087
1.75195e-10	0.000131903
1.75266e-10	0.000130717
1.75337e-10	0.000129529
1.75408e-10	0.000128339
1.75478e-10	0.000127146
1.75549e-10	0.000125951
1.7562e-10	0.000124754
1.7569e-10	0.000123555
1.75761e-10	0.000122354
1.75832e-10	0.00012115
1.75903e-10	0.000119945
1.75973e-10	0.000118737
1.76044e-10	0.000117527
1.76115e-10	0.000116314
1.76186e-10	0.0001151
1.76256e-10	0.000113884
1.76327e-10	0.000112665
1.76398e-10	0.000111444
1.76468e-10	0.000110221
1.76539e-10	0.000108996
1.7661e-10	0.000107768
1.76681e-10	0.000106539
1.76751e-10	0.000105307
1.76822e-10	0.000104073
1.76893e-10	0.000102837
1.76964e-10	0.000101599
1.77034e-10	0.000100358
1.77105e-10	9.91155e-05
1.77176e-10	9.78707e-05
1.77246e-10	9.66237e-05
1.77317e-10	9.53745e-05
1.77388e-10	9.41231e-05
1.77459e-10	9.28696e-05
1.77529e-10	9.16139e-05
1.776e-10	9.0356e-05
1.77671e-10	8.90959e-05
1.77742e-10	8.78336e-05
1.77812e-10	8.65692e-05
1.77883e-10	8.53025e-05
1.77954e-10	8.40337e-05
1.78024e-10	8.27628e-05
1.78095e-10	8.14896e-05
1.78166e-10	8.02143e-05
1.78237e-10	7.89367e-05
1.78307e-10	7.7657e-05
1.78378e-10	7.63751e-05
1.78449e-10	7.50911e-05
1.7852e-10	7.38048e-05
1.7859e-10	7.25164e-05
1.78661e-10	7.12257e-05
1.78732e-10	6.99329e-05
1.78803e-10	6.86379e-05
1.78873e-10	6.73408e-05
1.78944e-10	6.60414e-05
1.79015e-10	6.47399e-05
1.79085e-10	6.34362e-05
1.79156e-10	6.21303e-05
1.79227e-10	6.08222e-05
1.79298e-10	5.95119e-05
1.79368e-10	5.81995e-05
1.79439e-10	5.68848e-05
1.7951e-10	5.5568e-05
1.79581e-10	5.4249e-05
1.79651e-10	5.29278e-05
1.79722e-10	5.16045e-05
1.79793e-10	5.02789e-05
1.79863e-10	4.89512e-05
1.79934e-10	4.76212e-05
1.80005e-10	4.62891e-05
1.80076e-10	4.49548e-05
1.80146e-10	4.36184e-05
1.80217e-10	4.22797e-05
1.80288e-10	4.09389e-05
1.80359e-10	3.95958e-05
1.80429e-10	3.82506e-05
1.805e-10	3.69032e-05
1.80571e-10	3.55536e-05
1.80641e-10	3.42019e-05
1.80712e-10	3.28479e-05
1.80783e-10	3.14918e-05
1.80854e-10	3.01335e-05
1.80924e-10	2.87729e-05
1.80995e-10	2.74103e-05
1.81066e-10	2.60454e-05
1.81137e-10	2.46783e-05
1.81207e-10	2.33091e-05
1.81278e-10	2.19377e-05
1.81349e-10	2.0564e-05
1.81419e-10	1.91882e-05
1.8149e-10	1.78103e-05
1.81561e-10	1.64301e-05
1.81632e-10	1.50477e-05
1.81702e-10	1.36632e-05
1.81773e-10	1.22765e-05
1.81844e-10	1.08876e-05
1.81915e-10	9.49652e-06
1.81985e-10	8.10325e-06
1.82056e-10	6.7078e-06
1.82127e-10	5.31017e-06
1.82197e-10	3.91035e-06
1.82268e-10	2.50835e-06
1.82339e-10	1.10417e-06
1.8241e-10	-3.02193e-07
1.8248e-10	-1.71074e-06
1.82551e-10	-3.12147e-06
1.82622e-10	-4.53438e-06
1.82693e-10	-5.94948e-06
1.82763e-10	-7.36675e-06
1.82834e-10	-8.78621e-06
1.82905e-10	-1.02078e-05
1.82976e-10	-1.16317e-05
1.83046e-10	-1.30577e-05
1.83117e-10	-1.44859e-05
1.83188e-10	-1.59162e-05
1.83258e-10	-1.73488e-05
1.83329e-10	-1.87835e-05
1.834e-10	-2.02204e-05
1.83471e-10	-2.16595e-05
1.83541e-10	-2.31007e-05
1.83612e-10	-2.45442e-05
1.83683e-10	-2.59898e-05
1.83754e-10	-2.74376e-05
1.83824e-10	-2.88876e-05
1.83895e-10	-3.03398e-05
1.83966e-10	-3.17941e-05
1.84036e-10	-3.32506e-05
1.84107e-10	-3.47093e-05
1.84178e-10	-3.61702e-05
1.84249e-10	-3.76332e-05
1.84319e-10	-3.90984e-05
1.8439e-10	-4.05658e-05
1.84461e-10	-4.20354e-05
1.84532e-10	-4.35072e-05
1.84602e-10	-4.49811e-05
1.84673e-10	-4.64572e-05
1.84744e-10	-4.79355e-05
1.84814e-10	-4.94159e-05
1.84885e-10	-5.08986e-05
1.84956e-10	-5.23834e-05
1.85027e-10	-5.38703e-05
1.85097e-10	-5.53595e-05
1.85168e-10	-5.68508e-05
1.85239e-10	-5.83443e-05
1.8531e-10	-5.984e-05
1.8538e-10	-6.13378e-05
1.85451e-10	-6.28378e-05
1.85522e-10	-6.434e-05
1.85592e-10	-6.58443e-05
1.85663e-10	-6.73508e-05
1.85734e-10	-6.88595e-05
1.85805e-10	-7.03704e-05
1.85875e-10	-7.18834e-05
1.85946e-10	-7.33986e-05
1.86017e-10	-7.4916e-05
1.86088e-10	-7.64355e-05
1.86158e-10	-7.79572e-05
1.86229e-10	-7.94811e-05
1.863e-10	-8.10071e-05
1.8637e-10	-8.25353e-05
1.86441e-10	-8.40657e-05
1.86512e-10	-8.55982e-05
1.86583e-10	-8.71329e-05
1.86653e-10	-8.86697e-05
1.86724e-10	-9.02087e-05
1.86795e-10	-9.17499e-05
1.86866e-10	-9.32933e-05
1.86936e-10	-9.48388e-05
1.87007e-10	-9.63864e-05
1.87078e-10	-9.79362e-05
1.87149e-10	-9.94882e-05
1.87219e-10	-0.000101042
1.8729e-10	-0.000102599
1.87361e-10	-0.000104157
1.87431e-10	-0.000105718
1.87502e-10	-0.000107281
1.87573e-10	-0.000108845
1.87644e-10	-0.000110413
1.87714e-10	-0.000111982
1.87785e-10	-0.000113553
1.87856e-10	-0.000115127
1.87927e-10	-0.000116702
1.87997e-10	-0.00011828
1.88068e-10	-0.00011986
1.88139e-10	-0.000121442
1.88209e-10	-0.000123027
1.8828e-10	-0.000124613
1.88351e-10	-0.000126202
1.88422e-10	-0.000127793
1.88492e-10	-0.000129386
1.88563e-10	-0.000130981
1.88634e-10	-0.000132578
1.88705e-10	-0.000134177
1.88775e-10	-0.000135779
1.88846e-10	-0.000137382
1.88917e-10	-0.000138988
1.88987e-10	-0.000140596
1.89058e-10	-0.000142206
1.89129e-10	-0.000143818
1.892e-10	-0.000145433
1.8927e-10	-0.000147049
1.89341e-10	-0.000148668
1.89412e-10	-0.000150289
1.89483e-10	-0.000151912
1.89553e-10	-0.000153537
1.89624e-10	-0.000155164
1.89695e-10	-0.000156793
1.89765e-10	-0.000158425
1.89836e-10	-0.000160058
1.89907e-10	-0.000161694
1.89978e-10	-0.000163332
1.90048e-10	-0.000164972
1.90119e-10	-0.000166614
1.9019e-10	-0.000168258
1.90261e-10	-0.000169905
1.90331e-10	-0.000171553
1.90402e-10	-0.000173204
1.90473e-10	-0.000174857
1.90543e-10	-0.000176511
1.90614e-10	-0.000178168
1.90685e-10	-0.000179828
1.90756e-10	-0.000181489
1.90826e-10	-0.000183152
1.90897e-10	-0.000184818
1.90968e-10	-0.000186485
1.91039e-10	-0.000188155
1.91109e-10	-0.000189827
1.9118e-10	-0.000191501
1.91251e-10	-0.000193177
1.91322e-10	-0.000194855
1.91392e-10	-0.000196536
1.91463e-10	-0.000198218
1.91534e-10	-0.000199903
1.91604e-10	-0.00020159
1.91675e-10	-0.000203278
1.91746e-10	-0.000204969
1.91817e-10	-0.000206662
1.91887e-10	-0.000208357
1.91958e-10	-0.000210055
1.92029e-10	-0.000211754
1.921e-10	-0.000213456
1.9217e-10	-0.000215159
1.92241e-10	-0.000216865
1.92312e-10	-0.000218573
1.92382e-10	-0.000220282
1.92453e-10	-0.000221994
1.92524e-10	-0.000223709
1.92595e-10	-0.000225425
1.92665e-10	-0.000227143
1.92736e-10	-0.000228863
1.92807e-10	-0.000230586
1.92878e-10	-0.00023231
1.92948e-10	-0.000234037
1.93019e-10	-0.000235766
1.9309e-10	-0.000237497
1.9316e-10	-0.00023923
1.93231e-10	-0.000240965
1.93302e-10	-0.000242702
1.93373e-10	-0.000244441
1.93443e-10	-0.000246182
1.93514e-10	-0.000247926
1.93585e-10	-0.000249671
1.93656e-10	-0.000251419
1.93726e-10	-0.000253168
1.93797e-10	-0.00025492
1.93868e-10	-0.000256674
1.93938e-10	-0.00025843
1.94009e-10	-0.000260187
1.9408e-10	-0.000261947
1.94151e-10	-0.00026371
1.94221e-10	-0.000265474
1.94292e-10	-0.00026724
1.94363e-10	-0.000269008
1.94434e-10	-0.000270779
1.94504e-10	-0.000272551
1.94575e-10	-0.000274326
1.94646e-10	-0.000276102
1.94716e-10	-0.000277881
1.94787e-10	-0.000279661
1.94858e-10	-0.000281444
1.94929e-10	-0.000283229
1.94999e-10	-0.000285016
1.9507e-10	-0.000286805
1.95141e-10	-0.000288596
1.95212e-10	-0.000290389
1.95282e-10	-0.000292184
1.95353e-10	-0.000293981
1.95424e-10	-0.00029578
1.95495e-10	-0.000297582
1.95565e-10	-0.000299385
1.95636e-10	-0.00030119
1.95707e-10	-0.000302998
1.95777e-10	-0.000304807
1.95848e-10	-0.000306619
1.95919e-10	-0.000308432
1.9599e-10	-0.000310248
1.9606e-10	-0.000312065
1.96131e-10	-0.000313885
1.96202e-10	-0.000315707
1.96273e-10	-0.000317531
1.96343e-10	-0.000319356
1.96414e-10	-0.000321184
1.96485e-10	-0.000323014
1.96555e-10	-0.000324846
1.96626e-10	-0.00032668
1.96697e-10	-0.000328516
1.96768e-10	-0.000330354
1.96838e-10	-0.000332193
1.96909e-10	-0.000334035
1.9698e-10	-0.000335879
1.97051e-10	-0.000337726
1.97121e-10	-0.000339574
1.97192e-10	-0.000341424
1.97263e-10	-0.000343276
1.97333e-10	-0.00034513
1.97404e-10	-0.000346986
1.97475e-10	-0.000348844
1.97546e-10	-0.000350704
1.97616e-10	-0.000352566
1.97687e-10	-0.00035443
1.97758e-10	-0.000356297
1.97829e-10	-0.000358165
1.97899e-10	-0.000360035
1.9797e-10	-0.000361907
1.98041e-10	-0.000363781
1.98111e-10	-0.000365657
1.98182e-10	-0.000367535
1.98253e-10	-0.000369416
1.98324e-10	-0.000371298
1.98394e-10	-0.000373182
1.98465e-10	-0.000375068
1.98536e-10	-0.000376956
1.98607e-10	-0.000378846
1.98677e-10	-0.000380738
1.98748e-10	-0.000382632
1.98819e-10	-0.000384528
1.98889e-10	-0.000386426
1.9896e-10	-0.000388326
1.99031e-10	-0.000390228
1.99102e-10	-0.000392132
1.99172e-10	-0.000394038
1.99243e-10	-0.000395946
1.99314e-10	-0.000397855
1.99385e-10	-0.000399767
1.99455e-10	-0.000401681
1.99526e-10	-0.000403597
1.99597e-10	-0.000405514
1.99668e-10	-0.000407434
1.99738e-10	-0.000409356
1.99809e-10	-0.000411279
1.9988e-10	-0.000413205
1.9995e-10	-0.000415132
2.00021e-10	-0.000417062
2.00092e-10	-0.000418993
2.00163e-10	-0.000420926
2.00233e-10	-0.000422861
2.00304e-10	-0.000424799
2.00375e-10	-0.000426738
2.00446e-10	-0.000428679
2.00516e-10	-0.000430622
2.00587e-10	-0.000432567
2.00658e-10	-0.000434514
2.00728e-10	-0.000436463
2.00799e-10	-0.000438413
2.0087e-10	-0.000440366
2.00941e-10	-0.000442321
2.01011e-10	-0.000444277
2.01082e-10	-0.000446236
2.01153e-10	-0.000448196
2.01224e-10	-0.000450158
2.01294e-10	-0.000452122
2.01365e-10	-0.000454089
2.01436e-10	-0.000456057
2.01506e-10	-0.000458027
2.01577e-10	-0.000459998
2.01648e-10	-0.000461972
2.01719e-10	-0.000463948
2.01789e-10	-0.000465925
2.0186e-10	-0.000467905
2.01931e-10	-0.000469886
2.02002e-10	-0.00047187
2.02072e-10	-0.000473855
2.02143e-10	-0.000475842
2.02214e-10	-0.000477831
2.02284e-10	-0.000479822
2.02355e-10	-0.000481814
2.02426e-10	-0.000483809
2.02497e-10	-0.000485805
2.02567e-10	-0.000487804
2.02638e-10	-0.000489804
2.02709e-10	-0.000491806
2.0278e-10	-0.00049381
2.0285e-10	-0.000495816
2.02921e-10	-0.000497824
2.02992e-10	-0.000499833
2.03062e-10	-0.000501845
2.03133e-10	-0.000503858
2.03204e-10	-0.000505873
2.03275e-10	-0.000507891
2.03345e-10	-0.000509909
2.03416e-10	-0.00051193
2.03487e-10	-0.000513953
2.03558e-10	-0.000515977
2.03628e-10	-0.000518004
2.03699e-10	-0.000520032
2.0377e-10	-0.000522062
2.03841e-10	-0.000524094
2.03911e-10	-0.000526127
2.03982e-10	-0.000528163
2.04053e-10	-0.0005302
2.04123e-10	-0.00053224
2.04194e-10	-0.000534281
2.04265e-10	-0.000536324
2.04336e-10	-0.000538368
2.04406e-10	-0.000540415
2.04477e-10	-0.000542463
2.04548e-10	-0.000544513
2.04619e-10	-0.000546565
2.04689e-10	-0.000548619
2.0476e-10	-0.000550675
2.04831e-10	-0.000552732
2.04901e-10	-0.000554791
2.04972e-10	-0.000556852
2.05043e-10	-0.000558915
2.05114e-10	-0.00056098
2.05184e-10	-0.000563046
2.05255e-10	-0.000565115
2.05326e-10	-0.000567185
2.05397e-10	-0.000569256
2.05467e-10	-0.00057133
2.05538e-10	-0.000573405
2.05609e-10	-0.000575483
2.05679e-10	-0.000577562
2.0575e-10	-0.000579642
2.05821e-10	-0.000581725
2.05892e-10	-0.000583809
2.05962e-10	-0.000585895
2.06033e-10	-0.000587983
2.06104e-10	-0.000590073
2.06175e-10	-0.000592164
2.06245e-10	-0.000594257
2.06316e-10	-0.000596352
2.06387e-10	-0.000598449
2.06457e-10	-0.000600547
2.06528e-10	-0.000602647
2.06599e-10	-0.000604749
2.0667e-10	-0.000606853
2.0674e-10	-0.000608958
2.06811e-10	-0.000611066
2.06882e-10	-0.000613174
2.06953e-10	-0.000615285
2.07023e-10	-0.000617397
2.07094e-10	-0.000619511
2.07165e-10	-0.000621627
2.07235e-10	-0.000623745
2.07306e-10	-0.000625864
2.07377e-10	-0.000627985
2.07448e-10	-0.000630108
2.07518e-10	-0.000632232
2.07589e-10	-0.000634358
2.0766e-10	-0.000636486
2.07731e-10	-0.000638616
2.07801e-10	-0.000640747
2.07872e-10	-0.00064288
2.07943e-10	-0.000645015
2.08014e-10	-0.000647151
2.08084e-10	-0.000649289
2.08155e-10	-0.000651429
2.08226e-10	-0.00065357
2.08296e-10	-0.000655714
2.08367e-10	-0.000657858
2.08438e-10	-0.000660005
2.08509e-10	-0.000662153
2.08579e-10	-0.000664303
2.0865e-10	-0.000666454
2.08721e-10	-0.000668608
2.08792e-10	-0.000670763
2.08862e-10	-0.000672919
2.08933e-10	-0.000675077
2.09004e-10	-0.000677237
2.09074e-10	-0.000679399
2.09145e-10	-0.000681562
2.09216e-10	-0.000683727
2.09287e-10	-0.000685893
2.09357e-10	-0.000688061
2.09428e-10	-0.000690231
2.09499e-10	-0.000692402
2.0957e-10	-0.000694575
2.0964e-10	-0.00069675
2.09711e-10	-0.000698926
2.09782e-10	-0.000701104
2.09852e-10	-0.000703284
2.09923e-10	-0.000705465
2.09994e-10	-0.000707648
2.10065e-10	-0.000709832
2.10135e-10	-0.000712018
2.10206e-10	-0.000714206
2.10277e-10	-0.000716395
2.10348e-10	-0.000718586
2.10418e-10	-0.000720778
2.10489e-10	-0.000722972
2.1056e-10	-0.000725168
2.1063e-10	-0.000727365
2.10701e-10	-0.000729564
2.10772e-10	-0.000731765
2.10843e-10	-0.000733967
2.10913e-10	-0.00073617
2.10984e-10	-0.000738375
2.11055e-10	-0.000740582
2.11126e-10	-0.00074279
2.11196e-10	-0.000745
2.11267e-10	-0.000747212
2.11338e-10	-0.000749425
2.11409e-10	-0.000751639
2.11479e-10	-0.000753855
2.1155e-10	-0.000756073
2.11621e-10	-0.000758292
2.11691e-10	-0.000760513
2.11762e-10	-0.000762735
2.11833e-10	-0.000764959
2.11904e-10	-0.000767184
2.11974e-10	-0.000769411
2.12045e-10	-0.00077164
2.12116e-10	-0.00077387
2.12187e-10	-0.000776101
2.12257e-10	-0.000778334
2.12328e-10	-0.000780569
2.12399e-10	-0.000782805
2.12469e-10	-0.000785043
2.1254e-10	-0.000787282
2.12611e-10	-0.000789522
2.12682e-10	-0.000791764
2.12752e-10	-0.000794008
2.12823e-10	-0.000796253
2.12894e-10	-0.0007985
2.12965e-10	-0.000800748
2.13035e-10	-0.000802997
2.13106e-10	-0.000805248
2.13177e-10	-0.000807501
2.13247e-10	-0.000809755
2.13318e-10	-0.00081201
2.13389e-10	-0.000814267
2.1346e-10	-0.000816526
2.1353e-10	-0.000818785
2.13601e-10	-0.000821047
2.13672e-10	-0.00082331
2.13743e-10	-0.000825574
2.13813e-10	-0.000827839
2.13884e-10	-0.000830107
2.13955e-10	-0.000832375
2.14025e-10	-0.000834645
2.14096e-10	-0.000836917
2.14167e-10	-0.00083919
2.14238e-10	-0.000841464
2.14308e-10	-0.00084374
2.14379e-10	-0.000846017
2.1445e-10	-0.000848295
2.14521e-10	-0.000850575
2.14591e-10	-0.000852857
2.14662e-10	-0.00085514
2.14733e-10	-0.000857424
2.14803e-10	-0.000859709
2.14874e-10	-0.000861996
2.14945e-10	-0.000864285
2.15016e-10	-0.000866575
2.15086e-10	-0.000868866
2.15157e-10	-0.000871158
2.15228e-10	-0.000873452
2.15299e-10	-0.000875748
2.15369e-10	-0.000878044
2.1544e-10	-0.000880343
2.15511e-10	-0.000882642
2.15582e-10	-0.000884943
2.15652e-10	-0.000887245
2.15723e-10	-0.000889548
2.15794e-10	-0.000891853
2.15864e-10	-0.00089416
2.15935e-10	-0.000896467
2.16006e-10	-0.000898776
2.16077e-10	-0.000901086
2.16147e-10	-0.000903398
2.16218e-10	-0.000905711
2.16289e-10	-0.000908025
2.1636e-10	-0.000910341
2.1643e-10	-0.000912657
2.16501e-10	-0.000914976
2.16572e-10	-0.000917295
2.16642e-10	-0.000919616
2.16713e-10	-0.000921938
2.16784e-10	-0.000924262
2.16855e-10	-0.000926586
2.16925e-10	-0.000928912
2.16996e-10	-0.00093124
2.17067e-10	-0.000933568
2.17138e-10	-0.000935898
2.17208e-10	-0.000938229
2.17279e-10	-0.000940562
2.1735e-10	-0.000942895
2.1742e-10	-0.00094523
2.17491e-10	-0.000947566
2.17562e-10	-0.000949904
2.17633e-10	-0.000952243
2.17703e-10	-0.000954583
2.17774e-10	-0.000956924
2.17845e-10	-0.000959266
2.17916e-10	-0.00096161
2.17986e-10	-0.000963955
2.18057e-10	-0.000966301
2.18128e-10	-0.000968649
2.18198e-10	-0.000970997
2.18269e-10	-0.000973347
2.1834e-10	-0.000975698
2.18411e-10	-0.00097805
2.18481e-10	-0.000980404
2.18552e-10	-0.000982759
2.18623e-10	-0.000985114
2.18694e-10	-0.000987472
2.18764e-10	-0.00098983
2.18835e-10	-0.000992189
2.18906e-10	-0.00099455
2.18976e-10	-0.000996912
2.19047e-10	-0.000999275
2.19118e-10	-0.00100164
2.19189e-10	-0.001004
2.19259e-10	-0.00100637
2.1933e-10	-0.00100874
2.19401e-10	-0.00101111
2.19472e-10	-0.00101348
2.19542e-10	-0.00101585
2.19613e-10	-0.00101822
2.19684e-10	-0.00102059
2.19755e-10	-0.00102297
2.19825e-10	-0.00102534
2.19896e-10	-0.00102772
2.19967e-10	-0.0010301
2.20037e-10	-0.00103248
2.20108e-10	-0.00103486
2.20179e-10	-0.00103724
2.2025e-10	-0.00103962
2.2032e-10	-0.00104201
2.20391e-10	-0.00104439
2.20462e-10	-0.00104678
2.20533e-10	-0.00104916
2.20603e-10	-0.00105155
2.20674e-10	-0.00105394
2.20745e-10	-0.00105633
2.20815e-10	-0.00105872
2.20886e-10	-0.00106111
2.20957e-10	-0.00106351
2.21028e-10	-0.0010659
2.21098e-10	-0.0010683
2.21169e-10	-0.00107069
2.2124e-10	-0.00107309
2.21311e-10	-0.00107549
2.21381e-10	-0.00107789
2.21452e-10	-0.00108029
2.21523e-10	-0.00108269
2.21593e-10	-0.00108509
2.21664e-10	-0.0010875
2.21735e-10	-0.0010899
2.21806e-10	-0.00109231
2.21876e-10	-0.00109471
2.21947e-10	-0.00109712
2.22018e-10	-0.00109953
2.22089e-10	-0.00110194
2.22159e-10	-0.00110435
2.2223e-10	-0.00110676
2.22301e-10	-0.00110917
2.22371e-10	-0.00111159
2.22442e-10	-0.001114
2.22513e-10	-0.00111642
2.22584e-10	-0.00111883
2.22654e-10	-0.00112125
2.22725e-10	-0.00112367
2.22796e-10	-0.00112609
2.22867e-10	-0.00112851
2.22937e-10	-0.00113093
2.23008e-10	-0.00113335
2.23079e-10	-0.00113578
2.23149e-10	-0.0011382
2.2322e-10	-0.00114063
2.23291e-10	-0.00114305
2.23362e-10	-0.00114548
2.23432e-10	-0.00114791
2.23503e-10	-0.00115034
2.23574e-10	-0.00115277
2.23645e-10	-0.0011552
2.23715e-10	-0.00115763
2.23786e-10	-0.00116006
2.23857e-10	-0.00116249
2.23928e-10	-0.00116493
2.23998e-10	-0.00116736
2.24069e-10	-0.0011698
2.2414e-10	-0.00117223
2.2421e-10	-0.00117467
2.24281e-10	-0.00117711
2.24352e-10	-0.00117955
2.24423e-10	-0.00118199
2.24493e-10	-0.00118443
2.24564e-10	-0.00118687
2.24635e-10	-0.00118931
2.24706e-10	-0.00119176
2.24776e-10	-0.0011942
2.24847e-10	-0.00119665
2.24918e-10	-0.00119909
2.24988e-10	-0.00120154
2.25059e-10	-0.00120399
2.2513e-10	-0.00120643
2.25201e-10	-0.00120888
2.25271e-10	-0.00121133
2.25342e-10	-0.00121378
2.25413e-10	-0.00121624
2.25484e-10	-0.00121869
2.25554e-10	-0.00122114
2.25625e-10	-0.00122359
2.25696e-10	-0.00122605
2.25766e-10	-0.0012285
2.25837e-10	-0.00123096
2.25908e-10	-0.00123342
2.25979e-10	-0.00123587
2.26049e-10	-0.00123833
2.2612e-10	-0.00124079
2.26191e-10	-0.00124325
2.26262e-10	-0.00124571
2.26332e-10	-0.00124817
2.26403e-10	-0.00125063
2.26474e-10	-0.0012531
2.26544e-10	-0.00125556
2.26615e-10	-0.00125802
2.26686e-10	-0.00126049
2.26757e-10	-0.00126295
2.26827e-10	-0.00126542
2.26898e-10	-0.00126789
2.26969e-10	-0.00127035
2.2704e-10	-0.00127282
2.2711e-10	-0.00127529
2.27181e-10	-0.00127776
2.27252e-10	-0.00128023
2.27322e-10	-0.0012827
2.27393e-10	-0.00128517
2.27464e-10	-0.00128764
2.27535e-10	-0.00129012
2.27605e-10	-0.00129259
2.27676e-10	-0.00129506
2.27747e-10	-0.00129754
2.27818e-10	-0.00130001
2.27888e-10	-0.00130249
2.27959e-10	-0.00130496
2.2803e-10	-0.00130744
2.28101e-10	-0.00130992
2.28171e-10	-0.0013124
2.28242e-10	-0.00131487
2.28313e-10	-0.00131735
2.28383e-10	-0.00131983
2.28454e-10	-0.00132231
2.28525e-10	-0.00132479
2.28596e-10	-0.00132728
2.28666e-10	-0.00132976
2.28737e-10	-0.00133224
2.28808e-10	-0.00133472
2.28879e-10	-0.00133721
2.28949e-10	-0.00133969
2.2902e-10	-0.00134218
2.29091e-10	-0.00134466
2.29161e-10	-0.00134715
2.29232e-10	-0.00134963
2.29303e-10	-0.00135212
2.29374e-10	-0.00135461
2.29444e-10	-0.00135709
2.29515e-10	-0.00135958
2.29586e-10	-0.00136207
2.29657e-10	-0.00136456
2.29727e-10	-0.00136705
2.29798e-10	-0.00136954
2.29869e-10	-0.00137203
2.29939e-10	-0.00137452
2.3001e-10	-0.00137701
2.30081e-10	-0.0013795
2.30152e-10	-0.001382
2.30222e-10	-0.00138449
2.30293e-10	-0.00138698
2.30364e-10	-0.00138948
2.30435e-10	-0.00139197
2.30505e-10	-0.00139446
2.30576e-10	-0.00139696
2.30647e-10	-0.00139945
2.30717e-10	-0.00140195
2.30788e-10	-0.00140445
2.30859e-10	-0.00140694
2.3093e-10	-0.00140944
2.31e-10	-0.00141194
2.31071e-10	-0.00141443
2.31142e-10	-0.00141693
2.31213e-10	-0.00141943
2.31283e-10	-0.00142193
2.31354e-10	-0.00142443
2.31425e-10	-0.00142693
2.31495e-10	-0.00142943
2.31566e-10	-0.00143192
2.31637e-10	-0.00143443
2.31708e-10	-0.00143693
2.31778e-10	-0.00143943
2.31849e-10	-0.00144193
2.3192e-10	-0.00144443
2.31991e-10	-0.00144693
2.32061e-10	-0.00144943
2.32132e-10	-0.00145194
2.32203e-10	-0.00145444
2.32274e-10	-0.00145694
2.32344e-10	-0.00145944
2.32415e-10	-0.00146195
2.32486e-10	-0.00146445
2.32556e-10	-0.00146695
2.32627e-10	-0.00146946
2.32698e-10	-0.00147196
2.32769e-10	-0.00147447
2.32839e-10	-0.00147697
2.3291e-10	-0.00147948
2.32981e-10	-0.00148198
2.33052e-10	-0.00148449
2.33122e-10	-0.00148699
2.33193e-10	-0.0014895
2.33264e-10	-0.00149201
2.33334e-10	-0.00149451
2.33405e-10	-0.00149702
2.33476e-10	-0.00149952
2.33547e-10	-0.00150203
2.33617e-10	-0.00150454
2.33688e-10	-0.00150705
2.33759e-10	-0.00150955
2.3383e-10	-0.00151206
2.339e-10	-0.00151457
2.33971e-10	-0.00151708
2.34042e-10	-0.00151958
2.34112e-10	-0.00152209
2.34183e-10	-0.0015246
2.34254e-10	-0.00152711
2.34325e-10	-0.00152962
2.34395e-10	-0.00153212
2.34466e-10	-0.00153463
2.34537e-10	-0.00153714
2.34608e-10	-0.00153965
2.34678e-10	-0.00154216
2.34749e-10	-0.00154467
2.3482e-10	-0.00154718
2.3489e-10	-0.00154968
2.34961e-10	-0.00155219
2.35032e-10	-0.0015547
2.35103e-10	-0.00155721
2.35173e-10	-0.00155972
2.35244e-10	-0.00156223
2.35315e-10	-0.00156474
2.35386e-10	-0.00156725
2.35456e-10	-0.00156976
2.35527e-10	-0.00157227
2.35598e-10	-0.00157477
2.35668e-10	-0.00157728
2.35739e-10	-0.00157979
2.3581e-10	-0.0015823
2.35881e-10	-0.00158481
2.35951e-10	-0.00158732
2.36022e-10	-0.00158983
2.36093e-10	-0.00159234
2.36164e-10	-0.00159485
2.36234e-10	-0.00159735
2.36305e-10	-0.00159986
2.36376e-10	-0.00160237
2.36447e-10	-0.00160488
2.36517e-10	-0.00160739
2.36588e-10	-0.0016099
2.36659e-10	-0.00161241
2.36729e-10	-0.00161491
2.368e-10	-0.00161742
2.36871e-10	-0.00161993
2.36942e-10	-0.00162244
2.37012e-10	-0.00162495
2.37083e-10	-0.00162745
2.37154e-10	-0.00162996
2.37225e-10	-0.00163247
2.37295e-10	-0.00163497
2.37366e-10	-0.00163748
2.37437e-10	-0.00163999
2.37507e-10	-0.0016425
2.37578e-10	-0.001645
2.37649e-10	-0.00164751
2.3772e-10	-0.00165001
2.3779e-10	-0.00165252
2.37861e-10	-0.00165503
2.37932e-10	-0.00165753
2.38003e-10	-0.00166004
2.38073e-10	-0.00166254
2.38144e-10	-0.00166505
2.38215e-10	-0.00166755
2.38285e-10	-0.00167005
2.38356e-10	-0.00167256
2.38427e-10	-0.00167506
2.38498e-10	-0.00167757
2.38568e-10	-0.00168007
2.38639e-10	-0.00168257
2.3871e-10	-0.00168508
2.38781e-10	-0.00168758
2.38851e-10	-0.00169008
2.38922e-10	-0.00169258
2.38993e-10	-0.00169508
2.39063e-10	-0.00169758
2.39134e-10	-0.00170009
2.39205e-10	-0.00170259
2.39276e-10	-0.00170509
2.39346e-10	-0.00170759
2.39417e-10	-0.00171009
2.39488e-10	-0.00171259
2.39559e-10	-0.00171508
2.39629e-10	-0.00171758
2.397e-10	-0.00172008
2.39771e-10	-0.00172258
2.39841e-10	-0.00172508
2.39912e-10	-0.00172757
2.39983e-10	-0.00173007
2.40054e-10	-0.00173257
2.40124e-10	-0.00173506
2.40195e-10	-0.00173756
2.40266e-10	-0.00174005
2.40337e-10	-0.00174255
2.40407e-10	-0.00174504
2.40478e-10	-0.00174753
2.40549e-10	-0.00175003
2.4062e-10	-0.00175252
2.4069e-10	-0.00175501
2.40761e-10	-0.0017575
2.40832e-10	-0.00176
2.40902e-10	-0.00176249
2.40973e-10	-0.00176498
2.41044e-10	-0.00176747
2.41115e-10	-0.00176996
2.41185e-10	-0.00177244
2.41256e-10	-0.00177493
2.41327e-10	-0.00177742
2.41398e-10	-0.00177991
2.41468e-10	-0.00178239
2.41539e-10	-0.00178488
2.4161e-10	-0.00178737
2.4168e-10	-0.00178985
2.41751e-10	-0.00179234
2.41822e-10	-0.00179482
2.41893e-10	-0.0017973
2.41963e-10	-0.00179979
2.42034e-10	-0.00180227
2.42105e-10	-0.00180475
2.42176e-10	-0.00180723
2.42246e-10	-0.00180971
2.42317e-10	-0.00181219
2.42388e-10	-0.00181467
2.42458e-10	-0.00181715
2.42529e-10	-0.00181963
2.426e-10	-0.0018221
2.42671e-10	-0.00182458
2.42741e-10	-0.00182706
2.42812e-10	-0.00182953
2.42883e-10	-0.00183201
2.42954e-10	-0.00183448
2.43024e-10	-0.00183695
2.43095e-10	-0.00183943
2.43166e-10	-0.0018419
2.43236e-10	-0.00184437
2.43307e-10	-0.00184684
2.43378e-10	-0.00184931
2.43449e-10	-0.00185178
2.43519e-10	-0.00185424
2.4359e-10	-0.00185671
2.43661e-10	-0.00185918
2.43732e-10	-0.00186164
2.43802e-10	-0.00186411
2.43873e-10	-0.00186657
2.43944e-10	-0.00186904
2.44014e-10	-0.0018715
2.44085e-10	-0.00187396
2.44156e-10	-0.00187642
2.44227e-10	-0.00187888
2.44297e-10	-0.00188134
2.44368e-10	-0.0018838
2.44439e-10	-0.00188626
2.4451e-10	-0.00188872
2.4458e-10	-0.00189117
2.44651e-10	-0.00189363
2.44722e-10	-0.00189608
2.44793e-10	-0.00189854
2.44863e-10	-0.00190099
2.44934e-10	-0.00190344
2.45005e-10	-0.00190589
2.45075e-10	-0.00190834
2.45146e-10	-0.00191079
2.45217e-10	-0.00191324
2.45288e-10	-0.00191569
2.45358e-10	-0.00191813
2.45429e-10	-0.00192058
2.455e-10	-0.00192302
2.45571e-10	-0.00192547
2.45641e-10	-0.00192791
2.45712e-10	-0.00193035
2.45783e-10	-0.00193279
2.45853e-10	-0.00193523
2.45924e-10	-0.00193767
2.45995e-10	-0.00194011
2.46066e-10	-0.00194255
2.46136e-10	-0.00194498
2.46207e-10	-0.00194742
2.46278e-10	-0.00194985
2.46349e-10	-0.00195228
2.46419e-10	-0.00195471
2.4649e-10	-0.00195715
2.46561e-10	-0.00195957
2.46631e-10	-0.001962
2.46702e-10	-0.00196443
2.46773e-10	-0.00196686
2.46844e-10	-0.00196928
2.46914e-10	-0.00197171
2.46985e-10	-0.00197413
2.47056e-10	-0.00197655
2.47127e-10	-0.00197897
2.47197e-10	-0.00198139
2.47268e-10	-0.00198381
2.47339e-10	-0.00198623
2.47409e-10	-0.00198865
2.4748e-10	-0.00199106
2.47551e-10	-0.00199348
2.47622e-10	-0.00199589
2.47692e-10	-0.0019983
2.47763e-10	-0.00200071
2.47834e-10	-0.00200312
2.47905e-10	-0.00200553
2.47975e-10	-0.00200794
2.48046e-10	-0.00201034
2.48117e-10	-0.00201275
2.48187e-10	-0.00201515
2.48258e-10	-0.00201755
2.48329e-10	-0.00201995
2.484e-10	-0.00202235
2.4847e-10	-0.00202475
2.48541e-10	-0.00202715
2.48612e-10	-0.00202954
2.48683e-10	-0.00203194
2.48753e-10	-0.00203433
2.48824e-10	-0.00203672
2.48895e-10	-0.00203912
2.48966e-10	-0.00204151
2.49036e-10	-0.00204389
2.49107e-10	-0.00204628
2.49178e-10	-0.00204867
2.49248e-10	-0.00205105
2.49319e-10	-0.00205343
2.4939e-10	-0.00205581
2.49461e-10	-0.00205819
2.49531e-10	-0.00206057
2.49602e-10	-0.00206295
2.49673e-10	-0.00206533
2.49744e-10	-0.0020677
2.49814e-10	-0.00207008
2.49885e-10	-0.00207245
2.49956e-10	-0.00207482
2.50026e-10	-0.00207719
2.50097e-10	-0.00207955
2.50168e-10	-0.00208192
2.50239e-10	-0.00208429
2.50309e-10	-0.00208665
2.5038e-10	-0.00208901
2.50451e-10	-0.00209137
2.50522e-10	-0.00209373
2.50592e-10	-0.00209609
2.50663e-10	-0.00209844
2.50734e-10	-0.0021008
2.50804e-10	-0.00210315
2.50875e-10	-0.0021055
2.50946e-10	-0.00210785
2.51017e-10	-0.0021102
2.51087e-10	-0.00211255
2.51158e-10	-0.00211489
2.51229e-10	-0.00211724
2.513e-10	-0.00211958
2.5137e-10	-0.00212192
2.51441e-10	-0.00212426
2.51512e-10	-0.0021266
2.51582e-10	-0.00212893
2.51653e-10	-0.00213127
2.51724e-10	-0.0021336
2.51795e-10	-0.00213593
2.51865e-10	-0.00213826
2.51936e-10	-0.00214059
2.52007e-10	-0.00214291
2.52078e-10	-0.00214524
2.52148e-10	-0.00214756
2.52219e-10	-0.00214988
2.5229e-10	-0.0021522
2.5236e-10	-0.00215452
2.52431e-10	-0.00215684
2.52502e-10	-0.00215915
2.52573e-10	-0.00216146
2.52643e-10	-0.00216377
2.52714e-10	-0.00216608
2.52785e-10	-0.00216839
2.52856e-10	-0.0021707
2.52926e-10	-0.002173
2.52997e-10	-0.0021753
2.53068e-10	-0.0021776
2.53139e-10	-0.0021799
2.53209e-10	-0.0021822
2.5328e-10	-0.0021845
2.53351e-10	-0.00218679
2.53421e-10	-0.00218908
2.53492e-10	-0.00219137
2.53563e-10	-0.00219366
2.53634e-10	-0.00219595
2.53704e-10	-0.00219823
2.53775e-10	-0.00220051
2.53846e-10	-0.00220279
2.53917e-10	-0.00220507
2.53987e-10	-0.00220735
2.54058e-10	-0.00220962
2.54129e-10	-0.0022119
2.54199e-10	-0.00221417
2.5427e-10	-0.00221644
2.54341e-10	-0.00221871
2.54412e-10	-0.00222097
2.54482e-10	-0.00222324
2.54553e-10	-0.0022255
2.54624e-10	-0.00222776
2.54695e-10	-0.00223002
2.54765e-10	-0.00223227
2.54836e-10	-0.00223453
2.54907e-10	-0.00223678
2.54977e-10	-0.00223903
2.55048e-10	-0.00224128
2.55119e-10	-0.00224352
2.5519e-10	-0.00224577
2.5526e-10	-0.00224801
2.55331e-10	-0.00225025
2.55402e-10	-0.00225249
2.55473e-10	-0.00225472
2.55543e-10	-0.00225696
2.55614e-10	-0.00225919
2.55685e-10	-0.00226142
2.55755e-10	-0.00226365
2.55826e-10	-0.00226587
2.55897e-10	-0.0022681
2.55968e-10	-0.00227032
2.56038e-10	-0.00227254
2.56109e-10	-0.00227475
2.5618e-10	-0.00227697
2.56251e-10	-0.00227918
2.56321e-10	-0.00228139
2.56392e-10	-0.0022836
2.56463e-10	-0.00228581
2.56534e-10	-0.00228801
2.56604e-10	-0.00229022
2.56675e-10	-0.00229242
2.56746e-10	-0.00229461
2.56816e-10	-0.00229681
2.56887e-10	-0.002299
2.56958e-10	-0.00230119
2.57029e-10	-0.00230338
2.57099e-10	-0.00230557
2.5717e-10	-0.00230776
2.57241e-10	-0.00230994
2.57312e-10	-0.00231212
2.57382e-10	-0.0023143
2.57453e-10	-0.00231647
2.57524e-10	-0.00231864
2.57594e-10	-0.00232082
2.57665e-10	-0.00232298
2.57736e-10	-0.00232515
2.57807e-10	-0.00232732
2.57877e-10	-0.00232948
2.57948e-10	-0.00233164
2.58019e-10	-0.00233379
2.5809e-10	-0.00233595
2.5816e-10	-0.0023381
2.58231e-10	-0.00234025
2.58302e-10	-0.0023424
2.58372e-10	-0.00234454
2.58443e-10	-0.00234669
2.58514e-10	-0.00234883
2.58585e-10	-0.00235097
2.58655e-10	-0.0023531
2.58726e-10	-0.00235523
2.58797e-10	-0.00235737
2.58868e-10	-0.00235949
2.58938e-10	-0.00236162
2.59009e-10	-0.00236374
2.5908e-10	-0.00236586
2.5915e-10	-0.00236798
2.59221e-10	-0.0023701
2.59292e-10	-0.00237221
2.59363e-10	-0.00237432
2.59433e-10	-0.00237643
2.59504e-10	-0.00237854
2.59575e-10	-0.00238064
2.59646e-10	-0.00238274
2.59716e-10	-0.00238484
2.59787e-10	-0.00238694
2.59858e-10	-0.00238903
2.59928e-10	-0.00239112
2.59999e-10	-0.00239321
2.6007e-10	-0.0023953
2.60141e-10	-0.00239738
2.60211e-10	-0.00239946
2.60282e-10	-0.00240154
2.60353e-10	-0.00240361
2.60424e-10	-0.00240568
2.60494e-10	-0.00240775
2.60565e-10	-0.00240982
2.60636e-10	-0.00241189
2.60707e-10	-0.00241395
2.60777e-10	-0.00241601
2.60848e-10	-0.00241806
2.60919e-10	-0.00242012
2.60989e-10	-0.00242217
2.6106e-10	-0.00242422
2.61131e-10	-0.00242626
2.61202e-10	-0.00242831
2.61272e-10	-0.00243035
2.61343e-10	-0.00243238
2.61414e-10	-0.00243442
2.61485e-10	-0.00243645
2.61555e-10	-0.00243848
2.61626e-10	-0.00244051
2.61697e-10	-0.00244253
2.61767e-10	-0.00244455
2.61838e-10	-0.00244657
2.61909e-10	-0.00244858
2.6198e-10	-0.0024506
2.6205e-10	-0.0024526
2.62121e-10	-0.00245461
2.62192e-10	-0.00245662
2.62263e-10	-0.00245862
2.62333e-10	-0.00246061
2.62404e-10	-0.00246261
2.62475e-10	-0.0024646
2.62545e-10	-0.00246659
2.62616e-10	-0.00246858
2.62687e-10	-0.00247056
2.62758e-10	-0.00247254
2.62828e-10	-0.00247452
2.62899e-10	-0.00247649
2.6297e-10	-0.00247847
2.63041e-10	-0.00248044
2.63111e-10	-0.0024824
2.63182e-10	-0.00248436
2.63253e-10	-0.00248632
2.63323e-10	-0.00248828
2.63394e-10	-0.00249024
2.63465e-10	-0.00249219
2.63536e-10	-0.00249413
2.63606e-10	-0.00249608
2.63677e-10	-0.00249802
2.63748e-10	-0.00249996
2.63819e-10	-0.0025019
2.63889e-10	-0.00250383
2.6396e-10	-0.00250576
2.64031e-10	-0.00250768
2.64101e-10	-0.00250961
2.64172e-10	-0.00251153
2.64243e-10	-0.00251345
2.64314e-10	-0.00251536
2.64384e-10	-0.00251727
2.64455e-10	-0.00251918
2.64526e-10	-0.00252108
2.64597e-10	-0.00252298
2.64667e-10	-0.00252488
2.64738e-10	-0.00252678
2.64809e-10	-0.00252867
2.6488e-10	-0.00253056
2.6495e-10	-0.00253244
2.65021e-10	-0.00253433
2.65092e-10	-0.00253621
2.65162e-10	-0.00253808
2.65233e-10	-0.00253995
2.65304e-10	-0.00254182
2.65375e-10	-0.00254369
2.65445e-10	-0.00254555
2.65516e-10	-0.00254741
2.65587e-10	-0.00254927
2.65658e-10	-0.00255112
2.65728e-10	-0.00255297
2.65799e-10	-0.00255482
2.6587e-10	-0.00255666
2.6594e-10	-0.0025585
2.66011e-10	-0.00256034
2.66082e-10	-0.00256217
2.66153e-10	-0.002564
2.66223e-10	-0.00256583
2.66294e-10	-0.00256765
2.66365e-10	-0.00256947
2.66436e-10	-0.00257129
2.66506e-10	-0.0025731
2.66577e-10	-0.00257491
2.66648e-10	-0.00257671
2.66718e-10	-0.00257852
2.66789e-10	-0.00258032
2.6686e-10	-0.00258211
2.66931e-10	-0.0025839
2.67001e-10	-0.00258569
2.67072e-10	-0.00258748
2.67143e-10	-0.00258926
2.67214e-10	-0.00259104
2.67284e-10	-0.00259281
2.67355e-10	-0.00259458
2.67426e-10	-0.00259635
2.67496e-10	-0.00259812
2.67567e-10	-0.00259988
2.67638e-10	-0.00260163
2.67709e-10	-0.00260339
2.67779e-10	-0.00260514
2.6785e-10	-0.00260688
2.67921e-10	-0.00260863
2.67992e-10	-0.00261037
2.68062e-10	-0.0026121
2.68133e-10	-0.00261383
2.68204e-10	-0.00261556
2.68274e-10	-0.00261729
2.68345e-10	-0.00261901
2.68416e-10	-0.00262073
2.68487e-10	-0.00262244
2.68557e-10	-0.00262415
2.68628e-10	-0.00262586
2.68699e-10	-0.00262756
2.6877e-10	-0.00262926
2.6884e-10	-0.00263095
2.68911e-10	-0.00263264
2.68982e-10	-0.00263433
2.69053e-10	-0.00263602
2.69123e-10	-0.0026377
2.69194e-10	-0.00263937
2.69265e-10	-0.00264105
2.69335e-10	-0.00264272
2.69406e-10	-0.00264438
2.69477e-10	-0.00264604
2.69548e-10	-0.0026477
2.69618e-10	-0.00264935
2.69689e-10	-0.002651
2.6976e-10	-0.00265265
2.69831e-10	-0.00265429
2.69901e-10	-0.00265593
2.69972e-10	-0.00265757
2.70043e-10	-0.0026592
2.70113e-10	-0.00266082
2.70184e-10	-0.00266245
2.70255e-10	-0.00266407
2.70326e-10	-0.00266568
2.70396e-10	-0.00266729
2.70467e-10	-0.0026689
2.70538e-10	-0.0026705
2.70609e-10	-0.0026721
2.70679e-10	-0.0026737
2.7075e-10	-0.00267529
2.70821e-10	-0.00267688
2.70891e-10	-0.00267846
2.70962e-10	-0.00268004
2.71033e-10	-0.00268162
2.71104e-10	-0.00268319
2.71174e-10	-0.00268476
2.71245e-10	-0.00268632
2.71316e-10	-0.00268788
2.71387e-10	-0.00268944
2.71457e-10	-0.00269099
2.71528e-10	-0.00269254
2.71599e-10	-0.00269408
2.71669e-10	-0.00269562
2.7174e-10	-0.00269715
2.71811e-10	-0.00269869
2.71882e-10	-0.00270021
2.71952e-10	-0.00270174
2.72023e-10	-0.00270325
2.72094e-10	-0.00270477
2.72165e-10	-0.00270628
2.72235e-10	-0.00270779
2.72306e-10	-0.00270929
2.72377e-10	-0.00271079
2.72447e-10	-0.00271228
2.72518e-10	-0.00271377
2.72589e-10	-0.00271525
2.7266e-10	-0.00271674
2.7273e-10	-0.00271821
2.72801e-10	-0.00271968
2.72872e-10	-0.00272115
2.72943e-10	-0.00272262
2.73013e-10	-0.00272408
2.73084e-10	-0.00272553
2.73155e-10	-0.00272698
2.73226e-10	-0.00272843
2.73296e-10	-0.00272987
2.73367e-10	-0.00273131
2.73438e-10	-0.00273275
2.73508e-10	-0.00273418
2.73579e-10	-0.0027356
2.7365e-10	-0.00273702
2.73721e-10	-0.00273844
2.73791e-10	-0.00273985
2.73862e-10	-0.00274126
2.73933e-10	-0.00274266
2.74004e-10	-0.00274406
2.74074e-10	-0.00274546
2.74145e-10	-0.00274685
2.74216e-10	-0.00274823
2.74286e-10	-0.00274962
2.74357e-10	-0.00275099
2.74428e-10	-0.00275237
2.74499e-10	-0.00275373
2.74569e-10	-0.0027551
2.7464e-10	-0.00275646
2.74711e-10	-0.00275781
2.74782e-10	-0.00275916
2.74852e-10	-0.00276051
2.74923e-10	-0.00276185
2.74994e-10	-0.00276319
2.75064e-10	-0.00276452
2.75135e-10	-0.00276585
2.75206e-10	-0.00276717
2.75277e-10	-0.00276849
2.75347e-10	-0.0027698
2.75418e-10	-0.00277111
2.75489e-10	-0.00277241
2.7556e-10	-0.00277371
2.7563e-10	-0.00277501
2.75701e-10	-0.0027763
2.75772e-10	-0.00277759
2.75842e-10	-0.00277887
2.75913e-10	-0.00278015
2.75984e-10	-0.00278142
2.76055e-10	-0.00278269
2.76125e-10	-0.00278395
2.76196e-10	-0.00278521
2.76267e-10	-0.00278646
2.76338e-10	-0.00278771
2.76408e-10	-0.00278895
2.76479e-10	-0.00279019
2.7655e-10	-0.00279143
2.7662e-10	-0.00279266
2.76691e-10	-0.00279388
2.76762e-10	-0.0027951
2.76833e-10	-0.00279632
2.76903e-10	-0.00279753
2.76974e-10	-0.00279873
2.77045e-10	-0.00279993
2.77116e-10	-0.00280113
2.77186e-10	-0.00280232
2.77257e-10	-0.00280351
2.77328e-10	-0.00280469
2.77399e-10	-0.00280587
2.77469e-10	-0.00280704
2.7754e-10	-0.00280821
2.77611e-10	-0.00280937
2.77681e-10	-0.00281053
2.77752e-10	-0.00281168
2.77823e-10	-0.00281283
2.77894e-10	-0.00281397
2.77964e-10	-0.00281511
2.78035e-10	-0.00281624
2.78106e-10	-0.00281737
2.78177e-10	-0.00281849
2.78247e-10	-0.00281961
2.78318e-10	-0.00282072
2.78389e-10	-0.00282183
2.78459e-10	-0.00282293
2.7853e-10	-0.00282403
2.78601e-10	-0.00282512
2.78672e-10	-0.00282621
2.78742e-10	-0.00282729
2.78813e-10	-0.00282837
2.78884e-10	-0.00282944
2.78955e-10	-0.00283051
2.79025e-10	-0.00283157
2.79096e-10	-0.00283263
2.79167e-10	-0.00283368
2.79237e-10	-0.00283473
2.79308e-10	-0.00283577
2.79379e-10	-0.00283681
2.7945e-10	-0.00283784
2.7952e-10	-0.00283887
2.79591e-10	-0.00283989
2.79662e-10	-0.0028409
2.79733e-10	-0.00284192
2.79803e-10	-0.00284292
2.79874e-10	-0.00284392
2.79945e-10	-0.00284492
2.80015e-10	-0.00284591
2.80086e-10	-0.00284689
2.80157e-10	-0.00284787
2.80228e-10	-0.00284885
2.80298e-10	-0.00284982
2.80369e-10	-0.00285078
2.8044e-10	-0.00285174
2.80511e-10	-0.00285269
2.80581e-10	-0.00285364
2.80652e-10	-0.00285458
2.80723e-10	-0.00285552
2.80793e-10	-0.00285645
2.80864e-10	-0.00285738
2.80935e-10	-0.0028583
2.81006e-10	-0.00285922
2.81076e-10	-0.00286013
2.81147e-10	-0.00286104
2.81218e-10	-0.00286194
2.81289e-10	-0.00286283
2.81359e-10	-0.00286372
2.8143e-10	-0.0028646
2.81501e-10	-0.00286548
2.81572e-10	-0.00286636
2.81642e-10	-0.00286722
2.81713e-10	-0.00286808
2.81784e-10	-0.00286894
2.81854e-10	-0.00286979
2.81925e-10	-0.00287064
2.81996e-10	-0.00287148
2.82067e-10	-0.00287231
2.82137e-10	-0.00287314
2.82208e-10	-0.00287397
2.82279e-10	-0.00287479
2.8235e-10	-0.0028756
2.8242e-10	-0.00287641
2.82491e-10	-0.00287721
2.82562e-10	-0.002878
2.82632e-10	-0.00287879
2.82703e-10	-0.00287958
2.82774e-10	-0.00288036
2.82845e-10	-0.00288113
2.82915e-10	-0.0028819
2.82986e-10	-0.00288266
2.83057e-10	-0.00288342
2.83128e-10	-0.00288417
2.83198e-10	-0.00288492
2.83269e-10	-0.00288566
2.8334e-10	-0.00288639
2.8341e-10	-0.00288712
2.83481e-10	-0.00288784
2.83552e-10	-0.00288856
2.83623e-10	-0.00288927
2.83693e-10	-0.00288998
2.83764e-10	-0.00289068
2.83835e-10	-0.00289137
2.83906e-10	-0.00289206
2.83976e-10	-0.00289274
2.84047e-10	-0.00289342
2.84118e-10	-0.00289409
2.84188e-10	-0.00289475
2.84259e-10	-0.00289541
2.8433e-10	-0.00289607
2.84401e-10	-0.00289672
2.84471e-10	-0.00289736
2.84542e-10	-0.00289799
2.84613e-10	-0.00289862
2.84684e-10	-0.00289925
2.84754e-10	-0.00289987
2.84825e-10	-0.00290048
2.84896e-10	-0.00290109
2.84966e-10	-0.00290169
2.85037e-10	-0.00290228
2.85108e-10	-0.00290287
2.85179e-10	-0.00290346
2.85249e-10	-0.00290403
2.8532e-10	-0.00290461
2.85391e-10	-0.00290517
2.85462e-10	-0.00290573
2.85532e-10	-0.00290628
2.85603e-10	-0.00290683
2.85674e-10	-0.00290737
2.85745e-10	-0.00290791
2.85815e-10	-0.00290844
2.85886e-10	-0.00290896
2.85957e-10	-0.00290948
2.86027e-10	-0.00290999
2.86098e-10	-0.0029105
2.86169e-10	-0.002911
2.8624e-10	-0.00291149
2.8631e-10	-0.00291198
2.86381e-10	-0.00291246
2.86452e-10	-0.00291293
2.86523e-10	-0.0029134
2.86593e-10	-0.00291387
2.86664e-10	-0.00291432
2.86735e-10	-0.00291477
2.86805e-10	-0.00291522
2.86876e-10	-0.00291566
2.86947e-10	-0.00291609
2.87018e-10	-0.00291651
2.87088e-10	-0.00291693
2.87159e-10	-0.00291735
2.8723e-10	-0.00291775
2.87301e-10	-0.00291816
2.87371e-10	-0.00291855
2.87442e-10	-0.00291894
2.87513e-10	-0.00291932
2.87583e-10	-0.0029197
2.87654e-10	-0.00292007
2.87725e-10	-0.00292043
2.87796e-10	-0.00292079
2.87866e-10	-0.00292114
2.87937e-10	-0.00292148
2.88008e-10	-0.00292182
2.88079e-10	-0.00292216
2.88149e-10	-0.00292248
2.8822e-10	-0.0029228
2.88291e-10	-0.00292311
2.88361e-10	-0.00292342
2.88432e-10	-0.00292372
2.88503e-10	-0.00292402
2.88574e-10	-0.0029243
2.88644e-10	-0.00292458
2.88715e-10	-0.00292486
2.88786e-10	-0.00292513
2.88857e-10	-0.00292539
2.88927e-10	-0.00292564
2.88998e-10	-0.00292589
2.89069e-10	-0.00292614
2.89139e-10	-0.00292637
2.8921e-10	-0.0029266
2.89281e-10	-0.00292683
2.89352e-10	-0.00292704
2.89422e-10	-0.00292725
2.89493e-10	-0.00292746
2.89564e-10	-0.00292765
2.89635e-10	-0.00292785
2.89705e-10	-0.00292803
2.89776e-10	-0.00292821
2.89847e-10	-0.00292838
2.89918e-10	-0.00292854
2.89988e-10	-0.0029287
2.90059e-10	-0.00292885
2.9013e-10	-0.002929
2.902e-10	-0.00292913
2.90271e-10	-0.00292927
2.90342e-10	-0.00292939
2.90413e-10	-0.00292951
2.90483e-10	-0.00292962
2.90554e-10	-0.00292973
2.90625e-10	-0.00292982
2.90696e-10	-0.00292992
2.90766e-10	-0.00293
2.90837e-10	-0.00293008
2.90908e-10	-0.00293015
2.90978e-10	-0.00293022
2.91049e-10	-0.00293027
2.9112e-10	-0.00293033
2.91191e-10	-0.00293037
2.91261e-10	-0.00293041
2.91332e-10	-0.00293044
2.91403e-10	-0.00293046
2.91474e-10	-0.00293048
2.91544e-10	-0.00293049
2.91615e-10	-0.0029305
2.91686e-10	-0.00293049
2.91756e-10	-0.00293048
2.91827e-10	-0.00293047
2.91898e-10	-0.00293044
2.91969e-10	-0.00293041
2.92039e-10	-0.00293038
2.9211e-10	-0.00293033
2.92181e-10	-0.00293028
2.92252e-10	-0.00293023
2.92322e-10	-0.00293016
2.92393e-10	-0.00293009
2.92464e-10	-0.00293001
2.92534e-10	-0.00292993
2.92605e-10	-0.00292983
2.92676e-10	-0.00292974
2.92747e-10	-0.00292963
2.92817e-10	-0.00292952
2.92888e-10	-0.0029294
2.92959e-10	-0.00292927
2.9303e-10	-0.00292914
2.931e-10	-0.002929
2.93171e-10	-0.00292885
2.93242e-10	-0.00292869
2.93312e-10	-0.00292853
2.93383e-10	-0.00292836
2.93454e-10	-0.00292819
2.93525e-10	-0.002928
2.93595e-10	-0.00292781
2.93666e-10	-0.00292762
2.93737e-10	-0.00292741
2.93808e-10	-0.0029272
2.93878e-10	-0.00292698
2.93949e-10	-0.00292676
2.9402e-10	-0.00292652
2.94091e-10	-0.00292628
2.94161e-10	-0.00292604
2.94232e-10	-0.00292578
2.94303e-10	-0.00292552
2.94373e-10	-0.00292525
2.94444e-10	-0.00292498
2.94515e-10	-0.0029247
2.94586e-10	-0.00292441
2.94656e-10	-0.00292411
2.94727e-10	-0.00292381
2.94798e-10	-0.00292349
2.94869e-10	-0.00292317
2.94939e-10	-0.00292285
2.9501e-10	-0.00292252
2.95081e-10	-0.00292218
2.95151e-10	-0.00292183
2.95222e-10	-0.00292147
2.95293e-10	-0.00292111
2.95364e-10	-0.00292074
2.95434e-10	-0.00292036
2.95505e-10	-0.00291998
2.95576e-10	-0.00291959
2.95647e-10	-0.00291919
2.95717e-10	-0.00291878
2.95788e-10	-0.00291837
2.95859e-10	-0.00291795
2.95929e-10	-0.00291752
2.96e-10	-0.00291709
2.96071e-10	-0.00291664
2.96142e-10	-0.00291619
2.96212e-10	-0.00291573
2.96283e-10	-0.00291527
2.96354e-10	-0.0029148
2.96425e-10	-0.00291432
2.96495e-10	-0.00291383
2.96566e-10	-0.00291333
2.96637e-10	-0.00291283
2.96707e-10	-0.00291232
2.96778e-10	-0.00291181
2.96849e-10	-0.00291128
2.9692e-10	-0.00291075
2.9699e-10	-0.00291021
2.97061e-10	-0.00290966
2.97132e-10	-0.00290911
2.97203e-10	-0.00290854
2.97273e-10	-0.00290797
2.97344e-10	-0.0029074
2.97415e-10	-0.00290681
2.97485e-10	-0.00290622
2.97556e-10	-0.00290562
2.97627e-10	-0.00290501
2.97698e-10	-0.0029044
2.97768e-10	-0.00290377
2.97839e-10	-0.00290314
2.9791e-10	-0.00290251
2.97981e-10	-0.00290186
2.98051e-10	-0.00290121
2.98122e-10	-0.00290055
2.98193e-10	-0.00289988
2.98264e-10	-0.0028992
2.98334e-10	-0.00289852
2.98405e-10	-0.00289782
2.98476e-10	-0.00289712
2.98546e-10	-0.00289642
2.98617e-10	-0.0028957
2.98688e-10	-0.00289498
2.98759e-10	-0.00289425
2.98829e-10	-0.00289351
2.989e-10	-0.00289277
2.98971e-10	-0.00289201
2.99042e-10	-0.00289125
2.99112e-10	-0.00289048
2.99183e-10	-0.00288971
2.99254e-10	-0.00288892
2.99324e-10	-0.00288813
2.99395e-10	-0.00288733
2.99466e-10	-0.00288652
2.99537e-10	-0.00288571
2.99607e-10	-0.00288488
2.99678e-10	-0.00288405
2.99749e-10	-0.00288321
2.9982e-10	-0.00288236
2.9989e-10	-0.00288151
2.99961e-10	-0.00288065
3.00032e-10	-0.00287977
3.00102e-10	-0.0028789
3.00173e-10	-0.00287801
3.00244e-10	-0.00287711
3.00315e-10	-0.00287621
3.00385e-10	-0.0028753
3.00456e-10	-0.00287438
3.00527e-10	-0.00287346
3.00598e-10	-0.00287252
3.00668e-10	-0.00287158
3.00739e-10	-0.00287063
3.0081e-10	-0.00286967
3.0088e-10	-0.00286871
3.00951e-10	-0.00286773
3.01022e-10	-0.00286675
3.01093e-10	-0.00286576
3.01163e-10	-0.00286476
3.01234e-10	-0.00286376
3.01305e-10	-0.00286274
3.01376e-10	-0.00286172
3.01446e-10	-0.00286069
3.01517e-10	-0.00285965
3.01588e-10	-0.0028586
3.01658e-10	-0.00285755
3.01729e-10	-0.00285649
3.018e-10	-0.00285541
3.01871e-10	-0.00285434
3.01941e-10	-0.00285325
3.02012e-10	-0.00285215
3.02083e-10	-0.00285105
3.02154e-10	-0.00284994
3.02224e-10	-0.00284882
3.02295e-10	-0.00284769
3.02366e-10	-0.00284655
3.02437e-10	-0.00284541
3.02507e-10	-0.00284426
3.02578e-10	-0.0028431
3.02649e-10	-0.00284193
3.02719e-10	-0.00284075
3.0279e-10	-0.00283957
3.02861e-10	-0.00283837
3.02932e-10	-0.00283717
3.03002e-10	-0.00283596
3.03073e-10	-0.00283474
3.03144e-10	-0.00283352
3.03215e-10	-0.00283228
3.03285e-10	-0.00283104
3.03356e-10	-0.00282979
3.03427e-10	-0.00282853
3.03497e-10	-0.00282726
3.03568e-10	-0.00282598
3.03639e-10	-0.0028247
3.0371e-10	-0.00282341
3.0378e-10	-0.0028221
3.03851e-10	-0.00282079
3.03922e-10	-0.00281948
3.03993e-10	-0.00281815
3.04063e-10	-0.00281682
3.04134e-10	-0.00281547
3.04205e-10	-0.00281412
3.04275e-10	-0.00281276
3.04346e-10	-0.00281139
3.04417e-10	-0.00281002
3.04488e-10	-0.00280863
3.04558e-10	-0.00280724
3.04629e-10	-0.00280584
3.047e-10	-0.00280442
3.04771e-10	-0.00280301
3.04841e-10	-0.00280158
3.04912e-10	-0.00280014
3.04983e-10	-0.0027987
3.05053e-10	-0.00279724
3.05124e-10	-0.00279578
3.05195e-10	-0.00279431
3.05266e-10	-0.00279284
3.05336e-10	-0.00279135
3.05407e-10	-0.00278985
3.05478e-10	-0.00278835
3.05549e-10	-0.00278684
3.05619e-10	-0.00278531
3.0569e-10	-0.00278378
3.05761e-10	-0.00278225
3.05832e-10	-0.0027807
3.05902e-10	-0.00277914
3.05973e-10	-0.00277758
3.06044e-10	-0.00277601
3.06114e-10	-0.00277443
3.06185e-10	-0.00277284
3.06256e-10	-0.00277124
3.06327e-10	-0.00276963
3.06397e-10	-0.00276801
3.06468e-10	-0.00276639
3.06539e-10	-0.00276476
3.0661e-10	-0.00276312
3.0668e-10	-0.00276146
3.06751e-10	-0.00275981
3.06822e-10	-0.00275814
3.06892e-10	-0.00275646
3.06963e-10	-0.00275478
3.07034e-10	-0.00275308
3.07105e-10	-0.00275138
3.07175e-10	-0.00274967
3.07246e-10	-0.00274795
3.07317e-10	-0.00274622
3.07388e-10	-0.00274448
3.07458e-10	-0.00274273
3.07529e-10	-0.00274098
3.076e-10	-0.00273921
3.0767e-10	-0.00273744
3.07741e-10	-0.00273566
3.07812e-10	-0.00273387
3.07883e-10	-0.00273207
3.07953e-10	-0.00273026
3.08024e-10	-0.00272844
3.08095e-10	-0.00272662
3.08166e-10	-0.00272478
3.08236e-10	-0.00272294
3.08307e-10	-0.00272109
3.08378e-10	-0.00271923
3.08448e-10	-0.00271736
3.08519e-10	-0.00271548
3.0859e-10	-0.00271359
3.08661e-10	-0.00271169
3.08731e-10	-0.00270979
3.08802e-10	-0.00270787
3.08873e-10	-0.00270595
3.08944e-10	-0.00270402
3.09014e-10	-0.00270208
3.09085e-10	-0.00270012
3.09156e-10	-0.00269817
3.09226e-10	-0.0026962
3.09297e-10	-0.00269422
3.09368e-10	-0.00269223
3.09439e-10	-0.00269024
3.09509e-10	-0.00268823
3.0958e-10	-0.00268622
3.09651e-10	-0.0026842
3.09722e-10	-0.00268217
3.09792e-10	-0.00268013
3.09863e-10	-0.00267808
3.09934e-10	-0.00267602
3.10005e-10	-0.00267395
3.10075e-10	-0.00267188
3.10146e-10	-0.00266979
3.10217e-10	-0.0026677
3.10287e-10	-0.00266559
3.10358e-10	-0.00266348
3.10429e-10	-0.00266136
3.105e-10	-0.00265923
3.1057e-10	-0.00265709
3.10641e-10	-0.00265494
3.10712e-10	-0.00265278
3.10783e-10	-0.00265061
3.10853e-10	-0.00264844
3.10924e-10	-0.00264625
3.10995e-10	-0.00264406
3.11065e-10	-0.00264185
3.11136e-10	-0.00263964
3.11207e-10	-0.00263742
3.11278e-10	-0.00263518
3.11348e-10	-0.00263294
3.11419e-10	-0.00263069
3.1149e-10	-0.00262843
3.11561e-10	-0.00262617
3.11631e-10	-0.00262389
3.11702e-10	-0.0026216
3.11773e-10	-0.00261931
3.11843e-10	-0.002617
3.11914e-10	-0.00261469
3.11985e-10	-0.00261236
3.12056e-10	-0.00261003
3.12126e-10	-0.00260769
3.12197e-10	-0.00260534
3.12268e-10	-0.00260298
3.12339e-10	-0.00260061
3.12409e-10	-0.00259823
3.1248e-10	-0.00259584
3.12551e-10	-0.00259344
3.12621e-10	-0.00259103
3.12692e-10	-0.00258862
3.12763e-10	-0.00258619
3.12834e-10	-0.00258376
3.12904e-10	-0.00258131
3.12975e-10	-0.00257886
3.13046e-10	-0.00257639
3.13117e-10	-0.00257392
3.13187e-10	-0.00257144
3.13258e-10	-0.00256895
3.13329e-10	-0.00256645
3.13399e-10	-0.00256394
3.1347e-10	-0.00256142
3.13541e-10	-0.00255889
3.13612e-10	-0.00255635
3.13682e-10	-0.0025538
3.13753e-10	-0.00255124
3.13824e-10	-0.00254868
3.13895e-10	-0.0025461
3.13965e-10	-0.00254352
3.14036e-10	-0.00254092
3.14107e-10	-0.00253832
3.14178e-10	-0.0025357
3.14248e-10	-0.00253308
3.14319e-10	-0.00253045
3.1439e-10	-0.0025278
3.1446e-10	-0.00252515
3.14531e-10	-0.00252249
3.14602e-10	-0.00251982
3.14673e-10	-0.00251714
3.14743e-10	-0.00251445
3.14814e-10	-0.00251175
3.14885e-10	-0.00250904
3.14956e-10	-0.00250632
3.15026e-10	-0.0025036
3.15097e-10	-0.00250086
3.15168e-10	-0.00249811
3.15238e-10	-0.00249535
3.15309e-10	-0.00249259
3.1538e-10	-0.00248981
3.15451e-10	-0.00248703
3.15521e-10	-0.00248423
3.15592e-10	-0.00248143
3.15663e-10	-0.00247861
3.15734e-10	-0.00247579
3.15804e-10	-0.00247296
3.15875e-10	-0.00247011
3.15946e-10	-0.00246726
3.16016e-10	-0.0024644
3.16087e-10	-0.00246152
3.16158e-10	-0.00245864
3.16229e-10	-0.00245575
3.16299e-10	-0.00245285
3.1637e-10	-0.00244994
3.16441e-10	-0.00244702
3.16512e-10	-0.00244409
3.16582e-10	-0.00244115
3.16653e-10	-0.0024382
3.16724e-10	-0.00243524
3.16794e-10	-0.00243227
3.16865e-10	-0.00242929
3.16936e-10	-0.00242631
3.17007e-10	-0.00242331
3.17077e-10	-0.0024203
3.17148e-10	-0.00241728
3.17219e-10	-0.00241426
3.1729e-10	-0.00241122
3.1736e-10	-0.00240817
3.17431e-10	-0.00240512
3.17502e-10	-0.00240205
3.17572e-10	-0.00239897
3.17643e-10	-0.00239589
3.17714e-10	-0.00239279
3.17785e-10	-0.00238969
3.17855e-10	-0.00238657
3.17926e-10	-0.00238345
3.17997e-10	-0.00238031
3.18068e-10	-0.00237717
3.18138e-10	-0.00237401
3.18209e-10	-0.00237085
3.1828e-10	-0.00236768
3.18351e-10	-0.00236449
3.18421e-10	-0.0023613
3.18492e-10	-0.00235809
3.18563e-10	-0.00235488
3.18633e-10	-0.00235166
3.18704e-10	-0.00234842
3.18775e-10	-0.00234518
3.18846e-10	-0.00234193
3.18916e-10	-0.00233867
3.18987e-10	-0.00233539
3.19058e-10	-0.00233211
3.19129e-10	-0.00232882
3.19199e-10	-0.00232552
3.1927e-10	-0.0023222
3.19341e-10	-0.00231888
3.19411e-10	-0.00231555
3.19482e-10	-0.00231221
3.19553e-10	-0.00230886
3.19624e-10	-0.00230549
3.19694e-10	-0.00230212
3.19765e-10	-0.00229874
3.19836e-10	-0.00229535
3.19907e-10	-0.00229195
3.19977e-10	-0.00228853
3.20048e-10	-0.00228511
3.20119e-10	-0.00228168
3.20189e-10	-0.00227824
3.2026e-10	-0.00227479
3.20331e-10	-0.00227133
3.20402e-10	-0.00226785
3.20472e-10	-0.00226437
3.20543e-10	-0.00226088
3.20614e-10	-0.00225738
3.20685e-10	-0.00225387
3.20755e-10	-0.00225035
3.20826e-10	-0.00224681
3.20897e-10	-0.00224327
3.20967e-10	-0.00223972
3.21038e-10	-0.00223616
3.21109e-10	-0.00223259
3.2118e-10	-0.002229
3.2125e-10	-0.00222541
3.21321e-10	-0.00222181
3.21392e-10	-0.0022182
3.21463e-10	-0.00221457
3.21533e-10	-0.00221094
3.21604e-10	-0.0022073
3.21675e-10	-0.00220365
3.21745e-10	-0.00219998
3.21816e-10	-0.00219631
3.21887e-10	-0.00219263
3.21958e-10	-0.00218894
3.22028e-10	-0.00218523
3.22099e-10	-0.00218152
3.2217e-10	-0.0021778
3.22241e-10	-0.00217406
3.22311e-10	-0.00217032
3.22382e-10	-0.00216656
3.22453e-10	-0.0021628
3.22524e-10	-0.00215903
3.22594e-10	-0.00215524
3.22665e-10	-0.00215145
3.22736e-10	-0.00214764
3.22806e-10	-0.00214383
3.22877e-10	-0.00214
3.22948e-10	-0.00213617
3.23019e-10	-0.00213232
3.23089e-10	-0.00212847
3.2316e-10	-0.0021246
3.23231e-10	-0.00212072
3.23302e-10	-0.00211684
3.23372e-10	-0.00211294
3.23443e-10	-0.00210904
3.23514e-10	-0.00210512
3.23584e-10	-0.00210119
3.23655e-10	-0.00209725
3.23726e-10	-0.00209331
3.23797e-10	-0.00208935
3.23867e-10	-0.00208538
3.23938e-10	-0.0020814
3.24009e-10	-0.00207741
3.2408e-10	-0.00207342
3.2415e-10	-0.00206941
3.24221e-10	-0.00206539
3.24292e-10	-0.00206136
3.24362e-10	-0.00205732
3.24433e-10	-0.00205327
3.24504e-10	-0.00204921
3.24575e-10	-0.00204514
3.24645e-10	-0.00204105
3.24716e-10	-0.00203696
3.24787e-10	-0.00203286
3.24858e-10	-0.00202875
3.24928e-10	-0.00202463
3.24999e-10	-0.00202049
3.2507e-10	-0.00201635
3.2514e-10	-0.0020122
3.25211e-10	-0.00200803
3.25282e-10	-0.00200386
3.25353e-10	-0.00199968
3.25423e-10	-0.00199548
3.25494e-10	-0.00199128
3.25565e-10	-0.00198706
3.25636e-10	-0.00198284
3.25706e-10	-0.0019786
3.25777e-10	-0.00197435
3.25848e-10	-0.0019701
3.25918e-10	-0.00196583
3.25989e-10	-0.00196155
3.2606e-10	-0.00195726
3.26131e-10	-0.00195297
3.26201e-10	-0.00194866
3.26272e-10	-0.00194434
3.26343e-10	-0.00194001
3.26414e-10	-0.00193567
3.26484e-10	-0.00193132
3.26555e-10	-0.00192696
3.26626e-10	-0.00192259
3.26697e-10	-0.00191821
3.26767e-10	-0.00191381
3.26838e-10	-0.00190941
3.26909e-10	-0.001905
3.26979e-10	-0.00190058
3.2705e-10	-0.00189614
3.27121e-10	-0.0018917
3.27192e-10	-0.00188724
3.27262e-10	-0.00188278
3.27333e-10	-0.0018783
3.27404e-10	-0.00187382
3.27475e-10	-0.00186932
3.27545e-10	-0.00186482
3.27616e-10	-0.0018603
3.27687e-10	-0.00185577
3.27757e-10	-0.00185123
3.27828e-10	-0.00184668
3.27899e-10	-0.00184213
3.2797e-10	-0.00183756
3.2804e-10	-0.00183298
3.28111e-10	-0.00182839
3.28182e-10	-0.00182378
3.28253e-10	-0.00181917
3.28323e-10	-0.00181455
3.28394e-10	-0.00180992
3.28465e-10	-0.00180528
3.28535e-10	-0.00180062
3.28606e-10	-0.00179596
3.28677e-10	-0.00179128
3.28748e-10	-0.0017866
3.28818e-10	-0.0017819
3.28889e-10	-0.0017772
3.2896e-10	-0.00177248
3.29031e-10	-0.00176775
3.29101e-10	-0.00176302
3.29172e-10	-0.00175827
3.29243e-10	-0.00175351
3.29313e-10	-0.00174874
3.29384e-10	-0.00174396
3.29455e-10	-0.00173917
3.29526e-10	-0.00173437
3.29596e-10	-0.00172956
3.29667e-10	-0.00172474
3.29738e-10	-0.00171991
3.29809e-10	-0.00171506
3.29879e-10	-0.00171021
3.2995e-10	-0.00170534
3.30021e-10	-0.00170047
3.30091e-10	-0.00169558
3.30162e-10	-0.00169069
3.30233e-10	-0.00168578
3.30304e-10	-0.00168087
3.30374e-10	-0.00167594
3.30445e-10	-0.001671
3.30516e-10	-0.00166605
3.30587e-10	-0.00166109
3.30657e-10	-0.00165612
3.30728e-10	-0.00165114
3.30799e-10	-0.00164615
3.3087e-10	-0.00164115
3.3094e-10	-0.00163614
3.31011e-10	-0.00163111
3.31082e-10	-0.00162608
3.31152e-10	-0.00162104
3.31223e-10	-0.00161598
3.31294e-10	-0.00161092
3.31365e-10	-0.00160584
3.31435e-10	-0.00160075
3.31506e-10	-0.00159566
3.31577e-10	-0.00159055
3.31648e-10	-0.00158543
3.31718e-10	-0.0015803
3.31789e-10	-0.00157516
3.3186e-10	-0.00157001
3.3193e-10	-0.00156485
3.32001e-10	-0.00155968
3.32072e-10	-0.0015545
3.32143e-10	-0.0015493
3.32213e-10	-0.0015441
3.32284e-10	-0.00153889
3.32355e-10	-0.00153366
3.32426e-10	-0.00152843
3.32496e-10	-0.00152318
3.32567e-10	-0.00151792
3.32638e-10	-0.00151266
3.32708e-10	-0.00150738
3.32779e-10	-0.00150209
3.3285e-10	-0.00149679
3.32921e-10	-0.00149148
3.32991e-10	-0.00148616
3.33062e-10	-0.00148083
3.33133e-10	-0.00147549
3.33204e-10	-0.00147013
3.33274e-10	-0.00146477
3.33345e-10	-0.0014594
3.33416e-10	-0.00145401
3.33486e-10	-0.00144862
3.33557e-10	-0.00144321
3.33628e-10	-0.00143779
3.33699e-10	-0.00143237
3.33769e-10	-0.00142693
3.3384e-10	-0.00142148
3.33911e-10	-0.00141602
3.33982e-10	-0.00141055
3.34052e-10	-0.00140507
3.34123e-10	-0.00139958
3.34194e-10	-0.00139407
3.34264e-10	-0.00138856
3.34335e-10	-0.00138304
3.34406e-10	-0.0013775
3.34477e-10	-0.00137196
3.34547e-10	-0.0013664
3.34618e-10	-0.00136084
3.34689e-10	-0.00135526
3.3476e-10	-0.00134967
3.3483e-10	-0.00134407
3.34901e-10	-0.00133846
3.34972e-10	-0.00133284
3.35043e-10	-0.00132721
3.35113e-10	-0.00132157
3.35184e-10	-0.00131592
3.35255e-10	-0.00131026
3.35325e-10	-0.00130458
3.35396e-10	-0.0012989
3.35467e-10	-0.00129321
3.35538e-10	-0.0012875
3.35608e-10	-0.00128178
3.35679e-10	-0.00127606
3.3575e-10	-0.00127032
3.35821e-10	-0.00126457
3.35891e-10	-0.00125881
3.35962e-10	-0.00125304
3.36033e-10	-0.00124726
3.36103e-10	-0.00124147
3.36174e-10	-0.00123567
3.36245e-10	-0.00122985
3.36316e-10	-0.00122403
3.36386e-10	-0.0012182
3.36457e-10	-0.00121235
3.36528e-10	-0.0012065
3.36599e-10	-0.00120063
3.36669e-10	-0.00119475
3.3674e-10	-0.00118887
3.36811e-10	-0.00118297
3.36881e-10	-0.00117706
3.36952e-10	-0.00117114
3.37023e-10	-0.00116521
3.37094e-10	-0.00115927
3.37164e-10	-0.00115331
3.37235e-10	-0.00114735
3.37306e-10	-0.00114138
3.37377e-10	-0.00113539
3.37447e-10	-0.0011294
3.37518e-10	-0.00112339
3.37589e-10	-0.00111737
3.37659e-10	-0.00111135
3.3773e-10	-0.00110531
3.37801e-10	-0.00109926
3.37872e-10	-0.0010932
3.37942e-10	-0.00108713
3.38013e-10	-0.00108105
3.38084e-10	-0.00107496
3.38155e-10	-0.00106886
3.38225e-10	-0.00106274
3.38296e-10	-0.00105662
3.38367e-10	-0.00105048
3.38437e-10	-0.00104434
3.38508e-10	-0.00103818
3.38579e-10	-0.00103201
3.3865e-10	-0.00102584
3.3872e-10	-0.00101965
3.38791e-10	-0.00101345
3.38862e-10	-0.00100724
3.38933e-10	-0.00100102
3.39003e-10	-0.000994788
3.39074e-10	-0.000988546
3.39145e-10	-0.000982294
3.39216e-10	-0.00097603
3.39286e-10	-0.000969756
3.39357e-10	-0.000963471
3.39428e-10	-0.000957175
3.39498e-10	-0.000950869
3.39569e-10	-0.000944552
3.3964e-10	-0.000938224
3.39711e-10	-0.000931885
3.39781e-10	-0.000925536
3.39852e-10	-0.000919176
3.39923e-10	-0.000912805
3.39994e-10	-0.000906424
3.40064e-10	-0.000900031
3.40135e-10	-0.000893629
3.40206e-10	-0.000887215
3.40276e-10	-0.000880791
3.40347e-10	-0.000874355
3.40418e-10	-0.00086791
3.40489e-10	-0.000861453
3.40559e-10	-0.000854986
3.4063e-10	-0.000848508
3.40701e-10	-0.000842019
3.40772e-10	-0.00083552
3.40842e-10	-0.000829009
3.40913e-10	-0.000822489
3.40984e-10	-0.000815957
3.41054e-10	-0.000809415
3.41125e-10	-0.000802862
3.41196e-10	-0.000796298
3.41267e-10	-0.000789724
3.41337e-10	-0.000783138
3.41408e-10	-0.000776543
3.41479e-10	-0.000769936
3.4155e-10	-0.000763319
3.4162e-10	-0.000756691
3.41691e-10	-0.000750052
3.41762e-10	-0.000743403
3.41832e-10	-0.000736743
3.41903e-10	-0.000730072
3.41974e-10	-0.00072339
3.42045e-10	-0.000716698
3.42115e-10	-0.000709995
3.42186e-10	-0.000703282
3.42257e-10	-0.000696558
3.42328e-10	-0.000689823
3.42398e-10	-0.000683077
3.42469e-10	-0.000676321
3.4254e-10	-0.000669554
3.4261e-10	-0.000662776
3.42681e-10	-0.000655988
3.42752e-10	-0.000649188
3.42823e-10	-0.000642379
3.42893e-10	-0.000635558
3.42964e-10	-0.000628727
3.43035e-10	-0.000621885
3.43106e-10	-0.000615033
3.43176e-10	-0.00060817
3.43247e-10	-0.000601296
3.43318e-10	-0.000594412
3.43389e-10	-0.000587516
3.43459e-10	-0.000580611
3.4353e-10	-0.000573694
3.43601e-10	-0.000566767
3.43671e-10	-0.000559829
3.43742e-10	-0.000552881
3.43813e-10	-0.000545922
3.43884e-10	-0.000538952
3.43954e-10	-0.000531972
3.44025e-10	-0.000524981
3.44096e-10	-0.000517979
3.44167e-10	-0.000510967
3.44237e-10	-0.000503944
3.44308e-10	-0.00049691
3.44379e-10	-0.000489866
3.44449e-10	-0.000482811
3.4452e-10	-0.000475746
3.44591e-10	-0.000468669
3.44662e-10	-0.000461583
3.44732e-10	-0.000454485
3.44803e-10	-0.000447377
3.44874e-10	-0.000440259
3.44945e-10	-0.000433129
3.45015e-10	-0.00042599
3.45086e-10	-0.000418839
3.45157e-10	-0.000411678
3.45227e-10	-0.000404506
3.45298e-10	-0.000397324
3.45369e-10	-0.000390131
3.4544e-10	-0.000382928
3.4551e-10	-0.000375714
3.45581e-10	-0.000368489
3.45652e-10	-0.000361254
3.45723e-10	-0.000354008
3.45793e-10	-0.000346751
3.45864e-10	-0.000339484
3.45935e-10	-0.000332207
3.46005e-10	-0.000324919
3.46076e-10	-0.00031762
3.46147e-10	-0.000310311
3.46218e-10	-0.000302991
3.46288e-10	-0.00029566
3.46359e-10	-0.000288319
3.4643e-10	-0.000280968
3.46501e-10	-0.000273606
3.46571e-10	-0.000266233
3.46642e-10	-0.00025885
3.46713e-10	-0.000251456
3.46783e-10	-0.000244052
3.46854e-10	-0.000236637
3.46925e-10	-0.000229211
3.46996e-10	-0.000221776
3.47066e-10	-0.000214329
3.47137e-10	-0.000206872
3.47208e-10	-0.000199405
3.47279e-10	-0.000191927
3.47349e-10	-0.000184438
3.4742e-10	-0.000176939
3.47491e-10	-0.00016943
3.47562e-10	-0.00016191
3.47632e-10	-0.000154379
3.47703e-10	-0.000146838
3.47774e-10	-0.000139287
3.47844e-10	-0.000131725
3.47915e-10	-0.000124152
3.47986e-10	-0.000116569
3.48057e-10	-0.000108976
3.48127e-10	-0.000101372
3.48198e-10	-9.37574e-05
3.48269e-10	-8.61326e-05
3.4834e-10	-7.84973e-05
3.4841e-10	-7.08515e-05
3.48481e-10	-6.31953e-05
3.48552e-10	-5.55286e-05
3.48622e-10	-4.78515e-05
3.48693e-10	-4.01639e-05
3.48764e-10	-3.24659e-05
3.48835e-10	-2.47575e-05
3.48905e-10	-1.70387e-05
3.48976e-10	-9.30937e-06
3.49047e-10	-1.56967e-06
3.49118e-10	6.18045e-06
3.49188e-10	1.3941e-05
3.49259e-10	2.17119e-05
3.4933e-10	2.94933e-05
3.494e-10	3.7285e-05
3.49471e-10	4.50871e-05
3.49542e-10	5.28996e-05
3.49613e-10	6.07226e-05
3.49683e-10	6.85558e-05
3.49754e-10	7.63995e-05
3.49825e-10	8.42536e-05
3.49896e-10	9.2118e-05
3.49966e-10	9.99927e-05
3.50037e-10	0.000107878
3.50108e-10	0.000115773
3.50178e-10	0.000123679
3.50249e-10	0.000131595
3.5032e-10	0.000139522
3.50391e-10	0.000147459
3.50461e-10	0.000155406
3.50532e-10	0.000163363
3.50603e-10	0.000171331
3.50674e-10	0.000179309
3.50744e-10	0.000187298
3.50815e-10	0.000195296
3.50886e-10	0.000203306
3.50957e-10	0.000211325
3.51027e-10	0.000219354
3.51098e-10	0.000227394
3.51169e-10	0.000235445
3.51239e-10	0.000243505
3.5131e-10	0.000251576
3.51381e-10	0.000259657
3.51452e-10	0.000267748
3.51522e-10	0.00027585
3.51593e-10	0.000283961
3.51664e-10	0.000292083
3.51735e-10	0.000300216
3.51805e-10	0.000308358
3.51876e-10	0.000316511
3.51947e-10	0.000324674
3.52017e-10	0.000332847
3.52088e-10	0.00034103
3.52159e-10	0.000349224
3.5223e-10	0.000357427
3.523e-10	0.000365641
3.52371e-10	0.000373865
3.52442e-10	0.0003821
3.52513e-10	0.000390344
3.52583e-10	0.000398599
3.52654e-10	0.000406864
3.52725e-10	0.000415139
3.52795e-10	0.000423424
3.52866e-10	0.000431719
3.52937e-10	0.000440024
3.53008e-10	0.00044834
3.53078e-10	0.000456666
3.53149e-10	0.000465001
3.5322e-10	0.000473347
3.53291e-10	0.000481703
3.53361e-10	0.000490069
3.53432e-10	0.000498446
3.53503e-10	0.000506832
3.53573e-10	0.000515228
3.53644e-10	0.000523635
3.53715e-10	0.000532051
3.53786e-10	0.000540478
3.53856e-10	0.000548915
3.53927e-10	0.000557361
3.53998e-10	0.000565818
3.54069e-10	0.000574285
3.54139e-10	0.000582762
3.5421e-10	0.000591249
3.54281e-10	0.000599745
3.54351e-10	0.000608252
3.54422e-10	0.000616769
3.54493e-10	0.000625296
3.54564e-10	0.000633833
3.54634e-10	0.00064238
3.54705e-10	0.000650937
3.54776e-10	0.000659504
3.54847e-10	0.000668081
3.54917e-10	0.000676667
3.54988e-10	0.000685264
3.55059e-10	0.000693871
3.5513e-10	0.000702487
3.552e-10	0.000711114
3.55271e-10	0.00071975
3.55342e-10	0.000728397
3.55412e-10	0.000737053
3.55483e-10	0.000745719
3.55554e-10	0.000754395
3.55625e-10	0.000763081
3.55695e-10	0.000771777
3.55766e-10	0.000780483
3.55837e-10	0.000789199
3.55908e-10	0.000797924
3.55978e-10	0.000806659
3.56049e-10	0.000815405
3.5612e-10	0.00082416
3.5619e-10	0.000832925
3.56261e-10	0.000841699
3.56332e-10	0.000850484
3.56403e-10	0.000859278
3.56473e-10	0.000868082
3.56544e-10	0.000876896
3.56615e-10	0.00088572
3.56686e-10	0.000894553
3.56756e-10	0.000903396
3.56827e-10	0.000912249
3.56898e-10	0.000921112
3.56968e-10	0.000929985
3.57039e-10	0.000938867
3.5711e-10	0.000947759
3.57181e-10	0.000956661
3.57251e-10	0.000965572
3.57322e-10	0.000974493
3.57393e-10	0.000983424
3.57464e-10	0.000992364
3.57534e-10	0.00100131
3.57605e-10	0.00101027
3.57676e-10	0.00101924
3.57746e-10	0.00102822
3.57817e-10	0.00103721
3.57888e-10	0.00104621
3.57959e-10	0.00105522
3.58029e-10	0.00106424
3.581e-10	0.00107326
3.58171e-10	0.0010823
3.58242e-10	0.00109135
3.58312e-10	0.0011004
3.58383e-10	0.00110947
3.58454e-10	0.00111854
3.58524e-10	0.00112763
3.58595e-10	0.00113672
3.58666e-10	0.00114583
3.58737e-10	0.00115494
3.58807e-10	0.00116406
3.58878e-10	0.0011732
3.58949e-10	0.00118234
3.5902e-10	0.00119149
3.5909e-10	0.00120065
3.59161e-10	0.00120982
3.59232e-10	0.001219
3.59303e-10	0.00122819
3.59373e-10	0.00123739
3.59444e-10	0.0012466
3.59515e-10	0.00125582
3.59585e-10	0.00126505
3.59656e-10	0.00127428
3.59727e-10	0.00128353
3.59798e-10	0.00129278
3.59868e-10	0.00130205
3.59939e-10	0.00131132
3.6001e-10	0.00132061
3.60081e-10	0.0013299
3.60151e-10	0.0013392
3.60222e-10	0.00134852
3.60293e-10	0.00135784
3.60363e-10	0.00136717
3.60434e-10	0.00137651
3.60505e-10	0.00138586
3.60576e-10	0.00139521
3.60646e-10	0.00140458
3.60717e-10	0.00141396
3.60788e-10	0.00142335
3.60859e-10	0.00143274
3.60929e-10	0.00144215
3.61e-10	0.00145156
3.61071e-10	0.00146098
3.61141e-10	0.00147042
3.61212e-10	0.00147986
3.61283e-10	0.00148931
3.61354e-10	0.00149877
3.61424e-10	0.00150824
3.61495e-10	0.00151772
3.61566e-10	0.00152721
3.61637e-10	0.0015367
3.61707e-10	0.00154621
3.61778e-10	0.00155572
3.61849e-10	0.00156525
3.61919e-10	0.00157478
3.6199e-10	0.00158432
3.62061e-10	0.00159388
3.62132e-10	0.00160344
3.62202e-10	0.00161301
3.62273e-10	0.00162259
3.62344e-10	0.00163217
3.62415e-10	0.00164177
3.62485e-10	0.00165138
3.62556e-10	0.00166099
3.62627e-10	0.00167062
3.62697e-10	0.00168025
3.62768e-10	0.00168989
3.62839e-10	0.00169954
3.6291e-10	0.0017092
3.6298e-10	0.00171887
3.63051e-10	0.00172855
3.63122e-10	0.00173824
3.63193e-10	0.00174793
3.63263e-10	0.00175764
3.63334e-10	0.00176735
3.63405e-10	0.00177707
3.63476e-10	0.0017868
3.63546e-10	0.00179654
3.63617e-10	0.00180629
3.63688e-10	0.00181605
3.63758e-10	0.00182582
3.63829e-10	0.00183559
3.639e-10	0.00184538
3.63971e-10	0.00185517
3.64041e-10	0.00186497
3.64112e-10	0.00187478
3.64183e-10	0.0018846
3.64254e-10	0.00189443
3.64324e-10	0.00190427
3.64395e-10	0.00191412
3.64466e-10	0.00192397
3.64536e-10	0.00193383
3.64607e-10	0.00194371
3.64678e-10	0.00195359
3.64749e-10	0.00196348
3.64819e-10	0.00197337
3.6489e-10	0.00198328
3.64961e-10	0.0019932
3.65032e-10	0.00200312
3.65102e-10	0.00201305
3.65173e-10	0.00202299
3.65244e-10	0.00203294
3.65314e-10	0.0020429
3.65385e-10	0.00205287
3.65456e-10	0.00206285
3.65527e-10	0.00207283
3.65597e-10	0.00208282
3.65668e-10	0.00209282
3.65739e-10	0.00210283
3.6581e-10	0.00211285
3.6588e-10	0.00212288
3.65951e-10	0.00213291
3.66022e-10	0.00214296
3.66092e-10	0.00215301
3.66163e-10	0.00216307
3.66234e-10	0.00217314
3.66305e-10	0.00218322
3.66375e-10	0.0021933
3.66446e-10	0.0022034
3.66517e-10	0.0022135
3.66588e-10	0.00222361
3.66658e-10	0.00223373
3.66729e-10	0.00224386
3.668e-10	0.00225399
3.6687e-10	0.00226414
3.66941e-10	0.00227429
3.67012e-10	0.00228445
3.67083e-10	0.00229462
3.67153e-10	0.0023048
3.67224e-10	0.00231498
3.67295e-10	0.00232518
3.67366e-10	0.00233538
3.67436e-10	0.00234559
3.67507e-10	0.00235581
3.67578e-10	0.00236604
3.67649e-10	0.00237627
3.67719e-10	0.00238651
3.6779e-10	0.00239677
3.67861e-10	0.00240703
3.67931e-10	0.00241729
3.68002e-10	0.00242757
3.68073e-10	0.00243785
3.68144e-10	0.00244814
3.68214e-10	0.00245844
3.68285e-10	0.00246875
3.68356e-10	0.00247907
3.68427e-10	0.00248939
3.68497e-10	0.00249973
3.68568e-10	0.00251007
3.68639e-10	0.00252041
3.68709e-10	0.00253077
3.6878e-10	0.00254113
3.68851e-10	0.00255151
3.68922e-10	0.00256189
3.68992e-10	0.00257227
3.69063e-10	0.00258267
3.69134e-10	0.00259307
3.69205e-10	0.00260348
3.69275e-10	0.0026139
3.69346e-10	0.00262433
3.69417e-10	0.00263477
3.69487e-10	0.00264521
3.69558e-10	0.00265566
3.69629e-10	0.00266612
3.697e-10	0.00267658
3.6977e-10	0.00268706
3.69841e-10	0.00269754
3.69912e-10	0.00270803
3.69983e-10	0.00271853
3.70053e-10	0.00272903
3.70124e-10	0.00273955
3.70195e-10	0.00275007
3.70265e-10	0.00276059
3.70336e-10	0.00277113
3.70407e-10	0.00278167
3.70478e-10	0.00279222
3.70548e-10	0.00280278
3.70619e-10	0.00281335
3.7069e-10	0.00282392
3.70761e-10	0.0028345
3.70831e-10	0.00284509
3.70902e-10	0.00285569
3.70973e-10	0.00286629
3.71043e-10	0.00287691
3.71114e-10	0.00288752
3.71185e-10	0.00289815
3.71256e-10	0.00290878
3.71326e-10	0.00291943
3.71397e-10	0.00293007
3.71468e-10	0.00294073
3.71539e-10	0.00295139
3.71609e-10	0.00296207
3.7168e-10	0.00297274
3.71751e-10	0.00298343
3.71822e-10	0.00299412
3.71892e-10	0.00300482
3.71963e-10	0.00301553
3.72034e-10	0.00302625
3.72104e-10	0.00303697
3.72175e-10	0.0030477
3.72246e-10	0.00305844
3.72317e-10	0.00306918
3.72387e-10	0.00307993
3.72458e-10	0.00309069
3.72529e-10	0.00310146
3.726e-10	0.00311223
3.7267e-10	0.00312301
3.72741e-10	0.00313379
3.72812e-10	0.00314459
3.72882e-10	0.00315539
3.72953e-10	0.0031662
3.73024e-10	0.00317701
3.73095e-10	0.00318784
3.73165e-10	0.00319867
3.73236e-10	0.0032095
3.73307e-10	0.00322035
3.73378e-10	0.0032312
3.73448e-10	0.00324206
3.73519e-10	0.00325292
3.7359e-10	0.00326379
3.7366e-10	0.00327467
3.73731e-10	0.00328556
3.73802e-10	0.00329645
3.73873e-10	0.00330735
3.73943e-10	0.00331826
3.74014e-10	0.00332917
3.74085e-10	0.00334009
3.74156e-10	0.00335101
3.74226e-10	0.00336195
3.74297e-10	0.00337289
3.74368e-10	0.00338384
3.74438e-10	0.00339479
3.74509e-10	0.00340575
3.7458e-10	0.00341672
3.74651e-10	0.00342769
3.74721e-10	0.00343867
3.74792e-10	0.00344966
3.74863e-10	0.00346065
3.74934e-10	0.00347165
3.75004e-10	0.00348266
3.75075e-10	0.00349368
3.75146e-10	0.0035047
3.75216e-10	0.00351572
3.75287e-10	0.00352676
3.75358e-10	0.0035378
3.75429e-10	0.00354884
3.75499e-10	0.0035599
3.7557e-10	0.00357096
3.75641e-10	0.00358202
3.75712e-10	0.00359309
3.75782e-10	0.00360417
3.75853e-10	0.00361526
3.75924e-10	0.00362635
3.75995e-10	0.00363745
3.76065e-10	0.00364855
3.76136e-10	0.00365967
3.76207e-10	0.00367078
3.76277e-10	0.00368191
3.76348e-10	0.00369304
3.76419e-10	0.00370417
3.7649e-10	0.00371531
3.7656e-10	0.00372646
3.76631e-10	0.00373762
3.76702e-10	0.00374878
3.76773e-10	0.00375995
3.76843e-10	0.00377112
3.76914e-10	0.0037823
3.76985e-10	0.00379349
3.77055e-10	0.00380468
3.77126e-10	0.00381588
3.77197e-10	0.00382708
3.77268e-10	0.00383829
3.77338e-10	0.00384951
3.77409e-10	0.00386073
3.7748e-10	0.00387196
3.77551e-10	0.00388319
3.77621e-10	0.00389443
3.77692e-10	0.00390568
3.77763e-10	0.00391693
3.77833e-10	0.00392819
3.77904e-10	0.00393945
3.77975e-10	0.00395072
3.78046e-10	0.003962
3.78116e-10	0.00397328
3.78187e-10	0.00398456
3.78258e-10	0.00399586
3.78329e-10	0.00400716
3.78399e-10	0.00401846
3.7847e-10	0.00402977
3.78541e-10	0.00404109
3.78611e-10	0.00405241
3.78682e-10	0.00406374
3.78753e-10	0.00407507
3.78824e-10	0.00408641
3.78894e-10	0.00409775
3.78965e-10	0.0041091
3.79036e-10	0.00412046
3.79107e-10	0.00413182
3.79177e-10	0.00414319
3.79248e-10	0.00415456
3.79319e-10	0.00416594
3.79389e-10	0.00417732
3.7946e-10	0.00418871
3.79531e-10	0.00420011
3.79602e-10	0.00421151
3.79672e-10	0.00422291
3.79743e-10	0.00423432
3.79814e-10	0.00424574
3.79885e-10	0.00425716
3.79955e-10	0.00426859
3.80026e-10	0.00428002
3.80097e-10	0.00429146
3.80168e-10	0.0043029
3.80238e-10	0.00431435
3.80309e-10	0.0043258
3.8038e-10	0.00433726
3.8045e-10	0.00434872
3.80521e-10	0.00436019
3.80592e-10	0.00437167
3.80663e-10	0.00438314
3.80733e-10	0.00439463
3.80804e-10	0.00440612
3.80875e-10	0.00441761
3.80946e-10	0.00442911
3.81016e-10	0.00444062
3.81087e-10	0.00445213
3.81158e-10	0.00446364
3.81228e-10	0.00447516
3.81299e-10	0.00448669
3.8137e-10	0.00449822
3.81441e-10	0.00450975
3.81511e-10	0.00452129
3.81582e-10	0.00453284
3.81653e-10	0.00454439
3.81724e-10	0.00455594
3.81794e-10	0.0045675
3.81865e-10	0.00457906
3.81936e-10	0.00459063
3.82006e-10	0.00460221
3.82077e-10	0.00461378
3.82148e-10	0.00462537
3.82219e-10	0.00463695
3.82289e-10	0.00464855
3.8236e-10	0.00466014
3.82431e-10	0.00467174
3.82502e-10	0.00468335
3.82572e-10	0.00469496
3.82643e-10	0.00470658
3.82714e-10	0.0047182
3.82784e-10	0.00472982
3.82855e-10	0.00474145
3.82926e-10	0.00475308
3.82997e-10	0.00476472
3.83067e-10	0.00477637
3.83138e-10	0.00478801
3.83209e-10	0.00479966
3.8328e-10	0.00481132
3.8335e-10	0.00482298
3.83421e-10	0.00483464
3.83492e-10	0.00484631
3.83562e-10	0.00485799
3.83633e-10	0.00486966
3.83704e-10	0.00488135
3.83775e-10	0.00489303
3.83845e-10	0.00490472
3.83916e-10	0.00491642
3.83987e-10	0.00492812
3.84058e-10	0.00493982
3.84128e-10	0.00495153
3.84199e-10	0.00496324
3.8427e-10	0.00497495
3.84341e-10	0.00498667
3.84411e-10	0.00499839
3.84482e-10	0.00501012
3.84553e-10	0.00502185
3.84623e-10	0.00503359
3.84694e-10	0.00504533
3.84765e-10	0.00505707
3.84836e-10	0.00506882
3.84906e-10	0.00508057
3.84977e-10	0.00509232
3.85048e-10	0.00510408
3.85119e-10	0.00511584
3.85189e-10	0.00512761
3.8526e-10	0.00513938
3.85331e-10	0.00515116
3.85401e-10	0.00516293
3.85472e-10	0.00517471
3.85543e-10	0.0051865
3.85614e-10	0.00519829
3.85684e-10	0.00521008
3.85755e-10	0.00522188
3.85826e-10	0.00523368
3.85897e-10	0.00524548
3.85967e-10	0.00525729
3.86038e-10	0.0052691
3.86109e-10	0.00528091
3.86179e-10	0.00529273
3.8625e-10	0.00530455
3.86321e-10	0.00531637
3.86392e-10	0.0053282
3.86462e-10	0.00534003
3.86533e-10	0.00535187
3.86604e-10	0.00536371
3.86675e-10	0.00537555
3.86745e-10	0.00538739
3.86816e-10	0.00539924
3.86887e-10	0.00541109
3.86957e-10	0.00542295
3.87028e-10	0.0054348
3.87099e-10	0.00544666
3.8717e-10	0.00545853
3.8724e-10	0.0054704
3.87311e-10	0.00548227
3.87382e-10	0.00549414
3.87453e-10	0.00550601
3.87523e-10	0.00551789
3.87594e-10	0.00552978
3.87665e-10	0.00554166
3.87735e-10	0.00555355
3.87806e-10	0.00556544
3.87877e-10	0.00557734
3.87948e-10	0.00558924
3.88018e-10	0.00560114
3.88089e-10	0.00561304
3.8816e-10	0.00562494
3.88231e-10	0.00563685
3.88301e-10	0.00564877
3.88372e-10	0.00566068
3.88443e-10	0.0056726
3.88514e-10	0.00568452
3.88584e-10	0.00569644
3.88655e-10	0.00570836
3.88726e-10	0.00572029
3.88796e-10	0.00573222
3.88867e-10	0.00574416
3.88938e-10	0.00575609
3.89009e-10	0.00576803
3.89079e-10	0.00577997
3.8915e-10	0.00579191
3.89221e-10	0.00580386
3.89292e-10	0.00581581
3.89362e-10	0.00582776
3.89433e-10	0.00583971
3.89504e-10	0.00585167
3.89574e-10	0.00586363
3.89645e-10	0.00587559
3.89716e-10	0.00588755
3.89787e-10	0.00589951
3.89857e-10	0.00591148
3.89928e-10	0.00592345
3.89999e-10	0.00593542
3.9007e-10	0.0059474
3.9014e-10	0.00595937
3.90211e-10	0.00597135
3.90282e-10	0.00598333
3.90352e-10	0.00599531
3.90423e-10	0.0060073
3.90494e-10	0.00601928
3.90565e-10	0.00603127
3.90635e-10	0.00604326
3.90706e-10	0.00605526
3.90777e-10	0.00606725
3.90848e-10	0.00607925
3.90918e-10	0.00609124
3.90989e-10	0.00610325
3.9106e-10	0.00611525
3.9113e-10	0.00612725
3.91201e-10	0.00613926
3.91272e-10	0.00615126
3.91343e-10	0.00616327
3.91413e-10	0.00617528
3.91484e-10	0.0061873
3.91555e-10	0.00619931
3.91626e-10	0.00621133
3.91696e-10	0.00622334
3.91767e-10	0.00623536
3.91838e-10	0.00624738
3.91908e-10	0.00625941
3.91979e-10	0.00627143
3.9205e-10	0.00628345
3.92121e-10	0.00629548
3.92191e-10	0.00630751
3.92262e-10	0.00631954
3.92333e-10	0.00633157
3.92404e-10	0.0063436
3.92474e-10	0.00635563
3.92545e-10	0.00636767
3.92616e-10	0.00637971
3.92687e-10	0.00639174
3.92757e-10	0.00640378
3.92828e-10	0.00641582
3.92899e-10	0.00642786
3.92969e-10	0.0064399
3.9304e-10	0.00645195
3.93111e-10	0.00646399
3.93182e-10	0.00647604
3.93252e-10	0.00648808
3.93323e-10	0.00650013
3.93394e-10	0.00651218
3.93465e-10	0.00652423
3.93535e-10	0.00653628
3.93606e-10	0.00654833
3.93677e-10	0.00656038
3.93747e-10	0.00657244
3.93818e-10	0.00658449
3.93889e-10	0.00659655
3.9396e-10	0.0066086
3.9403e-10	0.00662066
3.94101e-10	0.00663271
3.94172e-10	0.00664477
3.94243e-10	0.00665683
3.94313e-10	0.00666889
3.94384e-10	0.00668095
3.94455e-10	0.00669301
3.94525e-10	0.00670507
3.94596e-10	0.00671713
3.94667e-10	0.00672919
3.94738e-10	0.00674126
3.94808e-10	0.00675332
3.94879e-10	0.00676538
3.9495e-10	0.00677745
3.95021e-10	0.00678951
3.95091e-10	0.00680157
3.95162e-10	0.00681364
3.95233e-10	0.0068257
3.95303e-10	0.00683777
3.95374e-10	0.00684983
3.95445e-10	0.0068619
3.95516e-10	0.00687397
3.95586e-10	0.00688603
3.95657e-10	0.0068981
3.95728e-10	0.00691016
3.95799e-10	0.00692223
3.95869e-10	0.0069343
3.9594e-10	0.00694636
3.96011e-10	0.00695843
3.96081e-10	0.0069705
3.96152e-10	0.00698256
3.96223e-10	0.00699463
3.96294e-10	0.0070067
3.96364e-10	0.00701876
3.96435e-10	0.00703083
3.96506e-10	0.00704289
3.96577e-10	0.00705496
3.96647e-10	0.00706702
3.96718e-10	0.00707909
3.96789e-10	0.00709115
3.9686e-10	0.00710322
3.9693e-10	0.00711528
3.97001e-10	0.00712735
3.97072e-10	0.00713941
3.97142e-10	0.00715147
3.97213e-10	0.00716353
3.97284e-10	0.00717559
3.97355e-10	0.00718766
3.97425e-10	0.00719972
3.97496e-10	0.00721178
3.97567e-10	0.00722384
3.97638e-10	0.00723589
3.97708e-10	0.00724795
3.97779e-10	0.00726001
3.9785e-10	0.00727207
3.9792e-10	0.00728412
3.97991e-10	0.00729618
3.98062e-10	0.00730823
3.98133e-10	0.00732028
3.98203e-10	0.00733234
3.98274e-10	0.00734439
3.98345e-10	0.00735644
3.98416e-10	0.00736849
3.98486e-10	0.00738054
3.98557e-10	0.00739259
3.98628e-10	0.00740463
3.98698e-10	0.00741668
3.98769e-10	0.00742872
3.9884e-10	0.00744076
3.98911e-10	0.00745281
3.98981e-10	0.00746485
3.99052e-10	0.00747689
3.99123e-10	0.00748893
3.99194e-10	0.00750096
3.99264e-10	0.007513
3.99335e-10	0.00752503
3.99406e-10	0.00753707
3.99476e-10	0.0075491
3.99547e-10	0.00756113
3.99618e-10	0.00757316
3.99689e-10	0.00758519
3.99759e-10	0.00759721
3.9983e-10	0.00760924
3.99901e-10	0.00762126
3.99972e-10	0.00763328
4.00042e-10	0.0076453
4.00113e-10	0.00765732
4.00184e-10	0.00766933
4.00255e-10	0.00768135
4.00325e-10	0.00769336
4.00396e-10	0.00770537
4.00467e-10	0.00771738
4.00537e-10	0.00772939
4.00608e-10	0.00774139
4.00679e-10	0.0077534
4.0075e-10	0.0077654
4.0082e-10	0.0077774
4.00891e-10	0.00778939
4.00962e-10	0.00780139
4.01033e-10	0.00781338
4.01103e-10	0.00782537
4.01174e-10	0.00783736
4.01245e-10	0.00784935
4.01315e-10	0.00786134
4.01386e-10	0.00787332
4.01457e-10	0.0078853
4.01528e-10	0.00789728
4.01598e-10	0.00790925
4.01669e-10	0.00792123
4.0174e-10	0.0079332
4.01811e-10	0.00794517
4.01881e-10	0.00795713
4.01952e-10	0.0079691
4.02023e-10	0.00798106
4.02093e-10	0.00799302
4.02164e-10	0.00800498
4.02235e-10	0.00801693
4.02306e-10	0.00802888
4.02376e-10	0.00804083
4.02447e-10	0.00805278
4.02518e-10	0.00806472
4.02589e-10	0.00807666
4.02659e-10	0.0080886
4.0273e-10	0.00810053
4.02801e-10	0.00811247
4.02871e-10	0.00812439
4.02942e-10	0.00813632
4.03013e-10	0.00814824
4.03084e-10	0.00816017
4.03154e-10	0.00817208
4.03225e-10	0.008184
4.03296e-10	0.00819591
4.03367e-10	0.00820782
4.03437e-10	0.00821972
4.03508e-10	0.00823163
4.03579e-10	0.00824353
4.03649e-10	0.00825542
4.0372e-10	0.00826732
4.03791e-10	0.00827921
4.03862e-10	0.00829109
4.03932e-10	0.00830298
4.04003e-10	0.00831486
4.04074e-10	0.00832673
4.04145e-10	0.0083386
4.04215e-10	0.00835047
4.04286e-10	0.00836234
4.04357e-10	0.0083742
4.04428e-10	0.00838606
4.04498e-10	0.00839792
4.04569e-10	0.00840977
4.0464e-10	0.00842162
4.0471e-10	0.00843346
4.04781e-10	0.0084453
4.04852e-10	0.00845714
4.04923e-10	0.00846897
4.04993e-10	0.0084808
4.05064e-10	0.00849263
4.05135e-10	0.00850445
4.05206e-10	0.00851627
4.05276e-10	0.00852809
4.05347e-10	0.0085399
4.05418e-10	0.0085517
4.05488e-10	0.0085635
4.05559e-10	0.0085753
4.0563e-10	0.0085871
4.05701e-10	0.00859889
4.05771e-10	0.00861067
4.05842e-10	0.00862246
4.05913e-10	0.00863423
4.05984e-10	0.00864601
4.06054e-10	0.00865778
4.06125e-10	0.00866954
4.06196e-10	0.0086813
4.06266e-10	0.00869306
4.06337e-10	0.00870481
4.06408e-10	0.00871656
4.06479e-10	0.0087283
4.06549e-10	0.00874004
4.0662e-10	0.00875177
4.06691e-10	0.0087635
4.06762e-10	0.00877523
4.06832e-10	0.00878695
4.06903e-10	0.00879866
4.06974e-10	0.00881037
4.07044e-10	0.00882208
4.07115e-10	0.00883378
4.07186e-10	0.00884548
4.07257e-10	0.00885717
4.07327e-10	0.00886886
4.07398e-10	0.00888054
4.07469e-10	0.00889222
4.0754e-10	0.00890389
4.0761e-10	0.00891556
4.07681e-10	0.00892722
4.07752e-10	0.00893888
4.07822e-10	0.00895053
4.07893e-10	0.00896217
4.07964e-10	0.00897382
4.08035e-10	0.00898545
4.08105e-10	0.00899708
4.08176e-10	0.00900871
4.08247e-10	0.00902033
4.08318e-10	0.00903195
4.08388e-10	0.00904356
4.08459e-10	0.00905516
4.0853e-10	0.00906676
4.08601e-10	0.00907836
4.08671e-10	0.00908995
4.08742e-10	0.00910153
4.08813e-10	0.00911311
4.08883e-10	0.00912468
4.08954e-10	0.00913625
4.09025e-10	0.00914781
4.09096e-10	0.00915936
4.09166e-10	0.00917091
4.09237e-10	0.00918246
4.09308e-10	0.00919399
4.09379e-10	0.00920552
4.09449e-10	0.00921705
4.0952e-10	0.00922857
4.09591e-10	0.00924009
4.09661e-10	0.0092516
4.09732e-10	0.0092631
4.09803e-10	0.00927459
4.09874e-10	0.00928609
4.09944e-10	0.00929757
4.10015e-10	0.00930905
4.10086e-10	0.00932052
4.10157e-10	0.00933199
4.10227e-10	0.00934345
4.10298e-10	0.0093549
4.10369e-10	0.00936635
4.10439e-10	0.00937779
4.1051e-10	0.00938922
4.10581e-10	0.00940065
4.10652e-10	0.00941207
4.10722e-10	0.00942349
4.10793e-10	0.0094349
4.10864e-10	0.0094463
4.10935e-10	0.0094577
4.11005e-10	0.00946909
4.11076e-10	0.00948047
4.11147e-10	0.00949185
4.11217e-10	0.00950321
4.11288e-10	0.00951458
4.11359e-10	0.00952593
4.1143e-10	0.00953728
4.115e-10	0.00954862
4.11571e-10	0.00955996
4.11642e-10	0.00957129
4.11713e-10	0.00958261
4.11783e-10	0.00959392
4.11854e-10	0.00960523
4.11925e-10	0.00961653
4.11995e-10	0.00962783
4.12066e-10	0.00963911
4.12137e-10	0.00965039
4.12208e-10	0.00966166
4.12278e-10	0.00967293
4.12349e-10	0.00968419
4.1242e-10	0.00969544
4.12491e-10	0.00970668
4.12561e-10	0.00971792
4.12632e-10	0.00972915
4.12703e-10	0.00974037
4.12774e-10	0.00975158
4.12844e-10	0.00976279
4.12915e-10	0.00977398
4.12986e-10	0.00978518
4.13056e-10	0.00979636
4.13127e-10	0.00980754
4.13198e-10	0.0098187
4.13269e-10	0.00982986
4.13339e-10	0.00984102
4.1341e-10	0.00985216
4.13481e-10	0.0098633
4.13552e-10	0.00987443
4.13622e-10	0.00988555
4.13693e-10	0.00989666
4.13764e-10	0.00990777
4.13834e-10	0.00991887
4.13905e-10	0.00992996
4.13976e-10	0.00994104
4.14047e-10	0.00995211
4.14117e-10	0.00996318
4.14188e-10	0.00997423
4.14259e-10	0.00998528
4.1433e-10	0.00999632
4.144e-10	0.0100074
4.14471e-10	0.0100184
4.14542e-10	0.0100294
4.14612e-10	0.0100404
4.14683e-10	0.0100514
4.14754e-10	0.0100624
4.14825e-10	0.0100734
4.14895e-10	0.0100844
4.14966e-10	0.0100953
4.15037e-10	0.0101063
4.15108e-10	0.0101172
4.15178e-10	0.0101282
4.15249e-10	0.0101391
4.1532e-10	0.01015
4.1539e-10	0.0101609
4.15461e-10	0.0101718
4.15532e-10	0.0101827
4.15603e-10	0.0101936
4.15673e-10	0.0102045
4.15744e-10	0.0102154
4.15815e-10	0.0102262
4.15886e-10	0.0102371
4.15956e-10	0.0102479
4.16027e-10	0.0102588
4.16098e-10	0.0102696
4.16168e-10	0.0102804
4.16239e-10	0.0102912
4.1631e-10	0.010302
4.16381e-10	0.0103128
4.16451e-10	0.0103236
4.16522e-10	0.0103343
4.16593e-10	0.0103451
4.16664e-10	0.0103558
4.16734e-10	0.0103666
4.16805e-10	0.0103773
4.16876e-10	0.010388
4.16947e-10	0.0103987
4.17017e-10	0.0104094
4.17088e-10	0.0104201
4.17159e-10	0.0104308
4.17229e-10	0.0104415
4.173e-10	0.0104522
4.17371e-10	0.0104628
4.17442e-10	0.0104735
4.17512e-10	0.0104841
4.17583e-10	0.0104947
4.17654e-10	0.0105053
4.17725e-10	0.0105159
4.17795e-10	0.0105265
4.17866e-10	0.0105371
4.17937e-10	0.0105477
4.18007e-10	0.0105583
4.18078e-10	0.0105688
4.18149e-10	0.0105793
4.1822e-10	0.0105899
4.1829e-10	0.0106004
4.18361e-10	0.0106109
4.18432e-10	0.0106214
4.18503e-10	0.0106319
4.18573e-10	0.0106424
4.18644e-10	0.0106529
4.18715e-10	0.0106633
4.18785e-10	0.0106738
4.18856e-10	0.0106842
4.18927e-10	0.0106947
4.18998e-10	0.0107051
4.19068e-10	0.0107155
4.19139e-10	0.0107259
4.1921e-10	0.0107363
4.19281e-10	0.0107466
4.19351e-10	0.010757
4.19422e-10	0.0107674
4.19493e-10	0.0107777
4.19563e-10	0.010788
4.19634e-10	0.0107984
4.19705e-10	0.0108087
4.19776e-10	0.010819
4.19846e-10	0.0108293
4.19917e-10	0.0108395
4.19988e-10	0.0108498
4.20059e-10	0.0108601
4.20129e-10	0.0108703
4.202e-10	0.0108805
4.20271e-10	0.0108908
4.20341e-10	0.010901
4.20412e-10	0.0109112
4.20483e-10	0.0109214
4.20554e-10	0.0109315
4.20624e-10	0.0109417
4.20695e-10	0.0109519
4.20766e-10	0.010962
4.20837e-10	0.0109721
4.20907e-10	0.0109823
4.20978e-10	0.0109924
4.21049e-10	0.0110025
4.2112e-10	0.0110125
4.2119e-10	0.0110226
4.21261e-10	0.0110327
4.21332e-10	0.0110427
4.21402e-10	0.0110528
4.21473e-10	0.0110628
4.21544e-10	0.0110728
4.21615e-10	0.0110828
4.21685e-10	0.0110928
4.21756e-10	0.0111028
4.21827e-10	0.0111127
4.21898e-10	0.0111227
4.21968e-10	0.0111326
4.22039e-10	0.0111426
4.2211e-10	0.0111525
4.2218e-10	0.0111624
4.22251e-10	0.0111723
4.22322e-10	0.0111822
4.22393e-10	0.011192
4.22463e-10	0.0112019
4.22534e-10	0.0112117
4.22605e-10	0.0112216
4.22676e-10	0.0112314
4.22746e-10	0.0112412
4.22817e-10	0.011251
4.22888e-10	0.0112607
4.22958e-10	0.0112705
4.23029e-10	0.0112803
4.231e-10	0.01129
4.23171e-10	0.0112997
4.23241e-10	0.0113095
4.23312e-10	0.0113192
4.23383e-10	0.0113288
4.23454e-10	0.0113385
4.23524e-10	0.0113482
4.23595e-10	0.0113578
4.23666e-10	0.0113675
4.23736e-10	0.0113771
4.23807e-10	0.0113867
4.23878e-10	0.0113963
4.23949e-10	0.0114059
4.24019e-10	0.0114155
4.2409e-10	0.011425
4.24161e-10	0.0114346
4.24232e-10	0.0114441
4.24302e-10	0.0114536
4.24373e-10	0.0114631
4.24444e-10	0.0114726
4.24514e-10	0.0114821
4.24585e-10	0.0114916
4.24656e-10	0.011501
4.24727e-10	0.0115104
4.24797e-10	0.0115199
4.24868e-10	0.0115293
4.24939e-10	0.0115387
4.2501e-10	0.0115481
4.2508e-10	0.0115574
4.25151e-10	0.0115668
4.25222e-10	0.0115761
4.25293e-10	0.0115855
4.25363e-10	0.0115948
4.25434e-10	0.0116041
4.25505e-10	0.0116134
4.25575e-10	0.0116226
4.25646e-10	0.0116319
4.25717e-10	0.0116411
4.25788e-10	0.0116503
4.25858e-10	0.0116596
4.25929e-10	0.0116688
4.26e-10	0.0116779
4.26071e-10	0.0116871
4.26141e-10	0.0116963
4.26212e-10	0.0117054
4.26283e-10	0.0117145
4.26353e-10	0.0117237
4.26424e-10	0.0117328
4.26495e-10	0.0117418
4.26566e-10	0.0117509
4.26636e-10	0.01176
4.26707e-10	0.011769
4.26778e-10	0.011778
4.26849e-10	0.011787
4.26919e-10	0.011796
4.2699e-10	0.011805
4.27061e-10	0.011814
4.27131e-10	0.0118229
4.27202e-10	0.0118319
4.27273e-10	0.0118408
4.27344e-10	0.0118497
4.27414e-10	0.0118586
4.27485e-10	0.0118675
4.27556e-10	0.0118763
4.27627e-10	0.0118852
4.27697e-10	0.011894
4.27768e-10	0.0119028
4.27839e-10	0.0119116
4.27909e-10	0.0119204
4.2798e-10	0.0119292
4.28051e-10	0.0119379
4.28122e-10	0.0119467
4.28192e-10	0.0119554
4.28263e-10	0.0119641
4.28334e-10	0.0119728
4.28405e-10	0.0119815
4.28475e-10	0.0119901
4.28546e-10	0.0119988
4.28617e-10	0.0120074
4.28687e-10	0.012016
4.28758e-10	0.0120246
4.28829e-10	0.0120332
4.289e-10	0.0120417
4.2897e-10	0.0120503
4.29041e-10	0.0120588
4.29112e-10	0.0120673
4.29183e-10	0.0120758
4.29253e-10	0.0120843
4.29324e-10	0.0120928
4.29395e-10	0.0121013
4.29466e-10	0.0121097
4.29536e-10	0.0121181
4.29607e-10	0.0121265
4.29678e-10	0.0121349
4.29748e-10	0.0121433
4.29819e-10	0.0121516
4.2989e-10	0.01216
4.29961e-10	0.0121683
4.30031e-10	0.0121766
4.30102e-10	0.0121849
4.30173e-10	0.0121932
4.30244e-10	0.0122014
4.30314e-10	0.0122097
4.30385e-10	0.0122179
4.30456e-10	0.0122261
4.30526e-10	0.0122343
4.30597e-10	0.0122424
4.30668e-10	0.0122506
4.30739e-10	0.0122587
4.30809e-10	0.0122669
4.3088e-10	0.012275
4.30951e-10	0.012283
4.31022e-10	0.0122911
4.31092e-10	0.0122992
4.31163e-10	0.0123072
4.31234e-10	0.0123152
4.31304e-10	0.0123232
4.31375e-10	0.0123312
4.31446e-10	0.0123392
4.31517e-10	0.0123471
4.31587e-10	0.0123551
4.31658e-10	0.012363
4.31729e-10	0.0123709
4.318e-10	0.0123787
4.3187e-10	0.0123866
4.31941e-10	0.0123944
4.32012e-10	0.0124023
4.32082e-10	0.0124101
4.32153e-10	0.0124179
4.32224e-10	0.0124256
4.32295e-10	0.0124334
4.32365e-10	0.0124411
4.32436e-10	0.0124489
4.32507e-10	0.0124566
4.32578e-10	0.0124643
4.32648e-10	0.0124719
4.32719e-10	0.0124796
4.3279e-10	0.0124872
4.3286e-10	0.0124948
4.32931e-10	0.0125024
4.33002e-10	0.01251
4.33073e-10	0.0125175
4.33143e-10	0.0125251
4.33214e-10	0.0125326
4.33285e-10	0.0125401
4.33356e-10	0.0125476
4.33426e-10	0.012555
4.33497e-10	0.0125625
4.33568e-10	0.0125699
4.33639e-10	0.0125773
4.33709e-10	0.0125847
4.3378e-10	0.0125921
4.33851e-10	0.0125995
4.33921e-10	0.0126068
4.33992e-10	0.0126141
4.34063e-10	0.0126214
4.34134e-10	0.0126287
4.34204e-10	0.0126359
4.34275e-10	0.0126432
4.34346e-10	0.0126504
4.34417e-10	0.0126576
4.34487e-10	0.0126648
4.34558e-10	0.012672
4.34629e-10	0.0126791
4.34699e-10	0.0126862
4.3477e-10	0.0126934
4.34841e-10	0.0127004
4.34912e-10	0.0127075
4.34982e-10	0.0127146
4.35053e-10	0.0127216
4.35124e-10	0.0127286
4.35195e-10	0.0127356
4.35265e-10	0.0127426
4.35336e-10	0.0127495
4.35407e-10	0.0127565
4.35477e-10	0.0127634
4.35548e-10	0.0127703
4.35619e-10	0.0127772
4.3569e-10	0.012784
4.3576e-10	0.0127908
4.35831e-10	0.0127977
4.35902e-10	0.0128045
4.35973e-10	0.0128112
4.36043e-10	0.012818
4.36114e-10	0.0128247
4.36185e-10	0.0128314
4.36255e-10	0.0128381
4.36326e-10	0.0128448
4.36397e-10	0.0128515
4.36468e-10	0.0128581
4.36538e-10	0.0128647
4.36609e-10	0.0128713
4.3668e-10	0.0128779
4.36751e-10	0.0128845
4.36821e-10	0.012891
4.36892e-10	0.0128975
4.36963e-10	0.012904
4.37033e-10	0.0129105
4.37104e-10	0.0129169
4.37175e-10	0.0129234
4.37246e-10	0.0129298
4.37316e-10	0.0129362
4.37387e-10	0.0129426
4.37458e-10	0.0129489
4.37529e-10	0.0129552
4.37599e-10	0.0129615
4.3767e-10	0.0129678
4.37741e-10	0.0129741
4.37812e-10	0.0129804
4.37882e-10	0.0129866
4.37953e-10	0.0129928
4.38024e-10	0.012999
4.38094e-10	0.0130051
4.38165e-10	0.0130113
4.38236e-10	0.0130174
4.38307e-10	0.0130235
4.38377e-10	0.0130296
4.38448e-10	0.0130356
4.38519e-10	0.0130417
4.3859e-10	0.0130477
4.3866e-10	0.0130537
4.38731e-10	0.0130597
4.38802e-10	0.0130656
4.38872e-10	0.0130715
4.38943e-10	0.0130775
4.39014e-10	0.0130833
4.39085e-10	0.0130892
4.39155e-10	0.0130951
4.39226e-10	0.0131009
4.39297e-10	0.0131067
4.39368e-10	0.0131125
4.39438e-10	0.0131182
4.39509e-10	0.0131239
4.3958e-10	0.0131297
4.3965e-10	0.0131354
4.39721e-10	0.013141
4.39792e-10	0.0131467
4.39863e-10	0.0131523
4.39933e-10	0.0131579
4.40004e-10	0.0131635
4.40075e-10	0.013169
4.40146e-10	0.0131746
4.40216e-10	0.0131801
4.40287e-10	0.0131856
4.40358e-10	0.0131911
4.40428e-10	0.0131965
4.40499e-10	0.0132019
4.4057e-10	0.0132073
4.40641e-10	0.0132127
4.40711e-10	0.0132181
4.40782e-10	0.0132234
4.40853e-10	0.0132287
4.40924e-10	0.013234
4.40994e-10	0.0132393
4.41065e-10	0.0132445
4.41136e-10	0.0132498
4.41206e-10	0.013255
4.41277e-10	0.0132601
4.41348e-10	0.0132653
4.41419e-10	0.0132704
4.41489e-10	0.0132755
4.4156e-10	0.0132806
4.41631e-10	0.0132857
4.41702e-10	0.0132907
4.41772e-10	0.0132958
4.41843e-10	0.0133007
4.41914e-10	0.0133057
4.41985e-10	0.0133107
4.42055e-10	0.0133156
4.42126e-10	0.0133205
4.42197e-10	0.0133254
4.42267e-10	0.0133302
4.42338e-10	0.0133351
4.42409e-10	0.0133399
4.4248e-10	0.0133447
4.4255e-10	0.0133494
4.42621e-10	0.0133542
4.42692e-10	0.0133589
4.42763e-10	0.0133636
4.42833e-10	0.0133682
4.42904e-10	0.0133729
4.42975e-10	0.0133775
4.43045e-10	0.0133821
4.43116e-10	0.0133867
4.43187e-10	0.0133912
4.43258e-10	0.0133957
4.43328e-10	0.0134002
4.43399e-10	0.0134047
4.4347e-10	0.0134092
4.43541e-10	0.0134136
4.43611e-10	0.013418
4.43682e-10	0.0134224
4.43753e-10	0.0134267
4.43823e-10	0.0134311
4.43894e-10	0.0134354
4.43965e-10	0.0134397
4.44036e-10	0.0134439
4.44106e-10	0.0134482
4.44177e-10	0.0134524
4.44248e-10	0.0134566
4.44319e-10	0.0134607
4.44389e-10	0.0134649
4.4446e-10	0.013469
4.44531e-10	0.0134731
4.44601e-10	0.0134771
4.44672e-10	0.0134812
4.44743e-10	0.0134852
4.44814e-10	0.0134892
4.44884e-10	0.0134931
4.44955e-10	0.0134971
4.45026e-10	0.013501
4.45097e-10	0.0135049
4.45167e-10	0.0135087
4.45238e-10	0.0135126
4.45309e-10	0.0135164
4.4538e-10	0.0135202
4.4545e-10	0.013524
4.45521e-10	0.0135277
4.45592e-10	0.0135314
4.45662e-10	0.0135351
4.45733e-10	0.0135388
4.45804e-10	0.0135424
4.45875e-10	0.013546
4.45945e-10	0.0135496
4.46016e-10	0.0135532
4.46087e-10	0.0135567
4.46158e-10	0.0135602
4.46228e-10	0.0135637
4.46299e-10	0.0135672
4.4637e-10	0.0135706
4.4644e-10	0.013574
4.46511e-10	0.0135774
4.46582e-10	0.0135808
4.46653e-10	0.0135841
4.46723e-10	0.0135874
4.46794e-10	0.0135907
4.46865e-10	0.0135939
4.46936e-10	0.0135972
4.47006e-10	0.0136004
4.47077e-10	0.0136036
4.47148e-10	0.0136067
4.47218e-10	0.0136098
4.47289e-10	0.0136129
4.4736e-10	0.013616
4.47431e-10	0.0136191
4.47501e-10	0.0136221
4.47572e-10	0.0136251
4.47643e-10	0.013628
4.47714e-10	0.013631
4.47784e-10	0.0136339
4.47855e-10	0.0136368
4.47926e-10	0.0136397
4.47996e-10	0.0136425
4.48067e-10	0.0136453
4.48138e-10	0.0136481
4.48209e-10	0.0136509
4.48279e-10	0.0136536
4.4835e-10	0.0136563
4.48421e-10	0.013659
4.48492e-10	0.0136616
4.48562e-10	0.0136642
4.48633e-10	0.0136668
4.48704e-10	0.0136694
4.48774e-10	0.013672
4.48845e-10	0.0136745
4.48916e-10	0.013677
4.48987e-10	0.0136794
4.49057e-10	0.0136819
4.49128e-10	0.0136843
4.49199e-10	0.0136867
4.4927e-10	0.013689
4.4934e-10	0.0136913
4.49411e-10	0.0136936
4.49482e-10	0.0136959
4.49553e-10	0.0136982
4.49623e-10	0.0137004
4.49694e-10	0.0137026
4.49765e-10	0.0137047
4.49835e-10	0.0137069
4.49906e-10	0.013709
4.49977e-10	0.0137111
4.50048e-10	0.0137131
4.50118e-10	0.0137151
4.50189e-10	0.0137171
4.5026e-10	0.0137191
4.50331e-10	0.0137211
4.50401e-10	0.013723
4.50472e-10	0.0137249
4.50543e-10	0.0137267
4.50613e-10	0.0137286
4.50684e-10	0.0137304
4.50755e-10	0.0137321
4.50826e-10	0.0137339
4.50896e-10	0.0137356
4.50967e-10	0.0137373
4.51038e-10	0.013739
4.51109e-10	0.0137406
4.51179e-10	0.0137422
4.5125e-10	0.0137438
4.51321e-10	0.0137453
4.51391e-10	0.0137469
4.51462e-10	0.0137484
4.51533e-10	0.0137498
4.51604e-10	0.0137513
4.51674e-10	0.0137527
4.51745e-10	0.0137541
4.51816e-10	0.0137554
4.51887e-10	0.0137567
4.51957e-10	0.013758
4.52028e-10	0.0137593
4.52099e-10	0.0137605
4.52169e-10	0.0137617
4.5224e-10	0.0137629
4.52311e-10	0.0137641
4.52382e-10	0.0137652
4.52452e-10	0.0137663
4.52523e-10	0.0137674
4.52594e-10	0.0137684
4.52665e-10	0.0137694
4.52735e-10	0.0137704
4.52806e-10	0.0137713
4.52877e-10	0.0137723
4.52947e-10	0.0137732
4.53018e-10	0.013774
4.53089e-10	0.0137749
4.5316e-10	0.0137757
4.5323e-10	0.0137764
4.53301e-10	0.0137772
4.53372e-10	0.0137779
4.53443e-10	0.0137786
4.53513e-10	0.0137792
4.53584e-10	0.0137799
4.53655e-10	0.0137805
4.53726e-10	0.013781
4.53796e-10	0.0137816
4.53867e-10	0.0137821
4.53938e-10	0.0137826
4.54008e-10	0.013783
4.54079e-10	0.0137835
4.5415e-10	0.0137838
4.54221e-10	0.0137842
4.54291e-10	0.0137845
4.54362e-10	0.0137848
4.54433e-10	0.0137851
4.54504e-10	0.0137854
4.54574e-10	0.0137856
4.54645e-10	0.0137858
4.54716e-10	0.0137859
4.54786e-10	0.013786
4.54857e-10	0.0137861
4.54928e-10	0.0137862
4.54999e-10	0.0137862
4.55069e-10	0.0137862
4.5514e-10	0.0137862
4.55211e-10	0.0137862
4.55282e-10	0.0137861
4.55352e-10	0.0137859
4.55423e-10	0.0137858
4.55494e-10	0.0137856
4.55564e-10	0.0137854
4.55635e-10	0.0137852
4.55706e-10	0.0137849
4.55777e-10	0.0137846
4.55847e-10	0.0137843
4.55918e-10	0.0137839
4.55989e-10	0.0137835
4.5606e-10	0.0137831
4.5613e-10	0.0137826
4.56201e-10	0.0137822
4.56272e-10	0.0137816
4.56342e-10	0.0137811
4.56413e-10	0.0137805
4.56484e-10	0.0137799
4.56555e-10	0.0137793
4.56625e-10	0.0137786
4.56696e-10	0.0137779
4.56767e-10	0.0137772
4.56838e-10	0.0137764
4.56908e-10	0.0137756
4.56979e-10	0.0137748
4.5705e-10	0.0137739
4.5712e-10	0.0137731
4.57191e-10	0.0137721
4.57262e-10	0.0137712
4.57333e-10	0.0137702
4.57403e-10	0.0137692
4.57474e-10	0.0137682
4.57545e-10	0.0137671
4.57616e-10	0.013766
4.57686e-10	0.0137648
4.57757e-10	0.0137637
4.57828e-10	0.0137625
4.57899e-10	0.0137612
4.57969e-10	0.01376
4.5804e-10	0.0137587
4.58111e-10	0.0137574
4.58181e-10	0.013756
4.58252e-10	0.0137546
4.58323e-10	0.0137532
4.58394e-10	0.0137517
4.58464e-10	0.0137502
4.58535e-10	0.0137487
4.58606e-10	0.0137472
4.58677e-10	0.0137456
4.58747e-10	0.013744
4.58818e-10	0.0137423
4.58889e-10	0.0137407
4.58959e-10	0.013739
4.5903e-10	0.0137372
4.59101e-10	0.0137354
4.59172e-10	0.0137336
4.59242e-10	0.0137318
4.59313e-10	0.0137299
4.59384e-10	0.013728
4.59455e-10	0.0137261
4.59525e-10	0.0137241
4.59596e-10	0.0137221
4.59667e-10	0.0137201
4.59737e-10	0.013718
4.59808e-10	0.0137159
4.59879e-10	0.0137138
4.5995e-10	0.0137116
4.6002e-10	0.0137094
4.60091e-10	0.0137072
4.60162e-10	0.013705
4.60233e-10	0.0137027
4.60303e-10	0.0137003
4.60374e-10	0.013698
4.60445e-10	0.0136956
4.60515e-10	0.0136932
4.60586e-10	0.0136907
4.60657e-10	0.0136882
4.60728e-10	0.0136857
4.60798e-10	0.0136831
4.60869e-10	0.0136805
4.6094e-10	0.0136779
4.61011e-10	0.0136753
4.61081e-10	0.0136726
4.61152e-10	0.0136699
4.61223e-10	0.0136671
4.61293e-10	0.0136643
4.61364e-10	0.0136615
4.61435e-10	0.0136586
4.61506e-10	0.0136558
4.61576e-10	0.0136528
4.61647e-10	0.0136499
4.61718e-10	0.0136469
4.61789e-10	0.0136439
4.61859e-10	0.0136408
4.6193e-10	0.0136377
4.62001e-10	0.0136346
4.62072e-10	0.0136315
4.62142e-10	0.0136283
4.62213e-10	0.0136251
4.62284e-10	0.0136218
4.62354e-10	0.0136185
4.62425e-10	0.0136152
4.62496e-10	0.0136118
4.62567e-10	0.0136084
4.62637e-10	0.013605
4.62708e-10	0.0136016
4.62779e-10	0.0135981
4.6285e-10	0.0135945
4.6292e-10	0.013591
4.62991e-10	0.0135874
4.63062e-10	0.0135838
4.63132e-10	0.0135801
4.63203e-10	0.0135764
4.63274e-10	0.0135727
4.63345e-10	0.0135689
4.63415e-10	0.0135651
4.63486e-10	0.0135613
4.63557e-10	0.0135574
4.63628e-10	0.0135535
4.63698e-10	0.0135496
4.63769e-10	0.0135456
4.6384e-10	0.0135416
4.6391e-10	0.0135376
4.63981e-10	0.0135335
4.64052e-10	0.0135294
4.64123e-10	0.0135252
4.64193e-10	0.0135211
4.64264e-10	0.0135169
4.64335e-10	0.0135126
4.64406e-10	0.0135083
4.64476e-10	0.013504
4.64547e-10	0.0134997
4.64618e-10	0.0134953
4.64688e-10	0.0134909
4.64759e-10	0.0134864
4.6483e-10	0.0134819
4.64901e-10	0.0134774
4.64971e-10	0.0134728
4.65042e-10	0.0134682
4.65113e-10	0.0134636
4.65184e-10	0.013459
4.65254e-10	0.0134543
4.65325e-10	0.0134495
4.65396e-10	0.0134448
4.65466e-10	0.01344
4.65537e-10	0.0134351
4.65608e-10	0.0134302
4.65679e-10	0.0134253
4.65749e-10	0.0134204
4.6582e-10	0.0134154
4.65891e-10	0.0134104
4.65962e-10	0.0134053
4.66032e-10	0.0134003
4.66103e-10	0.0133951
4.66174e-10	0.01339
4.66245e-10	0.0133848
4.66315e-10	0.0133796
4.66386e-10	0.0133743
4.66457e-10	0.013369
4.66527e-10	0.0133637
4.66598e-10	0.0133583
4.66669e-10	0.0133529
4.6674e-10	0.0133475
4.6681e-10	0.013342
4.66881e-10	0.0133365
4.66952e-10	0.0133309
4.67023e-10	0.0133254
4.67093e-10	0.0133197
4.67164e-10	0.0133141
4.67235e-10	0.0133084
4.67305e-10	0.0133027
4.67376e-10	0.0132969
4.67447e-10	0.0132911
4.67518e-10	0.0132853
4.67588e-10	0.0132794
4.67659e-10	0.0132735
4.6773e-10	0.0132676
4.67801e-10	0.0132616
4.67871e-10	0.0132556
4.67942e-10	0.0132495
4.68013e-10	0.0132434
4.68083e-10	0.0132373
4.68154e-10	0.0132312
4.68225e-10	0.013225
4.68296e-10	0.0132187
4.68366e-10	0.0132125
4.68437e-10	0.0132062
4.68508e-10	0.0131998
4.68579e-10	0.0131935
4.68649e-10	0.013187
4.6872e-10	0.0131806
4.68791e-10	0.0131741
4.68861e-10	0.0131676
4.68932e-10	0.013161
4.69003e-10	0.0131544
4.69074e-10	0.0131478
4.69144e-10	0.0131411
4.69215e-10	0.0131344
4.69286e-10	0.0131277
4.69357e-10	0.0131209
4.69427e-10	0.0131141
4.69498e-10	0.0131073
4.69569e-10	0.0131004
4.69639e-10	0.0130934
4.6971e-10	0.0130865
4.69781e-10	0.0130795
4.69852e-10	0.0130725
4.69922e-10	0.0130654
4.69993e-10	0.0130583
4.70064e-10	0.0130511
4.70135e-10	0.0130439
4.70205e-10	0.0130367
4.70276e-10	0.0130295
4.70347e-10	0.0130222
4.70418e-10	0.0130148
4.70488e-10	0.0130075
4.70559e-10	0.0130001
4.7063e-10	0.0129926
4.707e-10	0.0129851
4.70771e-10	0.0129776
4.70842e-10	0.0129701
4.70913e-10	0.0129625
4.70983e-10	0.0129549
4.71054e-10	0.0129472
4.71125e-10	0.0129395
4.71196e-10	0.0129317
4.71266e-10	0.012924
4.71337e-10	0.0129162
4.71408e-10	0.0129083
4.71478e-10	0.0129004
4.71549e-10	0.0128925
4.7162e-10	0.0128845
4.71691e-10	0.0128765
4.71761e-10	0.0128685
4.71832e-10	0.0128604
4.71903e-10	0.0128523
4.71974e-10	0.0128441
4.72044e-10	0.0128359
4.72115e-10	0.0128277
4.72186e-10	0.0128194
4.72256e-10	0.0128111
4.72327e-10	0.0128028
4.72398e-10	0.0127944
4.72469e-10	0.012786
4.72539e-10	0.0127775
4.7261e-10	0.012769
4.72681e-10	0.0127605
4.72752e-10	0.0127519
4.72822e-10	0.0127433
4.72893e-10	0.0127347
4.72964e-10	0.012726
4.73034e-10	0.0127173
4.73105e-10	0.0127085
4.73176e-10	0.0126997
4.73247e-10	0.0126909
4.73317e-10	0.012682
4.73388e-10	0.0126731
4.73459e-10	0.0126642
4.7353e-10	0.0126552
4.736e-10	0.0126461
4.73671e-10	0.0126371
4.73742e-10	0.012628
4.73812e-10	0.0126188
4.73883e-10	0.0126097
4.73954e-10	0.0126004
4.74025e-10	0.0125912
4.74095e-10	0.0125819
4.74166e-10	0.0125726
4.74237e-10	0.0125632
4.74308e-10	0.0125538
4.74378e-10	0.0125443
4.74449e-10	0.0125348
4.7452e-10	0.0125253
4.74591e-10	0.0125157
4.74661e-10	0.0125061
4.74732e-10	0.0124965
4.74803e-10	0.0124868
4.74873e-10	0.0124771
4.74944e-10	0.0124673
4.75015e-10	0.0124575
4.75086e-10	0.0124477
4.75156e-10	0.0124378
4.75227e-10	0.0124279
4.75298e-10	0.012418
4.75369e-10	0.012408
4.75439e-10	0.0123979
4.7551e-10	0.0123879
4.75581e-10	0.0123778
4.75651e-10	0.0123676
4.75722e-10	0.0123574
4.75793e-10	0.0123472
4.75864e-10	0.012337
4.75934e-10	0.0123266
4.76005e-10	0.0123163
4.76076e-10	0.0123059
4.76147e-10	0.0122955
4.76217e-10	0.0122851
4.76288e-10	0.0122746
4.76359e-10	0.012264
4.76429e-10	0.0122534
4.765e-10	0.0122428
4.76571e-10	0.0122322
4.76642e-10	0.0122215
4.76712e-10	0.0122107
4.76783e-10	0.0122
4.76854e-10	0.0121892
4.76925e-10	0.0121783
4.76995e-10	0.0121674
4.77066e-10	0.0121565
4.77137e-10	0.0121455
4.77207e-10	0.0121345
4.77278e-10	0.0121235
4.77349e-10	0.0121124
4.7742e-10	0.0121012
4.7749e-10	0.0120901
4.77561e-10	0.0120789
4.77632e-10	0.0120676
4.77703e-10	0.0120563
4.77773e-10	0.012045
4.77844e-10	0.0120337
4.77915e-10	0.0120223
4.77985e-10	0.0120108
4.78056e-10	0.0119993
4.78127e-10	0.0119878
4.78198e-10	0.0119762
4.78268e-10	0.0119646
4.78339e-10	0.011953
4.7841e-10	0.0119413
4.78481e-10	0.0119296
4.78551e-10	0.0119178
4.78622e-10	0.011906
4.78693e-10	0.0118942
4.78764e-10	0.0118823
4.78834e-10	0.0118704
4.78905e-10	0.0118584
4.78976e-10	0.0118464
4.79046e-10	0.0118344
4.79117e-10	0.0118223
4.79188e-10	0.0118102
4.79259e-10	0.011798
4.79329e-10	0.0117858
4.794e-10	0.0117736
4.79471e-10	0.0117613
4.79542e-10	0.011749
4.79612e-10	0.0117366
4.79683e-10	0.0117242
4.79754e-10	0.0117118
4.79824e-10	0.0116993
4.79895e-10	0.0116868
4.79966e-10	0.0116742
4.80037e-10	0.0116616
4.80107e-10	0.011649
4.80178e-10	0.0116363
4.80249e-10	0.0116236
4.8032e-10	0.0116108
4.8039e-10	0.011598
4.80461e-10	0.0115852
4.80532e-10	0.0115723
4.80602e-10	0.0115594
4.80673e-10	0.0115464
4.80744e-10	0.0115334
4.80815e-10	0.0115203
4.80885e-10	0.0115073
4.80956e-10	0.0114941
4.81027e-10	0.011481
4.81098e-10	0.0114678
4.81168e-10	0.0114545
4.81239e-10	0.0114412
4.8131e-10	0.0114279
4.8138e-10	0.0114145
4.81451e-10	0.0114011
4.81522e-10	0.0113877
4.81593e-10	0.0113742
4.81663e-10	0.0113606
4.81734e-10	0.0113471
4.81805e-10	0.0113335
4.81876e-10	0.0113198
4.81946e-10	0.0113061
4.82017e-10	0.0112924
4.82088e-10	0.0112786
4.82158e-10	0.0112648
4.82229e-10	0.0112509
4.823e-10	0.011237
4.82371e-10	0.0112231
4.82441e-10	0.0112091
4.82512e-10	0.0111951
4.82583e-10	0.011181
4.82654e-10	0.0111669
4.82724e-10	0.0111528
4.82795e-10	0.0111386
4.82866e-10	0.0111244
4.82937e-10	0.0111101
4.83007e-10	0.0110958
4.83078e-10	0.0110814
4.83149e-10	0.0110671
4.83219e-10	0.0110526
4.8329e-10	0.0110382
4.83361e-10	0.0110236
4.83432e-10	0.0110091
4.83502e-10	0.0109945
4.83573e-10	0.0109799
4.83644e-10	0.0109652
4.83715e-10	0.0109505
4.83785e-10	0.0109357
4.83856e-10	0.0109209
4.83927e-10	0.0109061
4.83997e-10	0.0108912
4.84068e-10	0.0108763
4.84139e-10	0.0108613
4.8421e-10	0.0108463
4.8428e-10	0.0108313
4.84351e-10	0.0108162
4.84422e-10	0.0108011
4.84493e-10	0.0107859
4.84563e-10	0.0107707
4.84634e-10	0.0107554
4.84705e-10	0.0107401
4.84775e-10	0.0107248
4.84846e-10	0.0107094
4.84917e-10	0.010694
4.84988e-10	0.0106785
4.85058e-10	0.010663
4.85129e-10	0.0106475
4.852e-10	0.0106319
4.85271e-10	0.0106163
4.85341e-10	0.0106006
4.85412e-10	0.0105849
4.85483e-10	0.0105692
4.85553e-10	0.0105534
4.85624e-10	0.0105376
4.85695e-10	0.0105217
4.85766e-10	0.0105058
4.85836e-10	0.0104898
4.85907e-10	0.0104738
4.85978e-10	0.0104578
4.86049e-10	0.0104417
4.86119e-10	0.0104256
4.8619e-10	0.0104094
4.86261e-10	0.0103932
4.86331e-10	0.010377
4.86402e-10	0.0103607
4.86473e-10	0.0103443
4.86544e-10	0.010328
4.86614e-10	0.0103116
4.86685e-10	0.0102951
4.86756e-10	0.0102786
4.86827e-10	0.0102621
4.86897e-10	0.0102455
4.86968e-10	0.0102289
4.87039e-10	0.0102122
4.8711e-10	0.0101955
4.8718e-10	0.0101788
4.87251e-10	0.010162
4.87322e-10	0.0101452
4.87392e-10	0.0101283
4.87463e-10	0.0101114
4.87534e-10	0.0100944
4.87605e-10	0.0100774
4.87675e-10	0.0100604
4.87746e-10	0.0100433
4.87817e-10	0.0100262
4.87888e-10	0.010009
4.87958e-10	0.00999182
4.88029e-10	0.00997457
4.881e-10	0.00995728
4.8817e-10	0.00993995
4.88241e-10	0.00992258
4.88312e-10	0.00990516
4.88383e-10	0.00988771
4.88453e-10	0.00987021
4.88524e-10	0.00985267
4.88595e-10	0.00983509
4.88666e-10	0.00981747
4.88736e-10	0.0097998
4.88807e-10	0.00978209
4.88878e-10	0.00976434
4.88948e-10	0.00974655
4.89019e-10	0.00972872
4.8909e-10	0.00971084
4.89161e-10	0.00969293
4.89231e-10	0.00967497
4.89302e-10	0.00965697
4.89373e-10	0.00963893
4.89444e-10	0.00962084
4.89514e-10	0.00960271
4.89585e-10	0.00958454
4.89656e-10	0.00956633
4.89726e-10	0.00954808
4.89797e-10	0.00952978
4.89868e-10	0.00951145
4.89939e-10	0.00949307
4.90009e-10	0.00947465
4.9008e-10	0.00945618
4.90151e-10	0.00943768
4.90222e-10	0.00941913
4.90292e-10	0.00940054
4.90363e-10	0.00938191
4.90434e-10	0.00936324
4.90505e-10	0.00934452
4.90575e-10	0.00932576
4.90646e-10	0.00930696
4.90717e-10	0.00928812
4.90787e-10	0.00926924
4.90858e-10	0.00925031
4.90929e-10	0.00923134
4.91e-10	0.00921233
4.9107e-10	0.00919328
4.91141e-10	0.00917418
4.91212e-10	0.00915505
4.91283e-10	0.00913587
4.91353e-10	0.00911664
4.91424e-10	0.00909738
4.91495e-10	0.00907808
4.91565e-10	0.00905873
4.91636e-10	0.00903934
4.91707e-10	0.0090199
4.91778e-10	0.00900043
4.91848e-10	0.00898091
4.91919e-10	0.00896135
4.9199e-10	0.00894175
4.92061e-10	0.00892211
4.92131e-10	0.00890242
4.92202e-10	0.00888269
4.92273e-10	0.00886292
4.92343e-10	0.00884311
4.92414e-10	0.00882326
4.92485e-10	0.00880336
4.92556e-10	0.00878342
4.92626e-10	0.00876344
4.92697e-10	0.00874341
4.92768e-10	0.00872335
4.92839e-10	0.00870324
4.92909e-10	0.00868309
4.9298e-10	0.0086629
4.93051e-10	0.00864266
4.93121e-10	0.00862238
4.93192e-10	0.00860206
4.93263e-10	0.0085817
4.93334e-10	0.0085613
4.93404e-10	0.00854085
4.93475e-10	0.00852036
4.93546e-10	0.00849983
4.93617e-10	0.00847926
4.93687e-10	0.00845864
4.93758e-10	0.00843798
4.93829e-10	0.00841728
4.93899e-10	0.00839654
4.9397e-10	0.00837575
4.94041e-10	0.00835492
4.94112e-10	0.00833405
4.94182e-10	0.00831314
4.94253e-10	0.00829219
4.94324e-10	0.00827119
4.94395e-10	0.00825015
4.94465e-10	0.00822907
4.94536e-10	0.00820795
4.94607e-10	0.00818678
4.94678e-10	0.00816557
4.94748e-10	0.00814432
4.94819e-10	0.00812303
4.9489e-10	0.00810169
4.9496e-10	0.00808031
4.95031e-10	0.00805889
4.95102e-10	0.00803743
4.95173e-10	0.00801593
4.95243e-10	0.00799438
4.95314e-10	0.00797279
4.95385e-10	0.00795116
4.95456e-10	0.00792948
4.95526e-10	0.00790776
4.95597e-10	0.007886
4.95668e-10	0.0078642
4.95738e-10	0.00784236
4.95809e-10	0.00782047
4.9588e-10	0.00779854
4.95951e-10	0.00777657
4.96021e-10	0.00775456
4.96092e-10	0.0077325
4.96163e-10	0.00771041
4.96234e-10	0.00768827
4.96304e-10	0.00766608
4.96375e-10	0.00764386
4.96446e-10	0.00762159
4.96516e-10	0.00759928
4.96587e-10	0.00757693
4.96658e-10	0.00755454
4.96729e-10	0.0075321
4.96799e-10	0.00750962
4.9687e-10	0.0074871
4.96941e-10	0.00746454
4.97012e-10	0.00744193
4.97082e-10	0.00741928
4.97153e-10	0.00739659
4.97224e-10	0.00737386
4.97294e-10	0.00735108
4.97365e-10	0.00732826
4.97436e-10	0.0073054
4.97507e-10	0.0072825
4.97577e-10	0.00725956
4.97648e-10	0.00723657
4.97719e-10	0.00721354
4.9779e-10	0.00719047
4.9786e-10	0.00716736
4.97931e-10	0.0071442
4.98002e-10	0.007121
4.98072e-10	0.00709776
4.98143e-10	0.00707448
4.98214e-10	0.00705115
4.98285e-10	0.00702779
4.98355e-10	0.00700438
4.98426e-10	0.00698092
4.98497e-10	0.00695743
4.98568e-10	0.00693389
4.98638e-10	0.00691031
4.98709e-10	0.00688669
4.9878e-10	0.00686303
4.98851e-10	0.00683932
4.98921e-10	0.00681558
4.98992e-10	0.00679179
4.99063e-10	0.00676795
4.99133e-10	0.00674408
4.99204e-10	0.00672016
4.99275e-10	0.0066962
4.99346e-10	0.0066722
4.99416e-10	0.00664816
4.99487e-10	0.00662407
4.99558e-10	0.00659995
4.99629e-10	0.00657578
4.99699e-10	0.00655156
4.9977e-10	0.00652731
4.99841e-10	0.00650301
4.99911e-10	0.00647868
4.99982e-10	0.00645429
5.00053e-10	0.00642987
5.00124e-10	0.00640541
5.00194e-10	0.0063809
5.00265e-10	0.00635635
5.00336e-10	0.00633176
5.00407e-10	0.00630712
5.00477e-10	0.00628245
5.00548e-10	0.00625773
5.00619e-10	0.00623297
5.00689e-10	0.00620817
5.0076e-10	0.00618333
5.00831e-10	0.00615844
5.00902e-10	0.00613351
5.00972e-10	0.00610854
5.01043e-10	0.00608353
5.01114e-10	0.00605847
5.01185e-10	0.00603338
5.01255e-10	0.00600824
5.01326e-10	0.00598306
5.01397e-10	0.00595784
5.01467e-10	0.00593257
5.01538e-10	0.00590727
5.01609e-10	0.00588192
5.0168e-10	0.00585653
5.0175e-10	0.00583109
5.01821e-10	0.00580562
5.01892e-10	0.0057801
5.01963e-10	0.00575454
5.02033e-10	0.00572894
5.02104e-10	0.0057033
5.02175e-10	0.00567762
5.02245e-10	0.00565189
5.02316e-10	0.00562612
5.02387e-10	0.00560031
5.02458e-10	0.00557446
5.02528e-10	0.00554857
5.02599e-10	0.00552263
5.0267e-10	0.00549666
5.02741e-10	0.00547064
5.02811e-10	0.00544458
5.02882e-10	0.00541847
5.02953e-10	0.00539233
5.03024e-10	0.00536614
5.03094e-10	0.00533992
5.03165e-10	0.00531365
5.03236e-10	0.00528733
5.03306e-10	0.00526098
5.03377e-10	0.00523459
5.03448e-10	0.00520815
5.03519e-10	0.00518167
5.03589e-10	0.00515515
5.0366e-10	0.00512859
5.03731e-10	0.00510198
5.03802e-10	0.00507534
5.03872e-10	0.00504865
5.03943e-10	0.00502192
5.04014e-10	0.00499515
5.04084e-10	0.00496834
5.04155e-10	0.00494149
5.04226e-10	0.00491459
5.04297e-10	0.00488766
5.04367e-10	0.00486068
5.04438e-10	0.00483366
5.04509e-10	0.0048066
5.0458e-10	0.00477949
5.0465e-10	0.00475235
5.04721e-10	0.00472516
5.04792e-10	0.00469794
5.04862e-10	0.00467067
5.04933e-10	0.00464336
5.05004e-10	0.00461601
5.05075e-10	0.00458861
5.05145e-10	0.00456118
5.05216e-10	0.0045337
5.05287e-10	0.00450618
5.05358e-10	0.00447863
5.05428e-10	0.00445103
5.05499e-10	0.00442338
5.0557e-10	0.0043957
5.0564e-10	0.00436798
5.05711e-10	0.00434021
5.05782e-10	0.0043124
5.05853e-10	0.00428456
5.05923e-10	0.00425667
5.05994e-10	0.00422874
5.06065e-10	0.00420076
5.06136e-10	0.00417275
5.06206e-10	0.0041447
5.06277e-10	0.0041166
5.06348e-10	0.00408847
5.06418e-10	0.00406029
5.06489e-10	0.00403207
5.0656e-10	0.00400381
5.06631e-10	0.00397551
5.06701e-10	0.00394716
5.06772e-10	0.00391878
5.06843e-10	0.00389036
5.06914e-10	0.00386189
5.06984e-10	0.00383339
5.07055e-10	0.00380484
5.07126e-10	0.00377625
5.07197e-10	0.00374762
5.07267e-10	0.00371895
5.07338e-10	0.00369024
5.07409e-10	0.00366149
5.07479e-10	0.00363269
5.0755e-10	0.00360386
5.07621e-10	0.00357498
5.07692e-10	0.00354607
5.07762e-10	0.00351711
5.07833e-10	0.00348811
5.07904e-10	0.00345908
5.07975e-10	0.00343
5.08045e-10	0.00340088
5.08116e-10	0.00337172
5.08187e-10	0.00334252
5.08257e-10	0.00331327
5.08328e-10	0.00328399
5.08399e-10	0.00325467
5.0847e-10	0.0032253
5.0854e-10	0.0031959
5.08611e-10	0.00316646
5.08682e-10	0.00313697
5.08753e-10	0.00310744
5.08823e-10	0.00307788
5.08894e-10	0.00304827
5.08965e-10	0.00301862
5.09035e-10	0.00298893
5.09106e-10	0.0029592
5.09177e-10	0.00292944
5.09248e-10	0.00289963
5.09318e-10	0.00286978
5.09389e-10	0.00283988
5.0946e-10	0.00280995
5.09531e-10	0.00277998
5.09601e-10	0.00274997
5.09672e-10	0.00271992
5.09743e-10	0.00268983
5.09813e-10	0.0026597
5.09884e-10	0.00262952
5.09955e-10	0.00259931
5.10026e-10	0.00256906
5.10096e-10	0.00253876
5.10167e-10	0.00250843
5.10238e-10	0.00247806
5.10309e-10	0.00244764
5.10379e-10	0.00241719
5.1045e-10	0.0023867
5.10521e-10	0.00235616
5.10591e-10	0.00232559
5.10662e-10	0.00229497
5.10733e-10	0.00226432
5.10804e-10	0.00223363
5.10874e-10	0.00220289
5.10945e-10	0.00217212
5.11016e-10	0.00214131
5.11087e-10	0.00211045
5.11157e-10	0.00207956
5.11228e-10	0.00204863
5.11299e-10	0.00201766
5.1137e-10	0.00198664
5.1144e-10	0.00195559
5.11511e-10	0.0019245
5.11582e-10	0.00189337
5.11652e-10	0.0018622
5.11723e-10	0.00183099
5.11794e-10	0.00179973
5.11865e-10	0.00176844
5.11935e-10	0.00173711
5.12006e-10	0.00170575
5.12077e-10	0.00167434
5.12148e-10	0.00164289
5.12218e-10	0.0016114
5.12289e-10	0.00157987
5.1236e-10	0.00154831
5.1243e-10	0.0015167
5.12501e-10	0.00148506
5.12572e-10	0.00145337
5.12643e-10	0.00142165
5.12713e-10	0.00138988
5.12784e-10	0.00135808
5.12855e-10	0.00132624
5.12926e-10	0.00129436
5.12996e-10	0.00126244
5.13067e-10	0.00123048
5.13138e-10	0.00119848
5.13208e-10	0.00116644
5.13279e-10	0.00113437
5.1335e-10	0.00110225
5.13421e-10	0.0010701
5.13491e-10	0.0010379
5.13562e-10	0.00100567
5.13633e-10	0.000973401
5.13704e-10	0.000941091
5.13774e-10	0.000908741
5.13845e-10	0.000876353
5.13916e-10	0.000843926
5.13986e-10	0.000811461
5.14057e-10	0.000778956
5.14128e-10	0.000746413
5.14199e-10	0.000713831
5.14269e-10	0.00068121
5.1434e-10	0.000648551
5.14411e-10	0.000615853
5.14482e-10	0.000583117
5.14552e-10	0.000550342
5.14623e-10	0.000517528
5.14694e-10	0.000484676
5.14764e-10	0.000451786
5.14835e-10	0.000418857
5.14906e-10	0.000385889
5.14977e-10	0.000352883
5.15047e-10	0.000319839
5.15118e-10	0.000286757
5.15189e-10	0.000253636
5.1526e-10	0.000220477
5.1533e-10	0.00018728
5.15401e-10	0.000154044
5.15472e-10	0.00012077
5.15543e-10	8.74586e-05
5.15613e-10	5.41087e-05
5.15684e-10	2.07207e-05
5.15755e-10	-1.27053e-05
5.15825e-10	-4.61694e-05
5.15896e-10	-7.96714e-05
5.15967e-10	-0.000113211
5.16038e-10	-0.000146789
5.16108e-10	-0.000180405
5.16179e-10	-0.000214059
5.1625e-10	-0.00024775
5.16321e-10	-0.00028148
5.16391e-10	-0.000315247
5.16462e-10	-0.000349052
5.16533e-10	-0.000382894
5.16603e-10	-0.000416774
5.16674e-10	-0.000450692
5.16745e-10	-0.000484647
5.16816e-10	-0.00051864
5.16886e-10	-0.000552671
5.16957e-10	-0.000586739
5.17028e-10	-0.000620844
5.17099e-10	-0.000654987
5.17169e-10	-0.000689167
5.1724e-10	-0.000723385
5.17311e-10	-0.00075764
5.17381e-10	-0.000791932
5.17452e-10	-0.000826262
5.17523e-10	-0.000860629
5.17594e-10	-0.000895033
5.17664e-10	-0.000929474
5.17735e-10	-0.000963952
5.17806e-10	-0.000998467
5.17877e-10	-0.00103302
5.17947e-10	-0.00106761
5.18018e-10	-0.00110224
5.18089e-10	-0.0011369
5.18159e-10	-0.0011716
5.1823e-10	-0.00120634
5.18301e-10	-0.00124111
5.18372e-10	-0.00127592
5.18442e-10	-0.00131077
5.18513e-10	-0.00134565
5.18584e-10	-0.00138057
5.18655e-10	-0.00141553
5.18725e-10	-0.00145053
5.18796e-10	-0.00148556
5.18867e-10	-0.00152062
5.18937e-10	-0.00155573
5.19008e-10	-0.00159087
5.19079e-10	-0.00162605
5.1915e-10	-0.00166126
5.1922e-10	-0.00169651
5.19291e-10	-0.0017318
5.19362e-10	-0.00176712
5.19433e-10	-0.00180248
5.19503e-10	-0.00183787
5.19574e-10	-0.0018733
5.19645e-10	-0.00190877
5.19716e-10	-0.00194427
5.19786e-10	-0.00197981
5.19857e-10	-0.00201539
5.19928e-10	-0.002051
5.19998e-10	-0.00208665
5.20069e-10	-0.00212233
5.2014e-10	-0.00215805
5.20211e-10	-0.0021938
5.20281e-10	-0.00222959
5.20352e-10	-0.00226542
5.20423e-10	-0.00230128
5.20494e-10	-0.00233718
5.20564e-10	-0.00237311
5.20635e-10	-0.00240908
5.20706e-10	-0.00244509
5.20776e-10	-0.00248113
5.20847e-10	-0.0025172
5.20918e-10	-0.00255331
5.20989e-10	-0.00258946
5.21059e-10	-0.00262564
5.2113e-10	-0.00266186
5.21201e-10	-0.00269811
5.21272e-10	-0.0027344
5.21342e-10	-0.00277072
5.21413e-10	-0.00280708
5.21484e-10	-0.00284347
5.21554e-10	-0.0028799
5.21625e-10	-0.00291636
5.21696e-10	-0.00295286
5.21767e-10	-0.0029894
5.21837e-10	-0.00302596
5.21908e-10	-0.00306257
5.21979e-10	-0.0030992
5.2205e-10	-0.00313588
5.2212e-10	-0.00317258
5.22191e-10	-0.00320933
5.22262e-10	-0.0032461
5.22332e-10	-0.00328291
5.22403e-10	-0.00331976
5.22474e-10	-0.00335664
5.22545e-10	-0.00339356
5.22615e-10	-0.00343051
5.22686e-10	-0.00346749
5.22757e-10	-0.00350451
5.22828e-10	-0.00354156
5.22898e-10	-0.00357865
5.22969e-10	-0.00361577
5.2304e-10	-0.00365292
5.2311e-10	-0.00369011
5.23181e-10	-0.00372733
5.23252e-10	-0.00376459
5.23323e-10	-0.00380188
5.23393e-10	-0.00383921
5.23464e-10	-0.00387657
5.23535e-10	-0.00391396
5.23606e-10	-0.00395139
5.23676e-10	-0.00398885
5.23747e-10	-0.00402634
5.23818e-10	-0.00406387
5.23889e-10	-0.00410143
5.23959e-10	-0.00413903
5.2403e-10	-0.00417666
5.24101e-10	-0.00421432
5.24171e-10	-0.00425201
5.24242e-10	-0.00428974
5.24313e-10	-0.0043275
5.24384e-10	-0.0043653
5.24454e-10	-0.00440313
5.24525e-10	-0.00444099
5.24596e-10	-0.00447889
5.24667e-10	-0.00451682
5.24737e-10	-0.00455478
5.24808e-10	-0.00459277
5.24879e-10	-0.0046308
5.24949e-10	-0.00466886
5.2502e-10	-0.00470696
5.25091e-10	-0.00474508
5.25162e-10	-0.00478324
5.25232e-10	-0.00482143
5.25303e-10	-0.00485966
5.25374e-10	-0.00489791
5.25445e-10	-0.0049362
5.25515e-10	-0.00497453
5.25586e-10	-0.00501288
5.25657e-10	-0.00505127
5.25727e-10	-0.00508969
5.25798e-10	-0.00512814
5.25869e-10	-0.00516663
5.2594e-10	-0.00520514
5.2601e-10	-0.00524369
5.26081e-10	-0.00528227
5.26152e-10	-0.00532089
5.26223e-10	-0.00535953
5.26293e-10	-0.00539821
5.26364e-10	-0.00543692
5.26435e-10	-0.00547566
5.26505e-10	-0.00551443
5.26576e-10	-0.00555324
5.26647e-10	-0.00559208
5.26718e-10	-0.00563095
5.26788e-10	-0.00566985
5.26859e-10	-0.00570878
5.2693e-10	-0.00574774
5.27001e-10	-0.00578674
5.27071e-10	-0.00582576
5.27142e-10	-0.00586482
5.27213e-10	-0.00590391
5.27283e-10	-0.00594303
5.27354e-10	-0.00598218
5.27425e-10	-0.00602136
5.27496e-10	-0.00606058
5.27566e-10	-0.00609982
5.27637e-10	-0.0061391
5.27708e-10	-0.00617841
5.27779e-10	-0.00621775
5.27849e-10	-0.00625711
5.2792e-10	-0.00629651
5.27991e-10	-0.00633595
5.28062e-10	-0.00637541
5.28132e-10	-0.0064149
5.28203e-10	-0.00645442
5.28274e-10	-0.00649398
5.28344e-10	-0.00653356
5.28415e-10	-0.00657317
5.28486e-10	-0.00661282
5.28557e-10	-0.00665249
5.28627e-10	-0.0066922
5.28698e-10	-0.00673193
5.28769e-10	-0.0067717
5.2884e-10	-0.0068115
5.2891e-10	-0.00685132
5.28981e-10	-0.00689118
5.29052e-10	-0.00693107
5.29122e-10	-0.00697098
5.29193e-10	-0.00701093
5.29264e-10	-0.0070509
5.29335e-10	-0.00709091
5.29405e-10	-0.00713094
5.29476e-10	-0.00717101
5.29547e-10	-0.0072111
5.29618e-10	-0.00725123
5.29688e-10	-0.00729138
5.29759e-10	-0.00733157
5.2983e-10	-0.00737178
5.299e-10	-0.00741202
5.29971e-10	-0.00745229
5.30042e-10	-0.00749259
5.30113e-10	-0.00753292
5.30183e-10	-0.00757328
5.30254e-10	-0.00761367
5.30325e-10	-0.00765408
5.30396e-10	-0.00769453
5.30466e-10	-0.007735
5.30537e-10	-0.0077755
5.30608e-10	-0.00781604
5.30678e-10	-0.0078566
5.30749e-10	-0.00789719
5.3082e-10	-0.0079378
5.30891e-10	-0.00797845
5.30961e-10	-0.00801913
5.31032e-10	-0.00805983
5.31103e-10	-0.00810056
5.31174e-10	-0.00814132
5.31244e-10	-0.00818211
5.31315e-10	-0.00822292
5.31386e-10	-0.00826377
5.31456e-10	-0.00830464
5.31527e-10	-0.00834554
5.31598e-10	-0.00838647
5.31669e-10	-0.00842742
5.31739e-10	-0.00846841
5.3181e-10	-0.00850942
5.31881e-10	-0.00855046
5.31952e-10	-0.00859153
5.32022e-10	-0.00863262
5.32093e-10	-0.00867374
5.32164e-10	-0.00871489
5.32235e-10	-0.00875607
5.32305e-10	-0.00879727
5.32376e-10	-0.00883851
5.32447e-10	-0.00887976
5.32517e-10	-0.00892105
5.32588e-10	-0.00896236
5.32659e-10	-0.0090037
5.3273e-10	-0.00904507
5.328e-10	-0.00908646
5.32871e-10	-0.00912788
5.32942e-10	-0.00916933
5.33013e-10	-0.00921081
5.33083e-10	-0.00925231
5.33154e-10	-0.00929383
5.33225e-10	-0.00933539
5.33295e-10	-0.00937697
5.33366e-10	-0.00941858
5.33437e-10	-0.00946021
5.33508e-10	-0.00950187
5.33578e-10	-0.00954355
5.33649e-10	-0.00958527
5.3372e-10	-0.00962701
5.33791e-10	-0.00966877
5.33861e-10	-0.00971056
5.33932e-10	-0.00975238
5.34003e-10	-0.00979422
5.34073e-10	-0.00983609
5.34144e-10	-0.00987798
5.34215e-10	-0.0099199
5.34286e-10	-0.00996184
5.34356e-10	-0.0100038
5.34427e-10	-0.0100458
5.34498e-10	-0.0100878
5.34569e-10	-0.0101299
5.34639e-10	-0.0101719
5.3471e-10	-0.010214
5.34781e-10	-0.0102562
5.34851e-10	-0.0102983
5.34922e-10	-0.0103405
5.34993e-10	-0.0103827
5.35064e-10	-0.0104249
5.35134e-10	-0.0104671
5.35205e-10	-0.0105094
5.35276e-10	-0.0105517
5.35347e-10	-0.010594
5.35417e-10	-0.0106364
5.35488e-10	-0.0106788
5.35559e-10	-0.0107211
5.35629e-10	-0.0107636
5.357e-10	-0.010806
5.35771e-10	-0.0108485
5.35842e-10	-0.010891
5.35912e-10	-0.0109335
5.35983e-10	-0.010976
5.36054e-10	-0.0110186
5.36125e-10	-0.0110612
5.36195e-10	-0.0111038
5.36266e-10	-0.0111464
5.36337e-10	-0.0111891
5.36408e-10	-0.0112318
5.36478e-10	-0.0112745
5.36549e-10	-0.0113172
5.3662e-10	-0.0113599
5.3669e-10	-0.0114027
5.36761e-10	-0.0114455
5.36832e-10	-0.0114883
5.36903e-10	-0.0115312
5.36973e-10	-0.0115741
5.37044e-10	-0.0116169
5.37115e-10	-0.0116599
5.37186e-10	-0.0117028
5.37256e-10	-0.0117458
5.37327e-10	-0.0117887
5.37398e-10	-0.0118317
5.37468e-10	-0.0118748
5.37539e-10	-0.0119178
5.3761e-10	-0.0119609
5.37681e-10	-0.012004
5.37751e-10	-0.0120471
5.37822e-10	-0.0120902
5.37893e-10	-0.0121334
5.37964e-10	-0.0121766
5.38034e-10	-0.0122198
5.38105e-10	-0.012263
5.38176e-10	-0.0123063
5.38246e-10	-0.0123495
5.38317e-10	-0.0123928
5.38388e-10	-0.0124362
5.38459e-10	-0.0124795
5.38529e-10	-0.0125229
5.386e-10	-0.0125662
5.38671e-10	-0.0126096
5.38742e-10	-0.0126531
5.38812e-10	-0.0126965
5.38883e-10	-0.01274
5.38954e-10	-0.0127834
5.39024e-10	-0.012827
5.39095e-10	-0.0128705
5.39166e-10	-0.012914
5.39237e-10	-0.0129576
5.39307e-10	-0.0130012
5.39378e-10	-0.0130448
5.39449e-10	-0.0130884
5.3952e-10	-0.0131321
5.3959e-10	-0.0131758
5.39661e-10	-0.0132194
5.39732e-10	-0.0132632
5.39803e-10	-0.0133069
5.39873e-10	-0.0133506
5.39944e-10	-0.0133944
5.40015e-10	-0.0134382
5.40085e-10	-0.013482
5.40156e-10	-0.0135259
5.40227e-10	-0.0135697
5.40298e-10	-0.0136136
5.40368e-10	-0.0136575
5.40439e-10	-0.0137014
5.4051e-10	-0.0137453
5.40581e-10	-0.0137893
5.40651e-10	-0.0138332
5.40722e-10	-0.0138772
5.40793e-10	-0.0139212
5.40863e-10	-0.0139653
5.40934e-10	-0.0140093
5.41005e-10	-0.0140534
5.41076e-10	-0.0140975
5.41146e-10	-0.0141416
5.41217e-10	-0.0141857
5.41288e-10	-0.0142298
5.41359e-10	-0.014274
5.41429e-10	-0.0143182
5.415e-10	-0.0143624
5.41571e-10	-0.0144066
5.41641e-10	-0.0144508
5.41712e-10	-0.0144951
5.41783e-10	-0.0145393
5.41854e-10	-0.0145836
5.41924e-10	-0.0146279
5.41995e-10	-0.0146722
5.42066e-10	-0.0147166
5.42137e-10	-0.0147609
5.42207e-10	-0.0148053
5.42278e-10	-0.0148497
5.42349e-10	-0.0148941
5.42419e-10	-0.0149385
5.4249e-10	-0.014983
5.42561e-10	-0.0150275
5.42632e-10	-0.0150719
5.42702e-10	-0.0151164
5.42773e-10	-0.0151609
5.42844e-10	-0.0152055
5.42915e-10	-0.01525
5.42985e-10	-0.0152946
5.43056e-10	-0.0153392
5.43127e-10	-0.0153838
5.43197e-10	-0.0154284
5.43268e-10	-0.015473
5.43339e-10	-0.0155177
5.4341e-10	-0.0155623
5.4348e-10	-0.015607
5.43551e-10	-0.0156517
5.43622e-10	-0.0156964
5.43693e-10	-0.0157411
5.43763e-10	-0.0157859
5.43834e-10	-0.0158306
5.43905e-10	-0.0158754
5.43976e-10	-0.0159202
5.44046e-10	-0.015965
5.44117e-10	-0.0160098
5.44188e-10	-0.0160547
5.44258e-10	-0.0160995
5.44329e-10	-0.0161444
5.444e-10	-0.0161893
5.44471e-10	-0.0162342
5.44541e-10	-0.0162791
5.44612e-10	-0.016324
5.44683e-10	-0.0163689
5.44754e-10	-0.0164139
5.44824e-10	-0.0164589
5.44895e-10	-0.0165039
5.44966e-10	-0.0165489
5.45036e-10	-0.0165939
5.45107e-10	-0.0166389
5.45178e-10	-0.0166839
5.45249e-10	-0.016729
5.45319e-10	-0.0167741
5.4539e-10	-0.0168192
5.45461e-10	-0.0168643
5.45532e-10	-0.0169094
5.45602e-10	-0.0169545
5.45673e-10	-0.0169996
5.45744e-10	-0.0170448
5.45814e-10	-0.01709
5.45885e-10	-0.0171352
5.45956e-10	-0.0171803
5.46027e-10	-0.0172256
5.46097e-10	-0.0172708
5.46168e-10	-0.017316
5.46239e-10	-0.0173613
5.4631e-10	-0.0174065
5.4638e-10	-0.0174518
5.46451e-10	-0.0174971
5.46522e-10	-0.0175424
5.46592e-10	-0.0175877
5.46663e-10	-0.017633
5.46734e-10	-0.0176783
5.46805e-10	-0.0177237
5.46875e-10	-0.0177691
5.46946e-10	-0.0178144
5.47017e-10	-0.0178598
5.47088e-10	-0.0179052
5.47158e-10	-0.0179506
5.47229e-10	-0.017996
5.473e-10	-0.0180415
5.4737e-10	-0.0180869
5.47441e-10	-0.0181324
5.47512e-10	-0.0181778
5.47583e-10	-0.0182233
5.47653e-10	-0.0182688
5.47724e-10	-0.0183143
5.47795e-10	-0.0183598
5.47866e-10	-0.0184053
5.47936e-10	-0.0184509
5.48007e-10	-0.0184964
5.48078e-10	-0.018542
5.48149e-10	-0.0185875
5.48219e-10	-0.0186331
5.4829e-10	-0.0186787
5.48361e-10	-0.0187243
5.48431e-10	-0.0187699
5.48502e-10	-0.0188155
5.48573e-10	-0.0188611
5.48644e-10	-0.0189068
5.48714e-10	-0.0189524
5.48785e-10	-0.0189981
5.48856e-10	-0.0190438
5.48927e-10	-0.0190894
5.48997e-10	-0.0191351
5.49068e-10	-0.0191808
5.49139e-10	-0.0192265
5.49209e-10	-0.0192722
5.4928e-10	-0.019318
5.49351e-10	-0.0193637
5.49422e-10	-0.0194094
5.49492e-10	-0.0194552
5.49563e-10	-0.0195009
5.49634e-10	-0.0195467
5.49705e-10	-0.0195925
5.49775e-10	-0.0196383
5.49846e-10	-0.0196841
5.49917e-10	-0.0197299
5.49987e-10	-0.0197757
5.50058e-10	-0.0198215
5.50129e-10	-0.0198673
5.502e-10	-0.0199132
5.5027e-10	-0.019959
5.50341e-10	-0.0200049
5.50412e-10	-0.0200507
5.50483e-10	-0.0200966
5.50553e-10	-0.0201425
5.50624e-10	-0.0201883
5.50695e-10	-0.0202342
5.50765e-10	-0.0202801
5.50836e-10	-0.020326
5.50907e-10	-0.0203719
5.50978e-10	-0.0204179
5.51048e-10	-0.0204638
5.51119e-10	-0.0205097
5.5119e-10	-0.0205556
5.51261e-10	-0.0206016
5.51331e-10	-0.0206475
5.51402e-10	-0.0206935
5.51473e-10	-0.0207395
5.51543e-10	-0.0207854
5.51614e-10	-0.0208314
5.51685e-10	-0.0208774
5.51756e-10	-0.0209234
5.51826e-10	-0.0209694
5.51897e-10	-0.0210154
5.51968e-10	-0.0210614
5.52039e-10	-0.0211074
5.52109e-10	-0.0211534
5.5218e-10	-0.0211994
5.52251e-10	-0.0212455
5.52322e-10	-0.0212915
5.52392e-10	-0.0213375
5.52463e-10	-0.0213836
5.52534e-10	-0.0214296
5.52604e-10	-0.0214757
5.52675e-10	-0.0215217
5.52746e-10	-0.0215678
5.52817e-10	-0.0216139
5.52887e-10	-0.0216599
5.52958e-10	-0.021706
5.53029e-10	-0.0217521
5.531e-10	-0.0217982
5.5317e-10	-0.0218443
5.53241e-10	-0.0218904
5.53312e-10	-0.0219365
5.53382e-10	-0.0219826
5.53453e-10	-0.0220287
5.53524e-10	-0.0220748
5.53595e-10	-0.0221209
5.53665e-10	-0.022167
5.53736e-10	-0.0222131
5.53807e-10	-0.0222592
5.53878e-10	-0.0223054
5.53948e-10	-0.0223515
5.54019e-10	-0.0223976
5.5409e-10	-0.0224438
5.5416e-10	-0.0224899
5.54231e-10	-0.022536
5.54302e-10	-0.0225822
5.54373e-10	-0.0226283
5.54443e-10	-0.0226745
5.54514e-10	-0.0227206
5.54585e-10	-0.0227668
5.54656e-10	-0.0228129
5.54726e-10	-0.0228591
5.54797e-10	-0.0229052
5.54868e-10	-0.0229514
5.54938e-10	-0.0229975
5.55009e-10	-0.0230437
5.5508e-10	-0.0230899
5.55151e-10	-0.023136
5.55221e-10	-0.0231822
5.55292e-10	-0.0232284
5.55363e-10	-0.0232745
5.55434e-10	-0.0233207
5.55504e-10	-0.0233669
5.55575e-10	-0.023413
5.55646e-10	-0.0234592
5.55716e-10	-0.0235054
5.55787e-10	-0.0235516
5.55858e-10	-0.0235977
5.55929e-10	-0.0236439
5.55999e-10	-0.0236901
5.5607e-10	-0.0237363
5.56141e-10	-0.0237824
5.56212e-10	-0.0238286
5.56282e-10	-0.0238748
5.56353e-10	-0.0239209
5.56424e-10	-0.0239671
5.56495e-10	-0.0240133
5.56565e-10	-0.0240595
5.56636e-10	-0.0241056
5.56707e-10	-0.0241518
5.56777e-10	-0.024198
5.56848e-10	-0.0242441
5.56919e-10	-0.0242903
5.5699e-10	-0.0243365
5.5706e-10	-0.0243826
5.57131e-10	-0.0244288
5.57202e-10	-0.0244749
5.57273e-10	-0.0245211
5.57343e-10	-0.0245673
5.57414e-10	-0.0246134
5.57485e-10	-0.0246596
5.57555e-10	-0.0247057
5.57626e-10	-0.0247519
5.57697e-10	-0.024798
5.57768e-10	-0.0248442
5.57838e-10	-0.0248903
5.57909e-10	-0.0249364
5.5798e-10	-0.0249826
5.58051e-10	-0.0250287
5.58121e-10	-0.0250748
5.58192e-10	-0.025121
5.58263e-10	-0.0251671
5.58333e-10	-0.0252132
5.58404e-10	-0.0252593
5.58475e-10	-0.0253054
5.58546e-10	-0.0253516
5.58616e-10	-0.0253977
5.58687e-10	-0.0254438
5.58758e-10	-0.0254899
5.58829e-10	-0.025536
5.58899e-10	-0.0255821
5.5897e-10	-0.0256281
5.59041e-10	-0.0256742
5.59111e-10	-0.0257203
5.59182e-10	-0.0257664
5.59253e-10	-0.0258125
5.59324e-10	-0.0258585
5.59394e-10	-0.0259046
5.59465e-10	-0.0259506
5.59536e-10	-0.0259967
5.59607e-10	-0.0260427
5.59677e-10	-0.0260888
5.59748e-10	-0.0261348
5.59819e-10	-0.0261808
5.59889e-10	-0.0262269
5.5996e-10	-0.0262729
5.60031e-10	-0.0263189
5.60102e-10	-0.0263649
5.60172e-10	-0.0264109
5.60243e-10	-0.0264569
5.60314e-10	-0.0265029
5.60385e-10	-0.0265489
5.60455e-10	-0.0265948
5.60526e-10	-0.0266408
5.60597e-10	-0.0266868
5.60668e-10	-0.0267327
5.60738e-10	-0.0267787
5.60809e-10	-0.0268246
5.6088e-10	-0.0268706
5.6095e-10	-0.0269165
5.61021e-10	-0.0269624
5.61092e-10	-0.0270083
5.61163e-10	-0.0270542
5.61233e-10	-0.0271001
5.61304e-10	-0.027146
5.61375e-10	-0.0271919
5.61446e-10	-0.0272378
5.61516e-10	-0.0272836
5.61587e-10	-0.0273295
5.61658e-10	-0.0273754
5.61728e-10	-0.0274212
5.61799e-10	-0.027467
5.6187e-10	-0.0275129
5.61941e-10	-0.0275587
5.62011e-10	-0.0276045
5.62082e-10	-0.0276503
5.62153e-10	-0.0276961
5.62224e-10	-0.0277419
5.62294e-10	-0.0277876
5.62365e-10	-0.0278334
5.62436e-10	-0.0278792
5.62506e-10	-0.0279249
5.62577e-10	-0.0279706
5.62648e-10	-0.0280164
5.62719e-10	-0.0280621
5.62789e-10	-0.0281078
5.6286e-10	-0.0281535
5.62931e-10	-0.0281992
5.63002e-10	-0.0282448
5.63072e-10	-0.0282905
5.63143e-10	-0.0283362
5.63214e-10	-0.0283818
5.63284e-10	-0.0284274
5.63355e-10	-0.0284731
5.63426e-10	-0.0285187
5.63497e-10	-0.0285643
5.63567e-10	-0.0286099
5.63638e-10	-0.0286554
5.63709e-10	-0.028701
5.6378e-10	-0.0287466
5.6385e-10	-0.0287921
5.63921e-10	-0.0288376
5.63992e-10	-0.0288831
5.64062e-10	-0.0289287
5.64133e-10	-0.0289742
5.64204e-10	-0.0290196
5.64275e-10	-0.0290651
5.64345e-10	-0.0291106
5.64416e-10	-0.029156
5.64487e-10	-0.0292014
5.64558e-10	-0.0292469
5.64628e-10	-0.0292923
5.64699e-10	-0.0293377
5.6477e-10	-0.0293831
5.64841e-10	-0.0294284
5.64911e-10	-0.0294738
5.64982e-10	-0.0295191
5.65053e-10	-0.0295644
5.65123e-10	-0.0296098
5.65194e-10	-0.0296551
5.65265e-10	-0.0297003
5.65336e-10	-0.0297456
5.65406e-10	-0.0297909
5.65477e-10	-0.0298361
5.65548e-10	-0.0298814
5.65619e-10	-0.0299266
5.65689e-10	-0.0299718
5.6576e-10	-0.030017
5.65831e-10	-0.0300621
5.65901e-10	-0.0301073
5.65972e-10	-0.0301524
5.66043e-10	-0.0301976
5.66114e-10	-0.0302427
5.66184e-10	-0.0302878
5.66255e-10	-0.0303329
5.66326e-10	-0.0303779
5.66397e-10	-0.030423
5.66467e-10	-0.030468
5.66538e-10	-0.030513
5.66609e-10	-0.030558
5.66679e-10	-0.030603
5.6675e-10	-0.030648
5.66821e-10	-0.0306929
5.66892e-10	-0.0307379
5.66962e-10	-0.0307828
5.67033e-10	-0.0308277
5.67104e-10	-0.0308726
5.67175e-10	-0.0309175
5.67245e-10	-0.0309623
5.67316e-10	-0.0310071
5.67387e-10	-0.031052
5.67457e-10	-0.0310968
5.67528e-10	-0.0311416
5.67599e-10	-0.0311863
5.6767e-10	-0.0312311
5.6774e-10	-0.0312758
5.67811e-10	-0.0313205
5.67882e-10	-0.0313652
5.67953e-10	-0.0314099
5.68023e-10	-0.0314545
5.68094e-10	-0.0314992
5.68165e-10	-0.0315438
5.68235e-10	-0.0315884
5.68306e-10	-0.031633
5.68377e-10	-0.0316776
5.68448e-10	-0.0317221
5.68518e-10	-0.0317666
5.68589e-10	-0.0318111
5.6866e-10	-0.0318556
5.68731e-10	-0.0319001
5.68801e-10	-0.0319445
5.68872e-10	-0.031989
5.68943e-10	-0.0320334
5.69014e-10	-0.0320778
5.69084e-10	-0.0321221
5.69155e-10	-0.0321665
5.69226e-10	-0.0322108
5.69296e-10	-0.0322551
5.69367e-10	-0.0322994
5.69438e-10	-0.0323437
5.69509e-10	-0.0323879
5.69579e-10	-0.0324321
5.6965e-10	-0.0324763
5.69721e-10	-0.0325205
5.69792e-10	-0.0325647
5.69862e-10	-0.0326088
5.69933e-10	-0.032653
5.70004e-10	-0.0326971
5.70074e-10	-0.0327411
5.70145e-10	-0.0327852
5.70216e-10	-0.0328292
5.70287e-10	-0.0328732
5.70357e-10	-0.0329172
5.70428e-10	-0.0329612
5.70499e-10	-0.0330051
5.7057e-10	-0.033049
5.7064e-10	-0.0330929
5.70711e-10	-0.0331368
5.70782e-10	-0.0331807
5.70852e-10	-0.0332245
5.70923e-10	-0.0332683
5.70994e-10	-0.0333121
5.71065e-10	-0.0333558
5.71135e-10	-0.0333996
5.71206e-10	-0.0334433
5.71277e-10	-0.033487
5.71348e-10	-0.0335306
5.71418e-10	-0.0335743
5.71489e-10	-0.0336179
5.7156e-10	-0.0336615
5.7163e-10	-0.0337051
5.71701e-10	-0.0337486
5.71772e-10	-0.0337921
5.71843e-10	-0.0338356
5.71913e-10	-0.0338791
5.71984e-10	-0.0339225
5.72055e-10	-0.0339659
5.72126e-10	-0.0340093
5.72196e-10	-0.0340527
5.72267e-10	-0.034096
5.72338e-10	-0.0341394
5.72408e-10	-0.0341827
5.72479e-10	-0.0342259
5.7255e-10	-0.0342692
5.72621e-10	-0.0343124
5.72691e-10	-0.0343556
5.72762e-10	-0.0343987
5.72833e-10	-0.0344419
5.72904e-10	-0.034485
5.72974e-10	-0.034528
5.73045e-10	-0.0345711
5.73116e-10	-0.0346141
5.73187e-10	-0.0346571
5.73257e-10	-0.0347001
5.73328e-10	-0.0347431
5.73399e-10	-0.034786
5.73469e-10	-0.0348289
5.7354e-10	-0.0348717
5.73611e-10	-0.0349146
5.73682e-10	-0.0349574
5.73752e-10	-0.0350002
5.73823e-10	-0.0350429
5.73894e-10	-0.0350856
5.73965e-10	-0.0351283
5.74035e-10	-0.035171
5.74106e-10	-0.0352136
5.74177e-10	-0.0352562
5.74247e-10	-0.0352988
5.74318e-10	-0.0353414
5.74389e-10	-0.0353839
5.7446e-10	-0.0354264
5.7453e-10	-0.0354689
5.74601e-10	-0.0355113
5.74672e-10	-0.0355537
5.74743e-10	-0.0355961
5.74813e-10	-0.0356384
5.74884e-10	-0.0356807
5.74955e-10	-0.035723
5.75025e-10	-0.0357653
5.75096e-10	-0.0358075
5.75167e-10	-0.0358497
5.75238e-10	-0.0358919
5.75308e-10	-0.035934
5.75379e-10	-0.0359761
5.7545e-10	-0.0360182
5.75521e-10	-0.0360602
5.75591e-10	-0.0361022
5.75662e-10	-0.0361442
5.75733e-10	-0.0361862
5.75803e-10	-0.0362281
5.75874e-10	-0.0362699
5.75945e-10	-0.0363118
5.76016e-10	-0.0363536
5.76086e-10	-0.0363954
5.76157e-10	-0.0364372
5.76228e-10	-0.0364789
5.76299e-10	-0.0365206
5.76369e-10	-0.0365622
5.7644e-10	-0.0366039
5.76511e-10	-0.0366455
5.76581e-10	-0.036687
5.76652e-10	-0.0367285
5.76723e-10	-0.03677
5.76794e-10	-0.0368115
5.76864e-10	-0.0368529
5.76935e-10	-0.0368943
5.77006e-10	-0.0369357
5.77077e-10	-0.036977
5.77147e-10	-0.0370183
5.77218e-10	-0.0370596
5.77289e-10	-0.0371008
5.7736e-10	-0.037142
5.7743e-10	-0.0371831
5.77501e-10	-0.0372243
5.77572e-10	-0.0372653
5.77642e-10	-0.0373064
5.77713e-10	-0.0373474
5.77784e-10	-0.0373884
5.77855e-10	-0.0374293
5.77925e-10	-0.0374702
5.77996e-10	-0.0375111
5.78067e-10	-0.037552
5.78138e-10	-0.0375928
5.78208e-10	-0.0376335
5.78279e-10	-0.0376743
5.7835e-10	-0.037715
5.7842e-10	-0.0377556
5.78491e-10	-0.0377963
5.78562e-10	-0.0378368
5.78633e-10	-0.0378774
5.78703e-10	-0.0379179
5.78774e-10	-0.0379584
5.78845e-10	-0.0379988
5.78916e-10	-0.0380392
5.78986e-10	-0.0380796
5.79057e-10	-0.0381199
5.79128e-10	-0.0381602
5.79198e-10	-0.0382005
5.79269e-10	-0.0382407
5.7934e-10	-0.0382809
5.79411e-10	-0.038321
5.79481e-10	-0.0383611
5.79552e-10	-0.0384012
5.79623e-10	-0.0384412
5.79694e-10	-0.0384812
5.79764e-10	-0.0385211
5.79835e-10	-0.038561
5.79906e-10	-0.0386009
5.79976e-10	-0.0386408
5.80047e-10	-0.0386805
5.80118e-10	-0.0387203
5.80189e-10	-0.03876
5.80259e-10	-0.0387997
5.8033e-10	-0.0388393
5.80401e-10	-0.0388789
5.80472e-10	-0.0389185
5.80542e-10	-0.038958
5.80613e-10	-0.0389975
5.80684e-10	-0.0390369
5.80754e-10	-0.0390763
5.80825e-10	-0.0391157
5.80896e-10	-0.039155
5.80967e-10	-0.0391943
5.81037e-10	-0.0392335
5.81108e-10	-0.0392727
5.81179e-10	-0.0393118
5.8125e-10	-0.0393509
5.8132e-10	-0.03939
5.81391e-10	-0.039429
5.81462e-10	-0.039468
5.81533e-10	-0.039507
5.81603e-10	-0.0395459
5.81674e-10	-0.0395847
5.81745e-10	-0.0396236
5.81815e-10	-0.0396623
5.81886e-10	-0.0397011
5.81957e-10	-0.0397398
5.82028e-10	-0.0397784
5.82098e-10	-0.039817
5.82169e-10	-0.0398556
5.8224e-10	-0.0398941
5.82311e-10	-0.0399326
5.82381e-10	-0.039971
5.82452e-10	-0.0400094
5.82523e-10	-0.0400477
5.82593e-10	-0.040086
5.82664e-10	-0.0401243
5.82735e-10	-0.0401625
5.82806e-10	-0.0402007
5.82876e-10	-0.0402388
5.82947e-10	-0.0402769
5.83018e-10	-0.0403149
5.83089e-10	-0.0403529
5.83159e-10	-0.0403909
5.8323e-10	-0.0404288
5.83301e-10	-0.0404666
5.83371e-10	-0.0405045
5.83442e-10	-0.0405422
5.83513e-10	-0.0405799
5.83584e-10	-0.0406176
5.83654e-10	-0.0406553
5.83725e-10	-0.0406928
5.83796e-10	-0.0407304
5.83867e-10	-0.0407679
5.83937e-10	-0.0408053
5.84008e-10	-0.0408427
5.84079e-10	-0.0408801
5.84149e-10	-0.0409174
5.8422e-10	-0.0409547
5.84291e-10	-0.0409919
5.84362e-10	-0.041029
5.84432e-10	-0.0410662
5.84503e-10	-0.0411032
5.84574e-10	-0.0411403
5.84645e-10	-0.0411773
5.84715e-10	-0.0412142
5.84786e-10	-0.0412511
5.84857e-10	-0.0412879
5.84928e-10	-0.0413247
5.84998e-10	-0.0413614
5.85069e-10	-0.0413981
5.8514e-10	-0.0414348
5.8521e-10	-0.0414714
5.85281e-10	-0.0415079
5.85352e-10	-0.0415444
5.85423e-10	-0.0415809
5.85493e-10	-0.0416173
5.85564e-10	-0.0416536
5.85635e-10	-0.0416899
5.85706e-10	-0.0417262
5.85776e-10	-0.0417624
5.85847e-10	-0.0417986
5.85918e-10	-0.0418347
5.85988e-10	-0.0418707
5.86059e-10	-0.0419067
5.8613e-10	-0.0419427
5.86201e-10	-0.0419786
5.86271e-10	-0.0420144
5.86342e-10	-0.0420502
5.86413e-10	-0.042086
5.86484e-10	-0.0421217
5.86554e-10	-0.0421574
5.86625e-10	-0.042193
5.86696e-10	-0.0422285
5.86766e-10	-0.042264
5.86837e-10	-0.0422995
5.86908e-10	-0.0423349
5.86979e-10	-0.0423702
5.87049e-10	-0.0424055
5.8712e-10	-0.0424407
5.87191e-10	-0.0424759
5.87262e-10	-0.0425111
5.87332e-10	-0.0425461
5.87403e-10	-0.0425812
5.87474e-10	-0.0426162
5.87544e-10	-0.0426511
5.87615e-10	-0.042686
5.87686e-10	-0.0427208
5.87757e-10	-0.0427555
5.87827e-10	-0.0427903
5.87898e-10	-0.0428249
5.87969e-10	-0.0428595
5.8804e-10	-0.0428941
5.8811e-10	-0.0429286
5.88181e-10	-0.042963
5.88252e-10	-0.0429974
5.88322e-10	-0.0430318
5.88393e-10	-0.0430661
5.88464e-10	-0.0431003
5.88535e-10	-0.0431345
5.88605e-10	-0.0431686
5.88676e-10	-0.0432026
5.88747e-10	-0.0432367
5.88818e-10	-0.0432706
5.88888e-10	-0.0433045
5.88959e-10	-0.0433384
5.8903e-10	-0.0433722
5.89101e-10	-0.0434059
5.89171e-10	-0.0434396
5.89242e-10	-0.0434732
5.89313e-10	-0.0435068
5.89383e-10	-0.0435403
5.89454e-10	-0.0435737
5.89525e-10	-0.0436071
5.89596e-10	-0.0436405
5.89666e-10	-0.0436738
5.89737e-10	-0.043707
5.89808e-10	-0.0437402
5.89879e-10	-0.0437733
5.89949e-10	-0.0438063
5.9002e-10	-0.0438393
5.90091e-10	-0.0438723
5.90161e-10	-0.0439052
5.90232e-10	-0.043938
5.90303e-10	-0.0439708
5.90374e-10	-0.0440035
5.90444e-10	-0.0440361
5.90515e-10	-0.0440687
5.90586e-10	-0.0441013
5.90657e-10	-0.0441337
5.90727e-10	-0.0441662
5.90798e-10	-0.0441985
5.90869e-10	-0.0442308
5.90939e-10	-0.0442631
5.9101e-10	-0.0442953
5.91081e-10	-0.0443274
5.91152e-10	-0.0443595
5.91222e-10	-0.0443915
5.91293e-10	-0.0444234
5.91364e-10	-0.0444553
5.91435e-10	-0.0444871
5.91505e-10	-0.0445189
5.91576e-10	-0.0445506
5.91647e-10	-0.0445823
5.91717e-10	-0.0446139
5.91788e-10	-0.0446454
5.91859e-10	-0.0446769
5.9193e-10	-0.0447083
5.92e-10	-0.0447396
5.92071e-10	-0.0447709
5.92142e-10	-0.0448021
5.92213e-10	-0.0448333
5.92283e-10	-0.0448644
5.92354e-10	-0.0448954
5.92425e-10	-0.0449264
5.92495e-10	-0.0449573
5.92566e-10	-0.0449882
5.92637e-10	-0.045019
5.92708e-10	-0.0450497
5.92778e-10	-0.0450804
5.92849e-10	-0.045111
5.9292e-10	-0.0451415
5.92991e-10	-0.045172
5.93061e-10	-0.0452024
5.93132e-10	-0.0452328
5.93203e-10	-0.0452631
5.93274e-10	-0.0452933
5.93344e-10	-0.0453235
5.93415e-10	-0.0453536
5.93486e-10	-0.0453836
5.93556e-10	-0.0454136
5.93627e-10	-0.0454435
5.93698e-10	-0.0454733
5.93769e-10	-0.0455031
5.93839e-10	-0.0455328
5.9391e-10	-0.0455625
5.93981e-10	-0.0455921
5.94052e-10	-0.0456216
5.94122e-10	-0.0456511
5.94193e-10	-0.0456805
5.94264e-10	-0.0457098
5.94334e-10	-0.0457391
5.94405e-10	-0.0457683
5.94476e-10	-0.0457974
5.94547e-10	-0.0458265
5.94617e-10	-0.0458555
5.94688e-10	-0.0458844
5.94759e-10	-0.0459133
5.9483e-10	-0.0459421
5.949e-10	-0.0459708
5.94971e-10	-0.0459995
5.95042e-10	-0.0460281
5.95112e-10	-0.0460566
5.95183e-10	-0.0460851
5.95254e-10	-0.0461135
5.95325e-10	-0.0461419
5.95395e-10	-0.0461701
5.95466e-10	-0.0461983
5.95537e-10	-0.0462265
5.95608e-10	-0.0462545
5.95678e-10	-0.0462825
5.95749e-10	-0.0463105
5.9582e-10	-0.0463383
5.9589e-10	-0.0463661
5.95961e-10	-0.0463939
5.96032e-10	-0.0464215
5.96103e-10	-0.0464491
5.96173e-10	-0.0464767
5.96244e-10	-0.0465041
5.96315e-10	-0.0465315
5.96386e-10	-0.0465588
5.96456e-10	-0.0465861
5.96527e-10	-0.0466133
5.96598e-10	-0.0466404
5.96668e-10	-0.0466674
5.96739e-10	-0.0466944
5.9681e-10	-0.0467213
5.96881e-10	-0.0467481
5.96951e-10	-0.0467749
5.97022e-10	-0.0468016
5.97093e-10	-0.0468282
5.97164e-10	-0.0468548
5.97234e-10	-0.0468812
5.97305e-10	-0.0469077
5.97376e-10	-0.046934
5.97447e-10	-0.0469603
5.97517e-10	-0.0469865
5.97588e-10	-0.0470126
5.97659e-10	-0.0470387
5.97729e-10	-0.0470646
5.978e-10	-0.0470906
5.97871e-10	-0.0471164
5.97942e-10	-0.0471422
5.98012e-10	-0.0471679
5.98083e-10	-0.0471935
5.98154e-10	-0.0472191
5.98225e-10	-0.0472445
5.98295e-10	-0.04727
5.98366e-10	-0.0472953
5.98437e-10	-0.0473206
5.98507e-10	-0.0473458
5.98578e-10	-0.0473709
5.98649e-10	-0.0473959
5.9872e-10	-0.0474209
5.9879e-10	-0.0474458
5.98861e-10	-0.0474706
5.98932e-10	-0.0474954
5.99003e-10	-0.0475201
5.99073e-10	-0.0475447
5.99144e-10	-0.0475692
5.99215e-10	-0.0475937
5.99285e-10	-0.047618
5.99356e-10	-0.0476424
5.99427e-10	-0.0476666
5.99498e-10	-0.0476907
5.99568e-10	-0.0477148
5.99639e-10	-0.0477389
5.9971e-10	-0.0477628
5.99781e-10	-0.0477866
5.99851e-10	-0.0478104
5.99922e-10	-0.0478341
5.99993e-10	-0.0478578
6.00063e-10	-0.0478813
6.00134e-10	-0.0479048
6.00205e-10	-0.0479282
6.00276e-10	-0.0479516
6.00346e-10	-0.0479748
6.00417e-10	-0.047998
6.00488e-10	-0.0480211
6.00559e-10	-0.0480441
6.00629e-10	-0.0480671
6.007e-10	-0.04809
6.00771e-10	-0.0481128
6.00841e-10	-0.0481355
6.00912e-10	-0.0481581
6.00983e-10	-0.0481807
6.01054e-10	-0.0482032
6.01124e-10	-0.0482256
6.01195e-10	-0.0482479
6.01266e-10	-0.0482702
6.01337e-10	-0.0482924
6.01407e-10	-0.0483145
6.01478e-10	-0.0483365
6.01549e-10	-0.0483584
6.0162e-10	-0.0483803
6.0169e-10	-0.0484021
6.01761e-10	-0.0484238
6.01832e-10	-0.0484454
6.01902e-10	-0.048467
6.01973e-10	-0.0484885
6.02044e-10	-0.0485099
6.02115e-10	-0.0485312
6.02185e-10	-0.0485524
6.02256e-10	-0.0485736
6.02327e-10	-0.0485946
6.02398e-10	-0.0486156
6.02468e-10	-0.0486365
6.02539e-10	-0.0486574
6.0261e-10	-0.0486781
6.0268e-10	-0.0486988
6.02751e-10	-0.0487194
6.02822e-10	-0.0487399
6.02893e-10	-0.0487604
6.02963e-10	-0.0487807
6.03034e-10	-0.048801
6.03105e-10	-0.0488212
6.03176e-10	-0.0488413
6.03246e-10	-0.0488613
6.03317e-10	-0.0488813
6.03388e-10	-0.0489011
6.03458e-10	-0.0489209
6.03529e-10	-0.0489406
6.036e-10	-0.0489602
6.03671e-10	-0.0489798
6.03741e-10	-0.0489992
6.03812e-10	-0.0490186
6.03883e-10	-0.0490379
6.03954e-10	-0.0490571
6.04024e-10	-0.0490762
6.04095e-10	-0.0490953
6.04166e-10	-0.0491143
6.04236e-10	-0.0491331
6.04307e-10	-0.0491519
6.04378e-10	-0.0491706
6.04449e-10	-0.0491893
6.04519e-10	-0.0492078
6.0459e-10	-0.0492263
6.04661e-10	-0.0492447
6.04732e-10	-0.049263
6.04802e-10	-0.0492812
6.04873e-10	-0.0492993
6.04944e-10	-0.0493173
6.05014e-10	-0.0493353
6.05085e-10	-0.0493532
6.05156e-10	-0.049371
6.05227e-10	-0.0493887
6.05297e-10	-0.0494063
6.05368e-10	-0.0494238
6.05439e-10	-0.0494413
6.0551e-10	-0.0494586
6.0558e-10	-0.0494759
6.05651e-10	-0.0494931
6.05722e-10	-0.0495102
6.05793e-10	-0.0495272
6.05863e-10	-0.0495442
6.05934e-10	-0.049561
6.06005e-10	-0.0495778
6.06075e-10	-0.0495945
6.06146e-10	-0.0496111
6.06217e-10	-0.0496276
6.06288e-10	-0.049644
6.06358e-10	-0.0496603
6.06429e-10	-0.0496766
6.065e-10	-0.0496927
6.06571e-10	-0.0497088
6.06641e-10	-0.0497248
6.06712e-10	-0.0497407
6.06783e-10	-0.0497565
6.06853e-10	-0.0497722
6.06924e-10	-0.0497878
6.06995e-10	-0.0498034
6.07066e-10	-0.0498188
6.07136e-10	-0.0498342
6.07207e-10	-0.0498495
6.07278e-10	-0.0498647
6.07349e-10	-0.0498798
6.07419e-10	-0.0498948
6.0749e-10	-0.0499097
6.07561e-10	-0.0499246
6.07631e-10	-0.0499393
6.07702e-10	-0.049954
6.07773e-10	-0.0499686
6.07844e-10	-0.0499831
6.07914e-10	-0.0499975
6.07985e-10	-0.0500118
6.08056e-10	-0.050026
6.08127e-10	-0.0500401
6.08197e-10	-0.0500541
6.08268e-10	-0.0500681
6.08339e-10	-0.0500819
6.08409e-10	-0.0500957
6.0848e-10	-0.0501094
6.08551e-10	-0.050123
6.08622e-10	-0.0501365
6.08692e-10	-0.0501499
6.08763e-10	-0.0501632
6.08834e-10	-0.0501764
6.08905e-10	-0.0501895
6.08975e-10	-0.0502026
6.09046e-10	-0.0502155
6.09117e-10	-0.0502284
6.09187e-10	-0.0502411
6.09258e-10	-0.0502538
6.09329e-10	-0.0502664
6.094e-10	-0.0502789
6.0947e-10	-0.0502913
6.09541e-10	-0.0503036
6.09612e-10	-0.0503158
6.09683e-10	-0.0503279
6.09753e-10	-0.05034
6.09824e-10	-0.0503519
6.09895e-10	-0.0503638
6.09966e-10	-0.0503755
6.10036e-10	-0.0503872
6.10107e-10	-0.0503987
6.10178e-10	-0.0504102
6.10248e-10	-0.0504216
6.10319e-10	-0.0504329
6.1039e-10	-0.0504441
6.10461e-10	-0.0504552
6.10531e-10	-0.0504662
6.10602e-10	-0.0504771
6.10673e-10	-0.0504879
6.10744e-10	-0.0504986
6.10814e-10	-0.0505092
6.10885e-10	-0.0505198
6.10956e-10	-0.0505302
6.11026e-10	-0.0505406
6.11097e-10	-0.0505508
6.11168e-10	-0.050561
6.11239e-10	-0.050571
6.11309e-10	-0.050581
6.1138e-10	-0.0505909
6.11451e-10	-0.0506006
6.11522e-10	-0.0506103
6.11592e-10	-0.0506199
6.11663e-10	-0.0506294
6.11734e-10	-0.0506388
6.11804e-10	-0.0506481
6.11875e-10	-0.0506573
6.11946e-10	-0.0506664
6.12017e-10	-0.0506754
6.12087e-10	-0.0506843
6.12158e-10	-0.0506931
6.12229e-10	-0.0507019
6.123e-10	-0.0507105
6.1237e-10	-0.050719
6.12441e-10	-0.0507274
6.12512e-10	-0.0507358
6.12582e-10	-0.050744
6.12653e-10	-0.0507521
6.12724e-10	-0.0507602
6.12795e-10	-0.0507681
6.12865e-10	-0.050776
6.12936e-10	-0.0507837
6.13007e-10	-0.0507914
6.13078e-10	-0.0507989
6.13148e-10	-0.0508064
6.13219e-10	-0.0508137
6.1329e-10	-0.050821
6.1336e-10	-0.0508282
6.13431e-10	-0.0508352
6.13502e-10	-0.0508422
6.13573e-10	-0.0508491
6.13643e-10	-0.0508558
6.13714e-10	-0.0508625
6.13785e-10	-0.0508691
6.13856e-10	-0.0508755
6.13926e-10	-0.0508819
6.13997e-10	-0.0508882
6.14068e-10	-0.0508943
6.14139e-10	-0.0509004
6.14209e-10	-0.0509064
6.1428e-10	-0.0509122
6.14351e-10	-0.050918
6.14421e-10	-0.0509237
6.14492e-10	-0.0509293
6.14563e-10	-0.0509347
6.14634e-10	-0.0509401
6.14704e-10	-0.0509454
6.14775e-10	-0.0509505
6.14846e-10	-0.0509556
6.14917e-10	-0.0509606
6.14987e-10	-0.0509654
6.15058e-10	-0.0509702
6.15129e-10	-0.0509749
6.15199e-10	-0.0509794
6.1527e-10	-0.0509839
6.15341e-10	-0.0509883
6.15412e-10	-0.0509925
6.15482e-10	-0.0509967
6.15553e-10	-0.0510007
6.15624e-10	-0.0510047
6.15695e-10	-0.0510085
6.15765e-10	-0.0510123
6.15836e-10	-0.0510159
6.15907e-10	-0.0510195
6.15977e-10	-0.0510229
6.16048e-10	-0.0510263
6.16119e-10	-0.0510295
6.1619e-10	-0.0510326
6.1626e-10	-0.0510357
6.16331e-10	-0.0510386
6.16402e-10	-0.0510414
6.16473e-10	-0.0510441
6.16543e-10	-0.0510468
6.16614e-10	-0.0510493
6.16685e-10	-0.0510517
6.16755e-10	-0.051054
6.16826e-10	-0.0510562
6.16897e-10	-0.0510583
6.16968e-10	-0.0510603
6.17038e-10	-0.0510622
6.17109e-10	-0.051064
6.1718e-10	-0.0510656
6.17251e-10	-0.0510672
6.17321e-10	-0.0510687
6.17392e-10	-0.0510701
6.17463e-10	-0.0510713
6.17533e-10	-0.0510725
6.17604e-10	-0.0510736
6.17675e-10	-0.0510745
6.17746e-10	-0.0510753
6.17816e-10	-0.0510761
6.17887e-10	-0.0510767
6.17958e-10	-0.0510773
6.18029e-10	-0.0510777
6.18099e-10	-0.051078
6.1817e-10	-0.0510782
6.18241e-10	-0.0510783
6.18312e-10	-0.0510783
6.18382e-10	-0.0510782
6.18453e-10	-0.051078
6.18524e-10	-0.0510777
6.18594e-10	-0.0510772
6.18665e-10	-0.0510767
6.18736e-10	-0.0510761
6.18807e-10	-0.0510753
6.18877e-10	-0.0510745
6.18948e-10	-0.0510735
6.19019e-10	-0.0510725
6.1909e-10	-0.0510713
6.1916e-10	-0.05107
6.19231e-10	-0.0510686
6.19302e-10	-0.0510671
6.19372e-10	-0.0510655
6.19443e-10	-0.0510638
6.19514e-10	-0.051062
6.19585e-10	-0.0510601
6.19655e-10	-0.051058
6.19726e-10	-0.0510559
6.19797e-10	-0.0510536
6.19868e-10	-0.0510513
6.19938e-10	-0.0510488
6.20009e-10	-0.0510462
6.2008e-10	-0.0510435
6.2015e-10	-0.0510408
6.20221e-10	-0.0510379
6.20292e-10	-0.0510348
6.20363e-10	-0.0510317
6.20433e-10	-0.0510285
6.20504e-10	-0.0510252
6.20575e-10	-0.0510217
6.20646e-10	-0.0510182
6.20716e-10	-0.0510145
6.20787e-10	-0.0510107
6.20858e-10	-0.0510068
6.20928e-10	-0.0510028
6.20999e-10	-0.0509987
6.2107e-10	-0.0509945
6.21141e-10	-0.0509902
6.21211e-10	-0.0509857
6.21282e-10	-0.0509812
6.21353e-10	-0.0509765
6.21424e-10	-0.0509718
6.21494e-10	-0.0509669
6.21565e-10	-0.0509619
6.21636e-10	-0.0509568
6.21706e-10	-0.0509516
6.21777e-10	-0.0509463
6.21848e-10	-0.0509409
6.21919e-10	-0.0509353
6.21989e-10	-0.0509297
6.2206e-10	-0.0509239
6.22131e-10	-0.050918
6.22202e-10	-0.050912
6.22272e-10	-0.0509059
6.22343e-10	-0.0508997
6.22414e-10	-0.0508934
6.22485e-10	-0.050887
6.22555e-10	-0.0508804
6.22626e-10	-0.0508737
6.22697e-10	-0.050867
6.22767e-10	-0.0508601
6.22838e-10	-0.0508531
6.22909e-10	-0.050846
6.2298e-10	-0.0508388
6.2305e-10	-0.0508314
6.23121e-10	-0.050824
6.23192e-10	-0.0508164
6.23263e-10	-0.0508087
6.23333e-10	-0.050801
6.23404e-10	-0.0507931
6.23475e-10	-0.050785
6.23545e-10	-0.0507769
6.23616e-10	-0.0507687
6.23687e-10	-0.0507603
6.23758e-10	-0.0507519
6.23828e-10	-0.0507433
6.23899e-10	-0.0507346
6.2397e-10	-0.0507258
6.24041e-10	-0.0507168
6.24111e-10	-0.0507078
6.24182e-10	-0.0506987
6.24253e-10	-0.0506894
6.24323e-10	-0.05068
6.24394e-10	-0.0506705
6.24465e-10	-0.0506609
6.24536e-10	-0.0506512
6.24606e-10	-0.0506413
6.24677e-10	-0.0506314
6.24748e-10	-0.0506213
6.24819e-10	-0.0506111
6.24889e-10	-0.0506008
6.2496e-10	-0.0505904
6.25031e-10	-0.0505799
6.25101e-10	-0.0505693
6.25172e-10	-0.0505585
6.25243e-10	-0.0505476
6.25314e-10	-0.0505366
6.25384e-10	-0.0505255
6.25455e-10	-0.0505143
6.25526e-10	-0.050503
6.25597e-10	-0.0504915
6.25667e-10	-0.0504799
6.25738e-10	-0.0504682
6.25809e-10	-0.0504564
6.25879e-10	-0.0504445
6.2595e-10	-0.0504325
6.26021e-10	-0.0504203
6.26092e-10	-0.0504081
6.26162e-10	-0.0503957
6.26233e-10	-0.0503832
6.26304e-10	-0.0503705
6.26375e-10	-0.0503578
6.26445e-10	-0.0503449
6.26516e-10	-0.050332
6.26587e-10	-0.0503189
6.26658e-10	-0.0503057
6.26728e-10	-0.0502924
6.26799e-10	-0.0502789
6.2687e-10	-0.0502654
6.2694e-10	-0.0502517
6.27011e-10	-0.0502379
6.27082e-10	-0.050224
6.27153e-10	-0.0502099
6.27223e-10	-0.0501958
6.27294e-10	-0.0501815
6.27365e-10	-0.0501671
6.27436e-10	-0.0501526
6.27506e-10	-0.050138
6.27577e-10	-0.0501233
6.27648e-10	-0.0501084
6.27718e-10	-0.0500934
6.27789e-10	-0.0500783
6.2786e-10	-0.0500631
6.27931e-10	-0.0500478
6.28001e-10	-0.0500323
6.28072e-10	-0.0500168
6.28143e-10	-0.0500011
6.28214e-10	-0.0499853
6.28284e-10	-0.0499693
6.28355e-10	-0.0499533
6.28426e-10	-0.0499371
6.28496e-10	-0.0499208
6.28567e-10	-0.0499044
6.28638e-10	-0.0498879
6.28709e-10	-0.0498712
6.28779e-10	-0.0498545
6.2885e-10	-0.0498376
6.28921e-10	-0.0498206
6.28992e-10	-0.0498034
6.29062e-10	-0.0497862
6.29133e-10	-0.0497688
6.29204e-10	-0.0497513
6.29274e-10	-0.0497337
6.29345e-10	-0.049716
6.29416e-10	-0.0496982
6.29487e-10	-0.0496802
6.29557e-10	-0.0496621
6.29628e-10	-0.0496439
6.29699e-10	-0.0496255
6.2977e-10	-0.0496071
6.2984e-10	-0.0495885
6.29911e-10	-0.0495698
6.29982e-10	-0.049551
6.30053e-10	-0.0495321
6.30123e-10	-0.049513
6.30194e-10	-0.0494938
6.30265e-10	-0.0494745
6.30335e-10	-0.0494551
6.30406e-10	-0.0494355
6.30477e-10	-0.0494159
6.30548e-10	-0.0493961
6.30618e-10	-0.0493762
6.30689e-10	-0.0493561
6.3076e-10	-0.049336
6.30831e-10	-0.0493157
6.30901e-10	-0.0492953
6.30972e-10	-0.0492748
6.31043e-10	-0.0492541
6.31113e-10	-0.0492334
6.31184e-10	-0.0492125
6.31255e-10	-0.0491914
6.31326e-10	-0.0491703
6.31396e-10	-0.0491491
6.31467e-10	-0.0491277
6.31538e-10	-0.0491062
6.31609e-10	-0.0490845
6.31679e-10	-0.0490628
6.3175e-10	-0.0490409
6.31821e-10	-0.0490189
6.31891e-10	-0.0489968
6.31962e-10	-0.0489746
6.32033e-10	-0.0489522
6.32104e-10	-0.0489297
6.32174e-10	-0.0489071
6.32245e-10	-0.0488843
6.32316e-10	-0.0488615
6.32387e-10	-0.0488385
6.32457e-10	-0.0488154
6.32528e-10	-0.0487921
6.32599e-10	-0.0487688
6.32669e-10	-0.0487453
6.3274e-10	-0.0487217
6.32811e-10	-0.048698
6.32882e-10	-0.0486741
6.32952e-10	-0.0486501
6.33023e-10	-0.048626
6.33094e-10	-0.0486018
6.33165e-10	-0.0485775
6.33235e-10	-0.048553
6.33306e-10	-0.0485284
6.33377e-10	-0.0485036
6.33447e-10	-0.0484788
6.33518e-10	-0.0484538
6.33589e-10	-0.0484287
6.3366e-10	-0.0484035
6.3373e-10	-0.0483781
6.33801e-10	-0.0483527
6.33872e-10	-0.0483271
6.33943e-10	-0.0483013
6.34013e-10	-0.0482755
6.34084e-10	-0.0482495
6.34155e-10	-0.0482234
6.34226e-10	-0.0481972
6.34296e-10	-0.0481708
6.34367e-10	-0.0481443
6.34438e-10	-0.0481177
6.34508e-10	-0.048091
6.34579e-10	-0.0480641
6.3465e-10	-0.0480372
6.34721e-10	-0.0480101
6.34791e-10	-0.0479828
6.34862e-10	-0.0479554
6.34933e-10	-0.047928
6.35004e-10	-0.0479003
6.35074e-10	-0.0478726
6.35145e-10	-0.0478447
6.35216e-10	-0.0478167
6.35286e-10	-0.0477886
6.35357e-10	-0.0477604
6.35428e-10	-0.047732
6.35499e-10	-0.0477035
6.35569e-10	-0.0476749
6.3564e-10	-0.0476461
6.35711e-10	-0.0476172
6.35782e-10	-0.0475882
6.35852e-10	-0.0475591
6.35923e-10	-0.0475298
6.35994e-10	-0.0475004
6.36064e-10	-0.0474709
6.36135e-10	-0.0474413
6.36206e-10	-0.0474115
6.36277e-10	-0.0473816
6.36347e-10	-0.0473516
6.36418e-10	-0.0473214
6.36489e-10	-0.0472912
6.3656e-10	-0.0472607
6.3663e-10	-0.0472302
6.36701e-10	-0.0471995
6.36772e-10	-0.0471688
6.36842e-10	-0.0471378
6.36913e-10	-0.0471068
6.36984e-10	-0.0470756
6.37055e-10	-0.0470443
6.37125e-10	-0.0470129
6.37196e-10	-0.0469813
6.37267e-10	-0.0469496
6.37338e-10	-0.0469178
6.37408e-10	-0.0468859
6.37479e-10	-0.0468538
6.3755e-10	-0.0468216
6.3762e-10	-0.0467893
6.37691e-10	-0.0467568
6.37762e-10	-0.0467242
6.37833e-10	-0.0466915
6.37903e-10	-0.0466586
6.37974e-10	-0.0466257
6.38045e-10	-0.0465926
6.38116e-10	-0.0465593
6.38186e-10	-0.046526
6.38257e-10	-0.0464925
6.38328e-10	-0.0464589
6.38399e-10	-0.0464251
6.38469e-10	-0.0463912
6.3854e-10	-0.0463572
6.38611e-10	-0.0463231
6.38681e-10	-0.0462888
6.38752e-10	-0.0462544
6.38823e-10	-0.0462199
6.38894e-10	-0.0461853
6.38964e-10	-0.0461505
6.39035e-10	-0.0461156
6.39106e-10	-0.0460805
6.39177e-10	-0.0460454
6.39247e-10	-0.0460101
6.39318e-10	-0.0459746
6.39389e-10	-0.0459391
6.39459e-10	-0.0459034
6.3953e-10	-0.0458676
6.39601e-10	-0.0458316
6.39672e-10	-0.0457955
6.39742e-10	-0.0457593
6.39813e-10	-0.045723
6.39884e-10	-0.0456865
6.39955e-10	-0.0456499
6.40025e-10	-0.0456132
6.40096e-10	-0.0455763
6.40167e-10	-0.0455393
6.40237e-10	-0.0455022
6.40308e-10	-0.045465
6.40379e-10	-0.0454276
6.4045e-10	-0.0453901
6.4052e-10	-0.0453524
6.40591e-10	-0.0453147
6.40662e-10	-0.0452767
6.40733e-10	-0.0452387
6.40803e-10	-0.0452005
6.40874e-10	-0.0451622
6.40945e-10	-0.0451238
6.41015e-10	-0.0450853
6.41086e-10	-0.0450466
6.41157e-10	-0.0450078
6.41228e-10	-0.0449688
6.41298e-10	-0.0449297
6.41369e-10	-0.0448905
6.4144e-10	-0.0448512
6.41511e-10	-0.0448117
6.41581e-10	-0.0447721
6.41652e-10	-0.0447323
6.41723e-10	-0.0446925
6.41793e-10	-0.0446525
6.41864e-10	-0.0446123
6.41935e-10	-0.0445721
6.42006e-10	-0.0445317
6.42076e-10	-0.0444911
6.42147e-10	-0.0444505
6.42218e-10	-0.0444097
6.42289e-10	-0.0443688
6.42359e-10	-0.0443277
6.4243e-10	-0.0442865
6.42501e-10	-0.0442452
6.42572e-10	-0.0442038
6.42642e-10	-0.0441622
6.42713e-10	-0.0441205
6.42784e-10	-0.0440786
6.42854e-10	-0.0440367
6.42925e-10	-0.0439945
6.42996e-10	-0.0439523
6.43067e-10	-0.0439099
6.43137e-10	-0.0438674
6.43208e-10	-0.0438248
6.43279e-10	-0.043782
6.4335e-10	-0.0437391
6.4342e-10	-0.0436961
6.43491e-10	-0.0436529
6.43562e-10	-0.0436096
6.43632e-10	-0.0435662
6.43703e-10	-0.0435226
6.43774e-10	-0.0434789
6.43845e-10	-0.0434351
6.43915e-10	-0.0433912
6.43986e-10	-0.0433471
6.44057e-10	-0.0433028
6.44128e-10	-0.0432585
6.44198e-10	-0.043214
6.44269e-10	-0.0431694
6.4434e-10	-0.0431246
6.4441e-10	-0.0430797
6.44481e-10	-0.0430347
6.44552e-10	-0.0429896
6.44623e-10	-0.0429443
6.44693e-10	-0.0428989
6.44764e-10	-0.0428533
6.44835e-10	-0.0428076
6.44906e-10	-0.0427618
6.44976e-10	-0.0427159
6.45047e-10	-0.0426698
6.45118e-10	-0.0426236
6.45188e-10	-0.0425772
6.45259e-10	-0.0425307
6.4533e-10	-0.0424841
6.45401e-10	-0.0424374
6.45471e-10	-0.0423905
6.45542e-10	-0.0423435
6.45613e-10	-0.0422963
6.45684e-10	-0.042249
6.45754e-10	-0.0422016
6.45825e-10	-0.0421541
6.45896e-10	-0.0421064
6.45966e-10	-0.0420586
6.46037e-10	-0.0420106
6.46108e-10	-0.0419625
6.46179e-10	-0.0419143
6.46249e-10	-0.041866
6.4632e-10	-0.0418175
6.46391e-10	-0.0417689
6.46462e-10	-0.0417201
6.46532e-10	-0.0416713
6.46603e-10	-0.0416222
6.46674e-10	-0.0415731
6.46745e-10	-0.0415238
6.46815e-10	-0.0414744
6.46886e-10	-0.0414248
6.46957e-10	-0.0413752
6.47027e-10	-0.0413253
6.47098e-10	-0.0412754
6.47169e-10	-0.0412253
6.4724e-10	-0.0411751
6.4731e-10	-0.0411247
6.47381e-10	-0.0410743
6.47452e-10	-0.0410236
6.47523e-10	-0.0409729
6.47593e-10	-0.040922
6.47664e-10	-0.040871
6.47735e-10	-0.0408198
6.47805e-10	-0.0407685
6.47876e-10	-0.0407171
6.47947e-10	-0.0406656
6.48018e-10	-0.0406139
6.48088e-10	-0.040562
6.48159e-10	-0.0405101
6.4823e-10	-0.040458
6.48301e-10	-0.0404058
6.48371e-10	-0.0403534
6.48442e-10	-0.0403009
6.48513e-10	-0.0402483
6.48583e-10	-0.0401955
6.48654e-10	-0.0401426
6.48725e-10	-0.0400896
6.48796e-10	-0.0400364
6.48866e-10	-0.0399831
6.48937e-10	-0.0399297
6.49008e-10	-0.0398761
6.49079e-10	-0.0398224
6.49149e-10	-0.0397686
6.4922e-10	-0.0397146
6.49291e-10	-0.0396605
6.49361e-10	-0.0396063
6.49432e-10	-0.0395519
6.49503e-10	-0.0394974
6.49574e-10	-0.0394427
6.49644e-10	-0.039388
6.49715e-10	-0.0393331
6.49786e-10	-0.039278
6.49857e-10	-0.0392228
6.49927e-10	-0.0391675
6.49998e-10	-0.0391121
6.50069e-10	-0.0390565
6.50139e-10	-0.0390008
6.5021e-10	-0.0389449
6.50281e-10	-0.0388889
6.50352e-10	-0.0388328
6.50422e-10	-0.0387766
6.50493e-10	-0.0387202
6.50564e-10	-0.0386637
6.50635e-10	-0.038607
6.50705e-10	-0.0385502
6.50776e-10	-0.0384933
6.50847e-10	-0.0384362
6.50918e-10	-0.038379
6.50988e-10	-0.0383217
6.51059e-10	-0.0382642
6.5113e-10	-0.0382066
6.512e-10	-0.0381489
6.51271e-10	-0.038091
6.51342e-10	-0.038033
6.51413e-10	-0.0379749
6.51483e-10	-0.0379166
6.51554e-10	-0.0378582
6.51625e-10	-0.0377997
6.51696e-10	-0.037741
6.51766e-10	-0.0376822
6.51837e-10	-0.0376233
6.51908e-10	-0.0375642
6.51978e-10	-0.037505
6.52049e-10	-0.0374456
6.5212e-10	-0.0373861
6.52191e-10	-0.0373265
6.52261e-10	-0.0372668
6.52332e-10	-0.0372069
6.52403e-10	-0.0371469
6.52474e-10	-0.0370867
6.52544e-10	-0.0370264
6.52615e-10	-0.036966
6.52686e-10	-0.0369054
6.52756e-10	-0.0368448
6.52827e-10	-0.0367839
6.52898e-10	-0.036723
6.52969e-10	-0.0366619
6.53039e-10	-0.0366006
6.5311e-10	-0.0365393
6.53181e-10	-0.0364778
6.53252e-10	-0.0364161
6.53322e-10	-0.0363544
6.53393e-10	-0.0362925
6.53464e-10	-0.0362304
6.53534e-10	-0.0361683
6.53605e-10	-0.036106
6.53676e-10	-0.0360435
6.53747e-10	-0.0359809
6.53817e-10	-0.0359182
6.53888e-10	-0.0358554
6.53959e-10	-0.0357924
6.5403e-10	-0.0357293
6.541e-10	-0.0356661
6.54171e-10	-0.0356027
6.54242e-10	-0.0355392
6.54312e-10	-0.0354755
6.54383e-10	-0.0354117
6.54454e-10	-0.0353478
6.54525e-10	-0.0352838
6.54595e-10	-0.0352196
6.54666e-10	-0.0351552
6.54737e-10	-0.0350908
6.54808e-10	-0.0350262
6.54878e-10	-0.0349615
6.54949e-10	-0.0348966
6.5502e-10	-0.0348316
6.55091e-10	-0.0347665
6.55161e-10	-0.0347012
6.55232e-10	-0.0346358
6.55303e-10	-0.0345703
6.55373e-10	-0.0345046
6.55444e-10	-0.0344388
6.55515e-10	-0.0343729
6.55586e-10	-0.0343068
6.55656e-10	-0.0342406
6.55727e-10	-0.0341743
6.55798e-10	-0.0341078
6.55869e-10	-0.0340412
6.55939e-10	-0.0339745
6.5601e-10	-0.0339076
6.56081e-10	-0.0338406
6.56151e-10	-0.0337735
6.56222e-10	-0.0337062
6.56293e-10	-0.0336388
6.56364e-10	-0.0335712
6.56434e-10	-0.0335035
6.56505e-10	-0.0334357
6.56576e-10	-0.0333678
6.56647e-10	-0.0332997
6.56717e-10	-0.0332315
6.56788e-10	-0.0331631
6.56859e-10	-0.0330947
6.56929e-10	-0.0330261
6.57e-10	-0.0329573
6.57071e-10	-0.0328884
6.57142e-10	-0.0328194
6.57212e-10	-0.0327502
6.57283e-10	-0.032681
6.57354e-10	-0.0326115
6.57425e-10	-0.032542
6.57495e-10	-0.0324723
6.57566e-10	-0.0324025
6.57637e-10	-0.0323325
6.57707e-10	-0.0322624
6.57778e-10	-0.0321922
6.57849e-10	-0.0321219
6.5792e-10	-0.0320514
6.5799e-10	-0.0319808
6.58061e-10	-0.03191
6.58132e-10	-0.0318391
6.58203e-10	-0.0317681
6.58273e-10	-0.0316969
6.58344e-10	-0.0316257
6.58415e-10	-0.0315542
6.58485e-10	-0.0314827
6.58556e-10	-0.031411
6.58627e-10	-0.0313392
6.58698e-10	-0.0312672
6.58768e-10	-0.0311951
6.58839e-10	-0.0311229
6.5891e-10	-0.0310505
6.58981e-10	-0.030978
6.59051e-10	-0.0309054
6.59122e-10	-0.0308327
6.59193e-10	-0.0307598
6.59264e-10	-0.0306868
6.59334e-10	-0.0306136
6.59405e-10	-0.0305403
6.59476e-10	-0.0304669
6.59546e-10	-0.0303933
6.59617e-10	-0.0303196
6.59688e-10	-0.0302458
6.59759e-10	-0.0301719
6.59829e-10	-0.0300978
6.599e-10	-0.0300236
6.59971e-10	-0.0299492
6.60042e-10	-0.0298747
6.60112e-10	-0.0298001
6.60183e-10	-0.0297254
6.60254e-10	-0.0296505
6.60324e-10	-0.0295755
6.60395e-10	-0.0295003
6.60466e-10	-0.029425
6.60537e-10	-0.0293496
6.60607e-10	-0.0292741
6.60678e-10	-0.0291984
6.60749e-10	-0.0291226
6.6082e-10	-0.0290467
6.6089e-10	-0.0289706
6.60961e-10	-0.0288944
6.61032e-10	-0.028818
6.61102e-10	-0.0287416
6.61173e-10	-0.028665
6.61244e-10	-0.0285882
6.61315e-10	-0.0285114
6.61385e-10	-0.0284344
6.61456e-10	-0.0283572
6.61527e-10	-0.02828
6.61598e-10	-0.0282026
6.61668e-10	-0.028125
6.61739e-10	-0.0280474
6.6181e-10	-0.0279696
6.6188e-10	-0.0278917
6.61951e-10	-0.0278136
6.62022e-10	-0.0277354
6.62093e-10	-0.0276571
6.62163e-10	-0.0275787
6.62234e-10	-0.0275001
6.62305e-10	-0.0274214
6.62376e-10	-0.0273425
6.62446e-10	-0.0272635
6.62517e-10	-0.0271844
6.62588e-10	-0.0271052
6.62658e-10	-0.0270258
6.62729e-10	-0.0269463
6.628e-10	-0.0268667
6.62871e-10	-0.0267869
6.62941e-10	-0.026707
6.63012e-10	-0.026627
6.63083e-10	-0.0265468
6.63154e-10	-0.0264666
6.63224e-10	-0.0263861
6.63295e-10	-0.0263056
6.63366e-10	-0.0262249
6.63437e-10	-0.0261441
6.63507e-10	-0.0260632
6.63578e-10	-0.0259821
6.63649e-10	-0.0259009
6.63719e-10	-0.0258195
6.6379e-10	-0.0257381
6.63861e-10	-0.0256565
6.63932e-10	-0.0255748
6.64002e-10	-0.0254929
6.64073e-10	-0.0254109
6.64144e-10	-0.0253288
6.64215e-10	-0.0252466
6.64285e-10	-0.0251642
6.64356e-10	-0.0250817
6.64427e-10	-0.024999
6.64497e-10	-0.0249163
6.64568e-10	-0.0248334
6.64639e-10	-0.0247503
6.6471e-10	-0.0246672
6.6478e-10	-0.0245839
6.64851e-10	-0.0245005
6.64922e-10	-0.0244169
6.64993e-10	-0.0243333
6.65063e-10	-0.0242495
6.65134e-10	-0.0241655
6.65205e-10	-0.0240814
6.65275e-10	-0.0239973
6.65346e-10	-0.0239129
6.65417e-10	-0.0238285
6.65488e-10	-0.0237439
6.65558e-10	-0.0236592
6.65629e-10	-0.0235743
6.657e-10	-0.0234894
6.65771e-10	-0.0234043
6.65841e-10	-0.0233191
6.65912e-10	-0.0232337
6.65983e-10	-0.0231482
6.66053e-10	-0.0230626
6.66124e-10	-0.0229769
6.66195e-10	-0.022891
6.66266e-10	-0.022805
6.66336e-10	-0.0227189
6.66407e-10	-0.0226326
6.66478e-10	-0.0225462
6.66549e-10	-0.0224597
6.66619e-10	-0.0223731
6.6669e-10	-0.0222863
6.66761e-10	-0.0221994
6.66831e-10	-0.0221124
6.66902e-10	-0.0220252
6.66973e-10	-0.0219379
6.67044e-10	-0.0218505
6.67114e-10	-0.021763
6.67185e-10	-0.0216753
6.67256e-10	-0.0215875
6.67327e-10	-0.0214996
6.67397e-10	-0.0214116
6.67468e-10	-0.0213234
6.67539e-10	-0.0212351
6.6761e-10	-0.0211466
6.6768e-10	-0.0210581
6.67751e-10	-0.0209694
6.67822e-10	-0.0208806
6.67892e-10	-0.0207916
6.67963e-10	-0.0207026
6.68034e-10	-0.0206134
6.68105e-10	-0.0205241
6.68175e-10	-0.0204346
6.68246e-10	-0.020345
6.68317e-10	-0.0202553
6.68388e-10	-0.0201655
6.68458e-10	-0.0200756
6.68529e-10	-0.0199855
6.686e-10	-0.0198953
6.6867e-10	-0.019805
6.68741e-10	-0.0197145
6.68812e-10	-0.0196239
6.68883e-10	-0.0195332
6.68953e-10	-0.0194424
6.69024e-10	-0.0193514
6.69095e-10	-0.0192603
6.69166e-10	-0.0191691
6.69236e-10	-0.0190778
6.69307e-10	-0.0189863
6.69378e-10	-0.0188947
6.69448e-10	-0.018803
6.69519e-10	-0.0187111
6.6959e-10	-0.0186192
6.69661e-10	-0.0185271
6.69731e-10	-0.0184349
6.69802e-10	-0.0183425
6.69873e-10	-0.0182501
6.69944e-10	-0.0181575
6.70014e-10	-0.0180648
6.70085e-10	-0.0179719
6.70156e-10	-0.0178789
6.70226e-10	-0.0177859
6.70297e-10	-0.0176926
6.70368e-10	-0.0175993
6.70439e-10	-0.0175058
6.70509e-10	-0.0174122
6.7058e-10	-0.0173185
6.70651e-10	-0.0172247
6.70722e-10	-0.0171307
6.70792e-10	-0.0170367
6.70863e-10	-0.0169424
6.70934e-10	-0.0168481
6.71004e-10	-0.0167537
6.71075e-10	-0.0166591
6.71146e-10	-0.0165644
6.71217e-10	-0.0164696
6.71287e-10	-0.0163746
6.71358e-10	-0.0162795
6.71429e-10	-0.0161843
6.715e-10	-0.016089
6.7157e-10	-0.0159936
6.71641e-10	-0.015898
6.71712e-10	-0.0158023
6.71783e-10	-0.0157065
6.71853e-10	-0.0156106
6.71924e-10	-0.0155145
6.71995e-10	-0.0154183
6.72065e-10	-0.015322
6.72136e-10	-0.0152256
6.72207e-10	-0.0151291
6.72278e-10	-0.0150324
6.72348e-10	-0.0149356
6.72419e-10	-0.0148387
6.7249e-10	-0.0147417
6.72561e-10	-0.0146445
6.72631e-10	-0.0145473
6.72702e-10	-0.0144499
6.72773e-10	-0.0143523
6.72843e-10	-0.0142547
6.72914e-10	-0.0141569
6.72985e-10	-0.0140591
6.73056e-10	-0.0139611
6.73126e-10	-0.0138629
6.73197e-10	-0.0137647
6.73268e-10	-0.0136663
6.73339e-10	-0.0135678
6.73409e-10	-0.0134692
6.7348e-10	-0.0133705
6.73551e-10	-0.0132717
6.73621e-10	-0.0131727
6.73692e-10	-0.0130736
6.73763e-10	-0.0129744
6.73834e-10	-0.0128751
6.73904e-10	-0.0127756
6.73975e-10	-0.0126761
6.74046e-10	-0.0125764
6.74117e-10	-0.0124766
6.74187e-10	-0.0123766
6.74258e-10	-0.0122766
6.74329e-10	-0.0121764
6.74399e-10	-0.0120761
6.7447e-10	-0.0119757
6.74541e-10	-0.0118752
6.74612e-10	-0.0117746
6.74682e-10	-0.0116738
6.74753e-10	-0.0115729
6.74824e-10	-0.0114719
6.74895e-10	-0.0113708
6.74965e-10	-0.0112696
6.75036e-10	-0.0111682
6.75107e-10	-0.0110668
6.75177e-10	-0.0109652
6.75248e-10	-0.0108635
6.75319e-10	-0.0107617
6.7539e-10	-0.0106597
6.7546e-10	-0.0105577
6.75531e-10	-0.0104555
6.75602e-10	-0.0103532
6.75673e-10	-0.0102508
6.75743e-10	-0.0101482
6.75814e-10	-0.0100456
6.75885e-10	-0.00994284
6.75956e-10	-0.00983996
6.76026e-10	-0.00973697
6.76097e-10	-0.00963386
6.76168e-10	-0.00953063
6.76238e-10	-0.00942728
6.76309e-10	-0.00932382
6.7638e-10	-0.00922024
6.76451e-10	-0.00911655
6.76521e-10	-0.00901274
6.76592e-10	-0.00890882
6.76663e-10	-0.00880477
6.76734e-10	-0.00870062
6.76804e-10	-0.00859635
6.76875e-10	-0.00849196
6.76946e-10	-0.00838746
6.77016e-10	-0.00828284
6.77087e-10	-0.0081781
6.77158e-10	-0.00807326
6.77229e-10	-0.00796829
6.77299e-10	-0.00786322
6.7737e-10	-0.00775803
6.77441e-10	-0.00765272
6.77512e-10	-0.0075473
6.77582e-10	-0.00744176
6.77653e-10	-0.00733611
6.77724e-10	-0.00723035
6.77794e-10	-0.00712448
6.77865e-10	-0.00701848
6.77936e-10	-0.00691238
6.78007e-10	-0.00680616
6.78077e-10	-0.00669983
6.78148e-10	-0.00659339
6.78219e-10	-0.00648683
6.7829e-10	-0.00638016
6.7836e-10	-0.00627338
6.78431e-10	-0.00616648
6.78502e-10	-0.00605947
6.78572e-10	-0.00595235
6.78643e-10	-0.00584512
6.78714e-10	-0.00573777
6.78785e-10	-0.00563031
6.78855e-10	-0.00552274
6.78926e-10	-0.00541506
6.78997e-10	-0.00530727
6.79068e-10	-0.00519936
6.79138e-10	-0.00509134
6.79209e-10	-0.00498321
6.7928e-10	-0.00487497
6.79351e-10	-0.00476662
6.79421e-10	-0.00465816
6.79492e-10	-0.00454959
6.79563e-10	-0.00444091
6.79633e-10	-0.00433211
6.79704e-10	-0.00422321
6.79775e-10	-0.00411419
6.79846e-10	-0.00400507
6.79916e-10	-0.00389583
6.79987e-10	-0.00378648
6.80058e-10	-0.00367703
6.80129e-10	-0.00356746
6.80199e-10	-0.00345779
6.8027e-10	-0.003348
6.80341e-10	-0.00323811
6.80411e-10	-0.00312811
6.80482e-10	-0.003018
6.80553e-10	-0.00290777
6.80624e-10	-0.00279745
6.80694e-10	-0.00268701
6.80765e-10	-0.00257646
6.80836e-10	-0.0024658
6.80907e-10	-0.00235504
6.80977e-10	-0.00224417
6.81048e-10	-0.00213319
6.81119e-10	-0.0020221
6.81189e-10	-0.00191091
6.8126e-10	-0.0017996
6.81331e-10	-0.00168819
6.81402e-10	-0.00157667
6.81472e-10	-0.00146505
6.81543e-10	-0.00135332
6.81614e-10	-0.00124148
6.81685e-10	-0.00112953
6.81755e-10	-0.00101748
6.81826e-10	-0.00090532
6.81897e-10	-0.000793055
6.81967e-10	-0.000680683
6.82038e-10	-0.000568206
6.82109e-10	-0.000455622
6.8218e-10	-0.000342932
6.8225e-10	-0.000230137
6.82321e-10	-0.000117237
6.82392e-10	-4.23067e-06
6.82463e-10	0.000108881
6.82533e-10	0.000222097
6.82604e-10	0.000335418
6.82675e-10	0.000448844
6.82745e-10	0.000562375
6.82816e-10	0.00067601
6.82887e-10	0.00078975
6.82958e-10	0.000903594
6.83028e-10	0.00101754
6.83099e-10	0.00113159
6.8317e-10	0.00124575
6.83241e-10	0.00136001
6.83311e-10	0.00147437
6.83382e-10	0.00158884
6.83453e-10	0.00170341
6.83524e-10	0.00181808
6.83594e-10	0.00193286
6.83665e-10	0.00204773
6.83736e-10	0.00216271
6.83806e-10	0.0022778
6.83877e-10	0.00239298
6.83948e-10	0.00250827
6.84019e-10	0.00262366
6.84089e-10	0.00273915
6.8416e-10	0.00285475
6.84231e-10	0.00297044
6.84302e-10	0.00308624
6.84372e-10	0.00320214
6.84443e-10	0.00331813
6.84514e-10	0.00343423
6.84584e-10	0.00355043
6.84655e-10	0.00366674
6.84726e-10	0.00378314
6.84797e-10	0.00389964
6.84867e-10	0.00401624
6.84938e-10	0.00413294
6.85009e-10	0.00424975
6.8508e-10	0.00436665
6.8515e-10	0.00448365
6.85221e-10	0.00460075
6.85292e-10	0.00471795
6.85362e-10	0.00483525
6.85433e-10	0.00495265
6.85504e-10	0.00507014
6.85575e-10	0.00518774
6.85645e-10	0.00530543
6.85716e-10	0.00542323
6.85787e-10	0.00554112
6.85858e-10	0.00565911
6.85928e-10	0.00577719
6.85999e-10	0.00589538
6.8607e-10	0.00601366
6.8614e-10	0.00613204
6.86211e-10	0.00625051
6.86282e-10	0.00636909
6.86353e-10	0.00648776
6.86423e-10	0.00660652
6.86494e-10	0.00672539
6.86565e-10	0.00684435
6.86636e-10	0.0069634
6.86706e-10	0.00708255
6.86777e-10	0.0072018
6.86848e-10	0.00732114
6.86918e-10	0.00744058
6.86989e-10	0.00756012
6.8706e-10	0.00767975
6.87131e-10	0.00779947
6.87201e-10	0.00791929
6.87272e-10	0.00803921
6.87343e-10	0.00815922
6.87414e-10	0.00827932
6.87484e-10	0.00839952
6.87555e-10	0.00851981
6.87626e-10	0.00864019
6.87697e-10	0.00876067
6.87767e-10	0.00888125
6.87838e-10	0.00900191
6.87909e-10	0.00912267
6.87979e-10	0.00924352
6.8805e-10	0.00936447
6.88121e-10	0.00948551
6.88192e-10	0.00960664
6.88262e-10	0.00972786
6.88333e-10	0.00984918
6.88404e-10	0.00997058
6.88475e-10	0.0100921
6.88545e-10	0.0102137
6.88616e-10	0.0103354
6.88687e-10	0.0104571
6.88757e-10	0.010579
6.88828e-10	0.010701
6.88899e-10	0.010823
6.8897e-10	0.0109451
6.8904e-10	0.0110674
6.89111e-10	0.0111897
6.89182e-10	0.0113121
6.89253e-10	0.0114346
6.89323e-10	0.0115572
6.89394e-10	0.0116799
6.89465e-10	0.0118026
6.89535e-10	0.0119255
6.89606e-10	0.0120484
6.89677e-10	0.0121715
6.89748e-10	0.0122946
6.89818e-10	0.0124178
6.89889e-10	0.0125411
6.8996e-10	0.0126645
6.90031e-10	0.0127879
6.90101e-10	0.0129115
6.90172e-10	0.0130352
6.90243e-10	0.0131589
6.90313e-10	0.0132827
6.90384e-10	0.0134066
6.90455e-10	0.0135306
6.90526e-10	0.0136547
6.90596e-10	0.0137789
6.90667e-10	0.0139032
6.90738e-10	0.0140275
6.90809e-10	0.0141519
6.90879e-10	0.0142765
6.9095e-10	0.0144011
6.91021e-10	0.0145257
6.91091e-10	0.0146505
6.91162e-10	0.0147754
6.91233e-10	0.0149003
6.91304e-10	0.0150253
6.91374e-10	0.0151505
6.91445e-10	0.0152757
6.91516e-10	0.0154009
6.91587e-10	0.0155263
6.91657e-10	0.0156517
6.91728e-10	0.0157773
6.91799e-10	0.0159029
6.9187e-10	0.0160286
6.9194e-10	0.0161544
6.92011e-10	0.0162802
6.92082e-10	0.0164062
6.92152e-10	0.0165322
6.92223e-10	0.0166583
6.92294e-10	0.0167845
6.92365e-10	0.0169108
6.92435e-10	0.0170372
6.92506e-10	0.0171636
6.92577e-10	0.0172901
6.92648e-10	0.0174167
6.92718e-10	0.0175434
6.92789e-10	0.0176702
6.9286e-10	0.017797
6.9293e-10	0.0179239
6.93001e-10	0.0180509
6.93072e-10	0.018178
6.93143e-10	0.0183052
6.93213e-10	0.0184324
6.93284e-10	0.0185597
6.93355e-10	0.0186871
6.93426e-10	0.0188146
6.93496e-10	0.0189422
6.93567e-10	0.0190698
6.93638e-10	0.0191975
6.93708e-10	0.0193253
6.93779e-10	0.0194532
6.9385e-10	0.0195811
6.93921e-10	0.0197092
6.93991e-10	0.0198373
6.94062e-10	0.0199654
6.94133e-10	0.0200937
6.94204e-10	0.020222
6.94274e-10	0.0203505
6.94345e-10	0.0204789
6.94416e-10	0.0206075
6.94486e-10	0.0207361
6.94557e-10	0.0208649
6.94628e-10	0.0209936
6.94699e-10	0.0211225
6.94769e-10	0.0212515
6.9484e-10	0.0213805
6.94911e-10	0.0215096
6.94982e-10	0.0216387
6.95052e-10	0.021768
6.95123e-10	0.0218973
6.95194e-10	0.0220267
6.95264e-10	0.0221561
6.95335e-10	0.0222857
6.95406e-10	0.0224153
6.95477e-10	0.022545
6.95547e-10	0.0226747
6.95618e-10	0.0228045
6.95689e-10	0.0229344
6.9576e-10	0.0230644
6.9583e-10	0.0231944
6.95901e-10	0.0233246
6.95972e-10	0.0234547
6.96043e-10	0.023585
6.96113e-10	0.0237153
6.96184e-10	0.0238457
6.96255e-10	0.0239762
6.96325e-10	0.0241067
6.96396e-10	0.0242374
6.96467e-10	0.024368
6.96538e-10	0.0244988
6.96608e-10	0.0246296
6.96679e-10	0.0247605
6.9675e-10	0.0248915
6.96821e-10	0.0250225
6.96891e-10	0.0251536
6.96962e-10	0.0252848
6.97033e-10	0.025416
6.97103e-10	0.0255473
6.97174e-10	0.0256787
6.97245e-10	0.0258101
6.97316e-10	0.0259416
6.97386e-10	0.0260732
6.97457e-10	0.0262048
6.97528e-10	0.0263365
6.97599e-10	0.0264683
6.97669e-10	0.0266002
6.9774e-10	0.0267321
6.97811e-10	0.026864
6.97881e-10	0.0269961
6.97952e-10	0.0271282
6.98023e-10	0.0272604
6.98094e-10	0.0273926
6.98164e-10	0.0275249
6.98235e-10	0.0276573
6.98306e-10	0.0277897
6.98377e-10	0.0279222
6.98447e-10	0.0280547
6.98518e-10	0.0281874
6.98589e-10	0.02832
6.98659e-10	0.0284528
6.9873e-10	0.0285856
6.98801e-10	0.0287185
6.98872e-10	0.0288514
6.98942e-10	0.0289844
6.99013e-10	0.0291175
6.99084e-10	0.0292506
6.99155e-10	0.0293838
6.99225e-10	0.029517
6.99296e-10	0.0296504
6.99367e-10	0.0297837
6.99437e-10	0.0299172
6.99508e-10	0.0300507
6.99579e-10	0.0301842
6.9965e-10	0.0303178
6.9972e-10	0.0304515
6.99791e-10	0.0305852
6.99862e-10	0.030719
6.99933e-10	0.0308529
7.00003e-10	0.0309868
7.00074e-10	0.0311208
7.00145e-10	0.0312548
7.00216e-10	0.0313889
7.00286e-10	0.031523
7.00357e-10	0.0316572
7.00428e-10	0.0317915
7.00498e-10	0.0319258
7.00569e-10	0.0320602
7.0064e-10	0.0321946
7.00711e-10	0.0323291
7.00781e-10	0.0324636
7.00852e-10	0.0325982
7.00923e-10	0.0327329
7.00994e-10	0.0328676
7.01064e-10	0.0330024
7.01135e-10	0.0331372
7.01206e-10	0.0332721
7.01276e-10	0.033407
7.01347e-10	0.033542
7.01418e-10	0.0336771
7.01489e-10	0.0338122
7.01559e-10	0.0339473
7.0163e-10	0.0340825
7.01701e-10	0.0342178
7.01772e-10	0.0343531
7.01842e-10	0.0344885
7.01913e-10	0.0346239
7.01984e-10	0.0347594
7.02054e-10	0.0348949
7.02125e-10	0.0350305
7.02196e-10	0.0351661
7.02267e-10	0.0353018
7.02337e-10	0.0354375
7.02408e-10	0.0355733
7.02479e-10	0.0357091
7.0255e-10	0.035845
7.0262e-10	0.035981
7.02691e-10	0.0361169
7.02762e-10	0.036253
7.02832e-10	0.0363891
7.02903e-10	0.0365252
7.02974e-10	0.0366614
7.03045e-10	0.0367976
7.03115e-10	0.0369339
7.03186e-10	0.0370702
7.03257e-10	0.0372066
7.03328e-10	0.037343
7.03398e-10	0.0374795
7.03469e-10	0.037616
7.0354e-10	0.0377526
7.0361e-10	0.0378892
7.03681e-10	0.0380259
7.03752e-10	0.0381626
7.03823e-10	0.0382994
7.03893e-10	0.0384362
7.03964e-10	0.038573
7.04035e-10	0.0387099
7.04106e-10	0.0388468
7.04176e-10	0.0389838
7.04247e-10	0.0391209
7.04318e-10	0.0392579
7.04389e-10	0.0393951
7.04459e-10	0.0395322
7.0453e-10	0.0396694
7.04601e-10	0.0398067
7.04671e-10	0.039944
7.04742e-10	0.0400813
7.04813e-10	0.0402187
7.04884e-10	0.0403561
7.04954e-10	0.0404936
7.05025e-10	0.0406311
7.05096e-10	0.0407686
7.05167e-10	0.0409062
7.05237e-10	0.0410438
7.05308e-10	0.0411815
7.05379e-10	0.0413192
7.05449e-10	0.041457
7.0552e-10	0.0415948
7.05591e-10	0.0417326
7.05662e-10	0.0418705
7.05732e-10	0.0420084
7.05803e-10	0.0421464
7.05874e-10	0.0422843
7.05945e-10	0.0424224
7.06015e-10	0.0425604
7.06086e-10	0.0426986
7.06157e-10	0.0428367
7.06227e-10	0.0429749
7.06298e-10	0.0431131
7.06369e-10	0.0432514
7.0644e-10	0.0433897
7.0651e-10	0.043528
7.06581e-10	0.0436664
7.06652e-10	0.0438048
7.06723e-10	0.0439432
7.06793e-10	0.0440817
7.06864e-10	0.0442202
7.06935e-10	0.0443587
7.07005e-10	0.0444973
7.07076e-10	0.0446359
7.07147e-10	0.0447746
7.07218e-10	0.0449133
7.07288e-10	0.045052
7.07359e-10	0.0451908
7.0743e-10	0.0453295
7.07501e-10	0.0454684
7.07571e-10	0.0456072
7.07642e-10	0.0457461
7.07713e-10	0.045885
7.07783e-10	0.046024
7.07854e-10	0.046163
7.07925e-10	0.046302
7.07996e-10	0.046441
7.08066e-10	0.0465801
7.08137e-10	0.0467192
7.08208e-10	0.0468583
7.08279e-10	0.0469975
7.08349e-10	0.0471367
7.0842e-10	0.0472759
7.08491e-10	0.0474152
7.08562e-10	0.0475545
7.08632e-10	0.0476938
7.08703e-10	0.0478331
7.08774e-10	0.0479725
7.08844e-10	0.0481119
7.08915e-10	0.0482513
7.08986e-10	0.0483908
7.09057e-10	0.0485303
7.09127e-10	0.0486698
7.09198e-10	0.0488093
7.09269e-10	0.0489489
7.0934e-10	0.0490885
7.0941e-10	0.0492281
7.09481e-10	0.0493677
7.09552e-10	0.0495074
7.09622e-10	0.0496471
7.09693e-10	0.0497868
7.09764e-10	0.0499265
7.09835e-10	0.0500663
7.09905e-10	0.0502061
7.09976e-10	0.0503459
7.10047e-10	0.0504857
7.10118e-10	0.0506256
7.10188e-10	0.0507655
7.10259e-10	0.0509054
7.1033e-10	0.0510453
7.104e-10	0.0511853
7.10471e-10	0.0513252
7.10542e-10	0.0514652
7.10613e-10	0.0516053
7.10683e-10	0.0517453
7.10754e-10	0.0518853
7.10825e-10	0.0520254
7.10896e-10	0.0521655
7.10966e-10	0.0523056
7.11037e-10	0.0524458
7.11108e-10	0.0525859
7.11178e-10	0.0527261
7.11249e-10	0.0528663
7.1132e-10	0.0530065
7.11391e-10	0.0531468
7.11461e-10	0.053287
7.11532e-10	0.0534273
7.11603e-10	0.0535676
7.11674e-10	0.0537079
7.11744e-10	0.0538482
7.11815e-10	0.0539885
7.11886e-10	0.0541289
7.11956e-10	0.0542692
7.12027e-10	0.0544096
7.12098e-10	0.05455
7.12169e-10	0.0546904
7.12239e-10	0.0548309
7.1231e-10	0.0549713
7.12381e-10	0.0551118
7.12452e-10	0.0552523
7.12522e-10	0.0553927
7.12593e-10	0.0555332
7.12664e-10	0.0556738
7.12735e-10	0.0558143
7.12805e-10	0.0559548
7.12876e-10	0.0560954
7.12947e-10	0.0562359
7.13017e-10	0.0563765
7.13088e-10	0.0565171
7.13159e-10	0.0566577
7.1323e-10	0.0567983
7.133e-10	0.0569389
7.13371e-10	0.0570796
7.13442e-10	0.0572202
7.13513e-10	0.0573609
7.13583e-10	0.0575015
7.13654e-10	0.0576422
7.13725e-10	0.0577829
7.13795e-10	0.0579236
7.13866e-10	0.0580643
7.13937e-10	0.058205
7.14008e-10	0.0583457
7.14078e-10	0.0584864
7.14149e-10	0.0586271
7.1422e-10	0.0587679
7.14291e-10	0.0589086
7.14361e-10	0.0590494
7.14432e-10	0.0591901
7.14503e-10	0.0593309
7.14573e-10	0.0594716
7.14644e-10	0.0596124
7.14715e-10	0.0597532
7.14786e-10	0.059894
7.14856e-10	0.0600347
7.14927e-10	0.0601755
7.14998e-10	0.0603163
7.15069e-10	0.0604571
7.15139e-10	0.0605979
7.1521e-10	0.0607387
7.15281e-10	0.0608795
7.15351e-10	0.0610203
7.15422e-10	0.0611612
7.15493e-10	0.061302
7.15564e-10	0.0614428
7.15634e-10	0.0615836
7.15705e-10	0.0617244
7.15776e-10	0.0618652
7.15847e-10	0.062006
7.15917e-10	0.0621469
7.15988e-10	0.0622877
7.16059e-10	0.0624285
7.16129e-10	0.0625693
7.162e-10	0.0627101
7.16271e-10	0.0628509
7.16342e-10	0.0629917
7.16412e-10	0.0631325
7.16483e-10	0.0632733
7.16554e-10	0.0634142
7.16625e-10	0.063555
7.16695e-10	0.0636958
7.16766e-10	0.0638365
7.16837e-10	0.0639773
7.16908e-10	0.0641181
7.16978e-10	0.0642589
7.17049e-10	0.0643997
7.1712e-10	0.0645405
7.1719e-10	0.0646812
7.17261e-10	0.064822
7.17332e-10	0.0649627
7.17403e-10	0.0651035
7.17473e-10	0.0652442
7.17544e-10	0.065385
7.17615e-10	0.0655257
7.17686e-10	0.0656664
7.17756e-10	0.0658071
7.17827e-10	0.0659478
7.17898e-10	0.0660885
7.17968e-10	0.0662292
7.18039e-10	0.0663699
7.1811e-10	0.0665106
7.18181e-10	0.0666512
7.18251e-10	0.0667919
7.18322e-10	0.0669325
7.18393e-10	0.0670731
7.18464e-10	0.0672138
7.18534e-10	0.0673544
7.18605e-10	0.067495
7.18676e-10	0.0676356
7.18746e-10	0.0677761
7.18817e-10	0.0679167
7.18888e-10	0.0680572
7.18959e-10	0.0681978
7.19029e-10	0.0683383
7.191e-10	0.0684788
7.19171e-10	0.0686193
7.19242e-10	0.0687598
7.19312e-10	0.0689002
7.19383e-10	0.0690407
7.19454e-10	0.0691811
7.19524e-10	0.0693216
7.19595e-10	0.069462
7.19666e-10	0.0696024
7.19737e-10	0.0697427
7.19807e-10	0.0698831
7.19878e-10	0.0700234
7.19949e-10	0.0701637
7.2002e-10	0.0703041
7.2009e-10	0.0704443
7.20161e-10	0.0705846
7.20232e-10	0.0707249
7.20302e-10	0.0708651
7.20373e-10	0.0710053
7.20444e-10	0.0711455
7.20515e-10	0.0712857
7.20585e-10	0.0714258
7.20656e-10	0.071566
7.20727e-10	0.0717061
7.20798e-10	0.0718462
7.20868e-10	0.0719863
7.20939e-10	0.0721263
7.2101e-10	0.0722663
7.21081e-10	0.0724064
7.21151e-10	0.0725463
7.21222e-10	0.0726863
7.21293e-10	0.0728262
7.21363e-10	0.0729662
7.21434e-10	0.073106
7.21505e-10	0.0732459
7.21576e-10	0.0733858
7.21646e-10	0.0735256
7.21717e-10	0.0736654
7.21788e-10	0.0738051
7.21859e-10	0.0739449
7.21929e-10	0.0740846
7.22e-10	0.0742243
7.22071e-10	0.074364
7.22141e-10	0.0745036
7.22212e-10	0.0746432
7.22283e-10	0.0747828
7.22354e-10	0.0749224
7.22424e-10	0.0750619
7.22495e-10	0.0752014
7.22566e-10	0.0753409
7.22637e-10	0.0754803
7.22707e-10	0.0756197
7.22778e-10	0.0757591
7.22849e-10	0.0758984
7.22919e-10	0.0760378
7.2299e-10	0.0761771
7.23061e-10	0.0763163
7.23132e-10	0.0764556
7.23202e-10	0.0765948
7.23273e-10	0.0767339
7.23344e-10	0.0768731
7.23415e-10	0.0770122
7.23485e-10	0.0771512
7.23556e-10	0.0772903
7.23627e-10	0.0774293
7.23697e-10	0.0775682
7.23768e-10	0.0777072
7.23839e-10	0.0778461
7.2391e-10	0.0779849
7.2398e-10	0.0781238
7.24051e-10	0.0782626
7.24122e-10	0.0784013
7.24193e-10	0.0785401
7.24263e-10	0.0786787
7.24334e-10	0.0788174
7.24405e-10	0.078956
7.24476e-10	0.0790946
7.24546e-10	0.0792331
7.24617e-10	0.0793716
7.24688e-10	0.0795101
7.24758e-10	0.0796485
7.24829e-10	0.0797869
7.249e-10	0.0799253
7.24971e-10	0.0800636
7.25041e-10	0.0802018
7.25112e-10	0.0803401
7.25183e-10	0.0804782
7.25254e-10	0.0806164
7.25324e-10	0.0807545
7.25395e-10	0.0808926
7.25466e-10	0.0810306
7.25536e-10	0.0811686
7.25607e-10	0.0813065
7.25678e-10	0.0814444
7.25749e-10	0.0815822
7.25819e-10	0.08172
7.2589e-10	0.0818578
7.25961e-10	0.0819955
7.26032e-10	0.0821332
7.26102e-10	0.0822708
7.26173e-10	0.0824084
7.26244e-10	0.082546
7.26314e-10	0.0826835
7.26385e-10	0.0828209
7.26456e-10	0.0829583
7.26527e-10	0.0830957
7.26597e-10	0.083233
7.26668e-10	0.0833702
7.26739e-10	0.0835075
7.2681e-10	0.0836446
7.2688e-10	0.0837817
7.26951e-10	0.0839188
7.27022e-10	0.0840558
7.27092e-10	0.0841928
7.27163e-10	0.0843297
7.27234e-10	0.0844666
7.27305e-10	0.0846034
7.27375e-10	0.0847402
7.27446e-10	0.0848769
7.27517e-10	0.0850136
7.27588e-10	0.0851502
7.27658e-10	0.0852868
7.27729e-10	0.0854233
7.278e-10	0.0855597
7.2787e-10	0.0856961
7.27941e-10	0.0858325
7.28012e-10	0.0859688
7.28083e-10	0.086105
7.28153e-10	0.0862412
7.28224e-10	0.0863774
7.28295e-10	0.0865135
7.28366e-10	0.0866495
7.28436e-10	0.0867855
7.28507e-10	0.0869214
7.28578e-10	0.0870572
7.28649e-10	0.087193
7.28719e-10	0.0873288
7.2879e-10	0.0874645
7.28861e-10	0.0876001
7.28931e-10	0.0877357
7.29002e-10	0.0878712
7.29073e-10	0.0880066
7.29144e-10	0.088142
7.29214e-10	0.0882774
7.29285e-10	0.0884127
7.29356e-10	0.0885479
7.29427e-10	0.088683
7.29497e-10	0.0888181
7.29568e-10	0.0889532
7.29639e-10	0.0890882
7.29709e-10	0.0892231
7.2978e-10	0.0893579
7.29851e-10	0.0894927
7.29922e-10	0.0896275
7.29992e-10	0.0897621
7.30063e-10	0.0898967
7.30134e-10	0.0900313
7.30205e-10	0.0901657
7.30275e-10	0.0903002
7.30346e-10	0.0904345
7.30417e-10	0.0905688
7.30487e-10	0.090703
7.30558e-10	0.0908372
7.30629e-10	0.0909712
7.307e-10	0.0911053
7.3077e-10	0.0912392
7.30841e-10	0.0913731
7.30912e-10	0.0915069
7.30983e-10	0.0916407
7.31053e-10	0.0917744
7.31124e-10	0.091908
7.31195e-10	0.0920415
7.31265e-10	0.092175
7.31336e-10	0.0923084
7.31407e-10	0.0924417
7.31478e-10	0.092575
7.31548e-10	0.0927082
7.31619e-10	0.0928413
7.3169e-10	0.0929744
7.31761e-10	0.0931074
7.31831e-10	0.0932403
7.31902e-10	0.0933731
7.31973e-10	0.0935059
7.32043e-10	0.0936386
7.32114e-10	0.0937712
7.32185e-10	0.0939038
7.32256e-10	0.0940363
7.32326e-10	0.0941687
7.32397e-10	0.094301
7.32468e-10	0.0944333
7.32539e-10	0.0945654
7.32609e-10	0.0946975
7.3268e-10	0.0948296
7.32751e-10	0.0949615
7.32822e-10	0.0950934
7.32892e-10	0.0952252
7.32963e-10	0.0953569
7.33034e-10	0.0954886
7.33104e-10	0.0956201
7.33175e-10	0.0957516
7.33246e-10	0.095883
7.33317e-10	0.0960144
7.33387e-10	0.0961456
7.33458e-10	0.0962768
7.33529e-10	0.0964079
7.336e-10	0.0965389
7.3367e-10	0.0966699
7.33741e-10	0.0968007
7.33812e-10	0.0969315
7.33882e-10	0.0970622
7.33953e-10	0.0971928
7.34024e-10	0.0973233
7.34095e-10	0.0974538
7.34165e-10	0.0975841
7.34236e-10	0.0977144
7.34307e-10	0.0978446
7.34378e-10	0.0979747
7.34448e-10	0.0981047
7.34519e-10	0.0982347
7.3459e-10	0.0983645
7.3466e-10	0.0984943
7.34731e-10	0.098624
7.34802e-10	0.0987536
7.34873e-10	0.0988831
7.34943e-10	0.0990126
7.35014e-10	0.0991419
7.35085e-10	0.0992712
7.35156e-10	0.0994003
7.35226e-10	0.0995294
7.35297e-10	0.0996584
7.35368e-10	0.0997873
7.35438e-10	0.0999161
7.35509e-10	0.100045
7.3558e-10	0.100173
7.35651e-10	0.100302
7.35721e-10	0.10043
7.35792e-10	0.100559
7.35863e-10	0.100687
7.35934e-10	0.100815
7.36004e-10	0.100943
7.36075e-10	0.101071
7.36146e-10	0.101199
7.36216e-10	0.101327
7.36287e-10	0.101455
7.36358e-10	0.101582
7.36429e-10	0.10171
7.36499e-10	0.101837
7.3657e-10	0.101965
7.36641e-10	0.102092
7.36712e-10	0.102219
7.36782e-10	0.102346
7.36853e-10	0.102473
7.36924e-10	0.1026
7.36995e-10	0.102727
7.37065e-10	0.102853
7.37136e-10	0.10298
7.37207e-10	0.103107
7.37277e-10	0.103233
7.37348e-10	0.103359
7.37419e-10	0.103485
7.3749e-10	0.103611
7.3756e-10	0.103737
7.37631e-10	0.103863
7.37702e-10	0.103989
7.37773e-10	0.104115
7.37843e-10	0.10424
7.37914e-10	0.104366
7.37985e-10	0.104491
7.38055e-10	0.104617
7.38126e-10	0.104742
7.38197e-10	0.104867
7.38268e-10	0.104992
7.38338e-10	0.105117
7.38409e-10	0.105241
7.3848e-10	0.105366
7.38551e-10	0.105491
7.38621e-10	0.105615
7.38692e-10	0.105739
7.38763e-10	0.105864
7.38833e-10	0.105988
7.38904e-10	0.106112
7.38975e-10	0.106236
7.39046e-10	0.10636
7.39116e-10	0.106483
7.39187e-10	0.106607
7.39258e-10	0.10673
7.39329e-10	0.106854
7.39399e-10	0.106977
7.3947e-10	0.1071
7.39541e-10	0.107223
7.39611e-10	0.107346
7.39682e-10	0.107469
7.39753e-10	0.107592
7.39824e-10	0.107715
7.39894e-10	0.107837
7.39965e-10	0.107959
7.40036e-10	0.108082
7.40107e-10	0.108204
7.40177e-10	0.108326
7.40248e-10	0.108448
7.40319e-10	0.10857
7.40389e-10	0.108692
7.4046e-10	0.108813
7.40531e-10	0.108935
7.40602e-10	0.109056
7.40672e-10	0.109177
7.40743e-10	0.109298
7.40814e-10	0.10942
7.40885e-10	0.10954
7.40955e-10	0.109661
7.41026e-10	0.109782
7.41097e-10	0.109903
7.41168e-10	0.110023
7.41238e-10	0.110143
7.41309e-10	0.110264
7.4138e-10	0.110384
7.4145e-10	0.110504
7.41521e-10	0.110624
7.41592e-10	0.110743
7.41663e-10	0.110863
7.41733e-10	0.110982
7.41804e-10	0.111102
7.41875e-10	0.111221
7.41946e-10	0.11134
7.42016e-10	0.111459
7.42087e-10	0.111578
7.42158e-10	0.111697
7.42228e-10	0.111816
7.42299e-10	0.111934
7.4237e-10	0.112053
7.42441e-10	0.112171
7.42511e-10	0.112289
7.42582e-10	0.112407
7.42653e-10	0.112525
7.42724e-10	0.112643
7.42794e-10	0.112761
7.42865e-10	0.112878
7.42936e-10	0.112995
7.43006e-10	0.113113
7.43077e-10	0.11323
7.43148e-10	0.113347
7.43219e-10	0.113464
7.43289e-10	0.113581
7.4336e-10	0.113697
7.43431e-10	0.113814
7.43502e-10	0.11393
7.43572e-10	0.114047
7.43643e-10	0.114163
7.43714e-10	0.114279
7.43784e-10	0.114395
7.43855e-10	0.11451
7.43926e-10	0.114626
7.43997e-10	0.114742
7.44067e-10	0.114857
7.44138e-10	0.114972
7.44209e-10	0.115087
7.4428e-10	0.115202
7.4435e-10	0.115317
7.44421e-10	0.115432
7.44492e-10	0.115546
7.44562e-10	0.115661
7.44633e-10	0.115775
7.44704e-10	0.115889
7.44775e-10	0.116003
7.44845e-10	0.116117
7.44916e-10	0.116231
7.44987e-10	0.116345
7.45058e-10	0.116458
7.45128e-10	0.116571
7.45199e-10	0.116685
7.4527e-10	0.116798
7.45341e-10	0.116911
7.45411e-10	0.117023
7.45482e-10	0.117136
7.45553e-10	0.117249
7.45623e-10	0.117361
7.45694e-10	0.117473
7.45765e-10	0.117585
7.45836e-10	0.117697
7.45906e-10	0.117809
7.45977e-10	0.117921
7.46048e-10	0.118032
7.46119e-10	0.118144
7.46189e-10	0.118255
7.4626e-10	0.118366
7.46331e-10	0.118477
7.46401e-10	0.118588
7.46472e-10	0.118699
7.46543e-10	0.118809
7.46614e-10	0.11892
7.46684e-10	0.11903
7.46755e-10	0.11914
7.46826e-10	0.11925
7.46897e-10	0.11936
7.46967e-10	0.11947
7.47038e-10	0.119579
7.47109e-10	0.119688
7.47179e-10	0.119798
7.4725e-10	0.119907
7.47321e-10	0.120016
7.47392e-10	0.120125
7.47462e-10	0.120233
7.47533e-10	0.120342
7.47604e-10	0.12045
7.47675e-10	0.120558
7.47745e-10	0.120666
7.47816e-10	0.120774
7.47887e-10	0.120882
7.47957e-10	0.12099
7.48028e-10	0.121097
7.48099e-10	0.121204
7.4817e-10	0.121311
7.4824e-10	0.121418
7.48311e-10	0.121525
7.48382e-10	0.121632
7.48453e-10	0.121739
7.48523e-10	0.121845
7.48594e-10	0.121951
7.48665e-10	0.122057
7.48735e-10	0.122163
7.48806e-10	0.122269
7.48877e-10	0.122375
7.48948e-10	0.12248
7.49018e-10	0.122585
7.49089e-10	0.12269
7.4916e-10	0.122795
7.49231e-10	0.1229
7.49301e-10	0.123005
7.49372e-10	0.12311
7.49443e-10	0.123214
7.49514e-10	0.123318
7.49584e-10	0.123422
7.49655e-10	0.123526
7.49726e-10	0.12363
7.49796e-10	0.123733
7.49867e-10	0.123837
7.49938e-10	0.12394
7.50009e-10	0.124043
7.50079e-10	0.124146
7.5015e-10	0.124249
7.50221e-10	0.124351
7.50292e-10	0.124454
7.50362e-10	0.124556
7.50433e-10	0.124658
7.50504e-10	0.12476
7.50574e-10	0.124862
7.50645e-10	0.124964
7.50716e-10	0.125065
7.50787e-10	0.125166
7.50857e-10	0.125268
7.50928e-10	0.125368
7.50999e-10	0.125469
7.5107e-10	0.12557
7.5114e-10	0.12567
7.51211e-10	0.125771
7.51282e-10	0.125871
7.51352e-10	0.125971
7.51423e-10	0.126071
7.51494e-10	0.12617
7.51565e-10	0.12627
7.51635e-10	0.126369
7.51706e-10	0.126468
7.51777e-10	0.126567
7.51848e-10	0.126666
7.51918e-10	0.126765
7.51989e-10	0.126863
7.5206e-10	0.126961
7.5213e-10	0.127059
7.52201e-10	0.127157
7.52272e-10	0.127255
7.52343e-10	0.127353
7.52413e-10	0.12745
7.52484e-10	0.127547
7.52555e-10	0.127644
7.52626e-10	0.127741
7.52696e-10	0.127838
7.52767e-10	0.127935
7.52838e-10	0.128031
7.52908e-10	0.128127
7.52979e-10	0.128223
7.5305e-10	0.128319
7.53121e-10	0.128415
7.53191e-10	0.12851
7.53262e-10	0.128606
7.53333e-10	0.128701
7.53404e-10	0.128796
7.53474e-10	0.128891
7.53545e-10	0.128985
7.53616e-10	0.12908
7.53687e-10	0.129174
7.53757e-10	0.129268
7.53828e-10	0.129362
7.53899e-10	0.129456
7.53969e-10	0.129549
7.5404e-10	0.129643
7.54111e-10	0.129736
7.54182e-10	0.129829
7.54252e-10	0.129922
7.54323e-10	0.130014
7.54394e-10	0.130107
7.54465e-10	0.130199
7.54535e-10	0.130291
7.54606e-10	0.130383
7.54677e-10	0.130475
7.54747e-10	0.130566
7.54818e-10	0.130658
7.54889e-10	0.130749
7.5496e-10	0.13084
7.5503e-10	0.130931
7.55101e-10	0.131021
7.55172e-10	0.131112
7.55243e-10	0.131202
7.55313e-10	0.131292
7.55384e-10	0.131382
7.55455e-10	0.131471
7.55525e-10	0.131561
7.55596e-10	0.13165
7.55667e-10	0.131739
7.55738e-10	0.131828
7.55808e-10	0.131917
7.55879e-10	0.132006
7.5595e-10	0.132094
7.56021e-10	0.132182
7.56091e-10	0.13227
7.56162e-10	0.132358
7.56233e-10	0.132446
7.56303e-10	0.132533
7.56374e-10	0.13262
7.56445e-10	0.132707
7.56516e-10	0.132794
7.56586e-10	0.132881
7.56657e-10	0.132967
7.56728e-10	0.133054
7.56799e-10	0.13314
7.56869e-10	0.133225
7.5694e-10	0.133311
7.57011e-10	0.133397
7.57081e-10	0.133482
7.57152e-10	0.133567
7.57223e-10	0.133652
7.57294e-10	0.133737
7.57364e-10	0.133821
7.57435e-10	0.133905
7.57506e-10	0.13399
7.57577e-10	0.134074
7.57647e-10	0.134157
7.57718e-10	0.134241
7.57789e-10	0.134324
7.5786e-10	0.134407
7.5793e-10	0.13449
7.58001e-10	0.134573
7.58072e-10	0.134655
7.58142e-10	0.134738
7.58213e-10	0.13482
7.58284e-10	0.134902
7.58355e-10	0.134984
7.58425e-10	0.135065
7.58496e-10	0.135146
7.58567e-10	0.135228
7.58638e-10	0.135308
7.58708e-10	0.135389
7.58779e-10	0.13547
7.5885e-10	0.13555
7.5892e-10	0.13563
7.58991e-10	0.13571
7.59062e-10	0.13579
7.59133e-10	0.135869
7.59203e-10	0.135949
7.59274e-10	0.136028
7.59345e-10	0.136106
7.59416e-10	0.136185
7.59486e-10	0.136264
7.59557e-10	0.136342
7.59628e-10	0.13642
7.59698e-10	0.136498
7.59769e-10	0.136575
7.5984e-10	0.136653
7.59911e-10	0.13673
7.59981e-10	0.136807
7.60052e-10	0.136884
7.60123e-10	0.136961
7.60194e-10	0.137037
7.60264e-10	0.137113
7.60335e-10	0.137189
7.60406e-10	0.137265
7.60476e-10	0.13734
7.60547e-10	0.137416
7.60618e-10	0.137491
7.60689e-10	0.137566
7.60759e-10	0.13764
7.6083e-10	0.137715
7.60901e-10	0.137789
7.60972e-10	0.137863
7.61042e-10	0.137937
7.61113e-10	0.138011
7.61184e-10	0.138084
7.61254e-10	0.138157
7.61325e-10	0.13823
7.61396e-10	0.138303
7.61467e-10	0.138376
7.61537e-10	0.138448
7.61608e-10	0.13852
7.61679e-10	0.138592
7.6175e-10	0.138664
7.6182e-10	0.138735
7.61891e-10	0.138807
7.61962e-10	0.138878
7.62033e-10	0.138949
7.62103e-10	0.139019
7.62174e-10	0.13909
7.62245e-10	0.13916
7.62315e-10	0.13923
7.62386e-10	0.139299
7.62457e-10	0.139369
7.62528e-10	0.139438
7.62598e-10	0.139507
7.62669e-10	0.139576
7.6274e-10	0.139645
7.62811e-10	0.139713
7.62881e-10	0.139781
7.62952e-10	0.139849
7.63023e-10	0.139917
7.63093e-10	0.139985
7.63164e-10	0.140052
7.63235e-10	0.140119
7.63306e-10	0.140186
7.63376e-10	0.140252
7.63447e-10	0.140319
7.63518e-10	0.140385
7.63589e-10	0.140451
7.63659e-10	0.140517
7.6373e-10	0.140582
7.63801e-10	0.140648
7.63871e-10	0.140713
7.63942e-10	0.140777
7.64013e-10	0.140842
7.64084e-10	0.140906
7.64154e-10	0.14097
7.64225e-10	0.141034
7.64296e-10	0.141098
7.64367e-10	0.141162
7.64437e-10	0.141225
7.64508e-10	0.141288
7.64579e-10	0.141351
7.64649e-10	0.141413
7.6472e-10	0.141475
7.64791e-10	0.141537
7.64862e-10	0.141599
7.64932e-10	0.141661
7.65003e-10	0.141722
7.65074e-10	0.141783
7.65145e-10	0.141844
7.65215e-10	0.141905
7.65286e-10	0.141966
7.65357e-10	0.142026
7.65427e-10	0.142086
7.65498e-10	0.142146
7.65569e-10	0.142205
7.6564e-10	0.142264
7.6571e-10	0.142323
7.65781e-10	0.142382
7.65852e-10	0.142441
7.65923e-10	0.142499
7.65993e-10	0.142557
7.66064e-10	0.142615
7.66135e-10	0.142673
7.66206e-10	0.14273
7.66276e-10	0.142787
7.66347e-10	0.142844
7.66418e-10	0.142901
7.66488e-10	0.142957
7.66559e-10	0.143014
7.6663e-10	0.14307
7.66701e-10	0.143125
7.66771e-10	0.143181
7.66842e-10	0.143236
7.66913e-10	0.143291
7.66984e-10	0.143346
7.67054e-10	0.1434
7.67125e-10	0.143455
7.67196e-10	0.143509
7.67266e-10	0.143563
7.67337e-10	0.143616
7.67408e-10	0.14367
7.67479e-10	0.143723
7.67549e-10	0.143776
7.6762e-10	0.143828
7.67691e-10	0.143881
7.67762e-10	0.143933
7.67832e-10	0.143984
7.67903e-10	0.144036
7.67974e-10	0.144088
7.68044e-10	0.144139
7.68115e-10	0.14419
7.68186e-10	0.14424
7.68257e-10	0.144291
7.68327e-10	0.144341
7.68398e-10	0.144391
7.68469e-10	0.14444
7.6854e-10	0.14449
7.6861e-10	0.144539
7.68681e-10	0.144588
7.68752e-10	0.144637
7.68822e-10	0.144685
7.68893e-10	0.144733
7.68964e-10	0.144781
7.69035e-10	0.144829
7.69105e-10	0.144876
7.69176e-10	0.144923
7.69247e-10	0.14497
7.69318e-10	0.145017
7.69388e-10	0.145064
7.69459e-10	0.14511
7.6953e-10	0.145156
7.69601e-10	0.145201
7.69671e-10	0.145247
7.69742e-10	0.145292
7.69813e-10	0.145337
7.69883e-10	0.145382
7.69954e-10	0.145426
7.70025e-10	0.14547
7.70096e-10	0.145514
7.70166e-10	0.145558
7.70237e-10	0.145601
7.70308e-10	0.145644
7.70379e-10	0.145687
7.70449e-10	0.14573
7.7052e-10	0.145772
7.70591e-10	0.145814
7.70661e-10	0.145856
7.70732e-10	0.145898
7.70803e-10	0.145939
7.70874e-10	0.14598
7.70944e-10	0.146021
7.71015e-10	0.146062
7.71086e-10	0.146102
7.71157e-10	0.146142
7.71227e-10	0.146182
7.71298e-10	0.146222
7.71369e-10	0.146261
7.71439e-10	0.1463
7.7151e-10	0.146339
7.71581e-10	0.146377
7.71652e-10	0.146416
7.71722e-10	0.146454
7.71793e-10	0.146491
7.71864e-10	0.146529
7.71935e-10	0.146566
7.72005e-10	0.146603
7.72076e-10	0.14664
7.72147e-10	0.146676
7.72217e-10	0.146712
7.72288e-10	0.146748
7.72359e-10	0.146784
7.7243e-10	0.146819
7.725e-10	0.146854
7.72571e-10	0.146889
7.72642e-10	0.146924
7.72713e-10	0.146958
7.72783e-10	0.146992
7.72854e-10	0.147026
7.72925e-10	0.14706
7.72995e-10	0.147093
7.73066e-10	0.147126
7.73137e-10	0.147159
7.73208e-10	0.147191
7.73278e-10	0.147224
7.73349e-10	0.147255
7.7342e-10	0.147287
7.73491e-10	0.147319
7.73561e-10	0.14735
7.73632e-10	0.147381
7.73703e-10	0.147411
7.73774e-10	0.147442
7.73844e-10	0.147472
7.73915e-10	0.147501
7.73986e-10	0.147531
7.74056e-10	0.14756
7.74127e-10	0.147589
7.74198e-10	0.147618
7.74269e-10	0.147646
7.74339e-10	0.147675
7.7441e-10	0.147703
7.74481e-10	0.14773
7.74552e-10	0.147758
7.74622e-10	0.147785
7.74693e-10	0.147812
7.74764e-10	0.147838
7.74834e-10	0.147864
7.74905e-10	0.14789
7.74976e-10	0.147916
7.75047e-10	0.147942
7.75117e-10	0.147967
7.75188e-10	0.147992
7.75259e-10	0.148016
7.7533e-10	0.148041
7.754e-10	0.148065
7.75471e-10	0.148089
7.75542e-10	0.148112
7.75612e-10	0.148136
7.75683e-10	0.148159
7.75754e-10	0.148181
7.75825e-10	0.148204
7.75895e-10	0.148226
7.75966e-10	0.148248
7.76037e-10	0.148269
7.76108e-10	0.148291
7.76178e-10	0.148312
7.76249e-10	0.148333
7.7632e-10	0.148353
7.7639e-10	0.148373
7.76461e-10	0.148393
7.76532e-10	0.148413
7.76603e-10	0.148432
7.76673e-10	0.148452
7.76744e-10	0.14847
7.76815e-10	0.148489
7.76886e-10	0.148507
7.76956e-10	0.148525
7.77027e-10	0.148543
7.77098e-10	0.14856
7.77168e-10	0.148578
7.77239e-10	0.148594
7.7731e-10	0.148611
7.77381e-10	0.148627
7.77451e-10	0.148643
7.77522e-10	0.148659
7.77593e-10	0.148675
7.77664e-10	0.14869
7.77734e-10	0.148705
7.77805e-10	0.148719
7.77876e-10	0.148734
7.77947e-10	0.148748
7.78017e-10	0.148761
7.78088e-10	0.148775
7.78159e-10	0.148788
7.78229e-10	0.148801
7.783e-10	0.148814
7.78371e-10	0.148826
7.78442e-10	0.148838
7.78512e-10	0.14885
7.78583e-10	0.148861
7.78654e-10	0.148872
7.78725e-10	0.148883
7.78795e-10	0.148894
7.78866e-10	0.148904
7.78937e-10	0.148914
7.79007e-10	0.148924
7.79078e-10	0.148934
7.79149e-10	0.148943
7.7922e-10	0.148952
7.7929e-10	0.14896
7.79361e-10	0.148969
7.79432e-10	0.148977
7.79503e-10	0.148984
7.79573e-10	0.148992
7.79644e-10	0.148999
7.79715e-10	0.149006
7.79785e-10	0.149012
7.79856e-10	0.149019
7.79927e-10	0.149025
7.79998e-10	0.14903
7.80068e-10	0.149036
7.80139e-10	0.149041
7.8021e-10	0.149046
7.80281e-10	0.14905
7.80351e-10	0.149054
7.80422e-10	0.149058
7.80493e-10	0.149062
7.80563e-10	0.149065
7.80634e-10	0.149069
7.80705e-10	0.149071
7.80776e-10	0.149074
7.80846e-10	0.149076
7.80917e-10	0.149078
7.80988e-10	0.14908
7.81059e-10	0.149081
7.81129e-10	0.149082
7.812e-10	0.149083
7.81271e-10	0.149083
7.81341e-10	0.149083
7.81412e-10	0.149083
7.81483e-10	0.149082
7.81554e-10	0.149082
7.81624e-10	0.149081
7.81695e-10	0.149079
7.81766e-10	0.149078
7.81837e-10	0.149076
7.81907e-10	0.149073
7.81978e-10	0.149071
7.82049e-10	0.149068
7.8212e-10	0.149065
7.8219e-10	0.149062
7.82261e-10	0.149058
7.82332e-10	0.149054
7.82402e-10	0.149049
7.82473e-10	0.149045
7.82544e-10	0.14904
7.82615e-10	0.149035
7.82685e-10	0.149029
7.82756e-10	0.149023
7.82827e-10	0.149017
7.82898e-10	0.149011
7.82968e-10	0.149004
7.83039e-10	0.148997
7.8311e-10	0.14899
7.8318e-10	0.148982
7.83251e-10	0.148974
7.83322e-10	0.148966
7.83393e-10	0.148957
7.83463e-10	0.148948
7.83534e-10	0.148939
7.83605e-10	0.14893
7.83676e-10	0.14892
7.83746e-10	0.14891
7.83817e-10	0.1489
7.83888e-10	0.148889
7.83958e-10	0.148878
7.84029e-10	0.148867
7.841e-10	0.148855
7.84171e-10	0.148843
7.84241e-10	0.148831
7.84312e-10	0.148818
7.84383e-10	0.148806
7.84454e-10	0.148793
7.84524e-10	0.148779
7.84595e-10	0.148765
7.84666e-10	0.148751
7.84736e-10	0.148737
7.84807e-10	0.148722
7.84878e-10	0.148708
7.84949e-10	0.148692
7.85019e-10	0.148677
7.8509e-10	0.148661
7.85161e-10	0.148645
7.85232e-10	0.148628
7.85302e-10	0.148611
7.85373e-10	0.148594
7.85444e-10	0.148577
7.85514e-10	0.148559
7.85585e-10	0.148541
7.85656e-10	0.148523
7.85727e-10	0.148504
7.85797e-10	0.148485
7.85868e-10	0.148466
7.85939e-10	0.148446
7.8601e-10	0.148427
7.8608e-10	0.148406
7.86151e-10	0.148386
7.86222e-10	0.148365
7.86293e-10	0.148344
7.86363e-10	0.148322
7.86434e-10	0.148301
7.86505e-10	0.148279
7.86575e-10	0.148256
7.86646e-10	0.148234
7.86717e-10	0.148211
7.86788e-10	0.148187
7.86858e-10	0.148164
7.86929e-10	0.14814
7.87e-10	0.148116
7.87071e-10	0.148091
7.87141e-10	0.148066
7.87212e-10	0.148041
7.87283e-10	0.148015
7.87353e-10	0.14799
7.87424e-10	0.147964
7.87495e-10	0.147937
7.87566e-10	0.14791
7.87636e-10	0.147883
7.87707e-10	0.147856
7.87778e-10	0.147828
7.87849e-10	0.1478
7.87919e-10	0.147772
7.8799e-10	0.147743
7.88061e-10	0.147714
7.88131e-10	0.147685
7.88202e-10	0.147655
7.88273e-10	0.147626
7.88344e-10	0.147595
7.88414e-10	0.147565
7.88485e-10	0.147534
7.88556e-10	0.147503
7.88627e-10	0.147471
7.88697e-10	0.147439
7.88768e-10	0.147407
7.88839e-10	0.147375
7.88909e-10	0.147342
7.8898e-10	0.147309
7.89051e-10	0.147276
7.89122e-10	0.147242
7.89192e-10	0.147208
7.89263e-10	0.147173
7.89334e-10	0.147139
7.89405e-10	0.147104
7.89475e-10	0.147069
7.89546e-10	0.147033
7.89617e-10	0.146997
7.89687e-10	0.146961
7.89758e-10	0.146924
7.89829e-10	0.146887
7.899e-10	0.14685
7.8997e-10	0.146812
7.90041e-10	0.146775
7.90112e-10	0.146736
7.90183e-10	0.146698
7.90253e-10	0.146659
7.90324e-10	0.14662
7.90395e-10	0.14658
7.90466e-10	0.146541
7.90536e-10	0.1465
7.90607e-10	0.14646
7.90678e-10	0.146419
7.90748e-10	0.146378
7.90819e-10	0.146337
7.9089e-10	0.146295
7.90961e-10	0.146253
7.91031e-10	0.146211
7.91102e-10	0.146168
7.91173e-10	0.146125
7.91244e-10	0.146081
7.91314e-10	0.146038
7.91385e-10	0.145994
7.91456e-10	0.145949
7.91526e-10	0.145905
7.91597e-10	0.14586
7.91668e-10	0.145815
7.91739e-10	0.145769
7.91809e-10	0.145723
7.9188e-10	0.145677
7.91951e-10	0.14563
7.92022e-10	0.145583
7.92092e-10	0.145536
7.92163e-10	0.145488
7.92234e-10	0.14544
7.92304e-10	0.145392
7.92375e-10	0.145344
7.92446e-10	0.145295
7.92517e-10	0.145246
7.92587e-10	0.145196
7.92658e-10	0.145146
7.92729e-10	0.145096
7.928e-10	0.145045
7.9287e-10	0.144995
7.92941e-10	0.144943
7.93012e-10	0.144892
7.93082e-10	0.14484
7.93153e-10	0.144788
7.93224e-10	0.144736
7.93295e-10	0.144683
7.93365e-10	0.14463
7.93436e-10	0.144576
7.93507e-10	0.144522
7.93578e-10	0.144468
7.93648e-10	0.144414
7.93719e-10	0.144359
7.9379e-10	0.144304
7.9386e-10	0.144248
7.93931e-10	0.144193
7.94002e-10	0.144137
7.94073e-10	0.14408
7.94143e-10	0.144023
7.94214e-10	0.143966
7.94285e-10	0.143909
7.94356e-10	0.143851
7.94426e-10	0.143793
7.94497e-10	0.143735
7.94568e-10	0.143676
7.94639e-10	0.143617
7.94709e-10	0.143557
7.9478e-10	0.143498
7.94851e-10	0.143438
7.94921e-10	0.143377
7.94992e-10	0.143317
7.95063e-10	0.143256
7.95134e-10	0.143194
7.95204e-10	0.143132
7.95275e-10	0.14307
7.95346e-10	0.143008
7.95417e-10	0.142945
7.95487e-10	0.142882
7.95558e-10	0.142819
7.95629e-10	0.142755
7.95699e-10	0.142691
7.9577e-10	0.142627
7.95841e-10	0.142562
7.95912e-10	0.142497
7.95982e-10	0.142432
7.96053e-10	0.142366
7.96124e-10	0.1423
7.96195e-10	0.142233
7.96265e-10	0.142167
7.96336e-10	0.1421
7.96407e-10	0.142032
7.96477e-10	0.141965
7.96548e-10	0.141897
7.96619e-10	0.141828
7.9669e-10	0.141759
7.9676e-10	0.14169
7.96831e-10	0.141621
7.96902e-10	0.141551
7.96973e-10	0.141481
7.97043e-10	0.141411
7.97114e-10	0.14134
7.97185e-10	0.141269
7.97255e-10	0.141198
7.97326e-10	0.141126
7.97397e-10	0.141054
7.97468e-10	0.140981
7.97538e-10	0.140909
7.97609e-10	0.140836
7.9768e-10	0.140762
7.97751e-10	0.140688
7.97821e-10	0.140614
7.97892e-10	0.14054
7.97963e-10	0.140465
7.98033e-10	0.14039
7.98104e-10	0.140315
7.98175e-10	0.140239
7.98246e-10	0.140163
7.98316e-10	0.140086
7.98387e-10	0.14001
7.98458e-10	0.139932
7.98529e-10	0.139855
7.98599e-10	0.139777
7.9867e-10	0.139699
7.98741e-10	0.139621
7.98812e-10	0.139542
7.98882e-10	0.139463
7.98953e-10	0.139383
7.99024e-10	0.139303
7.99094e-10	0.139223
7.99165e-10	0.139143
7.99236e-10	0.139062
7.99307e-10	0.138981
7.99377e-10	0.138899
7.99448e-10	0.138817
7.99519e-10	0.138735
7.9959e-10	0.138653
7.9966e-10	0.13857
7.99731e-10	0.138487
7.99802e-10	0.138403
7.99872e-10	0.138319
7.99943e-10	0.138235
8.00014e-10	0.13815
8.00085e-10	0.138066
8.00155e-10	0.13798
8.00226e-10	0.137895
8.00297e-10	0.137809
8.00368e-10	0.137723
8.00438e-10	0.137636
8.00509e-10	0.137549
8.0058e-10	0.137462
8.0065e-10	0.137374
8.00721e-10	0.137286
8.00792e-10	0.137198
8.00863e-10	0.137109
8.00933e-10	0.13702
8.01004e-10	0.136931
8.01075e-10	0.136841
8.01146e-10	0.136751
8.01216e-10	0.136661
8.01287e-10	0.13657
8.01358e-10	0.136479
8.01428e-10	0.136388
8.01499e-10	0.136296
8.0157e-10	0.136204
8.01641e-10	0.136112
8.01711e-10	0.136019
8.01782e-10	0.135926
8.01853e-10	0.135833
8.01924e-10	0.135739
8.01994e-10	0.135645
8.02065e-10	0.13555
8.02136e-10	0.135455
8.02206e-10	0.13536
8.02277e-10	0.135265
8.02348e-10	0.135169
8.02419e-10	0.135073
8.02489e-10	0.134976
8.0256e-10	0.13488
8.02631e-10	0.134782
8.02702e-10	0.134685
8.02772e-10	0.134587
8.02843e-10	0.134489
8.02914e-10	0.13439
8.02985e-10	0.134291
8.03055e-10	0.134192
8.03126e-10	0.134093
8.03197e-10	0.133993
8.03267e-10	0.133893
8.03338e-10	0.133792
8.03409e-10	0.133691
8.0348e-10	0.13359
8.0355e-10	0.133488
8.03621e-10	0.133386
8.03692e-10	0.133284
8.03763e-10	0.133181
8.03833e-10	0.133078
8.03904e-10	0.132975
8.03975e-10	0.132871
8.04045e-10	0.132767
8.04116e-10	0.132663
8.04187e-10	0.132558
8.04258e-10	0.132453
8.04328e-10	0.132348
8.04399e-10	0.132242
8.0447e-10	0.132136
8.04541e-10	0.132029
8.04611e-10	0.131923
8.04682e-10	0.131816
8.04753e-10	0.131708
8.04823e-10	0.1316
8.04894e-10	0.131492
8.04965e-10	0.131384
8.05036e-10	0.131275
8.05106e-10	0.131166
8.05177e-10	0.131056
8.05248e-10	0.130946
8.05319e-10	0.130836
8.05389e-10	0.130725
8.0546e-10	0.130615
8.05531e-10	0.130503
8.05601e-10	0.130392
8.05672e-10	0.13028
8.05743e-10	0.130168
8.05814e-10	0.130055
8.05884e-10	0.129942
8.05955e-10	0.129829
8.06026e-10	0.129715
8.06097e-10	0.129601
8.06167e-10	0.129487
8.06238e-10	0.129372
8.06309e-10	0.129257
8.06379e-10	0.129142
8.0645e-10	0.129026
8.06521e-10	0.12891
8.06592e-10	0.128793
8.06662e-10	0.128677
8.06733e-10	0.12856
8.06804e-10	0.128442
8.06875e-10	0.128324
8.06945e-10	0.128206
8.07016e-10	0.128088
8.07087e-10	0.127969
8.07158e-10	0.12785
8.07228e-10	0.12773
8.07299e-10	0.12761
8.0737e-10	0.12749
8.0744e-10	0.12737
8.07511e-10	0.127249
8.07582e-10	0.127128
8.07653e-10	0.127006
8.07723e-10	0.126884
8.07794e-10	0.126762
8.07865e-10	0.126639
8.07936e-10	0.126516
8.08006e-10	0.126393
8.08077e-10	0.126269
8.08148e-10	0.126145
8.08218e-10	0.126021
8.08289e-10	0.125896
8.0836e-10	0.125771
8.08431e-10	0.125646
8.08501e-10	0.12552
8.08572e-10	0.125394
8.08643e-10	0.125268
8.08714e-10	0.125141
8.08784e-10	0.125014
8.08855e-10	0.124886
8.08926e-10	0.124759
8.08996e-10	0.124631
8.09067e-10	0.124502
8.09138e-10	0.124373
8.09209e-10	0.124244
8.09279e-10	0.124115
8.0935e-10	0.123985
8.09421e-10	0.123855
8.09492e-10	0.123724
8.09562e-10	0.123593
8.09633e-10	0.123462
8.09704e-10	0.12333
8.09774e-10	0.123198
8.09845e-10	0.123066
8.09916e-10	0.122934
8.09987e-10	0.122801
8.10057e-10	0.122667
8.10128e-10	0.122534
8.10199e-10	0.1224
8.1027e-10	0.122265
8.1034e-10	0.122131
8.10411e-10	0.121996
8.10482e-10	0.12186
8.10552e-10	0.121725
8.10623e-10	0.121588
8.10694e-10	0.121452
8.10765e-10	0.121315
8.10835e-10	0.121178
8.10906e-10	0.121041
8.10977e-10	0.120903
8.11048e-10	0.120765
8.11118e-10	0.120626
8.11189e-10	0.120488
8.1126e-10	0.120348
8.11331e-10	0.120209
8.11401e-10	0.120069
8.11472e-10	0.119929
8.11543e-10	0.119788
8.11613e-10	0.119647
8.11684e-10	0.119506
8.11755e-10	0.119365
8.11826e-10	0.119223
8.11896e-10	0.119081
8.11967e-10	0.118938
8.12038e-10	0.118795
8.12109e-10	0.118652
8.12179e-10	0.118508
8.1225e-10	0.118364
8.12321e-10	0.11822
8.12391e-10	0.118075
8.12462e-10	0.11793
8.12533e-10	0.117785
8.12604e-10	0.117639
8.12674e-10	0.117493
8.12745e-10	0.117347
8.12816e-10	0.1172
8.12887e-10	0.117053
8.12957e-10	0.116905
8.13028e-10	0.116758
8.13099e-10	0.116609
8.13169e-10	0.116461
8.1324e-10	0.116312
8.13311e-10	0.116163
8.13382e-10	0.116014
8.13452e-10	0.115864
8.13523e-10	0.115714
8.13594e-10	0.115563
8.13665e-10	0.115412
8.13735e-10	0.115261
8.13806e-10	0.11511
8.13877e-10	0.114958
8.13947e-10	0.114805
8.14018e-10	0.114653
8.14089e-10	0.1145
8.1416e-10	0.114347
8.1423e-10	0.114193
8.14301e-10	0.114039
8.14372e-10	0.113885
8.14443e-10	0.11373
8.14513e-10	0.113575
8.14584e-10	0.11342
8.14655e-10	0.113264
8.14725e-10	0.113108
8.14796e-10	0.112952
8.14867e-10	0.112795
8.14938e-10	0.112638
8.15008e-10	0.112481
8.15079e-10	0.112323
8.1515e-10	0.112165
8.15221e-10	0.112007
8.15291e-10	0.111848
8.15362e-10	0.111689
8.15433e-10	0.11153
8.15504e-10	0.11137
8.15574e-10	0.11121
8.15645e-10	0.111049
8.15716e-10	0.110889
8.15786e-10	0.110727
8.15857e-10	0.110566
8.15928e-10	0.110404
8.15999e-10	0.110242
8.16069e-10	0.11008
8.1614e-10	0.109917
8.16211e-10	0.109754
8.16282e-10	0.10959
8.16352e-10	0.109426
8.16423e-10	0.109262
8.16494e-10	0.109097
8.16564e-10	0.108933
8.16635e-10	0.108767
8.16706e-10	0.108602
8.16777e-10	0.108436
8.16847e-10	0.10827
8.16918e-10	0.108103
8.16989e-10	0.107936
8.1706e-10	0.107769
8.1713e-10	0.107601
8.17201e-10	0.107433
8.17272e-10	0.107265
8.17342e-10	0.107097
8.17413e-10	0.106928
8.17484e-10	0.106758
8.17555e-10	0.106589
8.17625e-10	0.106419
8.17696e-10	0.106248
8.17767e-10	0.106078
8.17838e-10	0.105907
8.17908e-10	0.105735
8.17979e-10	0.105564
8.1805e-10	0.105392
8.1812e-10	0.105219
8.18191e-10	0.105047
8.18262e-10	0.104874
8.18333e-10	0.1047
8.18403e-10	0.104527
8.18474e-10	0.104353
8.18545e-10	0.104178
8.18616e-10	0.104004
8.18686e-10	0.103828
8.18757e-10	0.103653
8.18828e-10	0.103477
8.18899e-10	0.103301
8.18969e-10	0.103125
8.1904e-10	0.102948
8.19111e-10	0.102771
8.19181e-10	0.102594
8.19252e-10	0.102416
8.19323e-10	0.102238
8.19394e-10	0.102059
8.19464e-10	0.101881
8.19535e-10	0.101702
8.19606e-10	0.101522
8.19677e-10	0.101342
8.19747e-10	0.101162
8.19818e-10	0.100982
8.19889e-10	0.100801
8.19959e-10	0.10062
8.2003e-10	0.100439
8.20101e-10	0.100257
8.20172e-10	0.100075
8.20242e-10	0.0998922
8.20313e-10	0.0997095
8.20384e-10	0.0995263
8.20455e-10	0.0993429
8.20525e-10	0.0991591
8.20596e-10	0.098975
8.20667e-10	0.0987905
8.20737e-10	0.0986057
8.20808e-10	0.0984206
8.20879e-10	0.0982352
8.2095e-10	0.0980494
8.2102e-10	0.0978632
8.21091e-10	0.0976768
8.21162e-10	0.09749
8.21233e-10	0.0973029
8.21303e-10	0.0971154
8.21374e-10	0.0969276
8.21445e-10	0.0967395
8.21515e-10	0.096551
8.21586e-10	0.0963622
8.21657e-10	0.0961731
8.21728e-10	0.0959836
8.21798e-10	0.0957939
8.21869e-10	0.0956037
8.2194e-10	0.0954133
8.22011e-10	0.0952225
8.22081e-10	0.0950314
8.22152e-10	0.0948399
8.22223e-10	0.0946481
8.22293e-10	0.094456
8.22364e-10	0.0942636
8.22435e-10	0.0940708
8.22506e-10	0.0938777
8.22576e-10	0.0936843
8.22647e-10	0.0934905
8.22718e-10	0.0932964
8.22789e-10	0.093102
8.22859e-10	0.0929072
8.2293e-10	0.0927121
8.23001e-10	0.0925167
8.23072e-10	0.092321
8.23142e-10	0.0921249
8.23213e-10	0.0919285
8.23284e-10	0.0917318
8.23354e-10	0.0915347
8.23425e-10	0.0913373
8.23496e-10	0.0911396
8.23567e-10	0.0909415
8.23637e-10	0.0907432
8.23708e-10	0.0905445
8.23779e-10	0.0903454
8.2385e-10	0.0901461
8.2392e-10	0.0899464
8.23991e-10	0.0897464
8.24062e-10	0.089546
8.24132e-10	0.0893453
8.24203e-10	0.0891443
8.24274e-10	0.088943
8.24345e-10	0.0887414
8.24415e-10	0.0885394
8.24486e-10	0.0883371
8.24557e-10	0.0881344
8.24628e-10	0.0879315
8.24698e-10	0.0877282
8.24769e-10	0.0875246
8.2484e-10	0.0873207
8.2491e-10	0.0871164
8.24981e-10	0.0869118
8.25052e-10	0.0867069
8.25123e-10	0.0865017
8.25193e-10	0.0862961
8.25264e-10	0.0860902
8.25335e-10	0.085884
8.25406e-10	0.0856775
8.25476e-10	0.0854706
8.25547e-10	0.0852635
8.25618e-10	0.085056
8.25688e-10	0.0848481
8.25759e-10	0.08464
8.2583e-10	0.0844315
8.25901e-10	0.0842227
8.25971e-10	0.0840136
8.26042e-10	0.0838041
8.26113e-10	0.0835944
8.26184e-10	0.0833843
8.26254e-10	0.0831739
8.26325e-10	0.0829632
8.26396e-10	0.0827521
8.26466e-10	0.0825407
8.26537e-10	0.082329
8.26608e-10	0.082117
8.26679e-10	0.0819047
8.26749e-10	0.0816921
8.2682e-10	0.0814791
8.26891e-10	0.0812658
8.26962e-10	0.0810522
8.27032e-10	0.0808382
8.27103e-10	0.080624
8.27174e-10	0.0804094
8.27245e-10	0.0801945
8.27315e-10	0.0799793
8.27386e-10	0.0797638
8.27457e-10	0.0795479
8.27527e-10	0.0793318
8.27598e-10	0.0791153
8.27669e-10	0.0788985
8.2774e-10	0.0786814
8.2781e-10	0.0784639
8.27881e-10	0.0782462
8.27952e-10	0.0780281
8.28023e-10	0.0778097
8.28093e-10	0.077591
8.28164e-10	0.077372
8.28235e-10	0.0771526
8.28305e-10	0.076933
8.28376e-10	0.076713
8.28447e-10	0.0764927
8.28518e-10	0.0762721
8.28588e-10	0.0760512
8.28659e-10	0.07583
8.2873e-10	0.0756084
8.28801e-10	0.0753866
8.28871e-10	0.0751644
8.28942e-10	0.0749419
8.29013e-10	0.0747191
8.29083e-10	0.074496
8.29154e-10	0.0742726
8.29225e-10	0.0740488
8.29296e-10	0.0738248
8.29366e-10	0.0736004
8.29437e-10	0.0733758
8.29508e-10	0.0731508
8.29579e-10	0.0729255
8.29649e-10	0.0726998
8.2972e-10	0.0724739
8.29791e-10	0.0722477
8.29861e-10	0.0720211
8.29932e-10	0.0717943
8.30003e-10	0.0715671
8.30074e-10	0.0713396
8.30144e-10	0.0711118
8.30215e-10	0.0708837
8.30286e-10	0.0706553
8.30357e-10	0.0704266
8.30427e-10	0.0701976
8.30498e-10	0.0699683
8.30569e-10	0.0697386
8.30639e-10	0.0695087
8.3071e-10	0.0692784
8.30781e-10	0.0690478
8.30852e-10	0.068817
8.30922e-10	0.0685858
8.30993e-10	0.0683543
8.31064e-10	0.0681225
8.31135e-10	0.0678904
8.31205e-10	0.067658
8.31276e-10	0.0674252
8.31347e-10	0.0671922
8.31418e-10	0.0669589
8.31488e-10	0.0667253
8.31559e-10	0.0664913
8.3163e-10	0.0662571
8.317e-10	0.0660225
8.31771e-10	0.0657877
8.31842e-10	0.0655525
8.31913e-10	0.0653171
8.31983e-10	0.0650813
8.32054e-10	0.0648452
8.32125e-10	0.0646089
8.32196e-10	0.0643722
8.32266e-10	0.0641352
8.32337e-10	0.0638979
8.32408e-10	0.0636603
8.32478e-10	0.0634225
8.32549e-10	0.0631843
8.3262e-10	0.0629458
8.32691e-10	0.062707
8.32761e-10	0.0624679
8.32832e-10	0.0622285
8.32903e-10	0.0619888
8.32974e-10	0.0617489
8.33044e-10	0.0615086
8.33115e-10	0.061268
8.33186e-10	0.0610271
8.33256e-10	0.0607859
8.33327e-10	0.0605444
8.33398e-10	0.0603026
8.33469e-10	0.0600606
8.33539e-10	0.0598182
8.3361e-10	0.0595755
8.33681e-10	0.0593325
8.33752e-10	0.0590893
8.33822e-10	0.0588457
8.33893e-10	0.0586018
8.33964e-10	0.0583577
8.34034e-10	0.0581132
8.34105e-10	0.0578685
8.34176e-10	0.0576234
8.34247e-10	0.0573781
8.34317e-10	0.0571325
8.34388e-10	0.0568865
8.34459e-10	0.0566403
8.3453e-10	0.0563938
8.346e-10	0.056147
8.34671e-10	0.0558999
8.34742e-10	0.0556525
8.34812e-10	0.0554048
8.34883e-10	0.0551568
8.34954e-10	0.0549086
8.35025e-10	0.05466
8.35095e-10	0.0544111
8.35166e-10	0.054162
8.35237e-10	0.0539126
8.35308e-10	0.0536628
8.35378e-10	0.0534128
8.35449e-10	0.0531625
8.3552e-10	0.0529119
8.35591e-10	0.052661
8.35661e-10	0.0524098
8.35732e-10	0.0521584
8.35803e-10	0.0519066
8.35873e-10	0.0516546
8.35944e-10	0.0514022
8.36015e-10	0.0511496
8.36086e-10	0.0508967
8.36156e-10	0.0506435
8.36227e-10	0.0503901
8.36298e-10	0.0501363
8.36369e-10	0.0498822
8.36439e-10	0.0496279
8.3651e-10	0.0493733
8.36581e-10	0.0491184
8.36651e-10	0.0488632
8.36722e-10	0.0486077
8.36793e-10	0.0483519
8.36864e-10	0.0480959
8.36934e-10	0.0478396
8.37005e-10	0.047583
8.37076e-10	0.0473261
8.37147e-10	0.0470689
8.37217e-10	0.0468114
8.37288e-10	0.0465537
8.37359e-10	0.0462957
8.37429e-10	0.0460374
8.375e-10	0.0457788
8.37571e-10	0.0455199
8.37642e-10	0.0452608
8.37712e-10	0.0450014
8.37783e-10	0.0447417
8.37854e-10	0.0444817
8.37925e-10	0.0442214
8.37995e-10	0.0439609
8.38066e-10	0.0437
8.38137e-10	0.0434389
8.38207e-10	0.0431776
8.38278e-10	0.0429159
8.38349e-10	0.042654
8.3842e-10	0.0423918
8.3849e-10	0.0421293
8.38561e-10	0.0418665
8.38632e-10	0.0416035
8.38703e-10	0.0413402
8.38773e-10	0.0410766
8.38844e-10	0.0408128
8.38915e-10	0.0405486
8.38985e-10	0.0402842
8.39056e-10	0.0400195
8.39127e-10	0.0397546
8.39198e-10	0.0394894
8.39268e-10	0.0392239
8.39339e-10	0.0389581
8.3941e-10	0.038692
8.39481e-10	0.0384257
8.39551e-10	0.0381591
8.39622e-10	0.0378923
8.39693e-10	0.0376251
8.39764e-10	0.0373577
8.39834e-10	0.0370901
8.39905e-10	0.0368221
8.39976e-10	0.0365539
8.40046e-10	0.0362855
8.40117e-10	0.0360167
8.40188e-10	0.0357477
8.40259e-10	0.0354784
8.40329e-10	0.0352089
8.404e-10	0.0349391
8.40471e-10	0.034669
8.40542e-10	0.0343986
8.40612e-10	0.034128
8.40683e-10	0.0338571
8.40754e-10	0.033586
8.40824e-10	0.0333146
8.40895e-10	0.0330429
8.40966e-10	0.032771
8.41037e-10	0.0324988
8.41107e-10	0.0322263
8.41178e-10	0.0319536
8.41249e-10	0.0316806
8.4132e-10	0.0314073
8.4139e-10	0.0311338
8.41461e-10	0.03086
8.41532e-10	0.030586
8.41602e-10	0.0303117
8.41673e-10	0.0300371
8.41744e-10	0.0297623
8.41815e-10	0.0294872
8.41885e-10	0.0292119
8.41956e-10	0.0289363
8.42027e-10	0.0286604
8.42098e-10	0.0283843
8.42168e-10	0.028108
8.42239e-10	0.0278313
8.4231e-10	0.0275544
8.4238e-10	0.0272773
8.42451e-10	0.0269999
8.42522e-10	0.0267222
8.42593e-10	0.0264443
8.42663e-10	0.0261662
8.42734e-10	0.0258877
8.42805e-10	0.0256091
8.42876e-10	0.0253301
8.42946e-10	0.0250509
8.43017e-10	0.0247715
8.43088e-10	0.0244918
8.43158e-10	0.0242119
8.43229e-10	0.0239317
8.433e-10	0.0236512
8.43371e-10	0.0233705
8.43441e-10	0.0230896
8.43512e-10	0.0228084
8.43583e-10	0.0225269
8.43654e-10	0.0222452
8.43724e-10	0.0219633
8.43795e-10	0.0216811
8.43866e-10	0.0213986
8.43937e-10	0.0211159
8.44007e-10	0.020833
8.44078e-10	0.0205498
8.44149e-10	0.0202664
8.44219e-10	0.0199827
8.4429e-10	0.0196988
8.44361e-10	0.0194146
8.44432e-10	0.0191302
8.44502e-10	0.0188455
8.44573e-10	0.0185606
8.44644e-10	0.0182754
8.44715e-10	0.01799
8.44785e-10	0.0177044
8.44856e-10	0.0174185
8.44927e-10	0.0171324
8.44997e-10	0.016846
8.45068e-10	0.0165594
8.45139e-10	0.0162725
8.4521e-10	0.0159855
8.4528e-10	0.0156981
8.45351e-10	0.0154105
8.45422e-10	0.0151227
8.45493e-10	0.0148347
8.45563e-10	0.0145464
8.45634e-10	0.0142579
8.45705e-10	0.0139691
8.45775e-10	0.0136801
8.45846e-10	0.0133908
8.45917e-10	0.0131014
8.45988e-10	0.0128116
8.46058e-10	0.0125217
8.46129e-10	0.0122315
8.462e-10	0.0119411
8.46271e-10	0.0116504
8.46341e-10	0.0113595
8.46412e-10	0.0110684
8.46483e-10	0.010777
8.46553e-10	0.0104854
8.46624e-10	0.0101936
8.46695e-10	0.00990156
8.46766e-10	0.00960927
8.46836e-10	0.00931675
8.46907e-10	0.009024
8.46978e-10	0.00873102
8.47049e-10	0.0084378
8.47119e-10	0.00814436
8.4719e-10	0.00785069
8.47261e-10	0.00755679
8.47331e-10	0.00726267
8.47402e-10	0.00696831
8.47473e-10	0.00667373
8.47544e-10	0.00637892
8.47614e-10	0.00608388
8.47685e-10	0.00578862
8.47756e-10	0.00549313
8.47827e-10	0.00519742
8.47897e-10	0.00490148
8.47968e-10	0.00460532
8.48039e-10	0.00430893
8.4811e-10	0.00401232
8.4818e-10	0.00371549
8.48251e-10	0.00341844
8.48322e-10	0.00312116
8.48392e-10	0.00282366
8.48463e-10	0.00252594
8.48534e-10	0.002228
8.48605e-10	0.00192984
8.48675e-10	0.00163146
8.48746e-10	0.00133286
8.48817e-10	0.00103404
8.48888e-10	0.000735004
8.48958e-10	0.000435748
8.49029e-10	0.000136275
8.491e-10	-0.000163416
8.4917e-10	-0.000463323
8.49241e-10	-0.000763446
8.49312e-10	-0.00106379
8.49383e-10	-0.00136434
8.49453e-10	-0.00166511
8.49524e-10	-0.00196609
8.49595e-10	-0.00226729
8.49666e-10	-0.0025687
8.49736e-10	-0.00287033
8.49807e-10	-0.00317216
8.49878e-10	-0.00347421
8.49948e-10	-0.00377647
8.50019e-10	-0.00407894
8.5009e-10	-0.00438163
8.50161e-10	-0.00468452
8.50231e-10	-0.00498762
8.50302e-10	-0.00529093
8.50373e-10	-0.00559445
8.50444e-10	-0.00589818
8.50514e-10	-0.00620212
8.50585e-10	-0.00650627
8.50656e-10	-0.00681062
8.50726e-10	-0.00711518
8.50797e-10	-0.00741994
8.50868e-10	-0.00772491
8.50939e-10	-0.00803008
8.51009e-10	-0.00833546
8.5108e-10	-0.00864105
8.51151e-10	-0.00894683
8.51222e-10	-0.00925282
8.51292e-10	-0.00955902
8.51363e-10	-0.00986541
8.51434e-10	-0.010172
8.51504e-10	-0.0104788
8.51575e-10	-0.0107858
8.51646e-10	-0.011093
8.51717e-10	-0.0114004
8.51787e-10	-0.011708
8.51858e-10	-0.0120158
8.51929e-10	-0.0123238
8.52e-10	-0.012632
8.5207e-10	-0.0129404
8.52141e-10	-0.013249
8.52212e-10	-0.0135578
8.52283e-10	-0.0138667
8.52353e-10	-0.0141759
8.52424e-10	-0.0144853
8.52495e-10	-0.0147948
8.52565e-10	-0.0151046
8.52636e-10	-0.0154146
8.52707e-10	-0.0157247
8.52778e-10	-0.016035
8.52848e-10	-0.0163456
8.52919e-10	-0.0166563
8.5299e-10	-0.0169672
8.53061e-10	-0.0172783
8.53131e-10	-0.0175896
8.53202e-10	-0.0179011
8.53273e-10	-0.0182128
8.53343e-10	-0.0185246
8.53414e-10	-0.0188367
8.53485e-10	-0.0191489
8.53556e-10	-0.0194613
8.53626e-10	-0.0197739
8.53697e-10	-0.0200867
8.53768e-10	-0.0203997
8.53839e-10	-0.0207129
8.53909e-10	-0.0210262
8.5398e-10	-0.0213398
8.54051e-10	-0.0216535
8.54121e-10	-0.0219674
8.54192e-10	-0.0222815
8.54263e-10	-0.0225957
8.54334e-10	-0.0229102
8.54404e-10	-0.0232248
8.54475e-10	-0.0235396
8.54546e-10	-0.0238546
8.54617e-10	-0.0241698
8.54687e-10	-0.0244851
8.54758e-10	-0.0248006
8.54829e-10	-0.0251164
8.54899e-10	-0.0254322
8.5497e-10	-0.0257483
8.55041e-10	-0.0260645
8.55112e-10	-0.0263809
8.55182e-10	-0.0266975
8.55253e-10	-0.0270143
8.55324e-10	-0.0273312
8.55395e-10	-0.0276483
8.55465e-10	-0.0279656
8.55536e-10	-0.0282831
8.55607e-10	-0.0286007
8.55677e-10	-0.0289185
8.55748e-10	-0.0292364
8.55819e-10	-0.0295546
8.5589e-10	-0.0298729
8.5596e-10	-0.0301914
8.56031e-10	-0.03051
8.56102e-10	-0.0308288
8.56173e-10	-0.0311478
8.56243e-10	-0.031467
8.56314e-10	-0.0317863
8.56385e-10	-0.0321058
8.56456e-10	-0.0324254
8.56526e-10	-0.0327452
8.56597e-10	-0.0330652
8.56668e-10	-0.0333854
8.56738e-10	-0.0337057
8.56809e-10	-0.0340262
8.5688e-10	-0.0343468
8.56951e-10	-0.0346676
8.57021e-10	-0.0349885
8.57092e-10	-0.0353097
8.57163e-10	-0.0356309
8.57234e-10	-0.0359524
8.57304e-10	-0.036274
8.57375e-10	-0.0365957
8.57446e-10	-0.0369177
8.57516e-10	-0.0372397
8.57587e-10	-0.037562
8.57658e-10	-0.0378844
8.57729e-10	-0.0382069
8.57799e-10	-0.0385296
8.5787e-10	-0.0388525
8.57941e-10	-0.0391755
8.58012e-10	-0.0394986
8.58082e-10	-0.039822
8.58153e-10	-0.0401454
8.58224e-10	-0.040469
8.58294e-10	-0.0407928
8.58365e-10	-0.0411167
8.58436e-10	-0.0414408
8.58507e-10	-0.041765
8.58577e-10	-0.0420894
8.58648e-10	-0.042414
8.58719e-10	-0.0427386
8.5879e-10	-0.0430635
8.5886e-10	-0.0433884
8.58931e-10	-0.0437135
8.59002e-10	-0.0440388
8.59072e-10	-0.0443642
8.59143e-10	-0.0446898
8.59214e-10	-0.0450155
8.59285e-10	-0.0453413
8.59355e-10	-0.0456673
8.59426e-10	-0.0459934
8.59497e-10	-0.0463197
8.59568e-10	-0.0466461
8.59638e-10	-0.0469727
8.59709e-10	-0.0472993
8.5978e-10	-0.0476262
8.5985e-10	-0.0479532
8.59921e-10	-0.0482803
8.59992e-10	-0.0486075
8.60063e-10	-0.0489349
8.60133e-10	-0.0492624
8.60204e-10	-0.0495901
8.60275e-10	-0.0499179
8.60346e-10	-0.0502458
8.60416e-10	-0.0505739
8.60487e-10	-0.0509021
8.60558e-10	-0.0512304
8.60629e-10	-0.0515589
8.60699e-10	-0.0518875
8.6077e-10	-0.0522163
8.60841e-10	-0.0525451
8.60911e-10	-0.0528741
8.60982e-10	-0.0532033
8.61053e-10	-0.0535325
8.61124e-10	-0.0538619
8.61194e-10	-0.0541914
8.61265e-10	-0.0545211
8.61336e-10	-0.0548508
8.61407e-10	-0.0551807
8.61477e-10	-0.0555108
8.61548e-10	-0.0558409
8.61619e-10	-0.0561712
8.61689e-10	-0.0565016
8.6176e-10	-0.0568321
8.61831e-10	-0.0571628
8.61902e-10	-0.0574935
8.61972e-10	-0.0578244
8.62043e-10	-0.0581555
8.62114e-10	-0.0584866
8.62185e-10	-0.0588179
8.62255e-10	-0.0591492
8.62326e-10	-0.0594807
8.62397e-10	-0.0598124
8.62467e-10	-0.0601441
8.62538e-10	-0.0604759
8.62609e-10	-0.0608079
8.6268e-10	-0.06114
8.6275e-10	-0.0614722
8.62821e-10	-0.0618045
8.62892e-10	-0.0621369
8.62963e-10	-0.0624695
8.63033e-10	-0.0628021
8.63104e-10	-0.0631349
8.63175e-10	-0.0634678
8.63245e-10	-0.0638008
8.63316e-10	-0.0641339
8.63387e-10	-0.0644671
8.63458e-10	-0.0648004
8.63528e-10	-0.0651339
8.63599e-10	-0.0654674
8.6367e-10	-0.0658011
8.63741e-10	-0.0661348
8.63811e-10	-0.0664687
8.63882e-10	-0.0668027
8.63953e-10	-0.0671368
8.64024e-10	-0.067471
8.64094e-10	-0.0678052
8.64165e-10	-0.0681396
8.64236e-10	-0.0684741
8.64306e-10	-0.0688087
8.64377e-10	-0.0691434
8.64448e-10	-0.0694782
8.64519e-10	-0.0698131
8.64589e-10	-0.0701481
8.6466e-10	-0.0704832
8.64731e-10	-0.0708184
8.64802e-10	-0.0711537
8.64872e-10	-0.0714891
8.64943e-10	-0.0718246
8.65014e-10	-0.0721602
8.65084e-10	-0.0724959
8.65155e-10	-0.0728317
8.65226e-10	-0.0731676
8.65297e-10	-0.0735036
8.65367e-10	-0.0738396
8.65438e-10	-0.0741758
8.65509e-10	-0.074512
8.6558e-10	-0.0748484
8.6565e-10	-0.0751848
8.65721e-10	-0.0755213
8.65792e-10	-0.0758579
8.65862e-10	-0.0761947
8.65933e-10	-0.0765314
8.66004e-10	-0.0768683
8.66075e-10	-0.0772053
8.66145e-10	-0.0775423
8.66216e-10	-0.0778795
8.66287e-10	-0.0782167
8.66358e-10	-0.078554
8.66428e-10	-0.0788914
8.66499e-10	-0.0792289
8.6657e-10	-0.0795664
8.6664e-10	-0.0799041
8.66711e-10	-0.0802418
8.66782e-10	-0.0805796
8.66853e-10	-0.0809175
8.66923e-10	-0.0812555
8.66994e-10	-0.0815935
8.67065e-10	-0.0819316
8.67136e-10	-0.0822698
8.67206e-10	-0.0826081
8.67277e-10	-0.0829465
8.67348e-10	-0.0832849
8.67418e-10	-0.0836234
8.67489e-10	-0.083962
8.6756e-10	-0.0843007
8.67631e-10	-0.0846394
8.67701e-10	-0.0849782
8.67772e-10	-0.0853171
8.67843e-10	-0.085656
8.67914e-10	-0.085995
8.67984e-10	-0.0863341
8.68055e-10	-0.0866733
8.68126e-10	-0.0870125
8.68197e-10	-0.0873518
8.68267e-10	-0.0876912
8.68338e-10	-0.0880306
8.68409e-10	-0.0883701
8.68479e-10	-0.0887096
8.6855e-10	-0.0890493
8.68621e-10	-0.089389
8.68692e-10	-0.0897287
8.68762e-10	-0.0900685
8.68833e-10	-0.0904084
8.68904e-10	-0.0907484
8.68975e-10	-0.0910884
8.69045e-10	-0.0914284
8.69116e-10	-0.0917686
8.69187e-10	-0.0921088
8.69257e-10	-0.092449
8.69328e-10	-0.0927893
8.69399e-10	-0.0931297
8.6947e-10	-0.0934701
8.6954e-10	-0.0938106
8.69611e-10	-0.0941511
8.69682e-10	-0.0944917
8.69753e-10	-0.0948323
8.69823e-10	-0.095173
8.69894e-10	-0.0955137
8.69965e-10	-0.0958545
8.70035e-10	-0.0961954
8.70106e-10	-0.0965363
8.70177e-10	-0.0968772
8.70248e-10	-0.0972182
8.70318e-10	-0.0975593
8.70389e-10	-0.0979004
8.7046e-10	-0.0982415
8.70531e-10	-0.0985827
8.70601e-10	-0.0989239
8.70672e-10	-0.0992652
8.70743e-10	-0.0996066
8.70813e-10	-0.0999479
8.70884e-10	-0.100289
8.70955e-10	-0.100631
8.71026e-10	-0.100972
8.71096e-10	-0.101314
8.71167e-10	-0.101655
8.71238e-10	-0.101997
8.71309e-10	-0.102339
8.71379e-10	-0.10268
8.7145e-10	-0.103022
8.71521e-10	-0.103364
8.71591e-10	-0.103706
8.71662e-10	-0.104048
8.71733e-10	-0.10439
8.71804e-10	-0.104731
8.71874e-10	-0.105073
8.71945e-10	-0.105415
8.72016e-10	-0.105757
8.72087e-10	-0.106099
8.72157e-10	-0.106442
8.72228e-10	-0.106784
8.72299e-10	-0.107126
8.7237e-10	-0.107468
8.7244e-10	-0.10781
8.72511e-10	-0.108152
8.72582e-10	-0.108495
8.72652e-10	-0.108837
8.72723e-10	-0.109179
8.72794e-10	-0.109522
8.72865e-10	-0.109864
8.72935e-10	-0.110206
8.73006e-10	-0.110549
8.73077e-10	-0.110891
8.73148e-10	-0.111234
8.73218e-10	-0.111576
8.73289e-10	-0.111919
8.7336e-10	-0.112261
8.7343e-10	-0.112604
8.73501e-10	-0.112946
8.73572e-10	-0.113289
8.73643e-10	-0.113632
8.73713e-10	-0.113974
8.73784e-10	-0.114317
8.73855e-10	-0.11466
8.73926e-10	-0.115002
8.73996e-10	-0.115345
8.74067e-10	-0.115688
8.74138e-10	-0.11603
8.74208e-10	-0.116373
8.74279e-10	-0.116716
8.7435e-10	-0.117058
8.74421e-10	-0.117401
8.74491e-10	-0.117744
8.74562e-10	-0.118087
8.74633e-10	-0.11843
8.74704e-10	-0.118772
8.74774e-10	-0.119115
8.74845e-10	-0.119458
8.74916e-10	-0.119801
8.74986e-10	-0.120144
8.75057e-10	-0.120486
8.75128e-10	-0.120829
8.75199e-10	-0.121172
8.75269e-10	-0.121515
8.7534e-10	-0.121858
8.75411e-10	-0.1222
8.75482e-10	-0.122543
8.75552e-10	-0.122886
8.75623e-10	-0.123229
8.75694e-10	-0.123572
8.75764e-10	-0.123915
8.75835e-10	-0.124257
8.75906e-10	-0.1246
8.75977e-10	-0.124943
8.76047e-10	-0.125286
8.76118e-10	-0.125629
8.76189e-10	-0.125971
8.7626e-10	-0.126314
8.7633e-10	-0.126657
8.76401e-10	-0.127
8.76472e-10	-0.127342
8.76543e-10	-0.127685
8.76613e-10	-0.128028
8.76684e-10	-0.128371
8.76755e-10	-0.128713
8.76825e-10	-0.129056
8.76896e-10	-0.129399
8.76967e-10	-0.129741
8.77038e-10	-0.130084
8.77108e-10	-0.130427
8.77179e-10	-0.130769
8.7725e-10	-0.131112
8.77321e-10	-0.131454
8.77391e-10	-0.131797
8.77462e-10	-0.132139
8.77533e-10	-0.132482
8.77603e-10	-0.132824
8.77674e-10	-0.133167
8.77745e-10	-0.133509
8.77816e-10	-0.133852
8.77886e-10	-0.134194
8.77957e-10	-0.134536
8.78028e-10	-0.134879
8.78099e-10	-0.135221
8.78169e-10	-0.135563
8.7824e-10	-0.135906
8.78311e-10	-0.136248
8.78381e-10	-0.13659
8.78452e-10	-0.136932
8.78523e-10	-0.137275
8.78594e-10	-0.137617
8.78664e-10	-0.137959
8.78735e-10	-0.138301
8.78806e-10	-0.138643
8.78877e-10	-0.138985
8.78947e-10	-0.139327
8.79018e-10	-0.139669
8.79089e-10	-0.140011
8.79159e-10	-0.140352
8.7923e-10	-0.140694
8.79301e-10	-0.141036
8.79372e-10	-0.141378
8.79442e-10	-0.141719
8.79513e-10	-0.142061
8.79584e-10	-0.142403
8.79655e-10	-0.142744
8.79725e-10	-0.143086
8.79796e-10	-0.143427
8.79867e-10	-0.143769
8.79937e-10	-0.14411
8.80008e-10	-0.144451
8.80079e-10	-0.144793
8.8015e-10	-0.145134
8.8022e-10	-0.145475
8.80291e-10	-0.145816
8.80362e-10	-0.146157
8.80433e-10	-0.146499
8.80503e-10	-0.14684
8.80574e-10	-0.147181
8.80645e-10	-0.147521
8.80716e-10	-0.147862
8.80786e-10	-0.148203
8.80857e-10	-0.148544
8.80928e-10	-0.148885
8.80998e-10	-0.149225
8.81069e-10	-0.149566
8.8114e-10	-0.149906
8.81211e-10	-0.150247
8.81281e-10	-0.150587
8.81352e-10	-0.150928
8.81423e-10	-0.151268
8.81494e-10	-0.151608
8.81564e-10	-0.151948
8.81635e-10	-0.152288
8.81706e-10	-0.152628
8.81776e-10	-0.152968
8.81847e-10	-0.153308
8.81918e-10	-0.153648
8.81989e-10	-0.153988
8.82059e-10	-0.154328
8.8213e-10	-0.154667
8.82201e-10	-0.155007
8.82272e-10	-0.155346
8.82342e-10	-0.155686
8.82413e-10	-0.156025
8.82484e-10	-0.156365
8.82554e-10	-0.156704
8.82625e-10	-0.157043
8.82696e-10	-0.157382
8.82767e-10	-0.157721
8.82837e-10	-0.15806
8.82908e-10	-0.158399
8.82979e-10	-0.158738
8.8305e-10	-0.159076
8.8312e-10	-0.159415
8.83191e-10	-0.159754
8.83262e-10	-0.160092
8.83332e-10	-0.16043
8.83403e-10	-0.160769
8.83474e-10	-0.161107
8.83545e-10	-0.161445
8.83615e-10	-0.161783
8.83686e-10	-0.162121
8.83757e-10	-0.162459
8.83828e-10	-0.162797
8.83898e-10	-0.163135
8.83969e-10	-0.163472
8.8404e-10	-0.16381
8.8411e-10	-0.164147
8.84181e-10	-0.164485
8.84252e-10	-0.164822
8.84323e-10	-0.165159
8.84393e-10	-0.165496
8.84464e-10	-0.165833
8.84535e-10	-0.16617
8.84606e-10	-0.166507
8.84676e-10	-0.166844
8.84747e-10	-0.167181
8.84818e-10	-0.167517
8.84889e-10	-0.167854
8.84959e-10	-0.16819
8.8503e-10	-0.168526
8.85101e-10	-0.168862
8.85171e-10	-0.169199
8.85242e-10	-0.169534
8.85313e-10	-0.16987
8.85384e-10	-0.170206
8.85454e-10	-0.170542
8.85525e-10	-0.170877
8.85596e-10	-0.171213
8.85667e-10	-0.171548
8.85737e-10	-0.171883
8.85808e-10	-0.172219
8.85879e-10	-0.172554
8.85949e-10	-0.172889
8.8602e-10	-0.173223
8.86091e-10	-0.173558
8.86162e-10	-0.173893
8.86232e-10	-0.174227
8.86303e-10	-0.174562
8.86374e-10	-0.174896
8.86445e-10	-0.17523
8.86515e-10	-0.175564
8.86586e-10	-0.175898
8.86657e-10	-0.176232
8.86727e-10	-0.176566
8.86798e-10	-0.176899
8.86869e-10	-0.177233
8.8694e-10	-0.177566
8.8701e-10	-0.177899
8.87081e-10	-0.178232
8.87152e-10	-0.178566
8.87223e-10	-0.178898
8.87293e-10	-0.179231
8.87364e-10	-0.179564
8.87435e-10	-0.179896
8.87505e-10	-0.180229
8.87576e-10	-0.180561
8.87647e-10	-0.180893
8.87718e-10	-0.181225
8.87788e-10	-0.181557
8.87859e-10	-0.181889
8.8793e-10	-0.18222
8.88001e-10	-0.182552
8.88071e-10	-0.182883
8.88142e-10	-0.183215
8.88213e-10	-0.183546
8.88283e-10	-0.183877
8.88354e-10	-0.184208
8.88425e-10	-0.184538
8.88496e-10	-0.184869
8.88566e-10	-0.185199
8.88637e-10	-0.18553
8.88708e-10	-0.18586
8.88779e-10	-0.18619
8.88849e-10	-0.18652
8.8892e-10	-0.18685
8.88991e-10	-0.187179
8.89062e-10	-0.187509
8.89132e-10	-0.187838
8.89203e-10	-0.188167
8.89274e-10	-0.188496
8.89344e-10	-0.188825
8.89415e-10	-0.189154
8.89486e-10	-0.189483
8.89557e-10	-0.189811
8.89627e-10	-0.19014
8.89698e-10	-0.190468
8.89769e-10	-0.190796
8.8984e-10	-0.191124
8.8991e-10	-0.191451
8.89981e-10	-0.191779
8.90052e-10	-0.192107
8.90122e-10	-0.192434
8.90193e-10	-0.192761
8.90264e-10	-0.193088
8.90335e-10	-0.193415
8.90405e-10	-0.193742
8.90476e-10	-0.194068
8.90547e-10	-0.194394
8.90618e-10	-0.194721
8.90688e-10	-0.195047
8.90759e-10	-0.195373
8.9083e-10	-0.195698
8.909e-10	-0.196024
8.90971e-10	-0.196349
8.91042e-10	-0.196675
8.91113e-10	-0.197
8.91183e-10	-0.197325
8.91254e-10	-0.197649
8.91325e-10	-0.197974
8.91396e-10	-0.198299
8.91466e-10	-0.198623
8.91537e-10	-0.198947
8.91608e-10	-0.199271
8.91678e-10	-0.199595
8.91749e-10	-0.199918
8.9182e-10	-0.200242
8.91891e-10	-0.200565
8.91961e-10	-0.200888
8.92032e-10	-0.201211
8.92103e-10	-0.201534
8.92174e-10	-0.201856
8.92244e-10	-0.202179
8.92315e-10	-0.202501
8.92386e-10	-0.202823
8.92456e-10	-0.203145
8.92527e-10	-0.203467
8.92598e-10	-0.203788
8.92669e-10	-0.20411
8.92739e-10	-0.204431
8.9281e-10	-0.204752
8.92881e-10	-0.205073
8.92952e-10	-0.205393
8.93022e-10	-0.205714
8.93093e-10	-0.206034
8.93164e-10	-0.206354
8.93235e-10	-0.206674
8.93305e-10	-0.206994
8.93376e-10	-0.207313
8.93447e-10	-0.207632
8.93517e-10	-0.207952
8.93588e-10	-0.208271
8.93659e-10	-0.208589
8.9373e-10	-0.208908
8.938e-10	-0.209226
8.93871e-10	-0.209544
8.93942e-10	-0.209862
8.94013e-10	-0.21018
8.94083e-10	-0.210498
8.94154e-10	-0.210815
8.94225e-10	-0.211133
8.94295e-10	-0.21145
8.94366e-10	-0.211766
8.94437e-10	-0.212083
8.94508e-10	-0.212399
8.94578e-10	-0.212716
8.94649e-10	-0.213032
8.9472e-10	-0.213348
8.94791e-10	-0.213663
8.94861e-10	-0.213979
8.94932e-10	-0.214294
8.95003e-10	-0.214609
8.95073e-10	-0.214924
8.95144e-10	-0.215238
8.95215e-10	-0.215553
8.95286e-10	-0.215867
8.95356e-10	-0.216181
8.95427e-10	-0.216495
8.95498e-10	-0.216808
8.95569e-10	-0.217122
8.95639e-10	-0.217435
8.9571e-10	-0.217748
8.95781e-10	-0.21806
8.95851e-10	-0.218373
8.95922e-10	-0.218685
8.95993e-10	-0.218997
8.96064e-10	-0.219309
8.96134e-10	-0.219621
8.96205e-10	-0.219932
8.96276e-10	-0.220244
8.96347e-10	-0.220555
8.96417e-10	-0.220865
8.96488e-10	-0.221176
8.96559e-10	-0.221486
8.96629e-10	-0.221796
8.967e-10	-0.222106
8.96771e-10	-0.222416
8.96842e-10	-0.222725
8.96912e-10	-0.223035
8.96983e-10	-0.223344
8.97054e-10	-0.223652
8.97125e-10	-0.223961
8.97195e-10	-0.224269
8.97266e-10	-0.224577
8.97337e-10	-0.224885
8.97408e-10	-0.225193
8.97478e-10	-0.2255
8.97549e-10	-0.225807
8.9762e-10	-0.226114
8.9769e-10	-0.226421
8.97761e-10	-0.226728
8.97832e-10	-0.227034
8.97903e-10	-0.22734
8.97973e-10	-0.227646
8.98044e-10	-0.227951
8.98115e-10	-0.228256
8.98186e-10	-0.228561
8.98256e-10	-0.228866
8.98327e-10	-0.229171
8.98398e-10	-0.229475
8.98468e-10	-0.229779
8.98539e-10	-0.230083
8.9861e-10	-0.230387
8.98681e-10	-0.23069
8.98751e-10	-0.230993
8.98822e-10	-0.231296
8.98893e-10	-0.231599
8.98964e-10	-0.231901
8.99034e-10	-0.232203
8.99105e-10	-0.232505
8.99176e-10	-0.232807
8.99246e-10	-0.233108
8.99317e-10	-0.233409
8.99388e-10	-0.23371
8.99459e-10	-0.234011
8.99529e-10	-0.234311
8.996e-10	-0.234611
8.99671e-10	-0.234911
8.99742e-10	-0.235211
8.99812e-10	-0.23551
8.99883e-10	-0.235809
8.99954e-10	-0.236108
9.00024e-10	-0.236407
9.00095e-10	-0.236705
9.00166e-10	-0.237003
9.00237e-10	-0.237301
9.00307e-10	-0.237598
9.00378e-10	-0.237896
9.00449e-10	-0.238193
9.0052e-10	-0.238489
9.0059e-10	-0.238786
9.00661e-10	-0.239082
9.00732e-10	-0.239378
9.00802e-10	-0.239674
9.00873e-10	-0.239969
9.00944e-10	-0.240264
9.01015e-10	-0.240559
9.01085e-10	-0.240854
9.01156e-10	-0.241148
9.01227e-10	-0.241442
9.01298e-10	-0.241736
9.01368e-10	-0.24203
9.01439e-10	-0.242323
9.0151e-10	-0.242616
9.01581e-10	-0.242909
9.01651e-10	-0.243201
9.01722e-10	-0.243493
9.01793e-10	-0.243785
9.01863e-10	-0.244077
9.01934e-10	-0.244368
9.02005e-10	-0.244659
9.02076e-10	-0.24495
9.02146e-10	-0.24524
9.02217e-10	-0.24553
9.02288e-10	-0.24582
9.02359e-10	-0.24611
9.02429e-10	-0.246399
9.025e-10	-0.246688
9.02571e-10	-0.246977
9.02641e-10	-0.247266
9.02712e-10	-0.247554
9.02783e-10	-0.247842
9.02854e-10	-0.248129
9.02924e-10	-0.248417
9.02995e-10	-0.248704
9.03066e-10	-0.24899
9.03137e-10	-0.249277
9.03207e-10	-0.249563
9.03278e-10	-0.249849
9.03349e-10	-0.250134
9.03419e-10	-0.25042
9.0349e-10	-0.250705
9.03561e-10	-0.250989
9.03632e-10	-0.251274
9.03702e-10	-0.251558
9.03773e-10	-0.251842
9.03844e-10	-0.252125
9.03915e-10	-0.252408
9.03985e-10	-0.252691
9.04056e-10	-0.252974
9.04127e-10	-0.253256
9.04197e-10	-0.253538
9.04268e-10	-0.25382
9.04339e-10	-0.254101
9.0441e-10	-0.254382
9.0448e-10	-0.254663
9.04551e-10	-0.254943
9.04622e-10	-0.255224
9.04693e-10	-0.255503
9.04763e-10	-0.255783
9.04834e-10	-0.256062
9.04905e-10	-0.256341
9.04975e-10	-0.25662
9.05046e-10	-0.256898
9.05117e-10	-0.257176
9.05188e-10	-0.257454
9.05258e-10	-0.257731
9.05329e-10	-0.258008
9.054e-10	-0.258285
9.05471e-10	-0.258561
9.05541e-10	-0.258837
9.05612e-10	-0.259113
9.05683e-10	-0.259388
9.05754e-10	-0.259663
9.05824e-10	-0.259938
9.05895e-10	-0.260213
9.05966e-10	-0.260487
9.06036e-10	-0.260761
9.06107e-10	-0.261034
9.06178e-10	-0.261307
9.06249e-10	-0.26158
9.06319e-10	-0.261853
9.0639e-10	-0.262125
9.06461e-10	-0.262397
9.06532e-10	-0.262668
9.06602e-10	-0.262939
9.06673e-10	-0.26321
9.06744e-10	-0.263481
9.06814e-10	-0.263751
9.06885e-10	-0.264021
9.06956e-10	-0.264291
9.07027e-10	-0.26456
9.07097e-10	-0.264829
9.07168e-10	-0.265097
9.07239e-10	-0.265365
9.0731e-10	-0.265633
9.0738e-10	-0.265901
9.07451e-10	-0.266168
9.07522e-10	-0.266435
9.07592e-10	-0.266701
9.07663e-10	-0.266968
9.07734e-10	-0.267233
9.07805e-10	-0.267499
9.07875e-10	-0.267764
9.07946e-10	-0.268029
9.08017e-10	-0.268293
9.08088e-10	-0.268557
9.08158e-10	-0.268821
9.08229e-10	-0.269085
9.083e-10	-0.269348
9.0837e-10	-0.26961
9.08441e-10	-0.269873
9.08512e-10	-0.270135
9.08583e-10	-0.270397
9.08653e-10	-0.270658
9.08724e-10	-0.270919
9.08795e-10	-0.27118
9.08866e-10	-0.27144
9.08936e-10	-0.2717
9.09007e-10	-0.271959
9.09078e-10	-0.272218
9.09148e-10	-0.272477
9.09219e-10	-0.272736
9.0929e-10	-0.272994
9.09361e-10	-0.273252
9.09431e-10	-0.273509
9.09502e-10	-0.273766
9.09573e-10	-0.274023
9.09644e-10	-0.274279
9.09714e-10	-0.274535
9.09785e-10	-0.274791
9.09856e-10	-0.275046
9.09927e-10	-0.275301
9.09997e-10	-0.275556
9.10068e-10	-0.27581
9.10139e-10	-0.276064
9.10209e-10	-0.276317
9.1028e-10	-0.27657
9.10351e-10	-0.276823
9.10422e-10	-0.277075
9.10492e-10	-0.277327
9.10563e-10	-0.277579
9.10634e-10	-0.27783
9.10705e-10	-0.278081
9.10775e-10	-0.278331
9.10846e-10	-0.278581
9.10917e-10	-0.278831
9.10987e-10	-0.27908
9.11058e-10	-0.279329
9.11129e-10	-0.279578
9.112e-10	-0.279826
9.1127e-10	-0.280074
9.11341e-10	-0.280321
9.11412e-10	-0.280568
9.11483e-10	-0.280815
9.11553e-10	-0.281061
9.11624e-10	-0.281307
9.11695e-10	-0.281553
9.11765e-10	-0.281798
9.11836e-10	-0.282043
9.11907e-10	-0.282287
9.11978e-10	-0.282531
9.12048e-10	-0.282775
9.12119e-10	-0.283018
9.1219e-10	-0.283261
9.12261e-10	-0.283503
9.12331e-10	-0.283745
9.12402e-10	-0.283987
9.12473e-10	-0.284228
9.12543e-10	-0.284469
9.12614e-10	-0.284709
9.12685e-10	-0.28495
9.12756e-10	-0.285189
9.12826e-10	-0.285429
9.12897e-10	-0.285667
9.12968e-10	-0.285906
9.13039e-10	-0.286144
9.13109e-10	-0.286382
9.1318e-10	-0.286619
9.13251e-10	-0.286856
9.13322e-10	-0.287093
9.13392e-10	-0.287329
9.13463e-10	-0.287564
9.13534e-10	-0.2878
9.13604e-10	-0.288035
9.13675e-10	-0.288269
9.13746e-10	-0.288503
9.13817e-10	-0.288737
9.13887e-10	-0.28897
9.13958e-10	-0.289203
9.14029e-10	-0.289436
9.141e-10	-0.289668
9.1417e-10	-0.289899
9.14241e-10	-0.290131
9.14312e-10	-0.290362
9.14382e-10	-0.290592
9.14453e-10	-0.290822
9.14524e-10	-0.291052
9.14595e-10	-0.291281
9.14665e-10	-0.29151
9.14736e-10	-0.291738
9.14807e-10	-0.291966
9.14878e-10	-0.292194
9.14948e-10	-0.292421
9.15019e-10	-0.292647
9.1509e-10	-0.292874
9.1516e-10	-0.2931
9.15231e-10	-0.293325
9.15302e-10	-0.29355
9.15373e-10	-0.293775
9.15443e-10	-0.293999
9.15514e-10	-0.294223
9.15585e-10	-0.294446
9.15656e-10	-0.294669
9.15726e-10	-0.294892
9.15797e-10	-0.295114
9.15868e-10	-0.295335
9.15938e-10	-0.295557
9.16009e-10	-0.295777
9.1608e-10	-0.295998
9.16151e-10	-0.296218
9.16221e-10	-0.296437
9.16292e-10	-0.296656
9.16363e-10	-0.296875
9.16434e-10	-0.297093
9.16504e-10	-0.297311
9.16575e-10	-0.297528
9.16646e-10	-0.297745
9.16716e-10	-0.297962
9.16787e-10	-0.298178
9.16858e-10	-0.298393
9.16929e-10	-0.298609
9.16999e-10	-0.298823
9.1707e-10	-0.299038
9.17141e-10	-0.299252
9.17212e-10	-0.299465
9.17282e-10	-0.299678
9.17353e-10	-0.299891
9.17424e-10	-0.300103
9.17495e-10	-0.300314
9.17565e-10	-0.300526
9.17636e-10	-0.300736
9.17707e-10	-0.300947
9.17777e-10	-0.301157
9.17848e-10	-0.301366
9.17919e-10	-0.301575
9.1799e-10	-0.301784
9.1806e-10	-0.301992
9.18131e-10	-0.302199
9.18202e-10	-0.302407
9.18273e-10	-0.302613
9.18343e-10	-0.30282
9.18414e-10	-0.303026
9.18485e-10	-0.303231
9.18555e-10	-0.303436
9.18626e-10	-0.30364
9.18697e-10	-0.303845
9.18768e-10	-0.304048
9.18838e-10	-0.304251
9.18909e-10	-0.304454
9.1898e-10	-0.304656
9.19051e-10	-0.304858
9.19121e-10	-0.305059
9.19192e-10	-0.30526
9.19263e-10	-0.305461
9.19333e-10	-0.305661
9.19404e-10	-0.30586
9.19475e-10	-0.306059
9.19546e-10	-0.306258
9.19616e-10	-0.306456
9.19687e-10	-0.306653
9.19758e-10	-0.30685
9.19829e-10	-0.307047
9.19899e-10	-0.307243
9.1997e-10	-0.307439
9.20041e-10	-0.307635
9.20111e-10	-0.307829
9.20182e-10	-0.308024
9.20253e-10	-0.308218
9.20324e-10	-0.308411
9.20394e-10	-0.308604
9.20465e-10	-0.308796
9.20536e-10	-0.308989
9.20607e-10	-0.30918
9.20677e-10	-0.309371
9.20748e-10	-0.309562
9.20819e-10	-0.309752
9.20889e-10	-0.309942
9.2096e-10	-0.310131
9.21031e-10	-0.310319
9.21102e-10	-0.310508
9.21172e-10	-0.310695
9.21243e-10	-0.310883
9.21314e-10	-0.311069
9.21385e-10	-0.311256
9.21455e-10	-0.311442
9.21526e-10	-0.311627
9.21597e-10	-0.311812
9.21668e-10	-0.311996
9.21738e-10	-0.31218
9.21809e-10	-0.312364
9.2188e-10	-0.312546
9.2195e-10	-0.312729
9.22021e-10	-0.312911
9.22092e-10	-0.313092
9.22163e-10	-0.313273
9.22233e-10	-0.313454
9.22304e-10	-0.313634
9.22375e-10	-0.313813
9.22446e-10	-0.313992
9.22516e-10	-0.314171
9.22587e-10	-0.314349
9.22658e-10	-0.314527
9.22728e-10	-0.314704
9.22799e-10	-0.31488
9.2287e-10	-0.315056
9.22941e-10	-0.315232
9.23011e-10	-0.315407
9.23082e-10	-0.315582
9.23153e-10	-0.315756
9.23224e-10	-0.315929
9.23294e-10	-0.316102
9.23365e-10	-0.316275
9.23436e-10	-0.316447
9.23506e-10	-0.316619
9.23577e-10	-0.31679
9.23648e-10	-0.316961
9.23719e-10	-0.317131
9.23789e-10	-0.3173
9.2386e-10	-0.317469
9.23931e-10	-0.317638
9.24002e-10	-0.317806
9.24072e-10	-0.317974
9.24143e-10	-0.318141
9.24214e-10	-0.318307
9.24284e-10	-0.318473
9.24355e-10	-0.318639
9.24426e-10	-0.318804
9.24497e-10	-0.318969
9.24567e-10	-0.319133
9.24638e-10	-0.319296
9.24709e-10	-0.319459
9.2478e-10	-0.319622
9.2485e-10	-0.319784
9.24921e-10	-0.319945
9.24992e-10	-0.320106
9.25062e-10	-0.320267
9.25133e-10	-0.320427
9.25204e-10	-0.320586
9.25275e-10	-0.320745
9.25345e-10	-0.320903
9.25416e-10	-0.321061
9.25487e-10	-0.321219
9.25558e-10	-0.321376
9.25628e-10	-0.321532
9.25699e-10	-0.321688
9.2577e-10	-0.321843
9.25841e-10	-0.321998
9.25911e-10	-0.322152
9.25982e-10	-0.322306
9.26053e-10	-0.322459
9.26123e-10	-0.322612
9.26194e-10	-0.322764
9.26265e-10	-0.322915
9.26336e-10	-0.323067
9.26406e-10	-0.323217
9.26477e-10	-0.323367
9.26548e-10	-0.323517
9.26619e-10	-0.323666
9.26689e-10	-0.323814
9.2676e-10	-0.323962
9.26831e-10	-0.32411
9.26901e-10	-0.324257
9.26972e-10	-0.324403
9.27043e-10	-0.324549
9.27114e-10	-0.324694
9.27184e-10	-0.324839
9.27255e-10	-0.324983
9.27326e-10	-0.325127
9.27397e-10	-0.32527
9.27467e-10	-0.325413
9.27538e-10	-0.325555
9.27609e-10	-0.325696
9.27679e-10	-0.325837
9.2775e-10	-0.325978
9.27821e-10	-0.326118
9.27892e-10	-0.326257
9.27962e-10	-0.326396
9.28033e-10	-0.326534
9.28104e-10	-0.326672
9.28175e-10	-0.326809
9.28245e-10	-0.326946
9.28316e-10	-0.327082
9.28387e-10	-0.327218
9.28457e-10	-0.327353
9.28528e-10	-0.327487
9.28599e-10	-0.327621
9.2867e-10	-0.327755
9.2874e-10	-0.327888
9.28811e-10	-0.32802
9.28882e-10	-0.328152
9.28953e-10	-0.328283
9.29023e-10	-0.328414
9.29094e-10	-0.328544
9.29165e-10	-0.328674
9.29235e-10	-0.328803
9.29306e-10	-0.328931
9.29377e-10	-0.329059
9.29448e-10	-0.329187
9.29518e-10	-0.329313
9.29589e-10	-0.32944
9.2966e-10	-0.329566
9.29731e-10	-0.329691
9.29801e-10	-0.329815
9.29872e-10	-0.329939
9.29943e-10	-0.330063
9.30014e-10	-0.330186
9.30084e-10	-0.330308
9.30155e-10	-0.33043
9.30226e-10	-0.330552
9.30296e-10	-0.330672
9.30367e-10	-0.330793
9.30438e-10	-0.330912
9.30509e-10	-0.331031
9.30579e-10	-0.33115
9.3065e-10	-0.331268
9.30721e-10	-0.331385
9.30792e-10	-0.331502
9.30862e-10	-0.331618
9.30933e-10	-0.331734
9.31004e-10	-0.331849
9.31074e-10	-0.331963
9.31145e-10	-0.332077
9.31216e-10	-0.332191
9.31287e-10	-0.332304
9.31357e-10	-0.332416
9.31428e-10	-0.332528
9.31499e-10	-0.332639
9.3157e-10	-0.33275
9.3164e-10	-0.33286
9.31711e-10	-0.332969
9.31782e-10	-0.333078
9.31852e-10	-0.333186
9.31923e-10	-0.333294
9.31994e-10	-0.333401
9.32065e-10	-0.333508
9.32135e-10	-0.333614
9.32206e-10	-0.333719
9.32277e-10	-0.333824
9.32348e-10	-0.333928
9.32418e-10	-0.334032
9.32489e-10	-0.334135
9.3256e-10	-0.334238
9.3263e-10	-0.33434
9.32701e-10	-0.334441
9.32772e-10	-0.334542
9.32843e-10	-0.334642
9.32913e-10	-0.334742
9.32984e-10	-0.334841
9.33055e-10	-0.334939
9.33126e-10	-0.335037
9.33196e-10	-0.335135
9.33267e-10	-0.335232
9.33338e-10	-0.335328
9.33408e-10	-0.335423
9.33479e-10	-0.335518
9.3355e-10	-0.335613
9.33621e-10	-0.335707
9.33691e-10	-0.3358
9.33762e-10	-0.335893
9.33833e-10	-0.335985
9.33904e-10	-0.336076
9.33974e-10	-0.336167
9.34045e-10	-0.336257
9.34116e-10	-0.336347
9.34187e-10	-0.336436
9.34257e-10	-0.336525
9.34328e-10	-0.336613
9.34399e-10	-0.3367
9.34469e-10	-0.336787
9.3454e-10	-0.336873
9.34611e-10	-0.336959
9.34682e-10	-0.337044
9.34752e-10	-0.337128
9.34823e-10	-0.337212
9.34894e-10	-0.337295
9.34965e-10	-0.337378
9.35035e-10	-0.33746
9.35106e-10	-0.337541
9.35177e-10	-0.337622
9.35247e-10	-0.337702
9.35318e-10	-0.337782
9.35389e-10	-0.337861
9.3546e-10	-0.337939
9.3553e-10	-0.338017
9.35601e-10	-0.338094
9.35672e-10	-0.338171
9.35743e-10	-0.338247
9.35813e-10	-0.338323
9.35884e-10	-0.338397
9.35955e-10	-0.338472
9.36025e-10	-0.338545
9.36096e-10	-0.338618
9.36167e-10	-0.338691
9.36238e-10	-0.338763
9.36308e-10	-0.338834
9.36379e-10	-0.338904
9.3645e-10	-0.338974
9.36521e-10	-0.339044
9.36591e-10	-0.339113
9.36662e-10	-0.339181
9.36733e-10	-0.339248
9.36803e-10	-0.339315
9.36874e-10	-0.339382
9.36945e-10	-0.339447
9.37016e-10	-0.339513
9.37086e-10	-0.339577
9.37157e-10	-0.339641
9.37228e-10	-0.339704
9.37299e-10	-0.339767
9.37369e-10	-0.339829
9.3744e-10	-0.339891
9.37511e-10	-0.339951
9.37581e-10	-0.340012
9.37652e-10	-0.340071
9.37723e-10	-0.34013
9.37794e-10	-0.340189
9.37864e-10	-0.340246
9.37935e-10	-0.340304
9.38006e-10	-0.34036
9.38077e-10	-0.340416
9.38147e-10	-0.340471
9.38218e-10	-0.340526
9.38289e-10	-0.34058
9.3836e-10	-0.340634
9.3843e-10	-0.340686
9.38501e-10	-0.340739
9.38572e-10	-0.34079
9.38642e-10	-0.340841
9.38713e-10	-0.340892
9.38784e-10	-0.340941
9.38855e-10	-0.34099
9.38925e-10	-0.341039
9.38996e-10	-0.341087
9.39067e-10	-0.341134
9.39138e-10	-0.341181
9.39208e-10	-0.341227
9.39279e-10	-0.341272
9.3935e-10	-0.341317
9.3942e-10	-0.341361
9.39491e-10	-0.341404
9.39562e-10	-0.341447
9.39633e-10	-0.341489
9.39703e-10	-0.341531
9.39774e-10	-0.341572
9.39845e-10	-0.341612
9.39916e-10	-0.341652
9.39986e-10	-0.341691
9.40057e-10	-0.341729
9.40128e-10	-0.341767
9.40198e-10	-0.341804
9.40269e-10	-0.341841
9.4034e-10	-0.341877
9.40411e-10	-0.341912
9.40481e-10	-0.341947
9.40552e-10	-0.341981
9.40623e-10	-0.342014
9.40694e-10	-0.342047
9.40764e-10	-0.342079
9.40835e-10	-0.342111
9.40906e-10	-0.342141
9.40976e-10	-0.342172
9.41047e-10	-0.342201
9.41118e-10	-0.34223
9.41189e-10	-0.342258
9.41259e-10	-0.342286
9.4133e-10	-0.342313
9.41401e-10	-0.34234
9.41472e-10	-0.342365
9.41542e-10	-0.34239
9.41613e-10	-0.342415
9.41684e-10	-0.342439
9.41754e-10	-0.342462
9.41825e-10	-0.342484
9.41896e-10	-0.342506
9.41967e-10	-0.342528
9.42037e-10	-0.342548
9.42108e-10	-0.342568
9.42179e-10	-0.342587
9.4225e-10	-0.342606
9.4232e-10	-0.342624
9.42391e-10	-0.342642
9.42462e-10	-0.342658
9.42533e-10	-0.342674
9.42603e-10	-0.34269
9.42674e-10	-0.342705
9.42745e-10	-0.342719
9.42815e-10	-0.342732
9.42886e-10	-0.342745
9.42957e-10	-0.342757
9.43028e-10	-0.342769
9.43098e-10	-0.34278
9.43169e-10	-0.34279
9.4324e-10	-0.3428
9.43311e-10	-0.342809
9.43381e-10	-0.342817
9.43452e-10	-0.342825
9.43523e-10	-0.342832
9.43593e-10	-0.342838
9.43664e-10	-0.342844
9.43735e-10	-0.342849
9.43806e-10	-0.342853
9.43876e-10	-0.342857
9.43947e-10	-0.34286
9.44018e-10	-0.342863
9.44089e-10	-0.342864
9.44159e-10	-0.342866
9.4423e-10	-0.342866
9.44301e-10	-0.342866
9.44371e-10	-0.342865
9.44442e-10	-0.342864
9.44513e-10	-0.342861
9.44584e-10	-0.342859
9.44654e-10	-0.342855
9.44725e-10	-0.342851
9.44796e-10	-0.342846
9.44867e-10	-0.342841
9.44937e-10	-0.342835
9.45008e-10	-0.342828
9.45079e-10	-0.34282
9.45149e-10	-0.342812
9.4522e-10	-0.342804
9.45291e-10	-0.342794
9.45362e-10	-0.342784
9.45432e-10	-0.342774
9.45503e-10	-0.342762
9.45574e-10	-0.34275
9.45645e-10	-0.342737
9.45715e-10	-0.342724
9.45786e-10	-0.34271
9.45857e-10	-0.342695
9.45927e-10	-0.34268
9.45998e-10	-0.342664
9.46069e-10	-0.342647
9.4614e-10	-0.34263
9.4621e-10	-0.342612
9.46281e-10	-0.342593
9.46352e-10	-0.342574
9.46423e-10	-0.342554
9.46493e-10	-0.342533
9.46564e-10	-0.342512
9.46635e-10	-0.34249
9.46706e-10	-0.342467
9.46776e-10	-0.342444
9.46847e-10	-0.34242
9.46918e-10	-0.342395
9.46988e-10	-0.342369
9.47059e-10	-0.342343
9.4713e-10	-0.342317
9.47201e-10	-0.342289
9.47271e-10	-0.342261
9.47342e-10	-0.342232
9.47413e-10	-0.342203
9.47484e-10	-0.342173
9.47554e-10	-0.342142
9.47625e-10	-0.342111
9.47696e-10	-0.342079
9.47766e-10	-0.342046
9.47837e-10	-0.342013
9.47908e-10	-0.341978
9.47979e-10	-0.341944
9.48049e-10	-0.341908
9.4812e-10	-0.341872
9.48191e-10	-0.341835
9.48262e-10	-0.341798
9.48332e-10	-0.34176
9.48403e-10	-0.341721
9.48474e-10	-0.341681
9.48544e-10	-0.341641
9.48615e-10	-0.3416
9.48686e-10	-0.341559
9.48757e-10	-0.341516
9.48827e-10	-0.341473
9.48898e-10	-0.34143
9.48969e-10	-0.341386
9.4904e-10	-0.341341
9.4911e-10	-0.341295
9.49181e-10	-0.341249
9.49252e-10	-0.341202
9.49322e-10	-0.341154
9.49393e-10	-0.341106
9.49464e-10	-0.341057
9.49535e-10	-0.341007
9.49605e-10	-0.340957
9.49676e-10	-0.340906
9.49747e-10	-0.340854
9.49818e-10	-0.340801
9.49888e-10	-0.340748
9.49959e-10	-0.340694
9.5003e-10	-0.34064
9.501e-10	-0.340585
9.50171e-10	-0.340529
9.50242e-10	-0.340472
9.50313e-10	-0.340415
9.50383e-10	-0.340357
9.50454e-10	-0.340299
9.50525e-10	-0.340239
9.50596e-10	-0.340179
9.50666e-10	-0.340119
9.50737e-10	-0.340057
9.50808e-10	-0.339995
9.50879e-10	-0.339933
9.50949e-10	-0.339869
9.5102e-10	-0.339805
9.51091e-10	-0.339741
9.51161e-10	-0.339675
9.51232e-10	-0.339609
9.51303e-10	-0.339542
9.51374e-10	-0.339475
9.51444e-10	-0.339406
9.51515e-10	-0.339337
9.51586e-10	-0.339268
9.51657e-10	-0.339198
9.51727e-10	-0.339127
9.51798e-10	-0.339055
9.51869e-10	-0.338983
9.51939e-10	-0.33891
9.5201e-10	-0.338836
9.52081e-10	-0.338761
9.52152e-10	-0.338686
9.52222e-10	-0.33861
9.52293e-10	-0.338534
9.52364e-10	-0.338457
9.52435e-10	-0.338379
9.52505e-10	-0.3383
9.52576e-10	-0.338221
9.52647e-10	-0.338141
9.52717e-10	-0.33806
9.52788e-10	-0.337979
9.52859e-10	-0.337897
9.5293e-10	-0.337814
9.53e-10	-0.337731
9.53071e-10	-0.337647
9.53142e-10	-0.337562
9.53213e-10	-0.337476
9.53283e-10	-0.33739
9.53354e-10	-0.337303
9.53425e-10	-0.337216
9.53495e-10	-0.337127
9.53566e-10	-0.337038
9.53637e-10	-0.336949
9.53708e-10	-0.336858
9.53778e-10	-0.336767
9.53849e-10	-0.336675
9.5392e-10	-0.336583
9.53991e-10	-0.33649
9.54061e-10	-0.336396
9.54132e-10	-0.336301
9.54203e-10	-0.336206
9.54273e-10	-0.33611
9.54344e-10	-0.336013
9.54415e-10	-0.335916
9.54486e-10	-0.335818
9.54556e-10	-0.335719
9.54627e-10	-0.335619
9.54698e-10	-0.335519
9.54769e-10	-0.335418
9.54839e-10	-0.335317
9.5491e-10	-0.335215
9.54981e-10	-0.335112
9.55052e-10	-0.335008
9.55122e-10	-0.334904
9.55193e-10	-0.334798
9.55264e-10	-0.334693
9.55334e-10	-0.334586
9.55405e-10	-0.334479
9.55476e-10	-0.334371
9.55547e-10	-0.334262
9.55617e-10	-0.334153
9.55688e-10	-0.334043
9.55759e-10	-0.333933
9.5583e-10	-0.333821
9.559e-10	-0.333709
9.55971e-10	-0.333596
9.56042e-10	-0.333483
9.56112e-10	-0.333368
9.56183e-10	-0.333254
9.56254e-10	-0.333138
9.56325e-10	-0.333022
9.56395e-10	-0.332905
9.56466e-10	-0.332787
9.56537e-10	-0.332668
9.56608e-10	-0.332549
9.56678e-10	-0.332429
9.56749e-10	-0.332309
9.5682e-10	-0.332188
9.5689e-10	-0.332066
9.56961e-10	-0.331943
9.57032e-10	-0.33182
9.57103e-10	-0.331695
9.57173e-10	-0.331571
9.57244e-10	-0.331445
9.57315e-10	-0.331319
9.57386e-10	-0.331192
9.57456e-10	-0.331064
9.57527e-10	-0.330936
9.57598e-10	-0.330807
9.57668e-10	-0.330677
9.57739e-10	-0.330547
9.5781e-10	-0.330416
9.57881e-10	-0.330284
9.57951e-10	-0.330151
9.58022e-10	-0.330018
9.58093e-10	-0.329884
9.58164e-10	-0.329749
9.58234e-10	-0.329614
9.58305e-10	-0.329478
9.58376e-10	-0.329341
9.58447e-10	-0.329203
9.58517e-10	-0.329065
9.58588e-10	-0.328926
9.58659e-10	-0.328786
9.58729e-10	-0.328646
9.588e-10	-0.328505
9.58871e-10	-0.328363
9.58942e-10	-0.328221
9.59012e-10	-0.328077
9.59083e-10	-0.327934
9.59154e-10	-0.327789
9.59225e-10	-0.327644
9.59295e-10	-0.327498
9.59366e-10	-0.327351
9.59437e-10	-0.327203
9.59507e-10	-0.327055
9.59578e-10	-0.326906
9.59649e-10	-0.326757
9.5972e-10	-0.326606
9.5979e-10	-0.326455
9.59861e-10	-0.326304
9.59932e-10	-0.326151
9.60003e-10	-0.325998
9.60073e-10	-0.325844
9.60144e-10	-0.325689
9.60215e-10	-0.325534
9.60285e-10	-0.325378
9.60356e-10	-0.325221
9.60427e-10	-0.325064
9.60498e-10	-0.324906
9.60568e-10	-0.324747
9.60639e-10	-0.324587
9.6071e-10	-0.324427
9.60781e-10	-0.324266
9.60851e-10	-0.324104
9.60922e-10	-0.323942
9.60993e-10	-0.323779
9.61063e-10	-0.323615
9.61134e-10	-0.32345
9.61205e-10	-0.323285
9.61276e-10	-0.323119
9.61346e-10	-0.322952
9.61417e-10	-0.322785
9.61488e-10	-0.322617
9.61559e-10	-0.322448
9.61629e-10	-0.322278
9.617e-10	-0.322108
9.61771e-10	-0.321937
9.61841e-10	-0.321765
9.61912e-10	-0.321593
9.61983e-10	-0.32142
9.62054e-10	-0.321246
9.62124e-10	-0.321072
9.62195e-10	-0.320896
9.62266e-10	-0.32072
9.62337e-10	-0.320544
9.62407e-10	-0.320366
9.62478e-10	-0.320188
9.62549e-10	-0.320009
9.6262e-10	-0.31983
9.6269e-10	-0.319649
9.62761e-10	-0.319468
9.62832e-10	-0.319287
9.62902e-10	-0.319104
9.62973e-10	-0.318921
9.63044e-10	-0.318737
9.63115e-10	-0.318553
9.63185e-10	-0.318367
9.63256e-10	-0.318181
9.63327e-10	-0.317995
9.63398e-10	-0.317807
9.63468e-10	-0.317619
9.63539e-10	-0.31743
9.6361e-10	-0.317241
9.6368e-10	-0.31705
9.63751e-10	-0.316859
9.63822e-10	-0.316668
9.63893e-10	-0.316475
9.63963e-10	-0.316282
9.64034e-10	-0.316088
9.64105e-10	-0.315894
9.64176e-10	-0.315698
9.64246e-10	-0.315502
9.64317e-10	-0.315306
9.64388e-10	-0.315108
9.64458e-10	-0.31491
9.64529e-10	-0.314711
9.646e-10	-0.314512
9.64671e-10	-0.314311
9.64741e-10	-0.31411
9.64812e-10	-0.313909
9.64883e-10	-0.313706
9.64954e-10	-0.313503
9.65024e-10	-0.313299
9.65095e-10	-0.313095
9.65166e-10	-0.312889
9.65236e-10	-0.312683
9.65307e-10	-0.312477
9.65378e-10	-0.312269
9.65449e-10	-0.312061
9.65519e-10	-0.311852
9.6559e-10	-0.311642
9.65661e-10	-0.311432
9.65732e-10	-0.311221
9.65802e-10	-0.311009
9.65873e-10	-0.310797
9.65944e-10	-0.310584
9.66014e-10	-0.31037
9.66085e-10	-0.310155
9.66156e-10	-0.30994
9.66227e-10	-0.309724
9.66297e-10	-0.309507
9.66368e-10	-0.30929
9.66439e-10	-0.309072
9.6651e-10	-0.308853
9.6658e-10	-0.308633
9.66651e-10	-0.308413
9.66722e-10	-0.308192
9.66793e-10	-0.30797
9.66863e-10	-0.307747
9.66934e-10	-0.307524
9.67005e-10	-0.3073
9.67075e-10	-0.307076
9.67146e-10	-0.30685
9.67217e-10	-0.306624
9.67288e-10	-0.306398
9.67358e-10	-0.30617
9.67429e-10	-0.305942
9.675e-10	-0.305713
9.67571e-10	-0.305483
9.67641e-10	-0.305253
9.67712e-10	-0.305022
9.67783e-10	-0.30479
9.67853e-10	-0.304558
9.67924e-10	-0.304325
9.67995e-10	-0.304091
9.68066e-10	-0.303856
9.68136e-10	-0.303621
9.68207e-10	-0.303385
9.68278e-10	-0.303148
9.68349e-10	-0.30291
9.68419e-10	-0.302672
9.6849e-10	-0.302433
9.68561e-10	-0.302194
9.68631e-10	-0.301953
9.68702e-10	-0.301712
9.68773e-10	-0.301471
9.68844e-10	-0.301228
9.68914e-10	-0.300985
9.68985e-10	-0.300741
9.69056e-10	-0.300497
9.69127e-10	-0.300251
9.69197e-10	-0.300005
9.69268e-10	-0.299758
9.69339e-10	-0.299511
9.69409e-10	-0.299263
9.6948e-10	-0.299014
9.69551e-10	-0.298764
9.69622e-10	-0.298514
9.69692e-10	-0.298263
9.69763e-10	-0.298011
9.69834e-10	-0.297759
9.69905e-10	-0.297506
9.69975e-10	-0.297252
9.70046e-10	-0.296997
9.70117e-10	-0.296742
9.70187e-10	-0.296486
9.70258e-10	-0.296229
9.70329e-10	-0.295972
9.704e-10	-0.295714
9.7047e-10	-0.295455
9.70541e-10	-0.295195
9.70612e-10	-0.294935
9.70683e-10	-0.294674
9.70753e-10	-0.294412
9.70824e-10	-0.29415
9.70895e-10	-0.293887
9.70966e-10	-0.293623
9.71036e-10	-0.293358
9.71107e-10	-0.293093
9.71178e-10	-0.292827
9.71248e-10	-0.292561
9.71319e-10	-0.292293
9.7139e-10	-0.292025
9.71461e-10	-0.291756
9.71531e-10	-0.291487
9.71602e-10	-0.291217
9.71673e-10	-0.290946
9.71744e-10	-0.290674
9.71814e-10	-0.290402
9.71885e-10	-0.290129
9.71956e-10	-0.289855
9.72026e-10	-0.28958
9.72097e-10	-0.289305
9.72168e-10	-0.289029
9.72239e-10	-0.288753
9.72309e-10	-0.288476
9.7238e-10	-0.288198
9.72451e-10	-0.287919
9.72522e-10	-0.287639
9.72592e-10	-0.287359
9.72663e-10	-0.287078
9.72734e-10	-0.286797
9.72804e-10	-0.286515
9.72875e-10	-0.286232
9.72946e-10	-0.285948
9.73017e-10	-0.285664
9.73087e-10	-0.285379
9.73158e-10	-0.285093
9.73229e-10	-0.284806
9.733e-10	-0.284519
9.7337e-10	-0.284231
9.73441e-10	-0.283943
9.73512e-10	-0.283653
9.73582e-10	-0.283363
9.73653e-10	-0.283073
9.73724e-10	-0.282781
9.73795e-10	-0.282489
9.73865e-10	-0.282196
9.73936e-10	-0.281903
9.74007e-10	-0.281609
9.74078e-10	-0.281314
9.74148e-10	-0.281018
9.74219e-10	-0.280722
9.7429e-10	-0.280425
9.7436e-10	-0.280127
9.74431e-10	-0.279829
9.74502e-10	-0.279529
9.74573e-10	-0.27923
9.74643e-10	-0.278929
9.74714e-10	-0.278628
9.74785e-10	-0.278326
9.74856e-10	-0.278023
9.74926e-10	-0.27772
9.74997e-10	-0.277416
9.75068e-10	-0.277111
9.75139e-10	-0.276806
9.75209e-10	-0.276499
9.7528e-10	-0.276193
9.75351e-10	-0.275885
9.75421e-10	-0.275577
9.75492e-10	-0.275268
9.75563e-10	-0.274958
9.75634e-10	-0.274648
9.75704e-10	-0.274337
9.75775e-10	-0.274025
9.75846e-10	-0.273713
9.75917e-10	-0.273399
9.75987e-10	-0.273086
9.76058e-10	-0.272771
9.76129e-10	-0.272456
9.76199e-10	-0.27214
9.7627e-10	-0.271823
9.76341e-10	-0.271506
9.76412e-10	-0.271188
9.76482e-10	-0.270869
9.76553e-10	-0.27055
9.76624e-10	-0.27023
9.76695e-10	-0.269909
9.76765e-10	-0.269587
9.76836e-10	-0.269265
9.76907e-10	-0.268942
9.76977e-10	-0.268619
9.77048e-10	-0.268294
9.77119e-10	-0.267969
9.7719e-10	-0.267644
9.7726e-10	-0.267317
9.77331e-10	-0.26699
9.77402e-10	-0.266663
9.77473e-10	-0.266334
9.77543e-10	-0.266005
9.77614e-10	-0.265675
9.77685e-10	-0.265345
9.77755e-10	-0.265014
9.77826e-10	-0.264682
9.77897e-10	-0.264349
9.77968e-10	-0.264016
9.78038e-10	-0.263682
9.78109e-10	-0.263347
9.7818e-10	-0.263012
9.78251e-10	-0.262676
9.78321e-10	-0.262339
9.78392e-10	-0.262002
9.78463e-10	-0.261664
9.78533e-10	-0.261325
9.78604e-10	-0.260986
9.78675e-10	-0.260645
9.78746e-10	-0.260305
9.78816e-10	-0.259963
9.78887e-10	-0.259621
9.78958e-10	-0.259278
9.79029e-10	-0.258934
9.79099e-10	-0.25859
9.7917e-10	-0.258245
9.79241e-10	-0.257899
9.79312e-10	-0.257553
9.79382e-10	-0.257206
9.79453e-10	-0.256858
9.79524e-10	-0.25651
9.79594e-10	-0.256161
9.79665e-10	-0.255811
9.79736e-10	-0.255461
9.79807e-10	-0.25511
9.79877e-10	-0.254758
9.79948e-10	-0.254405
9.80019e-10	-0.254052
9.8009e-10	-0.253698
9.8016e-10	-0.253344
9.80231e-10	-0.252989
9.80302e-10	-0.252633
9.80372e-10	-0.252276
9.80443e-10	-0.251919
9.80514e-10	-0.251561
9.80585e-10	-0.251203
9.80655e-10	-0.250843
9.80726e-10	-0.250483
9.80797e-10	-0.250123
9.80868e-10	-0.249761
9.80938e-10	-0.249399
9.81009e-10	-0.249037
9.8108e-10	-0.248673
9.8115e-10	-0.248309
9.81221e-10	-0.247945
9.81292e-10	-0.247579
9.81363e-10	-0.247213
9.81433e-10	-0.246847
9.81504e-10	-0.246479
9.81575e-10	-0.246111
9.81646e-10	-0.245742
9.81716e-10	-0.245373
9.81787e-10	-0.245003
9.81858e-10	-0.244632
9.81928e-10	-0.244261
9.81999e-10	-0.243889
9.8207e-10	-0.243516
9.82141e-10	-0.243142
9.82211e-10	-0.242768
9.82282e-10	-0.242393
9.82353e-10	-0.242018
9.82424e-10	-0.241642
9.82494e-10	-0.241265
9.82565e-10	-0.240888
9.82636e-10	-0.24051
9.82706e-10	-0.240131
9.82777e-10	-0.239751
9.82848e-10	-0.239371
9.82919e-10	-0.23899
9.82989e-10	-0.238609
9.8306e-10	-0.238227
9.83131e-10	-0.237844
9.83202e-10	-0.23746
9.83272e-10	-0.237076
9.83343e-10	-0.236692
9.83414e-10	-0.236306
9.83485e-10	-0.23592
9.83555e-10	-0.235533
9.83626e-10	-0.235146
9.83697e-10	-0.234758
9.83767e-10	-0.234369
9.83838e-10	-0.233979
9.83909e-10	-0.233589
9.8398e-10	-0.233199
9.8405e-10	-0.232807
9.84121e-10	-0.232415
9.84192e-10	-0.232022
9.84263e-10	-0.231629
9.84333e-10	-0.231235
9.84404e-10	-0.23084
9.84475e-10	-0.230445
9.84545e-10	-0.230049
9.84616e-10	-0.229652
9.84687e-10	-0.229255
9.84758e-10	-0.228857
9.84828e-10	-0.228458
9.84899e-10	-0.228059
9.8497e-10	-0.227659
9.85041e-10	-0.227258
9.85111e-10	-0.226857
9.85182e-10	-0.226455
9.85253e-10	-0.226053
9.85323e-10	-0.225649
9.85394e-10	-0.225245
9.85465e-10	-0.224841
9.85536e-10	-0.224436
9.85606e-10	-0.22403
9.85677e-10	-0.223623
9.85748e-10	-0.223216
9.85819e-10	-0.222808
9.85889e-10	-0.2224
9.8596e-10	-0.221991
9.86031e-10	-0.221581
9.86101e-10	-0.221171
9.86172e-10	-0.22076
9.86243e-10	-0.220348
9.86314e-10	-0.219936
9.86384e-10	-0.219523
9.86455e-10	-0.219109
9.86526e-10	-0.218695
9.86597e-10	-0.21828
9.86667e-10	-0.217865
9.86738e-10	-0.217448
9.86809e-10	-0.217032
9.86879e-10	-0.216614
9.8695e-10	-0.216196
9.87021e-10	-0.215777
9.87092e-10	-0.215358
9.87162e-10	-0.214938
9.87233e-10	-0.214517
9.87304e-10	-0.214096
9.87375e-10	-0.213674
9.87445e-10	-0.213251
9.87516e-10	-0.212828
9.87587e-10	-0.212404
9.87658e-10	-0.21198
9.87728e-10	-0.211554
9.87799e-10	-0.211129
9.8787e-10	-0.210702
9.8794e-10	-0.210275
9.88011e-10	-0.209848
9.88082e-10	-0.209419
9.88153e-10	-0.20899
9.88223e-10	-0.208561
9.88294e-10	-0.20813
9.88365e-10	-0.2077
9.88436e-10	-0.207268
9.88506e-10	-0.206836
9.88577e-10	-0.206403
9.88648e-10	-0.20597
9.88718e-10	-0.205536
9.88789e-10	-0.205101
9.8886e-10	-0.204666
9.88931e-10	-0.20423
9.89001e-10	-0.203794
9.89072e-10	-0.203356
9.89143e-10	-0.202919
9.89214e-10	-0.20248
9.89284e-10	-0.202041
9.89355e-10	-0.201602
9.89426e-10	-0.201161
9.89496e-10	-0.20072
9.89567e-10	-0.200279
9.89638e-10	-0.199837
9.89709e-10	-0.199394
9.89779e-10	-0.198951
9.8985e-10	-0.198507
9.89921e-10	-0.198062
9.89992e-10	-0.197617
9.90062e-10	-0.197171
9.90133e-10	-0.196724
9.90204e-10	-0.196277
9.90274e-10	-0.195829
9.90345e-10	-0.195381
9.90416e-10	-0.194932
9.90487e-10	-0.194483
9.90557e-10	-0.194032
9.90628e-10	-0.193582
9.90699e-10	-0.19313
9.9077e-10	-0.192678
9.9084e-10	-0.192226
9.90911e-10	-0.191772
9.90982e-10	-0.191318
9.91052e-10	-0.190864
9.91123e-10	-0.190409
9.91194e-10	-0.189953
9.91265e-10	-0.189497
9.91335e-10	-0.18904
9.91406e-10	-0.188582
9.91477e-10	-0.188124
9.91548e-10	-0.187665
9.91618e-10	-0.187206
9.91689e-10	-0.186746
9.9176e-10	-0.186286
9.91831e-10	-0.185824
9.91901e-10	-0.185363
9.91972e-10	-0.1849
9.92043e-10	-0.184437
9.92113e-10	-0.183974
9.92184e-10	-0.18351
9.92255e-10	-0.183045
9.92326e-10	-0.182579
9.92396e-10	-0.182113
9.92467e-10	-0.181647
9.92538e-10	-0.18118
9.92609e-10	-0.180712
9.92679e-10	-0.180243
9.9275e-10	-0.179774
9.92821e-10	-0.179305
9.92891e-10	-0.178835
9.92962e-10	-0.178364
9.93033e-10	-0.177893
9.93104e-10	-0.177421
9.93174e-10	-0.176948
9.93245e-10	-0.176475
9.93316e-10	-0.176001
9.93387e-10	-0.175527
9.93457e-10	-0.175052
9.93528e-10	-0.174576
9.93599e-10	-0.1741
9.93669e-10	-0.173624
9.9374e-10	-0.173146
9.93811e-10	-0.172668
9.93882e-10	-0.17219
9.93952e-10	-0.171711
9.94023e-10	-0.171231
9.94094e-10	-0.170751
9.94165e-10	-0.17027
9.94235e-10	-0.169789
9.94306e-10	-0.169307
9.94377e-10	-0.168824
9.94447e-10	-0.168341
9.94518e-10	-0.167857
9.94589e-10	-0.167373
9.9466e-10	-0.166888
9.9473e-10	-0.166403
9.94801e-10	-0.165917
9.94872e-10	-0.16543
9.94943e-10	-0.164943
9.95013e-10	-0.164455
9.95084e-10	-0.163967
9.95155e-10	-0.163478
9.95225e-10	-0.162988
9.95296e-10	-0.162498
9.95367e-10	-0.162008
9.95438e-10	-0.161516
9.95508e-10	-0.161025
9.95579e-10	-0.160532
9.9565e-10	-0.160039
9.95721e-10	-0.159546
9.95791e-10	-0.159052
9.95862e-10	-0.158557
9.95933e-10	-0.158062
9.96004e-10	-0.157566
9.96074e-10	-0.15707
9.96145e-10	-0.156573
9.96216e-10	-0.156075
9.96286e-10	-0.155577
9.96357e-10	-0.155079
9.96428e-10	-0.154579
9.96499e-10	-0.15408
9.96569e-10	-0.153579
9.9664e-10	-0.153079
9.96711e-10	-0.152577
9.96782e-10	-0.152075
9.96852e-10	-0.151573
9.96923e-10	-0.15107
9.96994e-10	-0.150566
9.97064e-10	-0.150062
9.97135e-10	-0.149557
9.97206e-10	-0.149052
9.97277e-10	-0.148546
9.97347e-10	-0.148039
9.97418e-10	-0.147532
9.97489e-10	-0.147025
9.9756e-10	-0.146517
9.9763e-10	-0.146008
9.97701e-10	-0.145499
9.97772e-10	-0.144989
9.97842e-10	-0.144479
9.97913e-10	-0.143968
9.97984e-10	-0.143456
9.98055e-10	-0.142944
9.98125e-10	-0.142432
9.98196e-10	-0.141919
9.98267e-10	-0.141405
9.98338e-10	-0.140891
9.98408e-10	-0.140376
9.98479e-10	-0.139861
9.9855e-10	-0.139345
9.9862e-10	-0.138829
9.98691e-10	-0.138312
9.98762e-10	-0.137795
9.98833e-10	-0.137277
9.98903e-10	-0.136759
9.98974e-10	-0.13624
9.99045e-10	-0.13572
9.99116e-10	-0.1352
9.99186e-10	-0.134679
9.99257e-10	-0.134158
9.99328e-10	-0.133636
9.99398e-10	-0.133114
9.99469e-10	-0.132592
9.9954e-10	-0.132068
9.99611e-10	-0.131544
9.99681e-10	-0.13102
9.99752e-10	-0.130495
9.99823e-10	-0.12997
9.99894e-10	-0.129444
9.99964e-10	-0.128917
1.00004e-09	-0.12839
1.00011e-09	-0.127863
1.00018e-09	-0.127335
1.00025e-09	-0.126806
1.00032e-09	-0.126277
1.00039e-09	-0.125748
1.00046e-09	-0.125218
1.00053e-09	-0.124687
1.0006e-09	-0.124156
1.00067e-09	-0.123624
1.00074e-09	-0.123092
1.00081e-09	-0.122559
1.00088e-09	-0.122026
1.00095e-09	-0.121492
1.00103e-09	-0.120958
1.0011e-09	-0.120423
1.00117e-09	-0.119888
1.00124e-09	-0.119352
1.00131e-09	-0.118816
1.00138e-09	-0.118279
1.00145e-09	-0.117741
1.00152e-09	-0.117203
1.00159e-09	-0.116665
1.00166e-09	-0.116126
1.00173e-09	-0.115587
1.0018e-09	-0.115047
1.00187e-09	-0.114506
1.00194e-09	-0.113966
1.00202e-09	-0.113424
1.00209e-09	-0.112882
1.00216e-09	-0.11234
1.00223e-09	-0.111797
1.0023e-09	-0.111253
1.00237e-09	-0.11071
1.00244e-09	-0.110165
1.00251e-09	-0.10962
1.00258e-09	-0.109075
1.00265e-09	-0.108529
1.00272e-09	-0.107982
1.00279e-09	-0.107436
1.00286e-09	-0.106888
1.00293e-09	-0.10634
1.00301e-09	-0.105792
1.00308e-09	-0.105243
1.00315e-09	-0.104694
1.00322e-09	-0.104144
1.00329e-09	-0.103593
1.00336e-09	-0.103042
1.00343e-09	-0.102491
1.0035e-09	-0.101939
1.00357e-09	-0.101387
1.00364e-09	-0.100834
1.00371e-09	-0.100281
1.00378e-09	-0.0997271
1.00385e-09	-0.0991728
1.00393e-09	-0.0986181
1.004e-09	-0.0980629
1.00407e-09	-0.0975072
1.00414e-09	-0.096951
1.00421e-09	-0.0963943
1.00428e-09	-0.0958372
1.00435e-09	-0.0952796
1.00442e-09	-0.0947215
1.00449e-09	-0.0941629
1.00456e-09	-0.0936039
1.00463e-09	-0.0930444
1.0047e-09	-0.0924844
1.00477e-09	-0.0919239
1.00484e-09	-0.091363
1.00492e-09	-0.0908016
1.00499e-09	-0.0902397
1.00506e-09	-0.0896774
1.00513e-09	-0.0891145
1.0052e-09	-0.0885513
1.00527e-09	-0.0879875
1.00534e-09	-0.0874233
1.00541e-09	-0.0868587
1.00548e-09	-0.0862935
1.00555e-09	-0.0857279
1.00562e-09	-0.0851618
1.00569e-09	-0.0845953
1.00576e-09	-0.0840283
1.00583e-09	-0.0834609
1.00591e-09	-0.082893
1.00598e-09	-0.0823246
1.00605e-09	-0.0817558
1.00612e-09	-0.0811866
1.00619e-09	-0.0806168
1.00626e-09	-0.0800467
1.00633e-09	-0.079476
1.0064e-09	-0.0789049
1.00647e-09	-0.0783334
1.00654e-09	-0.0777614
1.00661e-09	-0.077189
1.00668e-09	-0.0766161
1.00675e-09	-0.0760428
1.00683e-09	-0.075469
1.0069e-09	-0.0748948
1.00697e-09	-0.0743201
1.00704e-09	-0.073745
1.00711e-09	-0.0731694
1.00718e-09	-0.0725934
1.00725e-09	-0.072017
1.00732e-09	-0.0714401
1.00739e-09	-0.0708628
1.00746e-09	-0.070285
1.00753e-09	-0.0697068
1.0076e-09	-0.0691282
1.00767e-09	-0.0685491
1.00774e-09	-0.0679697
1.00782e-09	-0.0673897
1.00789e-09	-0.0668093
1.00796e-09	-0.0662285
1.00803e-09	-0.0656473
1.0081e-09	-0.0650656
1.00817e-09	-0.0644835
1.00824e-09	-0.063901
1.00831e-09	-0.0633181
1.00838e-09	-0.0627347
1.00845e-09	-0.0621509
1.00852e-09	-0.0615667
1.00859e-09	-0.060982
1.00866e-09	-0.0603969
1.00873e-09	-0.0598115
1.00881e-09	-0.0592255
1.00888e-09	-0.0586392
1.00895e-09	-0.0580524
1.00902e-09	-0.0574653
1.00909e-09	-0.0568777
1.00916e-09	-0.0562897
1.00923e-09	-0.0557012
1.0093e-09	-0.0551124
1.00937e-09	-0.0545232
1.00944e-09	-0.0539335
1.00951e-09	-0.0533434
1.00958e-09	-0.0527529
1.00965e-09	-0.052162
1.00972e-09	-0.0515707
1.0098e-09	-0.050979
1.00987e-09	-0.0503869
1.00994e-09	-0.0497944
1.01001e-09	-0.0492015
1.01008e-09	-0.0486081
1.01015e-09	-0.0480144
1.01022e-09	-0.0474203
1.01029e-09	-0.0468257
1.01036e-09	-0.0462308
1.01043e-09	-0.0456354
1.0105e-09	-0.0450397
1.01057e-09	-0.0444436
1.01064e-09	-0.043847
1.01072e-09	-0.0432501
1.01079e-09	-0.0426528
1.01086e-09	-0.0420551
1.01093e-09	-0.041457
1.011e-09	-0.0408585
1.01107e-09	-0.0402596
1.01114e-09	-0.0396603
1.01121e-09	-0.0390607
1.01128e-09	-0.0384606
1.01135e-09	-0.0378602
1.01142e-09	-0.0372594
1.01149e-09	-0.0366581
1.01156e-09	-0.0360566
1.01163e-09	-0.0354546
1.01171e-09	-0.0348522
1.01178e-09	-0.0342495
1.01185e-09	-0.0336464
1.01192e-09	-0.0330429
1.01199e-09	-0.032439
1.01206e-09	-0.0318348
1.01213e-09	-0.0312302
1.0122e-09	-0.0306252
1.01227e-09	-0.0300198
1.01234e-09	-0.0294141
1.01241e-09	-0.0288079
1.01248e-09	-0.0282015
1.01255e-09	-0.0275946
1.01262e-09	-0.0269874
1.0127e-09	-0.0263798
1.01277e-09	-0.0257718
1.01284e-09	-0.0251635
1.01291e-09	-0.0245548
1.01298e-09	-0.0239458
1.01305e-09	-0.0233364
1.01312e-09	-0.0227266
1.01319e-09	-0.0221165
1.01326e-09	-0.021506
1.01333e-09	-0.0208951
1.0134e-09	-0.0202839
1.01347e-09	-0.0196724
1.01354e-09	-0.0190604
1.01361e-09	-0.0184482
1.01369e-09	-0.0178355
1.01376e-09	-0.0172226
1.01383e-09	-0.0166092
1.0139e-09	-0.0159956
1.01397e-09	-0.0153815
1.01404e-09	-0.0147671
1.01411e-09	-0.0141524
1.01418e-09	-0.0135374
1.01425e-09	-0.0129219
1.01432e-09	-0.0123062
1.01439e-09	-0.0116901
1.01446e-09	-0.0110736
1.01453e-09	-0.0104569
1.01461e-09	-0.00983974
1.01468e-09	-0.00922228
1.01475e-09	-0.00860448
1.01482e-09	-0.00798634
1.01489e-09	-0.00736787
1.01496e-09	-0.00674907
1.01503e-09	-0.00612993
1.0151e-09	-0.00551046
1.01517e-09	-0.00489065
1.01524e-09	-0.00427052
1.01531e-09	-0.00365006
1.01538e-09	-0.00302927
1.01545e-09	-0.00240815
1.01552e-09	-0.00178671
1.0156e-09	-0.00116494
1.01567e-09	-0.000542849
1.01574e-09	7.95654e-05
1.01581e-09	0.000702302
1.01588e-09	0.00132536
1.01595e-09	0.00194874
1.01602e-09	0.00257243
1.01609e-09	0.00319644
1.01616e-09	0.00382077
1.01623e-09	0.00444542
1.0163e-09	0.00507038
1.01637e-09	0.00569565
1.01644e-09	0.00632123
1.01651e-09	0.00694713
1.01659e-09	0.00757333
1.01666e-09	0.00819985
1.01673e-09	0.00882667
1.0168e-09	0.0094538
1.01687e-09	0.0100812
1.01694e-09	0.010709
1.01701e-09	0.011337
1.01708e-09	0.0119654
1.01715e-09	0.012594
1.01722e-09	0.013223
1.01729e-09	0.0138522
1.01736e-09	0.0144817
1.01743e-09	0.0151116
1.01751e-09	0.0157417
1.01758e-09	0.0163722
1.01765e-09	0.0170029
1.01772e-09	0.0176339
1.01779e-09	0.0182652
1.01786e-09	0.0188968
1.01793e-09	0.0195287
1.018e-09	0.0201609
1.01807e-09	0.0207933
1.01814e-09	0.0214261
1.01821e-09	0.0220591
1.01828e-09	0.0226924
1.01835e-09	0.023326
1.01842e-09	0.0239599
1.0185e-09	0.0245941
1.01857e-09	0.0252285
1.01864e-09	0.0258633
1.01871e-09	0.0264983
1.01878e-09	0.0271335
1.01885e-09	0.0277691
1.01892e-09	0.0284049
1.01899e-09	0.029041
1.01906e-09	0.0296774
1.01913e-09	0.030314
1.0192e-09	0.0309509
1.01927e-09	0.0315881
1.01934e-09	0.0322255
1.01941e-09	0.0328632
1.01949e-09	0.0335012
1.01956e-09	0.0341395
1.01963e-09	0.034778
1.0197e-09	0.0354167
1.01977e-09	0.0360557
1.01984e-09	0.036695
1.01991e-09	0.0373346
1.01998e-09	0.0379744
1.02005e-09	0.0386144
1.02012e-09	0.0392547
1.02019e-09	0.0398953
1.02026e-09	0.0405361
1.02033e-09	0.0411772
1.0204e-09	0.0418185
1.02048e-09	0.04246
1.02055e-09	0.0431019
1.02062e-09	0.0437439
1.02069e-09	0.0443862
1.02076e-09	0.0450288
1.02083e-09	0.0456716
1.0209e-09	0.0463146
1.02097e-09	0.0469579
1.02104e-09	0.0476014
1.02111e-09	0.0482451
1.02118e-09	0.0488891
1.02125e-09	0.0495334
1.02132e-09	0.0501778
1.0214e-09	0.0508225
1.02147e-09	0.0514675
1.02154e-09	0.0521126
1.02161e-09	0.052758
1.02168e-09	0.0534036
1.02175e-09	0.0540495
1.02182e-09	0.0546956
1.02189e-09	0.0553419
1.02196e-09	0.0559884
1.02203e-09	0.0566352
1.0221e-09	0.0572821
1.02217e-09	0.0579293
1.02224e-09	0.0585767
1.02231e-09	0.0592244
1.02239e-09	0.0598722
1.02246e-09	0.0605203
1.02253e-09	0.0611686
1.0226e-09	0.0618171
1.02267e-09	0.0624658
1.02274e-09	0.0631147
1.02281e-09	0.0637639
1.02288e-09	0.0644132
1.02295e-09	0.0650628
1.02302e-09	0.0657125
1.02309e-09	0.0663625
1.02316e-09	0.0670127
1.02323e-09	0.0676631
1.0233e-09	0.0683137
1.02338e-09	0.0689644
1.02345e-09	0.0696154
1.02352e-09	0.0702666
1.02359e-09	0.070918
1.02366e-09	0.0715696
1.02373e-09	0.0722213
1.0238e-09	0.0728733
1.02387e-09	0.0735255
1.02394e-09	0.0741778
1.02401e-09	0.0748304
1.02408e-09	0.0754831
1.02415e-09	0.076136
1.02422e-09	0.0767891
1.0243e-09	0.0774424
1.02437e-09	0.0780959
1.02444e-09	0.0787496
1.02451e-09	0.0794034
1.02458e-09	0.0800574
1.02465e-09	0.0807116
1.02472e-09	0.081366
1.02479e-09	0.0820206
1.02486e-09	0.0826753
1.02493e-09	0.0833303
1.025e-09	0.0839853
1.02507e-09	0.0846406
1.02514e-09	0.085296
1.02521e-09	0.0859516
1.02529e-09	0.0866074
1.02536e-09	0.0872634
1.02543e-09	0.0879195
1.0255e-09	0.0885758
1.02557e-09	0.0892322
1.02564e-09	0.0898888
1.02571e-09	0.0905456
1.02578e-09	0.0912025
1.02585e-09	0.0918596
1.02592e-09	0.0925168
1.02599e-09	0.0931742
1.02606e-09	0.0938318
1.02613e-09	0.0944895
1.0262e-09	0.0951473
1.02628e-09	0.0958054
1.02635e-09	0.0964635
1.02642e-09	0.0971219
1.02649e-09	0.0977803
1.02656e-09	0.0984389
1.02663e-09	0.0990977
1.0267e-09	0.0997566
1.02677e-09	0.100416
1.02684e-09	0.101075
1.02691e-09	0.101734
1.02698e-09	0.102394
1.02705e-09	0.103053
1.02712e-09	0.103713
1.02719e-09	0.104373
1.02727e-09	0.105033
1.02734e-09	0.105693
1.02741e-09	0.106353
1.02748e-09	0.107014
1.02755e-09	0.107674
1.02762e-09	0.108335
1.02769e-09	0.108996
1.02776e-09	0.109657
1.02783e-09	0.110318
1.0279e-09	0.110979
1.02797e-09	0.11164
1.02804e-09	0.112302
1.02811e-09	0.112963
1.02819e-09	0.113625
1.02826e-09	0.114287
1.02833e-09	0.114949
1.0284e-09	0.115611
1.02847e-09	0.116273
1.02854e-09	0.116935
1.02861e-09	0.117597
1.02868e-09	0.11826
1.02875e-09	0.118922
1.02882e-09	0.119585
1.02889e-09	0.120248
1.02896e-09	0.120911
1.02903e-09	0.121574
1.0291e-09	0.122237
1.02918e-09	0.1229
1.02925e-09	0.123563
1.02932e-09	0.124227
1.02939e-09	0.12489
1.02946e-09	0.125554
1.02953e-09	0.126218
1.0296e-09	0.126881
1.02967e-09	0.127545
1.02974e-09	0.128209
1.02981e-09	0.128873
1.02988e-09	0.129537
1.02995e-09	0.130202
1.03002e-09	0.130866
1.03009e-09	0.13153
1.03017e-09	0.132195
1.03024e-09	0.132859
1.03031e-09	0.133524
1.03038e-09	0.134189
1.03045e-09	0.134854
1.03052e-09	0.135519
1.03059e-09	0.136184
1.03066e-09	0.136849
1.03073e-09	0.137514
1.0308e-09	0.138179
1.03087e-09	0.138844
1.03094e-09	0.139509
1.03101e-09	0.140175
1.03109e-09	0.14084
1.03116e-09	0.141506
1.03123e-09	0.142172
1.0313e-09	0.142837
1.03137e-09	0.143503
1.03144e-09	0.144169
1.03151e-09	0.144835
1.03158e-09	0.1455
1.03165e-09	0.146166
1.03172e-09	0.146832
1.03179e-09	0.147498
1.03186e-09	0.148165
1.03193e-09	0.148831
1.032e-09	0.149497
1.03208e-09	0.150163
1.03215e-09	0.15083
1.03222e-09	0.151496
1.03229e-09	0.152162
1.03236e-09	0.152829
1.03243e-09	0.153495
1.0325e-09	0.154162
1.03257e-09	0.154829
1.03264e-09	0.155495
1.03271e-09	0.156162
1.03278e-09	0.156829
1.03285e-09	0.157495
1.03292e-09	0.158162
1.03299e-09	0.158829
1.03307e-09	0.159496
1.03314e-09	0.160163
1.03321e-09	0.160829
1.03328e-09	0.161496
1.03335e-09	0.162163
1.03342e-09	0.16283
1.03349e-09	0.163497
1.03356e-09	0.164164
1.03363e-09	0.164831
1.0337e-09	0.165498
1.03377e-09	0.166166
1.03384e-09	0.166833
1.03391e-09	0.1675
1.03398e-09	0.168167
1.03406e-09	0.168834
1.03413e-09	0.169501
1.0342e-09	0.170168
1.03427e-09	0.170836
1.03434e-09	0.171503
1.03441e-09	0.17217
1.03448e-09	0.172837
1.03455e-09	0.173504
1.03462e-09	0.174171
1.03469e-09	0.174839
1.03476e-09	0.175506
1.03483e-09	0.176173
1.0349e-09	0.17684
1.03498e-09	0.177507
1.03505e-09	0.178175
1.03512e-09	0.178842
1.03519e-09	0.179509
1.03526e-09	0.180176
1.03533e-09	0.180843
1.0354e-09	0.181511
1.03547e-09	0.182178
1.03554e-09	0.182845
1.03561e-09	0.183512
1.03568e-09	0.184179
1.03575e-09	0.184846
1.03582e-09	0.185513
1.03589e-09	0.18618
1.03597e-09	0.186847
1.03604e-09	0.187514
1.03611e-09	0.188181
1.03618e-09	0.188848
1.03625e-09	0.189515
1.03632e-09	0.190182
1.03639e-09	0.190849
1.03646e-09	0.191515
1.03653e-09	0.192182
1.0366e-09	0.192849
1.03667e-09	0.193516
1.03674e-09	0.194182
1.03681e-09	0.194849
1.03688e-09	0.195516
1.03696e-09	0.196182
1.03703e-09	0.196849
1.0371e-09	0.197515
1.03717e-09	0.198182
1.03724e-09	0.198848
1.03731e-09	0.199514
1.03738e-09	0.200181
1.03745e-09	0.200847
1.03752e-09	0.201513
1.03759e-09	0.202179
1.03766e-09	0.202845
1.03773e-09	0.203511
1.0378e-09	0.204177
1.03787e-09	0.204843
1.03795e-09	0.205509
1.03802e-09	0.206175
1.03809e-09	0.20684
1.03816e-09	0.207506
1.03823e-09	0.208172
1.0383e-09	0.208837
1.03837e-09	0.209503
1.03844e-09	0.210168
1.03851e-09	0.210833
1.03858e-09	0.211499
1.03865e-09	0.212164
1.03872e-09	0.212829
1.03879e-09	0.213494
1.03887e-09	0.214159
1.03894e-09	0.214824
1.03901e-09	0.215489
1.03908e-09	0.216153
1.03915e-09	0.216818
1.03922e-09	0.217482
1.03929e-09	0.218147
1.03936e-09	0.218811
1.03943e-09	0.219476
1.0395e-09	0.22014
1.03957e-09	0.220804
1.03964e-09	0.221468
1.03971e-09	0.222132
1.03978e-09	0.222796
1.03986e-09	0.223459
1.03993e-09	0.224123
1.04e-09	0.224787
1.04007e-09	0.22545
1.04014e-09	0.226113
1.04021e-09	0.226777
1.04028e-09	0.22744
1.04035e-09	0.228103
1.04042e-09	0.228766
1.04049e-09	0.229429
1.04056e-09	0.230091
1.04063e-09	0.230754
1.0407e-09	0.231416
1.04077e-09	0.232079
1.04085e-09	0.232741
1.04092e-09	0.233403
1.04099e-09	0.234065
1.04106e-09	0.234727
1.04113e-09	0.235389
1.0412e-09	0.236051
1.04127e-09	0.236712
1.04134e-09	0.237373
1.04141e-09	0.238035
1.04148e-09	0.238696
1.04155e-09	0.239357
1.04162e-09	0.240018
1.04169e-09	0.240679
1.04177e-09	0.241339
1.04184e-09	0.242
1.04191e-09	0.24266
1.04198e-09	0.24332
1.04205e-09	0.243981
1.04212e-09	0.244641
1.04219e-09	0.2453
1.04226e-09	0.24596
1.04233e-09	0.24662
1.0424e-09	0.247279
1.04247e-09	0.247938
1.04254e-09	0.248597
1.04261e-09	0.249256
1.04268e-09	0.249915
1.04276e-09	0.250574
1.04283e-09	0.251232
1.0429e-09	0.251891
1.04297e-09	0.252549
1.04304e-09	0.253207
1.04311e-09	0.253865
1.04318e-09	0.254522
1.04325e-09	0.25518
1.04332e-09	0.255837
1.04339e-09	0.256495
1.04346e-09	0.257152
1.04353e-09	0.257809
1.0436e-09	0.258465
1.04367e-09	0.259122
1.04375e-09	0.259778
1.04382e-09	0.260434
1.04389e-09	0.26109
1.04396e-09	0.261746
1.04403e-09	0.262402
1.0441e-09	0.263058
1.04417e-09	0.263713
1.04424e-09	0.264368
1.04431e-09	0.265023
1.04438e-09	0.265678
1.04445e-09	0.266332
1.04452e-09	0.266987
1.04459e-09	0.267641
1.04466e-09	0.268295
1.04474e-09	0.268949
1.04481e-09	0.269603
1.04488e-09	0.270256
1.04495e-09	0.27091
1.04502e-09	0.271563
1.04509e-09	0.272216
1.04516e-09	0.272868
1.04523e-09	0.273521
1.0453e-09	0.274173
1.04537e-09	0.274825
1.04544e-09	0.275477
1.04551e-09	0.276129
1.04558e-09	0.27678
1.04566e-09	0.277431
1.04573e-09	0.278083
1.0458e-09	0.278733
1.04587e-09	0.279384
1.04594e-09	0.280034
1.04601e-09	0.280685
1.04608e-09	0.281335
1.04615e-09	0.281984
1.04622e-09	0.282634
1.04629e-09	0.283283
1.04636e-09	0.283933
1.04643e-09	0.284581
1.0465e-09	0.28523
1.04657e-09	0.285879
1.04665e-09	0.286527
1.04672e-09	0.287175
1.04679e-09	0.287823
1.04686e-09	0.28847
1.04693e-09	0.289117
1.047e-09	0.289764
1.04707e-09	0.290411
1.04714e-09	0.291058
1.04721e-09	0.291704
1.04728e-09	0.29235
1.04735e-09	0.292996
1.04742e-09	0.293642
1.04749e-09	0.294287
1.04756e-09	0.294932
1.04764e-09	0.295577
1.04771e-09	0.296222
1.04778e-09	0.296866
1.04785e-09	0.297511
1.04792e-09	0.298155
1.04799e-09	0.298798
1.04806e-09	0.299442
1.04813e-09	0.300085
1.0482e-09	0.300728
1.04827e-09	0.30137
1.04834e-09	0.302013
1.04841e-09	0.302655
1.04848e-09	0.303297
1.04856e-09	0.303938
1.04863e-09	0.30458
1.0487e-09	0.305221
1.04877e-09	0.305861
1.04884e-09	0.306502
1.04891e-09	0.307142
1.04898e-09	0.307782
1.04905e-09	0.308422
1.04912e-09	0.309061
1.04919e-09	0.3097
1.04926e-09	0.310339
1.04933e-09	0.310978
1.0494e-09	0.311616
1.04947e-09	0.312254
1.04955e-09	0.312892
1.04962e-09	0.313529
1.04969e-09	0.314167
1.04976e-09	0.314804
1.04983e-09	0.31544
1.0499e-09	0.316076
1.04997e-09	0.316712
1.05004e-09	0.317348
1.05011e-09	0.317984
1.05018e-09	0.318619
1.05025e-09	0.319254
1.05032e-09	0.319888
1.05039e-09	0.320522
1.05046e-09	0.321156
1.05054e-09	0.32179
1.05061e-09	0.322423
1.05068e-09	0.323056
1.05075e-09	0.323689
1.05082e-09	0.324321
1.05089e-09	0.324954
1.05096e-09	0.325585
1.05103e-09	0.326217
1.0511e-09	0.326848
1.05117e-09	0.327479
1.05124e-09	0.328109
1.05131e-09	0.32874
1.05138e-09	0.32937
1.05145e-09	0.329999
1.05153e-09	0.330628
1.0516e-09	0.331257
1.05167e-09	0.331886
1.05174e-09	0.332514
1.05181e-09	0.333142
1.05188e-09	0.33377
1.05195e-09	0.334397
1.05202e-09	0.335024
1.05209e-09	0.335651
1.05216e-09	0.336277
1.05223e-09	0.336903
1.0523e-09	0.337529
1.05237e-09	0.338154
1.05245e-09	0.338779
1.05252e-09	0.339403
1.05259e-09	0.340028
1.05266e-09	0.340652
1.05273e-09	0.341275
1.0528e-09	0.341898
1.05287e-09	0.342521
1.05294e-09	0.343144
1.05301e-09	0.343766
1.05308e-09	0.344388
1.05315e-09	0.345009
1.05322e-09	0.34563
1.05329e-09	0.346251
1.05336e-09	0.346872
1.05344e-09	0.347492
1.05351e-09	0.348111
1.05358e-09	0.348731
1.05365e-09	0.34935
1.05372e-09	0.349968
1.05379e-09	0.350586
1.05386e-09	0.351204
1.05393e-09	0.351822
1.054e-09	0.352439
1.05407e-09	0.353056
1.05414e-09	0.353672
1.05421e-09	0.354288
1.05428e-09	0.354904
1.05435e-09	0.355519
1.05443e-09	0.356134
1.0545e-09	0.356748
1.05457e-09	0.357362
1.05464e-09	0.357976
1.05471e-09	0.358589
1.05478e-09	0.359202
1.05485e-09	0.359815
1.05492e-09	0.360427
1.05499e-09	0.361039
1.05506e-09	0.36165
1.05513e-09	0.362261
1.0552e-09	0.362872
1.05527e-09	0.363482
1.05535e-09	0.364092
1.05542e-09	0.364701
1.05549e-09	0.36531
1.05556e-09	0.365919
1.05563e-09	0.366527
1.0557e-09	0.367135
1.05577e-09	0.367742
1.05584e-09	0.368349
1.05591e-09	0.368956
1.05598e-09	0.369562
1.05605e-09	0.370168
1.05612e-09	0.370773
1.05619e-09	0.371378
1.05626e-09	0.371983
1.05634e-09	0.372587
1.05641e-09	0.373191
1.05648e-09	0.373794
1.05655e-09	0.374397
1.05662e-09	0.374999
1.05669e-09	0.375601
1.05676e-09	0.376203
1.05683e-09	0.376804
1.0569e-09	0.377405
1.05697e-09	0.378005
1.05704e-09	0.378605
1.05711e-09	0.379205
1.05718e-09	0.379804
1.05725e-09	0.380402
1.05733e-09	0.381
1.0574e-09	0.381598
1.05747e-09	0.382195
1.05754e-09	0.382792
1.05761e-09	0.383389
1.05768e-09	0.383985
1.05775e-09	0.38458
1.05782e-09	0.385175
1.05789e-09	0.38577
1.05796e-09	0.386364
1.05803e-09	0.386958
1.0581e-09	0.387551
1.05817e-09	0.388144
1.05824e-09	0.388736
1.05832e-09	0.389328
1.05839e-09	0.38992
1.05846e-09	0.390511
1.05853e-09	0.391101
1.0586e-09	0.391692
1.05867e-09	0.392281
1.05874e-09	0.39287
1.05881e-09	0.393459
1.05888e-09	0.394047
1.05895e-09	0.394635
1.05902e-09	0.395222
1.05909e-09	0.395809
1.05916e-09	0.396396
1.05924e-09	0.396982
1.05931e-09	0.397567
1.05938e-09	0.398152
1.05945e-09	0.398736
1.05952e-09	0.39932
1.05959e-09	0.399904
1.05966e-09	0.400487
1.05973e-09	0.40107
1.0598e-09	0.401652
1.05987e-09	0.402233
1.05994e-09	0.402814
1.06001e-09	0.403395
1.06008e-09	0.403975
1.06015e-09	0.404555
1.06023e-09	0.405134
1.0603e-09	0.405713
1.06037e-09	0.406291
1.06044e-09	0.406868
1.06051e-09	0.407446
1.06058e-09	0.408022
1.06065e-09	0.408599
1.06072e-09	0.409174
1.06079e-09	0.409749
1.06086e-09	0.410324
1.06093e-09	0.410898
1.061e-09	0.411472
1.06107e-09	0.412045
1.06114e-09	0.412618
1.06122e-09	0.41319
1.06129e-09	0.413762
1.06136e-09	0.414333
1.06143e-09	0.414903
1.0615e-09	0.415473
1.06157e-09	0.416043
1.06164e-09	0.416612
1.06171e-09	0.417181
1.06178e-09	0.417749
1.06185e-09	0.418316
1.06192e-09	0.418883
1.06199e-09	0.41945
1.06206e-09	0.420015
1.06213e-09	0.420581
1.06221e-09	0.421146
1.06228e-09	0.42171
1.06235e-09	0.422274
1.06242e-09	0.422837
1.06249e-09	0.4234
1.06256e-09	0.423962
1.06263e-09	0.424524
1.0627e-09	0.425085
1.06277e-09	0.425645
1.06284e-09	0.426206
1.06291e-09	0.426765
1.06298e-09	0.427324
1.06305e-09	0.427882
1.06313e-09	0.42844
1.0632e-09	0.428998
1.06327e-09	0.429554
1.06334e-09	0.430111
1.06341e-09	0.430666
1.06348e-09	0.431221
1.06355e-09	0.431776
1.06362e-09	0.43233
1.06369e-09	0.432884
1.06376e-09	0.433436
1.06383e-09	0.433989
1.0639e-09	0.434541
1.06397e-09	0.435092
1.06404e-09	0.435642
1.06412e-09	0.436193
1.06419e-09	0.436742
1.06426e-09	0.437291
1.06433e-09	0.437839
1.0644e-09	0.438387
1.06447e-09	0.438934
1.06454e-09	0.439481
1.06461e-09	0.440027
1.06468e-09	0.440573
1.06475e-09	0.441118
1.06482e-09	0.441662
1.06489e-09	0.442206
1.06496e-09	0.442749
1.06503e-09	0.443292
1.06511e-09	0.443834
1.06518e-09	0.444375
1.06525e-09	0.444916
1.06532e-09	0.445456
1.06539e-09	0.445996
1.06546e-09	0.446535
1.06553e-09	0.447074
1.0656e-09	0.447612
1.06567e-09	0.448149
1.06574e-09	0.448686
1.06581e-09	0.449222
1.06588e-09	0.449757
1.06595e-09	0.450292
1.06603e-09	0.450827
1.0661e-09	0.451361
1.06617e-09	0.451894
1.06624e-09	0.452426
1.06631e-09	0.452958
1.06638e-09	0.453489
1.06645e-09	0.45402
1.06652e-09	0.45455
1.06659e-09	0.45508
1.06666e-09	0.455609
1.06673e-09	0.456137
1.0668e-09	0.456665
1.06687e-09	0.457192
1.06694e-09	0.457718
1.06702e-09	0.458244
1.06709e-09	0.458769
1.06716e-09	0.459294
1.06723e-09	0.459818
1.0673e-09	0.460341
1.06737e-09	0.460864
1.06744e-09	0.461386
1.06751e-09	0.461907
1.06758e-09	0.462428
1.06765e-09	0.462948
1.06772e-09	0.463468
1.06779e-09	0.463987
1.06786e-09	0.464505
1.06793e-09	0.465023
1.06801e-09	0.46554
1.06808e-09	0.466056
1.06815e-09	0.466572
1.06822e-09	0.467087
1.06829e-09	0.467601
1.06836e-09	0.468115
1.06843e-09	0.468628
1.0685e-09	0.469141
1.06857e-09	0.469653
1.06864e-09	0.470164
1.06871e-09	0.470674
1.06878e-09	0.471184
1.06885e-09	0.471694
1.06892e-09	0.472202
1.069e-09	0.47271
1.06907e-09	0.473217
1.06914e-09	0.473724
1.06921e-09	0.47423
1.06928e-09	0.474735
1.06935e-09	0.47524
1.06942e-09	0.475744
1.06949e-09	0.476247
1.06956e-09	0.47675
1.06963e-09	0.477252
1.0697e-09	0.477753
1.06977e-09	0.478254
1.06984e-09	0.478754
1.06992e-09	0.479253
1.06999e-09	0.479752
1.07006e-09	0.48025
1.07013e-09	0.480747
1.0702e-09	0.481244
1.07027e-09	0.48174
1.07034e-09	0.482235
1.07041e-09	0.48273
1.07048e-09	0.483224
1.07055e-09	0.483717
1.07062e-09	0.48421
1.07069e-09	0.484701
1.07076e-09	0.485193
1.07083e-09	0.485683
1.07091e-09	0.486173
1.07098e-09	0.486662
1.07105e-09	0.48715
1.07112e-09	0.487638
1.07119e-09	0.488125
1.07126e-09	0.488612
1.07133e-09	0.489097
1.0714e-09	0.489582
1.07147e-09	0.490066
1.07154e-09	0.49055
1.07161e-09	0.491033
1.07168e-09	0.491515
1.07175e-09	0.491996
1.07182e-09	0.492477
1.0719e-09	0.492957
1.07197e-09	0.493436
1.07204e-09	0.493915
1.07211e-09	0.494393
1.07218e-09	0.49487
1.07225e-09	0.495347
1.07232e-09	0.495822
1.07239e-09	0.496297
1.07246e-09	0.496772
1.07253e-09	0.497245
1.0726e-09	0.497718
1.07267e-09	0.49819
1.07274e-09	0.498662
1.07282e-09	0.499132
1.07289e-09	0.499602
1.07296e-09	0.500072
1.07303e-09	0.50054
1.0731e-09	0.501008
1.07317e-09	0.501475
1.07324e-09	0.501942
1.07331e-09	0.502407
1.07338e-09	0.502872
1.07345e-09	0.503336
1.07352e-09	0.5038
1.07359e-09	0.504262
1.07366e-09	0.504724
1.07373e-09	0.505185
1.07381e-09	0.505646
1.07388e-09	0.506106
1.07395e-09	0.506565
1.07402e-09	0.507023
1.07409e-09	0.50748
1.07416e-09	0.507937
1.07423e-09	0.508393
1.0743e-09	0.508848
1.07437e-09	0.509303
1.07444e-09	0.509757
1.07451e-09	0.51021
1.07458e-09	0.510662
1.07465e-09	0.511113
1.07472e-09	0.511564
1.0748e-09	0.512014
1.07487e-09	0.512463
1.07494e-09	0.512912
1.07501e-09	0.51336
1.07508e-09	0.513807
1.07515e-09	0.514253
1.07522e-09	0.514698
1.07529e-09	0.515143
1.07536e-09	0.515587
1.07543e-09	0.51603
1.0755e-09	0.516472
1.07557e-09	0.516914
1.07564e-09	0.517355
1.07571e-09	0.517795
1.07579e-09	0.518234
1.07586e-09	0.518672
1.07593e-09	0.51911
1.076e-09	0.519547
1.07607e-09	0.519983
1.07614e-09	0.520418
1.07621e-09	0.520853
1.07628e-09	0.521287
1.07635e-09	0.52172
1.07642e-09	0.522152
1.07649e-09	0.522584
1.07656e-09	0.523014
1.07663e-09	0.523444
1.07671e-09	0.523873
1.07678e-09	0.524302
1.07685e-09	0.524729
1.07692e-09	0.525156
1.07699e-09	0.525582
1.07706e-09	0.526007
1.07713e-09	0.526431
1.0772e-09	0.526855
1.07727e-09	0.527277
1.07734e-09	0.527699
1.07741e-09	0.528121
1.07748e-09	0.528541
1.07755e-09	0.52896
1.07762e-09	0.529379
1.0777e-09	0.529797
1.07777e-09	0.530214
1.07784e-09	0.53063
1.07791e-09	0.531046
1.07798e-09	0.531461
1.07805e-09	0.531874
1.07812e-09	0.532288
1.07819e-09	0.5327
1.07826e-09	0.533111
1.07833e-09	0.533522
1.0784e-09	0.533932
1.07847e-09	0.534341
1.07854e-09	0.534749
1.07861e-09	0.535156
1.07869e-09	0.535563
1.07876e-09	0.535968
1.07883e-09	0.536373
1.0789e-09	0.536777
1.07897e-09	0.53718
1.07904e-09	0.537583
1.07911e-09	0.537984
1.07918e-09	0.538385
1.07925e-09	0.538785
1.07932e-09	0.539184
1.07939e-09	0.539582
1.07946e-09	0.53998
1.07953e-09	0.540376
1.07961e-09	0.540772
1.07968e-09	0.541167
1.07975e-09	0.541561
1.07982e-09	0.541954
1.07989e-09	0.542347
1.07996e-09	0.542738
1.08003e-09	0.543129
1.0801e-09	0.543519
1.08017e-09	0.543908
1.08024e-09	0.544296
1.08031e-09	0.544683
1.08038e-09	0.54507
1.08045e-09	0.545455
1.08052e-09	0.54584
1.0806e-09	0.546224
1.08067e-09	0.546607
1.08074e-09	0.546989
1.08081e-09	0.54737
1.08088e-09	0.547751
1.08095e-09	0.548131
1.08102e-09	0.548509
1.08109e-09	0.548887
1.08116e-09	0.549264
1.08123e-09	0.54964
1.0813e-09	0.550016
1.08137e-09	0.55039
1.08144e-09	0.550764
1.08151e-09	0.551136
1.08159e-09	0.551508
1.08166e-09	0.551879
1.08173e-09	0.552249
1.0818e-09	0.552619
1.08187e-09	0.552987
1.08194e-09	0.553355
1.08201e-09	0.553721
1.08208e-09	0.554087
1.08215e-09	0.554452
1.08222e-09	0.554816
1.08229e-09	0.555179
1.08236e-09	0.555541
1.08243e-09	0.555902
1.0825e-09	0.556263
1.08258e-09	0.556623
1.08265e-09	0.556981
1.08272e-09	0.557339
1.08279e-09	0.557696
1.08286e-09	0.558052
1.08293e-09	0.558407
1.083e-09	0.558761
1.08307e-09	0.559115
1.08314e-09	0.559467
1.08321e-09	0.559819
1.08328e-09	0.56017
1.08335e-09	0.560519
1.08342e-09	0.560868
1.0835e-09	0.561216
1.08357e-09	0.561563
1.08364e-09	0.56191
1.08371e-09	0.562255
1.08378e-09	0.562599
1.08385e-09	0.562943
1.08392e-09	0.563285
1.08399e-09	0.563627
1.08406e-09	0.563968
1.08413e-09	0.564308
1.0842e-09	0.564647
1.08427e-09	0.564985
1.08434e-09	0.565322
1.08441e-09	0.565658
1.08449e-09	0.565994
1.08456e-09	0.566328
1.08463e-09	0.566662
1.0847e-09	0.566994
1.08477e-09	0.567326
1.08484e-09	0.567657
1.08491e-09	0.567986
1.08498e-09	0.568315
1.08505e-09	0.568643
1.08512e-09	0.568971
1.08519e-09	0.569297
1.08526e-09	0.569622
1.08533e-09	0.569946
1.0854e-09	0.57027
1.08548e-09	0.570592
1.08555e-09	0.570914
1.08562e-09	0.571234
1.08569e-09	0.571554
1.08576e-09	0.571873
1.08583e-09	0.572191
1.0859e-09	0.572508
1.08597e-09	0.572823
1.08604e-09	0.573138
1.08611e-09	0.573453
1.08618e-09	0.573766
1.08625e-09	0.574078
1.08632e-09	0.574389
1.08639e-09	0.5747
1.08647e-09	0.575009
1.08654e-09	0.575317
1.08661e-09	0.575625
1.08668e-09	0.575931
1.08675e-09	0.576237
1.08682e-09	0.576542
1.08689e-09	0.576846
1.08696e-09	0.577148
1.08703e-09	0.57745
1.0871e-09	0.577751
1.08717e-09	0.578051
1.08724e-09	0.57835
1.08731e-09	0.578648
1.08739e-09	0.578945
1.08746e-09	0.579241
1.08753e-09	0.579536
1.0876e-09	0.579831
1.08767e-09	0.580124
1.08774e-09	0.580416
1.08781e-09	0.580708
1.08788e-09	0.580998
1.08795e-09	0.581287
1.08802e-09	0.581576
1.08809e-09	0.581863
1.08816e-09	0.58215
1.08823e-09	0.582436
1.0883e-09	0.58272
1.08838e-09	0.583004
1.08845e-09	0.583286
1.08852e-09	0.583568
1.08859e-09	0.583849
1.08866e-09	0.584129
1.08873e-09	0.584408
1.0888e-09	0.584685
1.08887e-09	0.584962
1.08894e-09	0.585238
1.08901e-09	0.585513
1.08908e-09	0.585787
1.08915e-09	0.58606
1.08922e-09	0.586332
1.08929e-09	0.586603
1.08937e-09	0.586873
1.08944e-09	0.587142
1.08951e-09	0.58741
1.08958e-09	0.587677
1.08965e-09	0.587943
1.08972e-09	0.588208
1.08979e-09	0.588472
1.08986e-09	0.588735
1.08993e-09	0.588998
1.09e-09	0.589259
1.09007e-09	0.589519
1.09014e-09	0.589778
1.09021e-09	0.590036
1.09029e-09	0.590293
1.09036e-09	0.59055
1.09043e-09	0.590805
1.0905e-09	0.591059
1.09057e-09	0.591312
1.09064e-09	0.591564
1.09071e-09	0.591816
1.09078e-09	0.592066
1.09085e-09	0.592315
1.09092e-09	0.592563
1.09099e-09	0.592811
1.09106e-09	0.593057
1.09113e-09	0.593302
1.0912e-09	0.593546
1.09128e-09	0.593789
1.09135e-09	0.594032
1.09142e-09	0.594273
1.09149e-09	0.594513
1.09156e-09	0.594752
1.09163e-09	0.59499
1.0917e-09	0.595228
1.09177e-09	0.595464
1.09184e-09	0.595699
1.09191e-09	0.595933
1.09198e-09	0.596166
1.09205e-09	0.596398
1.09212e-09	0.596629
1.09219e-09	0.596859
1.09227e-09	0.597088
1.09234e-09	0.597316
1.09241e-09	0.597543
1.09248e-09	0.597769
1.09255e-09	0.597994
1.09262e-09	0.598218
1.09269e-09	0.598441
1.09276e-09	0.598663
1.09283e-09	0.598884
1.0929e-09	0.599104
1.09297e-09	0.599323
1.09304e-09	0.599541
1.09311e-09	0.599757
1.09318e-09	0.599973
1.09326e-09	0.600188
1.09333e-09	0.600402
1.0934e-09	0.600614
1.09347e-09	0.600826
1.09354e-09	0.601037
1.09361e-09	0.601246
1.09368e-09	0.601455
1.09375e-09	0.601662
1.09382e-09	0.601869
1.09389e-09	0.602074
1.09396e-09	0.602279
1.09403e-09	0.602482
1.0941e-09	0.602684
1.09418e-09	0.602885
1.09425e-09	0.603086
1.09432e-09	0.603285
1.09439e-09	0.603483
1.09446e-09	0.60368
1.09453e-09	0.603876
1.0946e-09	0.604071
1.09467e-09	0.604265
1.09474e-09	0.604458
1.09481e-09	0.60465
1.09488e-09	0.604841
1.09495e-09	0.605031
1.09502e-09	0.605219
1.09509e-09	0.605407
1.09517e-09	0.605594
1.09524e-09	0.605779
1.09531e-09	0.605964
1.09538e-09	0.606147
1.09545e-09	0.60633
1.09552e-09	0.606511
1.09559e-09	0.606692
1.09566e-09	0.606871
1.09573e-09	0.607049
1.0958e-09	0.607226
1.09587e-09	0.607402
1.09594e-09	0.607577
1.09601e-09	0.607751
1.09608e-09	0.607924
1.09616e-09	0.608096
1.09623e-09	0.608267
1.0963e-09	0.608437
1.09637e-09	0.608605
1.09644e-09	0.608773
1.09651e-09	0.608939
1.09658e-09	0.609105
1.09665e-09	0.609269
1.09672e-09	0.609433
1.09679e-09	0.609595
1.09686e-09	0.609756
1.09693e-09	0.609916
1.097e-09	0.610075
1.09708e-09	0.610233
1.09715e-09	0.61039
1.09722e-09	0.610546
1.09729e-09	0.610701
1.09736e-09	0.610854
1.09743e-09	0.611007
1.0975e-09	0.611158
1.09757e-09	0.611309
1.09764e-09	0.611458
1.09771e-09	0.611607
1.09778e-09	0.611754
1.09785e-09	0.6119
1.09792e-09	0.612045
1.09799e-09	0.612189
1.09807e-09	0.612332
1.09814e-09	0.612474
1.09821e-09	0.612614
1.09828e-09	0.612754
1.09835e-09	0.612893
1.09842e-09	0.61303
1.09849e-09	0.613167
1.09856e-09	0.613302
1.09863e-09	0.613436
1.0987e-09	0.613569
1.09877e-09	0.613701
1.09884e-09	0.613832
1.09891e-09	0.613962
1.09898e-09	0.614091
1.09906e-09	0.614218
1.09913e-09	0.614345
1.0992e-09	0.614471
1.09927e-09	0.614595
1.09934e-09	0.614718
1.09941e-09	0.61484
1.09948e-09	0.614962
1.09955e-09	0.615082
1.09962e-09	0.615201
1.09969e-09	0.615318
1.09976e-09	0.615435
1.09983e-09	0.615551
1.0999e-09	0.615665
1.09997e-09	0.615779
1.10005e-09	0.615891
1.10012e-09	0.616002
1.10019e-09	0.616112
1.10026e-09	0.616221
1.10033e-09	0.616329
1.1004e-09	0.616436
1.10047e-09	0.616542
1.10054e-09	0.616646
1.10061e-09	0.61675
1.10068e-09	0.616852
1.10075e-09	0.616953
1.10082e-09	0.617054
1.10089e-09	0.617153
1.10097e-09	0.617251
1.10104e-09	0.617347
1.10111e-09	0.617443
1.10118e-09	0.617538
1.10125e-09	0.617631
1.10132e-09	0.617724
1.10139e-09	0.617815
1.10146e-09	0.617905
1.10153e-09	0.617994
1.1016e-09	0.618082
1.10167e-09	0.618169
1.10174e-09	0.618255
1.10181e-09	0.618339
1.10188e-09	0.618423
1.10196e-09	0.618505
1.10203e-09	0.618586
1.1021e-09	0.618666
1.10217e-09	0.618745
1.10224e-09	0.618823
1.10231e-09	0.6189
1.10238e-09	0.618976
1.10245e-09	0.61905
1.10252e-09	0.619124
1.10259e-09	0.619196
1.10266e-09	0.619267
1.10273e-09	0.619337
1.1028e-09	0.619406
1.10287e-09	0.619474
1.10295e-09	0.61954
1.10302e-09	0.619606
1.10309e-09	0.61967
1.10316e-09	0.619733
1.10323e-09	0.619795
1.1033e-09	0.619856
1.10337e-09	0.619916
1.10344e-09	0.619975
1.10351e-09	0.620033
1.10358e-09	0.620089
1.10365e-09	0.620144
1.10372e-09	0.620199
1.10379e-09	0.620252
1.10386e-09	0.620304
1.10394e-09	0.620354
1.10401e-09	0.620404
1.10408e-09	0.620452
1.10415e-09	0.6205
1.10422e-09	0.620546
1.10429e-09	0.620591
1.10436e-09	0.620635
1.10443e-09	0.620678
1.1045e-09	0.62072
1.10457e-09	0.62076
1.10464e-09	0.6208
1.10471e-09	0.620838
1.10478e-09	0.620875
1.10486e-09	0.620911
1.10493e-09	0.620946
1.105e-09	0.62098
1.10507e-09	0.621012
1.10514e-09	0.621044
1.10521e-09	0.621074
1.10528e-09	0.621103
1.10535e-09	0.621131
1.10542e-09	0.621158
1.10549e-09	0.621184
1.10556e-09	0.621208
1.10563e-09	0.621232
1.1057e-09	0.621254
1.10577e-09	0.621275
1.10585e-09	0.621295
1.10592e-09	0.621314
1.10599e-09	0.621331
1.10606e-09	0.621348
1.10613e-09	0.621363
1.1062e-09	0.621377
1.10627e-09	0.62139
1.10634e-09	0.621402
1.10641e-09	0.621413
1.10648e-09	0.621423
1.10655e-09	0.621431
1.10662e-09	0.621439
1.10669e-09	0.621445
1.10676e-09	0.62145
1.10684e-09	0.621453
1.10691e-09	0.621456
1.10698e-09	0.621458
1.10705e-09	0.621458
1.10712e-09	0.621457
1.10719e-09	0.621455
1.10726e-09	0.621452
1.10733e-09	0.621448
1.1074e-09	0.621442
1.10747e-09	0.621436
1.10754e-09	0.621428
1.10761e-09	0.621419
1.10768e-09	0.621409
1.10776e-09	0.621398
1.10783e-09	0.621385
1.1079e-09	0.621372
1.10797e-09	0.621357
1.10804e-09	0.621341
1.10811e-09	0.621324
1.10818e-09	0.621306
1.10825e-09	0.621287
1.10832e-09	0.621266
1.10839e-09	0.621244
1.10846e-09	0.621221
1.10853e-09	0.621197
1.1086e-09	0.621172
1.10867e-09	0.621146
1.10875e-09	0.621118
1.10882e-09	0.62109
1.10889e-09	0.62106
1.10896e-09	0.621029
1.10903e-09	0.620996
1.1091e-09	0.620963
1.10917e-09	0.620929
1.10924e-09	0.620893
1.10931e-09	0.620856
1.10938e-09	0.620818
1.10945e-09	0.620779
1.10952e-09	0.620738
1.10959e-09	0.620697
1.10966e-09	0.620654
1.10974e-09	0.62061
1.10981e-09	0.620565
1.10988e-09	0.620519
1.10995e-09	0.620471
1.11002e-09	0.620422
1.11009e-09	0.620373
1.11016e-09	0.620322
1.11023e-09	0.62027
1.1103e-09	0.620216
1.11037e-09	0.620162
1.11044e-09	0.620106
1.11051e-09	0.620049
1.11058e-09	0.619991
1.11065e-09	0.619932
1.11073e-09	0.619872
1.1108e-09	0.61981
1.11087e-09	0.619747
1.11094e-09	0.619684
1.11101e-09	0.619618
1.11108e-09	0.619552
1.11115e-09	0.619485
1.11122e-09	0.619416
1.11129e-09	0.619346
1.11136e-09	0.619275
1.11143e-09	0.619203
1.1115e-09	0.61913
1.11157e-09	0.619055
1.11165e-09	0.618979
1.11172e-09	0.618903
1.11179e-09	0.618824
1.11186e-09	0.618745
1.11193e-09	0.618665
1.112e-09	0.618583
1.11207e-09	0.6185
1.11214e-09	0.618416
1.11221e-09	0.618331
1.11228e-09	0.618245
1.11235e-09	0.618157
1.11242e-09	0.618068
1.11249e-09	0.617979
1.11256e-09	0.617887
1.11264e-09	0.617795
1.11271e-09	0.617702
1.11278e-09	0.617607
1.11285e-09	0.617511
1.11292e-09	0.617414
1.11299e-09	0.617316
1.11306e-09	0.617216
1.11313e-09	0.617116
1.1132e-09	0.617014
1.11327e-09	0.616911
1.11334e-09	0.616807
1.11341e-09	0.616701
1.11348e-09	0.616595
1.11355e-09	0.616487
1.11363e-09	0.616378
1.1137e-09	0.616268
1.11377e-09	0.616157
1.11384e-09	0.616044
1.11391e-09	0.615931
1.11398e-09	0.615816
1.11405e-09	0.6157
1.11412e-09	0.615582
1.11419e-09	0.615464
1.11426e-09	0.615344
1.11433e-09	0.615223
1.1144e-09	0.615101
1.11447e-09	0.614978
1.11455e-09	0.614854
1.11462e-09	0.614728
1.11469e-09	0.614601
1.11476e-09	0.614473
1.11483e-09	0.614344
1.1149e-09	0.614214
1.11497e-09	0.614082
1.11504e-09	0.613949
1.11511e-09	0.613815
1.11518e-09	0.61368
1.11525e-09	0.613544
1.11532e-09	0.613406
1.11539e-09	0.613268
1.11546e-09	0.613128
1.11554e-09	0.612987
1.11561e-09	0.612844
1.11568e-09	0.612701
1.11575e-09	0.612556
1.11582e-09	0.61241
1.11589e-09	0.612263
1.11596e-09	0.612115
1.11603e-09	0.611965
1.1161e-09	0.611814
1.11617e-09	0.611662
1.11624e-09	0.611509
1.11631e-09	0.611355
1.11638e-09	0.611199
1.11645e-09	0.611043
1.11653e-09	0.610885
1.1166e-09	0.610726
1.11667e-09	0.610565
1.11674e-09	0.610404
1.11681e-09	0.610241
1.11688e-09	0.610077
1.11695e-09	0.609912
1.11702e-09	0.609746
1.11709e-09	0.609578
1.11716e-09	0.60941
1.11723e-09	0.60924
1.1173e-09	0.609069
1.11737e-09	0.608897
1.11744e-09	0.608723
1.11752e-09	0.608548
1.11759e-09	0.608373
1.11766e-09	0.608195
1.11773e-09	0.608017
1.1178e-09	0.607838
1.11787e-09	0.607657
1.11794e-09	0.607475
1.11801e-09	0.607292
1.11808e-09	0.607108
1.11815e-09	0.606922
1.11822e-09	0.606735
1.11829e-09	0.606548
1.11836e-09	0.606358
1.11844e-09	0.606168
1.11851e-09	0.605977
1.11858e-09	0.605784
1.11865e-09	0.60559
1.11872e-09	0.605395
1.11879e-09	0.605199
1.11886e-09	0.605001
1.11893e-09	0.604802
1.119e-09	0.604603
1.11907e-09	0.604401
1.11914e-09	0.604199
1.11921e-09	0.603996
1.11928e-09	0.603791
1.11935e-09	0.603585
1.11943e-09	0.603378
1.1195e-09	0.60317
1.11957e-09	0.60296
1.11964e-09	0.602749
1.11971e-09	0.602537
1.11978e-09	0.602324
1.11985e-09	0.60211
1.11992e-09	0.601894
1.11999e-09	0.601678
1.12006e-09	0.60146
1.12013e-09	0.60124
1.1202e-09	0.60102
1.12027e-09	0.600799
1.12034e-09	0.600576
1.12042e-09	0.600352
1.12049e-09	0.600127
1.12056e-09	0.5999
1.12063e-09	0.599673
1.1207e-09	0.599444
1.12077e-09	0.599214
1.12084e-09	0.598983
1.12091e-09	0.59875
1.12098e-09	0.598517
1.12105e-09	0.598282
1.12112e-09	0.598046
1.12119e-09	0.597809
1.12126e-09	0.59757
1.12134e-09	0.597331
1.12141e-09	0.59709
1.12148e-09	0.596848
1.12155e-09	0.596605
1.12162e-09	0.59636
1.12169e-09	0.596115
1.12176e-09	0.595868
1.12183e-09	0.59562
1.1219e-09	0.595371
1.12197e-09	0.59512
1.12204e-09	0.594869
1.12211e-09	0.594616
1.12218e-09	0.594362
1.12225e-09	0.594107
1.12233e-09	0.59385
1.1224e-09	0.593593
1.12247e-09	0.593334
1.12254e-09	0.593074
1.12261e-09	0.592812
1.12268e-09	0.59255
1.12275e-09	0.592286
1.12282e-09	0.592021
1.12289e-09	0.591755
1.12296e-09	0.591488
1.12303e-09	0.59122
1.1231e-09	0.59095
1.12317e-09	0.590679
1.12324e-09	0.590407
1.12332e-09	0.590134
1.12339e-09	0.589859
1.12346e-09	0.589584
1.12353e-09	0.589307
1.1236e-09	0.589029
1.12367e-09	0.588749
1.12374e-09	0.588469
1.12381e-09	0.588187
1.12388e-09	0.587904
1.12395e-09	0.58762
1.12402e-09	0.587335
1.12409e-09	0.587049
1.12416e-09	0.586761
1.12423e-09	0.586472
1.12431e-09	0.586182
1.12438e-09	0.585891
1.12445e-09	0.585598
1.12452e-09	0.585304
1.12459e-09	0.58501
1.12466e-09	0.584713
1.12473e-09	0.584416
1.1248e-09	0.584118
1.12487e-09	0.583818
1.12494e-09	0.583517
1.12501e-09	0.583215
1.12508e-09	0.582912
1.12515e-09	0.582607
1.12523e-09	0.582302
1.1253e-09	0.581995
1.12537e-09	0.581687
1.12544e-09	0.581377
1.12551e-09	0.581067
1.12558e-09	0.580755
1.12565e-09	0.580442
1.12572e-09	0.580128
1.12579e-09	0.579813
1.12586e-09	0.579497
1.12593e-09	0.579179
1.126e-09	0.57886
1.12607e-09	0.57854
1.12614e-09	0.578219
1.12622e-09	0.577896
1.12629e-09	0.577573
1.12636e-09	0.577248
1.12643e-09	0.576922
1.1265e-09	0.576595
1.12657e-09	0.576266
1.12664e-09	0.575937
1.12671e-09	0.575606
1.12678e-09	0.575274
1.12685e-09	0.574941
1.12692e-09	0.574606
1.12699e-09	0.574271
1.12706e-09	0.573934
1.12713e-09	0.573596
1.12721e-09	0.573257
1.12728e-09	0.572916
1.12735e-09	0.572575
1.12742e-09	0.572232
1.12749e-09	0.571888
1.12756e-09	0.571543
1.12763e-09	0.571197
1.1277e-09	0.570849
1.12777e-09	0.570501
1.12784e-09	0.570151
1.12791e-09	0.5698
1.12798e-09	0.569447
1.12805e-09	0.569094
1.12812e-09	0.568739
1.1282e-09	0.568383
1.12827e-09	0.568026
1.12834e-09	0.567668
1.12841e-09	0.567309
1.12848e-09	0.566948
1.12855e-09	0.566586
1.12862e-09	0.566223
1.12869e-09	0.565859
1.12876e-09	0.565494
1.12883e-09	0.565127
1.1289e-09	0.564759
1.12897e-09	0.56439
1.12904e-09	0.56402
1.12912e-09	0.563649
1.12919e-09	0.563277
1.12926e-09	0.562903
1.12933e-09	0.562528
1.1294e-09	0.562152
1.12947e-09	0.561775
1.12954e-09	0.561396
1.12961e-09	0.561017
1.12968e-09	0.560636
1.12975e-09	0.560254
1.12982e-09	0.559871
1.12989e-09	0.559486
1.12996e-09	0.559101
1.13003e-09	0.558714
1.13011e-09	0.558326
1.13018e-09	0.557937
1.13025e-09	0.557547
1.13032e-09	0.557156
1.13039e-09	0.556763
1.13046e-09	0.556369
1.13053e-09	0.555974
1.1306e-09	0.555578
1.13067e-09	0.555181
1.13074e-09	0.554782
1.13081e-09	0.554383
1.13088e-09	0.553982
1.13095e-09	0.55358
1.13102e-09	0.553176
1.1311e-09	0.552772
1.13117e-09	0.552366
1.13124e-09	0.55196
1.13131e-09	0.551552
1.13138e-09	0.551143
1.13145e-09	0.550732
1.13152e-09	0.550321
1.13159e-09	0.549908
1.13166e-09	0.549494
1.13173e-09	0.549079
1.1318e-09	0.548663
1.13187e-09	0.548246
1.13194e-09	0.547827
1.13202e-09	0.547408
1.13209e-09	0.546987
1.13216e-09	0.546565
1.13223e-09	0.546142
1.1323e-09	0.545717
1.13237e-09	0.545292
1.13244e-09	0.544865
1.13251e-09	0.544437
1.13258e-09	0.544008
1.13265e-09	0.543578
1.13272e-09	0.543146
1.13279e-09	0.542714
1.13286e-09	0.54228
1.13293e-09	0.541845
1.13301e-09	0.541409
1.13308e-09	0.540972
1.13315e-09	0.540533
1.13322e-09	0.540094
1.13329e-09	0.539653
1.13336e-09	0.539211
1.13343e-09	0.538768
1.1335e-09	0.538324
1.13357e-09	0.537879
1.13364e-09	0.537432
1.13371e-09	0.536984
1.13378e-09	0.536535
1.13385e-09	0.536085
1.13392e-09	0.535634
1.134e-09	0.535182
1.13407e-09	0.534728
1.13414e-09	0.534274
1.13421e-09	0.533818
1.13428e-09	0.533361
1.13435e-09	0.532902
1.13442e-09	0.532443
1.13449e-09	0.531983
1.13456e-09	0.531521
1.13463e-09	0.531058
1.1347e-09	0.530594
1.13477e-09	0.530129
1.13484e-09	0.529663
1.13491e-09	0.529195
1.13499e-09	0.528727
1.13506e-09	0.528257
1.13513e-09	0.527786
1.1352e-09	0.527314
1.13527e-09	0.526841
1.13534e-09	0.526367
1.13541e-09	0.525891
1.13548e-09	0.525415
1.13555e-09	0.524937
1.13562e-09	0.524458
1.13569e-09	0.523978
1.13576e-09	0.523497
1.13583e-09	0.523014
1.13591e-09	0.522531
1.13598e-09	0.522046
1.13605e-09	0.52156
1.13612e-09	0.521073
1.13619e-09	0.520585
1.13626e-09	0.520096
1.13633e-09	0.519605
1.1364e-09	0.519114
1.13647e-09	0.518621
1.13654e-09	0.518127
1.13661e-09	0.517632
1.13668e-09	0.517136
1.13675e-09	0.516639
1.13682e-09	0.51614
1.1369e-09	0.515641
1.13697e-09	0.51514
1.13704e-09	0.514638
1.13711e-09	0.514135
1.13718e-09	0.513631
1.13725e-09	0.513126
1.13732e-09	0.51262
1.13739e-09	0.512112
1.13746e-09	0.511603
1.13753e-09	0.511094
1.1376e-09	0.510583
1.13767e-09	0.510071
1.13774e-09	0.509557
1.13781e-09	0.509043
1.13789e-09	0.508528
1.13796e-09	0.508011
1.13803e-09	0.507493
1.1381e-09	0.506974
1.13817e-09	0.506454
1.13824e-09	0.505933
1.13831e-09	0.505411
1.13838e-09	0.504888
1.13845e-09	0.504363
1.13852e-09	0.503838
1.13859e-09	0.503311
1.13866e-09	0.502783
1.13873e-09	0.502254
1.13881e-09	0.501724
1.13888e-09	0.501193
1.13895e-09	0.50066
1.13902e-09	0.500127
1.13909e-09	0.499592
1.13916e-09	0.499056
1.13923e-09	0.498519
1.1393e-09	0.497981
1.13937e-09	0.497442
1.13944e-09	0.496902
1.13951e-09	0.496361
1.13958e-09	0.495818
1.13965e-09	0.495275
1.13972e-09	0.49473
1.1398e-09	0.494184
1.13987e-09	0.493637
1.13994e-09	0.493089
1.14001e-09	0.49254
1.14008e-09	0.49199
1.14015e-09	0.491439
1.14022e-09	0.490886
1.14029e-09	0.490332
1.14036e-09	0.489778
1.14043e-09	0.489222
1.1405e-09	0.488665
1.14057e-09	0.488107
1.14064e-09	0.487548
1.14071e-09	0.486988
1.14079e-09	0.486426
1.14086e-09	0.485864
1.14093e-09	0.4853
1.141e-09	0.484736
1.14107e-09	0.48417
1.14114e-09	0.483603
1.14121e-09	0.483035
1.14128e-09	0.482466
1.14135e-09	0.481896
1.14142e-09	0.481324
1.14149e-09	0.480752
1.14156e-09	0.480179
1.14163e-09	0.479604
1.1417e-09	0.479028
1.14178e-09	0.478452
1.14185e-09	0.477874
1.14192e-09	0.477295
1.14199e-09	0.476715
1.14206e-09	0.476134
1.14213e-09	0.475551
1.1422e-09	0.474968
1.14227e-09	0.474384
1.14234e-09	0.473798
1.14241e-09	0.473212
1.14248e-09	0.472624
1.14255e-09	0.472035
1.14262e-09	0.471445
1.1427e-09	0.470854
1.14277e-09	0.470262
1.14284e-09	0.469669
1.14291e-09	0.469075
1.14298e-09	0.46848
1.14305e-09	0.467883
1.14312e-09	0.467286
1.14319e-09	0.466688
1.14326e-09	0.466088
1.14333e-09	0.465487
1.1434e-09	0.464886
1.14347e-09	0.464283
1.14354e-09	0.463679
1.14361e-09	0.463074
1.14369e-09	0.462468
1.14376e-09	0.461861
1.14383e-09	0.461252
1.1439e-09	0.460643
1.14397e-09	0.460033
1.14404e-09	0.459421
1.14411e-09	0.458809
1.14418e-09	0.458195
1.14425e-09	0.457581
1.14432e-09	0.456965
1.14439e-09	0.456348
1.14446e-09	0.45573
1.14453e-09	0.455111
1.1446e-09	0.454491
1.14468e-09	0.45387
1.14475e-09	0.453248
1.14482e-09	0.452625
1.14489e-09	0.452001
1.14496e-09	0.451376
1.14503e-09	0.450749
1.1451e-09	0.450122
1.14517e-09	0.449493
1.14524e-09	0.448864
1.14531e-09	0.448233
1.14538e-09	0.447602
1.14545e-09	0.446969
1.14552e-09	0.446335
1.1456e-09	0.445701
1.14567e-09	0.445065
1.14574e-09	0.444428
1.14581e-09	0.44379
1.14588e-09	0.443151
1.14595e-09	0.442511
1.14602e-09	0.44187
1.14609e-09	0.441228
1.14616e-09	0.440584
1.14623e-09	0.43994
1.1463e-09	0.439295
1.14637e-09	0.438649
1.14644e-09	0.438001
1.14651e-09	0.437353
1.14659e-09	0.436704
1.14666e-09	0.436053
1.14673e-09	0.435402
1.1468e-09	0.434749
1.14687e-09	0.434095
1.14694e-09	0.433441
1.14701e-09	0.432785
1.14708e-09	0.432128
1.14715e-09	0.431471
1.14722e-09	0.430812
1.14729e-09	0.430152
1.14736e-09	0.429491
1.14743e-09	0.428829
1.1475e-09	0.428167
1.14758e-09	0.427503
1.14765e-09	0.426838
1.14772e-09	0.426172
1.14779e-09	0.425505
1.14786e-09	0.424837
1.14793e-09	0.424168
1.148e-09	0.423498
1.14807e-09	0.422827
1.14814e-09	0.422155
1.14821e-09	0.421481
1.14828e-09	0.420807
1.14835e-09	0.420132
1.14842e-09	0.419456
1.14849e-09	0.418779
1.14857e-09	0.418101
1.14864e-09	0.417421
1.14871e-09	0.416741
1.14878e-09	0.41606
1.14885e-09	0.415378
1.14892e-09	0.414694
1.14899e-09	0.41401
1.14906e-09	0.413325
1.14913e-09	0.412639
1.1492e-09	0.411951
1.14927e-09	0.411263
1.14934e-09	0.410574
1.14941e-09	0.409883
1.14949e-09	0.409192
1.14956e-09	0.4085
1.14963e-09	0.407807
1.1497e-09	0.407112
1.14977e-09	0.406417
1.14984e-09	0.405721
1.14991e-09	0.405023
1.14998e-09	0.404325
1.15005e-09	0.403626
1.15012e-09	0.402926
1.15019e-09	0.402224
1.15026e-09	0.401522
1.15033e-09	0.400819
1.1504e-09	0.400115
1.15048e-09	0.399409
1.15055e-09	0.398703
1.15062e-09	0.397996
1.15069e-09	0.397288
1.15076e-09	0.396579
1.15083e-09	0.395869
1.1509e-09	0.395158
1.15097e-09	0.394445
1.15104e-09	0.393732
1.15111e-09	0.393018
1.15118e-09	0.392303
1.15125e-09	0.391587
1.15132e-09	0.39087
1.15139e-09	0.390152
1.15147e-09	0.389433
1.15154e-09	0.388713
1.15161e-09	0.387993
1.15168e-09	0.387271
1.15175e-09	0.386548
1.15182e-09	0.385824
1.15189e-09	0.385099
1.15196e-09	0.384374
1.15203e-09	0.383647
1.1521e-09	0.382919
1.15217e-09	0.382191
1.15224e-09	0.381461
1.15231e-09	0.380731
1.15238e-09	0.379999
1.15246e-09	0.379267
1.15253e-09	0.378533
1.1526e-09	0.377799
1.15267e-09	0.377064
1.15274e-09	0.376327
1.15281e-09	0.37559
1.15288e-09	0.374852
1.15295e-09	0.374113
1.15302e-09	0.373373
1.15309e-09	0.372632
1.15316e-09	0.37189
1.15323e-09	0.371147
1.1533e-09	0.370403
1.15338e-09	0.369658
1.15345e-09	0.368913
1.15352e-09	0.368166
1.15359e-09	0.367418
1.15366e-09	0.36667
1.15373e-09	0.36592
1.1538e-09	0.36517
1.15387e-09	0.364418
1.15394e-09	0.363666
1.15401e-09	0.362913
1.15408e-09	0.362159
1.15415e-09	0.361404
1.15422e-09	0.360648
1.15429e-09	0.359891
1.15437e-09	0.359133
1.15444e-09	0.358374
1.15451e-09	0.357614
1.15458e-09	0.356854
1.15465e-09	0.356092
1.15472e-09	0.35533
1.15479e-09	0.354566
1.15486e-09	0.353802
1.15493e-09	0.353036
1.155e-09	0.35227
1.15507e-09	0.351503
1.15514e-09	0.350735
1.15521e-09	0.349966
1.15528e-09	0.349196
1.15536e-09	0.348426
1.15543e-09	0.347654
1.1555e-09	0.346881
1.15557e-09	0.346108
1.15564e-09	0.345334
1.15571e-09	0.344558
1.15578e-09	0.343782
1.15585e-09	0.343005
1.15592e-09	0.342227
1.15599e-09	0.341448
1.15606e-09	0.340668
1.15613e-09	0.339888
1.1562e-09	0.339106
1.15628e-09	0.338324
1.15635e-09	0.33754
1.15642e-09	0.336756
1.15649e-09	0.335971
1.15656e-09	0.335185
1.15663e-09	0.334398
1.1567e-09	0.33361
1.15677e-09	0.332821
1.15684e-09	0.332032
1.15691e-09	0.331241
1.15698e-09	0.33045
1.15705e-09	0.329657
1.15712e-09	0.328864
1.15719e-09	0.32807
1.15727e-09	0.327275
1.15734e-09	0.32648
1.15741e-09	0.325683
1.15748e-09	0.324885
1.15755e-09	0.324087
1.15762e-09	0.323288
1.15769e-09	0.322488
1.15776e-09	0.321687
1.15783e-09	0.320885
1.1579e-09	0.320082
1.15797e-09	0.319278
1.15804e-09	0.318474
1.15811e-09	0.317669
1.15818e-09	0.316862
1.15826e-09	0.316055
1.15833e-09	0.315247
1.1584e-09	0.314439
1.15847e-09	0.313629
1.15854e-09	0.312819
1.15861e-09	0.312007
1.15868e-09	0.311195
1.15875e-09	0.310382
1.15882e-09	0.309568
1.15889e-09	0.308753
1.15896e-09	0.307938
1.15903e-09	0.307121
1.1591e-09	0.306304
1.15917e-09	0.305486
1.15925e-09	0.304667
1.15932e-09	0.303847
1.15939e-09	0.303026
1.15946e-09	0.302205
1.15953e-09	0.301383
1.1596e-09	0.300559
1.15967e-09	0.299735
1.15974e-09	0.298911
1.15981e-09	0.298085
1.15988e-09	0.297258
1.15995e-09	0.296431
1.16002e-09	0.295603
1.16009e-09	0.294774
1.16017e-09	0.293944
1.16024e-09	0.293113
1.16031e-09	0.292282
1.16038e-09	0.29145
1.16045e-09	0.290617
1.16052e-09	0.289783
1.16059e-09	0.288948
1.16066e-09	0.288112
1.16073e-09	0.287276
1.1608e-09	0.286439
1.16087e-09	0.285601
1.16094e-09	0.284762
1.16101e-09	0.283922
1.16108e-09	0.283082
1.16116e-09	0.282241
1.16123e-09	0.281399
1.1613e-09	0.280556
1.16137e-09	0.279712
1.16144e-09	0.278868
1.16151e-09	0.278023
1.16158e-09	0.277176
1.16165e-09	0.27633
1.16172e-09	0.275482
1.16179e-09	0.274634
1.16186e-09	0.273784
1.16193e-09	0.272934
1.162e-09	0.272084
1.16207e-09	0.271232
1.16215e-09	0.27038
1.16222e-09	0.269526
1.16229e-09	0.268672
1.16236e-09	0.267818
1.16243e-09	0.266962
1.1625e-09	0.266106
1.16257e-09	0.265249
1.16264e-09	0.264391
1.16271e-09	0.263532
1.16278e-09	0.262673
1.16285e-09	0.261813
1.16292e-09	0.260952
1.16299e-09	0.26009
1.16307e-09	0.259228
1.16314e-09	0.258364
1.16321e-09	0.2575
1.16328e-09	0.256636
1.16335e-09	0.25577
1.16342e-09	0.254904
1.16349e-09	0.254037
1.16356e-09	0.253169
1.16363e-09	0.2523
1.1637e-09	0.251431
1.16377e-09	0.250561
1.16384e-09	0.24969
1.16391e-09	0.248818
1.16398e-09	0.247946
1.16406e-09	0.247073
1.16413e-09	0.246199
1.1642e-09	0.245324
1.16427e-09	0.244449
1.16434e-09	0.243573
1.16441e-09	0.242696
1.16448e-09	0.241819
1.16455e-09	0.24094
1.16462e-09	0.240061
1.16469e-09	0.239181
1.16476e-09	0.238301
1.16483e-09	0.23742
1.1649e-09	0.236538
1.16497e-09	0.235655
1.16505e-09	0.234771
1.16512e-09	0.233887
1.16519e-09	0.233002
1.16526e-09	0.232117
1.16533e-09	0.23123
1.1654e-09	0.230343
1.16547e-09	0.229456
1.16554e-09	0.228567
1.16561e-09	0.227678
1.16568e-09	0.226788
1.16575e-09	0.225897
1.16582e-09	0.225006
1.16589e-09	0.224114
1.16596e-09	0.223221
1.16604e-09	0.222328
1.16611e-09	0.221433
1.16618e-09	0.220538
1.16625e-09	0.219643
1.16632e-09	0.218747
1.16639e-09	0.21785
1.16646e-09	0.216952
1.16653e-09	0.216053
1.1666e-09	0.215154
1.16667e-09	0.214254
1.16674e-09	0.213354
1.16681e-09	0.212453
1.16688e-09	0.211551
1.16696e-09	0.210648
1.16703e-09	0.209745
1.1671e-09	0.208841
1.16717e-09	0.207937
1.16724e-09	0.207031
1.16731e-09	0.206125
1.16738e-09	0.205219
1.16745e-09	0.204311
1.16752e-09	0.203403
1.16759e-09	0.202495
1.16766e-09	0.201585
1.16773e-09	0.200675
1.1678e-09	0.199765
1.16787e-09	0.198853
1.16795e-09	0.197941
1.16802e-09	0.197028
1.16809e-09	0.196115
1.16816e-09	0.195201
1.16823e-09	0.194286
1.1683e-09	0.193371
1.16837e-09	0.192455
1.16844e-09	0.191538
1.16851e-09	0.190621
1.16858e-09	0.189703
1.16865e-09	0.188785
1.16872e-09	0.187865
1.16879e-09	0.186945
1.16886e-09	0.186025
1.16894e-09	0.185104
1.16901e-09	0.184182
1.16908e-09	0.183259
1.16915e-09	0.182336
1.16922e-09	0.181412
1.16929e-09	0.180488
1.16936e-09	0.179563
1.16943e-09	0.178637
1.1695e-09	0.177711
1.16957e-09	0.176784
1.16964e-09	0.175856
1.16971e-09	0.174928
1.16978e-09	0.173999
1.16986e-09	0.17307
1.16993e-09	0.17214
1.17e-09	0.171209
1.17007e-09	0.170278
1.17014e-09	0.169346
1.17021e-09	0.168413
1.17028e-09	0.16748
1.17035e-09	0.166546
1.17042e-09	0.165612
1.17049e-09	0.164677
1.17056e-09	0.163741
1.17063e-09	0.162805
1.1707e-09	0.161868
1.17077e-09	0.160931
1.17085e-09	0.159993
1.17092e-09	0.159054
1.17099e-09	0.158115
1.17106e-09	0.157175
1.17113e-09	0.156235
1.1712e-09	0.155294
1.17127e-09	0.154352
1.17134e-09	0.15341
1.17141e-09	0.152467
1.17148e-09	0.151524
1.17155e-09	0.15058
1.17162e-09	0.149636
1.17169e-09	0.14869
1.17176e-09	0.147745
1.17184e-09	0.146798
1.17191e-09	0.145852
1.17198e-09	0.144904
1.17205e-09	0.143956
1.17212e-09	0.143008
1.17219e-09	0.142059
1.17226e-09	0.141109
1.17233e-09	0.140159
1.1724e-09	0.139208
1.17247e-09	0.138256
1.17254e-09	0.137304
1.17261e-09	0.136352
1.17268e-09	0.135399
1.17275e-09	0.134445
1.17283e-09	0.133491
1.1729e-09	0.132536
1.17297e-09	0.131581
1.17304e-09	0.130625
1.17311e-09	0.129668
1.17318e-09	0.128712
1.17325e-09	0.127754
1.17332e-09	0.126796
1.17339e-09	0.125837
1.17346e-09	0.124878
1.17353e-09	0.123919
1.1736e-09	0.122958
1.17367e-09	0.121998
1.17375e-09	0.121036
1.17382e-09	0.120075
1.17389e-09	0.119112
1.17396e-09	0.118149
1.17403e-09	0.117186
1.1741e-09	0.116222
1.17417e-09	0.115258
1.17424e-09	0.114293
1.17431e-09	0.113327
1.17438e-09	0.112361
1.17445e-09	0.111395
1.17452e-09	0.110428
1.17459e-09	0.10946
1.17466e-09	0.108492
1.17474e-09	0.107523
1.17481e-09	0.106554
1.17488e-09	0.105585
1.17495e-09	0.104615
1.17502e-09	0.103644
1.17509e-09	0.102673
1.17516e-09	0.101701
1.17523e-09	0.100729
1.1753e-09	0.0997567
1.17537e-09	0.0987836
1.17544e-09	0.09781
1.17551e-09	0.096836
1.17558e-09	0.0958614
1.17565e-09	0.0948863
1.17573e-09	0.0939108
1.1758e-09	0.0929348
1.17587e-09	0.0919583
1.17594e-09	0.0909813
1.17601e-09	0.0900039
1.17608e-09	0.0890259
1.17615e-09	0.0880475
1.17622e-09	0.0870686
1.17629e-09	0.0860893
1.17636e-09	0.0851094
1.17643e-09	0.0841291
1.1765e-09	0.0831484
1.17657e-09	0.0821672
1.17664e-09	0.0811855
1.17672e-09	0.0802033
1.17679e-09	0.0792207
1.17686e-09	0.0782376
1.17693e-09	0.0772541
1.177e-09	0.0762701
1.17707e-09	0.0752857
1.17714e-09	0.0743008
1.17721e-09	0.0733155
1.17728e-09	0.0723297
1.17735e-09	0.0713435
1.17742e-09	0.0703568
1.17749e-09	0.0693697
1.17756e-09	0.0683821
1.17764e-09	0.0673941
1.17771e-09	0.0664057
1.17778e-09	0.0654168
1.17785e-09	0.0644275
1.17792e-09	0.0634378
1.17799e-09	0.0624476
1.17806e-09	0.0614571
1.17813e-09	0.060466
1.1782e-09	0.0594746
1.17827e-09	0.0584827
1.17834e-09	0.0574905
1.17841e-09	0.0564978
1.17848e-09	0.0555046
1.17855e-09	0.0545111
1.17863e-09	0.0535172
1.1787e-09	0.0525228
1.17877e-09	0.051528
1.17884e-09	0.0505329
1.17891e-09	0.0495373
1.17898e-09	0.0485413
1.17905e-09	0.0475449
1.17912e-09	0.0465481
1.17919e-09	0.0455509
1.17926e-09	0.0445533
1.17933e-09	0.0435553
1.1794e-09	0.042557
1.17947e-09	0.0415582
1.17954e-09	0.040559
1.17962e-09	0.0395595
1.17969e-09	0.0385595
1.17976e-09	0.0375592
1.17983e-09	0.0365585
1.1799e-09	0.0355574
1.17997e-09	0.034556
1.18004e-09	0.0335541
1.18011e-09	0.0325519
1.18018e-09	0.0315493
1.18025e-09	0.0305463
1.18032e-09	0.029543
1.18039e-09	0.0285393
1.18046e-09	0.0275352
1.18054e-09	0.0265308
1.18061e-09	0.025526
1.18068e-09	0.0245208
1.18075e-09	0.0235153
1.18082e-09	0.0225095
1.18089e-09	0.0215032
1.18096e-09	0.0204966
1.18103e-09	0.0194897
1.1811e-09	0.0184824
1.18117e-09	0.0174748
1.18124e-09	0.0164668
1.18131e-09	0.0154585
1.18138e-09	0.0144498
1.18145e-09	0.0134408
1.18153e-09	0.0124314
1.1816e-09	0.0114218
1.18167e-09	0.0104117
1.18174e-09	0.00940138
1.18181e-09	0.0083907
1.18188e-09	0.00737968
1.18195e-09	0.00636834
1.18202e-09	0.00535667
1.18209e-09	0.00434467
1.18216e-09	0.00333235
1.18223e-09	0.00231972
1.1823e-09	0.00130676
1.18237e-09	0.000293486
1.18244e-09	-0.000720102
1.18252e-09	-0.001734
1.18259e-09	-0.00274822
1.18266e-09	-0.00376274
1.18273e-09	-0.00477757
1.1828e-09	-0.0057927
1.18287e-09	-0.00680814
1.18294e-09	-0.00782388
1.18301e-09	-0.00883993
1.18308e-09	-0.00985627
1.18315e-09	-0.0108729
1.18322e-09	-0.0118898
1.18329e-09	-0.0129071
1.18336e-09	-0.0139246
1.18343e-09	-0.0149424
1.18351e-09	-0.0159605
1.18358e-09	-0.0169788
1.18365e-09	-0.0179975
1.18372e-09	-0.0190164
1.18379e-09	-0.0200356
1.18386e-09	-0.0210551
1.18393e-09	-0.0220749
1.184e-09	-0.023095
1.18407e-09	-0.0241153
1.18414e-09	-0.0251359
1.18421e-09	-0.0261567
1.18428e-09	-0.0271778
1.18435e-09	-0.0281992
1.18443e-09	-0.0292209
1.1845e-09	-0.0302428
1.18457e-09	-0.0312649
1.18464e-09	-0.0322874
1.18471e-09	-0.03331
1.18478e-09	-0.034333
1.18485e-09	-0.0353562
1.18492e-09	-0.0363796
1.18499e-09	-0.0374033
1.18506e-09	-0.0384272
1.18513e-09	-0.0394514
1.1852e-09	-0.0404758
1.18527e-09	-0.0415004
1.18534e-09	-0.0425253
1.18542e-09	-0.0435504
1.18549e-09	-0.0445758
1.18556e-09	-0.0456014
1.18563e-09	-0.0466272
1.1857e-09	-0.0476532
1.18577e-09	-0.0486795
1.18584e-09	-0.049706
1.18591e-09	-0.0507327
1.18598e-09	-0.0517597
1.18605e-09	-0.0527868
1.18612e-09	-0.0538142
1.18619e-09	-0.0548418
1.18626e-09	-0.0558696
1.18633e-09	-0.0568976
1.18641e-09	-0.0579258
1.18648e-09	-0.0589543
1.18655e-09	-0.0599829
1.18662e-09	-0.0610117
1.18669e-09	-0.0620408
1.18676e-09	-0.06307
1.18683e-09	-0.0640995
1.1869e-09	-0.0651291
1.18697e-09	-0.0661589
1.18704e-09	-0.0671889
1.18711e-09	-0.0682191
1.18718e-09	-0.0692495
1.18725e-09	-0.0702801
1.18733e-09	-0.0713109
1.1874e-09	-0.0723418
1.18747e-09	-0.0733729
1.18754e-09	-0.0744042
1.18761e-09	-0.0754357
1.18768e-09	-0.0764674
1.18775e-09	-0.0774992
1.18782e-09	-0.0785312
1.18789e-09	-0.0795634
1.18796e-09	-0.0805957
1.18803e-09	-0.0816282
1.1881e-09	-0.0826609
1.18817e-09	-0.0836937
1.18824e-09	-0.0847267
1.18832e-09	-0.0857598
1.18839e-09	-0.0867931
1.18846e-09	-0.0878265
1.18853e-09	-0.0888601
1.1886e-09	-0.0898939
1.18867e-09	-0.0909278
1.18874e-09	-0.0919618
1.18881e-09	-0.092996
1.18888e-09	-0.0940303
1.18895e-09	-0.0950648
1.18902e-09	-0.0960993
1.18909e-09	-0.0971341
1.18916e-09	-0.0981689
1.18923e-09	-0.0992039
1.18931e-09	-0.100239
1.18938e-09	-0.101274
1.18945e-09	-0.10231
1.18952e-09	-0.103345
1.18959e-09	-0.104381
1.18966e-09	-0.105417
1.18973e-09	-0.106452
1.1898e-09	-0.107488
1.18987e-09	-0.108524
1.18994e-09	-0.109561
1.19001e-09	-0.110597
1.19008e-09	-0.111633
1.19015e-09	-0.11267
1.19022e-09	-0.113707
1.1903e-09	-0.114743
1.19037e-09	-0.11578
1.19044e-09	-0.116817
1.19051e-09	-0.117854
1.19058e-09	-0.118891
1.19065e-09	-0.119928
1.19072e-09	-0.120966
1.19079e-09	-0.122003
1.19086e-09	-0.123041
1.19093e-09	-0.124078
1.191e-09	-0.125116
1.19107e-09	-0.126153
1.19114e-09	-0.127191
1.19122e-09	-0.128229
1.19129e-09	-0.129267
1.19136e-09	-0.130305
1.19143e-09	-0.131343
1.1915e-09	-0.132381
1.19157e-09	-0.13342
1.19164e-09	-0.134458
1.19171e-09	-0.135496
1.19178e-09	-0.136535
1.19185e-09	-0.137573
1.19192e-09	-0.138612
1.19199e-09	-0.13965
1.19206e-09	-0.140689
1.19213e-09	-0.141728
1.19221e-09	-0.142766
1.19228e-09	-0.143805
1.19235e-09	-0.144844
1.19242e-09	-0.145883
1.19249e-09	-0.146922
1.19256e-09	-0.147961
1.19263e-09	-0.149
1.1927e-09	-0.150039
1.19277e-09	-0.151078
1.19284e-09	-0.152117
1.19291e-09	-0.153156
1.19298e-09	-0.154195
1.19305e-09	-0.155234
1.19312e-09	-0.156273
1.1932e-09	-0.157313
1.19327e-09	-0.158352
1.19334e-09	-0.159391
1.19341e-09	-0.16043
1.19348e-09	-0.16147
1.19355e-09	-0.162509
1.19362e-09	-0.163548
1.19369e-09	-0.164587
1.19376e-09	-0.165627
1.19383e-09	-0.166666
1.1939e-09	-0.167705
1.19397e-09	-0.168745
1.19404e-09	-0.169784
1.19411e-09	-0.170823
1.19419e-09	-0.171862
1.19426e-09	-0.172902
1.19433e-09	-0.173941
1.1944e-09	-0.17498
1.19447e-09	-0.176019
1.19454e-09	-0.177059
1.19461e-09	-0.178098
1.19468e-09	-0.179137
1.19475e-09	-0.180176
1.19482e-09	-0.181215
1.19489e-09	-0.182254
1.19496e-09	-0.183293
1.19503e-09	-0.184332
1.19511e-09	-0.185371
1.19518e-09	-0.18641
1.19525e-09	-0.187449
1.19532e-09	-0.188488
1.19539e-09	-0.189527
1.19546e-09	-0.190566
1.19553e-09	-0.191605
1.1956e-09	-0.192643
1.19567e-09	-0.193682
1.19574e-09	-0.194721
1.19581e-09	-0.195759
1.19588e-09	-0.196798
1.19595e-09	-0.197836
1.19602e-09	-0.198875
1.1961e-09	-0.199913
1.19617e-09	-0.200951
1.19624e-09	-0.201989
1.19631e-09	-0.203027
1.19638e-09	-0.204065
1.19645e-09	-0.205103
1.19652e-09	-0.206141
1.19659e-09	-0.207179
1.19666e-09	-0.208217
1.19673e-09	-0.209255
1.1968e-09	-0.210292
1.19687e-09	-0.21133
1.19694e-09	-0.212367
1.19701e-09	-0.213404
1.19709e-09	-0.214442
1.19716e-09	-0.215479
1.19723e-09	-0.216516
1.1973e-09	-0.217553
1.19737e-09	-0.21859
1.19744e-09	-0.219626
1.19751e-09	-0.220663
1.19758e-09	-0.2217
1.19765e-09	-0.222736
1.19772e-09	-0.223772
1.19779e-09	-0.224809
1.19786e-09	-0.225845
1.19793e-09	-0.226881
1.19801e-09	-0.227917
1.19808e-09	-0.228952
1.19815e-09	-0.229988
1.19822e-09	-0.231023
1.19829e-09	-0.232059
1.19836e-09	-0.233094
1.19843e-09	-0.234129
1.1985e-09	-0.235164
1.19857e-09	-0.236199
1.19864e-09	-0.237234
1.19871e-09	-0.238268
1.19878e-09	-0.239303
1.19885e-09	-0.240337
1.19892e-09	-0.241371
1.199e-09	-0.242405
1.19907e-09	-0.243439
1.19914e-09	-0.244473
1.19921e-09	-0.245507
1.19928e-09	-0.24654
1.19935e-09	-0.247573
1.19942e-09	-0.248607
1.19949e-09	-0.249639
1.19956e-09	-0.250672
1.19963e-09	-0.251705
1.1997e-09	-0.252737
1.19977e-09	-0.25377
1.19984e-09	-0.254802
1.19991e-09	-0.255834
1.19999e-09	-0.256866
1.20006e-09	-0.257897
1.20013e-09	-0.258929
1.2002e-09	-0.25996
1.20027e-09	-0.260991
1.20034e-09	-0.262022
1.20041e-09	-0.263053
1.20048e-09	-0.264083
1.20055e-09	-0.265113
1.20062e-09	-0.266144
1.20069e-09	-0.267173
1.20076e-09	-0.268203
1.20083e-09	-0.269233
1.2009e-09	-0.270262
1.20098e-09	-0.271291
1.20105e-09	-0.27232
1.20112e-09	-0.273349
1.20119e-09	-0.274377
1.20126e-09	-0.275406
1.20133e-09	-0.276434
1.2014e-09	-0.277462
1.20147e-09	-0.278489
1.20154e-09	-0.279517
1.20161e-09	-0.280544
1.20168e-09	-0.281571
1.20175e-09	-0.282598
1.20182e-09	-0.283624
1.2019e-09	-0.284651
1.20197e-09	-0.285677
1.20204e-09	-0.286703
1.20211e-09	-0.287728
1.20218e-09	-0.288754
1.20225e-09	-0.289779
1.20232e-09	-0.290804
1.20239e-09	-0.291829
1.20246e-09	-0.292853
1.20253e-09	-0.293877
1.2026e-09	-0.294901
1.20267e-09	-0.295925
1.20274e-09	-0.296948
1.20281e-09	-0.297971
1.20289e-09	-0.298994
1.20296e-09	-0.300017
1.20303e-09	-0.301039
1.2031e-09	-0.302061
1.20317e-09	-0.303083
1.20324e-09	-0.304105
1.20331e-09	-0.305126
1.20338e-09	-0.306147
1.20345e-09	-0.307168
1.20352e-09	-0.308189
1.20359e-09	-0.309209
1.20366e-09	-0.310229
1.20373e-09	-0.311248
1.2038e-09	-0.312268
1.20388e-09	-0.313287
1.20395e-09	-0.314306
1.20402e-09	-0.315324
1.20409e-09	-0.316343
1.20416e-09	-0.31736
1.20423e-09	-0.318378
1.2043e-09	-0.319395
1.20437e-09	-0.320412
1.20444e-09	-0.321429
1.20451e-09	-0.322446
1.20458e-09	-0.323462
1.20465e-09	-0.324478
1.20472e-09	-0.325493
1.2048e-09	-0.326508
1.20487e-09	-0.327523
1.20494e-09	-0.328538
1.20501e-09	-0.329552
1.20508e-09	-0.330566
1.20515e-09	-0.33158
1.20522e-09	-0.332593
1.20529e-09	-0.333606
1.20536e-09	-0.334618
1.20543e-09	-0.335631
1.2055e-09	-0.336643
1.20557e-09	-0.337654
1.20564e-09	-0.338666
1.20571e-09	-0.339676
1.20579e-09	-0.340687
1.20586e-09	-0.341697
1.20593e-09	-0.342707
1.206e-09	-0.343717
1.20607e-09	-0.344726
1.20614e-09	-0.345735
1.20621e-09	-0.346743
1.20628e-09	-0.347752
1.20635e-09	-0.348759
1.20642e-09	-0.349767
1.20649e-09	-0.350774
1.20656e-09	-0.351781
1.20663e-09	-0.352787
1.2067e-09	-0.353793
1.20678e-09	-0.354799
1.20685e-09	-0.355804
1.20692e-09	-0.356809
1.20699e-09	-0.357813
1.20706e-09	-0.358817
1.20713e-09	-0.359821
1.2072e-09	-0.360824
1.20727e-09	-0.361827
1.20734e-09	-0.36283
1.20741e-09	-0.363832
1.20748e-09	-0.364834
1.20755e-09	-0.365835
1.20762e-09	-0.366837
1.20769e-09	-0.367837
1.20777e-09	-0.368837
1.20784e-09	-0.369837
1.20791e-09	-0.370837
1.20798e-09	-0.371836
1.20805e-09	-0.372834
1.20812e-09	-0.373832
1.20819e-09	-0.37483
1.20826e-09	-0.375828
1.20833e-09	-0.376825
1.2084e-09	-0.377821
1.20847e-09	-0.378817
1.20854e-09	-0.379813
1.20861e-09	-0.380808
1.20869e-09	-0.381803
1.20876e-09	-0.382798
1.20883e-09	-0.383792
1.2089e-09	-0.384785
1.20897e-09	-0.385778
1.20904e-09	-0.386771
1.20911e-09	-0.387763
1.20918e-09	-0.388755
1.20925e-09	-0.389747
1.20932e-09	-0.390738
1.20939e-09	-0.391728
1.20946e-09	-0.392718
1.20953e-09	-0.393708
1.2096e-09	-0.394697
1.20968e-09	-0.395686
1.20975e-09	-0.396674
1.20982e-09	-0.397662
1.20989e-09	-0.398649
1.20996e-09	-0.399636
1.21003e-09	-0.400622
1.2101e-09	-0.401608
1.21017e-09	-0.402594
1.21024e-09	-0.403579
1.21031e-09	-0.404563
1.21038e-09	-0.405547
1.21045e-09	-0.406531
1.21052e-09	-0.407514
1.21059e-09	-0.408497
1.21067e-09	-0.409479
1.21074e-09	-0.410461
1.21081e-09	-0.411442
1.21088e-09	-0.412423
1.21095e-09	-0.413403
1.21102e-09	-0.414382
1.21109e-09	-0.415362
1.21116e-09	-0.41634
1.21123e-09	-0.417319
1.2113e-09	-0.418296
1.21137e-09	-0.419274
1.21144e-09	-0.42025
1.21151e-09	-0.421227
1.21159e-09	-0.422202
1.21166e-09	-0.423177
1.21173e-09	-0.424152
1.2118e-09	-0.425126
1.21187e-09	-0.4261
1.21194e-09	-0.427073
1.21201e-09	-0.428046
1.21208e-09	-0.429018
1.21215e-09	-0.429989
1.21222e-09	-0.430961
1.21229e-09	-0.431931
1.21236e-09	-0.432901
1.21243e-09	-0.433871
1.2125e-09	-0.434839
1.21258e-09	-0.435808
1.21265e-09	-0.436776
1.21272e-09	-0.437743
1.21279e-09	-0.43871
1.21286e-09	-0.439676
1.21293e-09	-0.440642
1.213e-09	-0.441607
1.21307e-09	-0.442571
1.21314e-09	-0.443536
1.21321e-09	-0.444499
1.21328e-09	-0.445462
1.21335e-09	-0.446424
1.21342e-09	-0.447386
1.21349e-09	-0.448347
1.21357e-09	-0.449308
1.21364e-09	-0.450268
1.21371e-09	-0.451228
1.21378e-09	-0.452187
1.21385e-09	-0.453145
1.21392e-09	-0.454103
1.21399e-09	-0.45506
1.21406e-09	-0.456017
1.21413e-09	-0.456973
1.2142e-09	-0.457929
1.21427e-09	-0.458884
1.21434e-09	-0.459838
1.21441e-09	-0.460792
1.21448e-09	-0.461745
1.21456e-09	-0.462697
1.21463e-09	-0.463649
1.2147e-09	-0.464601
1.21477e-09	-0.465552
1.21484e-09	-0.466502
1.21491e-09	-0.467451
1.21498e-09	-0.4684
1.21505e-09	-0.469349
1.21512e-09	-0.470297
1.21519e-09	-0.471244
1.21526e-09	-0.47219
1.21533e-09	-0.473136
1.2154e-09	-0.474082
1.21548e-09	-0.475026
1.21555e-09	-0.47597
1.21562e-09	-0.476914
1.21569e-09	-0.477857
1.21576e-09	-0.478799
1.21583e-09	-0.47974
1.2159e-09	-0.480681
1.21597e-09	-0.481622
1.21604e-09	-0.482561
1.21611e-09	-0.483501
1.21618e-09	-0.484439
1.21625e-09	-0.485377
1.21632e-09	-0.486314
1.21639e-09	-0.48725
1.21647e-09	-0.488186
1.21654e-09	-0.489121
1.21661e-09	-0.490056
1.21668e-09	-0.49099
1.21675e-09	-0.491923
1.21682e-09	-0.492856
1.21689e-09	-0.493788
1.21696e-09	-0.494719
1.21703e-09	-0.49565
1.2171e-09	-0.49658
1.21717e-09	-0.497509
1.21724e-09	-0.498438
1.21731e-09	-0.499366
1.21738e-09	-0.500293
1.21746e-09	-0.501219
1.21753e-09	-0.502145
1.2176e-09	-0.503071
1.21767e-09	-0.503995
1.21774e-09	-0.504919
1.21781e-09	-0.505842
1.21788e-09	-0.506765
1.21795e-09	-0.507687
1.21802e-09	-0.508608
1.21809e-09	-0.509528
1.21816e-09	-0.510448
1.21823e-09	-0.511367
1.2183e-09	-0.512286
1.21837e-09	-0.513203
1.21845e-09	-0.51412
1.21852e-09	-0.515037
1.21859e-09	-0.515952
1.21866e-09	-0.516867
1.21873e-09	-0.517781
1.2188e-09	-0.518695
1.21887e-09	-0.519607
1.21894e-09	-0.520519
1.21901e-09	-0.521431
1.21908e-09	-0.522341
1.21915e-09	-0.523251
1.21922e-09	-0.524161
1.21929e-09	-0.525069
1.21937e-09	-0.525977
1.21944e-09	-0.526884
1.21951e-09	-0.52779
1.21958e-09	-0.528695
1.21965e-09	-0.5296
1.21972e-09	-0.530504
1.21979e-09	-0.531408
1.21986e-09	-0.53231
1.21993e-09	-0.533212
1.22e-09	-0.534113
1.22007e-09	-0.535013
1.22014e-09	-0.535913
1.22021e-09	-0.536812
1.22028e-09	-0.53771
1.22036e-09	-0.538607
1.22043e-09	-0.539504
1.2205e-09	-0.5404
1.22057e-09	-0.541295
1.22064e-09	-0.542189
1.22071e-09	-0.543083
1.22078e-09	-0.543976
1.22085e-09	-0.544868
1.22092e-09	-0.545759
1.22099e-09	-0.546649
1.22106e-09	-0.547539
1.22113e-09	-0.548428
1.2212e-09	-0.549316
1.22127e-09	-0.550204
1.22135e-09	-0.55109
1.22142e-09	-0.551976
1.22149e-09	-0.552861
1.22156e-09	-0.553746
1.22163e-09	-0.554629
1.2217e-09	-0.555512
1.22177e-09	-0.556394
1.22184e-09	-0.557275
1.22191e-09	-0.558155
1.22198e-09	-0.559035
1.22205e-09	-0.559913
1.22212e-09	-0.560791
1.22219e-09	-0.561668
1.22227e-09	-0.562545
1.22234e-09	-0.56342
1.22241e-09	-0.564295
1.22248e-09	-0.565169
1.22255e-09	-0.566042
1.22262e-09	-0.566914
1.22269e-09	-0.567786
1.22276e-09	-0.568656
1.22283e-09	-0.569526
1.2229e-09	-0.570395
1.22297e-09	-0.571263
1.22304e-09	-0.572131
1.22311e-09	-0.572997
1.22318e-09	-0.573863
1.22326e-09	-0.574728
1.22333e-09	-0.575592
1.2234e-09	-0.576455
1.22347e-09	-0.577317
1.22354e-09	-0.578179
1.22361e-09	-0.57904
1.22368e-09	-0.579899
1.22375e-09	-0.580758
1.22382e-09	-0.581617
1.22389e-09	-0.582474
1.22396e-09	-0.58333
1.22403e-09	-0.584186
1.2241e-09	-0.585041
1.22417e-09	-0.585895
1.22425e-09	-0.586748
1.22432e-09	-0.5876
1.22439e-09	-0.588451
1.22446e-09	-0.589302
1.22453e-09	-0.590151
1.2246e-09	-0.591
1.22467e-09	-0.591848
1.22474e-09	-0.592695
1.22481e-09	-0.593541
1.22488e-09	-0.594386
1.22495e-09	-0.595231
1.22502e-09	-0.596074
1.22509e-09	-0.596917
1.22516e-09	-0.597759
1.22524e-09	-0.598599
1.22531e-09	-0.599439
1.22538e-09	-0.600279
1.22545e-09	-0.601117
1.22552e-09	-0.601954
1.22559e-09	-0.60279
1.22566e-09	-0.603626
1.22573e-09	-0.604461
1.2258e-09	-0.605294
1.22587e-09	-0.606127
1.22594e-09	-0.606959
1.22601e-09	-0.60779
1.22608e-09	-0.60862
1.22616e-09	-0.60945
1.22623e-09	-0.610278
1.2263e-09	-0.611105
1.22637e-09	-0.611932
1.22644e-09	-0.612757
1.22651e-09	-0.613582
1.22658e-09	-0.614406
1.22665e-09	-0.615229
1.22672e-09	-0.616051
1.22679e-09	-0.616872
1.22686e-09	-0.617692
1.22693e-09	-0.618511
1.227e-09	-0.619329
1.22707e-09	-0.620146
1.22715e-09	-0.620963
1.22722e-09	-0.621778
1.22729e-09	-0.622593
1.22736e-09	-0.623406
1.22743e-09	-0.624219
1.2275e-09	-0.62503
1.22757e-09	-0.625841
1.22764e-09	-0.626651
1.22771e-09	-0.62746
1.22778e-09	-0.628268
1.22785e-09	-0.629075
1.22792e-09	-0.629881
1.22799e-09	-0.630686
1.22806e-09	-0.63149
1.22814e-09	-0.632293
1.22821e-09	-0.633095
1.22828e-09	-0.633896
1.22835e-09	-0.634696
1.22842e-09	-0.635496
1.22849e-09	-0.636294
1.22856e-09	-0.637091
1.22863e-09	-0.637888
1.2287e-09	-0.638683
1.22877e-09	-0.639478
1.22884e-09	-0.640271
1.22891e-09	-0.641064
1.22898e-09	-0.641855
1.22906e-09	-0.642646
1.22913e-09	-0.643435
1.2292e-09	-0.644224
1.22927e-09	-0.645011
1.22934e-09	-0.645798
1.22941e-09	-0.646584
1.22948e-09	-0.647368
1.22955e-09	-0.648152
1.22962e-09	-0.648934
1.22969e-09	-0.649716
1.22976e-09	-0.650497
1.22983e-09	-0.651276
1.2299e-09	-0.652055
1.22997e-09	-0.652833
1.23005e-09	-0.653609
1.23012e-09	-0.654385
1.23019e-09	-0.65516
1.23026e-09	-0.655933
1.23033e-09	-0.656706
1.2304e-09	-0.657477
1.23047e-09	-0.658248
1.23054e-09	-0.659017
1.23061e-09	-0.659786
1.23068e-09	-0.660554
1.23075e-09	-0.66132
1.23082e-09	-0.662085
1.23089e-09	-0.66285
1.23096e-09	-0.663613
1.23104e-09	-0.664376
1.23111e-09	-0.665137
1.23118e-09	-0.665897
1.23125e-09	-0.666657
1.23132e-09	-0.667415
1.23139e-09	-0.668172
1.23146e-09	-0.668928
1.23153e-09	-0.669684
1.2316e-09	-0.670438
1.23167e-09	-0.671191
1.23174e-09	-0.671943
1.23181e-09	-0.672694
1.23188e-09	-0.673444
1.23195e-09	-0.674192
1.23203e-09	-0.67494
1.2321e-09	-0.675687
1.23217e-09	-0.676433
1.23224e-09	-0.677177
1.23231e-09	-0.677921
1.23238e-09	-0.678664
1.23245e-09	-0.679405
1.23252e-09	-0.680145
1.23259e-09	-0.680885
1.23266e-09	-0.681623
1.23273e-09	-0.68236
1.2328e-09	-0.683096
1.23287e-09	-0.683831
1.23295e-09	-0.684565
1.23302e-09	-0.685298
1.23309e-09	-0.68603
1.23316e-09	-0.686761
1.23323e-09	-0.687491
1.2333e-09	-0.688219
1.23337e-09	-0.688947
1.23344e-09	-0.689673
1.23351e-09	-0.690398
1.23358e-09	-0.691123
1.23365e-09	-0.691846
1.23372e-09	-0.692568
1.23379e-09	-0.693289
1.23386e-09	-0.694009
1.23394e-09	-0.694727
1.23401e-09	-0.695445
1.23408e-09	-0.696162
1.23415e-09	-0.696877
1.23422e-09	-0.697592
1.23429e-09	-0.698305
1.23436e-09	-0.699017
1.23443e-09	-0.699728
1.2345e-09	-0.700438
1.23457e-09	-0.701147
1.23464e-09	-0.701855
1.23471e-09	-0.702561
1.23478e-09	-0.703267
1.23485e-09	-0.703971
1.23493e-09	-0.704674
1.235e-09	-0.705376
1.23507e-09	-0.706077
1.23514e-09	-0.706777
1.23521e-09	-0.707476
1.23528e-09	-0.708174
1.23535e-09	-0.70887
1.23542e-09	-0.709565
1.23549e-09	-0.71026
1.23556e-09	-0.710953
1.23563e-09	-0.711645
1.2357e-09	-0.712335
1.23577e-09	-0.713025
1.23585e-09	-0.713714
1.23592e-09	-0.714401
1.23599e-09	-0.715087
1.23606e-09	-0.715772
1.23613e-09	-0.716456
1.2362e-09	-0.717139
1.23627e-09	-0.717821
1.23634e-09	-0.718501
1.23641e-09	-0.719181
1.23648e-09	-0.719859
1.23655e-09	-0.720536
1.23662e-09	-0.721212
1.23669e-09	-0.721886
1.23676e-09	-0.72256
1.23684e-09	-0.723232
1.23691e-09	-0.723904
1.23698e-09	-0.724574
1.23705e-09	-0.725242
1.23712e-09	-0.72591
1.23719e-09	-0.726577
1.23726e-09	-0.727242
1.23733e-09	-0.727906
1.2374e-09	-0.728569
1.23747e-09	-0.729231
1.23754e-09	-0.729892
1.23761e-09	-0.730551
1.23768e-09	-0.73121
1.23775e-09	-0.731867
1.23783e-09	-0.732523
1.2379e-09	-0.733177
1.23797e-09	-0.733831
1.23804e-09	-0.734483
1.23811e-09	-0.735135
1.23818e-09	-0.735785
1.23825e-09	-0.736433
1.23832e-09	-0.737081
1.23839e-09	-0.737727
1.23846e-09	-0.738373
1.23853e-09	-0.739017
1.2386e-09	-0.739659
1.23867e-09	-0.740301
1.23874e-09	-0.740941
1.23882e-09	-0.741581
1.23889e-09	-0.742218
1.23896e-09	-0.742855
1.23903e-09	-0.743491
1.2391e-09	-0.744125
1.23917e-09	-0.744758
1.23924e-09	-0.74539
1.23931e-09	-0.746021
1.23938e-09	-0.74665
1.23945e-09	-0.747279
1.23952e-09	-0.747906
1.23959e-09	-0.748532
1.23966e-09	-0.749156
1.23974e-09	-0.749779
1.23981e-09	-0.750402
1.23988e-09	-0.751023
1.23995e-09	-0.751642
1.24002e-09	-0.752261
1.24009e-09	-0.752878
1.24016e-09	-0.753494
1.24023e-09	-0.754109
1.2403e-09	-0.754722
1.24037e-09	-0.755334
1.24044e-09	-0.755945
1.24051e-09	-0.756555
1.24058e-09	-0.757164
1.24065e-09	-0.757771
1.24073e-09	-0.758377
1.2408e-09	-0.758982
1.24087e-09	-0.759585
1.24094e-09	-0.760188
1.24101e-09	-0.760789
1.24108e-09	-0.761389
1.24115e-09	-0.761987
1.24122e-09	-0.762584
1.24129e-09	-0.76318
1.24136e-09	-0.763775
1.24143e-09	-0.764369
1.2415e-09	-0.764961
1.24157e-09	-0.765552
1.24164e-09	-0.766142
1.24172e-09	-0.76673
1.24179e-09	-0.767317
1.24186e-09	-0.767903
1.24193e-09	-0.768488
1.242e-09	-0.769071
1.24207e-09	-0.769653
1.24214e-09	-0.770234
1.24221e-09	-0.770814
1.24228e-09	-0.771392
1.24235e-09	-0.771969
1.24242e-09	-0.772544
1.24249e-09	-0.773119
1.24256e-09	-0.773692
1.24263e-09	-0.774264
1.24271e-09	-0.774834
1.24278e-09	-0.775404
1.24285e-09	-0.775972
1.24292e-09	-0.776538
1.24299e-09	-0.777104
1.24306e-09	-0.777668
1.24313e-09	-0.778231
1.2432e-09	-0.778792
1.24327e-09	-0.779352
1.24334e-09	-0.779911
1.24341e-09	-0.780469
1.24348e-09	-0.781025
1.24355e-09	-0.78158
1.24363e-09	-0.782134
1.2437e-09	-0.782686
1.24377e-09	-0.783238
1.24384e-09	-0.783787
1.24391e-09	-0.784336
1.24398e-09	-0.784883
1.24405e-09	-0.785429
1.24412e-09	-0.785973
1.24419e-09	-0.786517
1.24426e-09	-0.787059
1.24433e-09	-0.787599
1.2444e-09	-0.788138
1.24447e-09	-0.788676
1.24454e-09	-0.789213
1.24462e-09	-0.789748
1.24469e-09	-0.790282
1.24476e-09	-0.790815
1.24483e-09	-0.791346
1.2449e-09	-0.791876
1.24497e-09	-0.792405
1.24504e-09	-0.792932
1.24511e-09	-0.793458
1.24518e-09	-0.793983
1.24525e-09	-0.794506
1.24532e-09	-0.795028
1.24539e-09	-0.795549
1.24546e-09	-0.796068
1.24553e-09	-0.796586
1.24561e-09	-0.797103
1.24568e-09	-0.797618
1.24575e-09	-0.798132
1.24582e-09	-0.798645
1.24589e-09	-0.799156
1.24596e-09	-0.799666
1.24603e-09	-0.800175
1.2461e-09	-0.800682
1.24617e-09	-0.801188
1.24624e-09	-0.801692
1.24631e-09	-0.802195
1.24638e-09	-0.802697
1.24645e-09	-0.803198
1.24653e-09	-0.803697
1.2466e-09	-0.804194
1.24667e-09	-0.804691
1.24674e-09	-0.805186
1.24681e-09	-0.805679
1.24688e-09	-0.806172
1.24695e-09	-0.806663
1.24702e-09	-0.807152
1.24709e-09	-0.80764
1.24716e-09	-0.808127
1.24723e-09	-0.808613
1.2473e-09	-0.809097
1.24737e-09	-0.809579
1.24744e-09	-0.810061
1.24752e-09	-0.810541
1.24759e-09	-0.811019
1.24766e-09	-0.811496
1.24773e-09	-0.811972
1.2478e-09	-0.812447
1.24787e-09	-0.81292
1.24794e-09	-0.813391
1.24801e-09	-0.813862
1.24808e-09	-0.81433
1.24815e-09	-0.814798
1.24822e-09	-0.815264
1.24829e-09	-0.815729
1.24836e-09	-0.816192
1.24843e-09	-0.816654
1.24851e-09	-0.817115
1.24858e-09	-0.817574
1.24865e-09	-0.818032
1.24872e-09	-0.818488
1.24879e-09	-0.818943
1.24886e-09	-0.819396
1.24893e-09	-0.819849
1.249e-09	-0.820299
1.24907e-09	-0.820749
1.24914e-09	-0.821197
1.24921e-09	-0.821643
1.24928e-09	-0.822088
1.24935e-09	-0.822532
1.24942e-09	-0.822975
1.2495e-09	-0.823416
1.24957e-09	-0.823855
1.24964e-09	-0.824293
1.24971e-09	-0.82473
1.24978e-09	-0.825165
1.24985e-09	-0.825599
1.24992e-09	-0.826031
1.24999e-09	-0.826462
1.25006e-09	-0.826892
1.25013e-09	-0.82732
1.2502e-09	-0.827747
1.25027e-09	-0.828172
1.25034e-09	-0.828596
1.25042e-09	-0.829019
1.25049e-09	-0.82944
1.25056e-09	-0.82986
1.25063e-09	-0.830278
1.2507e-09	-0.830695
1.25077e-09	-0.83111
1.25084e-09	-0.831524
1.25091e-09	-0.831936
1.25098e-09	-0.832348
1.25105e-09	-0.832757
1.25112e-09	-0.833165
1.25119e-09	-0.833572
1.25126e-09	-0.833977
1.25133e-09	-0.834381
1.25141e-09	-0.834784
1.25148e-09	-0.835185
1.25155e-09	-0.835584
1.25162e-09	-0.835983
1.25169e-09	-0.836379
1.25176e-09	-0.836774
1.25183e-09	-0.837168
1.2519e-09	-0.837561
1.25197e-09	-0.837951
1.25204e-09	-0.838341
1.25211e-09	-0.838729
1.25218e-09	-0.839115
1.25225e-09	-0.8395
1.25232e-09	-0.839884
1.2524e-09	-0.840266
1.25247e-09	-0.840647
1.25254e-09	-0.841026
1.25261e-09	-0.841404
1.25268e-09	-0.84178
1.25275e-09	-0.842155
1.25282e-09	-0.842529
1.25289e-09	-0.842901
1.25296e-09	-0.843271
1.25303e-09	-0.84364
1.2531e-09	-0.844008
1.25317e-09	-0.844374
1.25324e-09	-0.844739
1.25332e-09	-0.845102
1.25339e-09	-0.845464
1.25346e-09	-0.845824
1.25353e-09	-0.846183
1.2536e-09	-0.84654
1.25367e-09	-0.846896
1.25374e-09	-0.84725
1.25381e-09	-0.847603
1.25388e-09	-0.847954
1.25395e-09	-0.848304
1.25402e-09	-0.848653
1.25409e-09	-0.849
1.25416e-09	-0.849345
1.25423e-09	-0.849689
1.25431e-09	-0.850032
1.25438e-09	-0.850373
1.25445e-09	-0.850712
1.25452e-09	-0.85105
1.25459e-09	-0.851387
1.25466e-09	-0.851722
1.25473e-09	-0.852056
1.2548e-09	-0.852388
1.25487e-09	-0.852718
1.25494e-09	-0.853047
1.25501e-09	-0.853375
1.25508e-09	-0.853701
1.25515e-09	-0.854026
1.25522e-09	-0.854349
1.2553e-09	-0.854671
1.25537e-09	-0.854991
1.25544e-09	-0.85531
1.25551e-09	-0.855627
1.25558e-09	-0.855942
1.25565e-09	-0.856257
1.25572e-09	-0.856569
1.25579e-09	-0.856881
1.25586e-09	-0.85719
1.25593e-09	-0.857498
1.256e-09	-0.857805
1.25607e-09	-0.85811
1.25614e-09	-0.858414
1.25621e-09	-0.858716
1.25629e-09	-0.859017
1.25636e-09	-0.859316
1.25643e-09	-0.859613
1.2565e-09	-0.859909
1.25657e-09	-0.860204
1.25664e-09	-0.860497
1.25671e-09	-0.860789
1.25678e-09	-0.861079
1.25685e-09	-0.861367
1.25692e-09	-0.861654
1.25699e-09	-0.86194
1.25706e-09	-0.862224
1.25713e-09	-0.862506
1.25721e-09	-0.862787
1.25728e-09	-0.863067
1.25735e-09	-0.863345
1.25742e-09	-0.863621
1.25749e-09	-0.863896
1.25756e-09	-0.864169
1.25763e-09	-0.864441
1.2577e-09	-0.864711
1.25777e-09	-0.86498
1.25784e-09	-0.865247
1.25791e-09	-0.865513
1.25798e-09	-0.865777
1.25805e-09	-0.86604
1.25812e-09	-0.866301
1.2582e-09	-0.86656
1.25827e-09	-0.866818
1.25834e-09	-0.867075
1.25841e-09	-0.86733
1.25848e-09	-0.867583
1.25855e-09	-0.867835
1.25862e-09	-0.868086
1.25869e-09	-0.868335
1.25876e-09	-0.868582
1.25883e-09	-0.868828
1.2589e-09	-0.869072
1.25897e-09	-0.869314
1.25904e-09	-0.869556
1.25911e-09	-0.869795
1.25919e-09	-0.870033
1.25926e-09	-0.87027
1.25933e-09	-0.870505
1.2594e-09	-0.870738
1.25947e-09	-0.87097
1.25954e-09	-0.8712
1.25961e-09	-0.871429
1.25968e-09	-0.871656
1.25975e-09	-0.871882
1.25982e-09	-0.872106
1.25989e-09	-0.872329
1.25996e-09	-0.87255
1.26003e-09	-0.872769
1.26011e-09	-0.872987
1.26018e-09	-0.873204
1.26025e-09	-0.873418
1.26032e-09	-0.873632
1.26039e-09	-0.873843
1.26046e-09	-0.874054
1.26053e-09	-0.874262
1.2606e-09	-0.874469
1.26067e-09	-0.874675
1.26074e-09	-0.874879
1.26081e-09	-0.875081
1.26088e-09	-0.875282
1.26095e-09	-0.875481
1.26102e-09	-0.875679
1.2611e-09	-0.875875
1.26117e-09	-0.876069
1.26124e-09	-0.876262
1.26131e-09	-0.876454
1.26138e-09	-0.876643
1.26145e-09	-0.876832
1.26152e-09	-0.877019
1.26159e-09	-0.877204
1.26166e-09	-0.877387
1.26173e-09	-0.877569
1.2618e-09	-0.87775
1.26187e-09	-0.877929
1.26194e-09	-0.878106
1.26201e-09	-0.878282
1.26209e-09	-0.878456
1.26216e-09	-0.878628
1.26223e-09	-0.878799
1.2623e-09	-0.878969
1.26237e-09	-0.879137
1.26244e-09	-0.879303
1.26251e-09	-0.879468
1.26258e-09	-0.879631
1.26265e-09	-0.879792
1.26272e-09	-0.879952
1.26279e-09	-0.880111
1.26286e-09	-0.880267
1.26293e-09	-0.880423
1.263e-09	-0.880576
1.26308e-09	-0.880728
1.26315e-09	-0.880879
1.26322e-09	-0.881028
1.26329e-09	-0.881175
1.26336e-09	-0.881321
1.26343e-09	-0.881465
1.2635e-09	-0.881608
1.26357e-09	-0.881749
1.26364e-09	-0.881888
1.26371e-09	-0.882026
1.26378e-09	-0.882162
1.26385e-09	-0.882297
1.26392e-09	-0.88243
1.264e-09	-0.882561
1.26407e-09	-0.882691
1.26414e-09	-0.882819
1.26421e-09	-0.882946
1.26428e-09	-0.883071
1.26435e-09	-0.883195
1.26442e-09	-0.883317
1.26449e-09	-0.883437
1.26456e-09	-0.883556
1.26463e-09	-0.883673
1.2647e-09	-0.883788
1.26477e-09	-0.883902
1.26484e-09	-0.884015
1.26491e-09	-0.884125
1.26499e-09	-0.884234
1.26506e-09	-0.884342
1.26513e-09	-0.884448
1.2652e-09	-0.884552
1.26527e-09	-0.884655
1.26534e-09	-0.884756
1.26541e-09	-0.884856
1.26548e-09	-0.884954
1.26555e-09	-0.88505
1.26562e-09	-0.885145
1.26569e-09	-0.885238
1.26576e-09	-0.88533
1.26583e-09	-0.885419
1.2659e-09	-0.885508
1.26598e-09	-0.885595
1.26605e-09	-0.88568
1.26612e-09	-0.885763
1.26619e-09	-0.885845
1.26626e-09	-0.885926
1.26633e-09	-0.886004
1.2664e-09	-0.886081
1.26647e-09	-0.886157
1.26654e-09	-0.886231
1.26661e-09	-0.886303
1.26668e-09	-0.886374
1.26675e-09	-0.886443
1.26682e-09	-0.88651
1.26689e-09	-0.886576
1.26697e-09	-0.88664
1.26704e-09	-0.886703
1.26711e-09	-0.886764
1.26718e-09	-0.886823
1.26725e-09	-0.886881
1.26732e-09	-0.886937
1.26739e-09	-0.886992
1.26746e-09	-0.887045
1.26753e-09	-0.887096
1.2676e-09	-0.887146
1.26767e-09	-0.887194
1.26774e-09	-0.88724
1.26781e-09	-0.887285
1.26789e-09	-0.887329
1.26796e-09	-0.88737
1.26803e-09	-0.88741
1.2681e-09	-0.887449
1.26817e-09	-0.887485
1.26824e-09	-0.88752
1.26831e-09	-0.887554
1.26838e-09	-0.887586
1.26845e-09	-0.887616
1.26852e-09	-0.887645
1.26859e-09	-0.887672
1.26866e-09	-0.887697
1.26873e-09	-0.887721
1.2688e-09	-0.887743
1.26888e-09	-0.887764
1.26895e-09	-0.887783
1.26902e-09	-0.8878
1.26909e-09	-0.887816
1.26916e-09	-0.88783
1.26923e-09	-0.887843
1.2693e-09	-0.887854
1.26937e-09	-0.887863
1.26944e-09	-0.88787
1.26951e-09	-0.887876
1.26958e-09	-0.887881
1.26965e-09	-0.887883
1.26972e-09	-0.887884
1.26979e-09	-0.887884
1.26987e-09	-0.887882
1.26994e-09	-0.887878
1.27001e-09	-0.887873
1.27008e-09	-0.887866
1.27015e-09	-0.887857
1.27022e-09	-0.887847
1.27029e-09	-0.887835
1.27036e-09	-0.887821
1.27043e-09	-0.887806
1.2705e-09	-0.887789
1.27057e-09	-0.887771
1.27064e-09	-0.887751
1.27071e-09	-0.887729
1.27079e-09	-0.887706
1.27086e-09	-0.887681
1.27093e-09	-0.887654
1.271e-09	-0.887626
1.27107e-09	-0.887596
1.27114e-09	-0.887564
1.27121e-09	-0.887531
1.27128e-09	-0.887497
1.27135e-09	-0.88746
1.27142e-09	-0.887422
1.27149e-09	-0.887383
1.27156e-09	-0.887341
1.27163e-09	-0.887298
1.2717e-09	-0.887254
1.27178e-09	-0.887208
1.27185e-09	-0.88716
1.27192e-09	-0.88711
1.27199e-09	-0.887059
1.27206e-09	-0.887007
1.27213e-09	-0.886952
1.2722e-09	-0.886896
1.27227e-09	-0.886839
1.27234e-09	-0.886779
1.27241e-09	-0.886719
1.27248e-09	-0.886656
1.27255e-09	-0.886592
1.27262e-09	-0.886526
1.27269e-09	-0.886459
1.27277e-09	-0.886389
1.27284e-09	-0.886319
1.27291e-09	-0.886246
1.27298e-09	-0.886172
1.27305e-09	-0.886097
1.27312e-09	-0.88602
1.27319e-09	-0.885941
1.27326e-09	-0.88586
1.27333e-09	-0.885778
1.2734e-09	-0.885694
1.27347e-09	-0.885609
1.27354e-09	-0.885522
1.27361e-09	-0.885433
1.27368e-09	-0.885342
1.27376e-09	-0.88525
1.27383e-09	-0.885157
1.2739e-09	-0.885062
1.27397e-09	-0.884965
1.27404e-09	-0.884866
1.27411e-09	-0.884766
1.27418e-09	-0.884664
1.27425e-09	-0.88456
1.27432e-09	-0.884455
1.27439e-09	-0.884349
1.27446e-09	-0.88424
1.27453e-09	-0.88413
1.2746e-09	-0.884018
1.27468e-09	-0.883905
1.27475e-09	-0.88379
1.27482e-09	-0.883674
1.27489e-09	-0.883555
1.27496e-09	-0.883435
1.27503e-09	-0.883314
1.2751e-09	-0.883191
1.27517e-09	-0.883066
1.27524e-09	-0.882939
1.27531e-09	-0.882811
1.27538e-09	-0.882682
1.27545e-09	-0.88255
1.27552e-09	-0.882417
1.27559e-09	-0.882283
1.27567e-09	-0.882146
1.27574e-09	-0.882008
1.27581e-09	-0.881869
1.27588e-09	-0.881727
1.27595e-09	-0.881585
1.27602e-09	-0.88144
1.27609e-09	-0.881294
1.27616e-09	-0.881146
1.27623e-09	-0.880997
1.2763e-09	-0.880846
1.27637e-09	-0.880693
1.27644e-09	-0.880539
1.27651e-09	-0.880383
1.27658e-09	-0.880225
1.27666e-09	-0.880066
1.27673e-09	-0.879905
1.2768e-09	-0.879742
1.27687e-09	-0.879578
1.27694e-09	-0.879412
1.27701e-09	-0.879245
1.27708e-09	-0.879075
1.27715e-09	-0.878905
1.27722e-09	-0.878732
1.27729e-09	-0.878558
1.27736e-09	-0.878382
1.27743e-09	-0.878205
1.2775e-09	-0.878026
1.27758e-09	-0.877845
1.27765e-09	-0.877663
1.27772e-09	-0.877479
1.27779e-09	-0.877294
1.27786e-09	-0.877106
1.27793e-09	-0.876918
1.278e-09	-0.876727
1.27807e-09	-0.876535
1.27814e-09	-0.876341
1.27821e-09	-0.876146
1.27828e-09	-0.875949
1.27835e-09	-0.87575
1.27842e-09	-0.87555
1.27849e-09	-0.875348
1.27857e-09	-0.875144
1.27864e-09	-0.874939
1.27871e-09	-0.874732
1.27878e-09	-0.874523
1.27885e-09	-0.874313
1.27892e-09	-0.874101
1.27899e-09	-0.873888
1.27906e-09	-0.873673
1.27913e-09	-0.873456
1.2792e-09	-0.873238
1.27927e-09	-0.873018
1.27934e-09	-0.872796
1.27941e-09	-0.872573
1.27948e-09	-0.872348
1.27956e-09	-0.872121
1.27963e-09	-0.871893
1.2797e-09	-0.871663
1.27977e-09	-0.871432
1.27984e-09	-0.871198
1.27991e-09	-0.870964
1.27998e-09	-0.870727
1.28005e-09	-0.870489
1.28012e-09	-0.87025
1.28019e-09	-0.870008
1.28026e-09	-0.869765
1.28033e-09	-0.869521
1.2804e-09	-0.869274
1.28047e-09	-0.869026
1.28055e-09	-0.868777
1.28062e-09	-0.868526
1.28069e-09	-0.868273
1.28076e-09	-0.868019
1.28083e-09	-0.867763
1.2809e-09	-0.867505
1.28097e-09	-0.867245
1.28104e-09	-0.866984
1.28111e-09	-0.866722
1.28118e-09	-0.866458
1.28125e-09	-0.866192
1.28132e-09	-0.865924
1.28139e-09	-0.865655
1.28147e-09	-0.865384
1.28154e-09	-0.865112
1.28161e-09	-0.864838
1.28168e-09	-0.864562
1.28175e-09	-0.864285
1.28182e-09	-0.864006
1.28189e-09	-0.863725
1.28196e-09	-0.863443
1.28203e-09	-0.863159
1.2821e-09	-0.862874
1.28217e-09	-0.862587
1.28224e-09	-0.862298
1.28231e-09	-0.862007
1.28238e-09	-0.861715
1.28246e-09	-0.861422
1.28253e-09	-0.861126
1.2826e-09	-0.86083
1.28267e-09	-0.860531
1.28274e-09	-0.860231
1.28281e-09	-0.859929
1.28288e-09	-0.859626
1.28295e-09	-0.859321
1.28302e-09	-0.859014
1.28309e-09	-0.858706
1.28316e-09	-0.858396
1.28323e-09	-0.858084
1.2833e-09	-0.857771
1.28337e-09	-0.857456
1.28345e-09	-0.857139
1.28352e-09	-0.856821
1.28359e-09	-0.856502
1.28366e-09	-0.85618
1.28373e-09	-0.855857
1.2838e-09	-0.855533
1.28387e-09	-0.855207
1.28394e-09	-0.854879
1.28401e-09	-0.854549
1.28408e-09	-0.854218
1.28415e-09	-0.853885
1.28422e-09	-0.853551
1.28429e-09	-0.853215
1.28436e-09	-0.852877
1.28444e-09	-0.852538
1.28451e-09	-0.852197
1.28458e-09	-0.851855
1.28465e-09	-0.851511
1.28472e-09	-0.851165
1.28479e-09	-0.850818
1.28486e-09	-0.850469
1.28493e-09	-0.850118
1.285e-09	-0.849766
1.28507e-09	-0.849412
1.28514e-09	-0.849057
1.28521e-09	-0.8487
1.28528e-09	-0.848341
1.28536e-09	-0.847981
1.28543e-09	-0.847619
1.2855e-09	-0.847256
1.28557e-09	-0.846891
1.28564e-09	-0.846524
1.28571e-09	-0.846155
1.28578e-09	-0.845785
1.28585e-09	-0.845414
1.28592e-09	-0.845041
1.28599e-09	-0.844666
1.28606e-09	-0.844289
1.28613e-09	-0.843911
1.2862e-09	-0.843532
1.28627e-09	-0.84315
1.28635e-09	-0.842768
1.28642e-09	-0.842383
1.28649e-09	-0.841997
1.28656e-09	-0.841609
1.28663e-09	-0.84122
1.2867e-09	-0.840829
1.28677e-09	-0.840437
1.28684e-09	-0.840042
1.28691e-09	-0.839647
1.28698e-09	-0.839249
1.28705e-09	-0.83885
1.28712e-09	-0.83845
1.28719e-09	-0.838048
1.28726e-09	-0.837644
1.28734e-09	-0.837238
1.28741e-09	-0.836831
1.28748e-09	-0.836423
1.28755e-09	-0.836012
1.28762e-09	-0.835601
1.28769e-09	-0.835187
1.28776e-09	-0.834772
1.28783e-09	-0.834356
1.2879e-09	-0.833937
1.28797e-09	-0.833518
1.28804e-09	-0.833096
1.28811e-09	-0.832673
1.28818e-09	-0.832249
1.28826e-09	-0.831822
1.28833e-09	-0.831394
1.2884e-09	-0.830965
1.28847e-09	-0.830534
1.28854e-09	-0.830101
1.28861e-09	-0.829667
1.28868e-09	-0.829231
1.28875e-09	-0.828794
1.28882e-09	-0.828355
1.28889e-09	-0.827914
1.28896e-09	-0.827472
1.28903e-09	-0.827029
1.2891e-09	-0.826583
1.28917e-09	-0.826136
1.28925e-09	-0.825688
1.28932e-09	-0.825238
1.28939e-09	-0.824786
1.28946e-09	-0.824333
1.28953e-09	-0.823878
1.2896e-09	-0.823421
1.28967e-09	-0.822963
1.28974e-09	-0.822503
1.28981e-09	-0.822042
1.28988e-09	-0.821579
1.28995e-09	-0.821115
1.29002e-09	-0.820649
1.29009e-09	-0.820181
1.29016e-09	-0.819712
1.29024e-09	-0.819241
1.29031e-09	-0.818769
1.29038e-09	-0.818295
1.29045e-09	-0.81782
1.29052e-09	-0.817343
1.29059e-09	-0.816864
1.29066e-09	-0.816384
1.29073e-09	-0.815902
1.2908e-09	-0.815419
1.29087e-09	-0.814934
1.29094e-09	-0.814447
1.29101e-09	-0.813959
1.29108e-09	-0.813469
1.29115e-09	-0.812978
1.29123e-09	-0.812485
1.2913e-09	-0.811991
1.29137e-09	-0.811495
1.29144e-09	-0.810997
1.29151e-09	-0.810498
1.29158e-09	-0.809997
1.29165e-09	-0.809495
1.29172e-09	-0.808991
1.29179e-09	-0.808486
1.29186e-09	-0.807979
1.29193e-09	-0.80747
1.292e-09	-0.80696
1.29207e-09	-0.806449
1.29215e-09	-0.805936
1.29222e-09	-0.805421
1.29229e-09	-0.804904
1.29236e-09	-0.804386
1.29243e-09	-0.803867
1.2925e-09	-0.803346
1.29257e-09	-0.802823
1.29264e-09	-0.802299
1.29271e-09	-0.801773
1.29278e-09	-0.801246
1.29285e-09	-0.800717
1.29292e-09	-0.800187
1.29299e-09	-0.799655
1.29306e-09	-0.799122
1.29314e-09	-0.798587
1.29321e-09	-0.79805
1.29328e-09	-0.797512
1.29335e-09	-0.796972
1.29342e-09	-0.796431
1.29349e-09	-0.795888
1.29356e-09	-0.795344
1.29363e-09	-0.794798
1.2937e-09	-0.79425
1.29377e-09	-0.793701
1.29384e-09	-0.793151
1.29391e-09	-0.792599
1.29398e-09	-0.792045
1.29405e-09	-0.79149
1.29413e-09	-0.790933
1.2942e-09	-0.790375
1.29427e-09	-0.789815
1.29434e-09	-0.789254
1.29441e-09	-0.788691
1.29448e-09	-0.788127
1.29455e-09	-0.787561
1.29462e-09	-0.786993
1.29469e-09	-0.786424
1.29476e-09	-0.785853
1.29483e-09	-0.785281
1.2949e-09	-0.784708
1.29497e-09	-0.784133
1.29505e-09	-0.783556
1.29512e-09	-0.782978
1.29519e-09	-0.782398
1.29526e-09	-0.781817
1.29533e-09	-0.781234
1.2954e-09	-0.780649
1.29547e-09	-0.780064
1.29554e-09	-0.779476
1.29561e-09	-0.778887
1.29568e-09	-0.778297
1.29575e-09	-0.777705
1.29582e-09	-0.777111
1.29589e-09	-0.776516
1.29596e-09	-0.77592
1.29604e-09	-0.775322
1.29611e-09	-0.774722
1.29618e-09	-0.774121
1.29625e-09	-0.773518
1.29632e-09	-0.772914
1.29639e-09	-0.772309
1.29646e-09	-0.771702
1.29653e-09	-0.771093
1.2966e-09	-0.770483
1.29667e-09	-0.769871
1.29674e-09	-0.769258
1.29681e-09	-0.768643
1.29688e-09	-0.768027
1.29695e-09	-0.767409
1.29703e-09	-0.76679
1.2971e-09	-0.766169
1.29717e-09	-0.765547
1.29724e-09	-0.764923
1.29731e-09	-0.764298
1.29738e-09	-0.763671
1.29745e-09	-0.763043
1.29752e-09	-0.762413
1.29759e-09	-0.761782
1.29766e-09	-0.761149
1.29773e-09	-0.760515
1.2978e-09	-0.759879
1.29787e-09	-0.759242
1.29794e-09	-0.758603
1.29802e-09	-0.757963
1.29809e-09	-0.757321
1.29816e-09	-0.756678
1.29823e-09	-0.756033
1.2983e-09	-0.755387
1.29837e-09	-0.754739
1.29844e-09	-0.75409
1.29851e-09	-0.753439
1.29858e-09	-0.752787
1.29865e-09	-0.752134
1.29872e-09	-0.751478
1.29879e-09	-0.750822
1.29886e-09	-0.750164
1.29894e-09	-0.749504
1.29901e-09	-0.748843
1.29908e-09	-0.748181
1.29915e-09	-0.747517
1.29922e-09	-0.746851
1.29929e-09	-0.746184
1.29936e-09	-0.745516
1.29943e-09	-0.744846
1.2995e-09	-0.744175
1.29957e-09	-0.743502
1.29964e-09	-0.742827
1.29971e-09	-0.742152
1.29978e-09	-0.741474
1.29985e-09	-0.740796
1.29993e-09	-0.740115
1.3e-09	-0.739434
1.30007e-09	-0.738751
1.30014e-09	-0.738066
1.30021e-09	-0.73738
1.30028e-09	-0.736693
1.30035e-09	-0.736004
1.30042e-09	-0.735313
1.30049e-09	-0.734621
1.30056e-09	-0.733928
1.30063e-09	-0.733233
1.3007e-09	-0.732537
1.30077e-09	-0.731839
1.30084e-09	-0.73114
1.30092e-09	-0.730439
1.30099e-09	-0.729737
1.30106e-09	-0.729034
1.30113e-09	-0.728329
1.3012e-09	-0.727623
1.30127e-09	-0.726915
1.30134e-09	-0.726206
1.30141e-09	-0.725495
1.30148e-09	-0.724783
1.30155e-09	-0.724069
1.30162e-09	-0.723354
1.30169e-09	-0.722638
1.30176e-09	-0.72192
1.30184e-09	-0.7212
1.30191e-09	-0.720479
1.30198e-09	-0.719757
1.30205e-09	-0.719034
1.30212e-09	-0.718309
1.30219e-09	-0.717582
1.30226e-09	-0.716854
1.30233e-09	-0.716125
1.3024e-09	-0.715394
1.30247e-09	-0.714662
1.30254e-09	-0.713928
1.30261e-09	-0.713193
1.30268e-09	-0.712456
1.30275e-09	-0.711718
1.30283e-09	-0.710979
1.3029e-09	-0.710238
1.30297e-09	-0.709496
1.30304e-09	-0.708753
1.30311e-09	-0.708008
1.30318e-09	-0.707261
1.30325e-09	-0.706513
1.30332e-09	-0.705764
1.30339e-09	-0.705014
1.30346e-09	-0.704261
1.30353e-09	-0.703508
1.3036e-09	-0.702753
1.30367e-09	-0.701997
1.30374e-09	-0.701239
1.30382e-09	-0.70048
1.30389e-09	-0.69972
1.30396e-09	-0.698958
1.30403e-09	-0.698194
1.3041e-09	-0.69743
1.30417e-09	-0.696664
1.30424e-09	-0.695896
1.30431e-09	-0.695127
1.30438e-09	-0.694357
1.30445e-09	-0.693585
1.30452e-09	-0.692812
1.30459e-09	-0.692038
1.30466e-09	-0.691262
1.30473e-09	-0.690485
1.30481e-09	-0.689706
1.30488e-09	-0.688926
1.30495e-09	-0.688145
1.30502e-09	-0.687362
1.30509e-09	-0.686578
1.30516e-09	-0.685793
1.30523e-09	-0.685006
1.3053e-09	-0.684217
1.30537e-09	-0.683428
1.30544e-09	-0.682637
1.30551e-09	-0.681844
1.30558e-09	-0.681051
1.30565e-09	-0.680256
1.30573e-09	-0.679459
1.3058e-09	-0.678661
1.30587e-09	-0.677862
1.30594e-09	-0.677061
1.30601e-09	-0.676259
1.30608e-09	-0.675456
1.30615e-09	-0.674652
1.30622e-09	-0.673845
1.30629e-09	-0.673038
1.30636e-09	-0.672229
1.30643e-09	-0.671419
1.3065e-09	-0.670608
1.30657e-09	-0.669795
1.30664e-09	-0.668981
1.30672e-09	-0.668165
1.30679e-09	-0.667349
1.30686e-09	-0.66653
1.30693e-09	-0.665711
1.307e-09	-0.66489
1.30707e-09	-0.664068
1.30714e-09	-0.663244
1.30721e-09	-0.662419
1.30728e-09	-0.661593
1.30735e-09	-0.660765
1.30742e-09	-0.659936
1.30749e-09	-0.659106
1.30756e-09	-0.658275
1.30763e-09	-0.657442
1.30771e-09	-0.656607
1.30778e-09	-0.655772
1.30785e-09	-0.654935
1.30792e-09	-0.654097
1.30799e-09	-0.653257
1.30806e-09	-0.652416
1.30813e-09	-0.651574
1.3082e-09	-0.65073
1.30827e-09	-0.649886
1.30834e-09	-0.64904
1.30841e-09	-0.648192
1.30848e-09	-0.647343
1.30855e-09	-0.646493
1.30862e-09	-0.645642
1.3087e-09	-0.644789
1.30877e-09	-0.643935
1.30884e-09	-0.64308
1.30891e-09	-0.642223
1.30898e-09	-0.641365
1.30905e-09	-0.640506
1.30912e-09	-0.639645
1.30919e-09	-0.638783
1.30926e-09	-0.63792
1.30933e-09	-0.637056
1.3094e-09	-0.63619
1.30947e-09	-0.635323
1.30954e-09	-0.634454
1.30962e-09	-0.633585
1.30969e-09	-0.632714
1.30976e-09	-0.631842
1.30983e-09	-0.630968
1.3099e-09	-0.630093
1.30997e-09	-0.629217
1.31004e-09	-0.62834
1.31011e-09	-0.627461
1.31018e-09	-0.626581
1.31025e-09	-0.6257
1.31032e-09	-0.624818
1.31039e-09	-0.623934
1.31046e-09	-0.623049
1.31053e-09	-0.622163
1.31061e-09	-0.621275
1.31068e-09	-0.620386
1.31075e-09	-0.619496
1.31082e-09	-0.618605
1.31089e-09	-0.617712
1.31096e-09	-0.616818
1.31103e-09	-0.615923
1.3111e-09	-0.615027
1.31117e-09	-0.614129
1.31124e-09	-0.61323
1.31131e-09	-0.61233
1.31138e-09	-0.611428
1.31145e-09	-0.610526
1.31152e-09	-0.609622
1.3116e-09	-0.608717
1.31167e-09	-0.60781
1.31174e-09	-0.606903
1.31181e-09	-0.605994
1.31188e-09	-0.605083
1.31195e-09	-0.604172
1.31202e-09	-0.603259
1.31209e-09	-0.602345
1.31216e-09	-0.60143
1.31223e-09	-0.600514
1.3123e-09	-0.599596
1.31237e-09	-0.598678
1.31244e-09	-0.597757
1.31252e-09	-0.596836
1.31259e-09	-0.595914
1.31266e-09	-0.59499
1.31273e-09	-0.594065
1.3128e-09	-0.593139
1.31287e-09	-0.592211
1.31294e-09	-0.591283
1.31301e-09	-0.590353
1.31308e-09	-0.589422
1.31315e-09	-0.588489
1.31322e-09	-0.587556
1.31329e-09	-0.586621
1.31336e-09	-0.585685
1.31343e-09	-0.584748
1.31351e-09	-0.58381
1.31358e-09	-0.58287
1.31365e-09	-0.58193
1.31372e-09	-0.580988
1.31379e-09	-0.580044
1.31386e-09	-0.5791
1.31393e-09	-0.578155
1.314e-09	-0.577208
1.31407e-09	-0.57626
1.31414e-09	-0.575311
1.31421e-09	-0.57436
1.31428e-09	-0.573409
1.31435e-09	-0.572456
1.31442e-09	-0.571502
1.3145e-09	-0.570547
1.31457e-09	-0.569591
1.31464e-09	-0.568634
1.31471e-09	-0.567675
1.31478e-09	-0.566715
1.31485e-09	-0.565754
1.31492e-09	-0.564792
1.31499e-09	-0.563829
1.31506e-09	-0.562864
1.31513e-09	-0.561899
1.3152e-09	-0.560932
1.31527e-09	-0.559964
1.31534e-09	-0.558995
1.31541e-09	-0.558025
1.31549e-09	-0.557053
1.31556e-09	-0.556081
1.31563e-09	-0.555107
1.3157e-09	-0.554132
1.31577e-09	-0.553156
1.31584e-09	-0.552179
1.31591e-09	-0.5512
1.31598e-09	-0.550221
1.31605e-09	-0.54924
1.31612e-09	-0.548258
1.31619e-09	-0.547275
1.31626e-09	-0.546291
1.31633e-09	-0.545306
1.31641e-09	-0.544319
1.31648e-09	-0.543332
1.31655e-09	-0.542343
1.31662e-09	-0.541353
1.31669e-09	-0.540363
1.31676e-09	-0.539371
1.31683e-09	-0.538377
1.3169e-09	-0.537383
1.31697e-09	-0.536388
1.31704e-09	-0.535391
1.31711e-09	-0.534393
1.31718e-09	-0.533395
1.31725e-09	-0.532395
1.31732e-09	-0.531394
1.3174e-09	-0.530392
1.31747e-09	-0.529388
1.31754e-09	-0.528384
1.31761e-09	-0.527378
1.31768e-09	-0.526372
1.31775e-09	-0.525364
1.31782e-09	-0.524355
1.31789e-09	-0.523346
1.31796e-09	-0.522335
1.31803e-09	-0.521323
1.3181e-09	-0.520309
1.31817e-09	-0.519295
1.31824e-09	-0.51828
1.31831e-09	-0.517263
1.31839e-09	-0.516246
1.31846e-09	-0.515227
1.31853e-09	-0.514207
1.3186e-09	-0.513187
1.31867e-09	-0.512165
1.31874e-09	-0.511142
1.31881e-09	-0.510118
1.31888e-09	-0.509093
1.31895e-09	-0.508067
1.31902e-09	-0.507039
1.31909e-09	-0.506011
1.31916e-09	-0.504982
1.31923e-09	-0.503951
1.31931e-09	-0.50292
1.31938e-09	-0.501887
1.31945e-09	-0.500853
1.31952e-09	-0.499819
1.31959e-09	-0.498783
1.31966e-09	-0.497746
1.31973e-09	-0.496708
1.3198e-09	-0.495669
1.31987e-09	-0.494629
1.31994e-09	-0.493588
1.32001e-09	-0.492546
1.32008e-09	-0.491503
1.32015e-09	-0.490459
1.32022e-09	-0.489414
1.3203e-09	-0.488367
1.32037e-09	-0.48732
1.32044e-09	-0.486272
1.32051e-09	-0.485222
1.32058e-09	-0.484172
1.32065e-09	-0.483121
1.32072e-09	-0.482068
1.32079e-09	-0.481015
1.32086e-09	-0.47996
1.32093e-09	-0.478905
1.321e-09	-0.477848
1.32107e-09	-0.476791
1.32114e-09	-0.475732
1.32121e-09	-0.474673
1.32129e-09	-0.473612
1.32136e-09	-0.47255
1.32143e-09	-0.471488
1.3215e-09	-0.470424
1.32157e-09	-0.469359
1.32164e-09	-0.468294
1.32171e-09	-0.467227
1.32178e-09	-0.46616
1.32185e-09	-0.465091
1.32192e-09	-0.464021
1.32199e-09	-0.462951
1.32206e-09	-0.461879
1.32213e-09	-0.460806
1.3222e-09	-0.459733
1.32228e-09	-0.458658
1.32235e-09	-0.457583
1.32242e-09	-0.456506
1.32249e-09	-0.455429
1.32256e-09	-0.45435
1.32263e-09	-0.453271
1.3227e-09	-0.45219
1.32277e-09	-0.451109
1.32284e-09	-0.450026
1.32291e-09	-0.448943
1.32298e-09	-0.447859
1.32305e-09	-0.446773
1.32312e-09	-0.445687
1.3232e-09	-0.4446
1.32327e-09	-0.443512
1.32334e-09	-0.442423
1.32341e-09	-0.441332
1.32348e-09	-0.440241
1.32355e-09	-0.439149
1.32362e-09	-0.438056
1.32369e-09	-0.436963
1.32376e-09	-0.435868
1.32383e-09	-0.434772
1.3239e-09	-0.433675
1.32397e-09	-0.432578
1.32404e-09	-0.431479
1.32411e-09	-0.430379
1.32419e-09	-0.429279
1.32426e-09	-0.428177
1.32433e-09	-0.427075
1.3244e-09	-0.425972
1.32447e-09	-0.424868
1.32454e-09	-0.423763
1.32461e-09	-0.422657
1.32468e-09	-0.42155
1.32475e-09	-0.420442
1.32482e-09	-0.419333
1.32489e-09	-0.418223
1.32496e-09	-0.417113
1.32503e-09	-0.416001
1.3251e-09	-0.414889
1.32518e-09	-0.413775
1.32525e-09	-0.412661
1.32532e-09	-0.411546
1.32539e-09	-0.41043
1.32546e-09	-0.409313
1.32553e-09	-0.408195
1.3256e-09	-0.407076
1.32567e-09	-0.405957
1.32574e-09	-0.404836
1.32581e-09	-0.403715
1.32588e-09	-0.402593
1.32595e-09	-0.401469
1.32602e-09	-0.400345
1.3261e-09	-0.39922
1.32617e-09	-0.398095
1.32624e-09	-0.396968
1.32631e-09	-0.39584
1.32638e-09	-0.394712
1.32645e-09	-0.393583
1.32652e-09	-0.392453
1.32659e-09	-0.391321
1.32666e-09	-0.39019
1.32673e-09	-0.389057
1.3268e-09	-0.387923
1.32687e-09	-0.386789
1.32694e-09	-0.385653
1.32701e-09	-0.384517
1.32709e-09	-0.38338
1.32716e-09	-0.382242
1.32723e-09	-0.381104
1.3273e-09	-0.379964
1.32737e-09	-0.378824
1.32744e-09	-0.377682
1.32751e-09	-0.37654
1.32758e-09	-0.375397
1.32765e-09	-0.374254
1.32772e-09	-0.373109
1.32779e-09	-0.371964
1.32786e-09	-0.370817
1.32793e-09	-0.36967
1.328e-09	-0.368522
1.32808e-09	-0.367374
1.32815e-09	-0.366224
1.32822e-09	-0.365074
1.32829e-09	-0.363923
1.32836e-09	-0.362771
1.32843e-09	-0.361618
1.3285e-09	-0.360464
1.32857e-09	-0.35931
1.32864e-09	-0.358155
1.32871e-09	-0.356999
1.32878e-09	-0.355842
1.32885e-09	-0.354684
1.32892e-09	-0.353526
1.32899e-09	-0.352367
1.32907e-09	-0.351207
1.32914e-09	-0.350046
1.32921e-09	-0.348884
1.32928e-09	-0.347722
1.32935e-09	-0.346559
1.32942e-09	-0.345395
1.32949e-09	-0.34423
1.32956e-09	-0.343065
1.32963e-09	-0.341898
1.3297e-09	-0.340731
1.32977e-09	-0.339564
1.32984e-09	-0.338395
1.32991e-09	-0.337226
1.32999e-09	-0.336056
1.33006e-09	-0.334885
1.33013e-09	-0.333713
1.3302e-09	-0.332541
1.33027e-09	-0.331368
1.33034e-09	-0.330194
1.33041e-09	-0.329019
1.33048e-09	-0.327844
1.33055e-09	-0.326668
1.33062e-09	-0.325491
1.33069e-09	-0.324313
1.33076e-09	-0.323135
1.33083e-09	-0.321956
1.3309e-09	-0.320776
1.33098e-09	-0.319595
1.33105e-09	-0.318414
1.33112e-09	-0.317232
1.33119e-09	-0.316049
1.33126e-09	-0.314866
1.33133e-09	-0.313681
1.3314e-09	-0.312496
1.33147e-09	-0.311311
1.33154e-09	-0.310124
1.33161e-09	-0.308937
1.33168e-09	-0.30775
1.33175e-09	-0.306561
1.33182e-09	-0.305372
1.33189e-09	-0.304182
1.33197e-09	-0.302991
1.33204e-09	-0.3018
1.33211e-09	-0.300608
1.33218e-09	-0.299415
1.33225e-09	-0.298222
1.33232e-09	-0.297028
1.33239e-09	-0.295833
1.33246e-09	-0.294637
1.33253e-09	-0.293441
1.3326e-09	-0.292244
1.33267e-09	-0.291047
1.33274e-09	-0.289849
1.33281e-09	-0.28865
1.33288e-09	-0.28745
1.33296e-09	-0.28625
1.33303e-09	-0.285049
1.3331e-09	-0.283847
1.33317e-09	-0.282645
1.33324e-09	-0.281442
1.33331e-09	-0.280239
1.33338e-09	-0.279035
1.33345e-09	-0.27783
1.33352e-09	-0.276624
1.33359e-09	-0.275418
1.33366e-09	-0.274211
1.33373e-09	-0.273004
1.3338e-09	-0.271795
1.33388e-09	-0.270587
1.33395e-09	-0.269377
1.33402e-09	-0.268167
1.33409e-09	-0.266956
1.33416e-09	-0.265745
1.33423e-09	-0.264533
1.3343e-09	-0.263321
1.33437e-09	-0.262107
1.33444e-09	-0.260893
1.33451e-09	-0.259679
1.33458e-09	-0.258464
1.33465e-09	-0.257248
1.33472e-09	-0.256032
1.33479e-09	-0.254815
1.33487e-09	-0.253597
1.33494e-09	-0.252379
1.33501e-09	-0.25116
1.33508e-09	-0.249941
1.33515e-09	-0.248721
1.33522e-09	-0.2475
1.33529e-09	-0.246279
1.33536e-09	-0.245057
1.33543e-09	-0.243835
1.3355e-09	-0.242612
1.33557e-09	-0.241388
1.33564e-09	-0.240164
1.33571e-09	-0.238939
1.33578e-09	-0.237714
1.33586e-09	-0.236488
1.33593e-09	-0.235262
1.336e-09	-0.234035
1.33607e-09	-0.232807
1.33614e-09	-0.231579
1.33621e-09	-0.23035
1.33628e-09	-0.229121
1.33635e-09	-0.227891
1.33642e-09	-0.22666
1.33649e-09	-0.225429
1.33656e-09	-0.224198
1.33663e-09	-0.222966
1.3367e-09	-0.221733
1.33678e-09	-0.2205
1.33685e-09	-0.219266
1.33692e-09	-0.218032
1.33699e-09	-0.216797
1.33706e-09	-0.215561
1.33713e-09	-0.214325
1.3372e-09	-0.213089
1.33727e-09	-0.211852
1.33734e-09	-0.210614
1.33741e-09	-0.209376
1.33748e-09	-0.208137
1.33755e-09	-0.206898
1.33762e-09	-0.205659
1.33769e-09	-0.204418
1.33777e-09	-0.203178
1.33784e-09	-0.201936
1.33791e-09	-0.200695
1.33798e-09	-0.199452
1.33805e-09	-0.19821
1.33812e-09	-0.196966
1.33819e-09	-0.195723
1.33826e-09	-0.194478
1.33833e-09	-0.193234
1.3384e-09	-0.191988
1.33847e-09	-0.190743
1.33854e-09	-0.189496
1.33861e-09	-0.188249
1.33868e-09	-0.187002
1.33876e-09	-0.185754
1.33883e-09	-0.184506
1.3389e-09	-0.183258
1.33897e-09	-0.182008
1.33904e-09	-0.180759
1.33911e-09	-0.179509
1.33918e-09	-0.178258
1.33925e-09	-0.177007
1.33932e-09	-0.175755
1.33939e-09	-0.174503
1.33946e-09	-0.173251
1.33953e-09	-0.171998
1.3396e-09	-0.170745
1.33967e-09	-0.169491
1.33975e-09	-0.168236
1.33982e-09	-0.166982
1.33989e-09	-0.165726
1.33996e-09	-0.164471
1.34003e-09	-0.163215
1.3401e-09	-0.161958
1.34017e-09	-0.160701
1.34024e-09	-0.159444
1.34031e-09	-0.158186
1.34038e-09	-0.156928
1.34045e-09	-0.155669
1.34052e-09	-0.15441
1.34059e-09	-0.15315
1.34067e-09	-0.15189
1.34074e-09	-0.15063
1.34081e-09	-0.149369
1.34088e-09	-0.148108
1.34095e-09	-0.146846
1.34102e-09	-0.145584
1.34109e-09	-0.144322
1.34116e-09	-0.143059
1.34123e-09	-0.141795
1.3413e-09	-0.140532
1.34137e-09	-0.139268
1.34144e-09	-0.138003
1.34151e-09	-0.136738
1.34158e-09	-0.135473
1.34166e-09	-0.134207
1.34173e-09	-0.132941
1.3418e-09	-0.131675
1.34187e-09	-0.130408
1.34194e-09	-0.129141
1.34201e-09	-0.127873
1.34208e-09	-0.126605
1.34215e-09	-0.125337
1.34222e-09	-0.124068
1.34229e-09	-0.122799
1.34236e-09	-0.12153
1.34243e-09	-0.12026
1.3425e-09	-0.11899
1.34257e-09	-0.11772
1.34265e-09	-0.116449
1.34272e-09	-0.115177
1.34279e-09	-0.113906
1.34286e-09	-0.112634
1.34293e-09	-0.111362
1.343e-09	-0.110089
1.34307e-09	-0.108816
1.34314e-09	-0.107543
1.34321e-09	-0.106269
1.34328e-09	-0.104995
1.34335e-09	-0.103721
1.34342e-09	-0.102446
1.34349e-09	-0.101171
1.34357e-09	-0.0998961
1.34364e-09	-0.0986205
1.34371e-09	-0.0973446
1.34378e-09	-0.0960683
1.34385e-09	-0.0947918
1.34392e-09	-0.0935149
1.34399e-09	-0.0922377
1.34406e-09	-0.0909602
1.34413e-09	-0.0896825
1.3442e-09	-0.0884044
1.34427e-09	-0.087126
1.34434e-09	-0.0858473
1.34441e-09	-0.0845683
1.34448e-09	-0.083289
1.34456e-09	-0.0820094
1.34463e-09	-0.0807295
1.3447e-09	-0.0794494
1.34477e-09	-0.0781689
1.34484e-09	-0.0768882
1.34491e-09	-0.0756072
1.34498e-09	-0.0743259
1.34505e-09	-0.0730444
1.34512e-09	-0.0717626
1.34519e-09	-0.0704805
1.34526e-09	-0.0691981
1.34533e-09	-0.0679155
1.3454e-09	-0.0666326
1.34547e-09	-0.0653494
1.34555e-09	-0.064066
1.34562e-09	-0.0627824
1.34569e-09	-0.0614985
1.34576e-09	-0.0602143
1.34583e-09	-0.0589299
1.3459e-09	-0.0576452
1.34597e-09	-0.0563603
1.34604e-09	-0.0550752
1.34611e-09	-0.0537898
1.34618e-09	-0.0525042
1.34625e-09	-0.0512183
1.34632e-09	-0.0499323
1.34639e-09	-0.0486459
1.34646e-09	-0.0473594
1.34654e-09	-0.0460727
1.34661e-09	-0.0447857
1.34668e-09	-0.0434985
1.34675e-09	-0.0422111
1.34682e-09	-0.0409234
1.34689e-09	-0.0396356
1.34696e-09	-0.0383475
1.34703e-09	-0.0370593
1.3471e-09	-0.0357708
1.34717e-09	-0.0344822
1.34724e-09	-0.0331933
1.34731e-09	-0.0319043
1.34738e-09	-0.030615
1.34746e-09	-0.0293256
1.34753e-09	-0.0280359
1.3476e-09	-0.0267461
1.34767e-09	-0.0254561
1.34774e-09	-0.0241659
1.34781e-09	-0.0228756
1.34788e-09	-0.021585
1.34795e-09	-0.0202943
1.34802e-09	-0.0190034
1.34809e-09	-0.0177123
1.34816e-09	-0.0164211
1.34823e-09	-0.0151297
1.3483e-09	-0.0138382
1.34837e-09	-0.0125465
1.34845e-09	-0.0112546
1.34852e-09	-0.00996256
1.34859e-09	-0.00867038
1.34866e-09	-0.00737805
1.34873e-09	-0.00608557
1.3488e-09	-0.00479294
1.34887e-09	-0.00350018
1.34894e-09	-0.00220727
1.34901e-09	-0.000914227
1.34908e-09	0.000378953
1.34915e-09	0.00167227
1.34922e-09	0.00296571
1.34929e-09	0.00425928
1.34936e-09	0.00555298
1.34944e-09	0.0068468
1.34951e-09	0.00814074
1.34958e-09	0.0094348
1.34965e-09	0.010729
1.34972e-09	0.0120233
1.34979e-09	0.0133177
1.34986e-09	0.0146122
1.34993e-09	0.0159068
1.35e-09	0.0172015
1.35007e-09	0.0184963
1.35014e-09	0.0197912
1.35021e-09	0.0210862
1.35028e-09	0.0223814
1.35035e-09	0.0236766
1.35043e-09	0.0249718
1.3505e-09	0.0262672
1.35057e-09	0.0275627
1.35064e-09	0.0288582
1.35071e-09	0.0301538
1.35078e-09	0.0314495
1.35085e-09	0.0327453
1.35092e-09	0.0340411
1.35099e-09	0.035337
1.35106e-09	0.036633
1.35113e-09	0.037929
1.3512e-09	0.0392251
1.35127e-09	0.0405213
1.35135e-09	0.0418175
1.35142e-09	0.0431138
1.35149e-09	0.0444101
1.35156e-09	0.0457065
1.35163e-09	0.0470029
1.3517e-09	0.0482993
1.35177e-09	0.0495958
1.35184e-09	0.0508924
1.35191e-09	0.052189
1.35198e-09	0.0534856
1.35205e-09	0.0547822
1.35212e-09	0.0560789
1.35219e-09	0.0573756
1.35226e-09	0.0586723
1.35234e-09	0.0599691
1.35241e-09	0.0612658
1.35248e-09	0.0625626
1.35255e-09	0.0638594
1.35262e-09	0.0651562
1.35269e-09	0.066453
1.35276e-09	0.0677499
1.35283e-09	0.0690467
1.3529e-09	0.0703435
1.35297e-09	0.0716404
1.35304e-09	0.0729372
1.35311e-09	0.074234
1.35318e-09	0.0755308
1.35325e-09	0.0768276
1.35333e-09	0.0781244
1.3534e-09	0.0794212
1.35347e-09	0.080718
1.35354e-09	0.0820147
1.35361e-09	0.0833114
1.35368e-09	0.0846081
1.35375e-09	0.0859048
1.35382e-09	0.0872014
1.35389e-09	0.088498
1.35396e-09	0.0897946
1.35403e-09	0.0910911
1.3541e-09	0.0923876
1.35417e-09	0.0936841
1.35425e-09	0.0949805
1.35432e-09	0.0962768
1.35439e-09	0.0975731
1.35446e-09	0.0988694
1.35453e-09	0.100166
1.3546e-09	0.101462
1.35467e-09	0.102758
1.35474e-09	0.104054
1.35481e-09	0.10535
1.35488e-09	0.106646
1.35495e-09	0.107941
1.35502e-09	0.109237
1.35509e-09	0.110533
1.35516e-09	0.111828
1.35524e-09	0.113124
1.35531e-09	0.114419
1.35538e-09	0.115715
1.35545e-09	0.11701
1.35552e-09	0.118305
1.35559e-09	0.1196
1.35566e-09	0.120895
1.35573e-09	0.12219
1.3558e-09	0.123485
1.35587e-09	0.12478
1.35594e-09	0.126074
1.35601e-09	0.127369
1.35608e-09	0.128663
1.35615e-09	0.129957
1.35623e-09	0.131251
1.3563e-09	0.132545
1.35637e-09	0.133839
1.35644e-09	0.135133
1.35651e-09	0.136427
1.35658e-09	0.13772
1.35665e-09	0.139014
1.35672e-09	0.140307
1.35679e-09	0.1416
1.35686e-09	0.142893
1.35693e-09	0.144186
1.357e-09	0.145479
1.35707e-09	0.146771
1.35714e-09	0.148064
1.35722e-09	0.149356
1.35729e-09	0.150648
1.35736e-09	0.15194
1.35743e-09	0.153232
1.3575e-09	0.154523
1.35757e-09	0.155815
1.35764e-09	0.157106
1.35771e-09	0.158397
1.35778e-09	0.159688
1.35785e-09	0.160979
1.35792e-09	0.16227
1.35799e-09	0.16356
1.35806e-09	0.164851
1.35814e-09	0.166141
1.35821e-09	0.167431
1.35828e-09	0.16872
1.35835e-09	0.17001
1.35842e-09	0.171299
1.35849e-09	0.172588
1.35856e-09	0.173877
1.35863e-09	0.175166
1.3587e-09	0.176455
1.35877e-09	0.177743
1.35884e-09	0.179031
1.35891e-09	0.180319
1.35898e-09	0.181607
1.35905e-09	0.182894
1.35913e-09	0.184182
1.3592e-09	0.185469
1.35927e-09	0.186756
1.35934e-09	0.188042
1.35941e-09	0.189329
1.35948e-09	0.190615
1.35955e-09	0.191901
1.35962e-09	0.193186
1.35969e-09	0.194472
1.35976e-09	0.195757
1.35983e-09	0.197042
1.3599e-09	0.198327
1.35997e-09	0.199611
1.36004e-09	0.200896
1.36012e-09	0.20218
1.36019e-09	0.203463
1.36026e-09	0.204747
1.36033e-09	0.20603
1.3604e-09	0.207313
1.36047e-09	0.208596
1.36054e-09	0.209878
1.36061e-09	0.211161
1.36068e-09	0.212443
1.36075e-09	0.213724
1.36082e-09	0.215006
1.36089e-09	0.216287
1.36096e-09	0.217567
1.36104e-09	0.218848
1.36111e-09	0.220128
1.36118e-09	0.221408
1.36125e-09	0.222688
1.36132e-09	0.223967
1.36139e-09	0.225246
1.36146e-09	0.226525
1.36153e-09	0.227803
1.3616e-09	0.229082
1.36167e-09	0.230359
1.36174e-09	0.231637
1.36181e-09	0.232914
1.36188e-09	0.234191
1.36195e-09	0.235468
1.36203e-09	0.236744
1.3621e-09	0.23802
1.36217e-09	0.239296
1.36224e-09	0.240571
1.36231e-09	0.241846
1.36238e-09	0.243121
1.36245e-09	0.244395
1.36252e-09	0.245669
1.36259e-09	0.246943
1.36266e-09	0.248216
1.36273e-09	0.249489
1.3628e-09	0.250762
1.36287e-09	0.252034
1.36294e-09	0.253306
1.36302e-09	0.254578
1.36309e-09	0.255849
1.36316e-09	0.25712
1.36323e-09	0.25839
1.3633e-09	0.25966
1.36337e-09	0.26093
1.36344e-09	0.2622
1.36351e-09	0.263469
1.36358e-09	0.264737
1.36365e-09	0.266006
1.36372e-09	0.267274
1.36379e-09	0.268541
1.36386e-09	0.269808
1.36393e-09	0.271075
1.36401e-09	0.272342
1.36408e-09	0.273608
1.36415e-09	0.274873
1.36422e-09	0.276138
1.36429e-09	0.277403
1.36436e-09	0.278668
1.36443e-09	0.279932
1.3645e-09	0.281195
1.36457e-09	0.282459
1.36464e-09	0.283721
1.36471e-09	0.284984
1.36478e-09	0.286246
1.36485e-09	0.287507
1.36493e-09	0.288769
1.365e-09	0.290029
1.36507e-09	0.29129
1.36514e-09	0.292549
1.36521e-09	0.293809
1.36528e-09	0.295068
1.36535e-09	0.296326
1.36542e-09	0.297585
1.36549e-09	0.298842
1.36556e-09	0.3001
1.36563e-09	0.301356
1.3657e-09	0.302613
1.36577e-09	0.303869
1.36584e-09	0.305124
1.36592e-09	0.306379
1.36599e-09	0.307634
1.36606e-09	0.308888
1.36613e-09	0.310142
1.3662e-09	0.311395
1.36627e-09	0.312648
1.36634e-09	0.3139
1.36641e-09	0.315152
1.36648e-09	0.316403
1.36655e-09	0.317654
1.36662e-09	0.318904
1.36669e-09	0.320154
1.36676e-09	0.321404
1.36683e-09	0.322653
1.36691e-09	0.323901
1.36698e-09	0.325149
1.36705e-09	0.326396
1.36712e-09	0.327643
1.36719e-09	0.32889
1.36726e-09	0.330136
1.36733e-09	0.331381
1.3674e-09	0.332626
1.36747e-09	0.333871
1.36754e-09	0.335115
1.36761e-09	0.336358
1.36768e-09	0.337601
1.36775e-09	0.338844
1.36783e-09	0.340086
1.3679e-09	0.341327
1.36797e-09	0.342568
1.36804e-09	0.343808
1.36811e-09	0.345048
1.36818e-09	0.346287
1.36825e-09	0.347526
1.36832e-09	0.348764
1.36839e-09	0.350002
1.36846e-09	0.351239
1.36853e-09	0.352476
1.3686e-09	0.353712
1.36867e-09	0.354947
1.36874e-09	0.356182
1.36882e-09	0.357416
1.36889e-09	0.35865
1.36896e-09	0.359884
1.36903e-09	0.361116
1.3691e-09	0.362348
1.36917e-09	0.36358
1.36924e-09	0.364811
1.36931e-09	0.366042
1.36938e-09	0.367271
1.36945e-09	0.368501
1.36952e-09	0.36973
1.36959e-09	0.370958
1.36966e-09	0.372185
1.36973e-09	0.373412
1.36981e-09	0.374639
1.36988e-09	0.375865
1.36995e-09	0.37709
1.37002e-09	0.378314
1.37009e-09	0.379539
1.37016e-09	0.380762
1.37023e-09	0.381985
1.3703e-09	0.383207
1.37037e-09	0.384429
1.37044e-09	0.38565
1.37051e-09	0.38687
1.37058e-09	0.38809
1.37065e-09	0.389309
1.37072e-09	0.390528
1.3708e-09	0.391746
1.37087e-09	0.392963
1.37094e-09	0.39418
1.37101e-09	0.395396
1.37108e-09	0.396611
1.37115e-09	0.397826
1.37122e-09	0.399041
1.37129e-09	0.400254
1.37136e-09	0.401467
1.37143e-09	0.402679
1.3715e-09	0.403891
1.37157e-09	0.405102
1.37164e-09	0.406312
1.37172e-09	0.407522
1.37179e-09	0.408731
1.37186e-09	0.40994
1.37193e-09	0.411147
1.372e-09	0.412354
1.37207e-09	0.413561
1.37214e-09	0.414767
1.37221e-09	0.415972
1.37228e-09	0.417176
1.37235e-09	0.41838
1.37242e-09	0.419583
1.37249e-09	0.420786
1.37256e-09	0.421987
1.37263e-09	0.423188
1.37271e-09	0.424389
1.37278e-09	0.425588
1.37285e-09	0.426787
1.37292e-09	0.427986
1.37299e-09	0.429183
1.37306e-09	0.43038
1.37313e-09	0.431577
1.3732e-09	0.432772
1.37327e-09	0.433967
1.37334e-09	0.435161
1.37341e-09	0.436354
1.37348e-09	0.437547
1.37355e-09	0.438739
1.37362e-09	0.439931
1.3737e-09	0.441121
1.37377e-09	0.442311
1.37384e-09	0.4435
1.37391e-09	0.444689
1.37398e-09	0.445876
1.37405e-09	0.447063
1.37412e-09	0.448249
1.37419e-09	0.449435
1.37426e-09	0.45062
1.37433e-09	0.451804
1.3744e-09	0.452987
1.37447e-09	0.45417
1.37454e-09	0.455352
1.37461e-09	0.456533
1.37469e-09	0.457713
1.37476e-09	0.458892
1.37483e-09	0.460071
1.3749e-09	0.461249
1.37497e-09	0.462427
1.37504e-09	0.463603
1.37511e-09	0.464779
1.37518e-09	0.465954
1.37525e-09	0.467128
1.37532e-09	0.468302
1.37539e-09	0.469475
1.37546e-09	0.470647
1.37553e-09	0.471818
1.37561e-09	0.472988
1.37568e-09	0.474158
1.37575e-09	0.475327
1.37582e-09	0.476495
1.37589e-09	0.477662
1.37596e-09	0.478828
1.37603e-09	0.479994
1.3761e-09	0.481159
1.37617e-09	0.482323
1.37624e-09	0.483486
1.37631e-09	0.484649
1.37638e-09	0.485811
1.37645e-09	0.486972
1.37652e-09	0.488132
1.3766e-09	0.489291
1.37667e-09	0.490449
1.37674e-09	0.491607
1.37681e-09	0.492764
1.37688e-09	0.49392
1.37695e-09	0.495075
1.37702e-09	0.496229
1.37709e-09	0.497383
1.37716e-09	0.498536
1.37723e-09	0.499688
1.3773e-09	0.500839
1.37737e-09	0.501989
1.37744e-09	0.503138
1.37751e-09	0.504287
1.37759e-09	0.505435
1.37766e-09	0.506581
1.37773e-09	0.507728
1.3778e-09	0.508873
1.37787e-09	0.510017
1.37794e-09	0.511161
1.37801e-09	0.512303
1.37808e-09	0.513445
1.37815e-09	0.514586
1.37822e-09	0.515726
1.37829e-09	0.516865
1.37836e-09	0.518003
1.37843e-09	0.519141
1.37851e-09	0.520277
1.37858e-09	0.521413
1.37865e-09	0.522548
1.37872e-09	0.523682
1.37879e-09	0.524815
1.37886e-09	0.525947
1.37893e-09	0.527079
1.379e-09	0.528209
1.37907e-09	0.529338
1.37914e-09	0.530467
1.37921e-09	0.531595
1.37928e-09	0.532722
1.37935e-09	0.533848
1.37942e-09	0.534973
1.3795e-09	0.536097
1.37957e-09	0.53722
1.37964e-09	0.538343
1.37971e-09	0.539464
1.37978e-09	0.540585
1.37985e-09	0.541704
1.37992e-09	0.542823
1.37999e-09	0.543941
1.38006e-09	0.545058
1.38013e-09	0.546174
1.3802e-09	0.547289
1.38027e-09	0.548403
1.38034e-09	0.549516
1.38041e-09	0.550628
1.38049e-09	0.551739
1.38056e-09	0.55285
1.38063e-09	0.553959
1.3807e-09	0.555068
1.38077e-09	0.556175
1.38084e-09	0.557282
1.38091e-09	0.558388
1.38098e-09	0.559492
1.38105e-09	0.560596
1.38112e-09	0.561699
1.38119e-09	0.562801
1.38126e-09	0.563902
1.38133e-09	0.565002
1.3814e-09	0.566101
1.38148e-09	0.567199
1.38155e-09	0.568296
1.38162e-09	0.569392
1.38169e-09	0.570487
1.38176e-09	0.571581
1.38183e-09	0.572675
1.3819e-09	0.573767
1.38197e-09	0.574858
1.38204e-09	0.575948
1.38211e-09	0.577038
1.38218e-09	0.578126
1.38225e-09	0.579213
1.38232e-09	0.5803
1.3824e-09	0.581385
1.38247e-09	0.582469
1.38254e-09	0.583553
1.38261e-09	0.584635
1.38268e-09	0.585716
1.38275e-09	0.586797
1.38282e-09	0.587876
1.38289e-09	0.588955
1.38296e-09	0.590032
1.38303e-09	0.591108
1.3831e-09	0.592184
1.38317e-09	0.593258
1.38324e-09	0.594331
1.38331e-09	0.595403
1.38339e-09	0.596475
1.38346e-09	0.597545
1.38353e-09	0.598614
1.3836e-09	0.599682
1.38367e-09	0.60075
1.38374e-09	0.601816
1.38381e-09	0.602881
1.38388e-09	0.603945
1.38395e-09	0.605008
1.38402e-09	0.60607
1.38409e-09	0.607131
1.38416e-09	0.608191
1.38423e-09	0.60925
1.3843e-09	0.610307
1.38438e-09	0.611364
1.38445e-09	0.61242
1.38452e-09	0.613475
1.38459e-09	0.614528
1.38466e-09	0.615581
1.38473e-09	0.616632
1.3848e-09	0.617683
1.38487e-09	0.618732
1.38494e-09	0.61978
1.38501e-09	0.620828
1.38508e-09	0.621874
1.38515e-09	0.622919
1.38522e-09	0.623963
1.3853e-09	0.625006
1.38537e-09	0.626048
1.38544e-09	0.627088
1.38551e-09	0.628128
1.38558e-09	0.629167
1.38565e-09	0.630204
1.38572e-09	0.631241
1.38579e-09	0.632276
1.38586e-09	0.63331
1.38593e-09	0.634344
1.386e-09	0.635376
1.38607e-09	0.636407
1.38614e-09	0.637436
1.38621e-09	0.638465
1.38629e-09	0.639493
1.38636e-09	0.640519
1.38643e-09	0.641545
1.3865e-09	0.642569
1.38657e-09	0.643592
1.38664e-09	0.644615
1.38671e-09	0.645636
1.38678e-09	0.646655
1.38685e-09	0.647674
1.38692e-09	0.648692
1.38699e-09	0.649708
1.38706e-09	0.650724
1.38713e-09	0.651738
1.3872e-09	0.652751
1.38728e-09	0.653763
1.38735e-09	0.654774
1.38742e-09	0.655784
1.38749e-09	0.656792
1.38756e-09	0.6578
1.38763e-09	0.658806
1.3877e-09	0.659811
1.38777e-09	0.660815
1.38784e-09	0.661818
1.38791e-09	0.66282
1.38798e-09	0.66382
1.38805e-09	0.66482
1.38812e-09	0.665818
1.38819e-09	0.666815
1.38827e-09	0.667811
1.38834e-09	0.668806
1.38841e-09	0.669799
1.38848e-09	0.670792
1.38855e-09	0.671783
1.38862e-09	0.672773
1.38869e-09	0.673762
1.38876e-09	0.67475
1.38883e-09	0.675736
1.3889e-09	0.676722
1.38897e-09	0.677706
1.38904e-09	0.678689
1.38911e-09	0.679671
1.38919e-09	0.680651
1.38926e-09	0.681631
1.38933e-09	0.682609
1.3894e-09	0.683586
1.38947e-09	0.684562
1.38954e-09	0.685537
1.38961e-09	0.68651
1.38968e-09	0.687483
1.38975e-09	0.688454
1.38982e-09	0.689424
1.38989e-09	0.690392
1.38996e-09	0.69136
1.39003e-09	0.692326
1.3901e-09	0.693291
1.39018e-09	0.694255
1.39025e-09	0.695218
1.39032e-09	0.696179
1.39039e-09	0.69714
1.39046e-09	0.698098
1.39053e-09	0.699056
1.3906e-09	0.700013
1.39067e-09	0.700968
1.39074e-09	0.701922
1.39081e-09	0.702875
1.39088e-09	0.703827
1.39095e-09	0.704777
1.39102e-09	0.705726
1.39109e-09	0.706674
1.39117e-09	0.707621
1.39124e-09	0.708566
1.39131e-09	0.709511
1.39138e-09	0.710454
1.39145e-09	0.711395
1.39152e-09	0.712336
1.39159e-09	0.713275
1.39166e-09	0.714213
1.39173e-09	0.71515
1.3918e-09	0.716085
1.39187e-09	0.717019
1.39194e-09	0.717952
1.39201e-09	0.718884
1.39209e-09	0.719814
1.39216e-09	0.720743
1.39223e-09	0.721671
1.3923e-09	0.722598
1.39237e-09	0.723523
1.39244e-09	0.724447
1.39251e-09	0.72537
1.39258e-09	0.726292
1.39265e-09	0.727212
1.39272e-09	0.728131
1.39279e-09	0.729048
1.39286e-09	0.729965
1.39293e-09	0.73088
1.393e-09	0.731794
1.39308e-09	0.732706
1.39315e-09	0.733618
1.39322e-09	0.734528
1.39329e-09	0.735436
1.39336e-09	0.736344
1.39343e-09	0.73725
1.3935e-09	0.738154
1.39357e-09	0.739058
1.39364e-09	0.73996
1.39371e-09	0.740861
1.39378e-09	0.74176
1.39385e-09	0.742659
1.39392e-09	0.743556
1.39399e-09	0.744451
1.39407e-09	0.745346
1.39414e-09	0.746239
1.39421e-09	0.74713
1.39428e-09	0.748021
1.39435e-09	0.74891
1.39442e-09	0.749797
1.39449e-09	0.750684
1.39456e-09	0.751569
1.39463e-09	0.752452
1.3947e-09	0.753335
1.39477e-09	0.754216
1.39484e-09	0.755096
1.39491e-09	0.755974
1.39498e-09	0.756851
1.39506e-09	0.757727
1.39513e-09	0.758601
1.3952e-09	0.759474
1.39527e-09	0.760346
1.39534e-09	0.761216
1.39541e-09	0.762085
1.39548e-09	0.762953
1.39555e-09	0.763819
1.39562e-09	0.764684
1.39569e-09	0.765548
1.39576e-09	0.76641
1.39583e-09	0.767271
1.3959e-09	0.768131
1.39598e-09	0.768989
1.39605e-09	0.769846
1.39612e-09	0.770701
1.39619e-09	0.771555
1.39626e-09	0.772408
1.39633e-09	0.773259
1.3964e-09	0.774109
1.39647e-09	0.774958
1.39654e-09	0.775805
1.39661e-09	0.776651
1.39668e-09	0.777495
1.39675e-09	0.778339
1.39682e-09	0.77918
1.39689e-09	0.780021
1.39697e-09	0.78086
1.39704e-09	0.781697
1.39711e-09	0.782533
1.39718e-09	0.783368
1.39725e-09	0.784202
1.39732e-09	0.785033
1.39739e-09	0.785864
1.39746e-09	0.786693
1.39753e-09	0.787521
1.3976e-09	0.788348
1.39767e-09	0.789173
1.39774e-09	0.789996
1.39781e-09	0.790818
1.39788e-09	0.791639
1.39796e-09	0.792459
1.39803e-09	0.793277
1.3981e-09	0.794093
1.39817e-09	0.794908
1.39824e-09	0.795722
1.39831e-09	0.796534
1.39838e-09	0.797345
1.39845e-09	0.798155
1.39852e-09	0.798963
1.39859e-09	0.79977
1.39866e-09	0.800575
1.39873e-09	0.801379
1.3988e-09	0.802181
1.39887e-09	0.802982
1.39895e-09	0.803782
1.39902e-09	0.80458
1.39909e-09	0.805376
1.39916e-09	0.806172
1.39923e-09	0.806965
1.3993e-09	0.807758
1.39937e-09	0.808549
1.39944e-09	0.809338
1.39951e-09	0.810126
1.39958e-09	0.810913
1.39965e-09	0.811698
1.39972e-09	0.812482
1.39979e-09	0.813264
1.39987e-09	0.814045
1.39994e-09	0.814824
1.40001e-09	0.815602
1.40008e-09	0.816378
1.40015e-09	0.817153
1.40022e-09	0.817927
1.40029e-09	0.818699
1.40036e-09	0.81947
1.40043e-09	0.820239
1.4005e-09	0.821007
1.40057e-09	0.821773
1.40064e-09	0.822537
1.40071e-09	0.823301
1.40078e-09	0.824063
1.40086e-09	0.824823
1.40093e-09	0.825582
1.401e-09	0.826339
1.40107e-09	0.827095
1.40114e-09	0.82785
1.40121e-09	0.828603
1.40128e-09	0.829354
1.40135e-09	0.830104
1.40142e-09	0.830853
1.40149e-09	0.8316
1.40156e-09	0.832345
1.40163e-09	0.833089
1.4017e-09	0.833832
1.40177e-09	0.834573
1.40185e-09	0.835312
1.40192e-09	0.836051
1.40199e-09	0.836787
1.40206e-09	0.837522
1.40213e-09	0.838256
1.4022e-09	0.838988
1.40227e-09	0.839719
1.40234e-09	0.840448
1.40241e-09	0.841175
1.40248e-09	0.841901
1.40255e-09	0.842626
1.40262e-09	0.843349
1.40269e-09	0.844071
1.40277e-09	0.844791
1.40284e-09	0.845509
1.40291e-09	0.846226
1.40298e-09	0.846942
1.40305e-09	0.847656
1.40312e-09	0.848368
1.40319e-09	0.849079
1.40326e-09	0.849789
1.40333e-09	0.850497
1.4034e-09	0.851203
1.40347e-09	0.851908
1.40354e-09	0.852611
1.40361e-09	0.853313
1.40368e-09	0.854013
1.40376e-09	0.854712
1.40383e-09	0.855409
1.4039e-09	0.856105
1.40397e-09	0.856799
1.40404e-09	0.857492
1.40411e-09	0.858183
1.40418e-09	0.858872
1.40425e-09	0.85956
1.40432e-09	0.860247
1.40439e-09	0.860932
1.40446e-09	0.861615
1.40453e-09	0.862297
1.4046e-09	0.862977
1.40467e-09	0.863656
1.40475e-09	0.864333
1.40482e-09	0.865009
1.40489e-09	0.865683
1.40496e-09	0.866355
1.40503e-09	0.867026
1.4051e-09	0.867696
1.40517e-09	0.868364
1.40524e-09	0.86903
1.40531e-09	0.869695
1.40538e-09	0.870358
1.40545e-09	0.871019
1.40552e-09	0.871679
1.40559e-09	0.872338
1.40566e-09	0.872995
1.40574e-09	0.87365
1.40581e-09	0.874304
1.40588e-09	0.874956
1.40595e-09	0.875607
1.40602e-09	0.876256
1.40609e-09	0.876903
1.40616e-09	0.877549
1.40623e-09	0.878194
1.4063e-09	0.878836
1.40637e-09	0.879478
1.40644e-09	0.880117
1.40651e-09	0.880755
1.40658e-09	0.881392
1.40666e-09	0.882026
1.40673e-09	0.88266
1.4068e-09	0.883291
1.40687e-09	0.883921
1.40694e-09	0.88455
1.40701e-09	0.885177
1.40708e-09	0.885802
1.40715e-09	0.886426
1.40722e-09	0.887048
1.40729e-09	0.887668
1.40736e-09	0.888287
1.40743e-09	0.888905
1.4075e-09	0.88952
1.40757e-09	0.890134
1.40765e-09	0.890747
1.40772e-09	0.891358
1.40779e-09	0.891967
1.40786e-09	0.892575
1.40793e-09	0.893181
1.408e-09	0.893785
1.40807e-09	0.894388
1.40814e-09	0.894989
1.40821e-09	0.895589
1.40828e-09	0.896187
1.40835e-09	0.896784
1.40842e-09	0.897378
1.40849e-09	0.897972
1.40856e-09	0.898563
1.40864e-09	0.899153
1.40871e-09	0.899741
1.40878e-09	0.900328
1.40885e-09	0.900913
1.40892e-09	0.901497
1.40899e-09	0.902079
1.40906e-09	0.902659
1.40913e-09	0.903237
1.4092e-09	0.903814
1.40927e-09	0.90439
1.40934e-09	0.904963
1.40941e-09	0.905535
1.40948e-09	0.906106
1.40956e-09	0.906675
1.40963e-09	0.907242
1.4097e-09	0.907807
1.40977e-09	0.908371
1.40984e-09	0.908933
1.40991e-09	0.909494
1.40998e-09	0.910053
1.41005e-09	0.91061
1.41012e-09	0.911166
1.41019e-09	0.91172
1.41026e-09	0.912272
1.41033e-09	0.912823
1.4104e-09	0.913372
1.41047e-09	0.91392
1.41055e-09	0.914465
1.41062e-09	0.91501
1.41069e-09	0.915552
1.41076e-09	0.916093
1.41083e-09	0.916632
1.4109e-09	0.91717
1.41097e-09	0.917705
1.41104e-09	0.91824
1.41111e-09	0.918772
1.41118e-09	0.919303
1.41125e-09	0.919832
1.41132e-09	0.92036
1.41139e-09	0.920886
1.41146e-09	0.92141
1.41154e-09	0.921933
1.41161e-09	0.922454
1.41168e-09	0.922973
1.41175e-09	0.92349
1.41182e-09	0.924006
1.41189e-09	0.924521
1.41196e-09	0.925033
1.41203e-09	0.925544
1.4121e-09	0.926053
1.41217e-09	0.926561
1.41224e-09	0.927067
1.41231e-09	0.927571
1.41238e-09	0.928074
1.41245e-09	0.928574
1.41253e-09	0.929074
1.4126e-09	0.929571
1.41267e-09	0.930067
1.41274e-09	0.930561
1.41281e-09	0.931053
1.41288e-09	0.931544
1.41295e-09	0.932033
1.41302e-09	0.932521
1.41309e-09	0.933006
1.41316e-09	0.93349
1.41323e-09	0.933973
1.4133e-09	0.934453
1.41337e-09	0.934932
1.41345e-09	0.935409
1.41352e-09	0.935885
1.41359e-09	0.936359
1.41366e-09	0.936831
1.41373e-09	0.937302
1.4138e-09	0.93777
1.41387e-09	0.938237
1.41394e-09	0.938703
1.41401e-09	0.939167
1.41408e-09	0.939629
1.41415e-09	0.940089
1.41422e-09	0.940547
1.41429e-09	0.941004
1.41436e-09	0.941459
1.41444e-09	0.941913
1.41451e-09	0.942365
1.41458e-09	0.942815
1.41465e-09	0.943263
1.41472e-09	0.94371
1.41479e-09	0.944155
1.41486e-09	0.944598
1.41493e-09	0.945039
1.415e-09	0.945479
1.41507e-09	0.945917
1.41514e-09	0.946354
1.41521e-09	0.946788
1.41528e-09	0.947221
1.41535e-09	0.947653
1.41543e-09	0.948082
1.4155e-09	0.94851
1.41557e-09	0.948936
1.41564e-09	0.94936
1.41571e-09	0.949783
1.41578e-09	0.950204
1.41585e-09	0.950623
1.41592e-09	0.951041
1.41599e-09	0.951456
1.41606e-09	0.95187
1.41613e-09	0.952283
1.4162e-09	0.952693
1.41627e-09	0.953102
1.41635e-09	0.953509
1.41642e-09	0.953914
1.41649e-09	0.954318
1.41656e-09	0.95472
1.41663e-09	0.95512
1.4167e-09	0.955519
1.41677e-09	0.955915
1.41684e-09	0.95631
1.41691e-09	0.956704
1.41698e-09	0.957095
1.41705e-09	0.957485
1.41712e-09	0.957873
1.41719e-09	0.958259
1.41726e-09	0.958644
1.41734e-09	0.959027
1.41741e-09	0.959408
1.41748e-09	0.959787
1.41755e-09	0.960165
1.41762e-09	0.960541
1.41769e-09	0.960915
1.41776e-09	0.961287
1.41783e-09	0.961658
1.4179e-09	0.962027
1.41797e-09	0.962394
1.41804e-09	0.962759
1.41811e-09	0.963123
1.41818e-09	0.963485
1.41825e-09	0.963845
1.41833e-09	0.964204
1.4184e-09	0.96456
1.41847e-09	0.964915
1.41854e-09	0.965268
1.41861e-09	0.96562
1.41868e-09	0.96597
1.41875e-09	0.966317
1.41882e-09	0.966664
1.41889e-09	0.967008
1.41896e-09	0.967351
1.41903e-09	0.967691
1.4191e-09	0.968031
1.41917e-09	0.968368
1.41924e-09	0.968704
1.41932e-09	0.969037
1.41939e-09	0.96937
1.41946e-09	0.9697
1.41953e-09	0.970029
1.4196e-09	0.970355
1.41967e-09	0.97068
1.41974e-09	0.971004
1.41981e-09	0.971325
1.41988e-09	0.971645
1.41995e-09	0.971963
1.42002e-09	0.972279
1.42009e-09	0.972594
1.42016e-09	0.972906
1.42024e-09	0.973217
1.42031e-09	0.973526
1.42038e-09	0.973834
1.42045e-09	0.974139
1.42052e-09	0.974443
1.42059e-09	0.974745
1.42066e-09	0.975046
1.42073e-09	0.975344
1.4208e-09	0.975641
1.42087e-09	0.975936
1.42094e-09	0.976229
1.42101e-09	0.976521
1.42108e-09	0.97681
1.42115e-09	0.977098
1.42123e-09	0.977384
1.4213e-09	0.977669
1.42137e-09	0.977951
1.42144e-09	0.978232
1.42151e-09	0.978511
1.42158e-09	0.978788
1.42165e-09	0.979064
1.42172e-09	0.979338
1.42179e-09	0.979609
1.42186e-09	0.97988
1.42193e-09	0.980148
1.422e-09	0.980414
1.42207e-09	0.980679
1.42214e-09	0.980942
1.42222e-09	0.981203
1.42229e-09	0.981463
1.42236e-09	0.981721
1.42243e-09	0.981976
1.4225e-09	0.98223
1.42257e-09	0.982483
1.42264e-09	0.982733
1.42271e-09	0.982982
1.42278e-09	0.983229
1.42285e-09	0.983474
1.42292e-09	0.983717
1.42299e-09	0.983959
1.42306e-09	0.984199
1.42313e-09	0.984437
1.42321e-09	0.984673
1.42328e-09	0.984907
1.42335e-09	0.98514
1.42342e-09	0.985371
1.42349e-09	0.9856
1.42356e-09	0.985827
1.42363e-09	0.986052
1.4237e-09	0.986276
1.42377e-09	0.986498
1.42384e-09	0.986718
1.42391e-09	0.986936
1.42398e-09	0.987153
1.42405e-09	0.987367
1.42413e-09	0.98758
1.4242e-09	0.987791
1.42427e-09	0.988001
1.42434e-09	0.988208
1.42441e-09	0.988414
1.42448e-09	0.988618
1.42455e-09	0.98882
1.42462e-09	0.98902
1.42469e-09	0.989218
1.42476e-09	0.989415
1.42483e-09	0.98961
1.4249e-09	0.989803
1.42497e-09	0.989994
1.42504e-09	0.990184
1.42512e-09	0.990372
1.42519e-09	0.990557
1.42526e-09	0.990741
1.42533e-09	0.990924
1.4254e-09	0.991104
1.42547e-09	0.991283
1.42554e-09	0.99146
1.42561e-09	0.991635
1.42568e-09	0.991808
1.42575e-09	0.99198
1.42582e-09	0.992149
1.42589e-09	0.992317
1.42596e-09	0.992483
1.42603e-09	0.992647
1.42611e-09	0.99281
1.42618e-09	0.99297
1.42625e-09	0.993129
1.42632e-09	0.993286
1.42639e-09	0.993441
1.42646e-09	0.993595
1.42653e-09	0.993746
1.4266e-09	0.993896
1.42667e-09	0.994044
1.42674e-09	0.99419
1.42681e-09	0.994335
1.42688e-09	0.994477
1.42695e-09	0.994618
1.42703e-09	0.994757
1.4271e-09	0.994894
1.42717e-09	0.995029
1.42724e-09	0.995163
1.42731e-09	0.995294
1.42738e-09	0.995424
1.42745e-09	0.995552
1.42752e-09	0.995678
1.42759e-09	0.995803
1.42766e-09	0.995925
1.42773e-09	0.996046
1.4278e-09	0.996165
1.42787e-09	0.996282
1.42794e-09	0.996398
1.42802e-09	0.996511
1.42809e-09	0.996623
1.42816e-09	0.996733
1.42823e-09	0.996841
1.4283e-09	0.996947
1.42837e-09	0.997052
1.42844e-09	0.997154
1.42851e-09	0.997255
1.42858e-09	0.997354
1.42865e-09	0.997451
1.42872e-09	0.997547
1.42879e-09	0.99764
1.42886e-09	0.997732
1.42893e-09	0.997822
1.42901e-09	0.99791
1.42908e-09	0.997996
1.42915e-09	0.998081
1.42922e-09	0.998163
1.42929e-09	0.998244
1.42936e-09	0.998323
1.42943e-09	0.998401
1.4295e-09	0.998476
1.42957e-09	0.998549
1.42964e-09	0.998621
1.42971e-09	0.998691
1.42978e-09	0.998759
1.42985e-09	0.998826
1.42992e-09	0.99889
1.43e-09	0.998953
1.43007e-09	0.999014
1.43014e-09	0.999073
1.43021e-09	0.99913
1.43028e-09	0.999185
1.43035e-09	0.999239
1.43042e-09	0.99929
1.43049e-09	0.99934
1.43056e-09	0.999388
1.43063e-09	0.999435
1.4307e-09	0.999479
1.43077e-09	0.999522
1.43084e-09	0.999563
1.43092e-09	0.999602
1.43099e-09	0.999639
1.43106e-09	0.999674
1.43113e-09	0.999708
1.4312e-09	0.999739
1.43127e-09	0.999769
1.43134e-09	0.999797
1.43141e-09	0.999824
1.43148e-09	0.999848
1.43155e-09	0.999871
1.43162e-09	0.999892
1.43169e-09	0.99991
1.43176e-09	0.999928
1.43183e-09	0.999943
1.43191e-09	0.999956
1.43198e-09	0.999968
1.43205e-09	0.999978
1.43212e-09	0.999986
1.43219e-09	0.999992
1.43226e-09	0.999997
1.43233e-09	0.999999
1.4324e-09	1
1.43247e-09	0.999999
1.43254e-09	0.999996
1.43261e-09	0.999991
1.43268e-09	0.999985
1.43275e-09	0.999976
1.43282e-09	0.999966
1.4329e-09	0.999954
1.43297e-09	0.99994
1.43304e-09	0.999925
1.43311e-09	0.999907
1.43318e-09	0.999888
1.43325e-09	0.999867
1.43332e-09	0.999844
1.43339e-09	0.999819
1.43346e-09	0.999793
1.43353e-09	0.999764
1.4336e-09	0.999734
1.43367e-09	0.999702
1.43374e-09	0.999668
1.43382e-09	0.999633
1.43389e-09	0.999595
1.43396e-09	0.999556
1.43403e-09	0.999515
1.4341e-09	0.999472
1.43417e-09	0.999427
1.43424e-09	0.99938
1.43431e-09	0.999332
1.43438e-09	0.999282
1.43445e-09	0.99923
1.43452e-09	0.999176
1.43459e-09	0.99912
1.43466e-09	0.999063
1.43473e-09	0.999003
1.43481e-09	0.998942
1.43488e-09	0.998879
1.43495e-09	0.998815
1.43502e-09	0.998748
1.43509e-09	0.998679
1.43516e-09	0.998609
1.43523e-09	0.998537
1.4353e-09	0.998463
1.43537e-09	0.998388
1.43544e-09	0.99831
1.43551e-09	0.998231
1.43558e-09	0.99815
1.43565e-09	0.998067
1.43572e-09	0.997982
1.4358e-09	0.997895
1.43587e-09	0.997807
1.43594e-09	0.997717
1.43601e-09	0.997625
1.43608e-09	0.997531
1.43615e-09	0.997435
1.43622e-09	0.997338
1.43629e-09	0.997238
1.43636e-09	0.997137
1.43643e-09	0.997034
1.4365e-09	0.996929
1.43657e-09	0.996823
1.43664e-09	0.996714
1.43671e-09	0.996604
1.43679e-09	0.996492
1.43686e-09	0.996378
1.43693e-09	0.996263
1.437e-09	0.996145
1.43707e-09	0.996026
1.43714e-09	0.995905
1.43721e-09	0.995782
1.43728e-09	0.995657
1.43735e-09	0.995531
1.43742e-09	0.995402
1.43749e-09	0.995272
1.43756e-09	0.99514
1.43763e-09	0.995006
1.43771e-09	0.994871
1.43778e-09	0.994733
1.43785e-09	0.994594
1.43792e-09	0.994453
1.43799e-09	0.99431
1.43806e-09	0.994166
1.43813e-09	0.994019
1.4382e-09	0.993871
1.43827e-09	0.993721
1.43834e-09	0.993569
1.43841e-09	0.993415
1.43848e-09	0.99326
1.43855e-09	0.993102
1.43862e-09	0.992943
1.4387e-09	0.992782
1.43877e-09	0.99262
1.43884e-09	0.992455
1.43891e-09	0.992289
1.43898e-09	0.992121
1.43905e-09	0.991951
1.43912e-09	0.991779
1.43919e-09	0.991605
1.43926e-09	0.99143
1.43933e-09	0.991253
1.4394e-09	0.991074
1.43947e-09	0.990893
1.43954e-09	0.990711
1.43961e-09	0.990526
1.43969e-09	0.99034
1.43976e-09	0.990152
1.43983e-09	0.989962
1.4399e-09	0.989771
1.43997e-09	0.989577
1.44004e-09	0.989382
1.44011e-09	0.989185
1.44018e-09	0.988986
1.44025e-09	0.988786
1.44032e-09	0.988583
1.44039e-09	0.988379
1.44046e-09	0.988173
1.44053e-09	0.987965
1.4406e-09	0.987756
1.44068e-09	0.987544
1.44075e-09	0.987331
1.44082e-09	0.987116
1.44089e-09	0.986899
1.44096e-09	0.986681
1.44103e-09	0.986461
1.4411e-09	0.986238
1.44117e-09	0.986014
1.44124e-09	0.985789
1.44131e-09	0.985561
1.44138e-09	0.985332
1.44145e-09	0.985101
1.44152e-09	0.984868
1.4416e-09	0.984633
1.44167e-09	0.984397
1.44174e-09	0.984158
1.44181e-09	0.983918
1.44188e-09	0.983676
1.44195e-09	0.983433
1.44202e-09	0.983187
1.44209e-09	0.98294
1.44216e-09	0.982691
1.44223e-09	0.98244
1.4423e-09	0.982188
1.44237e-09	0.981933
1.44244e-09	0.981677
1.44251e-09	0.981419
1.44259e-09	0.98116
1.44266e-09	0.980898
1.44273e-09	0.980635
1.4428e-09	0.98037
1.44287e-09	0.980103
1.44294e-09	0.979834
1.44301e-09	0.979564
1.44308e-09	0.979291
1.44315e-09	0.979017
1.44322e-09	0.978742
1.44329e-09	0.978464
1.44336e-09	0.978185
1.44343e-09	0.977904
1.4435e-09	0.977621
1.44358e-09	0.977336
1.44365e-09	0.97705
1.44372e-09	0.976762
1.44379e-09	0.976472
1.44386e-09	0.97618
1.44393e-09	0.975886
1.444e-09	0.975591
1.44407e-09	0.975294
1.44414e-09	0.974995
1.44421e-09	0.974695
1.44428e-09	0.974392
1.44435e-09	0.974088
1.44442e-09	0.973782
1.4445e-09	0.973474
1.44457e-09	0.973165
1.44464e-09	0.972854
1.44471e-09	0.972541
1.44478e-09	0.972226
1.44485e-09	0.971909
1.44492e-09	0.971591
1.44499e-09	0.971271
1.44506e-09	0.970949
1.44513e-09	0.970626
1.4452e-09	0.9703
1.44527e-09	0.969973
1.44534e-09	0.969644
1.44541e-09	0.969314
1.44549e-09	0.968981
1.44556e-09	0.968647
1.44563e-09	0.968311
1.4457e-09	0.967974
1.44577e-09	0.967634
1.44584e-09	0.967293
1.44591e-09	0.96695
1.44598e-09	0.966605
1.44605e-09	0.966259
1.44612e-09	0.965911
1.44619e-09	0.965561
1.44626e-09	0.965209
1.44633e-09	0.964855
1.4464e-09	0.9645
1.44648e-09	0.964143
1.44655e-09	0.963785
1.44662e-09	0.963424
1.44669e-09	0.963062
1.44676e-09	0.962698
1.44683e-09	0.962332
1.4469e-09	0.961965
1.44697e-09	0.961596
1.44704e-09	0.961225
1.44711e-09	0.960852
1.44718e-09	0.960478
1.44725e-09	0.960101
1.44732e-09	0.959723
1.44739e-09	0.959344
1.44747e-09	0.958962
1.44754e-09	0.958579
1.44761e-09	0.958194
1.44768e-09	0.957808
1.44775e-09	0.957419
1.44782e-09	0.957029
1.44789e-09	0.956638
1.44796e-09	0.956244
1.44803e-09	0.955849
1.4481e-09	0.955452
1.44817e-09	0.955053
1.44824e-09	0.954652
1.44831e-09	0.95425
1.44839e-09	0.953846
1.44846e-09	0.953441
1.44853e-09	0.953033
1.4486e-09	0.952624
1.44867e-09	0.952213
1.44874e-09	0.951801
1.44881e-09	0.951386
1.44888e-09	0.95097
1.44895e-09	0.950552
1.44902e-09	0.950133
1.44909e-09	0.949712
1.44916e-09	0.949289
1.44923e-09	0.948864
1.4493e-09	0.948438
1.44938e-09	0.94801
1.44945e-09	0.94758
1.44952e-09	0.947148
1.44959e-09	0.946715
1.44966e-09	0.94628
1.44973e-09	0.945844
1.4498e-09	0.945405
1.44987e-09	0.944965
1.44994e-09	0.944523
1.45001e-09	0.94408
1.45008e-09	0.943635
1.45015e-09	0.943188
1.45022e-09	0.942739
1.45029e-09	0.942289
1.45037e-09	0.941837
1.45044e-09	0.941383
1.45051e-09	0.940927
1.45058e-09	0.94047
1.45065e-09	0.940011
1.45072e-09	0.939551
1.45079e-09	0.939088
1.45086e-09	0.938624
1.45093e-09	0.938159
1.451e-09	0.937691
1.45107e-09	0.937222
1.45114e-09	0.936752
1.45121e-09	0.936279
1.45129e-09	0.935805
1.45136e-09	0.935329
1.45143e-09	0.934852
1.4515e-09	0.934372
1.45157e-09	0.933891
1.45164e-09	0.933409
1.45171e-09	0.932925
1.45178e-09	0.932439
1.45185e-09	0.931951
1.45192e-09	0.931462
1.45199e-09	0.93097
1.45206e-09	0.930478
1.45213e-09	0.929983
1.4522e-09	0.929487
1.45228e-09	0.928989
1.45235e-09	0.92849
1.45242e-09	0.927989
1.45249e-09	0.927486
1.45256e-09	0.926982
1.45263e-09	0.926475
1.4527e-09	0.925968
1.45277e-09	0.925458
1.45284e-09	0.924947
1.45291e-09	0.924434
1.45298e-09	0.923919
1.45305e-09	0.923403
1.45312e-09	0.922885
1.45319e-09	0.922366
1.45327e-09	0.921845
1.45334e-09	0.921322
1.45341e-09	0.920797
1.45348e-09	0.920271
1.45355e-09	0.919743
1.45362e-09	0.919214
1.45369e-09	0.918683
1.45376e-09	0.91815
1.45383e-09	0.917615
1.4539e-09	0.917079
1.45397e-09	0.916541
1.45404e-09	0.916002
1.45411e-09	0.915461
1.45418e-09	0.914918
1.45426e-09	0.914374
1.45433e-09	0.913827
1.4544e-09	0.91328
1.45447e-09	0.91273
1.45454e-09	0.912179
1.45461e-09	0.911627
1.45468e-09	0.911072
1.45475e-09	0.910516
1.45482e-09	0.909959
1.45489e-09	0.9094
1.45496e-09	0.908839
1.45503e-09	0.908276
1.4551e-09	0.907712
1.45518e-09	0.907146
1.45525e-09	0.906579
1.45532e-09	0.90601
1.45539e-09	0.905439
1.45546e-09	0.904867
1.45553e-09	0.904293
1.4556e-09	0.903717
1.45567e-09	0.90314
1.45574e-09	0.902561
1.45581e-09	0.901981
1.45588e-09	0.901398
1.45595e-09	0.900815
1.45602e-09	0.900229
1.45609e-09	0.899642
1.45617e-09	0.899054
1.45624e-09	0.898463
1.45631e-09	0.897872
1.45638e-09	0.897278
1.45645e-09	0.896683
1.45652e-09	0.896086
1.45659e-09	0.895488
1.45666e-09	0.894888
1.45673e-09	0.894287
1.4568e-09	0.893684
1.45687e-09	0.893079
1.45694e-09	0.892472
1.45701e-09	0.891864
1.45708e-09	0.891255
1.45716e-09	0.890644
1.45723e-09	0.890031
1.4573e-09	0.889417
1.45737e-09	0.888801
1.45744e-09	0.888183
1.45751e-09	0.887564
1.45758e-09	0.886943
1.45765e-09	0.886321
1.45772e-09	0.885697
1.45779e-09	0.885071
1.45786e-09	0.884444
1.45793e-09	0.883815
1.458e-09	0.883185
1.45808e-09	0.882553
1.45815e-09	0.881919
1.45822e-09	0.881284
1.45829e-09	0.880648
1.45836e-09	0.880009
1.45843e-09	0.879369
1.4585e-09	0.878728
1.45857e-09	0.878085
1.45864e-09	0.87744
1.45871e-09	0.876794
1.45878e-09	0.876147
1.45885e-09	0.875497
1.45892e-09	0.874846
1.45899e-09	0.874194
1.45907e-09	0.87354
1.45914e-09	0.872884
1.45921e-09	0.872227
1.45928e-09	0.871568
1.45935e-09	0.870908
1.45942e-09	0.870246
1.45949e-09	0.869583
1.45956e-09	0.868918
1.45963e-09	0.868251
1.4597e-09	0.867583
1.45977e-09	0.866913
1.45984e-09	0.866242
1.45991e-09	0.865569
1.45998e-09	0.864895
1.46006e-09	0.864219
1.46013e-09	0.863542
1.4602e-09	0.862863
1.46027e-09	0.862182
1.46034e-09	0.8615
1.46041e-09	0.860816
1.46048e-09	0.860131
1.46055e-09	0.859444
1.46062e-09	0.858756
1.46069e-09	0.858066
1.46076e-09	0.857375
1.46083e-09	0.856682
1.4609e-09	0.855988
1.46097e-09	0.855292
1.46105e-09	0.854594
1.46112e-09	0.853895
1.46119e-09	0.853195
1.46126e-09	0.852493
1.46133e-09	0.851789
1.4614e-09	0.851084
1.46147e-09	0.850377
1.46154e-09	0.849669
1.46161e-09	0.848959
1.46168e-09	0.848248
1.46175e-09	0.847535
1.46182e-09	0.846821
1.46189e-09	0.846105
1.46197e-09	0.845388
1.46204e-09	0.844669
1.46211e-09	0.843949
1.46218e-09	0.843227
1.46225e-09	0.842504
1.46232e-09	0.841779
1.46239e-09	0.841053
1.46246e-09	0.840325
1.46253e-09	0.839595
1.4626e-09	0.838865
1.46267e-09	0.838132
1.46274e-09	0.837398
1.46281e-09	0.836663
1.46288e-09	0.835926
1.46296e-09	0.835188
1.46303e-09	0.834448
1.4631e-09	0.833707
1.46317e-09	0.832964
1.46324e-09	0.83222
1.46331e-09	0.831474
1.46338e-09	0.830726
1.46345e-09	0.829978
1.46352e-09	0.829227
1.46359e-09	0.828476
1.46366e-09	0.827722
1.46373e-09	0.826968
1.4638e-09	0.826212
1.46387e-09	0.825454
1.46395e-09	0.824695
1.46402e-09	0.823934
1.46409e-09	0.823172
1.46416e-09	0.822409
1.46423e-09	0.821644
1.4643e-09	0.820877
1.46437e-09	0.820109
1.46444e-09	0.81934
1.46451e-09	0.818569
1.46458e-09	0.817797
1.46465e-09	0.817023
1.46472e-09	0.816248
1.46479e-09	0.815471
1.46486e-09	0.814693
1.46494e-09	0.813913
1.46501e-09	0.813132
1.46508e-09	0.81235
1.46515e-09	0.811566
1.46522e-09	0.81078
1.46529e-09	0.809993
1.46536e-09	0.809205
1.46543e-09	0.808415
1.4655e-09	0.807624
1.46557e-09	0.806832
1.46564e-09	0.806038
1.46571e-09	0.805242
1.46578e-09	0.804445
1.46586e-09	0.803647
1.46593e-09	0.802847
1.466e-09	0.802046
1.46607e-09	0.801243
1.46614e-09	0.800439
1.46621e-09	0.799634
1.46628e-09	0.798827
1.46635e-09	0.798018
1.46642e-09	0.797209
1.46649e-09	0.796398
1.46656e-09	0.795585
1.46663e-09	0.794771
1.4667e-09	0.793956
1.46677e-09	0.793139
1.46685e-09	0.79232
1.46692e-09	0.791501
1.46699e-09	0.79068
1.46706e-09	0.789857
1.46713e-09	0.789034
1.4672e-09	0.788208
1.46727e-09	0.787382
1.46734e-09	0.786554
1.46741e-09	0.785724
1.46748e-09	0.784893
1.46755e-09	0.784061
1.46762e-09	0.783227
1.46769e-09	0.782392
1.46776e-09	0.781556
1.46784e-09	0.780718
1.46791e-09	0.779879
1.46798e-09	0.779038
1.46805e-09	0.778196
1.46812e-09	0.777353
1.46819e-09	0.776508
1.46826e-09	0.775662
1.46833e-09	0.774815
1.4684e-09	0.773966
1.46847e-09	0.773116
1.46854e-09	0.772264
1.46861e-09	0.771411
1.46868e-09	0.770557
1.46876e-09	0.769701
1.46883e-09	0.768844
1.4689e-09	0.767986
1.46897e-09	0.767126
1.46904e-09	0.766265
1.46911e-09	0.765402
1.46918e-09	0.764539
1.46925e-09	0.763673
1.46932e-09	0.762807
1.46939e-09	0.761939
1.46946e-09	0.76107
1.46953e-09	0.760199
1.4696e-09	0.759327
1.46967e-09	0.758454
1.46975e-09	0.757579
1.46982e-09	0.756703
1.46989e-09	0.755826
1.46996e-09	0.754947
1.47003e-09	0.754067
1.4701e-09	0.753186
1.47017e-09	0.752304
1.47024e-09	0.75142
1.47031e-09	0.750534
1.47038e-09	0.749648
1.47045e-09	0.74876
1.47052e-09	0.747871
1.47059e-09	0.74698
1.47066e-09	0.746088
1.47074e-09	0.745195
1.47081e-09	0.7443
1.47088e-09	0.743404
1.47095e-09	0.742507
1.47102e-09	0.741609
1.47109e-09	0.740709
1.47116e-09	0.739808
1.47123e-09	0.738906
1.4713e-09	0.738002
1.47137e-09	0.737097
1.47144e-09	0.736191
1.47151e-09	0.735283
1.47158e-09	0.734374
1.47165e-09	0.733464
1.47173e-09	0.732553
1.4718e-09	0.73164
1.47187e-09	0.730726
1.47194e-09	0.72981
1.47201e-09	0.728894
1.47208e-09	0.727976
1.47215e-09	0.727057
1.47222e-09	0.726136
1.47229e-09	0.725215
1.47236e-09	0.724292
1.47243e-09	0.723367
1.4725e-09	0.722442
1.47257e-09	0.721515
1.47265e-09	0.720587
1.47272e-09	0.719657
1.47279e-09	0.718727
1.47286e-09	0.717795
1.47293e-09	0.716862
1.473e-09	0.715927
1.47307e-09	0.714992
1.47314e-09	0.714055
1.47321e-09	0.713117
1.47328e-09	0.712177
1.47335e-09	0.711236
1.47342e-09	0.710295
1.47349e-09	0.709351
1.47356e-09	0.708407
1.47364e-09	0.707461
1.47371e-09	0.706514
1.47378e-09	0.705566
1.47385e-09	0.704617
1.47392e-09	0.703666
1.47399e-09	0.702714
1.47406e-09	0.701761
1.47413e-09	0.700807
1.4742e-09	0.699852
1.47427e-09	0.698895
1.47434e-09	0.697937
1.47441e-09	0.696978
1.47448e-09	0.696017
1.47455e-09	0.695056
1.47463e-09	0.694093
1.4747e-09	0.693129
1.47477e-09	0.692163
1.47484e-09	0.691197
1.47491e-09	0.690229
1.47498e-09	0.68926
1.47505e-09	0.68829
1.47512e-09	0.687319
1.47519e-09	0.686346
1.47526e-09	0.685373
1.47533e-09	0.684398
1.4754e-09	0.683422
1.47547e-09	0.682444
1.47555e-09	0.681466
1.47562e-09	0.680486
1.47569e-09	0.679505
1.47576e-09	0.678523
1.47583e-09	0.67754
1.4759e-09	0.676556
1.47597e-09	0.67557
1.47604e-09	0.674583
1.47611e-09	0.673595
1.47618e-09	0.672606
1.47625e-09	0.671616
1.47632e-09	0.670624
1.47639e-09	0.669632
1.47646e-09	0.668638
1.47654e-09	0.667643
1.47661e-09	0.666647
1.47668e-09	0.66565
1.47675e-09	0.664651
1.47682e-09	0.663652
1.47689e-09	0.662651
1.47696e-09	0.661649
1.47703e-09	0.660646
1.4771e-09	0.659642
1.47717e-09	0.658636
1.47724e-09	0.65763
1.47731e-09	0.656622
1.47738e-09	0.655613
1.47745e-09	0.654604
1.47753e-09	0.653592
1.4776e-09	0.65258
1.47767e-09	0.651567
1.47774e-09	0.650553
1.47781e-09	0.649537
1.47788e-09	0.64852
1.47795e-09	0.647502
1.47802e-09	0.646483
1.47809e-09	0.645463
1.47816e-09	0.644442
1.47823e-09	0.64342
1.4783e-09	0.642397
1.47837e-09	0.641372
1.47844e-09	0.640346
1.47852e-09	0.63932
1.47859e-09	0.638292
1.47866e-09	0.637263
1.47873e-09	0.636233
1.4788e-09	0.635202
1.47887e-09	0.634169
1.47894e-09	0.633136
1.47901e-09	0.632102
1.47908e-09	0.631066
1.47915e-09	0.630029
1.47922e-09	0.628992
1.47929e-09	0.627953
1.47936e-09	0.626913
1.47944e-09	0.625872
1.47951e-09	0.62483
1.47958e-09	0.623787
1.47965e-09	0.622743
1.47972e-09	0.621697
1.47979e-09	0.620651
1.47986e-09	0.619604
1.47993e-09	0.618555
1.48e-09	0.617506
1.48007e-09	0.616455
1.48014e-09	0.615403
1.48021e-09	0.614351
1.48028e-09	0.613297
1.48035e-09	0.612242
1.48043e-09	0.611186
1.4805e-09	0.610129
1.48057e-09	0.609071
1.48064e-09	0.608012
1.48071e-09	0.606952
1.48078e-09	0.605891
1.48085e-09	0.604829
1.48092e-09	0.603765
1.48099e-09	0.602701
1.48106e-09	0.601636
1.48113e-09	0.60057
1.4812e-09	0.599502
1.48127e-09	0.598434
1.48134e-09	0.597365
1.48142e-09	0.596294
1.48149e-09	0.595223
1.48156e-09	0.59415
1.48163e-09	0.593077
1.4817e-09	0.592002
1.48177e-09	0.590927
1.48184e-09	0.58985
1.48191e-09	0.588773
1.48198e-09	0.587694
1.48205e-09	0.586615
1.48212e-09	0.585534
1.48219e-09	0.584453
1.48226e-09	0.58337
1.48234e-09	0.582287
1.48241e-09	0.581202
1.48248e-09	0.580117
1.48255e-09	0.57903
1.48262e-09	0.577943
1.48269e-09	0.576854
1.48276e-09	0.575765
1.48283e-09	0.574674
1.4829e-09	0.573583
1.48297e-09	0.57249
1.48304e-09	0.571397
1.48311e-09	0.570303
1.48318e-09	0.569207
1.48325e-09	0.568111
1.48333e-09	0.567014
1.4834e-09	0.565916
1.48347e-09	0.564816
1.48354e-09	0.563716
1.48361e-09	0.562615
1.48368e-09	0.561513
1.48375e-09	0.56041
1.48382e-09	0.559306
1.48389e-09	0.558201
1.48396e-09	0.557095
1.48403e-09	0.555989
1.4841e-09	0.554881
1.48417e-09	0.553772
1.48424e-09	0.552663
1.48432e-09	0.551552
1.48439e-09	0.550441
1.48446e-09	0.549328
1.48453e-09	0.548215
1.4846e-09	0.547101
1.48467e-09	0.545985
1.48474e-09	0.544869
1.48481e-09	0.543752
1.48488e-09	0.542634
1.48495e-09	0.541515
1.48502e-09	0.540396
1.48509e-09	0.539275
1.48516e-09	0.538153
1.48523e-09	0.537031
1.48531e-09	0.535907
1.48538e-09	0.534783
1.48545e-09	0.533658
1.48552e-09	0.532532
1.48559e-09	0.531405
1.48566e-09	0.530277
1.48573e-09	0.529148
1.4858e-09	0.528018
1.48587e-09	0.526888
1.48594e-09	0.525756
1.48601e-09	0.524624
1.48608e-09	0.523491
1.48615e-09	0.522357
1.48623e-09	0.521222
1.4863e-09	0.520086
1.48637e-09	0.518949
1.48644e-09	0.517811
1.48651e-09	0.516673
1.48658e-09	0.515534
1.48665e-09	0.514393
1.48672e-09	0.513252
1.48679e-09	0.51211
1.48686e-09	0.510968
1.48693e-09	0.509824
1.487e-09	0.50868
1.48707e-09	0.507534
1.48714e-09	0.506388
1.48722e-09	0.505241
1.48729e-09	0.504093
1.48736e-09	0.502945
1.48743e-09	0.501795
1.4875e-09	0.500645
1.48757e-09	0.499493
1.48764e-09	0.498341
1.48771e-09	0.497189
1.48778e-09	0.496035
1.48785e-09	0.49488
1.48792e-09	0.493725
1.48799e-09	0.492569
1.48806e-09	0.491412
1.48813e-09	0.490254
1.48821e-09	0.489095
1.48828e-09	0.487936
1.48835e-09	0.486776
1.48842e-09	0.485615
1.48849e-09	0.484453
1.48856e-09	0.48329
1.48863e-09	0.482127
1.4887e-09	0.480963
1.48877e-09	0.479798
1.48884e-09	0.478632
1.48891e-09	0.477465
1.48898e-09	0.476298
1.48905e-09	0.47513
1.48912e-09	0.473961
1.4892e-09	0.472791
1.48927e-09	0.47162
1.48934e-09	0.470449
1.48941e-09	0.469277
1.48948e-09	0.468104
1.48955e-09	0.46693
1.48962e-09	0.465756
1.48969e-09	0.464581
1.48976e-09	0.463405
1.48983e-09	0.462228
1.4899e-09	0.461051
1.48997e-09	0.459873
1.49004e-09	0.458694
1.49012e-09	0.457514
1.49019e-09	0.456333
1.49026e-09	0.455152
1.49033e-09	0.45397
1.4904e-09	0.452788
1.49047e-09	0.451604
1.49054e-09	0.45042
1.49061e-09	0.449235
1.49068e-09	0.448049
1.49075e-09	0.446863
1.49082e-09	0.445676
1.49089e-09	0.444488
1.49096e-09	0.4433
1.49103e-09	0.44211
1.49111e-09	0.44092
1.49118e-09	0.43973
1.49125e-09	0.438538
1.49132e-09	0.437346
1.49139e-09	0.436153
1.49146e-09	0.43496
1.49153e-09	0.433765
1.4916e-09	0.43257
1.49167e-09	0.431375
1.49174e-09	0.430178
1.49181e-09	0.428981
1.49188e-09	0.427784
1.49195e-09	0.426585
1.49202e-09	0.425386
1.4921e-09	0.424186
1.49217e-09	0.422986
1.49224e-09	0.421785
1.49231e-09	0.420583
1.49238e-09	0.41938
1.49245e-09	0.418177
1.49252e-09	0.416973
1.49259e-09	0.415769
1.49266e-09	0.414563
1.49273e-09	0.413357
1.4928e-09	0.412151
1.49287e-09	0.410944
1.49294e-09	0.409736
1.49302e-09	0.408527
1.49309e-09	0.407318
1.49316e-09	0.406108
1.49323e-09	0.404898
1.4933e-09	0.403687
1.49337e-09	0.402475
1.49344e-09	0.401263
1.49351e-09	0.400049
1.49358e-09	0.398836
1.49365e-09	0.397621
1.49372e-09	0.396407
1.49379e-09	0.395191
1.49386e-09	0.393975
1.49393e-09	0.392758
1.49401e-09	0.39154
1.49408e-09	0.390322
1.49415e-09	0.389104
1.49422e-09	0.387884
1.49429e-09	0.386664
1.49436e-09	0.385444
1.49443e-09	0.384223
1.4945e-09	0.383001
1.49457e-09	0.381779
1.49464e-09	0.380556
1.49471e-09	0.379332
1.49478e-09	0.378108
1.49485e-09	0.376883
1.49492e-09	0.375658
1.495e-09	0.374432
1.49507e-09	0.373205
1.49514e-09	0.371978
1.49521e-09	0.370751
1.49528e-09	0.369522
1.49535e-09	0.368293
1.49542e-09	0.367064
1.49549e-09	0.365834
1.49556e-09	0.364603
1.49563e-09	0.363372
1.4957e-09	0.362141
1.49577e-09	0.360908
1.49584e-09	0.359676
1.49591e-09	0.358442
1.49599e-09	0.357208
1.49606e-09	0.355974
1.49613e-09	0.354739
1.4962e-09	0.353503
1.49627e-09	0.352267
1.49634e-09	0.35103
1.49641e-09	0.349793
1.49648e-09	0.348555
1.49655e-09	0.347317
1.49662e-09	0.346078
1.49669e-09	0.344839
1.49676e-09	0.343599
1.49683e-09	0.342358
1.49691e-09	0.341118
1.49698e-09	0.339876
1.49705e-09	0.338634
1.49712e-09	0.337392
1.49719e-09	0.336149
1.49726e-09	0.334905
1.49733e-09	0.333661
1.4974e-09	0.332416
1.49747e-09	0.331171
1.49754e-09	0.329926
1.49761e-09	0.32868
1.49768e-09	0.327433
1.49775e-09	0.326186
1.49782e-09	0.324939
1.4979e-09	0.323691
1.49797e-09	0.322442
1.49804e-09	0.321193
1.49811e-09	0.319943
1.49818e-09	0.318693
1.49825e-09	0.317443
1.49832e-09	0.316192
1.49839e-09	0.314941
1.49846e-09	0.313689
1.49853e-09	0.312436
1.4986e-09	0.311184
1.49867e-09	0.30993
1.49874e-09	0.308677
1.49881e-09	0.307422
1.49889e-09	0.306168
1.49896e-09	0.304913
1.49903e-09	0.303657
1.4991e-09	0.302401
1.49917e-09	0.301145
1.49924e-09	0.299888
1.49931e-09	0.29863
1.49938e-09	0.297372
1.49945e-09	0.296114
1.49952e-09	0.294856
1.49959e-09	0.293596
1.49966e-09	0.292337
1.49973e-09	0.291077
1.49981e-09	0.289817
1.49988e-09	0.288556
1.49995e-09	0.287295
1.50002e-09	0.286033
1.50009e-09	0.284771
1.50016e-09	0.283508
1.50023e-09	0.282246
1.5003e-09	0.280982
1.50037e-09	0.279719
1.50044e-09	0.278454
1.50051e-09	0.27719
1.50058e-09	0.275925
1.50065e-09	0.27466
1.50072e-09	0.273394
1.5008e-09	0.272128
1.50087e-09	0.270861
1.50094e-09	0.269595
1.50101e-09	0.268327
1.50108e-09	0.26706
1.50115e-09	0.265792
1.50122e-09	0.264523
1.50129e-09	0.263255
1.50136e-09	0.261986
1.50143e-09	0.260716
1.5015e-09	0.259446
1.50157e-09	0.258176
1.50164e-09	0.256905
1.50171e-09	0.255634
1.50179e-09	0.254363
1.50186e-09	0.253091
1.50193e-09	0.251819
1.502e-09	0.250547
1.50207e-09	0.249274
1.50214e-09	0.248001
1.50221e-09	0.246728
1.50228e-09	0.245454
1.50235e-09	0.24418
1.50242e-09	0.242906
1.50249e-09	0.241631
1.50256e-09	0.240356
1.50263e-09	0.239081
1.5027e-09	0.237805
1.50278e-09	0.236529
1.50285e-09	0.235253
1.50292e-09	0.233976
1.50299e-09	0.232699
1.50306e-09	0.231422
1.50313e-09	0.230144
1.5032e-09	0.228866
1.50327e-09	0.227588
1.50334e-09	0.226309
1.50341e-09	0.22503
1.50348e-09	0.223751
1.50355e-09	0.222472
1.50362e-09	0.221192
1.5037e-09	0.219912
1.50377e-09	0.218632
1.50384e-09	0.217351
1.50391e-09	0.216071
1.50398e-09	0.214789
1.50405e-09	0.213508
1.50412e-09	0.212226
1.50419e-09	0.210944
1.50426e-09	0.209662
1.50433e-09	0.20838
1.5044e-09	0.207097
1.50447e-09	0.205814
1.50454e-09	0.204531
1.50461e-09	0.203247
1.50469e-09	0.201963
1.50476e-09	0.200679
1.50483e-09	0.199395
1.5049e-09	0.19811
1.50497e-09	0.196825
1.50504e-09	0.19554
1.50511e-09	0.194255
1.50518e-09	0.19297
1.50525e-09	0.191684
1.50532e-09	0.190398
1.50539e-09	0.189112
1.50546e-09	0.187825
1.50553e-09	0.186539
1.5056e-09	0.185252
1.50568e-09	0.183965
1.50575e-09	0.182677
1.50582e-09	0.18139
1.50589e-09	0.180102
1.50596e-09	0.178814
1.50603e-09	0.177526
1.5061e-09	0.176237
1.50617e-09	0.174949
1.50624e-09	0.17366
1.50631e-09	0.172371
1.50638e-09	0.171082
1.50645e-09	0.169792
1.50652e-09	0.168503
1.5066e-09	0.167213
1.50667e-09	0.165923
1.50674e-09	0.164633
1.50681e-09	0.163343
1.50688e-09	0.162052
1.50695e-09	0.160761
1.50702e-09	0.159471
1.50709e-09	0.15818
1.50716e-09	0.156888
1.50723e-09	0.155597
1.5073e-09	0.154306
1.50737e-09	0.153014
1.50744e-09	0.151722
1.50751e-09	0.15043
1.50759e-09	0.149138
1.50766e-09	0.147846
1.50773e-09	0.146553
1.5078e-09	0.145261
1.50787e-09	0.143968
1.50794e-09	0.142675
1.50801e-09	0.141382
1.50808e-09	0.140089
1.50815e-09	0.138796
1.50822e-09	0.137502
1.50829e-09	0.136209
1.50836e-09	0.134915
1.50843e-09	0.133621
1.5085e-09	0.132327
1.50858e-09	0.131033
1.50865e-09	0.129739
1.50872e-09	0.128445
1.50879e-09	0.12715
1.50886e-09	0.125856
1.50893e-09	0.124561
1.509e-09	0.123267
1.50907e-09	0.121972
1.50914e-09	0.120677
1.50921e-09	0.119382
1.50928e-09	0.118087
1.50935e-09	0.116792
1.50942e-09	0.115496
1.50949e-09	0.114201
1.50957e-09	0.112905
1.50964e-09	0.11161
1.50971e-09	0.110314
1.50978e-09	0.109019
1.50985e-09	0.107723
1.50992e-09	0.106427
1.50999e-09	0.105131
1.51006e-09	0.103835
1.51013e-09	0.102539
1.5102e-09	0.101243
1.51027e-09	0.099947
1.51034e-09	0.0986508
1.51041e-09	0.0973545
1.51049e-09	0.0960582
1.51056e-09	0.0947618
1.51063e-09	0.0934654
1.5107e-09	0.0921689
1.51077e-09	0.0908725
1.51084e-09	0.0895759
1.51091e-09	0.0882793
1.51098e-09	0.0869827
1.51105e-09	0.0856861
1.51112e-09	0.0843894
1.51119e-09	0.0830927
1.51126e-09	0.081796
1.51133e-09	0.0804993
1.5114e-09	0.0792025
1.51148e-09	0.0779057
1.51155e-09	0.0766089
1.51162e-09	0.0753121
1.51169e-09	0.0740153
1.51176e-09	0.0727185
1.51183e-09	0.0714216
1.5119e-09	0.0701248
1.51197e-09	0.068828
1.51204e-09	0.0675311
1.51211e-09	0.0662343
1.51218e-09	0.0649375
1.51225e-09	0.0636407
1.51232e-09	0.0623439
1.51239e-09	0.0610471
1.51247e-09	0.0597503
1.51254e-09	0.0584536
1.51261e-09	0.0571569
1.51268e-09	0.0558602
1.51275e-09	0.0545635
1.51282e-09	0.0532669
1.51289e-09	0.0519703
1.51296e-09	0.0506737
1.51303e-09	0.0493772
1.5131e-09	0.0480807
1.51317e-09	0.0467842
1.51324e-09	0.0454878
1.51331e-09	0.0441914
1.51338e-09	0.0428951
1.51346e-09	0.0415989
1.51353e-09	0.0403027
1.5136e-09	0.0390065
1.51367e-09	0.0377104
1.51374e-09	0.0364144
1.51381e-09	0.0351184
1.51388e-09	0.0338225
1.51395e-09	0.0325267
1.51402e-09	0.031231
1.51409e-09	0.0299353
1.51416e-09	0.0286397
1.51423e-09	0.0273442
1.5143e-09	0.0260487
1.51438e-09	0.0247534
1.51445e-09	0.0234581
1.51452e-09	0.0221629
1.51459e-09	0.0208678
1.51466e-09	0.0195728
1.51473e-09	0.0182779
1.5148e-09	0.0169831
1.51487e-09	0.0156884
1.51494e-09	0.0143938
1.51501e-09	0.0130993
1.51508e-09	0.0118049
1.51515e-09	0.0105107
1.51522e-09	0.00921652
1.51529e-09	0.00792248
1.51537e-09	0.00662856
1.51544e-09	0.00533476
1.51551e-09	0.00404109
1.51558e-09	0.00274754
1.51565e-09	0.00145411
1.51572e-09	0.000160824
1.51579e-09	-0.00113233
1.51586e-09	-0.00242535
1.51593e-09	-0.00371824
1.516e-09	-0.00501098
1.51607e-09	-0.00630358
1.51614e-09	-0.00759603
1.51621e-09	-0.00888834
1.51628e-09	-0.0101805
1.51636e-09	-0.0114725
1.51643e-09	-0.0127643
1.5165e-09	-0.014056
1.51657e-09	-0.0153476
1.51664e-09	-0.0166389
1.51671e-09	-0.0179301
1.51678e-09	-0.0192211
1.51685e-09	-0.020512
1.51692e-09	-0.0218027
1.51699e-09	-0.0230932
1.51706e-09	-0.0243835
1.51713e-09	-0.0256737
1.5172e-09	-0.0269637
1.51728e-09	-0.0282535
1.51735e-09	-0.0295431
1.51742e-09	-0.0308325
1.51749e-09	-0.0321217
1.51756e-09	-0.0334107
1.51763e-09	-0.0346995
1.5177e-09	-0.0359882
1.51777e-09	-0.0372766
1.51784e-09	-0.0385648
1.51791e-09	-0.0398528
1.51798e-09	-0.0411406
1.51805e-09	-0.0424282
1.51812e-09	-0.0437156
1.51819e-09	-0.0450028
1.51827e-09	-0.0462897
1.51834e-09	-0.0475764
1.51841e-09	-0.0488629
1.51848e-09	-0.0501492
1.51855e-09	-0.0514352
1.51862e-09	-0.052721
1.51869e-09	-0.0540066
1.51876e-09	-0.055292
1.51883e-09	-0.0565771
1.5189e-09	-0.0578619
1.51897e-09	-0.0591465
1.51904e-09	-0.0604309
1.51911e-09	-0.061715
1.51918e-09	-0.0629989
1.51926e-09	-0.0642825
1.51933e-09	-0.0655659
1.5194e-09	-0.066849
1.51947e-09	-0.0681318
1.51954e-09	-0.0694144
1.51961e-09	-0.0706967
1.51968e-09	-0.0719788
1.51975e-09	-0.0732606
1.51982e-09	-0.0745421
1.51989e-09	-0.0758233
1.51996e-09	-0.0771043
1.52003e-09	-0.0783849
1.5201e-09	-0.0796653
1.52017e-09	-0.0809454
1.52025e-09	-0.0822252
1.52032e-09	-0.0835048
1.52039e-09	-0.084784
1.52046e-09	-0.086063
1.52053e-09	-0.0873416
1.5206e-09	-0.08862
1.52067e-09	-0.089898
1.52074e-09	-0.0911757
1.52081e-09	-0.0924532
1.52088e-09	-0.0937303
1.52095e-09	-0.0950071
1.52102e-09	-0.0962836
1.52109e-09	-0.0975598
1.52117e-09	-0.0988357
1.52124e-09	-0.100111
1.52131e-09	-0.101386
1.52138e-09	-0.102661
1.52145e-09	-0.103936
1.52152e-09	-0.10521
1.52159e-09	-0.106484
1.52166e-09	-0.107758
1.52173e-09	-0.109031
1.5218e-09	-0.110304
1.52187e-09	-0.111576
1.52194e-09	-0.112849
1.52201e-09	-0.11412
1.52208e-09	-0.115392
1.52216e-09	-0.116663
1.52223e-09	-0.117934
1.5223e-09	-0.119204
1.52237e-09	-0.120474
1.52244e-09	-0.121744
1.52251e-09	-0.123013
1.52258e-09	-0.124282
1.52265e-09	-0.125551
1.52272e-09	-0.126819
1.52279e-09	-0.128087
1.52286e-09	-0.129355
1.52293e-09	-0.130622
1.523e-09	-0.131889
1.52307e-09	-0.133155
1.52315e-09	-0.134421
1.52322e-09	-0.135687
1.52329e-09	-0.136952
1.52336e-09	-0.138217
1.52343e-09	-0.139481
1.5235e-09	-0.140745
1.52357e-09	-0.142009
1.52364e-09	-0.143272
1.52371e-09	-0.144535
1.52378e-09	-0.145797
1.52385e-09	-0.147059
1.52392e-09	-0.148321
1.52399e-09	-0.149582
1.52407e-09	-0.150843
1.52414e-09	-0.152103
1.52421e-09	-0.153363
1.52428e-09	-0.154622
1.52435e-09	-0.155881
1.52442e-09	-0.15714
1.52449e-09	-0.158398
1.52456e-09	-0.159656
1.52463e-09	-0.160913
1.5247e-09	-0.16217
1.52477e-09	-0.163427
1.52484e-09	-0.164683
1.52491e-09	-0.165938
1.52498e-09	-0.167193
1.52506e-09	-0.168448
1.52513e-09	-0.169702
1.5252e-09	-0.170956
1.52527e-09	-0.172209
1.52534e-09	-0.173462
1.52541e-09	-0.174715
1.52548e-09	-0.175966
1.52555e-09	-0.177218
1.52562e-09	-0.178469
1.52569e-09	-0.179719
1.52576e-09	-0.18097
1.52583e-09	-0.182219
1.5259e-09	-0.183468
1.52597e-09	-0.184717
1.52605e-09	-0.185965
1.52612e-09	-0.187213
1.52619e-09	-0.18846
1.52626e-09	-0.189706
1.52633e-09	-0.190953
1.5264e-09	-0.192198
1.52647e-09	-0.193444
1.52654e-09	-0.194688
1.52661e-09	-0.195932
1.52668e-09	-0.197176
1.52675e-09	-0.198419
1.52682e-09	-0.199662
1.52689e-09	-0.200904
1.52696e-09	-0.202146
1.52704e-09	-0.203387
1.52711e-09	-0.204628
1.52718e-09	-0.205868
1.52725e-09	-0.207107
1.52732e-09	-0.208346
1.52739e-09	-0.209585
1.52746e-09	-0.210823
1.52753e-09	-0.21206
1.5276e-09	-0.213297
1.52767e-09	-0.214534
1.52774e-09	-0.21577
1.52781e-09	-0.217005
1.52788e-09	-0.21824
1.52796e-09	-0.219474
1.52803e-09	-0.220708
1.5281e-09	-0.221941
1.52817e-09	-0.223174
1.52824e-09	-0.224406
1.52831e-09	-0.225637
1.52838e-09	-0.226868
1.52845e-09	-0.228098
1.52852e-09	-0.229328
1.52859e-09	-0.230557
1.52866e-09	-0.231786
1.52873e-09	-0.233014
1.5288e-09	-0.234242
1.52887e-09	-0.235469
1.52895e-09	-0.236695
1.52902e-09	-0.237921
1.52909e-09	-0.239146
1.52916e-09	-0.240371
1.52923e-09	-0.241595
1.5293e-09	-0.242818
1.52937e-09	-0.244041
1.52944e-09	-0.245263
1.52951e-09	-0.246485
1.52958e-09	-0.247706
1.52965e-09	-0.248927
1.52972e-09	-0.250147
1.52979e-09	-0.251366
1.52986e-09	-0.252585
1.52994e-09	-0.253803
1.53001e-09	-0.25502
1.53008e-09	-0.256237
1.53015e-09	-0.257453
1.53022e-09	-0.258669
1.53029e-09	-0.259884
1.53036e-09	-0.261098
1.53043e-09	-0.262312
1.5305e-09	-0.263525
1.53057e-09	-0.264738
1.53064e-09	-0.265949
1.53071e-09	-0.267161
1.53078e-09	-0.268371
1.53085e-09	-0.269581
1.53093e-09	-0.270791
1.531e-09	-0.271999
1.53107e-09	-0.273207
1.53114e-09	-0.274415
1.53121e-09	-0.275621
1.53128e-09	-0.276827
1.53135e-09	-0.278033
1.53142e-09	-0.279238
1.53149e-09	-0.280442
1.53156e-09	-0.281645
1.53163e-09	-0.282848
1.5317e-09	-0.28405
1.53177e-09	-0.285252
1.53185e-09	-0.286452
1.53192e-09	-0.287653
1.53199e-09	-0.288852
1.53206e-09	-0.290051
1.53213e-09	-0.291249
1.5322e-09	-0.292446
1.53227e-09	-0.293643
1.53234e-09	-0.294839
1.53241e-09	-0.296035
1.53248e-09	-0.297229
1.53255e-09	-0.298423
1.53262e-09	-0.299616
1.53269e-09	-0.300809
1.53276e-09	-0.302001
1.53284e-09	-0.303192
1.53291e-09	-0.304383
1.53298e-09	-0.305573
1.53305e-09	-0.306762
1.53312e-09	-0.30795
1.53319e-09	-0.309138
1.53326e-09	-0.310325
1.53333e-09	-0.311511
1.5334e-09	-0.312696
1.53347e-09	-0.313881
1.53354e-09	-0.315065
1.53361e-09	-0.316249
1.53368e-09	-0.317431
1.53375e-09	-0.318613
1.53383e-09	-0.319794
1.5339e-09	-0.320975
1.53397e-09	-0.322155
1.53404e-09	-0.323334
1.53411e-09	-0.324512
1.53418e-09	-0.325689
1.53425e-09	-0.326866
1.53432e-09	-0.328042
1.53439e-09	-0.329217
1.53446e-09	-0.330392
1.53453e-09	-0.331566
1.5346e-09	-0.332739
1.53467e-09	-0.333911
1.53475e-09	-0.335082
1.53482e-09	-0.336253
1.53489e-09	-0.337423
1.53496e-09	-0.338592
1.53503e-09	-0.339761
1.5351e-09	-0.340928
1.53517e-09	-0.342095
1.53524e-09	-0.343261
1.53531e-09	-0.344427
1.53538e-09	-0.345591
1.53545e-09	-0.346755
1.53552e-09	-0.347918
1.53559e-09	-0.34908
1.53566e-09	-0.350242
1.53574e-09	-0.351402
1.53581e-09	-0.352562
1.53588e-09	-0.353721
1.53595e-09	-0.35488
1.53602e-09	-0.356037
1.53609e-09	-0.357194
1.53616e-09	-0.35835
1.53623e-09	-0.359505
1.5363e-09	-0.360659
1.53637e-09	-0.361812
1.53644e-09	-0.362965
1.53651e-09	-0.364117
1.53658e-09	-0.365268
1.53665e-09	-0.366418
1.53673e-09	-0.367568
1.5368e-09	-0.368716
1.53687e-09	-0.369864
1.53694e-09	-0.371011
1.53701e-09	-0.372157
1.53708e-09	-0.373302
1.53715e-09	-0.374447
1.53722e-09	-0.37559
1.53729e-09	-0.376733
1.53736e-09	-0.377875
1.53743e-09	-0.379016
1.5375e-09	-0.380156
1.53757e-09	-0.381296
1.53764e-09	-0.382434
1.53772e-09	-0.383572
1.53779e-09	-0.384709
1.53786e-09	-0.385845
1.53793e-09	-0.38698
1.538e-09	-0.388114
1.53807e-09	-0.389248
1.53814e-09	-0.390381
1.53821e-09	-0.391512
1.53828e-09	-0.392643
1.53835e-09	-0.393773
1.53842e-09	-0.394902
1.53849e-09	-0.396031
1.53856e-09	-0.397158
1.53864e-09	-0.398285
1.53871e-09	-0.39941
1.53878e-09	-0.400535
1.53885e-09	-0.401659
1.53892e-09	-0.402782
1.53899e-09	-0.403904
1.53906e-09	-0.405025
1.53913e-09	-0.406146
1.5392e-09	-0.407265
1.53927e-09	-0.408384
1.53934e-09	-0.409501
1.53941e-09	-0.410618
1.53948e-09	-0.411734
1.53955e-09	-0.412849
1.53963e-09	-0.413963
1.5397e-09	-0.415076
1.53977e-09	-0.416189
1.53984e-09	-0.4173
1.53991e-09	-0.41841
1.53998e-09	-0.41952
1.54005e-09	-0.420629
1.54012e-09	-0.421736
1.54019e-09	-0.422843
1.54026e-09	-0.423949
1.54033e-09	-0.425054
1.5404e-09	-0.426158
1.54047e-09	-0.427261
1.54054e-09	-0.428363
1.54062e-09	-0.429465
1.54069e-09	-0.430565
1.54076e-09	-0.431664
1.54083e-09	-0.432763
1.5409e-09	-0.43386
1.54097e-09	-0.434957
1.54104e-09	-0.436052
1.54111e-09	-0.437147
1.54118e-09	-0.438241
1.54125e-09	-0.439334
1.54132e-09	-0.440425
1.54139e-09	-0.441516
1.54146e-09	-0.442606
1.54154e-09	-0.443695
1.54161e-09	-0.444783
1.54168e-09	-0.44587
1.54175e-09	-0.446957
1.54182e-09	-0.448042
1.54189e-09	-0.449126
1.54196e-09	-0.450209
1.54203e-09	-0.451291
1.5421e-09	-0.452373
1.54217e-09	-0.453453
1.54224e-09	-0.454532
1.54231e-09	-0.45561
1.54238e-09	-0.456688
1.54245e-09	-0.457764
1.54253e-09	-0.45884
1.5426e-09	-0.459914
1.54267e-09	-0.460987
1.54274e-09	-0.46206
1.54281e-09	-0.463131
1.54288e-09	-0.464202
1.54295e-09	-0.465271
1.54302e-09	-0.46634
1.54309e-09	-0.467407
1.54316e-09	-0.468474
1.54323e-09	-0.469539
1.5433e-09	-0.470604
1.54337e-09	-0.471667
1.54344e-09	-0.472729
1.54352e-09	-0.473791
1.54359e-09	-0.474851
1.54366e-09	-0.475911
1.54373e-09	-0.476969
1.5438e-09	-0.478027
1.54387e-09	-0.479083
1.54394e-09	-0.480138
1.54401e-09	-0.481193
1.54408e-09	-0.482246
1.54415e-09	-0.483298
1.54422e-09	-0.484349
1.54429e-09	-0.4854
1.54436e-09	-0.486449
1.54443e-09	-0.487497
1.54451e-09	-0.488544
1.54458e-09	-0.48959
1.54465e-09	-0.490635
1.54472e-09	-0.491679
1.54479e-09	-0.492722
1.54486e-09	-0.493764
1.54493e-09	-0.494805
1.545e-09	-0.495845
1.54507e-09	-0.496883
1.54514e-09	-0.497921
1.54521e-09	-0.498958
1.54528e-09	-0.499993
1.54535e-09	-0.501028
1.54543e-09	-0.502061
1.5455e-09	-0.503094
1.54557e-09	-0.504125
1.54564e-09	-0.505155
1.54571e-09	-0.506184
1.54578e-09	-0.507213
1.54585e-09	-0.50824
1.54592e-09	-0.509266
1.54599e-09	-0.510291
1.54606e-09	-0.511314
1.54613e-09	-0.512337
1.5462e-09	-0.513359
1.54627e-09	-0.51438
1.54634e-09	-0.515399
1.54642e-09	-0.516418
1.54649e-09	-0.517435
1.54656e-09	-0.518451
1.54663e-09	-0.519466
1.5467e-09	-0.52048
1.54677e-09	-0.521493
1.54684e-09	-0.522505
1.54691e-09	-0.523516
1.54698e-09	-0.524526
1.54705e-09	-0.525534
1.54712e-09	-0.526542
1.54719e-09	-0.527548
1.54726e-09	-0.528553
1.54733e-09	-0.529558
1.54741e-09	-0.530561
1.54748e-09	-0.531563
1.54755e-09	-0.532563
1.54762e-09	-0.533563
1.54769e-09	-0.534562
1.54776e-09	-0.535559
1.54783e-09	-0.536556
1.5479e-09	-0.537551
1.54797e-09	-0.538545
1.54804e-09	-0.539538
1.54811e-09	-0.54053
1.54818e-09	-0.54152
1.54825e-09	-0.54251
1.54833e-09	-0.543499
1.5484e-09	-0.544486
1.54847e-09	-0.545472
1.54854e-09	-0.546457
1.54861e-09	-0.547441
1.54868e-09	-0.548424
1.54875e-09	-0.549405
1.54882e-09	-0.550386
1.54889e-09	-0.551365
1.54896e-09	-0.552343
1.54903e-09	-0.55332
1.5491e-09	-0.554296
1.54917e-09	-0.555271
1.54924e-09	-0.556245
1.54932e-09	-0.557217
1.54939e-09	-0.558188
1.54946e-09	-0.559158
1.54953e-09	-0.560127
1.5496e-09	-0.561095
1.54967e-09	-0.562062
1.54974e-09	-0.563027
1.54981e-09	-0.563991
1.54988e-09	-0.564955
1.54995e-09	-0.565916
1.55002e-09	-0.566877
1.55009e-09	-0.567837
1.55016e-09	-0.568795
1.55023e-09	-0.569752
1.55031e-09	-0.570709
1.55038e-09	-0.571663
1.55045e-09	-0.572617
1.55052e-09	-0.57357
1.55059e-09	-0.574521
1.55066e-09	-0.575471
1.55073e-09	-0.57642
1.5508e-09	-0.577368
1.55087e-09	-0.578314
1.55094e-09	-0.579259
1.55101e-09	-0.580204
1.55108e-09	-0.581147
1.55115e-09	-0.582088
1.55122e-09	-0.583029
1.5513e-09	-0.583968
1.55137e-09	-0.584906
1.55144e-09	-0.585843
1.55151e-09	-0.586779
1.55158e-09	-0.587713
1.55165e-09	-0.588647
1.55172e-09	-0.589579
1.55179e-09	-0.59051
1.55186e-09	-0.591439
1.55193e-09	-0.592368
1.552e-09	-0.593295
1.55207e-09	-0.594221
1.55214e-09	-0.595146
1.55222e-09	-0.596069
1.55229e-09	-0.596992
1.55236e-09	-0.597913
1.55243e-09	-0.598833
1.5525e-09	-0.599751
1.55257e-09	-0.600669
1.55264e-09	-0.601585
1.55271e-09	-0.6025
1.55278e-09	-0.603413
1.55285e-09	-0.604326
1.55292e-09	-0.605237
1.55299e-09	-0.606147
1.55306e-09	-0.607056
1.55313e-09	-0.607963
1.55321e-09	-0.608869
1.55328e-09	-0.609774
1.55335e-09	-0.610678
1.55342e-09	-0.611581
1.55349e-09	-0.612482
1.55356e-09	-0.613382
1.55363e-09	-0.614281
1.5537e-09	-0.615178
1.55377e-09	-0.616074
1.55384e-09	-0.616969
1.55391e-09	-0.617863
1.55398e-09	-0.618755
1.55405e-09	-0.619646
1.55412e-09	-0.620536
1.5542e-09	-0.621425
1.55427e-09	-0.622312
1.55434e-09	-0.623198
1.55441e-09	-0.624083
1.55448e-09	-0.624967
1.55455e-09	-0.625849
1.55462e-09	-0.62673
1.55469e-09	-0.62761
1.55476e-09	-0.628488
1.55483e-09	-0.629365
1.5549e-09	-0.630241
1.55497e-09	-0.631116
1.55504e-09	-0.631989
1.55511e-09	-0.632861
1.55519e-09	-0.633732
1.55526e-09	-0.634601
1.55533e-09	-0.635469
1.5554e-09	-0.636336
1.55547e-09	-0.637202
1.55554e-09	-0.638066
1.55561e-09	-0.638929
1.55568e-09	-0.63979
1.55575e-09	-0.640651
1.55582e-09	-0.64151
1.55589e-09	-0.642368
1.55596e-09	-0.643224
1.55603e-09	-0.644079
1.55611e-09	-0.644933
1.55618e-09	-0.645785
1.55625e-09	-0.646637
1.55632e-09	-0.647487
1.55639e-09	-0.648335
1.55646e-09	-0.649182
1.55653e-09	-0.650028
1.5566e-09	-0.650873
1.55667e-09	-0.651716
1.55674e-09	-0.652558
1.55681e-09	-0.653399
1.55688e-09	-0.654238
1.55695e-09	-0.655076
1.55702e-09	-0.655913
1.5571e-09	-0.656748
1.55717e-09	-0.657582
1.55724e-09	-0.658415
1.55731e-09	-0.659246
1.55738e-09	-0.660076
1.55745e-09	-0.660905
1.55752e-09	-0.661732
1.55759e-09	-0.662558
1.55766e-09	-0.663383
1.55773e-09	-0.664206
1.5578e-09	-0.665028
1.55787e-09	-0.665849
1.55794e-09	-0.666668
1.55801e-09	-0.667486
1.55809e-09	-0.668303
1.55816e-09	-0.669118
1.55823e-09	-0.669932
1.5583e-09	-0.670745
1.55837e-09	-0.671556
1.55844e-09	-0.672366
1.55851e-09	-0.673174
1.55858e-09	-0.673982
1.55865e-09	-0.674787
1.55872e-09	-0.675592
1.55879e-09	-0.676395
1.55886e-09	-0.677197
1.55893e-09	-0.677997
1.55901e-09	-0.678796
1.55908e-09	-0.679594
1.55915e-09	-0.68039
1.55922e-09	-0.681185
1.55929e-09	-0.681978
1.55936e-09	-0.68277
1.55943e-09	-0.683561
1.5595e-09	-0.68435
1.55957e-09	-0.685138
1.55964e-09	-0.685925
1.55971e-09	-0.68671
1.55978e-09	-0.687494
1.55985e-09	-0.688277
1.55992e-09	-0.689058
1.56e-09	-0.689838
1.56007e-09	-0.690616
1.56014e-09	-0.691393
1.56021e-09	-0.692169
1.56028e-09	-0.692943
1.56035e-09	-0.693716
1.56042e-09	-0.694487
1.56049e-09	-0.695257
1.56056e-09	-0.696026
1.56063e-09	-0.696793
1.5607e-09	-0.697559
1.56077e-09	-0.698323
1.56084e-09	-0.699086
1.56091e-09	-0.699848
1.56099e-09	-0.700608
1.56106e-09	-0.701367
1.56113e-09	-0.702124
1.5612e-09	-0.702881
1.56127e-09	-0.703635
1.56134e-09	-0.704388
1.56141e-09	-0.70514
1.56148e-09	-0.705891
1.56155e-09	-0.70664
1.56162e-09	-0.707387
1.56169e-09	-0.708133
1.56176e-09	-0.708878
1.56183e-09	-0.709621
1.5619e-09	-0.710363
1.56198e-09	-0.711104
1.56205e-09	-0.711843
1.56212e-09	-0.712581
1.56219e-09	-0.713317
1.56226e-09	-0.714052
1.56233e-09	-0.714785
1.5624e-09	-0.715517
1.56247e-09	-0.716248
1.56254e-09	-0.716977
1.56261e-09	-0.717705
1.56268e-09	-0.718431
1.56275e-09	-0.719156
1.56282e-09	-0.719879
1.5629e-09	-0.720601
1.56297e-09	-0.721322
1.56304e-09	-0.722041
1.56311e-09	-0.722758
1.56318e-09	-0.723475
1.56325e-09	-0.72419
1.56332e-09	-0.724903
1.56339e-09	-0.725615
1.56346e-09	-0.726325
1.56353e-09	-0.727034
1.5636e-09	-0.727742
1.56367e-09	-0.728448
1.56374e-09	-0.729153
1.56381e-09	-0.729856
1.56389e-09	-0.730558
1.56396e-09	-0.731258
1.56403e-09	-0.731957
1.5641e-09	-0.732654
1.56417e-09	-0.73335
1.56424e-09	-0.734045
1.56431e-09	-0.734738
1.56438e-09	-0.73543
1.56445e-09	-0.73612
1.56452e-09	-0.736809
1.56459e-09	-0.737496
1.56466e-09	-0.738182
1.56473e-09	-0.738866
1.5648e-09	-0.739549
1.56488e-09	-0.74023
1.56495e-09	-0.74091
1.56502e-09	-0.741589
1.56509e-09	-0.742266
1.56516e-09	-0.742941
1.56523e-09	-0.743615
1.5653e-09	-0.744288
1.56537e-09	-0.744959
1.56544e-09	-0.745629
1.56551e-09	-0.746297
1.56558e-09	-0.746964
1.56565e-09	-0.747629
1.56572e-09	-0.748293
1.5658e-09	-0.748955
1.56587e-09	-0.749616
1.56594e-09	-0.750275
1.56601e-09	-0.750933
1.56608e-09	-0.751589
1.56615e-09	-0.752244
1.56622e-09	-0.752897
1.56629e-09	-0.753549
1.56636e-09	-0.7542
1.56643e-09	-0.754849
1.5665e-09	-0.755496
1.56657e-09	-0.756142
1.56664e-09	-0.756786
1.56671e-09	-0.757429
1.56679e-09	-0.758071
1.56686e-09	-0.758711
1.56693e-09	-0.759349
1.567e-09	-0.759986
1.56707e-09	-0.760622
1.56714e-09	-0.761256
1.56721e-09	-0.761888
1.56728e-09	-0.762519
1.56735e-09	-0.763149
1.56742e-09	-0.763777
1.56749e-09	-0.764403
1.56756e-09	-0.765028
1.56763e-09	-0.765652
1.5677e-09	-0.766274
1.56778e-09	-0.766894
1.56785e-09	-0.767513
1.56792e-09	-0.768131
1.56799e-09	-0.768747
1.56806e-09	-0.769361
1.56813e-09	-0.769974
1.5682e-09	-0.770586
1.56827e-09	-0.771196
1.56834e-09	-0.771804
1.56841e-09	-0.772411
1.56848e-09	-0.773016
1.56855e-09	-0.77362
1.56862e-09	-0.774223
1.56869e-09	-0.774823
1.56877e-09	-0.775423
1.56884e-09	-0.776021
1.56891e-09	-0.776617
1.56898e-09	-0.777212
1.56905e-09	-0.777805
1.56912e-09	-0.778396
1.56919e-09	-0.778987
1.56926e-09	-0.779575
1.56933e-09	-0.780163
1.5694e-09	-0.780748
1.56947e-09	-0.781332
1.56954e-09	-0.781915
1.56961e-09	-0.782496
1.56969e-09	-0.783075
1.56976e-09	-0.783653
1.56983e-09	-0.78423
1.5699e-09	-0.784805
1.56997e-09	-0.785378
1.57004e-09	-0.78595
1.57011e-09	-0.78652
1.57018e-09	-0.787089
1.57025e-09	-0.787656
1.57032e-09	-0.788222
1.57039e-09	-0.788786
1.57046e-09	-0.789349
1.57053e-09	-0.78991
1.5706e-09	-0.790469
1.57068e-09	-0.791027
1.57075e-09	-0.791584
1.57082e-09	-0.792139
1.57089e-09	-0.792692
1.57096e-09	-0.793244
1.57103e-09	-0.793794
1.5711e-09	-0.794343
1.57117e-09	-0.79489
1.57124e-09	-0.795436
1.57131e-09	-0.79598
1.57138e-09	-0.796522
1.57145e-09	-0.797063
1.57152e-09	-0.797603
1.57159e-09	-0.798141
1.57167e-09	-0.798677
1.57174e-09	-0.799212
1.57181e-09	-0.799745
1.57188e-09	-0.800277
1.57195e-09	-0.800807
1.57202e-09	-0.801335
1.57209e-09	-0.801862
1.57216e-09	-0.802388
1.57223e-09	-0.802912
1.5723e-09	-0.803434
1.57237e-09	-0.803955
1.57244e-09	-0.804474
1.57251e-09	-0.804992
1.57259e-09	-0.805508
1.57266e-09	-0.806022
1.57273e-09	-0.806535
1.5728e-09	-0.807047
1.57287e-09	-0.807556
1.57294e-09	-0.808065
1.57301e-09	-0.808571
1.57308e-09	-0.809076
1.57315e-09	-0.80958
1.57322e-09	-0.810082
1.57329e-09	-0.810582
1.57336e-09	-0.811081
1.57343e-09	-0.811579
1.5735e-09	-0.812074
1.57358e-09	-0.812568
1.57365e-09	-0.813061
1.57372e-09	-0.813552
1.57379e-09	-0.814041
1.57386e-09	-0.814529
1.57393e-09	-0.815015
1.574e-09	-0.8155
1.57407e-09	-0.815983
1.57414e-09	-0.816465
1.57421e-09	-0.816945
1.57428e-09	-0.817423
1.57435e-09	-0.8179
1.57442e-09	-0.818375
1.57449e-09	-0.818849
1.57457e-09	-0.819321
1.57464e-09	-0.819791
1.57471e-09	-0.82026
1.57478e-09	-0.820728
1.57485e-09	-0.821193
1.57492e-09	-0.821658
1.57499e-09	-0.82212
1.57506e-09	-0.822581
1.57513e-09	-0.82304
1.5752e-09	-0.823498
1.57527e-09	-0.823954
1.57534e-09	-0.824409
1.57541e-09	-0.824862
1.57548e-09	-0.825314
1.57556e-09	-0.825763
1.57563e-09	-0.826212
1.5757e-09	-0.826658
1.57577e-09	-0.827103
1.57584e-09	-0.827547
1.57591e-09	-0.827989
1.57598e-09	-0.828429
1.57605e-09	-0.828868
1.57612e-09	-0.829305
1.57619e-09	-0.829741
1.57626e-09	-0.830175
1.57633e-09	-0.830607
1.5764e-09	-0.831038
1.57648e-09	-0.831467
1.57655e-09	-0.831894
1.57662e-09	-0.83232
1.57669e-09	-0.832745
1.57676e-09	-0.833167
1.57683e-09	-0.833589
1.5769e-09	-0.834008
1.57697e-09	-0.834426
1.57704e-09	-0.834842
1.57711e-09	-0.835257
1.57718e-09	-0.83567
1.57725e-09	-0.836082
1.57732e-09	-0.836492
1.57739e-09	-0.8369
1.57747e-09	-0.837307
1.57754e-09	-0.837712
1.57761e-09	-0.838115
1.57768e-09	-0.838517
1.57775e-09	-0.838918
1.57782e-09	-0.839316
1.57789e-09	-0.839713
1.57796e-09	-0.840109
1.57803e-09	-0.840503
1.5781e-09	-0.840895
1.57817e-09	-0.841286
1.57824e-09	-0.841675
1.57831e-09	-0.842062
1.57838e-09	-0.842448
1.57846e-09	-0.842832
1.57853e-09	-0.843215
1.5786e-09	-0.843596
1.57867e-09	-0.843975
1.57874e-09	-0.844353
1.57881e-09	-0.844729
1.57888e-09	-0.845104
1.57895e-09	-0.845477
1.57902e-09	-0.845848
1.57909e-09	-0.846218
1.57916e-09	-0.846586
1.57923e-09	-0.846952
1.5793e-09	-0.847317
1.57937e-09	-0.84768
1.57945e-09	-0.848042
1.57952e-09	-0.848402
1.57959e-09	-0.84876
1.57966e-09	-0.849117
1.57973e-09	-0.849472
1.5798e-09	-0.849826
1.57987e-09	-0.850178
1.57994e-09	-0.850528
1.58001e-09	-0.850877
1.58008e-09	-0.851224
1.58015e-09	-0.851569
1.58022e-09	-0.851913
1.58029e-09	-0.852255
1.58037e-09	-0.852596
1.58044e-09	-0.852935
1.58051e-09	-0.853272
1.58058e-09	-0.853608
1.58065e-09	-0.853942
1.58072e-09	-0.854274
1.58079e-09	-0.854605
1.58086e-09	-0.854934
1.58093e-09	-0.855262
1.581e-09	-0.855588
1.58107e-09	-0.855912
1.58114e-09	-0.856235
1.58121e-09	-0.856556
1.58128e-09	-0.856875
1.58136e-09	-0.857193
1.58143e-09	-0.857509
1.5815e-09	-0.857824
1.58157e-09	-0.858137
1.58164e-09	-0.858448
1.58171e-09	-0.858758
1.58178e-09	-0.859066
1.58185e-09	-0.859372
1.58192e-09	-0.859677
1.58199e-09	-0.85998
1.58206e-09	-0.860282
1.58213e-09	-0.860581
1.5822e-09	-0.86088
1.58227e-09	-0.861176
1.58235e-09	-0.861471
1.58242e-09	-0.861765
1.58249e-09	-0.862056
1.58256e-09	-0.862347
1.58263e-09	-0.862635
1.5827e-09	-0.862922
1.58277e-09	-0.863207
1.58284e-09	-0.863491
1.58291e-09	-0.863773
1.58298e-09	-0.864053
1.58305e-09	-0.864332
1.58312e-09	-0.864609
1.58319e-09	-0.864884
1.58327e-09	-0.865158
1.58334e-09	-0.86543
1.58341e-09	-0.865701
1.58348e-09	-0.865969
1.58355e-09	-0.866237
1.58362e-09	-0.866502
1.58369e-09	-0.866766
1.58376e-09	-0.867029
1.58383e-09	-0.867289
1.5839e-09	-0.867548
1.58397e-09	-0.867806
1.58404e-09	-0.868062
1.58411e-09	-0.868316
1.58418e-09	-0.868568
1.58426e-09	-0.868819
1.58433e-09	-0.869068
1.5844e-09	-0.869316
1.58447e-09	-0.869562
1.58454e-09	-0.869806
1.58461e-09	-0.870049
1.58468e-09	-0.87029
1.58475e-09	-0.870529
1.58482e-09	-0.870767
1.58489e-09	-0.871003
1.58496e-09	-0.871238
1.58503e-09	-0.871471
1.5851e-09	-0.871702
1.58517e-09	-0.871932
1.58525e-09	-0.87216
1.58532e-09	-0.872386
1.58539e-09	-0.872611
1.58546e-09	-0.872833
1.58553e-09	-0.873055
1.5856e-09	-0.873275
1.58567e-09	-0.873493
1.58574e-09	-0.873709
1.58581e-09	-0.873924
1.58588e-09	-0.874137
1.58595e-09	-0.874349
1.58602e-09	-0.874559
1.58609e-09	-0.874767
1.58616e-09	-0.874974
1.58624e-09	-0.875179
1.58631e-09	-0.875382
1.58638e-09	-0.875584
1.58645e-09	-0.875784
1.58652e-09	-0.875982
1.58659e-09	-0.876179
1.58666e-09	-0.876374
1.58673e-09	-0.876567
1.5868e-09	-0.876759
1.58687e-09	-0.87695
1.58694e-09	-0.877138
1.58701e-09	-0.877325
1.58708e-09	-0.87751
1.58716e-09	-0.877694
1.58723e-09	-0.877876
1.5873e-09	-0.878056
1.58737e-09	-0.878235
1.58744e-09	-0.878412
1.58751e-09	-0.878588
1.58758e-09	-0.878761
1.58765e-09	-0.878933
1.58772e-09	-0.879104
1.58779e-09	-0.879273
1.58786e-09	-0.87944
1.58793e-09	-0.879606
1.588e-09	-0.87977
1.58807e-09	-0.879932
1.58815e-09	-0.880093
1.58822e-09	-0.880252
1.58829e-09	-0.880409
1.58836e-09	-0.880565
1.58843e-09	-0.880719
1.5885e-09	-0.880871
1.58857e-09	-0.881022
1.58864e-09	-0.881171
1.58871e-09	-0.881319
1.58878e-09	-0.881465
1.58885e-09	-0.881609
1.58892e-09	-0.881751
1.58899e-09	-0.881892
1.58906e-09	-0.882032
1.58914e-09	-0.882169
1.58921e-09	-0.882305
1.58928e-09	-0.88244
1.58935e-09	-0.882572
1.58942e-09	-0.882704
1.58949e-09	-0.882833
1.58956e-09	-0.882961
1.58963e-09	-0.883087
1.5897e-09	-0.883212
1.58977e-09	-0.883335
1.58984e-09	-0.883456
1.58991e-09	-0.883575
1.58998e-09	-0.883693
1.59006e-09	-0.88381
1.59013e-09	-0.883924
1.5902e-09	-0.884037
1.59027e-09	-0.884149
1.59034e-09	-0.884259
1.59041e-09	-0.884367
1.59048e-09	-0.884473
1.59055e-09	-0.884578
1.59062e-09	-0.884681
1.59069e-09	-0.884783
1.59076e-09	-0.884883
1.59083e-09	-0.884981
1.5909e-09	-0.885078
1.59097e-09	-0.885173
1.59105e-09	-0.885266
1.59112e-09	-0.885358
1.59119e-09	-0.885448
1.59126e-09	-0.885536
1.59133e-09	-0.885623
1.5914e-09	-0.885708
1.59147e-09	-0.885792
1.59154e-09	-0.885874
1.59161e-09	-0.885954
1.59168e-09	-0.886033
1.59175e-09	-0.88611
1.59182e-09	-0.886185
1.59189e-09	-0.886259
1.59196e-09	-0.886331
1.59204e-09	-0.886401
1.59211e-09	-0.88647
1.59218e-09	-0.886537
1.59225e-09	-0.886603
1.59232e-09	-0.886667
1.59239e-09	-0.886729
1.59246e-09	-0.88679
1.59253e-09	-0.886849
1.5926e-09	-0.886906
1.59267e-09	-0.886962
1.59274e-09	-0.887016
1.59281e-09	-0.887068
1.59288e-09	-0.887119
1.59295e-09	-0.887168
1.59303e-09	-0.887216
1.5931e-09	-0.887261
1.59317e-09	-0.887306
1.59324e-09	-0.887348
1.59331e-09	-0.887389
1.59338e-09	-0.887429
1.59345e-09	-0.887466
1.59352e-09	-0.887503
1.59359e-09	-0.887537
1.59366e-09	-0.88757
1.59373e-09	-0.887601
1.5938e-09	-0.887631
1.59387e-09	-0.887659
1.59395e-09	-0.887685
1.59402e-09	-0.88771
1.59409e-09	-0.887733
1.59416e-09	-0.887754
1.59423e-09	-0.887774
1.5943e-09	-0.887792
1.59437e-09	-0.887809
1.59444e-09	-0.887824
1.59451e-09	-0.887837
1.59458e-09	-0.887848
1.59465e-09	-0.887858
1.59472e-09	-0.887867
1.59479e-09	-0.887874
1.59486e-09	-0.887879
1.59494e-09	-0.887882
1.59501e-09	-0.887884
1.59508e-09	-0.887884
1.59515e-09	-0.887883
1.59522e-09	-0.88788
1.59529e-09	-0.887875
1.59536e-09	-0.887869
1.59543e-09	-0.887861
1.5955e-09	-0.887852
1.59557e-09	-0.887841
1.59564e-09	-0.887828
1.59571e-09	-0.887814
1.59578e-09	-0.887798
1.59585e-09	-0.88778
1.59593e-09	-0.887761
1.596e-09	-0.88774
1.59607e-09	-0.887717
1.59614e-09	-0.887693
1.59621e-09	-0.887668
1.59628e-09	-0.88764
1.59635e-09	-0.887611
1.59642e-09	-0.887581
1.59649e-09	-0.887549
1.59656e-09	-0.887515
1.59663e-09	-0.887479
1.5967e-09	-0.887442
1.59677e-09	-0.887403
1.59685e-09	-0.887363
1.59692e-09	-0.887321
1.59699e-09	-0.887278
1.59706e-09	-0.887233
1.59713e-09	-0.887186
1.5972e-09	-0.887138
1.59727e-09	-0.887088
1.59734e-09	-0.887036
1.59741e-09	-0.886983
1.59748e-09	-0.886928
1.59755e-09	-0.886871
1.59762e-09	-0.886813
1.59769e-09	-0.886754
1.59776e-09	-0.886692
1.59784e-09	-0.88663
1.59791e-09	-0.886565
1.59798e-09	-0.886499
1.59805e-09	-0.886431
1.59812e-09	-0.886362
1.59819e-09	-0.886291
1.59826e-09	-0.886218
1.59833e-09	-0.886144
1.5984e-09	-0.886068
1.59847e-09	-0.885991
1.59854e-09	-0.885912
1.59861e-09	-0.885831
1.59868e-09	-0.885749
1.59875e-09	-0.885665
1.59883e-09	-0.88558
1.5989e-09	-0.885493
1.59897e-09	-0.885404
1.59904e-09	-0.885314
1.59911e-09	-0.885222
1.59918e-09	-0.885129
1.59925e-09	-0.885034
1.59932e-09	-0.884937
1.59939e-09	-0.884839
1.59946e-09	-0.884739
1.59953e-09	-0.884638
1.5996e-09	-0.884535
1.59967e-09	-0.88443
1.59974e-09	-0.884324
1.59982e-09	-0.884216
1.59989e-09	-0.884107
1.59996e-09	-0.883996
1.60003e-09	-0.883883
1.6001e-09	-0.883769
1.60017e-09	-0.883653
1.60024e-09	-0.883536
1.60031e-09	-0.883417
1.60038e-09	-0.883296
1.60045e-09	-0.883174
1.60052e-09	-0.88305
1.60059e-09	-0.882925
1.60066e-09	-0.882798
1.60074e-09	-0.882669
1.60081e-09	-0.882539
1.60088e-09	-0.882407
1.60095e-09	-0.882274
1.60102e-09	-0.882139
1.60109e-09	-0.882003
1.60116e-09	-0.881865
1.60123e-09	-0.881725
1.6013e-09	-0.881584
1.60137e-09	-0.881441
1.60144e-09	-0.881296
1.60151e-09	-0.88115
1.60158e-09	-0.881003
1.60165e-09	-0.880854
1.60173e-09	-0.880703
1.6018e-09	-0.880551
1.60187e-09	-0.880397
1.60194e-09	-0.880241
1.60201e-09	-0.880084
1.60208e-09	-0.879925
1.60215e-09	-0.879765
1.60222e-09	-0.879603
1.60229e-09	-0.87944
1.60236e-09	-0.879275
1.60243e-09	-0.879108
1.6025e-09	-0.87894
1.60257e-09	-0.878771
1.60264e-09	-0.878599
1.60272e-09	-0.878426
1.60279e-09	-0.878252
1.60286e-09	-0.878076
1.60293e-09	-0.877898
1.603e-09	-0.877719
1.60307e-09	-0.877539
1.60314e-09	-0.877356
1.60321e-09	-0.877173
1.60328e-09	-0.876987
1.60335e-09	-0.8768
1.60342e-09	-0.876612
1.60349e-09	-0.876421
1.60356e-09	-0.87623
1.60363e-09	-0.876037
1.60371e-09	-0.875842
1.60378e-09	-0.875645
1.60385e-09	-0.875447
1.60392e-09	-0.875248
1.60399e-09	-0.875047
1.60406e-09	-0.874844
1.60413e-09	-0.87464
1.6042e-09	-0.874434
1.60427e-09	-0.874227
1.60434e-09	-0.874018
1.60441e-09	-0.873808
1.60448e-09	-0.873596
1.60455e-09	-0.873382
1.60463e-09	-0.873167
1.6047e-09	-0.872951
1.60477e-09	-0.872732
1.60484e-09	-0.872513
1.60491e-09	-0.872291
1.60498e-09	-0.872069
1.60505e-09	-0.871844
1.60512e-09	-0.871618
1.60519e-09	-0.871391
1.60526e-09	-0.871162
1.60533e-09	-0.870931
1.6054e-09	-0.870699
1.60547e-09	-0.870465
1.60554e-09	-0.87023
1.60562e-09	-0.869993
1.60569e-09	-0.869755
1.60576e-09	-0.869515
1.60583e-09	-0.869274
1.6059e-09	-0.869031
1.60597e-09	-0.868786
1.60604e-09	-0.86854
1.60611e-09	-0.868293
1.60618e-09	-0.868044
1.60625e-09	-0.867793
1.60632e-09	-0.867541
1.60639e-09	-0.867287
1.60646e-09	-0.867032
1.60653e-09	-0.866775
1.60661e-09	-0.866517
1.60668e-09	-0.866257
1.60675e-09	-0.865996
1.60682e-09	-0.865733
1.60689e-09	-0.865468
1.60696e-09	-0.865202
1.60703e-09	-0.864935
1.6071e-09	-0.864666
1.60717e-09	-0.864395
1.60724e-09	-0.864123
1.60731e-09	-0.86385
1.60738e-09	-0.863574
1.60745e-09	-0.863298
1.60753e-09	-0.86302
1.6076e-09	-0.86274
1.60767e-09	-0.862459
1.60774e-09	-0.862176
1.60781e-09	-0.861892
1.60788e-09	-0.861606
1.60795e-09	-0.861319
1.60802e-09	-0.86103
1.60809e-09	-0.86074
1.60816e-09	-0.860448
1.60823e-09	-0.860155
1.6083e-09	-0.85986
1.60837e-09	-0.859563
1.60844e-09	-0.859265
1.60852e-09	-0.858966
1.60859e-09	-0.858665
1.60866e-09	-0.858363
1.60873e-09	-0.858059
1.6088e-09	-0.857753
1.60887e-09	-0.857446
1.60894e-09	-0.857138
1.60901e-09	-0.856828
1.60908e-09	-0.856517
1.60915e-09	-0.856204
1.60922e-09	-0.855889
1.60929e-09	-0.855573
1.60936e-09	-0.855256
1.60943e-09	-0.854937
1.60951e-09	-0.854617
1.60958e-09	-0.854295
1.60965e-09	-0.853971
1.60972e-09	-0.853646
1.60979e-09	-0.85332
1.60986e-09	-0.852992
1.60993e-09	-0.852663
1.61e-09	-0.852332
1.61007e-09	-0.851999
1.61014e-09	-0.851666
1.61021e-09	-0.85133
1.61028e-09	-0.850993
1.61035e-09	-0.850655
1.61042e-09	-0.850315
1.6105e-09	-0.849974
1.61057e-09	-0.849631
1.61064e-09	-0.849287
1.61071e-09	-0.848941
1.61078e-09	-0.848594
1.61085e-09	-0.848245
1.61092e-09	-0.847895
1.61099e-09	-0.847544
1.61106e-09	-0.84719
1.61113e-09	-0.846836
1.6112e-09	-0.84648
1.61127e-09	-0.846122
1.61134e-09	-0.845763
1.61142e-09	-0.845403
1.61149e-09	-0.845041
1.61156e-09	-0.844677
1.61163e-09	-0.844312
1.6117e-09	-0.843946
1.61177e-09	-0.843578
1.61184e-09	-0.843209
1.61191e-09	-0.842838
1.61198e-09	-0.842466
1.61205e-09	-0.842092
1.61212e-09	-0.841717
1.61219e-09	-0.841341
1.61226e-09	-0.840962
1.61233e-09	-0.840583
1.61241e-09	-0.840202
1.61248e-09	-0.83982
1.61255e-09	-0.839436
1.61262e-09	-0.83905
1.61269e-09	-0.838664
1.61276e-09	-0.838275
1.61283e-09	-0.837886
1.6129e-09	-0.837494
1.61297e-09	-0.837102
1.61304e-09	-0.836708
1.61311e-09	-0.836312
1.61318e-09	-0.835915
1.61325e-09	-0.835517
1.61332e-09	-0.835117
1.6134e-09	-0.834716
1.61347e-09	-0.834313
1.61354e-09	-0.833909
1.61361e-09	-0.833504
1.61368e-09	-0.833097
1.61375e-09	-0.832688
1.61382e-09	-0.832278
1.61389e-09	-0.831867
1.61396e-09	-0.831454
1.61403e-09	-0.83104
1.6141e-09	-0.830624
1.61417e-09	-0.830207
1.61424e-09	-0.829789
1.61432e-09	-0.829369
1.61439e-09	-0.828948
1.61446e-09	-0.828525
1.61453e-09	-0.828101
1.6146e-09	-0.827675
1.61467e-09	-0.827248
1.61474e-09	-0.82682
1.61481e-09	-0.82639
1.61488e-09	-0.825959
1.61495e-09	-0.825526
1.61502e-09	-0.825092
1.61509e-09	-0.824656
1.61516e-09	-0.824219
1.61523e-09	-0.823781
1.61531e-09	-0.823341
1.61538e-09	-0.8229
1.61545e-09	-0.822457
1.61552e-09	-0.822013
1.61559e-09	-0.821568
1.61566e-09	-0.821121
1.61573e-09	-0.820673
1.6158e-09	-0.820224
1.61587e-09	-0.819772
1.61594e-09	-0.81932
1.61601e-09	-0.818866
1.61608e-09	-0.818411
1.61615e-09	-0.817954
1.61622e-09	-0.817496
1.6163e-09	-0.817037
1.61637e-09	-0.816576
1.61644e-09	-0.816114
1.61651e-09	-0.815651
1.61658e-09	-0.815186
1.61665e-09	-0.814719
1.61672e-09	-0.814251
1.61679e-09	-0.813782
1.61686e-09	-0.813312
1.61693e-09	-0.81284
1.617e-09	-0.812367
1.61707e-09	-0.811892
1.61714e-09	-0.811416
1.61721e-09	-0.810939
1.61729e-09	-0.81046
1.61736e-09	-0.80998
1.61743e-09	-0.809498
1.6175e-09	-0.809015
1.61757e-09	-0.808531
1.61764e-09	-0.808045
1.61771e-09	-0.807558
1.61778e-09	-0.80707
1.61785e-09	-0.80658
1.61792e-09	-0.806089
1.61799e-09	-0.805596
1.61806e-09	-0.805102
1.61813e-09	-0.804607
1.61821e-09	-0.804111
1.61828e-09	-0.803613
1.61835e-09	-0.803113
1.61842e-09	-0.802613
1.61849e-09	-0.802111
1.61856e-09	-0.801607
1.61863e-09	-0.801102
1.6187e-09	-0.800596
1.61877e-09	-0.800089
1.61884e-09	-0.79958
1.61891e-09	-0.79907
1.61898e-09	-0.798558
1.61905e-09	-0.798046
1.61912e-09	-0.797531
1.6192e-09	-0.797016
1.61927e-09	-0.796499
1.61934e-09	-0.795981
1.61941e-09	-0.795461
1.61948e-09	-0.79494
1.61955e-09	-0.794418
1.61962e-09	-0.793895
1.61969e-09	-0.79337
1.61976e-09	-0.792843
1.61983e-09	-0.792316
1.6199e-09	-0.791787
1.61997e-09	-0.791257
1.62004e-09	-0.790725
1.62011e-09	-0.790192
1.62019e-09	-0.789658
1.62026e-09	-0.789123
1.62033e-09	-0.788586
1.6204e-09	-0.788047
1.62047e-09	-0.787508
1.62054e-09	-0.786967
1.62061e-09	-0.786425
1.62068e-09	-0.785882
1.62075e-09	-0.785337
1.62082e-09	-0.784791
1.62089e-09	-0.784243
1.62096e-09	-0.783695
1.62103e-09	-0.783145
1.6211e-09	-0.782593
1.62118e-09	-0.782041
1.62125e-09	-0.781487
1.62132e-09	-0.780932
1.62139e-09	-0.780375
1.62146e-09	-0.779817
1.62153e-09	-0.779258
1.6216e-09	-0.778698
1.62167e-09	-0.778136
1.62174e-09	-0.777573
1.62181e-09	-0.777008
1.62188e-09	-0.776443
1.62195e-09	-0.775876
1.62202e-09	-0.775308
1.6221e-09	-0.774738
1.62217e-09	-0.774167
1.62224e-09	-0.773595
1.62231e-09	-0.773022
1.62238e-09	-0.772447
1.62245e-09	-0.771872
1.62252e-09	-0.771294
1.62259e-09	-0.770716
1.62266e-09	-0.770136
1.62273e-09	-0.769555
1.6228e-09	-0.768973
1.62287e-09	-0.768389
1.62294e-09	-0.767804
1.62301e-09	-0.767218
1.62309e-09	-0.766631
1.62316e-09	-0.766042
1.62323e-09	-0.765452
1.6233e-09	-0.764861
1.62337e-09	-0.764269
1.62344e-09	-0.763675
1.62351e-09	-0.76308
1.62358e-09	-0.762484
1.62365e-09	-0.761886
1.62372e-09	-0.761287
1.62379e-09	-0.760687
1.62386e-09	-0.760086
1.62393e-09	-0.759484
1.624e-09	-0.75888
1.62408e-09	-0.758275
1.62415e-09	-0.757669
1.62422e-09	-0.757061
1.62429e-09	-0.756452
1.62436e-09	-0.755842
1.62443e-09	-0.755231
1.6245e-09	-0.754619
1.62457e-09	-0.754005
1.62464e-09	-0.75339
1.62471e-09	-0.752774
1.62478e-09	-0.752156
1.62485e-09	-0.751538
1.62492e-09	-0.750918
1.625e-09	-0.750297
1.62507e-09	-0.749674
1.62514e-09	-0.749051
1.62521e-09	-0.748426
1.62528e-09	-0.7478
1.62535e-09	-0.747173
1.62542e-09	-0.746544
1.62549e-09	-0.745915
1.62556e-09	-0.745284
1.62563e-09	-0.744652
1.6257e-09	-0.744018
1.62577e-09	-0.743384
1.62584e-09	-0.742748
1.62591e-09	-0.742111
1.62599e-09	-0.741473
1.62606e-09	-0.740833
1.62613e-09	-0.740193
1.6262e-09	-0.739551
1.62627e-09	-0.738908
1.62634e-09	-0.738264
1.62641e-09	-0.737618
1.62648e-09	-0.736972
1.62655e-09	-0.736324
1.62662e-09	-0.735675
1.62669e-09	-0.735025
1.62676e-09	-0.734373
1.62683e-09	-0.733721
1.6269e-09	-0.733067
1.62698e-09	-0.732412
1.62705e-09	-0.731756
1.62712e-09	-0.731099
1.62719e-09	-0.73044
1.62726e-09	-0.72978
1.62733e-09	-0.72912
1.6274e-09	-0.728458
1.62747e-09	-0.727794
1.62754e-09	-0.72713
1.62761e-09	-0.726464
1.62768e-09	-0.725798
1.62775e-09	-0.72513
1.62782e-09	-0.724461
1.62789e-09	-0.72379
1.62797e-09	-0.723119
1.62804e-09	-0.722446
1.62811e-09	-0.721773
1.62818e-09	-0.721098
1.62825e-09	-0.720422
1.62832e-09	-0.719744
1.62839e-09	-0.719066
1.62846e-09	-0.718387
1.62853e-09	-0.717706
1.6286e-09	-0.717024
1.62867e-09	-0.716341
1.62874e-09	-0.715657
1.62881e-09	-0.714972
1.62889e-09	-0.714285
1.62896e-09	-0.713598
1.62903e-09	-0.712909
1.6291e-09	-0.712219
1.62917e-09	-0.711528
1.62924e-09	-0.710836
1.62931e-09	-0.710143
1.62938e-09	-0.709448
1.62945e-09	-0.708753
1.62952e-09	-0.708056
1.62959e-09	-0.707358
1.62966e-09	-0.706659
1.62973e-09	-0.705959
1.6298e-09	-0.705258
1.62988e-09	-0.704556
1.62995e-09	-0.703852
1.63002e-09	-0.703148
1.63009e-09	-0.702442
1.63016e-09	-0.701735
1.63023e-09	-0.701027
1.6303e-09	-0.700318
1.63037e-09	-0.699608
1.63044e-09	-0.698897
1.63051e-09	-0.698185
1.63058e-09	-0.697471
1.63065e-09	-0.696757
1.63072e-09	-0.696041
1.63079e-09	-0.695324
1.63087e-09	-0.694606
1.63094e-09	-0.693887
1.63101e-09	-0.693167
1.63108e-09	-0.692446
1.63115e-09	-0.691724
1.63122e-09	-0.691001
1.63129e-09	-0.690276
1.63136e-09	-0.689551
1.63143e-09	-0.688824
1.6315e-09	-0.688096
1.63157e-09	-0.687368
1.63164e-09	-0.686638
1.63171e-09	-0.685907
1.63179e-09	-0.685175
1.63186e-09	-0.684442
1.63193e-09	-0.683708
1.632e-09	-0.682972
1.63207e-09	-0.682236
1.63214e-09	-0.681499
1.63221e-09	-0.68076
1.63228e-09	-0.680021
1.63235e-09	-0.67928
1.63242e-09	-0.678538
1.63249e-09	-0.677796
1.63256e-09	-0.677052
1.63263e-09	-0.676307
1.6327e-09	-0.675561
1.63278e-09	-0.674814
1.63285e-09	-0.674066
1.63292e-09	-0.673317
1.63299e-09	-0.672567
1.63306e-09	-0.671816
1.63313e-09	-0.671064
1.6332e-09	-0.670311
1.63327e-09	-0.669556
1.63334e-09	-0.668801
1.63341e-09	-0.668045
1.63348e-09	-0.667287
1.63355e-09	-0.666529
1.63362e-09	-0.665769
1.63369e-09	-0.665009
1.63377e-09	-0.664247
1.63384e-09	-0.663485
1.63391e-09	-0.662721
1.63398e-09	-0.661956
1.63405e-09	-0.661191
1.63412e-09	-0.660424
1.63419e-09	-0.659656
1.63426e-09	-0.658888
1.63433e-09	-0.658118
1.6344e-09	-0.657347
1.63447e-09	-0.656576
1.63454e-09	-0.655803
1.63461e-09	-0.655029
1.63468e-09	-0.654254
1.63476e-09	-0.653478
1.63483e-09	-0.652702
1.6349e-09	-0.651924
1.63497e-09	-0.651145
1.63504e-09	-0.650365
1.63511e-09	-0.649584
1.63518e-09	-0.648803
1.63525e-09	-0.64802
1.63532e-09	-0.647236
1.63539e-09	-0.646451
1.63546e-09	-0.645665
1.63553e-09	-0.644879
1.6356e-09	-0.644091
1.63568e-09	-0.643302
1.63575e-09	-0.642512
1.63582e-09	-0.641722
1.63589e-09	-0.64093
1.63596e-09	-0.640137
1.63603e-09	-0.639344
1.6361e-09	-0.638549
1.63617e-09	-0.637754
1.63624e-09	-0.636957
1.63631e-09	-0.63616
1.63638e-09	-0.635361
1.63645e-09	-0.634562
1.63652e-09	-0.633761
1.63659e-09	-0.63296
1.63667e-09	-0.632158
1.63674e-09	-0.631354
1.63681e-09	-0.63055
1.63688e-09	-0.629745
1.63695e-09	-0.628939
1.63702e-09	-0.628132
1.63709e-09	-0.627323
1.63716e-09	-0.626514
1.63723e-09	-0.625705
1.6373e-09	-0.624894
1.63737e-09	-0.624082
1.63744e-09	-0.623269
1.63751e-09	-0.622455
1.63758e-09	-0.621641
1.63766e-09	-0.620825
1.63773e-09	-0.620009
1.6378e-09	-0.619191
1.63787e-09	-0.618373
1.63794e-09	-0.617553
1.63801e-09	-0.616733
1.63808e-09	-0.615912
1.63815e-09	-0.61509
1.63822e-09	-0.614267
1.63829e-09	-0.613443
1.63836e-09	-0.612618
1.63843e-09	-0.611793
1.6385e-09	-0.610966
1.63858e-09	-0.610138
1.63865e-09	-0.60931
1.63872e-09	-0.60848
1.63879e-09	-0.60765
1.63886e-09	-0.606819
1.63893e-09	-0.605987
1.639e-09	-0.605154
1.63907e-09	-0.60432
1.63914e-09	-0.603485
1.63921e-09	-0.60265
1.63928e-09	-0.601813
1.63935e-09	-0.600975
1.63942e-09	-0.600137
1.63949e-09	-0.599298
1.63957e-09	-0.598458
1.63964e-09	-0.597617
1.63971e-09	-0.596775
1.63978e-09	-0.595932
1.63985e-09	-0.595088
1.63992e-09	-0.594244
1.63999e-09	-0.593398
1.64006e-09	-0.592552
1.64013e-09	-0.591705
1.6402e-09	-0.590857
1.64027e-09	-0.590008
1.64034e-09	-0.589158
1.64041e-09	-0.588308
1.64048e-09	-0.587456
1.64056e-09	-0.586604
1.64063e-09	-0.585751
1.6407e-09	-0.584897
1.64077e-09	-0.584042
1.64084e-09	-0.583186
1.64091e-09	-0.582329
1.64098e-09	-0.581472
1.64105e-09	-0.580614
1.64112e-09	-0.579754
1.64119e-09	-0.578894
1.64126e-09	-0.578034
1.64133e-09	-0.577172
1.6414e-09	-0.576309
1.64147e-09	-0.575446
1.64155e-09	-0.574582
1.64162e-09	-0.573717
1.64169e-09	-0.572851
1.64176e-09	-0.571984
1.64183e-09	-0.571117
1.6419e-09	-0.570249
1.64197e-09	-0.569379
1.64204e-09	-0.56851
1.64211e-09	-0.567639
1.64218e-09	-0.566767
1.64225e-09	-0.565895
1.64232e-09	-0.565022
1.64239e-09	-0.564147
1.64247e-09	-0.563273
1.64254e-09	-0.562397
1.64261e-09	-0.561521
1.64268e-09	-0.560643
1.64275e-09	-0.559765
1.64282e-09	-0.558886
1.64289e-09	-0.558007
1.64296e-09	-0.557126
1.64303e-09	-0.556245
1.6431e-09	-0.555363
1.64317e-09	-0.55448
1.64324e-09	-0.553596
1.64331e-09	-0.552712
1.64338e-09	-0.551827
1.64346e-09	-0.550941
1.64353e-09	-0.550054
1.6436e-09	-0.549167
1.64367e-09	-0.548278
1.64374e-09	-0.547389
1.64381e-09	-0.546499
1.64388e-09	-0.545609
1.64395e-09	-0.544717
1.64402e-09	-0.543825
1.64409e-09	-0.542932
1.64416e-09	-0.542039
1.64423e-09	-0.541144
1.6443e-09	-0.540249
1.64437e-09	-0.539353
1.64445e-09	-0.538456
1.64452e-09	-0.537559
1.64459e-09	-0.53666
1.64466e-09	-0.535761
1.64473e-09	-0.534862
1.6448e-09	-0.533961
1.64487e-09	-0.53306
1.64494e-09	-0.532158
1.64501e-09	-0.531255
1.64508e-09	-0.530352
1.64515e-09	-0.529448
1.64522e-09	-0.528543
1.64529e-09	-0.527637
1.64536e-09	-0.526731
1.64544e-09	-0.525824
1.64551e-09	-0.524916
1.64558e-09	-0.524007
1.64565e-09	-0.523098
1.64572e-09	-0.522188
1.64579e-09	-0.521277
1.64586e-09	-0.520366
1.64593e-09	-0.519454
1.646e-09	-0.518541
1.64607e-09	-0.517627
1.64614e-09	-0.516713
1.64621e-09	-0.515798
1.64628e-09	-0.514882
1.64636e-09	-0.513966
1.64643e-09	-0.513049
1.6465e-09	-0.512131
1.64657e-09	-0.511212
1.64664e-09	-0.510293
1.64671e-09	-0.509373
1.64678e-09	-0.508453
1.64685e-09	-0.507531
1.64692e-09	-0.506609
1.64699e-09	-0.505687
1.64706e-09	-0.504763
1.64713e-09	-0.503839
1.6472e-09	-0.502915
1.64727e-09	-0.501989
1.64735e-09	-0.501063
1.64742e-09	-0.500136
1.64749e-09	-0.499209
1.64756e-09	-0.498281
1.64763e-09	-0.497352
1.6477e-09	-0.496423
1.64777e-09	-0.495493
1.64784e-09	-0.494562
1.64791e-09	-0.493631
1.64798e-09	-0.492699
1.64805e-09	-0.491766
1.64812e-09	-0.490832
1.64819e-09	-0.489898
1.64826e-09	-0.488964
1.64834e-09	-0.488028
1.64841e-09	-0.487092
1.64848e-09	-0.486156
1.64855e-09	-0.485219
1.64862e-09	-0.484281
1.64869e-09	-0.483342
1.64876e-09	-0.482403
1.64883e-09	-0.481463
1.6489e-09	-0.480523
1.64897e-09	-0.479582
1.64904e-09	-0.47864
1.64911e-09	-0.477698
1.64918e-09	-0.476755
1.64926e-09	-0.475811
1.64933e-09	-0.474867
1.6494e-09	-0.473922
1.64947e-09	-0.472977
1.64954e-09	-0.472031
1.64961e-09	-0.471084
1.64968e-09	-0.470137
1.64975e-09	-0.469189
1.64982e-09	-0.46824
1.64989e-09	-0.467291
1.64996e-09	-0.466342
1.65003e-09	-0.465391
1.6501e-09	-0.46444
1.65017e-09	-0.463489
1.65025e-09	-0.462537
1.65032e-09	-0.461584
1.65039e-09	-0.460631
1.65046e-09	-0.459677
1.65053e-09	-0.458723
1.6506e-09	-0.457767
1.65067e-09	-0.456812
1.65074e-09	-0.455856
1.65081e-09	-0.454899
1.65088e-09	-0.453941
1.65095e-09	-0.452984
1.65102e-09	-0.452025
1.65109e-09	-0.451066
1.65116e-09	-0.450106
1.65124e-09	-0.449146
1.65131e-09	-0.448185
1.65138e-09	-0.447224
1.65145e-09	-0.446262
1.65152e-09	-0.4453
1.65159e-09	-0.444337
1.65166e-09	-0.443373
1.65173e-09	-0.442409
1.6518e-09	-0.441444
1.65187e-09	-0.440479
1.65194e-09	-0.439513
1.65201e-09	-0.438547
1.65208e-09	-0.43758
1.65215e-09	-0.436613
1.65223e-09	-0.435645
1.6523e-09	-0.434676
1.65237e-09	-0.433707
1.65244e-09	-0.432737
1.65251e-09	-0.431767
1.65258e-09	-0.430797
1.65265e-09	-0.429826
1.65272e-09	-0.428854
1.65279e-09	-0.427882
1.65286e-09	-0.426909
1.65293e-09	-0.425936
1.653e-09	-0.424962
1.65307e-09	-0.423988
1.65315e-09	-0.423013
1.65322e-09	-0.422038
1.65329e-09	-0.421062
1.65336e-09	-0.420086
1.65343e-09	-0.419109
1.6535e-09	-0.418131
1.65357e-09	-0.417154
1.65364e-09	-0.416175
1.65371e-09	-0.415197
1.65378e-09	-0.414217
1.65385e-09	-0.413237
1.65392e-09	-0.412257
1.65399e-09	-0.411276
1.65406e-09	-0.410295
1.65414e-09	-0.409313
1.65421e-09	-0.408331
1.65428e-09	-0.407348
1.65435e-09	-0.406365
1.65442e-09	-0.405381
1.65449e-09	-0.404397
1.65456e-09	-0.403413
1.65463e-09	-0.402428
1.6547e-09	-0.401442
1.65477e-09	-0.400456
1.65484e-09	-0.39947
1.65491e-09	-0.398483
1.65498e-09	-0.397495
1.65505e-09	-0.396507
1.65513e-09	-0.395519
1.6552e-09	-0.39453
1.65527e-09	-0.393541
1.65534e-09	-0.392551
1.65541e-09	-0.391561
1.65548e-09	-0.39057
1.65555e-09	-0.389579
1.65562e-09	-0.388588
1.65569e-09	-0.387596
1.65576e-09	-0.386604
1.65583e-09	-0.385611
1.6559e-09	-0.384618
1.65597e-09	-0.383624
1.65605e-09	-0.38263
1.65612e-09	-0.381635
1.65619e-09	-0.38064
1.65626e-09	-0.379645
1.65633e-09	-0.378649
1.6564e-09	-0.377653
1.65647e-09	-0.376657
1.65654e-09	-0.375659
1.65661e-09	-0.374662
1.65668e-09	-0.373664
1.65675e-09	-0.372666
1.65682e-09	-0.371667
1.65689e-09	-0.370668
1.65696e-09	-0.369669
1.65704e-09	-0.368669
1.65711e-09	-0.367668
1.65718e-09	-0.366668
1.65725e-09	-0.365667
1.65732e-09	-0.364665
1.65739e-09	-0.363663
1.65746e-09	-0.362661
1.65753e-09	-0.361658
1.6576e-09	-0.360655
1.65767e-09	-0.359652
1.65774e-09	-0.358648
1.65781e-09	-0.357644
1.65788e-09	-0.356639
1.65795e-09	-0.355634
1.65803e-09	-0.354629
1.6581e-09	-0.353623
1.65817e-09	-0.352617
1.65824e-09	-0.351611
1.65831e-09	-0.350604
1.65838e-09	-0.349597
1.65845e-09	-0.348589
1.65852e-09	-0.347582
1.65859e-09	-0.346573
1.65866e-09	-0.345565
1.65873e-09	-0.344556
1.6588e-09	-0.343547
1.65887e-09	-0.342537
1.65894e-09	-0.341527
1.65902e-09	-0.340517
1.65909e-09	-0.339506
1.65916e-09	-0.338495
1.65923e-09	-0.337484
1.6593e-09	-0.336472
1.65937e-09	-0.33546
1.65944e-09	-0.334448
1.65951e-09	-0.333435
1.65958e-09	-0.332422
1.65965e-09	-0.331409
1.65972e-09	-0.330395
1.65979e-09	-0.329381
1.65986e-09	-0.328367
1.65994e-09	-0.327352
1.66001e-09	-0.326337
1.66008e-09	-0.325322
1.66015e-09	-0.324306
1.66022e-09	-0.32329
1.66029e-09	-0.322274
1.66036e-09	-0.321258
1.66043e-09	-0.320241
1.6605e-09	-0.319224
1.66057e-09	-0.318206
1.66064e-09	-0.317189
1.66071e-09	-0.316171
1.66078e-09	-0.315153
1.66085e-09	-0.314134
1.66093e-09	-0.313115
1.661e-09	-0.312096
1.66107e-09	-0.311076
1.66114e-09	-0.310057
1.66121e-09	-0.309037
1.66128e-09	-0.308017
1.66135e-09	-0.306996
1.66142e-09	-0.305975
1.66149e-09	-0.304954
1.66156e-09	-0.303933
1.66163e-09	-0.302911
1.6617e-09	-0.301889
1.66177e-09	-0.300867
1.66184e-09	-0.299844
1.66192e-09	-0.298822
1.66199e-09	-0.297799
1.66206e-09	-0.296776
1.66213e-09	-0.295752
1.6622e-09	-0.294728
1.66227e-09	-0.293704
1.66234e-09	-0.29268
1.66241e-09	-0.291656
1.66248e-09	-0.290631
1.66255e-09	-0.289606
1.66262e-09	-0.288581
1.66269e-09	-0.287555
1.66276e-09	-0.28653
1.66284e-09	-0.285504
1.66291e-09	-0.284478
1.66298e-09	-0.283451
1.66305e-09	-0.282425
1.66312e-09	-0.281398
1.66319e-09	-0.280371
1.66326e-09	-0.279344
1.66333e-09	-0.278316
1.6634e-09	-0.277288
1.66347e-09	-0.27626
1.66354e-09	-0.275232
1.66361e-09	-0.274204
1.66368e-09	-0.273175
1.66375e-09	-0.272147
1.66383e-09	-0.271118
1.6639e-09	-0.270088
1.66397e-09	-0.269059
1.66404e-09	-0.26803
1.66411e-09	-0.267
1.66418e-09	-0.26597
1.66425e-09	-0.26494
1.66432e-09	-0.263909
1.66439e-09	-0.262879
1.66446e-09	-0.261848
1.66453e-09	-0.260817
1.6646e-09	-0.259786
1.66467e-09	-0.258755
1.66474e-09	-0.257723
1.66482e-09	-0.256692
1.66489e-09	-0.25566
1.66496e-09	-0.254628
1.66503e-09	-0.253596
1.6651e-09	-0.252563
1.66517e-09	-0.251531
1.66524e-09	-0.250498
1.66531e-09	-0.249465
1.66538e-09	-0.248432
1.66545e-09	-0.247399
1.66552e-09	-0.246366
1.66559e-09	-0.245332
1.66566e-09	-0.244299
1.66573e-09	-0.243265
1.66581e-09	-0.242231
1.66588e-09	-0.241197
1.66595e-09	-0.240163
1.66602e-09	-0.239128
1.66609e-09	-0.238094
1.66616e-09	-0.237059
1.66623e-09	-0.236025
1.6663e-09	-0.23499
1.66637e-09	-0.233955
1.66644e-09	-0.23292
1.66651e-09	-0.231884
1.66658e-09	-0.230849
1.66665e-09	-0.229813
1.66673e-09	-0.228778
1.6668e-09	-0.227742
1.66687e-09	-0.226706
1.66694e-09	-0.22567
1.66701e-09	-0.224634
1.66708e-09	-0.223598
1.66715e-09	-0.222561
1.66722e-09	-0.221525
1.66729e-09	-0.220488
1.66736e-09	-0.219452
1.66743e-09	-0.218415
1.6675e-09	-0.217378
1.66757e-09	-0.216341
1.66764e-09	-0.215304
1.66772e-09	-0.214267
1.66779e-09	-0.213229
1.66786e-09	-0.212192
1.66793e-09	-0.211155
1.668e-09	-0.210117
1.66807e-09	-0.20908
1.66814e-09	-0.208042
1.66821e-09	-0.207004
1.66828e-09	-0.205966
1.66835e-09	-0.204928
1.66842e-09	-0.20389
1.66849e-09	-0.202852
1.66856e-09	-0.201814
1.66863e-09	-0.200776
1.66871e-09	-0.199738
1.66878e-09	-0.198699
1.66885e-09	-0.197661
1.66892e-09	-0.196623
1.66899e-09	-0.195584
1.66906e-09	-0.194545
1.66913e-09	-0.193507
1.6692e-09	-0.192468
1.66927e-09	-0.191429
1.66934e-09	-0.190391
1.66941e-09	-0.189352
1.66948e-09	-0.188313
1.66955e-09	-0.187274
1.66962e-09	-0.186235
1.6697e-09	-0.185196
1.66977e-09	-0.184157
1.66984e-09	-0.183118
1.66991e-09	-0.182079
1.66998e-09	-0.18104
1.67005e-09	-0.180001
1.67012e-09	-0.178962
1.67019e-09	-0.177923
1.67026e-09	-0.176883
1.67033e-09	-0.175844
1.6704e-09	-0.174805
1.67047e-09	-0.173766
1.67054e-09	-0.172726
1.67062e-09	-0.171687
1.67069e-09	-0.170648
1.67076e-09	-0.169609
1.67083e-09	-0.168569
1.6709e-09	-0.16753
1.67097e-09	-0.166491
1.67104e-09	-0.165451
1.67111e-09	-0.164412
1.67118e-09	-0.163373
1.67125e-09	-0.162334
1.67132e-09	-0.161294
1.67139e-09	-0.160255
1.67146e-09	-0.159216
1.67153e-09	-0.158177
1.67161e-09	-0.157137
1.67168e-09	-0.156098
1.67175e-09	-0.155059
1.67182e-09	-0.15402
1.67189e-09	-0.152981
1.67196e-09	-0.151942
1.67203e-09	-0.150902
1.6721e-09	-0.149863
1.67217e-09	-0.148824
1.67224e-09	-0.147785
1.67231e-09	-0.146746
1.67238e-09	-0.145708
1.67245e-09	-0.144669
1.67252e-09	-0.14363
1.6726e-09	-0.142591
1.67267e-09	-0.141552
1.67274e-09	-0.140514
1.67281e-09	-0.139475
1.67288e-09	-0.138437
1.67295e-09	-0.137398
1.67302e-09	-0.13636
1.67309e-09	-0.135321
1.67316e-09	-0.134283
1.67323e-09	-0.133244
1.6733e-09	-0.132206
1.67337e-09	-0.131168
1.67344e-09	-0.13013
1.67352e-09	-0.129092
1.67359e-09	-0.128054
1.67366e-09	-0.127016
1.67373e-09	-0.125978
1.6738e-09	-0.124941
1.67387e-09	-0.123903
1.67394e-09	-0.122866
1.67401e-09	-0.121828
1.67408e-09	-0.120791
1.67415e-09	-0.119753
1.67422e-09	-0.118716
1.67429e-09	-0.117679
1.67436e-09	-0.116642
1.67443e-09	-0.115605
1.67451e-09	-0.114568
1.67458e-09	-0.113532
1.67465e-09	-0.112495
1.67472e-09	-0.111459
1.67479e-09	-0.110422
1.67486e-09	-0.109386
1.67493e-09	-0.10835
1.675e-09	-0.107314
1.67507e-09	-0.106278
1.67514e-09	-0.105242
1.67521e-09	-0.104206
1.67528e-09	-0.103171
1.67535e-09	-0.102135
1.67542e-09	-0.1011
1.6755e-09	-0.100064
1.67557e-09	-0.0990294
1.67564e-09	-0.0979944
1.67571e-09	-0.0969595
1.67578e-09	-0.0959248
1.67585e-09	-0.0948903
1.67592e-09	-0.0938558
1.67599e-09	-0.0928215
1.67606e-09	-0.0917874
1.67613e-09	-0.0907534
1.6762e-09	-0.0897195
1.67627e-09	-0.0886858
1.67634e-09	-0.0876522
1.67641e-09	-0.0866188
1.67649e-09	-0.0855855
1.67656e-09	-0.0845524
1.67663e-09	-0.0835195
1.6767e-09	-0.0824867
1.67677e-09	-0.081454
1.67684e-09	-0.0804216
1.67691e-09	-0.0793893
1.67698e-09	-0.0783571
1.67705e-09	-0.0773252
1.67712e-09	-0.0762934
1.67719e-09	-0.0752617
1.67726e-09	-0.0742303
1.67733e-09	-0.073199
1.67741e-09	-0.0721679
1.67748e-09	-0.071137
1.67755e-09	-0.0701063
1.67762e-09	-0.0690757
1.67769e-09	-0.0680454
1.67776e-09	-0.0670152
1.67783e-09	-0.0659852
1.6779e-09	-0.0649554
1.67797e-09	-0.0639258
1.67804e-09	-0.0628964
1.67811e-09	-0.0618672
1.67818e-09	-0.0608382
1.67825e-09	-0.0598094
1.67832e-09	-0.0587808
1.6784e-09	-0.0577524
1.67847e-09	-0.0567242
1.67854e-09	-0.0556962
1.67861e-09	-0.0546685
1.67868e-09	-0.0536409
1.67875e-09	-0.0526136
1.67882e-09	-0.0515864
1.67889e-09	-0.0505595
1.67896e-09	-0.0495329
1.67903e-09	-0.0485064
1.6791e-09	-0.0474802
1.67917e-09	-0.0464542
1.67924e-09	-0.0454284
1.67931e-09	-0.0444028
1.67939e-09	-0.0433775
1.67946e-09	-0.0423524
1.67953e-09	-0.0413276
1.6796e-09	-0.040303
1.67967e-09	-0.0392786
1.67974e-09	-0.0382545
1.67981e-09	-0.0372306
1.67988e-09	-0.036207
1.67995e-09	-0.0351836
1.68002e-09	-0.0341604
1.68009e-09	-0.0331375
1.68016e-09	-0.0321149
1.68023e-09	-0.0310925
1.68031e-09	-0.0300704
1.68038e-09	-0.0290485
1.68045e-09	-0.0280269
1.68052e-09	-0.0270056
1.68059e-09	-0.0259845
1.68066e-09	-0.0249637
1.68073e-09	-0.0239432
1.6808e-09	-0.0229229
1.68087e-09	-0.0219029
1.68094e-09	-0.0208832
1.68101e-09	-0.0198637
1.68108e-09	-0.0188445
1.68115e-09	-0.0178257
1.68122e-09	-0.016807
1.6813e-09	-0.0157887
1.68137e-09	-0.0147707
1.68144e-09	-0.0137529
1.68151e-09	-0.0127355
1.68158e-09	-0.0117183
1.68165e-09	-0.0107014
1.68172e-09	-0.00968482
1.68179e-09	-0.00866853
1.68186e-09	-0.00765254
1.68193e-09	-0.00663685
1.682e-09	-0.00562146
1.68207e-09	-0.00460638
1.68214e-09	-0.0035916
1.68221e-09	-0.00257713
1.68229e-09	-0.00156297
1.68236e-09	-0.000549119
1.68243e-09	0.000464416
1.6825e-09	0.00147764
1.68257e-09	0.00249054
1.68264e-09	0.00350312
1.68271e-09	0.00451539
1.68278e-09	0.00552733
1.68285e-09	0.00653894
1.68292e-09	0.00755023
1.68299e-09	0.00856119
1.68306e-09	0.00957182
1.68313e-09	0.0105821
1.6832e-09	0.0115921
1.68328e-09	0.0126017
1.68335e-09	0.013611
1.68342e-09	0.01462
1.68349e-09	0.0156286
1.68356e-09	0.0166368
1.68363e-09	0.0176448
1.6837e-09	0.0186523
1.68377e-09	0.0196596
1.68384e-09	0.0206664
1.68391e-09	0.021673
1.68398e-09	0.0226791
1.68405e-09	0.023685
1.68412e-09	0.0246904
1.6842e-09	0.0256955
1.68427e-09	0.0267002
1.68434e-09	0.0277046
1.68441e-09	0.0287086
1.68448e-09	0.0297123
1.68455e-09	0.0307155
1.68462e-09	0.0317184
1.68469e-09	0.032721
1.68476e-09	0.0337231
1.68483e-09	0.0347249
1.6849e-09	0.0357263
1.68497e-09	0.0367273
1.68504e-09	0.037728
1.68511e-09	0.0387282
1.68519e-09	0.0397281
1.68526e-09	0.0407276
1.68533e-09	0.0417267
1.6854e-09	0.0427254
1.68547e-09	0.0437237
1.68554e-09	0.0447216
1.68561e-09	0.0457191
1.68568e-09	0.0467163
1.68575e-09	0.047713
1.68582e-09	0.0487093
1.68589e-09	0.0497052
1.68596e-09	0.0507007
1.68603e-09	0.0516958
1.6861e-09	0.0526906
1.68618e-09	0.0536848
1.68625e-09	0.0546787
1.68632e-09	0.0556722
1.68639e-09	0.0566652
1.68646e-09	0.0576579
1.68653e-09	0.0586501
1.6866e-09	0.0596419
1.68667e-09	0.0606332
1.68674e-09	0.0616242
1.68681e-09	0.0626147
1.68688e-09	0.0636048
1.68695e-09	0.0645944
1.68702e-09	0.0655837
1.6871e-09	0.0665724
1.68717e-09	0.0675608
1.68724e-09	0.0685487
1.68731e-09	0.0695362
1.68738e-09	0.0705232
1.68745e-09	0.0715098
1.68752e-09	0.072496
1.68759e-09	0.0734817
1.68766e-09	0.074467
1.68773e-09	0.0754518
1.6878e-09	0.0764361
1.68787e-09	0.07742
1.68794e-09	0.0784035
1.68801e-09	0.0793865
1.68809e-09	0.080369
1.68816e-09	0.0813511
1.68823e-09	0.0823327
1.6883e-09	0.0833138
1.68837e-09	0.0842945
1.68844e-09	0.0852747
1.68851e-09	0.0862545
1.68858e-09	0.0872338
1.68865e-09	0.0882126
1.68872e-09	0.0891909
1.68879e-09	0.0901688
1.68886e-09	0.0911461
1.68893e-09	0.092123
1.689e-09	0.0930995
1.68908e-09	0.0940754
1.68915e-09	0.0950508
1.68922e-09	0.0960258
1.68929e-09	0.0970003
1.68936e-09	0.0979743
1.68943e-09	0.0989478
1.6895e-09	0.0999208
1.68957e-09	0.100893
1.68964e-09	0.101865
1.68971e-09	0.102837
1.68978e-09	0.103808
1.68985e-09	0.104778
1.68992e-09	0.105748
1.68999e-09	0.106718
1.69007e-09	0.107687
1.69014e-09	0.108655
1.69021e-09	0.109623
1.69028e-09	0.110591
1.69035e-09	0.111558
1.69042e-09	0.112524
1.69049e-09	0.11349
1.69056e-09	0.114455
1.69063e-09	0.11542
1.6907e-09	0.116385
1.69077e-09	0.117348
1.69084e-09	0.118312
1.69091e-09	0.119275
1.69099e-09	0.120237
1.69106e-09	0.121199
1.69113e-09	0.12216
1.6912e-09	0.12312
1.69127e-09	0.124081
1.69134e-09	0.12504
1.69141e-09	0.125999
1.69148e-09	0.126958
1.69155e-09	0.127916
1.69162e-09	0.128873
1.69169e-09	0.12983
1.69176e-09	0.130786
1.69183e-09	0.131742
1.6919e-09	0.132697
1.69198e-09	0.133652
1.69205e-09	0.134606
1.69212e-09	0.135559
1.69219e-09	0.136512
1.69226e-09	0.137465
1.69233e-09	0.138417
1.6924e-09	0.139368
1.69247e-09	0.140319
1.69254e-09	0.141269
1.69261e-09	0.142219
1.69268e-09	0.143168
1.69275e-09	0.144116
1.69282e-09	0.145064
1.69289e-09	0.146011
1.69297e-09	0.146958
1.69304e-09	0.147904
1.69311e-09	0.14885
1.69318e-09	0.149795
1.69325e-09	0.150739
1.69332e-09	0.151683
1.69339e-09	0.152626
1.69346e-09	0.153569
1.69353e-09	0.154511
1.6936e-09	0.155453
1.69367e-09	0.156394
1.69374e-09	0.157334
1.69381e-09	0.158274
1.69388e-09	0.159213
1.69396e-09	0.160151
1.69403e-09	0.161089
1.6941e-09	0.162027
1.69417e-09	0.162963
1.69424e-09	0.163899
1.69431e-09	0.164835
1.69438e-09	0.16577
1.69445e-09	0.166704
1.69452e-09	0.167638
1.69459e-09	0.168571
1.69466e-09	0.169503
1.69473e-09	0.170435
1.6948e-09	0.171366
1.69488e-09	0.172297
1.69495e-09	0.173227
1.69502e-09	0.174156
1.69509e-09	0.175085
1.69516e-09	0.176013
1.69523e-09	0.17694
1.6953e-09	0.177867
1.69537e-09	0.178793
1.69544e-09	0.179719
1.69551e-09	0.180644
1.69558e-09	0.181568
1.69565e-09	0.182492
1.69572e-09	0.183415
1.69579e-09	0.184337
1.69587e-09	0.185259
1.69594e-09	0.18618
1.69601e-09	0.187101
1.69608e-09	0.18802
1.69615e-09	0.188939
1.69622e-09	0.189858
1.69629e-09	0.190776
1.69636e-09	0.191693
1.69643e-09	0.19261
1.6965e-09	0.193525
1.69657e-09	0.194441
1.69664e-09	0.195355
1.69671e-09	0.196269
1.69678e-09	0.197182
1.69686e-09	0.198095
1.69693e-09	0.199007
1.697e-09	0.199918
1.69707e-09	0.200829
1.69714e-09	0.201739
1.69721e-09	0.202648
1.69728e-09	0.203557
1.69735e-09	0.204464
1.69742e-09	0.205372
1.69749e-09	0.206278
1.69756e-09	0.207184
1.69763e-09	0.208089
1.6977e-09	0.208994
1.69778e-09	0.209898
1.69785e-09	0.210801
1.69792e-09	0.211703
1.69799e-09	0.212605
1.69806e-09	0.213506
1.69813e-09	0.214406
1.6982e-09	0.215306
1.69827e-09	0.216205
1.69834e-09	0.217103
1.69841e-09	0.218001
1.69848e-09	0.218898
1.69855e-09	0.219794
1.69862e-09	0.220689
1.69869e-09	0.221584
1.69877e-09	0.222478
1.69884e-09	0.223372
1.69891e-09	0.224264
1.69898e-09	0.225156
1.69905e-09	0.226048
1.69912e-09	0.226938
1.69919e-09	0.227828
1.69926e-09	0.228717
1.69933e-09	0.229605
1.6994e-09	0.230493
1.69947e-09	0.23138
1.69954e-09	0.232266
1.69961e-09	0.233152
1.69968e-09	0.234036
1.69976e-09	0.234921
1.69983e-09	0.235804
1.6999e-09	0.236686
1.69997e-09	0.237568
1.70004e-09	0.238449
1.70011e-09	0.23933
1.70018e-09	0.240209
1.70025e-09	0.241088
1.70032e-09	0.241967
1.70039e-09	0.242844
1.70046e-09	0.243721
1.70053e-09	0.244597
1.7006e-09	0.245472
1.70067e-09	0.246346
1.70075e-09	0.24722
1.70082e-09	0.248093
1.70089e-09	0.248965
1.70096e-09	0.249837
1.70103e-09	0.250708
1.7011e-09	0.251578
1.70117e-09	0.252447
1.70124e-09	0.253315
1.70131e-09	0.254183
1.70138e-09	0.25505
1.70145e-09	0.255916
1.70152e-09	0.256781
1.70159e-09	0.257646
1.70167e-09	0.25851
1.70174e-09	0.259373
1.70181e-09	0.260236
1.70188e-09	0.261097
1.70195e-09	0.261958
1.70202e-09	0.262818
1.70209e-09	0.263677
1.70216e-09	0.264536
1.70223e-09	0.265393
1.7023e-09	0.26625
1.70237e-09	0.267107
1.70244e-09	0.267962
1.70251e-09	0.268817
1.70258e-09	0.26967
1.70266e-09	0.270523
1.70273e-09	0.271376
1.7028e-09	0.272227
1.70287e-09	0.273078
1.70294e-09	0.273928
1.70301e-09	0.274777
1.70308e-09	0.275625
1.70315e-09	0.276473
1.70322e-09	0.277319
1.70329e-09	0.278165
1.70336e-09	0.27901
1.70343e-09	0.279855
1.7035e-09	0.280698
1.70357e-09	0.281541
1.70365e-09	0.282383
1.70372e-09	0.283224
1.70379e-09	0.284064
1.70386e-09	0.284904
1.70393e-09	0.285742
1.704e-09	0.28658
1.70407e-09	0.287417
1.70414e-09	0.288253
1.70421e-09	0.289089
1.70428e-09	0.289923
1.70435e-09	0.290757
1.70442e-09	0.29159
1.70449e-09	0.292422
1.70457e-09	0.293254
1.70464e-09	0.294084
1.70471e-09	0.294914
1.70478e-09	0.295743
1.70485e-09	0.296571
1.70492e-09	0.297398
1.70499e-09	0.298224
1.70506e-09	0.29905
1.70513e-09	0.299874
1.7052e-09	0.300698
1.70527e-09	0.301521
1.70534e-09	0.302343
1.70541e-09	0.303165
1.70548e-09	0.303985
1.70556e-09	0.304805
1.70563e-09	0.305624
1.7057e-09	0.306442
1.70577e-09	0.307259
1.70584e-09	0.308075
1.70591e-09	0.308891
1.70598e-09	0.309705
1.70605e-09	0.310519
1.70612e-09	0.311332
1.70619e-09	0.312144
1.70626e-09	0.312955
1.70633e-09	0.313766
1.7064e-09	0.314575
1.70647e-09	0.315384
1.70655e-09	0.316192
1.70662e-09	0.316998
1.70669e-09	0.317805
1.70676e-09	0.31861
1.70683e-09	0.319414
1.7069e-09	0.320218
1.70697e-09	0.32102
1.70704e-09	0.321822
1.70711e-09	0.322623
1.70718e-09	0.323423
1.70725e-09	0.324222
1.70732e-09	0.32502
1.70739e-09	0.325817
1.70746e-09	0.326614
1.70754e-09	0.32741
1.70761e-09	0.328204
1.70768e-09	0.328998
1.70775e-09	0.329791
1.70782e-09	0.330583
1.70789e-09	0.331374
1.70796e-09	0.332165
1.70803e-09	0.332954
1.7081e-09	0.333743
1.70817e-09	0.334531
1.70824e-09	0.335317
1.70831e-09	0.336103
1.70838e-09	0.336888
1.70846e-09	0.337672
1.70853e-09	0.338456
1.7086e-09	0.339238
1.70867e-09	0.340019
1.70874e-09	0.3408
1.70881e-09	0.34158
1.70888e-09	0.342358
1.70895e-09	0.343136
1.70902e-09	0.343913
1.70909e-09	0.344689
1.70916e-09	0.345464
1.70923e-09	0.346239
1.7093e-09	0.347012
1.70937e-09	0.347784
1.70945e-09	0.348556
1.70952e-09	0.349326
1.70959e-09	0.350096
1.70966e-09	0.350865
1.70973e-09	0.351633
1.7098e-09	0.3524
1.70987e-09	0.353166
1.70994e-09	0.353931
1.71001e-09	0.354695
1.71008e-09	0.355458
1.71015e-09	0.356221
1.71022e-09	0.356982
1.71029e-09	0.357742
1.71036e-09	0.358502
1.71044e-09	0.359261
1.71051e-09	0.360018
1.71058e-09	0.360775
1.71065e-09	0.361531
1.71072e-09	0.362286
1.71079e-09	0.36304
1.71086e-09	0.363793
1.71093e-09	0.364545
1.711e-09	0.365296
1.71107e-09	0.366047
1.71114e-09	0.366796
1.71121e-09	0.367545
1.71128e-09	0.368292
1.71135e-09	0.369038
1.71143e-09	0.369784
1.7115e-09	0.370529
1.71157e-09	0.371272
1.71164e-09	0.372015
1.71171e-09	0.372757
1.71178e-09	0.373498
1.71185e-09	0.374238
1.71192e-09	0.374977
1.71199e-09	0.375715
1.71206e-09	0.376452
1.71213e-09	0.377188
1.7122e-09	0.377923
1.71227e-09	0.378657
1.71235e-09	0.37939
1.71242e-09	0.380123
1.71249e-09	0.380854
1.71256e-09	0.381584
1.71263e-09	0.382314
1.7127e-09	0.383042
1.71277e-09	0.38377
1.71284e-09	0.384496
1.71291e-09	0.385222
1.71298e-09	0.385946
1.71305e-09	0.38667
1.71312e-09	0.387393
1.71319e-09	0.388114
1.71326e-09	0.388835
1.71334e-09	0.389555
1.71341e-09	0.390273
1.71348e-09	0.390991
1.71355e-09	0.391708
1.71362e-09	0.392424
1.71369e-09	0.393139
1.71376e-09	0.393853
1.71383e-09	0.394566
1.7139e-09	0.395278
1.71397e-09	0.395988
1.71404e-09	0.396698
1.71411e-09	0.397407
1.71418e-09	0.398115
1.71425e-09	0.398822
1.71433e-09	0.399528
1.7144e-09	0.400234
1.71447e-09	0.400938
1.71454e-09	0.401641
1.71461e-09	0.402343
1.71468e-09	0.403044
1.71475e-09	0.403744
1.71482e-09	0.404443
1.71489e-09	0.405141
1.71496e-09	0.405838
1.71503e-09	0.406534
1.7151e-09	0.40723
1.71517e-09	0.407924
1.71525e-09	0.408617
1.71532e-09	0.409309
1.71539e-09	0.41
1.71546e-09	0.41069
1.71553e-09	0.411379
1.7156e-09	0.412067
1.71567e-09	0.412754
1.71574e-09	0.413441
1.71581e-09	0.414126
1.71588e-09	0.41481
1.71595e-09	0.415493
1.71602e-09	0.416175
1.71609e-09	0.416856
1.71616e-09	0.417536
1.71624e-09	0.418215
1.71631e-09	0.418893
1.71638e-09	0.41957
1.71645e-09	0.420246
1.71652e-09	0.420921
1.71659e-09	0.421595
1.71666e-09	0.422268
1.71673e-09	0.42294
1.7168e-09	0.423611
1.71687e-09	0.424281
1.71694e-09	0.42495
1.71701e-09	0.425617
1.71708e-09	0.426284
1.71715e-09	0.42695
1.71723e-09	0.427615
1.7173e-09	0.428278
1.71737e-09	0.428941
1.71744e-09	0.429603
1.71751e-09	0.430263
1.71758e-09	0.430923
1.71765e-09	0.431582
1.71772e-09	0.432239
1.71779e-09	0.432896
1.71786e-09	0.433551
1.71793e-09	0.434206
1.718e-09	0.434859
1.71807e-09	0.435511
1.71814e-09	0.436163
1.71822e-09	0.436813
1.71829e-09	0.437462
1.71836e-09	0.438111
1.71843e-09	0.438758
1.7185e-09	0.439404
1.71857e-09	0.440049
1.71864e-09	0.440693
1.71871e-09	0.441336
1.71878e-09	0.441978
1.71885e-09	0.442619
1.71892e-09	0.443259
1.71899e-09	0.443898
1.71906e-09	0.444535
1.71914e-09	0.445172
1.71921e-09	0.445808
1.71928e-09	0.446442
1.71935e-09	0.447076
1.71942e-09	0.447708
1.71949e-09	0.44834
1.71956e-09	0.44897
1.71963e-09	0.4496
1.7197e-09	0.450228
1.71977e-09	0.450855
1.71984e-09	0.451481
1.71991e-09	0.452106
1.71998e-09	0.45273
1.72005e-09	0.453353
1.72013e-09	0.453975
1.7202e-09	0.454596
1.72027e-09	0.455216
1.72034e-09	0.455835
1.72041e-09	0.456452
1.72048e-09	0.457069
1.72055e-09	0.457684
1.72062e-09	0.458299
1.72069e-09	0.458912
1.72076e-09	0.459525
1.72083e-09	0.460136
1.7209e-09	0.460746
1.72097e-09	0.461355
1.72104e-09	0.461963
1.72112e-09	0.46257
1.72119e-09	0.463176
1.72126e-09	0.463781
1.72133e-09	0.464384
1.7214e-09	0.464987
1.72147e-09	0.465589
1.72154e-09	0.466189
1.72161e-09	0.466789
1.72168e-09	0.467387
1.72175e-09	0.467984
1.72182e-09	0.46858
1.72189e-09	0.469175
1.72196e-09	0.469769
1.72204e-09	0.470362
1.72211e-09	0.470954
1.72218e-09	0.471545
1.72225e-09	0.472135
1.72232e-09	0.472723
1.72239e-09	0.473311
1.72246e-09	0.473897
1.72253e-09	0.474482
1.7226e-09	0.475067
1.72267e-09	0.47565
1.72274e-09	0.476232
1.72281e-09	0.476813
1.72288e-09	0.477393
1.72295e-09	0.477971
1.72303e-09	0.478549
1.7231e-09	0.479126
1.72317e-09	0.479701
1.72324e-09	0.480275
1.72331e-09	0.480849
1.72338e-09	0.481421
1.72345e-09	0.481992
1.72352e-09	0.482562
1.72359e-09	0.483131
1.72366e-09	0.483699
1.72373e-09	0.484265
1.7238e-09	0.484831
1.72387e-09	0.485395
1.72394e-09	0.485959
1.72402e-09	0.486521
1.72409e-09	0.487082
1.72416e-09	0.487642
1.72423e-09	0.488201
1.7243e-09	0.488759
1.72437e-09	0.489316
1.72444e-09	0.489871
1.72451e-09	0.490426
1.72458e-09	0.490979
1.72465e-09	0.491532
1.72472e-09	0.492083
1.72479e-09	0.492633
1.72486e-09	0.493182
1.72493e-09	0.49373
1.72501e-09	0.494276
1.72508e-09	0.494822
1.72515e-09	0.495367
1.72522e-09	0.49591
1.72529e-09	0.496452
1.72536e-09	0.496993
1.72543e-09	0.497533
1.7255e-09	0.498072
1.72557e-09	0.49861
1.72564e-09	0.499147
1.72571e-09	0.499682
1.72578e-09	0.500217
1.72585e-09	0.50075
1.72593e-09	0.501282
1.726e-09	0.501813
1.72607e-09	0.502343
1.72614e-09	0.502872
1.72621e-09	0.5034
1.72628e-09	0.503926
1.72635e-09	0.504452
1.72642e-09	0.504976
1.72649e-09	0.505499
1.72656e-09	0.506021
1.72663e-09	0.506542
1.7267e-09	0.507062
1.72677e-09	0.507581
1.72684e-09	0.508098
1.72692e-09	0.508615
1.72699e-09	0.50913
1.72706e-09	0.509644
1.72713e-09	0.510157
1.7272e-09	0.510669
1.72727e-09	0.51118
1.72734e-09	0.511689
1.72741e-09	0.512198
1.72748e-09	0.512705
1.72755e-09	0.513211
1.72762e-09	0.513716
1.72769e-09	0.51422
1.72776e-09	0.514723
1.72783e-09	0.515225
1.72791e-09	0.515725
1.72798e-09	0.516225
1.72805e-09	0.516723
1.72812e-09	0.51722
1.72819e-09	0.517716
1.72826e-09	0.518211
1.72833e-09	0.518704
1.7284e-09	0.519197
1.72847e-09	0.519688
1.72854e-09	0.520178
1.72861e-09	0.520667
1.72868e-09	0.521155
1.72875e-09	0.521642
1.72883e-09	0.522128
1.7289e-09	0.522612
1.72897e-09	0.523096
1.72904e-09	0.523578
1.72911e-09	0.524059
1.72918e-09	0.524539
1.72925e-09	0.525017
1.72932e-09	0.525495
1.72939e-09	0.525972
1.72946e-09	0.526447
1.72953e-09	0.526921
1.7296e-09	0.527394
1.72967e-09	0.527866
1.72974e-09	0.528337
1.72982e-09	0.528806
1.72989e-09	0.529274
1.72996e-09	0.529742
1.73003e-09	0.530208
1.7301e-09	0.530673
1.73017e-09	0.531136
1.73024e-09	0.531599
1.73031e-09	0.53206
1.73038e-09	0.532521
1.73045e-09	0.53298
1.73052e-09	0.533438
1.73059e-09	0.533895
1.73066e-09	0.53435
1.73073e-09	0.534805
1.73081e-09	0.535258
1.73088e-09	0.53571
1.73095e-09	0.536161
1.73102e-09	0.536611
1.73109e-09	0.53706
1.73116e-09	0.537507
1.73123e-09	0.537954
1.7313e-09	0.538399
1.73137e-09	0.538843
1.73144e-09	0.539286
1.73151e-09	0.539728
1.73158e-09	0.540168
1.73165e-09	0.540607
1.73172e-09	0.541046
1.7318e-09	0.541483
1.73187e-09	0.541919
1.73194e-09	0.542353
1.73201e-09	0.542787
1.73208e-09	0.543219
1.73215e-09	0.54365
1.73222e-09	0.54408
1.73229e-09	0.544509
1.73236e-09	0.544937
1.73243e-09	0.545363
1.7325e-09	0.545789
1.73257e-09	0.546213
1.73264e-09	0.546636
1.73272e-09	0.547058
1.73279e-09	0.547478
1.73286e-09	0.547898
1.73293e-09	0.548316
1.733e-09	0.548733
1.73307e-09	0.549149
1.73314e-09	0.549564
1.73321e-09	0.549978
1.73328e-09	0.55039
1.73335e-09	0.550802
1.73342e-09	0.551212
1.73349e-09	0.551621
1.73356e-09	0.552028
1.73363e-09	0.552435
1.73371e-09	0.55284
1.73378e-09	0.553244
1.73385e-09	0.553647
1.73392e-09	0.554049
1.73399e-09	0.55445
1.73406e-09	0.55485
1.73413e-09	0.555248
1.7342e-09	0.555645
1.73427e-09	0.556041
1.73434e-09	0.556436
1.73441e-09	0.556829
1.73448e-09	0.557222
1.73455e-09	0.557613
1.73462e-09	0.558003
1.7347e-09	0.558392
1.73477e-09	0.55878
1.73484e-09	0.559166
1.73491e-09	0.559551
1.73498e-09	0.559936
1.73505e-09	0.560318
1.73512e-09	0.5607
1.73519e-09	0.561081
1.73526e-09	0.56146
1.73533e-09	0.561838
1.7354e-09	0.562215
1.73547e-09	0.562591
1.73554e-09	0.562966
1.73561e-09	0.563339
1.73569e-09	0.563712
1.73576e-09	0.564083
1.73583e-09	0.564453
1.7359e-09	0.564821
1.73597e-09	0.565189
1.73604e-09	0.565555
1.73611e-09	0.565921
1.73618e-09	0.566284
1.73625e-09	0.566647
1.73632e-09	0.567009
1.73639e-09	0.567369
1.73646e-09	0.567729
1.73653e-09	0.568087
1.73661e-09	0.568443
1.73668e-09	0.568799
1.73675e-09	0.569153
1.73682e-09	0.569507
1.73689e-09	0.569859
1.73696e-09	0.57021
1.73703e-09	0.570559
1.7371e-09	0.570908
1.73717e-09	0.571255
1.73724e-09	0.571601
1.73731e-09	0.571946
1.73738e-09	0.57229
1.73745e-09	0.572633
1.73752e-09	0.572974
1.7376e-09	0.573314
1.73767e-09	0.573653
1.73774e-09	0.573991
1.73781e-09	0.574327
1.73788e-09	0.574663
1.73795e-09	0.574997
1.73802e-09	0.57533
1.73809e-09	0.575662
1.73816e-09	0.575992
1.73823e-09	0.576322
1.7383e-09	0.57665
1.73837e-09	0.576977
1.73844e-09	0.577303
1.73851e-09	0.577627
1.73859e-09	0.577951
1.73866e-09	0.578273
1.73873e-09	0.578594
1.7388e-09	0.578914
1.73887e-09	0.579233
1.73894e-09	0.57955
1.73901e-09	0.579866
1.73908e-09	0.580181
1.73915e-09	0.580495
1.73922e-09	0.580808
1.73929e-09	0.581119
1.73936e-09	0.58143
1.73943e-09	0.581739
1.73951e-09	0.582047
1.73958e-09	0.582353
1.73965e-09	0.582659
1.73972e-09	0.582963
1.73979e-09	0.583266
1.73986e-09	0.583568
1.73993e-09	0.583869
1.74e-09	0.584168
1.74007e-09	0.584466
1.74014e-09	0.584764
1.74021e-09	0.585059
1.74028e-09	0.585354
1.74035e-09	0.585648
1.74042e-09	0.58594
1.7405e-09	0.586231
1.74057e-09	0.586521
1.74064e-09	0.586809
1.74071e-09	0.587097
1.74078e-09	0.587383
1.74085e-09	0.587668
1.74092e-09	0.587952
1.74099e-09	0.588235
1.74106e-09	0.588516
1.74113e-09	0.588797
1.7412e-09	0.589076
1.74127e-09	0.589354
1.74134e-09	0.58963
1.74141e-09	0.589906
1.74149e-09	0.59018
1.74156e-09	0.590453
1.74163e-09	0.590725
1.7417e-09	0.590996
1.74177e-09	0.591265
1.74184e-09	0.591533
1.74191e-09	0.5918
1.74198e-09	0.592066
1.74205e-09	0.592331
1.74212e-09	0.592594
1.74219e-09	0.592857
1.74226e-09	0.593118
1.74233e-09	0.593377
1.7424e-09	0.593636
1.74248e-09	0.593893
1.74255e-09	0.59415
1.74262e-09	0.594405
1.74269e-09	0.594659
1.74276e-09	0.594911
1.74283e-09	0.595163
1.7429e-09	0.595413
1.74297e-09	0.595662
1.74304e-09	0.59591
1.74311e-09	0.596156
1.74318e-09	0.596402
1.74325e-09	0.596646
1.74332e-09	0.596889
1.7434e-09	0.597131
1.74347e-09	0.597371
1.74354e-09	0.597611
1.74361e-09	0.597849
1.74368e-09	0.598086
1.74375e-09	0.598322
1.74382e-09	0.598556
1.74389e-09	0.59879
1.74396e-09	0.599022
1.74403e-09	0.599253
1.7441e-09	0.599483
1.74417e-09	0.599711
1.74424e-09	0.599939
1.74431e-09	0.600165
1.74439e-09	0.60039
1.74446e-09	0.600613
1.74453e-09	0.600836
1.7446e-09	0.601057
1.74467e-09	0.601277
1.74474e-09	0.601496
1.74481e-09	0.601714
1.74488e-09	0.601931
1.74495e-09	0.602146
1.74502e-09	0.60236
1.74509e-09	0.602573
1.74516e-09	0.602785
1.74523e-09	0.602995
1.7453e-09	0.603205
1.74538e-09	0.603413
1.74545e-09	0.60362
1.74552e-09	0.603826
1.74559e-09	0.60403
1.74566e-09	0.604233
1.74573e-09	0.604435
1.7458e-09	0.604636
1.74587e-09	0.604836
1.74594e-09	0.605035
1.74601e-09	0.605232
1.74608e-09	0.605428
1.74615e-09	0.605623
1.74622e-09	0.605817
1.7463e-09	0.606009
1.74637e-09	0.6062
1.74644e-09	0.60639
1.74651e-09	0.606579
1.74658e-09	0.606767
1.74665e-09	0.606954
1.74672e-09	0.607139
1.74679e-09	0.607323
1.74686e-09	0.607506
1.74693e-09	0.607687
1.747e-09	0.607868
1.74707e-09	0.608047
1.74714e-09	0.608225
1.74721e-09	0.608402
1.74729e-09	0.608578
1.74736e-09	0.608752
1.74743e-09	0.608926
1.7475e-09	0.609098
1.74757e-09	0.609269
1.74764e-09	0.609438
1.74771e-09	0.609607
1.74778e-09	0.609774
1.74785e-09	0.60994
1.74792e-09	0.610105
1.74799e-09	0.610269
1.74806e-09	0.610431
1.74813e-09	0.610593
1.7482e-09	0.610753
1.74828e-09	0.610912
1.74835e-09	0.611069
1.74842e-09	0.611226
1.74849e-09	0.611381
1.74856e-09	0.611535
1.74863e-09	0.611688
1.7487e-09	0.61184
1.74877e-09	0.61199
1.74884e-09	0.61214
1.74891e-09	0.612288
1.74898e-09	0.612435
1.74905e-09	0.61258
1.74912e-09	0.612725
1.74919e-09	0.612868
1.74927e-09	0.61301
1.74934e-09	0.613151
1.74941e-09	0.613291
1.74948e-09	0.61343
1.74955e-09	0.613567
1.74962e-09	0.613703
1.74969e-09	0.613838
1.74976e-09	0.613972
1.74983e-09	0.614104
1.7499e-09	0.614236
1.74997e-09	0.614366
1.75004e-09	0.614495
1.75011e-09	0.614623
1.75019e-09	0.614749
1.75026e-09	0.614875
1.75033e-09	0.614999
1.7504e-09	0.615122
1.75047e-09	0.615244
1.75054e-09	0.615365
1.75061e-09	0.615484
1.75068e-09	0.615602
1.75075e-09	0.615719
1.75082e-09	0.615835
1.75089e-09	0.61595
1.75096e-09	0.616063
1.75103e-09	0.616176
1.7511e-09	0.616287
1.75118e-09	0.616397
1.75125e-09	0.616505
1.75132e-09	0.616613
1.75139e-09	0.616719
1.75146e-09	0.616825
1.75153e-09	0.616928
1.7516e-09	0.617031
1.75167e-09	0.617133
1.75174e-09	0.617233
1.75181e-09	0.617332
1.75188e-09	0.617431
1.75195e-09	0.617527
1.75202e-09	0.617623
1.75209e-09	0.617718
1.75217e-09	0.617811
1.75224e-09	0.617903
1.75231e-09	0.617994
1.75238e-09	0.618083
1.75245e-09	0.618172
1.75252e-09	0.618259
1.75259e-09	0.618346
1.75266e-09	0.618431
1.75273e-09	0.618514
1.7528e-09	0.618597
1.75287e-09	0.618678
1.75294e-09	0.618759
1.75301e-09	0.618838
1.75309e-09	0.618916
1.75316e-09	0.618992
1.75323e-09	0.619068
1.7533e-09	0.619142
1.75337e-09	0.619215
1.75344e-09	0.619287
1.75351e-09	0.619358
1.75358e-09	0.619428
1.75365e-09	0.619496
1.75372e-09	0.619563
1.75379e-09	0.619629
1.75386e-09	0.619694
1.75393e-09	0.619758
1.754e-09	0.619821
1.75408e-09	0.619882
1.75415e-09	0.619942
1.75422e-09	0.620001
1.75429e-09	0.620059
1.75436e-09	0.620116
1.75443e-09	0.620171
1.7545e-09	0.620225
1.75457e-09	0.620278
1.75464e-09	0.62033
1.75471e-09	0.620381
1.75478e-09	0.620431
1.75485e-09	0.620479
1.75492e-09	0.620526
1.75499e-09	0.620573
1.75507e-09	0.620617
1.75514e-09	0.620661
1.75521e-09	0.620704
1.75528e-09	0.620745
1.75535e-09	0.620785
1.75542e-09	0.620824
1.75549e-09	0.620862
1.75556e-09	0.620899
1.75563e-09	0.620934
1.7557e-09	0.620969
1.75577e-09	0.621002
1.75584e-09	0.621034
1.75591e-09	0.621065
1.75598e-09	0.621095
1.75606e-09	0.621123
1.75613e-09	0.62115
1.7562e-09	0.621177
1.75627e-09	0.621202
1.75634e-09	0.621225
1.75641e-09	0.621248
1.75648e-09	0.62127
1.75655e-09	0.62129
1.75662e-09	0.621309
1.75669e-09	0.621327
1.75676e-09	0.621344
1.75683e-09	0.62136
1.7569e-09	0.621374
1.75698e-09	0.621388
1.75705e-09	0.6214
1.75712e-09	0.621411
1.75719e-09	0.621421
1.75726e-09	0.621429
1.75733e-09	0.621437
1.7574e-09	0.621443
1.75747e-09	0.621449
1.75754e-09	0.621453
1.75761e-09	0.621456
1.75768e-09	0.621457
1.75775e-09	0.621458
1.75782e-09	0.621457
1.75789e-09	0.621456
1.75797e-09	0.621453
1.75804e-09	0.621449
1.75811e-09	0.621444
1.75818e-09	0.621437
1.75825e-09	0.62143
1.75832e-09	0.621421
1.75839e-09	0.621411
1.75846e-09	0.6214
1.75853e-09	0.621388
1.7586e-09	0.621375
1.75867e-09	0.621361
1.75874e-09	0.621345
1.75881e-09	0.621328
1.75888e-09	0.621311
1.75896e-09	0.621292
1.75903e-09	0.621271
1.7591e-09	0.62125
1.75917e-09	0.621228
1.75924e-09	0.621204
1.75931e-09	0.621179
1.75938e-09	0.621153
1.75945e-09	0.621126
1.75952e-09	0.621098
1.75959e-09	0.621069
1.75966e-09	0.621038
1.75973e-09	0.621007
1.7598e-09	0.620974
1.75987e-09	0.62094
1.75995e-09	0.620905
1.76002e-09	0.620869
1.76009e-09	0.620832
1.76016e-09	0.620793
1.76023e-09	0.620754
1.7603e-09	0.620713
1.76037e-09	0.620671
1.76044e-09	0.620628
1.76051e-09	0.620584
1.76058e-09	0.620538
1.76065e-09	0.620492
1.76072e-09	0.620444
1.76079e-09	0.620396
1.76087e-09	0.620346
1.76094e-09	0.620295
1.76101e-09	0.620243
1.76108e-09	0.620189
1.76115e-09	0.620135
1.76122e-09	0.62008
1.76129e-09	0.620023
1.76136e-09	0.619965
1.76143e-09	0.619906
1.7615e-09	0.619846
1.76157e-09	0.619785
1.76164e-09	0.619723
1.76171e-09	0.619659
1.76178e-09	0.619595
1.76186e-09	0.619529
1.76193e-09	0.619462
1.762e-09	0.619394
1.76207e-09	0.619325
1.76214e-09	0.619255
1.76221e-09	0.619184
1.76228e-09	0.619111
1.76235e-09	0.619038
1.76242e-09	0.618963
1.76249e-09	0.618887
1.76256e-09	0.61881
1.76263e-09	0.618732
1.7627e-09	0.618653
1.76277e-09	0.618573
1.76285e-09	0.618491
1.76292e-09	0.618409
1.76299e-09	0.618325
1.76306e-09	0.61824
1.76313e-09	0.618154
1.7632e-09	0.618067
1.76327e-09	0.617979
1.76334e-09	0.61789
1.76341e-09	0.6178
1.76348e-09	0.617708
1.76355e-09	0.617616
1.76362e-09	0.617522
1.76369e-09	0.617427
1.76377e-09	0.617331
1.76384e-09	0.617234
1.76391e-09	0.617136
1.76398e-09	0.617037
1.76405e-09	0.616936
1.76412e-09	0.616835
1.76419e-09	0.616732
1.76426e-09	0.616629
1.76433e-09	0.616524
1.7644e-09	0.616418
1.76447e-09	0.616311
1.76454e-09	0.616203
1.76461e-09	0.616094
1.76468e-09	0.615983
1.76476e-09	0.615872
1.76483e-09	0.61576
1.7649e-09	0.615646
1.76497e-09	0.615531
1.76504e-09	0.615415
1.76511e-09	0.615299
1.76518e-09	0.615181
1.76525e-09	0.615061
1.76532e-09	0.614941
1.76539e-09	0.61482
1.76546e-09	0.614698
1.76553e-09	0.614574
1.7656e-09	0.614449
1.76567e-09	0.614324
1.76575e-09	0.614197
1.76582e-09	0.614069
1.76589e-09	0.61394
1.76596e-09	0.61381
1.76603e-09	0.613679
1.7661e-09	0.613547
1.76617e-09	0.613413
1.76624e-09	0.613279
1.76631e-09	0.613144
1.76638e-09	0.613007
1.76645e-09	0.612869
1.76652e-09	0.612731
1.76659e-09	0.612591
1.76666e-09	0.61245
1.76674e-09	0.612308
1.76681e-09	0.612165
1.76688e-09	0.612021
1.76695e-09	0.611875
1.76702e-09	0.611729
1.76709e-09	0.611582
1.76716e-09	0.611433
1.76723e-09	0.611284
1.7673e-09	0.611133
1.76737e-09	0.610981
1.76744e-09	0.610828
1.76751e-09	0.610675
1.76758e-09	0.61052
1.76766e-09	0.610364
1.76773e-09	0.610207
1.7678e-09	0.610048
1.76787e-09	0.609889
1.76794e-09	0.609729
1.76801e-09	0.609568
1.76808e-09	0.609405
1.76815e-09	0.609242
1.76822e-09	0.609077
1.76829e-09	0.608911
1.76836e-09	0.608745
1.76843e-09	0.608577
1.7685e-09	0.608408
1.76857e-09	0.608238
1.76865e-09	0.608067
1.76872e-09	0.607895
1.76879e-09	0.607722
1.76886e-09	0.607548
1.76893e-09	0.607373
1.769e-09	0.607196
1.76907e-09	0.607019
1.76914e-09	0.606841
1.76921e-09	0.606661
1.76928e-09	0.606481
1.76935e-09	0.606299
1.76942e-09	0.606117
1.76949e-09	0.605933
1.76956e-09	0.605748
1.76964e-09	0.605562
1.76971e-09	0.605376
1.76978e-09	0.605188
1.76985e-09	0.604999
1.76992e-09	0.604809
1.76999e-09	0.604618
1.77006e-09	0.604426
1.77013e-09	0.604233
1.7702e-09	0.604038
1.77027e-09	0.603843
1.77034e-09	0.603647
1.77041e-09	0.60345
1.77048e-09	0.603251
1.77056e-09	0.603052
1.77063e-09	0.602852
1.7707e-09	0.60265
1.77077e-09	0.602448
1.77084e-09	0.602244
1.77091e-09	0.60204
1.77098e-09	0.601834
1.77105e-09	0.601627
1.77112e-09	0.60142
1.77119e-09	0.601211
1.77126e-09	0.601001
1.77133e-09	0.60079
1.7714e-09	0.600579
1.77147e-09	0.600366
1.77155e-09	0.600152
1.77162e-09	0.599937
1.77169e-09	0.599721
1.77176e-09	0.599504
1.77183e-09	0.599286
1.7719e-09	0.599067
1.77197e-09	0.598847
1.77204e-09	0.598626
1.77211e-09	0.598404
1.77218e-09	0.598181
1.77225e-09	0.597957
1.77232e-09	0.597731
1.77239e-09	0.597505
1.77246e-09	0.597278
1.77254e-09	0.59705
1.77261e-09	0.596821
1.77268e-09	0.59659
1.77275e-09	0.596359
1.77282e-09	0.596127
1.77289e-09	0.595894
1.77296e-09	0.595659
1.77303e-09	0.595424
1.7731e-09	0.595188
1.77317e-09	0.59495
1.77324e-09	0.594712
1.77331e-09	0.594473
1.77338e-09	0.594232
1.77345e-09	0.593991
1.77353e-09	0.593749
1.7736e-09	0.593505
1.77367e-09	0.593261
1.77374e-09	0.593015
1.77381e-09	0.592769
1.77388e-09	0.592522
1.77395e-09	0.592273
1.77402e-09	0.592024
1.77409e-09	0.591773
1.77416e-09	0.591522
1.77423e-09	0.59127
1.7743e-09	0.591016
1.77437e-09	0.590762
1.77445e-09	0.590506
1.77452e-09	0.59025
1.77459e-09	0.589993
1.77466e-09	0.589734
1.77473e-09	0.589475
1.7748e-09	0.589215
1.77487e-09	0.588953
1.77494e-09	0.588691
1.77501e-09	0.588428
1.77508e-09	0.588163
1.77515e-09	0.587898
1.77522e-09	0.587632
1.77529e-09	0.587365
1.77536e-09	0.587097
1.77544e-09	0.586827
1.77551e-09	0.586557
1.77558e-09	0.586286
1.77565e-09	0.586014
1.77572e-09	0.585741
1.77579e-09	0.585467
1.77586e-09	0.585192
1.77593e-09	0.584916
1.776e-09	0.584639
1.77607e-09	0.584361
1.77614e-09	0.584082
1.77621e-09	0.583802
1.77628e-09	0.583521
1.77635e-09	0.583239
1.77643e-09	0.582956
1.7765e-09	0.582672
1.77657e-09	0.582387
1.77664e-09	0.582102
1.77671e-09	0.581815
1.77678e-09	0.581527
1.77685e-09	0.581239
1.77692e-09	0.580949
1.77699e-09	0.580659
1.77706e-09	0.580367
1.77713e-09	0.580075
1.7772e-09	0.579781
1.77727e-09	0.579487
1.77735e-09	0.579191
1.77742e-09	0.578895
1.77749e-09	0.578598
1.77756e-09	0.5783
1.77763e-09	0.578001
1.7777e-09	0.5777
1.77777e-09	0.577399
1.77784e-09	0.577097
1.77791e-09	0.576794
1.77798e-09	0.576491
1.77805e-09	0.576186
1.77812e-09	0.57588
1.77819e-09	0.575573
1.77826e-09	0.575265
1.77834e-09	0.574957
1.77841e-09	0.574647
1.77848e-09	0.574337
1.77855e-09	0.574025
1.77862e-09	0.573713
1.77869e-09	0.5734
1.77876e-09	0.573085
1.77883e-09	0.57277
1.7789e-09	0.572454
1.77897e-09	0.572137
1.77904e-09	0.571819
1.77911e-09	0.5715
1.77918e-09	0.57118
1.77925e-09	0.57086
1.77933e-09	0.570538
1.7794e-09	0.570215
1.77947e-09	0.569892
1.77954e-09	0.569567
1.77961e-09	0.569242
1.77968e-09	0.568915
1.77975e-09	0.568588
1.77982e-09	0.56826
1.77989e-09	0.567931
1.77996e-09	0.567601
1.78003e-09	0.56727
1.7801e-09	0.566938
1.78017e-09	0.566605
1.78024e-09	0.566272
1.78032e-09	0.565937
1.78039e-09	0.565602
1.78046e-09	0.565265
1.78053e-09	0.564928
1.7806e-09	0.56459
1.78067e-09	0.564251
1.78074e-09	0.563911
1.78081e-09	0.56357
1.78088e-09	0.563228
1.78095e-09	0.562885
1.78102e-09	0.562541
1.78109e-09	0.562197
1.78116e-09	0.561851
1.78124e-09	0.561505
1.78131e-09	0.561158
1.78138e-09	0.560809
1.78145e-09	0.56046
1.78152e-09	0.56011
1.78159e-09	0.55976
1.78166e-09	0.559408
1.78173e-09	0.559055
1.7818e-09	0.558702
1.78187e-09	0.558347
1.78194e-09	0.557992
1.78201e-09	0.557636
1.78208e-09	0.557279
1.78215e-09	0.556921
1.78223e-09	0.556562
1.7823e-09	0.556202
1.78237e-09	0.555842
1.78244e-09	0.55548
1.78251e-09	0.555118
1.78258e-09	0.554754
1.78265e-09	0.55439
1.78272e-09	0.554025
1.78279e-09	0.553659
1.78286e-09	0.553293
1.78293e-09	0.552925
1.783e-09	0.552556
1.78307e-09	0.552187
1.78314e-09	0.551817
1.78322e-09	0.551446
1.78329e-09	0.551074
1.78336e-09	0.550701
1.78343e-09	0.550327
1.7835e-09	0.549952
1.78357e-09	0.549577
1.78364e-09	0.549201
1.78371e-09	0.548823
1.78378e-09	0.548445
1.78385e-09	0.548067
1.78392e-09	0.547687
1.78399e-09	0.547306
1.78406e-09	0.546925
1.78413e-09	0.546542
1.78421e-09	0.546159
1.78428e-09	0.545775
1.78435e-09	0.54539
1.78442e-09	0.545004
1.78449e-09	0.544618
1.78456e-09	0.54423
1.78463e-09	0.543842
1.7847e-09	0.543453
1.78477e-09	0.543063
1.78484e-09	0.542672
1.78491e-09	0.54228
1.78498e-09	0.541888
1.78505e-09	0.541495
1.78513e-09	0.5411
1.7852e-09	0.540705
1.78527e-09	0.540309
1.78534e-09	0.539913
1.78541e-09	0.539515
1.78548e-09	0.539117
1.78555e-09	0.538718
1.78562e-09	0.538318
1.78569e-09	0.537917
1.78576e-09	0.537515
1.78583e-09	0.537113
1.7859e-09	0.536709
1.78597e-09	0.536305
1.78604e-09	0.5359
1.78612e-09	0.535494
1.78619e-09	0.535087
1.78626e-09	0.53468
1.78633e-09	0.534272
1.7864e-09	0.533863
1.78647e-09	0.533453
1.78654e-09	0.533042
1.78661e-09	0.53263
1.78668e-09	0.532218
1.78675e-09	0.531805
1.78682e-09	0.531391
1.78689e-09	0.530976
1.78696e-09	0.53056
1.78703e-09	0.530144
1.78711e-09	0.529727
1.78718e-09	0.529308
1.78725e-09	0.52889
1.78732e-09	0.52847
1.78739e-09	0.52805
1.78746e-09	0.527628
1.78753e-09	0.527206
1.7876e-09	0.526783
1.78767e-09	0.52636
1.78774e-09	0.525935
1.78781e-09	0.52551
1.78788e-09	0.525084
1.78795e-09	0.524657
1.78803e-09	0.524229
1.7881e-09	0.523801
1.78817e-09	0.523372
1.78824e-09	0.522942
1.78831e-09	0.522511
1.78838e-09	0.522079
1.78845e-09	0.521647
1.78852e-09	0.521214
1.78859e-09	0.52078
1.78866e-09	0.520345
1.78873e-09	0.51991
1.7888e-09	0.519473
1.78887e-09	0.519036
1.78894e-09	0.518598
1.78902e-09	0.51816
1.78909e-09	0.51772
1.78916e-09	0.51728
1.78923e-09	0.516839
1.7893e-09	0.516398
1.78937e-09	0.515955
1.78944e-09	0.515512
1.78951e-09	0.515068
1.78958e-09	0.514623
1.78965e-09	0.514178
1.78972e-09	0.513731
1.78979e-09	0.513284
1.78986e-09	0.512836
1.78993e-09	0.512388
1.79001e-09	0.511938
1.79008e-09	0.511488
1.79015e-09	0.511037
1.79022e-09	0.510586
1.79029e-09	0.510133
1.79036e-09	0.50968
1.79043e-09	0.509226
1.7905e-09	0.508772
1.79057e-09	0.508316
1.79064e-09	0.50786
1.79071e-09	0.507403
1.79078e-09	0.506946
1.79085e-09	0.506487
1.79092e-09	0.506028
1.791e-09	0.505568
1.79107e-09	0.505108
1.79114e-09	0.504646
1.79121e-09	0.504184
1.79128e-09	0.503722
1.79135e-09	0.503258
1.79142e-09	0.502794
1.79149e-09	0.502329
1.79156e-09	0.501863
1.79163e-09	0.501396
1.7917e-09	0.500929
1.79177e-09	0.500461
1.79184e-09	0.499993
1.79192e-09	0.499523
1.79199e-09	0.499053
1.79206e-09	0.498582
1.79213e-09	0.498111
1.7922e-09	0.497638
1.79227e-09	0.497165
1.79234e-09	0.496692
1.79241e-09	0.496217
1.79248e-09	0.495742
1.79255e-09	0.495266
1.79262e-09	0.49479
1.79269e-09	0.494312
1.79276e-09	0.493834
1.79283e-09	0.493356
1.79291e-09	0.492876
1.79298e-09	0.492396
1.79305e-09	0.491915
1.79312e-09	0.491434
1.79319e-09	0.490951
1.79326e-09	0.490468
1.79333e-09	0.489985
1.7934e-09	0.4895
1.79347e-09	0.489015
1.79354e-09	0.48853
1.79361e-09	0.488043
1.79368e-09	0.487556
1.79375e-09	0.487068
1.79382e-09	0.48658
1.7939e-09	0.48609
1.79397e-09	0.4856
1.79404e-09	0.48511
1.79411e-09	0.484619
1.79418e-09	0.484127
1.79425e-09	0.483634
1.79432e-09	0.483141
1.79439e-09	0.482646
1.79446e-09	0.482152
1.79453e-09	0.481656
1.7946e-09	0.48116
1.79467e-09	0.480664
1.79474e-09	0.480166
1.79482e-09	0.479668
1.79489e-09	0.479169
1.79496e-09	0.47867
1.79503e-09	0.47817
1.7951e-09	0.477669
1.79517e-09	0.477167
1.79524e-09	0.476665
1.79531e-09	0.476163
1.79538e-09	0.475659
1.79545e-09	0.475155
1.79552e-09	0.47465
1.79559e-09	0.474145
1.79566e-09	0.473639
1.79573e-09	0.473132
1.79581e-09	0.472624
1.79588e-09	0.472116
1.79595e-09	0.471608
1.79602e-09	0.471098
1.79609e-09	0.470588
1.79616e-09	0.470078
1.79623e-09	0.469566
1.7963e-09	0.469054
1.79637e-09	0.468542
1.79644e-09	0.468028
1.79651e-09	0.467514
1.79658e-09	0.467
1.79665e-09	0.466485
1.79672e-09	0.465969
1.7968e-09	0.465452
1.79687e-09	0.464935
1.79694e-09	0.464418
1.79701e-09	0.463899
1.79708e-09	0.46338
1.79715e-09	0.46286
1.79722e-09	0.46234
1.79729e-09	0.461819
1.79736e-09	0.461298
1.79743e-09	0.460776
1.7975e-09	0.460253
1.79757e-09	0.459729
1.79764e-09	0.459205
1.79771e-09	0.458681
1.79779e-09	0.458155
1.79786e-09	0.457629
1.79793e-09	0.457103
1.798e-09	0.456576
1.79807e-09	0.456048
1.79814e-09	0.45552
1.79821e-09	0.454991
1.79828e-09	0.454461
1.79835e-09	0.453931
1.79842e-09	0.4534
1.79849e-09	0.452868
1.79856e-09	0.452336
1.79863e-09	0.451804
1.79871e-09	0.451271
1.79878e-09	0.450737
1.79885e-09	0.450202
1.79892e-09	0.449667
1.79899e-09	0.449132
1.79906e-09	0.448595
1.79913e-09	0.448058
1.7992e-09	0.447521
1.79927e-09	0.446983
1.79934e-09	0.446444
1.79941e-09	0.445905
1.79948e-09	0.445365
1.79955e-09	0.444825
1.79962e-09	0.444284
1.7997e-09	0.443742
1.79977e-09	0.4432
1.79984e-09	0.442658
1.79991e-09	0.442114
1.79998e-09	0.44157
1.80005e-09	0.441026
1.80012e-09	0.440481
1.80019e-09	0.439935
1.80026e-09	0.439389
1.80033e-09	0.438842
1.8004e-09	0.438295
1.80047e-09	0.437747
1.80054e-09	0.437198
1.80061e-09	0.436649
1.80069e-09	0.4361
1.80076e-09	0.43555
1.80083e-09	0.434999
1.8009e-09	0.434448
1.80097e-09	0.433896
1.80104e-09	0.433343
1.80111e-09	0.43279
1.80118e-09	0.432237
1.80125e-09	0.431683
1.80132e-09	0.431128
1.80139e-09	0.430573
1.80146e-09	0.430017
1.80153e-09	0.429461
1.8016e-09	0.428904
1.80168e-09	0.428346
1.80175e-09	0.427788
1.80182e-09	0.42723
1.80189e-09	0.426671
1.80196e-09	0.426111
1.80203e-09	0.425551
1.8021e-09	0.42499
1.80217e-09	0.424429
1.80224e-09	0.423867
1.80231e-09	0.423305
1.80238e-09	0.422742
1.80245e-09	0.422179
1.80252e-09	0.421615
1.8026e-09	0.42105
1.80267e-09	0.420485
1.80274e-09	0.41992
1.80281e-09	0.419354
1.80288e-09	0.418787
1.80295e-09	0.41822
1.80302e-09	0.417653
1.80309e-09	0.417085
1.80316e-09	0.416516
1.80323e-09	0.415947
1.8033e-09	0.415377
1.80337e-09	0.414807
1.80344e-09	0.414236
1.80351e-09	0.413665
1.80359e-09	0.413093
1.80366e-09	0.412521
1.80373e-09	0.411948
1.8038e-09	0.411375
1.80387e-09	0.410801
1.80394e-09	0.410227
1.80401e-09	0.409652
1.80408e-09	0.409077
1.80415e-09	0.408501
1.80422e-09	0.407925
1.80429e-09	0.407348
1.80436e-09	0.406771
1.80443e-09	0.406193
1.8045e-09	0.405615
1.80458e-09	0.405036
1.80465e-09	0.404457
1.80472e-09	0.403877
1.80479e-09	0.403297
1.80486e-09	0.402716
1.80493e-09	0.402135
1.805e-09	0.401554
1.80507e-09	0.400971
1.80514e-09	0.400389
1.80521e-09	0.399806
1.80528e-09	0.399222
1.80535e-09	0.398638
1.80542e-09	0.398053
1.8055e-09	0.397468
1.80557e-09	0.396883
1.80564e-09	0.396297
1.80571e-09	0.39571
1.80578e-09	0.395123
1.80585e-09	0.394536
1.80592e-09	0.393948
1.80599e-09	0.39336
1.80606e-09	0.392771
1.80613e-09	0.392182
1.8062e-09	0.391592
1.80627e-09	0.391002
1.80634e-09	0.390411
1.80641e-09	0.38982
1.80649e-09	0.389229
1.80656e-09	0.388636
1.80663e-09	0.388044
1.8067e-09	0.387451
1.80677e-09	0.386858
1.80684e-09	0.386264
1.80691e-09	0.38567
1.80698e-09	0.385075
1.80705e-09	0.38448
1.80712e-09	0.383884
1.80719e-09	0.383288
1.80726e-09	0.382692
1.80733e-09	0.382095
1.8074e-09	0.381497
1.80748e-09	0.3809
1.80755e-09	0.380301
1.80762e-09	0.379703
1.80769e-09	0.379104
1.80776e-09	0.378504
1.80783e-09	0.377904
1.8079e-09	0.377304
1.80797e-09	0.376703
1.80804e-09	0.376102
1.80811e-09	0.3755
1.80818e-09	0.374898
1.80825e-09	0.374295
1.80832e-09	0.373692
1.80839e-09	0.373089
1.80847e-09	0.372485
1.80854e-09	0.371881
1.80861e-09	0.371276
1.80868e-09	0.370671
1.80875e-09	0.370066
1.80882e-09	0.36946
1.80889e-09	0.368854
1.80896e-09	0.368247
1.80903e-09	0.36764
1.8091e-09	0.367033
1.80917e-09	0.366425
1.80924e-09	0.365816
1.80931e-09	0.365208
1.80939e-09	0.364599
1.80946e-09	0.363989
1.80953e-09	0.363379
1.8096e-09	0.362769
1.80967e-09	0.362158
1.80974e-09	0.361547
1.80981e-09	0.360936
1.80988e-09	0.360324
1.80995e-09	0.359712
1.81002e-09	0.359099
1.81009e-09	0.358486
1.81016e-09	0.357873
1.81023e-09	0.357259
1.8103e-09	0.356645
1.81038e-09	0.35603
1.81045e-09	0.355415
1.81052e-09	0.3548
1.81059e-09	0.354184
1.81066e-09	0.353568
1.81073e-09	0.352952
1.8108e-09	0.352335
1.81087e-09	0.351718
1.81094e-09	0.3511
1.81101e-09	0.350482
1.81108e-09	0.349864
1.81115e-09	0.349245
1.81122e-09	0.348626
1.81129e-09	0.348007
1.81137e-09	0.347387
1.81144e-09	0.346767
1.81151e-09	0.346146
1.81158e-09	0.345526
1.81165e-09	0.344904
1.81172e-09	0.344283
1.81179e-09	0.343661
1.81186e-09	0.343039
1.81193e-09	0.342416
1.812e-09	0.341793
1.81207e-09	0.34117
1.81214e-09	0.340546
1.81221e-09	0.339922
1.81229e-09	0.339298
1.81236e-09	0.338673
1.81243e-09	0.338048
1.8125e-09	0.337423
1.81257e-09	0.336797
1.81264e-09	0.336171
1.81271e-09	0.335545
1.81278e-09	0.334918
1.81285e-09	0.334291
1.81292e-09	0.333664
1.81299e-09	0.333036
1.81306e-09	0.332408
1.81313e-09	0.33178
1.8132e-09	0.331151
1.81328e-09	0.330522
1.81335e-09	0.329893
1.81342e-09	0.329263
1.81349e-09	0.328633
1.81356e-09	0.328003
1.81363e-09	0.327372
1.8137e-09	0.326742
1.81377e-09	0.32611
1.81384e-09	0.325479
1.81391e-09	0.324847
1.81398e-09	0.324215
1.81405e-09	0.323582
1.81412e-09	0.32295
1.81419e-09	0.322316
1.81427e-09	0.321683
1.81434e-09	0.321049
1.81441e-09	0.320415
1.81448e-09	0.319781
1.81455e-09	0.319147
1.81462e-09	0.318512
1.81469e-09	0.317876
1.81476e-09	0.317241
1.81483e-09	0.316605
1.8149e-09	0.315969
1.81497e-09	0.315333
1.81504e-09	0.314696
1.81511e-09	0.314059
1.81518e-09	0.313422
1.81526e-09	0.312784
1.81533e-09	0.312147
1.8154e-09	0.311509
1.81547e-09	0.31087
1.81554e-09	0.310232
1.81561e-09	0.309593
1.81568e-09	0.308953
1.81575e-09	0.308314
1.81582e-09	0.307674
1.81589e-09	0.307034
1.81596e-09	0.306394
1.81603e-09	0.305753
1.8161e-09	0.305113
1.81618e-09	0.304471
1.81625e-09	0.30383
1.81632e-09	0.303188
1.81639e-09	0.302547
1.81646e-09	0.301904
1.81653e-09	0.301262
1.8166e-09	0.300619
1.81667e-09	0.299976
1.81674e-09	0.299333
1.81681e-09	0.29869
1.81688e-09	0.298046
1.81695e-09	0.297402
1.81702e-09	0.296758
1.81709e-09	0.296113
1.81717e-09	0.295469
1.81724e-09	0.294824
1.81731e-09	0.294178
1.81738e-09	0.293533
1.81745e-09	0.292887
1.81752e-09	0.292241
1.81759e-09	0.291595
1.81766e-09	0.290949
1.81773e-09	0.290302
1.8178e-09	0.289655
1.81787e-09	0.289008
1.81794e-09	0.288361
1.81801e-09	0.287713
1.81808e-09	0.287065
1.81816e-09	0.286417
1.81823e-09	0.285769
1.8183e-09	0.285121
1.81837e-09	0.284472
1.81844e-09	0.283823
1.81851e-09	0.283174
1.81858e-09	0.282524
1.81865e-09	0.281875
1.81872e-09	0.281225
1.81879e-09	0.280575
1.81886e-09	0.279925
1.81893e-09	0.279274
1.819e-09	0.278624
1.81908e-09	0.277973
1.81915e-09	0.277322
1.81922e-09	0.27667
1.81929e-09	0.276019
1.81936e-09	0.275367
1.81943e-09	0.274715
1.8195e-09	0.274063
1.81957e-09	0.273411
1.81964e-09	0.272758
1.81971e-09	0.272105
1.81978e-09	0.271452
1.81985e-09	0.270799
1.81992e-09	0.270146
1.81999e-09	0.269493
1.82007e-09	0.268839
1.82014e-09	0.268185
1.82021e-09	0.267531
1.82028e-09	0.266877
1.82035e-09	0.266222
1.82042e-09	0.265567
1.82049e-09	0.264913
1.82056e-09	0.264258
1.82063e-09	0.263602
1.8207e-09	0.262947
1.82077e-09	0.262291
1.82084e-09	0.261636
1.82091e-09	0.26098
1.82098e-09	0.260324
1.82106e-09	0.259668
1.82113e-09	0.259011
1.8212e-09	0.258355
1.82127e-09	0.257698
1.82134e-09	0.257041
1.82141e-09	0.256384
1.82148e-09	0.255726
1.82155e-09	0.255069
1.82162e-09	0.254411
1.82169e-09	0.253754
1.82176e-09	0.253096
1.82183e-09	0.252438
1.8219e-09	0.25178
1.82197e-09	0.251121
1.82205e-09	0.250463
1.82212e-09	0.249804
1.82219e-09	0.249145
1.82226e-09	0.248486
1.82233e-09	0.247827
1.8224e-09	0.247168
1.82247e-09	0.246508
1.82254e-09	0.245849
1.82261e-09	0.245189
1.82268e-09	0.244529
1.82275e-09	0.243869
1.82282e-09	0.243209
1.82289e-09	0.242549
1.82297e-09	0.241888
1.82304e-09	0.241228
1.82311e-09	0.240567
1.82318e-09	0.239906
1.82325e-09	0.239245
1.82332e-09	0.238584
1.82339e-09	0.237923
1.82346e-09	0.237262
1.82353e-09	0.2366
1.8236e-09	0.235939
1.82367e-09	0.235277
1.82374e-09	0.234615
1.82381e-09	0.233954
1.82388e-09	0.233291
1.82396e-09	0.232629
1.82403e-09	0.231967
1.8241e-09	0.231305
1.82417e-09	0.230642
1.82424e-09	0.22998
1.82431e-09	0.229317
1.82438e-09	0.228654
1.82445e-09	0.227991
1.82452e-09	0.227328
1.82459e-09	0.226665
1.82466e-09	0.226002
1.82473e-09	0.225338
1.8248e-09	0.224675
1.82487e-09	0.224011
1.82495e-09	0.223347
1.82502e-09	0.222684
1.82509e-09	0.22202
1.82516e-09	0.221356
1.82523e-09	0.220692
1.8253e-09	0.220028
1.82537e-09	0.219364
1.82544e-09	0.218699
1.82551e-09	0.218035
1.82558e-09	0.21737
1.82565e-09	0.216706
1.82572e-09	0.216041
1.82579e-09	0.215376
1.82586e-09	0.214712
1.82594e-09	0.214047
1.82601e-09	0.213382
1.82608e-09	0.212717
1.82615e-09	0.212052
1.82622e-09	0.211386
1.82629e-09	0.210721
1.82636e-09	0.210056
1.82643e-09	0.20939
1.8265e-09	0.208725
1.82657e-09	0.208059
1.82664e-09	0.207394
1.82671e-09	0.206728
1.82678e-09	0.206062
1.82686e-09	0.205397
1.82693e-09	0.204731
1.827e-09	0.204065
1.82707e-09	0.203399
1.82714e-09	0.202733
1.82721e-09	0.202067
1.82728e-09	0.201401
1.82735e-09	0.200734
1.82742e-09	0.200068
1.82749e-09	0.199402
1.82756e-09	0.198736
1.82763e-09	0.198069
1.8277e-09	0.197403
1.82777e-09	0.196736
1.82785e-09	0.19607
1.82792e-09	0.195403
1.82799e-09	0.194737
1.82806e-09	0.19407
1.82813e-09	0.193403
1.8282e-09	0.192736
1.82827e-09	0.19207
1.82834e-09	0.191403
1.82841e-09	0.190736
1.82848e-09	0.190069
1.82855e-09	0.189402
1.82862e-09	0.188735
1.82869e-09	0.188069
1.82876e-09	0.187402
1.82884e-09	0.186735
1.82891e-09	0.186068
1.82898e-09	0.185401
1.82905e-09	0.184733
1.82912e-09	0.184066
1.82919e-09	0.183399
1.82926e-09	0.182732
1.82933e-09	0.182065
1.8294e-09	0.181398
1.82947e-09	0.180731
1.82954e-09	0.180064
1.82961e-09	0.179396
1.82968e-09	0.178729
1.82976e-09	0.178062
1.82983e-09	0.177395
1.8299e-09	0.176728
1.82997e-09	0.176061
1.83004e-09	0.175393
1.83011e-09	0.174726
1.83018e-09	0.174059
1.83025e-09	0.173392
1.83032e-09	0.172725
1.83039e-09	0.172057
1.83046e-09	0.17139
1.83053e-09	0.170723
1.8306e-09	0.170056
1.83067e-09	0.169389
1.83075e-09	0.168721
1.83082e-09	0.168054
1.83089e-09	0.167387
1.83096e-09	0.16672
1.83103e-09	0.166053
1.8311e-09	0.165386
1.83117e-09	0.164719
1.83124e-09	0.164052
1.83131e-09	0.163385
1.83138e-09	0.162718
1.83145e-09	0.162051
1.83152e-09	0.161384
1.83159e-09	0.160717
1.83166e-09	0.16005
1.83174e-09	0.159383
1.83181e-09	0.158716
1.83188e-09	0.15805
1.83195e-09	0.157383
1.83202e-09	0.156716
1.83209e-09	0.156049
1.83216e-09	0.155383
1.83223e-09	0.154716
1.8323e-09	0.15405
1.83237e-09	0.153383
1.83244e-09	0.152716
1.83251e-09	0.15205
1.83258e-09	0.151384
1.83265e-09	0.150717
1.83273e-09	0.150051
1.8328e-09	0.149385
1.83287e-09	0.148718
1.83294e-09	0.148052
1.83301e-09	0.147386
1.83308e-09	0.14672
1.83315e-09	0.146054
1.83322e-09	0.145388
1.83329e-09	0.144722
1.83336e-09	0.144056
1.83343e-09	0.143391
1.8335e-09	0.142725
1.83357e-09	0.142059
1.83365e-09	0.141394
1.83372e-09	0.140728
1.83379e-09	0.140063
1.83386e-09	0.139397
1.83393e-09	0.138732
1.834e-09	0.138067
1.83407e-09	0.137402
1.83414e-09	0.136736
1.83421e-09	0.136071
1.83428e-09	0.135406
1.83435e-09	0.134742
1.83442e-09	0.134077
1.83449e-09	0.133412
1.83456e-09	0.132747
1.83464e-09	0.132083
1.83471e-09	0.131418
1.83478e-09	0.130754
1.83485e-09	0.13009
1.83492e-09	0.129425
1.83499e-09	0.128761
1.83506e-09	0.128097
1.83513e-09	0.127433
1.8352e-09	0.126769
1.83527e-09	0.126106
1.83534e-09	0.125442
1.83541e-09	0.124778
1.83548e-09	0.124115
1.83555e-09	0.123452
1.83563e-09	0.122788
1.8357e-09	0.122125
1.83577e-09	0.121462
1.83584e-09	0.120799
1.83591e-09	0.120136
1.83598e-09	0.119473
1.83605e-09	0.118811
1.83612e-09	0.118148
1.83619e-09	0.117486
1.83626e-09	0.116823
1.83633e-09	0.116161
1.8364e-09	0.115499
1.83647e-09	0.114837
1.83655e-09	0.114175
1.83662e-09	0.113513
1.83669e-09	0.112852
1.83676e-09	0.11219
1.83683e-09	0.111529
1.8369e-09	0.110867
1.83697e-09	0.110206
1.83704e-09	0.109545
1.83711e-09	0.108884
1.83718e-09	0.108224
1.83725e-09	0.107563
1.83732e-09	0.106902
1.83739e-09	0.106242
1.83746e-09	0.105582
1.83754e-09	0.104922
1.83761e-09	0.104262
1.83768e-09	0.103602
1.83775e-09	0.102942
1.83782e-09	0.102282
1.83789e-09	0.101623
1.83796e-09	0.100964
1.83803e-09	0.100304
1.8381e-09	0.0996455
1.83817e-09	0.0989866
1.83824e-09	0.0983278
1.83831e-09	0.0976693
1.83838e-09	0.0970108
1.83845e-09	0.0963525
1.83853e-09	0.0956944
1.8386e-09	0.0950364
1.83867e-09	0.0943785
1.83874e-09	0.0937209
1.83881e-09	0.0930633
1.83888e-09	0.0924059
1.83895e-09	0.0917487
1.83902e-09	0.0910917
1.83909e-09	0.0904348
1.83916e-09	0.089778
1.83923e-09	0.0891215
1.8393e-09	0.088465
1.83937e-09	0.0878088
1.83944e-09	0.0871527
1.83952e-09	0.0864968
1.83959e-09	0.0858411
1.83966e-09	0.0851855
1.83973e-09	0.0845301
1.8398e-09	0.0838748
1.83987e-09	0.0832198
1.83994e-09	0.0825649
1.84001e-09	0.0819102
1.84008e-09	0.0812556
1.84015e-09	0.0806013
1.84022e-09	0.0799471
1.84029e-09	0.0792931
1.84036e-09	0.0786393
1.84044e-09	0.0779857
1.84051e-09	0.0773322
1.84058e-09	0.076679
1.84065e-09	0.0760259
1.84072e-09	0.075373
1.84079e-09	0.0747203
1.84086e-09	0.0740678
1.84093e-09	0.0734155
1.841e-09	0.0727633
1.84107e-09	0.0721114
1.84114e-09	0.0714597
1.84121e-09	0.0708081
1.84128e-09	0.0701568
1.84135e-09	0.0695056
1.84143e-09	0.0688547
1.8415e-09	0.0682039
1.84157e-09	0.0675534
1.84164e-09	0.066903
1.84171e-09	0.0662529
1.84178e-09	0.0656029
1.84185e-09	0.0649532
1.84192e-09	0.0643037
1.84199e-09	0.0636544
1.84206e-09	0.0630053
1.84213e-09	0.0623564
1.8422e-09	0.0617077
1.84227e-09	0.0610592
1.84234e-09	0.060411
1.84242e-09	0.059763
1.84249e-09	0.0591151
1.84256e-09	0.0584675
1.84263e-09	0.0578202
1.8427e-09	0.057173
1.84277e-09	0.0565261
1.84284e-09	0.0558793
1.84291e-09	0.0552328
1.84298e-09	0.0545866
1.84305e-09	0.0539405
1.84312e-09	0.0532947
1.84319e-09	0.0526491
1.84326e-09	0.0520038
1.84334e-09	0.0513587
1.84341e-09	0.0507138
1.84348e-09	0.0500691
1.84355e-09	0.0494247
1.84362e-09	0.0487805
1.84369e-09	0.0481365
1.84376e-09	0.0474928
1.84383e-09	0.0468494
1.8439e-09	0.0462061
1.84397e-09	0.0455631
1.84404e-09	0.0449204
1.84411e-09	0.0442779
1.84418e-09	0.0436356
1.84425e-09	0.0429936
1.84433e-09	0.0423518
1.8444e-09	0.0417103
1.84447e-09	0.041069
1.84454e-09	0.040428
1.84461e-09	0.0397872
1.84468e-09	0.0391467
1.84475e-09	0.0385064
1.84482e-09	0.0378664
1.84489e-09	0.0372267
1.84496e-09	0.0365872
1.84503e-09	0.0359479
1.8451e-09	0.035309
1.84517e-09	0.0346702
1.84524e-09	0.0340318
1.84532e-09	0.0333936
1.84539e-09	0.0327557
1.84546e-09	0.032118
1.84553e-09	0.0314806
1.8456e-09	0.0308435
1.84567e-09	0.0302066
1.84574e-09	0.02957
1.84581e-09	0.0289337
1.84588e-09	0.0282976
1.84595e-09	0.0276619
1.84602e-09	0.0270264
1.84609e-09	0.0263911
1.84616e-09	0.0257562
1.84623e-09	0.0251215
1.84631e-09	0.0244871
1.84638e-09	0.023853
1.84645e-09	0.0232192
1.84652e-09	0.0225856
1.84659e-09	0.0219523
1.84666e-09	0.0213193
1.84673e-09	0.0206866
1.8468e-09	0.0200542
1.84687e-09	0.0194221
1.84694e-09	0.0187903
1.84701e-09	0.0181587
1.84708e-09	0.0175274
1.84715e-09	0.0168965
1.84723e-09	0.0162658
1.8473e-09	0.0156354
1.84737e-09	0.0150053
1.84744e-09	0.0143755
1.84751e-09	0.013746
1.84758e-09	0.0131168
1.84765e-09	0.012488
1.84772e-09	0.0118594
1.84779e-09	0.0112311
1.84786e-09	0.0106031
1.84793e-09	0.00997538
1.848e-09	0.009348
1.84807e-09	0.00872092
1.84814e-09	0.00809415
1.84822e-09	0.00746769
1.84829e-09	0.00684154
1.84836e-09	0.00621569
1.84843e-09	0.00559016
1.8485e-09	0.00496494
1.84857e-09	0.00434004
1.84864e-09	0.00371545
1.84871e-09	0.00309117
1.84878e-09	0.00246721
1.84885e-09	0.00184357
1.84892e-09	0.00122025
1.84899e-09	0.000597243
1.84906e-09	-2.54394e-05
1.84913e-09	-0.0006478
1.84921e-09	-0.00126984
1.84928e-09	-0.00189155
1.84935e-09	-0.00251294
1.84942e-09	-0.003134
1.84949e-09	-0.00375473
1.84956e-09	-0.00437514
1.84963e-09	-0.00499522
1.8497e-09	-0.00561496
1.84977e-09	-0.00623438
1.84984e-09	-0.00685346
1.84991e-09	-0.00747221
1.84998e-09	-0.00809063
1.85005e-09	-0.0087087
1.85012e-09	-0.00932645
1.8502e-09	-0.00994385
1.85027e-09	-0.0105609
1.85034e-09	-0.0111776
1.85041e-09	-0.011794
1.85048e-09	-0.0124101
1.85055e-09	-0.0130258
1.85062e-09	-0.0136411
1.85069e-09	-0.0142561
1.85076e-09	-0.0148708
1.85083e-09	-0.0154851
1.8509e-09	-0.0160991
1.85097e-09	-0.0167127
1.85104e-09	-0.017326
1.85112e-09	-0.0179389
1.85119e-09	-0.0185515
1.85126e-09	-0.0191637
1.85133e-09	-0.0197755
1.8514e-09	-0.020387
1.85147e-09	-0.0209982
1.85154e-09	-0.021609
1.85161e-09	-0.0222194
1.85168e-09	-0.0228295
1.85175e-09	-0.0234392
1.85182e-09	-0.0240485
1.85189e-09	-0.0246575
1.85196e-09	-0.0252661
1.85203e-09	-0.0258744
1.85211e-09	-0.0264823
1.85218e-09	-0.0270898
1.85225e-09	-0.027697
1.85232e-09	-0.0283038
1.85239e-09	-0.0289102
1.85246e-09	-0.0295162
1.85253e-09	-0.0301219
1.8526e-09	-0.0307272
1.85267e-09	-0.0313322
1.85274e-09	-0.0319367
1.85281e-09	-0.0325409
1.85288e-09	-0.0331447
1.85295e-09	-0.0337481
1.85302e-09	-0.0343512
1.8531e-09	-0.0349539
1.85317e-09	-0.0355561
1.85324e-09	-0.0361581
1.85331e-09	-0.0367596
1.85338e-09	-0.0373607
1.85345e-09	-0.0379615
1.85352e-09	-0.0385619
1.85359e-09	-0.0391618
1.85366e-09	-0.0397614
1.85373e-09	-0.0403606
1.8538e-09	-0.0409595
1.85387e-09	-0.0415579
1.85394e-09	-0.0421559
1.85402e-09	-0.0427536
1.85409e-09	-0.0433508
1.85416e-09	-0.0439477
1.85423e-09	-0.0445441
1.8543e-09	-0.0451402
1.85437e-09	-0.0457359
1.85444e-09	-0.0463312
1.85451e-09	-0.046926
1.85458e-09	-0.0475205
1.85465e-09	-0.0481146
1.85472e-09	-0.0487082
1.85479e-09	-0.0493015
1.85486e-09	-0.0498944
1.85493e-09	-0.0504868
1.85501e-09	-0.0510789
1.85508e-09	-0.0516705
1.85515e-09	-0.0522617
1.85522e-09	-0.0528526
1.85529e-09	-0.053443
1.85536e-09	-0.054033
1.85543e-09	-0.0546226
1.8555e-09	-0.0552118
1.85557e-09	-0.0558005
1.85564e-09	-0.0563889
1.85571e-09	-0.0569768
1.85578e-09	-0.0575643
1.85585e-09	-0.0581514
1.85592e-09	-0.0587381
1.856e-09	-0.0593244
1.85607e-09	-0.0599102
1.85614e-09	-0.0604957
1.85621e-09	-0.0610807
1.85628e-09	-0.0616652
1.85635e-09	-0.0622494
1.85642e-09	-0.0628331
1.85649e-09	-0.0634164
1.85656e-09	-0.0639993
1.85663e-09	-0.0645818
1.8567e-09	-0.0651638
1.85677e-09	-0.0657454
1.85684e-09	-0.0663265
1.85691e-09	-0.0669073
1.85699e-09	-0.0674876
1.85706e-09	-0.0680674
1.85713e-09	-0.0686468
1.8572e-09	-0.0692258
1.85727e-09	-0.0698044
1.85734e-09	-0.0703825
1.85741e-09	-0.0709602
1.85748e-09	-0.0715375
1.85755e-09	-0.0721143
1.85762e-09	-0.0726906
1.85769e-09	-0.0732666
1.85776e-09	-0.073842
1.85783e-09	-0.0744171
1.85791e-09	-0.0749917
1.85798e-09	-0.0755658
1.85805e-09	-0.0761395
1.85812e-09	-0.0767128
1.85819e-09	-0.0772856
1.85826e-09	-0.0778579
1.85833e-09	-0.0784298
1.8584e-09	-0.0790013
1.85847e-09	-0.0795723
1.85854e-09	-0.0801429
1.85861e-09	-0.080713
1.85868e-09	-0.0812826
1.85875e-09	-0.0818518
1.85882e-09	-0.0824205
1.8589e-09	-0.0829888
1.85897e-09	-0.0835566
1.85904e-09	-0.084124
1.85911e-09	-0.0846909
1.85918e-09	-0.0852574
1.85925e-09	-0.0858233
1.85932e-09	-0.0863889
1.85939e-09	-0.0869539
1.85946e-09	-0.0875185
1.85953e-09	-0.0880826
1.8596e-09	-0.0886463
1.85967e-09	-0.0892095
1.85974e-09	-0.0897722
1.85981e-09	-0.0903345
1.85989e-09	-0.0908963
1.85996e-09	-0.0914576
1.86003e-09	-0.0920185
1.8601e-09	-0.0925789
1.86017e-09	-0.0931388
1.86024e-09	-0.0936982
1.86031e-09	-0.0942572
1.86038e-09	-0.0948156
1.86045e-09	-0.0953737
1.86052e-09	-0.0959312
1.86059e-09	-0.0964883
1.86066e-09	-0.0970448
1.86073e-09	-0.0976009
1.86081e-09	-0.0981565
1.86088e-09	-0.0987117
1.86095e-09	-0.0992663
1.86102e-09	-0.0998205
1.86109e-09	-0.100374
1.86116e-09	-0.100927
1.86123e-09	-0.10148
1.8613e-09	-0.102032
1.86137e-09	-0.102584
1.86144e-09	-0.103135
1.86151e-09	-0.103686
1.86158e-09	-0.104236
1.86165e-09	-0.104786
1.86172e-09	-0.105336
1.8618e-09	-0.105884
1.86187e-09	-0.106433
1.86194e-09	-0.10698
1.86201e-09	-0.107528
1.86208e-09	-0.108075
1.86215e-09	-0.108621
1.86222e-09	-0.109167
1.86229e-09	-0.109712
1.86236e-09	-0.110257
1.86243e-09	-0.110801
1.8625e-09	-0.111345
1.86257e-09	-0.111889
1.86264e-09	-0.112431
1.86271e-09	-0.112974
1.86279e-09	-0.113516
1.86286e-09	-0.114057
1.86293e-09	-0.114598
1.863e-09	-0.115138
1.86307e-09	-0.115678
1.86314e-09	-0.116217
1.86321e-09	-0.116756
1.86328e-09	-0.117294
1.86335e-09	-0.117832
1.86342e-09	-0.118369
1.86349e-09	-0.118906
1.86356e-09	-0.119442
1.86363e-09	-0.119978
1.8637e-09	-0.120513
1.86378e-09	-0.121048
1.86385e-09	-0.121582
1.86392e-09	-0.122116
1.86399e-09	-0.122649
1.86406e-09	-0.123182
1.86413e-09	-0.123714
1.8642e-09	-0.124245
1.86427e-09	-0.124776
1.86434e-09	-0.125307
1.86441e-09	-0.125837
1.86448e-09	-0.126367
1.86455e-09	-0.126896
1.86462e-09	-0.127424
1.8647e-09	-0.127952
1.86477e-09	-0.128479
1.86484e-09	-0.129006
1.86491e-09	-0.129533
1.86498e-09	-0.130058
1.86505e-09	-0.130584
1.86512e-09	-0.131109
1.86519e-09	-0.131633
1.86526e-09	-0.132157
1.86533e-09	-0.13268
1.8654e-09	-0.133202
1.86547e-09	-0.133725
1.86554e-09	-0.134246
1.86561e-09	-0.134767
1.86569e-09	-0.135288
1.86576e-09	-0.135808
1.86583e-09	-0.136327
1.8659e-09	-0.136846
1.86597e-09	-0.137364
1.86604e-09	-0.137882
1.86611e-09	-0.1384
1.86618e-09	-0.138916
1.86625e-09	-0.139433
1.86632e-09	-0.139948
1.86639e-09	-0.140463
1.86646e-09	-0.140978
1.86653e-09	-0.141492
1.8666e-09	-0.142005
1.86668e-09	-0.142518
1.86675e-09	-0.143031
1.86682e-09	-0.143543
1.86689e-09	-0.144054
1.86696e-09	-0.144565
1.86703e-09	-0.145075
1.8671e-09	-0.145585
1.86717e-09	-0.146094
1.86724e-09	-0.146602
1.86731e-09	-0.14711
1.86738e-09	-0.147618
1.86745e-09	-0.148125
1.86752e-09	-0.148631
1.8676e-09	-0.149137
1.86767e-09	-0.149642
1.86774e-09	-0.150147
1.86781e-09	-0.150651
1.86788e-09	-0.151154
1.86795e-09	-0.151657
1.86802e-09	-0.15216
1.86809e-09	-0.152662
1.86816e-09	-0.153163
1.86823e-09	-0.153664
1.8683e-09	-0.154164
1.86837e-09	-0.154664
1.86844e-09	-0.155163
1.86851e-09	-0.155661
1.86859e-09	-0.156159
1.86866e-09	-0.156657
1.86873e-09	-0.157153
1.8688e-09	-0.15765
1.86887e-09	-0.158145
1.86894e-09	-0.158641
1.86901e-09	-0.159135
1.86908e-09	-0.159629
1.86915e-09	-0.160122
1.86922e-09	-0.160615
1.86929e-09	-0.161108
1.86936e-09	-0.161599
1.86943e-09	-0.16209
1.8695e-09	-0.162581
1.86958e-09	-0.163071
1.86965e-09	-0.16356
1.86972e-09	-0.164049
1.86979e-09	-0.164537
1.86986e-09	-0.165025
1.86993e-09	-0.165512
1.87e-09	-0.165999
1.87007e-09	-0.166485
1.87014e-09	-0.16697
1.87021e-09	-0.167455
1.87028e-09	-0.167939
1.87035e-09	-0.168423
1.87042e-09	-0.168906
1.87049e-09	-0.169388
1.87057e-09	-0.16987
1.87064e-09	-0.170351
1.87071e-09	-0.170832
1.87078e-09	-0.171312
1.87085e-09	-0.171792
1.87092e-09	-0.172271
1.87099e-09	-0.172749
1.87106e-09	-0.173227
1.87113e-09	-0.173704
1.8712e-09	-0.174181
1.87127e-09	-0.174657
1.87134e-09	-0.175132
1.87141e-09	-0.175607
1.87149e-09	-0.176081
1.87156e-09	-0.176555
1.87163e-09	-0.177028
1.8717e-09	-0.1775
1.87177e-09	-0.177972
1.87184e-09	-0.178443
1.87191e-09	-0.178914
1.87198e-09	-0.179384
1.87205e-09	-0.179854
1.87212e-09	-0.180322
1.87219e-09	-0.180791
1.87226e-09	-0.181258
1.87233e-09	-0.181726
1.8724e-09	-0.182192
1.87248e-09	-0.182658
1.87255e-09	-0.183123
1.87262e-09	-0.183588
1.87269e-09	-0.184052
1.87276e-09	-0.184515
1.87283e-09	-0.184978
1.8729e-09	-0.185441
1.87297e-09	-0.185902
1.87304e-09	-0.186363
1.87311e-09	-0.186824
1.87318e-09	-0.187284
1.87325e-09	-0.187743
1.87332e-09	-0.188202
1.87339e-09	-0.18866
1.87347e-09	-0.189117
1.87354e-09	-0.189574
1.87361e-09	-0.19003
1.87368e-09	-0.190486
1.87375e-09	-0.190941
1.87382e-09	-0.191395
1.87389e-09	-0.191849
1.87396e-09	-0.192302
1.87403e-09	-0.192754
1.8741e-09	-0.193206
1.87417e-09	-0.193658
1.87424e-09	-0.194108
1.87431e-09	-0.194559
1.87438e-09	-0.195008
1.87446e-09	-0.195457
1.87453e-09	-0.195905
1.8746e-09	-0.196353
1.87467e-09	-0.1968
1.87474e-09	-0.197246
1.87481e-09	-0.197692
1.87488e-09	-0.198137
1.87495e-09	-0.198581
1.87502e-09	-0.199025
1.87509e-09	-0.199469
1.87516e-09	-0.199911
1.87523e-09	-0.200353
1.8753e-09	-0.200795
1.87538e-09	-0.201236
1.87545e-09	-0.201676
1.87552e-09	-0.202115
1.87559e-09	-0.202554
1.87566e-09	-0.202992
1.87573e-09	-0.20343
1.8758e-09	-0.203867
1.87587e-09	-0.204304
1.87594e-09	-0.204739
1.87601e-09	-0.205175
1.87608e-09	-0.205609
1.87615e-09	-0.206043
1.87622e-09	-0.206476
1.87629e-09	-0.206909
1.87637e-09	-0.207341
1.87644e-09	-0.207772
1.87651e-09	-0.208203
1.87658e-09	-0.208633
1.87665e-09	-0.209063
1.87672e-09	-0.209491
1.87679e-09	-0.20992
1.87686e-09	-0.210347
1.87693e-09	-0.210774
1.877e-09	-0.211201
1.87707e-09	-0.211626
1.87714e-09	-0.212051
1.87721e-09	-0.212476
1.87728e-09	-0.212899
1.87736e-09	-0.213323
1.87743e-09	-0.213745
1.8775e-09	-0.214167
1.87757e-09	-0.214588
1.87764e-09	-0.215009
1.87771e-09	-0.215429
1.87778e-09	-0.215848
1.87785e-09	-0.216267
1.87792e-09	-0.216685
1.87799e-09	-0.217102
1.87806e-09	-0.217519
1.87813e-09	-0.217935
1.8782e-09	-0.21835
1.87828e-09	-0.218765
1.87835e-09	-0.219179
1.87842e-09	-0.219593
1.87849e-09	-0.220005
1.87856e-09	-0.220418
1.87863e-09	-0.220829
1.8787e-09	-0.22124
1.87877e-09	-0.22165
1.87884e-09	-0.22206
1.87891e-09	-0.222469
1.87898e-09	-0.222877
1.87905e-09	-0.223285
1.87912e-09	-0.223692
1.87919e-09	-0.224098
1.87927e-09	-0.224504
1.87934e-09	-0.224909
1.87941e-09	-0.225314
1.87948e-09	-0.225717
1.87955e-09	-0.22612
1.87962e-09	-0.226523
1.87969e-09	-0.226925
1.87976e-09	-0.227326
1.87983e-09	-0.227726
1.8799e-09	-0.228126
1.87997e-09	-0.228525
1.88004e-09	-0.228924
1.88011e-09	-0.229322
1.88018e-09	-0.229719
1.88026e-09	-0.230116
1.88033e-09	-0.230512
1.8804e-09	-0.230907
1.88047e-09	-0.231301
1.88054e-09	-0.231695
1.88061e-09	-0.232089
1.88068e-09	-0.232481
1.88075e-09	-0.232873
1.88082e-09	-0.233265
1.88089e-09	-0.233655
1.88096e-09	-0.234045
1.88103e-09	-0.234435
1.8811e-09	-0.234823
1.88117e-09	-0.235211
1.88125e-09	-0.235599
1.88132e-09	-0.235985
1.88139e-09	-0.236371
1.88146e-09	-0.236757
1.88153e-09	-0.237141
1.8816e-09	-0.237525
1.88167e-09	-0.237909
1.88174e-09	-0.238291
1.88181e-09	-0.238673
1.88188e-09	-0.239055
1.88195e-09	-0.239435
1.88202e-09	-0.239815
1.88209e-09	-0.240195
1.88217e-09	-0.240573
1.88224e-09	-0.240951
1.88231e-09	-0.241329
1.88238e-09	-0.241705
1.88245e-09	-0.242081
1.88252e-09	-0.242457
1.88259e-09	-0.242831
1.88266e-09	-0.243205
1.88273e-09	-0.243579
1.8828e-09	-0.243951
1.88287e-09	-0.244323
1.88294e-09	-0.244695
1.88301e-09	-0.245065
1.88308e-09	-0.245435
1.88316e-09	-0.245805
1.88323e-09	-0.246173
1.8833e-09	-0.246541
1.88337e-09	-0.246908
1.88344e-09	-0.247275
1.88351e-09	-0.247641
1.88358e-09	-0.248006
1.88365e-09	-0.248371
1.88372e-09	-0.248735
1.88379e-09	-0.249098
1.88386e-09	-0.24946
1.88393e-09	-0.249822
1.884e-09	-0.250184
1.88407e-09	-0.250544
1.88415e-09	-0.250904
1.88422e-09	-0.251263
1.88429e-09	-0.251622
1.88436e-09	-0.251979
1.88443e-09	-0.252336
1.8845e-09	-0.252693
1.88457e-09	-0.253049
1.88464e-09	-0.253404
1.88471e-09	-0.253758
1.88478e-09	-0.254112
1.88485e-09	-0.254465
1.88492e-09	-0.254817
1.88499e-09	-0.255169
1.88507e-09	-0.25552
1.88514e-09	-0.25587
1.88521e-09	-0.25622
1.88528e-09	-0.256569
1.88535e-09	-0.256917
1.88542e-09	-0.257265
1.88549e-09	-0.257612
1.88556e-09	-0.257958
1.88563e-09	-0.258303
1.8857e-09	-0.258648
1.88577e-09	-0.258992
1.88584e-09	-0.259336
1.88591e-09	-0.259679
1.88598e-09	-0.260021
1.88606e-09	-0.260362
1.88613e-09	-0.260703
1.8862e-09	-0.261043
1.88627e-09	-0.261382
1.88634e-09	-0.261721
1.88641e-09	-0.262059
1.88648e-09	-0.262396
1.88655e-09	-0.262733
1.88662e-09	-0.263069
1.88669e-09	-0.263404
1.88676e-09	-0.263738
1.88683e-09	-0.264072
1.8869e-09	-0.264405
1.88697e-09	-0.264738
1.88705e-09	-0.26507
1.88712e-09	-0.265401
1.88719e-09	-0.265731
1.88726e-09	-0.266061
1.88733e-09	-0.26639
1.8874e-09	-0.266718
1.88747e-09	-0.267046
1.88754e-09	-0.267373
1.88761e-09	-0.267699
1.88768e-09	-0.268024
1.88775e-09	-0.268349
1.88782e-09	-0.268673
1.88789e-09	-0.268997
1.88796e-09	-0.26932
1.88804e-09	-0.269642
1.88811e-09	-0.269963
1.88818e-09	-0.270284
1.88825e-09	-0.270604
1.88832e-09	-0.270923
1.88839e-09	-0.271242
1.88846e-09	-0.271559
1.88853e-09	-0.271877
1.8886e-09	-0.272193
1.88867e-09	-0.272509
1.88874e-09	-0.272824
1.88881e-09	-0.273139
1.88888e-09	-0.273452
1.88896e-09	-0.273765
1.88903e-09	-0.274078
1.8891e-09	-0.274389
1.88917e-09	-0.2747
1.88924e-09	-0.27501
1.88931e-09	-0.27532
1.88938e-09	-0.275629
1.88945e-09	-0.275937
1.88952e-09	-0.276244
1.88959e-09	-0.276551
1.88966e-09	-0.276857
1.88973e-09	-0.277162
1.8898e-09	-0.277467
1.88987e-09	-0.277771
1.88995e-09	-0.278074
1.89002e-09	-0.278377
1.89009e-09	-0.278679
1.89016e-09	-0.27898
1.89023e-09	-0.27928
1.8903e-09	-0.27958
1.89037e-09	-0.279879
1.89044e-09	-0.280177
1.89051e-09	-0.280475
1.89058e-09	-0.280772
1.89065e-09	-0.281068
1.89072e-09	-0.281363
1.89079e-09	-0.281658
1.89086e-09	-0.281952
1.89094e-09	-0.282246
1.89101e-09	-0.282539
1.89108e-09	-0.282831
1.89115e-09	-0.283122
1.89122e-09	-0.283412
1.89129e-09	-0.283702
1.89136e-09	-0.283991
1.89143e-09	-0.28428
1.8915e-09	-0.284568
1.89157e-09	-0.284855
1.89164e-09	-0.285141
1.89171e-09	-0.285427
1.89178e-09	-0.285712
1.89185e-09	-0.285996
1.89193e-09	-0.286279
1.892e-09	-0.286562
1.89207e-09	-0.286844
1.89214e-09	-0.287126
1.89221e-09	-0.287407
1.89228e-09	-0.287687
1.89235e-09	-0.287966
1.89242e-09	-0.288244
1.89249e-09	-0.288522
1.89256e-09	-0.288799
1.89263e-09	-0.289076
1.8927e-09	-0.289352
1.89277e-09	-0.289627
1.89285e-09	-0.289901
1.89292e-09	-0.290175
1.89299e-09	-0.290448
1.89306e-09	-0.29072
1.89313e-09	-0.290991
1.8932e-09	-0.291262
1.89327e-09	-0.291532
1.89334e-09	-0.291802
1.89341e-09	-0.29207
1.89348e-09	-0.292338
1.89355e-09	-0.292606
1.89362e-09	-0.292872
1.89369e-09	-0.293138
1.89376e-09	-0.293403
1.89384e-09	-0.293667
1.89391e-09	-0.293931
1.89398e-09	-0.294194
1.89405e-09	-0.294456
1.89412e-09	-0.294718
1.89419e-09	-0.294979
1.89426e-09	-0.295239
1.89433e-09	-0.295498
1.8944e-09	-0.295757
1.89447e-09	-0.296015
1.89454e-09	-0.296273
1.89461e-09	-0.296529
1.89468e-09	-0.296785
1.89475e-09	-0.29704
1.89483e-09	-0.297295
1.8949e-09	-0.297548
1.89497e-09	-0.297801
1.89504e-09	-0.298054
1.89511e-09	-0.298305
1.89518e-09	-0.298556
1.89525e-09	-0.298806
1.89532e-09	-0.299056
1.89539e-09	-0.299305
1.89546e-09	-0.299553
1.89553e-09	-0.2998
1.8956e-09	-0.300047
1.89567e-09	-0.300293
1.89575e-09	-0.300538
1.89582e-09	-0.300782
1.89589e-09	-0.301026
1.89596e-09	-0.301269
1.89603e-09	-0.301511
1.8961e-09	-0.301753
1.89617e-09	-0.301994
1.89624e-09	-0.302234
1.89631e-09	-0.302474
1.89638e-09	-0.302713
1.89645e-09	-0.302951
1.89652e-09	-0.303188
1.89659e-09	-0.303425
1.89666e-09	-0.303661
1.89674e-09	-0.303896
1.89681e-09	-0.30413
1.89688e-09	-0.304364
1.89695e-09	-0.304597
1.89702e-09	-0.304829
1.89709e-09	-0.305061
1.89716e-09	-0.305292
1.89723e-09	-0.305522
1.8973e-09	-0.305752
1.89737e-09	-0.30598
1.89744e-09	-0.306209
1.89751e-09	-0.306436
1.89758e-09	-0.306663
1.89765e-09	-0.306888
1.89773e-09	-0.307114
1.8978e-09	-0.307338
1.89787e-09	-0.307562
1.89794e-09	-0.307785
1.89801e-09	-0.308007
1.89808e-09	-0.308229
1.89815e-09	-0.30845
1.89822e-09	-0.30867
1.89829e-09	-0.30889
1.89836e-09	-0.309108
1.89843e-09	-0.309326
1.8985e-09	-0.309544
1.89857e-09	-0.30976
1.89864e-09	-0.309976
1.89872e-09	-0.310192
1.89879e-09	-0.310406
1.89886e-09	-0.31062
1.89893e-09	-0.310833
1.899e-09	-0.311045
1.89907e-09	-0.311257
1.89914e-09	-0.311468
1.89921e-09	-0.311678
1.89928e-09	-0.311887
1.89935e-09	-0.312096
1.89942e-09	-0.312304
1.89949e-09	-0.312511
1.89956e-09	-0.312718
1.89964e-09	-0.312924
1.89971e-09	-0.313129
1.89978e-09	-0.313334
1.89985e-09	-0.313537
1.89992e-09	-0.31374
1.89999e-09	-0.313943
1.90006e-09	-0.314144
1.90013e-09	-0.314345
1.9002e-09	-0.314545
1.90027e-09	-0.314745
1.90034e-09	-0.314944
1.90041e-09	-0.315142
1.90048e-09	-0.315339
1.90055e-09	-0.315536
1.90063e-09	-0.315731
1.9007e-09	-0.315927
1.90077e-09	-0.316121
1.90084e-09	-0.316315
1.90091e-09	-0.316508
1.90098e-09	-0.3167
1.90105e-09	-0.316892
1.90112e-09	-0.317083
1.90119e-09	-0.317273
1.90126e-09	-0.317462
1.90133e-09	-0.317651
1.9014e-09	-0.317839
1.90147e-09	-0.318026
1.90154e-09	-0.318213
1.90162e-09	-0.318399
1.90169e-09	-0.318584
1.90176e-09	-0.318768
1.90183e-09	-0.318952
1.9019e-09	-0.319135
1.90197e-09	-0.319317
1.90204e-09	-0.319499
1.90211e-09	-0.31968
1.90218e-09	-0.31986
1.90225e-09	-0.320039
1.90232e-09	-0.320218
1.90239e-09	-0.320396
1.90246e-09	-0.320573
1.90254e-09	-0.32075
1.90261e-09	-0.320926
1.90268e-09	-0.321101
1.90275e-09	-0.321275
1.90282e-09	-0.321449
1.90289e-09	-0.321622
1.90296e-09	-0.321794
1.90303e-09	-0.321966
1.9031e-09	-0.322137
1.90317e-09	-0.322307
1.90324e-09	-0.322477
1.90331e-09	-0.322645
1.90338e-09	-0.322813
1.90345e-09	-0.322981
1.90353e-09	-0.323147
1.9036e-09	-0.323313
1.90367e-09	-0.323478
1.90374e-09	-0.323643
1.90381e-09	-0.323806
1.90388e-09	-0.323969
1.90395e-09	-0.324132
1.90402e-09	-0.324293
1.90409e-09	-0.324454
1.90416e-09	-0.324614
1.90423e-09	-0.324774
1.9043e-09	-0.324933
1.90437e-09	-0.325091
1.90444e-09	-0.325248
1.90452e-09	-0.325404
1.90459e-09	-0.32556
1.90466e-09	-0.325716
1.90473e-09	-0.32587
1.9048e-09	-0.326024
1.90487e-09	-0.326177
1.90494e-09	-0.326329
1.90501e-09	-0.326481
1.90508e-09	-0.326632
1.90515e-09	-0.326782
1.90522e-09	-0.326931
1.90529e-09	-0.32708
1.90536e-09	-0.327228
1.90543e-09	-0.327376
1.90551e-09	-0.327522
1.90558e-09	-0.327668
1.90565e-09	-0.327813
1.90572e-09	-0.327958
1.90579e-09	-0.328102
1.90586e-09	-0.328245
1.90593e-09	-0.328387
1.906e-09	-0.328529
1.90607e-09	-0.32867
1.90614e-09	-0.32881
1.90621e-09	-0.32895
1.90628e-09	-0.329088
1.90635e-09	-0.329227
1.90643e-09	-0.329364
1.9065e-09	-0.329501
1.90657e-09	-0.329637
1.90664e-09	-0.329772
1.90671e-09	-0.329907
1.90678e-09	-0.33004
1.90685e-09	-0.330174
1.90692e-09	-0.330306
1.90699e-09	-0.330438
1.90706e-09	-0.330569
1.90713e-09	-0.330699
1.9072e-09	-0.330829
1.90727e-09	-0.330958
1.90734e-09	-0.331086
1.90742e-09	-0.331213
1.90749e-09	-0.33134
1.90756e-09	-0.331466
1.90763e-09	-0.331592
1.9077e-09	-0.331716
1.90777e-09	-0.33184
1.90784e-09	-0.331964
1.90791e-09	-0.332086
1.90798e-09	-0.332208
1.90805e-09	-0.332329
1.90812e-09	-0.33245
1.90819e-09	-0.332569
1.90826e-09	-0.332688
1.90833e-09	-0.332807
1.90841e-09	-0.332924
1.90848e-09	-0.333041
1.90855e-09	-0.333157
1.90862e-09	-0.333273
1.90869e-09	-0.333388
1.90876e-09	-0.333502
1.90883e-09	-0.333615
1.9089e-09	-0.333728
1.90897e-09	-0.33384
1.90904e-09	-0.333951
1.90911e-09	-0.334062
1.90918e-09	-0.334172
1.90925e-09	-0.334281
1.90933e-09	-0.334389
1.9094e-09	-0.334497
1.90947e-09	-0.334604
1.90954e-09	-0.334711
1.90961e-09	-0.334816
1.90968e-09	-0.334921
1.90975e-09	-0.335025
1.90982e-09	-0.335129
1.90989e-09	-0.335232
1.90996e-09	-0.335334
1.91003e-09	-0.335435
1.9101e-09	-0.335536
1.91017e-09	-0.335636
1.91024e-09	-0.335736
1.91032e-09	-0.335834
1.91039e-09	-0.335932
1.91046e-09	-0.33603
1.91053e-09	-0.336126
1.9106e-09	-0.336222
1.91067e-09	-0.336317
1.91074e-09	-0.336412
1.91081e-09	-0.336505
1.91088e-09	-0.336598
1.91095e-09	-0.336691
1.91102e-09	-0.336782
1.91109e-09	-0.336873
1.91116e-09	-0.336964
1.91123e-09	-0.337053
1.91131e-09	-0.337142
1.91138e-09	-0.33723
1.91145e-09	-0.337318
1.91152e-09	-0.337405
1.91159e-09	-0.337491
1.91166e-09	-0.337576
1.91173e-09	-0.337661
1.9118e-09	-0.337745
1.91187e-09	-0.337828
1.91194e-09	-0.337911
1.91201e-09	-0.337993
1.91208e-09	-0.338074
1.91215e-09	-0.338155
1.91222e-09	-0.338234
1.9123e-09	-0.338314
1.91237e-09	-0.338392
1.91244e-09	-0.33847
1.91251e-09	-0.338547
1.91258e-09	-0.338623
1.91265e-09	-0.338699
1.91272e-09	-0.338774
1.91279e-09	-0.338848
1.91286e-09	-0.338922
1.91293e-09	-0.338995
1.913e-09	-0.339067
1.91307e-09	-0.339139
1.91314e-09	-0.339209
1.91322e-09	-0.33928
1.91329e-09	-0.339349
1.91336e-09	-0.339418
1.91343e-09	-0.339486
1.9135e-09	-0.339553
1.91357e-09	-0.33962
1.91364e-09	-0.339686
1.91371e-09	-0.339751
1.91378e-09	-0.339816
1.91385e-09	-0.33988
1.91392e-09	-0.339943
1.91399e-09	-0.340006
1.91406e-09	-0.340068
1.91413e-09	-0.340129
1.91421e-09	-0.34019
1.91428e-09	-0.340249
1.91435e-09	-0.340309
1.91442e-09	-0.340367
1.91449e-09	-0.340425
1.91456e-09	-0.340482
1.91463e-09	-0.340538
1.9147e-09	-0.340594
1.91477e-09	-0.340649
1.91484e-09	-0.340704
1.91491e-09	-0.340757
1.91498e-09	-0.34081
1.91505e-09	-0.340863
1.91512e-09	-0.340914
1.9152e-09	-0.340965
1.91527e-09	-0.341015
1.91534e-09	-0.341065
1.91541e-09	-0.341114
1.91548e-09	-0.341162
1.91555e-09	-0.34121
1.91562e-09	-0.341257
1.91569e-09	-0.341303
1.91576e-09	-0.341348
1.91583e-09	-0.341393
1.9159e-09	-0.341437
1.91597e-09	-0.341481
1.91604e-09	-0.341524
1.91611e-09	-0.341566
1.91619e-09	-0.341607
1.91626e-09	-0.341648
1.91633e-09	-0.341688
1.9164e-09	-0.341727
1.91647e-09	-0.341766
1.91654e-09	-0.341804
1.91661e-09	-0.341842
1.91668e-09	-0.341878
1.91675e-09	-0.341914
1.91682e-09	-0.34195
1.91689e-09	-0.341984
1.91696e-09	-0.342018
1.91703e-09	-0.342052
1.91711e-09	-0.342084
1.91718e-09	-0.342116
1.91725e-09	-0.342147
1.91732e-09	-0.342178
1.91739e-09	-0.342208
1.91746e-09	-0.342237
1.91753e-09	-0.342266
1.9176e-09	-0.342294
1.91767e-09	-0.342321
1.91774e-09	-0.342348
1.91781e-09	-0.342374
1.91788e-09	-0.342399
1.91795e-09	-0.342424
1.91802e-09	-0.342448
1.9181e-09	-0.342471
1.91817e-09	-0.342493
1.91824e-09	-0.342515
1.91831e-09	-0.342537
1.91838e-09	-0.342557
1.91845e-09	-0.342577
1.91852e-09	-0.342596
1.91859e-09	-0.342615
1.91866e-09	-0.342633
1.91873e-09	-0.34265
1.9188e-09	-0.342667
1.91887e-09	-0.342683
1.91894e-09	-0.342698
1.91901e-09	-0.342712
1.91909e-09	-0.342726
1.91916e-09	-0.34274
1.91923e-09	-0.342752
1.9193e-09	-0.342764
1.91937e-09	-0.342775
1.91944e-09	-0.342786
1.91951e-09	-0.342796
1.91958e-09	-0.342805
1.91965e-09	-0.342814
1.91972e-09	-0.342822
1.91979e-09	-0.342829
1.91986e-09	-0.342836
1.91993e-09	-0.342842
1.92001e-09	-0.342847
1.92008e-09	-0.342852
1.92015e-09	-0.342856
1.92022e-09	-0.342859
1.92029e-09	-0.342862
1.92036e-09	-0.342864
1.92043e-09	-0.342865
1.9205e-09	-0.342866
1.92057e-09	-0.342866
1.92064e-09	-0.342865
1.92071e-09	-0.342864
1.92078e-09	-0.342862
1.92085e-09	-0.34286
1.92092e-09	-0.342856
1.921e-09	-0.342853
1.92107e-09	-0.342848
1.92114e-09	-0.342843
1.92121e-09	-0.342837
1.92128e-09	-0.342831
1.92135e-09	-0.342824
1.92142e-09	-0.342816
1.92149e-09	-0.342807
1.92156e-09	-0.342798
1.92163e-09	-0.342788
1.9217e-09	-0.342778
1.92177e-09	-0.342767
1.92184e-09	-0.342755
1.92191e-09	-0.342743
1.92199e-09	-0.34273
1.92206e-09	-0.342716
1.92213e-09	-0.342702
1.9222e-09	-0.342687
1.92227e-09	-0.342672
1.92234e-09	-0.342656
1.92241e-09	-0.342639
1.92248e-09	-0.342621
1.92255e-09	-0.342603
1.92262e-09	-0.342584
1.92269e-09	-0.342565
1.92276e-09	-0.342545
1.92283e-09	-0.342524
1.9229e-09	-0.342503
1.92298e-09	-0.342481
1.92305e-09	-0.342458
1.92312e-09	-0.342435
1.92319e-09	-0.342411
1.92326e-09	-0.342386
1.92333e-09	-0.342361
1.9234e-09	-0.342335
1.92347e-09	-0.342309
1.92354e-09	-0.342282
1.92361e-09	-0.342254
1.92368e-09	-0.342225
1.92375e-09	-0.342196
1.92382e-09	-0.342167
1.9239e-09	-0.342136
1.92397e-09	-0.342105
1.92404e-09	-0.342074
1.92411e-09	-0.342042
1.92418e-09	-0.342009
1.92425e-09	-0.341975
1.92432e-09	-0.341941
1.92439e-09	-0.341906
1.92446e-09	-0.341871
1.92453e-09	-0.341835
1.9246e-09	-0.341798
1.92467e-09	-0.341761
1.92474e-09	-0.341723
1.92481e-09	-0.341684
1.92489e-09	-0.341645
1.92496e-09	-0.341605
1.92503e-09	-0.341565
1.9251e-09	-0.341524
1.92517e-09	-0.341482
1.92524e-09	-0.34144
1.92531e-09	-0.341397
1.92538e-09	-0.341353
1.92545e-09	-0.341309
1.92552e-09	-0.341264
1.92559e-09	-0.341219
1.92566e-09	-0.341173
1.92573e-09	-0.341126
1.9258e-09	-0.341079
1.92588e-09	-0.341031
1.92595e-09	-0.340982
1.92602e-09	-0.340933
1.92609e-09	-0.340883
1.92616e-09	-0.340833
1.92623e-09	-0.340782
1.9263e-09	-0.34073
1.92637e-09	-0.340678
1.92644e-09	-0.340625
1.92651e-09	-0.340571
1.92658e-09	-0.340517
1.92665e-09	-0.340462
1.92672e-09	-0.340407
1.9268e-09	-0.340351
1.92687e-09	-0.340294
1.92694e-09	-0.340237
1.92701e-09	-0.340179
1.92708e-09	-0.34012
1.92715e-09	-0.340061
1.92722e-09	-0.340002
1.92729e-09	-0.339941
1.92736e-09	-0.33988
1.92743e-09	-0.339819
1.9275e-09	-0.339756
1.92757e-09	-0.339694
1.92764e-09	-0.33963
1.92771e-09	-0.339566
1.92779e-09	-0.339502
1.92786e-09	-0.339436
1.92793e-09	-0.339371
1.928e-09	-0.339304
1.92807e-09	-0.339237
1.92814e-09	-0.339169
1.92821e-09	-0.339101
1.92828e-09	-0.339032
1.92835e-09	-0.338963
1.92842e-09	-0.338893
1.92849e-09	-0.338822
1.92856e-09	-0.338751
1.92863e-09	-0.338679
1.9287e-09	-0.338606
1.92878e-09	-0.338533
1.92885e-09	-0.338459
1.92892e-09	-0.338385
1.92899e-09	-0.33831
1.92906e-09	-0.338234
1.92913e-09	-0.338158
1.9292e-09	-0.338082
1.92927e-09	-0.338004
1.92934e-09	-0.337926
1.92941e-09	-0.337848
1.92948e-09	-0.337769
1.92955e-09	-0.337689
1.92962e-09	-0.337608
1.92969e-09	-0.337528
1.92977e-09	-0.337446
1.92984e-09	-0.337364
1.92991e-09	-0.337281
1.92998e-09	-0.337198
1.93005e-09	-0.337114
1.93012e-09	-0.337029
1.93019e-09	-0.336944
1.93026e-09	-0.336859
1.93033e-09	-0.336772
1.9304e-09	-0.336685
1.93047e-09	-0.336598
1.93054e-09	-0.33651
1.93061e-09	-0.336421
1.93069e-09	-0.336332
1.93076e-09	-0.336242
1.93083e-09	-0.336152
1.9309e-09	-0.336061
1.93097e-09	-0.335969
1.93104e-09	-0.335877
1.93111e-09	-0.335784
1.93118e-09	-0.335691
1.93125e-09	-0.335597
1.93132e-09	-0.335502
1.93139e-09	-0.335407
1.93146e-09	-0.335312
1.93153e-09	-0.335215
1.9316e-09	-0.335118
1.93168e-09	-0.335021
1.93175e-09	-0.334923
1.93182e-09	-0.334824
1.93189e-09	-0.334725
1.93196e-09	-0.334625
1.93203e-09	-0.334525
1.9321e-09	-0.334424
1.93217e-09	-0.334323
1.93224e-09	-0.33422
1.93231e-09	-0.334118
1.93238e-09	-0.334015
1.93245e-09	-0.333911
1.93252e-09	-0.333806
1.93259e-09	-0.333701
1.93267e-09	-0.333596
1.93274e-09	-0.33349
1.93281e-09	-0.333383
1.93288e-09	-0.333276
1.93295e-09	-0.333168
1.93302e-09	-0.33306
1.93309e-09	-0.332951
1.93316e-09	-0.332841
1.93323e-09	-0.332731
1.9333e-09	-0.33262
1.93337e-09	-0.332509
1.93344e-09	-0.332397
1.93351e-09	-0.332285
1.93359e-09	-0.332172
1.93366e-09	-0.332058
1.93373e-09	-0.331944
1.9338e-09	-0.33183
1.93387e-09	-0.331714
1.93394e-09	-0.331599
1.93401e-09	-0.331482
1.93408e-09	-0.331365
1.93415e-09	-0.331248
1.93422e-09	-0.33113
1.93429e-09	-0.331011
1.93436e-09	-0.330892
1.93443e-09	-0.330772
1.9345e-09	-0.330652
1.93458e-09	-0.330531
1.93465e-09	-0.33041
1.93472e-09	-0.330288
1.93479e-09	-0.330165
1.93486e-09	-0.330042
1.93493e-09	-0.329919
1.935e-09	-0.329794
1.93507e-09	-0.32967
1.93514e-09	-0.329544
1.93521e-09	-0.329419
1.93528e-09	-0.329292
1.93535e-09	-0.329165
1.93542e-09	-0.329038
1.93549e-09	-0.32891
1.93557e-09	-0.328781
1.93564e-09	-0.328652
1.93571e-09	-0.328522
1.93578e-09	-0.328392
1.93585e-09	-0.328261
1.93592e-09	-0.32813
1.93599e-09	-0.327998
1.93606e-09	-0.327865
1.93613e-09	-0.327732
1.9362e-09	-0.327599
1.93627e-09	-0.327465
1.93634e-09	-0.32733
1.93641e-09	-0.327195
1.93648e-09	-0.327059
1.93656e-09	-0.326923
1.93663e-09	-0.326786
1.9367e-09	-0.326649
1.93677e-09	-0.326511
1.93684e-09	-0.326373
1.93691e-09	-0.326234
1.93698e-09	-0.326094
1.93705e-09	-0.325954
1.93712e-09	-0.325813
1.93719e-09	-0.325672
1.93726e-09	-0.325531
1.93733e-09	-0.325389
1.9374e-09	-0.325246
1.93748e-09	-0.325103
1.93755e-09	-0.324959
1.93762e-09	-0.324814
1.93769e-09	-0.32467
1.93776e-09	-0.324524
1.93783e-09	-0.324378
1.9379e-09	-0.324232
1.93797e-09	-0.324085
1.93804e-09	-0.323937
1.93811e-09	-0.323789
1.93818e-09	-0.323641
1.93825e-09	-0.323492
1.93832e-09	-0.323342
1.93839e-09	-0.323192
1.93847e-09	-0.323041
1.93854e-09	-0.32289
1.93861e-09	-0.322738
1.93868e-09	-0.322586
1.93875e-09	-0.322433
1.93882e-09	-0.32228
1.93889e-09	-0.322126
1.93896e-09	-0.321972
1.93903e-09	-0.321817
1.9391e-09	-0.321661
1.93917e-09	-0.321506
1.93924e-09	-0.321349
1.93931e-09	-0.321192
1.93938e-09	-0.321035
1.93946e-09	-0.320877
1.93953e-09	-0.320718
1.9396e-09	-0.320559
1.93967e-09	-0.3204
1.93974e-09	-0.32024
1.93981e-09	-0.320079
1.93988e-09	-0.319918
1.93995e-09	-0.319756
1.94002e-09	-0.319594
1.94009e-09	-0.319432
1.94016e-09	-0.319269
1.94023e-09	-0.319105
1.9403e-09	-0.318941
1.94037e-09	-0.318776
1.94045e-09	-0.318611
1.94052e-09	-0.318445
1.94059e-09	-0.318279
1.94066e-09	-0.318113
1.94073e-09	-0.317945
1.9408e-09	-0.317778
1.94087e-09	-0.31761
1.94094e-09	-0.317441
1.94101e-09	-0.317272
1.94108e-09	-0.317102
1.94115e-09	-0.316932
1.94122e-09	-0.316761
1.94129e-09	-0.31659
1.94137e-09	-0.316418
1.94144e-09	-0.316246
1.94151e-09	-0.316073
1.94158e-09	-0.3159
1.94165e-09	-0.315726
1.94172e-09	-0.315552
1.94179e-09	-0.315378
1.94186e-09	-0.315202
1.94193e-09	-0.315027
1.942e-09	-0.314851
1.94207e-09	-0.314674
1.94214e-09	-0.314497
1.94221e-09	-0.314319
1.94228e-09	-0.314141
1.94236e-09	-0.313962
1.94243e-09	-0.313783
1.9425e-09	-0.313604
1.94257e-09	-0.313423
1.94264e-09	-0.313243
1.94271e-09	-0.313062
1.94278e-09	-0.31288
1.94285e-09	-0.312698
1.94292e-09	-0.312516
1.94299e-09	-0.312333
1.94306e-09	-0.312149
1.94313e-09	-0.311965
1.9432e-09	-0.311781
1.94327e-09	-0.311596
1.94335e-09	-0.31141
1.94342e-09	-0.311224
1.94349e-09	-0.311038
1.94356e-09	-0.310851
1.94363e-09	-0.310664
1.9437e-09	-0.310476
1.94377e-09	-0.310288
1.94384e-09	-0.310099
1.94391e-09	-0.30991
1.94398e-09	-0.30972
1.94405e-09	-0.30953
1.94412e-09	-0.309339
1.94419e-09	-0.309148
1.94427e-09	-0.308956
1.94434e-09	-0.308764
1.94441e-09	-0.308571
1.94448e-09	-0.308378
1.94455e-09	-0.308185
1.94462e-09	-0.307991
1.94469e-09	-0.307797
1.94476e-09	-0.307602
1.94483e-09	-0.307406
1.9449e-09	-0.30721
1.94497e-09	-0.307014
1.94504e-09	-0.306817
1.94511e-09	-0.30662
1.94518e-09	-0.306422
1.94526e-09	-0.306224
1.94533e-09	-0.306025
1.9454e-09	-0.305826
1.94547e-09	-0.305627
1.94554e-09	-0.305427
1.94561e-09	-0.305226
1.94568e-09	-0.305025
1.94575e-09	-0.304824
1.94582e-09	-0.304622
1.94589e-09	-0.30442
1.94596e-09	-0.304217
1.94603e-09	-0.304014
1.9461e-09	-0.30381
1.94617e-09	-0.303606
1.94625e-09	-0.303401
1.94632e-09	-0.303196
1.94639e-09	-0.302991
1.94646e-09	-0.302785
1.94653e-09	-0.302579
1.9466e-09	-0.302372
1.94667e-09	-0.302164
1.94674e-09	-0.301957
1.94681e-09	-0.301748
1.94688e-09	-0.30154
1.94695e-09	-0.301331
1.94702e-09	-0.301121
1.94709e-09	-0.300911
1.94716e-09	-0.300701
1.94724e-09	-0.30049
1.94731e-09	-0.300279
1.94738e-09	-0.300067
1.94745e-09	-0.299855
1.94752e-09	-0.299642
1.94759e-09	-0.299429
1.94766e-09	-0.299216
1.94773e-09	-0.299002
1.9478e-09	-0.298787
1.94787e-09	-0.298572
1.94794e-09	-0.298357
1.94801e-09	-0.298141
1.94808e-09	-0.297925
1.94816e-09	-0.297709
1.94823e-09	-0.297492
1.9483e-09	-0.297274
1.94837e-09	-0.297056
1.94844e-09	-0.296838
1.94851e-09	-0.296619
1.94858e-09	-0.2964
1.94865e-09	-0.296181
1.94872e-09	-0.295961
1.94879e-09	-0.29574
1.94886e-09	-0.295519
1.94893e-09	-0.295298
1.949e-09	-0.295076
1.94907e-09	-0.294854
1.94915e-09	-0.294631
1.94922e-09	-0.294408
1.94929e-09	-0.294185
1.94936e-09	-0.293961
1.94943e-09	-0.293737
1.9495e-09	-0.293512
1.94957e-09	-0.293287
1.94964e-09	-0.293062
1.94971e-09	-0.292836
1.94978e-09	-0.292609
1.94985e-09	-0.292382
1.94992e-09	-0.292155
1.94999e-09	-0.291928
1.95006e-09	-0.2917
1.95014e-09	-0.291471
1.95021e-09	-0.291242
1.95028e-09	-0.291013
1.95035e-09	-0.290783
1.95042e-09	-0.290553
1.95049e-09	-0.290323
1.95056e-09	-0.290092
1.95063e-09	-0.28986
1.9507e-09	-0.289629
1.95077e-09	-0.289397
1.95084e-09	-0.289164
1.95091e-09	-0.288931
1.95098e-09	-0.288698
1.95106e-09	-0.288464
1.95113e-09	-0.28823
1.9512e-09	-0.287995
1.95127e-09	-0.28776
1.95134e-09	-0.287525
1.95141e-09	-0.287289
1.95148e-09	-0.287053
1.95155e-09	-0.286816
1.95162e-09	-0.286579
1.95169e-09	-0.286342
1.95176e-09	-0.286104
1.95183e-09	-0.285866
1.9519e-09	-0.285627
1.95197e-09	-0.285388
1.95205e-09	-0.285149
1.95212e-09	-0.284909
1.95219e-09	-0.284669
1.95226e-09	-0.284428
1.95233e-09	-0.284187
1.9524e-09	-0.283946
1.95247e-09	-0.283704
1.95254e-09	-0.283462
1.95261e-09	-0.28322
1.95268e-09	-0.282977
1.95275e-09	-0.282734
1.95282e-09	-0.28249
1.95289e-09	-0.282246
1.95296e-09	-0.282001
1.95304e-09	-0.281756
1.95311e-09	-0.281511
1.95318e-09	-0.281266
1.95325e-09	-0.28102
1.95332e-09	-0.280773
1.95339e-09	-0.280527
1.95346e-09	-0.280279
1.95353e-09	-0.280032
1.9536e-09	-0.279784
1.95367e-09	-0.279536
1.95374e-09	-0.279287
1.95381e-09	-0.279038
1.95388e-09	-0.278789
1.95395e-09	-0.278539
1.95403e-09	-0.278289
1.9541e-09	-0.278038
1.95417e-09	-0.277787
1.95424e-09	-0.277536
1.95431e-09	-0.277284
1.95438e-09	-0.277032
1.95445e-09	-0.27678
1.95452e-09	-0.276527
1.95459e-09	-0.276274
1.95466e-09	-0.276021
1.95473e-09	-0.275767
1.9548e-09	-0.275513
1.95487e-09	-0.275258
1.95495e-09	-0.275003
1.95502e-09	-0.274748
1.95509e-09	-0.274492
1.95516e-09	-0.274236
1.95523e-09	-0.27398
1.9553e-09	-0.273723
1.95537e-09	-0.273466
1.95544e-09	-0.273208
1.95551e-09	-0.272951
1.95558e-09	-0.272692
1.95565e-09	-0.272434
1.95572e-09	-0.272175
1.95579e-09	-0.271916
1.95586e-09	-0.271656
1.95594e-09	-0.271396
1.95601e-09	-0.271136
1.95608e-09	-0.270875
1.95615e-09	-0.270614
1.95622e-09	-0.270352
1.95629e-09	-0.270091
1.95636e-09	-0.269829
1.95643e-09	-0.269566
1.9565e-09	-0.269303
1.95657e-09	-0.26904
1.95664e-09	-0.268777
1.95671e-09	-0.268513
1.95678e-09	-0.268249
1.95685e-09	-0.267984
1.95693e-09	-0.267719
1.957e-09	-0.267454
1.95707e-09	-0.267189
1.95714e-09	-0.266923
1.95721e-09	-0.266656
1.95728e-09	-0.26639
1.95735e-09	-0.266123
1.95742e-09	-0.265856
1.95749e-09	-0.265588
1.95756e-09	-0.26532
1.95763e-09	-0.265052
1.9577e-09	-0.264783
1.95777e-09	-0.264514
1.95784e-09	-0.264245
1.95792e-09	-0.263975
1.95799e-09	-0.263706
1.95806e-09	-0.263435
1.95813e-09	-0.263165
1.9582e-09	-0.262894
1.95827e-09	-0.262622
1.95834e-09	-0.262351
1.95841e-09	-0.262079
1.95848e-09	-0.261807
1.95855e-09	-0.261534
1.95862e-09	-0.261261
1.95869e-09	-0.260988
1.95876e-09	-0.260714
1.95884e-09	-0.26044
1.95891e-09	-0.260166
1.95898e-09	-0.259892
1.95905e-09	-0.259617
1.95912e-09	-0.259342
1.95919e-09	-0.259066
1.95926e-09	-0.25879
1.95933e-09	-0.258514
1.9594e-09	-0.258238
1.95947e-09	-0.257961
1.95954e-09	-0.257684
1.95961e-09	-0.257407
1.95968e-09	-0.257129
1.95975e-09	-0.256851
1.95983e-09	-0.256573
1.9599e-09	-0.256294
1.95997e-09	-0.256015
1.96004e-09	-0.255736
1.96011e-09	-0.255456
1.96018e-09	-0.255176
1.96025e-09	-0.254896
1.96032e-09	-0.254616
1.96039e-09	-0.254335
1.96046e-09	-0.254054
1.96053e-09	-0.253772
1.9606e-09	-0.253491
1.96067e-09	-0.253208
1.96074e-09	-0.252926
1.96082e-09	-0.252643
1.96089e-09	-0.252361
1.96096e-09	-0.252077
1.96103e-09	-0.251794
1.9611e-09	-0.25151
1.96117e-09	-0.251226
1.96124e-09	-0.250941
1.96131e-09	-0.250657
1.96138e-09	-0.250372
1.96145e-09	-0.250086
1.96152e-09	-0.249801
1.96159e-09	-0.249515
1.96166e-09	-0.249229
1.96174e-09	-0.248942
1.96181e-09	-0.248655
1.96188e-09	-0.248368
1.96195e-09	-0.248081
1.96202e-09	-0.247793
1.96209e-09	-0.247505
1.96216e-09	-0.247217
1.96223e-09	-0.246928
1.9623e-09	-0.24664
1.96237e-09	-0.24635
1.96244e-09	-0.246061
1.96251e-09	-0.245771
1.96258e-09	-0.245481
1.96265e-09	-0.245191
1.96273e-09	-0.244901
1.9628e-09	-0.24461
1.96287e-09	-0.244319
1.96294e-09	-0.244027
1.96301e-09	-0.243736
1.96308e-09	-0.243444
1.96315e-09	-0.243152
1.96322e-09	-0.242859
1.96329e-09	-0.242566
1.96336e-09	-0.242273
1.96343e-09	-0.24198
1.9635e-09	-0.241687
1.96357e-09	-0.241393
1.96364e-09	-0.241099
1.96372e-09	-0.240804
1.96379e-09	-0.240509
1.96386e-09	-0.240215
1.96393e-09	-0.239919
1.964e-09	-0.239624
1.96407e-09	-0.239328
1.96414e-09	-0.239032
1.96421e-09	-0.238736
1.96428e-09	-0.238439
1.96435e-09	-0.238143
1.96442e-09	-0.237845
1.96449e-09	-0.237548
1.96456e-09	-0.237251
1.96463e-09	-0.236953
1.96471e-09	-0.236655
1.96478e-09	-0.236356
1.96485e-09	-0.236058
1.96492e-09	-0.235759
1.96499e-09	-0.23546
1.96506e-09	-0.23516
1.96513e-09	-0.234861
1.9652e-09	-0.234561
1.96527e-09	-0.23426
1.96534e-09	-0.23396
1.96541e-09	-0.233659
1.96548e-09	-0.233358
1.96555e-09	-0.233057
1.96563e-09	-0.232756
1.9657e-09	-0.232454
1.96577e-09	-0.232152
1.96584e-09	-0.23185
1.96591e-09	-0.231548
1.96598e-09	-0.231245
1.96605e-09	-0.230942
1.96612e-09	-0.230639
1.96619e-09	-0.230336
1.96626e-09	-0.230032
1.96633e-09	-0.229728
1.9664e-09	-0.229424
1.96647e-09	-0.229119
1.96654e-09	-0.228815
1.96662e-09	-0.22851
1.96669e-09	-0.228205
1.96676e-09	-0.2279
1.96683e-09	-0.227594
1.9669e-09	-0.227288
1.96697e-09	-0.226982
1.96704e-09	-0.226676
1.96711e-09	-0.226369
1.96718e-09	-0.226063
1.96725e-09	-0.225756
1.96732e-09	-0.225448
1.96739e-09	-0.225141
1.96746e-09	-0.224833
1.96753e-09	-0.224525
1.96761e-09	-0.224217
1.96768e-09	-0.223909
1.96775e-09	-0.2236
1.96782e-09	-0.223292
1.96789e-09	-0.222983
1.96796e-09	-0.222673
1.96803e-09	-0.222364
1.9681e-09	-0.222054
1.96817e-09	-0.221744
1.96824e-09	-0.221434
1.96831e-09	-0.221124
1.96838e-09	-0.220813
1.96845e-09	-0.220502
1.96853e-09	-0.220191
1.9686e-09	-0.21988
1.96867e-09	-0.219568
1.96874e-09	-0.219257
1.96881e-09	-0.218945
1.96888e-09	-0.218633
1.96895e-09	-0.21832
1.96902e-09	-0.218008
1.96909e-09	-0.217695
1.96916e-09	-0.217382
1.96923e-09	-0.217069
1.9693e-09	-0.216755
1.96937e-09	-0.216442
1.96944e-09	-0.216128
1.96952e-09	-0.215814
1.96959e-09	-0.2155
1.96966e-09	-0.215185
1.96973e-09	-0.214871
1.9698e-09	-0.214556
1.96987e-09	-0.214241
1.96994e-09	-0.213925
1.97001e-09	-0.21361
1.97008e-09	-0.213294
1.97015e-09	-0.212978
1.97022e-09	-0.212662
1.97029e-09	-0.212346
1.97036e-09	-0.21203
1.97043e-09	-0.211713
1.97051e-09	-0.211396
1.97058e-09	-0.211079
1.97065e-09	-0.210762
1.97072e-09	-0.210444
1.97079e-09	-0.210127
1.97086e-09	-0.209809
1.97093e-09	-0.209491
1.971e-09	-0.209173
1.97107e-09	-0.208854
1.97114e-09	-0.208536
1.97121e-09	-0.208217
1.97128e-09	-0.207898
1.97135e-09	-0.207579
1.97142e-09	-0.207259
1.9715e-09	-0.20694
1.97157e-09	-0.20662
1.97164e-09	-0.2063
1.97171e-09	-0.20598
1.97178e-09	-0.20566
1.97185e-09	-0.205339
1.97192e-09	-0.205018
1.97199e-09	-0.204698
1.97206e-09	-0.204377
1.97213e-09	-0.204055
1.9722e-09	-0.203734
1.97227e-09	-0.203412
1.97234e-09	-0.203091
1.97242e-09	-0.202769
1.97249e-09	-0.202447
1.97256e-09	-0.202124
1.97263e-09	-0.201802
1.9727e-09	-0.201479
1.97277e-09	-0.201157
1.97284e-09	-0.200834
1.97291e-09	-0.200511
1.97298e-09	-0.200187
1.97305e-09	-0.199864
1.97312e-09	-0.19954
1.97319e-09	-0.199216
1.97326e-09	-0.198892
1.97333e-09	-0.198568
1.97341e-09	-0.198244
1.97348e-09	-0.197919
1.97355e-09	-0.197595
1.97362e-09	-0.19727
1.97369e-09	-0.196945
1.97376e-09	-0.19662
1.97383e-09	-0.196295
1.9739e-09	-0.195969
1.97397e-09	-0.195643
1.97404e-09	-0.195318
1.97411e-09	-0.194992
1.97418e-09	-0.194666
1.97425e-09	-0.194339
1.97432e-09	-0.194013
1.9744e-09	-0.193686
1.97447e-09	-0.19336
1.97454e-09	-0.193033
1.97461e-09	-0.192706
1.97468e-09	-0.192379
1.97475e-09	-0.192051
1.97482e-09	-0.191724
1.97489e-09	-0.191396
1.97496e-09	-0.191068
1.97503e-09	-0.19074
1.9751e-09	-0.190412
1.97517e-09	-0.190084
1.97524e-09	-0.189756
1.97532e-09	-0.189427
1.97539e-09	-0.189099
1.97546e-09	-0.18877
1.97553e-09	-0.188441
1.9756e-09	-0.188112
1.97567e-09	-0.187783
1.97574e-09	-0.187453
1.97581e-09	-0.187124
1.97588e-09	-0.186794
1.97595e-09	-0.186464
1.97602e-09	-0.186134
1.97609e-09	-0.185804
1.97616e-09	-0.185474
1.97623e-09	-0.185144
1.97631e-09	-0.184813
1.97638e-09	-0.184483
1.97645e-09	-0.184152
1.97652e-09	-0.183821
1.97659e-09	-0.18349
1.97666e-09	-0.183159
1.97673e-09	-0.182827
1.9768e-09	-0.182496
1.97687e-09	-0.182165
1.97694e-09	-0.181833
1.97701e-09	-0.181501
1.97708e-09	-0.181169
1.97715e-09	-0.180837
1.97722e-09	-0.180505
1.9773e-09	-0.180173
1.97737e-09	-0.17984
1.97744e-09	-0.179508
1.97751e-09	-0.179175
1.97758e-09	-0.178842
1.97765e-09	-0.178509
1.97772e-09	-0.178176
1.97779e-09	-0.177843
1.97786e-09	-0.17751
1.97793e-09	-0.177177
1.978e-09	-0.176843
1.97807e-09	-0.176509
1.97814e-09	-0.176176
1.97821e-09	-0.175842
1.97829e-09	-0.175508
1.97836e-09	-0.175174
1.97843e-09	-0.17484
1.9785e-09	-0.174505
1.97857e-09	-0.174171
1.97864e-09	-0.173836
1.97871e-09	-0.173502
1.97878e-09	-0.173167
1.97885e-09	-0.172832
1.97892e-09	-0.172497
1.97899e-09	-0.172162
1.97906e-09	-0.171827
1.97913e-09	-0.171492
1.97921e-09	-0.171156
1.97928e-09	-0.170821
1.97935e-09	-0.170485
1.97942e-09	-0.17015
1.97949e-09	-0.169814
1.97956e-09	-0.169478
1.97963e-09	-0.169142
1.9797e-09	-0.168806
1.97977e-09	-0.16847
1.97984e-09	-0.168133
1.97991e-09	-0.167797
1.97998e-09	-0.16746
1.98005e-09	-0.167124
1.98012e-09	-0.166787
1.9802e-09	-0.16645
1.98027e-09	-0.166114
1.98034e-09	-0.165777
1.98041e-09	-0.16544
1.98048e-09	-0.165102
1.98055e-09	-0.164765
1.98062e-09	-0.164428
1.98069e-09	-0.16409
1.98076e-09	-0.163753
1.98083e-09	-0.163415
1.9809e-09	-0.163078
1.98097e-09	-0.16274
1.98104e-09	-0.162402
1.98111e-09	-0.162064
1.98119e-09	-0.161726
1.98126e-09	-0.161388
1.98133e-09	-0.16105
1.9814e-09	-0.160712
1.98147e-09	-0.160373
1.98154e-09	-0.160035
1.98161e-09	-0.159696
1.98168e-09	-0.159358
1.98175e-09	-0.159019
1.98182e-09	-0.15868
1.98189e-09	-0.158342
1.98196e-09	-0.158003
1.98203e-09	-0.157664
1.9821e-09	-0.157325
1.98218e-09	-0.156986
1.98225e-09	-0.156647
1.98232e-09	-0.156307
1.98239e-09	-0.155968
1.98246e-09	-0.155629
1.98253e-09	-0.155289
1.9826e-09	-0.15495
1.98267e-09	-0.15461
1.98274e-09	-0.15427
1.98281e-09	-0.153931
1.98288e-09	-0.153591
1.98295e-09	-0.153251
1.98302e-09	-0.152911
1.9831e-09	-0.152571
1.98317e-09	-0.152231
1.98324e-09	-0.151891
1.98331e-09	-0.151551
1.98338e-09	-0.15121
1.98345e-09	-0.15087
1.98352e-09	-0.15053
1.98359e-09	-0.150189
1.98366e-09	-0.149849
1.98373e-09	-0.149508
1.9838e-09	-0.149168
1.98387e-09	-0.148827
1.98394e-09	-0.148486
1.98401e-09	-0.148146
1.98409e-09	-0.147805
1.98416e-09	-0.147464
1.98423e-09	-0.147123
1.9843e-09	-0.146782
1.98437e-09	-0.146441
1.98444e-09	-0.1461
1.98451e-09	-0.145759
1.98458e-09	-0.145418
1.98465e-09	-0.145076
1.98472e-09	-0.144735
1.98479e-09	-0.144394
1.98486e-09	-0.144053
1.98493e-09	-0.143711
1.985e-09	-0.14337
1.98508e-09	-0.143028
1.98515e-09	-0.142687
1.98522e-09	-0.142345
1.98529e-09	-0.142003
1.98536e-09	-0.141662
1.98543e-09	-0.14132
1.9855e-09	-0.140978
1.98557e-09	-0.140637
1.98564e-09	-0.140295
1.98571e-09	-0.139953
1.98578e-09	-0.139611
1.98585e-09	-0.139269
1.98592e-09	-0.138927
1.986e-09	-0.138585
1.98607e-09	-0.138243
1.98614e-09	-0.137901
1.98621e-09	-0.137559
1.98628e-09	-0.137217
1.98635e-09	-0.136875
1.98642e-09	-0.136532
1.98649e-09	-0.13619
1.98656e-09	-0.135848
1.98663e-09	-0.135506
1.9867e-09	-0.135163
1.98677e-09	-0.134821
1.98684e-09	-0.134479
1.98691e-09	-0.134136
1.98699e-09	-0.133794
1.98706e-09	-0.133452
1.98713e-09	-0.133109
1.9872e-09	-0.132767
1.98727e-09	-0.132424
1.98734e-09	-0.132082
1.98741e-09	-0.131739
1.98748e-09	-0.131397
1.98755e-09	-0.131054
1.98762e-09	-0.130711
1.98769e-09	-0.130369
1.98776e-09	-0.130026
1.98783e-09	-0.129683
1.9879e-09	-0.129341
1.98798e-09	-0.128998
1.98805e-09	-0.128655
1.98812e-09	-0.128313
1.98819e-09	-0.12797
1.98826e-09	-0.127627
1.98833e-09	-0.127285
1.9884e-09	-0.126942
1.98847e-09	-0.126599
1.98854e-09	-0.126256
1.98861e-09	-0.125914
1.98868e-09	-0.125571
1.98875e-09	-0.125228
1.98882e-09	-0.124885
1.98889e-09	-0.124542
1.98897e-09	-0.1242
1.98904e-09	-0.123857
1.98911e-09	-0.123514
1.98918e-09	-0.123171
1.98925e-09	-0.122828
1.98932e-09	-0.122485
1.98939e-09	-0.122143
1.98946e-09	-0.1218
1.98953e-09	-0.121457
1.9896e-09	-0.121114
1.98967e-09	-0.120771
1.98974e-09	-0.120429
1.98981e-09	-0.120086
1.98989e-09	-0.119743
1.98996e-09	-0.1194
1.99003e-09	-0.119057
1.9901e-09	-0.118715
1.99017e-09	-0.118372
1.99024e-09	-0.118029
1.99031e-09	-0.117686
1.99038e-09	-0.117343
1.99045e-09	-0.117001
1.99052e-09	-0.116658
1.99059e-09	-0.116315
1.99066e-09	-0.115972
1.99073e-09	-0.11563
1.9908e-09	-0.115287
1.99088e-09	-0.114944
1.99095e-09	-0.114602
1.99102e-09	-0.114259
1.99109e-09	-0.113916
1.99116e-09	-0.113574
1.99123e-09	-0.113231
1.9913e-09	-0.112889
1.99137e-09	-0.112546
1.99144e-09	-0.112204
1.99151e-09	-0.111861
1.99158e-09	-0.111519
1.99165e-09	-0.111176
1.99172e-09	-0.110834
1.99179e-09	-0.110491
1.99187e-09	-0.110149
1.99194e-09	-0.109806
1.99201e-09	-0.109464
1.99208e-09	-0.109122
1.99215e-09	-0.108779
1.99222e-09	-0.108437
1.99229e-09	-0.108095
1.99236e-09	-0.107753
1.99243e-09	-0.10741
1.9925e-09	-0.107068
1.99257e-09	-0.106726
1.99264e-09	-0.106384
1.99271e-09	-0.106042
1.99279e-09	-0.1057
1.99286e-09	-0.105358
1.99293e-09	-0.105016
1.993e-09	-0.104674
1.99307e-09	-0.104332
1.99314e-09	-0.10399
1.99321e-09	-0.103648
1.99328e-09	-0.103306
1.99335e-09	-0.102965
1.99342e-09	-0.102623
1.99349e-09	-0.102281
1.99356e-09	-0.101939
1.99363e-09	-0.101598
1.9937e-09	-0.101256
1.99378e-09	-0.100915
1.99385e-09	-0.100573
1.99392e-09	-0.100232
1.99399e-09	-0.0998904
1.99406e-09	-0.099549
1.99413e-09	-0.0992077
1.9942e-09	-0.0988664
1.99427e-09	-0.0985252
1.99434e-09	-0.098184
1.99441e-09	-0.0978428
1.99448e-09	-0.0975017
1.99455e-09	-0.0971607
1.99462e-09	-0.0968197
1.99469e-09	-0.0964788
1.99477e-09	-0.0961379
1.99484e-09	-0.095797
1.99491e-09	-0.0954563
1.99498e-09	-0.0951155
1.99505e-09	-0.0947748
1.99512e-09	-0.0944342
1.99519e-09	-0.0940936
1.99526e-09	-0.0937531
1.99533e-09	-0.0934127
1.9954e-09	-0.0930723
1.99547e-09	-0.0927319
1.99554e-09	-0.0923916
1.99561e-09	-0.0920514
1.99568e-09	-0.0917112
1.99576e-09	-0.0913711
1.99583e-09	-0.091031
1.9959e-09	-0.090691
1.99597e-09	-0.0903511
1.99604e-09	-0.0900112
1.99611e-09	-0.0896714
1.99618e-09	-0.0893317
1.99625e-09	-0.088992
1.99632e-09	-0.0886524
1.99639e-09	-0.0883128
1.99646e-09	-0.0879733
1.99653e-09	-0.0876339
1.9966e-09	-0.0872946
1.99668e-09	-0.0869553
1.99675e-09	-0.0866161
1.99682e-09	-0.0862769
1.99689e-09	-0.0859378
1.99696e-09	-0.0855988
1.99703e-09	-0.0852599
1.9971e-09	-0.084921
1.99717e-09	-0.0845822
1.99724e-09	-0.0842435
1.99731e-09	-0.0839049
1.99738e-09	-0.0835663
1.99745e-09	-0.0832278
1.99752e-09	-0.0828894
1.99759e-09	-0.0825511
1.99767e-09	-0.0822128
1.99774e-09	-0.0818746
1.99781e-09	-0.0815365
1.99788e-09	-0.0811985
1.99795e-09	-0.0808605
1.99802e-09	-0.0805226
1.99809e-09	-0.0801848
1.99816e-09	-0.0798471
1.99823e-09	-0.0795095
1.9983e-09	-0.079172
1.99837e-09	-0.0788345
1.99844e-09	-0.0784971
1.99851e-09	-0.0781598
1.99858e-09	-0.0778226
1.99866e-09	-0.0774855
1.99873e-09	-0.0771484
1.9988e-09	-0.0768115
1.99887e-09	-0.0764746
1.99894e-09	-0.0761378
1.99901e-09	-0.0758012
1.99908e-09	-0.0754646
1.99915e-09	-0.0751281
1.99922e-09	-0.0747916
1.99929e-09	-0.0744553
1.99936e-09	-0.0741191
1.99943e-09	-0.0737829
1.9995e-09	-0.0734469
1.99958e-09	-0.0731109
1.99965e-09	-0.0727751
1.99972e-09	-0.0724393
1.99979e-09	-0.0721036
1.99986e-09	-0.071768
1.99993e-09	-0.0714326
2e-09	-0.0710972
2.00007e-09	-0.0707619
2.00014e-09	-0.0704267
2.00021e-09	-0.0700916
2.00028e-09	-0.0697566
2.00035e-09	-0.0694218
2.00042e-09	-0.069087
2.00049e-09	-0.0687523
2.00057e-09	-0.0684177
2.00064e-09	-0.0680832
2.00071e-09	-0.0677489
2.00078e-09	-0.0674146
2.00085e-09	-0.0670804
2.00092e-09	-0.0667463
2.00099e-09	-0.0664124
2.00106e-09	-0.0660785
2.00113e-09	-0.0657448
2.0012e-09	-0.0654112
2.00127e-09	-0.0650776
2.00134e-09	-0.0647442
2.00141e-09	-0.0644109
2.00148e-09	-0.0640777
2.00156e-09	-0.0637446
2.00163e-09	-0.0634116
2.0017e-09	-0.0630788
2.00177e-09	-0.062746
2.00184e-09	-0.0624134
2.00191e-09	-0.0620809
2.00198e-09	-0.0617485
2.00205e-09	-0.0614162
2.00212e-09	-0.061084
2.00219e-09	-0.0607519
2.00226e-09	-0.06042
2.00233e-09	-0.0600881
2.0024e-09	-0.0597564
2.00247e-09	-0.0594248
2.00255e-09	-0.0590933
2.00262e-09	-0.058762
2.00269e-09	-0.0584307
2.00276e-09	-0.0580996
2.00283e-09	-0.0577686
2.0029e-09	-0.0574378
2.00297e-09	-0.057107
2.00304e-09	-0.0567764
2.00311e-09	-0.0564459
2.00318e-09	-0.0561155
2.00325e-09	-0.0557852
2.00332e-09	-0.0554551
2.00339e-09	-0.0551251
2.00347e-09	-0.0547952
2.00354e-09	-0.0544655
2.00361e-09	-0.0541358
2.00368e-09	-0.0538063
2.00375e-09	-0.053477
2.00382e-09	-0.0531477
2.00389e-09	-0.0528186
2.00396e-09	-0.0524896
2.00403e-09	-0.0521608
2.0041e-09	-0.0518321
2.00417e-09	-0.0515035
2.00424e-09	-0.0511751
2.00431e-09	-0.0508467
2.00438e-09	-0.0505186
2.00446e-09	-0.0501905
2.00453e-09	-0.0498626
2.0046e-09	-0.0495348
2.00467e-09	-0.0492072
2.00474e-09	-0.0488797
2.00481e-09	-0.0485523
2.00488e-09	-0.0482251
2.00495e-09	-0.047898
2.00502e-09	-0.047571
2.00509e-09	-0.0472442
2.00516e-09	-0.0469176
2.00523e-09	-0.046591
2.0053e-09	-0.0462646
2.00537e-09	-0.0459384
2.00545e-09	-0.0456123
2.00552e-09	-0.0452863
2.00559e-09	-0.0449605
2.00566e-09	-0.0446348
2.00573e-09	-0.0443093
2.0058e-09	-0.0439839
2.00587e-09	-0.0436587
2.00594e-09	-0.0433336
2.00601e-09	-0.0430087
2.00608e-09	-0.0426839
2.00615e-09	-0.0423592
2.00622e-09	-0.0420347
2.00629e-09	-0.0417104
2.00636e-09	-0.0413861
2.00644e-09	-0.0410621
2.00651e-09	-0.0407382
2.00658e-09	-0.0404144
2.00665e-09	-0.0400909
2.00672e-09	-0.0397674
2.00679e-09	-0.0394441
2.00686e-09	-0.039121
2.00693e-09	-0.038798
2.007e-09	-0.0384752
2.00707e-09	-0.0381525
2.00714e-09	-0.03783
2.00721e-09	-0.0375076
2.00728e-09	-0.0371854
2.00736e-09	-0.0368634
2.00743e-09	-0.0365415
2.0075e-09	-0.0362197
2.00757e-09	-0.0358982
2.00764e-09	-0.0355767
2.00771e-09	-0.0352555
2.00778e-09	-0.0349344
2.00785e-09	-0.0346135
2.00792e-09	-0.0342927
2.00799e-09	-0.0339721
2.00806e-09	-0.0336516
2.00813e-09	-0.0333314
2.0082e-09	-0.0330112
2.00827e-09	-0.0326913
2.00835e-09	-0.0323715
2.00842e-09	-0.0320519
2.00849e-09	-0.0317324
2.00856e-09	-0.0314131
2.00863e-09	-0.031094
2.0087e-09	-0.0307751
2.00877e-09	-0.0304563
2.00884e-09	-0.0301376
2.00891e-09	-0.0298192
2.00898e-09	-0.0295009
2.00905e-09	-0.0291828
2.00912e-09	-0.0288649
2.00919e-09	-0.0285471
2.00926e-09	-0.0282295
2.00934e-09	-0.0279121
2.00941e-09	-0.0275948
2.00948e-09	-0.0272777
2.00955e-09	-0.0269608
2.00962e-09	-0.0266441
2.00969e-09	-0.0263276
2.00976e-09	-0.0260112
2.00983e-09	-0.025695
2.0099e-09	-0.0253789
2.00997e-09	-0.0250631
2.01004e-09	-0.0247474
2.01011e-09	-0.0244319
2.01018e-09	-0.0241166
2.01026e-09	-0.0238015
2.01033e-09	-0.0234865
2.0104e-09	-0.0231717
2.01047e-09	-0.0228571
2.01054e-09	-0.0225427
2.01061e-09	-0.0222285
2.01068e-09	-0.0219144
2.01075e-09	-0.0216006
2.01082e-09	-0.0212869
2.01089e-09	-0.0209734
2.01096e-09	-0.02066
2.01103e-09	-0.0203469
2.0111e-09	-0.020034
2.01117e-09	-0.0197212
2.01125e-09	-0.0194086
2.01132e-09	-0.0190962
2.01139e-09	-0.018784
2.01146e-09	-0.018472
2.01153e-09	-0.0181602
2.0116e-09	-0.0178485
2.01167e-09	-0.0175371
2.01174e-09	-0.0172258
2.01181e-09	-0.0169147
2.01188e-09	-0.0166039
2.01195e-09	-0.0162932
2.01202e-09	-0.0159827
2.01209e-09	-0.0156724
2.01216e-09	-0.0153623
2.01224e-09	-0.0150523
2.01231e-09	-0.0147426
2.01238e-09	-0.0144331
2.01245e-09	-0.0141237
2.01252e-09	-0.0138146
2.01259e-09	-0.0135057
2.01266e-09	-0.0131969
2.01273e-09	-0.0128883
2.0128e-09	-0.01258
2.01287e-09	-0.0122718
2.01294e-09	-0.0119639
2.01301e-09	-0.0116561
2.01308e-09	-0.0113485
2.01315e-09	-0.0110412
2.01323e-09	-0.010734
2.0133e-09	-0.010427
2.01337e-09	-0.0101203
2.01344e-09	-0.00981372
2.01351e-09	-0.00950736
2.01358e-09	-0.0092012
2.01365e-09	-0.00889524
2.01372e-09	-0.00858949
2.01379e-09	-0.00828394
2.01386e-09	-0.00797859
2.01393e-09	-0.00767345
2.014e-09	-0.00736852
2.01407e-09	-0.00706379
2.01415e-09	-0.00675927
2.01422e-09	-0.00645495
2.01429e-09	-0.00615084
2.01436e-09	-0.00584694
2.01443e-09	-0.00554325
2.0145e-09	-0.00523976
2.01457e-09	-0.00493648
2.01464e-09	-0.00463342
2.01471e-09	-0.00433056
2.01478e-09	-0.00402791
2.01485e-09	-0.00372548
2.01492e-09	-0.00342325
2.01499e-09	-0.00312124
2.01506e-09	-0.00281944
2.01514e-09	-0.00251785
2.01521e-09	-0.00221647
2.01528e-09	-0.00191531
2.01535e-09	-0.00161436
2.01542e-09	-0.00131363
2.01549e-09	-0.00101311
2.01556e-09	-0.00071281
2.01563e-09	-0.000412723
2.0157e-09	-0.000112852
2.01577e-09	0.000186802
2.01584e-09	0.000486238
2.01591e-09	0.000785457
2.01598e-09	0.00108446
2.01605e-09	0.00138324
2.01613e-09	0.0016818
2.0162e-09	0.00198015
2.01627e-09	0.00227827
2.01634e-09	0.00257617
2.01641e-09	0.00287386
2.01648e-09	0.00317132
2.01655e-09	0.00346856
2.01662e-09	0.00376557
2.01669e-09	0.00406237
2.01676e-09	0.00435894
2.01683e-09	0.00465529
2.0169e-09	0.00495141
2.01697e-09	0.00524731
2.01705e-09	0.00554299
2.01712e-09	0.00583844
2.01719e-09	0.00613366
2.01726e-09	0.00642866
2.01733e-09	0.00672343
2.0174e-09	0.00701798
2.01747e-09	0.00731229
2.01754e-09	0.00760638
2.01761e-09	0.00790024
2.01768e-09	0.00819387
2.01775e-09	0.00848728
2.01782e-09	0.00878045
2.01789e-09	0.00907339
2.01796e-09	0.0093661
2.01804e-09	0.00965859
2.01811e-09	0.00995084
2.01818e-09	0.0102429
2.01825e-09	0.0105346
2.01832e-09	0.0108262
2.01839e-09	0.0111175
2.01846e-09	0.0114086
2.01853e-09	0.0116995
2.0186e-09	0.0119901
2.01867e-09	0.0122805
2.01874e-09	0.0125706
2.01881e-09	0.0128605
2.01888e-09	0.0131502
2.01895e-09	0.0134396
2.01903e-09	0.0137288
2.0191e-09	0.0140178
2.01917e-09	0.0143065
2.01924e-09	0.014595
2.01931e-09	0.0148833
2.01938e-09	0.0151713
2.01945e-09	0.0154591
2.01952e-09	0.0157466
2.01959e-09	0.0160339
2.01966e-09	0.0163209
2.01973e-09	0.0166078
2.0198e-09	0.0168943
2.01987e-09	0.0171807
2.01994e-09	0.0174667
2.02002e-09	0.0177526
2.02009e-09	0.0180382
2.02016e-09	0.0183236
2.02023e-09	0.0186087
2.0203e-09	0.0188935
2.02037e-09	0.0191782
2.02044e-09	0.0194625
2.02051e-09	0.0197467
2.02058e-09	0.0200306
2.02065e-09	0.0203142
2.02072e-09	0.0205976
2.02079e-09	0.0208807
2.02086e-09	0.0211636
2.02094e-09	0.0214463
2.02101e-09	0.0217287
2.02108e-09	0.0220109
2.02115e-09	0.0222928
2.02122e-09	0.0225744
2.02129e-09	0.0228558
2.02136e-09	0.023137
2.02143e-09	0.0234179
2.0215e-09	0.0236986
2.02157e-09	0.023979
2.02164e-09	0.0242591
2.02171e-09	0.024539
2.02178e-09	0.0248187
2.02185e-09	0.0250981
2.02193e-09	0.0253772
2.022e-09	0.0256561
2.02207e-09	0.0259347
2.02214e-09	0.0262131
2.02221e-09	0.0264912
2.02228e-09	0.0267691
2.02235e-09	0.0270467
2.02242e-09	0.0273241
2.02249e-09	0.0276012
2.02256e-09	0.027878
2.02263e-09	0.0281546
2.0227e-09	0.0284309
2.02277e-09	0.028707
2.02284e-09	0.0289828
2.02292e-09	0.0292584
2.02299e-09	0.0295337
2.02306e-09	0.0298087
2.02313e-09	0.0300835
2.0232e-09	0.030358
2.02327e-09	0.0306322
2.02334e-09	0.0309062
2.02341e-09	0.03118
2.02348e-09	0.0314534
2.02355e-09	0.0317266
2.02362e-09	0.0319996
2.02369e-09	0.0322723
2.02376e-09	0.0325447
2.02384e-09	0.0328168
2.02391e-09	0.0330887
2.02398e-09	0.0333604
2.02405e-09	0.0336317
2.02412e-09	0.0339028
2.02419e-09	0.0341737
2.02426e-09	0.0344442
2.02433e-09	0.0347145
2.0244e-09	0.0349846
2.02447e-09	0.0352544
2.02454e-09	0.0355239
2.02461e-09	0.0357931
2.02468e-09	0.0360621
2.02475e-09	0.0363308
2.02483e-09	0.0365992
2.0249e-09	0.0368674
2.02497e-09	0.0371352
2.02504e-09	0.0374029
2.02511e-09	0.0376702
2.02518e-09	0.0379373
2.02525e-09	0.0382041
2.02532e-09	0.0384707
2.02539e-09	0.0387369
2.02546e-09	0.0390029
2.02553e-09	0.0392687
2.0256e-09	0.0395341
2.02567e-09	0.0397993
2.02574e-09	0.0400642
2.02582e-09	0.0403288
2.02589e-09	0.0405932
2.02596e-09	0.0408573
2.02603e-09	0.0411211
2.0261e-09	0.0413846
2.02617e-09	0.0416479
2.02624e-09	0.0419109
2.02631e-09	0.0421736
2.02638e-09	0.042436
2.02645e-09	0.0426982
2.02652e-09	0.0429601
2.02659e-09	0.0432217
2.02666e-09	0.043483
2.02673e-09	0.0437441
2.02681e-09	0.0440048
2.02688e-09	0.0442653
2.02695e-09	0.0445255
2.02702e-09	0.0447855
2.02709e-09	0.0450451
2.02716e-09	0.0453045
2.02723e-09	0.0455636
2.0273e-09	0.0458224
2.02737e-09	0.046081
2.02744e-09	0.0463392
2.02751e-09	0.0465972
2.02758e-09	0.0468549
2.02765e-09	0.0471123
2.02773e-09	0.0473694
2.0278e-09	0.0476263
2.02787e-09	0.0478828
2.02794e-09	0.0481391
2.02801e-09	0.0483951
2.02808e-09	0.0486508
2.02815e-09	0.0489062
2.02822e-09	0.0491614
2.02829e-09	0.0494162
2.02836e-09	0.0496708
2.02843e-09	0.0499251
2.0285e-09	0.0501791
2.02857e-09	0.0504328
2.02864e-09	0.0506863
2.02872e-09	0.0509394
2.02879e-09	0.0511923
2.02886e-09	0.0514448
2.02893e-09	0.0516971
2.029e-09	0.0519491
2.02907e-09	0.0522008
2.02914e-09	0.0524522
2.02921e-09	0.0527033
2.02928e-09	0.0529542
2.02935e-09	0.0532047
2.02942e-09	0.053455
2.02949e-09	0.053705
2.02956e-09	0.0539546
2.02963e-09	0.054204
2.02971e-09	0.0544531
2.02978e-09	0.0547019
2.02985e-09	0.0549505
2.02992e-09	0.0551987
2.02999e-09	0.0554466
2.03006e-09	0.0556942
2.03013e-09	0.0559416
2.0302e-09	0.0561886
2.03027e-09	0.0564354
2.03034e-09	0.0566819
2.03041e-09	0.056928
2.03048e-09	0.0571739
2.03055e-09	0.0574195
2.03062e-09	0.0576648
2.0307e-09	0.0579098
2.03077e-09	0.0581545
2.03084e-09	0.0583989
2.03091e-09	0.058643
2.03098e-09	0.0588868
2.03105e-09	0.0591303
2.03112e-09	0.0593735
2.03119e-09	0.0596165
2.03126e-09	0.0598591
2.03133e-09	0.0601014
2.0314e-09	0.0603434
2.03147e-09	0.0605852
2.03154e-09	0.0608266
2.03162e-09	0.0610677
2.03169e-09	0.0613086
2.03176e-09	0.0615491
2.03183e-09	0.0617894
2.0319e-09	0.0620293
2.03197e-09	0.0622689
2.03204e-09	0.0625083
2.03211e-09	0.0627473
2.03218e-09	0.062986
2.03225e-09	0.0632245
2.03232e-09	0.0634626
2.03239e-09	0.0637004
2.03246e-09	0.063938
2.03253e-09	0.0641752
2.03261e-09	0.0644121
2.03268e-09	0.0646487
2.03275e-09	0.0648851
2.03282e-09	0.0651211
2.03289e-09	0.0653568
2.03296e-09	0.0655922
2.03303e-09	0.0658273
2.0331e-09	0.0660621
2.03317e-09	0.0662966
2.03324e-09	0.0665308
2.03331e-09	0.0667647
2.03338e-09	0.0669983
2.03345e-09	0.0672316
2.03352e-09	0.0674645
2.0336e-09	0.0676972
2.03367e-09	0.0679295
2.03374e-09	0.0681616
2.03381e-09	0.0683933
2.03388e-09	0.0686248
2.03395e-09	0.0688559
2.03402e-09	0.0690867
2.03409e-09	0.0693173
2.03416e-09	0.0695475
2.03423e-09	0.0697774
2.0343e-09	0.070007
2.03437e-09	0.0702362
2.03444e-09	0.0704652
2.03452e-09	0.0706939
2.03459e-09	0.0709222
2.03466e-09	0.0711503
2.03473e-09	0.071378
2.0348e-09	0.0716055
2.03487e-09	0.0718326
2.03494e-09	0.0720594
2.03501e-09	0.0722859
2.03508e-09	0.0725121
2.03515e-09	0.0727379
2.03522e-09	0.0729635
2.03529e-09	0.0731887
2.03536e-09	0.0734137
2.03543e-09	0.0736383
2.03551e-09	0.0738626
2.03558e-09	0.0740866
2.03565e-09	0.0743103
2.03572e-09	0.0745337
2.03579e-09	0.0747567
2.03586e-09	0.0749795
2.03593e-09	0.0752019
2.036e-09	0.075424
2.03607e-09	0.0756458
2.03614e-09	0.0758673
2.03621e-09	0.0760885
2.03628e-09	0.0763094
2.03635e-09	0.0765299
2.03642e-09	0.0767501
2.0365e-09	0.0769701
2.03657e-09	0.0771897
2.03664e-09	0.0774089
2.03671e-09	0.0776279
2.03678e-09	0.0778466
2.03685e-09	0.0780649
2.03692e-09	0.0782829
2.03699e-09	0.0785006
2.03706e-09	0.078718
2.03713e-09	0.0789351
2.0372e-09	0.0791518
2.03727e-09	0.0793682
2.03734e-09	0.0795844
2.03741e-09	0.0798002
2.03749e-09	0.0800156
2.03756e-09	0.0802308
2.03763e-09	0.0804456
2.0377e-09	0.0806601
2.03777e-09	0.0808743
2.03784e-09	0.0810882
2.03791e-09	0.0813018
2.03798e-09	0.081515
2.03805e-09	0.0817279
2.03812e-09	0.0819405
2.03819e-09	0.0821528
2.03826e-09	0.0823648
2.03833e-09	0.0825764
2.03841e-09	0.0827877
2.03848e-09	0.0829987
2.03855e-09	0.0832094
2.03862e-09	0.0834198
2.03869e-09	0.0836298
2.03876e-09	0.0838395
2.03883e-09	0.0840489
2.0389e-09	0.0842579
2.03897e-09	0.0844667
2.03904e-09	0.0846751
2.03911e-09	0.0848832
2.03918e-09	0.085091
2.03925e-09	0.0852984
2.03932e-09	0.0855055
2.0394e-09	0.0857124
2.03947e-09	0.0859188
2.03954e-09	0.086125
2.03961e-09	0.0863308
2.03968e-09	0.0865363
2.03975e-09	0.0867415
2.03982e-09	0.0869463
2.03989e-09	0.0871509
2.03996e-09	0.0873551
2.04003e-09	0.087559
2.0401e-09	0.0877625
2.04017e-09	0.0879657
2.04024e-09	0.0881687
2.04031e-09	0.0883712
2.04039e-09	0.0885735
2.04046e-09	0.0887754
2.04053e-09	0.088977
2.0406e-09	0.0891783
2.04067e-09	0.0893792
2.04074e-09	0.0895798
2.04081e-09	0.0897801
2.04088e-09	0.0899801
2.04095e-09	0.0901797
2.04102e-09	0.090379
2.04109e-09	0.090578
2.04116e-09	0.0907766
2.04123e-09	0.090975
2.04131e-09	0.091173
2.04138e-09	0.0913706
2.04145e-09	0.091568
2.04152e-09	0.091765
2.04159e-09	0.0919617
2.04166e-09	0.092158
2.04173e-09	0.092354
2.0418e-09	0.0925497
2.04187e-09	0.0927451
2.04194e-09	0.0929401
2.04201e-09	0.0931348
2.04208e-09	0.0933292
2.04215e-09	0.0935232
2.04222e-09	0.0937169
2.0423e-09	0.0939103
2.04237e-09	0.0941034
2.04244e-09	0.0942961
2.04251e-09	0.0944885
2.04258e-09	0.0946805
2.04265e-09	0.0948722
2.04272e-09	0.0950636
2.04279e-09	0.0952547
2.04286e-09	0.0954454
2.04293e-09	0.0956358
2.043e-09	0.0958259
2.04307e-09	0.0960156
2.04314e-09	0.096205
2.04321e-09	0.0963941
2.04329e-09	0.0965828
2.04336e-09	0.0967712
2.04343e-09	0.0969593
2.0435e-09	0.097147
2.04357e-09	0.0973344
2.04364e-09	0.0975215
2.04371e-09	0.0977082
2.04378e-09	0.0978947
2.04385e-09	0.0980807
2.04392e-09	0.0982665
2.04399e-09	0.0984519
2.04406e-09	0.0986369
2.04413e-09	0.0988217
2.0442e-09	0.0990061
2.04428e-09	0.0991901
2.04435e-09	0.0993739
2.04442e-09	0.0995573
2.04449e-09	0.0997403
2.04456e-09	0.099923
2.04463e-09	0.100105
2.0447e-09	0.100287
2.04477e-09	0.100469
2.04484e-09	0.100651
2.04491e-09	0.100832
2.04498e-09	0.101012
2.04505e-09	0.101193
2.04512e-09	0.101373
2.0452e-09	0.101552
2.04527e-09	0.101732
2.04534e-09	0.101911
2.04541e-09	0.10209
2.04548e-09	0.102268
2.04555e-09	0.102446
2.04562e-09	0.102624
2.04569e-09	0.102801
2.04576e-09	0.102978
2.04583e-09	0.103155
2.0459e-09	0.103331
2.04597e-09	0.103507
2.04604e-09	0.103683
2.04611e-09	0.103858
2.04619e-09	0.104033
2.04626e-09	0.104208
2.04633e-09	0.104382
2.0464e-09	0.104556
2.04647e-09	0.10473
2.04654e-09	0.104903
2.04661e-09	0.105076
2.04668e-09	0.105248
2.04675e-09	0.105421
2.04682e-09	0.105593
2.04689e-09	0.105764
2.04696e-09	0.105936
2.04703e-09	0.106107
2.0471e-09	0.106277
2.04718e-09	0.106447
2.04725e-09	0.106617
2.04732e-09	0.106787
2.04739e-09	0.106956
2.04746e-09	0.107125
2.04753e-09	0.107294
2.0476e-09	0.107462
2.04767e-09	0.10763
2.04774e-09	0.107797
2.04781e-09	0.107964
2.04788e-09	0.108131
2.04795e-09	0.108298
2.04802e-09	0.108464
2.04809e-09	0.10863
2.04817e-09	0.108795
2.04824e-09	0.10896
2.04831e-09	0.109125
2.04838e-09	0.10929
2.04845e-09	0.109454
2.04852e-09	0.109618
2.04859e-09	0.109781
2.04866e-09	0.109944
2.04873e-09	0.110107
2.0488e-09	0.110269
2.04887e-09	0.110431
2.04894e-09	0.110593
2.04901e-09	0.110755
2.04909e-09	0.110916
2.04916e-09	0.111076
2.04923e-09	0.111237
2.0493e-09	0.111397
2.04937e-09	0.111557
2.04944e-09	0.111716
2.04951e-09	0.111875
2.04958e-09	0.112034
2.04965e-09	0.112192
2.04972e-09	0.11235
2.04979e-09	0.112508
2.04986e-09	0.112665
2.04993e-09	0.112822
2.05e-09	0.112978
2.05008e-09	0.113135
2.05015e-09	0.113291
2.05022e-09	0.113446
2.05029e-09	0.113601
2.05036e-09	0.113756
2.05043e-09	0.113911
2.0505e-09	0.114065
2.05057e-09	0.114219
2.05064e-09	0.114373
2.05071e-09	0.114526
2.05078e-09	0.114679
2.05085e-09	0.114831
2.05092e-09	0.114983
2.05099e-09	0.115135
2.05107e-09	0.115287
2.05114e-09	0.115438
2.05121e-09	0.115589
2.05128e-09	0.115739
2.05135e-09	0.115889
2.05142e-09	0.116039
2.05149e-09	0.116188
2.05156e-09	0.116337
2.05163e-09	0.116486
2.0517e-09	0.116635
2.05177e-09	0.116783
2.05184e-09	0.11693
2.05191e-09	0.117078
2.05199e-09	0.117225
2.05206e-09	0.117371
2.05213e-09	0.117518
2.0522e-09	0.117664
2.05227e-09	0.117809
2.05234e-09	0.117955
2.05241e-09	0.1181
2.05248e-09	0.118244
2.05255e-09	0.118388
2.05262e-09	0.118532
2.05269e-09	0.118676
2.05276e-09	0.118819
2.05283e-09	0.118962
2.0529e-09	0.119105
2.05298e-09	0.119247
2.05305e-09	0.119389
2.05312e-09	0.11953
2.05319e-09	0.119671
2.05326e-09	0.119812
2.05333e-09	0.119953
2.0534e-09	0.120093
2.05347e-09	0.120233
2.05354e-09	0.120372
2.05361e-09	0.120511
2.05368e-09	0.12065
2.05375e-09	0.120788
2.05382e-09	0.120926
2.05389e-09	0.121064
2.05397e-09	0.121201
2.05404e-09	0.121338
2.05411e-09	0.121475
2.05418e-09	0.121611
2.05425e-09	0.121747
2.05432e-09	0.121883
2.05439e-09	0.122018
2.05446e-09	0.122153
2.05453e-09	0.122288
2.0546e-09	0.122422
2.05467e-09	0.122556
2.05474e-09	0.12269
2.05481e-09	0.122823
2.05488e-09	0.122956
2.05496e-09	0.123088
2.05503e-09	0.123221
2.0551e-09	0.123353
2.05517e-09	0.123484
2.05524e-09	0.123615
2.05531e-09	0.123746
2.05538e-09	0.123877
2.05545e-09	0.124007
2.05552e-09	0.124136
2.05559e-09	0.124266
2.05566e-09	0.124395
2.05573e-09	0.124524
2.0558e-09	0.124652
2.05588e-09	0.12478
2.05595e-09	0.124908
2.05602e-09	0.125035
2.05609e-09	0.125162
2.05616e-09	0.125289
2.05623e-09	0.125415
2.0563e-09	0.125541
2.05637e-09	0.125667
2.05644e-09	0.125792
2.05651e-09	0.125917
2.05658e-09	0.126042
2.05665e-09	0.126166
2.05672e-09	0.12629
2.05679e-09	0.126414
2.05687e-09	0.126537
2.05694e-09	0.12666
2.05701e-09	0.126782
2.05708e-09	0.126905
2.05715e-09	0.127027
2.05722e-09	0.127148
2.05729e-09	0.127269
2.05736e-09	0.12739
2.05743e-09	0.127511
2.0575e-09	0.127631
2.05757e-09	0.12775
2.05764e-09	0.12787
2.05771e-09	0.127989
2.05778e-09	0.128108
2.05786e-09	0.128226
2.05793e-09	0.128344
2.058e-09	0.128462
2.05807e-09	0.128579
2.05814e-09	0.128696
2.05821e-09	0.128813
2.05828e-09	0.128929
2.05835e-09	0.129045
2.05842e-09	0.129161
2.05849e-09	0.129276
2.05856e-09	0.129391
2.05863e-09	0.129506
2.0587e-09	0.12962
2.05878e-09	0.129734
2.05885e-09	0.129848
2.05892e-09	0.129961
2.05899e-09	0.130074
2.05906e-09	0.130187
2.05913e-09	0.130299
2.0592e-09	0.130411
2.05927e-09	0.130522
2.05934e-09	0.130633
2.05941e-09	0.130744
2.05948e-09	0.130855
2.05955e-09	0.130965
2.05962e-09	0.131075
2.05969e-09	0.131184
2.05977e-09	0.131293
2.05984e-09	0.131402
2.05991e-09	0.13151
2.05998e-09	0.131618
2.06005e-09	0.131726
2.06012e-09	0.131834
2.06019e-09	0.131941
2.06026e-09	0.132047
2.06033e-09	0.132154
2.0604e-09	0.13226
2.06047e-09	0.132365
2.06054e-09	0.132471
2.06061e-09	0.132576
2.06068e-09	0.13268
2.06076e-09	0.132785
2.06083e-09	0.132889
2.0609e-09	0.132992
2.06097e-09	0.133096
2.06104e-09	0.133199
2.06111e-09	0.133301
2.06118e-09	0.133403
2.06125e-09	0.133505
2.06132e-09	0.133607
2.06139e-09	0.133708
2.06146e-09	0.133809
2.06153e-09	0.133909
2.0616e-09	0.13401
2.06167e-09	0.13411
2.06175e-09	0.134209
2.06182e-09	0.134308
2.06189e-09	0.134407
2.06196e-09	0.134505
2.06203e-09	0.134604
2.0621e-09	0.134701
2.06217e-09	0.134799
2.06224e-09	0.134896
2.06231e-09	0.134993
2.06238e-09	0.135089
2.06245e-09	0.135185
2.06252e-09	0.135281
2.06259e-09	0.135376
2.06267e-09	0.135471
2.06274e-09	0.135566
2.06281e-09	0.135661
2.06288e-09	0.135755
2.06295e-09	0.135848
2.06302e-09	0.135942
2.06309e-09	0.136035
2.06316e-09	0.136127
2.06323e-09	0.13622
2.0633e-09	0.136312
2.06337e-09	0.136403
2.06344e-09	0.136495
2.06351e-09	0.136586
2.06358e-09	0.136676
2.06366e-09	0.136766
2.06373e-09	0.136856
2.0638e-09	0.136946
2.06387e-09	0.137035
2.06394e-09	0.137124
2.06401e-09	0.137213
2.06408e-09	0.137301
2.06415e-09	0.137389
2.06422e-09	0.137476
2.06429e-09	0.137564
2.06436e-09	0.137651
2.06443e-09	0.137737
2.0645e-09	0.137823
2.06457e-09	0.137909
2.06465e-09	0.137995
2.06472e-09	0.13808
2.06479e-09	0.138165
2.06486e-09	0.138249
2.06493e-09	0.138333
2.065e-09	0.138417
2.06507e-09	0.138501
2.06514e-09	0.138584
2.06521e-09	0.138667
2.06528e-09	0.138749
2.06535e-09	0.138831
2.06542e-09	0.138913
2.06549e-09	0.138994
2.06557e-09	0.139076
2.06564e-09	0.139156
2.06571e-09	0.139237
2.06578e-09	0.139317
2.06585e-09	0.139397
2.06592e-09	0.139476
2.06599e-09	0.139555
2.06606e-09	0.139634
2.06613e-09	0.139712
2.0662e-09	0.13979
2.06627e-09	0.139868
2.06634e-09	0.139945
2.06641e-09	0.140023
2.06648e-09	0.140099
2.06656e-09	0.140176
2.06663e-09	0.140252
2.0667e-09	0.140327
2.06677e-09	0.140403
2.06684e-09	0.140478
2.06691e-09	0.140553
2.06698e-09	0.140627
2.06705e-09	0.140701
2.06712e-09	0.140775
2.06719e-09	0.140848
2.06726e-09	0.140921
2.06733e-09	0.140994
2.0674e-09	0.141066
2.06747e-09	0.141138
2.06755e-09	0.14121
2.06762e-09	0.141281
2.06769e-09	0.141352
2.06776e-09	0.141423
2.06783e-09	0.141493
2.0679e-09	0.141563
2.06797e-09	0.141633
2.06804e-09	0.141702
2.06811e-09	0.141771
2.06818e-09	0.14184
2.06825e-09	0.141908
2.06832e-09	0.141976
2.06839e-09	0.142044
2.06846e-09	0.142111
2.06854e-09	0.142178
2.06861e-09	0.142245
2.06868e-09	0.142311
2.06875e-09	0.142377
2.06882e-09	0.142443
2.06889e-09	0.142508
2.06896e-09	0.142573
2.06903e-09	0.142638
2.0691e-09	0.142702
2.06917e-09	0.142766
2.06924e-09	0.14283
2.06931e-09	0.142893
2.06938e-09	0.142956
2.06946e-09	0.143019
2.06953e-09	0.143081
2.0696e-09	0.143143
2.06967e-09	0.143205
2.06974e-09	0.143266
2.06981e-09	0.143327
2.06988e-09	0.143388
2.06995e-09	0.143448
2.07002e-09	0.143508
2.07009e-09	0.143568
2.07016e-09	0.143627
2.07023e-09	0.143686
2.0703e-09	0.143745
2.07037e-09	0.143803
2.07045e-09	0.143861
2.07052e-09	0.143919
2.07059e-09	0.143976
2.07066e-09	0.144033
2.07073e-09	0.14409
2.0708e-09	0.144146
2.07087e-09	0.144202
2.07094e-09	0.144258
2.07101e-09	0.144313
2.07108e-09	0.144368
2.07115e-09	0.144423
2.07122e-09	0.144477
2.07129e-09	0.144531
2.07136e-09	0.144585
2.07144e-09	0.144639
2.07151e-09	0.144692
2.07158e-09	0.144744
2.07165e-09	0.144797
2.07172e-09	0.144849
2.07179e-09	0.144901
2.07186e-09	0.144952
2.07193e-09	0.145003
2.072e-09	0.145054
2.07207e-09	0.145104
2.07214e-09	0.145155
2.07221e-09	0.145204
2.07228e-09	0.145254
2.07235e-09	0.145303
2.07243e-09	0.145352
2.0725e-09	0.1454
2.07257e-09	0.145449
2.07264e-09	0.145496
2.07271e-09	0.145544
2.07278e-09	0.145591
2.07285e-09	0.145638
2.07292e-09	0.145685
2.07299e-09	0.145731
2.07306e-09	0.145777
2.07313e-09	0.145822
2.0732e-09	0.145867
2.07327e-09	0.145912
2.07335e-09	0.145957
2.07342e-09	0.146001
2.07349e-09	0.146045
2.07356e-09	0.146089
2.07363e-09	0.146132
2.0737e-09	0.146175
2.07377e-09	0.146218
2.07384e-09	0.14626
2.07391e-09	0.146302
2.07398e-09	0.146344
2.07405e-09	0.146385
2.07412e-09	0.146426
2.07419e-09	0.146467
2.07426e-09	0.146507
2.07434e-09	0.146547
2.07441e-09	0.146587
2.07448e-09	0.146626
2.07455e-09	0.146666
2.07462e-09	0.146704
2.07469e-09	0.146743
2.07476e-09	0.146781
2.07483e-09	0.146819
2.0749e-09	0.146856
2.07497e-09	0.146893
2.07504e-09	0.14693
2.07511e-09	0.146967
2.07518e-09	0.147003
2.07525e-09	0.147039
2.07533e-09	0.147075
2.0754e-09	0.14711
2.07547e-09	0.147145
2.07554e-09	0.147179
2.07561e-09	0.147214
2.07568e-09	0.147248
2.07575e-09	0.147281
2.07582e-09	0.147315
2.07589e-09	0.147348
2.07596e-09	0.14738
2.07603e-09	0.147413
2.0761e-09	0.147445
2.07617e-09	0.147477
2.07625e-09	0.147508
2.07632e-09	0.147539
2.07639e-09	0.14757
2.07646e-09	0.1476
2.07653e-09	0.147631
2.0766e-09	0.14766
2.07667e-09	0.14769
2.07674e-09	0.147719
2.07681e-09	0.147748
2.07688e-09	0.147777
2.07695e-09	0.147805
2.07702e-09	0.147833
2.07709e-09	0.147861
2.07716e-09	0.147888
2.07724e-09	0.147915
2.07731e-09	0.147942
2.07738e-09	0.147968
2.07745e-09	0.147994
2.07752e-09	0.14802
2.07759e-09	0.148045
2.07766e-09	0.14807
2.07773e-09	0.148095
2.0778e-09	0.14812
2.07787e-09	0.148144
2.07794e-09	0.148168
2.07801e-09	0.148191
2.07808e-09	0.148215
2.07815e-09	0.148237
2.07823e-09	0.14826
2.0783e-09	0.148282
2.07837e-09	0.148304
2.07844e-09	0.148326
2.07851e-09	0.148348
2.07858e-09	0.148369
2.07865e-09	0.148389
2.07872e-09	0.14841
2.07879e-09	0.14843
2.07886e-09	0.14845
2.07893e-09	0.148469
2.079e-09	0.148488
2.07907e-09	0.148507
2.07914e-09	0.148526
2.07922e-09	0.148544
2.07929e-09	0.148562
2.07936e-09	0.14858
2.07943e-09	0.148597
2.0795e-09	0.148614
2.07957e-09	0.148631
2.07964e-09	0.148647
2.07971e-09	0.148664
2.07978e-09	0.148679
2.07985e-09	0.148695
2.07992e-09	0.14871
2.07999e-09	0.148725
2.08006e-09	0.14874
2.08014e-09	0.148754
2.08021e-09	0.148768
2.08028e-09	0.148781
2.08035e-09	0.148795
2.08042e-09	0.148808
2.08049e-09	0.148821
2.08056e-09	0.148833
2.08063e-09	0.148845
2.0807e-09	0.148857
2.08077e-09	0.148869
2.08084e-09	0.14888
2.08091e-09	0.148891
2.08098e-09	0.148901
2.08105e-09	0.148912
2.08113e-09	0.148922
2.0812e-09	0.148931
2.08127e-09	0.148941
2.08134e-09	0.14895
2.08141e-09	0.148959
2.08148e-09	0.148967
2.08155e-09	0.148975
2.08162e-09	0.148983
2.08169e-09	0.148991
2.08176e-09	0.148998
2.08183e-09	0.149005
2.0819e-09	0.149012
2.08197e-09	0.149018
2.08204e-09	0.149024
2.08212e-09	0.14903
2.08219e-09	0.149035
2.08226e-09	0.149041
2.08233e-09	0.149046
2.0824e-09	0.14905
2.08247e-09	0.149054
2.08254e-09	0.149058
2.08261e-09	0.149062
2.08268e-09	0.149065
2.08275e-09	0.149069
2.08282e-09	0.149071
2.08289e-09	0.149074
2.08296e-09	0.149076
2.08304e-09	0.149078
2.08311e-09	0.14908
2.08318e-09	0.149081
2.08325e-09	0.149082
2.08332e-09	0.149083
2.08339e-09	0.149083
2.08346e-09	0.149083
2.08353e-09	0.149083
2.0836e-09	0.149082
2.08367e-09	0.149082
2.08374e-09	0.149081
2.08381e-09	0.149079
2.08388e-09	0.149078
2.08395e-09	0.149076
2.08403e-09	0.149073
2.0841e-09	0.149071
2.08417e-09	0.149068
2.08424e-09	0.149065
2.08431e-09	0.149062
2.08438e-09	0.149058
2.08445e-09	0.149054
2.08452e-09	0.14905
2.08459e-09	0.149045
2.08466e-09	0.14904
2.08473e-09	0.149035
2.0848e-09	0.149029
2.08487e-09	0.149024
2.08494e-09	0.149018
2.08502e-09	0.149011
2.08509e-09	0.149005
2.08516e-09	0.148998
2.08523e-09	0.148991
2.0853e-09	0.148983
2.08537e-09	0.148975
2.08544e-09	0.148967
2.08551e-09	0.148959
2.08558e-09	0.14895
2.08565e-09	0.148941
2.08572e-09	0.148932
2.08579e-09	0.148922
2.08586e-09	0.148913
2.08593e-09	0.148903
2.08601e-09	0.148892
2.08608e-09	0.148881
2.08615e-09	0.148871
2.08622e-09	0.148859
2.08629e-09	0.148848
2.08636e-09	0.148836
2.08643e-09	0.148824
2.0865e-09	0.148811
2.08657e-09	0.148799
2.08664e-09	0.148786
2.08671e-09	0.148773
2.08678e-09	0.148759
2.08685e-09	0.148745
2.08693e-09	0.148731
2.087e-09	0.148717
2.08707e-09	0.148702
2.08714e-09	0.148687
2.08721e-09	0.148672
2.08728e-09	0.148656
2.08735e-09	0.148641
2.08742e-09	0.148625
2.08749e-09	0.148608
2.08756e-09	0.148592
2.08763e-09	0.148575
2.0877e-09	0.148557
2.08777e-09	0.14854
2.08784e-09	0.148522
2.08792e-09	0.148504
2.08799e-09	0.148486
2.08806e-09	0.148467
2.08813e-09	0.148448
2.0882e-09	0.148429
2.08827e-09	0.14841
2.08834e-09	0.14839
2.08841e-09	0.14837
2.08848e-09	0.14835
2.08855e-09	0.148329
2.08862e-09	0.148308
2.08869e-09	0.148287
2.08876e-09	0.148266
2.08883e-09	0.148244
2.08891e-09	0.148222
2.08898e-09	0.1482
2.08905e-09	0.148177
2.08912e-09	0.148155
2.08919e-09	0.148132
2.08926e-09	0.148108
2.08933e-09	0.148085
2.0894e-09	0.148061
2.08947e-09	0.148037
2.08954e-09	0.148012
2.08961e-09	0.147988
2.08968e-09	0.147963
2.08975e-09	0.147937
2.08983e-09	0.147912
2.0899e-09	0.147886
2.08997e-09	0.14786
2.09004e-09	0.147834
2.09011e-09	0.147807
2.09018e-09	0.14778
2.09025e-09	0.147753
2.09032e-09	0.147726
2.09039e-09	0.147698
2.09046e-09	0.14767
2.09053e-09	0.147642
2.0906e-09	0.147613
2.09067e-09	0.147584
2.09074e-09	0.147555
2.09082e-09	0.147526
2.09089e-09	0.147496
2.09096e-09	0.147467
2.09103e-09	0.147436
2.0911e-09	0.147406
2.09117e-09	0.147375
2.09124e-09	0.147344
2.09131e-09	0.147313
2.09138e-09	0.147282
2.09145e-09	0.14725
2.09152e-09	0.147218
2.09159e-09	0.147186
2.09166e-09	0.147153
2.09173e-09	0.14712
2.09181e-09	0.147087
2.09188e-09	0.147054
2.09195e-09	0.147021
2.09202e-09	0.146987
2.09209e-09	0.146953
2.09216e-09	0.146918
2.09223e-09	0.146884
2.0923e-09	0.146849
2.09237e-09	0.146813
2.09244e-09	0.146778
2.09251e-09	0.146742
2.09258e-09	0.146706
2.09265e-09	0.14667
2.09272e-09	0.146634
2.0928e-09	0.146597
2.09287e-09	0.14656
2.09294e-09	0.146523
2.09301e-09	0.146485
2.09308e-09	0.146447
2.09315e-09	0.146409
2.09322e-09	0.146371
2.09329e-09	0.146332
2.09336e-09	0.146293
2.09343e-09	0.146254
2.0935e-09	0.146215
2.09357e-09	0.146175
2.09364e-09	0.146136
2.09372e-09	0.146095
2.09379e-09	0.146055
2.09386e-09	0.146014
2.09393e-09	0.145973
2.094e-09	0.145932
2.09407e-09	0.145891
2.09414e-09	0.145849
2.09421e-09	0.145807
2.09428e-09	0.145765
2.09435e-09	0.145723
2.09442e-09	0.14568
2.09449e-09	0.145637
2.09456e-09	0.145594
2.09463e-09	0.14555
2.09471e-09	0.145507
2.09478e-09	0.145463
2.09485e-09	0.145418
2.09492e-09	0.145374
2.09499e-09	0.145329
2.09506e-09	0.145284
2.09513e-09	0.145239
2.0952e-09	0.145194
2.09527e-09	0.145148
2.09534e-09	0.145102
2.09541e-09	0.145056
2.09548e-09	0.145009
2.09555e-09	0.144962
2.09562e-09	0.144916
2.0957e-09	0.144868
2.09577e-09	0.144821
2.09584e-09	0.144773
2.09591e-09	0.144725
2.09598e-09	0.144677
2.09605e-09	0.144628
2.09612e-09	0.14458
2.09619e-09	0.144531
2.09626e-09	0.144481
2.09633e-09	0.144432
2.0964e-09	0.144382
2.09647e-09	0.144332
2.09654e-09	0.144282
2.09661e-09	0.144232
2.09669e-09	0.144181
2.09676e-09	0.14413
2.09683e-09	0.144079
2.0969e-09	0.144027
2.09697e-09	0.143976
2.09704e-09	0.143924
2.09711e-09	0.143872
2.09718e-09	0.143819
2.09725e-09	0.143767
2.09732e-09	0.143714
2.09739e-09	0.143661
2.09746e-09	0.143607
2.09753e-09	0.143554
2.09761e-09	0.1435
2.09768e-09	0.143446
2.09775e-09	0.143391
2.09782e-09	0.143337
2.09789e-09	0.143282
2.09796e-09	0.143227
2.09803e-09	0.143172
2.0981e-09	0.143116
2.09817e-09	0.14306
2.09824e-09	0.143004
2.09831e-09	0.142948
2.09838e-09	0.142891
2.09845e-09	0.142835
2.09852e-09	0.142778
2.0986e-09	0.142721
2.09867e-09	0.142663
2.09874e-09	0.142605
2.09881e-09	0.142547
2.09888e-09	0.142489
2.09895e-09	0.142431
2.09902e-09	0.142372
2.09909e-09	0.142313
2.09916e-09	0.142254
2.09923e-09	0.142195
2.0993e-09	0.142135
2.09937e-09	0.142076
2.09944e-09	0.142016
2.09951e-09	0.141955
2.09959e-09	0.141895
2.09966e-09	0.141834
2.09973e-09	0.141773
2.0998e-09	0.141712
2.09987e-09	0.141651
2.09994e-09	0.141589
2.10001e-09	0.141527
2.10008e-09	0.141465
2.10015e-09	0.141403
2.10022e-09	0.14134
2.10029e-09	0.141277
2.10036e-09	0.141214
2.10043e-09	0.141151
2.10051e-09	0.141087
2.10058e-09	0.141024
2.10065e-09	0.14096
2.10072e-09	0.140896
2.10079e-09	0.140831
2.10086e-09	0.140766
2.10093e-09	0.140702
2.101e-09	0.140637
2.10107e-09	0.140571
2.10114e-09	0.140506
2.10121e-09	0.14044
2.10128e-09	0.140374
2.10135e-09	0.140308
2.10142e-09	0.140241
2.1015e-09	0.140175
2.10157e-09	0.140108
2.10164e-09	0.140041
2.10171e-09	0.139973
2.10178e-09	0.139906
2.10185e-09	0.139838
2.10192e-09	0.13977
2.10199e-09	0.139702
2.10206e-09	0.139633
2.10213e-09	0.139565
2.1022e-09	0.139496
2.10227e-09	0.139427
2.10234e-09	0.139357
2.10241e-09	0.139288
2.10249e-09	0.139218
2.10256e-09	0.139148
2.10263e-09	0.139078
2.1027e-09	0.139007
2.10277e-09	0.138937
2.10284e-09	0.138866
2.10291e-09	0.138795
2.10298e-09	0.138723
2.10305e-09	0.138652
2.10312e-09	0.13858
2.10319e-09	0.138508
2.10326e-09	0.138436
2.10333e-09	0.138364
2.1034e-09	0.138291
2.10348e-09	0.138218
2.10355e-09	0.138145
2.10362e-09	0.138072
2.10369e-09	0.137998
2.10376e-09	0.137925
2.10383e-09	0.137851
2.1039e-09	0.137777
2.10397e-09	0.137702
2.10404e-09	0.137628
2.10411e-09	0.137553
2.10418e-09	0.137478
2.10425e-09	0.137403
2.10432e-09	0.137328
2.1044e-09	0.137252
2.10447e-09	0.137176
2.10454e-09	0.1371
2.10461e-09	0.137024
2.10468e-09	0.136948
2.10475e-09	0.136871
2.10482e-09	0.136794
2.10489e-09	0.136717
2.10496e-09	0.13664
2.10503e-09	0.136562
2.1051e-09	0.136485
2.10517e-09	0.136407
2.10524e-09	0.136329
2.10531e-09	0.13625
2.10539e-09	0.136172
2.10546e-09	0.136093
2.10553e-09	0.136014
2.1056e-09	0.135935
2.10567e-09	0.135856
2.10574e-09	0.135776
2.10581e-09	0.135697
2.10588e-09	0.135617
2.10595e-09	0.135536
2.10602e-09	0.135456
2.10609e-09	0.135376
2.10616e-09	0.135295
2.10623e-09	0.135214
2.1063e-09	0.135133
2.10638e-09	0.135051
2.10645e-09	0.13497
2.10652e-09	0.134888
2.10659e-09	0.134806
2.10666e-09	0.134724
2.10673e-09	0.134641
2.1068e-09	0.134559
2.10687e-09	0.134476
2.10694e-09	0.134393
2.10701e-09	0.13431
2.10708e-09	0.134227
2.10715e-09	0.134143
2.10722e-09	0.134059
2.1073e-09	0.133975
2.10737e-09	0.133891
2.10744e-09	0.133807
2.10751e-09	0.133722
2.10758e-09	0.133638
2.10765e-09	0.133553
2.10772e-09	0.133468
2.10779e-09	0.133382
2.10786e-09	0.133297
2.10793e-09	0.133211
2.108e-09	0.133125
2.10807e-09	0.133039
2.10814e-09	0.132953
2.10821e-09	0.132866
2.10829e-09	0.13278
2.10836e-09	0.132693
2.10843e-09	0.132606
2.1085e-09	0.132518
2.10857e-09	0.132431
2.10864e-09	0.132343
2.10871e-09	0.132255
2.10878e-09	0.132167
2.10885e-09	0.132079
2.10892e-09	0.131991
2.10899e-09	0.131902
2.10906e-09	0.131813
2.10913e-09	0.131724
2.1092e-09	0.131635
2.10928e-09	0.131546
2.10935e-09	0.131456
2.10942e-09	0.131367
2.10949e-09	0.131277
2.10956e-09	0.131187
2.10963e-09	0.131096
2.1097e-09	0.131006
2.10977e-09	0.130915
2.10984e-09	0.130824
2.10991e-09	0.130733
2.10998e-09	0.130642
2.11005e-09	0.130551
2.11012e-09	0.130459
2.11019e-09	0.130367
2.11027e-09	0.130276
2.11034e-09	0.130183
2.11041e-09	0.130091
2.11048e-09	0.129999
2.11055e-09	0.129906
2.11062e-09	0.129813
2.11069e-09	0.12972
2.11076e-09	0.129627
2.11083e-09	0.129533
2.1109e-09	0.12944
2.11097e-09	0.129346
2.11104e-09	0.129252
2.11111e-09	0.129158
2.11119e-09	0.129064
2.11126e-09	0.128969
2.11133e-09	0.128875
2.1114e-09	0.12878
2.11147e-09	0.128685
2.11154e-09	0.12859
2.11161e-09	0.128494
2.11168e-09	0.128399
2.11175e-09	0.128303
2.11182e-09	0.128207
2.11189e-09	0.128111
2.11196e-09	0.128015
2.11203e-09	0.127918
2.1121e-09	0.127822
2.11218e-09	0.127725
2.11225e-09	0.127628
2.11232e-09	0.127531
2.11239e-09	0.127434
2.11246e-09	0.127336
2.11253e-09	0.127239
2.1126e-09	0.127141
2.11267e-09	0.127043
2.11274e-09	0.126945
2.11281e-09	0.126846
2.11288e-09	0.126748
2.11295e-09	0.126649
2.11302e-09	0.12655
2.11309e-09	0.126451
2.11317e-09	0.126352
2.11324e-09	0.126253
2.11331e-09	0.126153
2.11338e-09	0.126054
2.11345e-09	0.125954
2.11352e-09	0.125854
2.11359e-09	0.125754
2.11366e-09	0.125653
2.11373e-09	0.125553
2.1138e-09	0.125452
2.11387e-09	0.125351
2.11394e-09	0.12525
2.11401e-09	0.125149
2.11409e-09	0.125048
2.11416e-09	0.124946
2.11423e-09	0.124845
2.1143e-09	0.124743
2.11437e-09	0.124641
2.11444e-09	0.124539
2.11451e-09	0.124437
2.11458e-09	0.124334
2.11465e-09	0.124231
2.11472e-09	0.124129
2.11479e-09	0.124026
2.11486e-09	0.123923
2.11493e-09	0.123819
2.115e-09	0.123716
2.11508e-09	0.123612
2.11515e-09	0.123509
2.11522e-09	0.123405
2.11529e-09	0.123301
2.11536e-09	0.123196
2.11543e-09	0.123092
2.1155e-09	0.122987
2.11557e-09	0.122883
2.11564e-09	0.122778
2.11571e-09	0.122673
2.11578e-09	0.122568
2.11585e-09	0.122462
2.11592e-09	0.122357
2.11599e-09	0.122251
2.11607e-09	0.122145
2.11614e-09	0.122039
2.11621e-09	0.121933
2.11628e-09	0.121827
2.11635e-09	0.121721
2.11642e-09	0.121614
2.11649e-09	0.121507
2.11656e-09	0.1214
2.11663e-09	0.121293
2.1167e-09	0.121186
2.11677e-09	0.121079
2.11684e-09	0.120971
2.11691e-09	0.120864
2.11698e-09	0.120756
2.11706e-09	0.120648
2.11713e-09	0.12054
2.1172e-09	0.120432
2.11727e-09	0.120323
2.11734e-09	0.120215
2.11741e-09	0.120106
2.11748e-09	0.119997
2.11755e-09	0.119888
2.11762e-09	0.119779
2.11769e-09	0.11967
2.11776e-09	0.119561
2.11783e-09	0.119451
2.1179e-09	0.119341
2.11798e-09	0.119231
2.11805e-09	0.119121
2.11812e-09	0.119011
2.11819e-09	0.118901
2.11826e-09	0.118791
2.11833e-09	0.11868
2.1184e-09	0.118569
2.11847e-09	0.118458
2.11854e-09	0.118347
2.11861e-09	0.118236
2.11868e-09	0.118125
2.11875e-09	0.118014
2.11882e-09	0.117902
2.11889e-09	0.11779
2.11897e-09	0.117678
2.11904e-09	0.117566
2.11911e-09	0.117454
2.11918e-09	0.117342
2.11925e-09	0.11723
2.11932e-09	0.117117
2.11939e-09	0.117004
2.11946e-09	0.116892
2.11953e-09	0.116779
2.1196e-09	0.116666
2.11967e-09	0.116552
2.11974e-09	0.116439
2.11981e-09	0.116325
2.11988e-09	0.116212
2.11996e-09	0.116098
2.12003e-09	0.115984
2.1201e-09	0.11587
2.12017e-09	0.115756
2.12024e-09	0.115641
2.12031e-09	0.115527
2.12038e-09	0.115412
2.12045e-09	0.115298
2.12052e-09	0.115183
2.12059e-09	0.115068
2.12066e-09	0.114953
2.12073e-09	0.114837
2.1208e-09	0.114722
2.12087e-09	0.114607
2.12095e-09	0.114491
2.12102e-09	0.114375
2.12109e-09	0.114259
2.12116e-09	0.114143
2.12123e-09	0.114027
2.1213e-09	0.113911
2.12137e-09	0.113794
2.12144e-09	0.113678
2.12151e-09	0.113561
2.12158e-09	0.113444
2.12165e-09	0.113327
2.12172e-09	0.11321
2.12179e-09	0.113093
2.12187e-09	0.112976
2.12194e-09	0.112858
2.12201e-09	0.112741
2.12208e-09	0.112623
2.12215e-09	0.112505
2.12222e-09	0.112387
2.12229e-09	0.112269
2.12236e-09	0.112151
2.12243e-09	0.112033
2.1225e-09	0.111914
2.12257e-09	0.111796
2.12264e-09	0.111677
2.12271e-09	0.111558
2.12278e-09	0.111439
2.12286e-09	0.11132
2.12293e-09	0.111201
2.123e-09	0.111082
2.12307e-09	0.110962
2.12314e-09	0.110843
2.12321e-09	0.110723
2.12328e-09	0.110603
2.12335e-09	0.110483
2.12342e-09	0.110363
2.12349e-09	0.110243
2.12356e-09	0.110123
2.12363e-09	0.110003
2.1237e-09	0.109882
2.12377e-09	0.109762
2.12385e-09	0.109641
2.12392e-09	0.10952
2.12399e-09	0.109399
2.12406e-09	0.109278
2.12413e-09	0.109157
2.1242e-09	0.109036
2.12427e-09	0.108914
2.12434e-09	0.108793
2.12441e-09	0.108671
2.12448e-09	0.108549
2.12455e-09	0.108427
2.12462e-09	0.108305
2.12469e-09	0.108183
2.12477e-09	0.108061
2.12484e-09	0.107939
2.12491e-09	0.107816
2.12498e-09	0.107694
2.12505e-09	0.107571
2.12512e-09	0.107448
2.12519e-09	0.107326
2.12526e-09	0.107203
2.12533e-09	0.10708
2.1254e-09	0.106956
2.12547e-09	0.106833
2.12554e-09	0.10671
2.12561e-09	0.106586
2.12568e-09	0.106462
2.12576e-09	0.106339
2.12583e-09	0.106215
2.1259e-09	0.106091
2.12597e-09	0.105967
2.12604e-09	0.105843
2.12611e-09	0.105718
2.12618e-09	0.105594
2.12625e-09	0.10547
2.12632e-09	0.105345
2.12639e-09	0.10522
2.12646e-09	0.105096
2.12653e-09	0.104971
2.1266e-09	0.104846
2.12667e-09	0.104721
2.12675e-09	0.104595
2.12682e-09	0.10447
2.12689e-09	0.104345
2.12696e-09	0.104219
2.12703e-09	0.104094
2.1271e-09	0.103968
2.12717e-09	0.103842
2.12724e-09	0.103716
2.12731e-09	0.10359
2.12738e-09	0.103464
2.12745e-09	0.103338
2.12752e-09	0.103212
2.12759e-09	0.103085
2.12766e-09	0.102959
2.12774e-09	0.102832
2.12781e-09	0.102705
2.12788e-09	0.102579
2.12795e-09	0.102452
2.12802e-09	0.102325
2.12809e-09	0.102198
2.12816e-09	0.102071
2.12823e-09	0.101943
2.1283e-09	0.101816
2.12837e-09	0.101688
2.12844e-09	0.101561
2.12851e-09	0.101433
2.12858e-09	0.101306
2.12866e-09	0.101178
2.12873e-09	0.10105
2.1288e-09	0.100922
2.12887e-09	0.100794
2.12894e-09	0.100665
2.12901e-09	0.100537
2.12908e-09	0.100409
2.12915e-09	0.10028
2.12922e-09	0.100152
2.12929e-09	0.100023
2.12936e-09	0.0998944
2.12943e-09	0.0997656
2.1295e-09	0.0996366
2.12957e-09	0.0995076
2.12965e-09	0.0993785
2.12972e-09	0.0992494
2.12979e-09	0.0991201
2.12986e-09	0.0989907
2.12993e-09	0.0988613
2.13e-09	0.0987318
2.13007e-09	0.0986021
2.13014e-09	0.0984724
2.13021e-09	0.0983426
2.13028e-09	0.0982128
2.13035e-09	0.0980828
2.13042e-09	0.0979528
2.13049e-09	0.0978227
2.13056e-09	0.0976924
2.13064e-09	0.0975621
2.13071e-09	0.0974318
2.13078e-09	0.0973013
2.13085e-09	0.0971708
2.13092e-09	0.0970401
2.13099e-09	0.0969094
2.13106e-09	0.0967786
2.13113e-09	0.0966478
2.1312e-09	0.0965168
2.13127e-09	0.0963858
2.13134e-09	0.0962547
2.13141e-09	0.0961235
2.13148e-09	0.0959922
2.13156e-09	0.0958609
2.13163e-09	0.0957295
2.1317e-09	0.095598
2.13177e-09	0.0954664
2.13184e-09	0.0953347
2.13191e-09	0.095203
2.13198e-09	0.0950712
2.13205e-09	0.0949393
2.13212e-09	0.0948073
2.13219e-09	0.0946753
2.13226e-09	0.0945432
2.13233e-09	0.094411
2.1324e-09	0.0942787
2.13247e-09	0.0941463
2.13255e-09	0.0940139
2.13262e-09	0.0938814
2.13269e-09	0.0937489
2.13276e-09	0.0936162
2.13283e-09	0.0934835
2.1329e-09	0.0933507
2.13297e-09	0.0932179
2.13304e-09	0.093085
2.13311e-09	0.092952
2.13318e-09	0.0928189
2.13325e-09	0.0926858
2.13332e-09	0.0925525
2.13339e-09	0.0924193
2.13346e-09	0.0922859
2.13354e-09	0.0921525
2.13361e-09	0.092019
2.13368e-09	0.0918854
2.13375e-09	0.0917518
2.13382e-09	0.0916181
2.13389e-09	0.0914844
2.13396e-09	0.0913505
2.13403e-09	0.0912166
2.1341e-09	0.0910827
2.13417e-09	0.0909486
2.13424e-09	0.0908145
2.13431e-09	0.0906804
2.13438e-09	0.0905461
2.13445e-09	0.0904118
2.13453e-09	0.0902775
2.1346e-09	0.0901431
2.13467e-09	0.0900086
2.13474e-09	0.089874
2.13481e-09	0.0897394
2.13488e-09	0.0896047
2.13495e-09	0.08947
2.13502e-09	0.0893352
2.13509e-09	0.0892003
2.13516e-09	0.0890654
2.13523e-09	0.0889304
2.1353e-09	0.0887954
2.13537e-09	0.0886603
2.13545e-09	0.0885251
2.13552e-09	0.0883899
2.13559e-09	0.0882546
2.13566e-09	0.0881192
2.13573e-09	0.0879838
2.1358e-09	0.0878483
2.13587e-09	0.0877128
2.13594e-09	0.0875772
2.13601e-09	0.0874416
2.13608e-09	0.0873059
2.13615e-09	0.0871701
2.13622e-09	0.0870343
2.13629e-09	0.0868984
2.13636e-09	0.0867625
2.13644e-09	0.0866265
2.13651e-09	0.0864905
2.13658e-09	0.0863544
2.13665e-09	0.0862183
2.13672e-09	0.0860821
2.13679e-09	0.0859458
2.13686e-09	0.0858095
2.13693e-09	0.0856731
2.137e-09	0.0855367
2.13707e-09	0.0854002
2.13714e-09	0.0852637
2.13721e-09	0.0851272
2.13728e-09	0.0849905
2.13735e-09	0.0848538
2.13743e-09	0.0847171
2.1375e-09	0.0845803
2.13757e-09	0.0844435
2.13764e-09	0.0843066
2.13771e-09	0.0841697
2.13778e-09	0.0840327
2.13785e-09	0.0838957
2.13792e-09	0.0837586
2.13799e-09	0.0836215
2.13806e-09	0.0834843
2.13813e-09	0.0833471
2.1382e-09	0.0832098
2.13827e-09	0.0830725
2.13834e-09	0.0829351
2.13842e-09	0.0827977
2.13849e-09	0.0826603
2.13856e-09	0.0825228
2.13863e-09	0.0823852
2.1387e-09	0.0822476
2.13877e-09	0.08211
2.13884e-09	0.0819723
2.13891e-09	0.0818346
2.13898e-09	0.0816968
2.13905e-09	0.081559
2.13912e-09	0.0814211
2.13919e-09	0.0812832
2.13926e-09	0.0811453
2.13934e-09	0.0810073
2.13941e-09	0.0808693
2.13948e-09	0.0807312
2.13955e-09	0.0805931
2.13962e-09	0.0804549
2.13969e-09	0.0803167
2.13976e-09	0.0801785
2.13983e-09	0.0800402
2.1399e-09	0.0799019
2.13997e-09	0.0797636
2.14004e-09	0.0796252
2.14011e-09	0.0794867
2.14018e-09	0.0793483
2.14025e-09	0.0792098
2.14033e-09	0.0790712
2.1404e-09	0.0789326
2.14047e-09	0.078794
2.14054e-09	0.0786554
2.14061e-09	0.0785167
2.14068e-09	0.0783779
2.14075e-09	0.0782392
2.14082e-09	0.0781004
2.14089e-09	0.0779615
2.14096e-09	0.0778227
2.14103e-09	0.0776837
2.1411e-09	0.0775448
2.14117e-09	0.0774058
2.14124e-09	0.0772668
2.14132e-09	0.0771278
2.14139e-09	0.0769887
2.14146e-09	0.0768496
2.14153e-09	0.0767105
2.1416e-09	0.0765713
2.14167e-09	0.0764321
2.14174e-09	0.0762928
2.14181e-09	0.0761536
2.14188e-09	0.0760143
2.14195e-09	0.0758749
2.14202e-09	0.0757356
2.14209e-09	0.0755962
2.14216e-09	0.0754568
2.14224e-09	0.0753173
2.14231e-09	0.0751779
2.14238e-09	0.0750384
2.14245e-09	0.0748988
2.14252e-09	0.0747593
2.14259e-09	0.0746197
2.14266e-09	0.07448
2.14273e-09	0.0743404
2.1428e-09	0.0742007
2.14287e-09	0.074061
2.14294e-09	0.0739213
2.14301e-09	0.0737816
2.14308e-09	0.0736418
2.14315e-09	0.073502
2.14323e-09	0.0733622
2.1433e-09	0.0732223
2.14337e-09	0.0730825
2.14344e-09	0.0729426
2.14351e-09	0.0728026
2.14358e-09	0.0726627
2.14365e-09	0.0725227
2.14372e-09	0.0723827
2.14379e-09	0.0722427
2.14386e-09	0.0721027
2.14393e-09	0.0719626
2.144e-09	0.0718226
2.14407e-09	0.0716825
2.14414e-09	0.0715423
2.14422e-09	0.0714022
2.14429e-09	0.071262
2.14436e-09	0.0711219
2.14443e-09	0.0709817
2.1445e-09	0.0708415
2.14457e-09	0.0707012
2.14464e-09	0.070561
2.14471e-09	0.0704207
2.14478e-09	0.0702804
2.14485e-09	0.0701401
2.14492e-09	0.0699998
2.14499e-09	0.0698594
2.14506e-09	0.0697191
2.14513e-09	0.0695787
2.14521e-09	0.0694383
2.14528e-09	0.0692979
2.14535e-09	0.0691575
2.14542e-09	0.069017
2.14549e-09	0.0688766
2.14556e-09	0.0687361
2.14563e-09	0.0685956
2.1457e-09	0.0684551
2.14577e-09	0.0683146
2.14584e-09	0.0681741
2.14591e-09	0.0680335
2.14598e-09	0.067893
2.14605e-09	0.0677524
2.14613e-09	0.0676118
2.1462e-09	0.0674713
2.14627e-09	0.0673307
2.14634e-09	0.06719
2.14641e-09	0.0670494
2.14648e-09	0.0669088
2.14655e-09	0.0667681
2.14662e-09	0.0666275
2.14669e-09	0.0664868
2.14676e-09	0.0663462
2.14683e-09	0.0662055
2.1469e-09	0.0660648
2.14697e-09	0.0659241
2.14704e-09	0.0657834
2.14712e-09	0.0656427
2.14719e-09	0.065502
2.14726e-09	0.0653612
2.14733e-09	0.0652205
2.1474e-09	0.0650797
2.14747e-09	0.064939
2.14754e-09	0.0647982
2.14761e-09	0.0646575
2.14768e-09	0.0645167
2.14775e-09	0.0643759
2.14782e-09	0.0642352
2.14789e-09	0.0640944
2.14796e-09	0.0639536
2.14803e-09	0.0638128
2.14811e-09	0.063672
2.14818e-09	0.0635312
2.14825e-09	0.0633904
2.14832e-09	0.0632496
2.14839e-09	0.0631088
2.14846e-09	0.062968
2.14853e-09	0.0628272
2.1486e-09	0.0626864
2.14867e-09	0.0625456
2.14874e-09	0.0624047
2.14881e-09	0.0622639
2.14888e-09	0.0621231
2.14895e-09	0.0619823
2.14903e-09	0.0618415
2.1491e-09	0.0617007
2.14917e-09	0.0615598
2.14924e-09	0.061419
2.14931e-09	0.0612782
2.14938e-09	0.0611374
2.14945e-09	0.0609966
2.14952e-09	0.0608558
2.14959e-09	0.060715
2.14966e-09	0.0605742
2.14973e-09	0.0604334
2.1498e-09	0.0602926
2.14987e-09	0.0601518
2.14994e-09	0.060011
2.15002e-09	0.0598702
2.15009e-09	0.0597294
2.15016e-09	0.0595887
2.15023e-09	0.0594479
2.1503e-09	0.0593071
2.15037e-09	0.0591664
2.15044e-09	0.0590256
2.15051e-09	0.0588849
2.15058e-09	0.0587441
2.15065e-09	0.0586034
2.15072e-09	0.0584627
2.15079e-09	0.0583219
2.15086e-09	0.0581812
2.15093e-09	0.0580405
2.15101e-09	0.0578998
2.15108e-09	0.0577591
2.15115e-09	0.0576185
2.15122e-09	0.0574778
2.15129e-09	0.0573371
2.15136e-09	0.0571965
2.15143e-09	0.0570558
2.1515e-09	0.0569152
2.15157e-09	0.0567746
2.15164e-09	0.056634
2.15171e-09	0.0564934
2.15178e-09	0.0563528
2.15185e-09	0.0562122
2.15192e-09	0.0560717
2.152e-09	0.0559311
2.15207e-09	0.0557906
2.15214e-09	0.0556501
2.15221e-09	0.0555095
2.15228e-09	0.055369
2.15235e-09	0.0552286
2.15242e-09	0.0550881
2.15249e-09	0.0549476
2.15256e-09	0.0548072
2.15263e-09	0.0546668
2.1527e-09	0.0545263
2.15277e-09	0.0543859
2.15284e-09	0.0542456
2.15292e-09	0.0541052
2.15299e-09	0.0539648
2.15306e-09	0.0538245
2.15313e-09	0.0536842
2.1532e-09	0.0535439
2.15327e-09	0.0534036
2.15334e-09	0.0532634
2.15341e-09	0.0531231
2.15348e-09	0.0529829
2.15355e-09	0.0528427
2.15362e-09	0.0527025
2.15369e-09	0.0525623
2.15376e-09	0.0524221
2.15383e-09	0.052282
2.15391e-09	0.0521419
2.15398e-09	0.0520018
2.15405e-09	0.0518617
2.15412e-09	0.0517217
2.15419e-09	0.0515816
2.15426e-09	0.0514416
2.15433e-09	0.0513016
2.1544e-09	0.0511617
2.15447e-09	0.0510217
2.15454e-09	0.0508818
2.15461e-09	0.0507419
2.15468e-09	0.050602
2.15475e-09	0.0504622
2.15482e-09	0.0503223
2.1549e-09	0.0501825
2.15497e-09	0.0500427
2.15504e-09	0.049903
2.15511e-09	0.0497632
2.15518e-09	0.0496235
2.15525e-09	0.0494838
2.15532e-09	0.0493442
2.15539e-09	0.0492045
2.15546e-09	0.0490649
2.15553e-09	0.0489253
2.1556e-09	0.0487858
2.15567e-09	0.0486462
2.15574e-09	0.0485067
2.15582e-09	0.0483673
2.15589e-09	0.0482278
2.15596e-09	0.0480884
2.15603e-09	0.047949
2.1561e-09	0.0478096
2.15617e-09	0.0476703
2.15624e-09	0.047531
2.15631e-09	0.0473917
2.15638e-09	0.0472524
2.15645e-09	0.0471132
2.15652e-09	0.046974
2.15659e-09	0.0468349
2.15666e-09	0.0466957
2.15673e-09	0.0465566
2.15681e-09	0.0464176
2.15688e-09	0.0462785
2.15695e-09	0.0461395
2.15702e-09	0.0460005
2.15709e-09	0.0458616
2.15716e-09	0.0457227
2.15723e-09	0.0455838
2.1573e-09	0.045445
2.15737e-09	0.0453061
2.15744e-09	0.0451674
2.15751e-09	0.0450286
2.15758e-09	0.0448899
2.15765e-09	0.0447512
2.15772e-09	0.0446126
2.1578e-09	0.044474
2.15787e-09	0.0443354
2.15794e-09	0.0441968
2.15801e-09	0.0440583
2.15808e-09	0.0439199
2.15815e-09	0.0437814
2.15822e-09	0.043643
2.15829e-09	0.0435047
2.15836e-09	0.0433663
2.15843e-09	0.043228
2.1585e-09	0.0430898
2.15857e-09	0.0429516
2.15864e-09	0.0428134
2.15871e-09	0.0426753
2.15879e-09	0.0425372
2.15886e-09	0.0423991
2.15893e-09	0.0422611
2.159e-09	0.0421231
2.15907e-09	0.0419851
2.15914e-09	0.0418472
2.15921e-09	0.0417094
2.15928e-09	0.0415715
2.15935e-09	0.0414337
2.15942e-09	0.041296
2.15949e-09	0.0411583
2.15956e-09	0.0410206
2.15963e-09	0.040883
2.15971e-09	0.0407454
2.15978e-09	0.0406079
2.15985e-09	0.0404704
2.15992e-09	0.0403329
2.15999e-09	0.0401955
2.16006e-09	0.0400581
2.16013e-09	0.0399208
2.1602e-09	0.0397835
2.16027e-09	0.0396463
2.16034e-09	0.0395091
2.16041e-09	0.0393719
2.16048e-09	0.0392348
2.16055e-09	0.0390977
2.16062e-09	0.0389607
2.1607e-09	0.0388237
2.16077e-09	0.0386868
2.16084e-09	0.0385499
2.16091e-09	0.0384131
2.16098e-09	0.0382763
2.16105e-09	0.0381395
2.16112e-09	0.0380028
2.16119e-09	0.0378662
2.16126e-09	0.0377296
2.16133e-09	0.037593
2.1614e-09	0.0374565
2.16147e-09	0.03732
2.16154e-09	0.0371836
2.16161e-09	0.0370472
2.16169e-09	0.0369109
2.16176e-09	0.0367746
2.16183e-09	0.0366384
2.1619e-09	0.0365022
2.16197e-09	0.0363661
2.16204e-09	0.03623
2.16211e-09	0.036094
2.16218e-09	0.035958
2.16225e-09	0.0358221
2.16232e-09	0.0356862
2.16239e-09	0.0355504
2.16246e-09	0.0354146
2.16253e-09	0.0352789
2.1626e-09	0.0351432
2.16268e-09	0.0350076
2.16275e-09	0.034872
2.16282e-09	0.0347365
2.16289e-09	0.0346011
2.16296e-09	0.0344656
2.16303e-09	0.0343303
2.1631e-09	0.034195
2.16317e-09	0.0340597
2.16324e-09	0.0339245
2.16331e-09	0.0337894
2.16338e-09	0.0336543
2.16345e-09	0.0335193
2.16352e-09	0.0333843
2.1636e-09	0.0332493
2.16367e-09	0.0331145
2.16374e-09	0.0329797
2.16381e-09	0.0328449
2.16388e-09	0.0327102
2.16395e-09	0.0325755
2.16402e-09	0.0324409
2.16409e-09	0.0323064
2.16416e-09	0.0321719
2.16423e-09	0.0320375
2.1643e-09	0.0319031
2.16437e-09	0.0317688
2.16444e-09	0.0316346
2.16451e-09	0.0315004
2.16459e-09	0.0313663
2.16466e-09	0.0312322
2.16473e-09	0.0310982
2.1648e-09	0.0309642
2.16487e-09	0.0308303
2.16494e-09	0.0306964
2.16501e-09	0.0305627
2.16508e-09	0.0304289
2.16515e-09	0.0302953
2.16522e-09	0.0301617
2.16529e-09	0.0300281
2.16536e-09	0.0298946
2.16543e-09	0.0297612
2.1655e-09	0.0296279
2.16558e-09	0.0294946
2.16565e-09	0.0293613
2.16572e-09	0.0292282
2.16579e-09	0.029095
2.16586e-09	0.028962
2.16593e-09	0.028829
2.166e-09	0.0286961
2.16607e-09	0.0285632
2.16614e-09	0.0284304
2.16621e-09	0.0282977
2.16628e-09	0.028165
2.16635e-09	0.0280324
2.16642e-09	0.0278998
2.1665e-09	0.0277673
2.16657e-09	0.0276349
2.16664e-09	0.0275026
2.16671e-09	0.0273703
2.16678e-09	0.0272381
2.16685e-09	0.0271059
2.16692e-09	0.0269738
2.16699e-09	0.0268418
2.16706e-09	0.0267098
2.16713e-09	0.0265779
2.1672e-09	0.0264461
2.16727e-09	0.0263143
2.16734e-09	0.0261826
2.16741e-09	0.026051
2.16749e-09	0.0259194
2.16756e-09	0.0257879
2.16763e-09	0.0256565
2.1677e-09	0.0255251
2.16777e-09	0.0253939
2.16784e-09	0.0252626
2.16791e-09	0.0251315
2.16798e-09	0.0250004
2.16805e-09	0.0248694
2.16812e-09	0.0247384
2.16819e-09	0.0246075
2.16826e-09	0.0244767
2.16833e-09	0.024346
2.1684e-09	0.0242153
2.16848e-09	0.0240847
2.16855e-09	0.0239542
2.16862e-09	0.0238237
2.16869e-09	0.0236933
2.16876e-09	0.023563
2.16883e-09	0.0234328
2.1689e-09	0.0233026
2.16897e-09	0.0231725
2.16904e-09	0.0230425
2.16911e-09	0.0229125
2.16918e-09	0.0227826
2.16925e-09	0.0226528
2.16932e-09	0.0225231
2.16939e-09	0.0223934
2.16947e-09	0.0222638
2.16954e-09	0.0221343
2.16961e-09	0.0220048
2.16968e-09	0.0218755
2.16975e-09	0.0217462
2.16982e-09	0.0216169
2.16989e-09	0.0214878
2.16996e-09	0.0213587
2.17003e-09	0.0212297
2.1701e-09	0.0211008
2.17017e-09	0.0209719
2.17024e-09	0.0208431
2.17031e-09	0.0207144
2.17039e-09	0.0205858
2.17046e-09	0.0204573
2.17053e-09	0.0203288
2.1706e-09	0.0202004
2.17067e-09	0.0200721
2.17074e-09	0.0199438
2.17081e-09	0.0198157
2.17088e-09	0.0196876
2.17095e-09	0.0195596
2.17102e-09	0.0194316
2.17109e-09	0.0193038
2.17116e-09	0.019176
2.17123e-09	0.0190483
2.1713e-09	0.0189207
2.17138e-09	0.0187931
2.17145e-09	0.0186656
2.17152e-09	0.0185383
2.17159e-09	0.0184109
2.17166e-09	0.0182837
2.17173e-09	0.0181566
2.1718e-09	0.0180295
2.17187e-09	0.0179025
2.17194e-09	0.0177756
2.17201e-09	0.0176488
2.17208e-09	0.017522
2.17215e-09	0.0173954
2.17222e-09	0.0172688
2.17229e-09	0.0171423
2.17237e-09	0.0170158
2.17244e-09	0.0168895
2.17251e-09	0.0167632
2.17258e-09	0.016637
2.17265e-09	0.016511
2.17272e-09	0.0163849
2.17279e-09	0.016259
2.17286e-09	0.0161332
2.17293e-09	0.0160074
2.173e-09	0.0158817
2.17307e-09	0.0157561
2.17314e-09	0.0156306
2.17321e-09	0.0155051
2.17329e-09	0.0153798
2.17336e-09	0.0152545
2.17343e-09	0.0151293
2.1735e-09	0.0150043
2.17357e-09	0.0148792
2.17364e-09	0.0147543
2.17371e-09	0.0146295
2.17378e-09	0.0145047
2.17385e-09	0.01438
2.17392e-09	0.0142554
2.17399e-09	0.0141309
2.17406e-09	0.0140065
2.17413e-09	0.0138822
2.1742e-09	0.0137579
2.17428e-09	0.0136338
2.17435e-09	0.0135097
2.17442e-09	0.0133857
2.17449e-09	0.0132618
2.17456e-09	0.013138
2.17463e-09	0.0130143
2.1747e-09	0.0128907
2.17477e-09	0.0127671
2.17484e-09	0.0126437
2.17491e-09	0.0125203
2.17498e-09	0.012397
2.17505e-09	0.0122738
2.17512e-09	0.0121507
2.17519e-09	0.0120277
2.17527e-09	0.0119047
2.17534e-09	0.0117819
2.17541e-09	0.0116592
2.17548e-09	0.0115365
2.17555e-09	0.0114139
2.17562e-09	0.0112914
2.17569e-09	0.011169
2.17576e-09	0.0110467
2.17583e-09	0.0109245
2.1759e-09	0.0108024
2.17597e-09	0.0106804
2.17604e-09	0.0105584
2.17611e-09	0.0104366
2.17618e-09	0.0103148
2.17626e-09	0.0101932
2.17633e-09	0.0100716
2.1764e-09	0.0099501
2.17647e-09	0.00982871
2.17654e-09	0.00970741
2.17661e-09	0.0095862
2.17668e-09	0.00946509
2.17675e-09	0.00934406
2.17682e-09	0.00922313
2.17689e-09	0.0091023
2.17696e-09	0.00898155
2.17703e-09	0.0088609
2.1771e-09	0.00874035
2.17718e-09	0.00861988
2.17725e-09	0.00849951
2.17732e-09	0.00837924
2.17739e-09	0.00825905
2.17746e-09	0.00813897
2.17753e-09	0.00801897
2.1776e-09	0.00789908
2.17767e-09	0.00777927
2.17774e-09	0.00765956
2.17781e-09	0.00753995
2.17788e-09	0.00742043
2.17795e-09	0.00730101
2.17802e-09	0.00718168
2.17809e-09	0.00706245
2.17817e-09	0.00694331
2.17824e-09	0.00682427
2.17831e-09	0.00670533
2.17838e-09	0.00658648
2.17845e-09	0.00646773
2.17852e-09	0.00634908
2.17859e-09	0.00623052
2.17866e-09	0.00611206
2.17873e-09	0.0059937
2.1788e-09	0.00587544
2.17887e-09	0.00575727
2.17894e-09	0.0056392
2.17901e-09	0.00552123
2.17908e-09	0.00540335
2.17916e-09	0.00528558
2.17923e-09	0.0051679
2.1793e-09	0.00505032
2.17937e-09	0.00493284
2.17944e-09	0.00481546
2.17951e-09	0.00469818
2.17958e-09	0.00458099
2.17965e-09	0.00446391
2.17972e-09	0.00434692
2.17979e-09	0.00423004
2.17986e-09	0.00411325
2.17993e-09	0.00399657
2.18e-09	0.00387998
2.18008e-09	0.0037635
2.18015e-09	0.00364711
2.18022e-09	0.00353083
2.18029e-09	0.00341464
2.18036e-09	0.00329856
2.18043e-09	0.00318258
2.1805e-09	0.0030667
2.18057e-09	0.00295092
2.18064e-09	0.00283524
2.18071e-09	0.00271967
2.18078e-09	0.00260419
2.18085e-09	0.00248882
2.18092e-09	0.00237355
2.18099e-09	0.00225838
2.18107e-09	0.00214331
2.18114e-09	0.00202835
2.18121e-09	0.00191349
2.18128e-09	0.00179873
2.18135e-09	0.00168408
2.18142e-09	0.00156952
2.18149e-09	0.00145508
2.18156e-09	0.00134073
2.18163e-09	0.00122649
2.1817e-09	0.00111235
2.18177e-09	0.000998315
2.18184e-09	0.000884385
2.18191e-09	0.000770558
2.18198e-09	0.000656836
2.18206e-09	0.000543219
2.18213e-09	0.000429706
2.1822e-09	0.000316297
2.18227e-09	0.000202993
2.18234e-09	8.97948e-05
2.18241e-09	-2.32987e-05
2.18248e-09	-0.000136287
2.18255e-09	-0.00024917
2.18262e-09	-0.000361947
2.18269e-09	-0.000474619
2.18276e-09	-0.000587185
2.18283e-09	-0.000699644
2.1829e-09	-0.000811998
2.18297e-09	-0.000924245
2.18305e-09	-0.00103639
2.18312e-09	-0.00114842
2.18319e-09	-0.00126035
2.18326e-09	-0.00137217
2.18333e-09	-0.00148388
2.1834e-09	-0.00159549
2.18347e-09	-0.00170699
2.18354e-09	-0.00181838
2.18361e-09	-0.00192967
2.18368e-09	-0.00204085
2.18375e-09	-0.00215192
2.18382e-09	-0.00226288
2.18389e-09	-0.00237373
2.18397e-09	-0.00248448
2.18404e-09	-0.00259511
2.18411e-09	-0.00270564
2.18418e-09	-0.00281606
2.18425e-09	-0.00292637
2.18432e-09	-0.00303658
2.18439e-09	-0.00314667
2.18446e-09	-0.00325665
2.18453e-09	-0.00336653
2.1846e-09	-0.0034763
2.18467e-09	-0.00358595
2.18474e-09	-0.0036955
2.18481e-09	-0.00380494
2.18488e-09	-0.00391426
2.18496e-09	-0.00402348
2.18503e-09	-0.00413259
2.1851e-09	-0.00424158
2.18517e-09	-0.00435047
2.18524e-09	-0.00445924
2.18531e-09	-0.00456791
2.18538e-09	-0.00467646
2.18545e-09	-0.00478491
2.18552e-09	-0.00489324
2.18559e-09	-0.00500146
2.18566e-09	-0.00510957
2.18573e-09	-0.00521757
2.1858e-09	-0.00532546
2.18587e-09	-0.00543323
2.18595e-09	-0.00554089
2.18602e-09	-0.00564844
2.18609e-09	-0.00575588
2.18616e-09	-0.00586321
2.18623e-09	-0.00597043
2.1863e-09	-0.00607753
2.18637e-09	-0.00618452
2.18644e-09	-0.0062914
2.18651e-09	-0.00639816
2.18658e-09	-0.00650481
2.18665e-09	-0.00661135
2.18672e-09	-0.00671777
2.18679e-09	-0.00682409
2.18686e-09	-0.00693028
2.18694e-09	-0.00703637
2.18701e-09	-0.00714234
2.18708e-09	-0.0072482
2.18715e-09	-0.00735394
2.18722e-09	-0.00745957
2.18729e-09	-0.00756509
2.18736e-09	-0.00767049
2.18743e-09	-0.00777578
2.1875e-09	-0.00788095
2.18757e-09	-0.00798601
2.18764e-09	-0.00809095
2.18771e-09	-0.00819578
2.18778e-09	-0.00830049
2.18786e-09	-0.00840509
2.18793e-09	-0.00850957
2.188e-09	-0.00861394
2.18807e-09	-0.00871819
2.18814e-09	-0.00882233
2.18821e-09	-0.00892635
2.18828e-09	-0.00903026
2.18835e-09	-0.00913405
2.18842e-09	-0.00923772
2.18849e-09	-0.00934128
2.18856e-09	-0.00944472
2.18863e-09	-0.00954805
2.1887e-09	-0.00965126
2.18877e-09	-0.00975435
2.18885e-09	-0.00985732
2.18892e-09	-0.00996018
2.18899e-09	-0.0100629
2.18906e-09	-0.0101656
2.18913e-09	-0.0102681
2.1892e-09	-0.0103705
2.18927e-09	-0.0104727
2.18934e-09	-0.0105749
2.18941e-09	-0.0106769
2.18948e-09	-0.0107788
2.18955e-09	-0.0108806
2.18962e-09	-0.0109823
2.18969e-09	-0.0110839
2.18976e-09	-0.0111853
2.18984e-09	-0.0112867
2.18991e-09	-0.0113879
2.18998e-09	-0.011489
2.19005e-09	-0.01159
2.19012e-09	-0.0116908
2.19019e-09	-0.0117916
2.19026e-09	-0.0118922
2.19033e-09	-0.0119927
2.1904e-09	-0.0120931
2.19047e-09	-0.0121933
2.19054e-09	-0.0122935
2.19061e-09	-0.0123935
2.19068e-09	-0.0124934
2.19076e-09	-0.0125932
2.19083e-09	-0.0126929
2.1909e-09	-0.0127924
2.19097e-09	-0.0128918
2.19104e-09	-0.0129911
2.19111e-09	-0.0130903
2.19118e-09	-0.0131894
2.19125e-09	-0.0132883
2.19132e-09	-0.0133872
2.19139e-09	-0.0134859
2.19146e-09	-0.0135845
2.19153e-09	-0.0136829
2.1916e-09	-0.0137813
2.19167e-09	-0.0138795
2.19175e-09	-0.0139776
2.19182e-09	-0.0140756
2.19189e-09	-0.0141734
2.19196e-09	-0.0142712
2.19203e-09	-0.0143688
2.1921e-09	-0.0144663
2.19217e-09	-0.0145637
2.19224e-09	-0.0146609
2.19231e-09	-0.0147581
2.19238e-09	-0.0148551
2.19245e-09	-0.014952
2.19252e-09	-0.0150487
2.19259e-09	-0.0151454
2.19266e-09	-0.0152419
2.19274e-09	-0.0153383
2.19281e-09	-0.0154346
2.19288e-09	-0.0155307
2.19295e-09	-0.0156268
2.19302e-09	-0.0157227
2.19309e-09	-0.0158185
2.19316e-09	-0.0159141
2.19323e-09	-0.0160097
2.1933e-09	-0.0161051
2.19337e-09	-0.0162004
2.19344e-09	-0.0162956
2.19351e-09	-0.0163906
2.19358e-09	-0.0164856
2.19365e-09	-0.0165804
2.19373e-09	-0.016675
2.1938e-09	-0.0167696
2.19387e-09	-0.016864
2.19394e-09	-0.0169583
2.19401e-09	-0.0170525
2.19408e-09	-0.0171466
2.19415e-09	-0.0172405
2.19422e-09	-0.0173343
2.19429e-09	-0.017428
2.19436e-09	-0.0175216
2.19443e-09	-0.0176151
2.1945e-09	-0.0177084
2.19457e-09	-0.0178016
2.19465e-09	-0.0178946
2.19472e-09	-0.0179876
2.19479e-09	-0.0180804
2.19486e-09	-0.0181731
2.19493e-09	-0.0182657
2.195e-09	-0.0183581
2.19507e-09	-0.0184504
2.19514e-09	-0.0185426
2.19521e-09	-0.0186347
2.19528e-09	-0.0187266
2.19535e-09	-0.0188185
2.19542e-09	-0.0189102
2.19549e-09	-0.0190017
2.19556e-09	-0.0190932
2.19564e-09	-0.0191845
2.19571e-09	-0.0192757
2.19578e-09	-0.0193668
2.19585e-09	-0.0194577
2.19592e-09	-0.0195485
2.19599e-09	-0.0196392
2.19606e-09	-0.0197298
2.19613e-09	-0.0198202
2.1962e-09	-0.0199105
2.19627e-09	-0.0200007
2.19634e-09	-0.0200908
2.19641e-09	-0.0201807
2.19648e-09	-0.0202705
2.19655e-09	-0.0203602
2.19663e-09	-0.0204497
2.1967e-09	-0.0205391
2.19677e-09	-0.0206284
2.19684e-09	-0.0207176
2.19691e-09	-0.0208067
2.19698e-09	-0.0208956
2.19705e-09	-0.0209844
2.19712e-09	-0.021073
2.19719e-09	-0.0211616
2.19726e-09	-0.02125
2.19733e-09	-0.0213383
2.1974e-09	-0.0214264
2.19747e-09	-0.0215144
2.19755e-09	-0.0216023
2.19762e-09	-0.0216901
2.19769e-09	-0.0217778
2.19776e-09	-0.0218653
2.19783e-09	-0.0219527
2.1979e-09	-0.0220399
2.19797e-09	-0.0221271
2.19804e-09	-0.0222141
2.19811e-09	-0.0223009
2.19818e-09	-0.0223877
2.19825e-09	-0.0224743
2.19832e-09	-0.0225608
2.19839e-09	-0.0226472
2.19846e-09	-0.0227334
2.19854e-09	-0.0228195
2.19861e-09	-0.0229055
2.19868e-09	-0.0229913
2.19875e-09	-0.023077
2.19882e-09	-0.0231626
2.19889e-09	-0.0232481
2.19896e-09	-0.0233334
2.19903e-09	-0.0234186
2.1991e-09	-0.0235037
2.19917e-09	-0.0235887
2.19924e-09	-0.0236735
2.19931e-09	-0.0237582
2.19938e-09	-0.0238427
2.19945e-09	-0.0239272
2.19953e-09	-0.0240115
2.1996e-09	-0.0240956
2.19967e-09	-0.0241797
2.19974e-09	-0.0242636
2.19981e-09	-0.0243474
2.19988e-09	-0.024431
2.19995e-09	-0.0245146
2.20002e-09	-0.024598
2.20009e-09	-0.0246812
2.20016e-09	-0.0247644
2.20023e-09	-0.0248474
2.2003e-09	-0.0249302
2.20037e-09	-0.025013
2.20044e-09	-0.0250956
2.20052e-09	-0.0251781
2.20059e-09	-0.0252604
2.20066e-09	-0.0253427
2.20073e-09	-0.0254248
2.2008e-09	-0.0255067
2.20087e-09	-0.0255886
2.20094e-09	-0.0256703
2.20101e-09	-0.0257518
2.20108e-09	-0.0258333
2.20115e-09	-0.0259146
2.20122e-09	-0.0259958
2.20129e-09	-0.0260768
2.20136e-09	-0.0261577
2.20144e-09	-0.0262385
2.20151e-09	-0.0263192
2.20158e-09	-0.0263997
2.20165e-09	-0.0264801
2.20172e-09	-0.0265604
2.20179e-09	-0.0266405
2.20186e-09	-0.0267205
2.20193e-09	-0.0268004
2.202e-09	-0.0268801
2.20207e-09	-0.0269597
2.20214e-09	-0.0270392
2.20221e-09	-0.0271186
2.20228e-09	-0.0271978
2.20235e-09	-0.0272769
2.20243e-09	-0.0273558
2.2025e-09	-0.0274346
2.20257e-09	-0.0275133
2.20264e-09	-0.0275919
2.20271e-09	-0.0276703
2.20278e-09	-0.0277486
2.20285e-09	-0.0278268
2.20292e-09	-0.0279048
2.20299e-09	-0.0279827
2.20306e-09	-0.0280605
2.20313e-09	-0.0281381
2.2032e-09	-0.0282156
2.20327e-09	-0.028293
2.20334e-09	-0.0283702
2.20342e-09	-0.0284474
2.20349e-09	-0.0285243
2.20356e-09	-0.0286012
2.20363e-09	-0.0286779
2.2037e-09	-0.0287545
2.20377e-09	-0.0288309
2.20384e-09	-0.0289072
2.20391e-09	-0.0289834
2.20398e-09	-0.0290595
2.20405e-09	-0.0291354
2.20412e-09	-0.0292112
2.20419e-09	-0.0292868
2.20426e-09	-0.0293624
2.20434e-09	-0.0294378
2.20441e-09	-0.029513
2.20448e-09	-0.0295881
2.20455e-09	-0.0296631
2.20462e-09	-0.029738
2.20469e-09	-0.0298127
2.20476e-09	-0.0298873
2.20483e-09	-0.0299618
2.2049e-09	-0.0300361
2.20497e-09	-0.0301103
2.20504e-09	-0.0301844
2.20511e-09	-0.0302583
2.20518e-09	-0.0303321
2.20525e-09	-0.0304058
2.20533e-09	-0.0304793
2.2054e-09	-0.0305527
2.20547e-09	-0.0306259
2.20554e-09	-0.0306991
2.20561e-09	-0.0307721
2.20568e-09	-0.0308449
2.20575e-09	-0.0309177
2.20582e-09	-0.0309903
2.20589e-09	-0.0310627
2.20596e-09	-0.0311351
2.20603e-09	-0.0312073
2.2061e-09	-0.0312793
2.20617e-09	-0.0313513
2.20624e-09	-0.0314231
2.20632e-09	-0.0314947
2.20639e-09	-0.0315663
2.20646e-09	-0.0316377
2.20653e-09	-0.0317089
2.2066e-09	-0.0317801
2.20667e-09	-0.0318511
2.20674e-09	-0.0319219
2.20681e-09	-0.0319927
2.20688e-09	-0.0320633
2.20695e-09	-0.0321337
2.20702e-09	-0.0322041
2.20709e-09	-0.0322743
2.20716e-09	-0.0323443
2.20723e-09	-0.0324143
2.20731e-09	-0.0324841
2.20738e-09	-0.0325537
2.20745e-09	-0.0326233
2.20752e-09	-0.0326927
2.20759e-09	-0.0327619
2.20766e-09	-0.0328311
2.20773e-09	-0.0329
2.2078e-09	-0.0329689
2.20787e-09	-0.0330376
2.20794e-09	-0.0331062
2.20801e-09	-0.0331747
2.20808e-09	-0.033243
2.20815e-09	-0.0333112
2.20823e-09	-0.0333793
2.2083e-09	-0.0334472
2.20837e-09	-0.033515
2.20844e-09	-0.0335826
2.20851e-09	-0.0336501
2.20858e-09	-0.0337175
2.20865e-09	-0.0337848
2.20872e-09	-0.0338519
2.20879e-09	-0.0339189
2.20886e-09	-0.0339857
2.20893e-09	-0.0340525
2.209e-09	-0.034119
2.20907e-09	-0.0341855
2.20914e-09	-0.0342518
2.20922e-09	-0.034318
2.20929e-09	-0.034384
2.20936e-09	-0.0344499
2.20943e-09	-0.0345157
2.2095e-09	-0.0345814
2.20957e-09	-0.0346469
2.20964e-09	-0.0347122
2.20971e-09	-0.0347775
2.20978e-09	-0.0348426
2.20985e-09	-0.0349076
2.20992e-09	-0.0349724
2.20999e-09	-0.0350371
2.21006e-09	-0.0351017
2.21013e-09	-0.0351661
2.21021e-09	-0.0352304
2.21028e-09	-0.0352946
2.21035e-09	-0.0353586
2.21042e-09	-0.0354225
2.21049e-09	-0.0354863
2.21056e-09	-0.0355499
2.21063e-09	-0.0356134
2.2107e-09	-0.0356767
2.21077e-09	-0.03574
2.21084e-09	-0.035803
2.21091e-09	-0.035866
2.21098e-09	-0.0359288
2.21105e-09	-0.0359915
2.21112e-09	-0.0360541
2.2112e-09	-0.0361165
2.21127e-09	-0.0361788
2.21134e-09	-0.0362409
2.21141e-09	-0.0363029
2.21148e-09	-0.0363648
2.21155e-09	-0.0364266
2.21162e-09	-0.0364882
2.21169e-09	-0.0365496
2.21176e-09	-0.036611
2.21183e-09	-0.0366722
2.2119e-09	-0.0367333
2.21197e-09	-0.0367942
2.21204e-09	-0.036855
2.21212e-09	-0.0369157
2.21219e-09	-0.0369762
2.21226e-09	-0.0370366
2.21233e-09	-0.0370969
2.2124e-09	-0.037157
2.21247e-09	-0.037217
2.21254e-09	-0.0372769
2.21261e-09	-0.0373366
2.21268e-09	-0.0373962
2.21275e-09	-0.0374556
2.21282e-09	-0.037515
2.21289e-09	-0.0375742
2.21296e-09	-0.0376332
2.21303e-09	-0.0376921
2.21311e-09	-0.0377509
2.21318e-09	-0.0378096
2.21325e-09	-0.0378681
2.21332e-09	-0.0379265
2.21339e-09	-0.0379847
2.21346e-09	-0.0380428
2.21353e-09	-0.0381008
2.2136e-09	-0.0381587
2.21367e-09	-0.0382164
2.21374e-09	-0.0382739
2.21381e-09	-0.0383314
2.21388e-09	-0.0383887
2.21395e-09	-0.0384459
2.21402e-09	-0.0385029
2.2141e-09	-0.0385598
2.21417e-09	-0.0386166
2.21424e-09	-0.0386732
2.21431e-09	-0.0387297
2.21438e-09	-0.0387861
2.21445e-09	-0.0388423
2.21452e-09	-0.0388984
2.21459e-09	-0.0389544
2.21466e-09	-0.0390102
2.21473e-09	-0.0390659
2.2148e-09	-0.0391214
2.21487e-09	-0.0391769
2.21494e-09	-0.0392322
2.21502e-09	-0.0392873
2.21509e-09	-0.0393423
2.21516e-09	-0.0393972
2.21523e-09	-0.039452
2.2153e-09	-0.0395066
2.21537e-09	-0.0395611
2.21544e-09	-0.0396154
2.21551e-09	-0.0396696
2.21558e-09	-0.0397237
2.21565e-09	-0.0397777
2.21572e-09	-0.0398315
2.21579e-09	-0.0398852
2.21586e-09	-0.0399387
2.21593e-09	-0.0399921
2.21601e-09	-0.0400454
2.21608e-09	-0.0400985
2.21615e-09	-0.0401516
2.21622e-09	-0.0402044
2.21629e-09	-0.0402572
2.21636e-09	-0.0403098
2.21643e-09	-0.0403622
2.2165e-09	-0.0404146
2.21657e-09	-0.0404668
2.21664e-09	-0.0405189
2.21671e-09	-0.0405708
2.21678e-09	-0.0406226
2.21685e-09	-0.0406743
2.21692e-09	-0.0407258
2.217e-09	-0.0407772
2.21707e-09	-0.0408285
2.21714e-09	-0.0408796
2.21721e-09	-0.0409306
2.21728e-09	-0.0409815
2.21735e-09	-0.0410322
2.21742e-09	-0.0410828
2.21749e-09	-0.0411332
2.21756e-09	-0.0411836
2.21763e-09	-0.0412338
2.2177e-09	-0.0412838
2.21777e-09	-0.0413338
2.21784e-09	-0.0413836
2.21791e-09	-0.0414332
2.21799e-09	-0.0414827
2.21806e-09	-0.0415321
2.21813e-09	-0.0415814
2.2182e-09	-0.0416305
2.21827e-09	-0.0416795
2.21834e-09	-0.0417284
2.21841e-09	-0.0417771
2.21848e-09	-0.0418257
2.21855e-09	-0.0418742
2.21862e-09	-0.0419225
2.21869e-09	-0.0419707
2.21876e-09	-0.0420187
2.21883e-09	-0.0420667
2.21891e-09	-0.0421144
2.21898e-09	-0.0421621
2.21905e-09	-0.0422096
2.21912e-09	-0.042257
2.21919e-09	-0.0423043
2.21926e-09	-0.0423514
2.21933e-09	-0.0423984
2.2194e-09	-0.0424453
2.21947e-09	-0.042492
2.21954e-09	-0.0425386
2.21961e-09	-0.042585
2.21968e-09	-0.0426314
2.21975e-09	-0.0426776
2.21982e-09	-0.0427236
2.2199e-09	-0.0427695
2.21997e-09	-0.0428153
2.22004e-09	-0.042861
2.22011e-09	-0.0429065
2.22018e-09	-0.0429519
2.22025e-09	-0.0429972
2.22032e-09	-0.0430423
2.22039e-09	-0.0430873
2.22046e-09	-0.0431322
2.22053e-09	-0.0431769
2.2206e-09	-0.0432215
2.22067e-09	-0.043266
2.22074e-09	-0.0433103
2.22081e-09	-0.0433545
2.22089e-09	-0.0433986
2.22096e-09	-0.0434425
2.22103e-09	-0.0434863
2.2211e-09	-0.04353
2.22117e-09	-0.0435735
2.22124e-09	-0.0436169
2.22131e-09	-0.0436602
2.22138e-09	-0.0437034
2.22145e-09	-0.0437464
2.22152e-09	-0.0437893
2.22159e-09	-0.043832
2.22166e-09	-0.0438746
2.22173e-09	-0.0439171
2.22181e-09	-0.0439594
2.22188e-09	-0.0440017
2.22195e-09	-0.0440437
2.22202e-09	-0.0440857
2.22209e-09	-0.0441275
2.22216e-09	-0.0441692
2.22223e-09	-0.0442108
2.2223e-09	-0.0442522
2.22237e-09	-0.0442935
2.22244e-09	-0.0443347
2.22251e-09	-0.0443757
2.22258e-09	-0.0444166
2.22265e-09	-0.0444574
2.22272e-09	-0.044498
2.2228e-09	-0.0445385
2.22287e-09	-0.0445789
2.22294e-09	-0.0446191
2.22301e-09	-0.0446592
2.22308e-09	-0.0446992
2.22315e-09	-0.044739
2.22322e-09	-0.0447788
2.22329e-09	-0.0448183
2.22336e-09	-0.0448578
2.22343e-09	-0.0448971
2.2235e-09	-0.0449363
2.22357e-09	-0.0449754
2.22364e-09	-0.0450143
2.22371e-09	-0.0450531
2.22379e-09	-0.0450918
2.22386e-09	-0.0451303
2.22393e-09	-0.0451687
2.224e-09	-0.045207
2.22407e-09	-0.0452451
2.22414e-09	-0.0452831
2.22421e-09	-0.045321
2.22428e-09	-0.0453588
2.22435e-09	-0.0453964
2.22442e-09	-0.0454339
2.22449e-09	-0.0454713
2.22456e-09	-0.0455085
2.22463e-09	-0.0455456
2.2247e-09	-0.0455826
2.22478e-09	-0.0456194
2.22485e-09	-0.0456561
2.22492e-09	-0.0456927
2.22499e-09	-0.0457291
2.22506e-09	-0.0457654
2.22513e-09	-0.0458016
2.2252e-09	-0.0458377
2.22527e-09	-0.0458736
2.22534e-09	-0.0459094
2.22541e-09	-0.0459451
2.22548e-09	-0.0459806
2.22555e-09	-0.046016
2.22562e-09	-0.0460513
2.2257e-09	-0.0460865
2.22577e-09	-0.0461215
2.22584e-09	-0.0461564
2.22591e-09	-0.0461911
2.22598e-09	-0.0462258
2.22605e-09	-0.0462603
2.22612e-09	-0.0462946
2.22619e-09	-0.0463289
2.22626e-09	-0.046363
2.22633e-09	-0.046397
2.2264e-09	-0.0464308
2.22647e-09	-0.0464646
2.22654e-09	-0.0464981
2.22661e-09	-0.0465316
2.22669e-09	-0.046565
2.22676e-09	-0.0465982
2.22683e-09	-0.0466312
2.2269e-09	-0.0466642
2.22697e-09	-0.046697
2.22704e-09	-0.0467297
2.22711e-09	-0.0467623
2.22718e-09	-0.0467947
2.22725e-09	-0.046827
2.22732e-09	-0.0468592
2.22739e-09	-0.0468913
2.22746e-09	-0.0469232
2.22753e-09	-0.046955
2.2276e-09	-0.0469866
2.22768e-09	-0.0470182
2.22775e-09	-0.0470496
2.22782e-09	-0.0470809
2.22789e-09	-0.047112
2.22796e-09	-0.0471431
2.22803e-09	-0.047174
2.2281e-09	-0.0472047
2.22817e-09	-0.0472354
2.22824e-09	-0.0472659
2.22831e-09	-0.0472963
2.22838e-09	-0.0473265
2.22845e-09	-0.0473567
2.22852e-09	-0.0473867
2.22859e-09	-0.0474165
2.22867e-09	-0.0474463
2.22874e-09	-0.0474759
2.22881e-09	-0.0475054
2.22888e-09	-0.0475348
2.22895e-09	-0.047564
2.22902e-09	-0.0475931
2.22909e-09	-0.0476221
2.22916e-09	-0.047651
2.22923e-09	-0.0476797
2.2293e-09	-0.0477083
2.22937e-09	-0.0477368
2.22944e-09	-0.0477652
2.22951e-09	-0.0477934
2.22959e-09	-0.0478215
2.22966e-09	-0.0478495
2.22973e-09	-0.0478773
2.2298e-09	-0.047905
2.22987e-09	-0.0479326
2.22994e-09	-0.0479601
2.23001e-09	-0.0479874
2.23008e-09	-0.0480146
2.23015e-09	-0.0480417
2.23022e-09	-0.0480687
2.23029e-09	-0.0480955
2.23036e-09	-0.0481222
2.23043e-09	-0.0481488
2.2305e-09	-0.0481753
2.23058e-09	-0.0482016
2.23065e-09	-0.0482278
2.23072e-09	-0.0482539
2.23079e-09	-0.0482799
2.23086e-09	-0.0483057
2.23093e-09	-0.0483314
2.231e-09	-0.048357
2.23107e-09	-0.0483824
2.23114e-09	-0.0484078
2.23121e-09	-0.048433
2.23128e-09	-0.048458
2.23135e-09	-0.048483
2.23142e-09	-0.0485078
2.23149e-09	-0.0485325
2.23157e-09	-0.0485571
2.23164e-09	-0.0485816
2.23171e-09	-0.0486059
2.23178e-09	-0.0486301
2.23185e-09	-0.0486542
2.23192e-09	-0.0486781
2.23199e-09	-0.048702
2.23206e-09	-0.0487257
2.23213e-09	-0.0487493
2.2322e-09	-0.0487727
2.23227e-09	-0.0487961
2.23234e-09	-0.0488193
2.23241e-09	-0.0488424
2.23249e-09	-0.0488653
2.23256e-09	-0.0488882
2.23263e-09	-0.0489109
2.2327e-09	-0.0489335
2.23277e-09	-0.048956
2.23284e-09	-0.0489783
2.23291e-09	-0.0490005
2.23298e-09	-0.0490226
2.23305e-09	-0.0490446
2.23312e-09	-0.0490665
2.23319e-09	-0.0490882
2.23326e-09	-0.0491098
2.23333e-09	-0.0491313
2.2334e-09	-0.0491526
2.23348e-09	-0.0491739
2.23355e-09	-0.049195
2.23362e-09	-0.049216
2.23369e-09	-0.0492369
2.23376e-09	-0.0492576
2.23383e-09	-0.0492782
2.2339e-09	-0.0492987
2.23397e-09	-0.0493191
2.23404e-09	-0.0493394
2.23411e-09	-0.0493595
2.23418e-09	-0.0493795
2.23425e-09	-0.0493994
2.23432e-09	-0.0494192
2.23439e-09	-0.0494388
2.23447e-09	-0.0494584
2.23454e-09	-0.0494778
2.23461e-09	-0.0494971
2.23468e-09	-0.0495162
2.23475e-09	-0.0495353
2.23482e-09	-0.0495542
2.23489e-09	-0.049573
2.23496e-09	-0.0495917
2.23503e-09	-0.0496102
2.2351e-09	-0.0496286
2.23517e-09	-0.049647
2.23524e-09	-0.0496652
2.23531e-09	-0.0496832
2.23538e-09	-0.0497012
2.23546e-09	-0.049719
2.23553e-09	-0.0497367
2.2356e-09	-0.0497543
2.23567e-09	-0.0497718
2.23574e-09	-0.0497891
2.23581e-09	-0.0498063
2.23588e-09	-0.0498235
2.23595e-09	-0.0498404
2.23602e-09	-0.0498573
2.23609e-09	-0.0498741
2.23616e-09	-0.0498907
2.23623e-09	-0.0499072
2.2363e-09	-0.0499236
2.23638e-09	-0.0499398
2.23645e-09	-0.049956
2.23652e-09	-0.049972
2.23659e-09	-0.0499879
2.23666e-09	-0.0500037
2.23673e-09	-0.0500194
2.2368e-09	-0.0500349
2.23687e-09	-0.0500504
2.23694e-09	-0.0500657
2.23701e-09	-0.0500809
2.23708e-09	-0.050096
2.23715e-09	-0.0501109
2.23722e-09	-0.0501258
2.23729e-09	-0.0501405
2.23737e-09	-0.0501551
2.23744e-09	-0.0501696
2.23751e-09	-0.0501839
2.23758e-09	-0.0501982
2.23765e-09	-0.0502123
2.23772e-09	-0.0502263
2.23779e-09	-0.0502402
2.23786e-09	-0.050254
2.23793e-09	-0.0502676
2.238e-09	-0.0502812
2.23807e-09	-0.0502946
2.23814e-09	-0.0503079
2.23821e-09	-0.0503211
2.23828e-09	-0.0503342
2.23836e-09	-0.0503471
2.23843e-09	-0.05036
2.2385e-09	-0.0503727
2.23857e-09	-0.0503853
2.23864e-09	-0.0503978
2.23871e-09	-0.0504101
2.23878e-09	-0.0504224
2.23885e-09	-0.0504345
2.23892e-09	-0.0504465
2.23899e-09	-0.0504584
2.23906e-09	-0.0504702
2.23913e-09	-0.0504819
2.2392e-09	-0.0504934
2.23928e-09	-0.0505049
2.23935e-09	-0.0505162
2.23942e-09	-0.0505274
2.23949e-09	-0.0505385
2.23956e-09	-0.0505495
2.23963e-09	-0.0505603
2.2397e-09	-0.0505711
2.23977e-09	-0.0505817
2.23984e-09	-0.0505922
2.23991e-09	-0.0506026
2.23998e-09	-0.0506129
2.24005e-09	-0.050623
2.24012e-09	-0.0506331
2.24019e-09	-0.050643
2.24027e-09	-0.0506528
2.24034e-09	-0.0506625
2.24041e-09	-0.0506721
2.24048e-09	-0.0506816
2.24055e-09	-0.050691
2.24062e-09	-0.0507002
2.24069e-09	-0.0507093
2.24076e-09	-0.0507184
2.24083e-09	-0.0507273
2.2409e-09	-0.0507361
2.24097e-09	-0.0507447
2.24104e-09	-0.0507533
2.24111e-09	-0.0507617
2.24118e-09	-0.0507701
2.24126e-09	-0.0507783
2.24133e-09	-0.0507864
2.2414e-09	-0.0507944
2.24147e-09	-0.0508023
2.24154e-09	-0.05081
2.24161e-09	-0.0508177
2.24168e-09	-0.0508252
2.24175e-09	-0.0508327
2.24182e-09	-0.05084
2.24189e-09	-0.0508472
2.24196e-09	-0.0508543
2.24203e-09	-0.0508613
2.2421e-09	-0.0508681
2.24217e-09	-0.0508749
2.24225e-09	-0.0508815
2.24232e-09	-0.050888
2.24239e-09	-0.0508945
2.24246e-09	-0.0509008
2.24253e-09	-0.050907
2.2426e-09	-0.050913
2.24267e-09	-0.050919
2.24274e-09	-0.0509249
2.24281e-09	-0.0509306
2.24288e-09	-0.0509363
2.24295e-09	-0.0509418
2.24302e-09	-0.0509472
2.24309e-09	-0.0509525
2.24317e-09	-0.0509577
2.24324e-09	-0.0509628
2.24331e-09	-0.0509677
2.24338e-09	-0.0509726
2.24345e-09	-0.0509773
2.24352e-09	-0.050982
2.24359e-09	-0.0509865
2.24366e-09	-0.0509909
2.24373e-09	-0.0509952
2.2438e-09	-0.0509994
2.24387e-09	-0.0510035
2.24394e-09	-0.0510075
2.24401e-09	-0.0510114
2.24408e-09	-0.0510151
2.24416e-09	-0.0510188
2.24423e-09	-0.0510223
2.2443e-09	-0.0510257
2.24437e-09	-0.051029
2.24444e-09	-0.0510323
2.24451e-09	-0.0510354
2.24458e-09	-0.0510384
2.24465e-09	-0.0510412
2.24472e-09	-0.051044
2.24479e-09	-0.0510467
2.24486e-09	-0.0510492
2.24493e-09	-0.0510517
2.245e-09	-0.051054
2.24507e-09	-0.0510563
2.24515e-09	-0.0510584
2.24522e-09	-0.0510604
2.24529e-09	-0.0510623
2.24536e-09	-0.0510641
2.24543e-09	-0.0510658
2.2455e-09	-0.0510674
2.24557e-09	-0.0510689
2.24564e-09	-0.0510702
2.24571e-09	-0.0510715
2.24578e-09	-0.0510726
2.24585e-09	-0.0510737
2.24592e-09	-0.0510746
2.24599e-09	-0.0510755
2.24607e-09	-0.0510762
2.24614e-09	-0.0510768
2.24621e-09	-0.0510773
2.24628e-09	-0.0510777
2.24635e-09	-0.051078
2.24642e-09	-0.0510782
2.24649e-09	-0.0510783
2.24656e-09	-0.0510783
2.24663e-09	-0.0510782
2.2467e-09	-0.0510779
2.24677e-09	-0.0510776
2.24684e-09	-0.0510772
2.24691e-09	-0.0510766
2.24698e-09	-0.051076
2.24706e-09	-0.0510752
2.24713e-09	-0.0510743
2.2472e-09	-0.0510734
2.24727e-09	-0.0510723
2.24734e-09	-0.0510711
2.24741e-09	-0.0510698
2.24748e-09	-0.0510685
2.24755e-09	-0.051067
2.24762e-09	-0.0510654
2.24769e-09	-0.0510637
2.24776e-09	-0.0510619
2.24783e-09	-0.05106
2.2479e-09	-0.0510579
2.24797e-09	-0.0510558
2.24805e-09	-0.0510536
2.24812e-09	-0.0510513
2.24819e-09	-0.0510488
2.24826e-09	-0.0510463
2.24833e-09	-0.0510437
2.2484e-09	-0.0510409
2.24847e-09	-0.0510381
2.24854e-09	-0.0510352
2.24861e-09	-0.0510321
2.24868e-09	-0.051029
2.24875e-09	-0.0510257
2.24882e-09	-0.0510223
2.24889e-09	-0.0510189
2.24896e-09	-0.0510153
2.24904e-09	-0.0510117
2.24911e-09	-0.0510079
2.24918e-09	-0.051004
2.24925e-09	-0.0510001
2.24932e-09	-0.050996
2.24939e-09	-0.0509918
2.24946e-09	-0.0509875
2.24953e-09	-0.0509832
2.2496e-09	-0.0509787
2.24967e-09	-0.0509741
2.24974e-09	-0.0509694
2.24981e-09	-0.0509646
2.24988e-09	-0.0509597
2.24996e-09	-0.0509548
2.25003e-09	-0.0509497
2.2501e-09	-0.0509445
2.25017e-09	-0.0509392
2.25024e-09	-0.0509338
2.25031e-09	-0.0509283
2.25038e-09	-0.0509227
2.25045e-09	-0.050917
2.25052e-09	-0.0509113
2.25059e-09	-0.0509054
2.25066e-09	-0.0508994
2.25073e-09	-0.0508933
2.2508e-09	-0.0508871
2.25087e-09	-0.0508808
2.25095e-09	-0.0508744
2.25102e-09	-0.050868
2.25109e-09	-0.0508614
2.25116e-09	-0.0508547
2.25123e-09	-0.0508479
2.2513e-09	-0.050841
2.25137e-09	-0.050834
2.25144e-09	-0.050827
2.25151e-09	-0.0508198
2.25158e-09	-0.0508125
2.25165e-09	-0.0508051
2.25172e-09	-0.0507977
2.25179e-09	-0.0507901
2.25186e-09	-0.0507824
2.25194e-09	-0.0507747
2.25201e-09	-0.0507668
2.25208e-09	-0.0507588
2.25215e-09	-0.0507508
2.25222e-09	-0.0507426
2.25229e-09	-0.0507344
2.25236e-09	-0.050726
2.25243e-09	-0.0507176
2.2525e-09	-0.050709
2.25257e-09	-0.0507004
2.25264e-09	-0.0506917
2.25271e-09	-0.0506828
2.25278e-09	-0.0506739
2.25285e-09	-0.0506649
2.25293e-09	-0.0506557
2.253e-09	-0.0506465
2.25307e-09	-0.0506372
2.25314e-09	-0.0506278
2.25321e-09	-0.0506183
2.25328e-09	-0.0506087
2.25335e-09	-0.050599
2.25342e-09	-0.0505892
2.25349e-09	-0.0505793
2.25356e-09	-0.0505693
2.25363e-09	-0.0505593
2.2537e-09	-0.0505491
2.25377e-09	-0.0505388
2.25385e-09	-0.0505285
2.25392e-09	-0.050518
2.25399e-09	-0.0505075
2.25406e-09	-0.0504968
2.25413e-09	-0.0504861
2.2542e-09	-0.0504752
2.25427e-09	-0.0504643
2.25434e-09	-0.0504533
2.25441e-09	-0.0504422
2.25448e-09	-0.050431
2.25455e-09	-0.0504197
2.25462e-09	-0.0504083
2.25469e-09	-0.0503968
2.25476e-09	-0.0503852
2.25484e-09	-0.0503735
2.25491e-09	-0.0503618
2.25498e-09	-0.0503499
2.25505e-09	-0.0503379
2.25512e-09	-0.0503259
2.25519e-09	-0.0503138
2.25526e-09	-0.0503015
2.25533e-09	-0.0502892
2.2554e-09	-0.0502768
2.25547e-09	-0.0502643
2.25554e-09	-0.0502517
2.25561e-09	-0.050239
2.25568e-09	-0.0502262
2.25575e-09	-0.0502133
2.25583e-09	-0.0502004
2.2559e-09	-0.0501873
2.25597e-09	-0.0501742
2.25604e-09	-0.0501609
2.25611e-09	-0.0501476
2.25618e-09	-0.0501342
2.25625e-09	-0.0501207
2.25632e-09	-0.0501071
2.25639e-09	-0.0500934
2.25646e-09	-0.0500796
2.25653e-09	-0.0500657
2.2566e-09	-0.0500518
2.25667e-09	-0.0500377
2.25675e-09	-0.0500236
2.25682e-09	-0.0500094
2.25689e-09	-0.049995
2.25696e-09	-0.0499806
2.25703e-09	-0.0499661
2.2571e-09	-0.0499515
2.25717e-09	-0.0499369
2.25724e-09	-0.0499221
2.25731e-09	-0.0499072
2.25738e-09	-0.0498923
2.25745e-09	-0.0498773
2.25752e-09	-0.0498621
2.25759e-09	-0.0498469
2.25766e-09	-0.0498316
2.25774e-09	-0.0498162
2.25781e-09	-0.0498008
2.25788e-09	-0.0497852
2.25795e-09	-0.0497696
2.25802e-09	-0.0497538
2.25809e-09	-0.049738
2.25816e-09	-0.0497221
2.25823e-09	-0.0497061
2.2583e-09	-0.04969
2.25837e-09	-0.0496738
2.25844e-09	-0.0496576
2.25851e-09	-0.0496412
2.25858e-09	-0.0496248
2.25865e-09	-0.0496083
2.25873e-09	-0.0495917
2.2588e-09	-0.049575
2.25887e-09	-0.0495582
2.25894e-09	-0.0495413
2.25901e-09	-0.0495244
2.25908e-09	-0.0495073
2.25915e-09	-0.0494902
2.25922e-09	-0.049473
2.25929e-09	-0.0494557
2.25936e-09	-0.0494383
2.25943e-09	-0.0494209
2.2595e-09	-0.0494033
2.25957e-09	-0.0493857
2.25964e-09	-0.049368
2.25972e-09	-0.0493502
2.25979e-09	-0.0493323
2.25986e-09	-0.0493143
2.25993e-09	-0.0492962
2.26e-09	-0.0492781
2.26007e-09	-0.0492599
2.26014e-09	-0.0492416
2.26021e-09	-0.0492232
2.26028e-09	-0.0492047
2.26035e-09	-0.0491861
2.26042e-09	-0.0491675
2.26049e-09	-0.0491488
2.26056e-09	-0.04913
2.26064e-09	-0.0491111
2.26071e-09	-0.0490921
2.26078e-09	-0.049073
2.26085e-09	-0.0490539
2.26092e-09	-0.0490347
2.26099e-09	-0.0490154
2.26106e-09	-0.048996
2.26113e-09	-0.0489765
2.2612e-09	-0.0489569
2.26127e-09	-0.0489373
2.26134e-09	-0.0489176
2.26141e-09	-0.0488978
2.26148e-09	-0.0488779
2.26155e-09	-0.0488579
2.26163e-09	-0.0488379
2.2617e-09	-0.0488178
2.26177e-09	-0.0487976
2.26184e-09	-0.0487773
2.26191e-09	-0.0487569
2.26198e-09	-0.0487365
2.26205e-09	-0.0487159
2.26212e-09	-0.0486953
2.26219e-09	-0.0486746
2.26226e-09	-0.0486539
2.26233e-09	-0.048633
2.2624e-09	-0.0486121
2.26247e-09	-0.0485911
2.26254e-09	-0.04857
2.26262e-09	-0.0485488
2.26269e-09	-0.0485276
2.26276e-09	-0.0485062
2.26283e-09	-0.0484848
2.2629e-09	-0.0484634
2.26297e-09	-0.0484418
2.26304e-09	-0.0484201
2.26311e-09	-0.0483984
2.26318e-09	-0.0483766
2.26325e-09	-0.0483547
2.26332e-09	-0.0483328
2.26339e-09	-0.0483107
2.26346e-09	-0.0482886
2.26354e-09	-0.0482664
2.26361e-09	-0.0482442
2.26368e-09	-0.0482218
2.26375e-09	-0.0481994
2.26382e-09	-0.0481769
2.26389e-09	-0.0481543
2.26396e-09	-0.0481317
2.26403e-09	-0.0481089
2.2641e-09	-0.0480861
2.26417e-09	-0.0480632
2.26424e-09	-0.0480403
2.26431e-09	-0.0480172
2.26438e-09	-0.0479941
2.26445e-09	-0.0479709
2.26453e-09	-0.0479476
2.2646e-09	-0.0479243
2.26467e-09	-0.0479009
2.26474e-09	-0.0478774
2.26481e-09	-0.0478538
2.26488e-09	-0.0478302
2.26495e-09	-0.0478064
2.26502e-09	-0.0477826
2.26509e-09	-0.0477588
2.26516e-09	-0.0477348
2.26523e-09	-0.0477108
2.2653e-09	-0.0476867
2.26537e-09	-0.0476625
2.26544e-09	-0.0476383
2.26552e-09	-0.0476139
2.26559e-09	-0.0475895
2.26566e-09	-0.0475651
2.26573e-09	-0.0475405
2.2658e-09	-0.0475159
2.26587e-09	-0.0474912
2.26594e-09	-0.0474664
2.26601e-09	-0.0474416
2.26608e-09	-0.0474167
2.26615e-09	-0.0473917
2.26622e-09	-0.0473666
2.26629e-09	-0.0473415
2.26636e-09	-0.0473163
2.26643e-09	-0.047291
2.26651e-09	-0.0472657
2.26658e-09	-0.0472402
2.26665e-09	-0.0472148
2.26672e-09	-0.0471892
2.26679e-09	-0.0471635
2.26686e-09	-0.0471378
2.26693e-09	-0.0471121
2.267e-09	-0.0470862
2.26707e-09	-0.0470603
2.26714e-09	-0.0470343
2.26721e-09	-0.0470082
2.26728e-09	-0.0469821
2.26735e-09	-0.0469558
2.26743e-09	-0.0469296
2.2675e-09	-0.0469032
2.26757e-09	-0.0468768
2.26764e-09	-0.0468503
2.26771e-09	-0.0468237
2.26778e-09	-0.0467971
2.26785e-09	-0.0467704
2.26792e-09	-0.0467436
2.26799e-09	-0.0467168
2.26806e-09	-0.0466898
2.26813e-09	-0.0466629
2.2682e-09	-0.0466358
2.26827e-09	-0.0466087
2.26834e-09	-0.0465815
2.26842e-09	-0.0465542
2.26849e-09	-0.0465269
2.26856e-09	-0.0464995
2.26863e-09	-0.046472
2.2687e-09	-0.0464445
2.26877e-09	-0.0464169
2.26884e-09	-0.0463892
2.26891e-09	-0.0463615
2.26898e-09	-0.0463337
2.26905e-09	-0.0463058
2.26912e-09	-0.0462778
2.26919e-09	-0.0462498
2.26926e-09	-0.0462217
2.26933e-09	-0.0461936
2.26941e-09	-0.0461654
2.26948e-09	-0.0461371
2.26955e-09	-0.0461087
2.26962e-09	-0.0460803
2.26969e-09	-0.0460518
2.26976e-09	-0.0460233
2.26983e-09	-0.0459947
2.2699e-09	-0.045966
2.26997e-09	-0.0459372
2.27004e-09	-0.0459084
2.27011e-09	-0.0458795
2.27018e-09	-0.0458506
2.27025e-09	-0.0458216
2.27033e-09	-0.0457925
2.2704e-09	-0.0457633
2.27047e-09	-0.0457341
2.27054e-09	-0.0457048
2.27061e-09	-0.0456755
2.27068e-09	-0.0456461
2.27075e-09	-0.0456166
2.27082e-09	-0.0455871
2.27089e-09	-0.0455575
2.27096e-09	-0.0455278
2.27103e-09	-0.0454981
2.2711e-09	-0.0454683
2.27117e-09	-0.0454384
2.27124e-09	-0.0454085
2.27132e-09	-0.0453785
2.27139e-09	-0.0453485
2.27146e-09	-0.0453184
2.27153e-09	-0.0452882
2.2716e-09	-0.045258
2.27167e-09	-0.0452277
2.27174e-09	-0.0451973
2.27181e-09	-0.0451669
2.27188e-09	-0.0451364
2.27195e-09	-0.0451058
2.27202e-09	-0.0450752
2.27209e-09	-0.0450445
2.27216e-09	-0.0450138
2.27223e-09	-0.044983
2.27231e-09	-0.0449521
2.27238e-09	-0.0449212
2.27245e-09	-0.0448902
2.27252e-09	-0.0448591
2.27259e-09	-0.044828
2.27266e-09	-0.0447969
2.27273e-09	-0.0447656
2.2728e-09	-0.0447343
2.27287e-09	-0.044703
2.27294e-09	-0.0446716
2.27301e-09	-0.0446401
2.27308e-09	-0.0446085
2.27315e-09	-0.0445769
2.27322e-09	-0.0445453
2.2733e-09	-0.0445136
2.27337e-09	-0.0444818
2.27344e-09	-0.0444499
2.27351e-09	-0.044418
2.27358e-09	-0.0443861
2.27365e-09	-0.0443541
2.27372e-09	-0.044322
2.27379e-09	-0.0442898
2.27386e-09	-0.0442577
2.27393e-09	-0.0442254
2.274e-09	-0.0441931
2.27407e-09	-0.0441607
2.27414e-09	-0.0441283
2.27422e-09	-0.0440958
2.27429e-09	-0.0440632
2.27436e-09	-0.0440306
2.27443e-09	-0.043998
2.2745e-09	-0.0439652
2.27457e-09	-0.0439325
2.27464e-09	-0.0438996
2.27471e-09	-0.0438667
2.27478e-09	-0.0438338
2.27485e-09	-0.0438008
2.27492e-09	-0.0437677
2.27499e-09	-0.0437346
2.27506e-09	-0.0437014
2.27513e-09	-0.0436681
2.27521e-09	-0.0436348
2.27528e-09	-0.0436015
2.27535e-09	-0.0435681
2.27542e-09	-0.0435346
2.27549e-09	-0.0435011
2.27556e-09	-0.0434675
2.27563e-09	-0.0434339
2.2757e-09	-0.0434002
2.27577e-09	-0.0433665
2.27584e-09	-0.0433327
2.27591e-09	-0.0432988
2.27598e-09	-0.0432649
2.27605e-09	-0.0432309
2.27612e-09	-0.0431969
2.2762e-09	-0.0431628
2.27627e-09	-0.0431287
2.27634e-09	-0.0430945
2.27641e-09	-0.0430603
2.27648e-09	-0.043026
2.27655e-09	-0.0429916
2.27662e-09	-0.0429572
2.27669e-09	-0.0429228
2.27676e-09	-0.0428883
2.27683e-09	-0.0428537
2.2769e-09	-0.0428191
2.27697e-09	-0.0427844
2.27704e-09	-0.0427497
2.27711e-09	-0.0427149
2.27719e-09	-0.0426801
2.27726e-09	-0.0426452
2.27733e-09	-0.0426103
2.2774e-09	-0.0425753
2.27747e-09	-0.0425402
2.27754e-09	-0.0425051
2.27761e-09	-0.04247
2.27768e-09	-0.0424348
2.27775e-09	-0.0423995
2.27782e-09	-0.0423642
2.27789e-09	-0.0423289
2.27796e-09	-0.0422935
2.27803e-09	-0.042258
2.27811e-09	-0.0422225
2.27818e-09	-0.042187
2.27825e-09	-0.0421513
2.27832e-09	-0.0421157
2.27839e-09	-0.04208
2.27846e-09	-0.0420442
2.27853e-09	-0.0420084
2.2786e-09	-0.0419725
2.27867e-09	-0.0419366
2.27874e-09	-0.0419007
2.27881e-09	-0.0418646
2.27888e-09	-0.0418286
2.27895e-09	-0.0417925
2.27902e-09	-0.0417563
2.2791e-09	-0.0417201
2.27917e-09	-0.0416838
2.27924e-09	-0.0416475
2.27931e-09	-0.0416111
2.27938e-09	-0.0415747
2.27945e-09	-0.0415383
2.27952e-09	-0.0415018
2.27959e-09	-0.0414652
2.27966e-09	-0.0414286
2.27973e-09	-0.041392
2.2798e-09	-0.0413552
2.27987e-09	-0.0413185
2.27994e-09	-0.0412817
2.28001e-09	-0.0412449
2.28009e-09	-0.041208
2.28016e-09	-0.041171
2.28023e-09	-0.041134
2.2803e-09	-0.041097
2.28037e-09	-0.0410599
2.28044e-09	-0.0410228
2.28051e-09	-0.0409856
2.28058e-09	-0.0409484
2.28065e-09	-0.0409111
2.28072e-09	-0.0408738
2.28079e-09	-0.0408364
2.28086e-09	-0.040799
2.28093e-09	-0.0407616
2.28101e-09	-0.0407241
2.28108e-09	-0.0406865
2.28115e-09	-0.0406489
2.28122e-09	-0.0406113
2.28129e-09	-0.0405736
2.28136e-09	-0.0405359
2.28143e-09	-0.0404981
2.2815e-09	-0.0404603
2.28157e-09	-0.0404224
2.28164e-09	-0.0403845
2.28171e-09	-0.0403465
2.28178e-09	-0.0403085
2.28185e-09	-0.0402705
2.28192e-09	-0.0402324
2.282e-09	-0.0401943
2.28207e-09	-0.0401561
2.28214e-09	-0.0401178
2.28221e-09	-0.0400796
2.28228e-09	-0.0400413
2.28235e-09	-0.0400029
2.28242e-09	-0.0399645
2.28249e-09	-0.0399261
2.28256e-09	-0.0398876
2.28263e-09	-0.0398491
2.2827e-09	-0.0398105
2.28277e-09	-0.0397719
2.28284e-09	-0.0397332
2.28291e-09	-0.0396945
2.28299e-09	-0.0396558
2.28306e-09	-0.039617
2.28313e-09	-0.0395782
2.2832e-09	-0.0395393
2.28327e-09	-0.0395004
2.28334e-09	-0.0394615
2.28341e-09	-0.0394225
2.28348e-09	-0.0393834
2.28355e-09	-0.0393444
2.28362e-09	-0.0393052
2.28369e-09	-0.0392661
2.28376e-09	-0.0392269
2.28383e-09	-0.0391876
2.2839e-09	-0.0391484
2.28398e-09	-0.039109
2.28405e-09	-0.0390697
2.28412e-09	-0.0390303
2.28419e-09	-0.0389908
2.28426e-09	-0.0389513
2.28433e-09	-0.0389118
2.2844e-09	-0.0388723
2.28447e-09	-0.0388326
2.28454e-09	-0.038793
2.28461e-09	-0.0387533
2.28468e-09	-0.0387136
2.28475e-09	-0.0386738
2.28482e-09	-0.038634
2.2849e-09	-0.0385942
2.28497e-09	-0.0385543
2.28504e-09	-0.0385144
2.28511e-09	-0.0384744
2.28518e-09	-0.0384345
2.28525e-09	-0.0383944
2.28532e-09	-0.0383543
2.28539e-09	-0.0383142
2.28546e-09	-0.0382741
2.28553e-09	-0.0382339
2.2856e-09	-0.0381937
2.28567e-09	-0.0381534
2.28574e-09	-0.0381131
2.28581e-09	-0.0380728
2.28589e-09	-0.0380324
2.28596e-09	-0.037992
2.28603e-09	-0.0379516
2.2861e-09	-0.0379111
2.28617e-09	-0.0378706
2.28624e-09	-0.03783
2.28631e-09	-0.0377894
2.28638e-09	-0.0377488
2.28645e-09	-0.0377081
2.28652e-09	-0.0376674
2.28659e-09	-0.0376267
2.28666e-09	-0.0375859
2.28673e-09	-0.0375451
2.2868e-09	-0.0375042
2.28688e-09	-0.0374633
2.28695e-09	-0.0374224
2.28702e-09	-0.0373815
2.28709e-09	-0.0373405
2.28716e-09	-0.0372995
2.28723e-09	-0.0372584
2.2873e-09	-0.0372173
2.28737e-09	-0.0371762
2.28744e-09	-0.037135
2.28751e-09	-0.0370938
2.28758e-09	-0.0370526
2.28765e-09	-0.0370113
2.28772e-09	-0.03697
2.2878e-09	-0.0369287
2.28787e-09	-0.0368873
2.28794e-09	-0.0368459
2.28801e-09	-0.0368045
2.28808e-09	-0.036763
2.28815e-09	-0.0367215
2.28822e-09	-0.03668
2.28829e-09	-0.0366384
2.28836e-09	-0.0365968
2.28843e-09	-0.0365552
2.2885e-09	-0.0365136
2.28857e-09	-0.0364719
2.28864e-09	-0.0364301
2.28871e-09	-0.0363884
2.28879e-09	-0.0363466
2.28886e-09	-0.0363047
2.28893e-09	-0.0362629
2.289e-09	-0.036221
2.28907e-09	-0.0361791
2.28914e-09	-0.0361371
2.28921e-09	-0.0360951
2.28928e-09	-0.0360531
2.28935e-09	-0.0360111
2.28942e-09	-0.035969
2.28949e-09	-0.0359269
2.28956e-09	-0.0358848
2.28963e-09	-0.0358426
2.2897e-09	-0.0358004
2.28978e-09	-0.0357582
2.28985e-09	-0.0357159
2.28992e-09	-0.0356736
2.28999e-09	-0.0356313
2.29006e-09	-0.0355889
2.29013e-09	-0.0355465
2.2902e-09	-0.0355041
2.29027e-09	-0.0354617
2.29034e-09	-0.0354192
2.29041e-09	-0.0353767
2.29048e-09	-0.0353342
2.29055e-09	-0.0352916
2.29062e-09	-0.0352491
2.29069e-09	-0.0352064
2.29077e-09	-0.0351638
2.29084e-09	-0.0351211
2.29091e-09	-0.0350784
2.29098e-09	-0.0350357
2.29105e-09	-0.0349929
2.29112e-09	-0.0349502
2.29119e-09	-0.0349073
2.29126e-09	-0.0348645
2.29133e-09	-0.0348216
2.2914e-09	-0.0347787
2.29147e-09	-0.0347358
2.29154e-09	-0.0346929
2.29161e-09	-0.0346499
2.29169e-09	-0.0346069
2.29176e-09	-0.0345638
2.29183e-09	-0.0345208
2.2919e-09	-0.0344777
2.29197e-09	-0.0344346
2.29204e-09	-0.0343914
2.29211e-09	-0.0343483
2.29218e-09	-0.0343051
2.29225e-09	-0.0342619
2.29232e-09	-0.0342186
2.29239e-09	-0.0341754
2.29246e-09	-0.0341321
2.29253e-09	-0.0340887
2.2926e-09	-0.0340454
2.29268e-09	-0.034002
2.29275e-09	-0.0339586
2.29282e-09	-0.0339152
2.29289e-09	-0.0338717
2.29296e-09	-0.0338283
2.29303e-09	-0.0337848
2.2931e-09	-0.0337413
2.29317e-09	-0.0336977
2.29324e-09	-0.0336541
2.29331e-09	-0.0336105
2.29338e-09	-0.0335669
2.29345e-09	-0.0335233
2.29352e-09	-0.0334796
2.29359e-09	-0.0334359
2.29367e-09	-0.0333922
2.29374e-09	-0.0333485
2.29381e-09	-0.0333047
2.29388e-09	-0.0332609
2.29395e-09	-0.0332171
2.29402e-09	-0.0331733
2.29409e-09	-0.0331294
2.29416e-09	-0.0330855
2.29423e-09	-0.0330416
2.2943e-09	-0.0329977
2.29437e-09	-0.0329538
2.29444e-09	-0.0329098
2.29451e-09	-0.0328658
2.29459e-09	-0.0328218
2.29466e-09	-0.0327778
2.29473e-09	-0.0327337
2.2948e-09	-0.0326896
2.29487e-09	-0.0326455
2.29494e-09	-0.0326014
2.29501e-09	-0.0325572
2.29508e-09	-0.0325131
2.29515e-09	-0.0324689
2.29522e-09	-0.0324247
2.29529e-09	-0.0323805
2.29536e-09	-0.0323362
2.29543e-09	-0.0322919
2.2955e-09	-0.0322476
2.29558e-09	-0.0322033
2.29565e-09	-0.032159
2.29572e-09	-0.0321147
2.29579e-09	-0.0320703
2.29586e-09	-0.0320259
2.29593e-09	-0.0319815
2.296e-09	-0.031937
2.29607e-09	-0.0318926
2.29614e-09	-0.0318481
2.29621e-09	-0.0318036
2.29628e-09	-0.0317591
2.29635e-09	-0.0317146
2.29642e-09	-0.03167
2.29649e-09	-0.0316255
2.29657e-09	-0.0315809
2.29664e-09	-0.0315363
2.29671e-09	-0.0314917
2.29678e-09	-0.031447
2.29685e-09	-0.0314023
2.29692e-09	-0.0313577
2.29699e-09	-0.031313
2.29706e-09	-0.0312683
2.29713e-09	-0.0312235
2.2972e-09	-0.0311788
2.29727e-09	-0.031134
2.29734e-09	-0.0310892
2.29741e-09	-0.0310444
2.29748e-09	-0.0309996
2.29756e-09	-0.0309547
2.29763e-09	-0.0309099
2.2977e-09	-0.030865
2.29777e-09	-0.0308201
2.29784e-09	-0.0307752
2.29791e-09	-0.0307303
2.29798e-09	-0.0306854
2.29805e-09	-0.0306404
2.29812e-09	-0.0305954
2.29819e-09	-0.0305504
2.29826e-09	-0.0305054
2.29833e-09	-0.0304604
2.2984e-09	-0.0304154
2.29848e-09	-0.0303703
2.29855e-09	-0.0303253
2.29862e-09	-0.0302802
2.29869e-09	-0.0302351
2.29876e-09	-0.03019
2.29883e-09	-0.0301448
2.2989e-09	-0.0300997
2.29897e-09	-0.0300545
2.29904e-09	-0.0300093
2.29911e-09	-0.0299642
2.29918e-09	-0.0299189
2.29925e-09	-0.0298737
2.29932e-09	-0.0298285
2.29939e-09	-0.0297832
2.29947e-09	-0.029738
2.29954e-09	-0.0296927
2.29961e-09	-0.0296474
2.29968e-09	-0.0296021
2.29975e-09	-0.0295568
2.29982e-09	-0.0295115
2.29989e-09	-0.0294661
2.29996e-09	-0.0294208
2.30003e-09	-0.0293754
2.3001e-09	-0.02933
2.30017e-09	-0.0292846
2.30024e-09	-0.0292392
2.30031e-09	-0.0291938
2.30038e-09	-0.0291483
2.30046e-09	-0.0291029
2.30053e-09	-0.0290574
2.3006e-09	-0.029012
2.30067e-09	-0.0289665
2.30074e-09	-0.028921
2.30081e-09	-0.0288755
2.30088e-09	-0.0288299
2.30095e-09	-0.0287844
2.30102e-09	-0.0287389
2.30109e-09	-0.0286933
2.30116e-09	-0.0286477
2.30123e-09	-0.0286022
2.3013e-09	-0.0285566
2.30137e-09	-0.028511
2.30145e-09	-0.0284654
2.30152e-09	-0.0284197
2.30159e-09	-0.0283741
2.30166e-09	-0.0283285
2.30173e-09	-0.0282828
2.3018e-09	-0.0282371
2.30187e-09	-0.0281915
2.30194e-09	-0.0281458
2.30201e-09	-0.0281001
2.30208e-09	-0.0280544
2.30215e-09	-0.0280086
2.30222e-09	-0.0279629
2.30229e-09	-0.0279172
2.30237e-09	-0.0278714
2.30244e-09	-0.0278257
2.30251e-09	-0.0277799
2.30258e-09	-0.0277341
2.30265e-09	-0.0276884
2.30272e-09	-0.0276426
2.30279e-09	-0.0275968
2.30286e-09	-0.027551
2.30293e-09	-0.0275051
2.303e-09	-0.0274593
2.30307e-09	-0.0274135
2.30314e-09	-0.0273676
2.30321e-09	-0.0273218
2.30328e-09	-0.0272759
2.30336e-09	-0.02723
2.30343e-09	-0.0271842
2.3035e-09	-0.0271383
2.30357e-09	-0.0270924
2.30364e-09	-0.0270465
2.30371e-09	-0.0270006
2.30378e-09	-0.0269547
2.30385e-09	-0.0269087
2.30392e-09	-0.0268628
2.30399e-09	-0.0268169
2.30406e-09	-0.0267709
2.30413e-09	-0.026725
2.3042e-09	-0.026679
2.30427e-09	-0.0266331
2.30435e-09	-0.0265871
2.30442e-09	-0.0265411
2.30449e-09	-0.0264951
2.30456e-09	-0.0264491
2.30463e-09	-0.0264031
2.3047e-09	-0.0263571
2.30477e-09	-0.0263111
2.30484e-09	-0.0262651
2.30491e-09	-0.0262191
2.30498e-09	-0.0261731
2.30505e-09	-0.026127
2.30512e-09	-0.026081
2.30519e-09	-0.026035
2.30527e-09	-0.0259889
2.30534e-09	-0.0259429
2.30541e-09	-0.0258968
2.30548e-09	-0.0258507
2.30555e-09	-0.0258047
2.30562e-09	-0.0257586
2.30569e-09	-0.0257125
2.30576e-09	-0.0256665
2.30583e-09	-0.0256204
2.3059e-09	-0.0255743
2.30597e-09	-0.0255282
2.30604e-09	-0.0254821
2.30611e-09	-0.025436
2.30618e-09	-0.0253899
2.30626e-09	-0.0253438
2.30633e-09	-0.0252977
2.3064e-09	-0.0252516
2.30647e-09	-0.0252054
2.30654e-09	-0.0251593
2.30661e-09	-0.0251132
2.30668e-09	-0.0250671
2.30675e-09	-0.0250209
2.30682e-09	-0.0249748
2.30689e-09	-0.0249287
2.30696e-09	-0.0248825
2.30703e-09	-0.0248364
2.3071e-09	-0.0247902
2.30717e-09	-0.0247441
2.30725e-09	-0.0246979
2.30732e-09	-0.0246518
2.30739e-09	-0.0246056
2.30746e-09	-0.0245595
2.30753e-09	-0.0245133
2.3076e-09	-0.0244672
2.30767e-09	-0.024421
2.30774e-09	-0.0243748
2.30781e-09	-0.0243287
2.30788e-09	-0.0242825
2.30795e-09	-0.0242363
2.30802e-09	-0.0241902
2.30809e-09	-0.024144
2.30816e-09	-0.0240978
2.30824e-09	-0.0240517
2.30831e-09	-0.0240055
2.30838e-09	-0.0239593
2.30845e-09	-0.0239132
2.30852e-09	-0.023867
2.30859e-09	-0.0238208
2.30866e-09	-0.0237746
2.30873e-09	-0.0237285
2.3088e-09	-0.0236823
2.30887e-09	-0.0236361
2.30894e-09	-0.0235899
2.30901e-09	-0.0235438
2.30908e-09	-0.0234976
2.30916e-09	-0.0234514
2.30923e-09	-0.0234053
2.3093e-09	-0.0233591
2.30937e-09	-0.0233129
2.30944e-09	-0.0232667
2.30951e-09	-0.0232206
2.30958e-09	-0.0231744
2.30965e-09	-0.0231282
2.30972e-09	-0.0230821
2.30979e-09	-0.0230359
2.30986e-09	-0.0229898
2.30993e-09	-0.0229436
2.31e-09	-0.0228974
2.31007e-09	-0.0228513
2.31015e-09	-0.0228051
2.31022e-09	-0.022759
2.31029e-09	-0.0227128
2.31036e-09	-0.0226667
2.31043e-09	-0.0226205
2.3105e-09	-0.0225744
2.31057e-09	-0.0225283
2.31064e-09	-0.0224821
2.31071e-09	-0.022436
2.31078e-09	-0.0223898
2.31085e-09	-0.0223437
2.31092e-09	-0.0222976
2.31099e-09	-0.0222515
2.31106e-09	-0.0222053
2.31114e-09	-0.0221592
2.31121e-09	-0.0221131
2.31128e-09	-0.022067
2.31135e-09	-0.0220209
2.31142e-09	-0.0219748
2.31149e-09	-0.0219287
2.31156e-09	-0.0218826
2.31163e-09	-0.0218365
2.3117e-09	-0.0217904
2.31177e-09	-0.0217443
2.31184e-09	-0.0216982
2.31191e-09	-0.0216522
2.31198e-09	-0.0216061
2.31206e-09	-0.02156
2.31213e-09	-0.021514
2.3122e-09	-0.0214679
2.31227e-09	-0.0214219
2.31234e-09	-0.0213758
2.31241e-09	-0.0213298
2.31248e-09	-0.0212837
2.31255e-09	-0.0212377
2.31262e-09	-0.0211917
2.31269e-09	-0.0211457
2.31276e-09	-0.0210996
2.31283e-09	-0.0210536
2.3129e-09	-0.0210076
2.31297e-09	-0.0209616
2.31305e-09	-0.0209156
2.31312e-09	-0.0208696
2.31319e-09	-0.0208237
2.31326e-09	-0.0207777
2.31333e-09	-0.0207317
2.3134e-09	-0.0206857
2.31347e-09	-0.0206398
2.31354e-09	-0.0205938
2.31361e-09	-0.0205479
2.31368e-09	-0.020502
2.31375e-09	-0.020456
2.31382e-09	-0.0204101
2.31389e-09	-0.0203642
2.31396e-09	-0.0203183
2.31404e-09	-0.0202724
2.31411e-09	-0.0202265
2.31418e-09	-0.0201806
2.31425e-09	-0.0201347
2.31432e-09	-0.0200888
2.31439e-09	-0.020043
2.31446e-09	-0.0199971
2.31453e-09	-0.0199513
2.3146e-09	-0.0199054
2.31467e-09	-0.0198596
2.31474e-09	-0.0198138
2.31481e-09	-0.0197679
2.31488e-09	-0.0197221
2.31495e-09	-0.0196763
2.31503e-09	-0.0196305
2.3151e-09	-0.0195848
2.31517e-09	-0.019539
2.31524e-09	-0.0194932
2.31531e-09	-0.0194475
2.31538e-09	-0.0194017
2.31545e-09	-0.019356
2.31552e-09	-0.0193102
2.31559e-09	-0.0192645
2.31566e-09	-0.0192188
2.31573e-09	-0.0191731
2.3158e-09	-0.0191274
2.31587e-09	-0.0190817
2.31595e-09	-0.019036
2.31602e-09	-0.0189904
2.31609e-09	-0.0189447
2.31616e-09	-0.0188991
2.31623e-09	-0.0188534
2.3163e-09	-0.0188078
2.31637e-09	-0.0187622
2.31644e-09	-0.0187166
2.31651e-09	-0.018671
2.31658e-09	-0.0186254
2.31665e-09	-0.0185798
2.31672e-09	-0.0185343
2.31679e-09	-0.0184887
2.31686e-09	-0.0184432
2.31694e-09	-0.0183977
2.31701e-09	-0.0183521
2.31708e-09	-0.0183066
2.31715e-09	-0.0182611
2.31722e-09	-0.0182156
2.31729e-09	-0.0181702
2.31736e-09	-0.0181247
2.31743e-09	-0.0180792
2.3175e-09	-0.0180338
2.31757e-09	-0.0179884
2.31764e-09	-0.017943
2.31771e-09	-0.0178976
2.31778e-09	-0.0178522
2.31785e-09	-0.0178068
2.31793e-09	-0.0177614
2.318e-09	-0.017716
2.31807e-09	-0.0176707
2.31814e-09	-0.0176254
2.31821e-09	-0.01758
2.31828e-09	-0.0175347
2.31835e-09	-0.0174894
2.31842e-09	-0.0174442
2.31849e-09	-0.0173989
2.31856e-09	-0.0173536
2.31863e-09	-0.0173084
2.3187e-09	-0.0172631
2.31877e-09	-0.0172179
2.31884e-09	-0.0171727
2.31892e-09	-0.0171275
2.31899e-09	-0.0170824
2.31906e-09	-0.0170372
2.31913e-09	-0.016992
2.3192e-09	-0.0169469
2.31927e-09	-0.0169018
2.31934e-09	-0.0168567
2.31941e-09	-0.0168116
2.31948e-09	-0.0167665
2.31955e-09	-0.0167214
2.31962e-09	-0.0166763
2.31969e-09	-0.0166313
2.31976e-09	-0.0165863
2.31984e-09	-0.0165413
2.31991e-09	-0.0164963
2.31998e-09	-0.0164513
2.32005e-09	-0.0164063
2.32012e-09	-0.0163614
2.32019e-09	-0.0163164
2.32026e-09	-0.0162715
2.32033e-09	-0.0162266
2.3204e-09	-0.0161817
2.32047e-09	-0.0161368
2.32054e-09	-0.0160919
2.32061e-09	-0.0160471
2.32068e-09	-0.0160023
2.32075e-09	-0.0159574
2.32083e-09	-0.0159126
2.3209e-09	-0.0158679
2.32097e-09	-0.0158231
2.32104e-09	-0.0157783
2.32111e-09	-0.0157336
2.32118e-09	-0.0156889
2.32125e-09	-0.0156441
2.32132e-09	-0.0155995
2.32139e-09	-0.0155548
2.32146e-09	-0.0155101
2.32153e-09	-0.0154655
2.3216e-09	-0.0154208
2.32167e-09	-0.0153762
2.32174e-09	-0.0153316
2.32182e-09	-0.0152871
2.32189e-09	-0.0152425
2.32196e-09	-0.015198
2.32203e-09	-0.0151534
2.3221e-09	-0.0151089
2.32217e-09	-0.0150644
2.32224e-09	-0.0150199
2.32231e-09	-0.0149755
2.32238e-09	-0.014931
2.32245e-09	-0.0148866
2.32252e-09	-0.0148422
2.32259e-09	-0.0147978
2.32266e-09	-0.0147535
2.32274e-09	-0.0147091
2.32281e-09	-0.0146648
2.32288e-09	-0.0146204
2.32295e-09	-0.0145761
2.32302e-09	-0.0145319
2.32309e-09	-0.0144876
2.32316e-09	-0.0144433
2.32323e-09	-0.0143991
2.3233e-09	-0.0143549
2.32337e-09	-0.0143107
2.32344e-09	-0.0142665
2.32351e-09	-0.0142224
2.32358e-09	-0.0141782
2.32365e-09	-0.0141341
2.32373e-09	-0.01409
2.3238e-09	-0.0140459
2.32387e-09	-0.0140019
2.32394e-09	-0.0139578
2.32401e-09	-0.0139138
2.32408e-09	-0.0138698
2.32415e-09	-0.0138258
2.32422e-09	-0.0137819
2.32429e-09	-0.0137379
2.32436e-09	-0.013694
2.32443e-09	-0.0136501
2.3245e-09	-0.0136062
2.32457e-09	-0.0135623
2.32464e-09	-0.0135185
2.32472e-09	-0.0134746
2.32479e-09	-0.0134308
2.32486e-09	-0.013387
2.32493e-09	-0.0133433
2.325e-09	-0.0132995
2.32507e-09	-0.0132558
2.32514e-09	-0.0132121
2.32521e-09	-0.0131684
2.32528e-09	-0.0131247
2.32535e-09	-0.0130811
2.32542e-09	-0.0130374
2.32549e-09	-0.0129938
2.32556e-09	-0.0129503
2.32563e-09	-0.0129067
2.32571e-09	-0.0128631
2.32578e-09	-0.0128196
2.32585e-09	-0.0127761
2.32592e-09	-0.0127326
2.32599e-09	-0.0126892
2.32606e-09	-0.0126457
2.32613e-09	-0.0126023
2.3262e-09	-0.0125589
2.32627e-09	-0.0125155
2.32634e-09	-0.0124722
2.32641e-09	-0.0124288
2.32648e-09	-0.0123855
2.32655e-09	-0.0123422
2.32663e-09	-0.012299
2.3267e-09	-0.0122557
2.32677e-09	-0.0122125
2.32684e-09	-0.0121693
2.32691e-09	-0.0121261
2.32698e-09	-0.012083
2.32705e-09	-0.0120398
2.32712e-09	-0.0119967
2.32719e-09	-0.0119536
2.32726e-09	-0.0119106
2.32733e-09	-0.0118675
2.3274e-09	-0.0118245
2.32747e-09	-0.0117815
2.32754e-09	-0.0117385
2.32762e-09	-0.0116956
2.32769e-09	-0.0116526
2.32776e-09	-0.0116097
2.32783e-09	-0.0115668
2.3279e-09	-0.011524
2.32797e-09	-0.0114811
2.32804e-09	-0.0114383
2.32811e-09	-0.0113955
2.32818e-09	-0.0113527
2.32825e-09	-0.01131
2.32832e-09	-0.0112673
2.32839e-09	-0.0112246
2.32846e-09	-0.0111819
2.32853e-09	-0.0111392
2.32861e-09	-0.0110966
2.32868e-09	-0.011054
2.32875e-09	-0.0110114
2.32882e-09	-0.0109688
2.32889e-09	-0.0109263
2.32896e-09	-0.0108838
2.32903e-09	-0.0108413
2.3291e-09	-0.0107988
2.32917e-09	-0.0107564
2.32924e-09	-0.010714
2.32931e-09	-0.0106716
2.32938e-09	-0.0106292
2.32945e-09	-0.0105869
2.32953e-09	-0.0105446
2.3296e-09	-0.0105023
2.32967e-09	-0.01046
2.32974e-09	-0.0104178
2.32981e-09	-0.0103756
2.32988e-09	-0.0103334
2.32995e-09	-0.0102912
2.33002e-09	-0.0102491
2.33009e-09	-0.0102069
2.33016e-09	-0.0101648
2.33023e-09	-0.0101228
2.3303e-09	-0.0100807
2.33037e-09	-0.0100387
2.33044e-09	-0.00999673
2.33052e-09	-0.00995477
2.33059e-09	-0.00991283
2.33066e-09	-0.00987091
2.33073e-09	-0.00982902
2.3308e-09	-0.00978716
2.33087e-09	-0.00974532
2.33094e-09	-0.00970351
2.33101e-09	-0.00966172
2.33108e-09	-0.00961996
2.33115e-09	-0.00957823
2.33122e-09	-0.00953652
2.33129e-09	-0.00949484
2.33136e-09	-0.00945319
2.33143e-09	-0.00941156
2.33151e-09	-0.00936995
2.33158e-09	-0.00932838
2.33165e-09	-0.00928683
2.33172e-09	-0.00924531
2.33179e-09	-0.00920381
2.33186e-09	-0.00916234
2.33193e-09	-0.0091209
2.332e-09	-0.00907948
2.33207e-09	-0.00903809
2.33214e-09	-0.00899673
2.33221e-09	-0.00895539
2.33228e-09	-0.00891408
2.33235e-09	-0.0088728
2.33242e-09	-0.00883155
2.3325e-09	-0.00879032
2.33257e-09	-0.00874912
2.33264e-09	-0.00870795
2.33271e-09	-0.0086668
2.33278e-09	-0.00862569
2.33285e-09	-0.0085846
2.33292e-09	-0.00854354
2.33299e-09	-0.0085025
2.33306e-09	-0.00846149
2.33313e-09	-0.00842051
2.3332e-09	-0.00837956
2.33327e-09	-0.00833864
2.33334e-09	-0.00829774
2.33342e-09	-0.00825688
2.33349e-09	-0.00821604
2.33356e-09	-0.00817522
2.33363e-09	-0.00813444
2.3337e-09	-0.00809369
2.33377e-09	-0.00805296
2.33384e-09	-0.00801226
2.33391e-09	-0.00797159
2.33398e-09	-0.00793095
2.33405e-09	-0.00789034
2.33412e-09	-0.00784975
2.33419e-09	-0.0078092
2.33426e-09	-0.00776867
2.33433e-09	-0.00772817
2.33441e-09	-0.0076877
2.33448e-09	-0.00764726
2.33455e-09	-0.00760685
2.33462e-09	-0.00756647
2.33469e-09	-0.00752612
2.33476e-09	-0.00748579
2.33483e-09	-0.0074455
2.3349e-09	-0.00740523
2.33497e-09	-0.00736499
2.33504e-09	-0.00732479
2.33511e-09	-0.00728461
2.33518e-09	-0.00724446
2.33525e-09	-0.00720434
2.33532e-09	-0.00716425
2.3354e-09	-0.00712419
2.33547e-09	-0.00708416
2.33554e-09	-0.00704416
2.33561e-09	-0.00700419
2.33568e-09	-0.00696425
2.33575e-09	-0.00692434
2.33582e-09	-0.00688445
2.33589e-09	-0.0068446
2.33596e-09	-0.00680478
2.33603e-09	-0.00676499
2.3361e-09	-0.00672523
2.33617e-09	-0.0066855
2.33624e-09	-0.0066458
2.33632e-09	-0.00660613
2.33639e-09	-0.00656649
2.33646e-09	-0.00652688
2.33653e-09	-0.0064873
2.3366e-09	-0.00644775
2.33667e-09	-0.00640824
2.33674e-09	-0.00636875
2.33681e-09	-0.00632929
2.33688e-09	-0.00628987
2.33695e-09	-0.00625047
2.33702e-09	-0.00621111
2.33709e-09	-0.00617178
2.33716e-09	-0.00613247
2.33723e-09	-0.0060932
2.33731e-09	-0.00605396
2.33738e-09	-0.00601475
2.33745e-09	-0.00597558
2.33752e-09	-0.00593643
2.33759e-09	-0.00589731
2.33766e-09	-0.00585823
2.33773e-09	-0.00581918
2.3378e-09	-0.00578016
2.33787e-09	-0.00574117
2.33794e-09	-0.00570221
2.33801e-09	-0.00566328
2.33808e-09	-0.00562439
2.33815e-09	-0.00558552
2.33822e-09	-0.00554669
2.3383e-09	-0.00550789
2.33837e-09	-0.00546912
2.33844e-09	-0.00543039
2.33851e-09	-0.00539168
2.33858e-09	-0.00535301
2.33865e-09	-0.00531437
2.33872e-09	-0.00527576
2.33879e-09	-0.00523719
2.33886e-09	-0.00519864
2.33893e-09	-0.00516013
2.339e-09	-0.00512165
2.33907e-09	-0.00508321
2.33914e-09	-0.00504479
2.33921e-09	-0.00500641
2.33929e-09	-0.00496806
2.33936e-09	-0.00492974
2.33943e-09	-0.00489146
2.3395e-09	-0.00485321
2.33957e-09	-0.00481499
2.33964e-09	-0.0047768
2.33971e-09	-0.00473865
2.33978e-09	-0.00470053
2.33985e-09	-0.00466244
2.33992e-09	-0.00462438
2.33999e-09	-0.00458636
2.34006e-09	-0.00454837
2.34013e-09	-0.00451042
2.34021e-09	-0.00447249
2.34028e-09	-0.0044346
2.34035e-09	-0.00439675
2.34042e-09	-0.00435892
2.34049e-09	-0.00432113
2.34056e-09	-0.00428338
2.34063e-09	-0.00424565
2.3407e-09	-0.00420796
2.34077e-09	-0.00417031
2.34084e-09	-0.00413268
2.34091e-09	-0.00409509
2.34098e-09	-0.00405754
2.34105e-09	-0.00402001
2.34112e-09	-0.00398253
2.3412e-09	-0.00394507
2.34127e-09	-0.00390765
2.34134e-09	-0.00387026
2.34141e-09	-0.00383291
2.34148e-09	-0.00379559
2.34155e-09	-0.0037583
2.34162e-09	-0.00372105
2.34169e-09	-0.00368384
2.34176e-09	-0.00364665
2.34183e-09	-0.0036095
2.3419e-09	-0.00357239
2.34197e-09	-0.00353531
2.34204e-09	-0.00349826
2.34211e-09	-0.00346125
2.34219e-09	-0.00342427
2.34226e-09	-0.00338733
2.34233e-09	-0.00335042
2.3424e-09	-0.00331354
2.34247e-09	-0.0032767
2.34254e-09	-0.0032399
2.34261e-09	-0.00320313
2.34268e-09	-0.00316639
2.34275e-09	-0.00312969
2.34282e-09	-0.00309302
2.34289e-09	-0.00305639
2.34296e-09	-0.00301979
2.34303e-09	-0.00298323
2.3431e-09	-0.0029467
2.34318e-09	-0.00291021
2.34325e-09	-0.00287375
2.34332e-09	-0.00283733
2.34339e-09	-0.00280095
2.34346e-09	-0.00276459
2.34353e-09	-0.00272828
2.3436e-09	-0.00269199
2.34367e-09	-0.00265575
2.34374e-09	-0.00261954
2.34381e-09	-0.00258336
2.34388e-09	-0.00254722
2.34395e-09	-0.00251112
2.34402e-09	-0.00247505
2.3441e-09	-0.00243901
2.34417e-09	-0.00240301
2.34424e-09	-0.00236705
2.34431e-09	-0.00233112
2.34438e-09	-0.00229523
2.34445e-09	-0.00225937
2.34452e-09	-0.00222355
2.34459e-09	-0.00218777
2.34466e-09	-0.00215202
2.34473e-09	-0.00211631
2.3448e-09	-0.00208063
2.34487e-09	-0.00204499
2.34494e-09	-0.00200938
2.34501e-09	-0.00197381
2.34509e-09	-0.00193828
2.34516e-09	-0.00190278
2.34523e-09	-0.00186732
2.3453e-09	-0.0018319
2.34537e-09	-0.00179651
2.34544e-09	-0.00176116
2.34551e-09	-0.00172584
2.34558e-09	-0.00169056
2.34565e-09	-0.00165532
2.34572e-09	-0.00162011
2.34579e-09	-0.00158494
2.34586e-09	-0.00154981
2.34593e-09	-0.00151471
2.346e-09	-0.00147965
2.34608e-09	-0.00144462
2.34615e-09	-0.00140963
2.34622e-09	-0.00137468
2.34629e-09	-0.00133977
2.34636e-09	-0.00130489
2.34643e-09	-0.00127005
2.3465e-09	-0.00123524
2.34657e-09	-0.00120047
2.34664e-09	-0.00116574
2.34671e-09	-0.00113105
2.34678e-09	-0.00109639
2.34685e-09	-0.00106177
2.34692e-09	-0.00102719
2.347e-09	-0.000992643
2.34707e-09	-0.000958134
2.34714e-09	-0.000923662
2.34721e-09	-0.000889227
2.34728e-09	-0.00085483
2.34735e-09	-0.000820469
2.34742e-09	-0.000786146
2.34749e-09	-0.00075186
2.34756e-09	-0.000717611
2.34763e-09	-0.0006834
2.3477e-09	-0.000649226
2.34777e-09	-0.000615089
2.34784e-09	-0.00058099
2.34791e-09	-0.000546928
2.34799e-09	-0.000512904
2.34806e-09	-0.000478918
2.34813e-09	-0.000444968
2.3482e-09	-0.000411057
2.34827e-09	-0.000377183
2.34834e-09	-0.000343347
2.34841e-09	-0.000309549
2.34848e-09	-0.000275788
2.34855e-09	-0.000242065
2.34862e-09	-0.00020838
2.34869e-09	-0.000174733
2.34876e-09	-0.000141123
2.34883e-09	-0.000107552
2.3489e-09	-7.4018e-05
2.34898e-09	-4.05224e-05
2.34905e-09	-7.06471e-06
2.34912e-09	2.63549e-05
2.34919e-09	5.97365e-05
2.34926e-09	9.308e-05
2.34933e-09	0.000126385
2.3494e-09	0.000159653
2.34947e-09	0.000192882
2.34954e-09	0.000226072
2.34961e-09	0.000259225
2.34968e-09	0.000292339
2.34975e-09	0.000325415
2.34982e-09	0.000358453
2.34989e-09	0.000391452
2.34997e-09	0.000424413
2.35004e-09	0.000457336
2.35011e-09	0.00049022
2.35018e-09	0.000523066
2.35025e-09	0.000555873
2.35032e-09	0.000588641
2.35039e-09	0.000621371
2.35046e-09	0.000654062
2.35053e-09	0.000686715
2.3506e-09	0.000719329
2.35067e-09	0.000751905
2.35074e-09	0.000784441
2.35081e-09	0.000816939
2.35089e-09	0.000849398
2.35096e-09	0.000881819
2.35103e-09	0.0009142
2.3511e-09	0.000946543
2.35117e-09	0.000978847
2.35124e-09	0.00101111
2.35131e-09	0.00104334
2.35138e-09	0.00107552
2.35145e-09	0.00110767
2.35152e-09	0.00113978
2.35159e-09	0.00117185
2.35166e-09	0.00120388
2.35173e-09	0.00123587
2.3518e-09	0.00126783
2.35188e-09	0.00129974
2.35195e-09	0.00133161
2.35202e-09	0.00136345
2.35209e-09	0.00139525
2.35216e-09	0.001427
2.35223e-09	0.00145872
2.3523e-09	0.0014904
2.35237e-09	0.00152204
2.35244e-09	0.00155363
2.35251e-09	0.00158519
2.35258e-09	0.00161672
2.35265e-09	0.0016482
2.35272e-09	0.00167964
2.35279e-09	0.00171104
2.35287e-09	0.0017424
2.35294e-09	0.00177373
2.35301e-09	0.00180501
2.35308e-09	0.00183625
2.35315e-09	0.00186746
2.35322e-09	0.00189862
2.35329e-09	0.00192975
2.35336e-09	0.00196083
2.35343e-09	0.00199188
2.3535e-09	0.00202288
2.35357e-09	0.00205385
2.35364e-09	0.00208477
2.35371e-09	0.00211566
2.35379e-09	0.00214651
2.35386e-09	0.00217731
2.35393e-09	0.00220808
2.354e-09	0.00223881
2.35407e-09	0.00226949
2.35414e-09	0.00230014
2.35421e-09	0.00233075
2.35428e-09	0.00236132
2.35435e-09	0.00239184
2.35442e-09	0.00242233
2.35449e-09	0.00245278
2.35456e-09	0.00248318
2.35463e-09	0.00251355
2.3547e-09	0.00254388
2.35478e-09	0.00257416
2.35485e-09	0.00260441
2.35492e-09	0.00263461
2.35499e-09	0.00266478
2.35506e-09	0.00269491
2.35513e-09	0.00272499
2.3552e-09	0.00275504
2.35527e-09	0.00278504
2.35534e-09	0.00281501
2.35541e-09	0.00284493
2.35548e-09	0.00287481
2.35555e-09	0.00290466
2.35562e-09	0.00293446
2.35569e-09	0.00296422
2.35577e-09	0.00299394
2.35584e-09	0.00302362
2.35591e-09	0.00305327
2.35598e-09	0.00308287
2.35605e-09	0.00311243
2.35612e-09	0.00314195
2.35619e-09	0.00317142
2.35626e-09	0.00320086
2.35633e-09	0.00323026
2.3564e-09	0.00325962
2.35647e-09	0.00328893
2.35654e-09	0.00331821
2.35661e-09	0.00334744
2.35668e-09	0.00337664
2.35676e-09	0.00340579
2.35683e-09	0.00343491
2.3569e-09	0.00346398
2.35697e-09	0.00349301
2.35704e-09	0.003522
2.35711e-09	0.00355095
2.35718e-09	0.00357986
2.35725e-09	0.00360873
2.35732e-09	0.00363755
2.35739e-09	0.00366634
2.35746e-09	0.00369508
2.35753e-09	0.00372379
2.3576e-09	0.00375245
2.35768e-09	0.00378107
2.35775e-09	0.00380966
2.35782e-09	0.0038382
2.35789e-09	0.0038667
2.35796e-09	0.00389515
2.35803e-09	0.00392357
2.3581e-09	0.00395195
2.35817e-09	0.00398028
2.35824e-09	0.00400858
2.35831e-09	0.00403683
2.35838e-09	0.00406504
2.35845e-09	0.00409321
2.35852e-09	0.00412134
2.35859e-09	0.00414943
2.35867e-09	0.00417748
2.35874e-09	0.00420549
2.35881e-09	0.00423345
2.35888e-09	0.00426137
2.35895e-09	0.00428926
2.35902e-09	0.0043171
2.35909e-09	0.0043449
2.35916e-09	0.00437266
2.35923e-09	0.00440037
2.3593e-09	0.00442805
2.35937e-09	0.00445568
2.35944e-09	0.00448328
2.35951e-09	0.00451083
2.35958e-09	0.00453834
2.35966e-09	0.00456581
2.35973e-09	0.00459324
2.3598e-09	0.00462062
2.35987e-09	0.00464797
2.35994e-09	0.00467527
2.36001e-09	0.00470253
2.36008e-09	0.00472975
2.36015e-09	0.00475693
2.36022e-09	0.00478407
2.36029e-09	0.00481116
2.36036e-09	0.00483822
2.36043e-09	0.00486523
2.3605e-09	0.0048922
2.36058e-09	0.00491913
2.36065e-09	0.00494602
2.36072e-09	0.00497287
2.36079e-09	0.00499967
2.36086e-09	0.00502644
2.36093e-09	0.00505316
2.361e-09	0.00507984
2.36107e-09	0.00510647
2.36114e-09	0.00513307
2.36121e-09	0.00515963
2.36128e-09	0.00518614
2.36135e-09	0.00521261
2.36142e-09	0.00523904
2.36149e-09	0.00526543
2.36157e-09	0.00529177
2.36164e-09	0.00531808
2.36171e-09	0.00534434
2.36178e-09	0.00537056
2.36185e-09	0.00539674
2.36192e-09	0.00542288
2.36199e-09	0.00544898
2.36206e-09	0.00547503
2.36213e-09	0.00550104
2.3622e-09	0.00552701
2.36227e-09	0.00555294
2.36234e-09	0.00557883
2.36241e-09	0.00560467
2.36248e-09	0.00563047
2.36256e-09	0.00565623
2.36263e-09	0.00568195
2.3627e-09	0.00570763
2.36277e-09	0.00573327
2.36284e-09	0.00575886
2.36291e-09	0.00578441
2.36298e-09	0.00580992
2.36305e-09	0.00583539
2.36312e-09	0.00586081
2.36319e-09	0.00588619
2.36326e-09	0.00591154
2.36333e-09	0.00593684
2.3634e-09	0.00596209
2.36347e-09	0.00598731
2.36355e-09	0.00601248
2.36362e-09	0.00603761
2.36369e-09	0.0060627
2.36376e-09	0.00608775
2.36383e-09	0.00611276
2.3639e-09	0.00613772
2.36397e-09	0.00616264
2.36404e-09	0.00618752
2.36411e-09	0.00621236
2.36418e-09	0.00623715
2.36425e-09	0.0062619
2.36432e-09	0.00628661
2.36439e-09	0.00631128
2.36447e-09	0.00633591
2.36454e-09	0.00636049
2.36461e-09	0.00638504
2.36468e-09	0.00640954
2.36475e-09	0.00643399
2.36482e-09	0.00645841
2.36489e-09	0.00648278
2.36496e-09	0.00650711
2.36503e-09	0.0065314
2.3651e-09	0.00655565
2.36517e-09	0.00657986
2.36524e-09	0.00660402
2.36531e-09	0.00662814
2.36538e-09	0.00665222
2.36546e-09	0.00667625
2.36553e-09	0.00670025
2.3656e-09	0.0067242
2.36567e-09	0.00674811
2.36574e-09	0.00677198
2.36581e-09	0.0067958
2.36588e-09	0.00681958
2.36595e-09	0.00684333
2.36602e-09	0.00686702
2.36609e-09	0.00689068
2.36616e-09	0.00691429
2.36623e-09	0.00693787
2.3663e-09	0.0069614
2.36637e-09	0.00698488
2.36645e-09	0.00700833
2.36652e-09	0.00703173
2.36659e-09	0.00705509
2.36666e-09	0.00707841
2.36673e-09	0.00710168
2.3668e-09	0.00712492
2.36687e-09	0.00714811
2.36694e-09	0.00717126
2.36701e-09	0.00719436
2.36708e-09	0.00721743
2.36715e-09	0.00724045
2.36722e-09	0.00726343
2.36729e-09	0.00728637
2.36736e-09	0.00730926
2.36744e-09	0.00733212
2.36751e-09	0.00735493
2.36758e-09	0.00737769
2.36765e-09	0.00740042
2.36772e-09	0.0074231
2.36779e-09	0.00744575
2.36786e-09	0.00746834
2.36793e-09	0.0074909
2.368e-09	0.00751341
2.36807e-09	0.00753589
2.36814e-09	0.00755832
2.36821e-09	0.0075807
2.36828e-09	0.00760305
2.36836e-09	0.00762535
2.36843e-09	0.00764761
2.3685e-09	0.00766983
2.36857e-09	0.007692
2.36864e-09	0.00771414
2.36871e-09	0.00773623
2.36878e-09	0.00775828
2.36885e-09	0.00778028
2.36892e-09	0.00780225
2.36899e-09	0.00782417
2.36906e-09	0.00784605
2.36913e-09	0.00786788
2.3692e-09	0.00788968
2.36927e-09	0.00791143
2.36935e-09	0.00793314
2.36942e-09	0.00795481
2.36949e-09	0.00797643
2.36956e-09	0.00799801
2.36963e-09	0.00801955
2.3697e-09	0.00804105
2.36977e-09	0.00806251
2.36984e-09	0.00808392
2.36991e-09	0.00810529
2.36998e-09	0.00812662
2.37005e-09	0.00814791
2.37012e-09	0.00816915
2.37019e-09	0.00819035
2.37026e-09	0.00821151
2.37034e-09	0.00823263
2.37041e-09	0.0082537
2.37048e-09	0.00827473
2.37055e-09	0.00829573
2.37062e-09	0.00831667
2.37069e-09	0.00833758
2.37076e-09	0.00835844
2.37083e-09	0.00837926
2.3709e-09	0.00840004
2.37097e-09	0.00842077
2.37104e-09	0.00844147
2.37111e-09	0.00846212
2.37118e-09	0.00848273
2.37126e-09	0.0085033
2.37133e-09	0.00852382
2.3714e-09	0.0085443
2.37147e-09	0.00856474
2.37154e-09	0.00858514
2.37161e-09	0.00860549
2.37168e-09	0.00862581
2.37175e-09	0.00864608
2.37182e-09	0.0086663
2.37189e-09	0.00868649
2.37196e-09	0.00870663
2.37203e-09	0.00872674
2.3721e-09	0.0087468
2.37217e-09	0.00876681
2.37225e-09	0.00878679
2.37232e-09	0.00880672
2.37239e-09	0.00882661
2.37246e-09	0.00884646
2.37253e-09	0.00886626
2.3726e-09	0.00888603
2.37267e-09	0.00890575
2.37274e-09	0.00892542
2.37281e-09	0.00894506
2.37288e-09	0.00896465
2.37295e-09	0.00898421
2.37302e-09	0.00900372
2.37309e-09	0.00902318
2.37316e-09	0.00904261
2.37324e-09	0.00906199
2.37331e-09	0.00908133
2.37338e-09	0.00910063
2.37345e-09	0.00911989
2.37352e-09	0.0091391
2.37359e-09	0.00915828
2.37366e-09	0.00917741
2.37373e-09	0.00919649
2.3738e-09	0.00921554
2.37387e-09	0.00923454
2.37394e-09	0.00925351
2.37401e-09	0.00927242
2.37408e-09	0.0092913
2.37415e-09	0.00931014
2.37423e-09	0.00932893
2.3743e-09	0.00934768
2.37437e-09	0.00936639
2.37444e-09	0.00938506
2.37451e-09	0.00940368
2.37458e-09	0.00942226
2.37465e-09	0.0094408
2.37472e-09	0.0094593
2.37479e-09	0.00947776
2.37486e-09	0.00949617
2.37493e-09	0.00951454
2.375e-09	0.00953287
2.37507e-09	0.00955116
2.37515e-09	0.00956941
2.37522e-09	0.00958761
2.37529e-09	0.00960577
2.37536e-09	0.00962389
2.37543e-09	0.00964197
2.3755e-09	0.00966001
2.37557e-09	0.009678
2.37564e-09	0.00969595
2.37571e-09	0.00971386
2.37578e-09	0.00973173
2.37585e-09	0.00974956
2.37592e-09	0.00976734
2.37599e-09	0.00978508
2.37606e-09	0.00980278
2.37614e-09	0.00982044
2.37621e-09	0.00983806
2.37628e-09	0.00985563
2.37635e-09	0.00987316
2.37642e-09	0.00989066
2.37649e-09	0.0099081
2.37656e-09	0.00992551
2.37663e-09	0.00994288
2.3767e-09	0.0099602
2.37677e-09	0.00997748
2.37684e-09	0.00999472
2.37691e-09	0.0100119
2.37698e-09	0.0100291
2.37705e-09	0.0100462
2.37713e-09	0.0100633
2.3772e-09	0.0100803
2.37727e-09	0.0100973
2.37734e-09	0.0101142
2.37741e-09	0.0101311
2.37748e-09	0.010148
2.37755e-09	0.0101648
2.37762e-09	0.0101816
2.37769e-09	0.0101983
2.37776e-09	0.010215
2.37783e-09	0.0102317
2.3779e-09	0.0102483
2.37797e-09	0.0102649
2.37805e-09	0.0102814
2.37812e-09	0.0102979
2.37819e-09	0.0103143
2.37826e-09	0.0103307
2.37833e-09	0.0103471
2.3784e-09	0.0103634
2.37847e-09	0.0103797
2.37854e-09	0.0103959
2.37861e-09	0.0104121
2.37868e-09	0.0104283
2.37875e-09	0.0104444
2.37882e-09	0.0104605
2.37889e-09	0.0104765
2.37896e-09	0.0104925
2.37904e-09	0.0105085
2.37911e-09	0.0105244
2.37918e-09	0.0105402
2.37925e-09	0.0105561
2.37932e-09	0.0105718
2.37939e-09	0.0105876
2.37946e-09	0.0106033
2.37953e-09	0.0106189
2.3796e-09	0.0106345
2.37967e-09	0.0106501
2.37974e-09	0.0106657
2.37981e-09	0.0106812
2.37988e-09	0.0106966
2.37995e-09	0.010712
2.38003e-09	0.0107274
2.3801e-09	0.0107427
2.38017e-09	0.010758
2.38024e-09	0.0107732
2.38031e-09	0.0107884
2.38038e-09	0.0108036
2.38045e-09	0.0108187
2.38052e-09	0.0108338
2.38059e-09	0.0108488
2.38066e-09	0.0108638
2.38073e-09	0.0108788
2.3808e-09	0.0108937
2.38087e-09	0.0109086
2.38094e-09	0.0109234
2.38102e-09	0.0109382
2.38109e-09	0.010953
2.38116e-09	0.0109677
2.38123e-09	0.0109823
2.3813e-09	0.010997
2.38137e-09	0.0110116
2.38144e-09	0.0110261
2.38151e-09	0.0110406
2.38158e-09	0.0110551
2.38165e-09	0.0110695
2.38172e-09	0.0110839
2.38179e-09	0.0110982
2.38186e-09	0.0111125
2.38194e-09	0.0111268
2.38201e-09	0.011141
2.38208e-09	0.0111552
2.38215e-09	0.0111693
2.38222e-09	0.0111834
2.38229e-09	0.0111975
2.38236e-09	0.0112115
2.38243e-09	0.0112254
2.3825e-09	0.0112394
2.38257e-09	0.0112533
2.38264e-09	0.0112671
2.38271e-09	0.0112809
2.38278e-09	0.0112947
2.38285e-09	0.0113084
2.38293e-09	0.0113221
2.383e-09	0.0113357
2.38307e-09	0.0113494
2.38314e-09	0.0113629
2.38321e-09	0.0113764
2.38328e-09	0.0113899
2.38335e-09	0.0114034
2.38342e-09	0.0114168
2.38349e-09	0.0114301
2.38356e-09	0.0114435
2.38363e-09	0.0114567
2.3837e-09	0.01147
2.38377e-09	0.0114832
2.38384e-09	0.0114963
2.38392e-09	0.0115095
2.38399e-09	0.0115225
2.38406e-09	0.0115356
2.38413e-09	0.0115486
2.3842e-09	0.0115615
2.38427e-09	0.0115745
2.38434e-09	0.0115873
2.38441e-09	0.0116002
2.38448e-09	0.011613
2.38455e-09	0.0116257
2.38462e-09	0.0116384
2.38469e-09	0.0116511
2.38476e-09	0.0116637
2.38484e-09	0.0116763
2.38491e-09	0.0116889
2.38498e-09	0.0117014
2.38505e-09	0.0117139
2.38512e-09	0.0117263
2.38519e-09	0.0117387
2.38526e-09	0.0117511
2.38533e-09	0.0117634
2.3854e-09	0.0117757
2.38547e-09	0.0117879
2.38554e-09	0.0118001
2.38561e-09	0.0118122
2.38568e-09	0.0118243
2.38575e-09	0.0118364
2.38583e-09	0.0118485
2.3859e-09	0.0118604
2.38597e-09	0.0118724
2.38604e-09	0.0118843
2.38611e-09	0.0118962
2.38618e-09	0.011908
2.38625e-09	0.0119198
2.38632e-09	0.0119316
2.38639e-09	0.0119433
2.38646e-09	0.011955
2.38653e-09	0.0119666
2.3866e-09	0.0119782
2.38667e-09	0.0119897
2.38674e-09	0.0120013
2.38682e-09	0.0120127
2.38689e-09	0.0120242
2.38696e-09	0.0120356
2.38703e-09	0.0120469
2.3871e-09	0.0120583
2.38717e-09	0.0120695
2.38724e-09	0.0120808
2.38731e-09	0.012092
2.38738e-09	0.0121031
2.38745e-09	0.0121142
2.38752e-09	0.0121253
2.38759e-09	0.0121364
2.38766e-09	0.0121474
2.38773e-09	0.0121583
2.38781e-09	0.0121693
2.38788e-09	0.0121801
2.38795e-09	0.012191
2.38802e-09	0.0122018
2.38809e-09	0.0122126
2.38816e-09	0.0122233
2.38823e-09	0.012234
2.3883e-09	0.0122446
2.38837e-09	0.0122552
2.38844e-09	0.0122658
2.38851e-09	0.0122763
2.38858e-09	0.0122868
2.38865e-09	0.0122973
2.38873e-09	0.0123077
2.3888e-09	0.0123181
2.38887e-09	0.0123284
2.38894e-09	0.0123387
2.38901e-09	0.0123489
2.38908e-09	0.0123592
2.38915e-09	0.0123693
2.38922e-09	0.0123795
2.38929e-09	0.0123896
2.38936e-09	0.0123996
2.38943e-09	0.0124097
2.3895e-09	0.0124196
2.38957e-09	0.0124296
2.38964e-09	0.0124395
2.38972e-09	0.0124494
2.38979e-09	0.0124592
2.38986e-09	0.012469
2.38993e-09	0.0124787
2.39e-09	0.0124885
2.39007e-09	0.0124981
2.39014e-09	0.0125078
2.39021e-09	0.0125174
2.39028e-09	0.0125269
2.39035e-09	0.0125364
2.39042e-09	0.0125459
2.39049e-09	0.0125554
2.39056e-09	0.0125648
2.39063e-09	0.0125741
2.39071e-09	0.0125835
2.39078e-09	0.0125927
2.39085e-09	0.012602
2.39092e-09	0.0126112
2.39099e-09	0.0126204
2.39106e-09	0.0126295
2.39113e-09	0.0126386
2.3912e-09	0.0126477
2.39127e-09	0.0126567
2.39134e-09	0.0126657
2.39141e-09	0.0126746
2.39148e-09	0.0126835
2.39155e-09	0.0126924
2.39162e-09	0.0127012
2.3917e-09	0.01271
2.39177e-09	0.0127188
2.39184e-09	0.0127275
2.39191e-09	0.0127362
2.39198e-09	0.0127448
2.39205e-09	0.0127534
2.39212e-09	0.012762
2.39219e-09	0.0127705
2.39226e-09	0.012779
2.39233e-09	0.0127874
2.3924e-09	0.0127958
2.39247e-09	0.0128042
2.39254e-09	0.0128125
2.39262e-09	0.0128208
2.39269e-09	0.0128291
2.39276e-09	0.0128373
2.39283e-09	0.0128455
2.3929e-09	0.0128537
2.39297e-09	0.0128618
2.39304e-09	0.0128698
2.39311e-09	0.0128779
2.39318e-09	0.0128859
2.39325e-09	0.0128938
2.39332e-09	0.0129017
2.39339e-09	0.0129096
2.39346e-09	0.0129175
2.39353e-09	0.0129253
2.39361e-09	0.0129331
2.39368e-09	0.0129408
2.39375e-09	0.0129485
2.39382e-09	0.0129561
2.39389e-09	0.0129638
2.39396e-09	0.0129714
2.39403e-09	0.0129789
2.3941e-09	0.0129864
2.39417e-09	0.0129939
2.39424e-09	0.0130013
2.39431e-09	0.0130087
2.39438e-09	0.0130161
2.39445e-09	0.0130234
2.39452e-09	0.0130307
2.3946e-09	0.0130379
2.39467e-09	0.0130452
2.39474e-09	0.0130523
2.39481e-09	0.0130595
2.39488e-09	0.0130666
2.39495e-09	0.0130736
2.39502e-09	0.0130807
2.39509e-09	0.0130877
2.39516e-09	0.0130946
2.39523e-09	0.0131015
2.3953e-09	0.0131084
2.39537e-09	0.0131153
2.39544e-09	0.0131221
2.39552e-09	0.0131288
2.39559e-09	0.0131356
2.39566e-09	0.0131423
2.39573e-09	0.0131489
2.3958e-09	0.0131556
2.39587e-09	0.0131621
2.39594e-09	0.0131687
2.39601e-09	0.0131752
2.39608e-09	0.0131817
2.39615e-09	0.0131881
2.39622e-09	0.0131945
2.39629e-09	0.0132009
2.39636e-09	0.0132072
2.39643e-09	0.0132135
2.39651e-09	0.0132198
2.39658e-09	0.013226
2.39665e-09	0.0132322
2.39672e-09	0.0132384
2.39679e-09	0.0132445
2.39686e-09	0.0132506
2.39693e-09	0.0132566
2.397e-09	0.0132626
2.39707e-09	0.0132686
2.39714e-09	0.0132745
2.39721e-09	0.0132804
2.39728e-09	0.0132863
2.39735e-09	0.0132921
2.39742e-09	0.0132979
2.3975e-09	0.0133036
2.39757e-09	0.0133094
2.39764e-09	0.013315
2.39771e-09	0.0133207
2.39778e-09	0.0133263
2.39785e-09	0.0133319
2.39792e-09	0.0133374
2.39799e-09	0.0133429
2.39806e-09	0.0133484
2.39813e-09	0.0133538
2.3982e-09	0.0133592
2.39827e-09	0.0133646
2.39834e-09	0.0133699
2.39841e-09	0.0133752
2.39849e-09	0.0133805
2.39856e-09	0.0133857
2.39863e-09	0.0133909
2.3987e-09	0.013396
2.39877e-09	0.0134011
2.39884e-09	0.0134062
2.39891e-09	0.0134112
2.39898e-09	0.0134163
2.39905e-09	0.0134212
2.39912e-09	0.0134262
2.39919e-09	0.0134311
2.39926e-09	0.0134359
2.39933e-09	0.0134408
2.39941e-09	0.0134456
2.39948e-09	0.0134503
2.39955e-09	0.0134551
2.39962e-09	0.0134597
2.39969e-09	0.0134644
2.39976e-09	0.013469
2.39983e-09	0.0134736
2.3999e-09	0.0134782
2.39997e-09	0.0134827
2.40004e-09	0.0134872
2.40011e-09	0.0134916
2.40018e-09	0.013496
2.40025e-09	0.0135004
2.40032e-09	0.0135047
2.4004e-09	0.013509
2.40047e-09	0.0135133
2.40054e-09	0.0135176
2.40061e-09	0.0135218
2.40068e-09	0.0135259
2.40075e-09	0.0135301
2.40082e-09	0.0135342
2.40089e-09	0.0135382
2.40096e-09	0.0135423
2.40103e-09	0.0135463
2.4011e-09	0.0135502
2.40117e-09	0.0135542
2.40124e-09	0.0135581
2.40131e-09	0.0135619
2.40139e-09	0.0135657
2.40146e-09	0.0135695
2.40153e-09	0.0135733
2.4016e-09	0.013577
2.40167e-09	0.0135807
2.40174e-09	0.0135844
2.40181e-09	0.013588
2.40188e-09	0.0135916
2.40195e-09	0.0135951
2.40202e-09	0.0135987
2.40209e-09	0.0136021
2.40216e-09	0.0136056
2.40223e-09	0.013609
2.40231e-09	0.0136124
2.40238e-09	0.0136157
2.40245e-09	0.0136191
2.40252e-09	0.0136223
2.40259e-09	0.0136256
2.40266e-09	0.0136288
2.40273e-09	0.013632
2.4028e-09	0.0136351
2.40287e-09	0.0136383
2.40294e-09	0.0136413
2.40301e-09	0.0136444
2.40308e-09	0.0136474
2.40315e-09	0.0136504
2.40322e-09	0.0136533
2.4033e-09	0.0136562
2.40337e-09	0.0136591
2.40344e-09	0.013662
2.40351e-09	0.0136648
2.40358e-09	0.0136676
2.40365e-09	0.0136703
2.40372e-09	0.013673
2.40379e-09	0.0136757
2.40386e-09	0.0136784
2.40393e-09	0.013681
2.404e-09	0.0136836
2.40407e-09	0.0136861
2.40414e-09	0.0136886
2.40421e-09	0.0136911
2.40429e-09	0.0136936
2.40436e-09	0.013696
2.40443e-09	0.0136984
2.4045e-09	0.0137007
2.40457e-09	0.013703
2.40464e-09	0.0137053
2.40471e-09	0.0137076
2.40478e-09	0.0137098
2.40485e-09	0.013712
2.40492e-09	0.0137142
2.40499e-09	0.0137163
2.40506e-09	0.0137184
2.40513e-09	0.0137204
2.4052e-09	0.0137225
2.40528e-09	0.0137245
2.40535e-09	0.0137264
2.40542e-09	0.0137283
2.40549e-09	0.0137302
2.40556e-09	0.0137321
2.40563e-09	0.0137339
2.4057e-09	0.0137357
2.40577e-09	0.0137375
2.40584e-09	0.0137392
2.40591e-09	0.0137409
2.40598e-09	0.0137426
2.40605e-09	0.0137443
2.40612e-09	0.0137459
2.4062e-09	0.0137474
2.40627e-09	0.013749
2.40634e-09	0.0137505
2.40641e-09	0.013752
2.40648e-09	0.0137534
2.40655e-09	0.0137548
2.40662e-09	0.0137562
2.40669e-09	0.0137576
2.40676e-09	0.0137589
2.40683e-09	0.0137602
2.4069e-09	0.0137615
2.40697e-09	0.0137627
2.40704e-09	0.0137639
2.40711e-09	0.013765
2.40719e-09	0.0137662
2.40726e-09	0.0137673
2.40733e-09	0.0137683
2.4074e-09	0.0137694
2.40747e-09	0.0137704
2.40754e-09	0.0137714
2.40761e-09	0.0137723
2.40768e-09	0.0137732
2.40775e-09	0.0137741
2.40782e-09	0.0137749
2.40789e-09	0.0137758
2.40796e-09	0.0137766
2.40803e-09	0.0137773
2.4081e-09	0.013778
2.40818e-09	0.0137787
2.40825e-09	0.0137794
2.40832e-09	0.01378
2.40839e-09	0.0137806
2.40846e-09	0.0137812
2.40853e-09	0.0137817
2.4086e-09	0.0137822
2.40867e-09	0.0137827
2.40874e-09	0.0137832
2.40881e-09	0.0137836
2.40888e-09	0.013784
2.40895e-09	0.0137843
2.40902e-09	0.0137847
2.40909e-09	0.013785
2.40917e-09	0.0137852
2.40924e-09	0.0137855
2.40931e-09	0.0137857
2.40938e-09	0.0137858
2.40945e-09	0.013786
2.40952e-09	0.0137861
2.40959e-09	0.0137862
2.40966e-09	0.0137862
2.40973e-09	0.0137862
2.4098e-09	0.0137862
2.40987e-09	0.0137862
2.40994e-09	0.0137861
2.41001e-09	0.013786
2.41009e-09	0.0137859
2.41016e-09	0.0137857
2.41023e-09	0.0137855
2.4103e-09	0.0137853
2.41037e-09	0.0137851
2.41044e-09	0.0137848
2.41051e-09	0.0137845
2.41058e-09	0.0137842
2.41065e-09	0.0137838
2.41072e-09	0.0137834
2.41079e-09	0.013783
2.41086e-09	0.0137825
2.41093e-09	0.013782
2.411e-09	0.0137815
2.41108e-09	0.013781
2.41115e-09	0.0137804
2.41122e-09	0.0137798
2.41129e-09	0.0137791
2.41136e-09	0.0137785
2.41143e-09	0.0137778
2.4115e-09	0.0137771
2.41157e-09	0.0137763
2.41164e-09	0.0137755
2.41171e-09	0.0137747
2.41178e-09	0.0137739
2.41185e-09	0.013773
2.41192e-09	0.0137721
2.41199e-09	0.0137712
2.41207e-09	0.0137702
2.41214e-09	0.0137692
2.41221e-09	0.0137682
2.41228e-09	0.0137672
2.41235e-09	0.0137661
2.41242e-09	0.013765
2.41249e-09	0.0137639
2.41256e-09	0.0137627
2.41263e-09	0.0137615
2.4127e-09	0.0137603
2.41277e-09	0.0137591
2.41284e-09	0.0137578
2.41291e-09	0.0137565
2.41299e-09	0.0137552
2.41306e-09	0.0137538
2.41313e-09	0.0137524
2.4132e-09	0.013751
2.41327e-09	0.0137496
2.41334e-09	0.0137481
2.41341e-09	0.0137466
2.41348e-09	0.0137451
2.41355e-09	0.0137435
2.41362e-09	0.0137419
2.41369e-09	0.0137403
2.41376e-09	0.0137387
2.41383e-09	0.013737
2.4139e-09	0.0137353
2.41398e-09	0.0137336
2.41405e-09	0.0137318
2.41412e-09	0.0137301
2.41419e-09	0.0137282
2.41426e-09	0.0137264
2.41433e-09	0.0137245
2.4144e-09	0.0137226
2.41447e-09	0.0137207
2.41454e-09	0.0137188
2.41461e-09	0.0137168
2.41468e-09	0.0137148
2.41475e-09	0.0137128
2.41482e-09	0.0137107
2.41489e-09	0.0137086
2.41497e-09	0.0137065
2.41504e-09	0.0137044
2.41511e-09	0.0137022
2.41518e-09	0.0137
2.41525e-09	0.0136978
2.41532e-09	0.0136955
2.41539e-09	0.0136933
2.41546e-09	0.0136909
2.41553e-09	0.0136886
2.4156e-09	0.0136863
2.41567e-09	0.0136839
2.41574e-09	0.0136815
2.41581e-09	0.013679
2.41588e-09	0.0136765
2.41596e-09	0.0136741
2.41603e-09	0.0136715
2.4161e-09	0.013669
2.41617e-09	0.0136664
2.41624e-09	0.0136638
2.41631e-09	0.0136612
2.41638e-09	0.0136585
2.41645e-09	0.0136558
2.41652e-09	0.0136531
2.41659e-09	0.0136504
2.41666e-09	0.0136476
2.41673e-09	0.0136448
2.4168e-09	0.013642
2.41688e-09	0.0136392
2.41695e-09	0.0136363
2.41702e-09	0.0136334
2.41709e-09	0.0136305
2.41716e-09	0.0136275
2.41723e-09	0.0136246
2.4173e-09	0.0136216
2.41737e-09	0.0136185
2.41744e-09	0.0136155
2.41751e-09	0.0136124
2.41758e-09	0.0136093
2.41765e-09	0.0136062
2.41772e-09	0.013603
2.41779e-09	0.0135998
2.41787e-09	0.0135966
2.41794e-09	0.0135934
2.41801e-09	0.0135901
2.41808e-09	0.0135868
2.41815e-09	0.0135835
2.41822e-09	0.0135802
2.41829e-09	0.0135768
2.41836e-09	0.0135734
2.41843e-09	0.01357
2.4185e-09	0.0135666
2.41857e-09	0.0135631
2.41864e-09	0.0135596
2.41871e-09	0.0135561
2.41878e-09	0.0135526
2.41886e-09	0.013549
2.41893e-09	0.0135454
2.419e-09	0.0135418
2.41907e-09	0.0135381
2.41914e-09	0.0135345
2.41921e-09	0.0135308
2.41928e-09	0.0135271
2.41935e-09	0.0135233
2.41942e-09	0.0135196
2.41949e-09	0.0135158
2.41956e-09	0.0135119
2.41963e-09	0.0135081
2.4197e-09	0.0135042
2.41978e-09	0.0135003
2.41985e-09	0.0134964
2.41992e-09	0.0134925
2.41999e-09	0.0134885
2.42006e-09	0.0134845
2.42013e-09	0.0134805
2.4202e-09	0.0134764
2.42027e-09	0.0134724
2.42034e-09	0.0134683
2.42041e-09	0.0134642
2.42048e-09	0.01346
2.42055e-09	0.0134559
2.42062e-09	0.0134517
2.42069e-09	0.0134474
2.42077e-09	0.0134432
2.42084e-09	0.0134389
2.42091e-09	0.0134347
2.42098e-09	0.0134303
2.42105e-09	0.013426
2.42112e-09	0.0134216
2.42119e-09	0.0134173
2.42126e-09	0.0134128
2.42133e-09	0.0134084
2.4214e-09	0.013404
2.42147e-09	0.0133995
2.42154e-09	0.013395
2.42161e-09	0.0133904
2.42168e-09	0.0133859
2.42176e-09	0.0133813
2.42183e-09	0.0133767
2.4219e-09	0.0133721
2.42197e-09	0.0133674
2.42204e-09	0.0133628
2.42211e-09	0.0133581
2.42218e-09	0.0133534
2.42225e-09	0.0133486
2.42232e-09	0.0133439
2.42239e-09	0.0133391
2.42246e-09	0.0133342
2.42253e-09	0.0133294
2.4226e-09	0.0133246
2.42267e-09	0.0133197
2.42275e-09	0.0133148
2.42282e-09	0.0133098
2.42289e-09	0.0133049
2.42296e-09	0.0132999
2.42303e-09	0.0132949
2.4231e-09	0.0132899
2.42317e-09	0.0132848
2.42324e-09	0.0132798
2.42331e-09	0.0132747
2.42338e-09	0.0132696
2.42345e-09	0.0132644
2.42352e-09	0.0132593
2.42359e-09	0.0132541
2.42367e-09	0.0132489
2.42374e-09	0.0132437
2.42381e-09	0.0132384
2.42388e-09	0.0132331
2.42395e-09	0.0132278
2.42402e-09	0.0132225
2.42409e-09	0.0132172
2.42416e-09	0.0132118
2.42423e-09	0.0132064
2.4243e-09	0.013201
2.42437e-09	0.0131956
2.42444e-09	0.0131901
2.42451e-09	0.0131847
2.42458e-09	0.0131792
2.42466e-09	0.0131737
2.42473e-09	0.0131681
2.4248e-09	0.0131625
2.42487e-09	0.013157
2.42494e-09	0.0131514
2.42501e-09	0.0131457
2.42508e-09	0.0131401
2.42515e-09	0.0131344
2.42522e-09	0.0131287
2.42529e-09	0.013123
2.42536e-09	0.0131172
2.42543e-09	0.0131115
2.4255e-09	0.0131057
2.42557e-09	0.0130999
2.42565e-09	0.0130941
2.42572e-09	0.0130882
2.42579e-09	0.0130824
2.42586e-09	0.0130765
2.42593e-09	0.0130705
2.426e-09	0.0130646
2.42607e-09	0.0130587
2.42614e-09	0.0130527
2.42621e-09	0.0130467
2.42628e-09	0.0130407
2.42635e-09	0.0130346
2.42642e-09	0.0130286
2.42649e-09	0.0130225
2.42657e-09	0.0130164
2.42664e-09	0.0130102
2.42671e-09	0.0130041
2.42678e-09	0.0129979
2.42685e-09	0.0129917
2.42692e-09	0.0129855
2.42699e-09	0.0129793
2.42706e-09	0.0129731
2.42713e-09	0.0129668
2.4272e-09	0.0129605
2.42727e-09	0.0129542
2.42734e-09	0.0129478
2.42741e-09	0.0129415
2.42748e-09	0.0129351
2.42756e-09	0.0129287
2.42763e-09	0.0129223
2.4277e-09	0.0129159
2.42777e-09	0.0129094
2.42784e-09	0.0129029
2.42791e-09	0.0128964
2.42798e-09	0.0128899
2.42805e-09	0.0128834
2.42812e-09	0.0128768
2.42819e-09	0.0128702
2.42826e-09	0.0128636
2.42833e-09	0.012857
2.4284e-09	0.0128504
2.42847e-09	0.0128437
2.42855e-09	0.012837
2.42862e-09	0.0128303
2.42869e-09	0.0128236
2.42876e-09	0.0128169
2.42883e-09	0.0128101
2.4289e-09	0.0128033
2.42897e-09	0.0127965
2.42904e-09	0.0127897
2.42911e-09	0.0127829
2.42918e-09	0.012776
2.42925e-09	0.0127691
2.42932e-09	0.0127622
2.42939e-09	0.0127553
2.42946e-09	0.0127484
2.42954e-09	0.0127414
2.42961e-09	0.0127344
2.42968e-09	0.0127274
2.42975e-09	0.0127204
2.42982e-09	0.0127134
2.42989e-09	0.0127063
2.42996e-09	0.0126992
2.43003e-09	0.0126922
2.4301e-09	0.012685
2.43017e-09	0.0126779
2.43024e-09	0.0126708
2.43031e-09	0.0126636
2.43038e-09	0.0126564
2.43046e-09	0.0126492
2.43053e-09	0.012642
2.4306e-09	0.0126347
2.43067e-09	0.0126275
2.43074e-09	0.0126202
2.43081e-09	0.0126129
2.43088e-09	0.0126056
2.43095e-09	0.0125982
2.43102e-09	0.0125909
2.43109e-09	0.0125835
2.43116e-09	0.0125761
2.43123e-09	0.0125687
2.4313e-09	0.0125612
2.43137e-09	0.0125538
2.43145e-09	0.0125463
2.43152e-09	0.0125388
2.43159e-09	0.0125313
2.43166e-09	0.0125238
2.43173e-09	0.0125163
2.4318e-09	0.0125087
2.43187e-09	0.0125011
2.43194e-09	0.0124935
2.43201e-09	0.0124859
2.43208e-09	0.0124783
2.43215e-09	0.0124706
2.43222e-09	0.012463
2.43229e-09	0.0124553
2.43236e-09	0.0124476
2.43244e-09	0.0124398
2.43251e-09	0.0124321
2.43258e-09	0.0124243
2.43265e-09	0.0124166
2.43272e-09	0.0124088
2.43279e-09	0.012401
2.43286e-09	0.0123931
2.43293e-09	0.0123853
2.433e-09	0.0123774
2.43307e-09	0.0123695
2.43314e-09	0.0123616
2.43321e-09	0.0123537
2.43328e-09	0.0123458
2.43335e-09	0.0123378
2.43343e-09	0.0123299
2.4335e-09	0.0123219
2.43357e-09	0.0123139
2.43364e-09	0.0123058
2.43371e-09	0.0122978
2.43378e-09	0.0122898
2.43385e-09	0.0122817
2.43392e-09	0.0122736
2.43399e-09	0.0122655
2.43406e-09	0.0122574
2.43413e-09	0.0122492
2.4342e-09	0.0122411
2.43427e-09	0.0122329
2.43435e-09	0.0122247
2.43442e-09	0.0122165
2.43449e-09	0.0122083
2.43456e-09	0.0122
2.43463e-09	0.0121918
2.4347e-09	0.0121835
2.43477e-09	0.0121752
2.43484e-09	0.0121669
2.43491e-09	0.0121586
2.43498e-09	0.0121502
2.43505e-09	0.0121419
2.43512e-09	0.0121335
2.43519e-09	0.0121251
2.43526e-09	0.0121167
2.43534e-09	0.0121083
2.43541e-09	0.0120998
2.43548e-09	0.0120914
2.43555e-09	0.0120829
2.43562e-09	0.0120744
2.43569e-09	0.0120659
2.43576e-09	0.0120574
2.43583e-09	0.0120489
2.4359e-09	0.0120403
2.43597e-09	0.0120317
2.43604e-09	0.0120232
2.43611e-09	0.0120146
2.43618e-09	0.0120059
2.43625e-09	0.0119973
2.43633e-09	0.0119887
2.4364e-09	0.01198
2.43647e-09	0.0119713
2.43654e-09	0.0119626
2.43661e-09	0.0119539
2.43668e-09	0.0119452
2.43675e-09	0.0119365
2.43682e-09	0.0119277
2.43689e-09	0.0119189
2.43696e-09	0.0119101
2.43703e-09	0.0119013
2.4371e-09	0.0118925
2.43717e-09	0.0118837
2.43725e-09	0.0118748
2.43732e-09	0.011866
2.43739e-09	0.0118571
2.43746e-09	0.0118482
2.43753e-09	0.0118393
2.4376e-09	0.0118304
2.43767e-09	0.0118214
2.43774e-09	0.0118125
2.43781e-09	0.0118035
2.43788e-09	0.0117945
2.43795e-09	0.0117855
2.43802e-09	0.0117765
2.43809e-09	0.0117675
2.43816e-09	0.0117584
2.43824e-09	0.0117494
2.43831e-09	0.0117403
2.43838e-09	0.0117312
2.43845e-09	0.0117221
2.43852e-09	0.011713
2.43859e-09	0.0117039
2.43866e-09	0.0116947
2.43873e-09	0.0116856
2.4388e-09	0.0116764
2.43887e-09	0.0116672
2.43894e-09	0.011658
2.43901e-09	0.0116488
2.43908e-09	0.0116396
2.43915e-09	0.0116303
2.43923e-09	0.0116211
2.4393e-09	0.0116118
2.43937e-09	0.0116025
2.43944e-09	0.0115932
2.43951e-09	0.0115839
2.43958e-09	0.0115746
2.43965e-09	0.0115652
2.43972e-09	0.0115559
2.43979e-09	0.0115465
2.43986e-09	0.0115371
2.43993e-09	0.0115277
2.44e-09	0.0115183
2.44007e-09	0.0115089
2.44014e-09	0.0114994
2.44022e-09	0.01149
2.44029e-09	0.0114805
2.44036e-09	0.011471
2.44043e-09	0.0114615
2.4405e-09	0.011452
2.44057e-09	0.0114425
2.44064e-09	0.011433
2.44071e-09	0.0114234
2.44078e-09	0.0114139
2.44085e-09	0.0114043
2.44092e-09	0.0113947
2.44099e-09	0.0113851
2.44106e-09	0.0113755
2.44114e-09	0.0113658
2.44121e-09	0.0113562
2.44128e-09	0.0113466
2.44135e-09	0.0113369
2.44142e-09	0.0113272
2.44149e-09	0.0113175
2.44156e-09	0.0113078
2.44163e-09	0.0112981
2.4417e-09	0.0112884
2.44177e-09	0.0112786
2.44184e-09	0.0112689
2.44191e-09	0.0112591
2.44198e-09	0.0112493
2.44205e-09	0.0112395
2.44213e-09	0.0112297
2.4422e-09	0.0112199
2.44227e-09	0.0112101
2.44234e-09	0.0112002
2.44241e-09	0.0111904
2.44248e-09	0.0111805
2.44255e-09	0.0111706
2.44262e-09	0.0111607
2.44269e-09	0.0111508
2.44276e-09	0.0111409
2.44283e-09	0.011131
2.4429e-09	0.011121
2.44297e-09	0.0111111
2.44304e-09	0.0111011
2.44312e-09	0.0110911
2.44319e-09	0.0110811
2.44326e-09	0.0110711
2.44333e-09	0.0110611
2.4434e-09	0.0110511
2.44347e-09	0.011041
2.44354e-09	0.011031
2.44361e-09	0.0110209
2.44368e-09	0.0110108
2.44375e-09	0.0110008
2.44382e-09	0.0109907
2.44389e-09	0.0109806
2.44396e-09	0.0109704
2.44404e-09	0.0109603
2.44411e-09	0.0109502
2.44418e-09	0.01094
2.44425e-09	0.0109298
2.44432e-09	0.0109197
2.44439e-09	0.0109095
2.44446e-09	0.0108993
2.44453e-09	0.010889
2.4446e-09	0.0108788
2.44467e-09	0.0108686
2.44474e-09	0.0108583
2.44481e-09	0.0108481
2.44488e-09	0.0108378
2.44495e-09	0.0108275
2.44503e-09	0.0108172
2.4451e-09	0.0108069
2.44517e-09	0.0107966
2.44524e-09	0.0107863
2.44531e-09	0.010776
2.44538e-09	0.0107656
2.44545e-09	0.0107553
2.44552e-09	0.0107449
2.44559e-09	0.0107345
2.44566e-09	0.0107241
2.44573e-09	0.0107137
2.4458e-09	0.0107033
2.44587e-09	0.0106929
2.44594e-09	0.0106825
2.44602e-09	0.010672
2.44609e-09	0.0106616
2.44616e-09	0.0106511
2.44623e-09	0.0106406
2.4463e-09	0.0106301
2.44637e-09	0.0106197
2.44644e-09	0.0106091
2.44651e-09	0.0105986
2.44658e-09	0.0105881
2.44665e-09	0.0105776
2.44672e-09	0.010567
2.44679e-09	0.0105565
2.44686e-09	0.0105459
2.44693e-09	0.0105353
2.44701e-09	0.0105247
2.44708e-09	0.0105141
2.44715e-09	0.0105035
2.44722e-09	0.0104929
2.44729e-09	0.0104823
2.44736e-09	0.0104717
2.44743e-09	0.010461
2.4475e-09	0.0104504
2.44757e-09	0.0104397
2.44764e-09	0.010429
2.44771e-09	0.0104183
2.44778e-09	0.0104076
2.44785e-09	0.0103969
2.44793e-09	0.0103862
2.448e-09	0.0103755
2.44807e-09	0.0103648
2.44814e-09	0.010354
2.44821e-09	0.0103433
2.44828e-09	0.0103325
2.44835e-09	0.0103217
2.44842e-09	0.010311
2.44849e-09	0.0103002
2.44856e-09	0.0102894
2.44863e-09	0.0102786
2.4487e-09	0.0102678
2.44877e-09	0.0102569
2.44884e-09	0.0102461
2.44892e-09	0.0102352
2.44899e-09	0.0102244
2.44906e-09	0.0102135
2.44913e-09	0.0102027
2.4492e-09	0.0101918
2.44927e-09	0.0101809
2.44934e-09	0.01017
2.44941e-09	0.0101591
2.44948e-09	0.0101482
2.44955e-09	0.0101373
2.44962e-09	0.0101263
2.44969e-09	0.0101154
2.44976e-09	0.0101044
2.44983e-09	0.0100935
2.44991e-09	0.0100825
2.44998e-09	0.0100715
2.45005e-09	0.0100605
2.45012e-09	0.0100496
2.45019e-09	0.0100386
2.45026e-09	0.0100275
2.45033e-09	0.0100165
2.4504e-09	0.0100055
2.45047e-09	0.00999446
2.45054e-09	0.00998342
2.45061e-09	0.00997237
2.45068e-09	0.00996131
2.45075e-09	0.00995024
2.45083e-09	0.00993917
2.4509e-09	0.00992809
2.45097e-09	0.009917
2.45104e-09	0.0099059
2.45111e-09	0.00989479
2.45118e-09	0.00988367
2.45125e-09	0.00987255
2.45132e-09	0.00986142
2.45139e-09	0.00985028
2.45146e-09	0.00983914
2.45153e-09	0.00982798
2.4516e-09	0.00981682
2.45167e-09	0.00980565
2.45174e-09	0.00979447
2.45182e-09	0.00978329
2.45189e-09	0.0097721
2.45196e-09	0.0097609
2.45203e-09	0.00974969
2.4521e-09	0.00973847
2.45217e-09	0.00972725
2.45224e-09	0.00971602
2.45231e-09	0.00970479
2.45238e-09	0.00969354
2.45245e-09	0.00968229
2.45252e-09	0.00967103
2.45259e-09	0.00965976
2.45266e-09	0.00964849
2.45273e-09	0.00963721
2.45281e-09	0.00962592
2.45288e-09	0.00961463
2.45295e-09	0.00960333
2.45302e-09	0.00959202
2.45309e-09	0.0095807
2.45316e-09	0.00956938
2.45323e-09	0.00955805
2.4533e-09	0.00954671
2.45337e-09	0.00953537
2.45344e-09	0.00952402
2.45351e-09	0.00951266
2.45358e-09	0.0095013
2.45365e-09	0.00948993
2.45372e-09	0.00947855
2.4538e-09	0.00946716
2.45387e-09	0.00945577
2.45394e-09	0.00944438
2.45401e-09	0.00943297
2.45408e-09	0.00942156
2.45415e-09	0.00941015
2.45422e-09	0.00939872
2.45429e-09	0.00938729
2.45436e-09	0.00937586
2.45443e-09	0.00936442
2.4545e-09	0.00935297
2.45457e-09	0.00934151
2.45464e-09	0.00933005
2.45472e-09	0.00931859
2.45479e-09	0.00930711
2.45486e-09	0.00929563
2.45493e-09	0.00928415
2.455e-09	0.00927266
2.45507e-09	0.00926116
2.45514e-09	0.00924965
2.45521e-09	0.00923814
2.45528e-09	0.00922663
2.45535e-09	0.00921511
2.45542e-09	0.00920358
2.45549e-09	0.00919205
2.45556e-09	0.00918051
2.45563e-09	0.00916896
2.45571e-09	0.00915741
2.45578e-09	0.00914586
2.45585e-09	0.0091343
2.45592e-09	0.00912273
2.45599e-09	0.00911115
2.45606e-09	0.00909958
2.45613e-09	0.00908799
2.4562e-09	0.0090764
2.45627e-09	0.00906481
2.45634e-09	0.00905321
2.45641e-09	0.0090416
2.45648e-09	0.00902999
2.45655e-09	0.00901837
2.45662e-09	0.00900675
2.4567e-09	0.00899512
2.45677e-09	0.00898349
2.45684e-09	0.00897185
2.45691e-09	0.00896021
2.45698e-09	0.00894856
2.45705e-09	0.00893691
2.45712e-09	0.00892525
2.45719e-09	0.00891359
2.45726e-09	0.00890192
2.45733e-09	0.00889025
2.4574e-09	0.00887857
2.45747e-09	0.00886689
2.45754e-09	0.0088552
2.45761e-09	0.00884351
2.45769e-09	0.00883181
2.45776e-09	0.00882011
2.45783e-09	0.0088084
2.4579e-09	0.00879669
2.45797e-09	0.00878497
2.45804e-09	0.00877325
2.45811e-09	0.00876152
2.45818e-09	0.00874979
2.45825e-09	0.00873806
2.45832e-09	0.00872632
2.45839e-09	0.00871458
2.45846e-09	0.00870283
2.45853e-09	0.00869108
2.45861e-09	0.00867932
2.45868e-09	0.00866756
2.45875e-09	0.00865579
2.45882e-09	0.00864402
2.45889e-09	0.00863225
2.45896e-09	0.00862047
2.45903e-09	0.00860869
2.4591e-09	0.0085969
2.45917e-09	0.00858511
2.45924e-09	0.00857331
2.45931e-09	0.00856151
2.45938e-09	0.00854971
2.45945e-09	0.0085379
2.45952e-09	0.00852609
2.4596e-09	0.00851428
2.45967e-09	0.00850246
2.45974e-09	0.00849064
2.45981e-09	0.00847881
2.45988e-09	0.00846698
2.45995e-09	0.00845515
2.46002e-09	0.00844331
2.46009e-09	0.00843147
2.46016e-09	0.00841962
2.46023e-09	0.00840777
2.4603e-09	0.00839592
2.46037e-09	0.00838406
2.46044e-09	0.0083722
2.46051e-09	0.00836034
2.46059e-09	0.00834847
2.46066e-09	0.0083366
2.46073e-09	0.00832473
2.4608e-09	0.00831285
2.46087e-09	0.00830097
2.46094e-09	0.00828909
2.46101e-09	0.0082772
2.46108e-09	0.00826531
2.46115e-09	0.00825342
2.46122e-09	0.00824152
2.46129e-09	0.00822962
2.46136e-09	0.00821772
2.46143e-09	0.00820581
2.46151e-09	0.0081939
2.46158e-09	0.00818199
2.46165e-09	0.00817007
2.46172e-09	0.00815815
2.46179e-09	0.00814623
2.46186e-09	0.00813431
2.46193e-09	0.00812238
2.462e-09	0.00811045
2.46207e-09	0.00809852
2.46214e-09	0.00808658
2.46221e-09	0.00807465
2.46228e-09	0.0080627
2.46235e-09	0.00805076
2.46242e-09	0.00803881
2.4625e-09	0.00802686
2.46257e-09	0.00801491
2.46264e-09	0.00800296
2.46271e-09	0.007991
2.46278e-09	0.00797904
2.46285e-09	0.00796708
2.46292e-09	0.00795512
2.46299e-09	0.00794315
2.46306e-09	0.00793118
2.46313e-09	0.00791921
2.4632e-09	0.00790723
2.46327e-09	0.00789526
2.46334e-09	0.00788328
2.46341e-09	0.0078713
2.46349e-09	0.00785931
2.46356e-09	0.00784733
2.46363e-09	0.00783534
2.4637e-09	0.00782335
2.46377e-09	0.00781136
2.46384e-09	0.00779937
2.46391e-09	0.00778737
2.46398e-09	0.00777537
2.46405e-09	0.00776337
2.46412e-09	0.00775137
2.46419e-09	0.00773937
2.46426e-09	0.00772736
2.46433e-09	0.00771535
2.4644e-09	0.00770334
2.46448e-09	0.00769133
2.46455e-09	0.00767932
2.46462e-09	0.00766731
2.46469e-09	0.00765529
2.46476e-09	0.00764327
2.46483e-09	0.00763125
2.4649e-09	0.00761923
2.46497e-09	0.00760721
2.46504e-09	0.00759518
2.46511e-09	0.00758316
2.46518e-09	0.00757113
2.46525e-09	0.0075591
2.46532e-09	0.00754707
2.4654e-09	0.00753504
2.46547e-09	0.007523
2.46554e-09	0.00751097
2.46561e-09	0.00749893
2.46568e-09	0.0074869
2.46575e-09	0.00747486
2.46582e-09	0.00746282
2.46589e-09	0.00745078
2.46596e-09	0.00743873
2.46603e-09	0.00742669
2.4661e-09	0.00741465
2.46617e-09	0.0074026
2.46624e-09	0.00739055
2.46631e-09	0.00737851
2.46639e-09	0.00736646
2.46646e-09	0.00735441
2.46653e-09	0.00734236
2.4666e-09	0.0073303
2.46667e-09	0.00731825
2.46674e-09	0.0073062
2.46681e-09	0.00729414
2.46688e-09	0.00728209
2.46695e-09	0.00727003
2.46702e-09	0.00725798
2.46709e-09	0.00724592
2.46716e-09	0.00723386
2.46723e-09	0.0072218
2.4673e-09	0.00720974
2.46738e-09	0.00719768
2.46745e-09	0.00718562
2.46752e-09	0.00717356
2.46759e-09	0.0071615
2.46766e-09	0.00714944
2.46773e-09	0.00713737
2.4678e-09	0.00712531
2.46787e-09	0.00711325
2.46794e-09	0.00710118
2.46801e-09	0.00708912
2.46808e-09	0.00707705
2.46815e-09	0.00706499
2.46822e-09	0.00705292
2.4683e-09	0.00704086
2.46837e-09	0.00702879
2.46844e-09	0.00701673
2.46851e-09	0.00700466
2.46858e-09	0.00699259
2.46865e-09	0.00698053
2.46872e-09	0.00696846
2.46879e-09	0.0069564
2.46886e-09	0.00694433
2.46893e-09	0.00693226
2.469e-09	0.0069202
2.46907e-09	0.00690813
2.46914e-09	0.00689606
2.46921e-09	0.006884
2.46929e-09	0.00687193
2.46936e-09	0.00685987
2.46943e-09	0.0068478
2.4695e-09	0.00683573
2.46957e-09	0.00682367
2.46964e-09	0.0068116
2.46971e-09	0.00679954
2.46978e-09	0.00678747
2.46985e-09	0.00677541
2.46992e-09	0.00676335
2.46999e-09	0.00675128
2.47006e-09	0.00673922
2.47013e-09	0.00672716
2.4702e-09	0.0067151
2.47028e-09	0.00670304
2.47035e-09	0.00669097
2.47042e-09	0.00667891
2.47049e-09	0.00666686
2.47056e-09	0.0066548
2.47063e-09	0.00664274
2.4707e-09	0.00663068
2.47077e-09	0.00661862
2.47084e-09	0.00660657
2.47091e-09	0.00659451
2.47098e-09	0.00658246
2.47105e-09	0.0065704
2.47112e-09	0.00655835
2.47119e-09	0.0065463
2.47127e-09	0.00653425
2.47134e-09	0.0065222
2.47141e-09	0.00651015
2.47148e-09	0.0064981
2.47155e-09	0.00648605
2.47162e-09	0.00647401
2.47169e-09	0.00646196
2.47176e-09	0.00644992
2.47183e-09	0.00643787
2.4719e-09	0.00642583
2.47197e-09	0.00641379
2.47204e-09	0.00640175
2.47211e-09	0.00638971
2.47219e-09	0.00637768
2.47226e-09	0.00636564
2.47233e-09	0.00635361
2.4724e-09	0.00634157
2.47247e-09	0.00632954
2.47254e-09	0.00631751
2.47261e-09	0.00630548
2.47268e-09	0.00629345
2.47275e-09	0.00628143
2.47282e-09	0.0062694
2.47289e-09	0.00625738
2.47296e-09	0.00624536
2.47303e-09	0.00623334
2.4731e-09	0.00622132
2.47318e-09	0.0062093
2.47325e-09	0.00619728
2.47332e-09	0.00618527
2.47339e-09	0.00617326
2.47346e-09	0.00616125
2.47353e-09	0.00614924
2.4736e-09	0.00613723
2.47367e-09	0.00612523
2.47374e-09	0.00611322
2.47381e-09	0.00610122
2.47388e-09	0.00608922
2.47395e-09	0.00607722
2.47402e-09	0.00606523
2.47409e-09	0.00605323
2.47417e-09	0.00604124
2.47424e-09	0.00602925
2.47431e-09	0.00601726
2.47438e-09	0.00600528
2.47445e-09	0.00599329
2.47452e-09	0.00598131
2.47459e-09	0.00596933
2.47466e-09	0.00595735
2.47473e-09	0.00594538
2.4748e-09	0.0059334
2.47487e-09	0.00592143
2.47494e-09	0.00590946
2.47501e-09	0.0058975
2.47509e-09	0.00588553
2.47516e-09	0.00587357
2.47523e-09	0.00586161
2.4753e-09	0.00584965
2.47537e-09	0.0058377
2.47544e-09	0.00582574
2.47551e-09	0.00581379
2.47558e-09	0.00580185
2.47565e-09	0.0057899
2.47572e-09	0.00577796
2.47579e-09	0.00576602
2.47586e-09	0.00575408
2.47593e-09	0.00574214
2.476e-09	0.00573021
2.47608e-09	0.00571828
2.47615e-09	0.00570635
2.47622e-09	0.00569443
2.47629e-09	0.00568251
2.47636e-09	0.00567059
2.47643e-09	0.00565867
2.4765e-09	0.00564676
2.47657e-09	0.00563484
2.47664e-09	0.00562294
2.47671e-09	0.00561103
2.47678e-09	0.00559913
2.47685e-09	0.00558723
2.47692e-09	0.00557533
2.47699e-09	0.00556344
2.47707e-09	0.00555155
2.47714e-09	0.00553966
2.47721e-09	0.00552777
2.47728e-09	0.00551589
2.47735e-09	0.00550401
2.47742e-09	0.00549214
2.47749e-09	0.00548026
2.47756e-09	0.00546839
2.47763e-09	0.00545653
2.4777e-09	0.00544466
2.47777e-09	0.0054328
2.47784e-09	0.00542095
2.47791e-09	0.00540909
2.47798e-09	0.00539724
2.47806e-09	0.00538539
2.47813e-09	0.00537355
2.4782e-09	0.00536171
2.47827e-09	0.00534987
2.47834e-09	0.00533804
2.47841e-09	0.00532621
2.47848e-09	0.00531438
2.47855e-09	0.00530256
2.47862e-09	0.00529074
2.47869e-09	0.00527892
2.47876e-09	0.00526711
2.47883e-09	0.0052553
2.4789e-09	0.00524349
2.47898e-09	0.00523169
2.47905e-09	0.00521989
2.47912e-09	0.00520809
2.47919e-09	0.0051963
2.47926e-09	0.00518451
2.47933e-09	0.00517273
2.4794e-09	0.00516095
2.47947e-09	0.00514917
2.47954e-09	0.0051374
2.47961e-09	0.00512563
2.47968e-09	0.00511386
2.47975e-09	0.0051021
2.47982e-09	0.00509034
2.47989e-09	0.00507859
2.47997e-09	0.00506684
2.48004e-09	0.00505509
2.48011e-09	0.00504335
2.48018e-09	0.00503161
2.48025e-09	0.00501987
2.48032e-09	0.00500814
2.48039e-09	0.00499642
2.48046e-09	0.00498469
2.48053e-09	0.00497297
2.4806e-09	0.00496126
2.48067e-09	0.00494955
2.48074e-09	0.00493784
2.48081e-09	0.00492614
2.48088e-09	0.00491444
2.48096e-09	0.00490275
2.48103e-09	0.00489106
2.4811e-09	0.00487938
2.48117e-09	0.00486769
2.48124e-09	0.00485602
2.48131e-09	0.00484435
2.48138e-09	0.00483268
2.48145e-09	0.00482101
2.48152e-09	0.00480935
2.48159e-09	0.0047977
2.48166e-09	0.00478605
2.48173e-09	0.0047744
2.4818e-09	0.00476276
2.48187e-09	0.00475112
2.48195e-09	0.00473949
2.48202e-09	0.00472786
2.48209e-09	0.00471624
2.48216e-09	0.00470462
2.48223e-09	0.004693
2.4823e-09	0.00468139
2.48237e-09	0.00466979
2.48244e-09	0.00465819
2.48251e-09	0.00464659
2.48258e-09	0.004635
2.48265e-09	0.00462341
2.48272e-09	0.00461183
2.48279e-09	0.00460025
2.48287e-09	0.00458868
2.48294e-09	0.00457711
2.48301e-09	0.00456555
2.48308e-09	0.00455399
2.48315e-09	0.00454244
2.48322e-09	0.00453089
2.48329e-09	0.00451934
2.48336e-09	0.00450781
2.48343e-09	0.00449627
2.4835e-09	0.00448474
2.48357e-09	0.00447322
2.48364e-09	0.0044617
2.48371e-09	0.00445019
2.48378e-09	0.00443868
2.48386e-09	0.00442717
2.48393e-09	0.00441567
2.484e-09	0.00440418
2.48407e-09	0.00439269
2.48414e-09	0.00438121
2.48421e-09	0.00436973
2.48428e-09	0.00435826
2.48435e-09	0.00434679
2.48442e-09	0.00433533
2.48449e-09	0.00432387
2.48456e-09	0.00431242
2.48463e-09	0.00430097
2.4847e-09	0.00428953
2.48477e-09	0.00427809
2.48485e-09	0.00426666
2.48492e-09	0.00425523
2.48499e-09	0.00424381
2.48506e-09	0.0042324
2.48513e-09	0.00422099
2.4852e-09	0.00420958
2.48527e-09	0.00419818
2.48534e-09	0.00418679
2.48541e-09	0.0041754
2.48548e-09	0.00416402
2.48555e-09	0.00415264
2.48562e-09	0.00414127
2.48569e-09	0.0041299
2.48577e-09	0.00411854
2.48584e-09	0.00410719
2.48591e-09	0.00409584
2.48598e-09	0.0040845
2.48605e-09	0.00407316
2.48612e-09	0.00406183
2.48619e-09	0.0040505
2.48626e-09	0.00403918
2.48633e-09	0.00402786
2.4864e-09	0.00401655
2.48647e-09	0.00400525
2.48654e-09	0.00399395
2.48661e-09	0.00398266
2.48668e-09	0.00397137
2.48676e-09	0.00396009
2.48683e-09	0.00394882
2.4869e-09	0.00393755
2.48697e-09	0.00392629
2.48704e-09	0.00391503
2.48711e-09	0.00390378
2.48718e-09	0.00389253
2.48725e-09	0.00388129
2.48732e-09	0.00387006
2.48739e-09	0.00385883
2.48746e-09	0.00384761
2.48753e-09	0.0038364
2.4876e-09	0.00382519
2.48767e-09	0.00381399
2.48775e-09	0.00380279
2.48782e-09	0.0037916
2.48789e-09	0.00378041
2.48796e-09	0.00376923
2.48803e-09	0.00375806
2.4881e-09	0.0037469
2.48817e-09	0.00373574
2.48824e-09	0.00372458
2.48831e-09	0.00371343
2.48838e-09	0.00370229
2.48845e-09	0.00369116
2.48852e-09	0.00368003
2.48859e-09	0.00366891
2.48866e-09	0.00365779
2.48874e-09	0.00364668
2.48881e-09	0.00363558
2.48888e-09	0.00362448
2.48895e-09	0.00361339
2.48902e-09	0.0036023
2.48909e-09	0.00359123
2.48916e-09	0.00358016
2.48923e-09	0.00356909
2.4893e-09	0.00355803
2.48937e-09	0.00354698
2.48944e-09	0.00353593
2.48951e-09	0.0035249
2.48958e-09	0.00351386
2.48966e-09	0.00350284
2.48973e-09	0.00349182
2.4898e-09	0.0034808
2.48987e-09	0.0034698
2.48994e-09	0.0034588
2.49001e-09	0.00344781
2.49008e-09	0.00343682
2.49015e-09	0.00342584
2.49022e-09	0.00341487
2.49029e-09	0.0034039
2.49036e-09	0.00339294
2.49043e-09	0.00338199
2.4905e-09	0.00337104
2.49057e-09	0.0033601
2.49065e-09	0.00334917
2.49072e-09	0.00333825
2.49079e-09	0.00332733
2.49086e-09	0.00331642
2.49093e-09	0.00330551
2.491e-09	0.00329461
2.49107e-09	0.00328372
2.49114e-09	0.00327284
2.49121e-09	0.00326196
2.49128e-09	0.00325109
2.49135e-09	0.00324022
2.49142e-09	0.00322937
2.49149e-09	0.00321852
2.49156e-09	0.00320768
2.49164e-09	0.00319684
2.49171e-09	0.00318601
2.49178e-09	0.00317519
2.49185e-09	0.00316438
2.49192e-09	0.00315357
2.49199e-09	0.00314277
2.49206e-09	0.00313198
2.49213e-09	0.00312119
2.4922e-09	0.00311041
2.49227e-09	0.00309964
2.49234e-09	0.00308887
2.49241e-09	0.00307812
2.49248e-09	0.00306737
2.49256e-09	0.00305662
2.49263e-09	0.00304589
2.4927e-09	0.00303516
2.49277e-09	0.00302444
2.49284e-09	0.00301372
2.49291e-09	0.00300302
2.49298e-09	0.00299232
2.49305e-09	0.00298163
2.49312e-09	0.00297094
2.49319e-09	0.00296027
2.49326e-09	0.0029496
2.49333e-09	0.00293893
2.4934e-09	0.00292828
2.49347e-09	0.00291763
2.49355e-09	0.00290699
2.49362e-09	0.00289636
2.49369e-09	0.00288573
2.49376e-09	0.00287512
2.49383e-09	0.0028645
2.4939e-09	0.0028539
2.49397e-09	0.00284331
2.49404e-09	0.00283272
2.49411e-09	0.00282214
2.49418e-09	0.00281157
2.49425e-09	0.002801
2.49432e-09	0.00279044
2.49439e-09	0.00277989
2.49446e-09	0.00276935
2.49454e-09	0.00275882
2.49461e-09	0.00274829
2.49468e-09	0.00273777
2.49475e-09	0.00272726
2.49482e-09	0.00271676
2.49489e-09	0.00270626
2.49496e-09	0.00269577
2.49503e-09	0.00268529
2.4951e-09	0.00267482
2.49517e-09	0.00266435
2.49524e-09	0.0026539
2.49531e-09	0.00264345
2.49538e-09	0.00263301
2.49545e-09	0.00262257
2.49553e-09	0.00261215
2.4956e-09	0.00260173
2.49567e-09	0.00259132
2.49574e-09	0.00258092
2.49581e-09	0.00257052
2.49588e-09	0.00256013
2.49595e-09	0.00254976
2.49602e-09	0.00253938
2.49609e-09	0.00252902
2.49616e-09	0.00251867
2.49623e-09	0.00250832
2.4963e-09	0.00249798
2.49637e-09	0.00248765
2.49645e-09	0.00247733
2.49652e-09	0.00246701
2.49659e-09	0.00245671
2.49666e-09	0.00244641
2.49673e-09	0.00243612
2.4968e-09	0.00242584
2.49687e-09	0.00241556
2.49694e-09	0.00240529
2.49701e-09	0.00239504
2.49708e-09	0.00238479
2.49715e-09	0.00237454
2.49722e-09	0.00236431
2.49729e-09	0.00235409
2.49736e-09	0.00234387
2.49744e-09	0.00233366
2.49751e-09	0.00232346
2.49758e-09	0.00231327
2.49765e-09	0.00230308
2.49772e-09	0.00229291
2.49779e-09	0.00228274
2.49786e-09	0.00227258
2.49793e-09	0.00226243
2.498e-09	0.00225228
2.49807e-09	0.00224215
2.49814e-09	0.00223202
2.49821e-09	0.0022219
2.49828e-09	0.0022118
2.49835e-09	0.00220169
2.49843e-09	0.0021916
2.4985e-09	0.00218152
2.49857e-09	0.00217144
2.49864e-09	0.00216137
2.49871e-09	0.00215131
2.49878e-09	0.00214126
2.49885e-09	0.00213122
2.49892e-09	0.00212119
2.49899e-09	0.00211116
2.49906e-09	0.00210114
2.49913e-09	0.00209114
2.4992e-09	0.00208114
2.49927e-09	0.00207115
2.49934e-09	0.00206116
2.49942e-09	0.00205119
2.49949e-09	0.00204122
2.49956e-09	0.00203127
2.49963e-09	0.00202132
2.4997e-09	0.00201138
2.49977e-09	0.00200145
2.49984e-09	0.00199152
2.49991e-09	0.00198161
2.49998e-09	0.0019717
2.50005e-09	0.00196181
2.50012e-09	0.00195192
2.50019e-09	0.00194204
2.50026e-09	0.00193217
2.50034e-09	0.00192231
2.50041e-09	0.00191245
2.50048e-09	0.00190261
2.50055e-09	0.00189277
2.50062e-09	0.00188295
2.50069e-09	0.00187313
2.50076e-09	0.00186332
2.50083e-09	0.00185352
2.5009e-09	0.00184373
2.50097e-09	0.00183394
2.50104e-09	0.00182417
2.50111e-09	0.0018144
2.50118e-09	0.00180465
2.50125e-09	0.0017949
2.50133e-09	0.00178516
2.5014e-09	0.00177543
2.50147e-09	0.00176571
2.50154e-09	0.001756
2.50161e-09	0.0017463
2.50168e-09	0.0017366
2.50175e-09	0.00172692
2.50182e-09	0.00171724
2.50189e-09	0.00170757
2.50196e-09	0.00169791
2.50203e-09	0.00168826
2.5021e-09	0.00167862
2.50217e-09	0.00166899
2.50224e-09	0.00165937
2.50232e-09	0.00164976
2.50239e-09	0.00164015
2.50246e-09	0.00163056
2.50253e-09	0.00162097
2.5026e-09	0.00161139
2.50267e-09	0.00160182
2.50274e-09	0.00159226
2.50281e-09	0.00158271
2.50288e-09	0.00157317
2.50295e-09	0.00156364
2.50302e-09	0.00155412
2.50309e-09	0.0015446
2.50316e-09	0.0015351
2.50324e-09	0.0015256
2.50331e-09	0.00151612
2.50338e-09	0.00150664
2.50345e-09	0.00149717
2.50352e-09	0.00148771
2.50359e-09	0.00147827
2.50366e-09	0.00146883
2.50373e-09	0.00145939
2.5038e-09	0.00144997
2.50387e-09	0.00144056
2.50394e-09	0.00143116
2.50401e-09	0.00142176
2.50408e-09	0.00141238
2.50415e-09	0.001403
2.50423e-09	0.00139364
2.5043e-09	0.00138428
2.50437e-09	0.00137493
2.50444e-09	0.00136559
2.50451e-09	0.00135626
2.50458e-09	0.00134694
2.50465e-09	0.00133763
2.50472e-09	0.00132833
2.50479e-09	0.00131904
2.50486e-09	0.00130976
2.50493e-09	0.00130049
2.505e-09	0.00129122
2.50507e-09	0.00128197
2.50514e-09	0.00127272
2.50522e-09	0.00126349
2.50529e-09	0.00125426
2.50536e-09	0.00124505
2.50543e-09	0.00123584
2.5055e-09	0.00122664
2.50557e-09	0.00121745
2.50564e-09	0.00120828
2.50571e-09	0.00119911
2.50578e-09	0.00118995
2.50585e-09	0.0011808
2.50592e-09	0.00117166
2.50599e-09	0.00116253
2.50606e-09	0.0011534
2.50613e-09	0.00114429
2.50621e-09	0.00113519
2.50628e-09	0.0011261
2.50635e-09	0.00111701
2.50642e-09	0.00110794
2.50649e-09	0.00109888
2.50656e-09	0.00108982
2.50663e-09	0.00108078
2.5067e-09	0.00107174
2.50677e-09	0.00106271
2.50684e-09	0.0010537
2.50691e-09	0.00104469
2.50698e-09	0.0010357
2.50705e-09	0.00102671
2.50713e-09	0.00101773
2.5072e-09	0.00100876
2.50727e-09	0.000999804
2.50734e-09	0.000990856
2.50741e-09	0.000981917
2.50748e-09	0.000972988
2.50755e-09	0.000964068
2.50762e-09	0.000955158
2.50769e-09	0.000946258
2.50776e-09	0.000937368
2.50783e-09	0.000928487
2.5079e-09	0.000919617
2.50797e-09	0.000910755
2.50804e-09	0.000901904
2.50812e-09	0.000893063
2.50819e-09	0.000884231
2.50826e-09	0.000875409
2.50833e-09	0.000866596
2.5084e-09	0.000857794
2.50847e-09	0.000849001
2.50854e-09	0.000840219
2.50861e-09	0.000831445
2.50868e-09	0.000822682
2.50875e-09	0.000813929
2.50882e-09	0.000805185
2.50889e-09	0.000796452
2.50896e-09	0.000787728
2.50903e-09	0.000779014
2.50911e-09	0.00077031
2.50918e-09	0.000761616
2.50925e-09	0.000752931
2.50932e-09	0.000744257
2.50939e-09	0.000735592
2.50946e-09	0.000726938
2.50953e-09	0.000718293
2.5096e-09	0.000709658
2.50967e-09	0.000701033
2.50974e-09	0.000692418
2.50981e-09	0.000683813
2.50988e-09	0.000675218
2.50995e-09	0.000666633
2.51003e-09	0.000658058
2.5101e-09	0.000649493
2.51017e-09	0.000640938
2.51024e-09	0.000632392
2.51031e-09	0.000623857
2.51038e-09	0.000615332
2.51045e-09	0.000606817
2.51052e-09	0.000598312
2.51059e-09	0.000589816
2.51066e-09	0.000581331
2.51073e-09	0.000572856
2.5108e-09	0.000564391
2.51087e-09	0.000555936
2.51094e-09	0.000547491
2.51102e-09	0.000539056
2.51109e-09	0.000530631
2.51116e-09	0.000522216
2.51123e-09	0.000513811
2.5113e-09	0.000505417
2.51137e-09	0.000497032
2.51144e-09	0.000488658
2.51151e-09	0.000480293
2.51158e-09	0.000471939
2.51165e-09	0.000463595
2.51172e-09	0.000455261
2.51179e-09	0.000446937
2.51186e-09	0.000438623
2.51193e-09	0.000430319
2.51201e-09	0.000422026
2.51208e-09	0.000413742
2.51215e-09	0.000405469
2.51222e-09	0.000397206
2.51229e-09	0.000388953
2.51236e-09	0.00038071
2.51243e-09	0.000372478
2.5125e-09	0.000364255
2.51257e-09	0.000356043
2.51264e-09	0.000347841
2.51271e-09	0.000339649
2.51278e-09	0.000331467
2.51285e-09	0.000323296
2.51292e-09	0.000315135
2.513e-09	0.000306984
2.51307e-09	0.000298843
2.51314e-09	0.000290713
2.51321e-09	0.000282592
2.51328e-09	0.000274482
2.51335e-09	0.000266383
2.51342e-09	0.000258293
2.51349e-09	0.000250214
2.51356e-09	0.000242145
2.51363e-09	0.000234086
2.5137e-09	0.000226038
2.51377e-09	0.000217999
2.51384e-09	0.000209972
2.51392e-09	0.000201954
2.51399e-09	0.000193947
2.51406e-09	0.00018595
2.51413e-09	0.000177963
2.5142e-09	0.000169987
2.51427e-09	0.00016202
2.51434e-09	0.000154065
2.51441e-09	0.000146119
2.51448e-09	0.000138184
2.51455e-09	0.000130259
2.51462e-09	0.000122345
2.51469e-09	0.000114441
2.51476e-09	0.000106547
2.51483e-09	9.86638e-05
2.51491e-09	9.07907e-05
2.51498e-09	8.29281e-05
2.51505e-09	7.50758e-05
2.51512e-09	6.72339e-05
2.51519e-09	5.94023e-05
2.51526e-09	5.15812e-05
2.51533e-09	4.37704e-05
2.5154e-09	3.597e-05
2.51547e-09	2.81801e-05
2.51554e-09	2.04005e-05
2.51561e-09	1.26313e-05
2.51568e-09	4.87251e-06
2.51575e-09	-2.87585e-06
2.51582e-09	-1.06138e-05
2.5159e-09	-1.83413e-05
2.51597e-09	-2.60584e-05
2.51604e-09	-3.37651e-05
2.51611e-09	-4.14613e-05
2.51618e-09	-4.91471e-05
2.51625e-09	-5.68225e-05
2.51632e-09	-6.44874e-05
2.51639e-09	-7.21418e-05
2.51646e-09	-7.97858e-05
2.51653e-09	-8.74194e-05
2.5166e-09	-9.50425e-05
2.51667e-09	-0.000102655
2.51674e-09	-0.000110257
2.51682e-09	-0.000117849
2.51689e-09	-0.00012543
2.51696e-09	-0.000133001
2.51703e-09	-0.000140561
2.5171e-09	-0.000148111
2.51717e-09	-0.00015565
2.51724e-09	-0.000163179
2.51731e-09	-0.000170697
2.51738e-09	-0.000178205
2.51745e-09	-0.000185702
2.51752e-09	-0.000193189
2.51759e-09	-0.000200665
2.51766e-09	-0.000208131
2.51773e-09	-0.000215586
2.51781e-09	-0.000223031
2.51788e-09	-0.000230465
2.51795e-09	-0.000237888
2.51802e-09	-0.000245301
2.51809e-09	-0.000252704
2.51816e-09	-0.000260096
2.51823e-09	-0.000267477
2.5183e-09	-0.000274848
2.51837e-09	-0.000282208
2.51844e-09	-0.000289558
2.51851e-09	-0.000296897
2.51858e-09	-0.000304226
2.51865e-09	-0.000311544
2.51872e-09	-0.000318852
2.5188e-09	-0.000326149
2.51887e-09	-0.000333435
2.51894e-09	-0.000340711
2.51901e-09	-0.000347976
2.51908e-09	-0.000355231
2.51915e-09	-0.000362475
2.51922e-09	-0.000369708
2.51929e-09	-0.000376931
2.51936e-09	-0.000384143
2.51943e-09	-0.000391345
2.5195e-09	-0.000398536
2.51957e-09	-0.000405717
2.51964e-09	-0.000412887
2.51971e-09	-0.000420046
2.51979e-09	-0.000427195
2.51986e-09	-0.000434333
2.51993e-09	-0.00044146
2.52e-09	-0.000448577
2.52007e-09	-0.000455683
2.52014e-09	-0.000462779
2.52021e-09	-0.000469864
2.52028e-09	-0.000476938
2.52035e-09	-0.000484002
2.52042e-09	-0.000491055
2.52049e-09	-0.000498097
2.52056e-09	-0.000505129
2.52063e-09	-0.00051215
2.52071e-09	-0.000519161
2.52078e-09	-0.000526161
2.52085e-09	-0.00053315
2.52092e-09	-0.000540128
2.52099e-09	-0.000547096
2.52106e-09	-0.000554054
2.52113e-09	-0.000561
2.5212e-09	-0.000567936
2.52127e-09	-0.000574862
2.52134e-09	-0.000581776
2.52141e-09	-0.00058868
2.52148e-09	-0.000595574
2.52155e-09	-0.000602456
2.52162e-09	-0.000609328
2.5217e-09	-0.000616189
2.52177e-09	-0.00062304
2.52184e-09	-0.00062988
2.52191e-09	-0.000636709
2.52198e-09	-0.000643528
2.52205e-09	-0.000650336
2.52212e-09	-0.000657133
2.52219e-09	-0.00066392
2.52226e-09	-0.000670696
2.52233e-09	-0.000677461
2.5224e-09	-0.000684216
2.52247e-09	-0.000690959
2.52254e-09	-0.000697692
2.52261e-09	-0.000704415
2.52269e-09	-0.000711127
2.52276e-09	-0.000717828
2.52283e-09	-0.000724518
2.5229e-09	-0.000731198
2.52297e-09	-0.000737867
2.52304e-09	-0.000744525
2.52311e-09	-0.000751173
2.52318e-09	-0.000757809
2.52325e-09	-0.000764436
2.52332e-09	-0.000771051
2.52339e-09	-0.000777656
2.52346e-09	-0.00078425
2.52353e-09	-0.000790833
2.5236e-09	-0.000797406
2.52368e-09	-0.000803968
2.52375e-09	-0.000810519
2.52382e-09	-0.000817059
2.52389e-09	-0.000823589
2.52396e-09	-0.000830108
2.52403e-09	-0.000836617
2.5241e-09	-0.000843114
2.52417e-09	-0.000849601
2.52424e-09	-0.000856077
2.52431e-09	-0.000862543
2.52438e-09	-0.000868998
2.52445e-09	-0.000875442
2.52452e-09	-0.000881875
2.5246e-09	-0.000888297
2.52467e-09	-0.000894709
2.52474e-09	-0.00090111
2.52481e-09	-0.000907501
2.52488e-09	-0.00091388
2.52495e-09	-0.000920249
2.52502e-09	-0.000926608
2.52509e-09	-0.000932955
2.52516e-09	-0.000939292
2.52523e-09	-0.000945618
2.5253e-09	-0.000951933
2.52537e-09	-0.000958238
2.52544e-09	-0.000964532
2.52551e-09	-0.000970815
2.52559e-09	-0.000977087
2.52566e-09	-0.000983349
2.52573e-09	-0.0009896
2.5258e-09	-0.00099584
2.52587e-09	-0.00100207
2.52594e-09	-0.00100829
2.52601e-09	-0.0010145
2.52608e-09	-0.00102069
2.52615e-09	-0.00102688
2.52622e-09	-0.00103306
2.52629e-09	-0.00103922
2.52636e-09	-0.00104538
2.52643e-09	-0.00105152
2.5265e-09	-0.00105765
2.52658e-09	-0.00106377
2.52665e-09	-0.00106989
2.52672e-09	-0.00107599
2.52679e-09	-0.00108208
2.52686e-09	-0.00108815
2.52693e-09	-0.00109422
2.527e-09	-0.00110028
2.52707e-09	-0.00110633
2.52714e-09	-0.00111236
2.52721e-09	-0.00111839
2.52728e-09	-0.0011244
2.52735e-09	-0.00113041
2.52742e-09	-0.0011364
2.5275e-09	-0.00114238
2.52757e-09	-0.00114836
2.52764e-09	-0.00115432
2.52771e-09	-0.00116027
2.52778e-09	-0.00116621
2.52785e-09	-0.00117214
2.52792e-09	-0.00117805
2.52799e-09	-0.00118396
2.52806e-09	-0.00118986
2.52813e-09	-0.00119575
2.5282e-09	-0.00120162
2.52827e-09	-0.00120749
2.52834e-09	-0.00121334
2.52841e-09	-0.00121918
2.52849e-09	-0.00122501
2.52856e-09	-0.00123084
2.52863e-09	-0.00123665
2.5287e-09	-0.00124245
2.52877e-09	-0.00124824
2.52884e-09	-0.00125402
2.52891e-09	-0.00125978
2.52898e-09	-0.00126554
2.52905e-09	-0.00127129
2.52912e-09	-0.00127702
2.52919e-09	-0.00128275
2.52926e-09	-0.00128846
2.52933e-09	-0.00129417
2.5294e-09	-0.00129986
2.52948e-09	-0.00130554
2.52955e-09	-0.00131121
2.52962e-09	-0.00131687
2.52969e-09	-0.00132253
2.52976e-09	-0.00132816
2.52983e-09	-0.00133379
2.5299e-09	-0.00133941
2.52997e-09	-0.00134502
2.53004e-09	-0.00135062
2.53011e-09	-0.0013562
2.53018e-09	-0.00136178
2.53025e-09	-0.00136734
2.53032e-09	-0.0013729
2.53039e-09	-0.00137844
2.53047e-09	-0.00138397
2.53054e-09	-0.00138949
2.53061e-09	-0.001395
2.53068e-09	-0.0014005
2.53075e-09	-0.00140599
2.53082e-09	-0.00141147
2.53089e-09	-0.00141694
2.53096e-09	-0.0014224
2.53103e-09	-0.00142785
2.5311e-09	-0.00143328
2.53117e-09	-0.00143871
2.53124e-09	-0.00144412
2.53131e-09	-0.00144953
2.53139e-09	-0.00145492
2.53146e-09	-0.0014603
2.53153e-09	-0.00146568
2.5316e-09	-0.00147104
2.53167e-09	-0.00147639
2.53174e-09	-0.00148173
2.53181e-09	-0.00148706
2.53188e-09	-0.00149238
2.53195e-09	-0.00149768
2.53202e-09	-0.00150298
2.53209e-09	-0.00150827
2.53216e-09	-0.00151355
2.53223e-09	-0.00151881
2.5323e-09	-0.00152407
2.53238e-09	-0.00152931
2.53245e-09	-0.00153454
2.53252e-09	-0.00153977
2.53259e-09	-0.00154498
2.53266e-09	-0.00155018
2.53273e-09	-0.00155537
2.5328e-09	-0.00156055
2.53287e-09	-0.00156572
2.53294e-09	-0.00157088
2.53301e-09	-0.00157603
2.53308e-09	-0.00158117
2.53315e-09	-0.00158629
2.53322e-09	-0.00159141
2.53329e-09	-0.00159652
2.53337e-09	-0.00160161
2.53344e-09	-0.0016067
2.53351e-09	-0.00161177
2.53358e-09	-0.00161683
2.53365e-09	-0.00162189
2.53372e-09	-0.00162693
2.53379e-09	-0.00163196
2.53386e-09	-0.00163698
2.53393e-09	-0.00164199
2.534e-09	-0.00164699
2.53407e-09	-0.00165198
2.53414e-09	-0.00165696
2.53421e-09	-0.00166193
2.53429e-09	-0.00166689
2.53436e-09	-0.00167183
2.53443e-09	-0.00167677
2.5345e-09	-0.0016817
2.53457e-09	-0.00168661
2.53464e-09	-0.00169152
2.53471e-09	-0.00169641
2.53478e-09	-0.00170129
2.53485e-09	-0.00170617
2.53492e-09	-0.00171103
2.53499e-09	-0.00171588
2.53506e-09	-0.00172072
2.53513e-09	-0.00172555
2.5352e-09	-0.00173037
2.53528e-09	-0.00173518
2.53535e-09	-0.00173998
2.53542e-09	-0.00174477
2.53549e-09	-0.00174955
2.53556e-09	-0.00175431
2.53563e-09	-0.00175907
2.5357e-09	-0.00176382
2.53577e-09	-0.00176855
2.53584e-09	-0.00177328
2.53591e-09	-0.00177799
2.53598e-09	-0.0017827
2.53605e-09	-0.00178739
2.53612e-09	-0.00179207
2.53619e-09	-0.00179675
2.53627e-09	-0.00180141
2.53634e-09	-0.00180606
2.53641e-09	-0.0018107
2.53648e-09	-0.00181533
2.53655e-09	-0.00181995
2.53662e-09	-0.00182456
2.53669e-09	-0.00182916
2.53676e-09	-0.00183375
2.53683e-09	-0.00183833
2.5369e-09	-0.0018429
2.53697e-09	-0.00184745
2.53704e-09	-0.001852
2.53711e-09	-0.00185654
2.53718e-09	-0.00186106
2.53726e-09	-0.00186558
2.53733e-09	-0.00187008
2.5374e-09	-0.00187458
2.53747e-09	-0.00187906
2.53754e-09	-0.00188353
2.53761e-09	-0.001888
2.53768e-09	-0.00189245
2.53775e-09	-0.00189689
2.53782e-09	-0.00190132
2.53789e-09	-0.00190574
2.53796e-09	-0.00191016
2.53803e-09	-0.00191456
2.5381e-09	-0.00191895
2.53818e-09	-0.00192333
2.53825e-09	-0.0019277
2.53832e-09	-0.00193205
2.53839e-09	-0.0019364
2.53846e-09	-0.00194074
2.53853e-09	-0.00194507
2.5386e-09	-0.00194939
2.53867e-09	-0.00195369
2.53874e-09	-0.00195799
2.53881e-09	-0.00196227
2.53888e-09	-0.00196655
2.53895e-09	-0.00197082
2.53902e-09	-0.00197507
2.53909e-09	-0.00197932
2.53917e-09	-0.00198355
2.53924e-09	-0.00198777
2.53931e-09	-0.00199199
2.53938e-09	-0.00199619
2.53945e-09	-0.00200038
2.53952e-09	-0.00200457
2.53959e-09	-0.00200874
2.53966e-09	-0.0020129
2.53973e-09	-0.00201705
2.5398e-09	-0.00202119
2.53987e-09	-0.00202532
2.53994e-09	-0.00202944
2.54001e-09	-0.00203355
2.54008e-09	-0.00203765
2.54016e-09	-0.00204174
2.54023e-09	-0.00204582
2.5403e-09	-0.00204989
2.54037e-09	-0.00205395
2.54044e-09	-0.002058
2.54051e-09	-0.00206204
2.54058e-09	-0.00206607
2.54065e-09	-0.00207008
2.54072e-09	-0.00207409
2.54079e-09	-0.00207809
2.54086e-09	-0.00208207
2.54093e-09	-0.00208605
2.541e-09	-0.00209002
2.54108e-09	-0.00209397
2.54115e-09	-0.00209792
2.54122e-09	-0.00210185
2.54129e-09	-0.00210578
2.54136e-09	-0.0021097
2.54143e-09	-0.0021136
2.5415e-09	-0.00211749
2.54157e-09	-0.00212138
2.54164e-09	-0.00212525
2.54171e-09	-0.00212912
2.54178e-09	-0.00213297
2.54185e-09	-0.00213682
2.54192e-09	-0.00214065
2.54199e-09	-0.00214447
2.54207e-09	-0.00214829
2.54214e-09	-0.00215209
2.54221e-09	-0.00215588
2.54228e-09	-0.00215966
2.54235e-09	-0.00216344
2.54242e-09	-0.0021672
2.54249e-09	-0.00217095
2.54256e-09	-0.00217469
2.54263e-09	-0.00217842
2.5427e-09	-0.00218215
2.54277e-09	-0.00218586
2.54284e-09	-0.00218956
2.54291e-09	-0.00219325
2.54298e-09	-0.00219693
2.54306e-09	-0.0022006
2.54313e-09	-0.00220426
2.5432e-09	-0.00220792
2.54327e-09	-0.00221156
2.54334e-09	-0.00221519
2.54341e-09	-0.00221881
2.54348e-09	-0.00222242
2.54355e-09	-0.00222602
2.54362e-09	-0.00222961
2.54369e-09	-0.00223319
2.54376e-09	-0.00223676
2.54383e-09	-0.00224032
2.5439e-09	-0.00224387
2.54397e-09	-0.00224741
2.54405e-09	-0.00225094
2.54412e-09	-0.00225446
2.54419e-09	-0.00225797
2.54426e-09	-0.00226147
2.54433e-09	-0.00226496
2.5444e-09	-0.00226844
2.54447e-09	-0.00227191
2.54454e-09	-0.00227537
2.54461e-09	-0.00227882
2.54468e-09	-0.00228226
2.54475e-09	-0.00228569
2.54482e-09	-0.00228911
2.54489e-09	-0.00229252
2.54497e-09	-0.00229592
2.54504e-09	-0.00229931
2.54511e-09	-0.00230269
2.54518e-09	-0.00230606
2.54525e-09	-0.00230942
2.54532e-09	-0.00231277
2.54539e-09	-0.00231611
2.54546e-09	-0.00231944
2.54553e-09	-0.00232276
2.5456e-09	-0.00232607
2.54567e-09	-0.00232937
2.54574e-09	-0.00233267
2.54581e-09	-0.00233595
2.54588e-09	-0.00233922
2.54596e-09	-0.00234248
2.54603e-09	-0.00234573
2.5461e-09	-0.00234897
2.54617e-09	-0.0023522
2.54624e-09	-0.00235542
2.54631e-09	-0.00235864
2.54638e-09	-0.00236184
2.54645e-09	-0.00236503
2.54652e-09	-0.00236821
2.54659e-09	-0.00237138
2.54666e-09	-0.00237455
2.54673e-09	-0.0023777
2.5468e-09	-0.00238084
2.54687e-09	-0.00238398
2.54695e-09	-0.0023871
2.54702e-09	-0.00239021
2.54709e-09	-0.00239332
2.54716e-09	-0.00239641
2.54723e-09	-0.00239949
2.5473e-09	-0.00240257
2.54737e-09	-0.00240563
2.54744e-09	-0.00240869
2.54751e-09	-0.00241173
2.54758e-09	-0.00241477
2.54765e-09	-0.00241779
2.54772e-09	-0.00242081
2.54779e-09	-0.00242381
2.54786e-09	-0.00242681
2.54794e-09	-0.0024298
2.54801e-09	-0.00243277
2.54808e-09	-0.00243574
2.54815e-09	-0.0024387
2.54822e-09	-0.00244165
2.54829e-09	-0.00244458
2.54836e-09	-0.00244751
2.54843e-09	-0.00245043
2.5485e-09	-0.00245334
2.54857e-09	-0.00245624
2.54864e-09	-0.00245913
2.54871e-09	-0.00246201
2.54878e-09	-0.00246488
2.54886e-09	-0.00246774
2.54893e-09	-0.00247059
2.549e-09	-0.00247343
2.54907e-09	-0.00247627
2.54914e-09	-0.00247909
2.54921e-09	-0.0024819
2.54928e-09	-0.0024847
2.54935e-09	-0.0024875
2.54942e-09	-0.00249028
2.54949e-09	-0.00249305
2.54956e-09	-0.00249582
2.54963e-09	-0.00249857
2.5497e-09	-0.00250132
2.54977e-09	-0.00250406
2.54985e-09	-0.00250678
2.54992e-09	-0.0025095
2.54999e-09	-0.00251221
2.55006e-09	-0.0025149
2.55013e-09	-0.00251759
2.5502e-09	-0.00252027
2.55027e-09	-0.00252294
2.55034e-09	-0.0025256
2.55041e-09	-0.00252825
2.55048e-09	-0.00253089
2.55055e-09	-0.00253352
2.55062e-09	-0.00253614
2.55069e-09	-0.00253876
2.55076e-09	-0.00254136
2.55084e-09	-0.00254395
2.55091e-09	-0.00254654
2.55098e-09	-0.00254911
2.55105e-09	-0.00255168
2.55112e-09	-0.00255423
2.55119e-09	-0.00255678
2.55126e-09	-0.00255932
2.55133e-09	-0.00256184
2.5514e-09	-0.00256436
2.55147e-09	-0.00256687
2.55154e-09	-0.00256937
2.55161e-09	-0.00257186
2.55168e-09	-0.00257434
2.55176e-09	-0.00257681
2.55183e-09	-0.00257927
2.5519e-09	-0.00258172
2.55197e-09	-0.00258417
2.55204e-09	-0.0025866
2.55211e-09	-0.00258902
2.55218e-09	-0.00259144
2.55225e-09	-0.00259385
2.55232e-09	-0.00259624
2.55239e-09	-0.00259863
2.55246e-09	-0.00260101
2.55253e-09	-0.00260337
2.5526e-09	-0.00260573
2.55267e-09	-0.00260808
2.55275e-09	-0.00261042
2.55282e-09	-0.00261276
2.55289e-09	-0.00261508
2.55296e-09	-0.00261739
2.55303e-09	-0.00261969
2.5531e-09	-0.00262199
2.55317e-09	-0.00262427
2.55324e-09	-0.00262655
2.55331e-09	-0.00262882
2.55338e-09	-0.00263107
2.55345e-09	-0.00263332
2.55352e-09	-0.00263556
2.55359e-09	-0.00263779
2.55366e-09	-0.00264001
2.55374e-09	-0.00264222
2.55381e-09	-0.00264443
2.55388e-09	-0.00264662
2.55395e-09	-0.0026488
2.55402e-09	-0.00265098
2.55409e-09	-0.00265314
2.55416e-09	-0.0026553
2.55423e-09	-0.00265745
2.5543e-09	-0.00265959
2.55437e-09	-0.00266172
2.55444e-09	-0.00266384
2.55451e-09	-0.00266595
2.55458e-09	-0.00266805
2.55465e-09	-0.00267014
2.55473e-09	-0.00267223
2.5548e-09	-0.0026743
2.55487e-09	-0.00267637
2.55494e-09	-0.00267842
2.55501e-09	-0.00268047
2.55508e-09	-0.00268251
2.55515e-09	-0.00268454
2.55522e-09	-0.00268656
2.55529e-09	-0.00268857
2.55536e-09	-0.00269058
2.55543e-09	-0.00269257
2.5555e-09	-0.00269455
2.55557e-09	-0.00269653
2.55565e-09	-0.0026985
2.55572e-09	-0.00270045
2.55579e-09	-0.0027024
2.55586e-09	-0.00270434
2.55593e-09	-0.00270627
2.556e-09	-0.0027082
2.55607e-09	-0.00271011
2.55614e-09	-0.00271201
2.55621e-09	-0.00271391
2.55628e-09	-0.0027158
2.55635e-09	-0.00271767
2.55642e-09	-0.00271954
2.55649e-09	-0.0027214
2.55656e-09	-0.00272325
2.55664e-09	-0.00272509
2.55671e-09	-0.00272693
2.55678e-09	-0.00272875
2.55685e-09	-0.00273057
2.55692e-09	-0.00273237
2.55699e-09	-0.00273417
2.55706e-09	-0.00273596
2.55713e-09	-0.00273774
2.5572e-09	-0.00273951
2.55727e-09	-0.00274127
2.55734e-09	-0.00274303
2.55741e-09	-0.00274477
2.55748e-09	-0.00274651
2.55755e-09	-0.00274824
2.55763e-09	-0.00274996
2.5577e-09	-0.00275167
2.55777e-09	-0.00275337
2.55784e-09	-0.00275506
2.55791e-09	-0.00275674
2.55798e-09	-0.00275842
2.55805e-09	-0.00276009
2.55812e-09	-0.00276174
2.55819e-09	-0.00276339
2.55826e-09	-0.00276503
2.55833e-09	-0.00276666
2.5584e-09	-0.00276829
2.55847e-09	-0.0027699
2.55855e-09	-0.00277151
2.55862e-09	-0.0027731
2.55869e-09	-0.00277469
2.55876e-09	-0.00277627
2.55883e-09	-0.00277784
2.5589e-09	-0.00277941
2.55897e-09	-0.00278096
2.55904e-09	-0.00278251
2.55911e-09	-0.00278404
2.55918e-09	-0.00278557
2.55925e-09	-0.00278709
2.55932e-09	-0.0027886
2.55939e-09	-0.00279011
2.55946e-09	-0.0027916
2.55954e-09	-0.00279309
2.55961e-09	-0.00279456
2.55968e-09	-0.00279603
2.55975e-09	-0.00279749
2.55982e-09	-0.00279894
2.55989e-09	-0.00280039
2.55996e-09	-0.00280182
2.56003e-09	-0.00280325
2.5601e-09	-0.00280466
2.56017e-09	-0.00280607
2.56024e-09	-0.00280747
2.56031e-09	-0.00280887
2.56038e-09	-0.00281025
2.56045e-09	-0.00281162
2.56053e-09	-0.00281299
2.5606e-09	-0.00281435
2.56067e-09	-0.0028157
2.56074e-09	-0.00281704
2.56081e-09	-0.00281837
2.56088e-09	-0.0028197
2.56095e-09	-0.00282102
2.56102e-09	-0.00282232
2.56109e-09	-0.00282362
2.56116e-09	-0.00282492
2.56123e-09	-0.0028262
2.5613e-09	-0.00282747
2.56137e-09	-0.00282874
2.56144e-09	-0.00283
2.56152e-09	-0.00283125
2.56159e-09	-0.00283249
2.56166e-09	-0.00283372
2.56173e-09	-0.00283495
2.5618e-09	-0.00283617
2.56187e-09	-0.00283737
2.56194e-09	-0.00283858
2.56201e-09	-0.00283977
2.56208e-09	-0.00284095
2.56215e-09	-0.00284213
2.56222e-09	-0.00284329
2.56229e-09	-0.00284445
2.56236e-09	-0.0028456
2.56244e-09	-0.00284675
2.56251e-09	-0.00284788
2.56258e-09	-0.00284901
2.56265e-09	-0.00285013
2.56272e-09	-0.00285124
2.56279e-09	-0.00285234
2.56286e-09	-0.00285343
2.56293e-09	-0.00285452
2.563e-09	-0.0028556
2.56307e-09	-0.00285667
2.56314e-09	-0.00285773
2.56321e-09	-0.00285878
2.56328e-09	-0.00285983
2.56335e-09	-0.00286086
2.56343e-09	-0.00286189
2.5635e-09	-0.00286291
2.56357e-09	-0.00286393
2.56364e-09	-0.00286493
2.56371e-09	-0.00286593
2.56378e-09	-0.00286692
2.56385e-09	-0.0028679
2.56392e-09	-0.00286887
2.56399e-09	-0.00286983
2.56406e-09	-0.00287079
2.56413e-09	-0.00287174
2.5642e-09	-0.00287268
2.56427e-09	-0.00287361
2.56434e-09	-0.00287454
2.56442e-09	-0.00287546
2.56449e-09	-0.00287637
2.56456e-09	-0.00287727
2.56463e-09	-0.00287816
2.5647e-09	-0.00287904
2.56477e-09	-0.00287992
2.56484e-09	-0.00288079
2.56491e-09	-0.00288165
2.56498e-09	-0.00288251
2.56505e-09	-0.00288335
2.56512e-09	-0.00288419
2.56519e-09	-0.00288502
2.56526e-09	-0.00288584
2.56534e-09	-0.00288666
2.56541e-09	-0.00288746
2.56548e-09	-0.00288826
2.56555e-09	-0.00288905
2.56562e-09	-0.00288984
2.56569e-09	-0.00289061
2.56576e-09	-0.00289138
2.56583e-09	-0.00289214
2.5659e-09	-0.00289289
2.56597e-09	-0.00289364
2.56604e-09	-0.00289437
2.56611e-09	-0.0028951
2.56618e-09	-0.00289582
2.56625e-09	-0.00289654
2.56633e-09	-0.00289724
2.5664e-09	-0.00289794
2.56647e-09	-0.00289863
2.56654e-09	-0.00289931
2.56661e-09	-0.00289999
2.56668e-09	-0.00290066
2.56675e-09	-0.00290132
2.56682e-09	-0.00290197
2.56689e-09	-0.00290261
2.56696e-09	-0.00290325
2.56703e-09	-0.00290388
2.5671e-09	-0.0029045
2.56717e-09	-0.00290511
2.56724e-09	-0.00290572
2.56732e-09	-0.00290632
2.56739e-09	-0.00290691
2.56746e-09	-0.0029075
2.56753e-09	-0.00290807
2.5676e-09	-0.00290864
2.56767e-09	-0.0029092
2.56774e-09	-0.00290975
2.56781e-09	-0.0029103
2.56788e-09	-0.00291084
2.56795e-09	-0.00291137
2.56802e-09	-0.00291189
2.56809e-09	-0.00291241
2.56816e-09	-0.00291292
2.56823e-09	-0.00291342
2.56831e-09	-0.00291391
2.56838e-09	-0.0029144
2.56845e-09	-0.00291488
2.56852e-09	-0.00291535
2.56859e-09	-0.00291581
2.56866e-09	-0.00291627
2.56873e-09	-0.00291672
2.5688e-09	-0.00291716
2.56887e-09	-0.00291759
2.56894e-09	-0.00291802
2.56901e-09	-0.00291844
2.56908e-09	-0.00291885
2.56915e-09	-0.00291926
2.56923e-09	-0.00291966
2.5693e-09	-0.00292005
2.56937e-09	-0.00292043
2.56944e-09	-0.0029208
2.56951e-09	-0.00292117
2.56958e-09	-0.00292153
2.56965e-09	-0.00292189
2.56972e-09	-0.00292223
2.56979e-09	-0.00292257
2.56986e-09	-0.0029229
2.56993e-09	-0.00292323
2.57e-09	-0.00292355
2.57007e-09	-0.00292386
2.57014e-09	-0.00292416
2.57022e-09	-0.00292446
2.57029e-09	-0.00292474
2.57036e-09	-0.00292503
2.57043e-09	-0.0029253
2.5705e-09	-0.00292557
2.57057e-09	-0.00292583
2.57064e-09	-0.00292608
2.57071e-09	-0.00292633
2.57078e-09	-0.00292656
2.57085e-09	-0.0029268
2.57092e-09	-0.00292702
2.57099e-09	-0.00292724
2.57106e-09	-0.00292745
2.57113e-09	-0.00292765
2.57121e-09	-0.00292785
2.57128e-09	-0.00292803
2.57135e-09	-0.00292822
2.57142e-09	-0.00292839
2.57149e-09	-0.00292856
2.57156e-09	-0.00292872
2.57163e-09	-0.00292887
2.5717e-09	-0.00292902
2.57177e-09	-0.00292916
2.57184e-09	-0.00292929
2.57191e-09	-0.00292942
2.57198e-09	-0.00292954
2.57205e-09	-0.00292965
2.57212e-09	-0.00292975
2.5722e-09	-0.00292985
2.57227e-09	-0.00292994
2.57234e-09	-0.00293003
2.57241e-09	-0.0029301
2.57248e-09	-0.00293017
2.57255e-09	-0.00293024
2.57262e-09	-0.00293029
2.57269e-09	-0.00293034
2.57276e-09	-0.00293038
2.57283e-09	-0.00293042
2.5729e-09	-0.00293045
2.57297e-09	-0.00293047
2.57304e-09	-0.00293049
2.57312e-09	-0.00293049
2.57319e-09	-0.0029305
2.57326e-09	-0.00293049
2.57333e-09	-0.00293048
2.5734e-09	-0.00293046
2.57347e-09	-0.00293043
2.57354e-09	-0.0029304
2.57361e-09	-0.00293036
2.57368e-09	-0.00293032
2.57375e-09	-0.00293026
2.57382e-09	-0.00293021
2.57389e-09	-0.00293014
2.57396e-09	-0.00293007
2.57403e-09	-0.00292999
2.57411e-09	-0.0029299
2.57418e-09	-0.00292981
2.57425e-09	-0.00292971
2.57432e-09	-0.0029296
2.57439e-09	-0.00292949
2.57446e-09	-0.00292937
2.57453e-09	-0.00292924
2.5746e-09	-0.00292911
2.57467e-09	-0.00292897
2.57474e-09	-0.00292883
2.57481e-09	-0.00292867
2.57488e-09	-0.00292852
2.57495e-09	-0.00292835
2.57502e-09	-0.00292818
2.5751e-09	-0.002928
2.57517e-09	-0.00292781
2.57524e-09	-0.00292762
2.57531e-09	-0.00292742
2.57538e-09	-0.00292722
2.57545e-09	-0.00292701
2.57552e-09	-0.00292679
2.57559e-09	-0.00292656
2.57566e-09	-0.00292633
2.57573e-09	-0.0029261
2.5758e-09	-0.00292585
2.57587e-09	-0.0029256
2.57594e-09	-0.00292535
2.57602e-09	-0.00292508
2.57609e-09	-0.00292481
2.57616e-09	-0.00292454
2.57623e-09	-0.00292425
2.5763e-09	-0.00292397
2.57637e-09	-0.00292367
2.57644e-09	-0.00292337
2.57651e-09	-0.00292306
2.57658e-09	-0.00292275
2.57665e-09	-0.00292243
2.57672e-09	-0.0029221
2.57679e-09	-0.00292177
2.57686e-09	-0.00292143
2.57693e-09	-0.00292108
2.57701e-09	-0.00292073
2.57708e-09	-0.00292037
2.57715e-09	-0.00292001
2.57722e-09	-0.00291963
2.57729e-09	-0.00291926
2.57736e-09	-0.00291887
2.57743e-09	-0.00291848
2.5775e-09	-0.00291809
2.57757e-09	-0.00291769
2.57764e-09	-0.00291728
2.57771e-09	-0.00291686
2.57778e-09	-0.00291644
2.57785e-09	-0.00291601
2.57792e-09	-0.00291558
2.578e-09	-0.00291514
2.57807e-09	-0.0029147
2.57814e-09	-0.00291425
2.57821e-09	-0.00291379
2.57828e-09	-0.00291332
2.57835e-09	-0.00291285
2.57842e-09	-0.00291238
2.57849e-09	-0.0029119
2.57856e-09	-0.00291141
2.57863e-09	-0.00291091
2.5787e-09	-0.00291041
2.57877e-09	-0.00290991
2.57884e-09	-0.00290939
2.57891e-09	-0.00290887
2.57899e-09	-0.00290835
2.57906e-09	-0.00290782
2.57913e-09	-0.00290728
2.5792e-09	-0.00290674
2.57927e-09	-0.00290619
2.57934e-09	-0.00290564
2.57941e-09	-0.00290508
2.57948e-09	-0.00290451
2.57955e-09	-0.00290394
2.57962e-09	-0.00290336
2.57969e-09	-0.00290277
2.57976e-09	-0.00290218
2.57983e-09	-0.00290159
2.57991e-09	-0.00290099
2.57998e-09	-0.00290038
2.58005e-09	-0.00289976
2.58012e-09	-0.00289914
2.58019e-09	-0.00289852
2.58026e-09	-0.00289789
2.58033e-09	-0.00289725
2.5804e-09	-0.00289661
2.58047e-09	-0.00289596
2.58054e-09	-0.0028953
2.58061e-09	-0.00289464
2.58068e-09	-0.00289398
2.58075e-09	-0.0028933
2.58082e-09	-0.00289263
2.5809e-09	-0.00289194
2.58097e-09	-0.00289125
2.58104e-09	-0.00289056
2.58111e-09	-0.00288986
2.58118e-09	-0.00288915
2.58125e-09	-0.00288844
2.58132e-09	-0.00288772
2.58139e-09	-0.002887
2.58146e-09	-0.00288627
2.58153e-09	-0.00288553
2.5816e-09	-0.00288479
2.58167e-09	-0.00288404
2.58174e-09	-0.00288329
2.58181e-09	-0.00288253
2.58189e-09	-0.00288177
2.58196e-09	-0.002881
2.58203e-09	-0.00288023
2.5821e-09	-0.00287945
2.58217e-09	-0.00287866
2.58224e-09	-0.00287787
2.58231e-09	-0.00287707
2.58238e-09	-0.00287627
2.58245e-09	-0.00287546
2.58252e-09	-0.00287465
2.58259e-09	-0.00287383
2.58266e-09	-0.002873
2.58273e-09	-0.00287217
2.58281e-09	-0.00287134
2.58288e-09	-0.0028705
2.58295e-09	-0.00286965
2.58302e-09	-0.0028688
2.58309e-09	-0.00286794
2.58316e-09	-0.00286708
2.58323e-09	-0.00286621
2.5833e-09	-0.00286533
2.58337e-09	-0.00286445
2.58344e-09	-0.00286357
2.58351e-09	-0.00286268
2.58358e-09	-0.00286178
2.58365e-09	-0.00286088
2.58372e-09	-0.00285998
2.5838e-09	-0.00285906
2.58387e-09	-0.00285815
2.58394e-09	-0.00285723
2.58401e-09	-0.0028563
2.58408e-09	-0.00285536
2.58415e-09	-0.00285443
2.58422e-09	-0.00285348
2.58429e-09	-0.00285253
2.58436e-09	-0.00285158
2.58443e-09	-0.00285062
2.5845e-09	-0.00284965
2.58457e-09	-0.00284868
2.58464e-09	-0.00284771
2.58471e-09	-0.00284673
2.58479e-09	-0.00284574
2.58486e-09	-0.00284475
2.58493e-09	-0.00284375
2.585e-09	-0.00284275
2.58507e-09	-0.00284174
2.58514e-09	-0.00284073
2.58521e-09	-0.00283972
2.58528e-09	-0.00283869
2.58535e-09	-0.00283767
2.58542e-09	-0.00283663
2.58549e-09	-0.0028356
2.58556e-09	-0.00283455
2.58563e-09	-0.0028335
2.5857e-09	-0.00283245
2.58578e-09	-0.00283139
2.58585e-09	-0.00283033
2.58592e-09	-0.00282926
2.58599e-09	-0.00282819
2.58606e-09	-0.00282711
2.58613e-09	-0.00282603
2.5862e-09	-0.00282494
2.58627e-09	-0.00282384
2.58634e-09	-0.00282274
2.58641e-09	-0.00282164
2.58648e-09	-0.00282053
2.58655e-09	-0.00281942
2.58662e-09	-0.0028183
2.5867e-09	-0.00281718
2.58677e-09	-0.00281605
2.58684e-09	-0.00281491
2.58691e-09	-0.00281378
2.58698e-09	-0.00281263
2.58705e-09	-0.00281148
2.58712e-09	-0.00281033
2.58719e-09	-0.00280917
2.58726e-09	-0.00280801
2.58733e-09	-0.00280684
2.5874e-09	-0.00280567
2.58747e-09	-0.00280449
2.58754e-09	-0.00280331
2.58761e-09	-0.00280212
2.58769e-09	-0.00280093
2.58776e-09	-0.00279973
2.58783e-09	-0.00279853
2.5879e-09	-0.00279732
2.58797e-09	-0.00279611
2.58804e-09	-0.0027949
2.58811e-09	-0.00279367
2.58818e-09	-0.00279245
2.58825e-09	-0.00279122
2.58832e-09	-0.00278998
2.58839e-09	-0.00278874
2.58846e-09	-0.0027875
2.58853e-09	-0.00278625
2.5886e-09	-0.00278499
2.58868e-09	-0.00278374
2.58875e-09	-0.00278247
2.58882e-09	-0.0027812
2.58889e-09	-0.00277993
2.58896e-09	-0.00277865
2.58903e-09	-0.00277737
2.5891e-09	-0.00277608
2.58917e-09	-0.00277479
2.58924e-09	-0.0027735
2.58931e-09	-0.00277219
2.58938e-09	-0.00277089
2.58945e-09	-0.00276958
2.58952e-09	-0.00276826
2.58959e-09	-0.00276695
2.58967e-09	-0.00276562
2.58974e-09	-0.00276429
2.58981e-09	-0.00276296
2.58988e-09	-0.00276162
2.58995e-09	-0.00276028
2.59002e-09	-0.00275893
2.59009e-09	-0.00275758
2.59016e-09	-0.00275623
2.59023e-09	-0.00275487
2.5903e-09	-0.0027535
2.59037e-09	-0.00275213
2.59044e-09	-0.00275076
2.59051e-09	-0.00274938
2.59059e-09	-0.002748
2.59066e-09	-0.00274661
2.59073e-09	-0.00274522
2.5908e-09	-0.00274383
2.59087e-09	-0.00274243
2.59094e-09	-0.00274102
2.59101e-09	-0.00273961
2.59108e-09	-0.0027382
2.59115e-09	-0.00273678
2.59122e-09	-0.00273536
2.59129e-09	-0.00273394
2.59136e-09	-0.00273251
2.59143e-09	-0.00273107
2.5915e-09	-0.00272963
2.59158e-09	-0.00272819
2.59165e-09	-0.00272674
2.59172e-09	-0.00272529
2.59179e-09	-0.00272383
2.59186e-09	-0.00272237
2.59193e-09	-0.00272091
2.592e-09	-0.00271944
2.59207e-09	-0.00271796
2.59214e-09	-0.00271649
2.59221e-09	-0.002715
2.59228e-09	-0.00271352
2.59235e-09	-0.00271203
2.59242e-09	-0.00271053
2.59249e-09	-0.00270903
2.59257e-09	-0.00270753
2.59264e-09	-0.00270602
2.59271e-09	-0.00270451
2.59278e-09	-0.002703
2.59285e-09	-0.00270148
2.59292e-09	-0.00269995
2.59299e-09	-0.00269843
2.59306e-09	-0.0026969
2.59313e-09	-0.00269536
2.5932e-09	-0.00269382
2.59327e-09	-0.00269228
2.59334e-09	-0.00269073
2.59341e-09	-0.00268917
2.59349e-09	-0.00268762
2.59356e-09	-0.00268606
2.59363e-09	-0.00268449
2.5937e-09	-0.00268293
2.59377e-09	-0.00268135
2.59384e-09	-0.00267978
2.59391e-09	-0.0026782
2.59398e-09	-0.00267661
2.59405e-09	-0.00267502
2.59412e-09	-0.00267343
2.59419e-09	-0.00267183
2.59426e-09	-0.00267023
2.59433e-09	-0.00266863
2.5944e-09	-0.00266702
2.59448e-09	-0.00266541
2.59455e-09	-0.00266379
2.59462e-09	-0.00266217
2.59469e-09	-0.00266055
2.59476e-09	-0.00265892
2.59483e-09	-0.00265729
2.5949e-09	-0.00265566
2.59497e-09	-0.00265402
2.59504e-09	-0.00265237
2.59511e-09	-0.00265073
2.59518e-09	-0.00264908
2.59525e-09	-0.00264742
2.59532e-09	-0.00264576
2.59539e-09	-0.0026441
2.59547e-09	-0.00264243
2.59554e-09	-0.00264076
2.59561e-09	-0.00263909
2.59568e-09	-0.00263741
2.59575e-09	-0.00263573
2.59582e-09	-0.00263405
2.59589e-09	-0.00263236
2.59596e-09	-0.00263067
2.59603e-09	-0.00262897
2.5961e-09	-0.00262727
2.59617e-09	-0.00262557
2.59624e-09	-0.00262386
2.59631e-09	-0.00262215
2.59638e-09	-0.00262044
2.59646e-09	-0.00261872
2.59653e-09	-0.002617
2.5966e-09	-0.00261527
2.59667e-09	-0.00261354
2.59674e-09	-0.00261181
2.59681e-09	-0.00261007
2.59688e-09	-0.00260833
2.59695e-09	-0.00260659
2.59702e-09	-0.00260484
2.59709e-09	-0.00260309
2.59716e-09	-0.00260134
2.59723e-09	-0.00259958
2.5973e-09	-0.00259782
2.59738e-09	-0.00259605
2.59745e-09	-0.00259429
2.59752e-09	-0.00259251
2.59759e-09	-0.00259074
2.59766e-09	-0.00258896
2.59773e-09	-0.00258718
2.5978e-09	-0.00258539
2.59787e-09	-0.0025836
2.59794e-09	-0.00258181
2.59801e-09	-0.00258001
2.59808e-09	-0.00257821
2.59815e-09	-0.00257641
2.59822e-09	-0.0025746
2.59829e-09	-0.00257279
2.59837e-09	-0.00257098
2.59844e-09	-0.00256916
2.59851e-09	-0.00256734
2.59858e-09	-0.00256552
2.59865e-09	-0.00256369
2.59872e-09	-0.00256186
2.59879e-09	-0.00256003
2.59886e-09	-0.00255819
2.59893e-09	-0.00255635
2.599e-09	-0.00255451
2.59907e-09	-0.00255266
2.59914e-09	-0.00255081
2.59921e-09	-0.00254896
2.59928e-09	-0.0025471
2.59936e-09	-0.00254524
2.59943e-09	-0.00254338
2.5995e-09	-0.00254151
2.59957e-09	-0.00253964
2.59964e-09	-0.00253777
2.59971e-09	-0.00253589
2.59978e-09	-0.00253401
2.59985e-09	-0.00253213
2.59992e-09	-0.00253024
2.59999e-09	-0.00252835
2.60006e-09	-0.00252646
2.60013e-09	-0.00252456
2.6002e-09	-0.00252266
2.60028e-09	-0.00252076
2.60035e-09	-0.00251886
2.60042e-09	-0.00251695
2.60049e-09	-0.00251504
2.60056e-09	-0.00251312
2.60063e-09	-0.0025112
2.6007e-09	-0.00250928
2.60077e-09	-0.00250736
2.60084e-09	-0.00250543
2.60091e-09	-0.0025035
2.60098e-09	-0.00250157
2.60105e-09	-0.00249963
2.60112e-09	-0.00249769
2.60119e-09	-0.00249575
2.60127e-09	-0.00249381
2.60134e-09	-0.00249186
2.60141e-09	-0.00248991
2.60148e-09	-0.00248795
2.60155e-09	-0.00248599
2.60162e-09	-0.00248403
2.60169e-09	-0.00248207
2.60176e-09	-0.0024801
2.60183e-09	-0.00247813
2.6019e-09	-0.00247616
2.60197e-09	-0.00247419
2.60204e-09	-0.00247221
2.60211e-09	-0.00247023
2.60218e-09	-0.00246824
2.60226e-09	-0.00246626
2.60233e-09	-0.00246427
2.6024e-09	-0.00246227
2.60247e-09	-0.00246028
2.60254e-09	-0.00245828
2.60261e-09	-0.00245628
2.60268e-09	-0.00245427
2.60275e-09	-0.00245227
2.60282e-09	-0.00245026
2.60289e-09	-0.00244824
2.60296e-09	-0.00244623
2.60303e-09	-0.00244421
2.6031e-09	-0.00244219
2.60317e-09	-0.00244016
2.60325e-09	-0.00243814
2.60332e-09	-0.00243611
2.60339e-09	-0.00243407
2.60346e-09	-0.00243204
2.60353e-09	-0.00243
2.6036e-09	-0.00242796
2.60367e-09	-0.00242592
2.60374e-09	-0.00242387
2.60381e-09	-0.00242182
2.60388e-09	-0.00241977
2.60395e-09	-0.00241772
2.60402e-09	-0.00241566
2.60409e-09	-0.0024136
2.60417e-09	-0.00241154
2.60424e-09	-0.00240947
2.60431e-09	-0.0024074
2.60438e-09	-0.00240533
2.60445e-09	-0.00240326
2.60452e-09	-0.00240119
2.60459e-09	-0.00239911
2.60466e-09	-0.00239703
2.60473e-09	-0.00239494
2.6048e-09	-0.00239286
2.60487e-09	-0.00239077
2.60494e-09	-0.00238868
2.60501e-09	-0.00238658
2.60508e-09	-0.00238449
2.60516e-09	-0.00238239
2.60523e-09	-0.00238029
2.6053e-09	-0.00237818
2.60537e-09	-0.00237608
2.60544e-09	-0.00237397
2.60551e-09	-0.00237186
2.60558e-09	-0.00236974
2.60565e-09	-0.00236763
2.60572e-09	-0.00236551
2.60579e-09	-0.00236339
2.60586e-09	-0.00236126
2.60593e-09	-0.00235914
2.606e-09	-0.00235701
2.60607e-09	-0.00235488
2.60615e-09	-0.00235274
2.60622e-09	-0.00235061
2.60629e-09	-0.00234847
2.60636e-09	-0.00234633
2.60643e-09	-0.00234418
2.6065e-09	-0.00234204
2.60657e-09	-0.00233989
2.60664e-09	-0.00233774
2.60671e-09	-0.00233559
2.60678e-09	-0.00233343
2.60685e-09	-0.00233127
2.60692e-09	-0.00232911
2.60699e-09	-0.00232695
2.60707e-09	-0.00232479
2.60714e-09	-0.00232262
2.60721e-09	-0.00232045
2.60728e-09	-0.00231828
2.60735e-09	-0.0023161
2.60742e-09	-0.00231393
2.60749e-09	-0.00231175
2.60756e-09	-0.00230957
2.60763e-09	-0.00230739
2.6077e-09	-0.0023052
2.60777e-09	-0.00230301
2.60784e-09	-0.00230083
2.60791e-09	-0.00229863
2.60798e-09	-0.00229644
2.60806e-09	-0.00229424
2.60813e-09	-0.00229205
2.6082e-09	-0.00228984
2.60827e-09	-0.00228764
2.60834e-09	-0.00228544
2.60841e-09	-0.00228323
2.60848e-09	-0.00228102
2.60855e-09	-0.00227881
2.60862e-09	-0.0022766
2.60869e-09	-0.00227438
2.60876e-09	-0.00227216
2.60883e-09	-0.00226994
2.6089e-09	-0.00226772
2.60897e-09	-0.0022655
2.60905e-09	-0.00226327
2.60912e-09	-0.00226104
2.60919e-09	-0.00225881
2.60926e-09	-0.00225658
2.60933e-09	-0.00225435
2.6094e-09	-0.00225211
2.60947e-09	-0.00224987
2.60954e-09	-0.00224763
2.60961e-09	-0.00224539
2.60968e-09	-0.00224314
2.60975e-09	-0.0022409
2.60982e-09	-0.00223865
2.60989e-09	-0.0022364
2.60996e-09	-0.00223415
2.61004e-09	-0.00223189
2.61011e-09	-0.00222964
2.61018e-09	-0.00222738
2.61025e-09	-0.00222512
2.61032e-09	-0.00222285
2.61039e-09	-0.00222059
2.61046e-09	-0.00221832
2.61053e-09	-0.00221606
2.6106e-09	-0.00221379
2.61067e-09	-0.00221151
2.61074e-09	-0.00220924
2.61081e-09	-0.00220697
2.61088e-09	-0.00220469
2.61096e-09	-0.00220241
2.61103e-09	-0.00220013
2.6111e-09	-0.00219785
2.61117e-09	-0.00219556
2.61124e-09	-0.00219327
2.61131e-09	-0.00219099
2.61138e-09	-0.00218869
2.61145e-09	-0.0021864
2.61152e-09	-0.00218411
2.61159e-09	-0.00218181
2.61166e-09	-0.00217952
2.61173e-09	-0.00217722
2.6118e-09	-0.00217492
2.61187e-09	-0.00217261
2.61195e-09	-0.00217031
2.61202e-09	-0.002168
2.61209e-09	-0.00216569
2.61216e-09	-0.00216338
2.61223e-09	-0.00216107
2.6123e-09	-0.00215876
2.61237e-09	-0.00215645
2.61244e-09	-0.00215413
2.61251e-09	-0.00215181
2.61258e-09	-0.00214949
2.61265e-09	-0.00214717
2.61272e-09	-0.00214485
2.61279e-09	-0.00214252
2.61286e-09	-0.0021402
2.61294e-09	-0.00213787
2.61301e-09	-0.00213554
2.61308e-09	-0.00213321
2.61315e-09	-0.00213087
2.61322e-09	-0.00212854
2.61329e-09	-0.0021262
2.61336e-09	-0.00212386
2.61343e-09	-0.00212152
2.6135e-09	-0.00211918
2.61357e-09	-0.00211684
2.61364e-09	-0.0021145
2.61371e-09	-0.00211215
2.61378e-09	-0.0021098
2.61385e-09	-0.00210746
2.61393e-09	-0.00210511
2.614e-09	-0.00210275
2.61407e-09	-0.0021004
2.61414e-09	-0.00209805
2.61421e-09	-0.00209569
2.61428e-09	-0.00209333
2.61435e-09	-0.00209097
2.61442e-09	-0.00208861
2.61449e-09	-0.00208625
2.61456e-09	-0.00208389
2.61463e-09	-0.00208152
2.6147e-09	-0.00207916
2.61477e-09	-0.00207679
2.61485e-09	-0.00207442
2.61492e-09	-0.00207205
2.61499e-09	-0.00206968
2.61506e-09	-0.0020673
2.61513e-09	-0.00206493
2.6152e-09	-0.00206255
2.61527e-09	-0.00206017
2.61534e-09	-0.00205779
2.61541e-09	-0.00205541
2.61548e-09	-0.00205303
2.61555e-09	-0.00205065
2.61562e-09	-0.00204826
2.61569e-09	-0.00204588
2.61576e-09	-0.00204349
2.61584e-09	-0.0020411
2.61591e-09	-0.00203871
2.61598e-09	-0.00203632
2.61605e-09	-0.00203393
2.61612e-09	-0.00203154
2.61619e-09	-0.00202914
2.61626e-09	-0.00202674
2.61633e-09	-0.00202435
2.6164e-09	-0.00202195
2.61647e-09	-0.00201955
2.61654e-09	-0.00201715
2.61661e-09	-0.00201474
2.61668e-09	-0.00201234
2.61675e-09	-0.00200994
2.61683e-09	-0.00200753
2.6169e-09	-0.00200512
2.61697e-09	-0.00200271
2.61704e-09	-0.0020003
2.61711e-09	-0.00199789
2.61718e-09	-0.00199548
2.61725e-09	-0.00199307
2.61732e-09	-0.00199065
2.61739e-09	-0.00198824
2.61746e-09	-0.00198582
2.61753e-09	-0.0019834
2.6176e-09	-0.00198098
2.61767e-09	-0.00197856
2.61775e-09	-0.00197614
2.61782e-09	-0.00197372
2.61789e-09	-0.0019713
2.61796e-09	-0.00196887
2.61803e-09	-0.00196645
2.6181e-09	-0.00196402
2.61817e-09	-0.00196159
2.61824e-09	-0.00195917
2.61831e-09	-0.00195674
2.61838e-09	-0.0019543
2.61845e-09	-0.00195187
2.61852e-09	-0.00194944
2.61859e-09	-0.00194701
2.61866e-09	-0.00194457
2.61874e-09	-0.00194213
2.61881e-09	-0.0019397
2.61888e-09	-0.00193726
2.61895e-09	-0.00193482
2.61902e-09	-0.00193238
2.61909e-09	-0.00192994
2.61916e-09	-0.0019275
2.61923e-09	-0.00192506
2.6193e-09	-0.00192261
2.61937e-09	-0.00192017
2.61944e-09	-0.00191772
2.61951e-09	-0.00191527
2.61958e-09	-0.00191283
2.61965e-09	-0.00191038
2.61973e-09	-0.00190793
2.6198e-09	-0.00190548
2.61987e-09	-0.00190303
2.61994e-09	-0.00190058
2.62001e-09	-0.00189812
2.62008e-09	-0.00189567
2.62015e-09	-0.00189321
2.62022e-09	-0.00189076
2.62029e-09	-0.0018883
2.62036e-09	-0.00188585
2.62043e-09	-0.00188339
2.6205e-09	-0.00188093
2.62057e-09	-0.00187847
2.62064e-09	-0.00187601
2.62072e-09	-0.00187355
2.62079e-09	-0.00187109
2.62086e-09	-0.00186862
2.62093e-09	-0.00186616
2.621e-09	-0.00186369
2.62107e-09	-0.00186123
2.62114e-09	-0.00185876
2.62121e-09	-0.0018563
2.62128e-09	-0.00185383
2.62135e-09	-0.00185136
2.62142e-09	-0.00184889
2.62149e-09	-0.00184642
2.62156e-09	-0.00184395
2.62164e-09	-0.00184148
2.62171e-09	-0.00183901
2.62178e-09	-0.00183654
2.62185e-09	-0.00183406
2.62192e-09	-0.00183159
2.62199e-09	-0.00182911
2.62206e-09	-0.00182664
2.62213e-09	-0.00182416
2.6222e-09	-0.00182169
2.62227e-09	-0.00181921
2.62234e-09	-0.00181673
2.62241e-09	-0.00181425
2.62248e-09	-0.00181177
2.62255e-09	-0.00180929
2.62263e-09	-0.00180681
2.6227e-09	-0.00180433
2.62277e-09	-0.00180185
2.62284e-09	-0.00179937
2.62291e-09	-0.00179688
2.62298e-09	-0.0017944
2.62305e-09	-0.00179192
2.62312e-09	-0.00178943
2.62319e-09	-0.00178695
2.62326e-09	-0.00178446
2.62333e-09	-0.00178198
2.6234e-09	-0.00177949
2.62347e-09	-0.001777
2.62354e-09	-0.00177451
2.62362e-09	-0.00177203
2.62369e-09	-0.00176954
2.62376e-09	-0.00176705
2.62383e-09	-0.00176456
2.6239e-09	-0.00176207
2.62397e-09	-0.00175958
2.62404e-09	-0.00175708
2.62411e-09	-0.00175459
2.62418e-09	-0.0017521
2.62425e-09	-0.00174961
2.62432e-09	-0.00174711
2.62439e-09	-0.00174462
2.62446e-09	-0.00174213
2.62454e-09	-0.00173963
2.62461e-09	-0.00173714
2.62468e-09	-0.00173464
2.62475e-09	-0.00173214
2.62482e-09	-0.00172965
2.62489e-09	-0.00172715
2.62496e-09	-0.00172466
2.62503e-09	-0.00172216
2.6251e-09	-0.00171966
2.62517e-09	-0.00171716
2.62524e-09	-0.00171466
2.62531e-09	-0.00171216
2.62538e-09	-0.00170966
2.62545e-09	-0.00170717
2.62553e-09	-0.00170467
2.6256e-09	-0.00170216
2.62567e-09	-0.00169966
2.62574e-09	-0.00169716
2.62581e-09	-0.00169466
2.62588e-09	-0.00169216
2.62595e-09	-0.00168966
2.62602e-09	-0.00168716
2.62609e-09	-0.00168465
2.62616e-09	-0.00168215
2.62623e-09	-0.00167965
2.6263e-09	-0.00167714
2.62637e-09	-0.00167464
2.62644e-09	-0.00167214
2.62652e-09	-0.00166963
2.62659e-09	-0.00166713
2.62666e-09	-0.00166462
2.62673e-09	-0.00166212
2.6268e-09	-0.00165961
2.62687e-09	-0.00165711
2.62694e-09	-0.0016546
2.62701e-09	-0.0016521
2.62708e-09	-0.00164959
2.62715e-09	-0.00164709
2.62722e-09	-0.00164458
2.62729e-09	-0.00164207
2.62736e-09	-0.00163957
2.62743e-09	-0.00163706
2.62751e-09	-0.00163455
2.62758e-09	-0.00163204
2.62765e-09	-0.00162954
2.62772e-09	-0.00162703
2.62779e-09	-0.00162452
2.62786e-09	-0.00162201
2.62793e-09	-0.00161951
2.628e-09	-0.001617
2.62807e-09	-0.00161449
2.62814e-09	-0.00161198
2.62821e-09	-0.00160947
2.62828e-09	-0.00160697
2.62835e-09	-0.00160446
2.62843e-09	-0.00160195
2.6285e-09	-0.00159944
2.62857e-09	-0.00159693
2.62864e-09	-0.00159442
2.62871e-09	-0.00159191
2.62878e-09	-0.00158941
2.62885e-09	-0.0015869
2.62892e-09	-0.00158439
2.62899e-09	-0.00158188
2.62906e-09	-0.00157937
2.62913e-09	-0.00157686
2.6292e-09	-0.00157435
2.62927e-09	-0.00157184
2.62934e-09	-0.00156933
2.62942e-09	-0.00156682
2.62949e-09	-0.00156431
2.62956e-09	-0.00156181
2.62963e-09	-0.0015593
2.6297e-09	-0.00155679
2.62977e-09	-0.00155428
2.62984e-09	-0.00155177
2.62991e-09	-0.00154926
2.62998e-09	-0.00154675
2.63005e-09	-0.00154424
2.63012e-09	-0.00154173
2.63019e-09	-0.00153923
2.63026e-09	-0.00153672
2.63033e-09	-0.00153421
2.63041e-09	-0.0015317
2.63048e-09	-0.00152919
2.63055e-09	-0.00152668
2.63062e-09	-0.00152418
2.63069e-09	-0.00152167
2.63076e-09	-0.00151916
2.63083e-09	-0.00151665
2.6309e-09	-0.00151414
2.63097e-09	-0.00151164
2.63104e-09	-0.00150913
2.63111e-09	-0.00150662
2.63118e-09	-0.00150412
2.63125e-09	-0.00150161
2.63133e-09	-0.0014991
2.6314e-09	-0.0014966
2.63147e-09	-0.00149409
2.63154e-09	-0.00149158
2.63161e-09	-0.00148908
2.63168e-09	-0.00148657
2.63175e-09	-0.00148407
2.63182e-09	-0.00148156
2.63189e-09	-0.00147905
2.63196e-09	-0.00147655
2.63203e-09	-0.00147404
2.6321e-09	-0.00147154
2.63217e-09	-0.00146904
2.63224e-09	-0.00146653
2.63232e-09	-0.00146403
2.63239e-09	-0.00146152
2.63246e-09	-0.00145902
2.63253e-09	-0.00145652
2.6326e-09	-0.00145402
2.63267e-09	-0.00145151
2.63274e-09	-0.00144901
2.63281e-09	-0.00144651
2.63288e-09	-0.00144401
2.63295e-09	-0.00144151
2.63302e-09	-0.001439
2.63309e-09	-0.0014365
2.63316e-09	-0.001434
2.63323e-09	-0.0014315
2.63331e-09	-0.001429
2.63338e-09	-0.0014265
2.63345e-09	-0.001424
2.63352e-09	-0.00142151
2.63359e-09	-0.00141901
2.63366e-09	-0.00141651
2.63373e-09	-0.00141401
2.6338e-09	-0.00141151
2.63387e-09	-0.00140902
2.63394e-09	-0.00140652
2.63401e-09	-0.00140402
2.63408e-09	-0.00140153
2.63415e-09	-0.00139903
2.63422e-09	-0.00139654
2.6343e-09	-0.00139404
2.63437e-09	-0.00139155
2.63444e-09	-0.00138906
2.63451e-09	-0.00138656
2.63458e-09	-0.00138407
2.63465e-09	-0.00138158
2.63472e-09	-0.00137908
2.63479e-09	-0.00137659
2.63486e-09	-0.0013741
2.63493e-09	-0.00137161
2.635e-09	-0.00136912
2.63507e-09	-0.00136663
2.63514e-09	-0.00136414
2.63522e-09	-0.00136165
2.63529e-09	-0.00135916
2.63536e-09	-0.00135667
2.63543e-09	-0.00135419
2.6355e-09	-0.0013517
2.63557e-09	-0.00134921
2.63564e-09	-0.00134673
2.63571e-09	-0.00134424
2.63578e-09	-0.00134176
2.63585e-09	-0.00133927
2.63592e-09	-0.00133679
2.63599e-09	-0.0013343
2.63606e-09	-0.00133182
2.63613e-09	-0.00132934
2.63621e-09	-0.00132686
2.63628e-09	-0.00132438
2.63635e-09	-0.0013219
2.63642e-09	-0.00131942
2.63649e-09	-0.00131694
2.63656e-09	-0.00131446
2.63663e-09	-0.00131198
2.6367e-09	-0.0013095
2.63677e-09	-0.00130702
2.63684e-09	-0.00130455
2.63691e-09	-0.00130207
2.63698e-09	-0.00129959
2.63705e-09	-0.00129712
2.63712e-09	-0.00129465
2.6372e-09	-0.00129217
2.63727e-09	-0.0012897
2.63734e-09	-0.00128723
2.63741e-09	-0.00128475
2.63748e-09	-0.00128228
2.63755e-09	-0.00127981
2.63762e-09	-0.00127734
2.63769e-09	-0.00127487
2.63776e-09	-0.00127241
2.63783e-09	-0.00126994
2.6379e-09	-0.00126747
2.63797e-09	-0.001265
2.63804e-09	-0.00126254
2.63811e-09	-0.00126007
2.63819e-09	-0.00125761
2.63826e-09	-0.00125514
2.63833e-09	-0.00125268
2.6384e-09	-0.00125022
2.63847e-09	-0.00124776
2.63854e-09	-0.0012453
2.63861e-09	-0.00124284
2.63868e-09	-0.00124038
2.63875e-09	-0.00123792
2.63882e-09	-0.00123546
2.63889e-09	-0.001233
2.63896e-09	-0.00123055
2.63903e-09	-0.00122809
2.63911e-09	-0.00122564
2.63918e-09	-0.00122318
2.63925e-09	-0.00122073
2.63932e-09	-0.00121827
2.63939e-09	-0.00121582
2.63946e-09	-0.00121337
2.63953e-09	-0.00121092
2.6396e-09	-0.00120847
2.63967e-09	-0.00120602
2.63974e-09	-0.00120357
2.63981e-09	-0.00120113
2.63988e-09	-0.00119868
2.63995e-09	-0.00119623
2.64002e-09	-0.00119379
2.6401e-09	-0.00119135
2.64017e-09	-0.0011889
2.64024e-09	-0.00118646
2.64031e-09	-0.00118402
2.64038e-09	-0.00118158
2.64045e-09	-0.00117914
2.64052e-09	-0.0011767
2.64059e-09	-0.00117426
2.64066e-09	-0.00117182
2.64073e-09	-0.00116939
2.6408e-09	-0.00116695
2.64087e-09	-0.00116452
2.64094e-09	-0.00116208
2.64101e-09	-0.00115965
2.64109e-09	-0.00115722
2.64116e-09	-0.00115479
2.64123e-09	-0.00115236
2.6413e-09	-0.00114993
2.64137e-09	-0.0011475
2.64144e-09	-0.00114507
2.64151e-09	-0.00114264
2.64158e-09	-0.00114022
2.64165e-09	-0.00113779
2.64172e-09	-0.00113537
2.64179e-09	-0.00113295
2.64186e-09	-0.00113052
2.64193e-09	-0.0011281
2.64201e-09	-0.00112568
2.64208e-09	-0.00112326
2.64215e-09	-0.00112084
2.64222e-09	-0.00111843
2.64229e-09	-0.00111601
2.64236e-09	-0.0011136
2.64243e-09	-0.00111118
2.6425e-09	-0.00110877
2.64257e-09	-0.00110635
2.64264e-09	-0.00110394
2.64271e-09	-0.00110153
2.64278e-09	-0.00109912
2.64285e-09	-0.00109671
2.64292e-09	-0.00109431
2.643e-09	-0.0010919
2.64307e-09	-0.0010895
2.64314e-09	-0.00108709
2.64321e-09	-0.00108469
2.64328e-09	-0.00108228
2.64335e-09	-0.00107988
2.64342e-09	-0.00107748
2.64349e-09	-0.00107508
2.64356e-09	-0.00107269
2.64363e-09	-0.00107029
2.6437e-09	-0.00106789
2.64377e-09	-0.0010655
2.64384e-09	-0.0010631
2.64391e-09	-0.00106071
2.64399e-09	-0.00105832
2.64406e-09	-0.00105593
2.64413e-09	-0.00105354
2.6442e-09	-0.00105115
2.64427e-09	-0.00104876
2.64434e-09	-0.00104637
2.64441e-09	-0.00104399
2.64448e-09	-0.0010416
2.64455e-09	-0.00103922
2.64462e-09	-0.00103684
2.64469e-09	-0.00103446
2.64476e-09	-0.00103208
2.64483e-09	-0.0010297
2.6449e-09	-0.00102732
2.64498e-09	-0.00102494
2.64505e-09	-0.00102257
2.64512e-09	-0.00102019
2.64519e-09	-0.00101782
2.64526e-09	-0.00101545
2.64533e-09	-0.00101308
2.6454e-09	-0.00101071
2.64547e-09	-0.00100834
2.64554e-09	-0.00100597
2.64561e-09	-0.00100361
2.64568e-09	-0.00100124
2.64575e-09	-0.000998876
2.64582e-09	-0.000996513
2.6459e-09	-0.000994152
2.64597e-09	-0.000991791
2.64604e-09	-0.000989432
2.64611e-09	-0.000987074
2.64618e-09	-0.000984717
2.64625e-09	-0.000982361
2.64632e-09	-0.000980007
2.64639e-09	-0.000977654
2.64646e-09	-0.000975301
2.64653e-09	-0.000972951
2.6466e-09	-0.000970601
2.64667e-09	-0.000968253
2.64674e-09	-0.000965905
2.64681e-09	-0.000963559
2.64689e-09	-0.000961215
2.64696e-09	-0.000958871
2.64703e-09	-0.000956529
2.6471e-09	-0.000954188
2.64717e-09	-0.000951848
2.64724e-09	-0.00094951
2.64731e-09	-0.000947172
2.64738e-09	-0.000944836
2.64745e-09	-0.000942502
2.64752e-09	-0.000940168
2.64759e-09	-0.000937836
2.64766e-09	-0.000935505
2.64773e-09	-0.000933175
2.6478e-09	-0.000930847
2.64788e-09	-0.00092852
2.64795e-09	-0.000926194
2.64802e-09	-0.00092387
2.64809e-09	-0.000921546
2.64816e-09	-0.000919224
2.64823e-09	-0.000916904
2.6483e-09	-0.000914585
2.64837e-09	-0.000912267
2.64844e-09	-0.00090995
2.64851e-09	-0.000907635
2.64858e-09	-0.000905321
2.64865e-09	-0.000903008
2.64872e-09	-0.000900697
2.6488e-09	-0.000898387
2.64887e-09	-0.000896078
2.64894e-09	-0.00089377
2.64901e-09	-0.000891464
2.64908e-09	-0.00088916
2.64915e-09	-0.000886857
2.64922e-09	-0.000884555
2.64929e-09	-0.000882254
2.64936e-09	-0.000879955
2.64943e-09	-0.000877657
2.6495e-09	-0.000875361
2.64957e-09	-0.000873065
2.64964e-09	-0.000870772
2.64971e-09	-0.000868479
2.64979e-09	-0.000866188
2.64986e-09	-0.000863899
2.64993e-09	-0.000861611
2.65e-09	-0.000859324
2.65007e-09	-0.000857038
2.65014e-09	-0.000854754
2.65021e-09	-0.000852472
2.65028e-09	-0.000850191
2.65035e-09	-0.000847911
2.65042e-09	-0.000845633
2.65049e-09	-0.000843356
2.65056e-09	-0.00084108
2.65063e-09	-0.000838806
2.6507e-09	-0.000836533
2.65078e-09	-0.000834262
2.65085e-09	-0.000831992
2.65092e-09	-0.000829724
2.65099e-09	-0.000827457
2.65106e-09	-0.000825192
2.65113e-09	-0.000822928
2.6512e-09	-0.000820665
2.65127e-09	-0.000818404
2.65134e-09	-0.000816145
2.65141e-09	-0.000813886
2.65148e-09	-0.00081163
2.65155e-09	-0.000809374
2.65162e-09	-0.000807121
2.65169e-09	-0.000804868
2.65177e-09	-0.000802618
2.65184e-09	-0.000800368
2.65191e-09	-0.000798121
2.65198e-09	-0.000795874
2.65205e-09	-0.000793629
2.65212e-09	-0.000791386
2.65219e-09	-0.000789144
2.65226e-09	-0.000786904
2.65233e-09	-0.000784665
2.6524e-09	-0.000782428
2.65247e-09	-0.000780192
2.65254e-09	-0.000777958
2.65261e-09	-0.000775725
2.65269e-09	-0.000773494
2.65276e-09	-0.000771264
2.65283e-09	-0.000769036
2.6529e-09	-0.000766809
2.65297e-09	-0.000764584
2.65304e-09	-0.00076236
2.65311e-09	-0.000760138
2.65318e-09	-0.000757918
2.65325e-09	-0.000755699
2.65332e-09	-0.000753481
2.65339e-09	-0.000751266
2.65346e-09	-0.000749051
2.65353e-09	-0.000746839
2.6536e-09	-0.000744627
2.65368e-09	-0.000742418
2.65375e-09	-0.00074021
2.65382e-09	-0.000738003
2.65389e-09	-0.000735798
2.65396e-09	-0.000733595
2.65403e-09	-0.000731393
2.6541e-09	-0.000729193
2.65417e-09	-0.000726995
2.65424e-09	-0.000724798
2.65431e-09	-0.000722602
2.65438e-09	-0.000720409
2.65445e-09	-0.000718216
2.65452e-09	-0.000716026
2.65459e-09	-0.000713837
2.65467e-09	-0.000711649
2.65474e-09	-0.000709464
2.65481e-09	-0.00070728
2.65488e-09	-0.000705097
2.65495e-09	-0.000702916
2.65502e-09	-0.000700737
2.65509e-09	-0.000698559
2.65516e-09	-0.000696383
2.65523e-09	-0.000694209
2.6553e-09	-0.000692036
2.65537e-09	-0.000689865
2.65544e-09	-0.000687695
2.65551e-09	-0.000685528
2.65558e-09	-0.000683361
2.65566e-09	-0.000681197
2.65573e-09	-0.000679034
2.6558e-09	-0.000676873
2.65587e-09	-0.000674713
2.65594e-09	-0.000672555
2.65601e-09	-0.000670399
2.65608e-09	-0.000668244
2.65615e-09	-0.000666091
2.65622e-09	-0.00066394
2.65629e-09	-0.000661791
2.65636e-09	-0.000659643
2.65643e-09	-0.000657497
2.6565e-09	-0.000655352
2.65658e-09	-0.000653209
2.65665e-09	-0.000651068
2.65672e-09	-0.000648928
2.65679e-09	-0.000646791
2.65686e-09	-0.000644655
2.65693e-09	-0.00064252
2.657e-09	-0.000640388
2.65707e-09	-0.000638257
2.65714e-09	-0.000636127
2.65721e-09	-0.000634
2.65728e-09	-0.000631874
2.65735e-09	-0.00062975
2.65742e-09	-0.000627627
2.65749e-09	-0.000625507
2.65757e-09	-0.000623388
2.65764e-09	-0.00062127
2.65771e-09	-0.000619155
2.65778e-09	-0.000617041
2.65785e-09	-0.000614929
2.65792e-09	-0.000612819
2.65799e-09	-0.00061071
2.65806e-09	-0.000608603
2.65813e-09	-0.000606498
2.6582e-09	-0.000604395
2.65827e-09	-0.000602293
2.65834e-09	-0.000600193
2.65841e-09	-0.000598095
2.65848e-09	-0.000595999
2.65856e-09	-0.000593904
2.65863e-09	-0.000591811
2.6587e-09	-0.00058972
2.65877e-09	-0.000587631
2.65884e-09	-0.000585543
2.65891e-09	-0.000583458
2.65898e-09	-0.000581374
2.65905e-09	-0.000579291
2.65912e-09	-0.000577211
2.65919e-09	-0.000575132
2.65926e-09	-0.000573055
2.65933e-09	-0.00057098
2.6594e-09	-0.000568907
2.65948e-09	-0.000566835
2.65955e-09	-0.000564766
2.65962e-09	-0.000562698
2.65969e-09	-0.000560632
2.65976e-09	-0.000558567
2.65983e-09	-0.000556505
2.6599e-09	-0.000554444
2.65997e-09	-0.000552385
2.66004e-09	-0.000550328
2.66011e-09	-0.000548273
2.66018e-09	-0.000546219
2.66025e-09	-0.000544167
2.66032e-09	-0.000542118
2.66039e-09	-0.000540069
2.66047e-09	-0.000538023
2.66054e-09	-0.000535979
2.66061e-09	-0.000533936
2.66068e-09	-0.000531896
2.66075e-09	-0.000529857
2.66082e-09	-0.00052782
2.66089e-09	-0.000525784
2.66096e-09	-0.000523751
2.66103e-09	-0.000521719
2.6611e-09	-0.00051969
2.66117e-09	-0.000517662
2.66124e-09	-0.000515636
2.66131e-09	-0.000513612
2.66138e-09	-0.000511589
2.66146e-09	-0.000509569
2.66153e-09	-0.00050755
2.6616e-09	-0.000505533
2.66167e-09	-0.000503519
2.66174e-09	-0.000501506
2.66181e-09	-0.000499494
2.66188e-09	-0.000497485
2.66195e-09	-0.000495478
2.66202e-09	-0.000493472
2.66209e-09	-0.000491468
2.66216e-09	-0.000489467
2.66223e-09	-0.000487467
2.6623e-09	-0.000485469
2.66237e-09	-0.000483472
2.66245e-09	-0.000481478
2.66252e-09	-0.000479486
2.66259e-09	-0.000477495
2.66266e-09	-0.000475506
2.66273e-09	-0.00047352
2.6628e-09	-0.000471535
2.66287e-09	-0.000469552
2.66294e-09	-0.000467571
2.66301e-09	-0.000465592
2.66308e-09	-0.000463615
2.66315e-09	-0.000461639
2.66322e-09	-0.000459666
2.66329e-09	-0.000457694
2.66337e-09	-0.000455725
2.66344e-09	-0.000453757
2.66351e-09	-0.000451791
2.66358e-09	-0.000449827
2.66365e-09	-0.000447865
2.66372e-09	-0.000445905
2.66379e-09	-0.000443947
2.66386e-09	-0.000441991
2.66393e-09	-0.000440037
2.664e-09	-0.000438084
2.66407e-09	-0.000436134
2.66414e-09	-0.000434185
2.66421e-09	-0.000432239
2.66428e-09	-0.000430294
2.66436e-09	-0.000428351
2.66443e-09	-0.000426411
2.6645e-09	-0.000424472
2.66457e-09	-0.000422535
2.66464e-09	-0.0004206
2.66471e-09	-0.000418667
2.66478e-09	-0.000416736
2.66485e-09	-0.000414807
2.66492e-09	-0.00041288
2.66499e-09	-0.000410955
2.66506e-09	-0.000409031
2.66513e-09	-0.00040711
2.6652e-09	-0.000405191
2.66527e-09	-0.000403273
2.66535e-09	-0.000401358
2.66542e-09	-0.000399445
2.66549e-09	-0.000397533
2.66556e-09	-0.000395624
2.66563e-09	-0.000393716
2.6657e-09	-0.000391811
2.66577e-09	-0.000389907
2.66584e-09	-0.000388005
2.66591e-09	-0.000386106
2.66598e-09	-0.000384208
2.66605e-09	-0.000382312
2.66612e-09	-0.000380419
2.66619e-09	-0.000378527
2.66627e-09	-0.000376637
2.66634e-09	-0.00037475
2.66641e-09	-0.000372864
2.66648e-09	-0.00037098
2.66655e-09	-0.000369098
2.66662e-09	-0.000367218
2.66669e-09	-0.000365341
2.66676e-09	-0.000363465
2.66683e-09	-0.000361591
2.6669e-09	-0.000359719
2.66697e-09	-0.000357849
2.66704e-09	-0.000355982
2.66711e-09	-0.000354116
2.66718e-09	-0.000352252
2.66726e-09	-0.00035039
2.66733e-09	-0.00034853
2.6674e-09	-0.000346673
2.66747e-09	-0.000344817
2.66754e-09	-0.000342963
2.66761e-09	-0.000341111
2.66768e-09	-0.000339262
2.66775e-09	-0.000337414
2.66782e-09	-0.000335568
2.66789e-09	-0.000333725
2.66796e-09	-0.000331883
2.66803e-09	-0.000330043
2.6681e-09	-0.000328206
2.66817e-09	-0.00032637
2.66825e-09	-0.000324537
2.66832e-09	-0.000322705
2.66839e-09	-0.000320876
2.66846e-09	-0.000319048
2.66853e-09	-0.000317223
2.6686e-09	-0.000315399
2.66867e-09	-0.000313578
2.66874e-09	-0.000311759
2.66881e-09	-0.000309941
2.66888e-09	-0.000308126
2.66895e-09	-0.000306313
2.66902e-09	-0.000304502
2.66909e-09	-0.000302693
2.66916e-09	-0.000300886
2.66924e-09	-0.000299081
2.66931e-09	-0.000297278
2.66938e-09	-0.000295477
2.66945e-09	-0.000293678
2.66952e-09	-0.000291881
2.66959e-09	-0.000290086
2.66966e-09	-0.000288294
2.66973e-09	-0.000286503
2.6698e-09	-0.000284714
2.66987e-09	-0.000282928
2.66994e-09	-0.000281143
2.67001e-09	-0.000279361
2.67008e-09	-0.000277581
2.67016e-09	-0.000275802
2.67023e-09	-0.000274026
2.6703e-09	-0.000272252
2.67037e-09	-0.00027048
2.67044e-09	-0.00026871
2.67051e-09	-0.000266942
2.67058e-09	-0.000265176
2.67065e-09	-0.000263412
2.67072e-09	-0.00026165
2.67079e-09	-0.000259891
2.67086e-09	-0.000258133
2.67093e-09	-0.000256378
2.671e-09	-0.000254624
2.67107e-09	-0.000252873
2.67115e-09	-0.000251124
2.67122e-09	-0.000249376
2.67129e-09	-0.000247631
2.67136e-09	-0.000245888
2.67143e-09	-0.000244147
2.6715e-09	-0.000242409
2.67157e-09	-0.000240672
2.67164e-09	-0.000238937
2.67171e-09	-0.000237205
2.67178e-09	-0.000235474
2.67185e-09	-0.000233746
2.67192e-09	-0.000232019
2.67199e-09	-0.000230295
2.67206e-09	-0.000228573
2.67214e-09	-0.000226853
2.67221e-09	-0.000225135
2.67228e-09	-0.000223419
2.67235e-09	-0.000221706
2.67242e-09	-0.000219994
2.67249e-09	-0.000218284
2.67256e-09	-0.000216577
2.67263e-09	-0.000214872
2.6727e-09	-0.000213168
2.67277e-09	-0.000211467
2.67284e-09	-0.000209768
2.67291e-09	-0.000208071
2.67298e-09	-0.000206377
2.67306e-09	-0.000204684
2.67313e-09	-0.000202993
2.6732e-09	-0.000201305
2.67327e-09	-0.000199619
2.67334e-09	-0.000197934
2.67341e-09	-0.000196252
2.67348e-09	-0.000194572
2.67355e-09	-0.000192894
2.67362e-09	-0.000191219
2.67369e-09	-0.000189545
2.67376e-09	-0.000187873
2.67383e-09	-0.000186204
2.6739e-09	-0.000184537
2.67397e-09	-0.000182872
2.67405e-09	-0.000181209
2.67412e-09	-0.000179548
2.67419e-09	-0.000177889
2.67426e-09	-0.000176232
2.67433e-09	-0.000174578
2.6744e-09	-0.000172925
2.67447e-09	-0.000171275
2.67454e-09	-0.000169627
2.67461e-09	-0.000167981
2.67468e-09	-0.000166337
2.67475e-09	-0.000164695
2.67482e-09	-0.000163055
2.67489e-09	-0.000161418
2.67496e-09	-0.000159782
2.67504e-09	-0.000158149
2.67511e-09	-0.000156518
2.67518e-09	-0.000154889
2.67525e-09	-0.000153262
2.67532e-09	-0.000151638
2.67539e-09	-0.000150015
2.67546e-09	-0.000148395
2.67553e-09	-0.000146776
2.6756e-09	-0.00014516
2.67567e-09	-0.000143546
2.67574e-09	-0.000141934
2.67581e-09	-0.000140325
2.67588e-09	-0.000138717
2.67595e-09	-0.000137112
2.67603e-09	-0.000135508
2.6761e-09	-0.000133907
2.67617e-09	-0.000132308
2.67624e-09	-0.000130711
2.67631e-09	-0.000129117
2.67638e-09	-0.000127524
2.67645e-09	-0.000125934
2.67652e-09	-0.000124346
2.67659e-09	-0.000122759
2.67666e-09	-0.000121175
2.67673e-09	-0.000119594
2.6768e-09	-0.000118014
2.67687e-09	-0.000116437
2.67695e-09	-0.000114861
2.67702e-09	-0.000113288
2.67709e-09	-0.000111717
2.67716e-09	-0.000110148
2.67723e-09	-0.000108581
2.6773e-09	-0.000107017
2.67737e-09	-0.000105454
2.67744e-09	-0.000103894
2.67751e-09	-0.000102336
2.67758e-09	-0.00010078
2.67765e-09	-9.92263e-05
2.67772e-09	-9.76747e-05
2.67779e-09	-9.61252e-05
2.67786e-09	-9.45779e-05
2.67794e-09	-9.30328e-05
2.67801e-09	-9.14898e-05
2.67808e-09	-8.9949e-05
2.67815e-09	-8.84103e-05
2.67822e-09	-8.68739e-05
2.67829e-09	-8.53395e-05
2.67836e-09	-8.38074e-05
2.67843e-09	-8.22774e-05
2.6785e-09	-8.07496e-05
2.67857e-09	-7.92239e-05
2.67864e-09	-7.77004e-05
2.67871e-09	-7.61791e-05
2.67878e-09	-7.46599e-05
2.67885e-09	-7.31429e-05
2.67893e-09	-7.16281e-05
2.679e-09	-7.01154e-05
2.67907e-09	-6.86049e-05
2.67914e-09	-6.70966e-05
2.67921e-09	-6.55904e-05
2.67928e-09	-6.40865e-05
2.67935e-09	-6.25846e-05
2.67942e-09	-6.1085e-05
2.67949e-09	-5.95875e-05
2.67956e-09	-5.80922e-05
2.67963e-09	-5.65991e-05
2.6797e-09	-5.51082e-05
2.67977e-09	-5.36194e-05
2.67984e-09	-5.21328e-05
2.67992e-09	-5.06483e-05
2.67999e-09	-4.91661e-05
2.68006e-09	-4.7686e-05
2.68013e-09	-4.62081e-05
2.6802e-09	-4.47323e-05
2.68027e-09	-4.32588e-05
2.68034e-09	-4.17874e-05
2.68041e-09	-4.03182e-05
2.68048e-09	-3.88512e-05
2.68055e-09	-3.73863e-05
2.68062e-09	-3.59236e-05
2.68069e-09	-3.44631e-05
2.68076e-09	-3.30048e-05
2.68084e-09	-3.15486e-05
2.68091e-09	-3.00947e-05
2.68098e-09	-2.86429e-05
2.68105e-09	-2.71933e-05
2.68112e-09	-2.57458e-05
2.68119e-09	-2.43006e-05
2.68126e-09	-2.28575e-05
2.68133e-09	-2.14166e-05
2.6814e-09	-1.99779e-05
2.68147e-09	-1.85413e-05
2.68154e-09	-1.7107e-05
2.68161e-09	-1.56748e-05
2.68168e-09	-1.42448e-05
2.68175e-09	-1.2817e-05
2.68183e-09	-1.13914e-05
2.6819e-09	-9.96791e-06
2.68197e-09	-8.54664e-06
2.68204e-09	-7.12755e-06
2.68211e-09	-5.71064e-06
2.68218e-09	-4.29591e-06
2.68225e-09	-2.88337e-06
2.68232e-09	-1.47301e-06
2.68239e-09	-6.48296e-08
2.68246e-09	1.34117e-06
2.68253e-09	2.74498e-06
2.6826e-09	4.14661e-06
2.68267e-09	5.54606e-06
2.68274e-09	6.94332e-06
2.68282e-09	8.33841e-06
2.68289e-09	9.7313e-06
2.68296e-09	1.1122e-05
2.68303e-09	1.25106e-05
2.6831e-09	1.38969e-05
2.68317e-09	1.52811e-05
2.68324e-09	1.6663e-05
2.68331e-09	1.80428e-05
2.68338e-09	1.94204e-05
2.68345e-09	2.07959e-05
2.68352e-09	2.21691e-05
2.68359e-09	2.35402e-05
2.68366e-09	2.49091e-05
2.68374e-09	2.62757e-05
2.68381e-09	2.76403e-05
2.68388e-09	2.90026e-05
2.68395e-09	3.03627e-05
2.68402e-09	3.17207e-05
2.68409e-09	3.30764e-05
2.68416e-09	3.443e-05
2.68423e-09	3.57814e-05
2.6843e-09	3.71306e-05
2.68437e-09	3.84777e-05
2.68444e-09	3.98225e-05
2.68451e-09	4.11652e-05
2.68458e-09	4.25056e-05
2.68465e-09	4.38439e-05
2.68473e-09	4.51801e-05
2.6848e-09	4.6514e-05
2.68487e-09	4.78457e-05
2.68494e-09	4.91753e-05
2.68501e-09	5.05026e-05
2.68508e-09	5.18278e-05
2.68515e-09	5.31508e-05
2.68522e-09	5.44716e-05
2.68529e-09	5.57903e-05
2.68536e-09	5.71067e-05
2.68543e-09	5.8421e-05
2.6855e-09	5.97331e-05
2.68557e-09	6.1043e-05
2.68564e-09	6.23507e-05
2.68572e-09	6.36562e-05
2.68579e-09	6.49596e-05
2.68586e-09	6.62607e-05
2.68593e-09	6.75597e-05
2.686e-09	6.88565e-05
2.68607e-09	7.01511e-05
2.68614e-09	7.14436e-05
2.68621e-09	7.27338e-05
2.68628e-09	7.40219e-05
2.68635e-09	7.53078e-05
2.68642e-09	7.65915e-05
2.68649e-09	7.7873e-05
2.68656e-09	7.91524e-05
2.68663e-09	8.04295e-05
2.68671e-09	8.17045e-05
2.68678e-09	8.29773e-05
2.68685e-09	8.42479e-05
2.68692e-09	8.55163e-05
2.68699e-09	8.67826e-05
2.68706e-09	8.80467e-05
2.68713e-09	8.93086e-05
2.6872e-09	9.05683e-05
2.68727e-09	9.18258e-05
2.68734e-09	9.30812e-05
2.68741e-09	9.43343e-05
2.68748e-09	9.55853e-05
2.68755e-09	9.68342e-05
2.68763e-09	9.80808e-05
2.6877e-09	9.93253e-05
2.68777e-09	0.000100568
2.68784e-09	0.000101808
2.68791e-09	0.000103046
2.68798e-09	0.000104281
2.68805e-09	0.000105515
2.68812e-09	0.000106746
2.68819e-09	0.000107976
2.68826e-09	0.000109203
2.68833e-09	0.000110427
2.6884e-09	0.00011165
2.68847e-09	0.000112871
2.68854e-09	0.000114089
2.68862e-09	0.000115305
2.68869e-09	0.000116519
2.68876e-09	0.000117731
2.68883e-09	0.000118941
2.6889e-09	0.000120148
2.68897e-09	0.000121353
2.68904e-09	0.000122556
2.68911e-09	0.000123757
2.68918e-09	0.000124956
2.68925e-09	0.000126153
2.68932e-09	0.000127347
2.68939e-09	0.00012854
2.68946e-09	0.00012973
2.68953e-09	0.000130918
2.68961e-09	0.000132103
2.68968e-09	0.000133287
2.68975e-09	0.000134468
2.68982e-09	0.000135648
2.68989e-09	0.000136825
2.68996e-09	0.000138
2.69003e-09	0.000139172
2.6901e-09	0.000140343
2.69017e-09	0.000141511
2.69024e-09	0.000142678
2.69031e-09	0.000143842
2.69038e-09	0.000145004
2.69045e-09	0.000146163
2.69053e-09	0.000147321
2.6906e-09	0.000148476
2.69067e-09	0.00014963
2.69074e-09	0.000150781
2.69081e-09	0.00015193
2.69088e-09	0.000153076
2.69095e-09	0.000154221
2.69102e-09	0.000155363
2.69109e-09	0.000156504
2.69116e-09	0.000157642
2.69123e-09	0.000158778
2.6913e-09	0.000159912
2.69137e-09	0.000161043
2.69144e-09	0.000162173
2.69152e-09	0.0001633
2.69159e-09	0.000164425
2.69166e-09	0.000165548
2.69173e-09	0.000166669
2.6918e-09	0.000167788
2.69187e-09	0.000168904
2.69194e-09	0.000170019
2.69201e-09	0.000171131
2.69208e-09	0.000172241
2.69215e-09	0.000173349
2.69222e-09	0.000174455
2.69229e-09	0.000175559
2.69236e-09	0.00017666
2.69243e-09	0.000177759
2.69251e-09	0.000178857
2.69258e-09	0.000179952
2.69265e-09	0.000181045
2.69272e-09	0.000182135
2.69279e-09	0.000183224
2.69286e-09	0.00018431
2.69293e-09	0.000185395
2.693e-09	0.000186477
2.69307e-09	0.000187557
2.69314e-09	0.000188635
2.69321e-09	0.00018971
2.69328e-09	0.000190784
2.69335e-09	0.000191855
2.69342e-09	0.000192925
2.6935e-09	0.000193992
2.69357e-09	0.000195057
2.69364e-09	0.00019612
2.69371e-09	0.00019718
2.69378e-09	0.000198239
2.69385e-09	0.000199296
2.69392e-09	0.00020035
2.69399e-09	0.000201402
2.69406e-09	0.000202452
2.69413e-09	0.0002035
2.6942e-09	0.000204546
2.69427e-09	0.000205589
2.69434e-09	0.000206631
2.69442e-09	0.00020767
2.69449e-09	0.000208708
2.69456e-09	0.000209743
2.69463e-09	0.000210776
2.6947e-09	0.000211807
2.69477e-09	0.000212835
2.69484e-09	0.000213862
2.69491e-09	0.000214886
2.69498e-09	0.000215909
2.69505e-09	0.000216929
2.69512e-09	0.000217947
2.69519e-09	0.000218963
2.69526e-09	0.000219977
2.69533e-09	0.000220989
2.69541e-09	0.000221998
2.69548e-09	0.000223006
2.69555e-09	0.000224011
2.69562e-09	0.000225014
2.69569e-09	0.000226015
2.69576e-09	0.000227014
2.69583e-09	0.000228011
2.6959e-09	0.000229006
2.69597e-09	0.000229999
2.69604e-09	0.000230989
2.69611e-09	0.000231978
2.69618e-09	0.000232964
2.69625e-09	0.000233948
2.69632e-09	0.00023493
2.6964e-09	0.00023591
2.69647e-09	0.000236888
2.69654e-09	0.000237864
2.69661e-09	0.000238837
2.69668e-09	0.000239809
2.69675e-09	0.000240778
2.69682e-09	0.000241746
2.69689e-09	0.000242711
2.69696e-09	0.000243674
2.69703e-09	0.000244635
2.6971e-09	0.000245594
2.69717e-09	0.000246551
2.69724e-09	0.000247505
2.69732e-09	0.000248458
2.69739e-09	0.000249409
2.69746e-09	0.000250357
2.69753e-09	0.000251303
2.6976e-09	0.000252247
2.69767e-09	0.00025319
2.69774e-09	0.00025413
2.69781e-09	0.000255068
2.69788e-09	0.000256003
2.69795e-09	0.000256937
2.69802e-09	0.000257869
2.69809e-09	0.000258798
2.69816e-09	0.000259726
2.69823e-09	0.000260651
2.69831e-09	0.000261574
2.69838e-09	0.000262496
2.69845e-09	0.000263415
2.69852e-09	0.000264332
2.69859e-09	0.000265247
2.69866e-09	0.00026616
2.69873e-09	0.00026707
2.6988e-09	0.000267979
2.69887e-09	0.000268886
2.69894e-09	0.00026979
2.69901e-09	0.000270693
2.69908e-09	0.000271593
2.69915e-09	0.000272492
2.69922e-09	0.000273388
2.6993e-09	0.000274282
2.69937e-09	0.000275174
2.69944e-09	0.000276064
2.69951e-09	0.000276952
2.69958e-09	0.000277838
2.69965e-09	0.000278722
2.69972e-09	0.000279603
2.69979e-09	0.000280483
2.69986e-09	0.000281361
2.69993e-09	0.000282236
2.7e-09	0.00028311
2.70007e-09	0.000283981
2.70014e-09	0.000284851
2.70021e-09	0.000285718
2.70029e-09	0.000286583
2.70036e-09	0.000287446
2.70043e-09	0.000288307
2.7005e-09	0.000289166
2.70057e-09	0.000290023
2.70064e-09	0.000290878
2.70071e-09	0.000291731
2.70078e-09	0.000292582
2.70085e-09	0.000293431
2.70092e-09	0.000294278
2.70099e-09	0.000295122
2.70106e-09	0.000295965
2.70113e-09	0.000296805
2.70121e-09	0.000297644
2.70128e-09	0.000298481
2.70135e-09	0.000299315
2.70142e-09	0.000300147
2.70149e-09	0.000300978
2.70156e-09	0.000301806
2.70163e-09	0.000302632
2.7017e-09	0.000303457
2.70177e-09	0.000304279
2.70184e-09	0.000305099
2.70191e-09	0.000305917
2.70198e-09	0.000306733
2.70205e-09	0.000307547
2.70212e-09	0.000308359
2.7022e-09	0.000309169
2.70227e-09	0.000309977
2.70234e-09	0.000310783
2.70241e-09	0.000311587
2.70248e-09	0.000312389
2.70255e-09	0.000313189
2.70262e-09	0.000313987
2.70269e-09	0.000314783
2.70276e-09	0.000315577
2.70283e-09	0.000316368
2.7029e-09	0.000317158
2.70297e-09	0.000317946
2.70304e-09	0.000318732
2.70311e-09	0.000319515
2.70319e-09	0.000320297
2.70326e-09	0.000321077
2.70333e-09	0.000321854
2.7034e-09	0.00032263
2.70347e-09	0.000323404
2.70354e-09	0.000324175
2.70361e-09	0.000324945
2.70368e-09	0.000325712
2.70375e-09	0.000326478
2.70382e-09	0.000327242
2.70389e-09	0.000328003
2.70396e-09	0.000328763
2.70403e-09	0.000329521
2.7041e-09	0.000330276
2.70418e-09	0.00033103
2.70425e-09	0.000331781
2.70432e-09	0.000332531
2.70439e-09	0.000333279
2.70446e-09	0.000334024
2.70453e-09	0.000334768
2.7046e-09	0.00033551
2.70467e-09	0.000336249
2.70474e-09	0.000336987
2.70481e-09	0.000337723
2.70488e-09	0.000338456
2.70495e-09	0.000339188
2.70502e-09	0.000339918
2.7051e-09	0.000340645
2.70517e-09	0.000341371
2.70524e-09	0.000342095
2.70531e-09	0.000342817
2.70538e-09	0.000343537
2.70545e-09	0.000344255
2.70552e-09	0.00034497
2.70559e-09	0.000345684
2.70566e-09	0.000346396
2.70573e-09	0.000347106
2.7058e-09	0.000347814
2.70587e-09	0.00034852
2.70594e-09	0.000349224
2.70601e-09	0.000349926
2.70609e-09	0.000350627
2.70616e-09	0.000351325
2.70623e-09	0.000352021
2.7063e-09	0.000352715
2.70637e-09	0.000353408
2.70644e-09	0.000354098
2.70651e-09	0.000354786
2.70658e-09	0.000355473
2.70665e-09	0.000356157
2.70672e-09	0.00035684
2.70679e-09	0.00035752
2.70686e-09	0.000358199
2.70693e-09	0.000358876
2.707e-09	0.00035955
2.70708e-09	0.000360223
2.70715e-09	0.000360894
2.70722e-09	0.000361563
2.70729e-09	0.00036223
2.70736e-09	0.000362895
2.70743e-09	0.000363558
2.7075e-09	0.000364219
2.70757e-09	0.000364878
2.70764e-09	0.000365535
2.70771e-09	0.000366191
2.70778e-09	0.000366844
2.70785e-09	0.000367496
2.70792e-09	0.000368145
2.708e-09	0.000368793
2.70807e-09	0.000369438
2.70814e-09	0.000370082
2.70821e-09	0.000370724
2.70828e-09	0.000371364
2.70835e-09	0.000372002
2.70842e-09	0.000372638
2.70849e-09	0.000373272
2.70856e-09	0.000373904
2.70863e-09	0.000374535
2.7087e-09	0.000375163
2.70877e-09	0.00037579
2.70884e-09	0.000376414
2.70891e-09	0.000377037
2.70899e-09	0.000377658
2.70906e-09	0.000378276
2.70913e-09	0.000378893
2.7092e-09	0.000379508
2.70927e-09	0.000380122
2.70934e-09	0.000380733
2.70941e-09	0.000381342
2.70948e-09	0.00038195
2.70955e-09	0.000382555
2.70962e-09	0.000383159
2.70969e-09	0.000383761
2.70976e-09	0.00038436
2.70983e-09	0.000384958
2.7099e-09	0.000385555
2.70998e-09	0.000386149
2.71005e-09	0.000386741
2.71012e-09	0.000387332
2.71019e-09	0.00038792
2.71026e-09	0.000388507
2.71033e-09	0.000389092
2.7104e-09	0.000389674
2.71047e-09	0.000390255
2.71054e-09	0.000390835
2.71061e-09	0.000391412
2.71068e-09	0.000391987
2.71075e-09	0.000392561
2.71082e-09	0.000393132
2.71089e-09	0.000393702
2.71097e-09	0.00039427
2.71104e-09	0.000394836
2.71111e-09	0.0003954
2.71118e-09	0.000395963
2.71125e-09	0.000396523
2.71132e-09	0.000397082
2.71139e-09	0.000397639
2.71146e-09	0.000398193
2.71153e-09	0.000398747
2.7116e-09	0.000399298
2.71167e-09	0.000399847
2.71174e-09	0.000400395
2.71181e-09	0.00040094
2.71189e-09	0.000401484
2.71196e-09	0.000402026
2.71203e-09	0.000402566
2.7121e-09	0.000403104
2.71217e-09	0.000403641
2.71224e-09	0.000404175
2.71231e-09	0.000404708
2.71238e-09	0.000405239
2.71245e-09	0.000405768
2.71252e-09	0.000406295
2.71259e-09	0.000406821
2.71266e-09	0.000407344
2.71273e-09	0.000407866
2.7128e-09	0.000408386
2.71288e-09	0.000408904
2.71295e-09	0.00040942
2.71302e-09	0.000409934
2.71309e-09	0.000410447
2.71316e-09	0.000410958
2.71323e-09	0.000411467
2.7133e-09	0.000411974
2.71337e-09	0.000412479
2.71344e-09	0.000412983
2.71351e-09	0.000413485
2.71358e-09	0.000413984
2.71365e-09	0.000414483
2.71372e-09	0.000414979
2.71379e-09	0.000415473
2.71387e-09	0.000415966
2.71394e-09	0.000416457
2.71401e-09	0.000416946
2.71408e-09	0.000417433
2.71415e-09	0.000417919
2.71422e-09	0.000418402
2.71429e-09	0.000418884
2.71436e-09	0.000419364
2.71443e-09	0.000419843
2.7145e-09	0.000420319
2.71457e-09	0.000420794
2.71464e-09	0.000421267
2.71471e-09	0.000421738
2.71479e-09	0.000422207
2.71486e-09	0.000422675
2.71493e-09	0.000423141
2.715e-09	0.000423605
2.71507e-09	0.000424067
2.71514e-09	0.000424527
2.71521e-09	0.000424986
2.71528e-09	0.000425443
2.71535e-09	0.000425898
2.71542e-09	0.000426352
2.71549e-09	0.000426803
2.71556e-09	0.000427253
2.71563e-09	0.000427701
2.7157e-09	0.000428147
2.71578e-09	0.000428592
2.71585e-09	0.000429035
2.71592e-09	0.000429476
2.71599e-09	0.000429915
2.71606e-09	0.000430353
2.71613e-09	0.000430788
2.7162e-09	0.000431223
2.71627e-09	0.000431655
2.71634e-09	0.000432085
2.71641e-09	0.000432514
2.71648e-09	0.000432941
2.71655e-09	0.000433366
2.71662e-09	0.00043379
2.71669e-09	0.000434212
2.71677e-09	0.000434632
2.71684e-09	0.00043505
2.71691e-09	0.000435467
2.71698e-09	0.000435882
2.71705e-09	0.000436295
2.71712e-09	0.000436706
2.71719e-09	0.000437116
2.71726e-09	0.000437524
2.71733e-09	0.00043793
2.7174e-09	0.000438335
2.71747e-09	0.000438738
2.71754e-09	0.000439139
2.71761e-09	0.000439538
2.71768e-09	0.000439936
2.71776e-09	0.000440332
2.71783e-09	0.000440726
2.7179e-09	0.000441118
2.71797e-09	0.000441509
2.71804e-09	0.000441898
2.71811e-09	0.000442286
2.71818e-09	0.000442671
2.71825e-09	0.000443055
2.71832e-09	0.000443438
2.71839e-09	0.000443818
2.71846e-09	0.000444197
2.71853e-09	0.000444574
2.7186e-09	0.00044495
2.71868e-09	0.000445324
2.71875e-09	0.000445696
2.71882e-09	0.000446066
2.71889e-09	0.000446435
2.71896e-09	0.000446802
2.71903e-09	0.000447167
2.7191e-09	0.000447531
2.71917e-09	0.000447893
2.71924e-09	0.000448254
2.71931e-09	0.000448612
2.71938e-09	0.000448969
2.71945e-09	0.000449324
2.71952e-09	0.000449678
2.71959e-09	0.00045003
2.71967e-09	0.00045038
2.71974e-09	0.000450729
2.71981e-09	0.000451076
2.71988e-09	0.000451421
2.71995e-09	0.000451765
2.72002e-09	0.000452107
2.72009e-09	0.000452447
2.72016e-09	0.000452786
2.72023e-09	0.000453123
2.7203e-09	0.000453458
2.72037e-09	0.000453792
2.72044e-09	0.000454124
2.72051e-09	0.000454455
2.72058e-09	0.000454783
2.72066e-09	0.000455111
2.72073e-09	0.000455436
2.7208e-09	0.00045576
2.72087e-09	0.000456082
2.72094e-09	0.000456403
2.72101e-09	0.000456722
2.72108e-09	0.000457039
2.72115e-09	0.000457355
2.72122e-09	0.000457669
2.72129e-09	0.000457981
2.72136e-09	0.000458292
2.72143e-09	0.000458601
2.7215e-09	0.000458909
2.72158e-09	0.000459215
2.72165e-09	0.000459519
2.72172e-09	0.000459822
2.72179e-09	0.000460123
2.72186e-09	0.000460422
2.72193e-09	0.00046072
2.722e-09	0.000461016
2.72207e-09	0.000461311
2.72214e-09	0.000461604
2.72221e-09	0.000461896
2.72228e-09	0.000462185
2.72235e-09	0.000462474
2.72242e-09	0.00046276
2.72249e-09	0.000463045
2.72257e-09	0.000463329
2.72264e-09	0.000463611
2.72271e-09	0.000463891
2.72278e-09	0.00046417
2.72285e-09	0.000464447
2.72292e-09	0.000464722
2.72299e-09	0.000464996
2.72306e-09	0.000465268
2.72313e-09	0.000465539
2.7232e-09	0.000465808
2.72327e-09	0.000466076
2.72334e-09	0.000466342
2.72341e-09	0.000466606
2.72348e-09	0.000466869
2.72356e-09	0.000467131
2.72363e-09	0.00046739
2.7237e-09	0.000467648
2.72377e-09	0.000467905
2.72384e-09	0.00046816
2.72391e-09	0.000468414
2.72398e-09	0.000468666
2.72405e-09	0.000468916
2.72412e-09	0.000469165
2.72419e-09	0.000469412
2.72426e-09	0.000469658
2.72433e-09	0.000469902
2.7244e-09	0.000470144
2.72447e-09	0.000470386
2.72455e-09	0.000470625
2.72462e-09	0.000470863
2.72469e-09	0.000471099
2.72476e-09	0.000471334
2.72483e-09	0.000471568
2.7249e-09	0.000471799
2.72497e-09	0.00047203
2.72504e-09	0.000472259
2.72511e-09	0.000472486
2.72518e-09	0.000472711
2.72525e-09	0.000472936
2.72532e-09	0.000473158
2.72539e-09	0.000473379
2.72547e-09	0.000473599
2.72554e-09	0.000473817
2.72561e-09	0.000474034
2.72568e-09	0.000474249
2.72575e-09	0.000474462
2.72582e-09	0.000474674
2.72589e-09	0.000474885
2.72596e-09	0.000475094
2.72603e-09	0.000475301
2.7261e-09	0.000475507
2.72617e-09	0.000475712
2.72624e-09	0.000475915
2.72631e-09	0.000476116
2.72638e-09	0.000476316
2.72646e-09	0.000476515
2.72653e-09	0.000476712
2.7266e-09	0.000476907
2.72667e-09	0.000477102
2.72674e-09	0.000477294
2.72681e-09	0.000477485
2.72688e-09	0.000477675
2.72695e-09	0.000477863
2.72702e-09	0.000478049
2.72709e-09	0.000478235
2.72716e-09	0.000478418
2.72723e-09	0.0004786
2.7273e-09	0.000478781
2.72737e-09	0.00047896
2.72745e-09	0.000479138
2.72752e-09	0.000479315
2.72759e-09	0.000479489
2.72766e-09	0.000479663
2.72773e-09	0.000479835
2.7278e-09	0.000480005
2.72787e-09	0.000480174
2.72794e-09	0.000480342
2.72801e-09	0.000480508
2.72808e-09	0.000480673
2.72815e-09	0.000480836
2.72822e-09	0.000480997
2.72829e-09	0.000481158
2.72836e-09	0.000481317
2.72844e-09	0.000481474
2.72851e-09	0.00048163
2.72858e-09	0.000481785
2.72865e-09	0.000481938
2.72872e-09	0.000482089
2.72879e-09	0.00048224
2.72886e-09	0.000482388
2.72893e-09	0.000482536
2.729e-09	0.000482682
2.72907e-09	0.000482826
2.72914e-09	0.000482969
2.72921e-09	0.000483111
2.72928e-09	0.000483251
2.72936e-09	0.00048339
2.72943e-09	0.000483528
2.7295e-09	0.000483664
2.72957e-09	0.000483798
2.72964e-09	0.000483931
2.72971e-09	0.000484063
2.72978e-09	0.000484194
2.72985e-09	0.000484323
2.72992e-09	0.00048445
2.72999e-09	0.000484576
2.73006e-09	0.000484701
2.73013e-09	0.000484824
2.7302e-09	0.000484946
2.73027e-09	0.000485067
2.73035e-09	0.000485186
2.73042e-09	0.000485304
2.73049e-09	0.00048542
2.73056e-09	0.000485535
2.73063e-09	0.000485649
2.7307e-09	0.000485761
2.73077e-09	0.000485872
2.73084e-09	0.000485982
2.73091e-09	0.00048609
2.73098e-09	0.000486197
2.73105e-09	0.000486302
2.73112e-09	0.000486406
2.73119e-09	0.000486509
2.73126e-09	0.00048661
2.73134e-09	0.00048671
2.73141e-09	0.000486809
2.73148e-09	0.000486906
2.73155e-09	0.000487002
2.73162e-09	0.000487096
2.73169e-09	0.000487189
2.73176e-09	0.000487281
2.73183e-09	0.000487371
2.7319e-09	0.00048746
2.73197e-09	0.000487548
2.73204e-09	0.000487635
2.73211e-09	0.00048772
2.73218e-09	0.000487803
2.73226e-09	0.000487886
2.73233e-09	0.000487967
2.7324e-09	0.000488046
2.73247e-09	0.000488125
2.73254e-09	0.000488202
2.73261e-09	0.000488277
2.73268e-09	0.000488352
2.73275e-09	0.000488425
2.73282e-09	0.000488496
2.73289e-09	0.000488567
2.73296e-09	0.000488636
2.73303e-09	0.000488704
2.7331e-09	0.00048877
2.73317e-09	0.000488835
2.73325e-09	0.000488899
2.73332e-09	0.000488961
2.73339e-09	0.000489023
2.73346e-09	0.000489083
2.73353e-09	0.000489141
2.7336e-09	0.000489198
2.73367e-09	0.000489254
2.73374e-09	0.000489309
2.73381e-09	0.000489362
2.73388e-09	0.000489414
2.73395e-09	0.000489465
2.73402e-09	0.000489515
2.73409e-09	0.000489563
2.73416e-09	0.00048961
2.73424e-09	0.000489655
2.73431e-09	0.0004897
2.73438e-09	0.000489743
2.73445e-09	0.000489785
2.73452e-09	0.000489825
2.73459e-09	0.000489864
2.73466e-09	0.000489902
2.73473e-09	0.000489939
2.7348e-09	0.000489974
2.73487e-09	0.000490009
2.73494e-09	0.000490041
2.73501e-09	0.000490073
2.73508e-09	0.000490103
2.73515e-09	0.000490132
2.73523e-09	0.00049016
2.7353e-09	0.000490187
2.73537e-09	0.000490212
2.73544e-09	0.000490236
2.73551e-09	0.000490259
2.73558e-09	0.000490281
2.73565e-09	0.000490301
2.73572e-09	0.00049032
2.73579e-09	0.000490338
2.73586e-09	0.000490354
2.73593e-09	0.00049037
2.736e-09	0.000490384
2.73607e-09	0.000490397
2.73615e-09	0.000490408
2.73622e-09	0.000490419
2.73629e-09	0.000490428
2.73636e-09	0.000490436
2.73643e-09	0.000490442
2.7365e-09	0.000490448
2.73657e-09	0.000490452
2.73664e-09	0.000490455
2.73671e-09	0.000490457
2.73678e-09	0.000490458
2.73685e-09	0.000490457
2.73692e-09	0.000490455
2.73699e-09	0.000490452
2.73706e-09	0.000490448
2.73714e-09	0.000490443
2.73721e-09	0.000490436
2.73728e-09	0.000490428
2.73735e-09	0.000490419
2.73742e-09	0.000490409
2.73749e-09	0.000490397
2.73756e-09	0.000490385
2.73763e-09	0.000490371
2.7377e-09	0.000490356
2.73777e-09	0.00049034
2.73784e-09	0.000490322
2.73791e-09	0.000490304
2.73798e-09	0.000490284
2.73805e-09	0.000490263
2.73813e-09	0.000490241
2.7382e-09	0.000490217
2.73827e-09	0.000490193
2.73834e-09	0.000490167
2.73841e-09	0.00049014
2.73848e-09	0.000490112
2.73855e-09	0.000490083
2.73862e-09	0.000490053
2.73869e-09	0.000490021
2.73876e-09	0.000489989
2.73883e-09	0.000489955
2.7389e-09	0.00048992
2.73897e-09	0.000489884
2.73905e-09	0.000489847
2.73912e-09	0.000489808
2.73919e-09	0.000489768
2.73926e-09	0.000489728
2.73933e-09	0.000489686
2.7394e-09	0.000489643
2.73947e-09	0.000489599
2.73954e-09	0.000489553
2.73961e-09	0.000489507
2.73968e-09	0.000489459
2.73975e-09	0.00048941
2.73982e-09	0.000489361
2.73989e-09	0.00048931
2.73996e-09	0.000489257
2.74004e-09	0.000489204
2.74011e-09	0.00048915
2.74018e-09	0.000489094
2.74025e-09	0.000489038
2.74032e-09	0.00048898
2.74039e-09	0.000488921
2.74046e-09	0.000488861
2.74053e-09	0.0004888
2.7406e-09	0.000488738
2.74067e-09	0.000488674
2.74074e-09	0.00048861
2.74081e-09	0.000488544
2.74088e-09	0.000488478
2.74095e-09	0.00048841
2.74103e-09	0.000488341
2.7411e-09	0.000488271
2.74117e-09	0.0004882
2.74124e-09	0.000488128
2.74131e-09	0.000488055
2.74138e-09	0.000487981
2.74145e-09	0.000487905
2.74152e-09	0.000487829
2.74159e-09	0.000487751
2.74166e-09	0.000487672
2.74173e-09	0.000487593
2.7418e-09	0.000487512
2.74187e-09	0.00048743
2.74194e-09	0.000487347
2.74202e-09	0.000487263
2.74209e-09	0.000487178
2.74216e-09	0.000487092
2.74223e-09	0.000487004
2.7423e-09	0.000486916
2.74237e-09	0.000486827
2.74244e-09	0.000486736
2.74251e-09	0.000486645
2.74258e-09	0.000486552
2.74265e-09	0.000486459
2.74272e-09	0.000486364
2.74279e-09	0.000486268
2.74286e-09	0.000486171
2.74294e-09	0.000486073
2.74301e-09	0.000485975
2.74308e-09	0.000485875
2.74315e-09	0.000485774
2.74322e-09	0.000485672
2.74329e-09	0.000485569
2.74336e-09	0.000485465
2.74343e-09	0.000485359
2.7435e-09	0.000485253
2.74357e-09	0.000485146
2.74364e-09	0.000485038
2.74371e-09	0.000484929
2.74378e-09	0.000484818
2.74385e-09	0.000484707
2.74393e-09	0.000484595
2.744e-09	0.000484481
2.74407e-09	0.000484367
2.74414e-09	0.000484252
2.74421e-09	0.000484135
2.74428e-09	0.000484018
2.74435e-09	0.0004839
2.74442e-09	0.00048378
2.74449e-09	0.00048366
2.74456e-09	0.000483538
2.74463e-09	0.000483416
2.7447e-09	0.000483292
2.74477e-09	0.000483168
2.74484e-09	0.000483043
2.74492e-09	0.000482916
2.74499e-09	0.000482789
2.74506e-09	0.00048266
2.74513e-09	0.000482531
2.7452e-09	0.000482401
2.74527e-09	0.000482269
2.74534e-09	0.000482137
2.74541e-09	0.000482004
2.74548e-09	0.000481869
2.74555e-09	0.000481734
2.74562e-09	0.000481598
2.74569e-09	0.00048146
2.74576e-09	0.000481322
2.74583e-09	0.000481183
2.74591e-09	0.000481043
2.74598e-09	0.000480902
2.74605e-09	0.00048076
2.74612e-09	0.000480617
2.74619e-09	0.000480473
2.74626e-09	0.000480328
2.74633e-09	0.000480182
2.7464e-09	0.000480035
2.74647e-09	0.000479887
2.74654e-09	0.000479738
2.74661e-09	0.000479589
2.74668e-09	0.000479438
2.74675e-09	0.000479286
2.74683e-09	0.000479134
2.7469e-09	0.00047898
2.74697e-09	0.000478826
2.74704e-09	0.00047867
2.74711e-09	0.000478514
2.74718e-09	0.000478357
2.74725e-09	0.000478199
2.74732e-09	0.000478039
2.74739e-09	0.000477879
2.74746e-09	0.000477718
2.74753e-09	0.000477557
2.7476e-09	0.000477394
2.74767e-09	0.00047723
2.74774e-09	0.000477065
2.74782e-09	0.0004769
2.74789e-09	0.000476733
2.74796e-09	0.000476566
2.74803e-09	0.000476398
2.7481e-09	0.000476228
2.74817e-09	0.000476058
2.74824e-09	0.000475887
2.74831e-09	0.000475715
2.74838e-09	0.000475542
2.74845e-09	0.000475369
2.74852e-09	0.000475194
2.74859e-09	0.000475018
2.74866e-09	0.000474842
2.74873e-09	0.000474665
2.74881e-09	0.000474486
2.74888e-09	0.000474307
2.74895e-09	0.000474127
2.74902e-09	0.000473946
2.74909e-09	0.000473765
2.74916e-09	0.000473582
2.74923e-09	0.000473399
2.7493e-09	0.000473214
2.74937e-09	0.000473029
2.74944e-09	0.000472843
2.74951e-09	0.000472656
2.74958e-09	0.000472468
2.74965e-09	0.000472279
2.74973e-09	0.000472089
2.7498e-09	0.000471899
2.74987e-09	0.000471708
2.74994e-09	0.000471515
2.75001e-09	0.000471322
2.75008e-09	0.000471128
2.75015e-09	0.000470934
2.75022e-09	0.000470738
2.75029e-09	0.000470541
2.75036e-09	0.000470344
2.75043e-09	0.000470146
2.7505e-09	0.000469947
2.75057e-09	0.000469747
2.75064e-09	0.000469546
2.75072e-09	0.000469345
2.75079e-09	0.000469142
2.75086e-09	0.000468939
2.75093e-09	0.000468735
2.751e-09	0.00046853
2.75107e-09	0.000468324
2.75114e-09	0.000468118
2.75121e-09	0.00046791
2.75128e-09	0.000467702
2.75135e-09	0.000467493
2.75142e-09	0.000467283
2.75149e-09	0.000467073
2.75156e-09	0.000466861
2.75163e-09	0.000466649
2.75171e-09	0.000466436
2.75178e-09	0.000466222
2.75185e-09	0.000466007
2.75192e-09	0.000465791
2.75199e-09	0.000465575
2.75206e-09	0.000465358
2.75213e-09	0.00046514
2.7522e-09	0.000464921
2.75227e-09	0.000464702
2.75234e-09	0.000464481
2.75241e-09	0.00046426
2.75248e-09	0.000464038
2.75255e-09	0.000463815
2.75262e-09	0.000463592
2.7527e-09	0.000463367
2.75277e-09	0.000463142
2.75284e-09	0.000462916
2.75291e-09	0.00046269
2.75298e-09	0.000462462
2.75305e-09	0.000462234
2.75312e-09	0.000462005
2.75319e-09	0.000461775
2.75326e-09	0.000461544
2.75333e-09	0.000461313
2.7534e-09	0.000461081
2.75347e-09	0.000460848
2.75354e-09	0.000460614
2.75362e-09	0.00046038
2.75369e-09	0.000460145
2.75376e-09	0.000459909
2.75383e-09	0.000459672
2.7539e-09	0.000459435
2.75397e-09	0.000459196
2.75404e-09	0.000458958
2.75411e-09	0.000458718
2.75418e-09	0.000458477
2.75425e-09	0.000458236
2.75432e-09	0.000457994
2.75439e-09	0.000457751
2.75446e-09	0.000457508
2.75453e-09	0.000457264
2.75461e-09	0.000457019
2.75468e-09	0.000456773
2.75475e-09	0.000456527
2.75482e-09	0.00045628
2.75489e-09	0.000456032
2.75496e-09	0.000455783
2.75503e-09	0.000455534
2.7551e-09	0.000455284
2.75517e-09	0.000455033
2.75524e-09	0.000454781
2.75531e-09	0.000454529
2.75538e-09	0.000454276
2.75545e-09	0.000454023
2.75552e-09	0.000453768
2.7556e-09	0.000453513
2.75567e-09	0.000453257
2.75574e-09	0.000453001
2.75581e-09	0.000452743
2.75588e-09	0.000452486
2.75595e-09	0.000452227
2.75602e-09	0.000451968
2.75609e-09	0.000451708
2.75616e-09	0.000451447
2.75623e-09	0.000451185
2.7563e-09	0.000450923
2.75637e-09	0.00045066
2.75644e-09	0.000450397
2.75652e-09	0.000450133
2.75659e-09	0.000449868
2.75666e-09	0.000449602
2.75673e-09	0.000449336
2.7568e-09	0.000449069
2.75687e-09	0.000448801
2.75694e-09	0.000448533
2.75701e-09	0.000448264
2.75708e-09	0.000447994
2.75715e-09	0.000447724
2.75722e-09	0.000447453
2.75729e-09	0.000447181
2.75736e-09	0.000446909
2.75743e-09	0.000446636
2.75751e-09	0.000446362
2.75758e-09	0.000446088
2.75765e-09	0.000445813
2.75772e-09	0.000445537
2.75779e-09	0.000445261
2.75786e-09	0.000444984
2.75793e-09	0.000444706
2.758e-09	0.000444428
2.75807e-09	0.000444149
2.75814e-09	0.000443869
2.75821e-09	0.000443589
2.75828e-09	0.000443308
2.75835e-09	0.000443026
2.75842e-09	0.000442744
2.7585e-09	0.000442461
2.75857e-09	0.000442178
2.75864e-09	0.000441894
2.75871e-09	0.000441609
2.75878e-09	0.000441324
2.75885e-09	0.000441037
2.75892e-09	0.000440751
2.75899e-09	0.000440464
2.75906e-09	0.000440176
2.75913e-09	0.000439887
2.7592e-09	0.000439598
2.75927e-09	0.000439308
2.75934e-09	0.000439018
2.75941e-09	0.000438727
2.75949e-09	0.000438435
2.75956e-09	0.000438143
2.75963e-09	0.00043785
2.7597e-09	0.000437557
2.75977e-09	0.000437262
2.75984e-09	0.000436968
2.75991e-09	0.000436673
2.75998e-09	0.000436377
2.76005e-09	0.00043608
2.76012e-09	0.000435783
2.76019e-09	0.000435485
2.76026e-09	0.000435187
2.76033e-09	0.000434888
2.76041e-09	0.000434589
2.76048e-09	0.000434289
2.76055e-09	0.000433988
2.76062e-09	0.000433687
2.76069e-09	0.000433385
2.76076e-09	0.000433082
2.76083e-09	0.000432779
2.7609e-09	0.000432476
2.76097e-09	0.000432171
2.76104e-09	0.000431867
2.76111e-09	0.000431561
2.76118e-09	0.000431255
2.76125e-09	0.000430949
2.76132e-09	0.000430642
2.7614e-09	0.000430334
2.76147e-09	0.000430026
2.76154e-09	0.000429717
2.76161e-09	0.000429408
2.76168e-09	0.000429098
2.76175e-09	0.000428788
2.76182e-09	0.000428477
2.76189e-09	0.000428165
2.76196e-09	0.000427853
2.76203e-09	0.00042754
2.7621e-09	0.000427227
2.76217e-09	0.000426913
2.76224e-09	0.000426599
2.76231e-09	0.000426284
2.76239e-09	0.000425968
2.76246e-09	0.000425653
2.76253e-09	0.000425336
2.7626e-09	0.000425019
2.76267e-09	0.000424701
2.76274e-09	0.000424383
2.76281e-09	0.000424064
2.76288e-09	0.000423745
2.76295e-09	0.000423426
2.76302e-09	0.000423105
2.76309e-09	0.000422784
2.76316e-09	0.000422463
2.76323e-09	0.000422141
2.76331e-09	0.000421819
2.76338e-09	0.000421496
2.76345e-09	0.000421173
2.76352e-09	0.000420849
2.76359e-09	0.000420524
2.76366e-09	0.000420199
2.76373e-09	0.000419874
2.7638e-09	0.000419548
2.76387e-09	0.000419221
2.76394e-09	0.000418894
2.76401e-09	0.000418566
2.76408e-09	0.000418238
2.76415e-09	0.00041791
2.76422e-09	0.000417581
2.7643e-09	0.000417251
2.76437e-09	0.000416921
2.76444e-09	0.000416591
2.76451e-09	0.00041626
2.76458e-09	0.000415928
2.76465e-09	0.000415596
2.76472e-09	0.000415263
2.76479e-09	0.00041493
2.76486e-09	0.000414597
2.76493e-09	0.000414263
2.765e-09	0.000413928
2.76507e-09	0.000413593
2.76514e-09	0.000413258
2.76521e-09	0.000412922
2.76529e-09	0.000412586
2.76536e-09	0.000412249
2.76543e-09	0.000411911
2.7655e-09	0.000411574
2.76557e-09	0.000411235
2.76564e-09	0.000410896
2.76571e-09	0.000410557
2.76578e-09	0.000410218
2.76585e-09	0.000409877
2.76592e-09	0.000409537
2.76599e-09	0.000409196
2.76606e-09	0.000408854
2.76613e-09	0.000408512
2.7662e-09	0.00040817
2.76628e-09	0.000407827
2.76635e-09	0.000407483
2.76642e-09	0.000407139
2.76649e-09	0.000406795
2.76656e-09	0.00040645
2.76663e-09	0.000406105
2.7667e-09	0.000405759
2.76677e-09	0.000405413
2.76684e-09	0.000405067
2.76691e-09	0.00040472
2.76698e-09	0.000404373
2.76705e-09	0.000404025
2.76712e-09	0.000403676
2.7672e-09	0.000403328
2.76727e-09	0.000402979
2.76734e-09	0.000402629
2.76741e-09	0.000402279
2.76748e-09	0.000401929
2.76755e-09	0.000401578
2.76762e-09	0.000401226
2.76769e-09	0.000400875
2.76776e-09	0.000400523
2.76783e-09	0.00040017
2.7679e-09	0.000399817
2.76797e-09	0.000399464
2.76804e-09	0.00039911
2.76811e-09	0.000398756
2.76819e-09	0.000398401
2.76826e-09	0.000398046
2.76833e-09	0.00039769
2.7684e-09	0.000397335
2.76847e-09	0.000396978
2.76854e-09	0.000396622
2.76861e-09	0.000396265
2.76868e-09	0.000395907
2.76875e-09	0.000395549
2.76882e-09	0.000395191
2.76889e-09	0.000394832
2.76896e-09	0.000394473
2.76903e-09	0.000394114
2.7691e-09	0.000393754
2.76918e-09	0.000393394
2.76925e-09	0.000393033
2.76932e-09	0.000392672
2.76939e-09	0.00039231
2.76946e-09	0.000391949
2.76953e-09	0.000391587
2.7696e-09	0.000391224
2.76967e-09	0.000390861
2.76974e-09	0.000390498
2.76981e-09	0.000390134
2.76988e-09	0.00038977
2.76995e-09	0.000389405
2.77002e-09	0.000389041
2.77009e-09	0.000388675
2.77017e-09	0.00038831
2.77024e-09	0.000387944
2.77031e-09	0.000387578
2.77038e-09	0.000387211
2.77045e-09	0.000386844
2.77052e-09	0.000386477
2.77059e-09	0.000386109
2.77066e-09	0.000385741
2.77073e-09	0.000385372
2.7708e-09	0.000385004
2.77087e-09	0.000384634
2.77094e-09	0.000384265
2.77101e-09	0.000383895
2.77109e-09	0.000383525
2.77116e-09	0.000383154
2.77123e-09	0.000382783
2.7713e-09	0.000382412
2.77137e-09	0.00038204
2.77144e-09	0.000381669
2.77151e-09	0.000381296
2.77158e-09	0.000380924
2.77165e-09	0.000380551
2.77172e-09	0.000380177
2.77179e-09	0.000379804
2.77186e-09	0.00037943
2.77193e-09	0.000379056
2.772e-09	0.000378681
2.77208e-09	0.000378306
2.77215e-09	0.000377931
2.77222e-09	0.000377555
2.77229e-09	0.000377179
2.77236e-09	0.000376803
2.77243e-09	0.000376426
2.7725e-09	0.000376049
2.77257e-09	0.000375672
2.77264e-09	0.000375295
2.77271e-09	0.000374917
2.77278e-09	0.000374539
2.77285e-09	0.00037416
2.77292e-09	0.000373781
2.77299e-09	0.000373402
2.77307e-09	0.000373023
2.77314e-09	0.000372643
2.77321e-09	0.000372263
2.77328e-09	0.000371883
2.77335e-09	0.000371502
2.77342e-09	0.000371122
2.77349e-09	0.00037074
2.77356e-09	0.000370359
2.77363e-09	0.000369977
2.7737e-09	0.000369595
2.77377e-09	0.000369213
2.77384e-09	0.00036883
2.77391e-09	0.000368447
2.77399e-09	0.000368064
2.77406e-09	0.00036768
2.77413e-09	0.000367296
2.7742e-09	0.000366912
2.77427e-09	0.000366528
2.77434e-09	0.000366143
2.77441e-09	0.000365758
2.77448e-09	0.000365373
2.77455e-09	0.000364987
2.77462e-09	0.000364602
2.77469e-09	0.000364216
2.77476e-09	0.000363829
2.77483e-09	0.000363443
2.7749e-09	0.000363056
2.77498e-09	0.000362669
2.77505e-09	0.000362281
2.77512e-09	0.000361894
2.77519e-09	0.000361506
2.77526e-09	0.000361117
2.77533e-09	0.000360729
2.7754e-09	0.00036034
2.77547e-09	0.000359951
2.77554e-09	0.000359562
2.77561e-09	0.000359172
2.77568e-09	0.000358783
2.77575e-09	0.000358393
2.77582e-09	0.000358002
2.77589e-09	0.000357612
2.77597e-09	0.000357221
2.77604e-09	0.00035683
2.77611e-09	0.000356439
2.77618e-09	0.000356048
2.77625e-09	0.000355656
2.77632e-09	0.000355264
2.77639e-09	0.000354872
2.77646e-09	0.000354479
2.77653e-09	0.000354086
2.7766e-09	0.000353694
2.77667e-09	0.0003533
2.77674e-09	0.000352907
2.77681e-09	0.000352513
2.77688e-09	0.00035212
2.77696e-09	0.000351725
2.77703e-09	0.000351331
2.7771e-09	0.000350937
2.77717e-09	0.000350542
2.77724e-09	0.000350147
2.77731e-09	0.000349752
2.77738e-09	0.000349356
2.77745e-09	0.000348961
2.77752e-09	0.000348565
2.77759e-09	0.000348169
2.77766e-09	0.000347772
2.77773e-09	0.000347376
2.7778e-09	0.000346979
2.77788e-09	0.000346582
2.77795e-09	0.000346185
2.77802e-09	0.000345788
2.77809e-09	0.00034539
2.77816e-09	0.000344992
2.77823e-09	0.000344594
2.7783e-09	0.000344196
2.77837e-09	0.000343798
2.77844e-09	0.000343399
2.77851e-09	0.000343
2.77858e-09	0.000342601
2.77865e-09	0.000342202
2.77872e-09	0.000341803
2.77879e-09	0.000341403
2.77887e-09	0.000341004
2.77894e-09	0.000340604
2.77901e-09	0.000340204
2.77908e-09	0.000339803
2.77915e-09	0.000339403
2.77922e-09	0.000339002
2.77929e-09	0.000338601
2.77936e-09	0.0003382
2.77943e-09	0.000337799
2.7795e-09	0.000337397
2.77957e-09	0.000336996
2.77964e-09	0.000336594
2.77971e-09	0.000336192
2.77978e-09	0.00033579
2.77986e-09	0.000335388
2.77993e-09	0.000334985
2.78e-09	0.000334582
2.78007e-09	0.00033418
2.78014e-09	0.000333777
2.78021e-09	0.000333374
2.78028e-09	0.00033297
2.78035e-09	0.000332567
2.78042e-09	0.000332163
2.78049e-09	0.000331759
2.78056e-09	0.000331355
2.78063e-09	0.000330951
2.7807e-09	0.000330547
2.78078e-09	0.000330142
2.78085e-09	0.000329738
2.78092e-09	0.000329333
2.78099e-09	0.000328928
2.78106e-09	0.000328523
2.78113e-09	0.000328118
2.7812e-09	0.000327713
2.78127e-09	0.000327307
2.78134e-09	0.000326901
2.78141e-09	0.000326496
2.78148e-09	0.00032609
2.78155e-09	0.000325684
2.78162e-09	0.000325277
2.78169e-09	0.000324871
2.78177e-09	0.000324465
2.78184e-09	0.000324058
2.78191e-09	0.000323651
2.78198e-09	0.000323244
2.78205e-09	0.000322837
2.78212e-09	0.00032243
2.78219e-09	0.000322023
2.78226e-09	0.000321615
2.78233e-09	0.000321208
2.7824e-09	0.0003208
2.78247e-09	0.000320392
2.78254e-09	0.000319984
2.78261e-09	0.000319576
2.78268e-09	0.000319168
2.78276e-09	0.00031876
2.78283e-09	0.000318351
2.7829e-09	0.000317943
2.78297e-09	0.000317534
2.78304e-09	0.000317125
2.78311e-09	0.000316716
2.78318e-09	0.000316307
2.78325e-09	0.000315898
2.78332e-09	0.000315489
2.78339e-09	0.000315079
2.78346e-09	0.00031467
2.78353e-09	0.00031426
2.7836e-09	0.000313851
2.78367e-09	0.000313441
2.78375e-09	0.000313031
2.78382e-09	0.000312621
2.78389e-09	0.000312211
2.78396e-09	0.000311801
2.78403e-09	0.000311391
2.7841e-09	0.00031098
2.78417e-09	0.00031057
2.78424e-09	0.000310159
2.78431e-09	0.000309748
2.78438e-09	0.000309338
2.78445e-09	0.000308927
2.78452e-09	0.000308516
2.78459e-09	0.000308105
2.78467e-09	0.000307694
2.78474e-09	0.000307283
2.78481e-09	0.000306871
2.78488e-09	0.00030646
2.78495e-09	0.000306048
2.78502e-09	0.000305637
2.78509e-09	0.000305225
2.78516e-09	0.000304813
2.78523e-09	0.000304402
2.7853e-09	0.00030399
2.78537e-09	0.000303578
2.78544e-09	0.000303166
2.78551e-09	0.000302754
2.78558e-09	0.000302342
2.78566e-09	0.000301929
2.78573e-09	0.000301517
2.7858e-09	0.000301105
2.78587e-09	0.000300692
2.78594e-09	0.00030028
2.78601e-09	0.000299867
2.78608e-09	0.000299455
2.78615e-09	0.000299042
2.78622e-09	0.000298629
2.78629e-09	0.000298216
2.78636e-09	0.000297803
2.78643e-09	0.00029739
2.7865e-09	0.000296977
2.78657e-09	0.000296564
2.78665e-09	0.000296151
2.78672e-09	0.000295738
2.78679e-09	0.000295325
2.78686e-09	0.000294912
2.78693e-09	0.000294498
2.787e-09	0.000294085
2.78707e-09	0.000293672
2.78714e-09	0.000293258
2.78721e-09	0.000292845
2.78728e-09	0.000292431
2.78735e-09	0.000292017
2.78742e-09	0.000291604
2.78749e-09	0.00029119
2.78757e-09	0.000290776
2.78764e-09	0.000290363
2.78771e-09	0.000289949
2.78778e-09	0.000289535
2.78785e-09	0.000289121
2.78792e-09	0.000288707
2.78799e-09	0.000288293
2.78806e-09	0.000287879
2.78813e-09	0.000287465
2.7882e-09	0.000287051
2.78827e-09	0.000286637
2.78834e-09	0.000286223
2.78841e-09	0.000285809
2.78848e-09	0.000285395
2.78856e-09	0.00028498
2.78863e-09	0.000284566
2.7887e-09	0.000284152
2.78877e-09	0.000283738
2.78884e-09	0.000283323
2.78891e-09	0.000282909
2.78898e-09	0.000282495
2.78905e-09	0.000282081
2.78912e-09	0.000281666
2.78919e-09	0.000281252
2.78926e-09	0.000280838
2.78933e-09	0.000280423
2.7894e-09	0.000280009
2.78947e-09	0.000279594
2.78955e-09	0.00027918
2.78962e-09	0.000278766
2.78969e-09	0.000278351
2.78976e-09	0.000277937
2.78983e-09	0.000277522
2.7899e-09	0.000277108
2.78997e-09	0.000276693
2.79004e-09	0.000276279
2.79011e-09	0.000275864
2.79018e-09	0.00027545
2.79025e-09	0.000275036
2.79032e-09	0.000274621
2.79039e-09	0.000274207
2.79046e-09	0.000273792
2.79054e-09	0.000273378
2.79061e-09	0.000272963
2.79068e-09	0.000272549
2.79075e-09	0.000272135
2.79082e-09	0.00027172
2.79089e-09	0.000271306
2.79096e-09	0.000270891
2.79103e-09	0.000270477
2.7911e-09	0.000270063
2.79117e-09	0.000269648
2.79124e-09	0.000269234
2.79131e-09	0.00026882
2.79138e-09	0.000268405
2.79146e-09	0.000267991
2.79153e-09	0.000267577
2.7916e-09	0.000267163
2.79167e-09	0.000266748
2.79174e-09	0.000266334
2.79181e-09	0.00026592
2.79188e-09	0.000265506
2.79195e-09	0.000265092
2.79202e-09	0.000264678
2.79209e-09	0.000264264
2.79216e-09	0.00026385
2.79223e-09	0.000263436
2.7923e-09	0.000263022
2.79237e-09	0.000262608
2.79245e-09	0.000262194
2.79252e-09	0.00026178
2.79259e-09	0.000261366
2.79266e-09	0.000260952
2.79273e-09	0.000260539
2.7928e-09	0.000260125
2.79287e-09	0.000259711
2.79294e-09	0.000259298
2.79301e-09	0.000258884
2.79308e-09	0.000258471
2.79315e-09	0.000258057
2.79322e-09	0.000257644
2.79329e-09	0.00025723
2.79336e-09	0.000256817
2.79344e-09	0.000256403
2.79351e-09	0.00025599
2.79358e-09	0.000255577
2.79365e-09	0.000255164
2.79372e-09	0.000254751
2.79379e-09	0.000254338
2.79386e-09	0.000253925
2.79393e-09	0.000253512
2.794e-09	0.000253099
2.79407e-09	0.000252686
2.79414e-09	0.000252273
2.79421e-09	0.00025186
2.79428e-09	0.000251448
2.79435e-09	0.000251035
2.79443e-09	0.000250622
2.7945e-09	0.00025021
2.79457e-09	0.000249798
2.79464e-09	0.000249385
2.79471e-09	0.000248973
2.79478e-09	0.000248561
2.79485e-09	0.000248148
2.79492e-09	0.000247736
2.79499e-09	0.000247324
2.79506e-09	0.000246912
2.79513e-09	0.0002465
2.7952e-09	0.000246089
2.79527e-09	0.000245677
2.79535e-09	0.000245265
2.79542e-09	0.000244854
2.79549e-09	0.000244442
2.79556e-09	0.000244031
2.79563e-09	0.000243619
2.7957e-09	0.000243208
2.79577e-09	0.000242797
2.79584e-09	0.000242386
2.79591e-09	0.000241974
2.79598e-09	0.000241563
2.79605e-09	0.000241153
2.79612e-09	0.000240742
2.79619e-09	0.000240331
2.79626e-09	0.00023992
2.79634e-09	0.00023951
2.79641e-09	0.000239099
2.79648e-09	0.000238689
2.79655e-09	0.000238279
2.79662e-09	0.000237868
2.79669e-09	0.000237458
2.79676e-09	0.000237048
2.79683e-09	0.000236638
2.7969e-09	0.000236229
2.79697e-09	0.000235819
2.79704e-09	0.000235409
2.79711e-09	0.000235
2.79718e-09	0.00023459
2.79725e-09	0.000234181
2.79733e-09	0.000233772
2.7974e-09	0.000233362
2.79747e-09	0.000232953
2.79754e-09	0.000232544
2.79761e-09	0.000232136
2.79768e-09	0.000231727
2.79775e-09	0.000231318
2.79782e-09	0.00023091
2.79789e-09	0.000230501
2.79796e-09	0.000230093
2.79803e-09	0.000229685
2.7981e-09	0.000229276
2.79817e-09	0.000228868
2.79825e-09	0.000228461
2.79832e-09	0.000228053
2.79839e-09	0.000227645
2.79846e-09	0.000227238
2.79853e-09	0.00022683
2.7986e-09	0.000226423
2.79867e-09	0.000226016
2.79874e-09	0.000225608
2.79881e-09	0.000225202
2.79888e-09	0.000224795
2.79895e-09	0.000224388
2.79902e-09	0.000223981
2.79909e-09	0.000223575
2.79916e-09	0.000223168
2.79924e-09	0.000222762
2.79931e-09	0.000222356
2.79938e-09	0.00022195
2.79945e-09	0.000221544
2.79952e-09	0.000221138
2.79959e-09	0.000220733
2.79966e-09	0.000220327
2.79973e-09	0.000219922
2.7998e-09	0.000219517
2.79987e-09	0.000219111
2.79994e-09	0.000218706
2.80001e-09	0.000218302
2.80008e-09	0.000217897
2.80015e-09	0.000217492
2.80023e-09	0.000217088
2.8003e-09	0.000216683
2.80037e-09	0.000216279
2.80044e-09	0.000215875
2.80051e-09	0.000215471
2.80058e-09	0.000215068
2.80065e-09	0.000214664
2.80072e-09	0.00021426
2.80079e-09	0.000213857
2.80086e-09	0.000213454
2.80093e-09	0.000213051
2.801e-09	0.000212648
2.80107e-09	0.000212245
2.80114e-09	0.000211842
2.80122e-09	0.00021144
2.80129e-09	0.000211038
2.80136e-09	0.000210635
2.80143e-09	0.000210233
2.8015e-09	0.000209831
2.80157e-09	0.00020943
2.80164e-09	0.000209028
2.80171e-09	0.000208626
2.80178e-09	0.000208225
2.80185e-09	0.000207824
2.80192e-09	0.000207423
2.80199e-09	0.000207022
2.80206e-09	0.000206621
2.80214e-09	0.000206221
2.80221e-09	0.000205821
2.80228e-09	0.00020542
2.80235e-09	0.00020502
2.80242e-09	0.00020462
2.80249e-09	0.000204221
2.80256e-09	0.000203821
2.80263e-09	0.000203422
2.8027e-09	0.000203022
2.80277e-09	0.000202623
2.80284e-09	0.000202224
2.80291e-09	0.000201825
2.80298e-09	0.000201427
2.80305e-09	0.000201028
2.80313e-09	0.00020063
2.8032e-09	0.000200232
2.80327e-09	0.000199834
2.80334e-09	0.000199436
2.80341e-09	0.000199039
2.80348e-09	0.000198641
2.80355e-09	0.000198244
2.80362e-09	0.000197847
2.80369e-09	0.00019745
2.80376e-09	0.000197053
2.80383e-09	0.000196657
2.8039e-09	0.00019626
2.80397e-09	0.000195864
2.80404e-09	0.000195468
2.80412e-09	0.000195072
2.80419e-09	0.000194676
2.80426e-09	0.000194281
2.80433e-09	0.000193885
2.8044e-09	0.00019349
2.80447e-09	0.000193095
2.80454e-09	0.0001927
2.80461e-09	0.000192306
2.80468e-09	0.000191911
2.80475e-09	0.000191517
2.80482e-09	0.000191123
2.80489e-09	0.000190729
2.80496e-09	0.000190335
2.80504e-09	0.000189942
2.80511e-09	0.000189548
2.80518e-09	0.000189155
2.80525e-09	0.000188762
2.80532e-09	0.00018837
2.80539e-09	0.000187977
2.80546e-09	0.000187585
2.80553e-09	0.000187192
2.8056e-09	0.0001868
2.80567e-09	0.000186409
2.80574e-09	0.000186017
2.80581e-09	0.000185626
2.80588e-09	0.000185234
2.80595e-09	0.000184843
2.80603e-09	0.000184452
2.8061e-09	0.000184062
2.80617e-09	0.000183671
2.80624e-09	0.000183281
2.80631e-09	0.000182891
2.80638e-09	0.000182501
2.80645e-09	0.000182111
2.80652e-09	0.000181722
2.80659e-09	0.000181333
2.80666e-09	0.000180944
2.80673e-09	0.000180555
2.8068e-09	0.000180166
2.80687e-09	0.000179778
2.80694e-09	0.000179389
2.80702e-09	0.000179001
2.80709e-09	0.000178614
2.80716e-09	0.000178226
2.80723e-09	0.000177838
2.8073e-09	0.000177451
2.80737e-09	0.000177064
2.80744e-09	0.000176677
2.80751e-09	0.000176291
2.80758e-09	0.000175904
2.80765e-09	0.000175518
2.80772e-09	0.000175132
2.80779e-09	0.000174747
2.80786e-09	0.000174361
2.80793e-09	0.000173976
2.80801e-09	0.000173591
2.80808e-09	0.000173206
2.80815e-09	0.000172821
2.80822e-09	0.000172437
2.80829e-09	0.000172052
2.80836e-09	0.000171668
2.80843e-09	0.000171285
2.8085e-09	0.000170901
2.80857e-09	0.000170518
2.80864e-09	0.000170134
2.80871e-09	0.000169751
2.80878e-09	0.000169369
2.80885e-09	0.000168986
2.80893e-09	0.000168604
2.809e-09	0.000168222
2.80907e-09	0.00016784
2.80914e-09	0.000167459
2.80921e-09	0.000167077
2.80928e-09	0.000166696
2.80935e-09	0.000166315
2.80942e-09	0.000165934
2.80949e-09	0.000165554
2.80956e-09	0.000165174
2.80963e-09	0.000164794
2.8097e-09	0.000164414
2.80977e-09	0.000164034
2.80984e-09	0.000163655
2.80992e-09	0.000163276
2.80999e-09	0.000162897
2.81006e-09	0.000162518
2.81013e-09	0.00016214
2.8102e-09	0.000161762
2.81027e-09	0.000161384
2.81034e-09	0.000161006
2.81041e-09	0.000160629
2.81048e-09	0.000160252
2.81055e-09	0.000159875
2.81062e-09	0.000159498
2.81069e-09	0.000159121
2.81076e-09	0.000158745
2.81083e-09	0.000158369
2.81091e-09	0.000157993
2.81098e-09	0.000157618
2.81105e-09	0.000157242
2.81112e-09	0.000156867
2.81119e-09	0.000156492
2.81126e-09	0.000156118
2.81133e-09	0.000155743
2.8114e-09	0.000155369
2.81147e-09	0.000154995
2.81154e-09	0.000154622
2.81161e-09	0.000154248
2.81168e-09	0.000153875
2.81175e-09	0.000153502
2.81183e-09	0.00015313
2.8119e-09	0.000152757
2.81197e-09	0.000152385
2.81204e-09	0.000152013
2.81211e-09	0.000151642
2.81218e-09	0.00015127
2.81225e-09	0.000150899
2.81232e-09	0.000150528
2.81239e-09	0.000150157
2.81246e-09	0.000149787
2.81253e-09	0.000149417
2.8126e-09	0.000149047
2.81267e-09	0.000148677
2.81274e-09	0.000148308
2.81282e-09	0.000147939
2.81289e-09	0.00014757
2.81296e-09	0.000147201
2.81303e-09	0.000146833
2.8131e-09	0.000146465
2.81317e-09	0.000146097
2.81324e-09	0.000145729
2.81331e-09	0.000145362
2.81338e-09	0.000144995
2.81345e-09	0.000144628
2.81352e-09	0.000144261
2.81359e-09	0.000143895
2.81366e-09	0.000143529
2.81373e-09	0.000143163
2.81381e-09	0.000142798
2.81388e-09	0.000142432
2.81395e-09	0.000142067
2.81402e-09	0.000141703
2.81409e-09	0.000141338
2.81416e-09	0.000140974
2.81423e-09	0.00014061
2.8143e-09	0.000140246
2.81437e-09	0.000139883
2.81444e-09	0.00013952
2.81451e-09	0.000139157
2.81458e-09	0.000138794
2.81465e-09	0.000138432
2.81472e-09	0.00013807
2.8148e-09	0.000137708
2.81487e-09	0.000137346
2.81494e-09	0.000136985
2.81501e-09	0.000136624
2.81508e-09	0.000136263
2.81515e-09	0.000135903
2.81522e-09	0.000135542
2.81529e-09	0.000135183
2.81536e-09	0.000134823
2.81543e-09	0.000134463
2.8155e-09	0.000134104
2.81557e-09	0.000133745
2.81564e-09	0.000133387
2.81572e-09	0.000133029
2.81579e-09	0.000132671
2.81586e-09	0.000132313
2.81593e-09	0.000131955
2.816e-09	0.000131598
2.81607e-09	0.000131241
2.81614e-09	0.000130885
2.81621e-09	0.000130528
2.81628e-09	0.000130172
2.81635e-09	0.000129816
2.81642e-09	0.000129461
2.81649e-09	0.000129105
2.81656e-09	0.00012875
2.81663e-09	0.000128396
2.81671e-09	0.000128041
2.81678e-09	0.000127687
2.81685e-09	0.000127333
2.81692e-09	0.00012698
2.81699e-09	0.000126626
2.81706e-09	0.000126273
2.81713e-09	0.000125921
2.8172e-09	0.000125568
2.81727e-09	0.000125216
2.81734e-09	0.000124864
2.81741e-09	0.000124513
2.81748e-09	0.000124161
2.81755e-09	0.00012381
2.81762e-09	0.00012346
2.8177e-09	0.000123109
2.81777e-09	0.000122759
2.81784e-09	0.000122409
2.81791e-09	0.000122059
2.81798e-09	0.00012171
2.81805e-09	0.000121361
2.81812e-09	0.000121012
2.81819e-09	0.000120664
2.81826e-09	0.000120316
2.81833e-09	0.000119968
2.8184e-09	0.00011962
2.81847e-09	0.000119273
2.81854e-09	0.000118926
2.81861e-09	0.00011858
2.81869e-09	0.000118233
2.81876e-09	0.000117887
2.81883e-09	0.000117541
2.8189e-09	0.000117196
2.81897e-09	0.000116851
2.81904e-09	0.000116506
2.81911e-09	0.000116161
2.81918e-09	0.000115817
2.81925e-09	0.000115473
2.81932e-09	0.000115129
2.81939e-09	0.000114785
2.81946e-09	0.000114442
2.81953e-09	0.000114099
2.81961e-09	0.000113757
2.81968e-09	0.000113415
2.81975e-09	0.000113073
2.81982e-09	0.000112731
2.81989e-09	0.00011239
2.81996e-09	0.000112049
2.82003e-09	0.000111708
2.8201e-09	0.000111367
2.82017e-09	0.000111027
2.82024e-09	0.000110687
2.82031e-09	0.000110348
2.82038e-09	0.000110009
2.82045e-09	0.00010967
2.82052e-09	0.000109331
2.8206e-09	0.000108993
2.82067e-09	0.000108655
2.82074e-09	0.000108317
2.82081e-09	0.000107979
2.82088e-09	0.000107642
2.82095e-09	0.000107305
2.82102e-09	0.000106969
2.82109e-09	0.000106633
2.82116e-09	0.000106297
2.82123e-09	0.000105961
2.8213e-09	0.000105626
2.82137e-09	0.000105291
2.82144e-09	0.000104956
2.82151e-09	0.000104622
2.82159e-09	0.000104288
2.82166e-09	0.000103954
2.82173e-09	0.000103621
2.8218e-09	0.000103287
2.82187e-09	0.000102955
2.82194e-09	0.000102622
2.82201e-09	0.00010229
2.82208e-09	0.000101958
2.82215e-09	0.000101626
2.82222e-09	0.000101295
2.82229e-09	0.000100964
2.82236e-09	0.000100633
2.82243e-09	0.000100303
2.82251e-09	9.9973e-05
2.82258e-09	9.96433e-05
2.82265e-09	9.93139e-05
2.82272e-09	9.89848e-05
2.82279e-09	9.8656e-05
2.82286e-09	9.83275e-05
2.82293e-09	9.79994e-05
2.823e-09	9.76715e-05
2.82307e-09	9.7344e-05
2.82314e-09	9.70168e-05
2.82321e-09	9.66899e-05
2.82328e-09	9.63633e-05
2.82335e-09	9.60371e-05
2.82342e-09	9.57111e-05
2.8235e-09	9.53855e-05
2.82357e-09	9.50602e-05
2.82364e-09	9.47352e-05
2.82371e-09	9.44105e-05
2.82378e-09	9.40861e-05
2.82385e-09	9.37621e-05
2.82392e-09	9.34384e-05
2.82399e-09	9.3115e-05
2.82406e-09	9.27919e-05
2.82413e-09	9.24691e-05
2.8242e-09	9.21467e-05
2.82427e-09	9.18246e-05
2.82434e-09	9.15028e-05
2.82441e-09	9.11813e-05
2.82449e-09	9.08601e-05
2.82456e-09	9.05393e-05
2.82463e-09	9.02188e-05
2.8247e-09	8.98986e-05
2.82477e-09	8.95787e-05
2.82484e-09	8.92591e-05
2.82491e-09	8.89399e-05
2.82498e-09	8.8621e-05
2.82505e-09	8.83024e-05
2.82512e-09	8.79841e-05
2.82519e-09	8.76662e-05
2.82526e-09	8.73486e-05
2.82533e-09	8.70313e-05
2.8254e-09	8.67143e-05
2.82548e-09	8.63977e-05
2.82555e-09	8.60814e-05
2.82562e-09	8.57654e-05
2.82569e-09	8.54497e-05
2.82576e-09	8.51344e-05
2.82583e-09	8.48194e-05
2.8259e-09	8.45047e-05
2.82597e-09	8.41904e-05
2.82604e-09	8.38763e-05
2.82611e-09	8.35626e-05
2.82618e-09	8.32492e-05
2.82625e-09	8.29362e-05
2.82632e-09	8.26235e-05
2.8264e-09	8.23111e-05
2.82647e-09	8.1999e-05
2.82654e-09	8.16873e-05
2.82661e-09	8.13759e-05
2.82668e-09	8.10648e-05
2.82675e-09	8.07541e-05
2.82682e-09	8.04437e-05
2.82689e-09	8.01336e-05
2.82696e-09	7.98238e-05
2.82703e-09	7.95144e-05
2.8271e-09	7.92053e-05
2.82717e-09	7.88965e-05
2.82724e-09	7.85881e-05
2.82731e-09	7.828e-05
2.82739e-09	7.79722e-05
2.82746e-09	7.76648e-05
2.82753e-09	7.73577e-05
2.8276e-09	7.70509e-05
2.82767e-09	7.67445e-05
2.82774e-09	7.64384e-05
2.82781e-09	7.61326e-05
2.82788e-09	7.58272e-05
2.82795e-09	7.55221e-05
2.82802e-09	7.52173e-05
2.82809e-09	7.49129e-05
2.82816e-09	7.46088e-05
2.82823e-09	7.4305e-05
2.8283e-09	7.40016e-05
2.82838e-09	7.36985e-05
2.82845e-09	7.33957e-05
2.82852e-09	7.30933e-05
2.82859e-09	7.27912e-05
2.82866e-09	7.24895e-05
2.82873e-09	7.2188e-05
2.8288e-09	7.1887e-05
2.82887e-09	7.15862e-05
2.82894e-09	7.12858e-05
2.82901e-09	7.09857e-05
2.82908e-09	7.0686e-05
2.82915e-09	7.03866e-05
2.82922e-09	7.00875e-05
2.8293e-09	6.97888e-05
2.82937e-09	6.94904e-05
2.82944e-09	6.91924e-05
2.82951e-09	6.88947e-05
2.82958e-09	6.85973e-05
2.82965e-09	6.83003e-05
2.82972e-09	6.80036e-05
2.82979e-09	6.77073e-05
2.82986e-09	6.74112e-05
2.82993e-09	6.71156e-05
2.83e-09	6.68202e-05
2.83007e-09	6.65252e-05
2.83014e-09	6.62306e-05
2.83021e-09	6.59363e-05
2.83029e-09	6.56423e-05
2.83036e-09	6.53487e-05
2.83043e-09	6.50554e-05
2.8305e-09	6.47624e-05
2.83057e-09	6.44698e-05
2.83064e-09	6.41776e-05
2.83071e-09	6.38857e-05
2.83078e-09	6.35941e-05
2.83085e-09	6.33028e-05
2.83092e-09	6.30119e-05
2.83099e-09	6.27214e-05
2.83106e-09	6.24312e-05
2.83113e-09	6.21413e-05
2.8312e-09	6.18518e-05
2.83128e-09	6.15626e-05
2.83135e-09	6.12737e-05
2.83142e-09	6.09852e-05
2.83149e-09	6.06971e-05
2.83156e-09	6.04093e-05
2.83163e-09	6.01218e-05
2.8317e-09	5.98347e-05
2.83177e-09	5.95479e-05
2.83184e-09	5.92615e-05
2.83191e-09	5.89754e-05
2.83198e-09	5.86896e-05
2.83205e-09	5.84042e-05
2.83212e-09	5.81192e-05
2.83219e-09	5.78345e-05
2.83227e-09	5.75501e-05
2.83234e-09	5.72661e-05
2.83241e-09	5.69824e-05
2.83248e-09	5.66991e-05
2.83255e-09	5.64161e-05
2.83262e-09	5.61335e-05
2.83269e-09	5.58512e-05
2.83276e-09	5.55692e-05
2.83283e-09	5.52876e-05
2.8329e-09	5.50064e-05
2.83297e-09	5.47255e-05
2.83304e-09	5.44449e-05
2.83311e-09	5.41647e-05
2.83319e-09	5.38849e-05
2.83326e-09	5.36054e-05
2.83333e-09	5.33262e-05
2.8334e-09	5.30474e-05
2.83347e-09	5.27689e-05
2.83354e-09	5.24908e-05
2.83361e-09	5.2213e-05
2.83368e-09	5.19356e-05
2.83375e-09	5.16585e-05
2.83382e-09	5.13818e-05
2.83389e-09	5.11054e-05
2.83396e-09	5.08293e-05
2.83403e-09	5.05537e-05
2.8341e-09	5.02783e-05
2.83418e-09	5.00033e-05
2.83425e-09	4.97287e-05
2.83432e-09	4.94544e-05
2.83439e-09	4.91805e-05
2.83446e-09	4.89069e-05
2.83453e-09	4.86337e-05
2.8346e-09	4.83608e-05
2.83467e-09	4.80882e-05
2.83474e-09	4.7816e-05
2.83481e-09	4.75442e-05
2.83488e-09	4.72727e-05
2.83495e-09	4.70016e-05
2.83502e-09	4.67308e-05
2.83509e-09	4.64603e-05
2.83517e-09	4.61902e-05
2.83524e-09	4.59205e-05
2.83531e-09	4.56511e-05
2.83538e-09	4.53821e-05
2.83545e-09	4.51134e-05
2.83552e-09	4.48451e-05
2.83559e-09	4.45771e-05
2.83566e-09	4.43095e-05
2.83573e-09	4.40422e-05
2.8358e-09	4.37753e-05
2.83587e-09	4.35087e-05
2.83594e-09	4.32425e-05
2.83601e-09	4.29766e-05
2.83608e-09	4.27111e-05
2.83616e-09	4.24459e-05
2.83623e-09	4.21811e-05
2.8363e-09	4.19166e-05
2.83637e-09	4.16525e-05
2.83644e-09	4.13887e-05
2.83651e-09	4.11253e-05
2.83658e-09	4.08623e-05
2.83665e-09	4.05996e-05
2.83672e-09	4.03372e-05
2.83679e-09	4.00752e-05
2.83686e-09	3.98136e-05
2.83693e-09	3.95523e-05
2.837e-09	3.92914e-05
2.83708e-09	3.90308e-05
2.83715e-09	3.87706e-05
2.83722e-09	3.85107e-05
2.83729e-09	3.82512e-05
2.83736e-09	3.7992e-05
2.83743e-09	3.77332e-05
2.8375e-09	3.74747e-05
2.83757e-09	3.72166e-05
2.83764e-09	3.69588e-05
2.83771e-09	3.67014e-05
2.83778e-09	3.64444e-05
2.83785e-09	3.61877e-05
2.83792e-09	3.59314e-05
2.83799e-09	3.56754e-05
2.83807e-09	3.54197e-05
2.83814e-09	3.51645e-05
2.83821e-09	3.49095e-05
2.83828e-09	3.4655e-05
2.83835e-09	3.44007e-05
2.83842e-09	3.41469e-05
2.83849e-09	3.38934e-05
2.83856e-09	3.36402e-05
2.83863e-09	3.33874e-05
2.8387e-09	3.3135e-05
2.83877e-09	3.28829e-05
2.83884e-09	3.26312e-05
2.83891e-09	3.23798e-05
2.83898e-09	3.21288e-05
2.83906e-09	3.18781e-05
2.83913e-09	3.16278e-05
2.8392e-09	3.13778e-05
2.83927e-09	3.11282e-05
2.83934e-09	3.0879e-05
2.83941e-09	3.06301e-05
2.83948e-09	3.03815e-05
2.83955e-09	3.01334e-05
2.83962e-09	2.98855e-05
2.83969e-09	2.96381e-05
2.83976e-09	2.93909e-05
2.83983e-09	2.91442e-05
2.8399e-09	2.88978e-05
2.83998e-09	2.86517e-05
2.84005e-09	2.8406e-05
2.84012e-09	2.81607e-05
2.84019e-09	2.79157e-05
2.84026e-09	2.76711e-05
2.84033e-09	2.74268e-05
2.8404e-09	2.71829e-05
2.84047e-09	2.69393e-05
2.84054e-09	2.66961e-05
2.84061e-09	2.64533e-05
2.84068e-09	2.62108e-05
2.84075e-09	2.59686e-05
2.84082e-09	2.57268e-05
2.84089e-09	2.54854e-05
2.84097e-09	2.52443e-05
2.84104e-09	2.50036e-05
2.84111e-09	2.47633e-05
2.84118e-09	2.45233e-05
2.84125e-09	2.42836e-05
2.84132e-09	2.40443e-05
2.84139e-09	2.38054e-05
2.84146e-09	2.35668e-05
2.84153e-09	2.33286e-05
2.8416e-09	2.30907e-05
2.84167e-09	2.28532e-05
2.84174e-09	2.2616e-05
2.84181e-09	2.23792e-05
2.84188e-09	2.21428e-05
2.84196e-09	2.19067e-05
2.84203e-09	2.1671e-05
2.8421e-09	2.14356e-05
2.84217e-09	2.12006e-05
2.84224e-09	2.09659e-05
2.84231e-09	2.07316e-05
2.84238e-09	2.04976e-05
2.84245e-09	2.0264e-05
2.84252e-09	2.00308e-05
2.84259e-09	1.97979e-05
2.84266e-09	1.95654e-05
2.84273e-09	1.93332e-05
2.8428e-09	1.91014e-05
2.84287e-09	1.88699e-05
2.84295e-09	1.86388e-05
2.84302e-09	1.84081e-05
2.84309e-09	1.81777e-05
2.84316e-09	1.79476e-05
2.84323e-09	1.7718e-05
2.8433e-09	1.74886e-05
2.84337e-09	1.72597e-05
2.84344e-09	1.70311e-05
2.84351e-09	1.68028e-05
2.84358e-09	1.65749e-05
2.84365e-09	1.63474e-05
2.84372e-09	1.61202e-05
2.84379e-09	1.58933e-05
2.84387e-09	1.56669e-05
2.84394e-09	1.54407e-05
2.84401e-09	1.5215e-05
2.84408e-09	1.49896e-05
2.84415e-09	1.47645e-05
2.84422e-09	1.45398e-05
2.84429e-09	1.43155e-05
2.84436e-09	1.40915e-05
2.84443e-09	1.38678e-05
2.8445e-09	1.36446e-05
2.84457e-09	1.34217e-05
2.84464e-09	1.31991e-05
2.84471e-09	1.29769e-05
2.84478e-09	1.2755e-05
2.84486e-09	1.25335e-05
2.84493e-09	1.23124e-05
2.845e-09	1.20916e-05
2.84507e-09	1.18712e-05
2.84514e-09	1.16511e-05
2.84521e-09	1.14314e-05
2.84528e-09	1.1212e-05
2.84535e-09	1.0993e-05
2.84542e-09	1.07743e-05
2.84549e-09	1.0556e-05
2.84556e-09	1.03381e-05
2.84563e-09	1.01205e-05
2.8457e-09	9.90327e-06
2.84577e-09	9.68639e-06
2.84585e-09	9.46987e-06
2.84592e-09	9.2537e-06
2.84599e-09	9.03789e-06
2.84606e-09	8.82243e-06
2.84613e-09	8.60732e-06
2.8462e-09	8.39257e-06
2.84627e-09	8.17818e-06
2.84634e-09	7.96414e-06
2.84641e-09	7.75045e-06
2.84648e-09	7.53712e-06
2.84655e-09	7.32414e-06
2.84662e-09	7.11152e-06
2.84669e-09	6.89925e-06
2.84677e-09	6.68734e-06
2.84684e-09	6.47578e-06
2.84691e-09	6.26458e-06
2.84698e-09	6.05372e-06
2.84705e-09	5.84323e-06
2.84712e-09	5.63309e-06
2.84719e-09	5.4233e-06
2.84726e-09	5.21386e-06
2.84733e-09	5.00478e-06
2.8474e-09	4.79606e-06
2.84747e-09	4.58768e-06
2.84754e-09	4.37966e-06
2.84761e-09	4.172e-06
2.84768e-09	3.96469e-06
2.84776e-09	3.75773e-06
2.84783e-09	3.55112e-06
2.8479e-09	3.34487e-06
2.84797e-09	3.13898e-06
2.84804e-09	2.93343e-06
2.84811e-09	2.72824e-06
2.84818e-09	2.5234e-06
2.84825e-09	2.31891e-06
2.84832e-09	2.11478e-06
2.84839e-09	1.911e-06
2.84846e-09	1.70758e-06
2.84853e-09	1.5045e-06
2.8486e-09	1.30178e-06
2.84867e-09	1.09941e-06
2.84875e-09	8.97396e-07
2.84882e-09	6.95732e-07
2.84889e-09	4.9442e-07
2.84896e-09	2.93461e-07
2.84903e-09	9.28545e-08
2.8491e-09	-1.074e-07
2.84917e-09	-3.07303e-07
2.84924e-09	-5.06854e-07
2.84931e-09	-7.06053e-07
2.84938e-09	-9.049e-07
2.84945e-09	-1.1034e-06
2.84952e-09	-1.30154e-06
2.84959e-09	-1.49933e-06
2.84966e-09	-1.69677e-06
2.84974e-09	-1.89386e-06
2.84981e-09	-2.0906e-06
2.84988e-09	-2.28699e-06
2.84995e-09	-2.48302e-06
2.85002e-09	-2.67871e-06
2.85009e-09	-2.87404e-06
2.85016e-09	-3.06902e-06
2.85023e-09	-3.26366e-06
2.8503e-09	-3.45794e-06
2.85037e-09	-3.65187e-06
2.85044e-09	-3.84545e-06
2.85051e-09	-4.03868e-06
2.85058e-09	-4.23156e-06
2.85066e-09	-4.42409e-06
2.85073e-09	-4.61627e-06
2.8508e-09	-4.8081e-06
2.85087e-09	-4.99958e-06
2.85094e-09	-5.19071e-06
2.85101e-09	-5.38149e-06
2.85108e-09	-5.57192e-06
2.85115e-09	-5.76201e-06
2.85122e-09	-5.95174e-06
2.85129e-09	-6.14112e-06
2.85136e-09	-6.33016e-06
2.85143e-09	-6.51884e-06
2.8515e-09	-6.70718e-06
2.85157e-09	-6.89517e-06
2.85165e-09	-7.08281e-06
2.85172e-09	-7.2701e-06
2.85179e-09	-7.45704e-06
2.85186e-09	-7.64363e-06
2.85193e-09	-7.82988e-06
2.852e-09	-8.01577e-06
2.85207e-09	-8.20132e-06
2.85214e-09	-8.38652e-06
2.85221e-09	-8.57138e-06
2.85228e-09	-8.75588e-06
2.85235e-09	-8.94004e-06
2.85242e-09	-9.12385e-06
2.85249e-09	-9.30731e-06
2.85256e-09	-9.49043e-06
2.85264e-09	-9.6732e-06
2.85271e-09	-9.85562e-06
2.85278e-09	-1.00377e-05
2.85285e-09	-1.02194e-05
2.85292e-09	-1.04008e-05
2.85299e-09	-1.05818e-05
2.85306e-09	-1.07625e-05
2.85313e-09	-1.09429e-05
2.8532e-09	-1.11229e-05
2.85327e-09	-1.13025e-05
2.85334e-09	-1.14818e-05
2.85341e-09	-1.16608e-05
2.85348e-09	-1.18394e-05
2.85356e-09	-1.20177e-05
2.85363e-09	-1.21956e-05
2.8537e-09	-1.23732e-05
2.85377e-09	-1.25504e-05
2.85384e-09	-1.27273e-05
2.85391e-09	-1.29038e-05
2.85398e-09	-1.308e-05
2.85405e-09	-1.32559e-05
2.85412e-09	-1.34314e-05
2.85419e-09	-1.36066e-05
2.85426e-09	-1.37814e-05
2.85433e-09	-1.39559e-05
2.8544e-09	-1.413e-05
2.85447e-09	-1.43038e-05
2.85455e-09	-1.44772e-05
2.85462e-09	-1.46503e-05
2.85469e-09	-1.48231e-05
2.85476e-09	-1.49955e-05
2.85483e-09	-1.51676e-05
2.8549e-09	-1.53393e-05
2.85497e-09	-1.55107e-05
2.85504e-09	-1.56817e-05
2.85511e-09	-1.58524e-05
2.85518e-09	-1.60228e-05
2.85525e-09	-1.61928e-05
2.85532e-09	-1.63625e-05
2.85539e-09	-1.65318e-05
2.85546e-09	-1.67008e-05
2.85554e-09	-1.68695e-05
2.85561e-09	-1.70378e-05
2.85568e-09	-1.72057e-05
2.85575e-09	-1.73734e-05
2.85582e-09	-1.75407e-05
2.85589e-09	-1.77076e-05
2.85596e-09	-1.78742e-05
2.85603e-09	-1.80405e-05
2.8561e-09	-1.82064e-05
2.85617e-09	-1.8372e-05
2.85624e-09	-1.85372e-05
2.85631e-09	-1.87021e-05
2.85638e-09	-1.88667e-05
2.85645e-09	-1.90309e-05
2.85653e-09	-1.91948e-05
2.8566e-09	-1.93583e-05
2.85667e-09	-1.95215e-05
2.85674e-09	-1.96844e-05
2.85681e-09	-1.98469e-05
2.85688e-09	-2.00091e-05
2.85695e-09	-2.0171e-05
2.85702e-09	-2.03325e-05
2.85709e-09	-2.04937e-05
2.85716e-09	-2.06545e-05
2.85723e-09	-2.0815e-05
2.8573e-09	-2.09752e-05
2.85737e-09	-2.1135e-05
2.85745e-09	-2.12945e-05
2.85752e-09	-2.14536e-05
2.85759e-09	-2.16124e-05
2.85766e-09	-2.17709e-05
2.85773e-09	-2.1929e-05
2.8578e-09	-2.20868e-05
2.85787e-09	-2.22443e-05
2.85794e-09	-2.24014e-05
2.85801e-09	-2.25582e-05
2.85808e-09	-2.27147e-05
2.85815e-09	-2.28708e-05
2.85822e-09	-2.30266e-05
2.85829e-09	-2.3182e-05
2.85836e-09	-2.33372e-05
2.85844e-09	-2.34919e-05
2.85851e-09	-2.36464e-05
2.85858e-09	-2.38005e-05
2.85865e-09	-2.39543e-05
2.85872e-09	-2.41077e-05
2.85879e-09	-2.42608e-05
2.85886e-09	-2.44136e-05
2.85893e-09	-2.4566e-05
2.859e-09	-2.47181e-05
2.85907e-09	-2.48699e-05
2.85914e-09	-2.50214e-05
2.85921e-09	-2.51725e-05
2.85928e-09	-2.53232e-05
2.85935e-09	-2.54737e-05
2.85943e-09	-2.56238e-05
2.8595e-09	-2.57736e-05
2.85957e-09	-2.5923e-05
2.85964e-09	-2.60721e-05
2.85971e-09	-2.62209e-05
2.85978e-09	-2.63694e-05
2.85985e-09	-2.65175e-05
2.85992e-09	-2.66653e-05
2.85999e-09	-2.68127e-05
2.86006e-09	-2.69598e-05
2.86013e-09	-2.71066e-05
2.8602e-09	-2.72531e-05
2.86027e-09	-2.73992e-05
2.86034e-09	-2.7545e-05
2.86042e-09	-2.76905e-05
2.86049e-09	-2.78357e-05
2.86056e-09	-2.79805e-05
2.86063e-09	-2.8125e-05
2.8607e-09	-2.82691e-05
2.86077e-09	-2.84129e-05
2.86084e-09	-2.85564e-05
2.86091e-09	-2.86996e-05
2.86098e-09	-2.88425e-05
2.86105e-09	-2.8985e-05
2.86112e-09	-2.91272e-05
2.86119e-09	-2.9269e-05
2.86126e-09	-2.94105e-05
2.86134e-09	-2.95517e-05
2.86141e-09	-2.96926e-05
2.86148e-09	-2.98332e-05
2.86155e-09	-2.99734e-05
2.86162e-09	-3.01133e-05
2.86169e-09	-3.02529e-05
2.86176e-09	-3.03921e-05
2.86183e-09	-3.0531e-05
2.8619e-09	-3.06696e-05
2.86197e-09	-3.08079e-05
2.86204e-09	-3.09458e-05
2.86211e-09	-3.10834e-05
2.86218e-09	-3.12207e-05
2.86225e-09	-3.13577e-05
2.86233e-09	-3.14943e-05
2.8624e-09	-3.16306e-05
2.86247e-09	-3.17666e-05
2.86254e-09	-3.19023e-05
2.86261e-09	-3.20377e-05
2.86268e-09	-3.21727e-05
2.86275e-09	-3.23074e-05
2.86282e-09	-3.24417e-05
2.86289e-09	-3.25758e-05
2.86296e-09	-3.27095e-05
2.86303e-09	-3.28429e-05
2.8631e-09	-3.2976e-05
2.86317e-09	-3.31088e-05
2.86324e-09	-3.32412e-05
2.86332e-09	-3.33733e-05
2.86339e-09	-3.35051e-05
2.86346e-09	-3.36366e-05
2.86353e-09	-3.37678e-05
2.8636e-09	-3.38986e-05
2.86367e-09	-3.40291e-05
2.86374e-09	-3.41593e-05
2.86381e-09	-3.42892e-05
2.86388e-09	-3.44187e-05
2.86395e-09	-3.4548e-05
2.86402e-09	-3.46769e-05
2.86409e-09	-3.48055e-05
2.86416e-09	-3.49338e-05
2.86424e-09	-3.50617e-05
2.86431e-09	-3.51894e-05
2.86438e-09	-3.53167e-05
2.86445e-09	-3.54437e-05
2.86452e-09	-3.55704e-05
2.86459e-09	-3.56967e-05
2.86466e-09	-3.58228e-05
2.86473e-09	-3.59485e-05
