3.53644e-14	-3.59901e-05
1.06093e-13	-3.58645e-05
1.76822e-13	-3.57385e-05
2.47551e-13	-3.56123e-05
3.1828e-13	-3.54857e-05
3.89009e-13	-3.53588e-05
4.59737e-13	-3.52316e-05
5.30466e-13	-3.5104e-05
6.01195e-13	-3.49762e-05
6.71924e-13	-3.4848e-05
7.42653e-13	-3.47195e-05
8.13382e-13	-3.45907e-05
8.8411e-13	-3.44616e-05
9.54839e-13	-3.43321e-05
1.02557e-12	-3.42024e-05
1.0963e-12	-3.40723e-05
1.16703e-12	-3.39419e-05
1.23775e-12	-3.38112e-05
1.30848e-12	-3.36801e-05
1.37921e-12	-3.35487e-05
1.44994e-12	-3.3417e-05
1.52067e-12	-3.3285e-05
1.5914e-12	-3.31527e-05
1.66213e-12	-3.302e-05
1.73286e-12	-3.28871e-05
1.80359e-12	-3.27538e-05
1.87431e-12	-3.26201e-05
1.94504e-12	-3.24862e-05
2.01577e-12	-3.23519e-05
2.0865e-12	-3.22173e-05
2.15723e-12	-3.20824e-05
2.22796e-12	-3.19472e-05
2.29869e-12	-3.18116e-05
2.36942e-12	-3.16757e-05
2.44014e-12	-3.15395e-05
2.51087e-12	-3.1403e-05
2.5816e-12	-3.12661e-05
2.65233e-12	-3.1129e-05
2.72306e-12	-3.09915e-05
2.79379e-12	-3.08536e-05
2.86452e-12	-3.07155e-05
2.93525e-12	-3.0577e-05
3.00598e-12	-3.04382e-05
3.0767e-12	-3.0299e-05
3.14743e-12	-3.01596e-05
3.21816e-12	-3.00198e-05
3.28889e-12	-2.98797e-05
3.35962e-12	-2.97392e-05
3.43035e-12	-2.95985e-05
3.50108e-12	-2.94574e-05
3.57181e-12	-2.93159e-05
3.64254e-12	-2.91742e-05
3.71326e-12	-2.90321e-05
3.78399e-12	-2.88897e-05
3.85472e-12	-2.8747e-05
3.92545e-12	-2.86039e-05
3.99618e-12	-2.84605e-05
4.06691e-12	-2.83168e-05
4.13764e-12	-2.81728e-05
4.20837e-12	-2.80284e-05
4.27909e-12	-2.78837e-05
4.34982e-12	-2.77386e-05
4.42055e-12	-2.75933e-05
4.49128e-12	-2.74476e-05
4.56201e-12	-2.73016e-05
4.63274e-12	-2.71552e-05
4.70347e-12	-2.70085e-05
4.7742e-12	-2.68615e-05
4.84493e-12	-2.67142e-05
4.91565e-12	-2.65665e-05
4.98638e-12	-2.64185e-05
5.05711e-12	-2.62701e-05
5.12784e-12	-2.61215e-05
5.19857e-12	-2.59725e-05
5.2693e-12	-2.58231e-05
5.34003e-12	-2.56735e-05
5.41076e-12	-2.55235e-05
5.48149e-12	-2.53731e-05
5.55221e-12	-2.52225e-05
5.62294e-12	-2.50715e-05
5.69367e-12	-2.49201e-05
5.7644e-12	-2.47685e-05
5.83513e-12	-2.46165e-05
5.90586e-12	-2.44641e-05
5.97659e-12	-2.43115e-05
6.04732e-12	-2.41585e-05
6.11804e-12	-2.40052e-05
6.18877e-12	-2.38515e-05
6.2595e-12	-2.36975e-05
6.33023e-12	-2.35431e-05
6.40096e-12	-2.33885e-05
6.47169e-12	-2.32335e-05
6.54242e-12	-2.30781e-05
6.61315e-12	-2.29225e-05
6.68388e-12	-2.27665e-05
6.7546e-12	-2.26101e-05
6.82533e-12	-2.24534e-05
6.89606e-12	-2.22964e-05
6.96679e-12	-2.21391e-05
7.03752e-12	-2.19814e-05
7.10825e-12	-2.18233e-05
7.17898e-12	-2.1665e-05
7.24971e-12	-2.15063e-05
7.32043e-12	-2.13472e-05
7.39116e-12	-2.11879e-05
7.46189e-12	-2.10282e-05
7.53262e-12	-2.08681e-05
7.60335e-12	-2.07077e-05
7.67408e-12	-2.0547e-05
7.74481e-12	-2.03859e-05
7.81554e-12	-2.02245e-05
7.88627e-12	-2.00628e-05
7.95699e-12	-1.99007e-05
8.02772e-12	-1.97383e-05
8.09845e-12	-1.95755e-05
8.16918e-12	-1.94124e-05
8.23991e-12	-1.9249e-05
8.31064e-12	-1.90852e-05
8.38137e-12	-1.89211e-05
8.4521e-12	-1.87567e-05
8.52283e-12	-1.85919e-05
8.59355e-12	-1.84268e-05
8.66428e-12	-1.82613e-05
8.73501e-12	-1.80955e-05
8.80574e-12	-1.79293e-05
8.87647e-12	-1.77628e-05
8.9472e-12	-1.7596e-05
9.01793e-12	-1.74288e-05
9.08866e-12	-1.72613e-05
9.15938e-12	-1.70935e-05
9.23011e-12	-1.69253e-05
9.30084e-12	-1.67567e-05
9.37157e-12	-1.65879e-05
9.4423e-12	-1.64186e-05
9.51303e-12	-1.62491e-05
9.58376e-12	-1.60792e-05
9.65449e-12	-1.59089e-05
9.72522e-12	-1.57383e-05
9.79594e-12	-1.55674e-05
9.86667e-12	-1.53961e-05
9.9374e-12	-1.52245e-05
1.00081e-11	-1.50526e-05
1.00789e-11	-1.48803e-05
1.01496e-11	-1.47076e-05
1.02203e-11	-1.45346e-05
1.0291e-11	-1.43613e-05
1.03618e-11	-1.41876e-05
1.04325e-11	-1.40136e-05
1.05032e-11	-1.38392e-05
1.0574e-11	-1.36645e-05
1.06447e-11	-1.34895e-05
1.07154e-11	-1.33141e-05
1.07861e-11	-1.31383e-05
1.08569e-11	-1.29623e-05
1.09276e-11	-1.27858e-05
1.09983e-11	-1.26091e-05
1.10691e-11	-1.24319e-05
1.11398e-11	-1.22545e-05
1.12105e-11	-1.20767e-05
1.12812e-11	-1.18985e-05
1.1352e-11	-1.172e-05
1.14227e-11	-1.15412e-05
1.14934e-11	-1.1362e-05
1.15642e-11	-1.11824e-05
1.16349e-11	-1.10026e-05
1.17056e-11	-1.08223e-05
1.17764e-11	-1.06418e-05
1.18471e-11	-1.04608e-05
1.19178e-11	-1.02796e-05
1.19885e-11	-1.00979e-05
1.20593e-11	-9.91599e-06
1.213e-11	-9.73368e-06
1.22007e-11	-9.55103e-06
1.22715e-11	-9.36803e-06
1.23422e-11	-9.18468e-06
1.24129e-11	-9.00098e-06
1.24836e-11	-8.81694e-06
1.25544e-11	-8.63255e-06
1.26251e-11	-8.44781e-06
1.26958e-11	-8.26272e-06
1.27666e-11	-8.07729e-06
1.28373e-11	-7.89151e-06
1.2908e-11	-7.70538e-06
1.29787e-11	-7.5189e-06
1.30495e-11	-7.33207e-06
1.31202e-11	-7.1449e-06
1.31909e-11	-6.95738e-06
1.32617e-11	-6.7695e-06
1.33324e-11	-6.58128e-06
1.34031e-11	-6.39271e-06
1.34738e-11	-6.20379e-06
1.35446e-11	-6.01453e-06
1.36153e-11	-5.82491e-06
1.3686e-11	-5.63494e-06
1.37568e-11	-5.44463e-06
1.38275e-11	-5.25396e-06
1.38982e-11	-5.06295e-06
1.39689e-11	-4.87158e-06
1.40397e-11	-4.67987e-06
1.41104e-11	-4.48781e-06
1.41811e-11	-4.29539e-06
1.42519e-11	-4.10263e-06
1.43226e-11	-3.90951e-06
1.43933e-11	-3.71605e-06
1.4464e-11	-3.52223e-06
1.45348e-11	-3.32807e-06
1.46055e-11	-3.13355e-06
1.46762e-11	-2.93868e-06
1.4747e-11	-2.74347e-06
1.48177e-11	-2.5479e-06
1.48884e-11	-2.35198e-06
1.49591e-11	-2.15571e-06
1.50299e-11	-1.95909e-06
1.51006e-11	-1.76211e-06
1.51713e-11	-1.56479e-06
1.52421e-11	-1.36711e-06
1.53128e-11	-1.16909e-06
1.53835e-11	-9.70706e-07
1.54543e-11	-7.71976e-07
1.5525e-11	-5.72893e-07
1.55957e-11	-3.73459e-07
1.56664e-11	-1.73673e-07
1.57372e-11	2.64649e-08
1.58079e-11	2.26955e-07
1.58786e-11	4.27798e-07
1.59494e-11	6.28992e-07
1.60201e-11	8.30539e-07
1.60908e-11	1.03244e-06
1.61615e-11	1.23469e-06
1.62323e-11	1.4373e-06
1.6303e-11	1.64025e-06
1.63737e-11	1.84356e-06
1.64445e-11	2.04722e-06
1.65152e-11	2.25124e-06
1.65859e-11	2.45561e-06
1.66566e-11	2.66033e-06
1.67274e-11	2.8654e-06
1.67981e-11	3.07083e-06
1.68688e-11	3.27661e-06
1.69396e-11	3.48275e-06
1.70103e-11	3.68924e-06
1.7081e-11	3.89608e-06
1.71517e-11	4.10327e-06
1.72225e-11	4.31082e-06
1.72932e-11	4.51872e-06
1.73639e-11	4.72698e-06
1.74347e-11	4.93559e-06
1.75054e-11	5.14455e-06
1.75761e-11	5.35387e-06
1.76468e-11	5.56354e-06
1.77176e-11	5.77356e-06
1.77883e-11	5.98394e-06
1.7859e-11	6.19468e-06
1.79298e-11	6.40576e-06
1.80005e-11	6.6172e-06
1.80712e-11	6.829e-06
1.81419e-11	7.04115e-06
1.82127e-11	7.25365e-06
1.82834e-11	7.46651e-06
1.83541e-11	7.67973e-06
1.84249e-11	7.8933e-06
1.84956e-11	8.10722e-06
1.85663e-11	8.3215e-06
1.8637e-11	8.53613e-06
1.87078e-11	8.75112e-06
1.87785e-11	8.96646e-06
1.88492e-11	9.18215e-06
1.892e-11	9.39821e-06
1.89907e-11	9.61461e-06
1.90614e-11	9.83137e-06
1.91322e-11	1.00485e-05
1.92029e-11	1.0266e-05
1.92736e-11	1.04838e-05
1.93443e-11	1.0702e-05
1.94151e-11	1.09205e-05
1.94858e-11	1.11394e-05
1.95565e-11	1.13586e-05
1.96273e-11	1.15783e-05
1.9698e-11	1.17982e-05
1.97687e-11	1.20185e-05
1.98394e-11	1.22392e-05
1.99102e-11	1.24602e-05
1.99809e-11	1.26816e-05
2.00516e-11	1.29033e-05
2.01224e-11	1.31254e-05
2.01931e-11	1.33479e-05
2.02638e-11	1.35707e-05
2.03345e-11	1.37938e-05
2.04053e-11	1.40173e-05
2.0476e-11	1.42412e-05
2.05467e-11	1.44654e-05
2.06175e-11	1.469e-05
2.06882e-11	1.4915e-05
2.07589e-11	1.51402e-05
2.08296e-11	1.53659e-05
2.09004e-11	1.55919e-05
2.09711e-11	1.58183e-05
2.10418e-11	1.6045e-05
2.11126e-11	1.6272e-05
2.11833e-11	1.64995e-05
2.1254e-11	1.67273e-05
2.13247e-11	1.69554e-05
2.13955e-11	1.71839e-05
2.14662e-11	1.74127e-05
2.15369e-11	1.76419e-05
2.16077e-11	1.78715e-05
2.16784e-11	1.81014e-05
2.17491e-11	1.83317e-05
2.18198e-11	1.85623e-05
2.18906e-11	1.87933e-05
2.19613e-11	1.90247e-05
2.2032e-11	1.92564e-05
2.21028e-11	1.94884e-05
2.21735e-11	1.97208e-05
2.22442e-11	1.99536e-05
2.23149e-11	2.01867e-05
2.23857e-11	2.04202e-05
2.24564e-11	2.0654e-05
2.25271e-11	2.08882e-05
2.25979e-11	2.11228e-05
2.26686e-11	2.13577e-05
2.27393e-11	2.15929e-05
2.28101e-11	2.18285e-05
2.28808e-11	2.20645e-05
2.29515e-11	2.23008e-05
2.30222e-11	2.25375e-05
2.3093e-11	2.27746e-05
2.31637e-11	2.3012e-05
2.32344e-11	2.32497e-05
2.33052e-11	2.34878e-05
2.33759e-11	2.37263e-05
2.34466e-11	2.39651e-05
2.35173e-11	2.42043e-05
2.35881e-11	2.44438e-05
2.36588e-11	2.46837e-05
2.37295e-11	2.49239e-05
2.38003e-11	2.51645e-05
2.3871e-11	2.54055e-05
2.39417e-11	2.56468e-05
2.40124e-11	2.58885e-05
2.40832e-11	2.61305e-05
2.41539e-11	2.63729e-05
2.42246e-11	2.66156e-05
2.42954e-11	2.68587e-05
2.43661e-11	2.71021e-05
2.44368e-11	2.73459e-05
2.45075e-11	2.75901e-05
2.45783e-11	2.78346e-05
2.4649e-11	2.80795e-05
2.47197e-11	2.83247e-05
2.47905e-11	2.85703e-05
2.48612e-11	2.88162e-05
2.49319e-11	2.90625e-05
2.50026e-11	2.93091e-05
2.50734e-11	2.95561e-05
2.51441e-11	2.98035e-05
2.52148e-11	3.00512e-05
2.52856e-11	3.02993e-05
2.53563e-11	3.05477e-05
2.5427e-11	3.07965e-05
2.54977e-11	3.10456e-05
2.55685e-11	3.12951e-05
2.56392e-11	3.15449e-05
2.57099e-11	3.17951e-05
2.57807e-11	3.20457e-05
2.58514e-11	3.22966e-05
2.59221e-11	3.25478e-05
2.59928e-11	3.27995e-05
2.60636e-11	3.30514e-05
2.61343e-11	3.33037e-05
2.6205e-11	3.35564e-05
2.62758e-11	3.38095e-05
2.63465e-11	3.40629e-05
2.64172e-11	3.43166e-05
2.6488e-11	3.45707e-05
2.65587e-11	3.48251e-05
2.66294e-11	3.508e-05
2.67001e-11	3.53351e-05
2.67709e-11	3.55906e-05
2.68416e-11	3.58465e-05
2.69123e-11	3.61027e-05
2.69831e-11	3.63593e-05
2.70538e-11	3.66162e-05
2.71245e-11	3.68735e-05
2.71952e-11	3.71312e-05
2.7266e-11	3.73891e-05
2.73367e-11	3.76475e-05
2.74074e-11	3.79062e-05
2.74782e-11	3.81652e-05
2.75489e-11	3.84246e-05
2.76196e-11	3.86844e-05
2.76903e-11	3.89445e-05
2.77611e-11	3.9205e-05
2.78318e-11	3.94658e-05
2.79025e-11	3.9727e-05
2.79733e-11	3.99885e-05
2.8044e-11	4.02504e-05
2.81147e-11	4.05126e-05
2.81854e-11	4.07752e-05
2.82562e-11	4.10381e-05
2.83269e-11	4.13014e-05
2.83976e-11	4.15651e-05
2.84684e-11	4.18291e-05
2.85391e-11	4.20934e-05
2.86098e-11	4.23581e-05
2.86805e-11	4.26232e-05
2.87513e-11	4.28886e-05
2.8822e-11	4.31543e-05
2.88927e-11	4.34204e-05
2.89635e-11	4.36869e-05
2.90342e-11	4.39537e-05
2.91049e-11	4.42209e-05
2.91756e-11	4.44884e-05
2.92464e-11	4.47562e-05
2.93171e-11	4.50245e-05
2.93878e-11	4.5293e-05
2.94586e-11	4.55619e-05
2.95293e-11	4.58312e-05
2.96e-11	4.61008e-05
2.96707e-11	4.63708e-05
2.97415e-11	4.66411e-05
2.98122e-11	4.69118e-05
2.98829e-11	4.71828e-05
2.99537e-11	4.74542e-05
3.00244e-11	4.77259e-05
3.00951e-11	4.7998e-05
3.01658e-11	4.82704e-05
3.02366e-11	4.85432e-05
3.03073e-11	4.88163e-05
3.0378e-11	4.90898e-05
3.04488e-11	4.93636e-05
3.05195e-11	4.96378e-05
3.05902e-11	4.99123e-05
3.0661e-11	5.01872e-05
3.07317e-11	5.04624e-05
3.08024e-11	5.0738e-05
3.08731e-11	5.10139e-05
3.09439e-11	5.12902e-05
3.10146e-11	5.15668e-05
3.10853e-11	5.18437e-05
3.11561e-11	5.2121e-05
3.12268e-11	5.23987e-05
3.12975e-11	5.26767e-05
3.13682e-11	5.29551e-05
3.1439e-11	5.32338e-05
3.15097e-11	5.35128e-05
3.15804e-11	5.37922e-05
3.16512e-11	5.4072e-05
3.17219e-11	5.43521e-05
3.17926e-11	5.46325e-05
3.18633e-11	5.49133e-05
3.19341e-11	5.51944e-05
3.20048e-11	5.54759e-05
3.20755e-11	5.57577e-05
3.21463e-11	5.60399e-05
3.2217e-11	5.63224e-05
3.22877e-11	5.66053e-05
3.23584e-11	5.68885e-05
3.24292e-11	5.71721e-05
3.24999e-11	5.7456e-05
3.25706e-11	5.77402e-05
3.26414e-11	5.80248e-05
3.27121e-11	5.83098e-05
3.27828e-11	5.8595e-05
3.28535e-11	5.88807e-05
3.29243e-11	5.91666e-05
3.2995e-11	5.9453e-05
3.30657e-11	5.97396e-05
3.31365e-11	6.00266e-05
3.32072e-11	6.0314e-05
3.32779e-11	6.06017e-05
3.33486e-11	6.08897e-05
3.34194e-11	6.11781e-05
3.34901e-11	6.14668e-05
3.35608e-11	6.17559e-05
3.36316e-11	6.20453e-05
3.37023e-11	6.23351e-05
3.3773e-11	6.26252e-05
3.38437e-11	6.29156e-05
3.39145e-11	6.32064e-05
3.39852e-11	6.34975e-05
3.40559e-11	6.3789e-05
3.41267e-11	6.40808e-05
3.41974e-11	6.4373e-05
3.42681e-11	6.46655e-05
3.43389e-11	6.49583e-05
3.44096e-11	6.52515e-05
3.44803e-11	6.5545e-05
3.4551e-11	6.58388e-05
3.46218e-11	6.6133e-05
3.46925e-11	6.64276e-05
3.47632e-11	6.67225e-05
3.4834e-11	6.70177e-05
3.49047e-11	6.73132e-05
3.49754e-11	6.76091e-05
3.50461e-11	6.79054e-05
3.51169e-11	6.8202e-05
3.51876e-11	6.84989e-05
3.52583e-11	6.87961e-05
3.53291e-11	6.90937e-05
3.53998e-11	6.93917e-05
3.54705e-11	6.96899e-05
3.55412e-11	6.99885e-05
3.5612e-11	7.02875e-05
3.56827e-11	7.05868e-05
3.57534e-11	7.08864e-05
3.58242e-11	7.11863e-05
3.58949e-11	7.14866e-05
3.59656e-11	7.17873e-05
3.60363e-11	7.20882e-05
3.61071e-11	7.23896e-05
3.61778e-11	7.26912e-05
3.62485e-11	7.29932e-05
3.63193e-11	7.32955e-05
3.639e-11	7.35981e-05
3.64607e-11	7.39011e-05
3.65314e-11	7.42044e-05
3.66022e-11	7.45081e-05
3.66729e-11	7.48121e-05
3.67436e-11	7.51164e-05
3.68144e-11	7.54211e-05
3.68851e-11	7.57261e-05
3.69558e-11	7.60314e-05
3.70265e-11	7.63371e-05
3.70973e-11	7.6643e-05
3.7168e-11	7.69494e-05
3.72387e-11	7.7256e-05
3.73095e-11	7.7563e-05
3.73802e-11	7.78703e-05
3.74509e-11	7.8178e-05
3.75216e-11	7.8486e-05
3.75924e-11	7.87943e-05
3.76631e-11	7.9103e-05
3.77338e-11	7.94119e-05
3.78046e-11	7.97213e-05
3.78753e-11	8.00309e-05
3.7946e-11	8.03409e-05
3.80168e-11	8.06512e-05
3.80875e-11	8.09618e-05
3.81582e-11	8.12728e-05
3.82289e-11	8.15841e-05
3.82997e-11	8.18957e-05
3.83704e-11	8.22077e-05
3.84411e-11	8.25199e-05
3.85119e-11	8.28326e-05
3.85826e-11	8.31455e-05
3.86533e-11	8.34588e-05
3.8724e-11	8.37723e-05
3.87948e-11	8.40863e-05
3.88655e-11	8.44005e-05
3.89362e-11	8.47151e-05
3.9007e-11	8.503e-05
3.90777e-11	8.53452e-05
3.91484e-11	8.56608e-05
3.92191e-11	8.59767e-05
3.92899e-11	8.62929e-05
3.93606e-11	8.66094e-05
3.94313e-11	8.69262e-05
3.95021e-11	8.72434e-05
3.95728e-11	8.75609e-05
3.96435e-11	8.78788e-05
3.97142e-11	8.81969e-05
3.9785e-11	8.85154e-05
3.98557e-11	8.88342e-05
3.99264e-11	8.91533e-05
3.99972e-11	8.94728e-05
4.00679e-11	8.97925e-05
4.01386e-11	9.01126e-05
4.02093e-11	9.0433e-05
4.02801e-11	9.07538e-05
4.03508e-11	9.10748e-05
4.04215e-11	9.13962e-05
4.04923e-11	9.17179e-05
4.0563e-11	9.20399e-05
4.06337e-11	9.23623e-05
4.07044e-11	9.26849e-05
4.07752e-11	9.30079e-05
4.08459e-11	9.33312e-05
4.09166e-11	9.36548e-05
4.09874e-11	9.39787e-05
4.10581e-11	9.4303e-05
4.11288e-11	9.46276e-05
4.11995e-11	9.49525e-05
4.12703e-11	9.52777e-05
4.1341e-11	9.56032e-05
4.14117e-11	9.5929e-05
4.14825e-11	9.62552e-05
4.15532e-11	9.65817e-05
4.16239e-11	9.69085e-05
4.16947e-11	9.72356e-05
4.17654e-11	9.7563e-05
4.18361e-11	9.78907e-05
4.19068e-11	9.82188e-05
4.19776e-11	9.85471e-05
4.20483e-11	9.88758e-05
4.2119e-11	9.92048e-05
4.21898e-11	9.95341e-05
4.22605e-11	9.98637e-05
4.23312e-11	0.000100194
4.24019e-11	0.000100524
4.24727e-11	0.000100854
4.25434e-11	0.000101185
4.26141e-11	0.000101517
4.26849e-11	0.000101848
4.27556e-11	0.00010218
4.28263e-11	0.000102512
4.2897e-11	0.000102844
4.29678e-11	0.000103177
4.30385e-11	0.00010351
4.31092e-11	0.000103843
4.318e-11	0.000104177
4.32507e-11	0.000104511
4.33214e-11	0.000104845
4.33921e-11	0.00010518
4.34629e-11	0.000105515
4.35336e-11	0.00010585
4.36043e-11	0.000106186
4.36751e-11	0.000106521
4.37458e-11	0.000106857
4.38165e-11	0.000107194
4.38872e-11	0.000107531
4.3958e-11	0.000107868
4.40287e-11	0.000108205
4.40994e-11	0.000108543
4.41702e-11	0.000108881
4.42409e-11	0.000109219
4.43116e-11	0.000109557
4.43823e-11	0.000109896
4.44531e-11	0.000110235
4.45238e-11	0.000110575
4.45945e-11	0.000110915
4.46653e-11	0.000111255
4.4736e-11	0.000111595
4.48067e-11	0.000111936
4.48774e-11	0.000112277
4.49482e-11	0.000112618
4.50189e-11	0.000112959
4.50896e-11	0.000113301
4.51604e-11	0.000113643
4.52311e-11	0.000113986
4.53018e-11	0.000114329
4.53726e-11	0.000114672
4.54433e-11	0.000115015
4.5514e-11	0.000115359
4.55847e-11	0.000115703
4.56555e-11	0.000116047
4.57262e-11	0.000116391
4.57969e-11	0.000116736
4.58677e-11	0.000117081
4.59384e-11	0.000117427
4.60091e-11	0.000117772
4.60798e-11	0.000118118
4.61506e-11	0.000118465
4.62213e-11	0.000118811
4.6292e-11	0.000119158
4.63628e-11	0.000119505
4.64335e-11	0.000119853
4.65042e-11	0.000120201
4.65749e-11	0.000120549
4.66457e-11	0.000120897
4.67164e-11	0.000121246
4.67871e-11	0.000121595
4.68579e-11	0.000121944
4.69286e-11	0.000122293
4.69993e-11	0.000122643
4.707e-11	0.000122993
4.71408e-11	0.000123343
4.72115e-11	0.000123694
4.72822e-11	0.000124045
4.7353e-11	0.000124396
4.74237e-11	0.000124748
4.74944e-11	0.000125099
4.75651e-11	0.000125452
4.76359e-11	0.000125804
4.77066e-11	0.000126157
4.77773e-11	0.000126509
4.78481e-11	0.000126863
4.79188e-11	0.000127216
4.79895e-11	0.00012757
4.80602e-11	0.000127924
4.8131e-11	0.000128278
4.82017e-11	0.000128633
4.82724e-11	0.000128988
4.83432e-11	0.000129343
4.84139e-11	0.000129698
4.84846e-11	0.000130054
4.85553e-11	0.00013041
4.86261e-11	0.000130766
4.86968e-11	0.000131123
4.87675e-11	0.00013148
4.88383e-11	0.000131837
4.8909e-11	0.000132194
4.89797e-11	0.000132552
4.90505e-11	0.00013291
4.91212e-11	0.000133268
4.91919e-11	0.000133627
4.92626e-11	0.000133985
4.93334e-11	0.000134344
4.94041e-11	0.000134704
4.94748e-11	0.000135063
4.95456e-11	0.000135423
4.96163e-11	0.000135783
4.9687e-11	0.000136144
4.97577e-11	0.000136504
4.98285e-11	0.000136865
4.98992e-11	0.000137227
4.99699e-11	0.000137588
5.00407e-11	0.00013795
5.01114e-11	0.000138312
5.01821e-11	0.000138674
5.02528e-11	0.000139037
5.03236e-11	0.000139399
5.03943e-11	0.000139762
5.0465e-11	0.000140126
5.05358e-11	0.000140489
5.06065e-11	0.000140853
5.06772e-11	0.000141217
5.07479e-11	0.000141582
5.08187e-11	0.000141947
5.08894e-11	0.000142311
5.09601e-11	0.000142677
5.10309e-11	0.000143042
5.11016e-11	0.000143408
5.11723e-11	0.000143774
5.1243e-11	0.00014414
5.13138e-11	0.000144507
5.13845e-11	0.000144873
5.14552e-11	0.00014524
5.1526e-11	0.000145608
5.15967e-11	0.000145975
5.16674e-11	0.000146343
5.17381e-11	0.000146711
5.18089e-11	0.000147079
5.18796e-11	0.000147448
5.19503e-11	0.000147817
5.20211e-11	0.000148186
5.20918e-11	0.000148555
5.21625e-11	0.000148925
5.22332e-11	0.000149294
5.2304e-11	0.000149664
5.23747e-11	0.000150035
5.24454e-11	0.000150405
5.25162e-11	0.000150776
5.25869e-11	0.000151147
5.26576e-11	0.000151519
5.27283e-11	0.00015189
5.27991e-11	0.000152262
5.28698e-11	0.000152634
5.29405e-11	0.000153006
5.30113e-11	0.000153379
5.3082e-11	0.000153752
5.31527e-11	0.000154125
5.32235e-11	0.000154498
5.32942e-11	0.000154872
5.33649e-11	0.000155245
5.34356e-11	0.000155619
5.35064e-11	0.000155994
5.35771e-11	0.000156368
5.36478e-11	0.000156743
5.37186e-11	0.000157118
5.37893e-11	0.000157493
5.386e-11	0.000157869
5.39307e-11	0.000158244
5.40015e-11	0.00015862
5.40722e-11	0.000158997
5.41429e-11	0.000159373
5.42137e-11	0.00015975
5.42844e-11	0.000160127
5.43551e-11	0.000160504
5.44258e-11	0.000160881
5.44966e-11	0.000161259
5.45673e-11	0.000161637
5.4638e-11	0.000162015
5.47088e-11	0.000162393
5.47795e-11	0.000162772
5.48502e-11	0.00016315
5.49209e-11	0.000163529
5.49917e-11	0.000163909
5.50624e-11	0.000164288
5.51331e-11	0.000164668
5.52039e-11	0.000165048
5.52746e-11	0.000165428
5.53453e-11	0.000165808
5.5416e-11	0.000166189
5.54868e-11	0.00016657
5.55575e-11	0.000166951
5.56282e-11	0.000167332
5.5699e-11	0.000167714
5.57697e-11	0.000168095
5.58404e-11	0.000168477
5.59111e-11	0.00016886
5.59819e-11	0.000169242
5.60526e-11	0.000169625
5.61233e-11	0.000170008
5.61941e-11	0.000170391
5.62648e-11	0.000170774
5.63355e-11	0.000171157
5.64062e-11	0.000171541
5.6477e-11	0.000171925
5.65477e-11	0.000172309
5.66184e-11	0.000172694
5.66892e-11	0.000173078
5.67599e-11	0.000173463
5.68306e-11	0.000173848
5.69014e-11	0.000174233
5.69721e-11	0.000174619
5.70428e-11	0.000175005
5.71135e-11	0.00017539
5.71843e-11	0.000175776
5.7255e-11	0.000176163
5.73257e-11	0.000176549
5.73965e-11	0.000176936
5.74672e-11	0.000177323
5.75379e-11	0.00017771
5.76086e-11	0.000178098
5.76794e-11	0.000178485
5.77501e-11	0.000178873
5.78208e-11	0.000179261
5.78916e-11	0.000179649
5.79623e-11	0.000180037
5.8033e-11	0.000180426
5.81037e-11	0.000180815
5.81745e-11	0.000181204
5.82452e-11	0.000181593
5.83159e-11	0.000181982
5.83867e-11	0.000182372
5.84574e-11	0.000182762
5.85281e-11	0.000183152
5.85988e-11	0.000183542
5.86696e-11	0.000183932
5.87403e-11	0.000184323
5.8811e-11	0.000184714
5.88818e-11	0.000185105
5.89525e-11	0.000185496
5.90232e-11	0.000185887
5.90939e-11	0.000186279
5.91647e-11	0.000186671
5.92354e-11	0.000187062
5.93061e-11	0.000187455
5.93769e-11	0.000187847
5.94476e-11	0.000188239
5.95183e-11	0.000188632
5.9589e-11	0.000189025
5.96598e-11	0.000189418
5.97305e-11	0.000189811
5.98012e-11	0.000190205
5.9872e-11	0.000190599
5.99427e-11	0.000190992
6.00134e-11	0.000191386
6.00841e-11	0.000191781
6.01549e-11	0.000192175
6.02256e-11	0.00019257
6.02963e-11	0.000192964
6.03671e-11	0.000193359
6.04378e-11	0.000193754
6.05085e-11	0.00019415
6.05793e-11	0.000194545
6.065e-11	0.000194941
6.07207e-11	0.000195337
6.07914e-11	0.000195733
6.08622e-11	0.000196129
6.09329e-11	0.000196525
6.10036e-11	0.000196922
6.10744e-11	0.000197318
6.11451e-11	0.000197715
6.12158e-11	0.000198112
6.12865e-11	0.00019851
6.13573e-11	0.000198907
6.1428e-11	0.000199304
6.14987e-11	0.000199702
6.15695e-11	0.0002001
6.16402e-11	0.000200498
6.17109e-11	0.000200896
6.17816e-11	0.000201295
6.18524e-11	0.000201693
6.19231e-11	0.000202092
6.19938e-11	0.000202491
6.20646e-11	0.00020289
6.21353e-11	0.000203289
6.2206e-11	0.000203689
6.22767e-11	0.000204088
6.23475e-11	0.000204488
6.24182e-11	0.000204888
6.24889e-11	0.000205288
6.25597e-11	0.000205688
6.26304e-11	0.000206088
6.27011e-11	0.000206489
6.27718e-11	0.000206889
6.28426e-11	0.00020729
6.29133e-11	0.000207691
6.2984e-11	0.000208092
6.30548e-11	0.000208493
6.31255e-11	0.000208895
6.31962e-11	0.000209296
6.32669e-11	0.000209698
6.33377e-11	0.0002101
6.34084e-11	0.000210502
6.34791e-11	0.000210904
6.35499e-11	0.000211307
6.36206e-11	0.000211709
6.36913e-11	0.000212112
6.3762e-11	0.000212514
6.38328e-11	0.000212917
6.39035e-11	0.00021332
6.39742e-11	0.000213723
6.4045e-11	0.000214127
6.41157e-11	0.00021453
6.41864e-11	0.000214934
6.42572e-11	0.000215338
6.43279e-11	0.000215741
6.43986e-11	0.000216145
6.44693e-11	0.00021655
6.45401e-11	0.000216954
6.46108e-11	0.000217358
6.46815e-11	0.000217763
6.47523e-11	0.000218167
6.4823e-11	0.000218572
6.48937e-11	0.000218977
6.49644e-11	0.000219382
6.50352e-11	0.000219788
6.51059e-11	0.000220193
6.51766e-11	0.000220598
6.52474e-11	0.000221004
6.53181e-11	0.00022141
6.53888e-11	0.000221815
6.54595e-11	0.000222221
6.55303e-11	0.000222628
6.5601e-11	0.000223034
6.56717e-11	0.00022344
6.57425e-11	0.000223847
6.58132e-11	0.000224253
6.58839e-11	0.00022466
6.59546e-11	0.000225067
6.60254e-11	0.000225474
6.60961e-11	0.000225881
6.61668e-11	0.000226288
6.62376e-11	0.000226695
6.63083e-11	0.000227103
6.6379e-11	0.00022751
6.64497e-11	0.000227918
6.65205e-11	0.000228325
6.65912e-11	0.000228733
6.66619e-11	0.000229141
6.67327e-11	0.000229549
6.68034e-11	0.000229958
6.68741e-11	0.000230366
6.69448e-11	0.000230774
6.70156e-11	0.000231183
6.70863e-11	0.000231591
6.7157e-11	0.000232
6.72278e-11	0.000232409
6.72985e-11	0.000232818
6.73692e-11	0.000233227
6.74399e-11	0.000233636
6.75107e-11	0.000234045
6.75814e-11	0.000234455
6.76521e-11	0.000234864
6.77229e-11	0.000235273
6.77936e-11	0.000235683
6.78643e-11	0.000236093
6.79351e-11	0.000236503
6.80058e-11	0.000236912
6.80765e-11	0.000237322
6.81472e-11	0.000237733
6.8218e-11	0.000238143
6.82887e-11	0.000238553
6.83594e-11	0.000238963
6.84302e-11	0.000239374
6.85009e-11	0.000239784
6.85716e-11	0.000240195
6.86423e-11	0.000240606
6.87131e-11	0.000241016
6.87838e-11	0.000241427
6.88545e-11	0.000241838
6.89253e-11	0.000242249
6.8996e-11	0.00024266
6.90667e-11	0.000243072
6.91374e-11	0.000243483
6.92082e-11	0.000243894
6.92789e-11	0.000244306
6.93496e-11	0.000244717
6.94204e-11	0.000245129
6.94911e-11	0.00024554
6.95618e-11	0.000245952
6.96325e-11	0.000246364
6.97033e-11	0.000246776
6.9774e-11	0.000247188
6.98447e-11	0.0002476
6.99155e-11	0.000248012
6.99862e-11	0.000248424
7.00569e-11	0.000248836
7.01276e-11	0.000249249
7.01984e-11	0.000249661
7.02691e-11	0.000250073
7.03398e-11	0.000250486
7.04106e-11	0.000250898
7.04813e-11	0.000251311
7.0552e-11	0.000251724
7.06227e-11	0.000252136
7.06935e-11	0.000252549
7.07642e-11	0.000252962
7.08349e-11	0.000253375
7.09057e-11	0.000253788
7.09764e-11	0.000254201
7.10471e-11	0.000254614
7.11178e-11	0.000255027
7.11886e-11	0.00025544
7.12593e-11	0.000255853
7.133e-11	0.000256267
7.14008e-11	0.00025668
7.14715e-11	0.000257093
7.15422e-11	0.000257507
7.16129e-11	0.00025792
7.16837e-11	0.000258334
7.17544e-11	0.000258747
7.18251e-11	0.000259161
7.18959e-11	0.000259574
7.19666e-11	0.000259988
7.20373e-11	0.000260402
7.21081e-11	0.000260815
7.21788e-11	0.000261229
7.22495e-11	0.000261643
7.23202e-11	0.000262057
7.2391e-11	0.000262471
7.24617e-11	0.000262885
7.25324e-11	0.000263299
7.26032e-11	0.000263713
7.26739e-11	0.000264127
7.27446e-11	0.000264541
7.28153e-11	0.000264955
7.28861e-11	0.000265369
7.29568e-11	0.000265783
7.30275e-11	0.000266197
7.30983e-11	0.000266611
7.3169e-11	0.000267025
7.32397e-11	0.00026744
7.33104e-11	0.000267854
7.33812e-11	0.000268268
7.34519e-11	0.000268682
7.35226e-11	0.000269097
7.35934e-11	0.000269511
7.36641e-11	0.000269925
7.37348e-11	0.00027034
7.38055e-11	0.000270754
7.38763e-11	0.000271168
7.3947e-11	0.000271583
7.40177e-11	0.000271997
7.40885e-11	0.000272412
7.41592e-11	0.000272826
7.42299e-11	0.00027324
7.43006e-11	0.000273655
7.43714e-11	0.000274069
7.44421e-11	0.000274484
7.45128e-11	0.000274898
7.45836e-11	0.000275313
7.46543e-11	0.000275727
7.4725e-11	0.000276142
7.47957e-11	0.000276556
7.48665e-11	0.00027697
7.49372e-11	0.000277385
7.50079e-11	0.000277799
7.50787e-11	0.000278214
7.51494e-11	0.000278628
7.52201e-11	0.000279043
7.52908e-11	0.000279457
7.53616e-11	0.000279871
7.54323e-11	0.000280286
7.5503e-11	0.0002807
7.55738e-11	0.000281115
7.56445e-11	0.000281529
7.57152e-11	0.000281943
7.5786e-11	0.000282358
7.58567e-11	0.000282772
7.59274e-11	0.000283186
7.59981e-11	0.000283601
7.60689e-11	0.000284015
7.61396e-11	0.000284429
7.62103e-11	0.000284843
7.62811e-11	0.000285257
7.63518e-11	0.000285672
7.64225e-11	0.000286086
7.64932e-11	0.0002865
7.6564e-11	0.000286914
7.66347e-11	0.000287328
7.67054e-11	0.000287742
7.67762e-11	0.000288156
7.68469e-11	0.00028857
7.69176e-11	0.000288984
7.69883e-11	0.000289398
7.70591e-11	0.000289812
7.71298e-11	0.000290225
7.72005e-11	0.000290639
7.72713e-11	0.000291053
7.7342e-11	0.000291467
7.74127e-11	0.00029188
7.74834e-11	0.000292294
7.75542e-11	0.000292707
7.76249e-11	0.000293121
7.76956e-11	0.000293535
7.77664e-11	0.000293948
7.78371e-11	0.000294361
7.79078e-11	0.000294775
7.79785e-11	0.000295188
7.80493e-11	0.000295601
7.812e-11	0.000296014
7.81907e-11	0.000296428
7.82615e-11	0.000296841
7.83322e-11	0.000297254
7.84029e-11	0.000297667
7.84736e-11	0.000298079
7.85444e-11	0.000298492
7.86151e-11	0.000298905
7.86858e-11	0.000299318
7.87566e-11	0.000299731
7.88273e-11	0.000300143
7.8898e-11	0.000300556
7.89687e-11	0.000300968
7.90395e-11	0.00030138
7.91102e-11	0.000301793
7.91809e-11	0.000302205
7.92517e-11	0.000302617
7.93224e-11	0.000303029
7.93931e-11	0.000303441
7.94639e-11	0.000303853
7.95346e-11	0.000304265
7.96053e-11	0.000304677
7.9676e-11	0.000305089
7.97468e-11	0.0003055
7.98175e-11	0.000305912
7.98882e-11	0.000306324
7.9959e-11	0.000306735
8.00297e-11	0.000307146
8.01004e-11	0.000307558
8.01711e-11	0.000307969
8.02419e-11	0.00030838
8.03126e-11	0.000308791
8.03833e-11	0.000309202
8.04541e-11	0.000309612
8.05248e-11	0.000310023
8.05955e-11	0.000310434
8.06662e-11	0.000310844
8.0737e-11	0.000311255
8.08077e-11	0.000311665
8.08784e-11	0.000312075
8.09492e-11	0.000312485
8.10199e-11	0.000312895
8.10906e-11	0.000313305
8.11613e-11	0.000313715
8.12321e-11	0.000314125
8.13028e-11	0.000314534
8.13735e-11	0.000314944
8.14443e-11	0.000315353
8.1515e-11	0.000315763
8.15857e-11	0.000316172
8.16564e-11	0.000316581
8.17272e-11	0.00031699
8.17979e-11	0.000317398
8.18686e-11	0.000317807
8.19394e-11	0.000318216
8.20101e-11	0.000318624
8.20808e-11	0.000319033
8.21515e-11	0.000319441
8.22223e-11	0.000319849
8.2293e-11	0.000320257
8.23637e-11	0.000320665
8.24345e-11	0.000321073
8.25052e-11	0.00032148
8.25759e-11	0.000321888
8.26466e-11	0.000322295
8.27174e-11	0.000322702
8.27881e-11	0.000323109
8.28588e-11	0.000323516
8.29296e-11	0.000323923
8.30003e-11	0.00032433
8.3071e-11	0.000324736
8.31418e-11	0.000325143
8.32125e-11	0.000325549
8.32832e-11	0.000325955
8.33539e-11	0.000326361
8.34247e-11	0.000326767
8.34954e-11	0.000327173
8.35661e-11	0.000327578
8.36369e-11	0.000327984
8.37076e-11	0.000328389
8.37783e-11	0.000328794
8.3849e-11	0.000329199
8.39198e-11	0.000329604
8.39905e-11	0.000330008
8.40612e-11	0.000330413
8.4132e-11	0.000330817
8.42027e-11	0.000331221
8.42734e-11	0.000331625
8.43441e-11	0.000332029
8.44149e-11	0.000332433
8.44856e-11	0.000332837
8.45563e-11	0.00033324
8.46271e-11	0.000333643
8.46978e-11	0.000334046
8.47685e-11	0.000334449
8.48392e-11	0.000334852
8.491e-11	0.000335254
8.49807e-11	0.000335657
8.50514e-11	0.000336059
8.51222e-11	0.000336461
8.51929e-11	0.000336863
8.52636e-11	0.000337264
8.53343e-11	0.000337666
8.54051e-11	0.000338067
8.54758e-11	0.000338468
8.55465e-11	0.000338869
8.56173e-11	0.00033927
8.5688e-11	0.000339671
8.57587e-11	0.000340071
8.58294e-11	0.000340471
8.59002e-11	0.000340871
8.59709e-11	0.000341271
8.60416e-11	0.000341671
8.61124e-11	0.00034207
8.61831e-11	0.000342469
8.62538e-11	0.000342868
8.63245e-11	0.000343267
8.63953e-11	0.000343666
8.6466e-11	0.000344064
8.65367e-11	0.000344462
8.66075e-11	0.00034486
8.66782e-11	0.000345258
8.67489e-11	0.000345656
8.68197e-11	0.000346053
8.68904e-11	0.000346451
8.69611e-11	0.000346848
8.70318e-11	0.000347244
8.71026e-11	0.000347641
8.71733e-11	0.000348037
8.7244e-11	0.000348433
8.73148e-11	0.000348829
8.73855e-11	0.000349225
8.74562e-11	0.000349621
8.75269e-11	0.000350016
8.75977e-11	0.000350411
8.76684e-11	0.000350806
8.77391e-11	0.0003512
8.78099e-11	0.000351595
8.78806e-11	0.000351989
8.79513e-11	0.000352383
8.8022e-11	0.000352777
8.80928e-11	0.00035317
8.81635e-11	0.000353563
8.82342e-11	0.000353956
8.8305e-11	0.000354349
8.83757e-11	0.000354742
8.84464e-11	0.000355134
8.85171e-11	0.000355526
8.85879e-11	0.000355918
8.86586e-11	0.000356309
8.87293e-11	0.000356701
8.88001e-11	0.000357092
8.88708e-11	0.000357483
8.89415e-11	0.000357873
8.90122e-11	0.000358263
8.9083e-11	0.000358654
8.91537e-11	0.000359043
8.92244e-11	0.000359433
8.92952e-11	0.000359822
8.93659e-11	0.000360211
8.94366e-11	0.0003606
8.95073e-11	0.000360989
8.95781e-11	0.000361377
8.96488e-11	0.000361765
8.97195e-11	0.000362153
8.97903e-11	0.00036254
8.9861e-11	0.000362928
8.99317e-11	0.000363314
9.00024e-11	0.000363701
9.00732e-11	0.000364088
9.01439e-11	0.000364474
9.02146e-11	0.00036486
9.02854e-11	0.000365245
9.03561e-11	0.000365631
9.04268e-11	0.000366016
9.04975e-11	0.0003664
9.05683e-11	0.000366785
9.0639e-11	0.000367169
9.07097e-11	0.000367553
9.07805e-11	0.000367937
9.08512e-11	0.00036832
9.09219e-11	0.000368703
9.09927e-11	0.000369086
9.10634e-11	0.000369468
9.11341e-11	0.00036985
9.12048e-11	0.000370232
9.12756e-11	0.000370614
9.13463e-11	0.000370995
9.1417e-11	0.000371376
9.14878e-11	0.000371757
9.15585e-11	0.000372137
9.16292e-11	0.000372517
9.16999e-11	0.000372897
9.17707e-11	0.000373277
9.18414e-11	0.000373656
9.19121e-11	0.000374035
9.19829e-11	0.000374413
9.20536e-11	0.000374792
9.21243e-11	0.00037517
9.2195e-11	0.000375547
9.22658e-11	0.000375924
9.23365e-11	0.000376301
9.24072e-11	0.000376678
9.2478e-11	0.000377055
9.25487e-11	0.000377431
9.26194e-11	0.000377806
9.26901e-11	0.000378182
9.27609e-11	0.000378557
9.28316e-11	0.000378931
9.29023e-11	0.000379306
9.29731e-11	0.00037968
9.30438e-11	0.000380054
9.31145e-11	0.000380427
9.31852e-11	0.0003808
9.3256e-11	0.000381173
9.33267e-11	0.000381545
9.33974e-11	0.000381917
9.34682e-11	0.000382289
9.35389e-11	0.00038266
9.36096e-11	0.000383031
9.36803e-11	0.000383402
9.37511e-11	0.000383772
9.38218e-11	0.000384142
9.38925e-11	0.000384512
9.39633e-11	0.000384881
9.4034e-11	0.00038525
9.41047e-11	0.000385619
9.41754e-11	0.000385987
9.42462e-11	0.000386355
9.43169e-11	0.000386722
9.43876e-11	0.00038709
9.44584e-11	0.000387456
9.45291e-11	0.000387823
9.45998e-11	0.000388189
9.46706e-11	0.000388554
9.47413e-11	0.00038892
9.4812e-11	0.000389285
9.48827e-11	0.000389649
9.49535e-11	0.000390013
9.50242e-11	0.000390377
9.50949e-11	0.000390741
9.51657e-11	0.000391104
9.52364e-11	0.000391466
9.53071e-11	0.000391829
9.53778e-11	0.000392191
9.54486e-11	0.000392552
9.55193e-11	0.000392913
9.559e-11	0.000393274
9.56608e-11	0.000393634
9.57315e-11	0.000393994
9.58022e-11	0.000394354
9.58729e-11	0.000394713
9.59437e-11	0.000395072
9.60144e-11	0.000395431
9.60851e-11	0.000395789
9.61559e-11	0.000396146
9.62266e-11	0.000396503
9.62973e-11	0.00039686
9.6368e-11	0.000397217
9.64388e-11	0.000397573
9.65095e-11	0.000397928
9.65802e-11	0.000398283
9.6651e-11	0.000398638
9.67217e-11	0.000398992
9.67924e-11	0.000399346
9.68631e-11	0.0003997
9.69339e-11	0.000400053
9.70046e-11	0.000400406
9.70753e-11	0.000400758
9.71461e-11	0.00040111
9.72168e-11	0.000401461
9.72875e-11	0.000401812
9.73582e-11	0.000402163
9.7429e-11	0.000402513
9.74997e-11	0.000402863
9.75704e-11	0.000403212
9.76412e-11	0.000403561
9.77119e-11	0.000403909
9.77826e-11	0.000404257
9.78533e-11	0.000404605
9.79241e-11	0.000404952
9.79948e-11	0.000405299
9.80655e-11	0.000405645
9.81363e-11	0.000405991
9.8207e-11	0.000406336
9.82777e-11	0.000406681
9.83485e-11	0.000407025
9.84192e-11	0.000407369
9.84899e-11	0.000407713
9.85606e-11	0.000408056
9.86314e-11	0.000408399
9.87021e-11	0.000408741
9.87728e-11	0.000409082
9.88436e-11	0.000409424
9.89143e-11	0.000409765
9.8985e-11	0.000410105
9.90557e-11	0.000410445
9.91265e-11	0.000410784
9.91972e-11	0.000411123
9.92679e-11	0.000411462
9.93387e-11	0.000411799
9.94094e-11	0.000412137
9.94801e-11	0.000412474
9.95508e-11	0.000412811
9.96216e-11	0.000413147
9.96923e-11	0.000413482
9.9763e-11	0.000413817
9.98338e-11	0.000414152
9.99045e-11	0.000414486
9.99752e-11	0.00041482
1.00046e-10	0.000415153
1.00117e-10	0.000415486
1.00187e-10	0.000415818
1.00258e-10	0.00041615
1.00329e-10	0.000416481
1.004e-10	0.000416812
1.0047e-10	0.000417142
1.00541e-10	0.000417472
1.00612e-10	0.000417801
1.00683e-10	0.00041813
1.00753e-10	0.000418458
1.00824e-10	0.000418786
1.00895e-10	0.000419113
1.00965e-10	0.000419439
1.01036e-10	0.000419766
1.01107e-10	0.000420091
1.01178e-10	0.000420416
1.01248e-10	0.000420741
1.01319e-10	0.000421065
1.0139e-10	0.000421389
1.01461e-10	0.000421712
1.01531e-10	0.000422034
1.01602e-10	0.000422357
1.01673e-10	0.000422678
1.01743e-10	0.000422999
1.01814e-10	0.000423319
1.01885e-10	0.000423639
1.01956e-10	0.000423959
1.02026e-10	0.000424278
1.02097e-10	0.000424596
1.02168e-10	0.000424914
1.02239e-10	0.000425231
1.02309e-10	0.000425548
1.0238e-10	0.000425864
1.02451e-10	0.000426179
1.02521e-10	0.000426495
1.02592e-10	0.000426809
1.02663e-10	0.000427123
1.02734e-10	0.000427436
1.02804e-10	0.000427749
1.02875e-10	0.000428062
1.02946e-10	0.000428373
1.03017e-10	0.000428685
1.03087e-10	0.000428995
1.03158e-10	0.000429305
1.03229e-10	0.000429615
1.03299e-10	0.000429924
1.0337e-10	0.000430232
1.03441e-10	0.00043054
1.03512e-10	0.000430847
1.03582e-10	0.000431154
1.03653e-10	0.00043146
1.03724e-10	0.000431766
1.03795e-10	0.000432071
1.03865e-10	0.000432375
1.03936e-10	0.000432679
1.04007e-10	0.000432982
1.04077e-10	0.000433285
1.04148e-10	0.000433587
1.04219e-10	0.000433888
1.0429e-10	0.000434189
1.0436e-10	0.000434489
1.04431e-10	0.000434789
1.04502e-10	0.000435088
1.04573e-10	0.000435387
1.04643e-10	0.000435684
1.04714e-10	0.000435982
1.04785e-10	0.000436278
1.04856e-10	0.000436575
1.04926e-10	0.00043687
1.04997e-10	0.000437165
1.05068e-10	0.000437459
1.05138e-10	0.000437753
1.05209e-10	0.000438046
1.0528e-10	0.000438338
1.05351e-10	0.00043863
1.05421e-10	0.000438921
1.05492e-10	0.000439212
1.05563e-10	0.000439502
1.05634e-10	0.000439791
1.05704e-10	0.00044008
1.05775e-10	0.000440368
1.05846e-10	0.000440656
1.05916e-10	0.000440943
1.05987e-10	0.000441229
1.06058e-10	0.000441514
1.06129e-10	0.000441799
1.06199e-10	0.000442084
1.0627e-10	0.000442367
1.06341e-10	0.00044265
1.06412e-10	0.000442933
1.06482e-10	0.000443215
1.06553e-10	0.000443496
1.06624e-10	0.000443776
1.06694e-10	0.000444056
1.06765e-10	0.000444335
1.06836e-10	0.000444614
1.06907e-10	0.000444892
1.06977e-10	0.000445169
1.07048e-10	0.000445445
1.07119e-10	0.000445721
1.0719e-10	0.000445997
1.0726e-10	0.000446271
1.07331e-10	0.000446545
1.07402e-10	0.000446818
1.07472e-10	0.000447091
1.07543e-10	0.000447363
1.07614e-10	0.000447634
1.07685e-10	0.000447905
1.07755e-10	0.000448175
1.07826e-10	0.000448444
1.07897e-10	0.000448712
1.07968e-10	0.00044898
1.08038e-10	0.000449247
1.08109e-10	0.000449514
1.0818e-10	0.00044978
1.0825e-10	0.000450045
1.08321e-10	0.000450309
1.08392e-10	0.000450573
1.08463e-10	0.000450836
1.08533e-10	0.000451099
1.08604e-10	0.00045136
1.08675e-10	0.000451621
1.08746e-10	0.000451881
1.08816e-10	0.000452141
1.08887e-10	0.0004524
1.08958e-10	0.000452658
1.09029e-10	0.000452916
1.09099e-10	0.000453172
1.0917e-10	0.000453428
1.09241e-10	0.000453684
1.09311e-10	0.000453938
1.09382e-10	0.000454192
1.09453e-10	0.000454445
1.09524e-10	0.000454698
1.09594e-10	0.00045495
1.09665e-10	0.000455201
1.09736e-10	0.000455451
1.09807e-10	0.000455701
1.09877e-10	0.000455949
1.09948e-10	0.000456198
1.10019e-10	0.000456445
1.10089e-10	0.000456692
1.1016e-10	0.000456937
1.10231e-10	0.000457183
1.10302e-10	0.000457427
1.10372e-10	0.000457671
1.10443e-10	0.000457914
1.10514e-10	0.000458156
1.10585e-10	0.000458397
1.10655e-10	0.000458638
1.10726e-10	0.000458878
1.10797e-10	0.000459117
1.10867e-10	0.000459356
1.10938e-10	0.000459594
1.11009e-10	0.000459831
1.1108e-10	0.000460067
1.1115e-10	0.000460302
1.11221e-10	0.000460537
1.11292e-10	0.000460771
1.11363e-10	0.000461004
1.11433e-10	0.000461236
1.11504e-10	0.000461468
1.11575e-10	0.000461699
1.11645e-10	0.000461929
1.11716e-10	0.000462158
1.11787e-10	0.000462387
1.11858e-10	0.000462614
1.11928e-10	0.000462841
1.11999e-10	0.000463067
1.1207e-10	0.000463293
1.12141e-10	0.000463517
1.12211e-10	0.000463741
1.12282e-10	0.000463964
1.12353e-10	0.000464186
1.12423e-10	0.000464408
1.12494e-10	0.000464629
1.12565e-10	0.000464848
1.12636e-10	0.000465067
1.12706e-10	0.000465286
1.12777e-10	0.000465503
1.12848e-10	0.00046572
1.12919e-10	0.000465936
1.12989e-10	0.000466151
1.1306e-10	0.000466365
1.13131e-10	0.000466578
1.13202e-10	0.000466791
1.13272e-10	0.000467003
1.13343e-10	0.000467214
1.13414e-10	0.000467424
1.13484e-10	0.000467633
1.13555e-10	0.000467841
1.13626e-10	0.000468049
1.13697e-10	0.000468256
1.13767e-10	0.000468462
1.13838e-10	0.000468667
1.13909e-10	0.000468872
1.1398e-10	0.000469075
1.1405e-10	0.000469278
1.14121e-10	0.00046948
1.14192e-10	0.000469681
1.14262e-10	0.000469881
1.14333e-10	0.00047008
1.14404e-10	0.000470279
1.14475e-10	0.000470476
1.14545e-10	0.000470673
1.14616e-10	0.000470869
1.14687e-10	0.000471064
1.14758e-10	0.000471258
1.14828e-10	0.000471451
1.14899e-10	0.000471644
1.1497e-10	0.000471836
1.1504e-10	0.000472026
1.15111e-10	0.000472216
1.15182e-10	0.000472405
1.15253e-10	0.000472594
1.15323e-10	0.000472781
1.15394e-10	0.000472967
1.15465e-10	0.000473153
1.15536e-10	0.000473338
1.15606e-10	0.000473521
1.15677e-10	0.000473704
1.15748e-10	0.000473886
1.15818e-10	0.000474068
1.15889e-10	0.000474248
1.1596e-10	0.000474427
1.16031e-10	0.000474606
1.16101e-10	0.000474783
1.16172e-10	0.00047496
1.16243e-10	0.000475136
1.16314e-10	0.000475311
1.16384e-10	0.000475485
1.16455e-10	0.000475658
1.16526e-10	0.00047583
1.16596e-10	0.000476002
1.16667e-10	0.000476172
1.16738e-10	0.000476342
1.16809e-10	0.00047651
1.16879e-10	0.000476678
1.1695e-10	0.000476845
1.17021e-10	0.000477011
1.17092e-10	0.000477176
1.17162e-10	0.00047734
1.17233e-10	0.000477503
1.17304e-10	0.000477665
1.17375e-10	0.000477826
1.17445e-10	0.000477987
1.17516e-10	0.000478146
1.17587e-10	0.000478304
1.17657e-10	0.000478462
1.17728e-10	0.000478619
1.17799e-10	0.000478774
1.1787e-10	0.000478929
1.1794e-10	0.000479083
1.18011e-10	0.000479236
1.18082e-10	0.000479388
1.18153e-10	0.000479539
1.18223e-10	0.000479689
1.18294e-10	0.000479838
1.18365e-10	0.000479986
1.18435e-10	0.000480133
1.18506e-10	0.000480279
1.18577e-10	0.000480425
1.18648e-10	0.000480569
1.18718e-10	0.000480712
1.18789e-10	0.000480855
1.1886e-10	0.000480996
1.18931e-10	0.000481137
1.19001e-10	0.000481276
1.19072e-10	0.000481415
1.19143e-10	0.000481552
1.19213e-10	0.000481689
1.19284e-10	0.000481824
1.19355e-10	0.000481959
1.19426e-10	0.000482093
1.19496e-10	0.000482225
1.19567e-10	0.000482357
1.19638e-10	0.000482488
1.19709e-10	0.000482618
1.19779e-10	0.000482746
1.1985e-10	0.000482874
1.19921e-10	0.000483001
1.19991e-10	0.000483127
1.20062e-10	0.000483251
1.20133e-10	0.000483375
1.20204e-10	0.000483498
1.20274e-10	0.00048362
1.20345e-10	0.00048374
1.20416e-10	0.00048386
1.20487e-10	0.000483979
1.20557e-10	0.000484097
1.20628e-10	0.000484213
1.20699e-10	0.000484329
1.20769e-10	0.000484444
1.2084e-10	0.000484557
1.20911e-10	0.00048467
1.20982e-10	0.000484782
1.21052e-10	0.000484892
1.21123e-10	0.000485002
1.21194e-10	0.00048511
1.21265e-10	0.000485218
1.21335e-10	0.000485324
1.21406e-10	0.00048543
1.21477e-10	0.000485534
1.21548e-10	0.000485638
1.21618e-10	0.00048574
1.21689e-10	0.000485841
1.2176e-10	0.000485942
1.2183e-10	0.000486041
1.21901e-10	0.000486139
1.21972e-10	0.000486236
1.22043e-10	0.000486332
1.22113e-10	0.000486427
1.22184e-10	0.000486521
1.22255e-10	0.000486614
1.22326e-10	0.000486706
1.22396e-10	0.000486797
1.22467e-10	0.000486887
1.22538e-10	0.000486975
1.22608e-10	0.000487063
1.22679e-10	0.000487149
1.2275e-10	0.000487235
1.22821e-10	0.000487319
1.22891e-10	0.000487403
1.22962e-10	0.000487485
1.23033e-10	0.000487566
1.23104e-10	0.000487646
1.23174e-10	0.000487725
1.23245e-10	0.000487803
1.23316e-10	0.00048788
1.23386e-10	0.000487956
1.23457e-10	0.00048803
1.23528e-10	0.000488104
1.23599e-10	0.000488176
1.23669e-10	0.000488248
1.2374e-10	0.000488318
1.23811e-10	0.000488387
1.23882e-10	0.000488456
1.23952e-10	0.000488523
1.24023e-10	0.000488588
1.24094e-10	0.000488653
1.24164e-10	0.000488717
1.24235e-10	0.00048878
1.24306e-10	0.000488841
1.24377e-10	0.000488901
1.24447e-10	0.000488961
1.24518e-10	0.000489019
1.24589e-10	0.000489076
1.2466e-10	0.000489132
1.2473e-10	0.000489186
1.24801e-10	0.00048924
1.24872e-10	0.000489292
1.24942e-10	0.000489344
1.25013e-10	0.000489394
1.25084e-10	0.000489443
1.25155e-10	0.000489491
1.25225e-10	0.000489538
1.25296e-10	0.000489584
1.25367e-10	0.000489628
1.25438e-10	0.000489672
1.25508e-10	0.000489714
1.25579e-10	0.000489755
1.2565e-10	0.000489795
1.25721e-10	0.000489834
1.25791e-10	0.000489872
1.25862e-10	0.000489908
1.25933e-10	0.000489943
1.26003e-10	0.000489978
1.26074e-10	0.000490011
1.26145e-10	0.000490043
1.26216e-10	0.000490073
1.26286e-10	0.000490103
1.26357e-10	0.000490131
1.26428e-10	0.000490159
1.26499e-10	0.000490185
1.26569e-10	0.000490209
1.2664e-10	0.000490233
1.26711e-10	0.000490256
1.26781e-10	0.000490277
1.26852e-10	0.000490297
1.26923e-10	0.000490316
1.26994e-10	0.000490334
1.27064e-10	0.000490351
1.27135e-10	0.000490366
1.27206e-10	0.00049038
1.27277e-10	0.000490393
1.27347e-10	0.000490405
1.27418e-10	0.000490416
1.27489e-10	0.000490425
1.27559e-10	0.000490433
1.2763e-10	0.00049044
1.27701e-10	0.000490446
1.27772e-10	0.000490451
1.27842e-10	0.000490454
1.27913e-10	0.000490457
1.27984e-10	0.000490458
1.28055e-10	0.000490457
1.28125e-10	0.000490456
1.28196e-10	0.000490453
1.28267e-10	0.000490449
1.28337e-10	0.000490444
1.28408e-10	0.000490438
1.28479e-10	0.000490431
1.2855e-10	0.000490422
1.2862e-10	0.000490412
1.28691e-10	0.000490401
1.28762e-10	0.000490388
1.28833e-10	0.000490374
1.28903e-10	0.000490359
1.28974e-10	0.000490343
1.29045e-10	0.000490326
1.29115e-10	0.000490307
1.29186e-10	0.000490287
1.29257e-10	0.000490266
1.29328e-10	0.000490244
1.29398e-10	0.00049022
1.29469e-10	0.000490195
1.2954e-10	0.000490169
1.29611e-10	0.000490142
1.29681e-10	0.000490113
1.29752e-10	0.000490083
1.29823e-10	0.000490052
1.29894e-10	0.00049002
1.29964e-10	0.000489986
1.30035e-10	0.000489951
1.30106e-10	0.000489915
1.30176e-10	0.000489877
1.30247e-10	0.000489838
1.30318e-10	0.000489798
1.30389e-10	0.000489757
1.30459e-10	0.000489714
1.3053e-10	0.00048967
1.30601e-10	0.000489625
1.30672e-10	0.000489579
1.30742e-10	0.000489531
1.30813e-10	0.000489482
1.30884e-10	0.000489431
1.30954e-10	0.00048938
1.31025e-10	0.000489327
1.31096e-10	0.000489273
1.31167e-10	0.000489217
1.31237e-10	0.00048916
1.31308e-10	0.000489102
1.31379e-10	0.000489043
1.3145e-10	0.000488982
1.3152e-10	0.00048892
1.31591e-10	0.000488856
1.31662e-10	0.000488792
1.31732e-10	0.000488726
1.31803e-10	0.000488658
1.31874e-10	0.00048859
1.31945e-10	0.00048852
1.32015e-10	0.000488449
1.32086e-10	0.000488376
1.32157e-10	0.000488302
1.32228e-10	0.000488227
1.32298e-10	0.00048815
1.32369e-10	0.000488072
1.3244e-10	0.000487993
1.3251e-10	0.000487913
1.32581e-10	0.000487831
1.32652e-10	0.000487747
1.32723e-10	0.000487663
1.32793e-10	0.000487577
1.32864e-10	0.00048749
1.32935e-10	0.000487401
1.33006e-10	0.000487311
1.33076e-10	0.00048722
1.33147e-10	0.000487127
1.33218e-10	0.000487033
1.33288e-10	0.000486938
1.33359e-10	0.000486841
1.3343e-10	0.000486743
1.33501e-10	0.000486643
1.33571e-10	0.000486542
1.33642e-10	0.00048644
1.33713e-10	0.000486337
1.33784e-10	0.000486232
1.33854e-10	0.000486125
1.33925e-10	0.000486018
1.33996e-10	0.000485909
1.34067e-10	0.000485798
1.34137e-10	0.000485686
1.34208e-10	0.000485573
1.34279e-10	0.000485459
1.34349e-10	0.000485343
1.3442e-10	0.000485225
1.34491e-10	0.000485107
1.34562e-10	0.000484987
1.34632e-10	0.000484865
1.34703e-10	0.000484742
1.34774e-10	0.000484618
1.34845e-10	0.000484492
1.34915e-10	0.000484365
1.34986e-10	0.000484236
1.35057e-10	0.000484107
1.35127e-10	0.000483975
1.35198e-10	0.000483843
1.35269e-10	0.000483708
1.3534e-10	0.000483573
1.3541e-10	0.000483436
1.35481e-10	0.000483297
1.35552e-10	0.000483158
1.35623e-10	0.000483016
1.35693e-10	0.000482874
1.35764e-10	0.00048273
1.35835e-10	0.000482584
1.35905e-10	0.000482437
1.35976e-10	0.000482289
1.36047e-10	0.000482139
1.36118e-10	0.000481988
1.36188e-10	0.000481835
1.36259e-10	0.000481681
1.3633e-10	0.000481526
1.36401e-10	0.000481369
1.36471e-10	0.000481211
1.36542e-10	0.000481051
1.36613e-10	0.000480889
1.36683e-10	0.000480727
1.36754e-10	0.000480563
1.36825e-10	0.000480397
1.36896e-10	0.00048023
1.36966e-10	0.000480061
1.37037e-10	0.000479891
1.37108e-10	0.00047972
1.37179e-10	0.000479547
1.37249e-10	0.000479373
1.3732e-10	0.000479197
1.37391e-10	0.00047902
1.37461e-10	0.000478841
1.37532e-10	0.00047866
1.37603e-10	0.000478479
1.37674e-10	0.000478296
1.37744e-10	0.000478111
1.37815e-10	0.000477925
1.37886e-10	0.000477737
1.37957e-10	0.000477548
1.38027e-10	0.000477358
1.38098e-10	0.000477165
1.38169e-10	0.000476972
1.3824e-10	0.000476777
1.3831e-10	0.00047658
1.38381e-10	0.000476382
1.38452e-10	0.000476183
1.38522e-10	0.000475982
1.38593e-10	0.000475779
1.38664e-10	0.000475575
1.38735e-10	0.00047537
1.38805e-10	0.000475163
1.38876e-10	0.000474954
1.38947e-10	0.000474744
1.39018e-10	0.000474533
1.39088e-10	0.00047432
1.39159e-10	0.000474105
1.3923e-10	0.000473889
1.393e-10	0.000473671
1.39371e-10	0.000473452
1.39442e-10	0.000473232
1.39513e-10	0.00047301
1.39583e-10	0.000472786
1.39654e-10	0.000472561
1.39725e-10	0.000472334
1.39796e-10	0.000472106
1.39866e-10	0.000471876
1.39937e-10	0.000471645
1.40008e-10	0.000471412
1.40078e-10	0.000471177
1.40149e-10	0.000470942
1.4022e-10	0.000470704
1.40291e-10	0.000470465
1.40361e-10	0.000470224
1.40432e-10	0.000469982
1.40503e-10	0.000469739
1.40574e-10	0.000469494
1.40644e-10	0.000469247
1.40715e-10	0.000468999
1.40786e-10	0.000468749
1.40856e-10	0.000468497
1.40927e-10	0.000468244
1.40998e-10	0.00046799
1.41069e-10	0.000467734
1.41139e-10	0.000467476
1.4121e-10	0.000467217
1.41281e-10	0.000466956
1.41352e-10	0.000466694
1.41422e-10	0.00046643
1.41493e-10	0.000466164
1.41564e-10	0.000465897
1.41635e-10	0.000465629
1.41705e-10	0.000465358
1.41776e-10	0.000465086
1.41847e-10	0.000464813
1.41917e-10	0.000464538
1.41988e-10	0.000464262
1.42059e-10	0.000463983
1.4213e-10	0.000463704
1.422e-10	0.000463422
1.42271e-10	0.000463139
1.42342e-10	0.000462855
1.42413e-10	0.000462569
1.42483e-10	0.000462281
1.42554e-10	0.000461992
1.42625e-10	0.000461701
1.42695e-10	0.000461408
1.42766e-10	0.000461114
1.42837e-10	0.000460819
1.42908e-10	0.000460521
1.42978e-10	0.000460222
1.43049e-10	0.000459922
1.4312e-10	0.00045962
1.43191e-10	0.000459316
1.43261e-10	0.00045901
1.43332e-10	0.000458703
1.43403e-10	0.000458395
1.43473e-10	0.000458084
1.43544e-10	0.000457772
1.43615e-10	0.000457459
1.43686e-10	0.000457144
1.43756e-10	0.000456827
1.43827e-10	0.000456509
1.43898e-10	0.000456189
1.43969e-10	0.000455867
1.44039e-10	0.000455544
1.4411e-10	0.000455219
1.44181e-10	0.000454892
1.44251e-10	0.000454564
1.44322e-10	0.000454234
1.44393e-10	0.000453902
1.44464e-10	0.000453569
1.44534e-10	0.000453234
1.44605e-10	0.000452898
1.44676e-10	0.00045256
1.44747e-10	0.00045222
1.44817e-10	0.000451878
1.44888e-10	0.000451535
1.44959e-10	0.000451191
1.45029e-10	0.000450844
1.451e-10	0.000450496
1.45171e-10	0.000450146
1.45242e-10	0.000449795
1.45312e-10	0.000449442
1.45383e-10	0.000449087
1.45454e-10	0.000448731
1.45525e-10	0.000448373
1.45595e-10	0.000448013
1.45666e-10	0.000447651
1.45737e-10	0.000447288
1.45808e-10	0.000446923
1.45878e-10	0.000446557
1.45949e-10	0.000446189
1.4602e-10	0.000445819
1.4609e-10	0.000445447
1.46161e-10	0.000445074
1.46232e-10	0.000444699
1.46303e-10	0.000444322
1.46373e-10	0.000443944
1.46444e-10	0.000443564
1.46515e-10	0.000443182
1.46586e-10	0.000442799
1.46656e-10	0.000442414
1.46727e-10	0.000442027
1.46798e-10	0.000441638
1.46868e-10	0.000441248
1.46939e-10	0.000440856
1.4701e-10	0.000440463
1.47081e-10	0.000440067
1.47151e-10	0.00043967
1.47222e-10	0.000439271
1.47293e-10	0.000438871
1.47364e-10	0.000438469
1.47434e-10	0.000438065
1.47505e-10	0.000437659
1.47576e-10	0.000437251
1.47646e-10	0.000436842
1.47717e-10	0.000436431
1.47788e-10	0.000436019
1.47859e-10	0.000435605
1.47929e-10	0.000435189
1.48e-10	0.000434771
1.48071e-10	0.000434351
1.48142e-10	0.00043393
1.48212e-10	0.000433507
1.48283e-10	0.000433082
1.48354e-10	0.000432656
1.48424e-10	0.000432228
1.48495e-10	0.000431798
1.48566e-10	0.000431366
1.48637e-10	0.000430932
1.48707e-10	0.000430497
1.48778e-10	0.00043006
1.48849e-10	0.000429622
1.4892e-10	0.000429181
1.4899e-10	0.000428739
1.49061e-10	0.000428295
1.49132e-10	0.000427849
1.49202e-10	0.000427402
1.49273e-10	0.000426952
1.49344e-10	0.000426501
1.49415e-10	0.000426049
1.49485e-10	0.000425594
1.49556e-10	0.000425138
1.49627e-10	0.00042468
1.49698e-10	0.00042422
1.49768e-10	0.000423758
1.49839e-10	0.000423295
1.4991e-10	0.000422829
1.49981e-10	0.000422362
1.50051e-10	0.000421894
1.50122e-10	0.000421423
1.50193e-10	0.000420951
1.50263e-10	0.000420477
1.50334e-10	0.000420001
1.50405e-10	0.000419523
1.50476e-10	0.000419043
1.50546e-10	0.000418562
1.50617e-10	0.000418079
1.50688e-10	0.000417594
1.50759e-10	0.000417108
1.50829e-10	0.000416619
1.509e-10	0.000416129
1.50971e-10	0.000415637
1.51041e-10	0.000415143
1.51112e-10	0.000414647
1.51183e-10	0.00041415
1.51254e-10	0.00041365
1.51324e-10	0.000413149
1.51395e-10	0.000412646
1.51466e-10	0.000412142
1.51537e-10	0.000411635
1.51607e-10	0.000411127
1.51678e-10	0.000410617
1.51749e-10	0.000410105
1.51819e-10	0.000409591
1.5189e-10	0.000409075
1.51961e-10	0.000408558
1.52032e-10	0.000408038
1.52102e-10	0.000407517
1.52173e-10	0.000406994
1.52244e-10	0.000406469
1.52315e-10	0.000405943
1.52385e-10	0.000405414
1.52456e-10	0.000404884
1.52527e-10	0.000404352
1.52597e-10	0.000403818
1.52668e-10	0.000403282
1.52739e-10	0.000402745
1.5281e-10	0.000402205
1.5288e-10	0.000401664
1.52951e-10	0.000401121
1.53022e-10	0.000400576
1.53093e-10	0.000400029
1.53163e-10	0.00039948
1.53234e-10	0.000398929
1.53305e-10	0.000398377
1.53375e-10	0.000397823
1.53446e-10	0.000397267
1.53517e-10	0.000396709
1.53588e-10	0.000396149
1.53658e-10	0.000395587
1.53729e-10	0.000395023
1.538e-10	0.000394458
1.53871e-10	0.000393891
1.53941e-10	0.000393321
1.54012e-10	0.00039275
1.54083e-10	0.000392178
1.54154e-10	0.000391603
1.54224e-10	0.000391026
1.54295e-10	0.000390448
1.54366e-10	0.000389867
1.54436e-10	0.000389285
1.54507e-10	0.000388701
1.54578e-10	0.000388115
1.54649e-10	0.000387527
1.54719e-10	0.000386937
1.5479e-10	0.000386345
1.54861e-10	0.000385752
1.54932e-10	0.000385156
1.55002e-10	0.000384559
1.55073e-10	0.00038396
1.55144e-10	0.000383358
1.55214e-10	0.000382755
1.55285e-10	0.00038215
1.55356e-10	0.000381544
1.55427e-10	0.000380935
1.55497e-10	0.000380324
1.55568e-10	0.000379712
1.55639e-10	0.000379097
1.5571e-10	0.000378481
1.5578e-10	0.000377863
1.55851e-10	0.000377243
1.55922e-10	0.000376621
1.55992e-10	0.000375997
1.56063e-10	0.000375371
1.56134e-10	0.000374743
1.56205e-10	0.000374113
1.56275e-10	0.000373482
1.56346e-10	0.000372848
1.56417e-10	0.000372213
1.56488e-10	0.000371575
1.56558e-10	0.000370936
1.56629e-10	0.000370295
1.567e-10	0.000369652
1.5677e-10	0.000369007
1.56841e-10	0.00036836
1.56912e-10	0.000367711
1.56983e-10	0.00036706
1.57053e-10	0.000366407
1.57124e-10	0.000365753
1.57195e-10	0.000365096
1.57266e-10	0.000364438
1.57336e-10	0.000363777
1.57407e-10	0.000363115
1.57478e-10	0.00036245
1.57548e-10	0.000361784
1.57619e-10	0.000361116
1.5769e-10	0.000360445
1.57761e-10	0.000359773
1.57831e-10	0.000359099
1.57902e-10	0.000358423
1.57973e-10	0.000357745
1.58044e-10	0.000357065
1.58114e-10	0.000356383
1.58185e-10	0.0003557
1.58256e-10	0.000355014
1.58327e-10	0.000354326
1.58397e-10	0.000353636
1.58468e-10	0.000352945
1.58539e-10	0.000352251
1.58609e-10	0.000351556
1.5868e-10	0.000350858
1.58751e-10	0.000350159
1.58822e-10	0.000349457
1.58892e-10	0.000348754
1.58963e-10	0.000348048
1.59034e-10	0.000347341
1.59105e-10	0.000346632
1.59175e-10	0.00034592
1.59246e-10	0.000345207
1.59317e-10	0.000344492
1.59387e-10	0.000343775
1.59458e-10	0.000343056
1.59529e-10	0.000342334
1.596e-10	0.000341611
1.5967e-10	0.000340886
1.59741e-10	0.000340159
1.59812e-10	0.00033943
1.59883e-10	0.000338699
1.59953e-10	0.000337966
1.60024e-10	0.000337231
1.60095e-10	0.000336494
1.60165e-10	0.000335755
1.60236e-10	0.000335014
1.60307e-10	0.000334271
1.60378e-10	0.000333526
1.60448e-10	0.000332779
1.60519e-10	0.00033203
1.6059e-10	0.000331279
1.60661e-10	0.000330526
1.60731e-10	0.000329771
1.60802e-10	0.000329014
1.60873e-10	0.000328255
1.60943e-10	0.000327494
1.61014e-10	0.000326731
1.61085e-10	0.000325966
1.61156e-10	0.000325199
1.61226e-10	0.00032443
1.61297e-10	0.00032366
1.61368e-10	0.000322887
1.61439e-10	0.000322112
1.61509e-10	0.000321335
1.6158e-10	0.000320555
1.61651e-10	0.000319774
1.61721e-10	0.000318991
1.61792e-10	0.000318206
1.61863e-10	0.000317419
1.61934e-10	0.00031663
1.62004e-10	0.000315839
1.62075e-10	0.000315046
1.62146e-10	0.000314251
1.62217e-10	0.000313454
1.62287e-10	0.000312654
1.62358e-10	0.000311853
1.62429e-10	0.00031105
1.625e-10	0.000310245
1.6257e-10	0.000309437
1.62641e-10	0.000308628
1.62712e-10	0.000307817
1.62782e-10	0.000307003
1.62853e-10	0.000306188
1.62924e-10	0.00030537
1.62995e-10	0.000304551
1.63065e-10	0.000303729
1.63136e-10	0.000302906
1.63207e-10	0.00030208
1.63278e-10	0.000301252
1.63348e-10	0.000300423
1.63419e-10	0.000299591
1.6349e-10	0.000298757
1.6356e-10	0.000297921
1.63631e-10	0.000297084
1.63702e-10	0.000296244
1.63773e-10	0.000295402
1.63843e-10	0.000294558
1.63914e-10	0.000293712
1.63985e-10	0.000292864
1.64056e-10	0.000292013
1.64126e-10	0.000291161
1.64197e-10	0.000290307
1.64268e-10	0.000289451
1.64338e-10	0.000288592
1.64409e-10	0.000287732
1.6448e-10	0.000286869
1.64551e-10	0.000286005
1.64621e-10	0.000285138
1.64692e-10	0.000284269
1.64763e-10	0.000283399
1.64834e-10	0.000282526
1.64904e-10	0.000281651
1.64975e-10	0.000280774
1.65046e-10	0.000279895
1.65116e-10	0.000279014
1.65187e-10	0.000278131
1.65258e-10	0.000277246
1.65329e-10	0.000276358
1.65399e-10	0.000275469
1.6547e-10	0.000274578
1.65541e-10	0.000273684
1.65612e-10	0.000272789
1.65682e-10	0.000271891
1.65753e-10	0.000270991
1.65824e-10	0.00027009
1.65894e-10	0.000269186
1.65965e-10	0.00026828
1.66036e-10	0.000267372
1.66107e-10	0.000266462
1.66177e-10	0.000265549
1.66248e-10	0.000264635
1.66319e-10	0.000263719
1.6639e-10	0.0002628
1.6646e-10	0.00026188
1.66531e-10	0.000260957
1.66602e-10	0.000260033
1.66673e-10	0.000259106
1.66743e-10	0.000258177
1.66814e-10	0.000257246
1.66885e-10	0.000256313
1.66955e-10	0.000255378
1.67026e-10	0.000254441
1.67097e-10	0.000253501
1.67168e-10	0.00025256
1.67238e-10	0.000251616
1.67309e-10	0.000250671
1.6738e-10	0.000249723
1.67451e-10	0.000248773
1.67521e-10	0.000247821
1.67592e-10	0.000246867
1.67663e-10	0.000245911
1.67733e-10	0.000244953
1.67804e-10	0.000243993
1.67875e-10	0.00024303
1.67946e-10	0.000242066
1.68016e-10	0.000241099
1.68087e-10	0.00024013
1.68158e-10	0.00023916
1.68229e-10	0.000238187
1.68299e-10	0.000237212
1.6837e-10	0.000236234
1.68441e-10	0.000235255
1.68511e-10	0.000234274
1.68582e-10	0.00023329
1.68653e-10	0.000232305
1.68724e-10	0.000231317
1.68794e-10	0.000230327
1.68865e-10	0.000229335
1.68936e-10	0.000228341
1.69007e-10	0.000227345
1.69077e-10	0.000226347
1.69148e-10	0.000225346
1.69219e-10	0.000224344
1.69289e-10	0.000223339
1.6936e-10	0.000222332
1.69431e-10	0.000221323
1.69502e-10	0.000220312
1.69572e-10	0.000219299
1.69643e-10	0.000218284
1.69714e-10	0.000217266
1.69785e-10	0.000216247
1.69855e-10	0.000215225
1.69926e-10	0.000214202
1.69997e-10	0.000213176
1.70067e-10	0.000212148
1.70138e-10	0.000211117
1.70209e-10	0.000210085
1.7028e-10	0.000209051
1.7035e-10	0.000208014
1.70421e-10	0.000206976
1.70492e-10	0.000205935
1.70563e-10	0.000204892
1.70633e-10	0.000203847
1.70704e-10	0.0002028
1.70775e-10	0.00020175
1.70846e-10	0.000200699
1.70916e-10	0.000199645
1.70987e-10	0.000198589
1.71058e-10	0.000197531
1.71128e-10	0.000196471
1.71199e-10	0.000195409
1.7127e-10	0.000194345
1.71341e-10	0.000193279
1.71411e-10	0.00019221
1.71482e-10	0.000191139
1.71553e-10	0.000190066
1.71624e-10	0.000188991
1.71694e-10	0.000187914
1.71765e-10	0.000186835
1.71836e-10	0.000185753
1.71906e-10	0.00018467
1.71977e-10	0.000183584
1.72048e-10	0.000182496
1.72119e-10	0.000181406
1.72189e-10	0.000180314
1.7226e-10	0.00017922
1.72331e-10	0.000178123
1.72402e-10	0.000177025
1.72472e-10	0.000175924
1.72543e-10	0.000174821
1.72614e-10	0.000173716
1.72684e-10	0.000172609
1.72755e-10	0.000171499
1.72826e-10	0.000170388
1.72897e-10	0.000169274
1.72967e-10	0.000168158
1.73038e-10	0.00016704
1.73109e-10	0.00016592
1.7318e-10	0.000164798
1.7325e-10	0.000163673
1.73321e-10	0.000162547
1.73392e-10	0.000161418
1.73462e-10	0.000160287
1.73533e-10	0.000159154
1.73604e-10	0.000158018
1.73675e-10	0.000156881
1.73745e-10	0.000155741
1.73816e-10	0.0001546
1.73887e-10	0.000153456
1.73958e-10	0.00015231
1.74028e-10	0.000151162
1.74099e-10	0.000150011
1.7417e-10	0.000148859
1.7424e-10	0.000147704
1.74311e-10	0.000146547
1.74382e-10	0.000145388
1.74453e-10	0.000144227
1.74523e-10	0.000143063
1.74594e-10	0.000141898
1.74665e-10	0.00014073
1.74736e-10	0.00013956
1.74806e-10	0.000138388
1.74877e-10	0.000137214
1.74948e-10	0.000136038
1.75019e-10	0.000134859
1.75089e-10	0.000133679
1.7516e-10	0.000132496
1.75231e-10	0.000131311
1.75301e-10	0.000130123
1.75372e-10	0.000128934
1.75443e-10	0.000127743
1.75514e-10	0.000126549
1.75584e-10	0.000125353
1.75655e-10	0.000124155
1.75726e-10	0.000122955
1.75797e-10	0.000121752
1.75867e-10	0.000120548
1.75938e-10	0.000119341
1.76009e-10	0.000118132
1.76079e-10	0.000116921
1.7615e-10	0.000115708
1.76221e-10	0.000114492
1.76292e-10	0.000113275
1.76362e-10	0.000112055
1.76433e-10	0.000110833
1.76504e-10	0.000109609
1.76575e-10	0.000108382
1.76645e-10	0.000107154
1.76716e-10	0.000105923
1.76787e-10	0.00010469
1.76857e-10	0.000103455
1.76928e-10	0.000102218
1.76999e-10	0.000100979
1.7707e-10	9.97371e-05
1.7714e-10	9.84934e-05
1.77211e-10	9.72474e-05
1.77282e-10	9.59993e-05
1.77353e-10	9.47491e-05
1.77423e-10	9.34966e-05
1.77494e-10	9.2242e-05
1.77565e-10	9.09852e-05
1.77635e-10	8.97262e-05
1.77706e-10	8.8465e-05
1.77777e-10	8.72017e-05
1.77848e-10	8.59361e-05
1.77918e-10	8.46684e-05
1.77989e-10	8.33985e-05
1.7806e-10	8.21265e-05
1.78131e-10	8.08522e-05
1.78201e-10	7.95758e-05
1.78272e-10	7.82971e-05
1.78343e-10	7.70163e-05
1.78413e-10	7.57334e-05
1.78484e-10	7.44482e-05
1.78555e-10	7.31609e-05
1.78626e-10	7.18713e-05
1.78696e-10	7.05796e-05
1.78767e-10	6.92857e-05
1.78838e-10	6.79896e-05
1.78909e-10	6.66914e-05
1.78979e-10	6.53909e-05
1.7905e-10	6.40883e-05
1.79121e-10	6.27835e-05
1.79192e-10	6.14765e-05
1.79262e-10	6.01673e-05
1.79333e-10	5.8856e-05
1.79404e-10	5.75424e-05
1.79474e-10	5.62267e-05
1.79545e-10	5.49088e-05
1.79616e-10	5.35887e-05
1.79687e-10	5.22664e-05
1.79757e-10	5.0942e-05
1.79828e-10	4.96153e-05
1.79899e-10	4.82865e-05
1.7997e-10	4.69555e-05
1.8004e-10	4.56223e-05
1.80111e-10	4.42869e-05
1.80182e-10	4.29493e-05
1.80252e-10	4.16096e-05
1.80323e-10	4.02676e-05
1.80394e-10	3.89235e-05
1.80465e-10	3.75772e-05
1.80535e-10	3.62287e-05
1.80606e-10	3.4878e-05
1.80677e-10	3.35252e-05
1.80748e-10	3.21701e-05
1.80818e-10	3.08129e-05
1.80889e-10	2.94535e-05
1.8096e-10	2.80919e-05
1.8103e-10	2.67281e-05
1.81101e-10	2.53621e-05
1.81172e-10	2.3994e-05
1.81243e-10	2.26236e-05
1.81313e-10	2.12511e-05
1.81384e-10	1.98764e-05
1.81455e-10	1.84995e-05
1.81526e-10	1.71205e-05
1.81596e-10	1.57392e-05
1.81667e-10	1.43558e-05
1.81738e-10	1.29701e-05
1.81808e-10	1.15823e-05
1.81879e-10	1.01923e-05
1.8195e-10	8.80016e-06
1.82021e-10	7.4058e-06
1.82091e-10	6.00926e-06
1.82162e-10	4.61053e-06
1.82233e-10	3.20963e-06
1.82304e-10	1.80654e-06
1.82374e-10	4.01262e-07
1.82445e-10	-1.00619e-06
1.82516e-10	-2.41583e-06
1.82586e-10	-3.82765e-06
1.82657e-10	-5.24166e-06
1.82728e-10	-6.65784e-06
1.82799e-10	-8.07621e-06
1.82869e-10	-9.49676e-06
1.8294e-10	-1.09195e-05
1.83011e-10	-1.23444e-05
1.83082e-10	-1.37715e-05
1.83152e-10	-1.52008e-05
1.83223e-10	-1.66322e-05
1.83294e-10	-1.80659e-05
1.83365e-10	-1.95017e-05
1.83435e-10	-2.09397e-05
1.83506e-10	-2.23798e-05
1.83577e-10	-2.38222e-05
1.83647e-10	-2.52667e-05
1.83718e-10	-2.67134e-05
1.83789e-10	-2.81623e-05
1.8386e-10	-2.96134e-05
1.8393e-10	-3.10666e-05
1.84001e-10	-3.25221e-05
1.84072e-10	-3.39797e-05
1.84143e-10	-3.54395e-05
1.84213e-10	-3.69014e-05
1.84284e-10	-3.83656e-05
1.84355e-10	-3.98319e-05
1.84425e-10	-4.13004e-05
1.84496e-10	-4.2771e-05
1.84567e-10	-4.42439e-05
1.84638e-10	-4.57189e-05
1.84708e-10	-4.71961e-05
1.84779e-10	-4.86754e-05
1.8485e-10	-5.0157e-05
1.84921e-10	-5.16407e-05
1.84991e-10	-5.31266e-05
1.85062e-10	-5.46146e-05
1.85133e-10	-5.61049e-05
1.85203e-10	-5.75973e-05
1.85274e-10	-5.90919e-05
1.85345e-10	-6.05886e-05
1.85416e-10	-6.20875e-05
1.85486e-10	-6.35886e-05
1.85557e-10	-6.50919e-05
1.85628e-10	-6.65973e-05
1.85699e-10	-6.81049e-05
1.85769e-10	-6.96147e-05
1.8584e-10	-7.11266e-05
1.85911e-10	-7.26407e-05
1.85981e-10	-7.4157e-05
1.86052e-10	-7.56755e-05
1.86123e-10	-7.71961e-05
1.86194e-10	-7.87189e-05
1.86264e-10	-8.02438e-05
1.86335e-10	-8.17709e-05
1.86406e-10	-8.33002e-05
1.86477e-10	-8.48316e-05
1.86547e-10	-8.63653e-05
1.86618e-10	-8.7901e-05
1.86689e-10	-8.9439e-05
1.8676e-10	-9.09791e-05
1.8683e-10	-9.25213e-05
1.86901e-10	-9.40657e-05
1.86972e-10	-9.56123e-05
1.87042e-10	-9.71611e-05
1.87113e-10	-9.8712e-05
1.87184e-10	-0.000100265
1.87255e-10	-0.00010182
1.87325e-10	-0.000103378
1.87396e-10	-0.000104937
1.87467e-10	-0.000106499
1.87538e-10	-0.000108063
1.87608e-10	-0.000109629
1.87679e-10	-0.000111197
1.8775e-10	-0.000112767
1.8782e-10	-0.00011434
1.87891e-10	-0.000115914
1.87962e-10	-0.000117491
1.88033e-10	-0.00011907
1.88103e-10	-0.000120651
1.88174e-10	-0.000122234
1.88245e-10	-0.00012382
1.88316e-10	-0.000125407
1.88386e-10	-0.000126997
1.88457e-10	-0.000128589
1.88528e-10	-0.000130183
1.88598e-10	-0.000131779
1.88669e-10	-0.000133377
1.8874e-10	-0.000134978
1.88811e-10	-0.00013658
1.88881e-10	-0.000138185
1.88952e-10	-0.000139792
1.89023e-10	-0.000141401
1.89094e-10	-0.000143012
1.89164e-10	-0.000144625
1.89235e-10	-0.000146241
1.89306e-10	-0.000147858
1.89376e-10	-0.000149478
1.89447e-10	-0.0001511
1.89518e-10	-0.000152724
1.89589e-10	-0.00015435
1.89659e-10	-0.000155978
1.8973e-10	-0.000157609
1.89801e-10	-0.000159241
1.89872e-10	-0.000160876
1.89942e-10	-0.000162513
1.90013e-10	-0.000164152
1.90084e-10	-0.000165793
1.90154e-10	-0.000167436
1.90225e-10	-0.000169081
1.90296e-10	-0.000170729
1.90367e-10	-0.000172378
1.90437e-10	-0.00017403
1.90508e-10	-0.000175684
1.90579e-10	-0.00017734
1.9065e-10	-0.000178998
1.9072e-10	-0.000180658
1.90791e-10	-0.00018232
1.90862e-10	-0.000183985
1.90933e-10	-0.000185651
1.91003e-10	-0.00018732
1.91074e-10	-0.000188991
1.91145e-10	-0.000190664
1.91215e-10	-0.000192339
1.91286e-10	-0.000194016
1.91357e-10	-0.000195695
1.91428e-10	-0.000197377
1.91498e-10	-0.00019906
1.91569e-10	-0.000200746
1.9164e-10	-0.000202434
1.91711e-10	-0.000204124
1.91781e-10	-0.000205816
1.91852e-10	-0.00020751
1.91923e-10	-0.000209206
1.91993e-10	-0.000210904
1.92064e-10	-0.000212605
1.92135e-10	-0.000214307
1.92206e-10	-0.000216012
1.92276e-10	-0.000217718
1.92347e-10	-0.000219427
1.92418e-10	-0.000221138
1.92489e-10	-0.000222851
1.92559e-10	-0.000224566
1.9263e-10	-0.000226284
1.92701e-10	-0.000228003
1.92771e-10	-0.000229724
1.92842e-10	-0.000231448
1.92913e-10	-0.000233173
1.92984e-10	-0.000234901
1.93054e-10	-0.000236631
1.93125e-10	-0.000238363
1.93196e-10	-0.000240097
1.93267e-10	-0.000241833
1.93337e-10	-0.000243571
1.93408e-10	-0.000245311
1.93479e-10	-0.000247054
1.93549e-10	-0.000248798
1.9362e-10	-0.000250545
1.93691e-10	-0.000252293
1.93762e-10	-0.000254044
1.93832e-10	-0.000255797
1.93903e-10	-0.000257551
1.93974e-10	-0.000259308
1.94045e-10	-0.000261067
1.94115e-10	-0.000262828
1.94186e-10	-0.000264591
1.94257e-10	-0.000266357
1.94327e-10	-0.000268124
1.94398e-10	-0.000269893
1.94469e-10	-0.000271665
1.9454e-10	-0.000273438
1.9461e-10	-0.000275214
1.94681e-10	-0.000276991
1.94752e-10	-0.000278771
1.94823e-10	-0.000280553
1.94893e-10	-0.000282336
1.94964e-10	-0.000284122
1.95035e-10	-0.00028591
1.95106e-10	-0.0002877
1.95176e-10	-0.000289492
1.95247e-10	-0.000291286
1.95318e-10	-0.000293082
1.95388e-10	-0.000294881
1.95459e-10	-0.000296681
1.9553e-10	-0.000298483
1.95601e-10	-0.000300287
1.95671e-10	-0.000302094
1.95742e-10	-0.000303902
1.95813e-10	-0.000305713
1.95884e-10	-0.000307525
1.95954e-10	-0.00030934
1.96025e-10	-0.000311156
1.96096e-10	-0.000312975
1.96166e-10	-0.000314796
1.96237e-10	-0.000316618
1.96308e-10	-0.000318443
1.96379e-10	-0.00032027
1.96449e-10	-0.000322099
1.9652e-10	-0.00032393
1.96591e-10	-0.000325762
1.96662e-10	-0.000327597
1.96732e-10	-0.000329434
1.96803e-10	-0.000331273
1.96874e-10	-0.000333114
1.96944e-10	-0.000334957
1.97015e-10	-0.000336802
1.97086e-10	-0.000338649
1.97157e-10	-0.000340498
1.97227e-10	-0.000342349
1.97298e-10	-0.000344202
1.97369e-10	-0.000346058
1.9744e-10	-0.000347915
1.9751e-10	-0.000349774
1.97581e-10	-0.000351635
1.97652e-10	-0.000353498
1.97722e-10	-0.000355363
1.97793e-10	-0.00035723
1.97864e-10	-0.000359099
1.97935e-10	-0.000360971
1.98005e-10	-0.000362844
1.98076e-10	-0.000364719
1.98147e-10	-0.000366596
1.98218e-10	-0.000368475
1.98288e-10	-0.000370356
1.98359e-10	-0.000372239
1.9843e-10	-0.000374125
1.985e-10	-0.000376012
1.98571e-10	-0.000377901
1.98642e-10	-0.000379792
1.98713e-10	-0.000381685
1.98783e-10	-0.00038358
1.98854e-10	-0.000385477
1.98925e-10	-0.000387376
1.98996e-10	-0.000389277
1.99066e-10	-0.00039118
1.99137e-10	-0.000393085
1.99208e-10	-0.000394991
1.99279e-10	-0.0003969
1.99349e-10	-0.000398811
1.9942e-10	-0.000400724
1.99491e-10	-0.000402639
1.99561e-10	-0.000404555
1.99632e-10	-0.000406474
1.99703e-10	-0.000408395
1.99774e-10	-0.000410317
1.99844e-10	-0.000412242
1.99915e-10	-0.000414168
1.99986e-10	-0.000416097
2.00057e-10	-0.000418027
2.00127e-10	-0.000419959
2.00198e-10	-0.000421894
2.00269e-10	-0.00042383
2.00339e-10	-0.000425768
2.0041e-10	-0.000427708
2.00481e-10	-0.00042965
2.00552e-10	-0.000431594
2.00622e-10	-0.00043354
2.00693e-10	-0.000435488
2.00764e-10	-0.000437438
2.00835e-10	-0.000439389
2.00905e-10	-0.000441343
2.00976e-10	-0.000443299
2.01047e-10	-0.000445256
2.01117e-10	-0.000447216
2.01188e-10	-0.000449177
2.01259e-10	-0.00045114
2.0133e-10	-0.000453105
2.014e-10	-0.000455072
2.01471e-10	-0.000457041
2.01542e-10	-0.000459012
2.01613e-10	-0.000460985
2.01683e-10	-0.00046296
2.01754e-10	-0.000464936
2.01825e-10	-0.000466915
2.01895e-10	-0.000468895
2.01966e-10	-0.000470878
2.02037e-10	-0.000472862
2.02108e-10	-0.000474848
2.02178e-10	-0.000476836
2.02249e-10	-0.000478826
2.0232e-10	-0.000480818
2.02391e-10	-0.000482811
2.02461e-10	-0.000484807
2.02532e-10	-0.000486804
2.02603e-10	-0.000488804
2.02673e-10	-0.000490805
2.02744e-10	-0.000492808
2.02815e-10	-0.000494813
2.02886e-10	-0.00049682
2.02956e-10	-0.000498828
2.03027e-10	-0.000500839
2.03098e-10	-0.000502851
2.03169e-10	-0.000504866
2.03239e-10	-0.000506882
2.0331e-10	-0.0005089
2.03381e-10	-0.00051092
2.03452e-10	-0.000512941
2.03522e-10	-0.000514965
2.03593e-10	-0.00051699
2.03664e-10	-0.000519018
2.03734e-10	-0.000521047
2.03805e-10	-0.000523078
2.03876e-10	-0.00052511
2.03947e-10	-0.000527145
2.04017e-10	-0.000529182
2.04088e-10	-0.00053122
2.04159e-10	-0.00053326
2.0423e-10	-0.000535302
2.043e-10	-0.000537346
2.04371e-10	-0.000539391
2.04442e-10	-0.000541439
2.04512e-10	-0.000543488
2.04583e-10	-0.000545539
2.04654e-10	-0.000547592
2.04725e-10	-0.000549647
2.04795e-10	-0.000551703
2.04866e-10	-0.000553762
2.04937e-10	-0.000555822
2.05008e-10	-0.000557884
2.05078e-10	-0.000559947
2.05149e-10	-0.000562013
2.0522e-10	-0.00056408
2.0529e-10	-0.000566149
2.05361e-10	-0.00056822
2.05432e-10	-0.000570293
2.05503e-10	-0.000572368
2.05573e-10	-0.000574444
2.05644e-10	-0.000576522
2.05715e-10	-0.000578602
2.05786e-10	-0.000580683
2.05856e-10	-0.000582767
2.05927e-10	-0.000584852
2.05998e-10	-0.000586939
2.06068e-10	-0.000589028
2.06139e-10	-0.000591118
2.0621e-10	-0.00059321
2.06281e-10	-0.000595304
2.06351e-10	-0.0005974
2.06422e-10	-0.000599498
2.06493e-10	-0.000601597
2.06564e-10	-0.000603698
2.06634e-10	-0.000605801
2.06705e-10	-0.000607905
2.06776e-10	-0.000610012
2.06846e-10	-0.00061212
2.06917e-10	-0.00061423
2.06988e-10	-0.000616341
2.07059e-10	-0.000618454
2.07129e-10	-0.000620569
2.072e-10	-0.000622686
2.07271e-10	-0.000624804
2.07342e-10	-0.000626924
2.07412e-10	-0.000629046
2.07483e-10	-0.00063117
2.07554e-10	-0.000633295
2.07625e-10	-0.000635422
2.07695e-10	-0.000637551
2.07766e-10	-0.000639681
2.07837e-10	-0.000641813
2.07907e-10	-0.000643947
2.07978e-10	-0.000646083
2.08049e-10	-0.00064822
2.0812e-10	-0.000650359
2.0819e-10	-0.000652499
2.08261e-10	-0.000654642
2.08332e-10	-0.000656786
2.08403e-10	-0.000658931
2.08473e-10	-0.000661079
2.08544e-10	-0.000663228
2.08615e-10	-0.000665379
2.08685e-10	-0.000667531
2.08756e-10	-0.000669685
2.08827e-10	-0.000671841
2.08898e-10	-0.000673998
2.08968e-10	-0.000676157
2.09039e-10	-0.000678318
2.0911e-10	-0.00068048
2.09181e-10	-0.000682644
2.09251e-10	-0.00068481
2.09322e-10	-0.000686977
2.09393e-10	-0.000689146
2.09463e-10	-0.000691316
2.09534e-10	-0.000693489
2.09605e-10	-0.000695663
2.09676e-10	-0.000697838
2.09746e-10	-0.000700015
2.09817e-10	-0.000702194
2.09888e-10	-0.000704374
2.09959e-10	-0.000706556
2.10029e-10	-0.00070874
2.101e-10	-0.000710925
2.10171e-10	-0.000713112
2.10241e-10	-0.0007153
2.10312e-10	-0.00071749
2.10383e-10	-0.000719682
2.10454e-10	-0.000721875
2.10524e-10	-0.00072407
2.10595e-10	-0.000726267
2.10666e-10	-0.000728465
2.10737e-10	-0.000730664
2.10807e-10	-0.000732865
2.10878e-10	-0.000735068
2.10949e-10	-0.000737273
2.11019e-10	-0.000739478
2.1109e-10	-0.000741686
2.11161e-10	-0.000743895
2.11232e-10	-0.000746106
2.11302e-10	-0.000748318
2.11373e-10	-0.000750532
2.11444e-10	-0.000752747
2.11515e-10	-0.000754964
2.11585e-10	-0.000757182
2.11656e-10	-0.000759402
2.11727e-10	-0.000761624
2.11798e-10	-0.000763847
2.11868e-10	-0.000766072
2.11939e-10	-0.000768298
2.1201e-10	-0.000770525
2.1208e-10	-0.000772755
2.12151e-10	-0.000774985
2.12222e-10	-0.000777218
2.12293e-10	-0.000779451
2.12363e-10	-0.000781687
2.12434e-10	-0.000783924
2.12505e-10	-0.000786162
2.12576e-10	-0.000788402
2.12646e-10	-0.000790643
2.12717e-10	-0.000792886
2.12788e-10	-0.00079513
2.12858e-10	-0.000797376
2.12929e-10	-0.000799623
2.13e-10	-0.000801872
2.13071e-10	-0.000804123
2.13141e-10	-0.000806374
2.13212e-10	-0.000808628
2.13283e-10	-0.000810882
2.13354e-10	-0.000813139
2.13424e-10	-0.000815396
2.13495e-10	-0.000817655
2.13566e-10	-0.000819916
2.13636e-10	-0.000822178
2.13707e-10	-0.000824441
2.13778e-10	-0.000826706
2.13849e-10	-0.000828973
2.13919e-10	-0.000831241
2.1399e-10	-0.00083351
2.14061e-10	-0.000835781
2.14132e-10	-0.000838053
2.14202e-10	-0.000840327
2.14273e-10	-0.000842602
2.14344e-10	-0.000844878
2.14414e-10	-0.000847156
2.14485e-10	-0.000849435
2.14556e-10	-0.000851716
2.14627e-10	-0.000853998
2.14697e-10	-0.000856281
2.14768e-10	-0.000858566
2.14839e-10	-0.000860853
2.1491e-10	-0.00086314
2.1498e-10	-0.00086543
2.15051e-10	-0.00086772
2.15122e-10	-0.000870012
2.15192e-10	-0.000872305
2.15263e-10	-0.0008746
2.15334e-10	-0.000876896
2.15405e-10	-0.000879193
2.15475e-10	-0.000881492
2.15546e-10	-0.000883792
2.15617e-10	-0.000886094
2.15688e-10	-0.000888397
2.15758e-10	-0.000890701
2.15829e-10	-0.000893006
2.159e-10	-0.000895313
2.15971e-10	-0.000897621
2.16041e-10	-0.000899931
2.16112e-10	-0.000902242
2.16183e-10	-0.000904554
2.16253e-10	-0.000906868
2.16324e-10	-0.000909183
2.16395e-10	-0.000911499
2.16466e-10	-0.000913816
2.16536e-10	-0.000916135
2.16607e-10	-0.000918455
2.16678e-10	-0.000920777
2.16749e-10	-0.0009231
2.16819e-10	-0.000925424
2.1689e-10	-0.000927749
2.16961e-10	-0.000930076
2.17031e-10	-0.000932404
2.17102e-10	-0.000934733
2.17173e-10	-0.000937063
2.17244e-10	-0.000939395
2.17314e-10	-0.000941728
2.17385e-10	-0.000944063
2.17456e-10	-0.000946398
2.17527e-10	-0.000948735
2.17597e-10	-0.000951073
2.17668e-10	-0.000953412
2.17739e-10	-0.000955753
2.17809e-10	-0.000958095
2.1788e-10	-0.000960438
2.17951e-10	-0.000962782
2.18022e-10	-0.000965128
2.18092e-10	-0.000967475
2.18163e-10	-0.000969823
2.18234e-10	-0.000972172
2.18305e-10	-0.000974522
2.18375e-10	-0.000976874
2.18446e-10	-0.000979227
2.18517e-10	-0.000981581
2.18587e-10	-0.000983936
2.18658e-10	-0.000986293
2.18729e-10	-0.000988651
2.188e-10	-0.00099101
2.1887e-10	-0.000993369
2.18941e-10	-0.000995731
2.19012e-10	-0.000998093
2.19083e-10	-0.00100046
2.19153e-10	-0.00100282
2.19224e-10	-0.00100519
2.19295e-10	-0.00100755
2.19365e-10	-0.00100992
2.19436e-10	-0.00101229
2.19507e-10	-0.00101466
2.19578e-10	-0.00101703
2.19648e-10	-0.00101941
2.19719e-10	-0.00102178
2.1979e-10	-0.00102416
2.19861e-10	-0.00102653
2.19931e-10	-0.00102891
2.20002e-10	-0.00103129
2.20073e-10	-0.00103367
2.20144e-10	-0.00103605
2.20214e-10	-0.00103843
2.20285e-10	-0.00104081
2.20356e-10	-0.0010432
2.20426e-10	-0.00104558
2.20497e-10	-0.00104797
2.20568e-10	-0.00105036
2.20639e-10	-0.00105275
2.20709e-10	-0.00105513
2.2078e-10	-0.00105753
2.20851e-10	-0.00105992
2.20922e-10	-0.00106231
2.20992e-10	-0.0010647
2.21063e-10	-0.0010671
2.21134e-10	-0.00106949
2.21204e-10	-0.00107189
2.21275e-10	-0.00107429
2.21346e-10	-0.00107669
2.21417e-10	-0.00107909
2.21487e-10	-0.00108149
2.21558e-10	-0.00108389
2.21629e-10	-0.00108629
2.217e-10	-0.0010887
2.2177e-10	-0.0010911
2.21841e-10	-0.00109351
2.21912e-10	-0.00109592
2.21982e-10	-0.00109833
2.22053e-10	-0.00110073
2.22124e-10	-0.00110314
2.22195e-10	-0.00110556
2.22265e-10	-0.00110797
2.22336e-10	-0.00111038
2.22407e-10	-0.0011128
2.22478e-10	-0.00111521
2.22548e-10	-0.00111763
2.22619e-10	-0.00112004
2.2269e-10	-0.00112246
2.2276e-10	-0.00112488
2.22831e-10	-0.0011273
2.22902e-10	-0.00112972
2.22973e-10	-0.00113214
2.23043e-10	-0.00113457
2.23114e-10	-0.00113699
2.23185e-10	-0.00113941
2.23256e-10	-0.00114184
2.23326e-10	-0.00114427
2.23397e-10	-0.00114669
2.23468e-10	-0.00114912
2.23538e-10	-0.00115155
2.23609e-10	-0.00115398
2.2368e-10	-0.00115641
2.23751e-10	-0.00115884
2.23821e-10	-0.00116128
2.23892e-10	-0.00116371
2.23963e-10	-0.00116614
2.24034e-10	-0.00116858
2.24104e-10	-0.00117102
2.24175e-10	-0.00117345
2.24246e-10	-0.00117589
2.24317e-10	-0.00117833
2.24387e-10	-0.00118077
2.24458e-10	-0.00118321
2.24529e-10	-0.00118565
2.24599e-10	-0.00118809
2.2467e-10	-0.00119054
2.24741e-10	-0.00119298
2.24812e-10	-0.00119542
2.24882e-10	-0.00119787
2.24953e-10	-0.00120032
2.25024e-10	-0.00120276
2.25095e-10	-0.00120521
2.25165e-10	-0.00120766
2.25236e-10	-0.00121011
2.25307e-10	-0.00121256
2.25377e-10	-0.00121501
2.25448e-10	-0.00121746
2.25519e-10	-0.00121991
2.2559e-10	-0.00122237
2.2566e-10	-0.00122482
2.25731e-10	-0.00122728
2.25802e-10	-0.00122973
2.25873e-10	-0.00123219
2.25943e-10	-0.00123465
2.26014e-10	-0.0012371
2.26085e-10	-0.00123956
2.26155e-10	-0.00124202
2.26226e-10	-0.00124448
2.26297e-10	-0.00124694
2.26368e-10	-0.0012494
2.26438e-10	-0.00125187
2.26509e-10	-0.00125433
2.2658e-10	-0.00125679
2.26651e-10	-0.00125926
2.26721e-10	-0.00126172
2.26792e-10	-0.00126419
2.26863e-10	-0.00126665
2.26933e-10	-0.00126912
2.27004e-10	-0.00127159
2.27075e-10	-0.00127406
2.27146e-10	-0.00127653
2.27216e-10	-0.00127899
2.27287e-10	-0.00128147
2.27358e-10	-0.00128394
2.27429e-10	-0.00128641
2.27499e-10	-0.00128888
2.2757e-10	-0.00129135
2.27641e-10	-0.00129383
2.27711e-10	-0.0012963
2.27782e-10	-0.00129877
2.27853e-10	-0.00130125
2.27924e-10	-0.00130373
2.27994e-10	-0.0013062
2.28065e-10	-0.00130868
2.28136e-10	-0.00131116
2.28207e-10	-0.00131364
2.28277e-10	-0.00131611
2.28348e-10	-0.00131859
2.28419e-10	-0.00132107
2.2849e-10	-0.00132355
2.2856e-10	-0.00132604
2.28631e-10	-0.00132852
2.28702e-10	-0.001331
2.28772e-10	-0.00133348
2.28843e-10	-0.00133597
2.28914e-10	-0.00133845
2.28985e-10	-0.00134093
2.29055e-10	-0.00134342
2.29126e-10	-0.0013459
2.29197e-10	-0.00134839
2.29268e-10	-0.00135088
2.29338e-10	-0.00135336
2.29409e-10	-0.00135585
2.2948e-10	-0.00135834
2.2955e-10	-0.00136083
2.29621e-10	-0.00136332
2.29692e-10	-0.0013658
2.29763e-10	-0.00136829
2.29833e-10	-0.00137078
2.29904e-10	-0.00137328
2.29975e-10	-0.00137577
2.30046e-10	-0.00137826
2.30116e-10	-0.00138075
2.30187e-10	-0.00138324
2.30258e-10	-0.00138574
2.30328e-10	-0.00138823
2.30399e-10	-0.00139072
2.3047e-10	-0.00139322
2.30541e-10	-0.00139571
2.30611e-10	-0.00139821
2.30682e-10	-0.0014007
2.30753e-10	-0.0014032
2.30824e-10	-0.00140569
2.30894e-10	-0.00140819
2.30965e-10	-0.00141069
2.31036e-10	-0.00141318
2.31106e-10	-0.00141568
2.31177e-10	-0.00141818
2.31248e-10	-0.00142068
2.31319e-10	-0.00142318
2.31389e-10	-0.00142568
2.3146e-10	-0.00142818
2.31531e-10	-0.00143068
2.31602e-10	-0.00143318
2.31672e-10	-0.00143568
2.31743e-10	-0.00143818
2.31814e-10	-0.00144068
2.31884e-10	-0.00144318
2.31955e-10	-0.00144568
2.32026e-10	-0.00144818
2.32097e-10	-0.00145068
2.32167e-10	-0.00145319
2.32238e-10	-0.00145569
2.32309e-10	-0.00145819
2.3238e-10	-0.0014607
2.3245e-10	-0.0014632
2.32521e-10	-0.0014657
2.32592e-10	-0.00146821
2.32663e-10	-0.00147071
2.32733e-10	-0.00147322
2.32804e-10	-0.00147572
2.32875e-10	-0.00147822
2.32945e-10	-0.00148073
2.33016e-10	-0.00148324
2.33087e-10	-0.00148574
2.33158e-10	-0.00148825
2.33228e-10	-0.00149075
2.33299e-10	-0.00149326
2.3337e-10	-0.00149576
2.33441e-10	-0.00149827
2.33511e-10	-0.00150078
2.33582e-10	-0.00150328
2.33653e-10	-0.00150579
2.33723e-10	-0.0015083
2.33794e-10	-0.00151081
2.33865e-10	-0.00151331
2.33936e-10	-0.00151582
2.34006e-10	-0.00151833
2.34077e-10	-0.00152084
2.34148e-10	-0.00152334
2.34219e-10	-0.00152585
2.34289e-10	-0.00152836
2.3436e-10	-0.00153087
2.34431e-10	-0.00153338
2.34501e-10	-0.00153589
2.34572e-10	-0.00153839
2.34643e-10	-0.0015409
2.34714e-10	-0.00154341
2.34784e-10	-0.00154592
2.34855e-10	-0.00154843
2.34926e-10	-0.00155094
2.34997e-10	-0.00155345
2.35067e-10	-0.00155596
2.35138e-10	-0.00155847
2.35209e-10	-0.00156097
2.35279e-10	-0.00156348
2.3535e-10	-0.00156599
2.35421e-10	-0.0015685
2.35492e-10	-0.00157101
2.35562e-10	-0.00157352
2.35633e-10	-0.00157603
2.35704e-10	-0.00157854
2.35775e-10	-0.00158105
2.35845e-10	-0.00158356
2.35916e-10	-0.00158606
2.35987e-10	-0.00158857
2.36058e-10	-0.00159108
2.36128e-10	-0.00159359
2.36199e-10	-0.0015961
2.3627e-10	-0.00159861
2.3634e-10	-0.00160112
2.36411e-10	-0.00160363
2.36482e-10	-0.00160613
2.36553e-10	-0.00160864
2.36623e-10	-0.00161115
2.36694e-10	-0.00161366
2.36765e-10	-0.00161617
2.36836e-10	-0.00161868
2.36906e-10	-0.00162118
2.36977e-10	-0.00162369
2.37048e-10	-0.0016262
2.37118e-10	-0.00162871
2.37189e-10	-0.00163121
2.3726e-10	-0.00163372
2.37331e-10	-0.00163623
2.37401e-10	-0.00163874
2.37472e-10	-0.00164124
2.37543e-10	-0.00164375
2.37614e-10	-0.00164625
2.37684e-10	-0.00164876
2.37755e-10	-0.00165127
2.37826e-10	-0.00165377
2.37896e-10	-0.00165628
2.37967e-10	-0.00165878
2.38038e-10	-0.00166129
2.38109e-10	-0.00166379
2.38179e-10	-0.0016663
2.3825e-10	-0.0016688
2.38321e-10	-0.00167131
2.38392e-10	-0.00167381
2.38462e-10	-0.00167631
2.38533e-10	-0.00167882
2.38604e-10	-0.00168132
2.38674e-10	-0.00168382
2.38745e-10	-0.00168633
2.38816e-10	-0.00168883
2.38887e-10	-0.00169133
2.38957e-10	-0.00169383
2.39028e-10	-0.00169633
2.39099e-10	-0.00169884
2.3917e-10	-0.00170134
2.3924e-10	-0.00170384
2.39311e-10	-0.00170634
2.39382e-10	-0.00170884
2.39452e-10	-0.00171134
2.39523e-10	-0.00171383
2.39594e-10	-0.00171633
2.39665e-10	-0.00171883
2.39735e-10	-0.00172133
2.39806e-10	-0.00172383
2.39877e-10	-0.00172632
2.39948e-10	-0.00172882
2.40018e-10	-0.00173132
2.40089e-10	-0.00173381
2.4016e-10	-0.00173631
2.40231e-10	-0.0017388
2.40301e-10	-0.0017413
2.40372e-10	-0.00174379
2.40443e-10	-0.00174629
2.40513e-10	-0.00174878
2.40584e-10	-0.00175127
2.40655e-10	-0.00175377
2.40726e-10	-0.00175626
2.40796e-10	-0.00175875
2.40867e-10	-0.00176124
2.40938e-10	-0.00176373
2.41009e-10	-0.00176622
2.41079e-10	-0.00176871
2.4115e-10	-0.0017712
2.41221e-10	-0.00177369
2.41291e-10	-0.00177618
2.41362e-10	-0.00177866
2.41433e-10	-0.00178115
2.41504e-10	-0.00178364
2.41574e-10	-0.00178612
2.41645e-10	-0.00178861
2.41716e-10	-0.00179109
2.41787e-10	-0.00179358
2.41857e-10	-0.00179606
2.41928e-10	-0.00179854
2.41999e-10	-0.00180103
2.42069e-10	-0.00180351
2.4214e-10	-0.00180599
2.42211e-10	-0.00180847
2.42282e-10	-0.00181095
2.42352e-10	-0.00181343
2.42423e-10	-0.00181591
2.42494e-10	-0.00181839
2.42565e-10	-0.00182087
2.42635e-10	-0.00182334
2.42706e-10	-0.00182582
2.42777e-10	-0.00182829
2.42847e-10	-0.00183077
2.42918e-10	-0.00183324
2.42989e-10	-0.00183572
2.4306e-10	-0.00183819
2.4313e-10	-0.00184066
2.43201e-10	-0.00184313
2.43272e-10	-0.0018456
2.43343e-10	-0.00184807
2.43413e-10	-0.00185054
2.43484e-10	-0.00185301
2.43555e-10	-0.00185548
2.43625e-10	-0.00185795
2.43696e-10	-0.00186041
2.43767e-10	-0.00186288
2.43838e-10	-0.00186534
2.43908e-10	-0.00186781
2.43979e-10	-0.00187027
2.4405e-10	-0.00187273
2.44121e-10	-0.00187519
2.44191e-10	-0.00187765
2.44262e-10	-0.00188011
2.44333e-10	-0.00188257
2.44404e-10	-0.00188503
2.44474e-10	-0.00188749
2.44545e-10	-0.00188995
2.44616e-10	-0.0018924
2.44686e-10	-0.00189486
2.44757e-10	-0.00189731
2.44828e-10	-0.00189976
2.44899e-10	-0.00190222
2.44969e-10	-0.00190467
2.4504e-10	-0.00190712
2.45111e-10	-0.00190957
2.45182e-10	-0.00191202
2.45252e-10	-0.00191446
2.45323e-10	-0.00191691
2.45394e-10	-0.00191936
2.45464e-10	-0.0019218
2.45535e-10	-0.00192425
2.45606e-10	-0.00192669
2.45677e-10	-0.00192913
2.45747e-10	-0.00193157
2.45818e-10	-0.00193401
2.45889e-10	-0.00193645
2.4596e-10	-0.00193889
2.4603e-10	-0.00194133
2.46101e-10	-0.00194376
2.46172e-10	-0.0019462
2.46242e-10	-0.00194863
2.46313e-10	-0.00195107
2.46384e-10	-0.0019535
2.46455e-10	-0.00195593
2.46525e-10	-0.00195836
2.46596e-10	-0.00196079
2.46667e-10	-0.00196322
2.46738e-10	-0.00196564
2.46808e-10	-0.00196807
2.46879e-10	-0.00197049
2.4695e-10	-0.00197292
2.4702e-10	-0.00197534
2.47091e-10	-0.00197776
2.47162e-10	-0.00198018
2.47233e-10	-0.0019826
2.47303e-10	-0.00198502
2.47374e-10	-0.00198744
2.47445e-10	-0.00198985
2.47516e-10	-0.00199227
2.47586e-10	-0.00199468
2.47657e-10	-0.00199709
2.47728e-10	-0.00199951
2.47798e-10	-0.00200192
2.47869e-10	-0.00200432
2.4794e-10	-0.00200673
2.48011e-10	-0.00200914
2.48081e-10	-0.00201154
2.48152e-10	-0.00201395
2.48223e-10	-0.00201635
2.48294e-10	-0.00201875
2.48364e-10	-0.00202115
2.48435e-10	-0.00202355
2.48506e-10	-0.00202595
2.48577e-10	-0.00202835
2.48647e-10	-0.00203074
2.48718e-10	-0.00203314
2.48789e-10	-0.00203553
2.48859e-10	-0.00203792
2.4893e-10	-0.00204031
2.49001e-10	-0.0020427
2.49072e-10	-0.00204509
2.49142e-10	-0.00204747
2.49213e-10	-0.00204986
2.49284e-10	-0.00205224
2.49355e-10	-0.00205462
2.49425e-10	-0.002057
2.49496e-10	-0.00205938
2.49567e-10	-0.00206176
2.49637e-10	-0.00206414
2.49708e-10	-0.00206651
2.49779e-10	-0.00206889
2.4985e-10	-0.00207126
2.4992e-10	-0.00207363
2.49991e-10	-0.002076
2.50062e-10	-0.00207837
2.50133e-10	-0.00208074
2.50203e-10	-0.0020831
2.50274e-10	-0.00208547
2.50345e-10	-0.00208783
2.50415e-10	-0.00209019
2.50486e-10	-0.00209255
2.50557e-10	-0.00209491
2.50628e-10	-0.00209727
2.50698e-10	-0.00209962
2.50769e-10	-0.00210197
2.5084e-10	-0.00210433
2.50911e-10	-0.00210668
2.50981e-10	-0.00210903
2.51052e-10	-0.00211137
2.51123e-10	-0.00211372
2.51193e-10	-0.00211607
2.51264e-10	-0.00211841
2.51335e-10	-0.00212075
2.51406e-10	-0.00212309
2.51476e-10	-0.00212543
2.51547e-10	-0.00212776
2.51618e-10	-0.0021301
2.51689e-10	-0.00213243
2.51759e-10	-0.00213476
2.5183e-10	-0.0021371
2.51901e-10	-0.00213942
2.51971e-10	-0.00214175
2.52042e-10	-0.00214408
2.52113e-10	-0.0021464
2.52184e-10	-0.00214872
2.52254e-10	-0.00215104
2.52325e-10	-0.00215336
2.52396e-10	-0.00215568
2.52467e-10	-0.00215799
2.52537e-10	-0.00216031
2.52608e-10	-0.00216262
2.52679e-10	-0.00216493
2.5275e-10	-0.00216724
2.5282e-10	-0.00216954
2.52891e-10	-0.00217185
2.52962e-10	-0.00217415
2.53032e-10	-0.00217645
2.53103e-10	-0.00217875
2.53174e-10	-0.00218105
2.53245e-10	-0.00218335
2.53315e-10	-0.00218564
2.53386e-10	-0.00218794
2.53457e-10	-0.00219023
2.53528e-10	-0.00219252
2.53598e-10	-0.0021948
2.53669e-10	-0.00219709
2.5374e-10	-0.00219937
2.5381e-10	-0.00220165
2.53881e-10	-0.00220393
2.53952e-10	-0.00220621
2.54023e-10	-0.00220849
2.54093e-10	-0.00221076
2.54164e-10	-0.00221303
2.54235e-10	-0.0022153
2.54306e-10	-0.00221757
2.54376e-10	-0.00221984
2.54447e-10	-0.0022221
2.54518e-10	-0.00222437
2.54588e-10	-0.00222663
2.54659e-10	-0.00222889
2.5473e-10	-0.00223114
2.54801e-10	-0.0022334
2.54871e-10	-0.00223565
2.54942e-10	-0.0022379
2.55013e-10	-0.00224015
2.55084e-10	-0.0022424
2.55154e-10	-0.00224465
2.55225e-10	-0.00224689
2.55296e-10	-0.00224913
2.55366e-10	-0.00225137
2.55437e-10	-0.00225361
2.55508e-10	-0.00225584
2.55579e-10	-0.00225807
2.55649e-10	-0.0022603
2.5572e-10	-0.00226253
2.55791e-10	-0.00226476
2.55862e-10	-0.00226698
2.55932e-10	-0.00226921
2.56003e-10	-0.00227143
2.56074e-10	-0.00227365
2.56144e-10	-0.00227586
2.56215e-10	-0.00227808
2.56286e-10	-0.00228029
2.56357e-10	-0.0022825
2.56427e-10	-0.00228471
2.56498e-10	-0.00228691
2.56569e-10	-0.00228912
2.5664e-10	-0.00229132
2.5671e-10	-0.00229352
2.56781e-10	-0.00229571
2.56852e-10	-0.00229791
2.56923e-10	-0.0023001
2.56993e-10	-0.00230229
2.57064e-10	-0.00230448
2.57135e-10	-0.00230666
2.57205e-10	-0.00230885
2.57276e-10	-0.00231103
2.57347e-10	-0.00231321
2.57418e-10	-0.00231538
2.57488e-10	-0.00231756
2.57559e-10	-0.00231973
2.5763e-10	-0.0023219
2.57701e-10	-0.00232407
2.57771e-10	-0.00232623
2.57842e-10	-0.0023284
2.57913e-10	-0.00233056
2.57983e-10	-0.00233272
2.58054e-10	-0.00233487
2.58125e-10	-0.00233703
2.58196e-10	-0.00233918
2.58266e-10	-0.00234133
2.58337e-10	-0.00234347
2.58408e-10	-0.00234562
2.58479e-10	-0.00234776
2.58549e-10	-0.0023499
2.5862e-10	-0.00235203
2.58691e-10	-0.00235417
2.58761e-10	-0.0023563
2.58832e-10	-0.00235843
2.58903e-10	-0.00236056
2.58974e-10	-0.00236268
2.59044e-10	-0.0023648
2.59115e-10	-0.00236692
2.59186e-10	-0.00236904
2.59257e-10	-0.00237116
2.59327e-10	-0.00237327
2.59398e-10	-0.00237538
2.59469e-10	-0.00237749
2.59539e-10	-0.00237959
2.5961e-10	-0.00238169
2.59681e-10	-0.00238379
2.59752e-10	-0.00238589
2.59822e-10	-0.00238798
2.59893e-10	-0.00239008
2.59964e-10	-0.00239217
2.60035e-10	-0.00239425
2.60105e-10	-0.00239634
2.60176e-10	-0.00239842
2.60247e-10	-0.0024005
2.60317e-10	-0.00240257
2.60388e-10	-0.00240465
2.60459e-10	-0.00240672
2.6053e-10	-0.00240879
2.606e-10	-0.00241085
2.60671e-10	-0.00241292
2.60742e-10	-0.00241498
2.60813e-10	-0.00241704
2.60883e-10	-0.00241909
2.60954e-10	-0.00242114
2.61025e-10	-0.00242319
2.61096e-10	-0.00242524
2.61166e-10	-0.00242728
2.61237e-10	-0.00242933
2.61308e-10	-0.00243136
2.61378e-10	-0.0024334
2.61449e-10	-0.00243543
2.6152e-10	-0.00243746
2.61591e-10	-0.00243949
2.61661e-10	-0.00244152
2.61732e-10	-0.00244354
2.61803e-10	-0.00244556
2.61874e-10	-0.00244758
2.61944e-10	-0.00244959
2.62015e-10	-0.0024516
2.62086e-10	-0.00245361
2.62156e-10	-0.00245561
2.62227e-10	-0.00245762
2.62298e-10	-0.00245962
2.62369e-10	-0.00246161
2.62439e-10	-0.00246361
2.6251e-10	-0.0024656
2.62581e-10	-0.00246759
2.62652e-10	-0.00246957
2.62722e-10	-0.00247155
2.62793e-10	-0.00247353
2.62864e-10	-0.00247551
2.62934e-10	-0.00247748
2.63005e-10	-0.00247945
2.63076e-10	-0.00248142
2.63147e-10	-0.00248338
2.63217e-10	-0.00248534
2.63288e-10	-0.0024873
2.63359e-10	-0.00248926
2.6343e-10	-0.00249121
2.635e-10	-0.00249316
2.63571e-10	-0.00249511
2.63642e-10	-0.00249705
2.63712e-10	-0.00249899
2.63783e-10	-0.00250093
2.63854e-10	-0.00250286
2.63925e-10	-0.00250479
2.63995e-10	-0.00250672
2.64066e-10	-0.00250865
2.64137e-10	-0.00251057
2.64208e-10	-0.00251249
2.64278e-10	-0.0025144
2.64349e-10	-0.00251632
2.6442e-10	-0.00251822
2.6449e-10	-0.00252013
2.64561e-10	-0.00252203
2.64632e-10	-0.00252393
2.64703e-10	-0.00252583
2.64773e-10	-0.00252772
2.64844e-10	-0.00252961
2.64915e-10	-0.0025315
2.64986e-10	-0.00253339
2.65056e-10	-0.00253527
2.65127e-10	-0.00253714
2.65198e-10	-0.00253902
2.65269e-10	-0.00254089
2.65339e-10	-0.00254276
2.6541e-10	-0.00254462
2.65481e-10	-0.00254648
2.65551e-10	-0.00254834
2.65622e-10	-0.0025502
2.65693e-10	-0.00255205
2.65764e-10	-0.0025539
2.65834e-10	-0.00255574
2.65905e-10	-0.00255758
2.65976e-10	-0.00255942
2.66047e-10	-0.00256126
2.66117e-10	-0.00256309
2.66188e-10	-0.00256491
2.66259e-10	-0.00256674
2.66329e-10	-0.00256856
2.664e-10	-0.00257038
2.66471e-10	-0.00257219
2.66542e-10	-0.002574
2.66612e-10	-0.00257581
2.66683e-10	-0.00257762
2.66754e-10	-0.00257942
2.66825e-10	-0.00258121
2.66895e-10	-0.00258301
2.66966e-10	-0.0025848
2.67037e-10	-0.00258659
2.67107e-10	-0.00258837
2.67178e-10	-0.00259015
2.67249e-10	-0.00259193
2.6732e-10	-0.0025937
2.6739e-10	-0.00259547
2.67461e-10	-0.00259723
2.67532e-10	-0.002599
2.67603e-10	-0.00260076
2.67673e-10	-0.00260251
2.67744e-10	-0.00260426
2.67815e-10	-0.00260601
2.67885e-10	-0.00260776
2.67956e-10	-0.0026095
2.68027e-10	-0.00261123
2.68098e-10	-0.00261297
2.68168e-10	-0.0026147
2.68239e-10	-0.00261643
2.6831e-10	-0.00261815
2.68381e-10	-0.00261987
2.68451e-10	-0.00262158
2.68522e-10	-0.00262329
2.68593e-10	-0.002625
2.68663e-10	-0.00262671
2.68734e-10	-0.00262841
2.68805e-10	-0.00263011
2.68876e-10	-0.0026318
2.68946e-10	-0.00263349
2.69017e-10	-0.00263518
2.69088e-10	-0.00263686
2.69159e-10	-0.00263854
2.69229e-10	-0.00264021
2.693e-10	-0.00264188
2.69371e-10	-0.00264355
2.69442e-10	-0.00264521
2.69512e-10	-0.00264687
2.69583e-10	-0.00264853
2.69654e-10	-0.00265018
2.69724e-10	-0.00265183
2.69795e-10	-0.00265347
2.69866e-10	-0.00265511
2.69937e-10	-0.00265675
2.70007e-10	-0.00265838
2.70078e-10	-0.00266001
2.70149e-10	-0.00266164
2.7022e-10	-0.00266326
2.7029e-10	-0.00266488
2.70361e-10	-0.00266649
2.70432e-10	-0.0026681
2.70502e-10	-0.0026697
2.70573e-10	-0.00267131
2.70644e-10	-0.0026729
2.70715e-10	-0.0026745
2.70785e-10	-0.00267609
2.70856e-10	-0.00267767
2.70927e-10	-0.00267925
2.70998e-10	-0.00268083
2.71068e-10	-0.00268241
2.71139e-10	-0.00268397
2.7121e-10	-0.00268554
2.7128e-10	-0.0026871
2.71351e-10	-0.00268866
2.71422e-10	-0.00269021
2.71493e-10	-0.00269176
2.71563e-10	-0.00269331
2.71634e-10	-0.00269485
2.71705e-10	-0.00269639
2.71776e-10	-0.00269792
2.71846e-10	-0.00269945
2.71917e-10	-0.00270097
2.71988e-10	-0.00270249
2.72058e-10	-0.00270401
2.72129e-10	-0.00270552
2.722e-10	-0.00270703
2.72271e-10	-0.00270854
2.72341e-10	-0.00271004
2.72412e-10	-0.00271153
2.72483e-10	-0.00271302
2.72554e-10	-0.00271451
2.72624e-10	-0.002716
2.72695e-10	-0.00271747
2.72766e-10	-0.00271895
2.72836e-10	-0.00272042
2.72907e-10	-0.00272189
2.72978e-10	-0.00272335
2.73049e-10	-0.00272481
2.73119e-10	-0.00272626
2.7319e-10	-0.00272771
2.73261e-10	-0.00272915
2.73332e-10	-0.00273059
2.73402e-10	-0.00273203
2.73473e-10	-0.00273346
2.73544e-10	-0.00273489
2.73615e-10	-0.00273631
2.73685e-10	-0.00273773
2.73756e-10	-0.00273915
2.73827e-10	-0.00274056
2.73897e-10	-0.00274196
2.73968e-10	-0.00274336
2.74039e-10	-0.00274476
2.7411e-10	-0.00274615
2.7418e-10	-0.00274754
2.74251e-10	-0.00274893
2.74322e-10	-0.00275031
2.74393e-10	-0.00275168
2.74463e-10	-0.00275305
2.74534e-10	-0.00275442
2.74605e-10	-0.00275578
2.74675e-10	-0.00275714
2.74746e-10	-0.00275849
2.74817e-10	-0.00275984
2.74888e-10	-0.00276118
2.74958e-10	-0.00276252
2.75029e-10	-0.00276385
2.751e-10	-0.00276518
2.75171e-10	-0.00276651
2.75241e-10	-0.00276783
2.75312e-10	-0.00276914
2.75383e-10	-0.00277046
2.75453e-10	-0.00277176
2.75524e-10	-0.00277307
2.75595e-10	-0.00277436
2.75666e-10	-0.00277566
2.75736e-10	-0.00277694
2.75807e-10	-0.00277823
2.75878e-10	-0.00277951
2.75949e-10	-0.00278078
2.76019e-10	-0.00278205
2.7609e-10	-0.00278332
2.76161e-10	-0.00278458
2.76231e-10	-0.00278583
2.76302e-10	-0.00278708
2.76373e-10	-0.00278833
2.76444e-10	-0.00278957
2.76514e-10	-0.00279081
2.76585e-10	-0.00279204
2.76656e-10	-0.00279327
2.76727e-10	-0.00279449
2.76797e-10	-0.00279571
2.76868e-10	-0.00279692
2.76939e-10	-0.00279813
2.77009e-10	-0.00279933
2.7708e-10	-0.00280053
2.77151e-10	-0.00280173
2.77222e-10	-0.00280292
2.77292e-10	-0.0028041
2.77363e-10	-0.00280528
2.77434e-10	-0.00280645
2.77505e-10	-0.00280762
2.77575e-10	-0.00280879
2.77646e-10	-0.00280995
2.77717e-10	-0.0028111
2.77788e-10	-0.00281225
2.77858e-10	-0.0028134
2.77929e-10	-0.00281454
2.78e-10	-0.00281567
2.7807e-10	-0.0028168
2.78141e-10	-0.00281793
2.78212e-10	-0.00281905
2.78283e-10	-0.00282016
2.78353e-10	-0.00282127
2.78424e-10	-0.00282238
2.78495e-10	-0.00282348
2.78566e-10	-0.00282458
2.78636e-10	-0.00282567
2.78707e-10	-0.00282675
2.78778e-10	-0.00282783
2.78848e-10	-0.00282891
2.78919e-10	-0.00282998
2.7899e-10	-0.00283104
2.79061e-10	-0.0028321
2.79131e-10	-0.00283316
2.79202e-10	-0.00283421
2.79273e-10	-0.00283525
2.79344e-10	-0.00283629
2.79414e-10	-0.00283732
2.79485e-10	-0.00283835
2.79556e-10	-0.00283938
2.79626e-10	-0.0028404
2.79697e-10	-0.00284141
2.79768e-10	-0.00284242
2.79839e-10	-0.00284342
2.79909e-10	-0.00284442
2.7998e-10	-0.00284541
2.80051e-10	-0.0028464
2.80122e-10	-0.00284738
2.80192e-10	-0.00284836
2.80263e-10	-0.00284933
2.80334e-10	-0.0028503
2.80404e-10	-0.00285126
2.80475e-10	-0.00285222
2.80546e-10	-0.00285317
2.80617e-10	-0.00285411
2.80687e-10	-0.00285505
2.80758e-10	-0.00285599
2.80829e-10	-0.00285692
2.809e-10	-0.00285784
2.8097e-10	-0.00285876
2.81041e-10	-0.00285967
2.81112e-10	-0.00286058
2.81183e-10	-0.00286149
2.81253e-10	-0.00286238
2.81324e-10	-0.00286328
2.81395e-10	-0.00286416
2.81465e-10	-0.00286504
2.81536e-10	-0.00286592
2.81607e-10	-0.00286679
2.81678e-10	-0.00286765
2.81748e-10	-0.00286851
2.81819e-10	-0.00286937
2.8189e-10	-0.00287022
2.81961e-10	-0.00287106
2.82031e-10	-0.0028719
2.82102e-10	-0.00287273
2.82173e-10	-0.00287356
2.82243e-10	-0.00287438
2.82314e-10	-0.00287519
2.82385e-10	-0.002876
2.82456e-10	-0.00287681
2.82526e-10	-0.00287761
2.82597e-10	-0.0028784
2.82668e-10	-0.00287919
2.82739e-10	-0.00287997
2.82809e-10	-0.00288075
2.8288e-10	-0.00288152
2.82951e-10	-0.00288228
2.83021e-10	-0.00288304
2.83092e-10	-0.0028838
2.83163e-10	-0.00288454
2.83234e-10	-0.00288529
2.83304e-10	-0.00288602
2.83375e-10	-0.00288675
2.83446e-10	-0.00288748
2.83517e-10	-0.0028882
2.83587e-10	-0.00288891
2.83658e-10	-0.00288962
2.83729e-10	-0.00289033
2.83799e-10	-0.00289102
2.8387e-10	-0.00289171
2.83941e-10	-0.0028924
2.84012e-10	-0.00289308
2.84082e-10	-0.00289375
2.84153e-10	-0.00289442
2.84224e-10	-0.00289508
2.84295e-10	-0.00289574
2.84365e-10	-0.00289639
2.84436e-10	-0.00289704
2.84507e-10	-0.00289768
2.84577e-10	-0.00289831
2.84648e-10	-0.00289894
2.84719e-10	-0.00289956
2.8479e-10	-0.00290018
2.8486e-10	-0.00290079
2.84931e-10	-0.00290139
2.85002e-10	-0.00290199
2.85073e-10	-0.00290258
2.85143e-10	-0.00290317
2.85214e-10	-0.00290375
2.85285e-10	-0.00290432
2.85356e-10	-0.00290489
2.85426e-10	-0.00290545
2.85497e-10	-0.00290601
2.85568e-10	-0.00290656
2.85638e-10	-0.0029071
2.85709e-10	-0.00290764
2.8578e-10	-0.00290817
2.85851e-10	-0.0029087
2.85921e-10	-0.00290922
2.85992e-10	-0.00290974
2.86063e-10	-0.00291024
2.86134e-10	-0.00291075
2.86204e-10	-0.00291124
2.86275e-10	-0.00291173
2.86346e-10	-0.00291222
2.86416e-10	-0.0029127
2.86487e-10	-0.00291317
2.86558e-10	-0.00291363
2.86629e-10	-0.00291409
2.86699e-10	-0.00291455
2.8677e-10	-0.002915
2.86841e-10	-0.00291544
2.86912e-10	-0.00291587
2.86982e-10	-0.0029163
2.87053e-10	-0.00291672
2.87124e-10	-0.00291714
2.87194e-10	-0.00291755
2.87265e-10	-0.00291796
2.87336e-10	-0.00291835
2.87407e-10	-0.00291875
2.87477e-10	-0.00291913
2.87548e-10	-0.00291951
2.87619e-10	-0.00291988
2.8769e-10	-0.00292025
2.8776e-10	-0.00292061
2.87831e-10	-0.00292096
2.87902e-10	-0.00292131
2.87972e-10	-0.00292165
2.88043e-10	-0.00292199
2.88114e-10	-0.00292232
2.88185e-10	-0.00292264
2.88255e-10	-0.00292296
2.88326e-10	-0.00292327
2.88397e-10	-0.00292357
2.88468e-10	-0.00292387
2.88538e-10	-0.00292416
2.88609e-10	-0.00292444
2.8868e-10	-0.00292472
2.8875e-10	-0.00292499
2.88821e-10	-0.00292526
2.88892e-10	-0.00292552
2.88963e-10	-0.00292577
2.89033e-10	-0.00292602
2.89104e-10	-0.00292626
2.89175e-10	-0.00292649
2.89246e-10	-0.00292672
2.89316e-10	-0.00292694
2.89387e-10	-0.00292715
2.89458e-10	-0.00292736
2.89529e-10	-0.00292756
2.89599e-10	-0.00292775
2.8967e-10	-0.00292794
2.89741e-10	-0.00292812
2.89811e-10	-0.00292829
2.89882e-10	-0.00292846
2.89953e-10	-0.00292862
2.90024e-10	-0.00292878
2.90094e-10	-0.00292893
2.90165e-10	-0.00292907
2.90236e-10	-0.0029292
2.90307e-10	-0.00292933
2.90377e-10	-0.00292945
2.90448e-10	-0.00292957
2.90519e-10	-0.00292967
2.90589e-10	-0.00292978
2.9066e-10	-0.00292987
2.90731e-10	-0.00292996
2.90802e-10	-0.00293004
2.90872e-10	-0.00293012
2.90943e-10	-0.00293018
2.91014e-10	-0.00293025
2.91085e-10	-0.0029303
2.91155e-10	-0.00293035
2.91226e-10	-0.00293039
2.91297e-10	-0.00293042
2.91367e-10	-0.00293045
2.91438e-10	-0.00293047
2.91509e-10	-0.00293049
2.9158e-10	-0.0029305
2.9165e-10	-0.0029305
2.91721e-10	-0.00293049
2.91792e-10	-0.00293048
2.91863e-10	-0.00293046
2.91933e-10	-0.00293043
2.92004e-10	-0.0029304
2.92075e-10	-0.00293036
2.92145e-10	-0.00293031
2.92216e-10	-0.00293026
2.92287e-10	-0.00293019
2.92358e-10	-0.00293013
2.92428e-10	-0.00293005
2.92499e-10	-0.00292997
2.9257e-10	-0.00292988
2.92641e-10	-0.00292979
2.92711e-10	-0.00292968
2.92782e-10	-0.00292957
2.92853e-10	-0.00292946
2.92923e-10	-0.00292933
2.92994e-10	-0.0029292
2.93065e-10	-0.00292907
2.93136e-10	-0.00292892
2.93206e-10	-0.00292877
2.93277e-10	-0.00292861
2.93348e-10	-0.00292845
2.93419e-10	-0.00292827
2.93489e-10	-0.0029281
2.9356e-10	-0.00292791
2.93631e-10	-0.00292772
2.93702e-10	-0.00292751
2.93772e-10	-0.00292731
2.93843e-10	-0.00292709
2.93914e-10	-0.00292687
2.93984e-10	-0.00292664
2.94055e-10	-0.00292641
2.94126e-10	-0.00292616
2.94197e-10	-0.00292591
2.94267e-10	-0.00292565
2.94338e-10	-0.00292539
2.94409e-10	-0.00292512
2.9448e-10	-0.00292484
2.9455e-10	-0.00292455
2.94621e-10	-0.00292426
2.94692e-10	-0.00292396
2.94762e-10	-0.00292365
2.94833e-10	-0.00292334
2.94904e-10	-0.00292301
2.94975e-10	-0.00292268
2.95045e-10	-0.00292235
2.95116e-10	-0.002922
2.95187e-10	-0.00292165
2.95258e-10	-0.00292129
2.95328e-10	-0.00292093
2.95399e-10	-0.00292055
2.9547e-10	-0.00292017
2.9554e-10	-0.00291979
2.95611e-10	-0.00291939
2.95682e-10	-0.00291899
2.95753e-10	-0.00291858
2.95823e-10	-0.00291816
2.95894e-10	-0.00291774
2.95965e-10	-0.0029173
2.96036e-10	-0.00291687
2.96106e-10	-0.00291642
2.96177e-10	-0.00291596
2.96248e-10	-0.0029155
2.96318e-10	-0.00291503
2.96389e-10	-0.00291456
2.9646e-10	-0.00291407
2.96531e-10	-0.00291358
2.96601e-10	-0.00291308
2.96672e-10	-0.00291258
2.96743e-10	-0.00291207
2.96814e-10	-0.00291154
2.96884e-10	-0.00291102
2.96955e-10	-0.00291048
2.97026e-10	-0.00290994
2.97096e-10	-0.00290938
2.97167e-10	-0.00290883
2.97238e-10	-0.00290826
2.97309e-10	-0.00290769
2.97379e-10	-0.00290711
2.9745e-10	-0.00290652
2.97521e-10	-0.00290592
2.97592e-10	-0.00290532
2.97662e-10	-0.00290471
2.97733e-10	-0.00290409
2.97804e-10	-0.00290346
2.97875e-10	-0.00290283
2.97945e-10	-0.00290218
2.98016e-10	-0.00290153
2.98087e-10	-0.00290088
2.98157e-10	-0.00290021
2.98228e-10	-0.00289954
2.98299e-10	-0.00289886
2.9837e-10	-0.00289817
2.9844e-10	-0.00289748
2.98511e-10	-0.00289677
2.98582e-10	-0.00289606
2.98653e-10	-0.00289534
2.98723e-10	-0.00289462
2.98794e-10	-0.00289388
2.98865e-10	-0.00289314
2.98935e-10	-0.00289239
2.99006e-10	-0.00289163
2.99077e-10	-0.00289087
2.99148e-10	-0.0028901
2.99218e-10	-0.00288931
2.99289e-10	-0.00288853
2.9936e-10	-0.00288773
2.99431e-10	-0.00288693
2.99501e-10	-0.00288611
2.99572e-10	-0.00288529
2.99643e-10	-0.00288447
2.99713e-10	-0.00288363
2.99784e-10	-0.00288279
2.99855e-10	-0.00288194
2.99926e-10	-0.00288108
2.99996e-10	-0.00288021
3.00067e-10	-0.00287934
3.00138e-10	-0.00287845
3.00209e-10	-0.00287756
3.00279e-10	-0.00287666
3.0035e-10	-0.00287576
3.00421e-10	-0.00287484
3.00491e-10	-0.00287392
3.00562e-10	-0.00287299
3.00633e-10	-0.00287205
3.00704e-10	-0.00287111
3.00774e-10	-0.00287015
3.00845e-10	-0.00286919
3.00916e-10	-0.00286822
3.00987e-10	-0.00286724
3.01057e-10	-0.00286626
3.01128e-10	-0.00286526
3.01199e-10	-0.00286426
3.01269e-10	-0.00286325
3.0134e-10	-0.00286223
3.01411e-10	-0.0028612
3.01482e-10	-0.00286017
3.01552e-10	-0.00285913
3.01623e-10	-0.00285808
3.01694e-10	-0.00285702
3.01765e-10	-0.00285595
3.01835e-10	-0.00285488
3.01906e-10	-0.00285379
3.01977e-10	-0.0028527
3.02048e-10	-0.0028516
3.02118e-10	-0.0028505
3.02189e-10	-0.00284938
3.0226e-10	-0.00284826
3.0233e-10	-0.00284712
3.02401e-10	-0.00284598
3.02472e-10	-0.00284484
3.02543e-10	-0.00284368
3.02613e-10	-0.00284251
3.02684e-10	-0.00284134
3.02755e-10	-0.00284016
3.02826e-10	-0.00283897
3.02896e-10	-0.00283777
3.02967e-10	-0.00283657
3.03038e-10	-0.00283535
3.03108e-10	-0.00283413
3.03179e-10	-0.0028329
3.0325e-10	-0.00283166
3.03321e-10	-0.00283041
3.03391e-10	-0.00282916
3.03462e-10	-0.00282789
3.03533e-10	-0.00282662
3.03604e-10	-0.00282534
3.03674e-10	-0.00282405
3.03745e-10	-0.00282276
3.03816e-10	-0.00282145
3.03886e-10	-0.00282014
3.03957e-10	-0.00281881
3.04028e-10	-0.00281748
3.04099e-10	-0.00281615
3.04169e-10	-0.0028148
3.0424e-10	-0.00281344
3.04311e-10	-0.00281208
3.04382e-10	-0.00281071
3.04452e-10	-0.00280932
3.04523e-10	-0.00280794
3.04594e-10	-0.00280654
3.04664e-10	-0.00280513
3.04735e-10	-0.00280372
3.04806e-10	-0.00280229
3.04877e-10	-0.00280086
3.04947e-10	-0.00279942
3.05018e-10	-0.00279797
3.05089e-10	-0.00279652
3.0516e-10	-0.00279505
3.0523e-10	-0.00279358
3.05301e-10	-0.00279209
3.05372e-10	-0.0027906
3.05442e-10	-0.0027891
3.05513e-10	-0.00278759
3.05584e-10	-0.00278608
3.05655e-10	-0.00278455
3.05725e-10	-0.00278302
3.05796e-10	-0.00278147
3.05867e-10	-0.00277992
3.05938e-10	-0.00277836
3.06008e-10	-0.00277679
3.06079e-10	-0.00277522
3.0615e-10	-0.00277363
3.06221e-10	-0.00277204
3.06291e-10	-0.00277044
3.06362e-10	-0.00276882
3.06433e-10	-0.0027672
3.06503e-10	-0.00276557
3.06574e-10	-0.00276394
3.06645e-10	-0.00276229
3.06716e-10	-0.00276064
3.06786e-10	-0.00275897
3.06857e-10	-0.0027573
3.06928e-10	-0.00275562
3.06999e-10	-0.00275393
3.07069e-10	-0.00275223
3.0714e-10	-0.00275052
3.07211e-10	-0.00274881
3.07281e-10	-0.00274708
3.07352e-10	-0.00274535
3.07423e-10	-0.00274361
3.07494e-10	-0.00274186
3.07564e-10	-0.0027401
3.07635e-10	-0.00273833
3.07706e-10	-0.00273655
3.07777e-10	-0.00273477
3.07847e-10	-0.00273297
3.07918e-10	-0.00273117
3.07989e-10	-0.00272935
3.08059e-10	-0.00272753
3.0813e-10	-0.0027257
3.08201e-10	-0.00272386
3.08272e-10	-0.00272202
3.08342e-10	-0.00272016
3.08413e-10	-0.00271829
3.08484e-10	-0.00271642
3.08555e-10	-0.00271453
3.08625e-10	-0.00271264
3.08696e-10	-0.00271074
3.08767e-10	-0.00270883
3.08837e-10	-0.00270691
3.08908e-10	-0.00270498
3.08979e-10	-0.00270305
3.0905e-10	-0.0027011
3.0912e-10	-0.00269915
3.09191e-10	-0.00269718
3.09262e-10	-0.00269521
3.09333e-10	-0.00269323
3.09403e-10	-0.00269124
3.09474e-10	-0.00268924
3.09545e-10	-0.00268723
3.09615e-10	-0.00268521
3.09686e-10	-0.00268318
3.09757e-10	-0.00268115
3.09828e-10	-0.0026791
3.09898e-10	-0.00267705
3.09969e-10	-0.00267499
3.1004e-10	-0.00267292
3.10111e-10	-0.00267083
3.10181e-10	-0.00266874
3.10252e-10	-0.00266664
3.10323e-10	-0.00266454
3.10394e-10	-0.00266242
3.10464e-10	-0.00266029
3.10535e-10	-0.00265816
3.10606e-10	-0.00265601
3.10676e-10	-0.00265386
3.10747e-10	-0.0026517
3.10818e-10	-0.00264952
3.10889e-10	-0.00264734
3.10959e-10	-0.00264515
3.1103e-10	-0.00264295
3.11101e-10	-0.00264075
3.11172e-10	-0.00263853
3.11242e-10	-0.0026363
3.11313e-10	-0.00263406
3.11384e-10	-0.00263182
3.11454e-10	-0.00262957
3.11525e-10	-0.0026273
3.11596e-10	-0.00262503
3.11667e-10	-0.00262275
3.11737e-10	-0.00262046
3.11808e-10	-0.00261815
3.11879e-10	-0.00261585
3.1195e-10	-0.00261353
3.1202e-10	-0.0026112
3.12091e-10	-0.00260886
3.12162e-10	-0.00260651
3.12232e-10	-0.00260416
3.12303e-10	-0.00260179
3.12374e-10	-0.00259942
3.12445e-10	-0.00259703
3.12515e-10	-0.00259464
3.12586e-10	-0.00259224
3.12657e-10	-0.00258983
3.12728e-10	-0.0025874
3.12798e-10	-0.00258497
3.12869e-10	-0.00258253
3.1294e-10	-0.00258008
3.1301e-10	-0.00257763
3.13081e-10	-0.00257516
3.13152e-10	-0.00257268
3.13223e-10	-0.00257019
3.13293e-10	-0.0025677
3.13364e-10	-0.00256519
3.13435e-10	-0.00256268
3.13506e-10	-0.00256015
3.13576e-10	-0.00255762
3.13647e-10	-0.00255508
3.13718e-10	-0.00255252
3.13788e-10	-0.00254996
3.13859e-10	-0.00254739
3.1393e-10	-0.00254481
3.14001e-10	-0.00254222
3.14071e-10	-0.00253962
3.14142e-10	-0.00253701
3.14213e-10	-0.00253439
3.14284e-10	-0.00253176
3.14354e-10	-0.00252913
3.14425e-10	-0.00252648
3.14496e-10	-0.00252382
3.14567e-10	-0.00252116
3.14637e-10	-0.00251848
3.14708e-10	-0.0025158
3.14779e-10	-0.0025131
3.14849e-10	-0.0025104
3.1492e-10	-0.00250768
3.14991e-10	-0.00250496
3.15062e-10	-0.00250223
3.15132e-10	-0.00249949
3.15203e-10	-0.00249673
3.15274e-10	-0.00249397
3.15345e-10	-0.0024912
3.15415e-10	-0.00248842
3.15486e-10	-0.00248563
3.15557e-10	-0.00248283
3.15627e-10	-0.00248002
3.15698e-10	-0.0024772
3.15769e-10	-0.00247437
3.1584e-10	-0.00247153
3.1591e-10	-0.00246869
3.15981e-10	-0.00246583
3.16052e-10	-0.00246296
3.16123e-10	-0.00246009
3.16193e-10	-0.0024572
3.16264e-10	-0.0024543
3.16335e-10	-0.0024514
3.16405e-10	-0.00244848
3.16476e-10	-0.00244556
3.16547e-10	-0.00244262
3.16618e-10	-0.00243968
3.16688e-10	-0.00243672
3.16759e-10	-0.00243376
3.1683e-10	-0.00243078
3.16901e-10	-0.0024278
3.16971e-10	-0.00242481
3.17042e-10	-0.00242181
3.17113e-10	-0.00241879
3.17183e-10	-0.00241577
3.17254e-10	-0.00241274
3.17325e-10	-0.0024097
3.17396e-10	-0.00240665
3.17466e-10	-0.00240358
3.17537e-10	-0.00240051
3.17608e-10	-0.00239743
3.17679e-10	-0.00239434
3.17749e-10	-0.00239124
3.1782e-10	-0.00238813
3.17891e-10	-0.00238501
3.17961e-10	-0.00238188
3.18032e-10	-0.00237874
3.18103e-10	-0.00237559
3.18174e-10	-0.00237243
3.18244e-10	-0.00236926
3.18315e-10	-0.00236609
3.18386e-10	-0.0023629
3.18457e-10	-0.0023597
3.18527e-10	-0.00235649
3.18598e-10	-0.00235327
3.18669e-10	-0.00235004
3.1874e-10	-0.0023468
3.1881e-10	-0.00234356
3.18881e-10	-0.0023403
3.18952e-10	-0.00233703
3.19022e-10	-0.00233375
3.19093e-10	-0.00233047
3.19164e-10	-0.00232717
3.19235e-10	-0.00232386
3.19305e-10	-0.00232054
3.19376e-10	-0.00231722
3.19447e-10	-0.00231388
3.19518e-10	-0.00231053
3.19588e-10	-0.00230718
3.19659e-10	-0.00230381
3.1973e-10	-0.00230043
3.198e-10	-0.00229704
3.19871e-10	-0.00229365
3.19942e-10	-0.00229024
3.20013e-10	-0.00228682
3.20083e-10	-0.0022834
3.20154e-10	-0.00227996
3.20225e-10	-0.00227651
3.20296e-10	-0.00227306
3.20366e-10	-0.00226959
3.20437e-10	-0.00226611
3.20508e-10	-0.00226263
3.20578e-10	-0.00225913
3.20649e-10	-0.00225562
3.2072e-10	-0.00225211
3.20791e-10	-0.00224858
3.20861e-10	-0.00224504
3.20932e-10	-0.0022415
3.21003e-10	-0.00223794
3.21074e-10	-0.00223437
3.21144e-10	-0.0022308
3.21215e-10	-0.00222721
3.21286e-10	-0.00222361
3.21356e-10	-0.00222
3.21427e-10	-0.00221639
3.21498e-10	-0.00221276
3.21569e-10	-0.00220912
3.21639e-10	-0.00220548
3.2171e-10	-0.00220182
3.21781e-10	-0.00219815
3.21852e-10	-0.00219447
3.21922e-10	-0.00219078
3.21993e-10	-0.00218709
3.22064e-10	-0.00218338
3.22134e-10	-0.00217966
3.22205e-10	-0.00217593
3.22276e-10	-0.00217219
3.22347e-10	-0.00216844
3.22417e-10	-0.00216468
3.22488e-10	-0.00216091
3.22559e-10	-0.00215714
3.2263e-10	-0.00215335
3.227e-10	-0.00214955
3.22771e-10	-0.00214574
3.22842e-10	-0.00214192
3.22913e-10	-0.00213809
3.22983e-10	-0.00213425
3.23054e-10	-0.0021304
3.23125e-10	-0.00212654
3.23195e-10	-0.00212266
3.23266e-10	-0.00211878
3.23337e-10	-0.00211489
3.23408e-10	-0.00211099
3.23478e-10	-0.00210708
3.23549e-10	-0.00210316
3.2362e-10	-0.00209922
3.23691e-10	-0.00209528
3.23761e-10	-0.00209133
3.23832e-10	-0.00208737
3.23903e-10	-0.00208339
3.23973e-10	-0.00207941
3.24044e-10	-0.00207542
3.24115e-10	-0.00207141
3.24186e-10	-0.0020674
3.24256e-10	-0.00206337
3.24327e-10	-0.00205934
3.24398e-10	-0.00205529
3.24469e-10	-0.00205124
3.24539e-10	-0.00204717
3.2461e-10	-0.0020431
3.24681e-10	-0.00203901
3.24751e-10	-0.00203491
3.24822e-10	-0.00203081
3.24893e-10	-0.00202669
3.24964e-10	-0.00202256
3.25034e-10	-0.00201842
3.25105e-10	-0.00201428
3.25176e-10	-0.00201012
3.25247e-10	-0.00200595
3.25317e-10	-0.00200177
3.25388e-10	-0.00199758
3.25459e-10	-0.00199338
3.25529e-10	-0.00198917
3.256e-10	-0.00198495
3.25671e-10	-0.00198072
3.25742e-10	-0.00197648
3.25812e-10	-0.00197223
3.25883e-10	-0.00196796
3.25954e-10	-0.00196369
3.26025e-10	-0.00195941
3.26095e-10	-0.00195512
3.26166e-10	-0.00195081
3.26237e-10	-0.0019465
3.26307e-10	-0.00194218
3.26378e-10	-0.00193784
3.26449e-10	-0.0019335
3.2652e-10	-0.00192914
3.2659e-10	-0.00192477
3.26661e-10	-0.0019204
3.26732e-10	-0.00191601
3.26803e-10	-0.00191161
3.26873e-10	-0.00190721
3.26944e-10	-0.00190279
3.27015e-10	-0.00189836
3.27086e-10	-0.00189392
3.27156e-10	-0.00188947
3.27227e-10	-0.00188501
3.27298e-10	-0.00188054
3.27368e-10	-0.00187606
3.27439e-10	-0.00187157
3.2751e-10	-0.00186707
3.27581e-10	-0.00186256
3.27651e-10	-0.00185804
3.27722e-10	-0.0018535
3.27793e-10	-0.00184896
3.27864e-10	-0.00184441
3.27934e-10	-0.00183984
3.28005e-10	-0.00183527
3.28076e-10	-0.00183068
3.28146e-10	-0.00182609
3.28217e-10	-0.00182148
3.28288e-10	-0.00181686
3.28359e-10	-0.00181224
3.28429e-10	-0.0018076
3.285e-10	-0.00180295
3.28571e-10	-0.00179829
3.28642e-10	-0.00179362
3.28712e-10	-0.00178894
3.28783e-10	-0.00178425
3.28854e-10	-0.00177955
3.28924e-10	-0.00177484
3.28995e-10	-0.00177012
3.29066e-10	-0.00176539
3.29137e-10	-0.00176064
3.29207e-10	-0.00175589
3.29278e-10	-0.00175113
3.29349e-10	-0.00174635
3.2942e-10	-0.00174157
3.2949e-10	-0.00173677
3.29561e-10	-0.00173197
3.29632e-10	-0.00172715
3.29702e-10	-0.00172232
3.29773e-10	-0.00171749
3.29844e-10	-0.00171264
3.29915e-10	-0.00170778
3.29985e-10	-0.00170291
3.30056e-10	-0.00169803
3.30127e-10	-0.00169314
3.30198e-10	-0.00168824
3.30268e-10	-0.00168333
3.30339e-10	-0.0016784
3.3041e-10	-0.00167347
3.30481e-10	-0.00166853
3.30551e-10	-0.00166357
3.30622e-10	-0.00165861
3.30693e-10	-0.00165363
3.30763e-10	-0.00164865
3.30834e-10	-0.00164365
3.30905e-10	-0.00163864
3.30976e-10	-0.00163363
3.31046e-10	-0.0016286
3.31117e-10	-0.00162356
3.31188e-10	-0.00161851
3.31259e-10	-0.00161345
3.31329e-10	-0.00160838
3.314e-10	-0.0016033
3.31471e-10	-0.00159821
3.31541e-10	-0.0015931
3.31612e-10	-0.00158799
3.31683e-10	-0.00158287
3.31754e-10	-0.00157773
3.31824e-10	-0.00157259
3.31895e-10	-0.00156743
3.31966e-10	-0.00156227
3.32037e-10	-0.00155709
3.32107e-10	-0.0015519
3.32178e-10	-0.0015467
3.32249e-10	-0.00154149
3.32319e-10	-0.00153628
3.3239e-10	-0.00153105
3.32461e-10	-0.0015258
3.32532e-10	-0.00152055
3.32602e-10	-0.00151529
3.32673e-10	-0.00151002
3.32744e-10	-0.00150473
3.32815e-10	-0.00149944
3.32885e-10	-0.00149414
3.32956e-10	-0.00148882
3.33027e-10	-0.00148349
3.33097e-10	-0.00147816
3.33168e-10	-0.00147281
3.33239e-10	-0.00146745
3.3331e-10	-0.00146208
3.3338e-10	-0.00145671
3.33451e-10	-0.00145132
3.33522e-10	-0.00144591
3.33593e-10	-0.0014405
3.33663e-10	-0.00143508
3.33734e-10	-0.00142965
3.33805e-10	-0.0014242
3.33875e-10	-0.00141875
3.33946e-10	-0.00141329
3.34017e-10	-0.00140781
3.34088e-10	-0.00140232
3.34158e-10	-0.00139683
3.34229e-10	-0.00139132
3.343e-10	-0.0013858
3.34371e-10	-0.00138027
3.34441e-10	-0.00137473
3.34512e-10	-0.00136918
3.34583e-10	-0.00136362
3.34654e-10	-0.00135805
3.34724e-10	-0.00135247
3.34795e-10	-0.00134687
3.34866e-10	-0.00134127
3.34936e-10	-0.00133566
3.35007e-10	-0.00133003
3.35078e-10	-0.00132439
3.35149e-10	-0.00131875
3.35219e-10	-0.00131309
3.3529e-10	-0.00130742
3.35361e-10	-0.00130174
3.35432e-10	-0.00129605
3.35502e-10	-0.00129035
3.35573e-10	-0.00128464
3.35644e-10	-0.00127892
3.35714e-10	-0.00127319
3.35785e-10	-0.00126745
3.35856e-10	-0.00126169
3.35927e-10	-0.00125593
3.35997e-10	-0.00125015
3.36068e-10	-0.00124437
3.36139e-10	-0.00123857
3.3621e-10	-0.00123276
3.3628e-10	-0.00122694
3.36351e-10	-0.00122112
3.36422e-10	-0.00121528
3.36492e-10	-0.00120943
3.36563e-10	-0.00120356
3.36634e-10	-0.00119769
3.36705e-10	-0.00119181
3.36775e-10	-0.00118592
3.36846e-10	-0.00118001
3.36917e-10	-0.0011741
3.36988e-10	-0.00116817
3.37058e-10	-0.00116224
3.37129e-10	-0.00115629
3.372e-10	-0.00115033
3.3727e-10	-0.00114436
3.37341e-10	-0.00113839
3.37412e-10	-0.0011324
3.37483e-10	-0.0011264
3.37553e-10	-0.00112038
3.37624e-10	-0.00111436
3.37695e-10	-0.00110833
3.37766e-10	-0.00110229
3.37836e-10	-0.00109623
3.37907e-10	-0.00109017
3.37978e-10	-0.00108409
3.38048e-10	-0.001078
3.38119e-10	-0.00107191
3.3819e-10	-0.0010658
3.38261e-10	-0.00105968
3.38331e-10	-0.00105355
3.38402e-10	-0.00104741
3.38473e-10	-0.00104126
3.38544e-10	-0.0010351
3.38614e-10	-0.00102893
3.38685e-10	-0.00102274
3.38756e-10	-0.00101655
3.38827e-10	-0.00101035
3.38897e-10	-0.00100413
3.38968e-10	-0.000997905
3.39039e-10	-0.000991669
3.39109e-10	-0.000985421
3.3918e-10	-0.000979163
3.39251e-10	-0.000972894
3.39322e-10	-0.000966615
3.39392e-10	-0.000960324
3.39463e-10	-0.000954023
3.39534e-10	-0.000947712
3.39605e-10	-0.000941389
3.39675e-10	-0.000935056
3.39746e-10	-0.000928712
3.39817e-10	-0.000922357
3.39887e-10	-0.000915992
3.39958e-10	-0.000909616
3.40029e-10	-0.000903229
3.401e-10	-0.000896831
3.4017e-10	-0.000890423
3.40241e-10	-0.000884004
3.40312e-10	-0.000877574
3.40383e-10	-0.000871134
3.40453e-10	-0.000864683
3.40524e-10	-0.000858221
3.40595e-10	-0.000851748
3.40665e-10	-0.000845265
3.40736e-10	-0.000838771
3.40807e-10	-0.000832266
3.40878e-10	-0.00082575
3.40948e-10	-0.000819224
3.41019e-10	-0.000812687
3.4109e-10	-0.00080614
3.41161e-10	-0.000799581
3.41231e-10	-0.000793012
3.41302e-10	-0.000786432
3.41373e-10	-0.000779842
3.41443e-10	-0.000773241
3.41514e-10	-0.000766629
3.41585e-10	-0.000760006
3.41656e-10	-0.000753373
3.41726e-10	-0.000746729
3.41797e-10	-0.000740074
3.41868e-10	-0.000733409
3.41939e-10	-0.000726732
3.42009e-10	-0.000720046
3.4208e-10	-0.000713348
3.42151e-10	-0.00070664
3.42221e-10	-0.000699921
3.42292e-10	-0.000693191
3.42363e-10	-0.000686451
3.42434e-10	-0.0006797
3.42504e-10	-0.000672938
3.42575e-10	-0.000666166
3.42646e-10	-0.000659383
3.42717e-10	-0.000652589
3.42787e-10	-0.000645785
3.42858e-10	-0.00063897
3.42929e-10	-0.000632144
3.43e-10	-0.000625308
3.4307e-10	-0.000618461
3.43141e-10	-0.000611603
3.43212e-10	-0.000604734
3.43282e-10	-0.000597855
3.43353e-10	-0.000590965
3.43424e-10	-0.000584065
3.43495e-10	-0.000577154
3.43565e-10	-0.000570232
3.43636e-10	-0.0005633
3.43707e-10	-0.000556356
3.43778e-10	-0.000549403
3.43848e-10	-0.000542438
3.43919e-10	-0.000535463
3.4399e-10	-0.000528478
3.4406e-10	-0.000521481
3.44131e-10	-0.000514474
3.44202e-10	-0.000507457
3.44273e-10	-0.000500428
3.44343e-10	-0.000493389
3.44414e-10	-0.00048634
3.44485e-10	-0.00047928
3.44556e-10	-0.000472209
3.44626e-10	-0.000465127
3.44697e-10	-0.000458035
3.44768e-10	-0.000450933
3.44838e-10	-0.000443819
3.44909e-10	-0.000436695
3.4498e-10	-0.000429561
3.45051e-10	-0.000422416
3.45121e-10	-0.00041526
3.45192e-10	-0.000408094
3.45263e-10	-0.000400917
3.45334e-10	-0.000393729
3.45404e-10	-0.000386531
3.45475e-10	-0.000379322
3.45546e-10	-0.000372103
3.45616e-10	-0.000364873
3.45687e-10	-0.000357632
3.45758e-10	-0.000350381
3.45829e-10	-0.000343119
3.45899e-10	-0.000335847
3.4597e-10	-0.000328564
3.46041e-10	-0.000321271
3.46112e-10	-0.000313967
3.46182e-10	-0.000306652
3.46253e-10	-0.000299327
3.46324e-10	-0.000291991
3.46394e-10	-0.000284645
3.46465e-10	-0.000277288
3.46536e-10	-0.000269921
3.46607e-10	-0.000262543
3.46677e-10	-0.000255154
3.46748e-10	-0.000247755
3.46819e-10	-0.000240346
3.4689e-10	-0.000232925
3.4696e-10	-0.000225495
3.47031e-10	-0.000218054
3.47102e-10	-0.000210602
3.47173e-10	-0.00020314
3.47243e-10	-0.000195667
3.47314e-10	-0.000188184
3.47385e-10	-0.00018069
3.47455e-10	-0.000173186
3.47526e-10	-0.000165671
3.47597e-10	-0.000158146
3.47668e-10	-0.00015061
3.47738e-10	-0.000143064
3.47809e-10	-0.000135507
3.4788e-10	-0.00012794
3.47951e-10	-0.000120362
3.48021e-10	-0.000112774
3.48092e-10	-0.000105175
3.48163e-10	-9.75659e-05
3.48233e-10	-8.99463e-05
3.48304e-10	-8.23162e-05
3.48375e-10	-7.46757e-05
3.48446e-10	-6.70247e-05
3.48516e-10	-5.93632e-05
3.48587e-10	-5.16913e-05
3.48658e-10	-4.4009e-05
3.48729e-10	-3.63162e-05
3.48799e-10	-2.8613e-05
3.4887e-10	-2.08994e-05
3.48941e-10	-1.31753e-05
3.49011e-10	-5.44082e-06
3.49082e-10	2.30409e-06
3.49153e-10	1.00594e-05
3.49224e-10	1.78251e-05
3.49294e-10	2.56013e-05
3.49365e-10	3.33878e-05
3.49436e-10	4.11848e-05
3.49507e-10	4.89921e-05
3.49577e-10	5.68098e-05
3.49648e-10	6.46379e-05
3.49719e-10	7.24764e-05
3.49789e-10	8.03252e-05
3.4986e-10	8.81845e-05
3.49931e-10	9.6054e-05
3.50002e-10	0.000103934
3.50072e-10	0.000111824
3.50143e-10	0.000119725
3.50214e-10	0.000127636
3.50285e-10	0.000135557
3.50355e-10	0.000143489
3.50426e-10	0.000151431
3.50497e-10	0.000159383
3.50567e-10	0.000167346
3.50638e-10	0.000175319
3.50709e-10	0.000183302
3.5078e-10	0.000191296
3.5085e-10	0.0001993
3.50921e-10	0.000207314
3.50992e-10	0.000215338
3.51063e-10	0.000223373
3.51133e-10	0.000231418
3.51204e-10	0.000239474
3.51275e-10	0.000247539
3.51346e-10	0.000255615
3.51416e-10	0.000263701
3.51487e-10	0.000271798
3.51558e-10	0.000279904
3.51628e-10	0.000288021
3.51699e-10	0.000296148
3.5177e-10	0.000304286
3.51841e-10	0.000312433
3.51911e-10	0.000320591
3.51982e-10	0.000328759
3.52053e-10	0.000336937
3.52124e-10	0.000345126
3.52194e-10	0.000353324
3.52265e-10	0.000361533
3.52336e-10	0.000369752
3.52406e-10	0.000377981
3.52477e-10	0.000386221
3.52548e-10	0.00039447
3.52619e-10	0.00040273
3.52689e-10	0.000411
3.5276e-10	0.00041928
3.52831e-10	0.00042757
3.52902e-10	0.00043587
3.52972e-10	0.000444181
3.53043e-10	0.000452501
3.53114e-10	0.000460832
3.53184e-10	0.000469173
3.53255e-10	0.000477524
3.53326e-10	0.000485885
3.53397e-10	0.000494256
3.53467e-10	0.000502637
3.53538e-10	0.000511029
3.53609e-10	0.00051943
3.5368e-10	0.000527842
3.5375e-10	0.000536263
3.53821e-10	0.000544695
3.53892e-10	0.000553137
3.53962e-10	0.000561588
3.54033e-10	0.00057005
3.54104e-10	0.000578522
3.54175e-10	0.000587004
3.54245e-10	0.000595496
3.54316e-10	0.000603998
3.54387e-10	0.00061251
3.54458e-10	0.000621032
3.54528e-10	0.000629563
3.54599e-10	0.000638105
3.5467e-10	0.000646657
3.5474e-10	0.000655219
3.54811e-10	0.000663791
3.54882e-10	0.000672373
3.54953e-10	0.000680964
3.55023e-10	0.000689566
3.55094e-10	0.000698178
3.55165e-10	0.000706799
3.55236e-10	0.000715431
3.55306e-10	0.000724072
3.55377e-10	0.000732724
3.55448e-10	0.000741385
3.55519e-10	0.000750056
3.55589e-10	0.000758737
3.5566e-10	0.000767428
3.55731e-10	0.000776129
3.55801e-10	0.00078484
3.55872e-10	0.00079356
3.55943e-10	0.000802291
3.56014e-10	0.000811031
3.56084e-10	0.000819781
3.56155e-10	0.000828541
3.56226e-10	0.000837311
3.56297e-10	0.00084609
3.56367e-10	0.00085488
3.56438e-10	0.000863679
3.56509e-10	0.000872488
3.56579e-10	0.000881307
3.5665e-10	0.000890135
3.56721e-10	0.000898974
3.56792e-10	0.000907822
3.56862e-10	0.00091668
3.56933e-10	0.000925547
3.57004e-10	0.000934425
3.57075e-10	0.000943312
3.57145e-10	0.000952209
3.57216e-10	0.000961115
3.57287e-10	0.000970031
3.57357e-10	0.000978957
3.57428e-10	0.000987893
3.57499e-10	0.000996838
3.5757e-10	0.00100579
3.5764e-10	0.00101476
3.57711e-10	0.00102373
3.57782e-10	0.00103272
3.57853e-10	0.00104171
3.57923e-10	0.00105071
3.57994e-10	0.00105973
3.58065e-10	0.00106875
3.58135e-10	0.00107778
3.58206e-10	0.00108682
3.58277e-10	0.00109587
3.58348e-10	0.00110494
3.58418e-10	0.00111401
3.58489e-10	0.00112309
3.5856e-10	0.00113218
3.58631e-10	0.00114128
3.58701e-10	0.00115038
3.58772e-10	0.0011595
3.58843e-10	0.00116863
3.58913e-10	0.00117777
3.58984e-10	0.00118691
3.59055e-10	0.00119607
3.59126e-10	0.00120524
3.59196e-10	0.00121441
3.59267e-10	0.0012236
3.59338e-10	0.00123279
3.59409e-10	0.001242
3.59479e-10	0.00125121
3.5955e-10	0.00126043
3.59621e-10	0.00126966
3.59692e-10	0.0012789
3.59762e-10	0.00128816
3.59833e-10	0.00129742
3.59904e-10	0.00130669
3.59974e-10	0.00131596
3.60045e-10	0.00132525
3.60116e-10	0.00133455
3.60187e-10	0.00134386
3.60257e-10	0.00135317
3.60328e-10	0.0013625
3.60399e-10	0.00137184
3.6047e-10	0.00138118
3.6054e-10	0.00139053
3.60611e-10	0.0013999
3.60682e-10	0.00140927
3.60752e-10	0.00141865
3.60823e-10	0.00142804
3.60894e-10	0.00143744
3.60965e-10	0.00144685
3.61035e-10	0.00145627
3.61106e-10	0.0014657
3.61177e-10	0.00147514
3.61248e-10	0.00148458
3.61318e-10	0.00149404
3.61389e-10	0.0015035
3.6146e-10	0.00151298
3.6153e-10	0.00152246
3.61601e-10	0.00153195
3.61672e-10	0.00154145
3.61743e-10	0.00155097
3.61813e-10	0.00156048
3.61884e-10	0.00157001
3.61955e-10	0.00157955
3.62026e-10	0.0015891
3.62096e-10	0.00159866
3.62167e-10	0.00160822
3.62238e-10	0.00161779
3.62308e-10	0.00162738
3.62379e-10	0.00163697
3.6245e-10	0.00164657
3.62521e-10	0.00165618
3.62591e-10	0.0016658
3.62662e-10	0.00167543
3.62733e-10	0.00168507
3.62804e-10	0.00169472
3.62874e-10	0.00170437
3.62945e-10	0.00171404
3.63016e-10	0.00172371
3.63086e-10	0.00173339
3.63157e-10	0.00174308
3.63228e-10	0.00175278
3.63299e-10	0.00176249
3.63369e-10	0.00177221
3.6344e-10	0.00178194
3.63511e-10	0.00179167
3.63582e-10	0.00180142
3.63652e-10	0.00181117
3.63723e-10	0.00182093
3.63794e-10	0.0018307
3.63865e-10	0.00184049
3.63935e-10	0.00185027
3.64006e-10	0.00186007
3.64077e-10	0.00186988
3.64147e-10	0.00187969
3.64218e-10	0.00188952
3.64289e-10	0.00189935
3.6436e-10	0.00190919
3.6443e-10	0.00191904
3.64501e-10	0.0019289
3.64572e-10	0.00193877
3.64643e-10	0.00194865
3.64713e-10	0.00195853
3.64784e-10	0.00196842
3.64855e-10	0.00197833
3.64925e-10	0.00198824
3.64996e-10	0.00199816
3.65067e-10	0.00200809
3.65138e-10	0.00201802
3.65208e-10	0.00202797
3.65279e-10	0.00203792
3.6535e-10	0.00204789
3.65421e-10	0.00205786
3.65491e-10	0.00206784
3.65562e-10	0.00207783
3.65633e-10	0.00208782
3.65703e-10	0.00209783
3.65774e-10	0.00210784
3.65845e-10	0.00211786
3.65916e-10	0.0021279
3.65986e-10	0.00213793
3.66057e-10	0.00214798
3.66128e-10	0.00215804
3.66199e-10	0.0021681
3.66269e-10	0.00217818
3.6634e-10	0.00218826
3.66411e-10	0.00219835
3.66481e-10	0.00220845
3.66552e-10	0.00221855
3.66623e-10	0.00222867
3.66694e-10	0.00223879
3.66764e-10	0.00224892
3.66835e-10	0.00225906
3.66906e-10	0.00226921
3.66977e-10	0.00227937
3.67047e-10	0.00228954
3.67118e-10	0.00229971
3.67189e-10	0.00230989
3.67259e-10	0.00232008
3.6733e-10	0.00233028
3.67401e-10	0.00234048
3.67472e-10	0.0023507
3.67542e-10	0.00236092
3.67613e-10	0.00237115
3.67684e-10	0.00238139
3.67755e-10	0.00239164
3.67825e-10	0.00240189
3.67896e-10	0.00241216
3.67967e-10	0.00242243
3.68038e-10	0.00243271
3.68108e-10	0.002443
3.68179e-10	0.00245329
3.6825e-10	0.0024636
3.6832e-10	0.00247391
3.68391e-10	0.00248423
3.68462e-10	0.00249456
3.68533e-10	0.00250489
3.68603e-10	0.00251524
3.68674e-10	0.00252559
3.68745e-10	0.00253595
3.68816e-10	0.00254632
3.68886e-10	0.00255669
3.68957e-10	0.00256708
3.69028e-10	0.00257747
3.69098e-10	0.00258787
3.69169e-10	0.00259828
3.6924e-10	0.00260869
3.69311e-10	0.00261912
3.69381e-10	0.00262955
3.69452e-10	0.00263999
3.69523e-10	0.00265043
3.69594e-10	0.00266089
3.69664e-10	0.00267135
3.69735e-10	0.00268182
3.69806e-10	0.0026923
3.69876e-10	0.00270278
3.69947e-10	0.00271328
3.70018e-10	0.00272378
3.70089e-10	0.00273429
3.70159e-10	0.0027448
3.7023e-10	0.00275533
3.70301e-10	0.00276586
3.70372e-10	0.0027764
3.70442e-10	0.00278695
3.70513e-10	0.0027975
3.70584e-10	0.00280807
3.70654e-10	0.00281864
3.70725e-10	0.00282921
3.70796e-10	0.0028398
3.70867e-10	0.00285039
3.70937e-10	0.00286099
3.71008e-10	0.0028716
3.71079e-10	0.00288221
3.7115e-10	0.00289284
3.7122e-10	0.00290347
3.71291e-10	0.0029141
3.71362e-10	0.00292475
3.71432e-10	0.0029354
3.71503e-10	0.00294606
3.71574e-10	0.00295673
3.71645e-10	0.0029674
3.71715e-10	0.00297809
3.71786e-10	0.00298878
3.71857e-10	0.00299947
3.71928e-10	0.00301018
3.71998e-10	0.00302089
3.72069e-10	0.00303161
3.7214e-10	0.00304233
3.72211e-10	0.00305307
3.72281e-10	0.00306381
3.72352e-10	0.00307455
3.72423e-10	0.00308531
3.72493e-10	0.00309607
3.72564e-10	0.00310684
3.72635e-10	0.00311762
3.72706e-10	0.0031284
3.72776e-10	0.00313919
3.72847e-10	0.00314999
3.72918e-10	0.00316079
3.72989e-10	0.00317161
3.73059e-10	0.00318243
3.7313e-10	0.00319325
3.73201e-10	0.00320408
3.73271e-10	0.00321493
3.73342e-10	0.00322577
3.73413e-10	0.00323663
3.73484e-10	0.00324749
3.73554e-10	0.00325836
3.73625e-10	0.00326923
3.73696e-10	0.00328011
3.73767e-10	0.003291
3.73837e-10	0.0033019
3.73908e-10	0.0033128
3.73979e-10	0.00332371
3.74049e-10	0.00333463
3.7412e-10	0.00334555
3.74191e-10	0.00335648
3.74262e-10	0.00336742
3.74332e-10	0.00337836
3.74403e-10	0.00338931
3.74474e-10	0.00340027
3.74545e-10	0.00341123
3.74615e-10	0.0034222
3.74686e-10	0.00343318
3.74757e-10	0.00344416
3.74827e-10	0.00345516
3.74898e-10	0.00346615
3.74969e-10	0.00347716
3.7504e-10	0.00348817
3.7511e-10	0.00349918
3.75181e-10	0.00351021
3.75252e-10	0.00352124
3.75323e-10	0.00353228
3.75393e-10	0.00354332
3.75464e-10	0.00355437
3.75535e-10	0.00356543
3.75606e-10	0.00357649
3.75676e-10	0.00358756
3.75747e-10	0.00359863
3.75818e-10	0.00360972
3.75888e-10	0.0036208
3.75959e-10	0.0036319
3.7603e-10	0.003643
3.76101e-10	0.00365411
3.76171e-10	0.00366522
3.76242e-10	0.00367634
3.76313e-10	0.00368747
3.76384e-10	0.0036986
3.76454e-10	0.00370974
3.76525e-10	0.00372089
3.76596e-10	0.00373204
3.76666e-10	0.0037432
3.76737e-10	0.00375436
3.76808e-10	0.00376553
3.76879e-10	0.00377671
3.76949e-10	0.00378789
3.7702e-10	0.00379908
3.77091e-10	0.00381028
3.77162e-10	0.00382148
3.77232e-10	0.00383268
3.77303e-10	0.0038439
3.77374e-10	0.00385512
3.77444e-10	0.00386634
3.77515e-10	0.00387757
3.77586e-10	0.00388881
3.77657e-10	0.00390005
3.77727e-10	0.0039113
3.77798e-10	0.00392256
3.77869e-10	0.00393382
3.7794e-10	0.00394508
3.7801e-10	0.00395636
3.78081e-10	0.00396764
3.78152e-10	0.00397892
3.78222e-10	0.00399021
3.78293e-10	0.00400151
3.78364e-10	0.00401281
3.78435e-10	0.00402412
3.78505e-10	0.00403543
3.78576e-10	0.00404675
3.78647e-10	0.00405807
3.78718e-10	0.0040694
3.78788e-10	0.00408074
3.78859e-10	0.00409208
3.7893e-10	0.00410343
3.79e-10	0.00411478
3.79071e-10	0.00412614
3.79142e-10	0.0041375
3.79213e-10	0.00414887
3.79283e-10	0.00416025
3.79354e-10	0.00417163
3.79425e-10	0.00418302
3.79496e-10	0.00419441
3.79566e-10	0.0042058
3.79637e-10	0.00421721
3.79708e-10	0.00422862
3.79779e-10	0.00424003
3.79849e-10	0.00425145
3.7992e-10	0.00426287
3.79991e-10	0.0042743
3.80061e-10	0.00428574
3.80132e-10	0.00429718
3.80203e-10	0.00430862
3.80274e-10	0.00432007
3.80344e-10	0.00433153
3.80415e-10	0.00434299
3.80486e-10	0.00435446
3.80557e-10	0.00436593
3.80627e-10	0.0043774
3.80698e-10	0.00438889
3.80769e-10	0.00440037
3.80839e-10	0.00441187
3.8091e-10	0.00442336
3.80981e-10	0.00443486
3.81052e-10	0.00444637
3.81122e-10	0.00445788
3.81193e-10	0.0044694
3.81264e-10	0.00448092
3.81335e-10	0.00449245
3.81405e-10	0.00450398
3.81476e-10	0.00451552
3.81547e-10	0.00452706
3.81617e-10	0.00453861
3.81688e-10	0.00455016
3.81759e-10	0.00456172
3.8183e-10	0.00457328
3.819e-10	0.00458485
3.81971e-10	0.00459642
3.82042e-10	0.00460799
3.82113e-10	0.00461957
3.82183e-10	0.00463116
3.82254e-10	0.00464275
3.82325e-10	0.00465434
3.82395e-10	0.00466594
3.82466e-10	0.00467755
3.82537e-10	0.00468916
3.82608e-10	0.00470077
3.82678e-10	0.00471239
3.82749e-10	0.00472401
3.8282e-10	0.00473564
3.82891e-10	0.00474727
3.82961e-10	0.0047589
3.83032e-10	0.00477054
3.83103e-10	0.00478219
3.83173e-10	0.00479384
3.83244e-10	0.00480549
3.83315e-10	0.00481715
3.83386e-10	0.00482881
3.83456e-10	0.00484048
3.83527e-10	0.00485215
3.83598e-10	0.00486382
3.83669e-10	0.0048755
3.83739e-10	0.00488719
3.8381e-10	0.00489888
3.83881e-10	0.00491057
3.83952e-10	0.00492227
3.84022e-10	0.00493397
3.84093e-10	0.00494567
3.84164e-10	0.00495738
3.84234e-10	0.00496909
3.84305e-10	0.00498081
3.84376e-10	0.00499253
3.84447e-10	0.00500426
3.84517e-10	0.00501599
3.84588e-10	0.00502772
3.84659e-10	0.00503946
3.8473e-10	0.0050512
3.848e-10	0.00506294
3.84871e-10	0.00507469
3.84942e-10	0.00508645
3.85012e-10	0.0050982
3.85083e-10	0.00510996
3.85154e-10	0.00512173
3.85225e-10	0.0051335
3.85295e-10	0.00514527
3.85366e-10	0.00515704
3.85437e-10	0.00516882
3.85508e-10	0.00518061
3.85578e-10	0.00519239
3.85649e-10	0.00520418
3.8572e-10	0.00521598
3.8579e-10	0.00522778
3.85861e-10	0.00523958
3.85932e-10	0.00525138
3.86003e-10	0.00526319
3.86073e-10	0.005275
3.86144e-10	0.00528682
3.86215e-10	0.00529864
3.86286e-10	0.00531046
3.86356e-10	0.00532229
3.86427e-10	0.00533412
3.86498e-10	0.00534595
3.86568e-10	0.00535779
3.86639e-10	0.00536963
3.8671e-10	0.00538147
3.86781e-10	0.00539332
3.86851e-10	0.00540516
3.86922e-10	0.00541702
3.86993e-10	0.00542887
3.87064e-10	0.00544073
3.87134e-10	0.0054526
3.87205e-10	0.00546446
3.87276e-10	0.00547633
3.87346e-10	0.0054882
3.87417e-10	0.00550008
3.87488e-10	0.00551195
3.87559e-10	0.00552384
3.87629e-10	0.00553572
3.877e-10	0.00554761
3.87771e-10	0.0055595
3.87842e-10	0.00557139
3.87912e-10	0.00558329
3.87983e-10	0.00559518
3.88054e-10	0.00560709
3.88125e-10	0.00561899
3.88195e-10	0.0056309
3.88266e-10	0.00564281
3.88337e-10	0.00565472
3.88407e-10	0.00566664
3.88478e-10	0.00567856
3.88549e-10	0.00569048
3.8862e-10	0.0057024
3.8869e-10	0.00571433
3.88761e-10	0.00572626
3.88832e-10	0.00573819
3.88903e-10	0.00575012
3.88973e-10	0.00576206
3.89044e-10	0.005774
3.89115e-10	0.00578594
3.89185e-10	0.00579789
3.89256e-10	0.00580983
3.89327e-10	0.00582178
3.89398e-10	0.00583374
3.89468e-10	0.00584569
3.89539e-10	0.00585765
3.8961e-10	0.00586961
3.89681e-10	0.00588157
3.89751e-10	0.00589353
3.89822e-10	0.0059055
3.89893e-10	0.00591747
3.89963e-10	0.00592944
3.90034e-10	0.00594141
3.90105e-10	0.00595338
3.90176e-10	0.00596536
3.90246e-10	0.00597734
3.90317e-10	0.00598932
3.90388e-10	0.00600131
3.90459e-10	0.00601329
3.90529e-10	0.00602528
3.906e-10	0.00603727
3.90671e-10	0.00604926
3.90741e-10	0.00606125
3.90812e-10	0.00607325
3.90883e-10	0.00608525
3.90954e-10	0.00609724
3.91024e-10	0.00610925
3.91095e-10	0.00612125
3.91166e-10	0.00613325
3.91237e-10	0.00614526
3.91307e-10	0.00615727
3.91378e-10	0.00616928
3.91449e-10	0.00618129
3.91519e-10	0.0061933
3.9159e-10	0.00620532
3.91661e-10	0.00621733
3.91732e-10	0.00622935
3.91802e-10	0.00624137
3.91873e-10	0.00625339
3.91944e-10	0.00626542
3.92015e-10	0.00627744
3.92085e-10	0.00628947
3.92156e-10	0.00630149
3.92227e-10	0.00631352
3.92298e-10	0.00632555
3.92368e-10	0.00633758
3.92439e-10	0.00634962
3.9251e-10	0.00636165
3.9258e-10	0.00637369
3.92651e-10	0.00638572
3.92722e-10	0.00639776
3.92793e-10	0.0064098
3.92863e-10	0.00642184
3.92934e-10	0.00643388
3.93005e-10	0.00644593
3.93076e-10	0.00645797
3.93146e-10	0.00647001
3.93217e-10	0.00648206
3.93288e-10	0.00649411
3.93358e-10	0.00650616
3.93429e-10	0.0065182
3.935e-10	0.00653025
3.93571e-10	0.00654231
3.93641e-10	0.00655436
3.93712e-10	0.00656641
3.93783e-10	0.00657846
3.93854e-10	0.00659052
3.93924e-10	0.00660257
3.93995e-10	0.00661463
3.94066e-10	0.00662669
3.94136e-10	0.00663874
3.94207e-10	0.0066508
3.94278e-10	0.00666286
3.94349e-10	0.00667492
3.94419e-10	0.00668698
3.9449e-10	0.00669904
3.94561e-10	0.0067111
3.94632e-10	0.00672316
3.94702e-10	0.00673522
3.94773e-10	0.00674729
3.94844e-10	0.00675935
3.94914e-10	0.00677141
3.94985e-10	0.00678348
3.95056e-10	0.00679554
3.95127e-10	0.00680761
3.95197e-10	0.00681967
3.95268e-10	0.00683174
3.95339e-10	0.0068438
3.9541e-10	0.00685587
3.9548e-10	0.00686793
3.95551e-10	0.00688
3.95622e-10	0.00689207
3.95692e-10	0.00690413
3.95763e-10	0.0069162
3.95834e-10	0.00692826
3.95905e-10	0.00694033
3.95975e-10	0.0069524
3.96046e-10	0.00696446
3.96117e-10	0.00697653
3.96188e-10	0.0069886
3.96258e-10	0.00700066
3.96329e-10	0.00701273
3.964e-10	0.00702479
3.96471e-10	0.00703686
3.96541e-10	0.00704893
3.96612e-10	0.00706099
3.96683e-10	0.00707306
3.96753e-10	0.00708512
3.96824e-10	0.00709719
3.96895e-10	0.00710925
3.96966e-10	0.00712131
3.97036e-10	0.00713338
3.97107e-10	0.00714544
3.97178e-10	0.0071575
3.97249e-10	0.00716956
3.97319e-10	0.00718163
3.9739e-10	0.00719369
3.97461e-10	0.00720575
3.97531e-10	0.00721781
3.97602e-10	0.00722987
3.97673e-10	0.00724192
3.97744e-10	0.00725398
3.97814e-10	0.00726604
3.97885e-10	0.00727809
3.97956e-10	0.00729015
3.98027e-10	0.0073022
3.98097e-10	0.00731426
3.98168e-10	0.00732631
3.98239e-10	0.00733836
3.98309e-10	0.00735041
3.9838e-10	0.00736246
3.98451e-10	0.00737451
3.98522e-10	0.00738656
3.98592e-10	0.00739861
3.98663e-10	0.00741065
3.98734e-10	0.0074227
3.98805e-10	0.00743474
3.98875e-10	0.00744679
3.98946e-10	0.00745883
3.99017e-10	0.00747087
3.99087e-10	0.00748291
3.99158e-10	0.00749495
3.99229e-10	0.00750698
3.993e-10	0.00751902
3.9937e-10	0.00753105
3.99441e-10	0.00754308
3.99512e-10	0.00755511
3.99583e-10	0.00756714
3.99653e-10	0.00757917
3.99724e-10	0.0075912
3.99795e-10	0.00760322
3.99865e-10	0.00761525
3.99936e-10	0.00762727
4.00007e-10	0.00763929
4.00078e-10	0.00765131
4.00148e-10	0.00766332
4.00219e-10	0.00767534
4.0029e-10	0.00768735
4.00361e-10	0.00769937
4.00431e-10	0.00771138
4.00502e-10	0.00772338
4.00573e-10	0.00773539
4.00644e-10	0.00774739
4.00714e-10	0.0077594
4.00785e-10	0.0077714
4.00856e-10	0.0077834
4.00926e-10	0.00779539
4.00997e-10	0.00780739
4.01068e-10	0.00781938
4.01139e-10	0.00783137
4.01209e-10	0.00784336
4.0128e-10	0.00785534
4.01351e-10	0.00786733
4.01422e-10	0.00787931
4.01492e-10	0.00789129
4.01563e-10	0.00790327
4.01634e-10	0.00791524
4.01704e-10	0.00792721
4.01775e-10	0.00793918
4.01846e-10	0.00795115
4.01917e-10	0.00796312
4.01987e-10	0.00797508
4.02058e-10	0.00798704
4.02129e-10	0.007999
4.022e-10	0.00801095
4.0227e-10	0.00802291
4.02341e-10	0.00803486
4.02412e-10	0.0080468
4.02482e-10	0.00805875
4.02553e-10	0.00807069
4.02624e-10	0.00808263
4.02695e-10	0.00809457
4.02765e-10	0.0081065
4.02836e-10	0.00811843
4.02907e-10	0.00813036
4.02978e-10	0.00814228
4.03048e-10	0.00815421
4.03119e-10	0.00816613
4.0319e-10	0.00817804
4.0326e-10	0.00818995
4.03331e-10	0.00820186
4.03402e-10	0.00821377
4.03473e-10	0.00822568
4.03543e-10	0.00823758
4.03614e-10	0.00824947
4.03685e-10	0.00826137
4.03756e-10	0.00827326
4.03826e-10	0.00828515
4.03897e-10	0.00829703
4.03968e-10	0.00830892
4.04038e-10	0.00832079
4.04109e-10	0.00833267
4.0418e-10	0.00834454
4.04251e-10	0.00835641
4.04321e-10	0.00836827
4.04392e-10	0.00838013
4.04463e-10	0.00839199
4.04534e-10	0.00840384
4.04604e-10	0.00841569
4.04675e-10	0.00842754
4.04746e-10	0.00843938
4.04817e-10	0.00845122
4.04887e-10	0.00846306
4.04958e-10	0.00847489
4.05029e-10	0.00848672
4.05099e-10	0.00849854
4.0517e-10	0.00851036
4.05241e-10	0.00852218
4.05312e-10	0.00853399
4.05382e-10	0.0085458
4.05453e-10	0.0085576
4.05524e-10	0.0085694
4.05595e-10	0.0085812
4.05665e-10	0.00859299
4.05736e-10	0.00860478
4.05807e-10	0.00861656
4.05877e-10	0.00862835
4.05948e-10	0.00864012
4.06019e-10	0.00865189
4.0609e-10	0.00866366
4.0616e-10	0.00867542
4.06231e-10	0.00868718
4.06302e-10	0.00869893
4.06373e-10	0.00871068
4.06443e-10	0.00872243
4.06514e-10	0.00873417
4.06585e-10	0.00874591
4.06655e-10	0.00875764
4.06726e-10	0.00876937
4.06797e-10	0.00878109
4.06868e-10	0.00879281
4.06938e-10	0.00880452
4.07009e-10	0.00881623
4.0708e-10	0.00882793
4.07151e-10	0.00883963
4.07221e-10	0.00885132
4.07292e-10	0.00886301
4.07363e-10	0.0088747
4.07433e-10	0.00888638
4.07504e-10	0.00889805
4.07575e-10	0.00890972
4.07646e-10	0.00892139
4.07716e-10	0.00893305
4.07787e-10	0.0089447
4.07858e-10	0.00895635
4.07929e-10	0.008968
4.07999e-10	0.00897964
4.0807e-10	0.00899127
4.08141e-10	0.0090029
4.08211e-10	0.00901452
4.08282e-10	0.00902614
4.08353e-10	0.00903775
4.08424e-10	0.00904936
4.08494e-10	0.00906096
4.08565e-10	0.00907256
4.08636e-10	0.00908415
4.08707e-10	0.00909574
4.08777e-10	0.00910732
4.08848e-10	0.00911889
4.08919e-10	0.00913046
4.0899e-10	0.00914203
4.0906e-10	0.00915358
4.09131e-10	0.00916514
4.09202e-10	0.00917668
4.09272e-10	0.00918822
4.09343e-10	0.00919976
4.09414e-10	0.00921129
4.09485e-10	0.00922281
4.09555e-10	0.00923433
4.09626e-10	0.00924584
4.09697e-10	0.00925735
4.09768e-10	0.00926885
4.09838e-10	0.00928034
4.09909e-10	0.00929183
4.0998e-10	0.00930331
4.1005e-10	0.00931478
4.10121e-10	0.00932625
4.10192e-10	0.00933772
4.10263e-10	0.00934917
4.10333e-10	0.00936062
4.10404e-10	0.00937207
4.10475e-10	0.00938351
4.10546e-10	0.00939494
4.10616e-10	0.00940636
4.10687e-10	0.00941778
4.10758e-10	0.00942919
4.10828e-10	0.0094406
4.10899e-10	0.009452
4.1097e-10	0.00946339
4.11041e-10	0.00947478
4.11111e-10	0.00948616
4.11182e-10	0.00949753
4.11253e-10	0.0095089
4.11324e-10	0.00952026
4.11394e-10	0.00953161
4.11465e-10	0.00954295
4.11536e-10	0.00955429
4.11606e-10	0.00956562
4.11677e-10	0.00957695
4.11748e-10	0.00958827
4.11819e-10	0.00959958
4.11889e-10	0.00961088
4.1196e-10	0.00962218
4.12031e-10	0.00963347
4.12102e-10	0.00964475
4.12172e-10	0.00965603
4.12243e-10	0.0096673
4.12314e-10	0.00967856
4.12384e-10	0.00968981
4.12455e-10	0.00970106
4.12526e-10	0.0097123
4.12597e-10	0.00972353
4.12667e-10	0.00973476
4.12738e-10	0.00974597
4.12809e-10	0.00975718
4.1288e-10	0.00976839
4.1295e-10	0.00977958
4.13021e-10	0.00979077
4.13092e-10	0.00980195
4.13163e-10	0.00981312
4.13233e-10	0.00982428
4.13304e-10	0.00983544
4.13375e-10	0.00984659
4.13445e-10	0.00985773
4.13516e-10	0.00986886
4.13587e-10	0.00987999
4.13658e-10	0.00989111
4.13728e-10	0.00990222
4.13799e-10	0.00991332
4.1387e-10	0.00992441
4.13941e-10	0.0099355
4.14011e-10	0.00994658
4.14082e-10	0.00995765
4.14153e-10	0.00996871
4.14223e-10	0.00997976
4.14294e-10	0.00999081
4.14365e-10	0.0100018
4.14436e-10	0.0100129
4.14506e-10	0.0100239
4.14577e-10	0.0100349
4.14648e-10	0.0100459
4.14719e-10	0.0100569
4.14789e-10	0.0100679
4.1486e-10	0.0100789
4.14931e-10	0.0100898
4.15001e-10	0.0101008
4.15072e-10	0.0101118
4.15143e-10	0.0101227
4.15214e-10	0.0101336
4.15284e-10	0.0101446
4.15355e-10	0.0101555
4.15426e-10	0.0101664
4.15497e-10	0.0101773
4.15567e-10	0.0101882
4.15638e-10	0.0101991
4.15709e-10	0.0102099
4.15779e-10	0.0102208
4.1585e-10	0.0102317
4.15921e-10	0.0102425
4.15992e-10	0.0102533
4.16062e-10	0.0102642
4.16133e-10	0.010275
4.16204e-10	0.0102858
4.16275e-10	0.0102966
4.16345e-10	0.0103074
4.16416e-10	0.0103182
4.16487e-10	0.0103289
4.16557e-10	0.0103397
4.16628e-10	0.0103505
4.16699e-10	0.0103612
4.1677e-10	0.0103719
4.1684e-10	0.0103827
4.16911e-10	0.0103934
4.16982e-10	0.0104041
4.17053e-10	0.0104148
4.17123e-10	0.0104255
4.17194e-10	0.0104362
4.17265e-10	0.0104468
4.17336e-10	0.0104575
4.17406e-10	0.0104681
4.17477e-10	0.0104788
4.17548e-10	0.0104894
4.17618e-10	0.0105
4.17689e-10	0.0105106
4.1776e-10	0.0105212
4.17831e-10	0.0105318
4.17901e-10	0.0105424
4.17972e-10	0.010553
4.18043e-10	0.0105635
4.18114e-10	0.0105741
4.18184e-10	0.0105846
4.18255e-10	0.0105951
4.18326e-10	0.0106057
4.18396e-10	0.0106162
4.18467e-10	0.0106267
4.18538e-10	0.0106372
4.18609e-10	0.0106476
4.18679e-10	0.0106581
4.1875e-10	0.0106686
4.18821e-10	0.010679
4.18892e-10	0.0106894
4.18962e-10	0.0106999
4.19033e-10	0.0107103
4.19104e-10	0.0107207
4.19174e-10	0.0107311
4.19245e-10	0.0107415
4.19316e-10	0.0107518
4.19387e-10	0.0107622
4.19457e-10	0.0107725
4.19528e-10	0.0107829
4.19599e-10	0.0107932
4.1967e-10	0.0108035
4.1974e-10	0.0108138
4.19811e-10	0.0108241
4.19882e-10	0.0108344
4.19952e-10	0.0108447
4.20023e-10	0.0108549
4.20094e-10	0.0108652
4.20165e-10	0.0108754
4.20235e-10	0.0108857
4.20306e-10	0.0108959
4.20377e-10	0.0109061
4.20448e-10	0.0109163
4.20518e-10	0.0109265
4.20589e-10	0.0109366
4.2066e-10	0.0109468
4.20731e-10	0.0109569
4.20801e-10	0.0109671
4.20872e-10	0.0109772
4.20943e-10	0.0109873
4.21013e-10	0.0109974
4.21084e-10	0.0110075
4.21155e-10	0.0110176
4.21226e-10	0.0110277
4.21296e-10	0.0110377
4.21367e-10	0.0110478
4.21438e-10	0.0110578
4.21509e-10	0.0110678
4.21579e-10	0.0110778
4.2165e-10	0.0110878
4.21721e-10	0.0110978
4.21791e-10	0.0111078
4.21862e-10	0.0111177
4.21933e-10	0.0111277
4.22004e-10	0.0111376
4.22074e-10	0.0111475
4.22145e-10	0.0111574
4.22216e-10	0.0111673
4.22287e-10	0.0111772
4.22357e-10	0.0111871
4.22428e-10	0.011197
4.22499e-10	0.0112068
4.22569e-10	0.0112166
4.2264e-10	0.0112265
4.22711e-10	0.0112363
4.22782e-10	0.0112461
4.22852e-10	0.0112559
4.22923e-10	0.0112656
4.22994e-10	0.0112754
4.23065e-10	0.0112851
4.23135e-10	0.0112949
4.23206e-10	0.0113046
4.23277e-10	0.0113143
4.23347e-10	0.011324
4.23418e-10	0.0113337
4.23489e-10	0.0113434
4.2356e-10	0.011353
4.2363e-10	0.0113627
4.23701e-10	0.0113723
4.23772e-10	0.0113819
4.23843e-10	0.0113915
4.23913e-10	0.0114011
4.23984e-10	0.0114107
4.24055e-10	0.0114202
4.24125e-10	0.0114298
4.24196e-10	0.0114393
4.24267e-10	0.0114489
4.24338e-10	0.0114584
4.24408e-10	0.0114679
4.24479e-10	0.0114774
4.2455e-10	0.0114868
4.24621e-10	0.0114963
4.24691e-10	0.0115057
4.24762e-10	0.0115152
4.24833e-10	0.0115246
4.24904e-10	0.011534
4.24974e-10	0.0115434
4.25045e-10	0.0115527
4.25116e-10	0.0115621
4.25186e-10	0.0115715
4.25257e-10	0.0115808
4.25328e-10	0.0115901
4.25399e-10	0.0115994
4.25469e-10	0.0116087
4.2554e-10	0.011618
4.25611e-10	0.0116273
4.25682e-10	0.0116365
4.25752e-10	0.0116457
4.25823e-10	0.011655
4.25894e-10	0.0116642
4.25964e-10	0.0116734
4.26035e-10	0.0116825
4.26106e-10	0.0116917
4.26177e-10	0.0117008
4.26247e-10	0.01171
4.26318e-10	0.0117191
4.26389e-10	0.0117282
4.2646e-10	0.0117373
4.2653e-10	0.0117464
4.26601e-10	0.0117554
4.26672e-10	0.0117645
4.26742e-10	0.0117735
4.26813e-10	0.0117825
4.26884e-10	0.0117915
4.26955e-10	0.0118005
4.27025e-10	0.0118095
4.27096e-10	0.0118185
4.27167e-10	0.0118274
4.27238e-10	0.0118363
4.27308e-10	0.0118452
4.27379e-10	0.0118541
4.2745e-10	0.011863
4.2752e-10	0.0118719
4.27591e-10	0.0118808
4.27662e-10	0.0118896
4.27733e-10	0.0118984
4.27803e-10	0.0119072
4.27874e-10	0.011916
4.27945e-10	0.0119248
4.28016e-10	0.0119336
4.28086e-10	0.0119423
4.28157e-10	0.011951
4.28228e-10	0.0119597
4.28298e-10	0.0119684
4.28369e-10	0.0119771
4.2844e-10	0.0119858
4.28511e-10	0.0119944
4.28581e-10	0.0120031
4.28652e-10	0.0120117
4.28723e-10	0.0120203
4.28794e-10	0.0120289
4.28864e-10	0.0120375
4.28935e-10	0.012046
4.29006e-10	0.0120546
4.29077e-10	0.0120631
4.29147e-10	0.0120716
4.29218e-10	0.0120801
4.29289e-10	0.0120886
4.29359e-10	0.012097
4.2943e-10	0.0121055
4.29501e-10	0.0121139
4.29572e-10	0.0121223
4.29642e-10	0.0121307
4.29713e-10	0.0121391
4.29784e-10	0.0121475
4.29855e-10	0.0121558
4.29925e-10	0.0121641
4.29996e-10	0.0121724
4.30067e-10	0.0121807
4.30137e-10	0.012189
4.30208e-10	0.0121973
4.30279e-10	0.0122055
4.3035e-10	0.0122138
4.3042e-10	0.012222
4.30491e-10	0.0122302
4.30562e-10	0.0122384
4.30633e-10	0.0122465
4.30703e-10	0.0122547
4.30774e-10	0.0122628
4.30845e-10	0.0122709
4.30915e-10	0.012279
4.30986e-10	0.0122871
4.31057e-10	0.0122951
4.31128e-10	0.0123032
4.31198e-10	0.0123112
4.31269e-10	0.0123192
4.3134e-10	0.0123272
4.31411e-10	0.0123352
4.31481e-10	0.0123431
4.31552e-10	0.0123511
4.31623e-10	0.012359
4.31693e-10	0.0123669
4.31764e-10	0.0123748
4.31835e-10	0.0123827
4.31906e-10	0.0123905
4.31976e-10	0.0123984
4.32047e-10	0.0124062
4.32118e-10	0.012414
4.32189e-10	0.0124218
4.32259e-10	0.0124295
4.3233e-10	0.0124373
4.32401e-10	0.012445
4.32471e-10	0.0124527
4.32542e-10	0.0124604
4.32613e-10	0.0124681
4.32684e-10	0.0124757
4.32754e-10	0.0124834
4.32825e-10	0.012491
4.32896e-10	0.0124986
4.32967e-10	0.0125062
4.33037e-10	0.0125138
4.33108e-10	0.0125213
4.33179e-10	0.0125288
4.3325e-10	0.0125363
4.3332e-10	0.0125438
4.33391e-10	0.0125513
4.33462e-10	0.0125588
4.33532e-10	0.0125662
4.33603e-10	0.0125736
4.33674e-10	0.012581
4.33745e-10	0.0125884
4.33815e-10	0.0125958
4.33886e-10	0.0126031
4.33957e-10	0.0126105
4.34028e-10	0.0126178
4.34098e-10	0.0126251
4.34169e-10	0.0126323
4.3424e-10	0.0126396
4.3431e-10	0.0126468
4.34381e-10	0.012654
4.34452e-10	0.0126612
4.34523e-10	0.0126684
4.34593e-10	0.0126755
4.34664e-10	0.0126827
4.34735e-10	0.0126898
4.34806e-10	0.0126969
4.34876e-10	0.012704
4.34947e-10	0.012711
4.35018e-10	0.0127181
4.35088e-10	0.0127251
4.35159e-10	0.0127321
4.3523e-10	0.0127391
4.35301e-10	0.0127461
4.35371e-10	0.012753
4.35442e-10	0.0127599
4.35513e-10	0.0127668
4.35584e-10	0.0127737
4.35654e-10	0.0127806
4.35725e-10	0.0127874
4.35796e-10	0.0127943
4.35866e-10	0.0128011
4.35937e-10	0.0128078
4.36008e-10	0.0128146
4.36079e-10	0.0128214
4.36149e-10	0.0128281
4.3622e-10	0.0128348
4.36291e-10	0.0128415
4.36362e-10	0.0128482
4.36432e-10	0.0128548
4.36503e-10	0.0128614
4.36574e-10	0.012868
4.36644e-10	0.0128746
4.36715e-10	0.0128812
4.36786e-10	0.0128877
4.36857e-10	0.0128943
4.36927e-10	0.0129008
4.36998e-10	0.0129073
4.37069e-10	0.0129137
4.3714e-10	0.0129202
4.3721e-10	0.0129266
4.37281e-10	0.012933
4.37352e-10	0.0129394
4.37423e-10	0.0129457
4.37493e-10	0.0129521
4.37564e-10	0.0129584
4.37635e-10	0.0129647
4.37705e-10	0.012971
4.37776e-10	0.0129772
4.37847e-10	0.0129835
4.37918e-10	0.0129897
4.37988e-10	0.0129959
4.38059e-10	0.0130021
4.3813e-10	0.0130082
4.38201e-10	0.0130143
4.38271e-10	0.0130205
4.38342e-10	0.0130265
4.38413e-10	0.0130326
4.38483e-10	0.0130387
4.38554e-10	0.0130447
4.38625e-10	0.0130507
4.38696e-10	0.0130567
4.38766e-10	0.0130626
4.38837e-10	0.0130686
4.38908e-10	0.0130745
4.38979e-10	0.0130804
4.39049e-10	0.0130863
4.3912e-10	0.0130921
4.39191e-10	0.013098
4.39261e-10	0.0131038
4.39332e-10	0.0131096
4.39403e-10	0.0131153
4.39474e-10	0.0131211
4.39544e-10	0.0131268
4.39615e-10	0.0131325
4.39686e-10	0.0131382
4.39757e-10	0.0131439
4.39827e-10	0.0131495
4.39898e-10	0.0131551
4.39969e-10	0.0131607
4.40039e-10	0.0131663
4.4011e-10	0.0131718
4.40181e-10	0.0131773
4.40252e-10	0.0131828
4.40322e-10	0.0131883
4.40393e-10	0.0131938
4.40464e-10	0.0131992
4.40535e-10	0.0132046
4.40605e-10	0.01321
4.40676e-10	0.0132154
4.40747e-10	0.0132208
4.40817e-10	0.0132261
4.40888e-10	0.0132314
4.40959e-10	0.0132367
4.4103e-10	0.0132419
4.411e-10	0.0132472
4.41171e-10	0.0132524
4.41242e-10	0.0132576
4.41313e-10	0.0132627
4.41383e-10	0.0132679
4.41454e-10	0.013273
4.41525e-10	0.0132781
4.41596e-10	0.0132832
4.41666e-10	0.0132882
4.41737e-10	0.0132932
4.41808e-10	0.0132983
4.41878e-10	0.0133032
4.41949e-10	0.0133082
4.4202e-10	0.0133131
4.42091e-10	0.013318
4.42161e-10	0.0133229
4.42232e-10	0.0133278
4.42303e-10	0.0133326
4.42374e-10	0.0133375
4.42444e-10	0.0133423
4.42515e-10	0.013347
4.42586e-10	0.0133518
4.42656e-10	0.0133565
4.42727e-10	0.0133612
4.42798e-10	0.0133659
4.42869e-10	0.0133706
4.42939e-10	0.0133752
4.4301e-10	0.0133798
4.43081e-10	0.0133844
4.43152e-10	0.0133889
4.43222e-10	0.0133935
4.43293e-10	0.013398
4.43364e-10	0.0134025
4.43434e-10	0.0134069
4.43505e-10	0.0134114
4.43576e-10	0.0134158
4.43647e-10	0.0134202
4.43717e-10	0.0134246
4.43788e-10	0.0134289
4.43859e-10	0.0134332
4.4393e-10	0.0134375
4.44e-10	0.0134418
4.44071e-10	0.013446
4.44142e-10	0.0134503
4.44212e-10	0.0134545
4.44283e-10	0.0134586
4.44354e-10	0.0134628
4.44425e-10	0.0134669
4.44495e-10	0.013471
4.44566e-10	0.0134751
4.44637e-10	0.0134791
4.44708e-10	0.0134832
4.44778e-10	0.0134872
4.44849e-10	0.0134911
4.4492e-10	0.0134951
4.4499e-10	0.013499
4.45061e-10	0.0135029
4.45132e-10	0.0135068
4.45203e-10	0.0135107
4.45273e-10	0.0135145
4.45344e-10	0.0135183
4.45415e-10	0.0135221
4.45486e-10	0.0135258
4.45556e-10	0.0135296
4.45627e-10	0.0135333
4.45698e-10	0.0135369
4.45769e-10	0.0135406
4.45839e-10	0.0135442
4.4591e-10	0.0135478
4.45981e-10	0.0135514
4.46051e-10	0.0135549
4.46122e-10	0.0135585
4.46193e-10	0.013562
4.46264e-10	0.0135654
4.46334e-10	0.0135689
4.46405e-10	0.0135723
4.46476e-10	0.0135757
4.46547e-10	0.0135791
4.46617e-10	0.0135824
4.46688e-10	0.0135858
4.46759e-10	0.0135891
4.46829e-10	0.0135923
4.469e-10	0.0135956
4.46971e-10	0.0135988
4.47042e-10	0.013602
4.47112e-10	0.0136051
4.47183e-10	0.0136083
4.47254e-10	0.0136114
4.47325e-10	0.0136145
4.47395e-10	0.0136175
4.47466e-10	0.0136206
4.47537e-10	0.0136236
4.47607e-10	0.0136266
4.47678e-10	0.0136295
4.47749e-10	0.0136325
4.4782e-10	0.0136354
4.4789e-10	0.0136382
4.47961e-10	0.0136411
4.48032e-10	0.0136439
4.48103e-10	0.0136467
4.48173e-10	0.0136495
4.48244e-10	0.0136522
4.48315e-10	0.0136549
4.48385e-10	0.0136576
4.48456e-10	0.0136603
4.48527e-10	0.0136629
4.48598e-10	0.0136655
4.48668e-10	0.0136681
4.48739e-10	0.0136707
4.4881e-10	0.0136732
4.48881e-10	0.0136757
4.48951e-10	0.0136782
4.49022e-10	0.0136806
4.49093e-10	0.0136831
4.49163e-10	0.0136855
4.49234e-10	0.0136878
4.49305e-10	0.0136902
4.49376e-10	0.0136925
4.49446e-10	0.0136948
4.49517e-10	0.013697
4.49588e-10	0.0136993
4.49659e-10	0.0137015
4.49729e-10	0.0137037
4.498e-10	0.0137058
4.49871e-10	0.0137079
4.49942e-10	0.01371
4.50012e-10	0.0137121
4.50083e-10	0.0137141
4.50154e-10	0.0137161
4.50224e-10	0.0137181
4.50295e-10	0.0137201
4.50366e-10	0.013722
4.50437e-10	0.0137239
4.50507e-10	0.0137258
4.50578e-10	0.0137276
4.50649e-10	0.0137295
4.5072e-10	0.0137312
4.5079e-10	0.013733
4.50861e-10	0.0137347
4.50932e-10	0.0137365
4.51002e-10	0.0137381
4.51073e-10	0.0137398
4.51144e-10	0.0137414
4.51215e-10	0.013743
4.51285e-10	0.0137446
4.51356e-10	0.0137461
4.51427e-10	0.0137476
4.51498e-10	0.0137491
4.51568e-10	0.0137505
4.51639e-10	0.013752
4.5171e-10	0.0137534
4.5178e-10	0.0137547
4.51851e-10	0.0137561
4.51922e-10	0.0137574
4.51993e-10	0.0137587
4.52063e-10	0.0137599
4.52134e-10	0.0137611
4.52205e-10	0.0137623
4.52276e-10	0.0137635
4.52346e-10	0.0137646
4.52417e-10	0.0137658
4.52488e-10	0.0137668
4.52558e-10	0.0137679
4.52629e-10	0.0137689
4.527e-10	0.0137699
4.52771e-10	0.0137709
4.52841e-10	0.0137718
4.52912e-10	0.0137727
4.52983e-10	0.0137736
4.53054e-10	0.0137744
4.53124e-10	0.0137753
4.53195e-10	0.013776
4.53266e-10	0.0137768
4.53336e-10	0.0137775
4.53407e-10	0.0137782
4.53478e-10	0.0137789
4.53549e-10	0.0137796
4.53619e-10	0.0137802
4.5369e-10	0.0137808
4.53761e-10	0.0137813
4.53832e-10	0.0137818
4.53902e-10	0.0137823
4.53973e-10	0.0137828
4.54044e-10	0.0137832
4.54115e-10	0.0137837
4.54185e-10	0.013784
4.54256e-10	0.0137844
4.54327e-10	0.0137847
4.54397e-10	0.013785
4.54468e-10	0.0137852
4.54539e-10	0.0137855
4.5461e-10	0.0137857
4.5468e-10	0.0137858
4.54751e-10	0.013786
4.54822e-10	0.0137861
4.54893e-10	0.0137862
4.54963e-10	0.0137862
4.55034e-10	0.0137862
4.55105e-10	0.0137862
4.55175e-10	0.0137862
4.55246e-10	0.0137861
4.55317e-10	0.013786
4.55388e-10	0.0137859
4.55458e-10	0.0137857
4.55529e-10	0.0137855
4.556e-10	0.0137853
4.55671e-10	0.013785
4.55741e-10	0.0137848
4.55812e-10	0.0137844
4.55883e-10	0.0137841
4.55953e-10	0.0137837
4.56024e-10	0.0137833
4.56095e-10	0.0137829
4.56166e-10	0.0137824
4.56236e-10	0.0137819
4.56307e-10	0.0137814
4.56378e-10	0.0137808
4.56449e-10	0.0137802
4.56519e-10	0.0137796
4.5659e-10	0.013779
4.56661e-10	0.0137783
4.56731e-10	0.0137776
4.56802e-10	0.0137768
4.56873e-10	0.013776
4.56944e-10	0.0137752
4.57014e-10	0.0137744
4.57085e-10	0.0137735
4.57156e-10	0.0137726
4.57227e-10	0.0137717
4.57297e-10	0.0137707
4.57368e-10	0.0137697
4.57439e-10	0.0137687
4.57509e-10	0.0137676
4.5758e-10	0.0137665
4.57651e-10	0.0137654
4.57722e-10	0.0137643
4.57792e-10	0.0137631
4.57863e-10	0.0137619
4.57934e-10	0.0137606
4.58005e-10	0.0137593
4.58075e-10	0.013758
4.58146e-10	0.0137567
4.58217e-10	0.0137553
4.58288e-10	0.0137539
4.58358e-10	0.0137525
4.58429e-10	0.013751
4.585e-10	0.0137495
4.5857e-10	0.013748
4.58641e-10	0.0137464
4.58712e-10	0.0137448
4.58783e-10	0.0137432
4.58853e-10	0.0137415
4.58924e-10	0.0137398
4.58995e-10	0.0137381
4.59066e-10	0.0137363
4.59136e-10	0.0137345
4.59207e-10	0.0137327
4.59278e-10	0.0137309
4.59348e-10	0.013729
4.59419e-10	0.0137271
4.5949e-10	0.0137251
4.59561e-10	0.0137231
4.59631e-10	0.0137211
4.59702e-10	0.0137191
4.59773e-10	0.013717
4.59844e-10	0.0137149
4.59914e-10	0.0137127
4.59985e-10	0.0137105
4.60056e-10	0.0137083
4.60126e-10	0.0137061
4.60197e-10	0.0137038
4.60268e-10	0.0137015
4.60339e-10	0.0136992
4.60409e-10	0.0136968
4.6048e-10	0.0136944
4.60551e-10	0.0136919
4.60622e-10	0.0136895
4.60692e-10	0.013687
4.60763e-10	0.0136844
4.60834e-10	0.0136818
4.60904e-10	0.0136792
4.60975e-10	0.0136766
4.61046e-10	0.0136739
4.61117e-10	0.0136712
4.61187e-10	0.0136685
4.61258e-10	0.0136657
4.61329e-10	0.0136629
4.614e-10	0.0136601
4.6147e-10	0.0136572
4.61541e-10	0.0136543
4.61612e-10	0.0136514
4.61682e-10	0.0136484
4.61753e-10	0.0136454
4.61824e-10	0.0136424
4.61895e-10	0.0136393
4.61965e-10	0.0136362
4.62036e-10	0.013633
4.62107e-10	0.0136299
4.62178e-10	0.0136267
4.62248e-10	0.0136234
4.62319e-10	0.0136202
4.6239e-10	0.0136168
4.62461e-10	0.0136135
4.62531e-10	0.0136101
4.62602e-10	0.0136067
4.62673e-10	0.0136033
4.62743e-10	0.0135998
4.62814e-10	0.0135963
4.62885e-10	0.0135928
4.62956e-10	0.0135892
4.63026e-10	0.0135856
4.63097e-10	0.0135819
4.63168e-10	0.0135783
4.63239e-10	0.0135745
4.63309e-10	0.0135708
4.6338e-10	0.013567
4.63451e-10	0.0135632
4.63521e-10	0.0135593
4.63592e-10	0.0135555
4.63663e-10	0.0135515
4.63734e-10	0.0135476
4.63804e-10	0.0135436
4.63875e-10	0.0135396
4.63946e-10	0.0135355
4.64017e-10	0.0135314
4.64087e-10	0.0135273
4.64158e-10	0.0135232
4.64229e-10	0.013519
4.64299e-10	0.0135147
4.6437e-10	0.0135105
4.64441e-10	0.0135062
4.64512e-10	0.0135018
4.64582e-10	0.0134975
4.64653e-10	0.0134931
4.64724e-10	0.0134886
4.64795e-10	0.0134842
4.64865e-10	0.0134797
4.64936e-10	0.0134751
4.65007e-10	0.0134705
4.65077e-10	0.0134659
4.65148e-10	0.0134613
4.65219e-10	0.0134566
4.6529e-10	0.0134519
4.6536e-10	0.0134471
4.65431e-10	0.0134424
4.65502e-10	0.0134375
4.65573e-10	0.0134327
4.65643e-10	0.0134278
4.65714e-10	0.0134229
4.65785e-10	0.0134179
4.65855e-10	0.0134129
4.65926e-10	0.0134079
4.65997e-10	0.0134028
4.66068e-10	0.0133977
4.66138e-10	0.0133926
4.66209e-10	0.0133874
4.6628e-10	0.0133822
4.66351e-10	0.0133769
4.66421e-10	0.0133717
4.66492e-10	0.0133664
4.66563e-10	0.013361
4.66634e-10	0.0133556
4.66704e-10	0.0133502
4.66775e-10	0.0133447
4.66846e-10	0.0133392
4.66916e-10	0.0133337
4.66987e-10	0.0133282
4.67058e-10	0.0133226
4.67129e-10	0.0133169
4.67199e-10	0.0133112
4.6727e-10	0.0133055
4.67341e-10	0.0132998
4.67412e-10	0.013294
4.67482e-10	0.0132882
4.67553e-10	0.0132824
4.67624e-10	0.0132765
4.67694e-10	0.0132705
4.67765e-10	0.0132646
4.67836e-10	0.0132586
4.67907e-10	0.0132526
4.67977e-10	0.0132465
4.68048e-10	0.0132404
4.68119e-10	0.0132342
4.6819e-10	0.0132281
4.6826e-10	0.0132219
4.68331e-10	0.0132156
4.68402e-10	0.0132093
4.68472e-10	0.013203
4.68543e-10	0.0131967
4.68614e-10	0.0131903
4.68685e-10	0.0131838
4.68755e-10	0.0131774
4.68826e-10	0.0131709
4.68897e-10	0.0131643
4.68968e-10	0.0131577
4.69038e-10	0.0131511
4.69109e-10	0.0131445
4.6918e-10	0.0131378
4.6925e-10	0.0131311
4.69321e-10	0.0131243
4.69392e-10	0.0131175
4.69463e-10	0.0131107
4.69533e-10	0.0131038
4.69604e-10	0.0130969
4.69675e-10	0.01309
4.69746e-10	0.013083
4.69816e-10	0.013076
4.69887e-10	0.0130689
4.69958e-10	0.0130618
4.70029e-10	0.0130547
4.70099e-10	0.0130475
4.7017e-10	0.0130403
4.70241e-10	0.0130331
4.70311e-10	0.0130258
4.70382e-10	0.0130185
4.70453e-10	0.0130112
4.70524e-10	0.0130038
4.70594e-10	0.0129964
4.70665e-10	0.0129889
4.70736e-10	0.0129814
4.70807e-10	0.0129739
4.70877e-10	0.0129663
4.70948e-10	0.0129587
4.71019e-10	0.012951
4.71089e-10	0.0129433
4.7116e-10	0.0129356
4.71231e-10	0.0129279
4.71302e-10	0.0129201
4.71372e-10	0.0129122
4.71443e-10	0.0129044
4.71514e-10	0.0128965
4.71585e-10	0.0128885
4.71655e-10	0.0128805
4.71726e-10	0.0128725
4.71797e-10	0.0128644
4.71867e-10	0.0128563
4.71938e-10	0.0128482
4.72009e-10	0.01284
4.7208e-10	0.0128318
4.7215e-10	0.0128236
4.72221e-10	0.0128153
4.72292e-10	0.012807
4.72363e-10	0.0127986
4.72433e-10	0.0127902
4.72504e-10	0.0127818
4.72575e-10	0.0127733
4.72645e-10	0.0127648
4.72716e-10	0.0127562
4.72787e-10	0.0127477
4.72858e-10	0.012739
4.72928e-10	0.0127304
4.72999e-10	0.0127217
4.7307e-10	0.0127129
4.73141e-10	0.0127041
4.73211e-10	0.0126953
4.73282e-10	0.0126865
4.73353e-10	0.0126776
4.73423e-10	0.0126686
4.73494e-10	0.0126597
4.73565e-10	0.0126507
4.73636e-10	0.0126416
4.73706e-10	0.0126325
4.73777e-10	0.0126234
4.73848e-10	0.0126143
4.73919e-10	0.0126051
4.73989e-10	0.0125958
4.7406e-10	0.0125865
4.74131e-10	0.0125772
4.74202e-10	0.0125679
4.74272e-10	0.0125585
4.74343e-10	0.0125491
4.74414e-10	0.0125396
4.74484e-10	0.0125301
4.74555e-10	0.0125205
4.74626e-10	0.0125109
4.74697e-10	0.0125013
4.74767e-10	0.0124917
4.74838e-10	0.012482
4.74909e-10	0.0124722
4.7498e-10	0.0124624
4.7505e-10	0.0124526
4.75121e-10	0.0124428
4.75192e-10	0.0124329
4.75262e-10	0.0124229
4.75333e-10	0.012413
4.75404e-10	0.012403
4.75475e-10	0.0123929
4.75545e-10	0.0123828
4.75616e-10	0.0123727
4.75687e-10	0.0123625
4.75758e-10	0.0123523
4.75828e-10	0.0123421
4.75899e-10	0.0123318
4.7597e-10	0.0123215
4.7604e-10	0.0123111
4.76111e-10	0.0123007
4.76182e-10	0.0122903
4.76253e-10	0.0122798
4.76323e-10	0.0122693
4.76394e-10	0.0122587
4.76465e-10	0.0122481
4.76536e-10	0.0122375
4.76606e-10	0.0122268
4.76677e-10	0.0122161
4.76748e-10	0.0122054
4.76818e-10	0.0121946
4.76889e-10	0.0121837
4.7696e-10	0.0121729
4.77031e-10	0.012162
4.77101e-10	0.012151
4.77172e-10	0.01214
4.77243e-10	0.012129
4.77314e-10	0.0121179
4.77384e-10	0.0121068
4.77455e-10	0.0120957
4.77526e-10	0.0120845
4.77596e-10	0.0120733
4.77667e-10	0.012062
4.77738e-10	0.0120507
4.77809e-10	0.0120393
4.77879e-10	0.012028
4.7795e-10	0.0120165
4.78021e-10	0.0120051
4.78092e-10	0.0119936
4.78162e-10	0.011982
4.78233e-10	0.0119704
4.78304e-10	0.0119588
4.78375e-10	0.0119472
4.78445e-10	0.0119355
4.78516e-10	0.0119237
4.78587e-10	0.0119119
4.78657e-10	0.0119001
4.78728e-10	0.0118883
4.78799e-10	0.0118764
4.7887e-10	0.0118644
4.7894e-10	0.0118524
4.79011e-10	0.0118404
4.79082e-10	0.0118284
4.79153e-10	0.0118163
4.79223e-10	0.0118041
4.79294e-10	0.0117919
4.79365e-10	0.0117797
4.79435e-10	0.0117674
4.79506e-10	0.0117551
4.79577e-10	0.0117428
4.79648e-10	0.0117304
4.79718e-10	0.011718
4.79789e-10	0.0117055
4.7986e-10	0.011693
4.79931e-10	0.0116805
4.80001e-10	0.0116679
4.80072e-10	0.0116553
4.80143e-10	0.0116426
4.80213e-10	0.0116299
4.80284e-10	0.0116172
4.80355e-10	0.0116044
4.80426e-10	0.0115916
4.80496e-10	0.0115787
4.80567e-10	0.0115658
4.80638e-10	0.0115529
4.80709e-10	0.0115399
4.80779e-10	0.0115269
4.8085e-10	0.0115138
4.80921e-10	0.0115007
4.80991e-10	0.0114875
4.81062e-10	0.0114744
4.81133e-10	0.0114611
4.81204e-10	0.0114479
4.81274e-10	0.0114346
4.81345e-10	0.0114212
4.81416e-10	0.0114078
4.81487e-10	0.0113944
4.81557e-10	0.0113809
4.81628e-10	0.0113674
4.81699e-10	0.0113539
4.81769e-10	0.0113403
4.8184e-10	0.0113266
4.81911e-10	0.011313
4.81982e-10	0.0112992
4.82052e-10	0.0112855
4.82123e-10	0.0112717
4.82194e-10	0.0112579
4.82265e-10	0.011244
4.82335e-10	0.0112301
4.82406e-10	0.0112161
4.82477e-10	0.0112021
4.82548e-10	0.0111881
4.82618e-10	0.011174
4.82689e-10	0.0111599
4.8276e-10	0.0111457
4.8283e-10	0.0111315
4.82901e-10	0.0111172
4.82972e-10	0.011103
4.83043e-10	0.0110886
4.83113e-10	0.0110743
4.83184e-10	0.0110599
4.83255e-10	0.0110454
4.83326e-10	0.0110309
4.83396e-10	0.0110164
4.83467e-10	0.0110018
4.83538e-10	0.0109872
4.83608e-10	0.0109725
4.83679e-10	0.0109578
4.8375e-10	0.0109431
4.83821e-10	0.0109283
4.83891e-10	0.0109135
4.83962e-10	0.0108986
4.84033e-10	0.0108837
4.84104e-10	0.0108688
4.84174e-10	0.0108538
4.84245e-10	0.0108388
4.84316e-10	0.0108237
4.84386e-10	0.0108086
4.84457e-10	0.0107935
4.84528e-10	0.0107783
4.84599e-10	0.0107631
4.84669e-10	0.0107478
4.8474e-10	0.0107325
4.84811e-10	0.0107171
4.84882e-10	0.0107017
4.84952e-10	0.0106863
4.85023e-10	0.0106708
4.85094e-10	0.0106553
4.85164e-10	0.0106397
4.85235e-10	0.0106241
4.85306e-10	0.0106085
4.85377e-10	0.0105928
4.85447e-10	0.0105771
4.85518e-10	0.0105613
4.85589e-10	0.0105455
4.8566e-10	0.0105296
4.8573e-10	0.0105137
4.85801e-10	0.0104978
4.85872e-10	0.0104818
4.85942e-10	0.0104658
4.86013e-10	0.0104497
4.86084e-10	0.0104336
4.86155e-10	0.0104175
4.86225e-10	0.0104013
4.86296e-10	0.0103851
4.86367e-10	0.0103688
4.86438e-10	0.0103525
4.86508e-10	0.0103362
4.86579e-10	0.0103198
4.8665e-10	0.0103033
4.86721e-10	0.0102869
4.86791e-10	0.0102704
4.86862e-10	0.0102538
4.86933e-10	0.0102372
4.87003e-10	0.0102206
4.87074e-10	0.0102039
4.87145e-10	0.0101871
4.87216e-10	0.0101704
4.87286e-10	0.0101536
4.87357e-10	0.0101367
4.87428e-10	0.0101198
4.87499e-10	0.0101029
4.87569e-10	0.0100859
4.8764e-10	0.0100689
4.87711e-10	0.0100518
4.87781e-10	0.0100347
4.87852e-10	0.0100176
4.87923e-10	0.0100004
4.87994e-10	0.0099832
4.88064e-10	0.00996593
4.88135e-10	0.00994862
4.88206e-10	0.00993127
4.88277e-10	0.00991388
4.88347e-10	0.00989644
4.88418e-10	0.00987896
4.88489e-10	0.00986145
4.88559e-10	0.00984388
4.8863e-10	0.00982628
4.88701e-10	0.00980864
4.88772e-10	0.00979095
4.88842e-10	0.00977322
4.88913e-10	0.00975545
4.88984e-10	0.00973764
4.89055e-10	0.00971979
4.89125e-10	0.00970189
4.89196e-10	0.00968395
4.89267e-10	0.00966597
4.89337e-10	0.00964795
4.89408e-10	0.00962989
4.89479e-10	0.00961178
4.8955e-10	0.00959363
4.8962e-10	0.00957544
4.89691e-10	0.00955721
4.89762e-10	0.00953894
4.89833e-10	0.00952062
4.89903e-10	0.00950226
4.89974e-10	0.00948386
4.90045e-10	0.00946542
4.90115e-10	0.00944694
4.90186e-10	0.00942841
4.90257e-10	0.00940984
4.90328e-10	0.00939123
4.90398e-10	0.00937258
4.90469e-10	0.00935388
4.9054e-10	0.00933515
4.90611e-10	0.00931637
4.90681e-10	0.00929755
4.90752e-10	0.00927868
4.90823e-10	0.00925978
4.90894e-10	0.00924083
4.90964e-10	0.00922184
4.91035e-10	0.00920281
4.91106e-10	0.00918374
4.91176e-10	0.00916462
4.91247e-10	0.00914546
4.91318e-10	0.00912626
4.91389e-10	0.00910702
4.91459e-10	0.00908773
4.9153e-10	0.00906841
4.91601e-10	0.00904904
4.91672e-10	0.00902963
4.91742e-10	0.00901017
4.91813e-10	0.00899068
4.91884e-10	0.00897114
4.91954e-10	0.00895156
4.92025e-10	0.00893194
4.92096e-10	0.00891227
4.92167e-10	0.00889256
4.92237e-10	0.00887281
4.92308e-10	0.00885302
4.92379e-10	0.00883319
4.9245e-10	0.00881331
4.9252e-10	0.0087934
4.92591e-10	0.00877343
4.92662e-10	0.00875343
4.92732e-10	0.00873339
4.92803e-10	0.0087133
4.92874e-10	0.00869317
4.92945e-10	0.008673
4.93015e-10	0.00865278
4.93086e-10	0.00863253
4.93157e-10	0.00861223
4.93228e-10	0.00859189
4.93298e-10	0.0085715
4.93369e-10	0.00855108
4.9344e-10	0.00853061
4.9351e-10	0.0085101
4.93581e-10	0.00848955
4.93652e-10	0.00846895
4.93723e-10	0.00844832
4.93793e-10	0.00842764
4.93864e-10	0.00840691
4.93935e-10	0.00838615
4.94006e-10	0.00836534
4.94076e-10	0.00834449
4.94147e-10	0.0083236
4.94218e-10	0.00830267
4.94288e-10	0.00828169
4.94359e-10	0.00826068
4.9443e-10	0.00823962
4.94501e-10	0.00821851
4.94571e-10	0.00819737
4.94642e-10	0.00817618
4.94713e-10	0.00815495
4.94784e-10	0.00813368
4.94854e-10	0.00811236
4.94925e-10	0.00809101
4.94996e-10	0.00806961
4.95067e-10	0.00804817
4.95137e-10	0.00802668
4.95208e-10	0.00800516
4.95279e-10	0.00798359
4.95349e-10	0.00796198
4.9542e-10	0.00794032
4.95491e-10	0.00791863
4.95562e-10	0.00789689
4.95632e-10	0.00787511
4.95703e-10	0.00785329
4.95774e-10	0.00783142
4.95845e-10	0.00780951
4.95915e-10	0.00778756
4.95986e-10	0.00776557
4.96057e-10	0.00774354
4.96127e-10	0.00772146
4.96198e-10	0.00769934
4.96269e-10	0.00767718
4.9634e-10	0.00765498
4.9641e-10	0.00763273
4.96481e-10	0.00761044
4.96552e-10	0.00758811
4.96623e-10	0.00756574
4.96693e-10	0.00754332
4.96764e-10	0.00752087
4.96835e-10	0.00749836
4.96905e-10	0.00747582
4.96976e-10	0.00745324
4.97047e-10	0.00743061
4.97118e-10	0.00740794
4.97188e-10	0.00738523
4.97259e-10	0.00736247
4.9733e-10	0.00733968
4.97401e-10	0.00731684
4.97471e-10	0.00729396
4.97542e-10	0.00727104
4.97613e-10	0.00724807
4.97683e-10	0.00722506
4.97754e-10	0.00720201
4.97825e-10	0.00717892
4.97896e-10	0.00715578
4.97966e-10	0.00713261
4.98037e-10	0.00710939
4.98108e-10	0.00708613
4.98179e-10	0.00706282
4.98249e-10	0.00703947
4.9832e-10	0.00701609
4.98391e-10	0.00699266
4.98461e-10	0.00696918
4.98532e-10	0.00694567
4.98603e-10	0.00692211
4.98674e-10	0.00689851
4.98744e-10	0.00687487
4.98815e-10	0.00685118
4.98886e-10	0.00682746
4.98957e-10	0.00680369
4.99027e-10	0.00677988
4.99098e-10	0.00675602
4.99169e-10	0.00673213
4.9924e-10	0.00670819
4.9931e-10	0.00668421
4.99381e-10	0.00666019
4.99452e-10	0.00663612
4.99522e-10	0.00661202
4.99593e-10	0.00658787
4.99664e-10	0.00656368
4.99735e-10	0.00653944
4.99805e-10	0.00651517
4.99876e-10	0.00649085
4.99947e-10	0.00646649
5.00018e-10	0.00644209
5.00088e-10	0.00641764
5.00159e-10	0.00639316
5.0023e-10	0.00636863
5.003e-10	0.00634406
5.00371e-10	0.00631945
5.00442e-10	0.00629479
5.00513e-10	0.0062701
5.00583e-10	0.00624536
5.00654e-10	0.00622058
5.00725e-10	0.00619575
5.00796e-10	0.00617089
5.00866e-10	0.00614598
5.00937e-10	0.00612103
5.01008e-10	0.00609604
5.01078e-10	0.00607101
5.01149e-10	0.00604593
5.0122e-10	0.00602081
5.01291e-10	0.00599565
5.01361e-10	0.00597045
5.01432e-10	0.00594521
5.01503e-10	0.00591992
5.01574e-10	0.0058946
5.01644e-10	0.00586923
5.01715e-10	0.00584381
5.01786e-10	0.00581836
5.01856e-10	0.00579287
5.01927e-10	0.00576733
5.01998e-10	0.00574175
5.02069e-10	0.00571613
5.02139e-10	0.00569047
5.0221e-10	0.00566476
5.02281e-10	0.00563901
5.02352e-10	0.00561322
5.02422e-10	0.00558739
5.02493e-10	0.00556152
5.02564e-10	0.00553561
5.02634e-10	0.00550965
5.02705e-10	0.00548365
5.02776e-10	0.00545761
5.02847e-10	0.00543153
5.02917e-10	0.00540541
5.02988e-10	0.00537924
5.03059e-10	0.00535303
5.0313e-10	0.00532679
5.032e-10	0.0053005
5.03271e-10	0.00527416
5.03342e-10	0.00524779
5.03413e-10	0.00522137
5.03483e-10	0.00519491
5.03554e-10	0.00516842
5.03625e-10	0.00514187
5.03695e-10	0.00511529
5.03766e-10	0.00508867
5.03837e-10	0.005062
5.03908e-10	0.00503529
5.03978e-10	0.00500854
5.04049e-10	0.00498175
5.0412e-10	0.00495492
5.04191e-10	0.00492805
5.04261e-10	0.00490113
5.04332e-10	0.00487417
5.04403e-10	0.00484717
5.04473e-10	0.00482013
5.04544e-10	0.00479305
5.04615e-10	0.00476593
5.04686e-10	0.00473876
5.04756e-10	0.00471156
5.04827e-10	0.00468431
5.04898e-10	0.00465702
5.04969e-10	0.00462969
5.05039e-10	0.00460231
5.0511e-10	0.0045749
5.05181e-10	0.00454745
5.05251e-10	0.00451995
5.05322e-10	0.00449241
5.05393e-10	0.00446483
5.05464e-10	0.00443721
5.05534e-10	0.00440955
5.05605e-10	0.00438184
5.05676e-10	0.0043541
5.05747e-10	0.00432631
5.05817e-10	0.00429849
5.05888e-10	0.00427062
5.05959e-10	0.00424271
5.06029e-10	0.00421476
5.061e-10	0.00418676
5.06171e-10	0.00415873
5.06242e-10	0.00413065
5.06312e-10	0.00410254
5.06383e-10	0.00407438
5.06454e-10	0.00404618
5.06525e-10	0.00401794
5.06595e-10	0.00398966
5.06666e-10	0.00396134
5.06737e-10	0.00393298
5.06807e-10	0.00390457
5.06878e-10	0.00387613
5.06949e-10	0.00384764
5.0702e-10	0.00381912
5.0709e-10	0.00379055
5.07161e-10	0.00376194
5.07232e-10	0.00373329
5.07303e-10	0.0037046
5.07373e-10	0.00367587
5.07444e-10	0.0036471
5.07515e-10	0.00361828
5.07586e-10	0.00358943
5.07656e-10	0.00356053
5.07727e-10	0.0035316
5.07798e-10	0.00350262
5.07868e-10	0.0034736
5.07939e-10	0.00344454
5.0801e-10	0.00341544
5.08081e-10	0.0033863
5.08151e-10	0.00335712
5.08222e-10	0.0033279
5.08293e-10	0.00329864
5.08364e-10	0.00326934
5.08434e-10	0.00323999
5.08505e-10	0.00321061
5.08576e-10	0.00318118
5.08646e-10	0.00315172
5.08717e-10	0.00312221
5.08788e-10	0.00309266
5.08859e-10	0.00306308
5.08929e-10	0.00303345
5.09e-10	0.00300378
5.09071e-10	0.00297407
5.09142e-10	0.00294432
5.09212e-10	0.00291454
5.09283e-10	0.00288471
5.09354e-10	0.00285484
5.09424e-10	0.00282492
5.09495e-10	0.00279497
5.09566e-10	0.00276498
5.09637e-10	0.00273495
5.09707e-10	0.00270488
5.09778e-10	0.00267477
5.09849e-10	0.00264461
5.0992e-10	0.00261442
5.0999e-10	0.00258419
5.10061e-10	0.00255392
5.10132e-10	0.0025236
5.10202e-10	0.00249325
5.10273e-10	0.00246286
5.10344e-10	0.00243242
5.10415e-10	0.00240195
5.10485e-10	0.00237143
5.10556e-10	0.00234088
5.10627e-10	0.00231029
5.10698e-10	0.00227965
5.10768e-10	0.00224898
5.10839e-10	0.00221827
5.1091e-10	0.00218751
5.1098e-10	0.00215672
5.11051e-10	0.00212589
5.11122e-10	0.00209501
5.11193e-10	0.0020641
5.11263e-10	0.00203315
5.11334e-10	0.00200215
5.11405e-10	0.00197112
5.11476e-10	0.00194005
5.11546e-10	0.00190894
5.11617e-10	0.00187779
5.11688e-10	0.0018466
5.11759e-10	0.00181536
5.11829e-10	0.00178409
5.119e-10	0.00175278
5.11971e-10	0.00172144
5.12041e-10	0.00169005
5.12112e-10	0.00165862
5.12183e-10	0.00162715
5.12254e-10	0.00159564
5.12324e-10	0.0015641
5.12395e-10	0.00153251
5.12466e-10	0.00150088
5.12537e-10	0.00146922
5.12607e-10	0.00143752
5.12678e-10	0.00140577
5.12749e-10	0.00137399
5.12819e-10	0.00134217
5.1289e-10	0.00131031
5.12961e-10	0.0012784
5.13032e-10	0.00124647
5.13102e-10	0.00121449
5.13173e-10	0.00118247
5.13244e-10	0.00115041
5.13315e-10	0.00111832
5.13385e-10	0.00108618
5.13456e-10	0.00105401
5.13527e-10	0.00102179
5.13597e-10	0.000989541
5.13668e-10	0.000957251
5.13739e-10	0.000924921
5.1381e-10	0.000892552
5.1388e-10	0.000860145
5.13951e-10	0.000827698
5.14022e-10	0.000795213
5.14093e-10	0.000762689
5.14163e-10	0.000730127
5.14234e-10	0.000697525
5.14305e-10	0.000664886
5.14375e-10	0.000632207
5.14446e-10	0.00059949
5.14517e-10	0.000566734
5.14588e-10	0.00053394
5.14658e-10	0.000501107
5.14729e-10	0.000468236
5.148e-10	0.000435326
5.14871e-10	0.000402378
5.14941e-10	0.000369391
5.15012e-10	0.000336366
5.15083e-10	0.000303303
5.15154e-10	0.000270201
5.15224e-10	0.000237061
5.15295e-10	0.000203883
5.15366e-10	0.000170667
5.15436e-10	0.000137412
5.15507e-10	0.000104119
5.15578e-10	7.07884e-05
5.15649e-10	3.74195e-05
5.15719e-10	4.01245e-06
5.1579e-10	-2.94326e-05
5.15861e-10	-6.29157e-05
5.15932e-10	-9.64367e-05
5.16002e-10	-0.000129996
5.16073e-10	-0.000163593
5.16144e-10	-0.000197227
5.16214e-10	-0.0002309
5.16285e-10	-0.00026461
5.16356e-10	-0.000298359
5.16427e-10	-0.000332144
5.16497e-10	-0.000365968
5.16568e-10	-0.000399829
5.16639e-10	-0.000433728
5.1671e-10	-0.000467665
5.1678e-10	-0.000501639
5.16851e-10	-0.000535651
5.16922e-10	-0.0005697
5.16992e-10	-0.000603787
5.17063e-10	-0.000637911
5.17134e-10	-0.000672073
5.17205e-10	-0.000706272
5.17275e-10	-0.000740508
5.17346e-10	-0.000774782
5.17417e-10	-0.000809093
5.17488e-10	-0.000843441
5.17558e-10	-0.000877826
5.17629e-10	-0.000912249
5.177e-10	-0.000946708
5.1777e-10	-0.000981205
5.17841e-10	-0.00101574
5.17912e-10	-0.00105031
5.17983e-10	-0.00108492
5.18053e-10	-0.00111956
5.18124e-10	-0.00115424
5.18195e-10	-0.00118896
5.18266e-10	-0.00122372
5.18336e-10	-0.00125851
5.18407e-10	-0.00129334
5.18478e-10	-0.00132821
5.18548e-10	-0.00136311
5.18619e-10	-0.00139805
5.1869e-10	-0.00143302
5.18761e-10	-0.00146804
5.18831e-10	-0.00150309
5.18902e-10	-0.00153817
5.18973e-10	-0.00157329
5.19044e-10	-0.00160845
5.19114e-10	-0.00164365
5.19185e-10	-0.00167888
5.19256e-10	-0.00171415
5.19327e-10	-0.00174945
5.19397e-10	-0.00178479
5.19468e-10	-0.00182017
5.19539e-10	-0.00185558
5.19609e-10	-0.00189103
5.1968e-10	-0.00192652
5.19751e-10	-0.00196204
5.19822e-10	-0.00199759
5.19892e-10	-0.00203319
5.19963e-10	-0.00206882
5.20034e-10	-0.00210448
5.20105e-10	-0.00214018
5.20175e-10	-0.00217592
5.20246e-10	-0.00221169
5.20317e-10	-0.0022475
5.20387e-10	-0.00228335
5.20458e-10	-0.00231923
5.20529e-10	-0.00235514
5.206e-10	-0.00239109
5.2067e-10	-0.00242708
5.20741e-10	-0.0024631
5.20812e-10	-0.00249916
5.20883e-10	-0.00253525
5.20953e-10	-0.00257138
5.21024e-10	-0.00260755
5.21095e-10	-0.00264375
5.21165e-10	-0.00267998
5.21236e-10	-0.00271625
5.21307e-10	-0.00275256
5.21378e-10	-0.0027889
5.21448e-10	-0.00282527
5.21519e-10	-0.00286168
5.2159e-10	-0.00289813
5.21661e-10	-0.00293461
5.21731e-10	-0.00297113
5.21802e-10	-0.00300768
5.21873e-10	-0.00304426
5.21943e-10	-0.00308088
5.22014e-10	-0.00311754
5.22085e-10	-0.00315423
5.22156e-10	-0.00319095
5.22226e-10	-0.00322771
5.22297e-10	-0.0032645
5.22368e-10	-0.00330133
5.22439e-10	-0.0033382
5.22509e-10	-0.00337509
5.2258e-10	-0.00341203
5.22651e-10	-0.00344899
5.22721e-10	-0.00348599
5.22792e-10	-0.00352303
5.22863e-10	-0.0035601
5.22934e-10	-0.0035972
5.23004e-10	-0.00363434
5.23075e-10	-0.00367151
5.23146e-10	-0.00370872
5.23217e-10	-0.00374596
5.23287e-10	-0.00378323
5.23358e-10	-0.00382054
5.23429e-10	-0.00385788
5.235e-10	-0.00389526
5.2357e-10	-0.00393267
5.23641e-10	-0.00397011
5.23712e-10	-0.00400759
5.23782e-10	-0.0040451
5.23853e-10	-0.00408265
5.23924e-10	-0.00412022
5.23995e-10	-0.00415784
5.24065e-10	-0.00419548
5.24136e-10	-0.00423316
5.24207e-10	-0.00427087
5.24278e-10	-0.00430862
5.24348e-10	-0.0043464
5.24419e-10	-0.00438421
5.2449e-10	-0.00442206
5.2456e-10	-0.00445994
5.24631e-10	-0.00449785
5.24702e-10	-0.00453579
5.24773e-10	-0.00457377
5.24843e-10	-0.00461178
5.24914e-10	-0.00464983
5.24985e-10	-0.0046879
5.25056e-10	-0.00472601
5.25126e-10	-0.00476416
5.25197e-10	-0.00480233
5.25268e-10	-0.00484054
5.25338e-10	-0.00487878
5.25409e-10	-0.00491706
5.2548e-10	-0.00495536
5.25551e-10	-0.0049937
5.25621e-10	-0.00503207
5.25692e-10	-0.00507048
5.25763e-10	-0.00510891
5.25834e-10	-0.00514738
5.25904e-10	-0.00518588
5.25975e-10	-0.00522441
5.26046e-10	-0.00526298
5.26116e-10	-0.00530158
5.26187e-10	-0.00534021
5.26258e-10	-0.00537887
5.26329e-10	-0.00541756
5.26399e-10	-0.00545629
5.2647e-10	-0.00549504
5.26541e-10	-0.00553383
5.26612e-10	-0.00557265
5.26682e-10	-0.00561151
5.26753e-10	-0.00565039
5.26824e-10	-0.00568931
5.26894e-10	-0.00572826
5.26965e-10	-0.00576723
5.27036e-10	-0.00580624
5.27107e-10	-0.00584529
5.27177e-10	-0.00588436
5.27248e-10	-0.00592347
5.27319e-10	-0.0059626
5.2739e-10	-0.00600177
5.2746e-10	-0.00604097
5.27531e-10	-0.0060802
5.27602e-10	-0.00611946
5.27673e-10	-0.00615875
5.27743e-10	-0.00619807
5.27814e-10	-0.00623743
5.27885e-10	-0.00627681
5.27955e-10	-0.00631623
5.28026e-10	-0.00635567
5.28097e-10	-0.00639515
5.28168e-10	-0.00643466
5.28238e-10	-0.0064742
5.28309e-10	-0.00651376
5.2838e-10	-0.00655336
5.28451e-10	-0.00659299
5.28521e-10	-0.00663265
5.28592e-10	-0.00667234
5.28663e-10	-0.00671206
5.28733e-10	-0.00675181
5.28804e-10	-0.0067916
5.28875e-10	-0.00683141
5.28946e-10	-0.00687125
5.29016e-10	-0.00691112
5.29087e-10	-0.00695102
5.29158e-10	-0.00699095
5.29229e-10	-0.00703091
5.29299e-10	-0.0070709
5.2937e-10	-0.00711092
5.29441e-10	-0.00715097
5.29511e-10	-0.00719105
5.29582e-10	-0.00723116
5.29653e-10	-0.0072713
5.29724e-10	-0.00731147
5.29794e-10	-0.00735167
5.29865e-10	-0.00739189
5.29936e-10	-0.00743215
5.30007e-10	-0.00747244
5.30077e-10	-0.00751275
5.30148e-10	-0.0075531
5.30219e-10	-0.00759347
5.30289e-10	-0.00763387
5.3036e-10	-0.0076743
5.30431e-10	-0.00771476
5.30502e-10	-0.00775525
5.30572e-10	-0.00779577
5.30643e-10	-0.00783631
5.30714e-10	-0.00787689
5.30785e-10	-0.00791749
5.30855e-10	-0.00795812
5.30926e-10	-0.00799878
5.30997e-10	-0.00803947
5.31067e-10	-0.00808019
5.31138e-10	-0.00812094
5.31209e-10	-0.00816171
5.3128e-10	-0.00820251
5.3135e-10	-0.00824334
5.31421e-10	-0.0082842
5.31492e-10	-0.00832509
5.31563e-10	-0.008366
5.31633e-10	-0.00840694
5.31704e-10	-0.00844791
5.31775e-10	-0.00848891
5.31846e-10	-0.00852994
5.31916e-10	-0.00857099
5.31987e-10	-0.00861207
5.32058e-10	-0.00865318
5.32128e-10	-0.00869431
5.32199e-10	-0.00873548
5.3227e-10	-0.00877667
5.32341e-10	-0.00881789
5.32411e-10	-0.00885913
5.32482e-10	-0.0089004
5.32553e-10	-0.0089417
5.32624e-10	-0.00898303
5.32694e-10	-0.00902438
5.32765e-10	-0.00906576
5.32836e-10	-0.00910717
5.32906e-10	-0.00914861
5.32977e-10	-0.00919007
5.33048e-10	-0.00923155
5.33119e-10	-0.00927307
5.33189e-10	-0.00931461
5.3326e-10	-0.00935618
5.33331e-10	-0.00939777
5.33402e-10	-0.00943939
5.33472e-10	-0.00948104
5.33543e-10	-0.00952271
5.33614e-10	-0.00956441
5.33684e-10	-0.00960613
5.33755e-10	-0.00964788
5.33826e-10	-0.00968966
5.33897e-10	-0.00973146
5.33967e-10	-0.00977329
5.34038e-10	-0.00981515
5.34109e-10	-0.00985703
5.3418e-10	-0.00989893
5.3425e-10	-0.00994087
5.34321e-10	-0.00998282
5.34392e-10	-0.0100248
5.34462e-10	-0.0100668
5.34533e-10	-0.0101088
5.34604e-10	-0.0101509
5.34675e-10	-0.010193
5.34745e-10	-0.0102351
5.34816e-10	-0.0102772
5.34887e-10	-0.0103194
5.34958e-10	-0.0103616
5.35028e-10	-0.0104038
5.35099e-10	-0.010446
5.3517e-10	-0.0104883
5.3524e-10	-0.0105306
5.35311e-10	-0.0105729
5.35382e-10	-0.0106152
5.35453e-10	-0.0106576
5.35523e-10	-0.0106999
5.35594e-10	-0.0107424
5.35665e-10	-0.0107848
5.35736e-10	-0.0108272
5.35806e-10	-0.0108697
5.35877e-10	-0.0109122
5.35948e-10	-0.0109547
5.36019e-10	-0.0109973
5.36089e-10	-0.0110399
5.3616e-10	-0.0110825
5.36231e-10	-0.0111251
5.36301e-10	-0.0111677
5.36372e-10	-0.0112104
5.36443e-10	-0.0112531
5.36514e-10	-0.0112958
5.36584e-10	-0.0113386
5.36655e-10	-0.0113813
5.36726e-10	-0.0114241
5.36797e-10	-0.0114669
5.36867e-10	-0.0115098
5.36938e-10	-0.0115526
5.37009e-10	-0.0115955
5.37079e-10	-0.0116384
5.3715e-10	-0.0116813
5.37221e-10	-0.0117243
5.37292e-10	-0.0117672
5.37362e-10	-0.0118102
5.37433e-10	-0.0118533
5.37504e-10	-0.0118963
5.37575e-10	-0.0119394
5.37645e-10	-0.0119824
5.37716e-10	-0.0120255
5.37787e-10	-0.0120687
5.37857e-10	-0.0121118
5.37928e-10	-0.012155
5.37999e-10	-0.0121982
5.3807e-10	-0.0122414
5.3814e-10	-0.0122846
5.38211e-10	-0.0123279
5.38282e-10	-0.0123712
5.38353e-10	-0.0124145
5.38423e-10	-0.0124578
5.38494e-10	-0.0125012
5.38565e-10	-0.0125445
5.38635e-10	-0.0125879
5.38706e-10	-0.0126313
5.38777e-10	-0.0126748
5.38848e-10	-0.0127182
5.38918e-10	-0.0127617
5.38989e-10	-0.0128052
5.3906e-10	-0.0128487
5.39131e-10	-0.0128923
5.39201e-10	-0.0129358
5.39272e-10	-0.0129794
5.39343e-10	-0.013023
5.39413e-10	-0.0130666
5.39484e-10	-0.0131103
5.39555e-10	-0.0131539
5.39626e-10	-0.0131976
5.39696e-10	-0.0132413
5.39767e-10	-0.013285
5.39838e-10	-0.0133288
5.39909e-10	-0.0133725
5.39979e-10	-0.0134163
5.4005e-10	-0.0134601
5.40121e-10	-0.0135039
5.40192e-10	-0.0135478
5.40262e-10	-0.0135916
5.40333e-10	-0.0136355
5.40404e-10	-0.0136794
5.40474e-10	-0.0137234
5.40545e-10	-0.0137673
5.40616e-10	-0.0138113
5.40687e-10	-0.0138552
5.40757e-10	-0.0138992
5.40828e-10	-0.0139433
5.40899e-10	-0.0139873
5.4097e-10	-0.0140313
5.4104e-10	-0.0140754
5.41111e-10	-0.0141195
5.41182e-10	-0.0141636
5.41252e-10	-0.0142078
5.41323e-10	-0.0142519
5.41394e-10	-0.0142961
5.41465e-10	-0.0143403
5.41535e-10	-0.0143845
5.41606e-10	-0.0144287
5.41677e-10	-0.0144729
5.41748e-10	-0.0145172
5.41818e-10	-0.0145615
5.41889e-10	-0.0146058
5.4196e-10	-0.0146501
5.4203e-10	-0.0146944
5.42101e-10	-0.0147388
5.42172e-10	-0.0147831
5.42243e-10	-0.0148275
5.42313e-10	-0.0148719
5.42384e-10	-0.0149163
5.42455e-10	-0.0149608
5.42526e-10	-0.0150052
5.42596e-10	-0.0150497
5.42667e-10	-0.0150942
5.42738e-10	-0.0151387
5.42808e-10	-0.0151832
5.42879e-10	-0.0152277
5.4295e-10	-0.0152723
5.43021e-10	-0.0153169
5.43091e-10	-0.0153615
5.43162e-10	-0.0154061
5.43233e-10	-0.0154507
5.43304e-10	-0.0154953
5.43374e-10	-0.01554
5.43445e-10	-0.0155847
5.43516e-10	-0.0156293
5.43586e-10	-0.015674
5.43657e-10	-0.0157188
5.43728e-10	-0.0157635
5.43799e-10	-0.0158082
5.43869e-10	-0.015853
5.4394e-10	-0.0158978
5.44011e-10	-0.0159426
5.44082e-10	-0.0159874
5.44152e-10	-0.0160322
5.44223e-10	-0.0160771
5.44294e-10	-0.0161219
5.44365e-10	-0.0161668
5.44435e-10	-0.0162117
5.44506e-10	-0.0162566
5.44577e-10	-0.0163015
5.44647e-10	-0.0163465
5.44718e-10	-0.0163914
5.44789e-10	-0.0164364
5.4486e-10	-0.0164814
5.4493e-10	-0.0165264
5.45001e-10	-0.0165714
5.45072e-10	-0.0166164
5.45143e-10	-0.0166614
5.45213e-10	-0.0167065
5.45284e-10	-0.0167515
5.45355e-10	-0.0167966
5.45425e-10	-0.0168417
5.45496e-10	-0.0168868
5.45567e-10	-0.0169319
5.45638e-10	-0.0169771
5.45708e-10	-0.0170222
5.45779e-10	-0.0170674
5.4585e-10	-0.0171126
5.45921e-10	-0.0171577
5.45991e-10	-0.0172029
5.46062e-10	-0.0172482
5.46133e-10	-0.0172934
5.46203e-10	-0.0173386
5.46274e-10	-0.0173839
5.46345e-10	-0.0174292
5.46416e-10	-0.0174744
5.46486e-10	-0.0175197
5.46557e-10	-0.017565
5.46628e-10	-0.0176103
5.46699e-10	-0.0176557
5.46769e-10	-0.017701
5.4684e-10	-0.0177464
5.46911e-10	-0.0177917
5.46981e-10	-0.0178371
5.47052e-10	-0.0178825
5.47123e-10	-0.0179279
5.47194e-10	-0.0179733
5.47264e-10	-0.0180188
5.47335e-10	-0.0180642
5.47406e-10	-0.0181096
5.47477e-10	-0.0181551
5.47547e-10	-0.0182006
5.47618e-10	-0.0182461
5.47689e-10	-0.0182915
5.47759e-10	-0.0183371
5.4783e-10	-0.0183826
5.47901e-10	-0.0184281
5.47972e-10	-0.0184736
5.48042e-10	-0.0185192
5.48113e-10	-0.0185647
5.48184e-10	-0.0186103
5.48255e-10	-0.0186559
5.48325e-10	-0.0187015
5.48396e-10	-0.0187471
5.48467e-10	-0.0187927
5.48538e-10	-0.0188383
5.48608e-10	-0.018884
5.48679e-10	-0.0189296
5.4875e-10	-0.0189753
5.4882e-10	-0.0190209
5.48891e-10	-0.0190666
5.48962e-10	-0.0191123
5.49033e-10	-0.019158
5.49103e-10	-0.0192037
5.49174e-10	-0.0192494
5.49245e-10	-0.0192951
5.49316e-10	-0.0193408
5.49386e-10	-0.0193866
5.49457e-10	-0.0194323
5.49528e-10	-0.0194781
5.49598e-10	-0.0195238
5.49669e-10	-0.0195696
5.4974e-10	-0.0196154
5.49811e-10	-0.0196612
5.49881e-10	-0.019707
5.49952e-10	-0.0197528
5.50023e-10	-0.0197986
5.50094e-10	-0.0198444
5.50164e-10	-0.0198902
5.50235e-10	-0.0199361
5.50306e-10	-0.0199819
5.50376e-10	-0.0200278
5.50447e-10	-0.0200736
5.50518e-10	-0.0201195
5.50589e-10	-0.0201654
5.50659e-10	-0.0202113
5.5073e-10	-0.0202572
5.50801e-10	-0.0203031
5.50872e-10	-0.020349
5.50942e-10	-0.0203949
5.51013e-10	-0.0204408
5.51084e-10	-0.0204867
5.51154e-10	-0.0205327
5.51225e-10	-0.0205786
5.51296e-10	-0.0206246
5.51367e-10	-0.0206705
5.51437e-10	-0.0207165
5.51508e-10	-0.0207624
5.51579e-10	-0.0208084
5.5165e-10	-0.0208544
5.5172e-10	-0.0209004
5.51791e-10	-0.0209464
5.51862e-10	-0.0209924
5.51932e-10	-0.0210384
5.52003e-10	-0.0210844
5.52074e-10	-0.0211304
5.52145e-10	-0.0211764
5.52215e-10	-0.0212224
5.52286e-10	-0.0212685
5.52357e-10	-0.0213145
5.52428e-10	-0.0213606
5.52498e-10	-0.0214066
5.52569e-10	-0.0214527
5.5264e-10	-0.0214987
5.52711e-10	-0.0215448
5.52781e-10	-0.0215908
5.52852e-10	-0.0216369
5.52923e-10	-0.021683
5.52993e-10	-0.0217291
5.53064e-10	-0.0217751
5.53135e-10	-0.0218212
5.53206e-10	-0.0218673
5.53276e-10	-0.0219134
5.53347e-10	-0.0219595
5.53418e-10	-0.0220056
5.53489e-10	-0.0220517
5.53559e-10	-0.0220978
5.5363e-10	-0.0221439
5.53701e-10	-0.0221901
5.53771e-10	-0.0222362
5.53842e-10	-0.0222823
5.53913e-10	-0.0223284
5.53984e-10	-0.0223746
5.54054e-10	-0.0224207
5.54125e-10	-0.0224668
5.54196e-10	-0.022513
5.54267e-10	-0.0225591
5.54337e-10	-0.0226052
5.54408e-10	-0.0226514
5.54479e-10	-0.0226975
5.54549e-10	-0.0227437
5.5462e-10	-0.0227898
5.54691e-10	-0.022836
5.54762e-10	-0.0228822
5.54832e-10	-0.0229283
5.54903e-10	-0.0229745
5.54974e-10	-0.0230206
5.55045e-10	-0.0230668
5.55115e-10	-0.023113
5.55186e-10	-0.0231591
5.55257e-10	-0.0232053
5.55327e-10	-0.0232515
5.55398e-10	-0.0232976
5.55469e-10	-0.0233438
5.5554e-10	-0.02339
5.5561e-10	-0.0234361
5.55681e-10	-0.0234823
5.55752e-10	-0.0235285
5.55823e-10	-0.0235746
5.55893e-10	-0.0236208
5.55964e-10	-0.023667
5.56035e-10	-0.0237132
5.56105e-10	-0.0237593
5.56176e-10	-0.0238055
5.56247e-10	-0.0238517
5.56318e-10	-0.0238979
5.56388e-10	-0.023944
5.56459e-10	-0.0239902
5.5653e-10	-0.0240364
5.56601e-10	-0.0240825
5.56671e-10	-0.0241287
5.56742e-10	-0.0241749
5.56813e-10	-0.024221
5.56884e-10	-0.0242672
5.56954e-10	-0.0243134
5.57025e-10	-0.0243595
5.57096e-10	-0.0244057
5.57166e-10	-0.0244519
5.57237e-10	-0.024498
5.57308e-10	-0.0245442
5.57379e-10	-0.0245903
5.57449e-10	-0.0246365
5.5752e-10	-0.0246826
5.57591e-10	-0.0247288
5.57662e-10	-0.0247749
5.57732e-10	-0.0248211
5.57803e-10	-0.0248672
5.57874e-10	-0.0249134
5.57944e-10	-0.0249595
5.58015e-10	-0.0250056
5.58086e-10	-0.0250518
5.58157e-10	-0.0250979
5.58227e-10	-0.025144
5.58298e-10	-0.0251902
5.58369e-10	-0.0252363
5.5844e-10	-0.0252824
5.5851e-10	-0.0253285
5.58581e-10	-0.0253746
5.58652e-10	-0.0254207
5.58722e-10	-0.0254668
5.58793e-10	-0.0255129
5.58864e-10	-0.025559
5.58935e-10	-0.0256051
5.59005e-10	-0.0256512
5.59076e-10	-0.0256973
5.59147e-10	-0.0257433
5.59218e-10	-0.0257894
5.59288e-10	-0.0258355
5.59359e-10	-0.0258815
5.5943e-10	-0.0259276
5.595e-10	-0.0259737
5.59571e-10	-0.0260197
5.59642e-10	-0.0260658
5.59713e-10	-0.0261118
5.59783e-10	-0.0261578
5.59854e-10	-0.0262038
5.59925e-10	-0.0262499
5.59996e-10	-0.0262959
5.60066e-10	-0.0263419
5.60137e-10	-0.0263879
5.60208e-10	-0.0264339
5.60279e-10	-0.0264799
5.60349e-10	-0.0265259
5.6042e-10	-0.0265719
5.60491e-10	-0.0266178
5.60561e-10	-0.0266638
5.60632e-10	-0.0267098
5.60703e-10	-0.0267557
5.60774e-10	-0.0268017
5.60844e-10	-0.0268476
5.60915e-10	-0.0268935
5.60986e-10	-0.0269394
5.61057e-10	-0.0269854
5.61127e-10	-0.0270313
5.61198e-10	-0.0270772
5.61269e-10	-0.0271231
5.61339e-10	-0.027169
5.6141e-10	-0.0272148
5.61481e-10	-0.0272607
5.61552e-10	-0.0273066
5.61622e-10	-0.0273524
5.61693e-10	-0.0273983
5.61764e-10	-0.0274441
5.61835e-10	-0.02749
5.61905e-10	-0.0275358
5.61976e-10	-0.0275816
5.62047e-10	-0.0276274
5.62117e-10	-0.0276732
5.62188e-10	-0.027719
5.62259e-10	-0.0277648
5.6233e-10	-0.0278105
5.624e-10	-0.0278563
5.62471e-10	-0.027902
5.62542e-10	-0.0279478
5.62613e-10	-0.0279935
5.62683e-10	-0.0280392
5.62754e-10	-0.0280849
5.62825e-10	-0.0281306
5.62895e-10	-0.0281763
5.62966e-10	-0.028222
5.63037e-10	-0.0282677
5.63108e-10	-0.0283133
5.63178e-10	-0.028359
5.63249e-10	-0.0284046
5.6332e-10	-0.0284502
5.63391e-10	-0.0284959
5.63461e-10	-0.0285415
5.63532e-10	-0.0285871
5.63603e-10	-0.0286326
5.63673e-10	-0.0286782
5.63744e-10	-0.0287238
5.63815e-10	-0.0287693
5.63886e-10	-0.0288149
5.63956e-10	-0.0288604
5.64027e-10	-0.0289059
5.64098e-10	-0.0289514
5.64169e-10	-0.0289969
5.64239e-10	-0.0290424
5.6431e-10	-0.0290878
5.64381e-10	-0.0291333
5.64452e-10	-0.0291787
5.64522e-10	-0.0292242
5.64593e-10	-0.0292696
5.64664e-10	-0.029315
5.64734e-10	-0.0293604
5.64805e-10	-0.0294057
5.64876e-10	-0.0294511
5.64947e-10	-0.0294964
5.65017e-10	-0.0295418
5.65088e-10	-0.0295871
5.65159e-10	-0.0296324
5.6523e-10	-0.0296777
5.653e-10	-0.029723
5.65371e-10	-0.0297683
5.65442e-10	-0.0298135
5.65512e-10	-0.0298587
5.65583e-10	-0.029904
5.65654e-10	-0.0299492
5.65725e-10	-0.0299944
5.65795e-10	-0.0300396
5.65866e-10	-0.0300847
5.65937e-10	-0.0301299
5.66008e-10	-0.030175
5.66078e-10	-0.0302201
5.66149e-10	-0.0302652
5.6622e-10	-0.0303103
5.6629e-10	-0.0303554
5.66361e-10	-0.0304004
5.66432e-10	-0.0304455
5.66503e-10	-0.0304905
5.66573e-10	-0.0305355
5.66644e-10	-0.0305805
5.66715e-10	-0.0306255
5.66786e-10	-0.0306705
5.66856e-10	-0.0307154
5.66927e-10	-0.0307603
5.66998e-10	-0.0308053
5.67068e-10	-0.0308501
5.67139e-10	-0.030895
5.6721e-10	-0.0309399
5.67281e-10	-0.0309847
5.67351e-10	-0.0310296
5.67422e-10	-0.0310744
5.67493e-10	-0.0311192
5.67564e-10	-0.0311639
5.67634e-10	-0.0312087
5.67705e-10	-0.0312534
5.67776e-10	-0.0312982
5.67846e-10	-0.0313429
5.67917e-10	-0.0313875
5.67988e-10	-0.0314322
5.68059e-10	-0.0314769
5.68129e-10	-0.0315215
5.682e-10	-0.0315661
5.68271e-10	-0.0316107
5.68342e-10	-0.0316553
5.68412e-10	-0.0316998
5.68483e-10	-0.0317444
5.68554e-10	-0.0317889
5.68625e-10	-0.0318334
5.68695e-10	-0.0318779
5.68766e-10	-0.0319223
5.68837e-10	-0.0319668
5.68907e-10	-0.0320112
5.68978e-10	-0.0320556
5.69049e-10	-0.0321
5.6912e-10	-0.0321443
5.6919e-10	-0.0321886
5.69261e-10	-0.032233
5.69332e-10	-0.0322773
5.69403e-10	-0.0323215
5.69473e-10	-0.0323658
5.69544e-10	-0.03241
5.69615e-10	-0.0324542
5.69685e-10	-0.0324984
5.69756e-10	-0.0325426
5.69827e-10	-0.0325868
5.69898e-10	-0.0326309
5.69968e-10	-0.032675
5.70039e-10	-0.0327191
5.7011e-10	-0.0327632
5.70181e-10	-0.0328072
5.70251e-10	-0.0328512
5.70322e-10	-0.0328952
5.70393e-10	-0.0329392
5.70463e-10	-0.0329832
5.70534e-10	-0.0330271
5.70605e-10	-0.033071
5.70676e-10	-0.0331149
5.70746e-10	-0.0331587
5.70817e-10	-0.0332026
5.70888e-10	-0.0332464
5.70959e-10	-0.0332902
5.71029e-10	-0.033334
5.711e-10	-0.0333777
5.71171e-10	-0.0334214
5.71241e-10	-0.0334651
5.71312e-10	-0.0335088
5.71383e-10	-0.0335525
5.71454e-10	-0.0335961
5.71524e-10	-0.0336397
5.71595e-10	-0.0336833
5.71666e-10	-0.0337268
5.71737e-10	-0.0337704
5.71807e-10	-0.0338139
5.71878e-10	-0.0338573
5.71949e-10	-0.0339008
5.72019e-10	-0.0339442
5.7209e-10	-0.0339876
5.72161e-10	-0.034031
5.72232e-10	-0.0340744
5.72302e-10	-0.0341177
5.72373e-10	-0.034161
5.72444e-10	-0.0342043
5.72515e-10	-0.0342475
5.72585e-10	-0.0342908
5.72656e-10	-0.034334
5.72727e-10	-0.0343771
5.72798e-10	-0.0344203
5.72868e-10	-0.0344634
5.72939e-10	-0.0345065
5.7301e-10	-0.0345496
5.7308e-10	-0.0345926
5.73151e-10	-0.0346356
5.73222e-10	-0.0346786
5.73293e-10	-0.0347216
5.73363e-10	-0.0347645
5.73434e-10	-0.0348074
5.73505e-10	-0.0348503
5.73576e-10	-0.0348931
5.73646e-10	-0.034936
5.73717e-10	-0.0349788
5.73788e-10	-0.0350215
5.73858e-10	-0.0350643
5.73929e-10	-0.035107
5.74e-10	-0.0351497
5.74071e-10	-0.0351923
5.74141e-10	-0.0352349
5.74212e-10	-0.0352775
5.74283e-10	-0.0353201
5.74354e-10	-0.0353626
5.74424e-10	-0.0354052
5.74495e-10	-0.0354476
5.74566e-10	-0.0354901
5.74636e-10	-0.0355325
5.74707e-10	-0.0355749
5.74778e-10	-0.0356173
5.74849e-10	-0.0356596
5.74919e-10	-0.0357019
5.7499e-10	-0.0357442
5.75061e-10	-0.0357864
5.75132e-10	-0.0358286
5.75202e-10	-0.0358708
5.75273e-10	-0.0359129
5.75344e-10	-0.0359551
5.75414e-10	-0.0359971
5.75485e-10	-0.0360392
5.75556e-10	-0.0360812
5.75627e-10	-0.0361232
5.75697e-10	-0.0361652
5.75768e-10	-0.0362071
5.75839e-10	-0.036249
5.7591e-10	-0.0362909
5.7598e-10	-0.0363327
5.76051e-10	-0.0363745
5.76122e-10	-0.0364163
5.76192e-10	-0.036458
5.76263e-10	-0.0364997
5.76334e-10	-0.0365414
5.76405e-10	-0.0365831
5.76475e-10	-0.0366247
5.76546e-10	-0.0366662
5.76617e-10	-0.0367078
5.76688e-10	-0.0367493
5.76758e-10	-0.0367908
5.76829e-10	-0.0368322
5.769e-10	-0.0368736
5.76971e-10	-0.036915
5.77041e-10	-0.0369564
5.77112e-10	-0.0369977
5.77183e-10	-0.0370389
5.77253e-10	-0.0370802
5.77324e-10	-0.0371214
5.77395e-10	-0.0371626
5.77466e-10	-0.0372037
5.77536e-10	-0.0372448
5.77607e-10	-0.0372859
5.77678e-10	-0.0373269
5.77749e-10	-0.0373679
5.77819e-10	-0.0374089
5.7789e-10	-0.0374498
5.77961e-10	-0.0374907
5.78031e-10	-0.0375315
5.78102e-10	-0.0375724
5.78173e-10	-0.0376132
5.78244e-10	-0.0376539
5.78314e-10	-0.0376946
5.78385e-10	-0.0377353
5.78456e-10	-0.0377759
5.78527e-10	-0.0378165
5.78597e-10	-0.0378571
5.78668e-10	-0.0378977
5.78739e-10	-0.0379381
5.78809e-10	-0.0379786
5.7888e-10	-0.038019
5.78951e-10	-0.0380594
5.79022e-10	-0.0380998
5.79092e-10	-0.0381401
5.79163e-10	-0.0381803
5.79234e-10	-0.0382206
5.79305e-10	-0.0382608
5.79375e-10	-0.0383009
5.79446e-10	-0.0383411
5.79517e-10	-0.0383811
5.79587e-10	-0.0384212
5.79658e-10	-0.0384612
5.79729e-10	-0.0385012
5.798e-10	-0.0385411
5.7987e-10	-0.038581
5.79941e-10	-0.0386208
5.80012e-10	-0.0386607
5.80083e-10	-0.0387004
5.80153e-10	-0.0387402
5.80224e-10	-0.0387799
5.80295e-10	-0.0388195
5.80365e-10	-0.0388591
5.80436e-10	-0.0388987
5.80507e-10	-0.0389382
5.80578e-10	-0.0389777
5.80648e-10	-0.0390172
5.80719e-10	-0.0390566
5.8079e-10	-0.039096
5.80861e-10	-0.0391353
5.80931e-10	-0.0391746
5.81002e-10	-0.0392139
5.81073e-10	-0.0392531
5.81144e-10	-0.0392923
5.81214e-10	-0.0393314
5.81285e-10	-0.0393705
5.81356e-10	-0.0394095
5.81426e-10	-0.0394485
5.81497e-10	-0.0394875
5.81568e-10	-0.0395264
5.81639e-10	-0.0395653
5.81709e-10	-0.0396041
5.8178e-10	-0.0396429
5.81851e-10	-0.0396817
5.81922e-10	-0.0397204
5.81992e-10	-0.0397591
5.82063e-10	-0.0397977
5.82134e-10	-0.0398363
5.82204e-10	-0.0398748
5.82275e-10	-0.0399133
5.82346e-10	-0.0399518
5.82417e-10	-0.0399902
5.82487e-10	-0.0400286
5.82558e-10	-0.0400669
5.82629e-10	-0.0401052
5.827e-10	-0.0401434
5.8277e-10	-0.0401816
5.82841e-10	-0.0402198
5.82912e-10	-0.0402579
5.82982e-10	-0.0402959
5.83053e-10	-0.0403339
5.83124e-10	-0.0403719
5.83195e-10	-0.0404098
5.83265e-10	-0.0404477
5.83336e-10	-0.0404855
5.83407e-10	-0.0405233
5.83478e-10	-0.0405611
5.83548e-10	-0.0405988
5.83619e-10	-0.0406364
5.8369e-10	-0.0406741
5.8376e-10	-0.0407116
5.83831e-10	-0.0407491
5.83902e-10	-0.0407866
5.83973e-10	-0.040824
5.84043e-10	-0.0408614
5.84114e-10	-0.0408987
5.84185e-10	-0.040936
5.84256e-10	-0.0409733
5.84326e-10	-0.0410105
5.84397e-10	-0.0410476
5.84468e-10	-0.0410847
5.84538e-10	-0.0411218
5.84609e-10	-0.0411588
5.8468e-10	-0.0411957
5.84751e-10	-0.0412326
5.84821e-10	-0.0412695
5.84892e-10	-0.0413063
5.84963e-10	-0.0413431
5.85034e-10	-0.0413798
5.85104e-10	-0.0414165
5.85175e-10	-0.0414531
5.85246e-10	-0.0414897
5.85317e-10	-0.0415262
5.85387e-10	-0.0415627
5.85458e-10	-0.0415991
5.85529e-10	-0.0416355
5.85599e-10	-0.0416718
5.8567e-10	-0.0417081
5.85741e-10	-0.0417443
5.85812e-10	-0.0417805
5.85882e-10	-0.0418166
5.85953e-10	-0.0418527
5.86024e-10	-0.0418887
5.86095e-10	-0.0419247
5.86165e-10	-0.0419606
5.86236e-10	-0.0419965
5.86307e-10	-0.0420323
5.86377e-10	-0.0420681
5.86448e-10	-0.0421039
5.86519e-10	-0.0421395
5.8659e-10	-0.0421752
5.8666e-10	-0.0422107
5.86731e-10	-0.0422463
5.86802e-10	-0.0422817
5.86873e-10	-0.0423172
5.86943e-10	-0.0423525
5.87014e-10	-0.0423879
5.87085e-10	-0.0424231
5.87155e-10	-0.0424583
5.87226e-10	-0.0424935
5.87297e-10	-0.0425286
5.87368e-10	-0.0425637
5.87438e-10	-0.0425987
5.87509e-10	-0.0426336
5.8758e-10	-0.0426685
5.87651e-10	-0.0427034
5.87721e-10	-0.0427382
5.87792e-10	-0.0427729
5.87863e-10	-0.0428076
5.87933e-10	-0.0428422
5.88004e-10	-0.0428768
5.88075e-10	-0.0429113
5.88146e-10	-0.0429458
5.88216e-10	-0.0429802
5.88287e-10	-0.0430146
5.88358e-10	-0.0430489
5.88429e-10	-0.0430832
5.88499e-10	-0.0431174
5.8857e-10	-0.0431515
5.88641e-10	-0.0431856
5.88711e-10	-0.0432197
5.88782e-10	-0.0432536
5.88853e-10	-0.0432876
5.88924e-10	-0.0433214
5.88994e-10	-0.0433553
5.89065e-10	-0.043389
5.89136e-10	-0.0434227
5.89207e-10	-0.0434564
5.89277e-10	-0.04349
5.89348e-10	-0.0435235
5.89419e-10	-0.043557
5.8949e-10	-0.0435904
5.8956e-10	-0.0436238
5.89631e-10	-0.0436571
5.89702e-10	-0.0436904
5.89772e-10	-0.0437236
5.89843e-10	-0.0437567
5.89914e-10	-0.0437898
5.89985e-10	-0.0438228
5.90055e-10	-0.0438558
5.90126e-10	-0.0438887
5.90197e-10	-0.0439216
5.90268e-10	-0.0439544
5.90338e-10	-0.0439871
5.90409e-10	-0.0440198
5.9048e-10	-0.0440524
5.9055e-10	-0.044085
5.90621e-10	-0.0441175
5.90692e-10	-0.04415
5.90763e-10	-0.0441824
5.90833e-10	-0.0442147
5.90904e-10	-0.044247
5.90975e-10	-0.0442792
5.91046e-10	-0.0443113
5.91116e-10	-0.0443434
5.91187e-10	-0.0443755
5.91258e-10	-0.0444075
5.91328e-10	-0.0444394
5.91399e-10	-0.0444712
5.9147e-10	-0.044503
5.91541e-10	-0.0445348
5.91611e-10	-0.0445665
5.91682e-10	-0.0445981
5.91753e-10	-0.0446296
5.91824e-10	-0.0446611
5.91894e-10	-0.0446926
5.91965e-10	-0.0447239
5.92036e-10	-0.0447553
5.92106e-10	-0.0447865
5.92177e-10	-0.0448177
5.92248e-10	-0.0448488
5.92319e-10	-0.0448799
5.92389e-10	-0.0449109
5.9246e-10	-0.0449419
5.92531e-10	-0.0449728
5.92602e-10	-0.0450036
5.92672e-10	-0.0450343
5.92743e-10	-0.045065
5.92814e-10	-0.0450957
5.92884e-10	-0.0451263
5.92955e-10	-0.0451568
5.93026e-10	-0.0451872
5.93097e-10	-0.0452176
5.93167e-10	-0.0452479
5.93238e-10	-0.0452782
5.93309e-10	-0.0453084
5.9338e-10	-0.0453385
5.9345e-10	-0.0453686
5.93521e-10	-0.0453986
5.93592e-10	-0.0454285
5.93663e-10	-0.0454584
5.93733e-10	-0.0454882
5.93804e-10	-0.045518
5.93875e-10	-0.0455477
5.93945e-10	-0.0455773
5.94016e-10	-0.0456069
5.94087e-10	-0.0456363
5.94158e-10	-0.0456658
5.94228e-10	-0.0456951
5.94299e-10	-0.0457244
5.9437e-10	-0.0457537
5.94441e-10	-0.0457828
5.94511e-10	-0.0458119
5.94582e-10	-0.045841
5.94653e-10	-0.0458699
5.94723e-10	-0.0458988
5.94794e-10	-0.0459277
5.94865e-10	-0.0459565
5.94936e-10	-0.0459852
5.95006e-10	-0.0460138
5.95077e-10	-0.0460424
5.95148e-10	-0.0460709
5.95219e-10	-0.0460993
5.95289e-10	-0.0461277
5.9536e-10	-0.046156
5.95431e-10	-0.0461842
5.95501e-10	-0.0462124
5.95572e-10	-0.0462405
5.95643e-10	-0.0462686
5.95714e-10	-0.0462965
5.95784e-10	-0.0463244
5.95855e-10	-0.0463523
5.95926e-10	-0.04638
5.95997e-10	-0.0464077
5.96067e-10	-0.0464353
5.96138e-10	-0.0464629
5.96209e-10	-0.0464904
5.96279e-10	-0.0465178
5.9635e-10	-0.0465452
5.96421e-10	-0.0465725
5.96492e-10	-0.0465997
5.96562e-10	-0.0466268
5.96633e-10	-0.0466539
5.96704e-10	-0.0466809
5.96775e-10	-0.0467079
5.96845e-10	-0.0467347
5.96916e-10	-0.0467615
5.96987e-10	-0.0467882
5.97057e-10	-0.0468149
5.97128e-10	-0.0468415
5.97199e-10	-0.046868
5.9727e-10	-0.0468945
5.9734e-10	-0.0469208
5.97411e-10	-0.0469471
5.97482e-10	-0.0469734
5.97553e-10	-0.0469995
5.97623e-10	-0.0470256
5.97694e-10	-0.0470517
5.97765e-10	-0.0470776
5.97836e-10	-0.0471035
5.97906e-10	-0.0471293
5.97977e-10	-0.047155
5.98048e-10	-0.0471807
5.98118e-10	-0.0472063
5.98189e-10	-0.0472318
5.9826e-10	-0.0472573
5.98331e-10	-0.0472826
5.98401e-10	-0.0473079
5.98472e-10	-0.0473332
5.98543e-10	-0.0473583
5.98614e-10	-0.0473834
5.98684e-10	-0.0474084
5.98755e-10	-0.0474334
5.98826e-10	-0.0474582
5.98896e-10	-0.047483
5.98967e-10	-0.0475077
5.99038e-10	-0.0475324
5.99109e-10	-0.0475569
5.99179e-10	-0.0475814
5.9925e-10	-0.0476059
5.99321e-10	-0.0476302
5.99392e-10	-0.0476545
5.99462e-10	-0.0476787
5.99533e-10	-0.0477028
5.99604e-10	-0.0477269
5.99674e-10	-0.0477508
5.99745e-10	-0.0477747
5.99816e-10	-0.0477986
5.99887e-10	-0.0478223
5.99957e-10	-0.047846
6.00028e-10	-0.0478696
6.00099e-10	-0.0478931
6.0017e-10	-0.0479165
6.0024e-10	-0.0479399
6.00311e-10	-0.0479632
6.00382e-10	-0.0479864
6.00452e-10	-0.0480096
6.00523e-10	-0.0480326
6.00594e-10	-0.0480556
6.00665e-10	-0.0480785
6.00735e-10	-0.0481014
6.00806e-10	-0.0481241
6.00877e-10	-0.0481468
6.00948e-10	-0.0481694
6.01018e-10	-0.048192
6.01089e-10	-0.0482144
6.0116e-10	-0.0482368
6.0123e-10	-0.0482591
6.01301e-10	-0.0482813
6.01372e-10	-0.0483034
6.01443e-10	-0.0483255
6.01513e-10	-0.0483475
6.01584e-10	-0.0483694
6.01655e-10	-0.0483912
6.01726e-10	-0.048413
6.01796e-10	-0.0484346
6.01867e-10	-0.0484562
6.01938e-10	-0.0484777
6.02009e-10	-0.0484992
6.02079e-10	-0.0485205
6.0215e-10	-0.0485418
6.02221e-10	-0.048563
6.02291e-10	-0.0485841
6.02362e-10	-0.0486051
6.02433e-10	-0.0486261
6.02504e-10	-0.048647
6.02574e-10	-0.0486678
6.02645e-10	-0.0486885
6.02716e-10	-0.0487091
6.02787e-10	-0.0487297
6.02857e-10	-0.0487502
6.02928e-10	-0.0487705
6.02999e-10	-0.0487909
6.03069e-10	-0.0488111
6.0314e-10	-0.0488312
6.03211e-10	-0.0488513
6.03282e-10	-0.0488713
6.03352e-10	-0.0488912
6.03423e-10	-0.048911
6.03494e-10	-0.0489308
6.03565e-10	-0.0489504
6.03635e-10	-0.04897
6.03706e-10	-0.0489895
6.03777e-10	-0.0490089
6.03847e-10	-0.0490283
6.03918e-10	-0.0490475
6.03989e-10	-0.0490667
6.0406e-10	-0.0490858
6.0413e-10	-0.0491048
6.04201e-10	-0.0491237
6.04272e-10	-0.0491425
6.04343e-10	-0.0491613
6.04413e-10	-0.04918
6.04484e-10	-0.0491986
6.04555e-10	-0.0492171
6.04625e-10	-0.0492355
6.04696e-10	-0.0492538
6.04767e-10	-0.0492721
6.04838e-10	-0.0492902
6.04908e-10	-0.0493083
6.04979e-10	-0.0493263
6.0505e-10	-0.0493442
6.05121e-10	-0.0493621
6.05191e-10	-0.0493798
6.05262e-10	-0.0493975
6.05333e-10	-0.0494151
6.05403e-10	-0.0494325
6.05474e-10	-0.04945
6.05545e-10	-0.0494673
6.05616e-10	-0.0494845
6.05686e-10	-0.0495017
6.05757e-10	-0.0495187
6.05828e-10	-0.0495357
6.05899e-10	-0.0495526
6.05969e-10	-0.0495694
6.0604e-10	-0.0495861
6.06111e-10	-0.0496028
6.06182e-10	-0.0496193
6.06252e-10	-0.0496358
6.06323e-10	-0.0496522
6.06394e-10	-0.0496684
6.06464e-10	-0.0496847
6.06535e-10	-0.0497008
6.06606e-10	-0.0497168
6.06677e-10	-0.0497327
6.06747e-10	-0.0497486
6.06818e-10	-0.0497644
6.06889e-10	-0.04978
6.0696e-10	-0.0497956
6.0703e-10	-0.0498111
6.07101e-10	-0.0498265
6.07172e-10	-0.0498419
6.07242e-10	-0.0498571
6.07313e-10	-0.0498723
6.07384e-10	-0.0498873
6.07455e-10	-0.0499023
6.07525e-10	-0.0499172
6.07596e-10	-0.049932
6.07667e-10	-0.0499467
6.07738e-10	-0.0499613
6.07808e-10	-0.0499758
6.07879e-10	-0.0499903
6.0795e-10	-0.0500046
6.0802e-10	-0.0500189
6.08091e-10	-0.0500331
6.08162e-10	-0.0500471
6.08233e-10	-0.0500611
6.08303e-10	-0.050075
6.08374e-10	-0.0500888
6.08445e-10	-0.0501026
6.08516e-10	-0.0501162
6.08586e-10	-0.0501297
6.08657e-10	-0.0501432
6.08728e-10	-0.0501565
6.08798e-10	-0.0501698
6.08869e-10	-0.050183
6.0894e-10	-0.0501961
6.09011e-10	-0.0502091
6.09081e-10	-0.050222
6.09152e-10	-0.0502348
6.09223e-10	-0.0502475
6.09294e-10	-0.0502601
6.09364e-10	-0.0502727
6.09435e-10	-0.0502851
6.09506e-10	-0.0502975
6.09577e-10	-0.0503097
6.09647e-10	-0.0503219
6.09718e-10	-0.050334
6.09789e-10	-0.0503459
6.09859e-10	-0.0503578
6.0993e-10	-0.0503696
6.10001e-10	-0.0503813
6.10072e-10	-0.050393
6.10142e-10	-0.0504045
6.10213e-10	-0.0504159
6.10284e-10	-0.0504272
6.10355e-10	-0.0504385
6.10425e-10	-0.0504496
6.10496e-10	-0.0504607
6.10567e-10	-0.0504716
6.10637e-10	-0.0504825
6.10708e-10	-0.0504933
6.10779e-10	-0.0505039
6.1085e-10	-0.0505145
6.1092e-10	-0.050525
6.10991e-10	-0.0505354
6.11062e-10	-0.0505457
6.11133e-10	-0.0505559
6.11203e-10	-0.050566
6.11274e-10	-0.050576
6.11345e-10	-0.0505859
6.11415e-10	-0.0505958
6.11486e-10	-0.0506055
6.11557e-10	-0.0506151
6.11628e-10	-0.0506247
6.11698e-10	-0.0506341
6.11769e-10	-0.0506435
6.1184e-10	-0.0506527
6.11911e-10	-0.0506619
6.11981e-10	-0.0506709
6.12052e-10	-0.0506799
6.12123e-10	-0.0506887
6.12193e-10	-0.0506975
6.12264e-10	-0.0507062
6.12335e-10	-0.0507148
6.12406e-10	-0.0507232
6.12476e-10	-0.0507316
6.12547e-10	-0.0507399
6.12618e-10	-0.0507481
6.12689e-10	-0.0507562
6.12759e-10	-0.0507642
6.1283e-10	-0.0507721
6.12901e-10	-0.0507799
6.12971e-10	-0.0507876
6.13042e-10	-0.0507952
6.13113e-10	-0.0508027
6.13184e-10	-0.0508101
6.13254e-10	-0.0508174
6.13325e-10	-0.0508246
6.13396e-10	-0.0508317
6.13467e-10	-0.0508387
6.13537e-10	-0.0508456
6.13608e-10	-0.0508524
6.13679e-10	-0.0508592
6.1375e-10	-0.0508658
6.1382e-10	-0.0508723
6.13891e-10	-0.0508787
6.13962e-10	-0.050885
6.14032e-10	-0.0508913
6.14103e-10	-0.0508974
6.14174e-10	-0.0509034
6.14245e-10	-0.0509093
6.14315e-10	-0.0509151
6.14386e-10	-0.0509209
6.14457e-10	-0.0509265
6.14528e-10	-0.050932
6.14598e-10	-0.0509374
6.14669e-10	-0.0509427
6.1474e-10	-0.050948
6.1481e-10	-0.0509531
6.14881e-10	-0.0509581
6.14952e-10	-0.050963
6.15023e-10	-0.0509678
6.15093e-10	-0.0509726
6.15164e-10	-0.0509772
6.15235e-10	-0.0509817
6.15306e-10	-0.0509861
6.15376e-10	-0.0509904
6.15447e-10	-0.0509946
6.15518e-10	-0.0509987
6.15588e-10	-0.0510027
6.15659e-10	-0.0510066
6.1573e-10	-0.0510104
6.15801e-10	-0.0510141
6.15871e-10	-0.0510177
6.15942e-10	-0.0510212
6.16013e-10	-0.0510246
6.16084e-10	-0.0510279
6.16154e-10	-0.0510311
6.16225e-10	-0.0510342
6.16296e-10	-0.0510371
6.16366e-10	-0.05104
6.16437e-10	-0.0510428
6.16508e-10	-0.0510455
6.16579e-10	-0.051048
6.16649e-10	-0.0510505
6.1672e-10	-0.0510528
6.16791e-10	-0.0510551
6.16862e-10	-0.0510573
6.16932e-10	-0.0510593
6.17003e-10	-0.0510612
6.17074e-10	-0.0510631
6.17144e-10	-0.0510648
6.17215e-10	-0.0510665
6.17286e-10	-0.051068
6.17357e-10	-0.0510694
6.17427e-10	-0.0510707
6.17498e-10	-0.0510719
6.17569e-10	-0.051073
6.1764e-10	-0.051074
6.1771e-10	-0.0510749
6.17781e-10	-0.0510757
6.17852e-10	-0.0510764
6.17923e-10	-0.051077
6.17993e-10	-0.0510775
6.18064e-10	-0.0510778
6.18135e-10	-0.0510781
6.18205e-10	-0.0510783
6.18276e-10	-0.0510783
6.18347e-10	-0.0510783
6.18418e-10	-0.0510781
6.18488e-10	-0.0510778
6.18559e-10	-0.0510775
6.1863e-10	-0.051077
6.18701e-10	-0.0510764
6.18771e-10	-0.0510757
6.18842e-10	-0.0510749
6.18913e-10	-0.051074
6.18983e-10	-0.051073
6.19054e-10	-0.0510719
6.19125e-10	-0.0510707
6.19196e-10	-0.0510693
6.19266e-10	-0.0510679
6.19337e-10	-0.0510663
6.19408e-10	-0.0510647
6.19479e-10	-0.0510629
6.19549e-10	-0.051061
6.1962e-10	-0.0510591
6.19691e-10	-0.051057
6.19761e-10	-0.0510548
6.19832e-10	-0.0510525
6.19903e-10	-0.0510501
6.19974e-10	-0.0510475
6.20044e-10	-0.0510449
6.20115e-10	-0.0510422
6.20186e-10	-0.0510393
6.20257e-10	-0.0510364
6.20327e-10	-0.0510333
6.20398e-10	-0.0510301
6.20469e-10	-0.0510268
6.20539e-10	-0.0510234
6.2061e-10	-0.0510199
6.20681e-10	-0.0510163
6.20752e-10	-0.0510126
6.20822e-10	-0.0510088
6.20893e-10	-0.0510048
6.20964e-10	-0.0510008
6.21035e-10	-0.0509966
6.21105e-10	-0.0509924
6.21176e-10	-0.050988
6.21247e-10	-0.0509835
6.21317e-10	-0.0509789
6.21388e-10	-0.0509742
6.21459e-10	-0.0509694
6.2153e-10	-0.0509644
6.216e-10	-0.0509594
6.21671e-10	-0.0509542
6.21742e-10	-0.050949
6.21813e-10	-0.0509436
6.21883e-10	-0.0509381
6.21954e-10	-0.0509325
6.22025e-10	-0.0509268
6.22096e-10	-0.050921
6.22166e-10	-0.050915
6.22237e-10	-0.050909
6.22308e-10	-0.0509028
6.22378e-10	-0.0508966
6.22449e-10	-0.0508902
6.2252e-10	-0.0508837
6.22591e-10	-0.0508771
6.22661e-10	-0.0508704
6.22732e-10	-0.0508635
6.22803e-10	-0.0508566
6.22874e-10	-0.0508496
6.22944e-10	-0.0508424
6.23015e-10	-0.0508351
6.23086e-10	-0.0508277
6.23156e-10	-0.0508202
6.23227e-10	-0.0508126
6.23298e-10	-0.0508049
6.23369e-10	-0.050797
6.23439e-10	-0.0507891
6.2351e-10	-0.050781
6.23581e-10	-0.0507728
6.23652e-10	-0.0507645
6.23722e-10	-0.0507561
6.23793e-10	-0.0507476
6.23864e-10	-0.0507389
6.23934e-10	-0.0507302
6.24005e-10	-0.0507213
6.24076e-10	-0.0507123
6.24147e-10	-0.0507032
6.24217e-10	-0.050694
6.24288e-10	-0.0506847
6.24359e-10	-0.0506753
6.2443e-10	-0.0506657
6.245e-10	-0.0506561
6.24571e-10	-0.0506463
6.24642e-10	-0.0506364
6.24712e-10	-0.0506264
6.24783e-10	-0.0506162
6.24854e-10	-0.050606
6.24925e-10	-0.0505956
6.24995e-10	-0.0505852
6.25066e-10	-0.0505746
6.25137e-10	-0.0505639
6.25208e-10	-0.0505531
6.25278e-10	-0.0505421
6.25349e-10	-0.0505311
6.2542e-10	-0.0505199
6.2549e-10	-0.0505086
6.25561e-10	-0.0504972
6.25632e-10	-0.0504857
6.25703e-10	-0.0504741
6.25773e-10	-0.0504624
6.25844e-10	-0.0504505
6.25915e-10	-0.0504385
6.25986e-10	-0.0504264
6.26056e-10	-0.0504142
6.26127e-10	-0.0504019
6.26198e-10	-0.0503894
6.26269e-10	-0.0503769
6.26339e-10	-0.0503642
6.2641e-10	-0.0503514
6.26481e-10	-0.0503385
6.26551e-10	-0.0503254
6.26622e-10	-0.0503123
6.26693e-10	-0.050299
6.26764e-10	-0.0502856
6.26834e-10	-0.0502721
6.26905e-10	-0.0502585
6.26976e-10	-0.0502448
6.27047e-10	-0.0502309
6.27117e-10	-0.050217
6.27188e-10	-0.0502029
6.27259e-10	-0.0501887
6.27329e-10	-0.0501743
6.274e-10	-0.0501599
6.27471e-10	-0.0501453
6.27542e-10	-0.0501307
6.27612e-10	-0.0501159
6.27683e-10	-0.0501009
6.27754e-10	-0.0500859
6.27825e-10	-0.0500707
6.27895e-10	-0.0500555
6.27966e-10	-0.0500401
6.28037e-10	-0.0500246
6.28107e-10	-0.0500089
6.28178e-10	-0.0499932
6.28249e-10	-0.0499773
6.2832e-10	-0.0499613
6.2839e-10	-0.0499452
6.28461e-10	-0.049929
6.28532e-10	-0.0499126
6.28603e-10	-0.0498962
6.28673e-10	-0.0498796
6.28744e-10	-0.0498629
6.28815e-10	-0.049846
6.28885e-10	-0.0498291
6.28956e-10	-0.049812
6.29027e-10	-0.0497948
6.29098e-10	-0.0497775
6.29168e-10	-0.0497601
6.29239e-10	-0.0497426
6.2931e-10	-0.0497249
6.29381e-10	-0.0497071
6.29451e-10	-0.0496892
6.29522e-10	-0.0496712
6.29593e-10	-0.049653
6.29663e-10	-0.0496347
6.29734e-10	-0.0496163
6.29805e-10	-0.0495978
6.29876e-10	-0.0495792
6.29946e-10	-0.0495604
6.30017e-10	-0.0495415
6.30088e-10	-0.0495225
6.30159e-10	-0.0495034
6.30229e-10	-0.0494842
6.303e-10	-0.0494648
6.30371e-10	-0.0494453
6.30442e-10	-0.0494257
6.30512e-10	-0.049406
6.30583e-10	-0.0493861
6.30654e-10	-0.0493662
6.30724e-10	-0.0493461
6.30795e-10	-0.0493258
6.30866e-10	-0.0493055
6.30937e-10	-0.049285
6.31007e-10	-0.0492645
6.31078e-10	-0.0492438
6.31149e-10	-0.0492229
6.3122e-10	-0.049202
6.3129e-10	-0.0491809
6.31361e-10	-0.0491597
6.31432e-10	-0.0491384
6.31502e-10	-0.0491169
6.31573e-10	-0.0490954
6.31644e-10	-0.0490737
6.31715e-10	-0.0490519
6.31785e-10	-0.0490299
6.31856e-10	-0.0490079
6.31927e-10	-0.0489857
6.31998e-10	-0.0489634
6.32068e-10	-0.048941
6.32139e-10	-0.0489184
6.3221e-10	-0.0488957
6.3228e-10	-0.0488729
6.32351e-10	-0.04885
6.32422e-10	-0.048827
6.32493e-10	-0.0488038
6.32563e-10	-0.0487805
6.32634e-10	-0.0487571
6.32705e-10	-0.0487335
6.32776e-10	-0.0487099
6.32846e-10	-0.0486861
6.32917e-10	-0.0486621
6.32988e-10	-0.0486381
6.33058e-10	-0.0486139
6.33129e-10	-0.0485896
6.332e-10	-0.0485652
6.33271e-10	-0.0485407
6.33341e-10	-0.048516
6.33412e-10	-0.0484912
6.33483e-10	-0.0484663
6.33554e-10	-0.0484413
6.33624e-10	-0.0484161
6.33695e-10	-0.0483908
6.33766e-10	-0.0483654
6.33836e-10	-0.0483399
6.33907e-10	-0.0483142
6.33978e-10	-0.0482884
6.34049e-10	-0.0482625
6.34119e-10	-0.0482365
6.3419e-10	-0.0482103
6.34261e-10	-0.048184
6.34332e-10	-0.0481576
6.34402e-10	-0.0481311
6.34473e-10	-0.0481044
6.34544e-10	-0.0480776
6.34615e-10	-0.0480507
6.34685e-10	-0.0480236
6.34756e-10	-0.0479964
6.34827e-10	-0.0479691
6.34897e-10	-0.0479417
6.34968e-10	-0.0479142
6.35039e-10	-0.0478865
6.3511e-10	-0.0478587
6.3518e-10	-0.0478308
6.35251e-10	-0.0478027
6.35322e-10	-0.0477745
6.35393e-10	-0.0477462
6.35463e-10	-0.0477178
6.35534e-10	-0.0476892
6.35605e-10	-0.0476605
6.35675e-10	-0.0476317
6.35746e-10	-0.0476028
6.35817e-10	-0.0475737
6.35888e-10	-0.0475445
6.35958e-10	-0.0475152
6.36029e-10	-0.0474857
6.361e-10	-0.0474561
6.36171e-10	-0.0474264
6.36241e-10	-0.0473966
6.36312e-10	-0.0473666
6.36383e-10	-0.0473365
6.36453e-10	-0.0473063
6.36524e-10	-0.047276
6.36595e-10	-0.0472455
6.36666e-10	-0.0472149
6.36736e-10	-0.0471842
6.36807e-10	-0.0471533
6.36878e-10	-0.0471223
6.36949e-10	-0.0470912
6.37019e-10	-0.04706
6.3709e-10	-0.0470286
6.37161e-10	-0.0469971
6.37231e-10	-0.0469655
6.37302e-10	-0.0469337
6.37373e-10	-0.0469018
6.37444e-10	-0.0468698
6.37514e-10	-0.0468377
6.37585e-10	-0.0468054
6.37656e-10	-0.046773
6.37727e-10	-0.0467405
6.37797e-10	-0.0467079
6.37868e-10	-0.0466751
6.37939e-10	-0.0466422
6.38009e-10	-0.0466091
6.3808e-10	-0.046576
6.38151e-10	-0.0465427
6.38222e-10	-0.0465093
6.38292e-10	-0.0464757
6.38363e-10	-0.046442
6.38434e-10	-0.0464082
6.38505e-10	-0.0463743
6.38575e-10	-0.0463402
6.38646e-10	-0.046306
6.38717e-10	-0.0462717
6.38788e-10	-0.0462372
6.38858e-10	-0.0462026
6.38929e-10	-0.0461679
6.39e-10	-0.0461331
6.3907e-10	-0.0460981
6.39141e-10	-0.046063
6.39212e-10	-0.0460277
6.39283e-10	-0.0459924
6.39353e-10	-0.0459569
6.39424e-10	-0.0459212
6.39495e-10	-0.0458855
6.39566e-10	-0.0458496
6.39636e-10	-0.0458136
6.39707e-10	-0.0457774
6.39778e-10	-0.0457412
6.39848e-10	-0.0457048
6.39919e-10	-0.0456682
6.3999e-10	-0.0456316
6.40061e-10	-0.0455948
6.40131e-10	-0.0455578
6.40202e-10	-0.0455208
6.40273e-10	-0.0454836
6.40344e-10	-0.0454463
6.40414e-10	-0.0454088
6.40485e-10	-0.0453713
6.40556e-10	-0.0453336
6.40626e-10	-0.0452957
6.40697e-10	-0.0452577
6.40768e-10	-0.0452196
6.40839e-10	-0.0451814
6.40909e-10	-0.045143
6.4098e-10	-0.0451046
6.41051e-10	-0.0450659
6.41122e-10	-0.0450272
6.41192e-10	-0.0449883
6.41263e-10	-0.0449493
6.41334e-10	-0.0449101
6.41404e-10	-0.0448708
6.41475e-10	-0.0448314
6.41546e-10	-0.0447919
6.41617e-10	-0.0447522
6.41687e-10	-0.0447124
6.41758e-10	-0.0446725
6.41829e-10	-0.0446324
6.419e-10	-0.0445922
6.4197e-10	-0.0445519
6.42041e-10	-0.0445114
6.42112e-10	-0.0444708
6.42182e-10	-0.0444301
6.42253e-10	-0.0443893
6.42324e-10	-0.0443483
6.42395e-10	-0.0443071
6.42465e-10	-0.0442659
6.42536e-10	-0.0442245
6.42607e-10	-0.044183
6.42678e-10	-0.0441414
6.42748e-10	-0.0440996
6.42819e-10	-0.0440577
6.4289e-10	-0.0440156
6.42961e-10	-0.0439734
6.43031e-10	-0.0439311
6.43102e-10	-0.0438887
6.43173e-10	-0.0438461
6.43243e-10	-0.0438034
6.43314e-10	-0.0437606
6.43385e-10	-0.0437176
6.43456e-10	-0.0436745
6.43526e-10	-0.0436313
6.43597e-10	-0.0435879
6.43668e-10	-0.0435444
6.43739e-10	-0.0435008
6.43809e-10	-0.043457
6.4388e-10	-0.0434132
6.43951e-10	-0.0433691
6.44021e-10	-0.043325
6.44092e-10	-0.0432807
6.44163e-10	-0.0432363
6.44234e-10	-0.0431917
6.44304e-10	-0.043147
6.44375e-10	-0.0431022
6.44446e-10	-0.0430572
6.44517e-10	-0.0430122
6.44587e-10	-0.0429669
6.44658e-10	-0.0429216
6.44729e-10	-0.0428761
6.44799e-10	-0.0428305
6.4487e-10	-0.0427847
6.44941e-10	-0.0427388
6.45012e-10	-0.0426928
6.45082e-10	-0.0426467
6.45153e-10	-0.0426004
6.45224e-10	-0.042554
6.45295e-10	-0.0425074
6.45365e-10	-0.0424608
6.45436e-10	-0.0424139
6.45507e-10	-0.042367
6.45577e-10	-0.0423199
6.45648e-10	-0.0422727
6.45719e-10	-0.0422253
6.4579e-10	-0.0421779
6.4586e-10	-0.0421303
6.45931e-10	-0.0420825
6.46002e-10	-0.0420346
6.46073e-10	-0.0419866
6.46143e-10	-0.0419385
6.46214e-10	-0.0418902
6.46285e-10	-0.0418418
6.46355e-10	-0.0417932
6.46426e-10	-0.0417445
6.46497e-10	-0.0416957
6.46568e-10	-0.0416468
6.46638e-10	-0.0415977
6.46709e-10	-0.0415485
6.4678e-10	-0.0414991
6.46851e-10	-0.0414496
6.46921e-10	-0.0414
6.46992e-10	-0.0413503
6.47063e-10	-0.0413004
6.47134e-10	-0.0412504
6.47204e-10	-0.0412002
6.47275e-10	-0.0411499
6.47346e-10	-0.0410995
6.47416e-10	-0.041049
6.47487e-10	-0.0409983
6.47558e-10	-0.0409475
6.47629e-10	-0.0408965
6.47699e-10	-0.0408454
6.4777e-10	-0.0407942
6.47841e-10	-0.0407428
6.47912e-10	-0.0406913
6.47982e-10	-0.0406397
6.48053e-10	-0.040588
6.48124e-10	-0.0405361
6.48194e-10	-0.0404841
6.48265e-10	-0.0404319
6.48336e-10	-0.0403796
6.48407e-10	-0.0403272
6.48477e-10	-0.0402746
6.48548e-10	-0.0402219
6.48619e-10	-0.0401691
6.4869e-10	-0.0401161
6.4876e-10	-0.040063
6.48831e-10	-0.0400098
6.48902e-10	-0.0399564
6.48972e-10	-0.0399029
6.49043e-10	-0.0398493
6.49114e-10	-0.0397955
6.49185e-10	-0.0397416
6.49255e-10	-0.0396876
6.49326e-10	-0.0396334
6.49397e-10	-0.0395791
6.49468e-10	-0.0395247
6.49538e-10	-0.0394701
6.49609e-10	-0.0394154
6.4968e-10	-0.0393605
6.4975e-10	-0.0393056
6.49821e-10	-0.0392504
6.49892e-10	-0.0391952
6.49963e-10	-0.0391398
6.50033e-10	-0.0390843
6.50104e-10	-0.0390287
6.50175e-10	-0.0389729
6.50246e-10	-0.038917
6.50316e-10	-0.0388609
6.50387e-10	-0.0388047
6.50458e-10	-0.0387484
6.50528e-10	-0.0386919
6.50599e-10	-0.0386353
6.5067e-10	-0.0385786
6.50741e-10	-0.0385218
6.50811e-10	-0.0384648
6.50882e-10	-0.0384076
6.50953e-10	-0.0383504
6.51024e-10	-0.038293
6.51094e-10	-0.0382355
6.51165e-10	-0.0381778
6.51236e-10	-0.03812
6.51307e-10	-0.0380621
6.51377e-10	-0.038004
6.51448e-10	-0.0379458
6.51519e-10	-0.0378874
6.51589e-10	-0.037829
6.5166e-10	-0.0377704
6.51731e-10	-0.0377116
6.51802e-10	-0.0376527
6.51872e-10	-0.0375937
6.51943e-10	-0.0375346
6.52014e-10	-0.0374753
6.52085e-10	-0.0374159
6.52155e-10	-0.0373564
6.52226e-10	-0.0372967
6.52297e-10	-0.0372369
6.52367e-10	-0.0371769
6.52438e-10	-0.0371168
6.52509e-10	-0.0370566
6.5258e-10	-0.0369962
6.5265e-10	-0.0369357
6.52721e-10	-0.0368751
6.52792e-10	-0.0368144
6.52863e-10	-0.0367535
6.52933e-10	-0.0366924
6.53004e-10	-0.0366313
6.53075e-10	-0.03657
6.53145e-10	-0.0365085
6.53216e-10	-0.036447
6.53287e-10	-0.0363853
6.53358e-10	-0.0363234
6.53428e-10	-0.0362615
6.53499e-10	-0.0361994
6.5357e-10	-0.0361371
6.53641e-10	-0.0360748
6.53711e-10	-0.0360123
6.53782e-10	-0.0359496
6.53853e-10	-0.0358868
6.53923e-10	-0.0358239
6.53994e-10	-0.0357609
6.54065e-10	-0.0356977
6.54136e-10	-0.0356344
6.54206e-10	-0.0355709
6.54277e-10	-0.0355074
6.54348e-10	-0.0354436
6.54419e-10	-0.0353798
6.54489e-10	-0.0353158
6.5456e-10	-0.0352517
6.54631e-10	-0.0351874
6.54702e-10	-0.035123
6.54772e-10	-0.0350585
6.54843e-10	-0.0349938
6.54914e-10	-0.0349291
6.54984e-10	-0.0348641
6.55055e-10	-0.0347991
6.55126e-10	-0.0347339
6.55197e-10	-0.0346685
6.55267e-10	-0.0346031
6.55338e-10	-0.0345375
6.55409e-10	-0.0344717
6.5548e-10	-0.0344059
6.5555e-10	-0.0343399
6.55621e-10	-0.0342737
6.55692e-10	-0.0342075
6.55762e-10	-0.0341411
6.55833e-10	-0.0340745
6.55904e-10	-0.0340079
6.55975e-10	-0.0339411
6.56045e-10	-0.0338741
6.56116e-10	-0.033807
6.56187e-10	-0.0337398
6.56258e-10	-0.0336725
6.56328e-10	-0.033605
6.56399e-10	-0.0335374
6.5647e-10	-0.0334697
6.5654e-10	-0.0334018
6.56611e-10	-0.0333338
6.56682e-10	-0.0332656
6.56753e-10	-0.0331973
6.56823e-10	-0.0331289
6.56894e-10	-0.0330604
6.56965e-10	-0.0329917
6.57036e-10	-0.0329229
6.57106e-10	-0.0328539
6.57177e-10	-0.0327848
6.57248e-10	-0.0327156
6.57318e-10	-0.0326463
6.57389e-10	-0.0325768
6.5746e-10	-0.0325072
6.57531e-10	-0.0324374
6.57601e-10	-0.0323675
6.57672e-10	-0.0322975
6.57743e-10	-0.0322274
6.57814e-10	-0.0321571
6.57884e-10	-0.0320866
6.57955e-10	-0.0320161
6.58026e-10	-0.0319454
6.58096e-10	-0.0318746
6.58167e-10	-0.0318036
6.58238e-10	-0.0317325
6.58309e-10	-0.0316613
6.58379e-10	-0.03159
6.5845e-10	-0.0315185
6.58521e-10	-0.0314468
6.58592e-10	-0.0313751
6.58662e-10	-0.0313032
6.58733e-10	-0.0312312
6.58804e-10	-0.031159
6.58875e-10	-0.0310867
6.58945e-10	-0.0310143
6.59016e-10	-0.0309417
6.59087e-10	-0.0308691
6.59157e-10	-0.0307962
6.59228e-10	-0.0307233
6.59299e-10	-0.0306502
6.5937e-10	-0.030577
6.5944e-10	-0.0305036
6.59511e-10	-0.0304301
6.59582e-10	-0.0303565
6.59653e-10	-0.0302828
6.59723e-10	-0.0302089
6.59794e-10	-0.0301349
6.59865e-10	-0.0300607
6.59935e-10	-0.0299864
6.60006e-10	-0.029912
6.60077e-10	-0.0298374
6.60148e-10	-0.0297628
6.60218e-10	-0.0296879
6.60289e-10	-0.029613
6.6036e-10	-0.0295379
6.60431e-10	-0.0294627
6.60501e-10	-0.0293874
6.60572e-10	-0.0293119
6.60643e-10	-0.0292363
6.60713e-10	-0.0291605
6.60784e-10	-0.0290846
6.60855e-10	-0.0290086
6.60926e-10	-0.0289325
6.60996e-10	-0.0288562
6.61067e-10	-0.0287798
6.61138e-10	-0.0287033
6.61209e-10	-0.0286266
6.61279e-10	-0.0285498
6.6135e-10	-0.0284729
6.61421e-10	-0.0283958
6.61491e-10	-0.0283186
6.61562e-10	-0.0282413
6.61633e-10	-0.0281638
6.61704e-10	-0.0280862
6.61774e-10	-0.0280085
6.61845e-10	-0.0279306
6.61916e-10	-0.0278527
6.61987e-10	-0.0277745
6.62057e-10	-0.0276963
6.62128e-10	-0.0276179
6.62199e-10	-0.0275394
6.62269e-10	-0.0274607
6.6234e-10	-0.027382
6.62411e-10	-0.027303
6.62482e-10	-0.027224
6.62552e-10	-0.0271448
6.62623e-10	-0.0270655
6.62694e-10	-0.0269861
6.62765e-10	-0.0269065
6.62835e-10	-0.0268268
6.62906e-10	-0.026747
6.62977e-10	-0.026667
6.63048e-10	-0.0265869
6.63118e-10	-0.0265067
6.63189e-10	-0.0264264
6.6326e-10	-0.0263459
6.6333e-10	-0.0262653
6.63401e-10	-0.0261845
6.63472e-10	-0.0261036
6.63543e-10	-0.0260226
6.63613e-10	-0.0259415
6.63684e-10	-0.0258602
6.63755e-10	-0.0257788
6.63826e-10	-0.0256973
6.63896e-10	-0.0256156
6.63967e-10	-0.0255338
6.64038e-10	-0.0254519
6.64108e-10	-0.0253699
6.64179e-10	-0.0252877
6.6425e-10	-0.0252054
6.64321e-10	-0.0251229
6.64391e-10	-0.0250404
6.64462e-10	-0.0249577
6.64533e-10	-0.0248748
6.64604e-10	-0.0247919
6.64674e-10	-0.0247088
6.64745e-10	-0.0246256
6.64816e-10	-0.0245422
6.64886e-10	-0.0244587
6.64957e-10	-0.0243751
6.65028e-10	-0.0242914
6.65099e-10	-0.0242075
6.65169e-10	-0.0241235
6.6524e-10	-0.0240394
6.65311e-10	-0.0239551
6.65382e-10	-0.0238707
6.65452e-10	-0.0237862
6.65523e-10	-0.0237016
6.65594e-10	-0.0236168
6.65664e-10	-0.0235319
6.65735e-10	-0.0234468
6.65806e-10	-0.0233617
6.65877e-10	-0.0232764
6.65947e-10	-0.023191
6.66018e-10	-0.0231054
6.66089e-10	-0.0230197
6.6616e-10	-0.0229339
6.6623e-10	-0.022848
6.66301e-10	-0.0227619
6.66372e-10	-0.0226757
6.66442e-10	-0.0225894
6.66513e-10	-0.022503
6.66584e-10	-0.0224164
6.66655e-10	-0.0223297
6.66725e-10	-0.0222429
6.66796e-10	-0.0221559
6.66867e-10	-0.0220688
6.66938e-10	-0.0219816
6.67008e-10	-0.0218942
6.67079e-10	-0.0218068
6.6715e-10	-0.0217192
6.67221e-10	-0.0216314
6.67291e-10	-0.0215436
6.67362e-10	-0.0214556
6.67433e-10	-0.0213675
6.67503e-10	-0.0212792
6.67574e-10	-0.0211909
6.67645e-10	-0.0211024
6.67716e-10	-0.0210138
6.67786e-10	-0.020925
6.67857e-10	-0.0208361
6.67928e-10	-0.0207471
6.67999e-10	-0.020658
6.68069e-10	-0.0205687
6.6814e-10	-0.0204794
6.68211e-10	-0.0203899
6.68281e-10	-0.0203002
6.68352e-10	-0.0202105
6.68423e-10	-0.0201206
6.68494e-10	-0.0200305
6.68564e-10	-0.0199404
6.68635e-10	-0.0198501
6.68706e-10	-0.0197597
6.68777e-10	-0.0196692
6.68847e-10	-0.0195786
6.68918e-10	-0.0194878
6.68989e-10	-0.0193969
6.69059e-10	-0.0193059
6.6913e-10	-0.0192147
6.69201e-10	-0.0191234
6.69272e-10	-0.019032
6.69342e-10	-0.0189405
6.69413e-10	-0.0188489
6.69484e-10	-0.0187571
6.69555e-10	-0.0186652
6.69625e-10	-0.0185731
6.69696e-10	-0.018481
6.69767e-10	-0.0183887
6.69837e-10	-0.0182963
6.69908e-10	-0.0182038
6.69979e-10	-0.0181111
6.7005e-10	-0.0180183
6.7012e-10	-0.0179254
6.70191e-10	-0.0178324
6.70262e-10	-0.0177393
6.70333e-10	-0.017646
6.70403e-10	-0.0175526
6.70474e-10	-0.0174591
6.70545e-10	-0.0173654
6.70615e-10	-0.0172716
6.70686e-10	-0.0171777
6.70757e-10	-0.0170837
6.70828e-10	-0.0169896
6.70898e-10	-0.0168953
6.70969e-10	-0.0168009
6.7104e-10	-0.0167064
6.71111e-10	-0.0166117
6.71181e-10	-0.016517
6.71252e-10	-0.0164221
6.71323e-10	-0.0163271
6.71394e-10	-0.0162319
6.71464e-10	-0.0161367
6.71535e-10	-0.0160413
6.71606e-10	-0.0159458
6.71676e-10	-0.0158502
6.71747e-10	-0.0157544
6.71818e-10	-0.0156586
6.71889e-10	-0.0155626
6.71959e-10	-0.0154665
6.7203e-10	-0.0153702
6.72101e-10	-0.0152739
6.72172e-10	-0.0151774
6.72242e-10	-0.0150808
6.72313e-10	-0.014984
6.72384e-10	-0.0148872
6.72454e-10	-0.0147902
6.72525e-10	-0.0146931
6.72596e-10	-0.0145959
6.72667e-10	-0.0144986
6.72737e-10	-0.0144011
6.72808e-10	-0.0143035
6.72879e-10	-0.0142058
6.7295e-10	-0.014108
6.7302e-10	-0.0140101
6.73091e-10	-0.013912
6.73162e-10	-0.0138138
6.73232e-10	-0.0137155
6.73303e-10	-0.0136171
6.73374e-10	-0.0135186
6.73445e-10	-0.0134199
6.73515e-10	-0.0133211
6.73586e-10	-0.0132222
6.73657e-10	-0.0131232
6.73728e-10	-0.013024
6.73798e-10	-0.0129247
6.73869e-10	-0.0128254
6.7394e-10	-0.0127259
6.7401e-10	-0.0126262
6.74081e-10	-0.0125265
6.74152e-10	-0.0124266
6.74223e-10	-0.0123266
6.74293e-10	-0.0122265
6.74364e-10	-0.0121263
6.74435e-10	-0.012026
6.74506e-10	-0.0119255
6.74576e-10	-0.0118249
6.74647e-10	-0.0117242
6.74718e-10	-0.0116234
6.74788e-10	-0.0115225
6.74859e-10	-0.0114214
6.7493e-10	-0.0113202
6.75001e-10	-0.0112189
6.75071e-10	-0.0111175
6.75142e-10	-0.011016
6.75213e-10	-0.0109143
6.75284e-10	-0.0108126
6.75354e-10	-0.0107107
6.75425e-10	-0.0106087
6.75496e-10	-0.0105066
6.75567e-10	-0.0104043
6.75637e-10	-0.010302
6.75708e-10	-0.0101995
6.75779e-10	-0.0100969
6.75849e-10	-0.00999424
6.7592e-10	-0.00989142
6.75991e-10	-0.00978848
6.76062e-10	-0.00968543
6.76132e-10	-0.00958226
6.76203e-10	-0.00947897
6.76274e-10	-0.00937557
6.76345e-10	-0.00927205
6.76415e-10	-0.00916841
6.76486e-10	-0.00906466
6.76557e-10	-0.00896079
6.76627e-10	-0.00885681
6.76698e-10	-0.00875271
6.76769e-10	-0.0086485
6.7684e-10	-0.00854417
6.7691e-10	-0.00843972
6.76981e-10	-0.00833516
6.77052e-10	-0.00823049
6.77123e-10	-0.0081257
6.77193e-10	-0.00802079
6.77264e-10	-0.00791577
6.77335e-10	-0.00781064
6.77405e-10	-0.00770539
6.77476e-10	-0.00760002
6.77547e-10	-0.00749455
6.77618e-10	-0.00738895
6.77688e-10	-0.00728325
6.77759e-10	-0.00717743
6.7783e-10	-0.00707149
6.77901e-10	-0.00696545
6.77971e-10	-0.00685929
6.78042e-10	-0.00675301
6.78113e-10	-0.00664662
6.78183e-10	-0.00654012
6.78254e-10	-0.00643351
6.78325e-10	-0.00632678
6.78396e-10	-0.00621994
6.78466e-10	-0.00611299
6.78537e-10	-0.00600592
6.78608e-10	-0.00589875
6.78679e-10	-0.00579146
6.78749e-10	-0.00568406
6.7882e-10	-0.00557654
6.78891e-10	-0.00546891
6.78961e-10	-0.00536118
6.79032e-10	-0.00525333
6.79103e-10	-0.00514537
6.79174e-10	-0.00503729
6.79244e-10	-0.00492911
6.79315e-10	-0.00482081
6.79386e-10	-0.00471241
6.79457e-10	-0.00460389
6.79527e-10	-0.00449526
6.79598e-10	-0.00438652
6.79669e-10	-0.00427767
6.7974e-10	-0.00416871
6.7981e-10	-0.00405964
6.79881e-10	-0.00395046
6.79952e-10	-0.00384117
6.80022e-10	-0.00373177
6.80093e-10	-0.00362226
6.80164e-10	-0.00351264
6.80235e-10	-0.00340291
6.80305e-10	-0.00329307
6.80376e-10	-0.00318312
6.80447e-10	-0.00307307
6.80518e-10	-0.0029629
6.80588e-10	-0.00285262
6.80659e-10	-0.00274224
6.8073e-10	-0.00263175
6.808e-10	-0.00252115
6.80871e-10	-0.00241044
6.80942e-10	-0.00229962
6.81013e-10	-0.00218869
6.81083e-10	-0.00207766
6.81154e-10	-0.00196652
6.81225e-10	-0.00185527
6.81296e-10	-0.00174391
6.81366e-10	-0.00163245
6.81437e-10	-0.00152087
6.81508e-10	-0.0014092
6.81578e-10	-0.00129741
6.81649e-10	-0.00118552
6.8172e-10	-0.00107352
6.81791e-10	-0.000961413
6.81861e-10	-0.000849201
6.81932e-10	-0.000736882
6.82003e-10	-0.000624458
6.82074e-10	-0.000511927
6.82144e-10	-0.00039929
6.82215e-10	-0.000286548
6.82286e-10	-0.0001737
6.82356e-10	-6.07468e-05
6.82427e-10	5.23118e-05
6.82498e-10	0.000165476
6.82569e-10	0.000278744
6.82639e-10	0.000392118
6.8271e-10	0.000505597
6.82781e-10	0.00061918
6.82852e-10	0.000732867
6.82922e-10	0.000846659
6.82993e-10	0.000960555
6.83064e-10	0.00107456
6.83134e-10	0.00118866
6.83205e-10	0.00130287
6.83276e-10	0.00141718
6.83347e-10	0.00153159
6.83417e-10	0.00164611
6.83488e-10	0.00176073
6.83559e-10	0.00187546
6.8363e-10	0.00199028
6.837e-10	0.00210521
6.83771e-10	0.00222024
6.83842e-10	0.00233538
6.83913e-10	0.00245061
6.83983e-10	0.00256595
6.84054e-10	0.00268139
6.84125e-10	0.00279694
6.84195e-10	0.00291258
6.84266e-10	0.00302833
6.84337e-10	0.00314417
6.84408e-10	0.00326012
6.84478e-10	0.00337617
6.84549e-10	0.00349232
6.8462e-10	0.00360857
6.84691e-10	0.00372492
6.84761e-10	0.00384138
6.84832e-10	0.00395793
6.84903e-10	0.00407458
6.84973e-10	0.00419133
6.85044e-10	0.00430818
6.85115e-10	0.00442514
6.85186e-10	0.00454219
6.85256e-10	0.00465934
6.85327e-10	0.00477659
6.85398e-10	0.00489394
6.85469e-10	0.00501138
6.85539e-10	0.00512893
6.8561e-10	0.00524657
6.85681e-10	0.00536432
6.85751e-10	0.00548216
6.85822e-10	0.0056001
6.85893e-10	0.00571814
6.85964e-10	0.00583627
6.86034e-10	0.0059545
6.86105e-10	0.00607284
6.86176e-10	0.00619126
6.86247e-10	0.00630979
6.86317e-10	0.00642841
6.86388e-10	0.00654713
6.86459e-10	0.00666594
6.86529e-10	0.00678485
6.866e-10	0.00690386
6.86671e-10	0.00702297
6.86742e-10	0.00714217
6.86812e-10	0.00726146
6.86883e-10	0.00738085
6.86954e-10	0.00750034
6.87025e-10	0.00761992
6.87095e-10	0.0077396
6.87166e-10	0.00785937
6.87237e-10	0.00797924
6.87307e-10	0.0080992
6.87378e-10	0.00821926
6.87449e-10	0.00833941
6.8752e-10	0.00845965
6.8759e-10	0.00857999
6.87661e-10	0.00870042
6.87732e-10	0.00882095
6.87803e-10	0.00894157
6.87873e-10	0.00906228
6.87944e-10	0.00918309
6.88015e-10	0.00930399
6.88086e-10	0.00942498
6.88156e-10	0.00954606
6.88227e-10	0.00966724
6.88298e-10	0.00978851
6.88368e-10	0.00990987
6.88439e-10	0.0100313
6.8851e-10	0.0101529
6.88581e-10	0.0102745
6.88651e-10	0.0103962
6.88722e-10	0.0105181
6.88793e-10	0.01064
6.88864e-10	0.010762
6.88934e-10	0.0108841
6.89005e-10	0.0110062
6.89076e-10	0.0111285
6.89146e-10	0.0112509
6.89217e-10	0.0113733
6.89288e-10	0.0114959
6.89359e-10	0.0116185
6.89429e-10	0.0117412
6.895e-10	0.011864
6.89571e-10	0.0119869
6.89642e-10	0.0121099
6.89712e-10	0.012233
6.89783e-10	0.0123562
6.89854e-10	0.0124794
6.89924e-10	0.0126028
6.89995e-10	0.0127262
6.90066e-10	0.0128497
6.90137e-10	0.0129733
6.90207e-10	0.013097
6.90278e-10	0.0132208
6.90349e-10	0.0133447
6.9042e-10	0.0134686
6.9049e-10	0.0135927
6.90561e-10	0.0137168
6.90632e-10	0.013841
6.90702e-10	0.0139653
6.90773e-10	0.0140897
6.90844e-10	0.0142142
6.90915e-10	0.0143387
6.90985e-10	0.0144634
6.91056e-10	0.0145881
6.91127e-10	0.0147129
6.91198e-10	0.0148378
6.91268e-10	0.0149628
6.91339e-10	0.0150879
6.9141e-10	0.015213
6.9148e-10	0.0153383
6.91551e-10	0.0154636
6.91622e-10	0.015589
6.91693e-10	0.0157145
6.91763e-10	0.0158401
6.91834e-10	0.0159657
6.91905e-10	0.0160915
6.91976e-10	0.0162173
6.92046e-10	0.0163432
6.92117e-10	0.0164692
6.92188e-10	0.0165953
6.92259e-10	0.0167214
6.92329e-10	0.0168476
6.924e-10	0.016974
6.92471e-10	0.0171004
6.92541e-10	0.0172268
6.92612e-10	0.0173534
6.92683e-10	0.01748
6.92754e-10	0.0176068
6.92824e-10	0.0177336
6.92895e-10	0.0178604
6.92966e-10	0.0179874
6.93037e-10	0.0181145
6.93107e-10	0.0182416
6.93178e-10	0.0183688
6.93249e-10	0.0184961
6.93319e-10	0.0186234
6.9339e-10	0.0187509
6.93461e-10	0.0188784
6.93532e-10	0.019006
6.93602e-10	0.0191337
6.93673e-10	0.0192614
6.93744e-10	0.0193892
6.93815e-10	0.0195172
6.93885e-10	0.0196451
6.93956e-10	0.0197732
6.94027e-10	0.0199013
6.94097e-10	0.0200296
6.94168e-10	0.0201579
6.94239e-10	0.0202862
6.9431e-10	0.0204147
6.9438e-10	0.0205432
6.94451e-10	0.0206718
6.94522e-10	0.0208005
6.94593e-10	0.0209292
6.94663e-10	0.0210581
6.94734e-10	0.021187
6.94805e-10	0.021316
6.94875e-10	0.021445
6.94946e-10	0.0215741
6.95017e-10	0.0217033
6.95088e-10	0.0218326
6.95158e-10	0.021962
6.95229e-10	0.0220914
6.953e-10	0.0222209
6.95371e-10	0.0223505
6.95441e-10	0.0224801
6.95512e-10	0.0226098
6.95583e-10	0.0227396
6.95653e-10	0.0228695
6.95724e-10	0.0229994
6.95795e-10	0.0231294
6.95866e-10	0.0232595
6.95936e-10	0.0233896
6.96007e-10	0.0235199
6.96078e-10	0.0236502
6.96149e-10	0.0237805
6.96219e-10	0.023911
6.9629e-10	0.0240415
6.96361e-10	0.024172
6.96432e-10	0.0243027
6.96502e-10	0.0244334
6.96573e-10	0.0245642
6.96644e-10	0.0246951
6.96714e-10	0.024826
6.96785e-10	0.024957
6.96856e-10	0.025088
6.96927e-10	0.0252192
6.96997e-10	0.0253504
6.97068e-10	0.0254816
6.97139e-10	0.025613
6.9721e-10	0.0257444
6.9728e-10	0.0258759
6.97351e-10	0.0260074
6.97422e-10	0.026139
6.97492e-10	0.0262707
6.97563e-10	0.0264024
6.97634e-10	0.0265342
6.97705e-10	0.0266661
6.97775e-10	0.026798
6.97846e-10	0.0269301
6.97917e-10	0.0270621
6.97988e-10	0.0271943
6.98058e-10	0.0273265
6.98129e-10	0.0274587
6.982e-10	0.0275911
6.9827e-10	0.0277235
6.98341e-10	0.0278559
6.98412e-10	0.0279885
6.98483e-10	0.028121
6.98553e-10	0.0282537
6.98624e-10	0.0283864
6.98695e-10	0.0285192
6.98766e-10	0.028652
6.98836e-10	0.0287849
6.98907e-10	0.0289179
6.98978e-10	0.0290509
6.99048e-10	0.029184
6.99119e-10	0.0293172
6.9919e-10	0.0294504
6.99261e-10	0.0295837
6.99331e-10	0.029717
6.99402e-10	0.0298504
6.99473e-10	0.0299839
6.99544e-10	0.0301174
6.99614e-10	0.030251
6.99685e-10	0.0303846
6.99756e-10	0.0305184
6.99827e-10	0.0306521
6.99897e-10	0.0307859
6.99968e-10	0.0309198
7.00039e-10	0.0310538
7.00109e-10	0.0311878
7.0018e-10	0.0313218
7.00251e-10	0.0314559
7.00322e-10	0.0315901
7.00392e-10	0.0317243
7.00463e-10	0.0318586
7.00534e-10	0.031993
7.00605e-10	0.0321274
7.00675e-10	0.0322618
7.00746e-10	0.0323964
7.00817e-10	0.0325309
7.00887e-10	0.0326656
7.00958e-10	0.0328003
7.01029e-10	0.032935
7.011e-10	0.0330698
7.0117e-10	0.0332047
7.01241e-10	0.0333396
7.01312e-10	0.0334745
7.01383e-10	0.0336095
7.01453e-10	0.0337446
7.01524e-10	0.0338797
7.01595e-10	0.0340149
7.01665e-10	0.0341502
7.01736e-10	0.0342854
7.01807e-10	0.0344208
7.01878e-10	0.0345562
7.01948e-10	0.0346916
7.02019e-10	0.0348271
7.0209e-10	0.0349627
7.02161e-10	0.0350983
7.02231e-10	0.0352339
7.02302e-10	0.0353696
7.02373e-10	0.0355054
7.02443e-10	0.0356412
7.02514e-10	0.0357771
7.02585e-10	0.035913
7.02656e-10	0.0360489
7.02726e-10	0.036185
7.02797e-10	0.036321
7.02868e-10	0.0364571
7.02939e-10	0.0365933
7.03009e-10	0.0367295
7.0308e-10	0.0368658
7.03151e-10	0.0370021
7.03221e-10	0.0371384
7.03292e-10	0.0372748
7.03363e-10	0.0374113
7.03434e-10	0.0375478
7.03504e-10	0.0376843
7.03575e-10	0.0378209
7.03646e-10	0.0379576
7.03717e-10	0.0380942
7.03787e-10	0.038231
7.03858e-10	0.0383678
7.03929e-10	0.0385046
7.04e-10	0.0386415
7.0407e-10	0.0387784
7.04141e-10	0.0389153
7.04212e-10	0.0390523
7.04282e-10	0.0391894
7.04353e-10	0.0393265
7.04424e-10	0.0394636
7.04495e-10	0.0396008
7.04565e-10	0.039738
7.04636e-10	0.0398753
7.04707e-10	0.0400126
7.04778e-10	0.04015
7.04848e-10	0.0402874
7.04919e-10	0.0404248
7.0499e-10	0.0405623
7.0506e-10	0.0406998
7.05131e-10	0.0408374
7.05202e-10	0.040975
7.05273e-10	0.0411127
7.05343e-10	0.0412504
7.05414e-10	0.0413881
7.05485e-10	0.0415259
7.05556e-10	0.0416637
7.05626e-10	0.0418015
7.05697e-10	0.0419394
7.05768e-10	0.0420774
7.05838e-10	0.0422153
7.05909e-10	0.0423534
7.0598e-10	0.0424914
7.06051e-10	0.0426295
7.06121e-10	0.0427676
7.06192e-10	0.0429058
7.06263e-10	0.043044
7.06334e-10	0.0431822
7.06404e-10	0.0433205
7.06475e-10	0.0434588
7.06546e-10	0.0435972
7.06616e-10	0.0437356
7.06687e-10	0.043874
7.06758e-10	0.0440124
7.06829e-10	0.0441509
7.06899e-10	0.0442895
7.0697e-10	0.044428
7.07041e-10	0.0445666
7.07112e-10	0.0447053
7.07182e-10	0.0448439
7.07253e-10	0.0449826
7.07324e-10	0.0451214
7.07394e-10	0.0452601
7.07465e-10	0.045399
7.07536e-10	0.0455378
7.07607e-10	0.0456767
7.07677e-10	0.0458156
7.07748e-10	0.0459545
7.07819e-10	0.0460935
7.0789e-10	0.0462325
7.0796e-10	0.0463715
7.08031e-10	0.0465106
7.08102e-10	0.0466496
7.08173e-10	0.0467888
7.08243e-10	0.0469279
7.08314e-10	0.0470671
7.08385e-10	0.0472063
7.08455e-10	0.0473456
7.08526e-10	0.0474848
7.08597e-10	0.0476241
7.08668e-10	0.0477635
7.08738e-10	0.0479028
7.08809e-10	0.0480422
7.0888e-10	0.0481816
7.08951e-10	0.0483211
7.09021e-10	0.0484605
7.09092e-10	0.0486
7.09163e-10	0.0487395
7.09233e-10	0.0488791
7.09304e-10	0.0490187
7.09375e-10	0.0491583
7.09446e-10	0.0492979
7.09516e-10	0.0494376
7.09587e-10	0.0495772
7.09658e-10	0.0497169
7.09729e-10	0.0498567
7.09799e-10	0.0499964
7.0987e-10	0.0501362
7.09941e-10	0.050276
7.10011e-10	0.0504158
7.10082e-10	0.0505557
7.10153e-10	0.0506955
7.10224e-10	0.0508354
7.10294e-10	0.0509754
7.10365e-10	0.0511153
7.10436e-10	0.0512553
7.10507e-10	0.0513952
7.10577e-10	0.0515352
7.10648e-10	0.0516753
7.10719e-10	0.0518153
7.10789e-10	0.0519554
7.1086e-10	0.0520955
7.10931e-10	0.0522356
7.11002e-10	0.0523757
7.11072e-10	0.0525159
7.11143e-10	0.052656
7.11214e-10	0.0527962
7.11285e-10	0.0529364
7.11355e-10	0.0530766
7.11426e-10	0.0532169
7.11497e-10	0.0533571
7.11567e-10	0.0534974
7.11638e-10	0.0536377
7.11709e-10	0.053778
7.1178e-10	0.0539184
7.1185e-10	0.0540587
7.11921e-10	0.0541991
7.11992e-10	0.0543394
7.12063e-10	0.0544798
7.12133e-10	0.0546202
7.12204e-10	0.0547607
7.12275e-10	0.0549011
7.12346e-10	0.0550415
7.12416e-10	0.055182
7.12487e-10	0.0553225
7.12558e-10	0.055463
7.12628e-10	0.0556035
7.12699e-10	0.055744
7.1277e-10	0.0558846
7.12841e-10	0.0560251
7.12911e-10	0.0561657
7.12982e-10	0.0563062
7.13053e-10	0.0564468
7.13124e-10	0.0565874
7.13194e-10	0.056728
7.13265e-10	0.0568686
7.13336e-10	0.0570093
7.13406e-10	0.0571499
7.13477e-10	0.0572905
7.13548e-10	0.0574312
7.13619e-10	0.0575719
7.13689e-10	0.0577125
7.1376e-10	0.0578532
7.13831e-10	0.0579939
7.13902e-10	0.0581346
7.13972e-10	0.0582753
7.14043e-10	0.058416
7.14114e-10	0.0585568
7.14184e-10	0.0586975
7.14255e-10	0.0588382
7.14326e-10	0.058979
7.14397e-10	0.0591197
7.14467e-10	0.0592605
7.14538e-10	0.0594013
7.14609e-10	0.059542
7.1468e-10	0.0596828
7.1475e-10	0.0598236
7.14821e-10	0.0599644
7.14892e-10	0.0601051
7.14962e-10	0.0602459
7.15033e-10	0.0603867
7.15104e-10	0.0605275
7.15175e-10	0.0606683
7.15245e-10	0.0608091
7.15316e-10	0.0609499
7.15387e-10	0.0610907
7.15458e-10	0.0612316
7.15528e-10	0.0613724
7.15599e-10	0.0615132
7.1567e-10	0.061654
7.1574e-10	0.0617948
7.15811e-10	0.0619356
7.15882e-10	0.0620764
7.15953e-10	0.0622173
7.16023e-10	0.0623581
7.16094e-10	0.0624989
7.16165e-10	0.0626397
7.16236e-10	0.0627805
7.16306e-10	0.0629213
7.16377e-10	0.0630621
7.16448e-10	0.0632029
7.16519e-10	0.0633438
7.16589e-10	0.0634846
7.1666e-10	0.0636254
7.16731e-10	0.0637662
7.16801e-10	0.0639069
7.16872e-10	0.0640477
7.16943e-10	0.0641885
7.17014e-10	0.0643293
7.17084e-10	0.0644701
7.17155e-10	0.0646108
7.17226e-10	0.0647516
7.17297e-10	0.0648924
7.17367e-10	0.0650331
7.17438e-10	0.0651738
7.17509e-10	0.0653146
7.17579e-10	0.0654553
7.1765e-10	0.065596
7.17721e-10	0.0657368
7.17792e-10	0.0658775
7.17862e-10	0.0660182
7.17933e-10	0.0661589
7.18004e-10	0.0662996
7.18075e-10	0.0664402
7.18145e-10	0.0665809
7.18216e-10	0.0667215
7.18287e-10	0.0668622
7.18357e-10	0.0670028
7.18428e-10	0.0671434
7.18499e-10	0.0672841
7.1857e-10	0.0674247
7.1864e-10	0.0675653
7.18711e-10	0.0677058
7.18782e-10	0.0678464
7.18853e-10	0.067987
7.18923e-10	0.0681275
7.18994e-10	0.068268
7.19065e-10	0.0684085
7.19135e-10	0.0685491
7.19206e-10	0.0686895
7.19277e-10	0.06883
7.19348e-10	0.0689705
7.19418e-10	0.0691109
7.19489e-10	0.0692514
7.1956e-10	0.0693918
7.19631e-10	0.0695322
7.19701e-10	0.0696725
7.19772e-10	0.0698129
7.19843e-10	0.0699533
7.19913e-10	0.0700936
7.19984e-10	0.0702339
7.20055e-10	0.0703742
7.20126e-10	0.0705145
7.20196e-10	0.0706547
7.20267e-10	0.070795
7.20338e-10	0.0709352
7.20409e-10	0.0710754
7.20479e-10	0.0712156
7.2055e-10	0.0713558
7.20621e-10	0.0714959
7.20692e-10	0.071636
7.20762e-10	0.0717761
7.20833e-10	0.0719162
7.20904e-10	0.0720563
7.20974e-10	0.0721963
7.21045e-10	0.0723363
7.21116e-10	0.0724763
7.21187e-10	0.0726163
7.21257e-10	0.0727563
7.21328e-10	0.0728962
7.21399e-10	0.0730361
7.2147e-10	0.073176
7.2154e-10	0.0733158
7.21611e-10	0.0734557
7.21682e-10	0.0735955
7.21752e-10	0.0737353
7.21823e-10	0.073875
7.21894e-10	0.0740147
7.21965e-10	0.0741545
7.22035e-10	0.0742941
7.22106e-10	0.0744338
7.22177e-10	0.0745734
7.22248e-10	0.074713
7.22318e-10	0.0748526
7.22389e-10	0.0749921
7.2246e-10	0.0751316
7.2253e-10	0.0752711
7.22601e-10	0.0754106
7.22672e-10	0.07555
7.22743e-10	0.0756894
7.22813e-10	0.0758288
7.22884e-10	0.0759681
7.22955e-10	0.0761074
7.23026e-10	0.0762467
7.23096e-10	0.0763859
7.23167e-10	0.0765252
7.23238e-10	0.0766643
7.23308e-10	0.0768035
7.23379e-10	0.0769426
7.2345e-10	0.0770817
7.23521e-10	0.0772208
7.23591e-10	0.0773598
7.23662e-10	0.0774988
7.23733e-10	0.0776377
7.23804e-10	0.0777766
7.23874e-10	0.0779155
7.23945e-10	0.0780544
7.24016e-10	0.0781932
7.24086e-10	0.078332
7.24157e-10	0.0784707
7.24228e-10	0.0786094
7.24299e-10	0.0787481
7.24369e-10	0.0788867
7.2444e-10	0.0790253
7.24511e-10	0.0791639
7.24582e-10	0.0793024
7.24652e-10	0.0794409
7.24723e-10	0.0795793
7.24794e-10	0.0797177
7.24865e-10	0.0798561
7.24935e-10	0.0799944
7.25006e-10	0.0801327
7.25077e-10	0.0802709
7.25147e-10	0.0804092
7.25218e-10	0.0805473
7.25289e-10	0.0806854
7.2536e-10	0.0808235
7.2543e-10	0.0809616
7.25501e-10	0.0810996
7.25572e-10	0.0812375
7.25643e-10	0.0813754
7.25713e-10	0.0815133
7.25784e-10	0.0816512
7.25855e-10	0.0817889
7.25925e-10	0.0819267
7.25996e-10	0.0820644
7.26067e-10	0.082202
7.26138e-10	0.0823396
7.26208e-10	0.0824772
7.26279e-10	0.0826147
7.2635e-10	0.0827522
7.26421e-10	0.0828896
7.26491e-10	0.083027
7.26562e-10	0.0831643
7.26633e-10	0.0833016
7.26703e-10	0.0834389
7.26774e-10	0.083576
7.26845e-10	0.0837132
7.26916e-10	0.0838503
7.26986e-10	0.0839873
7.27057e-10	0.0841243
7.27128e-10	0.0842613
7.27199e-10	0.0843982
7.27269e-10	0.084535
7.2734e-10	0.0846718
7.27411e-10	0.0848086
7.27481e-10	0.0849452
7.27552e-10	0.0850819
7.27623e-10	0.0852185
7.27694e-10	0.085355
7.27764e-10	0.0854915
7.27835e-10	0.0856279
7.27906e-10	0.0857643
7.27977e-10	0.0859006
7.28047e-10	0.0860369
7.28118e-10	0.0861731
7.28189e-10	0.0863093
7.28259e-10	0.0864454
7.2833e-10	0.0865815
7.28401e-10	0.0867175
7.28472e-10	0.0868534
7.28542e-10	0.0869893
7.28613e-10	0.0871251
7.28684e-10	0.0872609
7.28755e-10	0.0873966
7.28825e-10	0.0875323
7.28896e-10	0.0876679
7.28967e-10	0.0878034
7.29038e-10	0.0879389
7.29108e-10	0.0880744
7.29179e-10	0.0882097
7.2925e-10	0.088345
7.2932e-10	0.0884803
7.29391e-10	0.0886155
7.29462e-10	0.0887506
7.29533e-10	0.0888857
7.29603e-10	0.0890207
7.29674e-10	0.0891556
7.29745e-10	0.0892905
7.29816e-10	0.0894253
7.29886e-10	0.0895601
7.29957e-10	0.0896948
7.30028e-10	0.0898294
7.30098e-10	0.089964
7.30169e-10	0.0900985
7.3024e-10	0.090233
7.30311e-10	0.0903673
7.30381e-10	0.0905017
7.30452e-10	0.0906359
7.30523e-10	0.0907701
7.30594e-10	0.0909042
7.30664e-10	0.0910383
7.30735e-10	0.0911722
7.30806e-10	0.0913062
7.30876e-10	0.09144
7.30947e-10	0.0915738
7.31018e-10	0.0917075
7.31089e-10	0.0918412
7.31159e-10	0.0919748
7.3123e-10	0.0921083
7.31301e-10	0.0922417
7.31372e-10	0.0923751
7.31442e-10	0.0925084
7.31513e-10	0.0926416
7.31584e-10	0.0927748
7.31654e-10	0.0929079
7.31725e-10	0.0930409
7.31796e-10	0.0931739
7.31867e-10	0.0933067
7.31937e-10	0.0934395
7.32008e-10	0.0935723
7.32079e-10	0.0937049
7.3215e-10	0.0938375
7.3222e-10	0.09397
7.32291e-10	0.0941025
7.32362e-10	0.0942348
7.32432e-10	0.0943671
7.32503e-10	0.0944994
7.32574e-10	0.0946315
7.32645e-10	0.0947636
7.32715e-10	0.0948956
7.32786e-10	0.0950275
7.32857e-10	0.0951593
7.32928e-10	0.0952911
7.32998e-10	0.0954228
7.33069e-10	0.0955544
7.3314e-10	0.0956859
7.33211e-10	0.0958173
7.33281e-10	0.0959487
7.33352e-10	0.09608
7.33423e-10	0.0962112
7.33493e-10	0.0963424
7.33564e-10	0.0964734
7.33635e-10	0.0966044
7.33706e-10	0.0967353
7.33776e-10	0.0968661
7.33847e-10	0.0969968
7.33918e-10	0.0971275
7.33989e-10	0.0972581
7.34059e-10	0.0973886
7.3413e-10	0.097519
7.34201e-10	0.0976493
7.34271e-10	0.0977795
7.34342e-10	0.0979097
7.34413e-10	0.0980397
7.34484e-10	0.0981697
7.34554e-10	0.0982996
7.34625e-10	0.0984294
7.34696e-10	0.0985592
7.34767e-10	0.0986888
7.34837e-10	0.0988184
7.34908e-10	0.0989479
7.34979e-10	0.0990772
7.35049e-10	0.0992065
7.3512e-10	0.0993358
7.35191e-10	0.0994649
7.35262e-10	0.0995939
7.35332e-10	0.0997229
7.35403e-10	0.0998517
7.35474e-10	0.0999805
7.35545e-10	0.100109
7.35615e-10	0.100238
7.35686e-10	0.100366
7.35757e-10	0.100495
7.35827e-10	0.100623
7.35898e-10	0.100751
7.35969e-10	0.100879
7.3604e-10	0.101007
7.3611e-10	0.101135
7.36181e-10	0.101263
7.36252e-10	0.101391
7.36323e-10	0.101519
7.36393e-10	0.101646
7.36464e-10	0.101774
7.36535e-10	0.101901
7.36605e-10	0.102028
7.36676e-10	0.102156
7.36747e-10	0.102283
7.36818e-10	0.10241
7.36888e-10	0.102537
7.36959e-10	0.102663
7.3703e-10	0.10279
7.37101e-10	0.102917
7.37171e-10	0.103043
7.37242e-10	0.10317
7.37313e-10	0.103296
7.37384e-10	0.103422
7.37454e-10	0.103548
7.37525e-10	0.103674
7.37596e-10	0.1038
7.37666e-10	0.103926
7.37737e-10	0.104052
7.37808e-10	0.104178
7.37879e-10	0.104303
7.37949e-10	0.104429
7.3802e-10	0.104554
7.38091e-10	0.104679
7.38162e-10	0.104804
7.38232e-10	0.104929
7.38303e-10	0.105054
7.38374e-10	0.105179
7.38444e-10	0.105304
7.38515e-10	0.105428
7.38586e-10	0.105553
7.38657e-10	0.105677
7.38727e-10	0.105802
7.38798e-10	0.105926
7.38869e-10	0.10605
7.3894e-10	0.106174
7.3901e-10	0.106298
7.39081e-10	0.106422
7.39152e-10	0.106545
7.39222e-10	0.106669
7.39293e-10	0.106792
7.39364e-10	0.106915
7.39435e-10	0.107039
7.39505e-10	0.107162
7.39576e-10	0.107285
7.39647e-10	0.107408
7.39718e-10	0.107531
7.39788e-10	0.107653
7.39859e-10	0.107776
7.3993e-10	0.107898
7.4e-10	0.108021
7.40071e-10	0.108143
7.40142e-10	0.108265
7.40213e-10	0.108387
7.40283e-10	0.108509
7.40354e-10	0.108631
7.40425e-10	0.108752
7.40496e-10	0.108874
7.40566e-10	0.108995
7.40637e-10	0.109117
7.40708e-10	0.109238
7.40778e-10	0.109359
7.40849e-10	0.10948
7.4092e-10	0.109601
7.40991e-10	0.109722
7.41061e-10	0.109842
7.41132e-10	0.109963
7.41203e-10	0.110083
7.41274e-10	0.110203
7.41344e-10	0.110324
7.41415e-10	0.110444
7.41486e-10	0.110564
7.41557e-10	0.110683
7.41627e-10	0.110803
7.41698e-10	0.110923
7.41769e-10	0.111042
7.41839e-10	0.111161
7.4191e-10	0.111281
7.41981e-10	0.1114
7.42052e-10	0.111519
7.42122e-10	0.111638
7.42193e-10	0.111756
7.42264e-10	0.111875
7.42335e-10	0.111993
7.42405e-10	0.112112
7.42476e-10	0.11223
7.42547e-10	0.112348
7.42617e-10	0.112466
7.42688e-10	0.112584
7.42759e-10	0.112702
7.4283e-10	0.112819
7.429e-10	0.112937
7.42971e-10	0.113054
7.43042e-10	0.113171
7.43113e-10	0.113289
7.43183e-10	0.113405
7.43254e-10	0.113522
7.43325e-10	0.113639
7.43395e-10	0.113756
7.43466e-10	0.113872
7.43537e-10	0.113988
7.43608e-10	0.114105
7.43678e-10	0.114221
7.43749e-10	0.114337
7.4382e-10	0.114453
7.43891e-10	0.114568
7.43961e-10	0.114684
7.44032e-10	0.114799
7.44103e-10	0.114915
7.44173e-10	0.11503
7.44244e-10	0.115145
7.44315e-10	0.11526
7.44386e-10	0.115374
7.44456e-10	0.115489
7.44527e-10	0.115604
7.44598e-10	0.115718
7.44669e-10	0.115832
7.44739e-10	0.115946
7.4481e-10	0.11606
7.44881e-10	0.116174
7.44951e-10	0.116288
7.45022e-10	0.116401
7.45093e-10	0.116515
7.45164e-10	0.116628
7.45234e-10	0.116741
7.45305e-10	0.116854
7.45376e-10	0.116967
7.45447e-10	0.11708
7.45517e-10	0.117192
7.45588e-10	0.117305
7.45659e-10	0.117417
7.4573e-10	0.117529
7.458e-10	0.117641
7.45871e-10	0.117753
7.45942e-10	0.117865
7.46012e-10	0.117977
7.46083e-10	0.118088
7.46154e-10	0.118199
7.46225e-10	0.118311
7.46295e-10	0.118422
7.46366e-10	0.118533
7.46437e-10	0.118643
7.46508e-10	0.118754
7.46578e-10	0.118864
7.46649e-10	0.118975
7.4672e-10	0.119085
7.4679e-10	0.119195
7.46861e-10	0.119305
7.46932e-10	0.119415
7.47003e-10	0.119524
7.47073e-10	0.119634
7.47144e-10	0.119743
7.47215e-10	0.119852
7.47286e-10	0.119961
7.47356e-10	0.12007
7.47427e-10	0.120179
7.47498e-10	0.120287
7.47568e-10	0.120396
7.47639e-10	0.120504
7.4771e-10	0.120612
7.47781e-10	0.12072
7.47851e-10	0.120828
7.47922e-10	0.120936
7.47993e-10	0.121043
7.48064e-10	0.121151
7.48134e-10	0.121258
7.48205e-10	0.121365
7.48276e-10	0.121472
7.48346e-10	0.121579
7.48417e-10	0.121685
7.48488e-10	0.121792
7.48559e-10	0.121898
7.48629e-10	0.122004
7.487e-10	0.12211
7.48771e-10	0.122216
7.48842e-10	0.122322
7.48912e-10	0.122427
7.48983e-10	0.122533
7.49054e-10	0.122638
7.49125e-10	0.122743
7.49195e-10	0.122848
7.49266e-10	0.122953
7.49337e-10	0.123057
7.49407e-10	0.123162
7.49478e-10	0.123266
7.49549e-10	0.12337
7.4962e-10	0.123474
7.4969e-10	0.123578
7.49761e-10	0.123682
7.49832e-10	0.123785
7.49903e-10	0.123888
7.49973e-10	0.123992
7.50044e-10	0.124095
7.50115e-10	0.124197
7.50185e-10	0.1243
7.50256e-10	0.124403
7.50327e-10	0.124505
7.50398e-10	0.124607
7.50468e-10	0.124709
7.50539e-10	0.124811
7.5061e-10	0.124913
7.50681e-10	0.125014
7.50751e-10	0.125116
7.50822e-10	0.125217
7.50893e-10	0.125318
7.50963e-10	0.125419
7.51034e-10	0.12552
7.51105e-10	0.12562
7.51176e-10	0.125721
7.51246e-10	0.125821
7.51317e-10	0.125921
7.51388e-10	0.126021
7.51459e-10	0.12612
7.51529e-10	0.12622
7.516e-10	0.126319
7.51671e-10	0.126419
7.51741e-10	0.126518
7.51812e-10	0.126617
7.51883e-10	0.126715
7.51954e-10	0.126814
7.52024e-10	0.126912
7.52095e-10	0.12701
7.52166e-10	0.127108
7.52237e-10	0.127206
7.52307e-10	0.127304
7.52378e-10	0.127401
7.52449e-10	0.127499
7.52519e-10	0.127596
7.5259e-10	0.127693
7.52661e-10	0.12779
7.52732e-10	0.127886
7.52802e-10	0.127983
7.52873e-10	0.128079
7.52944e-10	0.128175
7.53015e-10	0.128271
7.53085e-10	0.128367
7.53156e-10	0.128463
7.53227e-10	0.128558
7.53298e-10	0.128653
7.53368e-10	0.128748
7.53439e-10	0.128843
7.5351e-10	0.128938
7.5358e-10	0.129032
7.53651e-10	0.129127
7.53722e-10	0.129221
7.53793e-10	0.129315
7.53863e-10	0.129409
7.53934e-10	0.129502
7.54005e-10	0.129596
7.54076e-10	0.129689
7.54146e-10	0.129782
7.54217e-10	0.129875
7.54288e-10	0.129968
7.54358e-10	0.13006
7.54429e-10	0.130153
7.545e-10	0.130245
7.54571e-10	0.130337
7.54641e-10	0.130429
7.54712e-10	0.13052
7.54783e-10	0.130612
7.54854e-10	0.130703
7.54924e-10	0.130794
7.54995e-10	0.130885
7.55066e-10	0.130976
7.55136e-10	0.131066
7.55207e-10	0.131157
7.55278e-10	0.131247
7.55349e-10	0.131337
7.55419e-10	0.131427
7.5549e-10	0.131516
7.55561e-10	0.131606
7.55632e-10	0.131695
7.55702e-10	0.131784
7.55773e-10	0.131873
7.55844e-10	0.131961
7.55914e-10	0.13205
7.55985e-10	0.132138
7.56056e-10	0.132226
7.56127e-10	0.132314
7.56197e-10	0.132402
7.56268e-10	0.132489
7.56339e-10	0.132577
7.5641e-10	0.132664
7.5648e-10	0.132751
7.56551e-10	0.132837
7.56622e-10	0.132924
7.56692e-10	0.13301
7.56763e-10	0.133097
7.56834e-10	0.133183
7.56905e-10	0.133268
7.56975e-10	0.133354
7.57046e-10	0.133439
7.57117e-10	0.133525
7.57188e-10	0.13361
7.57258e-10	0.133694
7.57329e-10	0.133779
7.574e-10	0.133863
7.57471e-10	0.133948
7.57541e-10	0.134032
7.57612e-10	0.134115
7.57683e-10	0.134199
7.57753e-10	0.134282
7.57824e-10	0.134366
7.57895e-10	0.134449
7.57966e-10	0.134532
7.58036e-10	0.134614
7.58107e-10	0.134697
7.58178e-10	0.134779
7.58249e-10	0.134861
7.58319e-10	0.134943
7.5839e-10	0.135024
7.58461e-10	0.135106
7.58531e-10	0.135187
7.58602e-10	0.135268
7.58673e-10	0.135349
7.58744e-10	0.135429
7.58814e-10	0.13551
7.58885e-10	0.13559
7.58956e-10	0.13567
7.59027e-10	0.13575
7.59097e-10	0.135829
7.59168e-10	0.135909
7.59239e-10	0.135988
7.59309e-10	0.136067
7.5938e-10	0.136146
7.59451e-10	0.136224
7.59522e-10	0.136303
7.59592e-10	0.136381
7.59663e-10	0.136459
7.59734e-10	0.136537
7.59805e-10	0.136614
7.59875e-10	0.136692
7.59946e-10	0.136769
7.60017e-10	0.136846
7.60087e-10	0.136922
7.60158e-10	0.136999
7.60229e-10	0.137075
7.603e-10	0.137151
7.6037e-10	0.137227
7.60441e-10	0.137303
7.60512e-10	0.137378
7.60583e-10	0.137453
7.60653e-10	0.137528
7.60724e-10	0.137603
7.60795e-10	0.137678
7.60865e-10	0.137752
7.60936e-10	0.137826
7.61007e-10	0.1379
7.61078e-10	0.137974
7.61148e-10	0.138048
7.61219e-10	0.138121
7.6129e-10	0.138194
7.61361e-10	0.138267
7.61431e-10	0.13834
7.61502e-10	0.138412
7.61573e-10	0.138484
7.61644e-10	0.138556
7.61714e-10	0.138628
7.61785e-10	0.1387
7.61856e-10	0.138771
7.61926e-10	0.138842
7.61997e-10	0.138913
7.62068e-10	0.138984
7.62139e-10	0.139054
7.62209e-10	0.139125
7.6228e-10	0.139195
7.62351e-10	0.139265
7.62422e-10	0.139334
7.62492e-10	0.139404
7.62563e-10	0.139473
7.62634e-10	0.139542
7.62704e-10	0.13961
7.62775e-10	0.139679
7.62846e-10	0.139747
7.62917e-10	0.139815
7.62987e-10	0.139883
7.63058e-10	0.139951
7.63129e-10	0.140018
7.632e-10	0.140085
7.6327e-10	0.140152
7.63341e-10	0.140219
7.63412e-10	0.140286
7.63482e-10	0.140352
7.63553e-10	0.140418
7.63624e-10	0.140484
7.63695e-10	0.140549
7.63765e-10	0.140615
7.63836e-10	0.14068
7.63907e-10	0.140745
7.63978e-10	0.14081
7.64048e-10	0.140874
7.64119e-10	0.140938
7.6419e-10	0.141002
7.6426e-10	0.141066
7.64331e-10	0.14113
7.64402e-10	0.141193
7.64473e-10	0.141256
7.64543e-10	0.141319
7.64614e-10	0.141382
7.64685e-10	0.141444
7.64756e-10	0.141506
7.64826e-10	0.141568
7.64897e-10	0.14163
7.64968e-10	0.141692
7.65038e-10	0.141753
7.65109e-10	0.141814
7.6518e-10	0.141875
7.65251e-10	0.141935
7.65321e-10	0.141996
7.65392e-10	0.142056
7.65463e-10	0.142116
7.65534e-10	0.142175
7.65604e-10	0.142235
7.65675e-10	0.142294
7.65746e-10	0.142353
7.65817e-10	0.142412
7.65887e-10	0.14247
7.65958e-10	0.142528
7.66029e-10	0.142586
7.66099e-10	0.142644
7.6617e-10	0.142702
7.66241e-10	0.142759
7.66312e-10	0.142816
7.66382e-10	0.142873
7.66453e-10	0.142929
7.66524e-10	0.142986
7.66595e-10	0.143042
7.66665e-10	0.143098
7.66736e-10	0.143153
7.66807e-10	0.143209
7.66877e-10	0.143264
7.66948e-10	0.143319
7.67019e-10	0.143373
7.6709e-10	0.143428
7.6716e-10	0.143482
7.67231e-10	0.143536
7.67302e-10	0.143589
7.67373e-10	0.143643
7.67443e-10	0.143696
7.67514e-10	0.143749
7.67585e-10	0.143802
7.67655e-10	0.143854
7.67726e-10	0.143907
7.67797e-10	0.143959
7.67868e-10	0.14401
7.67938e-10	0.144062
7.68009e-10	0.144113
7.6808e-10	0.144164
7.68151e-10	0.144215
7.68221e-10	0.144265
7.68292e-10	0.144316
7.68363e-10	0.144366
7.68433e-10	0.144416
7.68504e-10	0.144465
7.68575e-10	0.144514
7.68646e-10	0.144563
7.68716e-10	0.144612
7.68787e-10	0.144661
7.68858e-10	0.144709
7.68929e-10	0.144757
7.68999e-10	0.144805
7.6907e-10	0.144853
7.69141e-10	0.1449
7.69211e-10	0.144947
7.69282e-10	0.144994
7.69353e-10	0.14504
7.69424e-10	0.145087
7.69494e-10	0.145133
7.69565e-10	0.145179
7.69636e-10	0.145224
7.69707e-10	0.145269
7.69777e-10	0.145314
7.69848e-10	0.145359
7.69919e-10	0.145404
7.6999e-10	0.145448
7.7006e-10	0.145492
7.70131e-10	0.145536
7.70202e-10	0.145579
7.70272e-10	0.145623
7.70343e-10	0.145666
7.70414e-10	0.145709
7.70485e-10	0.145751
7.70555e-10	0.145793
7.70626e-10	0.145835
7.70697e-10	0.145877
7.70768e-10	0.145919
7.70838e-10	0.14596
7.70909e-10	0.146001
7.7098e-10	0.146042
7.7105e-10	0.146082
7.71121e-10	0.146122
7.71192e-10	0.146162
7.71263e-10	0.146202
7.71333e-10	0.146241
7.71404e-10	0.14628
7.71475e-10	0.146319
7.71546e-10	0.146358
7.71616e-10	0.146396
7.71687e-10	0.146435
7.71758e-10	0.146473
7.71828e-10	0.14651
7.71899e-10	0.146547
7.7197e-10	0.146585
7.72041e-10	0.146621
7.72111e-10	0.146658
7.72182e-10	0.146694
7.72253e-10	0.14673
7.72324e-10	0.146766
7.72394e-10	0.146802
7.72465e-10	0.146837
7.72536e-10	0.146872
7.72606e-10	0.146907
7.72677e-10	0.146941
7.72748e-10	0.146975
7.72819e-10	0.147009
7.72889e-10	0.147043
7.7296e-10	0.147076
7.73031e-10	0.14711
7.73102e-10	0.147142
7.73172e-10	0.147175
7.73243e-10	0.147207
7.73314e-10	0.14724
7.73384e-10	0.147271
7.73455e-10	0.147303
7.73526e-10	0.147334
7.73597e-10	0.147365
7.73667e-10	0.147396
7.73738e-10	0.147426
7.73809e-10	0.147457
7.7388e-10	0.147487
7.7395e-10	0.147516
7.74021e-10	0.147546
7.74092e-10	0.147575
7.74163e-10	0.147604
7.74233e-10	0.147632
7.74304e-10	0.147661
7.74375e-10	0.147689
7.74445e-10	0.147716
7.74516e-10	0.147744
7.74587e-10	0.147771
7.74658e-10	0.147798
7.74728e-10	0.147825
7.74799e-10	0.147851
7.7487e-10	0.147877
7.74941e-10	0.147903
7.75011e-10	0.147929
7.75082e-10	0.147954
7.75153e-10	0.147979
7.75223e-10	0.148004
7.75294e-10	0.148029
7.75365e-10	0.148053
7.75436e-10	0.148077
7.75506e-10	0.148101
7.75577e-10	0.148124
7.75648e-10	0.148147
7.75719e-10	0.14817
7.75789e-10	0.148193
7.7586e-10	0.148215
7.75931e-10	0.148237
7.76001e-10	0.148259
7.76072e-10	0.14828
7.76143e-10	0.148301
7.76214e-10	0.148322
7.76284e-10	0.148343
7.76355e-10	0.148363
7.76426e-10	0.148383
7.76497e-10	0.148403
7.76567e-10	0.148423
7.76638e-10	0.148442
7.76709e-10	0.148461
7.76779e-10	0.14848
7.7685e-10	0.148498
7.76921e-10	0.148516
7.76992e-10	0.148534
7.77062e-10	0.148552
7.77133e-10	0.148569
7.77204e-10	0.148586
7.77275e-10	0.148603
7.77345e-10	0.148619
7.77416e-10	0.148635
7.77487e-10	0.148651
7.77557e-10	0.148667
7.77628e-10	0.148682
7.77699e-10	0.148697
7.7777e-10	0.148712
7.7784e-10	0.148726
7.77911e-10	0.148741
7.77982e-10	0.148755
7.78053e-10	0.148768
7.78123e-10	0.148781
7.78194e-10	0.148795
7.78265e-10	0.148807
7.78336e-10	0.14882
7.78406e-10	0.148832
7.78477e-10	0.148844
7.78548e-10	0.148856
7.78618e-10	0.148867
7.78689e-10	0.148878
7.7876e-10	0.148889
7.78831e-10	0.148899
7.78901e-10	0.148909
7.78972e-10	0.148919
7.79043e-10	0.148929
7.79114e-10	0.148938
7.79184e-10	0.148947
7.79255e-10	0.148956
7.79326e-10	0.148964
7.79396e-10	0.148973
7.79467e-10	0.14898
7.79538e-10	0.148988
7.79609e-10	0.148995
7.79679e-10	0.149002
7.7975e-10	0.149009
7.79821e-10	0.149016
7.79892e-10	0.149022
7.79962e-10	0.149028
7.80033e-10	0.149033
7.80104e-10	0.149038
7.80174e-10	0.149043
7.80245e-10	0.149048
7.80316e-10	0.149052
7.80387e-10	0.149057
7.80457e-10	0.14906
7.80528e-10	0.149064
7.80599e-10	0.149067
7.8067e-10	0.14907
7.8074e-10	0.149073
7.80811e-10	0.149075
7.80882e-10	0.149077
7.80952e-10	0.149079
7.81023e-10	0.14908
7.81094e-10	0.149081
7.81165e-10	0.149082
7.81235e-10	0.149083
7.81306e-10	0.149083
7.81377e-10	0.149083
7.81448e-10	0.149083
7.81518e-10	0.149082
7.81589e-10	0.149081
7.8166e-10	0.14908
7.8173e-10	0.149079
7.81801e-10	0.149077
7.81872e-10	0.149075
7.81943e-10	0.149072
7.82013e-10	0.14907
7.82084e-10	0.149067
7.82155e-10	0.149063
7.82226e-10	0.14906
7.82296e-10	0.149056
7.82367e-10	0.149052
7.82438e-10	0.149047
7.82509e-10	0.149042
7.82579e-10	0.149037
7.8265e-10	0.149032
7.82721e-10	0.149026
7.82791e-10	0.14902
7.82862e-10	0.149014
7.82933e-10	0.149007
7.83004e-10	0.149
7.83074e-10	0.148993
7.83145e-10	0.148986
7.83216e-10	0.148978
7.83287e-10	0.14897
7.83357e-10	0.148961
7.83428e-10	0.148953
7.83499e-10	0.148944
7.83569e-10	0.148934
7.8364e-10	0.148925
7.83711e-10	0.148915
7.83782e-10	0.148905
7.83852e-10	0.148894
7.83923e-10	0.148883
7.83994e-10	0.148872
7.84065e-10	0.148861
7.84135e-10	0.148849
7.84206e-10	0.148837
7.84277e-10	0.148825
7.84347e-10	0.148812
7.84418e-10	0.148799
7.84489e-10	0.148786
7.8456e-10	0.148772
7.8463e-10	0.148758
7.84701e-10	0.148744
7.84772e-10	0.14873
7.84843e-10	0.148715
7.84913e-10	0.1487
7.84984e-10	0.148685
7.85055e-10	0.148669
7.85125e-10	0.148653
7.85196e-10	0.148636
7.85267e-10	0.14862
7.85338e-10	0.148603
7.85408e-10	0.148586
7.85479e-10	0.148568
7.8555e-10	0.14855
7.85621e-10	0.148532
7.85691e-10	0.148514
7.85762e-10	0.148495
7.85833e-10	0.148476
7.85903e-10	0.148456
7.85974e-10	0.148437
7.86045e-10	0.148416
7.86116e-10	0.148396
7.86186e-10	0.148375
7.86257e-10	0.148355
7.86328e-10	0.148333
7.86399e-10	0.148312
7.86469e-10	0.14829
7.8654e-10	0.148268
7.86611e-10	0.148245
7.86682e-10	0.148222
7.86752e-10	0.148199
7.86823e-10	0.148176
7.86894e-10	0.148152
7.86964e-10	0.148128
7.87035e-10	0.148103
7.87106e-10	0.148079
7.87177e-10	0.148054
7.87247e-10	0.148028
7.87318e-10	0.148003
7.87389e-10	0.147977
7.8746e-10	0.14795
7.8753e-10	0.147924
7.87601e-10	0.147897
7.87672e-10	0.14787
7.87742e-10	0.147842
7.87813e-10	0.147814
7.87884e-10	0.147786
7.87955e-10	0.147758
7.88025e-10	0.147729
7.88096e-10	0.1477
7.88167e-10	0.14767
7.88238e-10	0.14764
7.88308e-10	0.14761
7.88379e-10	0.14758
7.8845e-10	0.147549
7.8852e-10	0.147518
7.88591e-10	0.147487
7.88662e-10	0.147455
7.88733e-10	0.147423
7.88803e-10	0.147391
7.88874e-10	0.147359
7.88945e-10	0.147326
7.89016e-10	0.147292
7.89086e-10	0.147259
7.89157e-10	0.147225
7.89228e-10	0.147191
7.89298e-10	0.147156
7.89369e-10	0.147121
7.8944e-10	0.147086
7.89511e-10	0.147051
7.89581e-10	0.147015
7.89652e-10	0.146979
7.89723e-10	0.146942
7.89794e-10	0.146906
7.89864e-10	0.146869
7.89935e-10	0.146831
7.90006e-10	0.146793
7.90076e-10	0.146755
7.90147e-10	0.146717
7.90218e-10	0.146678
7.90289e-10	0.146639
7.90359e-10	0.1466
7.9043e-10	0.14656
7.90501e-10	0.146521
7.90572e-10	0.14648
7.90642e-10	0.14644
7.90713e-10	0.146399
7.90784e-10	0.146357
7.90855e-10	0.146316
7.90925e-10	0.146274
7.90996e-10	0.146232
7.91067e-10	0.146189
7.91137e-10	0.146146
7.91208e-10	0.146103
7.91279e-10	0.14606
7.9135e-10	0.146016
7.9142e-10	0.145972
7.91491e-10	0.145927
7.91562e-10	0.145882
7.91633e-10	0.145837
7.91703e-10	0.145792
7.91774e-10	0.145746
7.91845e-10	0.1457
7.91915e-10	0.145653
7.91986e-10	0.145607
7.92057e-10	0.14556
7.92128e-10	0.145512
7.92198e-10	0.145464
7.92269e-10	0.145416
7.9234e-10	0.145368
7.92411e-10	0.145319
7.92481e-10	0.14527
7.92552e-10	0.145221
7.92623e-10	0.145171
7.92693e-10	0.145121
7.92764e-10	0.145071
7.92835e-10	0.14502
7.92906e-10	0.144969
7.92976e-10	0.144918
7.93047e-10	0.144866
7.93118e-10	0.144814
7.93189e-10	0.144762
7.93259e-10	0.144709
7.9333e-10	0.144656
7.93401e-10	0.144603
7.93471e-10	0.144549
7.93542e-10	0.144495
7.93613e-10	0.144441
7.93684e-10	0.144386
7.93754e-10	0.144331
7.93825e-10	0.144276
7.93896e-10	0.144221
7.93967e-10	0.144165
7.94037e-10	0.144108
7.94108e-10	0.144052
7.94179e-10	0.143995
7.9425e-10	0.143938
7.9432e-10	0.14388
7.94391e-10	0.143822
7.94462e-10	0.143764
7.94532e-10	0.143705
7.94603e-10	0.143646
7.94674e-10	0.143587
7.94745e-10	0.143528
7.94815e-10	0.143468
7.94886e-10	0.143408
7.94957e-10	0.143347
7.95028e-10	0.143286
7.95098e-10	0.143225
7.95169e-10	0.143163
7.9524e-10	0.143101
7.9531e-10	0.143039
7.95381e-10	0.142977
7.95452e-10	0.142914
7.95523e-10	0.142851
7.95593e-10	0.142787
7.95664e-10	0.142723
7.95735e-10	0.142659
7.95806e-10	0.142594
7.95876e-10	0.14253
7.95947e-10	0.142464
7.96018e-10	0.142399
7.96088e-10	0.142333
7.96159e-10	0.142267
7.9623e-10	0.1422
7.96301e-10	0.142133
7.96371e-10	0.142066
7.96442e-10	0.141998
7.96513e-10	0.141931
7.96584e-10	0.141862
7.96654e-10	0.141794
7.96725e-10	0.141725
7.96796e-10	0.141656
7.96866e-10	0.141586
7.96937e-10	0.141516
7.97008e-10	0.141446
7.97079e-10	0.141375
7.97149e-10	0.141305
7.9722e-10	0.141233
7.97291e-10	0.141162
7.97362e-10	0.14109
7.97432e-10	0.141018
7.97503e-10	0.140945
7.97574e-10	0.140872
7.97644e-10	0.140799
7.97715e-10	0.140725
7.97786e-10	0.140651
7.97857e-10	0.140577
7.97927e-10	0.140503
7.97998e-10	0.140428
7.98069e-10	0.140352
7.9814e-10	0.140277
7.9821e-10	0.140201
7.98281e-10	0.140125
7.98352e-10	0.140048
7.98423e-10	0.139971
7.98493e-10	0.139894
7.98564e-10	0.139816
7.98635e-10	0.139738
7.98705e-10	0.13966
7.98776e-10	0.139581
7.98847e-10	0.139502
7.98918e-10	0.139423
7.98988e-10	0.139343
7.99059e-10	0.139263
7.9913e-10	0.139183
7.99201e-10	0.139102
7.99271e-10	0.139021
7.99342e-10	0.13894
7.99413e-10	0.138858
7.99483e-10	0.138776
7.99554e-10	0.138694
7.99625e-10	0.138611
7.99696e-10	0.138528
7.99766e-10	0.138445
7.99837e-10	0.138361
7.99908e-10	0.138277
7.99979e-10	0.138193
8.00049e-10	0.138108
8.0012e-10	0.138023
8.00191e-10	0.137938
8.00261e-10	0.137852
8.00332e-10	0.137766
8.00403e-10	0.137679
8.00474e-10	0.137592
8.00544e-10	0.137505
8.00615e-10	0.137418
8.00686e-10	0.13733
8.00757e-10	0.137242
8.00827e-10	0.137154
8.00898e-10	0.137065
8.00969e-10	0.136976
8.01039e-10	0.136886
8.0111e-10	0.136796
8.01181e-10	0.136706
8.01252e-10	0.136616
8.01322e-10	0.136525
8.01393e-10	0.136434
8.01464e-10	0.136342
8.01535e-10	0.13625
8.01605e-10	0.136158
8.01676e-10	0.136065
8.01747e-10	0.135972
8.01817e-10	0.135879
8.01888e-10	0.135786
8.01959e-10	0.135692
8.0203e-10	0.135597
8.021e-10	0.135503
8.02171e-10	0.135408
8.02242e-10	0.135313
8.02313e-10	0.135217
8.02383e-10	0.135121
8.02454e-10	0.135025
8.02525e-10	0.134928
8.02596e-10	0.134831
8.02666e-10	0.134734
8.02737e-10	0.134636
8.02808e-10	0.134538
8.02878e-10	0.13444
8.02949e-10	0.134341
8.0302e-10	0.134242
8.03091e-10	0.134143
8.03161e-10	0.134043
8.03232e-10	0.133943
8.03303e-10	0.133842
8.03374e-10	0.133742
8.03444e-10	0.13364
8.03515e-10	0.133539
8.03586e-10	0.133437
8.03656e-10	0.133335
8.03727e-10	0.133233
8.03798e-10	0.13313
8.03869e-10	0.133027
8.03939e-10	0.132923
8.0401e-10	0.132819
8.04081e-10	0.132715
8.04152e-10	0.13261
8.04222e-10	0.132506
8.04293e-10	0.1324
8.04364e-10	0.132295
8.04434e-10	0.132189
8.04505e-10	0.132083
8.04576e-10	0.131976
8.04647e-10	0.131869
8.04717e-10	0.131762
8.04788e-10	0.131654
8.04859e-10	0.131546
8.0493e-10	0.131438
8.05e-10	0.131329
8.05071e-10	0.13122
8.05142e-10	0.131111
8.05212e-10	0.131001
8.05283e-10	0.130891
8.05354e-10	0.130781
8.05425e-10	0.13067
8.05495e-10	0.130559
8.05566e-10	0.130448
8.05637e-10	0.130336
8.05708e-10	0.130224
8.05778e-10	0.130111
8.05849e-10	0.129998
8.0592e-10	0.129885
8.0599e-10	0.129772
8.06061e-10	0.129658
8.06132e-10	0.129544
8.06203e-10	0.129429
8.06273e-10	0.129315
8.06344e-10	0.129199
8.06415e-10	0.129084
8.06486e-10	0.128968
8.06556e-10	0.128852
8.06627e-10	0.128735
8.06698e-10	0.128618
8.06769e-10	0.128501
8.06839e-10	0.128383
8.0691e-10	0.128265
8.06981e-10	0.128147
8.07051e-10	0.128028
8.07122e-10	0.127909
8.07193e-10	0.12779
8.07264e-10	0.12767
8.07334e-10	0.12755
8.07405e-10	0.12743
8.07476e-10	0.127309
8.07547e-10	0.127188
8.07617e-10	0.127067
8.07688e-10	0.126945
8.07759e-10	0.126823
8.07829e-10	0.126701
8.079e-10	0.126578
8.07971e-10	0.126455
8.08042e-10	0.126331
8.08112e-10	0.126207
8.08183e-10	0.126083
8.08254e-10	0.125959
8.08325e-10	0.125834
8.08395e-10	0.125709
8.08466e-10	0.125583
8.08537e-10	0.125457
8.08607e-10	0.125331
8.08678e-10	0.125204
8.08749e-10	0.125078
8.0882e-10	0.12495
8.0889e-10	0.124823
8.08961e-10	0.124695
8.09032e-10	0.124566
8.09103e-10	0.124438
8.09173e-10	0.124309
8.09244e-10	0.124179
8.09315e-10	0.12405
8.09385e-10	0.12392
8.09456e-10	0.123789
8.09527e-10	0.123659
8.09598e-10	0.123528
8.09668e-10	0.123396
8.09739e-10	0.123264
8.0981e-10	0.123132
8.09881e-10	0.123
8.09951e-10	0.122867
8.10022e-10	0.122734
8.10093e-10	0.122601
8.10163e-10	0.122467
8.10234e-10	0.122333
8.10305e-10	0.122198
8.10376e-10	0.122063
8.10446e-10	0.121928
8.10517e-10	0.121792
8.10588e-10	0.121657
8.10659e-10	0.12152
8.10729e-10	0.121384
8.108e-10	0.121247
8.10871e-10	0.12111
8.10942e-10	0.120972
8.11012e-10	0.120834
8.11083e-10	0.120696
8.11154e-10	0.120557
8.11224e-10	0.120418
8.11295e-10	0.120279
8.11366e-10	0.120139
8.11437e-10	0.119999
8.11507e-10	0.119859
8.11578e-10	0.119718
8.11649e-10	0.119577
8.1172e-10	0.119436
8.1179e-10	0.119294
8.11861e-10	0.119152
8.11932e-10	0.119009
8.12002e-10	0.118866
8.12073e-10	0.118723
8.12144e-10	0.11858
8.12215e-10	0.118436
8.12285e-10	0.118292
8.12356e-10	0.118147
8.12427e-10	0.118003
8.12498e-10	0.117857
8.12568e-10	0.117712
8.12639e-10	0.117566
8.1271e-10	0.11742
8.1278e-10	0.117273
8.12851e-10	0.117126
8.12922e-10	0.116979
8.12993e-10	0.116832
8.13063e-10	0.116684
8.13134e-10	0.116535
8.13205e-10	0.116387
8.13276e-10	0.116238
8.13346e-10	0.116088
8.13417e-10	0.115939
8.13488e-10	0.115789
8.13558e-10	0.115638
8.13629e-10	0.115488
8.137e-10	0.115337
8.13771e-10	0.115185
8.13841e-10	0.115034
8.13912e-10	0.114882
8.13983e-10	0.114729
8.14054e-10	0.114576
8.14124e-10	0.114423
8.14195e-10	0.11427
8.14266e-10	0.114116
8.14336e-10	0.113962
8.14407e-10	0.113808
8.14478e-10	0.113653
8.14549e-10	0.113498
8.14619e-10	0.113342
8.1469e-10	0.113186
8.14761e-10	0.11303
8.14832e-10	0.112874
8.14902e-10	0.112717
8.14973e-10	0.11256
8.15044e-10	0.112402
8.15115e-10	0.112244
8.15185e-10	0.112086
8.15256e-10	0.111927
8.15327e-10	0.111769
8.15397e-10	0.111609
8.15468e-10	0.11145
8.15539e-10	0.11129
8.1561e-10	0.11113
8.1568e-10	0.110969
8.15751e-10	0.110808
8.15822e-10	0.110647
8.15893e-10	0.110485
8.15963e-10	0.110323
8.16034e-10	0.110161
8.16105e-10	0.109998
8.16175e-10	0.109835
8.16246e-10	0.109672
8.16317e-10	0.109508
8.16388e-10	0.109344
8.16458e-10	0.10918
8.16529e-10	0.109015
8.166e-10	0.10885
8.16671e-10	0.108685
8.16741e-10	0.108519
8.16812e-10	0.108353
8.16883e-10	0.108186
8.16953e-10	0.10802
8.17024e-10	0.107853
8.17095e-10	0.107685
8.17166e-10	0.107517
8.17236e-10	0.107349
8.17307e-10	0.107181
8.17378e-10	0.107012
8.17449e-10	0.106843
8.17519e-10	0.106673
8.1759e-10	0.106504
8.17661e-10	0.106334
8.17731e-10	0.106163
8.17802e-10	0.105992
8.17873e-10	0.105821
8.17944e-10	0.10565
8.18014e-10	0.105478
8.18085e-10	0.105306
8.18156e-10	0.105133
8.18227e-10	0.10496
8.18297e-10	0.104787
8.18368e-10	0.104614
8.18439e-10	0.10444
8.18509e-10	0.104265
8.1858e-10	0.104091
8.18651e-10	0.103916
8.18722e-10	0.103741
8.18792e-10	0.103565
8.18863e-10	0.103389
8.18934e-10	0.103213
8.19005e-10	0.103037
8.19075e-10	0.10286
8.19146e-10	0.102682
8.19217e-10	0.102505
8.19288e-10	0.102327
8.19358e-10	0.102149
8.19429e-10	0.10197
8.195e-10	0.101791
8.1957e-10	0.101612
8.19641e-10	0.101432
8.19712e-10	0.101252
8.19783e-10	0.101072
8.19853e-10	0.100892
8.19924e-10	0.100711
8.19995e-10	0.100529
8.20066e-10	0.100348
8.20136e-10	0.100166
8.20207e-10	0.0999835
8.20278e-10	0.0998009
8.20348e-10	0.0996179
8.20419e-10	0.0994347
8.2049e-10	0.099251
8.20561e-10	0.0990671
8.20631e-10	0.0988828
8.20702e-10	0.0986982
8.20773e-10	0.0985132
8.20844e-10	0.0983279
8.20914e-10	0.0981423
8.20985e-10	0.0979563
8.21056e-10	0.09777
8.21126e-10	0.0975834
8.21197e-10	0.0973965
8.21268e-10	0.0972092
8.21339e-10	0.0970215
8.21409e-10	0.0968336
8.2148e-10	0.0966453
8.21551e-10	0.0964567
8.21622e-10	0.0962677
8.21692e-10	0.0960784
8.21763e-10	0.0958888
8.21834e-10	0.0956988
8.21904e-10	0.0955085
8.21975e-10	0.0953179
8.22046e-10	0.095127
8.22117e-10	0.0949357
8.22187e-10	0.0947441
8.22258e-10	0.0945521
8.22329e-10	0.0943599
8.224e-10	0.0941672
8.2247e-10	0.0939743
8.22541e-10	0.093781
8.22612e-10	0.0935874
8.22682e-10	0.0933935
8.22753e-10	0.0931992
8.22824e-10	0.0930046
8.22895e-10	0.0928097
8.22965e-10	0.0926145
8.23036e-10	0.0924189
8.23107e-10	0.092223
8.23178e-10	0.0920267
8.23248e-10	0.0918302
8.23319e-10	0.0916333
8.2339e-10	0.091436
8.23461e-10	0.0912385
8.23531e-10	0.0910406
8.23602e-10	0.0908424
8.23673e-10	0.0906439
8.23743e-10	0.090445
8.23814e-10	0.0902458
8.23885e-10	0.0900463
8.23956e-10	0.0898464
8.24026e-10	0.0896462
8.24097e-10	0.0894457
8.24168e-10	0.0892449
8.24239e-10	0.0890437
8.24309e-10	0.0888422
8.2438e-10	0.0886404
8.24451e-10	0.0884383
8.24521e-10	0.0882358
8.24592e-10	0.088033
8.24663e-10	0.0878299
8.24734e-10	0.0876264
8.24804e-10	0.0874227
8.24875e-10	0.0872186
8.24946e-10	0.0870142
8.25017e-10	0.0868094
8.25087e-10	0.0866043
8.25158e-10	0.0863989
8.25229e-10	0.0861932
8.25299e-10	0.0859872
8.2537e-10	0.0857808
8.25441e-10	0.0855741
8.25512e-10	0.0853671
8.25582e-10	0.0851597
8.25653e-10	0.0849521
8.25724e-10	0.0847441
8.25795e-10	0.0845358
8.25865e-10	0.0843271
8.25936e-10	0.0841182
8.26007e-10	0.0839089
8.26077e-10	0.0836993
8.26148e-10	0.0834894
8.26219e-10	0.0832791
8.2629e-10	0.0830686
8.2636e-10	0.0828577
8.26431e-10	0.0826465
8.26502e-10	0.0824349
8.26573e-10	0.0822231
8.26643e-10	0.0820109
8.26714e-10	0.0817984
8.26785e-10	0.0815856
8.26855e-10	0.0813725
8.26926e-10	0.081159
8.26997e-10	0.0809452
8.27068e-10	0.0807311
8.27138e-10	0.0805167
8.27209e-10	0.080302
8.2728e-10	0.080087
8.27351e-10	0.0798716
8.27421e-10	0.0796559
8.27492e-10	0.0794399
8.27563e-10	0.0792236
8.27634e-10	0.0790069
8.27704e-10	0.07879
8.27775e-10	0.0785727
8.27846e-10	0.0783551
8.27916e-10	0.0781372
8.27987e-10	0.0779189
8.28058e-10	0.0777004
8.28129e-10	0.0774815
8.28199e-10	0.0772623
8.2827e-10	0.0770429
8.28341e-10	0.076823
8.28412e-10	0.0766029
8.28482e-10	0.0763825
8.28553e-10	0.0761617
8.28624e-10	0.0759406
8.28694e-10	0.0757193
8.28765e-10	0.0754976
8.28836e-10	0.0752755
8.28907e-10	0.0750532
8.28977e-10	0.0748306
8.29048e-10	0.0746076
8.29119e-10	0.0743843
8.2919e-10	0.0741608
8.2926e-10	0.0739369
8.29331e-10	0.0737127
8.29402e-10	0.0734881
8.29472e-10	0.0732633
8.29543e-10	0.0730382
8.29614e-10	0.0728127
8.29685e-10	0.0725869
8.29755e-10	0.0723608
8.29826e-10	0.0721345
8.29897e-10	0.0719078
8.29968e-10	0.0716807
8.30038e-10	0.0714534
8.30109e-10	0.0712258
8.3018e-10	0.0709978
8.3025e-10	0.0707696
8.30321e-10	0.070541
8.30392e-10	0.0703121
8.30463e-10	0.070083
8.30533e-10	0.0698535
8.30604e-10	0.0696237
8.30675e-10	0.0693936
8.30746e-10	0.0691632
8.30816e-10	0.0689324
8.30887e-10	0.0687014
8.30958e-10	0.0684701
8.31028e-10	0.0682384
8.31099e-10	0.0680065
8.3117e-10	0.0677742
8.31241e-10	0.0675416
8.31311e-10	0.0673088
8.31382e-10	0.0670756
8.31453e-10	0.0668421
8.31524e-10	0.0666083
8.31594e-10	0.0663742
8.31665e-10	0.0661398
8.31736e-10	0.0659051
8.31807e-10	0.0656701
8.31877e-10	0.0654348
8.31948e-10	0.0651992
8.32019e-10	0.0649633
8.32089e-10	0.0647271
8.3216e-10	0.0644906
8.32231e-10	0.0642537
8.32302e-10	0.0640166
8.32372e-10	0.0637792
8.32443e-10	0.0635414
8.32514e-10	0.0633034
8.32585e-10	0.0630651
8.32655e-10	0.0628264
8.32726e-10	0.0625875
8.32797e-10	0.0623483
8.32867e-10	0.0621087
8.32938e-10	0.0618689
8.33009e-10	0.0616287
8.3308e-10	0.0613883
8.3315e-10	0.0611476
8.33221e-10	0.0609065
8.33292e-10	0.0606652
8.33363e-10	0.0604236
8.33433e-10	0.0601816
8.33504e-10	0.0599394
8.33575e-10	0.0596969
8.33645e-10	0.0594541
8.33716e-10	0.0592109
8.33787e-10	0.0589675
8.33858e-10	0.0587238
8.33928e-10	0.0584798
8.33999e-10	0.0582355
8.3407e-10	0.0579909
8.34141e-10	0.057746
8.34211e-10	0.0575008
8.34282e-10	0.0572553
8.34353e-10	0.0570095
8.34423e-10	0.0567635
8.34494e-10	0.0565171
8.34565e-10	0.0562704
8.34636e-10	0.0560235
8.34706e-10	0.0557762
8.34777e-10	0.0555287
8.34848e-10	0.0552809
8.34919e-10	0.0550327
8.34989e-10	0.0547843
8.3506e-10	0.0545356
8.35131e-10	0.0542866
8.35201e-10	0.0540373
8.35272e-10	0.0537877
8.35343e-10	0.0535378
8.35414e-10	0.0532877
8.35484e-10	0.0530372
8.35555e-10	0.0527865
8.35626e-10	0.0525355
8.35697e-10	0.0522841
8.35767e-10	0.0520325
8.35838e-10	0.0517806
8.35909e-10	0.0515284
8.3598e-10	0.051276
8.3605e-10	0.0510232
8.36121e-10	0.0507702
8.36192e-10	0.0505168
8.36262e-10	0.0502632
8.36333e-10	0.0500093
8.36404e-10	0.0497551
8.36475e-10	0.0495006
8.36545e-10	0.0492459
8.36616e-10	0.0489908
8.36687e-10	0.0487355
8.36758e-10	0.0484799
8.36828e-10	0.048224
8.36899e-10	0.0479678
8.3697e-10	0.0477113
8.3704e-10	0.0474546
8.37111e-10	0.0471975
8.37182e-10	0.0469402
8.37253e-10	0.0466826
8.37323e-10	0.0464247
8.37394e-10	0.0461666
8.37465e-10	0.0459081
8.37536e-10	0.0456494
8.37606e-10	0.0453904
8.37677e-10	0.0451311
8.37748e-10	0.0448715
8.37818e-10	0.0446117
8.37889e-10	0.0443516
8.3796e-10	0.0440912
8.38031e-10	0.0438305
8.38101e-10	0.0435695
8.38172e-10	0.0433083
8.38243e-10	0.0430468
8.38314e-10	0.042785
8.38384e-10	0.0425229
8.38455e-10	0.0422606
8.38526e-10	0.041998
8.38596e-10	0.0417351
8.38667e-10	0.0414719
8.38738e-10	0.0412084
8.38809e-10	0.0409447
8.38879e-10	0.0406807
8.3895e-10	0.0404165
8.39021e-10	0.0401519
8.39092e-10	0.0398871
8.39162e-10	0.039622
8.39233e-10	0.0393566
8.39304e-10	0.039091
8.39374e-10	0.0388251
8.39445e-10	0.0385589
8.39516e-10	0.0382925
8.39587e-10	0.0380257
8.39657e-10	0.0377587
8.39728e-10	0.0374915
8.39799e-10	0.0372239
8.3987e-10	0.0369561
8.3994e-10	0.0366881
8.40011e-10	0.0364197
8.40082e-10	0.0361511
8.40153e-10	0.0358822
8.40223e-10	0.0356131
8.40294e-10	0.0353437
8.40365e-10	0.035074
8.40435e-10	0.034804
8.40506e-10	0.0345338
8.40577e-10	0.0342634
8.40648e-10	0.0339926
8.40718e-10	0.0337216
8.40789e-10	0.0334503
8.4086e-10	0.0331788
8.40931e-10	0.032907
8.41001e-10	0.0326349
8.41072e-10	0.0323626
8.41143e-10	0.03209
8.41213e-10	0.0318171
8.41284e-10	0.031544
8.41355e-10	0.0312706
8.41426e-10	0.030997
8.41496e-10	0.030723
8.41567e-10	0.0304489
8.41638e-10	0.0301744
8.41709e-10	0.0298998
8.41779e-10	0.0296248
8.4185e-10	0.0293496
8.41921e-10	0.0290741
8.41991e-10	0.0287984
8.42062e-10	0.0285224
8.42133e-10	0.0282462
8.42204e-10	0.0279697
8.42274e-10	0.0276929
8.42345e-10	0.0274159
8.42416e-10	0.0271386
8.42487e-10	0.0268611
8.42557e-10	0.0265833
8.42628e-10	0.0263053
8.42699e-10	0.026027
8.42769e-10	0.0257484
8.4284e-10	0.0254696
8.42911e-10	0.0251906
8.42982e-10	0.0249113
8.43052e-10	0.0246317
8.43123e-10	0.0243519
8.43194e-10	0.0240718
8.43265e-10	0.0237915
8.43335e-10	0.0235109
8.43406e-10	0.0232301
8.43477e-10	0.022949
8.43548e-10	0.0226677
8.43618e-10	0.0223861
8.43689e-10	0.0221043
8.4376e-10	0.0218222
8.4383e-10	0.0215399
8.43901e-10	0.0212573
8.43972e-10	0.0209745
8.44043e-10	0.0206914
8.44113e-10	0.0204081
8.44184e-10	0.0201246
8.44255e-10	0.0198408
8.44326e-10	0.0195567
8.44396e-10	0.0192724
8.44467e-10	0.0189879
8.44538e-10	0.0187031
8.44608e-10	0.018418
8.44679e-10	0.0181328
8.4475e-10	0.0178472
8.44821e-10	0.0175615
8.44891e-10	0.0172755
8.44962e-10	0.0169892
8.45033e-10	0.0167027
8.45104e-10	0.016416
8.45174e-10	0.016129
8.45245e-10	0.0158418
8.45316e-10	0.0155544
8.45386e-10	0.0152667
8.45457e-10	0.0149787
8.45528e-10	0.0146906
8.45599e-10	0.0144021
8.45669e-10	0.0141135
8.4574e-10	0.0138246
8.45811e-10	0.0135355
8.45882e-10	0.0132461
8.45952e-10	0.0129565
8.46023e-10	0.0126667
8.46094e-10	0.0123766
8.46164e-10	0.0120863
8.46235e-10	0.0117958
8.46306e-10	0.011505
8.46377e-10	0.011214
8.46447e-10	0.0109227
8.46518e-10	0.0106313
8.46589e-10	0.0103396
8.4666e-10	0.0100476
8.4673e-10	0.00975544
8.46801e-10	0.00946304
8.46872e-10	0.0091704
8.46942e-10	0.00887754
8.47013e-10	0.00858444
8.47084e-10	0.00829111
8.47155e-10	0.00799756
8.47225e-10	0.00770377
8.47296e-10	0.00740976
8.47367e-10	0.00711552
8.47438e-10	0.00682105
8.47508e-10	0.00652635
8.47579e-10	0.00623143
8.4765e-10	0.00593628
8.47721e-10	0.0056409
8.47791e-10	0.0053453
8.47862e-10	0.00504948
8.47933e-10	0.00475343
8.48003e-10	0.00445716
8.48074e-10	0.00416066
8.48145e-10	0.00386394
8.48216e-10	0.00356699
8.48286e-10	0.00326983
8.48357e-10	0.00297244
8.48428e-10	0.00267483
8.48499e-10	0.002377
8.48569e-10	0.00207895
8.4864e-10	0.00178068
8.48711e-10	0.00148219
8.48781e-10	0.00118348
8.48852e-10	0.00088455
8.48923e-10	0.000585403
8.48994e-10	0.000286038
8.49064e-10	-1.35436e-05
8.49135e-10	-0.000313342
8.49206e-10	-0.000613358
8.49277e-10	-0.000913589
8.49347e-10	-0.00121404
8.49418e-10	-0.0015147
8.49489e-10	-0.00181557
8.49559e-10	-0.00211667
8.4963e-10	-0.00241797
8.49701e-10	-0.00271949
8.49772e-10	-0.00302122
8.49842e-10	-0.00332316
8.49913e-10	-0.00362532
8.49984e-10	-0.00392768
8.50055e-10	-0.00423026
8.50125e-10	-0.00453305
8.50196e-10	-0.00483604
8.50267e-10	-0.00513925
8.50337e-10	-0.00544267
8.50408e-10	-0.00574629
8.50479e-10	-0.00605013
8.5055e-10	-0.00635417
8.5062e-10	-0.00665842
8.50691e-10	-0.00696287
8.50762e-10	-0.00726753
8.50833e-10	-0.0075724
8.50903e-10	-0.00787747
8.50974e-10	-0.00818275
8.51045e-10	-0.00848823
8.51115e-10	-0.00879391
8.51186e-10	-0.0090998
8.51257e-10	-0.00940589
8.51328e-10	-0.00971219
8.51398e-10	-0.0100187
8.51469e-10	-0.0103254
8.5154e-10	-0.0106323
8.51611e-10	-0.0109394
8.51681e-10	-0.0112467
8.51752e-10	-0.0115542
8.51823e-10	-0.0118619
8.51894e-10	-0.0121698
8.51964e-10	-0.0124779
8.52035e-10	-0.0127862
8.52106e-10	-0.0130946
8.52176e-10	-0.0134033
8.52247e-10	-0.0137122
8.52318e-10	-0.0140213
8.52389e-10	-0.0143306
8.52459e-10	-0.01464
8.5253e-10	-0.0149497
8.52601e-10	-0.0152596
8.52672e-10	-0.0155696
8.52742e-10	-0.0158798
8.52813e-10	-0.0161903
8.52884e-10	-0.0165009
8.52954e-10	-0.0168117
8.53025e-10	-0.0171227
8.53096e-10	-0.0174339
8.53167e-10	-0.0177453
8.53237e-10	-0.0180569
8.53308e-10	-0.0183687
8.53379e-10	-0.0186806
8.5345e-10	-0.0189928
8.5352e-10	-0.0193051
8.53591e-10	-0.0196176
8.53662e-10	-0.0199303
8.53732e-10	-0.0202432
8.53803e-10	-0.0205563
8.53874e-10	-0.0208695
8.53945e-10	-0.021183
8.54015e-10	-0.0214966
8.54086e-10	-0.0218104
8.54157e-10	-0.0221244
8.54228e-10	-0.0224386
8.54298e-10	-0.0227529
8.54369e-10	-0.0230675
8.5444e-10	-0.0233822
8.5451e-10	-0.0236971
8.54581e-10	-0.0240122
8.54652e-10	-0.0243274
8.54723e-10	-0.0246429
8.54793e-10	-0.0249585
8.54864e-10	-0.0252743
8.54935e-10	-0.0255902
8.55006e-10	-0.0259064
8.55076e-10	-0.0262227
8.55147e-10	-0.0265392
8.55218e-10	-0.0268559
8.55288e-10	-0.0271727
8.55359e-10	-0.0274897
8.5543e-10	-0.0278069
8.55501e-10	-0.0281243
8.55571e-10	-0.0284418
8.55642e-10	-0.0287596
8.55713e-10	-0.0290774
8.55784e-10	-0.0293955
8.55854e-10	-0.0297137
8.55925e-10	-0.0300321
8.55996e-10	-0.0303507
8.56067e-10	-0.0306694
8.56137e-10	-0.0309883
8.56208e-10	-0.0313074
8.56279e-10	-0.0316266
8.56349e-10	-0.031946
8.5642e-10	-0.0322656
8.56491e-10	-0.0325853
8.56562e-10	-0.0329052
8.56632e-10	-0.0332253
8.56703e-10	-0.0335455
8.56774e-10	-0.0338659
8.56845e-10	-0.0341865
8.56915e-10	-0.0345072
8.56986e-10	-0.034828
8.57057e-10	-0.0351491
8.57127e-10	-0.0354703
8.57198e-10	-0.0357916
8.57269e-10	-0.0361132
8.5734e-10	-0.0364348
8.5741e-10	-0.0367567
8.57481e-10	-0.0370787
8.57552e-10	-0.0374008
8.57623e-10	-0.0377231
8.57693e-10	-0.0380456
8.57764e-10	-0.0383682
8.57835e-10	-0.038691
8.57905e-10	-0.0390139
8.57976e-10	-0.039337
8.58047e-10	-0.0396603
8.58118e-10	-0.0399837
8.58188e-10	-0.0403072
8.58259e-10	-0.0406309
8.5833e-10	-0.0409548
8.58401e-10	-0.0412788
8.58471e-10	-0.0416029
8.58542e-10	-0.0419272
8.58613e-10	-0.0422517
8.58683e-10	-0.0425763
8.58754e-10	-0.042901
8.58825e-10	-0.0432259
8.58896e-10	-0.043551
8.58966e-10	-0.0438761
8.59037e-10	-0.0442015
8.59108e-10	-0.044527
8.59179e-10	-0.0448526
8.59249e-10	-0.0451784
8.5932e-10	-0.0455043
8.59391e-10	-0.0458303
8.59461e-10	-0.0461565
8.59532e-10	-0.0464829
8.59603e-10	-0.0468094
8.59674e-10	-0.047136
8.59744e-10	-0.0474627
8.59815e-10	-0.0477897
8.59886e-10	-0.0481167
8.59957e-10	-0.0484439
8.60027e-10	-0.0487712
8.60098e-10	-0.0490987
8.60169e-10	-0.0494263
8.6024e-10	-0.049754
8.6031e-10	-0.0500818
8.60381e-10	-0.0504099
8.60452e-10	-0.050738
8.60522e-10	-0.0510663
8.60593e-10	-0.0513947
8.60664e-10	-0.0517232
8.60735e-10	-0.0520519
8.60805e-10	-0.0523807
8.60876e-10	-0.0527096
8.60947e-10	-0.0530387
8.61018e-10	-0.0533679
8.61088e-10	-0.0536972
8.61159e-10	-0.0540266
8.6123e-10	-0.0543562
8.613e-10	-0.0546859
8.61371e-10	-0.0550158
8.61442e-10	-0.0553457
8.61513e-10	-0.0556758
8.61583e-10	-0.056006
8.61654e-10	-0.0563364
8.61725e-10	-0.0566669
8.61796e-10	-0.0569974
8.61866e-10	-0.0573281
8.61937e-10	-0.057659
8.62008e-10	-0.0579899
8.62078e-10	-0.058321
8.62149e-10	-0.0586522
8.6222e-10	-0.0589835
8.62291e-10	-0.059315
8.62361e-10	-0.0596465
8.62432e-10	-0.0599782
8.62503e-10	-0.06031
8.62574e-10	-0.0606419
8.62644e-10	-0.0609739
8.62715e-10	-0.0613061
8.62786e-10	-0.0616383
8.62856e-10	-0.0619707
8.62927e-10	-0.0623032
8.62998e-10	-0.0626358
8.63069e-10	-0.0629685
8.63139e-10	-0.0633013
8.6321e-10	-0.0636343
8.63281e-10	-0.0639673
8.63352e-10	-0.0643005
8.63422e-10	-0.0646338
8.63493e-10	-0.0649672
8.63564e-10	-0.0653006
8.63634e-10	-0.0656342
8.63705e-10	-0.065968
8.63776e-10	-0.0663018
8.63847e-10	-0.0666357
8.63917e-10	-0.0669697
8.63988e-10	-0.0673038
8.64059e-10	-0.0676381
8.6413e-10	-0.0679724
8.642e-10	-0.0683069
8.64271e-10	-0.0686414
8.64342e-10	-0.0689761
8.64413e-10	-0.0693108
8.64483e-10	-0.0696457
8.64554e-10	-0.0699806
8.64625e-10	-0.0703157
8.64695e-10	-0.0706508
8.64766e-10	-0.0709861
8.64837e-10	-0.0713214
8.64908e-10	-0.0716569
8.64978e-10	-0.0719924
8.65049e-10	-0.0723281
8.6512e-10	-0.0726638
8.65191e-10	-0.0729996
8.65261e-10	-0.0733356
8.65332e-10	-0.0736716
8.65403e-10	-0.0740077
8.65473e-10	-0.0743439
8.65544e-10	-0.0746802
8.65615e-10	-0.0750166
8.65686e-10	-0.0753531
8.65756e-10	-0.0756896
8.65827e-10	-0.0760263
8.65898e-10	-0.076363
8.65969e-10	-0.0766999
8.66039e-10	-0.0770368
8.6611e-10	-0.0773738
8.66181e-10	-0.0777109
8.66251e-10	-0.0780481
8.66322e-10	-0.0783853
8.66393e-10	-0.0787227
8.66464e-10	-0.0790601
8.66534e-10	-0.0793977
8.66605e-10	-0.0797353
8.66676e-10	-0.0800729
8.66747e-10	-0.0804107
8.66817e-10	-0.0807486
8.66888e-10	-0.0810865
8.66959e-10	-0.0814245
8.67029e-10	-0.0817626
8.671e-10	-0.0821007
8.67171e-10	-0.082439
8.67242e-10	-0.0827773
8.67312e-10	-0.0831157
8.67383e-10	-0.0834542
8.67454e-10	-0.0837927
8.67525e-10	-0.0841313
8.67595e-10	-0.08447
8.67666e-10	-0.0848088
8.67737e-10	-0.0851476
8.67807e-10	-0.0854865
8.67878e-10	-0.0858255
8.67949e-10	-0.0861646
8.6802e-10	-0.0865037
8.6809e-10	-0.0868429
8.68161e-10	-0.0871821
8.68232e-10	-0.0875215
8.68303e-10	-0.0878609
8.68373e-10	-0.0882003
8.68444e-10	-0.0885399
8.68515e-10	-0.0888795
8.68586e-10	-0.0892191
8.68656e-10	-0.0895588
8.68727e-10	-0.0898986
8.68798e-10	-0.0902385
8.68868e-10	-0.0905784
8.68939e-10	-0.0909184
8.6901e-10	-0.0912584
8.69081e-10	-0.0915985
8.69151e-10	-0.0919387
8.69222e-10	-0.0922789
8.69293e-10	-0.0926191
8.69364e-10	-0.0929595
8.69434e-10	-0.0932999
8.69505e-10	-0.0936403
8.69576e-10	-0.0939808
8.69646e-10	-0.0943214
8.69717e-10	-0.094662
8.69788e-10	-0.0950026
8.69859e-10	-0.0953434
8.69929e-10	-0.0956841
8.7e-10	-0.096025
8.70071e-10	-0.0963658
8.70142e-10	-0.0967067
8.70212e-10	-0.0970477
8.70283e-10	-0.0973887
8.70354e-10	-0.0977298
8.70424e-10	-0.0980709
8.70495e-10	-0.0984121
8.70566e-10	-0.0987533
8.70637e-10	-0.0990946
8.70707e-10	-0.0994359
8.70778e-10	-0.0997772
8.70849e-10	-0.100119
8.7092e-10	-0.10046
8.7099e-10	-0.100802
8.71061e-10	-0.101143
8.71132e-10	-0.101485
8.71202e-10	-0.101826
8.71273e-10	-0.102168
8.71344e-10	-0.10251
8.71415e-10	-0.102851
8.71485e-10	-0.103193
8.71556e-10	-0.103535
8.71627e-10	-0.103877
8.71698e-10	-0.104219
8.71768e-10	-0.10456
8.71839e-10	-0.104902
8.7191e-10	-0.105244
8.7198e-10	-0.105586
8.72051e-10	-0.105928
8.72122e-10	-0.106271
8.72193e-10	-0.106613
8.72263e-10	-0.106955
8.72334e-10	-0.107297
8.72405e-10	-0.107639
8.72476e-10	-0.107981
8.72546e-10	-0.108324
8.72617e-10	-0.108666
8.72688e-10	-0.109008
8.72759e-10	-0.109351
8.72829e-10	-0.109693
8.729e-10	-0.110035
8.72971e-10	-0.110378
8.73041e-10	-0.11072
8.73112e-10	-0.111063
8.73183e-10	-0.111405
8.73254e-10	-0.111748
8.73324e-10	-0.11209
8.73395e-10	-0.112433
8.73466e-10	-0.112775
8.73537e-10	-0.113118
8.73607e-10	-0.11346
8.73678e-10	-0.113803
8.73749e-10	-0.114146
8.73819e-10	-0.114488
8.7389e-10	-0.114831
8.73961e-10	-0.115174
8.74032e-10	-0.115516
8.74102e-10	-0.115859
8.74173e-10	-0.116202
8.74244e-10	-0.116544
8.74315e-10	-0.116887
8.74385e-10	-0.11723
8.74456e-10	-0.117573
8.74527e-10	-0.117915
8.74597e-10	-0.118258
8.74668e-10	-0.118601
8.74739e-10	-0.118944
8.7481e-10	-0.119287
8.7488e-10	-0.119629
8.74951e-10	-0.119972
8.75022e-10	-0.120315
8.75093e-10	-0.120658
8.75163e-10	-0.121001
8.75234e-10	-0.121343
8.75305e-10	-0.121686
8.75375e-10	-0.122029
8.75446e-10	-0.122372
8.75517e-10	-0.122715
8.75588e-10	-0.123057
8.75658e-10	-0.1234
8.75729e-10	-0.123743
8.758e-10	-0.124086
8.75871e-10	-0.124429
8.75941e-10	-0.124772
8.76012e-10	-0.125114
8.76083e-10	-0.125457
8.76153e-10	-0.1258
8.76224e-10	-0.126143
8.76295e-10	-0.126485
8.76366e-10	-0.126828
8.76436e-10	-0.127171
8.76507e-10	-0.127514
8.76578e-10	-0.127856
8.76649e-10	-0.128199
8.76719e-10	-0.128542
8.7679e-10	-0.128885
8.76861e-10	-0.129227
8.76932e-10	-0.12957
8.77002e-10	-0.129913
8.77073e-10	-0.130255
8.77144e-10	-0.130598
8.77214e-10	-0.13094
8.77285e-10	-0.131283
8.77356e-10	-0.131626
8.77427e-10	-0.131968
8.77497e-10	-0.132311
8.77568e-10	-0.132653
8.77639e-10	-0.132996
8.7771e-10	-0.133338
8.7778e-10	-0.133681
8.77851e-10	-0.134023
8.77922e-10	-0.134365
8.77992e-10	-0.134708
8.78063e-10	-0.13505
8.78134e-10	-0.135392
8.78205e-10	-0.135735
8.78275e-10	-0.136077
8.78346e-10	-0.136419
8.78417e-10	-0.136761
8.78488e-10	-0.137103
8.78558e-10	-0.137446
8.78629e-10	-0.137788
8.787e-10	-0.13813
8.7877e-10	-0.138472
8.78841e-10	-0.138814
8.78912e-10	-0.139156
8.78983e-10	-0.139498
8.79053e-10	-0.13984
8.79124e-10	-0.140181
8.79195e-10	-0.140523
8.79266e-10	-0.140865
8.79336e-10	-0.141207
8.79407e-10	-0.141549
8.79478e-10	-0.14189
8.79548e-10	-0.142232
8.79619e-10	-0.142573
8.7969e-10	-0.142915
8.79761e-10	-0.143257
8.79831e-10	-0.143598
8.79902e-10	-0.143939
8.79973e-10	-0.144281
8.80044e-10	-0.144622
8.80114e-10	-0.144963
8.80185e-10	-0.145305
8.80256e-10	-0.145646
8.80326e-10	-0.145987
8.80397e-10	-0.146328
8.80468e-10	-0.146669
8.80539e-10	-0.14701
8.80609e-10	-0.147351
8.8068e-10	-0.147692
8.80751e-10	-0.148033
8.80822e-10	-0.148373
8.80892e-10	-0.148714
8.80963e-10	-0.149055
8.81034e-10	-0.149395
8.81105e-10	-0.149736
8.81175e-10	-0.150077
8.81246e-10	-0.150417
8.81317e-10	-0.150757
8.81387e-10	-0.151098
8.81458e-10	-0.151438
8.81529e-10	-0.151778
8.816e-10	-0.152118
8.8167e-10	-0.152458
8.81741e-10	-0.152798
8.81812e-10	-0.153138
8.81883e-10	-0.153478
8.81953e-10	-0.153818
8.82024e-10	-0.154158
8.82095e-10	-0.154497
8.82165e-10	-0.154837
8.82236e-10	-0.155177
8.82307e-10	-0.155516
8.82378e-10	-0.155856
8.82448e-10	-0.156195
8.82519e-10	-0.156534
8.8259e-10	-0.156873
8.82661e-10	-0.157212
8.82731e-10	-0.157552
8.82802e-10	-0.15789
8.82873e-10	-0.158229
8.82943e-10	-0.158568
8.83014e-10	-0.158907
8.83085e-10	-0.159246
8.83156e-10	-0.159584
8.83226e-10	-0.159923
8.83297e-10	-0.160261
8.83368e-10	-0.1606
8.83439e-10	-0.160938
8.83509e-10	-0.161276
8.8358e-10	-0.161614
8.83651e-10	-0.161952
8.83721e-10	-0.16229
8.83792e-10	-0.162628
8.83863e-10	-0.162966
8.83934e-10	-0.163304
8.84004e-10	-0.163641
8.84075e-10	-0.163979
8.84146e-10	-0.164316
8.84217e-10	-0.164653
8.84287e-10	-0.164991
8.84358e-10	-0.165328
8.84429e-10	-0.165665
8.84499e-10	-0.166002
8.8457e-10	-0.166339
8.84641e-10	-0.166676
8.84712e-10	-0.167012
8.84782e-10	-0.167349
8.84853e-10	-0.167685
8.84924e-10	-0.168022
8.84995e-10	-0.168358
8.85065e-10	-0.168694
8.85136e-10	-0.16903
8.85207e-10	-0.169367
8.85278e-10	-0.169702
8.85348e-10	-0.170038
8.85419e-10	-0.170374
8.8549e-10	-0.17071
8.8556e-10	-0.171045
8.85631e-10	-0.171381
8.85702e-10	-0.171716
8.85773e-10	-0.172051
8.85843e-10	-0.172386
8.85914e-10	-0.172721
8.85985e-10	-0.173056
8.86056e-10	-0.173391
8.86126e-10	-0.173725
8.86197e-10	-0.17406
8.86268e-10	-0.174394
8.86338e-10	-0.174729
8.86409e-10	-0.175063
8.8648e-10	-0.175397
8.86551e-10	-0.175731
8.86621e-10	-0.176065
8.86692e-10	-0.176399
8.86763e-10	-0.176732
8.86834e-10	-0.177066
8.86904e-10	-0.177399
8.86975e-10	-0.177733
8.87046e-10	-0.178066
8.87116e-10	-0.178399
8.87187e-10	-0.178732
8.87258e-10	-0.179065
8.87329e-10	-0.179397
8.87399e-10	-0.17973
8.8747e-10	-0.180063
8.87541e-10	-0.180395
8.87612e-10	-0.180727
8.87682e-10	-0.181059
8.87753e-10	-0.181391
8.87824e-10	-0.181723
8.87894e-10	-0.182055
8.87965e-10	-0.182386
8.88036e-10	-0.182718
8.88107e-10	-0.183049
8.88177e-10	-0.18338
8.88248e-10	-0.183711
8.88319e-10	-0.184042
8.8839e-10	-0.184373
8.8846e-10	-0.184704
8.88531e-10	-0.185034
8.88602e-10	-0.185365
8.88673e-10	-0.185695
8.88743e-10	-0.186025
8.88814e-10	-0.186355
8.88885e-10	-0.186685
8.88955e-10	-0.187014
8.89026e-10	-0.187344
8.89097e-10	-0.187673
8.89168e-10	-0.188003
8.89238e-10	-0.188332
8.89309e-10	-0.188661
8.8938e-10	-0.18899
8.89451e-10	-0.189318
8.89521e-10	-0.189647
8.89592e-10	-0.189975
8.89663e-10	-0.190304
8.89733e-10	-0.190632
8.89804e-10	-0.19096
8.89875e-10	-0.191288
8.89946e-10	-0.191615
8.90016e-10	-0.191943
8.90087e-10	-0.19227
8.90158e-10	-0.192597
8.90229e-10	-0.192924
8.90299e-10	-0.193251
8.9037e-10	-0.193578
8.90441e-10	-0.193905
8.90511e-10	-0.194231
8.90582e-10	-0.194558
8.90653e-10	-0.194884
8.90724e-10	-0.19521
8.90794e-10	-0.195536
8.90865e-10	-0.195861
8.90936e-10	-0.196187
8.91007e-10	-0.196512
8.91077e-10	-0.196837
8.91148e-10	-0.197162
8.91219e-10	-0.197487
8.91289e-10	-0.197812
8.9136e-10	-0.198136
8.91431e-10	-0.198461
8.91502e-10	-0.198785
8.91572e-10	-0.199109
8.91643e-10	-0.199433
8.91714e-10	-0.199757
8.91785e-10	-0.20008
8.91855e-10	-0.200403
8.91926e-10	-0.200727
8.91997e-10	-0.20105
8.92067e-10	-0.201372
8.92138e-10	-0.201695
8.92209e-10	-0.202018
8.9228e-10	-0.20234
8.9235e-10	-0.202662
8.92421e-10	-0.202984
8.92492e-10	-0.203306
8.92563e-10	-0.203627
8.92633e-10	-0.203949
8.92704e-10	-0.20427
8.92775e-10	-0.204591
8.92846e-10	-0.204912
8.92916e-10	-0.205233
8.92987e-10	-0.205553
8.93058e-10	-0.205874
8.93128e-10	-0.206194
8.93199e-10	-0.206514
8.9327e-10	-0.206834
8.93341e-10	-0.207153
8.93411e-10	-0.207473
8.93482e-10	-0.207792
8.93553e-10	-0.208111
8.93624e-10	-0.20843
8.93694e-10	-0.208749
8.93765e-10	-0.209067
8.93836e-10	-0.209385
8.93906e-10	-0.209703
8.93977e-10	-0.210021
8.94048e-10	-0.210339
8.94119e-10	-0.210657
8.94189e-10	-0.210974
8.9426e-10	-0.211291
8.94331e-10	-0.211608
8.94402e-10	-0.211925
8.94472e-10	-0.212241
8.94543e-10	-0.212558
8.94614e-10	-0.212874
8.94684e-10	-0.21319
8.94755e-10	-0.213505
8.94826e-10	-0.213821
8.94897e-10	-0.214136
8.94967e-10	-0.214451
8.95038e-10	-0.214766
8.95109e-10	-0.215081
8.9518e-10	-0.215396
8.9525e-10	-0.21571
8.95321e-10	-0.216024
8.95392e-10	-0.216338
8.95462e-10	-0.216652
8.95533e-10	-0.216965
8.95604e-10	-0.217278
8.95675e-10	-0.217591
8.95745e-10	-0.217904
8.95816e-10	-0.218217
8.95887e-10	-0.218529
8.95958e-10	-0.218841
8.96028e-10	-0.219153
8.96099e-10	-0.219465
8.9617e-10	-0.219777
8.9624e-10	-0.220088
8.96311e-10	-0.220399
8.96382e-10	-0.22071
8.96453e-10	-0.221021
8.96523e-10	-0.221331
8.96594e-10	-0.221641
8.96665e-10	-0.221951
8.96736e-10	-0.222261
8.96806e-10	-0.222571
8.96877e-10	-0.22288
8.96948e-10	-0.223189
8.97019e-10	-0.223498
8.97089e-10	-0.223807
8.9716e-10	-0.224115
8.97231e-10	-0.224423
8.97301e-10	-0.224731
8.97372e-10	-0.225039
8.97443e-10	-0.225347
8.97514e-10	-0.225654
8.97584e-10	-0.225961
8.97655e-10	-0.226268
8.97726e-10	-0.226574
8.97797e-10	-0.226881
8.97867e-10	-0.227187
8.97938e-10	-0.227493
8.98009e-10	-0.227798
8.98079e-10	-0.228104
8.9815e-10	-0.228409
8.98221e-10	-0.228714
8.98292e-10	-0.229019
8.98362e-10	-0.229323
8.98433e-10	-0.229627
8.98504e-10	-0.229931
8.98575e-10	-0.230235
8.98645e-10	-0.230538
8.98716e-10	-0.230842
8.98787e-10	-0.231145
8.98857e-10	-0.231447
8.98928e-10	-0.23175
8.98999e-10	-0.232052
8.9907e-10	-0.232354
8.9914e-10	-0.232656
8.99211e-10	-0.232957
8.99282e-10	-0.233259
8.99353e-10	-0.23356
8.99423e-10	-0.23386
8.99494e-10	-0.234161
8.99565e-10	-0.234461
8.99635e-10	-0.234761
8.99706e-10	-0.235061
8.99777e-10	-0.23536
8.99848e-10	-0.23566
8.99918e-10	-0.235959
8.99989e-10	-0.236257
9.0006e-10	-0.236556
9.00131e-10	-0.236854
9.00201e-10	-0.237152
9.00272e-10	-0.23745
9.00343e-10	-0.237747
9.00413e-10	-0.238044
9.00484e-10	-0.238341
9.00555e-10	-0.238638
9.00626e-10	-0.238934
9.00696e-10	-0.23923
9.00767e-10	-0.239526
9.00838e-10	-0.239821
9.00909e-10	-0.240117
9.00979e-10	-0.240412
9.0105e-10	-0.240707
9.01121e-10	-0.241001
9.01192e-10	-0.241295
9.01262e-10	-0.241589
9.01333e-10	-0.241883
9.01404e-10	-0.242176
9.01474e-10	-0.242469
9.01545e-10	-0.242762
9.01616e-10	-0.243055
9.01687e-10	-0.243347
9.01757e-10	-0.243639
9.01828e-10	-0.243931
9.01899e-10	-0.244222
9.0197e-10	-0.244513
9.0204e-10	-0.244804
9.02111e-10	-0.245095
9.02182e-10	-0.245385
9.02252e-10	-0.245675
9.02323e-10	-0.245965
9.02394e-10	-0.246255
9.02465e-10	-0.246544
9.02535e-10	-0.246833
9.02606e-10	-0.247121
9.02677e-10	-0.24741
9.02748e-10	-0.247698
9.02818e-10	-0.247985
9.02889e-10	-0.248273
9.0296e-10	-0.24856
9.0303e-10	-0.248847
9.03101e-10	-0.249134
9.03172e-10	-0.24942
9.03243e-10	-0.249706
9.03313e-10	-0.249992
9.03384e-10	-0.250277
9.03455e-10	-0.250562
9.03526e-10	-0.250847
9.03596e-10	-0.251132
9.03667e-10	-0.251416
9.03738e-10	-0.2517
9.03808e-10	-0.251983
9.03879e-10	-0.252267
9.0395e-10	-0.25255
9.04021e-10	-0.252833
9.04091e-10	-0.253115
9.04162e-10	-0.253397
9.04233e-10	-0.253679
9.04304e-10	-0.25396
9.04374e-10	-0.254242
9.04445e-10	-0.254523
9.04516e-10	-0.254803
9.04586e-10	-0.255084
9.04657e-10	-0.255363
9.04728e-10	-0.255643
9.04799e-10	-0.255923
9.04869e-10	-0.256202
9.0494e-10	-0.25648
9.05011e-10	-0.256759
9.05082e-10	-0.257037
9.05152e-10	-0.257315
9.05223e-10	-0.257592
9.05294e-10	-0.257869
9.05365e-10	-0.258146
9.05435e-10	-0.258423
9.05506e-10	-0.258699
9.05577e-10	-0.258975
9.05647e-10	-0.259251
9.05718e-10	-0.259526
9.05789e-10	-0.259801
9.0586e-10	-0.260075
9.0593e-10	-0.26035
9.06001e-10	-0.260624
9.06072e-10	-0.260897
9.06143e-10	-0.261171
9.06213e-10	-0.261444
9.06284e-10	-0.261716
9.06355e-10	-0.261989
9.06425e-10	-0.262261
9.06496e-10	-0.262532
9.06567e-10	-0.262804
9.06638e-10	-0.263075
9.06708e-10	-0.263346
9.06779e-10	-0.263616
9.0685e-10	-0.263886
9.06921e-10	-0.264156
9.06991e-10	-0.264425
9.07062e-10	-0.264694
9.07133e-10	-0.264963
9.07203e-10	-0.265231
9.07274e-10	-0.265499
9.07345e-10	-0.265767
9.07416e-10	-0.266034
9.07486e-10	-0.266301
9.07557e-10	-0.266568
9.07628e-10	-0.266834
9.07699e-10	-0.267101
9.07769e-10	-0.267366
9.0784e-10	-0.267632
9.07911e-10	-0.267897
9.07981e-10	-0.268161
9.08052e-10	-0.268425
9.08123e-10	-0.268689
9.08194e-10	-0.268953
9.08264e-10	-0.269216
9.08335e-10	-0.269479
9.08406e-10	-0.269742
9.08477e-10	-0.270004
9.08547e-10	-0.270266
9.08618e-10	-0.270527
9.08689e-10	-0.270788
9.08759e-10	-0.271049
9.0883e-10	-0.27131
9.08901e-10	-0.27157
9.08972e-10	-0.27183
9.09042e-10	-0.272089
9.09113e-10	-0.272348
9.09184e-10	-0.272607
9.09255e-10	-0.272865
9.09325e-10	-0.273123
9.09396e-10	-0.273381
9.09467e-10	-0.273638
9.09538e-10	-0.273895
9.09608e-10	-0.274151
9.09679e-10	-0.274407
9.0975e-10	-0.274663
9.0982e-10	-0.274919
9.09891e-10	-0.275174
9.09962e-10	-0.275428
9.10033e-10	-0.275683
9.10103e-10	-0.275937
9.10174e-10	-0.27619
9.10245e-10	-0.276444
9.10316e-10	-0.276696
9.10386e-10	-0.276949
9.10457e-10	-0.277201
9.10528e-10	-0.277453
9.10598e-10	-0.277704
9.10669e-10	-0.277955
9.1074e-10	-0.278206
9.10811e-10	-0.278456
9.10881e-10	-0.278706
9.10952e-10	-0.278956
9.11023e-10	-0.279205
9.11094e-10	-0.279453
9.11164e-10	-0.279702
9.11235e-10	-0.27995
9.11306e-10	-0.280197
9.11376e-10	-0.280445
9.11447e-10	-0.280692
9.11518e-10	-0.280938
9.11589e-10	-0.281184
9.11659e-10	-0.28143
9.1173e-10	-0.281675
9.11801e-10	-0.28192
9.11872e-10	-0.282165
9.11942e-10	-0.282409
9.12013e-10	-0.282653
9.12084e-10	-0.282896
9.12154e-10	-0.283139
9.12225e-10	-0.283382
9.12296e-10	-0.283624
9.12367e-10	-0.283866
9.12437e-10	-0.284107
9.12508e-10	-0.284349
9.12579e-10	-0.284589
9.1265e-10	-0.28483
9.1272e-10	-0.285069
9.12791e-10	-0.285309
9.12862e-10	-0.285548
9.12932e-10	-0.285787
9.13003e-10	-0.286025
9.13074e-10	-0.286263
9.13145e-10	-0.286501
9.13215e-10	-0.286738
9.13286e-10	-0.286974
9.13357e-10	-0.287211
9.13428e-10	-0.287447
9.13498e-10	-0.287682
9.13569e-10	-0.287917
9.1364e-10	-0.288152
9.13711e-10	-0.288386
9.13781e-10	-0.28862
9.13852e-10	-0.288854
9.13923e-10	-0.289087
9.13993e-10	-0.28932
9.14064e-10	-0.289552
9.14135e-10	-0.289784
9.14206e-10	-0.290015
9.14276e-10	-0.290246
9.14347e-10	-0.290477
9.14418e-10	-0.290707
9.14489e-10	-0.290937
9.14559e-10	-0.291166
9.1463e-10	-0.291395
9.14701e-10	-0.291624
9.14771e-10	-0.291852
9.14842e-10	-0.29208
9.14913e-10	-0.292307
9.14984e-10	-0.292534
9.15054e-10	-0.292761
9.15125e-10	-0.292987
9.15196e-10	-0.293212
9.15267e-10	-0.293438
9.15337e-10	-0.293663
9.15408e-10	-0.293887
9.15479e-10	-0.294111
9.15549e-10	-0.294335
9.1562e-10	-0.294558
9.15691e-10	-0.29478
9.15762e-10	-0.295003
9.15832e-10	-0.295225
9.15903e-10	-0.295446
9.15974e-10	-0.295667
9.16045e-10	-0.295888
9.16115e-10	-0.296108
9.16186e-10	-0.296327
9.16257e-10	-0.296547
9.16327e-10	-0.296766
9.16398e-10	-0.296984
9.16469e-10	-0.297202
9.1654e-10	-0.29742
9.1661e-10	-0.297637
9.16681e-10	-0.297854
9.16752e-10	-0.29807
9.16823e-10	-0.298286
9.16893e-10	-0.298501
9.16964e-10	-0.298716
9.17035e-10	-0.298931
9.17105e-10	-0.299145
9.17176e-10	-0.299358
9.17247e-10	-0.299572
9.17318e-10	-0.299784
9.17388e-10	-0.299997
9.17459e-10	-0.300209
9.1753e-10	-0.30042
9.17601e-10	-0.300631
9.17671e-10	-0.300842
9.17742e-10	-0.301052
9.17813e-10	-0.301261
9.17884e-10	-0.301471
9.17954e-10	-0.301679
9.18025e-10	-0.301888
9.18096e-10	-0.302096
9.18166e-10	-0.302303
9.18237e-10	-0.30251
9.18308e-10	-0.302717
9.18379e-10	-0.302923
9.18449e-10	-0.303128
9.1852e-10	-0.303334
9.18591e-10	-0.303538
9.18662e-10	-0.303743
9.18732e-10	-0.303946
9.18803e-10	-0.30415
9.18874e-10	-0.304353
9.18944e-10	-0.304555
9.19015e-10	-0.304757
9.19086e-10	-0.304959
9.19157e-10	-0.30516
9.19227e-10	-0.30536
9.19298e-10	-0.305561
9.19369e-10	-0.30576
9.1944e-10	-0.30596
9.1951e-10	-0.306158
9.19581e-10	-0.306357
9.19652e-10	-0.306555
9.19722e-10	-0.306752
9.19793e-10	-0.306949
9.19864e-10	-0.307145
9.19935e-10	-0.307341
9.20005e-10	-0.307537
9.20076e-10	-0.307732
9.20147e-10	-0.307927
9.20218e-10	-0.308121
9.20288e-10	-0.308314
9.20359e-10	-0.308508
9.2043e-10	-0.3087
9.205e-10	-0.308893
9.20571e-10	-0.309084
9.20642e-10	-0.309276
9.20713e-10	-0.309467
9.20783e-10	-0.309657
9.20854e-10	-0.309847
9.20925e-10	-0.310036
9.20996e-10	-0.310225
9.21066e-10	-0.310414
9.21137e-10	-0.310602
9.21208e-10	-0.310789
9.21278e-10	-0.310976
9.21349e-10	-0.311163
9.2142e-10	-0.311349
9.21491e-10	-0.311534
9.21561e-10	-0.311719
9.21632e-10	-0.311904
9.21703e-10	-0.312088
9.21774e-10	-0.312272
9.21844e-10	-0.312455
9.21915e-10	-0.312638
9.21986e-10	-0.31282
9.22057e-10	-0.313002
9.22127e-10	-0.313183
9.22198e-10	-0.313364
9.22269e-10	-0.313544
9.22339e-10	-0.313724
9.2241e-10	-0.313903
9.22481e-10	-0.314082
9.22552e-10	-0.31426
9.22622e-10	-0.314438
9.22693e-10	-0.314615
9.22764e-10	-0.314792
9.22835e-10	-0.314968
9.22905e-10	-0.315144
9.22976e-10	-0.31532
9.23047e-10	-0.315494
9.23117e-10	-0.315669
9.23188e-10	-0.315843
9.23259e-10	-0.316016
9.2333e-10	-0.316189
9.234e-10	-0.316361
9.23471e-10	-0.316533
9.23542e-10	-0.316704
9.23613e-10	-0.316875
9.23683e-10	-0.317046
9.23754e-10	-0.317216
9.23825e-10	-0.317385
9.23895e-10	-0.317554
9.23966e-10	-0.317722
9.24037e-10	-0.31789
9.24108e-10	-0.318057
9.24178e-10	-0.318224
9.24249e-10	-0.31839
9.2432e-10	-0.318556
9.24391e-10	-0.318722
9.24461e-10	-0.318886
9.24532e-10	-0.319051
9.24603e-10	-0.319215
9.24673e-10	-0.319378
9.24744e-10	-0.319541
9.24815e-10	-0.319703
9.24886e-10	-0.319865
9.24956e-10	-0.320026
9.25027e-10	-0.320187
9.25098e-10	-0.320347
9.25169e-10	-0.320506
9.25239e-10	-0.320666
9.2531e-10	-0.320824
9.25381e-10	-0.320982
9.25451e-10	-0.32114
9.25522e-10	-0.321297
9.25593e-10	-0.321454
9.25664e-10	-0.32161
9.25734e-10	-0.321765
9.25805e-10	-0.32192
9.25876e-10	-0.322075
9.25947e-10	-0.322229
9.26017e-10	-0.322382
9.26088e-10	-0.322535
9.26159e-10	-0.322688
9.2623e-10	-0.32284
9.263e-10	-0.322991
9.26371e-10	-0.323142
9.26442e-10	-0.323292
9.26512e-10	-0.323442
9.26583e-10	-0.323591
9.26654e-10	-0.32374
9.26725e-10	-0.323888
9.26795e-10	-0.324036
9.26866e-10	-0.324183
9.26937e-10	-0.32433
9.27008e-10	-0.324476
9.27078e-10	-0.324621
9.27149e-10	-0.324766
9.2722e-10	-0.324911
9.2729e-10	-0.325055
9.27361e-10	-0.325198
9.27432e-10	-0.325341
9.27503e-10	-0.325484
9.27573e-10	-0.325625
9.27644e-10	-0.325767
9.27715e-10	-0.325908
9.27786e-10	-0.326048
9.27856e-10	-0.326187
9.27927e-10	-0.326327
9.27998e-10	-0.326465
9.28068e-10	-0.326603
9.28139e-10	-0.326741
9.2821e-10	-0.326878
9.28281e-10	-0.327014
9.28351e-10	-0.32715
9.28422e-10	-0.327285
9.28493e-10	-0.32742
9.28564e-10	-0.327554
9.28634e-10	-0.327688
9.28705e-10	-0.327821
9.28776e-10	-0.327954
9.28846e-10	-0.328086
9.28917e-10	-0.328218
9.28988e-10	-0.328349
9.29059e-10	-0.328479
9.29129e-10	-0.328609
9.292e-10	-0.328738
9.29271e-10	-0.328867
9.29342e-10	-0.328995
9.29412e-10	-0.329123
9.29483e-10	-0.32925
9.29554e-10	-0.329377
9.29624e-10	-0.329503
9.29695e-10	-0.329628
9.29766e-10	-0.329753
9.29837e-10	-0.329877
9.29907e-10	-0.330001
9.29978e-10	-0.330125
9.30049e-10	-0.330247
9.3012e-10	-0.330369
9.3019e-10	-0.330491
9.30261e-10	-0.330612
9.30332e-10	-0.330732
9.30403e-10	-0.330852
9.30473e-10	-0.330972
9.30544e-10	-0.331091
9.30615e-10	-0.331209
9.30685e-10	-0.331326
9.30756e-10	-0.331443
9.30827e-10	-0.33156
9.30898e-10	-0.331676
9.30968e-10	-0.331791
9.31039e-10	-0.331906
9.3111e-10	-0.332021
9.31181e-10	-0.332134
9.31251e-10	-0.332247
9.31322e-10	-0.33236
9.31393e-10	-0.332472
9.31463e-10	-0.332583
9.31534e-10	-0.332694
9.31605e-10	-0.332805
9.31676e-10	-0.332914
9.31746e-10	-0.333024
9.31817e-10	-0.333132
9.31888e-10	-0.33324
9.31959e-10	-0.333348
9.32029e-10	-0.333454
9.321e-10	-0.333561
9.32171e-10	-0.333667
9.32241e-10	-0.333772
9.32312e-10	-0.333876
9.32383e-10	-0.33398
9.32454e-10	-0.334084
9.32524e-10	-0.334187
9.32595e-10	-0.334289
9.32666e-10	-0.33439
9.32737e-10	-0.334492
9.32807e-10	-0.334592
9.32878e-10	-0.334692
9.32949e-10	-0.334791
9.33019e-10	-0.33489
9.3309e-10	-0.334989
9.33161e-10	-0.335086
9.33232e-10	-0.335183
9.33302e-10	-0.33528
9.33373e-10	-0.335376
9.33444e-10	-0.335471
9.33515e-10	-0.335566
9.33585e-10	-0.33566
9.33656e-10	-0.335753
9.33727e-10	-0.335846
9.33798e-10	-0.335939
9.33868e-10	-0.33603
9.33939e-10	-0.336122
9.3401e-10	-0.336212
9.3408e-10	-0.336302
9.34151e-10	-0.336392
9.34222e-10	-0.336481
9.34293e-10	-0.336569
9.34363e-10	-0.336656
9.34434e-10	-0.336744
9.34505e-10	-0.33683
9.34576e-10	-0.336916
9.34646e-10	-0.337001
9.34717e-10	-0.337086
9.34788e-10	-0.33717
9.34858e-10	-0.337254
9.34929e-10	-0.337336
9.35e-10	-0.337419
9.35071e-10	-0.337501
9.35141e-10	-0.337582
9.35212e-10	-0.337662
9.35283e-10	-0.337742
9.35354e-10	-0.337822
9.35424e-10	-0.3379
9.35495e-10	-0.337978
9.35566e-10	-0.338056
9.35636e-10	-0.338133
9.35707e-10	-0.338209
9.35778e-10	-0.338285
9.35849e-10	-0.33836
9.35919e-10	-0.338435
9.3599e-10	-0.338509
9.36061e-10	-0.338582
9.36132e-10	-0.338655
9.36202e-10	-0.338727
9.36273e-10	-0.338798
9.36344e-10	-0.338869
9.36414e-10	-0.338939
9.36485e-10	-0.339009
9.36556e-10	-0.339078
9.36627e-10	-0.339147
9.36697e-10	-0.339215
9.36768e-10	-0.339282
9.36839e-10	-0.339349
9.3691e-10	-0.339415
9.3698e-10	-0.33948
9.37051e-10	-0.339545
9.37122e-10	-0.339609
9.37192e-10	-0.339673
9.37263e-10	-0.339736
9.37334e-10	-0.339798
9.37405e-10	-0.33986
9.37475e-10	-0.339921
9.37546e-10	-0.339982
9.37617e-10	-0.340042
9.37688e-10	-0.340101
9.37758e-10	-0.34016
9.37829e-10	-0.340218
9.379e-10	-0.340275
9.37971e-10	-0.340332
9.38041e-10	-0.340388
9.38112e-10	-0.340444
9.38183e-10	-0.340499
9.38253e-10	-0.340553
9.38324e-10	-0.340607
9.38395e-10	-0.34066
9.38466e-10	-0.340713
9.38536e-10	-0.340765
9.38607e-10	-0.340816
9.38678e-10	-0.340866
9.38749e-10	-0.340917
9.38819e-10	-0.340966
9.3889e-10	-0.341015
9.38961e-10	-0.341063
9.39031e-10	-0.34111
9.39102e-10	-0.341157
9.39173e-10	-0.341204
9.39244e-10	-0.341249
9.39314e-10	-0.341294
9.39385e-10	-0.341339
9.39456e-10	-0.341383
9.39527e-10	-0.341426
9.39597e-10	-0.341468
9.39668e-10	-0.34151
9.39739e-10	-0.341551
9.39809e-10	-0.341592
9.3988e-10	-0.341632
9.39951e-10	-0.341672
9.40022e-10	-0.34171
9.40092e-10	-0.341748
9.40163e-10	-0.341786
9.40234e-10	-0.341823
9.40305e-10	-0.341859
9.40375e-10	-0.341895
9.40446e-10	-0.34193
9.40517e-10	-0.341964
9.40587e-10	-0.341998
9.40658e-10	-0.342031
9.40729e-10	-0.342063
9.408e-10	-0.342095
9.4087e-10	-0.342126
9.40941e-10	-0.342157
9.41012e-10	-0.342187
9.41083e-10	-0.342216
9.41153e-10	-0.342244
9.41224e-10	-0.342272
9.41295e-10	-0.3423
9.41365e-10	-0.342326
9.41436e-10	-0.342353
9.41507e-10	-0.342378
9.41578e-10	-0.342403
9.41648e-10	-0.342427
9.41719e-10	-0.34245
9.4179e-10	-0.342473
9.41861e-10	-0.342495
9.41931e-10	-0.342517
9.42002e-10	-0.342538
9.42073e-10	-0.342558
9.42144e-10	-0.342578
9.42214e-10	-0.342597
9.42285e-10	-0.342615
9.42356e-10	-0.342633
9.42426e-10	-0.34265
9.42497e-10	-0.342666
9.42568e-10	-0.342682
9.42639e-10	-0.342697
9.42709e-10	-0.342712
9.4278e-10	-0.342726
9.42851e-10	-0.342739
9.42922e-10	-0.342751
9.42992e-10	-0.342763
9.43063e-10	-0.342775
9.43134e-10	-0.342785
9.43204e-10	-0.342795
9.43275e-10	-0.342804
9.43346e-10	-0.342813
9.43417e-10	-0.342821
9.43487e-10	-0.342828
9.43558e-10	-0.342835
9.43629e-10	-0.342841
9.437e-10	-0.342846
9.4377e-10	-0.342851
9.43841e-10	-0.342855
9.43912e-10	-0.342859
9.43982e-10	-0.342861
9.44053e-10	-0.342864
9.44124e-10	-0.342865
9.44195e-10	-0.342866
9.44265e-10	-0.342866
9.44336e-10	-0.342865
9.44407e-10	-0.342864
9.44478e-10	-0.342863
9.44548e-10	-0.34286
9.44619e-10	-0.342857
9.4469e-10	-0.342853
9.4476e-10	-0.342849
9.44831e-10	-0.342844
9.44902e-10	-0.342838
9.44973e-10	-0.342831
9.45043e-10	-0.342824
9.45114e-10	-0.342817
9.45185e-10	-0.342808
9.45256e-10	-0.342799
9.45326e-10	-0.342789
9.45397e-10	-0.342779
9.45468e-10	-0.342768
9.45538e-10	-0.342756
9.45609e-10	-0.342744
9.4568e-10	-0.342731
9.45751e-10	-0.342717
9.45821e-10	-0.342703
9.45892e-10	-0.342688
9.45963e-10	-0.342672
9.46034e-10	-0.342656
9.46104e-10	-0.342639
9.46175e-10	-0.342621
9.46246e-10	-0.342603
9.46317e-10	-0.342584
9.46387e-10	-0.342564
9.46458e-10	-0.342543
9.46529e-10	-0.342522
9.46599e-10	-0.342501
9.4667e-10	-0.342478
9.46741e-10	-0.342455
9.46812e-10	-0.342432
9.46882e-10	-0.342407
9.46953e-10	-0.342382
9.47024e-10	-0.342357
9.47095e-10	-0.34233
9.47165e-10	-0.342303
9.47236e-10	-0.342275
9.47307e-10	-0.342247
9.47377e-10	-0.342218
9.47448e-10	-0.342188
9.47519e-10	-0.342158
9.4759e-10	-0.342127
9.4766e-10	-0.342095
9.47731e-10	-0.342062
9.47802e-10	-0.342029
9.47873e-10	-0.341996
9.47943e-10	-0.341961
9.48014e-10	-0.341926
9.48085e-10	-0.34189
9.48155e-10	-0.341854
9.48226e-10	-0.341817
9.48297e-10	-0.341779
9.48368e-10	-0.34174
9.48438e-10	-0.341701
9.48509e-10	-0.341661
9.4858e-10	-0.341621
9.48651e-10	-0.341579
9.48721e-10	-0.341538
9.48792e-10	-0.341495
9.48863e-10	-0.341452
9.48933e-10	-0.341408
9.49004e-10	-0.341363
9.49075e-10	-0.341318
9.49146e-10	-0.341272
9.49216e-10	-0.341225
9.49287e-10	-0.341178
9.49358e-10	-0.34113
9.49429e-10	-0.341081
9.49499e-10	-0.341032
9.4957e-10	-0.340982
9.49641e-10	-0.340931
9.49711e-10	-0.34088
9.49782e-10	-0.340828
9.49853e-10	-0.340775
9.49924e-10	-0.340721
9.49994e-10	-0.340667
9.50065e-10	-0.340613
9.50136e-10	-0.340557
9.50207e-10	-0.340501
9.50277e-10	-0.340444
9.50348e-10	-0.340386
9.50419e-10	-0.340328
9.5049e-10	-0.340269
9.5056e-10	-0.34021
9.50631e-10	-0.340149
9.50702e-10	-0.340088
9.50772e-10	-0.340027
9.50843e-10	-0.339964
9.50914e-10	-0.339901
9.50985e-10	-0.339837
9.51055e-10	-0.339773
9.51126e-10	-0.339708
9.51197e-10	-0.339642
9.51268e-10	-0.339576
9.51338e-10	-0.339508
9.51409e-10	-0.339441
9.5148e-10	-0.339372
9.5155e-10	-0.339303
9.51621e-10	-0.339233
9.51692e-10	-0.339162
9.51763e-10	-0.339091
9.51833e-10	-0.339019
9.51904e-10	-0.338946
9.51975e-10	-0.338873
9.52046e-10	-0.338799
9.52116e-10	-0.338724
9.52187e-10	-0.338648
9.52258e-10	-0.338572
9.52328e-10	-0.338495
9.52399e-10	-0.338418
9.5247e-10	-0.33834
9.52541e-10	-0.338261
9.52611e-10	-0.338181
9.52682e-10	-0.338101
9.52753e-10	-0.33802
9.52824e-10	-0.337938
9.52894e-10	-0.337856
9.52965e-10	-0.337773
9.53036e-10	-0.337689
9.53106e-10	-0.337604
9.53177e-10	-0.337519
9.53248e-10	-0.337433
9.53319e-10	-0.337347
9.53389e-10	-0.337259
9.5346e-10	-0.337171
9.53531e-10	-0.337083
9.53602e-10	-0.336993
9.53672e-10	-0.336903
9.53743e-10	-0.336813
9.53814e-10	-0.336721
9.53884e-10	-0.336629
9.53955e-10	-0.336536
9.54026e-10	-0.336443
9.54097e-10	-0.336349
9.54167e-10	-0.336254
9.54238e-10	-0.336158
9.54309e-10	-0.336062
9.5438e-10	-0.335965
9.5445e-10	-0.335867
9.54521e-10	-0.335768
9.54592e-10	-0.335669
9.54663e-10	-0.335569
9.54733e-10	-0.335469
9.54804e-10	-0.335368
9.54875e-10	-0.335266
9.54945e-10	-0.335163
9.55016e-10	-0.33506
9.55087e-10	-0.334956
9.55158e-10	-0.334851
9.55228e-10	-0.334746
9.55299e-10	-0.334639
9.5537e-10	-0.334533
9.55441e-10	-0.334425
9.55511e-10	-0.334317
9.55582e-10	-0.334208
9.55653e-10	-0.334098
9.55723e-10	-0.333988
9.55794e-10	-0.333877
9.55865e-10	-0.333765
9.55936e-10	-0.333653
9.56006e-10	-0.33354
9.56077e-10	-0.333426
9.56148e-10	-0.333311
9.56219e-10	-0.333196
9.56289e-10	-0.33308
9.5636e-10	-0.332963
9.56431e-10	-0.332846
9.56501e-10	-0.332728
9.56572e-10	-0.332609
9.56643e-10	-0.332489
9.56714e-10	-0.332369
9.56784e-10	-0.332248
9.56855e-10	-0.332127
9.56926e-10	-0.332004
9.56997e-10	-0.331881
9.57067e-10	-0.331758
9.57138e-10	-0.331633
9.57209e-10	-0.331508
9.57279e-10	-0.331382
9.5735e-10	-0.331256
9.57421e-10	-0.331128
9.57492e-10	-0.331
9.57562e-10	-0.330872
9.57633e-10	-0.330742
9.57704e-10	-0.330612
9.57775e-10	-0.330481
9.57845e-10	-0.33035
9.57916e-10	-0.330218
9.57987e-10	-0.330085
9.58057e-10	-0.329951
9.58128e-10	-0.329817
9.58199e-10	-0.329682
9.5827e-10	-0.329546
9.5834e-10	-0.329409
9.58411e-10	-0.329272
9.58482e-10	-0.329134
9.58553e-10	-0.328996
9.58623e-10	-0.328856
9.58694e-10	-0.328716
9.58765e-10	-0.328576
9.58836e-10	-0.328434
9.58906e-10	-0.328292
9.58977e-10	-0.328149
9.59048e-10	-0.328006
9.59118e-10	-0.327861
9.59189e-10	-0.327716
9.5926e-10	-0.327571
9.59331e-10	-0.327424
9.59401e-10	-0.327277
9.59472e-10	-0.327129
9.59543e-10	-0.326981
9.59614e-10	-0.326831
9.59684e-10	-0.326682
9.59755e-10	-0.326531
9.59826e-10	-0.326379
9.59896e-10	-0.326227
9.59967e-10	-0.326075
9.60038e-10	-0.325921
9.60109e-10	-0.325767
9.60179e-10	-0.325612
9.6025e-10	-0.325456
9.60321e-10	-0.3253
9.60392e-10	-0.325143
9.60462e-10	-0.324985
9.60533e-10	-0.324826
9.60604e-10	-0.324667
9.60674e-10	-0.324507
9.60745e-10	-0.324347
9.60816e-10	-0.324185
9.60887e-10	-0.324023
9.60957e-10	-0.32386
9.61028e-10	-0.323697
9.61099e-10	-0.323533
9.6117e-10	-0.323368
9.6124e-10	-0.323202
9.61311e-10	-0.323036
9.61382e-10	-0.322869
9.61452e-10	-0.322701
9.61523e-10	-0.322533
9.61594e-10	-0.322363
9.61665e-10	-0.322193
9.61735e-10	-0.322023
9.61806e-10	-0.321851
9.61877e-10	-0.321679
9.61948e-10	-0.321507
9.62018e-10	-0.321333
9.62089e-10	-0.321159
9.6216e-10	-0.320984
9.6223e-10	-0.320808
9.62301e-10	-0.320632
9.62372e-10	-0.320455
9.62443e-10	-0.320277
9.62513e-10	-0.320099
9.62584e-10	-0.319919
9.62655e-10	-0.31974
9.62726e-10	-0.319559
9.62796e-10	-0.319378
9.62867e-10	-0.319196
9.62938e-10	-0.319013
9.63009e-10	-0.318829
9.63079e-10	-0.318645
9.6315e-10	-0.31846
9.63221e-10	-0.318274
9.63291e-10	-0.318088
9.63362e-10	-0.317901
9.63433e-10	-0.317713
9.63504e-10	-0.317525
9.63574e-10	-0.317336
9.63645e-10	-0.317146
9.63716e-10	-0.316955
9.63787e-10	-0.316764
9.63857e-10	-0.316572
9.63928e-10	-0.316379
9.63999e-10	-0.316185
9.64069e-10	-0.315991
9.6414e-10	-0.315796
9.64211e-10	-0.315601
9.64282e-10	-0.315404
9.64352e-10	-0.315207
9.64423e-10	-0.315009
9.64494e-10	-0.314811
9.64565e-10	-0.314612
9.64635e-10	-0.314412
9.64706e-10	-0.314211
9.64777e-10	-0.31401
9.64847e-10	-0.313808
9.64918e-10	-0.313605
9.64989e-10	-0.313401
9.6506e-10	-0.313197
9.6513e-10	-0.312992
9.65201e-10	-0.312786
9.65272e-10	-0.31258
9.65343e-10	-0.312373
9.65413e-10	-0.312165
9.65484e-10	-0.311957
9.65555e-10	-0.311747
9.65625e-10	-0.311537
9.65696e-10	-0.311327
9.65767e-10	-0.311115
9.65838e-10	-0.310903
9.65908e-10	-0.31069
9.65979e-10	-0.310477
9.6605e-10	-0.310263
9.66121e-10	-0.310048
9.66191e-10	-0.309832
9.66262e-10	-0.309616
9.66333e-10	-0.309399
9.66403e-10	-0.309181
9.66474e-10	-0.308962
9.66545e-10	-0.308743
9.66616e-10	-0.308523
9.66686e-10	-0.308302
9.66757e-10	-0.308081
9.66828e-10	-0.307859
9.66899e-10	-0.307636
9.66969e-10	-0.307412
9.6704e-10	-0.307188
9.67111e-10	-0.306963
9.67182e-10	-0.306737
9.67252e-10	-0.306511
9.67323e-10	-0.306284
9.67394e-10	-0.306056
9.67464e-10	-0.305828
9.67535e-10	-0.305598
9.67606e-10	-0.305368
9.67677e-10	-0.305138
9.67747e-10	-0.304906
9.67818e-10	-0.304674
9.67889e-10	-0.304441
9.6796e-10	-0.304208
9.6803e-10	-0.303973
9.68101e-10	-0.303739
9.68172e-10	-0.303503
9.68242e-10	-0.303266
9.68313e-10	-0.303029
9.68384e-10	-0.302791
9.68455e-10	-0.302553
9.68525e-10	-0.302314
9.68596e-10	-0.302074
9.68667e-10	-0.301833
9.68738e-10	-0.301592
9.68808e-10	-0.30135
9.68879e-10	-0.301107
9.6895e-10	-0.300863
9.6902e-10	-0.300619
9.69091e-10	-0.300374
9.69162e-10	-0.300128
9.69233e-10	-0.299882
9.69303e-10	-0.299635
9.69374e-10	-0.299387
9.69445e-10	-0.299138
9.69516e-10	-0.298889
9.69586e-10	-0.298639
9.69657e-10	-0.298389
9.69728e-10	-0.298137
9.69798e-10	-0.297885
9.69869e-10	-0.297632
9.6994e-10	-0.297379
9.70011e-10	-0.297125
9.70081e-10	-0.29687
9.70152e-10	-0.296614
9.70223e-10	-0.296358
9.70294e-10	-0.296101
9.70364e-10	-0.295843
9.70435e-10	-0.295584
9.70506e-10	-0.295325
9.70576e-10	-0.295065
9.70647e-10	-0.294805
9.70718e-10	-0.294543
9.70789e-10	-0.294281
9.70859e-10	-0.294018
9.7093e-10	-0.293755
9.71001e-10	-0.293491
9.71072e-10	-0.293226
9.71142e-10	-0.29296
9.71213e-10	-0.292694
9.71284e-10	-0.292427
9.71355e-10	-0.292159
9.71425e-10	-0.291891
9.71496e-10	-0.291622
9.71567e-10	-0.291352
9.71637e-10	-0.291081
9.71708e-10	-0.29081
9.71779e-10	-0.290538
9.7185e-10	-0.290265
9.7192e-10	-0.289992
9.71991e-10	-0.289718
9.72062e-10	-0.289443
9.72133e-10	-0.289167
9.72203e-10	-0.288891
9.72274e-10	-0.288614
9.72345e-10	-0.288337
9.72415e-10	-0.288058
9.72486e-10	-0.287779
9.72557e-10	-0.287499
9.72628e-10	-0.287219
9.72698e-10	-0.286938
9.72769e-10	-0.286656
9.7284e-10	-0.286373
9.72911e-10	-0.28609
9.72981e-10	-0.285806
9.73052e-10	-0.285521
9.73123e-10	-0.285236
9.73193e-10	-0.28495
9.73264e-10	-0.284663
9.73335e-10	-0.284375
9.73406e-10	-0.284087
9.73476e-10	-0.283798
9.73547e-10	-0.283509
9.73618e-10	-0.283218
9.73689e-10	-0.282927
9.73759e-10	-0.282635
9.7383e-10	-0.282343
9.73901e-10	-0.28205
9.73971e-10	-0.281756
9.74042e-10	-0.281461
9.74113e-10	-0.281166
9.74184e-10	-0.28087
9.74254e-10	-0.280573
9.74325e-10	-0.280276
9.74396e-10	-0.279978
9.74467e-10	-0.279679
9.74537e-10	-0.27938
9.74608e-10	-0.279079
9.74679e-10	-0.278778
9.74749e-10	-0.278477
9.7482e-10	-0.278175
9.74891e-10	-0.277872
9.74962e-10	-0.277568
9.75032e-10	-0.277263
9.75103e-10	-0.276958
9.75174e-10	-0.276653
9.75245e-10	-0.276346
9.75315e-10	-0.276039
9.75386e-10	-0.275731
9.75457e-10	-0.275422
9.75528e-10	-0.275113
9.75598e-10	-0.274803
9.75669e-10	-0.274492
9.7574e-10	-0.274181
9.7581e-10	-0.273869
9.75881e-10	-0.273556
9.75952e-10	-0.273243
9.76023e-10	-0.272928
9.76093e-10	-0.272613
9.76164e-10	-0.272298
9.76235e-10	-0.271982
9.76306e-10	-0.271665
9.76376e-10	-0.271347
9.76447e-10	-0.271029
9.76518e-10	-0.27071
9.76588e-10	-0.27039
9.76659e-10	-0.270069
9.7673e-10	-0.269748
9.76801e-10	-0.269426
9.76871e-10	-0.269104
9.76942e-10	-0.268781
9.77013e-10	-0.268457
9.77084e-10	-0.268132
9.77154e-10	-0.267807
9.77225e-10	-0.267481
9.77296e-10	-0.267154
9.77366e-10	-0.266827
9.77437e-10	-0.266499
9.77508e-10	-0.26617
9.77579e-10	-0.26584
9.77649e-10	-0.26551
9.7772e-10	-0.265179
9.77791e-10	-0.264848
9.77862e-10	-0.264516
9.77932e-10	-0.264183
9.78003e-10	-0.263849
9.78074e-10	-0.263515
9.78144e-10	-0.26318
9.78215e-10	-0.262844
9.78286e-10	-0.262508
9.78357e-10	-0.262171
9.78427e-10	-0.261833
9.78498e-10	-0.261494
9.78569e-10	-0.261155
9.7864e-10	-0.260816
9.7871e-10	-0.260475
9.78781e-10	-0.260134
9.78852e-10	-0.259792
9.78922e-10	-0.259449
9.78993e-10	-0.259106
9.79064e-10	-0.258762
9.79135e-10	-0.258418
9.79205e-10	-0.258072
9.79276e-10	-0.257726
9.79347e-10	-0.25738
9.79418e-10	-0.257032
9.79488e-10	-0.256684
9.79559e-10	-0.256336
9.7963e-10	-0.255986
9.79701e-10	-0.255636
9.79771e-10	-0.255285
9.79842e-10	-0.254934
9.79913e-10	-0.254582
9.79983e-10	-0.254229
9.80054e-10	-0.253875
9.80125e-10	-0.253521
9.80196e-10	-0.253166
9.80266e-10	-0.252811
9.80337e-10	-0.252455
9.80408e-10	-0.252098
9.80479e-10	-0.25174
9.80549e-10	-0.251382
9.8062e-10	-0.251023
9.80691e-10	-0.250663
9.80761e-10	-0.250303
9.80832e-10	-0.249942
9.80903e-10	-0.24958
9.80974e-10	-0.249218
9.81044e-10	-0.248855
9.81115e-10	-0.248491
9.81186e-10	-0.248127
9.81257e-10	-0.247762
9.81327e-10	-0.247396
9.81398e-10	-0.24703
9.81469e-10	-0.246663
9.81539e-10	-0.246295
9.8161e-10	-0.245927
9.81681e-10	-0.245558
9.81752e-10	-0.245188
9.81822e-10	-0.244818
9.81893e-10	-0.244447
9.81964e-10	-0.244075
9.82035e-10	-0.243702
9.82105e-10	-0.243329
9.82176e-10	-0.242955
9.82247e-10	-0.242581
9.82317e-10	-0.242206
9.82388e-10	-0.24183
9.82459e-10	-0.241454
9.8253e-10	-0.241076
9.826e-10	-0.240699
9.82671e-10	-0.24032
9.82742e-10	-0.239941
9.82813e-10	-0.239561
9.82883e-10	-0.239181
9.82954e-10	-0.2388
9.83025e-10	-0.238418
9.83096e-10	-0.238035
9.83166e-10	-0.237652
9.83237e-10	-0.237269
9.83308e-10	-0.236884
9.83378e-10	-0.236499
9.83449e-10	-0.236113
9.8352e-10	-0.235727
9.83591e-10	-0.23534
9.83661e-10	-0.234952
9.83732e-10	-0.234563
9.83803e-10	-0.234174
9.83874e-10	-0.233785
9.83944e-10	-0.233394
9.84015e-10	-0.233003
9.84086e-10	-0.232611
9.84156e-10	-0.232219
9.84227e-10	-0.231826
9.84298e-10	-0.231432
9.84369e-10	-0.231038
9.84439e-10	-0.230643
9.8451e-10	-0.230247
9.84581e-10	-0.229851
9.84652e-10	-0.229454
9.84722e-10	-0.229056
9.84793e-10	-0.228658
9.84864e-10	-0.228259
9.84934e-10	-0.227859
9.85005e-10	-0.227459
9.85076e-10	-0.227058
9.85147e-10	-0.226656
9.85217e-10	-0.226254
9.85288e-10	-0.225851
9.85359e-10	-0.225447
9.8543e-10	-0.225043
9.855e-10	-0.224638
9.85571e-10	-0.224233
9.85642e-10	-0.223827
9.85712e-10	-0.22342
9.85783e-10	-0.223012
9.85854e-10	-0.222604
9.85925e-10	-0.222196
9.85995e-10	-0.221786
9.86066e-10	-0.221376
9.86137e-10	-0.220965
9.86208e-10	-0.220554
9.86278e-10	-0.220142
9.86349e-10	-0.219729
9.8642e-10	-0.219316
9.8649e-10	-0.218902
9.86561e-10	-0.218488
9.86632e-10	-0.218072
9.86703e-10	-0.217657
9.86773e-10	-0.21724
9.86844e-10	-0.216823
9.86915e-10	-0.216405
9.86986e-10	-0.215987
9.87056e-10	-0.215568
9.87127e-10	-0.215148
9.87198e-10	-0.214728
9.87269e-10	-0.214307
9.87339e-10	-0.213885
9.8741e-10	-0.213463
9.87481e-10	-0.21304
9.87551e-10	-0.212616
9.87622e-10	-0.212192
9.87693e-10	-0.211767
9.87764e-10	-0.211342
9.87834e-10	-0.210916
9.87905e-10	-0.210489
9.87976e-10	-0.210061
9.88047e-10	-0.209633
9.88117e-10	-0.209205
9.88188e-10	-0.208776
9.88259e-10	-0.208346
9.88329e-10	-0.207915
9.884e-10	-0.207484
9.88471e-10	-0.207052
9.88542e-10	-0.20662
9.88612e-10	-0.206187
9.88683e-10	-0.205753
9.88754e-10	-0.205319
9.88825e-10	-0.204884
9.88895e-10	-0.204448
9.88966e-10	-0.204012
9.89037e-10	-0.203575
9.89107e-10	-0.203138
9.89178e-10	-0.202699
9.89249e-10	-0.202261
9.8932e-10	-0.201821
9.8939e-10	-0.201381
9.89461e-10	-0.200941
9.89532e-10	-0.2005
9.89603e-10	-0.200058
9.89673e-10	-0.199615
9.89744e-10	-0.199172
9.89815e-10	-0.198729
9.89885e-10	-0.198284
9.89956e-10	-0.197839
9.90027e-10	-0.197394
9.90098e-10	-0.196948
9.90168e-10	-0.196501
9.90239e-10	-0.196053
9.9031e-10	-0.195605
9.90381e-10	-0.195157
9.90451e-10	-0.194707
9.90522e-10	-0.194258
9.90593e-10	-0.193807
9.90663e-10	-0.193356
9.90734e-10	-0.192904
9.90805e-10	-0.192452
9.90876e-10	-0.191999
9.90946e-10	-0.191545
9.91017e-10	-0.191091
9.91088e-10	-0.190636
9.91159e-10	-0.190181
9.91229e-10	-0.189725
9.913e-10	-0.189268
9.91371e-10	-0.188811
9.91442e-10	-0.188353
9.91512e-10	-0.187895
9.91583e-10	-0.187436
9.91654e-10	-0.186976
9.91724e-10	-0.186516
9.91795e-10	-0.186055
9.91866e-10	-0.185594
9.91937e-10	-0.185132
9.92007e-10	-0.184669
9.92078e-10	-0.184206
9.92149e-10	-0.183742
9.9222e-10	-0.183277
9.9229e-10	-0.182812
9.92361e-10	-0.182346
9.92432e-10	-0.18188
9.92502e-10	-0.181413
9.92573e-10	-0.180946
9.92644e-10	-0.180478
9.92715e-10	-0.180009
9.92785e-10	-0.17954
9.92856e-10	-0.17907
9.92927e-10	-0.178599
9.92998e-10	-0.178128
9.93068e-10	-0.177657
9.93139e-10	-0.177184
9.9321e-10	-0.176711
9.9328e-10	-0.176238
9.93351e-10	-0.175764
9.93422e-10	-0.175289
9.93493e-10	-0.174814
9.93563e-10	-0.174338
9.93634e-10	-0.173862
9.93705e-10	-0.173385
9.93776e-10	-0.172907
9.93846e-10	-0.172429
9.93917e-10	-0.17195
9.93988e-10	-0.171471
9.94058e-10	-0.170991
9.94129e-10	-0.170511
9.942e-10	-0.17003
9.94271e-10	-0.169548
9.94341e-10	-0.169066
9.94412e-10	-0.168583
9.94483e-10	-0.168099
9.94554e-10	-0.167615
9.94624e-10	-0.167131
9.94695e-10	-0.166646
9.94766e-10	-0.16616
9.94836e-10	-0.165674
9.94907e-10	-0.165187
9.94978e-10	-0.164699
9.95049e-10	-0.164211
9.95119e-10	-0.163722
9.9519e-10	-0.163233
9.95261e-10	-0.162743
9.95332e-10	-0.162253
9.95402e-10	-0.161762
9.95473e-10	-0.161271
9.95544e-10	-0.160779
9.95615e-10	-0.160286
9.95685e-10	-0.159793
9.95756e-10	-0.159299
9.95827e-10	-0.158804
9.95897e-10	-0.15831
9.95968e-10	-0.157814
9.96039e-10	-0.157318
9.9611e-10	-0.156821
9.9618e-10	-0.156324
9.96251e-10	-0.155826
9.96322e-10	-0.155328
9.96393e-10	-0.154829
9.96463e-10	-0.15433
9.96534e-10	-0.15383
9.96605e-10	-0.153329
9.96675e-10	-0.152828
9.96746e-10	-0.152326
9.96817e-10	-0.151824
9.96888e-10	-0.151321
9.96958e-10	-0.150818
9.97029e-10	-0.150314
9.971e-10	-0.149809
9.97171e-10	-0.149304
9.97241e-10	-0.148799
9.97312e-10	-0.148292
9.97383e-10	-0.147786
9.97453e-10	-0.147278
9.97524e-10	-0.146771
9.97595e-10	-0.146262
9.97666e-10	-0.145753
9.97736e-10	-0.145244
9.97807e-10	-0.144734
9.97878e-10	-0.144223
9.97949e-10	-0.143712
9.98019e-10	-0.1432
9.9809e-10	-0.142688
9.98161e-10	-0.142175
9.98231e-10	-0.141662
9.98302e-10	-0.141148
9.98373e-10	-0.140634
9.98444e-10	-0.140119
9.98514e-10	-0.139603
9.98585e-10	-0.139087
9.98656e-10	-0.138571
9.98727e-10	-0.138054
9.98797e-10	-0.137536
9.98868e-10	-0.137018
9.98939e-10	-0.136499
9.99009e-10	-0.13598
9.9908e-10	-0.13546
9.99151e-10	-0.13494
9.99222e-10	-0.134419
9.99292e-10	-0.133897
9.99363e-10	-0.133375
9.99434e-10	-0.132853
9.99505e-10	-0.13233
9.99575e-10	-0.131806
9.99646e-10	-0.131282
9.99717e-10	-0.130758
9.99788e-10	-0.130233
9.99858e-10	-0.129707
9.99929e-10	-0.129181
1e-09	-0.128654
1.00007e-09	-0.128127
1.00014e-09	-0.127599
1.00021e-09	-0.127071
1.00028e-09	-0.126542
1.00035e-09	-0.126013
1.00042e-09	-0.125483
1.00049e-09	-0.124952
1.00057e-09	-0.124421
1.00064e-09	-0.12389
1.00071e-09	-0.123358
1.00078e-09	-0.122825
1.00085e-09	-0.122293
1.00092e-09	-0.121759
1.00099e-09	-0.121225
1.00106e-09	-0.12069
1.00113e-09	-0.120155
1.0012e-09	-0.11962
1.00127e-09	-0.119084
1.00134e-09	-0.118547
1.00141e-09	-0.11801
1.00148e-09	-0.117472
1.00156e-09	-0.116934
1.00163e-09	-0.116396
1.0017e-09	-0.115857
1.00177e-09	-0.115317
1.00184e-09	-0.114777
1.00191e-09	-0.114236
1.00198e-09	-0.113695
1.00205e-09	-0.113153
1.00212e-09	-0.112611
1.00219e-09	-0.112068
1.00226e-09	-0.111525
1.00233e-09	-0.110982
1.0024e-09	-0.110437
1.00248e-09	-0.109893
1.00255e-09	-0.109348
1.00262e-09	-0.108802
1.00269e-09	-0.108256
1.00276e-09	-0.107709
1.00283e-09	-0.107162
1.0029e-09	-0.106614
1.00297e-09	-0.106066
1.00304e-09	-0.105517
1.00311e-09	-0.104968
1.00318e-09	-0.104419
1.00325e-09	-0.103869
1.00332e-09	-0.103318
1.00339e-09	-0.102767
1.00347e-09	-0.102215
1.00354e-09	-0.101663
1.00361e-09	-0.101111
1.00368e-09	-0.100558
1.00375e-09	-0.100004
1.00382e-09	-0.09945
1.00389e-09	-0.0988955
1.00396e-09	-0.0983405
1.00403e-09	-0.0977851
1.0041e-09	-0.0972291
1.00417e-09	-0.0966727
1.00424e-09	-0.0961158
1.00431e-09	-0.0955584
1.00438e-09	-0.0950006
1.00446e-09	-0.0944423
1.00453e-09	-0.0938835
1.0046e-09	-0.0933242
1.00467e-09	-0.0927644
1.00474e-09	-0.0922042
1.00481e-09	-0.0916435
1.00488e-09	-0.0910823
1.00495e-09	-0.0905207
1.00502e-09	-0.0899586
1.00509e-09	-0.089396
1.00516e-09	-0.088833
1.00523e-09	-0.0882695
1.0053e-09	-0.0877055
1.00538e-09	-0.087141
1.00545e-09	-0.0865761
1.00552e-09	-0.0860108
1.00559e-09	-0.0854449
1.00566e-09	-0.0848786
1.00573e-09	-0.0843119
1.0058e-09	-0.0837447
1.00587e-09	-0.083177
1.00594e-09	-0.0826089
1.00601e-09	-0.0820403
1.00608e-09	-0.0814713
1.00615e-09	-0.0809018
1.00622e-09	-0.0803318
1.00629e-09	-0.0797614
1.00637e-09	-0.0791905
1.00644e-09	-0.0786192
1.00651e-09	-0.0780475
1.00658e-09	-0.0774753
1.00665e-09	-0.0769026
1.00672e-09	-0.0763295
1.00679e-09	-0.0757559
1.00686e-09	-0.0751819
1.00693e-09	-0.0746075
1.007e-09	-0.0740326
1.00707e-09	-0.0734573
1.00714e-09	-0.0728815
1.00721e-09	-0.0723053
1.00728e-09	-0.0717286
1.00736e-09	-0.0711515
1.00743e-09	-0.070574
1.0075e-09	-0.069996
1.00757e-09	-0.0694176
1.00764e-09	-0.0688387
1.00771e-09	-0.0682595
1.00778e-09	-0.0676797
1.00785e-09	-0.0670996
1.00792e-09	-0.066519
1.00799e-09	-0.065938
1.00806e-09	-0.0653565
1.00813e-09	-0.0647746
1.0082e-09	-0.0641923
1.00827e-09	-0.0636096
1.00835e-09	-0.0630264
1.00842e-09	-0.0624429
1.00849e-09	-0.0618588
1.00856e-09	-0.0612744
1.00863e-09	-0.0606895
1.0087e-09	-0.0601043
1.00877e-09	-0.0595185
1.00884e-09	-0.0589324
1.00891e-09	-0.0583459
1.00898e-09	-0.0577589
1.00905e-09	-0.0571715
1.00912e-09	-0.0565837
1.00919e-09	-0.0559955
1.00927e-09	-0.0554069
1.00934e-09	-0.0548178
1.00941e-09	-0.0542284
1.00948e-09	-0.0536385
1.00955e-09	-0.0530482
1.00962e-09	-0.0524575
1.00969e-09	-0.0518664
1.00976e-09	-0.0512749
1.00983e-09	-0.050683
1.0099e-09	-0.0500907
1.00997e-09	-0.049498
1.01004e-09	-0.0489048
1.01011e-09	-0.0483113
1.01018e-09	-0.0477174
1.01026e-09	-0.047123
1.01033e-09	-0.0465283
1.0104e-09	-0.0459332
1.01047e-09	-0.0453376
1.01054e-09	-0.0447417
1.01061e-09	-0.0441454
1.01068e-09	-0.0435486
1.01075e-09	-0.0429515
1.01082e-09	-0.042354
1.01089e-09	-0.0417561
1.01096e-09	-0.0411578
1.01103e-09	-0.0405591
1.0111e-09	-0.03996
1.01117e-09	-0.0393605
1.01125e-09	-0.0387607
1.01132e-09	-0.0381604
1.01139e-09	-0.0375598
1.01146e-09	-0.0369588
1.01153e-09	-0.0363574
1.0116e-09	-0.0357556
1.01167e-09	-0.0351535
1.01174e-09	-0.0345509
1.01181e-09	-0.033948
1.01188e-09	-0.0333447
1.01195e-09	-0.032741
1.01202e-09	-0.032137
1.01209e-09	-0.0315325
1.01217e-09	-0.0309277
1.01224e-09	-0.0303225
1.01231e-09	-0.029717
1.01238e-09	-0.029111
1.01245e-09	-0.0285047
1.01252e-09	-0.0278981
1.01259e-09	-0.027291
1.01266e-09	-0.0266836
1.01273e-09	-0.0260759
1.0128e-09	-0.0254677
1.01287e-09	-0.0248592
1.01294e-09	-0.0242504
1.01301e-09	-0.0236411
1.01308e-09	-0.0230315
1.01316e-09	-0.0224216
1.01323e-09	-0.0218113
1.0133e-09	-0.0212006
1.01337e-09	-0.0205896
1.01344e-09	-0.0199782
1.01351e-09	-0.0193664
1.01358e-09	-0.0187543
1.01365e-09	-0.0181419
1.01372e-09	-0.0175291
1.01379e-09	-0.0169159
1.01386e-09	-0.0163024
1.01393e-09	-0.0156886
1.014e-09	-0.0150744
1.01407e-09	-0.0144598
1.01415e-09	-0.0138449
1.01422e-09	-0.0132297
1.01429e-09	-0.0126141
1.01436e-09	-0.0119982
1.01443e-09	-0.0113819
1.0145e-09	-0.0107653
1.01457e-09	-0.0101483
1.01464e-09	-0.00953105
1.01471e-09	-0.00891342
1.01478e-09	-0.00829545
1.01485e-09	-0.00767715
1.01492e-09	-0.00705851
1.01499e-09	-0.00643954
1.01506e-09	-0.00582023
1.01514e-09	-0.0052006
1.01521e-09	-0.00458063
1.01528e-09	-0.00396033
1.01535e-09	-0.0033397
1.01542e-09	-0.00271875
1.01549e-09	-0.00209747
1.01556e-09	-0.00147587
1.01563e-09	-0.000853936
1.0157e-09	-0.000231682
1.01577e-09	0.000390893
1.01584e-09	0.00101379
1.01591e-09	0.00163701
1.01598e-09	0.00226054
1.01606e-09	0.0028844
1.01613e-09	0.00350857
1.0162e-09	0.00413306
1.01627e-09	0.00475786
1.01634e-09	0.00538297
1.01641e-09	0.0060084
1.01648e-09	0.00663414
1.01655e-09	0.00726019
1.01662e-09	0.00788655
1.01669e-09	0.00851322
1.01676e-09	0.0091402
1.01683e-09	0.00976748
1.0169e-09	0.0103951
1.01697e-09	0.011023
1.01705e-09	0.0116512
1.01712e-09	0.0122796
1.01719e-09	0.0129084
1.01726e-09	0.0135375
1.01733e-09	0.0141669
1.0174e-09	0.0147966
1.01747e-09	0.0154266
1.01754e-09	0.0160569
1.01761e-09	0.0166875
1.01768e-09	0.0173184
1.01775e-09	0.0179495
1.01782e-09	0.018581
1.01789e-09	0.0192127
1.01796e-09	0.0198447
1.01804e-09	0.0204771
1.01811e-09	0.0211097
1.01818e-09	0.0217426
1.01825e-09	0.0223757
1.01832e-09	0.0230092
1.01839e-09	0.023643
1.01846e-09	0.024277
1.01853e-09	0.0249113
1.0186e-09	0.0255459
1.01867e-09	0.0261807
1.01874e-09	0.0268159
1.01881e-09	0.0274513
1.01888e-09	0.028087
1.01896e-09	0.0287229
1.01903e-09	0.0293592
1.0191e-09	0.0299957
1.01917e-09	0.0306324
1.01924e-09	0.0312695
1.01931e-09	0.0319068
1.01938e-09	0.0325444
1.01945e-09	0.0331822
1.01952e-09	0.0338203
1.01959e-09	0.0344587
1.01966e-09	0.0350973
1.01973e-09	0.0357362
1.0198e-09	0.0363754
1.01987e-09	0.0370148
1.01995e-09	0.0376544
1.02002e-09	0.0382944
1.02009e-09	0.0389345
1.02016e-09	0.039575
1.02023e-09	0.0402157
1.0203e-09	0.0408566
1.02037e-09	0.0414978
1.02044e-09	0.0421392
1.02051e-09	0.0427809
1.02058e-09	0.0434229
1.02065e-09	0.044065
1.02072e-09	0.0447075
1.02079e-09	0.0453501
1.02086e-09	0.0459931
1.02094e-09	0.0466362
1.02101e-09	0.0472796
1.02108e-09	0.0479232
1.02115e-09	0.0485671
1.02122e-09	0.0492112
1.02129e-09	0.0498556
1.02136e-09	0.0505001
1.02143e-09	0.051145
1.0215e-09	0.05179
1.02157e-09	0.0524353
1.02164e-09	0.0530808
1.02171e-09	0.0537265
1.02178e-09	0.0543725
1.02185e-09	0.0550187
1.02193e-09	0.0556651
1.022e-09	0.0563118
1.02207e-09	0.0569586
1.02214e-09	0.0576057
1.02221e-09	0.058253
1.02228e-09	0.0589005
1.02235e-09	0.0595483
1.02242e-09	0.0601963
1.02249e-09	0.0608444
1.02256e-09	0.0614928
1.02263e-09	0.0621414
1.0227e-09	0.0627903
1.02277e-09	0.0634393
1.02285e-09	0.0640885
1.02292e-09	0.064738
1.02299e-09	0.0653876
1.02306e-09	0.0660375
1.02313e-09	0.0666876
1.0232e-09	0.0673379
1.02327e-09	0.0679883
1.02334e-09	0.068639
1.02341e-09	0.0692899
1.02348e-09	0.069941
1.02355e-09	0.0705923
1.02362e-09	0.0712437
1.02369e-09	0.0718954
1.02376e-09	0.0725473
1.02384e-09	0.0731994
1.02391e-09	0.0738516
1.02398e-09	0.0745041
1.02405e-09	0.0751567
1.02412e-09	0.0758095
1.02419e-09	0.0764626
1.02426e-09	0.0771158
1.02433e-09	0.0777691
1.0244e-09	0.0784227
1.02447e-09	0.0790765
1.02454e-09	0.0797304
1.02461e-09	0.0803845
1.02468e-09	0.0810388
1.02475e-09	0.0816933
1.02483e-09	0.0823479
1.0249e-09	0.0830028
1.02497e-09	0.0836578
1.02504e-09	0.084313
1.02511e-09	0.0849683
1.02518e-09	0.0856238
1.02525e-09	0.0862795
1.02532e-09	0.0869354
1.02539e-09	0.0875914
1.02546e-09	0.0882476
1.02553e-09	0.0889039
1.0256e-09	0.0895605
1.02567e-09	0.0902172
1.02574e-09	0.090874
1.02582e-09	0.091531
1.02589e-09	0.0921882
1.02596e-09	0.0928455
1.02603e-09	0.093503
1.0261e-09	0.0941606
1.02617e-09	0.0948184
1.02624e-09	0.0954763
1.02631e-09	0.0961344
1.02638e-09	0.0967927
1.02645e-09	0.0974511
1.02652e-09	0.0981096
1.02659e-09	0.0987683
1.02666e-09	0.0994271
1.02674e-09	0.100086
1.02681e-09	0.100745
1.02688e-09	0.101404
1.02695e-09	0.102064
1.02702e-09	0.102723
1.02709e-09	0.103383
1.02716e-09	0.104043
1.02723e-09	0.104703
1.0273e-09	0.105363
1.02737e-09	0.106023
1.02744e-09	0.106684
1.02751e-09	0.107344
1.02758e-09	0.108005
1.02765e-09	0.108665
1.02773e-09	0.109326
1.0278e-09	0.109987
1.02787e-09	0.110648
1.02794e-09	0.11131
1.02801e-09	0.111971
1.02808e-09	0.112632
1.02815e-09	0.113294
1.02822e-09	0.113956
1.02829e-09	0.114618
1.02836e-09	0.11528
1.02843e-09	0.115942
1.0285e-09	0.116604
1.02857e-09	0.117266
1.02864e-09	0.117929
1.02872e-09	0.118591
1.02879e-09	0.119254
1.02886e-09	0.119916
1.02893e-09	0.120579
1.029e-09	0.121242
1.02907e-09	0.121905
1.02914e-09	0.122568
1.02921e-09	0.123232
1.02928e-09	0.123895
1.02935e-09	0.124559
1.02942e-09	0.125222
1.02949e-09	0.125886
1.02956e-09	0.126549
1.02964e-09	0.127213
1.02971e-09	0.127877
1.02978e-09	0.128541
1.02985e-09	0.129205
1.02992e-09	0.12987
1.02999e-09	0.130534
1.03006e-09	0.131198
1.03013e-09	0.131863
1.0302e-09	0.132527
1.03027e-09	0.133192
1.03034e-09	0.133856
1.03041e-09	0.134521
1.03048e-09	0.135186
1.03055e-09	0.135851
1.03063e-09	0.136516
1.0307e-09	0.137181
1.03077e-09	0.137846
1.03084e-09	0.138512
1.03091e-09	0.139177
1.03098e-09	0.139842
1.03105e-09	0.140508
1.03112e-09	0.141173
1.03119e-09	0.141839
1.03126e-09	0.142504
1.03133e-09	0.14317
1.0314e-09	0.143836
1.03147e-09	0.144502
1.03154e-09	0.145167
1.03162e-09	0.145833
1.03169e-09	0.146499
1.03176e-09	0.147165
1.03183e-09	0.147832
1.0319e-09	0.148498
1.03197e-09	0.149164
1.03204e-09	0.14983
1.03211e-09	0.150496
1.03218e-09	0.151163
1.03225e-09	0.151829
1.03232e-09	0.152496
1.03239e-09	0.153162
1.03246e-09	0.153829
1.03253e-09	0.154495
1.03261e-09	0.155162
1.03268e-09	0.155829
1.03275e-09	0.156495
1.03282e-09	0.157162
1.03289e-09	0.157829
1.03296e-09	0.158495
1.03303e-09	0.159162
1.0331e-09	0.159829
1.03317e-09	0.160496
1.03324e-09	0.161163
1.03331e-09	0.16183
1.03338e-09	0.162497
1.03345e-09	0.163164
1.03353e-09	0.163831
1.0336e-09	0.164498
1.03367e-09	0.165165
1.03374e-09	0.165832
1.03381e-09	0.166499
1.03388e-09	0.167166
1.03395e-09	0.167833
1.03402e-09	0.1685
1.03409e-09	0.169168
1.03416e-09	0.169835
1.03423e-09	0.170502
1.0343e-09	0.171169
1.03437e-09	0.171836
1.03444e-09	0.172503
1.03452e-09	0.173171
1.03459e-09	0.173838
1.03466e-09	0.174505
1.03473e-09	0.175172
1.0348e-09	0.175839
1.03487e-09	0.176507
1.03494e-09	0.177174
1.03501e-09	0.177841
1.03508e-09	0.178508
1.03515e-09	0.179175
1.03522e-09	0.179843
1.03529e-09	0.18051
1.03536e-09	0.181177
1.03543e-09	0.181844
1.03551e-09	0.182511
1.03558e-09	0.183178
1.03565e-09	0.183845
1.03572e-09	0.184512
1.03579e-09	0.18518
1.03586e-09	0.185847
1.03593e-09	0.186514
1.036e-09	0.187181
1.03607e-09	0.187848
1.03614e-09	0.188515
1.03621e-09	0.189181
1.03628e-09	0.189848
1.03635e-09	0.190515
1.03643e-09	0.191182
1.0365e-09	0.191849
1.03657e-09	0.192516
1.03664e-09	0.193182
1.03671e-09	0.193849
1.03678e-09	0.194516
1.03685e-09	0.195182
1.03692e-09	0.195849
1.03699e-09	0.196515
1.03706e-09	0.197182
1.03713e-09	0.197848
1.0372e-09	0.198515
1.03727e-09	0.199181
1.03734e-09	0.199847
1.03742e-09	0.200514
1.03749e-09	0.20118
1.03756e-09	0.201846
1.03763e-09	0.202512
1.0377e-09	0.203178
1.03777e-09	0.203844
1.03784e-09	0.20451
1.03791e-09	0.205176
1.03798e-09	0.205842
1.03805e-09	0.206508
1.03812e-09	0.207173
1.03819e-09	0.207839
1.03826e-09	0.208504
1.03833e-09	0.20917
1.03841e-09	0.209835
1.03848e-09	0.210501
1.03855e-09	0.211166
1.03862e-09	0.211831
1.03869e-09	0.212496
1.03876e-09	0.213161
1.03883e-09	0.213826
1.0389e-09	0.214491
1.03897e-09	0.215156
1.03904e-09	0.215821
1.03911e-09	0.216486
1.03918e-09	0.21715
1.03925e-09	0.217815
1.03932e-09	0.218479
1.0394e-09	0.219143
1.03947e-09	0.219808
1.03954e-09	0.220472
1.03961e-09	0.221136
1.03968e-09	0.2218
1.03975e-09	0.222464
1.03982e-09	0.223128
1.03989e-09	0.223791
1.03996e-09	0.224455
1.04003e-09	0.225118
1.0401e-09	0.225782
1.04017e-09	0.226445
1.04024e-09	0.227108
1.04032e-09	0.227771
1.04039e-09	0.228434
1.04046e-09	0.229097
1.04053e-09	0.22976
1.0406e-09	0.230423
1.04067e-09	0.231085
1.04074e-09	0.231748
1.04081e-09	0.23241
1.04088e-09	0.233072
1.04095e-09	0.233734
1.04102e-09	0.234396
1.04109e-09	0.235058
1.04116e-09	0.23572
1.04123e-09	0.236381
1.04131e-09	0.237043
1.04138e-09	0.237704
1.04145e-09	0.238365
1.04152e-09	0.239026
1.04159e-09	0.239687
1.04166e-09	0.240348
1.04173e-09	0.241009
1.0418e-09	0.24167
1.04187e-09	0.24233
1.04194e-09	0.24299
1.04201e-09	0.243651
1.04208e-09	0.244311
1.04215e-09	0.24497
1.04222e-09	0.24563
1.0423e-09	0.24629
1.04237e-09	0.246949
1.04244e-09	0.247609
1.04251e-09	0.248268
1.04258e-09	0.248927
1.04265e-09	0.249586
1.04272e-09	0.250244
1.04279e-09	0.250903
1.04286e-09	0.251561
1.04293e-09	0.25222
1.043e-09	0.252878
1.04307e-09	0.253536
1.04314e-09	0.254194
1.04322e-09	0.254851
1.04329e-09	0.255509
1.04336e-09	0.256166
1.04343e-09	0.256823
1.0435e-09	0.25748
1.04357e-09	0.258137
1.04364e-09	0.258794
1.04371e-09	0.25945
1.04378e-09	0.260106
1.04385e-09	0.260762
1.04392e-09	0.261418
1.04399e-09	0.262074
1.04406e-09	0.26273
1.04413e-09	0.263385
1.04421e-09	0.264041
1.04428e-09	0.264696
1.04435e-09	0.26535
1.04442e-09	0.266005
1.04449e-09	0.26666
1.04456e-09	0.267314
1.04463e-09	0.267968
1.0447e-09	0.268622
1.04477e-09	0.269276
1.04484e-09	0.26993
1.04491e-09	0.270583
1.04498e-09	0.271236
1.04505e-09	0.271889
1.04512e-09	0.272542
1.0452e-09	0.273194
1.04527e-09	0.273847
1.04534e-09	0.274499
1.04541e-09	0.275151
1.04548e-09	0.275803
1.04555e-09	0.276454
1.04562e-09	0.277106
1.04569e-09	0.277757
1.04576e-09	0.278408
1.04583e-09	0.279059
1.0459e-09	0.279709
1.04597e-09	0.28036
1.04604e-09	0.28101
1.04611e-09	0.28166
1.04619e-09	0.282309
1.04626e-09	0.282959
1.04633e-09	0.283608
1.0464e-09	0.284257
1.04647e-09	0.284906
1.04654e-09	0.285554
1.04661e-09	0.286203
1.04668e-09	0.286851
1.04675e-09	0.287499
1.04682e-09	0.288146
1.04689e-09	0.288794
1.04696e-09	0.289441
1.04703e-09	0.290088
1.04711e-09	0.290735
1.04718e-09	0.291381
1.04725e-09	0.292027
1.04732e-09	0.292673
1.04739e-09	0.293319
1.04746e-09	0.293965
1.04753e-09	0.29461
1.0476e-09	0.295255
1.04767e-09	0.2959
1.04774e-09	0.296544
1.04781e-09	0.297189
1.04788e-09	0.297833
1.04795e-09	0.298476
1.04802e-09	0.29912
1.0481e-09	0.299763
1.04817e-09	0.300406
1.04824e-09	0.301049
1.04831e-09	0.301692
1.04838e-09	0.302334
1.04845e-09	0.302976
1.04852e-09	0.303617
1.04859e-09	0.304259
1.04866e-09	0.3049
1.04873e-09	0.305541
1.0488e-09	0.306182
1.04887e-09	0.306822
1.04894e-09	0.307462
1.04901e-09	0.308102
1.04909e-09	0.308742
1.04916e-09	0.309381
1.04923e-09	0.31002
1.0493e-09	0.310659
1.04937e-09	0.311297
1.04944e-09	0.311935
1.04951e-09	0.312573
1.04958e-09	0.313211
1.04965e-09	0.313848
1.04972e-09	0.314485
1.04979e-09	0.315122
1.04986e-09	0.315758
1.04993e-09	0.316394
1.05e-09	0.31703
1.05008e-09	0.317666
1.05015e-09	0.318301
1.05022e-09	0.318936
1.05029e-09	0.319571
1.05036e-09	0.320205
1.05043e-09	0.320839
1.0505e-09	0.321473
1.05057e-09	0.322107
1.05064e-09	0.32274
1.05071e-09	0.323373
1.05078e-09	0.324005
1.05085e-09	0.324638
1.05092e-09	0.325269
1.051e-09	0.325901
1.05107e-09	0.326532
1.05114e-09	0.327163
1.05121e-09	0.327794
1.05128e-09	0.328425
1.05135e-09	0.329055
1.05142e-09	0.329684
1.05149e-09	0.330314
1.05156e-09	0.330943
1.05163e-09	0.331572
1.0517e-09	0.3322
1.05177e-09	0.332828
1.05184e-09	0.333456
1.05191e-09	0.334083
1.05199e-09	0.334711
1.05206e-09	0.335337
1.05213e-09	0.335964
1.0522e-09	0.33659
1.05227e-09	0.337216
1.05234e-09	0.337841
1.05241e-09	0.338466
1.05248e-09	0.339091
1.05255e-09	0.339716
1.05262e-09	0.34034
1.05269e-09	0.340963
1.05276e-09	0.341587
1.05283e-09	0.34221
1.0529e-09	0.342833
1.05298e-09	0.343455
1.05305e-09	0.344077
1.05312e-09	0.344699
1.05319e-09	0.34532
1.05326e-09	0.345941
1.05333e-09	0.346561
1.0534e-09	0.347182
1.05347e-09	0.347801
1.05354e-09	0.348421
1.05361e-09	0.34904
1.05368e-09	0.349659
1.05375e-09	0.350277
1.05382e-09	0.350895
1.0539e-09	0.351513
1.05397e-09	0.35213
1.05404e-09	0.352747
1.05411e-09	0.353364
1.05418e-09	0.35398
1.05425e-09	0.354596
1.05432e-09	0.355211
1.05439e-09	0.355826
1.05446e-09	0.356441
1.05453e-09	0.357055
1.0546e-09	0.357669
1.05467e-09	0.358283
1.05474e-09	0.358896
1.05481e-09	0.359509
1.05489e-09	0.360121
1.05496e-09	0.360733
1.05503e-09	0.361345
1.0551e-09	0.361956
1.05517e-09	0.362567
1.05524e-09	0.363177
1.05531e-09	0.363787
1.05538e-09	0.364397
1.05545e-09	0.365006
1.05552e-09	0.365615
1.05559e-09	0.366223
1.05566e-09	0.366831
1.05573e-09	0.367439
1.0558e-09	0.368046
1.05588e-09	0.368653
1.05595e-09	0.369259
1.05602e-09	0.369865
1.05609e-09	0.370471
1.05616e-09	0.371076
1.05623e-09	0.371681
1.0563e-09	0.372285
1.05637e-09	0.372889
1.05644e-09	0.373492
1.05651e-09	0.374096
1.05658e-09	0.374698
1.05665e-09	0.3753
1.05672e-09	0.375902
1.05679e-09	0.376504
1.05687e-09	0.377105
1.05694e-09	0.377705
1.05701e-09	0.378305
1.05708e-09	0.378905
1.05715e-09	0.379504
1.05722e-09	0.380103
1.05729e-09	0.380701
1.05736e-09	0.381299
1.05743e-09	0.381897
1.0575e-09	0.382494
1.05757e-09	0.383091
1.05764e-09	0.383687
1.05771e-09	0.384283
1.05779e-09	0.384878
1.05786e-09	0.385473
1.05793e-09	0.386067
1.058e-09	0.386661
1.05807e-09	0.387255
1.05814e-09	0.387848
1.05821e-09	0.38844
1.05828e-09	0.389032
1.05835e-09	0.389624
1.05842e-09	0.390215
1.05849e-09	0.390806
1.05856e-09	0.391396
1.05863e-09	0.391986
1.0587e-09	0.392576
1.05878e-09	0.393165
1.05885e-09	0.393753
1.05892e-09	0.394341
1.05899e-09	0.394929
1.05906e-09	0.395516
1.05913e-09	0.396102
1.0592e-09	0.396689
1.05927e-09	0.397274
1.05934e-09	0.39786
1.05941e-09	0.398444
1.05948e-09	0.399028
1.05955e-09	0.399612
1.05962e-09	0.400196
1.05969e-09	0.400778
1.05977e-09	0.401361
1.05984e-09	0.401943
1.05991e-09	0.402524
1.05998e-09	0.403105
1.06005e-09	0.403685
1.06012e-09	0.404265
1.06019e-09	0.404844
1.06026e-09	0.405423
1.06033e-09	0.406002
1.0604e-09	0.40658
1.06047e-09	0.407157
1.06054e-09	0.407734
1.06061e-09	0.408311
1.06069e-09	0.408886
1.06076e-09	0.409462
1.06083e-09	0.410037
1.0609e-09	0.410611
1.06097e-09	0.411185
1.06104e-09	0.411759
1.06111e-09	0.412331
1.06118e-09	0.412904
1.06125e-09	0.413476
1.06132e-09	0.414047
1.06139e-09	0.414618
1.06146e-09	0.415188
1.06153e-09	0.415758
1.0616e-09	0.416328
1.06168e-09	0.416896
1.06175e-09	0.417465
1.06182e-09	0.418032
1.06189e-09	0.4186
1.06196e-09	0.419166
1.06203e-09	0.419733
1.0621e-09	0.420298
1.06217e-09	0.420863
1.06224e-09	0.421428
1.06231e-09	0.421992
1.06238e-09	0.422556
1.06245e-09	0.423119
1.06252e-09	0.423681
1.06259e-09	0.424243
1.06267e-09	0.424804
1.06274e-09	0.425365
1.06281e-09	0.425926
1.06288e-09	0.426485
1.06295e-09	0.427045
1.06302e-09	0.427603
1.06309e-09	0.428161
1.06316e-09	0.428719
1.06323e-09	0.429276
1.0633e-09	0.429833
1.06337e-09	0.430389
1.06344e-09	0.430944
1.06351e-09	0.431499
1.06358e-09	0.432053
1.06366e-09	0.432607
1.06373e-09	0.43316
1.0638e-09	0.433713
1.06387e-09	0.434265
1.06394e-09	0.434816
1.06401e-09	0.435367
1.06408e-09	0.435918
1.06415e-09	0.436467
1.06422e-09	0.437017
1.06429e-09	0.437565
1.06436e-09	0.438113
1.06443e-09	0.438661
1.0645e-09	0.439208
1.06458e-09	0.439754
1.06465e-09	0.4403
1.06472e-09	0.440845
1.06479e-09	0.44139
1.06486e-09	0.441934
1.06493e-09	0.442478
1.065e-09	0.443021
1.06507e-09	0.443563
1.06514e-09	0.444105
1.06521e-09	0.444646
1.06528e-09	0.445186
1.06535e-09	0.445726
1.06542e-09	0.446266
1.06549e-09	0.446805
1.06557e-09	0.447343
1.06564e-09	0.44788
1.06571e-09	0.448418
1.06578e-09	0.448954
1.06585e-09	0.44949
1.06592e-09	0.450025
1.06599e-09	0.45056
1.06606e-09	0.451094
1.06613e-09	0.451627
1.0662e-09	0.45216
1.06627e-09	0.452692
1.06634e-09	0.453224
1.06641e-09	0.453755
1.06648e-09	0.454285
1.06656e-09	0.454815
1.06663e-09	0.455344
1.0667e-09	0.455873
1.06677e-09	0.456401
1.06684e-09	0.456928
1.06691e-09	0.457455
1.06698e-09	0.457981
1.06705e-09	0.458507
1.06712e-09	0.459031
1.06719e-09	0.459556
1.06726e-09	0.460079
1.06733e-09	0.460602
1.0674e-09	0.461125
1.06748e-09	0.461646
1.06755e-09	0.462168
1.06762e-09	0.462688
1.06769e-09	0.463208
1.06776e-09	0.463727
1.06783e-09	0.464246
1.0679e-09	0.464764
1.06797e-09	0.465281
1.06804e-09	0.465798
1.06811e-09	0.466314
1.06818e-09	0.466829
1.06825e-09	0.467344
1.06832e-09	0.467858
1.06839e-09	0.468372
1.06847e-09	0.468885
1.06854e-09	0.469397
1.06861e-09	0.469908
1.06868e-09	0.470419
1.06875e-09	0.470929
1.06882e-09	0.471439
1.06889e-09	0.471948
1.06896e-09	0.472456
1.06903e-09	0.472964
1.0691e-09	0.473471
1.06917e-09	0.473977
1.06924e-09	0.474483
1.06931e-09	0.474988
1.06938e-09	0.475492
1.06946e-09	0.475996
1.06953e-09	0.476499
1.0696e-09	0.477001
1.06967e-09	0.477503
1.06974e-09	0.478004
1.06981e-09	0.478504
1.06988e-09	0.479004
1.06995e-09	0.479503
1.07002e-09	0.480001
1.07009e-09	0.480499
1.07016e-09	0.480996
1.07023e-09	0.481492
1.0703e-09	0.481988
1.07037e-09	0.482483
1.07045e-09	0.482977
1.07052e-09	0.48347
1.07059e-09	0.483963
1.07066e-09	0.484456
1.07073e-09	0.484947
1.0708e-09	0.485438
1.07087e-09	0.485928
1.07094e-09	0.486418
1.07101e-09	0.486906
1.07108e-09	0.487394
1.07115e-09	0.487882
1.07122e-09	0.488368
1.07129e-09	0.488854
1.07137e-09	0.48934
1.07144e-09	0.489824
1.07151e-09	0.490308
1.07158e-09	0.490791
1.07165e-09	0.491274
1.07172e-09	0.491756
1.07179e-09	0.492237
1.07186e-09	0.492717
1.07193e-09	0.493197
1.072e-09	0.493676
1.07207e-09	0.494154
1.07214e-09	0.494632
1.07221e-09	0.495108
1.07228e-09	0.495584
1.07236e-09	0.49606
1.07243e-09	0.496535
1.0725e-09	0.497009
1.07257e-09	0.497482
1.07264e-09	0.497954
1.07271e-09	0.498426
1.07278e-09	0.498897
1.07285e-09	0.499368
1.07292e-09	0.499837
1.07299e-09	0.500306
1.07306e-09	0.500774
1.07313e-09	0.501242
1.0732e-09	0.501708
1.07327e-09	0.502174
1.07335e-09	0.50264
1.07342e-09	0.503104
1.07349e-09	0.503568
1.07356e-09	0.504031
1.07363e-09	0.504493
1.0737e-09	0.504955
1.07377e-09	0.505416
1.07384e-09	0.505876
1.07391e-09	0.506335
1.07398e-09	0.506794
1.07405e-09	0.507252
1.07412e-09	0.507709
1.07419e-09	0.508165
1.07426e-09	0.508621
1.07434e-09	0.509076
1.07441e-09	0.50953
1.07448e-09	0.509983
1.07455e-09	0.510436
1.07462e-09	0.510888
1.07469e-09	0.511339
1.07476e-09	0.511789
1.07483e-09	0.512239
1.0749e-09	0.512688
1.07497e-09	0.513136
1.07504e-09	0.513583
1.07511e-09	0.51403
1.07518e-09	0.514476
1.07526e-09	0.514921
1.07533e-09	0.515365
1.0754e-09	0.515808
1.07547e-09	0.516251
1.07554e-09	0.516693
1.07561e-09	0.517134
1.07568e-09	0.517575
1.07575e-09	0.518014
1.07582e-09	0.518453
1.07589e-09	0.518891
1.07596e-09	0.519329
1.07603e-09	0.519765
1.0761e-09	0.520201
1.07617e-09	0.520636
1.07625e-09	0.52107
1.07632e-09	0.521504
1.07639e-09	0.521936
1.07646e-09	0.522368
1.07653e-09	0.522799
1.0766e-09	0.523229
1.07667e-09	0.523659
1.07674e-09	0.524087
1.07681e-09	0.524515
1.07688e-09	0.524943
1.07695e-09	0.525369
1.07702e-09	0.525794
1.07709e-09	0.526219
1.07716e-09	0.526643
1.07724e-09	0.527066
1.07731e-09	0.527488
1.07738e-09	0.52791
1.07745e-09	0.528331
1.07752e-09	0.528751
1.07759e-09	0.52917
1.07766e-09	0.529588
1.07773e-09	0.530006
1.0778e-09	0.530422
1.07787e-09	0.530838
1.07794e-09	0.531253
1.07801e-09	0.531668
1.07808e-09	0.532081
1.07816e-09	0.532494
1.07823e-09	0.532906
1.0783e-09	0.533317
1.07837e-09	0.533727
1.07844e-09	0.534136
1.07851e-09	0.534545
1.07858e-09	0.534953
1.07865e-09	0.53536
1.07872e-09	0.535766
1.07879e-09	0.536171
1.07886e-09	0.536575
1.07893e-09	0.536979
1.079e-09	0.537382
1.07907e-09	0.537784
1.07915e-09	0.538185
1.07922e-09	0.538585
1.07929e-09	0.538985
1.07936e-09	0.539383
1.07943e-09	0.539781
1.0795e-09	0.540178
1.07957e-09	0.540574
1.07964e-09	0.54097
1.07971e-09	0.541364
1.07978e-09	0.541758
1.07985e-09	0.54215
1.07992e-09	0.542542
1.07999e-09	0.542934
1.08006e-09	0.543324
1.08014e-09	0.543713
1.08021e-09	0.544102
1.08028e-09	0.54449
1.08035e-09	0.544876
1.08042e-09	0.545262
1.08049e-09	0.545648
1.08056e-09	0.546032
1.08063e-09	0.546415
1.0807e-09	0.546798
1.08077e-09	0.54718
1.08084e-09	0.547561
1.08091e-09	0.547941
1.08098e-09	0.54832
1.08105e-09	0.548698
1.08113e-09	0.549076
1.0812e-09	0.549452
1.08127e-09	0.549828
1.08134e-09	0.550203
1.08141e-09	0.550577
1.08148e-09	0.55095
1.08155e-09	0.551323
1.08162e-09	0.551694
1.08169e-09	0.552064
1.08176e-09	0.552434
1.08183e-09	0.552803
1.0819e-09	0.553171
1.08197e-09	0.553538
1.08205e-09	0.553904
1.08212e-09	0.554269
1.08219e-09	0.554634
1.08226e-09	0.554997
1.08233e-09	0.55536
1.0824e-09	0.555722
1.08247e-09	0.556083
1.08254e-09	0.556443
1.08261e-09	0.556802
1.08268e-09	0.55716
1.08275e-09	0.557518
1.08282e-09	0.557874
1.08289e-09	0.55823
1.08296e-09	0.558584
1.08304e-09	0.558938
1.08311e-09	0.559291
1.08318e-09	0.559643
1.08325e-09	0.559994
1.08332e-09	0.560345
1.08339e-09	0.560694
1.08346e-09	0.561042
1.08353e-09	0.56139
1.0836e-09	0.561737
1.08367e-09	0.562082
1.08374e-09	0.562427
1.08381e-09	0.562771
1.08388e-09	0.563114
1.08395e-09	0.563456
1.08403e-09	0.563798
1.0841e-09	0.564138
1.08417e-09	0.564477
1.08424e-09	0.564816
1.08431e-09	0.565154
1.08438e-09	0.56549
1.08445e-09	0.565826
1.08452e-09	0.566161
1.08459e-09	0.566495
1.08466e-09	0.566828
1.08473e-09	0.56716
1.0848e-09	0.567491
1.08487e-09	0.567822
1.08495e-09	0.568151
1.08502e-09	0.56848
1.08509e-09	0.568807
1.08516e-09	0.569134
1.08523e-09	0.569459
1.0853e-09	0.569784
1.08537e-09	0.570108
1.08544e-09	0.570431
1.08551e-09	0.570753
1.08558e-09	0.571074
1.08565e-09	0.571394
1.08572e-09	0.571714
1.08579e-09	0.572032
1.08586e-09	0.572349
1.08594e-09	0.572666
1.08601e-09	0.572981
1.08608e-09	0.573296
1.08615e-09	0.573609
1.08622e-09	0.573922
1.08629e-09	0.574234
1.08636e-09	0.574544
1.08643e-09	0.574854
1.0865e-09	0.575163
1.08657e-09	0.575471
1.08664e-09	0.575778
1.08671e-09	0.576084
1.08678e-09	0.57639
1.08685e-09	0.576694
1.08693e-09	0.576997
1.087e-09	0.577299
1.08707e-09	0.577601
1.08714e-09	0.577901
1.08721e-09	0.578201
1.08728e-09	0.578499
1.08735e-09	0.578797
1.08742e-09	0.579093
1.08749e-09	0.579389
1.08756e-09	0.579684
1.08763e-09	0.579977
1.0877e-09	0.58027
1.08777e-09	0.580562
1.08784e-09	0.580853
1.08792e-09	0.581143
1.08799e-09	0.581432
1.08806e-09	0.58172
1.08813e-09	0.582007
1.0882e-09	0.582293
1.08827e-09	0.582578
1.08834e-09	0.582862
1.08841e-09	0.583145
1.08848e-09	0.583427
1.08855e-09	0.583709
1.08862e-09	0.583989
1.08869e-09	0.584268
1.08876e-09	0.584547
1.08884e-09	0.584824
1.08891e-09	0.5851
1.08898e-09	0.585376
1.08905e-09	0.58565
1.08912e-09	0.585923
1.08919e-09	0.586196
1.08926e-09	0.586467
1.08933e-09	0.586738
1.0894e-09	0.587007
1.08947e-09	0.587276
1.08954e-09	0.587544
1.08961e-09	0.58781
1.08968e-09	0.588076
1.08975e-09	0.58834
1.08983e-09	0.588604
1.0899e-09	0.588867
1.08997e-09	0.589128
1.09004e-09	0.589389
1.09011e-09	0.589649
1.09018e-09	0.589907
1.09025e-09	0.590165
1.09032e-09	0.590422
1.09039e-09	0.590677
1.09046e-09	0.590932
1.09053e-09	0.591186
1.0906e-09	0.591438
1.09067e-09	0.59169
1.09074e-09	0.591941
1.09082e-09	0.592191
1.09089e-09	0.592439
1.09096e-09	0.592687
1.09103e-09	0.592934
1.0911e-09	0.59318
1.09117e-09	0.593424
1.09124e-09	0.593668
1.09131e-09	0.593911
1.09138e-09	0.594152
1.09145e-09	0.594393
1.09152e-09	0.594633
1.09159e-09	0.594871
1.09166e-09	0.595109
1.09173e-09	0.595346
1.09181e-09	0.595581
1.09188e-09	0.595816
1.09195e-09	0.59605
1.09202e-09	0.596282
1.09209e-09	0.596514
1.09216e-09	0.596744
1.09223e-09	0.596974
1.0923e-09	0.597203
1.09237e-09	0.59743
1.09244e-09	0.597657
1.09251e-09	0.597882
1.09258e-09	0.598107
1.09265e-09	0.59833
1.09273e-09	0.598552
1.0928e-09	0.598774
1.09287e-09	0.598994
1.09294e-09	0.599214
1.09301e-09	0.599432
1.09308e-09	0.599649
1.09315e-09	0.599865
1.09322e-09	0.600081
1.09329e-09	0.600295
1.09336e-09	0.600508
1.09343e-09	0.60072
1.0935e-09	0.600931
1.09357e-09	0.601142
1.09364e-09	0.601351
1.09372e-09	0.601559
1.09379e-09	0.601766
1.09386e-09	0.601972
1.09393e-09	0.602176
1.094e-09	0.60238
1.09407e-09	0.602583
1.09414e-09	0.602785
1.09421e-09	0.602986
1.09428e-09	0.603185
1.09435e-09	0.603384
1.09442e-09	0.603582
1.09449e-09	0.603778
1.09456e-09	0.603974
1.09463e-09	0.604168
1.09471e-09	0.604362
1.09478e-09	0.604554
1.09485e-09	0.604746
1.09492e-09	0.604936
1.09499e-09	0.605125
1.09506e-09	0.605313
1.09513e-09	0.605501
1.0952e-09	0.605687
1.09527e-09	0.605872
1.09534e-09	0.606056
1.09541e-09	0.606239
1.09548e-09	0.606421
1.09555e-09	0.606602
1.09563e-09	0.606781
1.0957e-09	0.60696
1.09577e-09	0.607138
1.09584e-09	0.607314
1.09591e-09	0.60749
1.09598e-09	0.607664
1.09605e-09	0.607838
1.09612e-09	0.60801
1.09619e-09	0.608182
1.09626e-09	0.608352
1.09633e-09	0.608521
1.0964e-09	0.608689
1.09647e-09	0.608856
1.09654e-09	0.609022
1.09662e-09	0.609187
1.09669e-09	0.609351
1.09676e-09	0.609514
1.09683e-09	0.609676
1.0969e-09	0.609836
1.09697e-09	0.609996
1.09704e-09	0.610154
1.09711e-09	0.610312
1.09718e-09	0.610468
1.09725e-09	0.610623
1.09732e-09	0.610778
1.09739e-09	0.610931
1.09746e-09	0.611083
1.09753e-09	0.611234
1.09761e-09	0.611384
1.09768e-09	0.611533
1.09775e-09	0.61168
1.09782e-09	0.611827
1.09789e-09	0.611973
1.09796e-09	0.612117
1.09803e-09	0.612261
1.0981e-09	0.612403
1.09817e-09	0.612544
1.09824e-09	0.612684
1.09831e-09	0.612823
1.09838e-09	0.612962
1.09845e-09	0.613098
1.09852e-09	0.613234
1.0986e-09	0.613369
1.09867e-09	0.613503
1.09874e-09	0.613635
1.09881e-09	0.613767
1.09888e-09	0.613897
1.09895e-09	0.614027
1.09902e-09	0.614155
1.09909e-09	0.614282
1.09916e-09	0.614408
1.09923e-09	0.614533
1.0993e-09	0.614657
1.09937e-09	0.614779
1.09944e-09	0.614901
1.09952e-09	0.615022
1.09959e-09	0.615141
1.09966e-09	0.61526
1.09973e-09	0.615377
1.0998e-09	0.615493
1.09987e-09	0.615608
1.09994e-09	0.615722
1.10001e-09	0.615835
1.10008e-09	0.615947
1.10015e-09	0.616057
1.10022e-09	0.616167
1.10029e-09	0.616275
1.10036e-09	0.616383
1.10043e-09	0.616489
1.10051e-09	0.616594
1.10058e-09	0.616698
1.10065e-09	0.616801
1.10072e-09	0.616903
1.10079e-09	0.617004
1.10086e-09	0.617103
1.10093e-09	0.617202
1.101e-09	0.617299
1.10107e-09	0.617395
1.10114e-09	0.617491
1.10121e-09	0.617585
1.10128e-09	0.617678
1.10135e-09	0.617769
1.10142e-09	0.61786
1.1015e-09	0.61795
1.10157e-09	0.618038
1.10164e-09	0.618126
1.10171e-09	0.618212
1.10178e-09	0.618297
1.10185e-09	0.618381
1.10192e-09	0.618464
1.10199e-09	0.618546
1.10206e-09	0.618626
1.10213e-09	0.618706
1.1022e-09	0.618784
1.10227e-09	0.618862
1.10234e-09	0.618938
1.10242e-09	0.619013
1.10249e-09	0.619087
1.10256e-09	0.61916
1.10263e-09	0.619231
1.1027e-09	0.619302
1.10277e-09	0.619371
1.10284e-09	0.61944
1.10291e-09	0.619507
1.10298e-09	0.619573
1.10305e-09	0.619638
1.10312e-09	0.619702
1.10319e-09	0.619764
1.10326e-09	0.619826
1.10333e-09	0.619886
1.10341e-09	0.619946
1.10348e-09	0.620004
1.10355e-09	0.620061
1.10362e-09	0.620117
1.10369e-09	0.620172
1.10376e-09	0.620225
1.10383e-09	0.620278
1.1039e-09	0.620329
1.10397e-09	0.620379
1.10404e-09	0.620428
1.10411e-09	0.620476
1.10418e-09	0.620523
1.10425e-09	0.620569
1.10432e-09	0.620613
1.1044e-09	0.620657
1.10447e-09	0.620699
1.10454e-09	0.62074
1.10461e-09	0.62078
1.10468e-09	0.620819
1.10475e-09	0.620857
1.10482e-09	0.620893
1.10489e-09	0.620929
1.10496e-09	0.620963
1.10503e-09	0.620996
1.1051e-09	0.621028
1.10517e-09	0.621059
1.10524e-09	0.621089
1.10531e-09	0.621117
1.10539e-09	0.621145
1.10546e-09	0.621171
1.10553e-09	0.621196
1.1056e-09	0.62122
1.10567e-09	0.621243
1.10574e-09	0.621265
1.10581e-09	0.621285
1.10588e-09	0.621304
1.10595e-09	0.621323
1.10602e-09	0.62134
1.10609e-09	0.621356
1.10616e-09	0.62137
1.10623e-09	0.621384
1.10631e-09	0.621397
1.10638e-09	0.621408
1.10645e-09	0.621418
1.10652e-09	0.621427
1.10659e-09	0.621435
1.10666e-09	0.621442
1.10673e-09	0.621447
1.1068e-09	0.621452
1.10687e-09	0.621455
1.10694e-09	0.621457
1.10701e-09	0.621458
1.10708e-09	0.621458
1.10715e-09	0.621456
1.10722e-09	0.621454
1.1073e-09	0.62145
1.10737e-09	0.621445
1.10744e-09	0.621439
1.10751e-09	0.621432
1.10758e-09	0.621424
1.10765e-09	0.621414
1.10772e-09	0.621404
1.10779e-09	0.621392
1.10786e-09	0.621379
1.10793e-09	0.621365
1.108e-09	0.621349
1.10807e-09	0.621333
1.10814e-09	0.621315
1.10821e-09	0.621296
1.10829e-09	0.621276
1.10836e-09	0.621255
1.10843e-09	0.621233
1.1085e-09	0.62121
1.10857e-09	0.621185
1.10864e-09	0.621159
1.10871e-09	0.621132
1.10878e-09	0.621104
1.10885e-09	0.621075
1.10892e-09	0.621044
1.10899e-09	0.621013
1.10906e-09	0.62098
1.10913e-09	0.620946
1.10921e-09	0.620911
1.10928e-09	0.620874
1.10935e-09	0.620837
1.10942e-09	0.620798
1.10949e-09	0.620759
1.10956e-09	0.620718
1.10963e-09	0.620675
1.1097e-09	0.620632
1.10977e-09	0.620588
1.10984e-09	0.620542
1.10991e-09	0.620495
1.10998e-09	0.620447
1.11005e-09	0.620398
1.11012e-09	0.620347
1.1102e-09	0.620296
1.11027e-09	0.620243
1.11034e-09	0.620189
1.11041e-09	0.620134
1.11048e-09	0.620078
1.11055e-09	0.62002
1.11062e-09	0.619962
1.11069e-09	0.619902
1.11076e-09	0.619841
1.11083e-09	0.619779
1.1109e-09	0.619716
1.11097e-09	0.619651
1.11104e-09	0.619585
1.11111e-09	0.619519
1.11119e-09	0.619451
1.11126e-09	0.619381
1.11133e-09	0.619311
1.1114e-09	0.619239
1.11147e-09	0.619166
1.11154e-09	0.619093
1.11161e-09	0.619017
1.11168e-09	0.618941
1.11175e-09	0.618864
1.11182e-09	0.618785
1.11189e-09	0.618705
1.11196e-09	0.618624
1.11203e-09	0.618542
1.1121e-09	0.618458
1.11218e-09	0.618374
1.11225e-09	0.618288
1.11232e-09	0.618201
1.11239e-09	0.618113
1.11246e-09	0.618024
1.11253e-09	0.617933
1.1126e-09	0.617841
1.11267e-09	0.617748
1.11274e-09	0.617654
1.11281e-09	0.617559
1.11288e-09	0.617463
1.11295e-09	0.617365
1.11302e-09	0.617266
1.1131e-09	0.617166
1.11317e-09	0.617065
1.11324e-09	0.616963
1.11331e-09	0.616859
1.11338e-09	0.616754
1.11345e-09	0.616648
1.11352e-09	0.616541
1.11359e-09	0.616433
1.11366e-09	0.616323
1.11373e-09	0.616213
1.1138e-09	0.616101
1.11387e-09	0.615988
1.11394e-09	0.615873
1.11401e-09	0.615758
1.11409e-09	0.615641
1.11416e-09	0.615523
1.11423e-09	0.615404
1.1143e-09	0.615284
1.11437e-09	0.615163
1.11444e-09	0.61504
1.11451e-09	0.614916
1.11458e-09	0.614791
1.11465e-09	0.614665
1.11472e-09	0.614537
1.11479e-09	0.614409
1.11486e-09	0.614279
1.11493e-09	0.614148
1.115e-09	0.614016
1.11508e-09	0.613883
1.11515e-09	0.613748
1.11522e-09	0.613612
1.11529e-09	0.613475
1.11536e-09	0.613337
1.11543e-09	0.613198
1.1155e-09	0.613057
1.11557e-09	0.612915
1.11564e-09	0.612773
1.11571e-09	0.612628
1.11578e-09	0.612483
1.11585e-09	0.612337
1.11592e-09	0.612189
1.11599e-09	0.61204
1.11607e-09	0.61189
1.11614e-09	0.611739
1.11621e-09	0.611586
1.11628e-09	0.611432
1.11635e-09	0.611277
1.11642e-09	0.611121
1.11649e-09	0.610964
1.11656e-09	0.610805
1.11663e-09	0.610646
1.1167e-09	0.610485
1.11677e-09	0.610323
1.11684e-09	0.610159
1.11691e-09	0.609995
1.11699e-09	0.609829
1.11706e-09	0.609662
1.11713e-09	0.609494
1.1172e-09	0.609325
1.11727e-09	0.609155
1.11734e-09	0.608983
1.11741e-09	0.60881
1.11748e-09	0.608636
1.11755e-09	0.608461
1.11762e-09	0.608284
1.11769e-09	0.608106
1.11776e-09	0.607928
1.11783e-09	0.607747
1.1179e-09	0.607566
1.11798e-09	0.607384
1.11805e-09	0.6072
1.11812e-09	0.607015
1.11819e-09	0.606829
1.11826e-09	0.606642
1.11833e-09	0.606453
1.1184e-09	0.606263
1.11847e-09	0.606073
1.11854e-09	0.60588
1.11861e-09	0.605687
1.11868e-09	0.605493
1.11875e-09	0.605297
1.11882e-09	0.6051
1.11889e-09	0.604902
1.11897e-09	0.604703
1.11904e-09	0.604502
1.11911e-09	0.6043
1.11918e-09	0.604097
1.11925e-09	0.603893
1.11932e-09	0.603688
1.11939e-09	0.603482
1.11946e-09	0.603274
1.11953e-09	0.603065
1.1196e-09	0.602855
1.11967e-09	0.602643
1.11974e-09	0.602431
1.11981e-09	0.602217
1.11989e-09	0.602002
1.11996e-09	0.601786
1.12003e-09	0.601569
1.1201e-09	0.60135
1.12017e-09	0.60113
1.12024e-09	0.600909
1.12031e-09	0.600687
1.12038e-09	0.600464
1.12045e-09	0.600239
1.12052e-09	0.600014
1.12059e-09	0.599787
1.12066e-09	0.599558
1.12073e-09	0.599329
1.1208e-09	0.599099
1.12088e-09	0.598867
1.12095e-09	0.598634
1.12102e-09	0.5984
1.12109e-09	0.598164
1.12116e-09	0.597928
1.12123e-09	0.59769
1.1213e-09	0.597451
1.12137e-09	0.597211
1.12144e-09	0.596969
1.12151e-09	0.596727
1.12158e-09	0.596483
1.12165e-09	0.596238
1.12172e-09	0.595992
1.12179e-09	0.595744
1.12187e-09	0.595496
1.12194e-09	0.595246
1.12201e-09	0.594995
1.12208e-09	0.594742
1.12215e-09	0.594489
1.12222e-09	0.594234
1.12229e-09	0.593979
1.12236e-09	0.593721
1.12243e-09	0.593463
1.1225e-09	0.593204
1.12257e-09	0.592943
1.12264e-09	0.592681
1.12271e-09	0.592418
1.12278e-09	0.592154
1.12286e-09	0.591889
1.12293e-09	0.591622
1.123e-09	0.591354
1.12307e-09	0.591085
1.12314e-09	0.590815
1.12321e-09	0.590543
1.12328e-09	0.590271
1.12335e-09	0.589997
1.12342e-09	0.589722
1.12349e-09	0.589445
1.12356e-09	0.589168
1.12363e-09	0.588889
1.1237e-09	0.588609
1.12378e-09	0.588328
1.12385e-09	0.588046
1.12392e-09	0.587762
1.12399e-09	0.587478
1.12406e-09	0.587192
1.12413e-09	0.586905
1.1242e-09	0.586617
1.12427e-09	0.586327
1.12434e-09	0.586036
1.12441e-09	0.585745
1.12448e-09	0.585451
1.12455e-09	0.585157
1.12462e-09	0.584862
1.12469e-09	0.584565
1.12477e-09	0.584267
1.12484e-09	0.583968
1.12491e-09	0.583668
1.12498e-09	0.583366
1.12505e-09	0.583064
1.12512e-09	0.58276
1.12519e-09	0.582455
1.12526e-09	0.582148
1.12533e-09	0.581841
1.1254e-09	0.581532
1.12547e-09	0.581222
1.12554e-09	0.580911
1.12561e-09	0.580599
1.12568e-09	0.580286
1.12576e-09	0.579971
1.12583e-09	0.579655
1.1259e-09	0.579338
1.12597e-09	0.57902
1.12604e-09	0.5787
1.12611e-09	0.57838
1.12618e-09	0.578058
1.12625e-09	0.577735
1.12632e-09	0.577411
1.12639e-09	0.577085
1.12646e-09	0.576759
1.12653e-09	0.576431
1.1266e-09	0.576102
1.12668e-09	0.575771
1.12675e-09	0.57544
1.12682e-09	0.575107
1.12689e-09	0.574774
1.12696e-09	0.574439
1.12703e-09	0.574102
1.1271e-09	0.573765
1.12717e-09	0.573427
1.12724e-09	0.573087
1.12731e-09	0.572746
1.12738e-09	0.572404
1.12745e-09	0.57206
1.12752e-09	0.571716
1.12759e-09	0.57137
1.12767e-09	0.571023
1.12774e-09	0.570675
1.12781e-09	0.570326
1.12788e-09	0.569975
1.12795e-09	0.569624
1.12802e-09	0.569271
1.12809e-09	0.568917
1.12816e-09	0.568561
1.12823e-09	0.568205
1.1283e-09	0.567847
1.12837e-09	0.567488
1.12844e-09	0.567128
1.12851e-09	0.566767
1.12858e-09	0.566405
1.12866e-09	0.566041
1.12873e-09	0.565676
1.1288e-09	0.565311
1.12887e-09	0.564943
1.12894e-09	0.564575
1.12901e-09	0.564206
1.12908e-09	0.563835
1.12915e-09	0.563463
1.12922e-09	0.56309
1.12929e-09	0.562716
1.12936e-09	0.56234
1.12943e-09	0.561963
1.1295e-09	0.561586
1.12957e-09	0.561207
1.12965e-09	0.560826
1.12972e-09	0.560445
1.12979e-09	0.560063
1.12986e-09	0.559679
1.12993e-09	0.559294
1.13e-09	0.558908
1.13007e-09	0.55852
1.13014e-09	0.558132
1.13021e-09	0.557742
1.13028e-09	0.557351
1.13035e-09	0.556959
1.13042e-09	0.556566
1.13049e-09	0.556172
1.13057e-09	0.555776
1.13064e-09	0.55538
1.13071e-09	0.554982
1.13078e-09	0.554582
1.13085e-09	0.554182
1.13092e-09	0.553781
1.13099e-09	0.553378
1.13106e-09	0.552974
1.13113e-09	0.552569
1.1312e-09	0.552163
1.13127e-09	0.551756
1.13134e-09	0.551347
1.13141e-09	0.550938
1.13148e-09	0.550527
1.13156e-09	0.550115
1.13163e-09	0.549701
1.1317e-09	0.549287
1.13177e-09	0.548871
1.13184e-09	0.548455
1.13191e-09	0.548037
1.13198e-09	0.547618
1.13205e-09	0.547197
1.13212e-09	0.546776
1.13219e-09	0.546353
1.13226e-09	0.545929
1.13233e-09	0.545505
1.1324e-09	0.545078
1.13247e-09	0.544651
1.13255e-09	0.544223
1.13262e-09	0.543793
1.13269e-09	0.543362
1.13276e-09	0.54293
1.13283e-09	0.542497
1.1329e-09	0.542063
1.13297e-09	0.541627
1.13304e-09	0.541191
1.13311e-09	0.540753
1.13318e-09	0.540314
1.13325e-09	0.539874
1.13332e-09	0.539432
1.13339e-09	0.53899
1.13347e-09	0.538546
1.13354e-09	0.538101
1.13361e-09	0.537655
1.13368e-09	0.537208
1.13375e-09	0.53676
1.13382e-09	0.53631
1.13389e-09	0.53586
1.13396e-09	0.535408
1.13403e-09	0.534955
1.1341e-09	0.534501
1.13417e-09	0.534046
1.13424e-09	0.533589
1.13431e-09	0.533132
1.13438e-09	0.532673
1.13446e-09	0.532213
1.13453e-09	0.531752
1.1346e-09	0.53129
1.13467e-09	0.530826
1.13474e-09	0.530362
1.13481e-09	0.529896
1.13488e-09	0.529429
1.13495e-09	0.528961
1.13502e-09	0.528492
1.13509e-09	0.528022
1.13516e-09	0.52755
1.13523e-09	0.527078
1.1353e-09	0.526604
1.13537e-09	0.526129
1.13545e-09	0.525653
1.13552e-09	0.525176
1.13559e-09	0.524697
1.13566e-09	0.524218
1.13573e-09	0.523737
1.1358e-09	0.523255
1.13587e-09	0.522772
1.13594e-09	0.522288
1.13601e-09	0.521803
1.13608e-09	0.521317
1.13615e-09	0.520829
1.13622e-09	0.520341
1.13629e-09	0.519851
1.13636e-09	0.51936
1.13644e-09	0.518867
1.13651e-09	0.518374
1.13658e-09	0.51788
1.13665e-09	0.517384
1.13672e-09	0.516888
1.13679e-09	0.51639
1.13686e-09	0.515891
1.13693e-09	0.515391
1.137e-09	0.514889
1.13707e-09	0.514387
1.13714e-09	0.513883
1.13721e-09	0.513379
1.13728e-09	0.512873
1.13736e-09	0.512366
1.13743e-09	0.511858
1.1375e-09	0.511349
1.13757e-09	0.510838
1.13764e-09	0.510327
1.13771e-09	0.509814
1.13778e-09	0.5093
1.13785e-09	0.508785
1.13792e-09	0.508269
1.13799e-09	0.507752
1.13806e-09	0.507234
1.13813e-09	0.506715
1.1382e-09	0.506194
1.13827e-09	0.505672
1.13835e-09	0.505149
1.13842e-09	0.504626
1.13849e-09	0.504101
1.13856e-09	0.503574
1.13863e-09	0.503047
1.1387e-09	0.502519
1.13877e-09	0.501989
1.13884e-09	0.501458
1.13891e-09	0.500926
1.13898e-09	0.500394
1.13905e-09	0.499859
1.13912e-09	0.499324
1.13919e-09	0.498788
1.13926e-09	0.498251
1.13934e-09	0.497712
1.13941e-09	0.497172
1.13948e-09	0.496632
1.13955e-09	0.49609
1.13962e-09	0.495547
1.13969e-09	0.495003
1.13976e-09	0.494457
1.13983e-09	0.493911
1.1399e-09	0.493363
1.13997e-09	0.492815
1.14004e-09	0.492265
1.14011e-09	0.491714
1.14018e-09	0.491162
1.14025e-09	0.490609
1.14033e-09	0.490055
1.1404e-09	0.4895
1.14047e-09	0.488944
1.14054e-09	0.488386
1.14061e-09	0.487828
1.14068e-09	0.487268
1.14075e-09	0.486707
1.14082e-09	0.486145
1.14089e-09	0.485582
1.14096e-09	0.485018
1.14103e-09	0.484453
1.1411e-09	0.483887
1.14117e-09	0.483319
1.14125e-09	0.482751
1.14132e-09	0.482181
1.14139e-09	0.48161
1.14146e-09	0.481038
1.14153e-09	0.480466
1.1416e-09	0.479892
1.14167e-09	0.479316
1.14174e-09	0.47874
1.14181e-09	0.478163
1.14188e-09	0.477584
1.14195e-09	0.477005
1.14202e-09	0.476424
1.14209e-09	0.475843
1.14216e-09	0.47526
1.14224e-09	0.474676
1.14231e-09	0.474091
1.14238e-09	0.473505
1.14245e-09	0.472918
1.14252e-09	0.47233
1.14259e-09	0.47174
1.14266e-09	0.47115
1.14273e-09	0.470559
1.1428e-09	0.469966
1.14287e-09	0.469372
1.14294e-09	0.468778
1.14301e-09	0.468182
1.14308e-09	0.467585
1.14315e-09	0.466987
1.14323e-09	0.466388
1.1433e-09	0.465788
1.14337e-09	0.465187
1.14344e-09	0.464584
1.14351e-09	0.463981
1.14358e-09	0.463376
1.14365e-09	0.462771
1.14372e-09	0.462164
1.14379e-09	0.461557
1.14386e-09	0.460948
1.14393e-09	0.460338
1.144e-09	0.459727
1.14407e-09	0.459115
1.14415e-09	0.458502
1.14422e-09	0.457888
1.14429e-09	0.457273
1.14436e-09	0.456657
1.14443e-09	0.456039
1.1445e-09	0.455421
1.14457e-09	0.454802
1.14464e-09	0.454181
1.14471e-09	0.453559
1.14478e-09	0.452937
1.14485e-09	0.452313
1.14492e-09	0.451688
1.14499e-09	0.451063
1.14506e-09	0.450436
1.14514e-09	0.449808
1.14521e-09	0.449179
1.14528e-09	0.448549
1.14535e-09	0.447918
1.14542e-09	0.447286
1.14549e-09	0.446652
1.14556e-09	0.446018
1.14563e-09	0.445383
1.1457e-09	0.444746
1.14577e-09	0.444109
1.14584e-09	0.443471
1.14591e-09	0.442831
1.14598e-09	0.44219
1.14605e-09	0.441549
1.14613e-09	0.440906
1.1462e-09	0.440262
1.14627e-09	0.439618
1.14634e-09	0.438972
1.14641e-09	0.438325
1.14648e-09	0.437677
1.14655e-09	0.437028
1.14662e-09	0.436378
1.14669e-09	0.435727
1.14676e-09	0.435075
1.14683e-09	0.434422
1.1469e-09	0.433768
1.14697e-09	0.433113
1.14704e-09	0.432457
1.14712e-09	0.4318
1.14719e-09	0.431141
1.14726e-09	0.430482
1.14733e-09	0.429822
1.1474e-09	0.429161
1.14747e-09	0.428498
1.14754e-09	0.427835
1.14761e-09	0.42717
1.14768e-09	0.426505
1.14775e-09	0.425838
1.14782e-09	0.425171
1.14789e-09	0.424502
1.14796e-09	0.423833
1.14804e-09	0.423162
1.14811e-09	0.422491
1.14818e-09	0.421818
1.14825e-09	0.421145
1.14832e-09	0.42047
1.14839e-09	0.419794
1.14846e-09	0.419118
1.14853e-09	0.41844
1.1486e-09	0.417761
1.14867e-09	0.417081
1.14874e-09	0.416401
1.14881e-09	0.415719
1.14888e-09	0.415036
1.14895e-09	0.414352
1.14903e-09	0.413668
1.1491e-09	0.412982
1.14917e-09	0.412295
1.14924e-09	0.411607
1.14931e-09	0.410919
1.14938e-09	0.410229
1.14945e-09	0.409538
1.14952e-09	0.408846
1.14959e-09	0.408153
1.14966e-09	0.40746
1.14973e-09	0.406765
1.1498e-09	0.406069
1.14987e-09	0.405372
1.14994e-09	0.404674
1.15002e-09	0.403976
1.15009e-09	0.403276
1.15016e-09	0.402575
1.15023e-09	0.401873
1.1503e-09	0.401171
1.15037e-09	0.400467
1.15044e-09	0.399762
1.15051e-09	0.399056
1.15058e-09	0.39835
1.15065e-09	0.397642
1.15072e-09	0.396933
1.15079e-09	0.396224
1.15086e-09	0.395513
1.15094e-09	0.394802
1.15101e-09	0.394089
1.15108e-09	0.393375
1.15115e-09	0.392661
1.15122e-09	0.391945
1.15129e-09	0.391229
1.15136e-09	0.390511
1.15143e-09	0.389793
1.1515e-09	0.389074
1.15157e-09	0.388353
1.15164e-09	0.387632
1.15171e-09	0.386909
1.15178e-09	0.386186
1.15185e-09	0.385462
1.15193e-09	0.384737
1.152e-09	0.38401
1.15207e-09	0.383283
1.15214e-09	0.382555
1.15221e-09	0.381826
1.15228e-09	0.381096
1.15235e-09	0.380365
1.15242e-09	0.379633
1.15249e-09	0.3789
1.15256e-09	0.378166
1.15263e-09	0.377431
1.1527e-09	0.376696
1.15277e-09	0.375959
1.15284e-09	0.375221
1.15292e-09	0.374483
1.15299e-09	0.373743
1.15306e-09	0.373002
1.15313e-09	0.372261
1.1532e-09	0.371519
1.15327e-09	0.370775
1.15334e-09	0.370031
1.15341e-09	0.369286
1.15348e-09	0.368539
1.15355e-09	0.367792
1.15362e-09	0.367044
1.15369e-09	0.366295
1.15376e-09	0.365545
1.15383e-09	0.364794
1.15391e-09	0.364042
1.15398e-09	0.36329
1.15405e-09	0.362536
1.15412e-09	0.361781
1.15419e-09	0.361026
1.15426e-09	0.360269
1.15433e-09	0.359512
1.1544e-09	0.358754
1.15447e-09	0.357994
1.15454e-09	0.357234
1.15461e-09	0.356473
1.15468e-09	0.355711
1.15475e-09	0.354948
1.15483e-09	0.354184
1.1549e-09	0.353419
1.15497e-09	0.352654
1.15504e-09	0.351887
1.15511e-09	0.351119
1.15518e-09	0.350351
1.15525e-09	0.349581
1.15532e-09	0.348811
1.15539e-09	0.34804
1.15546e-09	0.347268
1.15553e-09	0.346495
1.1556e-09	0.345721
1.15567e-09	0.344946
1.15574e-09	0.34417
1.15582e-09	0.343394
1.15589e-09	0.342616
1.15596e-09	0.341838
1.15603e-09	0.341058
1.1561e-09	0.340278
1.15617e-09	0.339497
1.15624e-09	0.338715
1.15631e-09	0.337932
1.15638e-09	0.337148
1.15645e-09	0.336363
1.15652e-09	0.335578
1.15659e-09	0.334791
1.15666e-09	0.334004
1.15673e-09	0.333216
1.15681e-09	0.332427
1.15688e-09	0.331636
1.15695e-09	0.330846
1.15702e-09	0.330054
1.15709e-09	0.329261
1.15716e-09	0.328467
1.15723e-09	0.327673
1.1573e-09	0.326878
1.15737e-09	0.326081
1.15744e-09	0.325284
1.15751e-09	0.324486
1.15758e-09	0.323688
1.15765e-09	0.322888
1.15773e-09	0.322087
1.1578e-09	0.321286
1.15787e-09	0.320484
1.15794e-09	0.31968
1.15801e-09	0.318876
1.15808e-09	0.318071
1.15815e-09	0.317266
1.15822e-09	0.316459
1.15829e-09	0.315652
1.15836e-09	0.314843
1.15843e-09	0.314034
1.1585e-09	0.313224
1.15857e-09	0.312413
1.15864e-09	0.311601
1.15872e-09	0.310789
1.15879e-09	0.309975
1.15886e-09	0.309161
1.15893e-09	0.308346
1.159e-09	0.30753
1.15907e-09	0.306713
1.15914e-09	0.305895
1.15921e-09	0.305076
1.15928e-09	0.304257
1.15935e-09	0.303437
1.15942e-09	0.302616
1.15949e-09	0.301794
1.15956e-09	0.300971
1.15963e-09	0.300147
1.15971e-09	0.299323
1.15978e-09	0.298498
1.15985e-09	0.297672
1.15992e-09	0.296845
1.15999e-09	0.296017
1.16006e-09	0.295188
1.16013e-09	0.294359
1.1602e-09	0.293529
1.16027e-09	0.292698
1.16034e-09	0.291866
1.16041e-09	0.291033
1.16048e-09	0.2902
1.16055e-09	0.289365
1.16062e-09	0.28853
1.1607e-09	0.287694
1.16077e-09	0.286858
1.16084e-09	0.28602
1.16091e-09	0.285182
1.16098e-09	0.284342
1.16105e-09	0.283502
1.16112e-09	0.282661
1.16119e-09	0.28182
1.16126e-09	0.280977
1.16133e-09	0.280134
1.1614e-09	0.27929
1.16147e-09	0.278445
1.16154e-09	0.2776
1.16162e-09	0.276753
1.16169e-09	0.275906
1.16176e-09	0.275058
1.16183e-09	0.274209
1.1619e-09	0.273359
1.16197e-09	0.272509
1.16204e-09	0.271658
1.16211e-09	0.270806
1.16218e-09	0.269953
1.16225e-09	0.2691
1.16232e-09	0.268245
1.16239e-09	0.26739
1.16246e-09	0.266534
1.16253e-09	0.265677
1.16261e-09	0.26482
1.16268e-09	0.263962
1.16275e-09	0.263103
1.16282e-09	0.262243
1.16289e-09	0.261382
1.16296e-09	0.260521
1.16303e-09	0.259659
1.1631e-09	0.258796
1.16317e-09	0.257932
1.16324e-09	0.257068
1.16331e-09	0.256203
1.16338e-09	0.255337
1.16345e-09	0.25447
1.16352e-09	0.253603
1.1636e-09	0.252735
1.16367e-09	0.251866
1.16374e-09	0.250996
1.16381e-09	0.250125
1.16388e-09	0.249254
1.16395e-09	0.248382
1.16402e-09	0.247509
1.16409e-09	0.246636
1.16416e-09	0.245762
1.16423e-09	0.244887
1.1643e-09	0.244011
1.16437e-09	0.243135
1.16444e-09	0.242257
1.16451e-09	0.241379
1.16459e-09	0.240501
1.16466e-09	0.239621
1.16473e-09	0.238741
1.1648e-09	0.23786
1.16487e-09	0.236979
1.16494e-09	0.236096
1.16501e-09	0.235213
1.16508e-09	0.234329
1.16515e-09	0.233445
1.16522e-09	0.23256
1.16529e-09	0.231674
1.16536e-09	0.230787
1.16543e-09	0.2299
1.16551e-09	0.229011
1.16558e-09	0.228123
1.16565e-09	0.227233
1.16572e-09	0.226343
1.16579e-09	0.225452
1.16586e-09	0.22456
1.16593e-09	0.223668
1.166e-09	0.222774
1.16607e-09	0.221881
1.16614e-09	0.220986
1.16621e-09	0.220091
1.16628e-09	0.219195
1.16635e-09	0.218298
1.16642e-09	0.217401
1.1665e-09	0.216503
1.16657e-09	0.215604
1.16664e-09	0.214704
1.16671e-09	0.213804
1.16678e-09	0.212903
1.16685e-09	0.212002
1.16692e-09	0.2111
1.16699e-09	0.210197
1.16706e-09	0.209293
1.16713e-09	0.208389
1.1672e-09	0.207484
1.16727e-09	0.206578
1.16734e-09	0.205672
1.16741e-09	0.204765
1.16749e-09	0.203857
1.16756e-09	0.202949
1.16763e-09	0.20204
1.1677e-09	0.20113
1.16777e-09	0.20022
1.16784e-09	0.199309
1.16791e-09	0.198397
1.16798e-09	0.197485
1.16805e-09	0.196572
1.16812e-09	0.195658
1.16819e-09	0.194744
1.16826e-09	0.193829
1.16833e-09	0.192913
1.16841e-09	0.191997
1.16848e-09	0.19108
1.16855e-09	0.190162
1.16862e-09	0.189244
1.16869e-09	0.188325
1.16876e-09	0.187405
1.16883e-09	0.186485
1.1689e-09	0.185564
1.16897e-09	0.184643
1.16904e-09	0.183721
1.16911e-09	0.182798
1.16918e-09	0.181874
1.16925e-09	0.18095
1.16932e-09	0.180025
1.1694e-09	0.1791
1.16947e-09	0.178174
1.16954e-09	0.177247
1.16961e-09	0.17632
1.16968e-09	0.175392
1.16975e-09	0.174464
1.16982e-09	0.173535
1.16989e-09	0.172605
1.16996e-09	0.171675
1.17003e-09	0.170744
1.1701e-09	0.169812
1.17017e-09	0.16888
1.17024e-09	0.167947
1.17031e-09	0.167013
1.17039e-09	0.166079
1.17046e-09	0.165145
1.17053e-09	0.164209
1.1706e-09	0.163273
1.17067e-09	0.162337
1.17074e-09	0.1614
1.17081e-09	0.160462
1.17088e-09	0.159524
1.17095e-09	0.158585
1.17102e-09	0.157645
1.17109e-09	0.156705
1.17116e-09	0.155765
1.17123e-09	0.154823
1.1713e-09	0.153881
1.17138e-09	0.152939
1.17145e-09	0.151996
1.17152e-09	0.151052
1.17159e-09	0.150108
1.17166e-09	0.149163
1.17173e-09	0.148218
1.1718e-09	0.147272
1.17187e-09	0.146325
1.17194e-09	0.145378
1.17201e-09	0.14443
1.17208e-09	0.143482
1.17215e-09	0.142533
1.17222e-09	0.141584
1.1723e-09	0.140634
1.17237e-09	0.139683
1.17244e-09	0.138732
1.17251e-09	0.13778
1.17258e-09	0.136828
1.17265e-09	0.135875
1.17272e-09	0.134922
1.17279e-09	0.133968
1.17286e-09	0.133014
1.17293e-09	0.132058
1.173e-09	0.131103
1.17307e-09	0.130147
1.17314e-09	0.12919
1.17321e-09	0.128233
1.17329e-09	0.127275
1.17336e-09	0.126317
1.17343e-09	0.125358
1.1735e-09	0.124398
1.17357e-09	0.123439
1.17364e-09	0.122478
1.17371e-09	0.121517
1.17378e-09	0.120556
1.17385e-09	0.119593
1.17392e-09	0.118631
1.17399e-09	0.117668
1.17406e-09	0.116704
1.17413e-09	0.11574
1.1742e-09	0.114775
1.17428e-09	0.11381
1.17435e-09	0.112844
1.17442e-09	0.111878
1.17449e-09	0.110911
1.17456e-09	0.109944
1.17463e-09	0.108976
1.1747e-09	0.108008
1.17477e-09	0.107039
1.17484e-09	0.10607
1.17491e-09	0.1051
1.17498e-09	0.104129
1.17505e-09	0.103159
1.17512e-09	0.102187
1.1752e-09	0.101215
1.17527e-09	0.100243
1.17534e-09	0.0992702
1.17541e-09	0.0982969
1.17548e-09	0.097323
1.17555e-09	0.0963487
1.17562e-09	0.0953739
1.17569e-09	0.0943986
1.17576e-09	0.0934229
1.17583e-09	0.0924466
1.1759e-09	0.0914699
1.17597e-09	0.0904927
1.17604e-09	0.089515
1.17611e-09	0.0885368
1.17619e-09	0.0875581
1.17626e-09	0.086579
1.17633e-09	0.0855994
1.1764e-09	0.0846194
1.17647e-09	0.0836388
1.17654e-09	0.0826578
1.17661e-09	0.0816764
1.17668e-09	0.0806944
1.17675e-09	0.0797121
1.17682e-09	0.0787292
1.17689e-09	0.0777459
1.17696e-09	0.0767622
1.17703e-09	0.075778
1.1771e-09	0.0747933
1.17718e-09	0.0738082
1.17725e-09	0.0728226
1.17732e-09	0.0718366
1.17739e-09	0.0708502
1.17746e-09	0.0698633
1.17753e-09	0.0688759
1.1776e-09	0.0678882
1.17767e-09	0.0669
1.17774e-09	0.0659113
1.17781e-09	0.0649222
1.17788e-09	0.0639327
1.17795e-09	0.0629428
1.17802e-09	0.0619524
1.17809e-09	0.0609616
1.17817e-09	0.0599704
1.17824e-09	0.0589787
1.17831e-09	0.0579867
1.17838e-09	0.0569942
1.17845e-09	0.0560013
1.17852e-09	0.0550079
1.17859e-09	0.0540142
1.17866e-09	0.05302
1.17873e-09	0.0520255
1.1788e-09	0.0510305
1.17887e-09	0.0500351
1.17894e-09	0.0490393
1.17901e-09	0.0480431
1.17909e-09	0.0470465
1.17916e-09	0.0460496
1.17923e-09	0.0450522
1.1793e-09	0.0440544
1.17937e-09	0.0430562
1.17944e-09	0.0420576
1.17951e-09	0.0410587
1.17958e-09	0.0400593
1.17965e-09	0.0390596
1.17972e-09	0.0380594
1.17979e-09	0.0370589
1.17986e-09	0.036058
1.17993e-09	0.0350567
1.18e-09	0.0340551
1.18008e-09	0.0330531
1.18015e-09	0.0320507
1.18022e-09	0.0310479
1.18029e-09	0.0300447
1.18036e-09	0.0290412
1.18043e-09	0.0280373
1.1805e-09	0.0270331
1.18057e-09	0.0260285
1.18064e-09	0.0250235
1.18071e-09	0.0240181
1.18078e-09	0.0230124
1.18085e-09	0.0220064
1.18092e-09	0.021
1.18099e-09	0.0199932
1.18107e-09	0.0189861
1.18114e-09	0.0179786
1.18121e-09	0.0169708
1.18128e-09	0.0159627
1.18135e-09	0.0149542
1.18142e-09	0.0139453
1.18149e-09	0.0129362
1.18156e-09	0.0119266
1.18163e-09	0.0109168
1.1817e-09	0.0099066
1.18177e-09	0.00889608
1.18184e-09	0.00788523
1.18191e-09	0.00687405
1.18198e-09	0.00586254
1.18206e-09	0.00485071
1.18213e-09	0.00383855
1.1822e-09	0.00282608
1.18227e-09	0.00181328
1.18234e-09	0.000800162
1.18241e-09	-0.000213269
1.18248e-09	-0.00122701
1.18255e-09	-0.00224107
1.18262e-09	-0.00325544
1.18269e-09	-0.00427012
1.18276e-09	-0.0052851
1.18283e-09	-0.00630039
1.1829e-09	-0.00731598
1.18298e-09	-0.00833187
1.18305e-09	-0.00934806
1.18312e-09	-0.0103645
1.18319e-09	-0.0113813
1.18326e-09	-0.0123984
1.18333e-09	-0.0134158
1.1834e-09	-0.0144334
1.18347e-09	-0.0154514
1.18354e-09	-0.0164696
1.18361e-09	-0.0174881
1.18368e-09	-0.0185069
1.18375e-09	-0.019526
1.18382e-09	-0.0205454
1.18389e-09	-0.021565
1.18397e-09	-0.0225849
1.18404e-09	-0.0236051
1.18411e-09	-0.0246255
1.18418e-09	-0.0256463
1.18425e-09	-0.0266672
1.18432e-09	-0.0276885
1.18439e-09	-0.02871
1.18446e-09	-0.0297318
1.18453e-09	-0.0307538
1.1846e-09	-0.0317761
1.18467e-09	-0.0327987
1.18474e-09	-0.0338215
1.18481e-09	-0.0348445
1.18488e-09	-0.0358678
1.18496e-09	-0.0368914
1.18503e-09	-0.0379152
1.1851e-09	-0.0389393
1.18517e-09	-0.0399635
1.18524e-09	-0.0409881
1.18531e-09	-0.0420128
1.18538e-09	-0.0430378
1.18545e-09	-0.0440631
1.18552e-09	-0.0450886
1.18559e-09	-0.0461143
1.18566e-09	-0.0471402
1.18573e-09	-0.0481663
1.1858e-09	-0.0491927
1.18588e-09	-0.0502193
1.18595e-09	-0.0512462
1.18602e-09	-0.0522732
1.18609e-09	-0.0533005
1.18616e-09	-0.054328
1.18623e-09	-0.0553557
1.1863e-09	-0.0563836
1.18637e-09	-0.0574117
1.18644e-09	-0.05844
1.18651e-09	-0.0594686
1.18658e-09	-0.0604973
1.18665e-09	-0.0615262
1.18672e-09	-0.0625554
1.18679e-09	-0.0635847
1.18687e-09	-0.0646142
1.18694e-09	-0.065644
1.18701e-09	-0.0666739
1.18708e-09	-0.067704
1.18715e-09	-0.0687343
1.18722e-09	-0.0697648
1.18729e-09	-0.0707955
1.18736e-09	-0.0718263
1.18743e-09	-0.0728574
1.1875e-09	-0.0738886
1.18757e-09	-0.07492
1.18764e-09	-0.0759515
1.18771e-09	-0.0769833
1.18778e-09	-0.0780152
1.18786e-09	-0.0790473
1.18793e-09	-0.0800795
1.188e-09	-0.0811119
1.18807e-09	-0.0821445
1.18814e-09	-0.0831773
1.18821e-09	-0.0842101
1.18828e-09	-0.0852432
1.18835e-09	-0.0862764
1.18842e-09	-0.0873098
1.18849e-09	-0.0883433
1.18856e-09	-0.089377
1.18863e-09	-0.0904108
1.1887e-09	-0.0914448
1.18877e-09	-0.0924789
1.18885e-09	-0.0935131
1.18892e-09	-0.0945475
1.18899e-09	-0.095582
1.18906e-09	-0.0966167
1.18913e-09	-0.0976515
1.1892e-09	-0.0986864
1.18927e-09	-0.0997215
1.18934e-09	-0.100757
1.18941e-09	-0.101792
1.18948e-09	-0.102827
1.18955e-09	-0.103863
1.18962e-09	-0.104899
1.18969e-09	-0.105934
1.18977e-09	-0.10697
1.18984e-09	-0.108006
1.18991e-09	-0.109043
1.18998e-09	-0.110079
1.19005e-09	-0.111115
1.19012e-09	-0.112152
1.19019e-09	-0.113188
1.19026e-09	-0.114225
1.19033e-09	-0.115262
1.1904e-09	-0.116299
1.19047e-09	-0.117336
1.19054e-09	-0.118373
1.19061e-09	-0.11941
1.19068e-09	-0.120447
1.19076e-09	-0.121484
1.19083e-09	-0.122522
1.1909e-09	-0.123559
1.19097e-09	-0.124597
1.19104e-09	-0.125635
1.19111e-09	-0.126672
1.19118e-09	-0.12771
1.19125e-09	-0.128748
1.19132e-09	-0.129786
1.19139e-09	-0.130824
1.19146e-09	-0.131862
1.19153e-09	-0.132901
1.1916e-09	-0.133939
1.19167e-09	-0.134977
1.19175e-09	-0.136015
1.19182e-09	-0.137054
1.19189e-09	-0.138092
1.19196e-09	-0.139131
1.19203e-09	-0.14017
1.1921e-09	-0.141208
1.19217e-09	-0.142247
1.19224e-09	-0.143286
1.19231e-09	-0.144325
1.19238e-09	-0.145363
1.19245e-09	-0.146402
1.19252e-09	-0.147441
1.19259e-09	-0.14848
1.19267e-09	-0.149519
1.19274e-09	-0.150558
1.19281e-09	-0.151597
1.19288e-09	-0.152636
1.19295e-09	-0.153675
1.19302e-09	-0.154715
1.19309e-09	-0.155754
1.19316e-09	-0.156793
1.19323e-09	-0.157832
1.1933e-09	-0.158871
1.19337e-09	-0.159911
1.19344e-09	-0.16095
1.19351e-09	-0.161989
1.19358e-09	-0.163028
1.19366e-09	-0.164068
1.19373e-09	-0.165107
1.1938e-09	-0.166146
1.19387e-09	-0.167186
1.19394e-09	-0.168225
1.19401e-09	-0.169264
1.19408e-09	-0.170304
1.19415e-09	-0.171343
1.19422e-09	-0.172382
1.19429e-09	-0.173421
1.19436e-09	-0.174461
1.19443e-09	-0.1755
1.1945e-09	-0.176539
1.19457e-09	-0.177578
1.19465e-09	-0.178617
1.19472e-09	-0.179657
1.19479e-09	-0.180696
1.19486e-09	-0.181735
1.19493e-09	-0.182774
1.195e-09	-0.183813
1.19507e-09	-0.184852
1.19514e-09	-0.185891
1.19521e-09	-0.18693
1.19528e-09	-0.187969
1.19535e-09	-0.189008
1.19542e-09	-0.190047
1.19549e-09	-0.191085
1.19556e-09	-0.192124
1.19564e-09	-0.193163
1.19571e-09	-0.194201
1.19578e-09	-0.19524
1.19585e-09	-0.196278
1.19592e-09	-0.197317
1.19599e-09	-0.198355
1.19606e-09	-0.199394
1.19613e-09	-0.200432
1.1962e-09	-0.20147
1.19627e-09	-0.202508
1.19634e-09	-0.203546
1.19641e-09	-0.204584
1.19648e-09	-0.205622
1.19656e-09	-0.20666
1.19663e-09	-0.207698
1.1967e-09	-0.208736
1.19677e-09	-0.209773
1.19684e-09	-0.210811
1.19691e-09	-0.211848
1.19698e-09	-0.212886
1.19705e-09	-0.213923
1.19712e-09	-0.21496
1.19719e-09	-0.215997
1.19726e-09	-0.217034
1.19733e-09	-0.218071
1.1974e-09	-0.219108
1.19747e-09	-0.220145
1.19755e-09	-0.221181
1.19762e-09	-0.222218
1.19769e-09	-0.223254
1.19776e-09	-0.22429
1.19783e-09	-0.225327
1.1979e-09	-0.226363
1.19797e-09	-0.227399
1.19804e-09	-0.228434
1.19811e-09	-0.22947
1.19818e-09	-0.230506
1.19825e-09	-0.231541
1.19832e-09	-0.232577
1.19839e-09	-0.233612
1.19846e-09	-0.234647
1.19854e-09	-0.235682
1.19861e-09	-0.236717
1.19868e-09	-0.237751
1.19875e-09	-0.238786
1.19882e-09	-0.23982
1.19889e-09	-0.240854
1.19896e-09	-0.241888
1.19903e-09	-0.242922
1.1991e-09	-0.243956
1.19917e-09	-0.24499
1.19924e-09	-0.246023
1.19931e-09	-0.247057
1.19938e-09	-0.24809
1.19946e-09	-0.249123
1.19953e-09	-0.250156
1.1996e-09	-0.251189
1.19967e-09	-0.252221
1.19974e-09	-0.253254
1.19981e-09	-0.254286
1.19988e-09	-0.255318
1.19995e-09	-0.25635
1.20002e-09	-0.257381
1.20009e-09	-0.258413
1.20016e-09	-0.259444
1.20023e-09	-0.260475
1.2003e-09	-0.261506
1.20037e-09	-0.262537
1.20045e-09	-0.263568
1.20052e-09	-0.264598
1.20059e-09	-0.265628
1.20066e-09	-0.266659
1.20073e-09	-0.267688
1.2008e-09	-0.268718
1.20087e-09	-0.269747
1.20094e-09	-0.270777
1.20101e-09	-0.271806
1.20108e-09	-0.272835
1.20115e-09	-0.273863
1.20122e-09	-0.274892
1.20129e-09	-0.27592
1.20136e-09	-0.276948
1.20144e-09	-0.277976
1.20151e-09	-0.279003
1.20158e-09	-0.280031
1.20165e-09	-0.281058
1.20172e-09	-0.282085
1.20179e-09	-0.283111
1.20186e-09	-0.284138
1.20193e-09	-0.285164
1.202e-09	-0.28619
1.20207e-09	-0.287216
1.20214e-09	-0.288241
1.20221e-09	-0.289266
1.20228e-09	-0.290291
1.20235e-09	-0.291316
1.20243e-09	-0.292341
1.2025e-09	-0.293365
1.20257e-09	-0.294389
1.20264e-09	-0.295413
1.20271e-09	-0.296437
1.20278e-09	-0.29746
1.20285e-09	-0.298483
1.20292e-09	-0.299506
1.20299e-09	-0.300528
1.20306e-09	-0.30155
1.20313e-09	-0.302572
1.2032e-09	-0.303594
1.20327e-09	-0.304616
1.20335e-09	-0.305637
1.20342e-09	-0.306658
1.20349e-09	-0.307678
1.20356e-09	-0.308699
1.20363e-09	-0.309719
1.2037e-09	-0.310739
1.20377e-09	-0.311758
1.20384e-09	-0.312777
1.20391e-09	-0.313796
1.20398e-09	-0.314815
1.20405e-09	-0.315833
1.20412e-09	-0.316852
1.20419e-09	-0.317869
1.20426e-09	-0.318887
1.20434e-09	-0.319904
1.20441e-09	-0.320921
1.20448e-09	-0.321937
1.20455e-09	-0.322954
1.20462e-09	-0.32397
1.20469e-09	-0.324985
1.20476e-09	-0.326001
1.20483e-09	-0.327016
1.2049e-09	-0.32803
1.20497e-09	-0.329045
1.20504e-09	-0.330059
1.20511e-09	-0.331073
1.20518e-09	-0.332086
1.20525e-09	-0.333099
1.20533e-09	-0.334112
1.2054e-09	-0.335125
1.20547e-09	-0.336137
1.20554e-09	-0.337148
1.20561e-09	-0.33816
1.20568e-09	-0.339171
1.20575e-09	-0.340182
1.20582e-09	-0.341192
1.20589e-09	-0.342202
1.20596e-09	-0.343212
1.20603e-09	-0.344222
1.2061e-09	-0.345231
1.20617e-09	-0.346239
1.20624e-09	-0.347248
1.20632e-09	-0.348256
1.20639e-09	-0.349263
1.20646e-09	-0.35027
1.20653e-09	-0.351277
1.2066e-09	-0.352284
1.20667e-09	-0.35329
1.20674e-09	-0.354296
1.20681e-09	-0.355301
1.20688e-09	-0.356306
1.20695e-09	-0.357311
1.20702e-09	-0.358315
1.20709e-09	-0.359319
1.20716e-09	-0.360323
1.20724e-09	-0.361326
1.20731e-09	-0.362329
1.20738e-09	-0.363331
1.20745e-09	-0.364333
1.20752e-09	-0.365335
1.20759e-09	-0.366336
1.20766e-09	-0.367337
1.20773e-09	-0.368337
1.2078e-09	-0.369337
1.20787e-09	-0.370337
1.20794e-09	-0.371336
1.20801e-09	-0.372335
1.20808e-09	-0.373333
1.20815e-09	-0.374331
1.20823e-09	-0.375329
1.2083e-09	-0.376326
1.20837e-09	-0.377323
1.20844e-09	-0.378319
1.20851e-09	-0.379315
1.20858e-09	-0.380311
1.20865e-09	-0.381306
1.20872e-09	-0.3823
1.20879e-09	-0.383295
1.20886e-09	-0.384289
1.20893e-09	-0.385282
1.209e-09	-0.386275
1.20907e-09	-0.387267
1.20914e-09	-0.388259
1.20922e-09	-0.389251
1.20929e-09	-0.390242
1.20936e-09	-0.391233
1.20943e-09	-0.392223
1.2095e-09	-0.393213
1.20957e-09	-0.394202
1.20964e-09	-0.395191
1.20971e-09	-0.39618
1.20978e-09	-0.397168
1.20985e-09	-0.398155
1.20992e-09	-0.399143
1.20999e-09	-0.400129
1.21006e-09	-0.401115
1.21014e-09	-0.402101
1.21021e-09	-0.403086
1.21028e-09	-0.404071
1.21035e-09	-0.405055
1.21042e-09	-0.406039
1.21049e-09	-0.407023
1.21056e-09	-0.408006
1.21063e-09	-0.408988
1.2107e-09	-0.40997
1.21077e-09	-0.410951
1.21084e-09	-0.411932
1.21091e-09	-0.412913
1.21098e-09	-0.413893
1.21105e-09	-0.414872
1.21113e-09	-0.415851
1.2112e-09	-0.41683
1.21127e-09	-0.417808
1.21134e-09	-0.418785
1.21141e-09	-0.419762
1.21148e-09	-0.420738
1.21155e-09	-0.421714
1.21162e-09	-0.42269
1.21169e-09	-0.423665
1.21176e-09	-0.424639
1.21183e-09	-0.425613
1.2119e-09	-0.426587
1.21197e-09	-0.42756
1.21204e-09	-0.428532
1.21212e-09	-0.429504
1.21219e-09	-0.430475
1.21226e-09	-0.431446
1.21233e-09	-0.432416
1.2124e-09	-0.433386
1.21247e-09	-0.434355
1.21254e-09	-0.435324
1.21261e-09	-0.436292
1.21268e-09	-0.437259
1.21275e-09	-0.438227
1.21282e-09	-0.439193
1.21289e-09	-0.440159
1.21296e-09	-0.441124
1.21303e-09	-0.442089
1.21311e-09	-0.443054
1.21318e-09	-0.444017
1.21325e-09	-0.444981
1.21332e-09	-0.445943
1.21339e-09	-0.446905
1.21346e-09	-0.447867
1.21353e-09	-0.448828
1.2136e-09	-0.449788
1.21367e-09	-0.450748
1.21374e-09	-0.451707
1.21381e-09	-0.452666
1.21388e-09	-0.453624
1.21395e-09	-0.454582
1.21403e-09	-0.455539
1.2141e-09	-0.456495
1.21417e-09	-0.457451
1.21424e-09	-0.458406
1.21431e-09	-0.459361
1.21438e-09	-0.460315
1.21445e-09	-0.461268
1.21452e-09	-0.462221
1.21459e-09	-0.463173
1.21466e-09	-0.464125
1.21473e-09	-0.465076
1.2148e-09	-0.466027
1.21487e-09	-0.466977
1.21494e-09	-0.467926
1.21502e-09	-0.468875
1.21509e-09	-0.469823
1.21516e-09	-0.47077
1.21523e-09	-0.471717
1.2153e-09	-0.472663
1.21537e-09	-0.473609
1.21544e-09	-0.474554
1.21551e-09	-0.475498
1.21558e-09	-0.476442
1.21565e-09	-0.477385
1.21572e-09	-0.478328
1.21579e-09	-0.47927
1.21586e-09	-0.480211
1.21593e-09	-0.481152
1.21601e-09	-0.482092
1.21608e-09	-0.483031
1.21615e-09	-0.48397
1.21622e-09	-0.484908
1.21629e-09	-0.485845
1.21636e-09	-0.486782
1.21643e-09	-0.487718
1.2165e-09	-0.488654
1.21657e-09	-0.489589
1.21664e-09	-0.490523
1.21671e-09	-0.491457
1.21678e-09	-0.49239
1.21685e-09	-0.493322
1.21693e-09	-0.494253
1.217e-09	-0.495184
1.21707e-09	-0.496115
1.21714e-09	-0.497044
1.21721e-09	-0.497973
1.21728e-09	-0.498902
1.21735e-09	-0.499829
1.21742e-09	-0.500756
1.21749e-09	-0.501682
1.21756e-09	-0.502608
1.21763e-09	-0.503533
1.2177e-09	-0.504457
1.21777e-09	-0.505381
1.21784e-09	-0.506304
1.21792e-09	-0.507226
1.21799e-09	-0.508147
1.21806e-09	-0.509068
1.21813e-09	-0.509988
1.2182e-09	-0.510908
1.21827e-09	-0.511827
1.21834e-09	-0.512745
1.21841e-09	-0.513662
1.21848e-09	-0.514579
1.21855e-09	-0.515495
1.21862e-09	-0.51641
1.21869e-09	-0.517324
1.21876e-09	-0.518238
1.21883e-09	-0.519151
1.21891e-09	-0.520064
1.21898e-09	-0.520975
1.21905e-09	-0.521886
1.21912e-09	-0.522797
1.21919e-09	-0.523706
1.21926e-09	-0.524615
1.21933e-09	-0.525523
1.2194e-09	-0.52643
1.21947e-09	-0.527337
1.21954e-09	-0.528243
1.21961e-09	-0.529148
1.21968e-09	-0.530052
1.21975e-09	-0.530956
1.21982e-09	-0.531859
1.2199e-09	-0.532761
1.21997e-09	-0.533663
1.22004e-09	-0.534563
1.22011e-09	-0.535463
1.22018e-09	-0.536363
1.22025e-09	-0.537261
1.22032e-09	-0.538159
1.22039e-09	-0.539056
1.22046e-09	-0.539952
1.22053e-09	-0.540848
1.2206e-09	-0.541742
1.22067e-09	-0.542636
1.22074e-09	-0.543529
1.22082e-09	-0.544422
1.22089e-09	-0.545313
1.22096e-09	-0.546204
1.22103e-09	-0.547094
1.2211e-09	-0.547984
1.22117e-09	-0.548872
1.22124e-09	-0.54976
1.22131e-09	-0.550647
1.22138e-09	-0.551533
1.22145e-09	-0.552419
1.22152e-09	-0.553303
1.22159e-09	-0.554187
1.22166e-09	-0.55507
1.22173e-09	-0.555953
1.22181e-09	-0.556834
1.22188e-09	-0.557715
1.22195e-09	-0.558595
1.22202e-09	-0.559474
1.22209e-09	-0.560352
1.22216e-09	-0.56123
1.22223e-09	-0.562107
1.2223e-09	-0.562983
1.22237e-09	-0.563858
1.22244e-09	-0.564732
1.22251e-09	-0.565605
1.22258e-09	-0.566478
1.22265e-09	-0.56735
1.22272e-09	-0.568221
1.2228e-09	-0.569091
1.22287e-09	-0.569961
1.22294e-09	-0.570829
1.22301e-09	-0.571697
1.22308e-09	-0.572564
1.22315e-09	-0.57343
1.22322e-09	-0.574295
1.22329e-09	-0.57516
1.22336e-09	-0.576024
1.22343e-09	-0.576886
1.2235e-09	-0.577748
1.22357e-09	-0.578609
1.22364e-09	-0.57947
1.22372e-09	-0.580329
1.22379e-09	-0.581188
1.22386e-09	-0.582045
1.22393e-09	-0.582902
1.224e-09	-0.583758
1.22407e-09	-0.584614
1.22414e-09	-0.585468
1.22421e-09	-0.586321
1.22428e-09	-0.587174
1.22435e-09	-0.588026
1.22442e-09	-0.588877
1.22449e-09	-0.589727
1.22456e-09	-0.590576
1.22463e-09	-0.591424
1.22471e-09	-0.592272
1.22478e-09	-0.593118
1.22485e-09	-0.593964
1.22492e-09	-0.594809
1.22499e-09	-0.595653
1.22506e-09	-0.596496
1.22513e-09	-0.597338
1.2252e-09	-0.598179
1.22527e-09	-0.59902
1.22534e-09	-0.599859
1.22541e-09	-0.600698
1.22548e-09	-0.601535
1.22555e-09	-0.602372
1.22562e-09	-0.603208
1.2257e-09	-0.604043
1.22577e-09	-0.604878
1.22584e-09	-0.605711
1.22591e-09	-0.606543
1.22598e-09	-0.607375
1.22605e-09	-0.608205
1.22612e-09	-0.609035
1.22619e-09	-0.609864
1.22626e-09	-0.610692
1.22633e-09	-0.611519
1.2264e-09	-0.612345
1.22647e-09	-0.61317
1.22654e-09	-0.613994
1.22661e-09	-0.614817
1.22669e-09	-0.61564
1.22676e-09	-0.616461
1.22683e-09	-0.617282
1.2269e-09	-0.618101
1.22697e-09	-0.61892
1.22704e-09	-0.619738
1.22711e-09	-0.620555
1.22718e-09	-0.621371
1.22725e-09	-0.622185
1.22732e-09	-0.622999
1.22739e-09	-0.623813
1.22746e-09	-0.624625
1.22753e-09	-0.625436
1.22761e-09	-0.626246
1.22768e-09	-0.627056
1.22775e-09	-0.627864
1.22782e-09	-0.628671
1.22789e-09	-0.629478
1.22796e-09	-0.630283
1.22803e-09	-0.631088
1.2281e-09	-0.631891
1.22817e-09	-0.632694
1.22824e-09	-0.633496
1.22831e-09	-0.634297
1.22838e-09	-0.635096
1.22845e-09	-0.635895
1.22852e-09	-0.636693
1.2286e-09	-0.63749
1.22867e-09	-0.638286
1.22874e-09	-0.639081
1.22881e-09	-0.639875
1.22888e-09	-0.640667
1.22895e-09	-0.64146
1.22902e-09	-0.642251
1.22909e-09	-0.643041
1.22916e-09	-0.64383
1.22923e-09	-0.644618
1.2293e-09	-0.645405
1.22937e-09	-0.646191
1.22944e-09	-0.646976
1.22951e-09	-0.64776
1.22959e-09	-0.648543
1.22966e-09	-0.649325
1.22973e-09	-0.650107
1.2298e-09	-0.650887
1.22987e-09	-0.651666
1.22994e-09	-0.652444
1.23001e-09	-0.653221
1.23008e-09	-0.653997
1.23015e-09	-0.654772
1.23022e-09	-0.655546
1.23029e-09	-0.65632
1.23036e-09	-0.657092
1.23043e-09	-0.657863
1.2305e-09	-0.658633
1.23058e-09	-0.659402
1.23065e-09	-0.66017
1.23072e-09	-0.660937
1.23079e-09	-0.661703
1.23086e-09	-0.662468
1.23093e-09	-0.663232
1.231e-09	-0.663995
1.23107e-09	-0.664757
1.23114e-09	-0.665517
1.23121e-09	-0.666277
1.23128e-09	-0.667036
1.23135e-09	-0.667794
1.23142e-09	-0.66855
1.2315e-09	-0.669306
1.23157e-09	-0.670061
1.23164e-09	-0.670814
1.23171e-09	-0.671567
1.23178e-09	-0.672318
1.23185e-09	-0.673069
1.23192e-09	-0.673818
1.23199e-09	-0.674567
1.23206e-09	-0.675314
1.23213e-09	-0.67606
1.2322e-09	-0.676805
1.23227e-09	-0.677549
1.23234e-09	-0.678292
1.23241e-09	-0.679034
1.23249e-09	-0.679775
1.23256e-09	-0.680515
1.23263e-09	-0.681254
1.2327e-09	-0.681992
1.23277e-09	-0.682728
1.23284e-09	-0.683464
1.23291e-09	-0.684199
1.23298e-09	-0.684932
1.23305e-09	-0.685664
1.23312e-09	-0.686396
1.23319e-09	-0.687126
1.23326e-09	-0.687855
1.23333e-09	-0.688583
1.2334e-09	-0.68931
1.23348e-09	-0.690036
1.23355e-09	-0.690761
1.23362e-09	-0.691484
1.23369e-09	-0.692207
1.23376e-09	-0.692928
1.23383e-09	-0.693649
1.2339e-09	-0.694368
1.23397e-09	-0.695086
1.23404e-09	-0.695804
1.23411e-09	-0.69652
1.23418e-09	-0.697235
1.23425e-09	-0.697948
1.23432e-09	-0.698661
1.2344e-09	-0.699373
1.23447e-09	-0.700083
1.23454e-09	-0.700793
1.23461e-09	-0.701501
1.23468e-09	-0.702208
1.23475e-09	-0.702914
1.23482e-09	-0.703619
1.23489e-09	-0.704323
1.23496e-09	-0.705025
1.23503e-09	-0.705727
1.2351e-09	-0.706427
1.23517e-09	-0.707127
1.23524e-09	-0.707825
1.23531e-09	-0.708522
1.23539e-09	-0.709218
1.23546e-09	-0.709913
1.23553e-09	-0.710606
1.2356e-09	-0.711299
1.23567e-09	-0.71199
1.23574e-09	-0.71268
1.23581e-09	-0.713369
1.23588e-09	-0.714057
1.23595e-09	-0.714744
1.23602e-09	-0.71543
1.23609e-09	-0.716114
1.23616e-09	-0.716798
1.23623e-09	-0.71748
1.2363e-09	-0.718161
1.23638e-09	-0.718841
1.23645e-09	-0.71952
1.23652e-09	-0.720197
1.23659e-09	-0.720874
1.23666e-09	-0.721549
1.23673e-09	-0.722223
1.2368e-09	-0.722896
1.23687e-09	-0.723568
1.23694e-09	-0.724239
1.23701e-09	-0.724908
1.23708e-09	-0.725576
1.23715e-09	-0.726244
1.23722e-09	-0.72691
1.23729e-09	-0.727574
1.23737e-09	-0.728238
1.23744e-09	-0.7289
1.23751e-09	-0.729562
1.23758e-09	-0.730222
1.23765e-09	-0.730881
1.23772e-09	-0.731538
1.23779e-09	-0.732195
1.23786e-09	-0.73285
1.23793e-09	-0.733504
1.238e-09	-0.734157
1.23807e-09	-0.734809
1.23814e-09	-0.73546
1.23821e-09	-0.736109
1.23829e-09	-0.736757
1.23836e-09	-0.737404
1.23843e-09	-0.73805
1.2385e-09	-0.738695
1.23857e-09	-0.739338
1.23864e-09	-0.73998
1.23871e-09	-0.740621
1.23878e-09	-0.741261
1.23885e-09	-0.7419
1.23892e-09	-0.742537
1.23899e-09	-0.743173
1.23906e-09	-0.743808
1.23913e-09	-0.744442
1.2392e-09	-0.745074
1.23928e-09	-0.745706
1.23935e-09	-0.746336
1.23942e-09	-0.746965
1.23949e-09	-0.747592
1.23956e-09	-0.748219
1.23963e-09	-0.748844
1.2397e-09	-0.749468
1.23977e-09	-0.750091
1.23984e-09	-0.750712
1.23991e-09	-0.751333
1.23998e-09	-0.751952
1.24005e-09	-0.752569
1.24012e-09	-0.753186
1.24019e-09	-0.753801
1.24027e-09	-0.754415
1.24034e-09	-0.755028
1.24041e-09	-0.75564
1.24048e-09	-0.75625
1.24055e-09	-0.75686
1.24062e-09	-0.757468
1.24069e-09	-0.758074
1.24076e-09	-0.75868
1.24083e-09	-0.759284
1.2409e-09	-0.759887
1.24097e-09	-0.760488
1.24104e-09	-0.761089
1.24111e-09	-0.761688
1.24119e-09	-0.762286
1.24126e-09	-0.762882
1.24133e-09	-0.763478
1.2414e-09	-0.764072
1.24147e-09	-0.764665
1.24154e-09	-0.765257
1.24161e-09	-0.765847
1.24168e-09	-0.766436
1.24175e-09	-0.767024
1.24182e-09	-0.76761
1.24189e-09	-0.768196
1.24196e-09	-0.76878
1.24203e-09	-0.769362
1.2421e-09	-0.769944
1.24218e-09	-0.770524
1.24225e-09	-0.771103
1.24232e-09	-0.77168
1.24239e-09	-0.772257
1.24246e-09	-0.772832
1.24253e-09	-0.773406
1.2426e-09	-0.773978
1.24267e-09	-0.774549
1.24274e-09	-0.775119
1.24281e-09	-0.775688
1.24288e-09	-0.776255
1.24295e-09	-0.776821
1.24302e-09	-0.777386
1.24309e-09	-0.777949
1.24317e-09	-0.778512
1.24324e-09	-0.779072
1.24331e-09	-0.779632
1.24338e-09	-0.78019
1.24345e-09	-0.780747
1.24352e-09	-0.781303
1.24359e-09	-0.781857
1.24366e-09	-0.78241
1.24373e-09	-0.782962
1.2438e-09	-0.783513
1.24387e-09	-0.784062
1.24394e-09	-0.78461
1.24401e-09	-0.785156
1.24408e-09	-0.785701
1.24416e-09	-0.786245
1.24423e-09	-0.786788
1.2443e-09	-0.787329
1.24437e-09	-0.787869
1.24444e-09	-0.788408
1.24451e-09	-0.788945
1.24458e-09	-0.789481
1.24465e-09	-0.790015
1.24472e-09	-0.790549
1.24479e-09	-0.791081
1.24486e-09	-0.791611
1.24493e-09	-0.792141
1.245e-09	-0.792669
1.24508e-09	-0.793195
1.24515e-09	-0.793721
1.24522e-09	-0.794245
1.24529e-09	-0.794767
1.24536e-09	-0.795289
1.24543e-09	-0.795809
1.2455e-09	-0.796327
1.24557e-09	-0.796845
1.24564e-09	-0.797361
1.24571e-09	-0.797875
1.24578e-09	-0.798389
1.24585e-09	-0.798901
1.24592e-09	-0.799411
1.24599e-09	-0.79992
1.24607e-09	-0.800428
1.24614e-09	-0.800935
1.24621e-09	-0.80144
1.24628e-09	-0.801944
1.24635e-09	-0.802446
1.24642e-09	-0.802948
1.24649e-09	-0.803447
1.24656e-09	-0.803946
1.24663e-09	-0.804443
1.2467e-09	-0.804938
1.24677e-09	-0.805433
1.24684e-09	-0.805926
1.24691e-09	-0.806417
1.24698e-09	-0.806908
1.24706e-09	-0.807396
1.24713e-09	-0.807884
1.2472e-09	-0.80837
1.24727e-09	-0.808855
1.24734e-09	-0.809338
1.24741e-09	-0.80982
1.24748e-09	-0.810301
1.24755e-09	-0.81078
1.24762e-09	-0.811258
1.24769e-09	-0.811734
1.24776e-09	-0.81221
1.24783e-09	-0.812683
1.2479e-09	-0.813156
1.24798e-09	-0.813627
1.24805e-09	-0.814096
1.24812e-09	-0.814564
1.24819e-09	-0.815031
1.24826e-09	-0.815497
1.24833e-09	-0.815961
1.2484e-09	-0.816423
1.24847e-09	-0.816885
1.24854e-09	-0.817344
1.24861e-09	-0.817803
1.24868e-09	-0.81826
1.24875e-09	-0.818716
1.24882e-09	-0.81917
1.24889e-09	-0.819623
1.24897e-09	-0.820074
1.24904e-09	-0.820524
1.24911e-09	-0.820973
1.24918e-09	-0.82142
1.24925e-09	-0.821866
1.24932e-09	-0.822311
1.24939e-09	-0.822754
1.24946e-09	-0.823195
1.24953e-09	-0.823635
1.2496e-09	-0.824074
1.24967e-09	-0.824512
1.24974e-09	-0.824948
1.24981e-09	-0.825382
1.24988e-09	-0.825815
1.24996e-09	-0.826247
1.25003e-09	-0.826677
1.2501e-09	-0.827106
1.25017e-09	-0.827534
1.25024e-09	-0.82796
1.25031e-09	-0.828385
1.25038e-09	-0.828808
1.25045e-09	-0.82923
1.25052e-09	-0.82965
1.25059e-09	-0.830069
1.25066e-09	-0.830486
1.25073e-09	-0.830902
1.2508e-09	-0.831317
1.25087e-09	-0.83173
1.25095e-09	-0.832142
1.25102e-09	-0.832552
1.25109e-09	-0.832961
1.25116e-09	-0.833369
1.25123e-09	-0.833775
1.2513e-09	-0.83418
1.25137e-09	-0.834583
1.25144e-09	-0.834984
1.25151e-09	-0.835385
1.25158e-09	-0.835784
1.25165e-09	-0.836181
1.25172e-09	-0.836577
1.25179e-09	-0.836971
1.25187e-09	-0.837365
1.25194e-09	-0.837756
1.25201e-09	-0.838146
1.25208e-09	-0.838535
1.25215e-09	-0.838922
1.25222e-09	-0.839308
1.25229e-09	-0.839693
1.25236e-09	-0.840075
1.25243e-09	-0.840457
1.2525e-09	-0.840837
1.25257e-09	-0.841215
1.25264e-09	-0.841592
1.25271e-09	-0.841968
1.25278e-09	-0.842342
1.25286e-09	-0.842715
1.25293e-09	-0.843086
1.253e-09	-0.843456
1.25307e-09	-0.843824
1.25314e-09	-0.844191
1.25321e-09	-0.844557
1.25328e-09	-0.84492
1.25335e-09	-0.845283
1.25342e-09	-0.845644
1.25349e-09	-0.846003
1.25356e-09	-0.846361
1.25363e-09	-0.846718
1.2537e-09	-0.847073
1.25377e-09	-0.847427
1.25385e-09	-0.847779
1.25392e-09	-0.84813
1.25399e-09	-0.848479
1.25406e-09	-0.848826
1.25413e-09	-0.849173
1.2542e-09	-0.849517
1.25427e-09	-0.849861
1.25434e-09	-0.850202
1.25441e-09	-0.850543
1.25448e-09	-0.850881
1.25455e-09	-0.851219
1.25462e-09	-0.851555
1.25469e-09	-0.851889
1.25476e-09	-0.852222
1.25484e-09	-0.852553
1.25491e-09	-0.852883
1.25498e-09	-0.853212
1.25505e-09	-0.853538
1.25512e-09	-0.853864
1.25519e-09	-0.854188
1.25526e-09	-0.85451
1.25533e-09	-0.854831
1.2554e-09	-0.855151
1.25547e-09	-0.855468
1.25554e-09	-0.855785
1.25561e-09	-0.8561
1.25568e-09	-0.856413
1.25576e-09	-0.856725
1.25583e-09	-0.857036
1.2559e-09	-0.857345
1.25597e-09	-0.857652
1.25604e-09	-0.857958
1.25611e-09	-0.858262
1.25618e-09	-0.858565
1.25625e-09	-0.858867
1.25632e-09	-0.859166
1.25639e-09	-0.859465
1.25646e-09	-0.859762
1.25653e-09	-0.860057
1.2566e-09	-0.860351
1.25667e-09	-0.860643
1.25675e-09	-0.860934
1.25682e-09	-0.861223
1.25689e-09	-0.861511
1.25696e-09	-0.861797
1.25703e-09	-0.862082
1.2571e-09	-0.862365
1.25717e-09	-0.862647
1.25724e-09	-0.862927
1.25731e-09	-0.863206
1.25738e-09	-0.863483
1.25745e-09	-0.863759
1.25752e-09	-0.864033
1.25759e-09	-0.864305
1.25766e-09	-0.864576
1.25774e-09	-0.864846
1.25781e-09	-0.865114
1.25788e-09	-0.86538
1.25795e-09	-0.865645
1.25802e-09	-0.865909
1.25809e-09	-0.866171
1.25816e-09	-0.866431
1.25823e-09	-0.86669
1.2583e-09	-0.866947
1.25837e-09	-0.867203
1.25844e-09	-0.867457
1.25851e-09	-0.86771
1.25858e-09	-0.867961
1.25866e-09	-0.86821
1.25873e-09	-0.868458
1.2588e-09	-0.868705
1.25887e-09	-0.86895
1.25894e-09	-0.869193
1.25901e-09	-0.869435
1.25908e-09	-0.869676
1.25915e-09	-0.869914
1.25922e-09	-0.870152
1.25929e-09	-0.870387
1.25936e-09	-0.870622
1.25943e-09	-0.870854
1.2595e-09	-0.871085
1.25957e-09	-0.871315
1.25965e-09	-0.871543
1.25972e-09	-0.871769
1.25979e-09	-0.871994
1.25986e-09	-0.872218
1.25993e-09	-0.87244
1.26e-09	-0.87266
1.26007e-09	-0.872878
1.26014e-09	-0.873096
1.26021e-09	-0.873311
1.26028e-09	-0.873525
1.26035e-09	-0.873738
1.26042e-09	-0.873949
1.26049e-09	-0.874158
1.26056e-09	-0.874366
1.26064e-09	-0.874572
1.26071e-09	-0.874777
1.26078e-09	-0.87498
1.26085e-09	-0.875181
1.26092e-09	-0.875381
1.26099e-09	-0.87558
1.26106e-09	-0.875777
1.26113e-09	-0.875972
1.2612e-09	-0.876166
1.26127e-09	-0.876358
1.26134e-09	-0.876549
1.26141e-09	-0.876738
1.26148e-09	-0.876925
1.26155e-09	-0.877111
1.26163e-09	-0.877296
1.2617e-09	-0.877478
1.26177e-09	-0.87766
1.26184e-09	-0.877839
1.26191e-09	-0.878017
1.26198e-09	-0.878194
1.26205e-09	-0.878369
1.26212e-09	-0.878542
1.26219e-09	-0.878714
1.26226e-09	-0.878884
1.26233e-09	-0.879053
1.2624e-09	-0.87922
1.26247e-09	-0.879385
1.26255e-09	-0.879549
1.26262e-09	-0.879712
1.26269e-09	-0.879872
1.26276e-09	-0.880032
1.26283e-09	-0.880189
1.2629e-09	-0.880345
1.26297e-09	-0.8805
1.26304e-09	-0.880653
1.26311e-09	-0.880804
1.26318e-09	-0.880954
1.26325e-09	-0.881102
1.26332e-09	-0.881248
1.26339e-09	-0.881393
1.26346e-09	-0.881537
1.26354e-09	-0.881678
1.26361e-09	-0.881819
1.26368e-09	-0.881957
1.26375e-09	-0.882094
1.26382e-09	-0.88223
1.26389e-09	-0.882363
1.26396e-09	-0.882496
1.26403e-09	-0.882626
1.2641e-09	-0.882755
1.26417e-09	-0.882883
1.26424e-09	-0.883009
1.26431e-09	-0.883133
1.26438e-09	-0.883256
1.26445e-09	-0.883377
1.26453e-09	-0.883496
1.2646e-09	-0.883614
1.26467e-09	-0.883731
1.26474e-09	-0.883845
1.26481e-09	-0.883959
1.26488e-09	-0.88407
1.26495e-09	-0.88418
1.26502e-09	-0.884288
1.26509e-09	-0.884395
1.26516e-09	-0.8845
1.26523e-09	-0.884604
1.2653e-09	-0.884706
1.26537e-09	-0.884806
1.26545e-09	-0.884905
1.26552e-09	-0.885002
1.26559e-09	-0.885098
1.26566e-09	-0.885192
1.26573e-09	-0.885284
1.2658e-09	-0.885375
1.26587e-09	-0.885464
1.26594e-09	-0.885551
1.26601e-09	-0.885637
1.26608e-09	-0.885722
1.26615e-09	-0.885804
1.26622e-09	-0.885886
1.26629e-09	-0.885965
1.26636e-09	-0.886043
1.26644e-09	-0.886119
1.26651e-09	-0.886194
1.26658e-09	-0.886267
1.26665e-09	-0.886339
1.26672e-09	-0.886408
1.26679e-09	-0.886477
1.26686e-09	-0.886543
1.26693e-09	-0.886608
1.267e-09	-0.886672
1.26707e-09	-0.886734
1.26714e-09	-0.886794
1.26721e-09	-0.886852
1.26728e-09	-0.886909
1.26735e-09	-0.886965
1.26743e-09	-0.887018
1.2675e-09	-0.887071
1.26757e-09	-0.887121
1.26764e-09	-0.88717
1.26771e-09	-0.887217
1.26778e-09	-0.887263
1.26785e-09	-0.887307
1.26792e-09	-0.887349
1.26799e-09	-0.88739
1.26806e-09	-0.88743
1.26813e-09	-0.887467
1.2682e-09	-0.887503
1.26827e-09	-0.887537
1.26834e-09	-0.88757
1.26842e-09	-0.887601
1.26849e-09	-0.887631
1.26856e-09	-0.887659
1.26863e-09	-0.887685
1.2687e-09	-0.88771
1.26877e-09	-0.887733
1.26884e-09	-0.887754
1.26891e-09	-0.887774
1.26898e-09	-0.887792
1.26905e-09	-0.887808
1.26912e-09	-0.887823
1.26919e-09	-0.887837
1.26926e-09	-0.887848
1.26934e-09	-0.887858
1.26941e-09	-0.887867
1.26948e-09	-0.887874
1.26955e-09	-0.887879
1.26962e-09	-0.887882
1.26969e-09	-0.887884
1.26976e-09	-0.887884
1.26983e-09	-0.887883
1.2699e-09	-0.88788
1.26997e-09	-0.887875
1.27004e-09	-0.887869
1.27011e-09	-0.887861
1.27018e-09	-0.887852
1.27025e-09	-0.887841
1.27033e-09	-0.887828
1.2704e-09	-0.887814
1.27047e-09	-0.887798
1.27054e-09	-0.88778
1.27061e-09	-0.887761
1.27068e-09	-0.88774
1.27075e-09	-0.887717
1.27082e-09	-0.887693
1.27089e-09	-0.887668
1.27096e-09	-0.88764
1.27103e-09	-0.887611
1.2711e-09	-0.88758
1.27117e-09	-0.887548
1.27124e-09	-0.887514
1.27132e-09	-0.887479
1.27139e-09	-0.887441
1.27146e-09	-0.887403
1.27153e-09	-0.887362
1.2716e-09	-0.88732
1.27167e-09	-0.887276
1.27174e-09	-0.887231
1.27181e-09	-0.887184
1.27188e-09	-0.887135
1.27195e-09	-0.887085
1.27202e-09	-0.887033
1.27209e-09	-0.88698
1.27216e-09	-0.886924
1.27223e-09	-0.886868
1.27231e-09	-0.886809
1.27238e-09	-0.886749
1.27245e-09	-0.886687
1.27252e-09	-0.886624
1.27259e-09	-0.886559
1.27266e-09	-0.886492
1.27273e-09	-0.886424
1.2728e-09	-0.886354
1.27287e-09	-0.886283
1.27294e-09	-0.88621
1.27301e-09	-0.886135
1.27308e-09	-0.886058
1.27315e-09	-0.88598
1.27323e-09	-0.885901
1.2733e-09	-0.885819
1.27337e-09	-0.885736
1.27344e-09	-0.885652
1.27351e-09	-0.885565
1.27358e-09	-0.885477
1.27365e-09	-0.885388
1.27372e-09	-0.885297
1.27379e-09	-0.885204
1.27386e-09	-0.885109
1.27393e-09	-0.885013
1.274e-09	-0.884916
1.27407e-09	-0.884816
1.27414e-09	-0.884715
1.27422e-09	-0.884612
1.27429e-09	-0.884508
1.27436e-09	-0.884402
1.27443e-09	-0.884295
1.2745e-09	-0.884185
1.27457e-09	-0.884075
1.27464e-09	-0.883962
1.27471e-09	-0.883848
1.27478e-09	-0.883732
1.27485e-09	-0.883615
1.27492e-09	-0.883496
1.27499e-09	-0.883375
1.27506e-09	-0.883253
1.27513e-09	-0.883129
1.27521e-09	-0.883003
1.27528e-09	-0.882876
1.27535e-09	-0.882747
1.27542e-09	-0.882616
1.27549e-09	-0.882484
1.27556e-09	-0.88235
1.27563e-09	-0.882215
1.2757e-09	-0.882077
1.27577e-09	-0.881939
1.27584e-09	-0.881798
1.27591e-09	-0.881656
1.27598e-09	-0.881513
1.27605e-09	-0.881367
1.27613e-09	-0.88122
1.2762e-09	-0.881072
1.27627e-09	-0.880921
1.27634e-09	-0.880769
1.27641e-09	-0.880616
1.27648e-09	-0.880461
1.27655e-09	-0.880304
1.27662e-09	-0.880145
1.27669e-09	-0.879985
1.27676e-09	-0.879824
1.27683e-09	-0.87966
1.2769e-09	-0.879495
1.27697e-09	-0.879328
1.27704e-09	-0.87916
1.27712e-09	-0.87899
1.27719e-09	-0.878819
1.27726e-09	-0.878645
1.27733e-09	-0.87847
1.2774e-09	-0.878294
1.27747e-09	-0.878116
1.27754e-09	-0.877936
1.27761e-09	-0.877754
1.27768e-09	-0.877571
1.27775e-09	-0.877387
1.27782e-09	-0.8772
1.27789e-09	-0.877012
1.27796e-09	-0.876823
1.27803e-09	-0.876631
1.27811e-09	-0.876438
1.27818e-09	-0.876244
1.27825e-09	-0.876047
1.27832e-09	-0.87585
1.27839e-09	-0.87565
1.27846e-09	-0.875449
1.27853e-09	-0.875246
1.2786e-09	-0.875042
1.27867e-09	-0.874836
1.27874e-09	-0.874628
1.27881e-09	-0.874418
1.27888e-09	-0.874207
1.27895e-09	-0.873995
1.27902e-09	-0.873781
1.2791e-09	-0.873565
1.27917e-09	-0.873347
1.27924e-09	-0.873128
1.27931e-09	-0.872907
1.27938e-09	-0.872685
1.27945e-09	-0.87246
1.27952e-09	-0.872235
1.27959e-09	-0.872007
1.27966e-09	-0.871778
1.27973e-09	-0.871548
1.2798e-09	-0.871315
1.27987e-09	-0.871081
1.27994e-09	-0.870846
1.28002e-09	-0.870608
1.28009e-09	-0.87037
1.28016e-09	-0.870129
1.28023e-09	-0.869887
1.2803e-09	-0.869643
1.28037e-09	-0.869398
1.28044e-09	-0.869151
1.28051e-09	-0.868902
1.28058e-09	-0.868652
1.28065e-09	-0.8684
1.28072e-09	-0.868146
1.28079e-09	-0.867891
1.28086e-09	-0.867634
1.28093e-09	-0.867375
1.28101e-09	-0.867115
1.28108e-09	-0.866853
1.28115e-09	-0.86659
1.28122e-09	-0.866325
1.28129e-09	-0.866058
1.28136e-09	-0.86579
1.28143e-09	-0.86552
1.2815e-09	-0.865248
1.28157e-09	-0.864975
1.28164e-09	-0.8647
1.28171e-09	-0.864424
1.28178e-09	-0.864146
1.28185e-09	-0.863866
1.28192e-09	-0.863584
1.282e-09	-0.863301
1.28207e-09	-0.863017
1.28214e-09	-0.86273
1.28221e-09	-0.862442
1.28228e-09	-0.862153
1.28235e-09	-0.861862
1.28242e-09	-0.861569
1.28249e-09	-0.861274
1.28256e-09	-0.860978
1.28263e-09	-0.86068
1.2827e-09	-0.860381
1.28277e-09	-0.86008
1.28284e-09	-0.859778
1.28292e-09	-0.859473
1.28299e-09	-0.859167
1.28306e-09	-0.85886
1.28313e-09	-0.858551
1.2832e-09	-0.85824
1.28327e-09	-0.857928
1.28334e-09	-0.857614
1.28341e-09	-0.857298
1.28348e-09	-0.856981
1.28355e-09	-0.856662
1.28362e-09	-0.856341
1.28369e-09	-0.856019
1.28376e-09	-0.855695
1.28383e-09	-0.85537
1.28391e-09	-0.855043
1.28398e-09	-0.854714
1.28405e-09	-0.854384
1.28412e-09	-0.854052
1.28419e-09	-0.853718
1.28426e-09	-0.853383
1.28433e-09	-0.853047
1.2844e-09	-0.852708
1.28447e-09	-0.852368
1.28454e-09	-0.852026
1.28461e-09	-0.851683
1.28468e-09	-0.851338
1.28475e-09	-0.850992
1.28482e-09	-0.850644
1.2849e-09	-0.850294
1.28497e-09	-0.849943
1.28504e-09	-0.84959
1.28511e-09	-0.849235
1.28518e-09	-0.848879
1.28525e-09	-0.848521
1.28532e-09	-0.848161
1.28539e-09	-0.8478
1.28546e-09	-0.847438
1.28553e-09	-0.847073
1.2856e-09	-0.846707
1.28567e-09	-0.84634
1.28574e-09	-0.845971
1.28581e-09	-0.8456
1.28589e-09	-0.845227
1.28596e-09	-0.844853
1.28603e-09	-0.844478
1.2861e-09	-0.844101
1.28617e-09	-0.843722
1.28624e-09	-0.843341
1.28631e-09	-0.842959
1.28638e-09	-0.842576
1.28645e-09	-0.84219
1.28652e-09	-0.841803
1.28659e-09	-0.841415
1.28666e-09	-0.841025
1.28673e-09	-0.840633
1.28681e-09	-0.84024
1.28688e-09	-0.839845
1.28695e-09	-0.839448
1.28702e-09	-0.83905
1.28709e-09	-0.83865
1.28716e-09	-0.838249
1.28723e-09	-0.837846
1.2873e-09	-0.837441
1.28737e-09	-0.837035
1.28744e-09	-0.836627
1.28751e-09	-0.836218
1.28758e-09	-0.835807
1.28765e-09	-0.835394
1.28772e-09	-0.83498
1.2878e-09	-0.834564
1.28787e-09	-0.834147
1.28794e-09	-0.833728
1.28801e-09	-0.833307
1.28808e-09	-0.832885
1.28815e-09	-0.832461
1.28822e-09	-0.832036
1.28829e-09	-0.831609
1.28836e-09	-0.83118
1.28843e-09	-0.83075
1.2885e-09	-0.830318
1.28857e-09	-0.829885
1.28864e-09	-0.82945
1.28871e-09	-0.829013
1.28879e-09	-0.828575
1.28886e-09	-0.828135
1.28893e-09	-0.827694
1.289e-09	-0.827251
1.28907e-09	-0.826806
1.28914e-09	-0.82636
1.28921e-09	-0.825912
1.28928e-09	-0.825463
1.28935e-09	-0.825012
1.28942e-09	-0.824559
1.28949e-09	-0.824105
1.28956e-09	-0.82365
1.28963e-09	-0.823192
1.28971e-09	-0.822733
1.28978e-09	-0.822273
1.28985e-09	-0.821811
1.28992e-09	-0.821347
1.28999e-09	-0.820882
1.29006e-09	-0.820415
1.29013e-09	-0.819947
1.2902e-09	-0.819477
1.29027e-09	-0.819005
1.29034e-09	-0.818532
1.29041e-09	-0.818058
1.29048e-09	-0.817581
1.29055e-09	-0.817104
1.29062e-09	-0.816624
1.2907e-09	-0.816143
1.29077e-09	-0.81566
1.29084e-09	-0.815176
1.29091e-09	-0.814691
1.29098e-09	-0.814203
1.29105e-09	-0.813714
1.29112e-09	-0.813224
1.29119e-09	-0.812732
1.29126e-09	-0.812238
1.29133e-09	-0.811743
1.2914e-09	-0.811246
1.29147e-09	-0.810748
1.29154e-09	-0.810248
1.29161e-09	-0.809747
1.29169e-09	-0.809243
1.29176e-09	-0.808739
1.29183e-09	-0.808233
1.2919e-09	-0.807725
1.29197e-09	-0.807216
1.29204e-09	-0.806705
1.29211e-09	-0.806192
1.29218e-09	-0.805678
1.29225e-09	-0.805163
1.29232e-09	-0.804646
1.29239e-09	-0.804127
1.29246e-09	-0.803607
1.29253e-09	-0.803085
1.2926e-09	-0.802561
1.29268e-09	-0.802037
1.29275e-09	-0.80151
1.29282e-09	-0.800982
1.29289e-09	-0.800452
1.29296e-09	-0.799921
1.29303e-09	-0.799389
1.2931e-09	-0.798854
1.29317e-09	-0.798318
1.29324e-09	-0.797781
1.29331e-09	-0.797242
1.29338e-09	-0.796702
1.29345e-09	-0.79616
1.29352e-09	-0.795616
1.2936e-09	-0.795071
1.29367e-09	-0.794524
1.29374e-09	-0.793976
1.29381e-09	-0.793426
1.29388e-09	-0.792875
1.29395e-09	-0.792322
1.29402e-09	-0.791768
1.29409e-09	-0.791212
1.29416e-09	-0.790654
1.29423e-09	-0.790095
1.2943e-09	-0.789535
1.29437e-09	-0.788973
1.29444e-09	-0.788409
1.29451e-09	-0.787844
1.29459e-09	-0.787277
1.29466e-09	-0.786709
1.29473e-09	-0.786139
1.2948e-09	-0.785568
1.29487e-09	-0.784995
1.29494e-09	-0.78442
1.29501e-09	-0.783844
1.29508e-09	-0.783267
1.29515e-09	-0.782688
1.29522e-09	-0.782107
1.29529e-09	-0.781525
1.29536e-09	-0.780942
1.29543e-09	-0.780357
1.2955e-09	-0.77977
1.29558e-09	-0.779182
1.29565e-09	-0.778592
1.29572e-09	-0.778001
1.29579e-09	-0.777408
1.29586e-09	-0.776814
1.29593e-09	-0.776218
1.296e-09	-0.775621
1.29607e-09	-0.775022
1.29614e-09	-0.774422
1.29621e-09	-0.77382
1.29628e-09	-0.773217
1.29635e-09	-0.772612
1.29642e-09	-0.772005
1.29649e-09	-0.771397
1.29657e-09	-0.770788
1.29664e-09	-0.770177
1.29671e-09	-0.769565
1.29678e-09	-0.768951
1.29685e-09	-0.768335
1.29692e-09	-0.767718
1.29699e-09	-0.7671
1.29706e-09	-0.76648
1.29713e-09	-0.765858
1.2972e-09	-0.765235
1.29727e-09	-0.764611
1.29734e-09	-0.763985
1.29741e-09	-0.763357
1.29749e-09	-0.762728
1.29756e-09	-0.762098
1.29763e-09	-0.761466
1.2977e-09	-0.760832
1.29777e-09	-0.760197
1.29784e-09	-0.759561
1.29791e-09	-0.758923
1.29798e-09	-0.758283
1.29805e-09	-0.757642
1.29812e-09	-0.757
1.29819e-09	-0.756356
1.29826e-09	-0.75571
1.29833e-09	-0.755063
1.2984e-09	-0.754415
1.29848e-09	-0.753765
1.29855e-09	-0.753114
1.29862e-09	-0.752461
1.29869e-09	-0.751806
1.29876e-09	-0.75115
1.29883e-09	-0.750493
1.2989e-09	-0.749834
1.29897e-09	-0.749174
1.29904e-09	-0.748512
1.29911e-09	-0.747849
1.29918e-09	-0.747184
1.29925e-09	-0.746518
1.29932e-09	-0.74585
1.29939e-09	-0.745181
1.29947e-09	-0.74451
1.29954e-09	-0.743838
1.29961e-09	-0.743165
1.29968e-09	-0.74249
1.29975e-09	-0.741813
1.29982e-09	-0.741135
1.29989e-09	-0.740456
1.29996e-09	-0.739775
1.30003e-09	-0.739092
1.3001e-09	-0.738409
1.30017e-09	-0.737723
1.30024e-09	-0.737036
1.30031e-09	-0.736348
1.30039e-09	-0.735659
1.30046e-09	-0.734967
1.30053e-09	-0.734275
1.3006e-09	-0.733581
1.30067e-09	-0.732885
1.30074e-09	-0.732188
1.30081e-09	-0.73149
1.30088e-09	-0.73079
1.30095e-09	-0.730089
1.30102e-09	-0.729386
1.30109e-09	-0.728682
1.30116e-09	-0.727976
1.30123e-09	-0.727269
1.3013e-09	-0.72656
1.30138e-09	-0.72585
1.30145e-09	-0.725139
1.30152e-09	-0.724426
1.30159e-09	-0.723712
1.30166e-09	-0.722996
1.30173e-09	-0.722279
1.3018e-09	-0.72156
1.30187e-09	-0.72084
1.30194e-09	-0.720119
1.30201e-09	-0.719396
1.30208e-09	-0.718671
1.30215e-09	-0.717945
1.30222e-09	-0.717218
1.30229e-09	-0.716489
1.30237e-09	-0.715759
1.30244e-09	-0.715028
1.30251e-09	-0.714295
1.30258e-09	-0.713561
1.30265e-09	-0.712825
1.30272e-09	-0.712088
1.30279e-09	-0.711349
1.30286e-09	-0.710609
1.30293e-09	-0.709867
1.303e-09	-0.709125
1.30307e-09	-0.70838
1.30314e-09	-0.707635
1.30321e-09	-0.706887
1.30328e-09	-0.706139
1.30336e-09	-0.705389
1.30343e-09	-0.704638
1.3035e-09	-0.703885
1.30357e-09	-0.703131
1.30364e-09	-0.702375
1.30371e-09	-0.701618
1.30378e-09	-0.70086
1.30385e-09	-0.7001
1.30392e-09	-0.699339
1.30399e-09	-0.698576
1.30406e-09	-0.697812
1.30413e-09	-0.697047
1.3042e-09	-0.69628
1.30428e-09	-0.695512
1.30435e-09	-0.694742
1.30442e-09	-0.693971
1.30449e-09	-0.693199
1.30456e-09	-0.692425
1.30463e-09	-0.69165
1.3047e-09	-0.690874
1.30477e-09	-0.690096
1.30484e-09	-0.689316
1.30491e-09	-0.688536
1.30498e-09	-0.687754
1.30505e-09	-0.68697
1.30512e-09	-0.686185
1.30519e-09	-0.685399
1.30527e-09	-0.684612
1.30534e-09	-0.683823
1.30541e-09	-0.683032
1.30548e-09	-0.682241
1.30555e-09	-0.681448
1.30562e-09	-0.680653
1.30569e-09	-0.679857
1.30576e-09	-0.67906
1.30583e-09	-0.678262
1.3059e-09	-0.677462
1.30597e-09	-0.676661
1.30604e-09	-0.675858
1.30611e-09	-0.675054
1.30618e-09	-0.674249
1.30626e-09	-0.673442
1.30633e-09	-0.672634
1.3064e-09	-0.671825
1.30647e-09	-0.671014
1.30654e-09	-0.670202
1.30661e-09	-0.669388
1.30668e-09	-0.668573
1.30675e-09	-0.667757
1.30682e-09	-0.66694
1.30689e-09	-0.666121
1.30696e-09	-0.6653
1.30703e-09	-0.664479
1.3071e-09	-0.663656
1.30718e-09	-0.662832
1.30725e-09	-0.662006
1.30732e-09	-0.661179
1.30739e-09	-0.660351
1.30746e-09	-0.659521
1.30753e-09	-0.658691
1.3076e-09	-0.657858
1.30767e-09	-0.657025
1.30774e-09	-0.65619
1.30781e-09	-0.655354
1.30788e-09	-0.654516
1.30795e-09	-0.653677
1.30802e-09	-0.652837
1.30809e-09	-0.651995
1.30817e-09	-0.651152
1.30824e-09	-0.650308
1.30831e-09	-0.649463
1.30838e-09	-0.648616
1.30845e-09	-0.647768
1.30852e-09	-0.646918
1.30859e-09	-0.646068
1.30866e-09	-0.645216
1.30873e-09	-0.644362
1.3088e-09	-0.643507
1.30887e-09	-0.642651
1.30894e-09	-0.641794
1.30901e-09	-0.640936
1.30908e-09	-0.640076
1.30916e-09	-0.639214
1.30923e-09	-0.638352
1.3093e-09	-0.637488
1.30937e-09	-0.636623
1.30944e-09	-0.635757
1.30951e-09	-0.634889
1.30958e-09	-0.63402
1.30965e-09	-0.63315
1.30972e-09	-0.632278
1.30979e-09	-0.631405
1.30986e-09	-0.630531
1.30993e-09	-0.629656
1.31e-09	-0.628779
1.31007e-09	-0.627901
1.31015e-09	-0.627022
1.31022e-09	-0.626141
1.31029e-09	-0.625259
1.31036e-09	-0.624376
1.31043e-09	-0.623492
1.3105e-09	-0.622606
1.31057e-09	-0.621719
1.31064e-09	-0.620831
1.31071e-09	-0.619941
1.31078e-09	-0.619051
1.31085e-09	-0.618159
1.31092e-09	-0.617265
1.31099e-09	-0.616371
1.31107e-09	-0.615475
1.31114e-09	-0.614578
1.31121e-09	-0.61368
1.31128e-09	-0.61278
1.31135e-09	-0.611879
1.31142e-09	-0.610977
1.31149e-09	-0.610074
1.31156e-09	-0.609169
1.31163e-09	-0.608264
1.3117e-09	-0.607357
1.31177e-09	-0.606448
1.31184e-09	-0.605539
1.31191e-09	-0.604628
1.31198e-09	-0.603716
1.31206e-09	-0.602803
1.31213e-09	-0.601888
1.3122e-09	-0.600972
1.31227e-09	-0.600055
1.31234e-09	-0.599137
1.31241e-09	-0.598218
1.31248e-09	-0.597297
1.31255e-09	-0.596375
1.31262e-09	-0.595452
1.31269e-09	-0.594528
1.31276e-09	-0.593602
1.31283e-09	-0.592675
1.3129e-09	-0.591747
1.31297e-09	-0.590818
1.31305e-09	-0.589887
1.31312e-09	-0.588956
1.31319e-09	-0.588023
1.31326e-09	-0.587089
1.31333e-09	-0.586153
1.3134e-09	-0.585217
1.31347e-09	-0.584279
1.31354e-09	-0.58334
1.31361e-09	-0.5824
1.31368e-09	-0.581459
1.31375e-09	-0.580516
1.31382e-09	-0.579572
1.31389e-09	-0.578627
1.31397e-09	-0.577681
1.31404e-09	-0.576734
1.31411e-09	-0.575785
1.31418e-09	-0.574836
1.31425e-09	-0.573885
1.31432e-09	-0.572933
1.31439e-09	-0.571979
1.31446e-09	-0.571025
1.31453e-09	-0.570069
1.3146e-09	-0.569113
1.31467e-09	-0.568155
1.31474e-09	-0.567195
1.31481e-09	-0.566235
1.31488e-09	-0.565273
1.31496e-09	-0.564311
1.31503e-09	-0.563347
1.3151e-09	-0.562382
1.31517e-09	-0.561416
1.31524e-09	-0.560448
1.31531e-09	-0.55948
1.31538e-09	-0.55851
1.31545e-09	-0.557539
1.31552e-09	-0.556567
1.31559e-09	-0.555594
1.31566e-09	-0.554619
1.31573e-09	-0.553644
1.3158e-09	-0.552667
1.31587e-09	-0.55169
1.31595e-09	-0.550711
1.31602e-09	-0.54973
1.31609e-09	-0.548749
1.31616e-09	-0.547767
1.31623e-09	-0.546783
1.3163e-09	-0.545799
1.31637e-09	-0.544813
1.31644e-09	-0.543826
1.31651e-09	-0.542838
1.31658e-09	-0.541849
1.31665e-09	-0.540858
1.31672e-09	-0.539867
1.31679e-09	-0.538874
1.31686e-09	-0.53788
1.31694e-09	-0.536885
1.31701e-09	-0.53589
1.31708e-09	-0.534892
1.31715e-09	-0.533894
1.31722e-09	-0.532895
1.31729e-09	-0.531894
1.31736e-09	-0.530893
1.31743e-09	-0.52989
1.3175e-09	-0.528886
1.31757e-09	-0.527881
1.31764e-09	-0.526875
1.31771e-09	-0.525868
1.31778e-09	-0.52486
1.31786e-09	-0.523851
1.31793e-09	-0.52284
1.318e-09	-0.521829
1.31807e-09	-0.520816
1.31814e-09	-0.519802
1.31821e-09	-0.518788
1.31828e-09	-0.517772
1.31835e-09	-0.516755
1.31842e-09	-0.515737
1.31849e-09	-0.514717
1.31856e-09	-0.513697
1.31863e-09	-0.512676
1.3187e-09	-0.511653
1.31877e-09	-0.51063
1.31885e-09	-0.509605
1.31892e-09	-0.50858
1.31899e-09	-0.507553
1.31906e-09	-0.506525
1.31913e-09	-0.505496
1.3192e-09	-0.504466
1.31927e-09	-0.503435
1.31934e-09	-0.502403
1.31941e-09	-0.50137
1.31948e-09	-0.500336
1.31955e-09	-0.499301
1.31962e-09	-0.498265
1.31969e-09	-0.497227
1.31976e-09	-0.496189
1.31984e-09	-0.495149
1.31991e-09	-0.494109
1.31998e-09	-0.493067
1.32005e-09	-0.492025
1.32012e-09	-0.490981
1.32019e-09	-0.489936
1.32026e-09	-0.488891
1.32033e-09	-0.487844
1.3204e-09	-0.486796
1.32047e-09	-0.485747
1.32054e-09	-0.484697
1.32061e-09	-0.483647
1.32068e-09	-0.482595
1.32075e-09	-0.481542
1.32083e-09	-0.480488
1.3209e-09	-0.479433
1.32097e-09	-0.478377
1.32104e-09	-0.47732
1.32111e-09	-0.476262
1.32118e-09	-0.475202
1.32125e-09	-0.474142
1.32132e-09	-0.473081
1.32139e-09	-0.472019
1.32146e-09	-0.470956
1.32153e-09	-0.469892
1.3216e-09	-0.468827
1.32167e-09	-0.467761
1.32175e-09	-0.466694
1.32182e-09	-0.465625
1.32189e-09	-0.464556
1.32196e-09	-0.463486
1.32203e-09	-0.462415
1.3221e-09	-0.461343
1.32217e-09	-0.46027
1.32224e-09	-0.459196
1.32231e-09	-0.458121
1.32238e-09	-0.457045
1.32245e-09	-0.455968
1.32252e-09	-0.45489
1.32259e-09	-0.453811
1.32266e-09	-0.452731
1.32274e-09	-0.45165
1.32281e-09	-0.450568
1.32288e-09	-0.449485
1.32295e-09	-0.448401
1.32302e-09	-0.447316
1.32309e-09	-0.44623
1.32316e-09	-0.445144
1.32323e-09	-0.444056
1.3233e-09	-0.442967
1.32337e-09	-0.441878
1.32344e-09	-0.440787
1.32351e-09	-0.439696
1.32358e-09	-0.438603
1.32365e-09	-0.43751
1.32373e-09	-0.436415
1.3238e-09	-0.43532
1.32387e-09	-0.434224
1.32394e-09	-0.433126
1.32401e-09	-0.432028
1.32408e-09	-0.430929
1.32415e-09	-0.429829
1.32422e-09	-0.428728
1.32429e-09	-0.427626
1.32436e-09	-0.426524
1.32443e-09	-0.42542
1.3245e-09	-0.424315
1.32457e-09	-0.42321
1.32465e-09	-0.422103
1.32472e-09	-0.420996
1.32479e-09	-0.419887
1.32486e-09	-0.418778
1.32493e-09	-0.417668
1.325e-09	-0.416557
1.32507e-09	-0.415445
1.32514e-09	-0.414332
1.32521e-09	-0.413218
1.32528e-09	-0.412104
1.32535e-09	-0.410988
1.32542e-09	-0.409872
1.32549e-09	-0.408754
1.32556e-09	-0.407636
1.32564e-09	-0.406517
1.32571e-09	-0.405397
1.32578e-09	-0.404276
1.32585e-09	-0.403154
1.32592e-09	-0.402031
1.32599e-09	-0.400907
1.32606e-09	-0.399783
1.32613e-09	-0.398658
1.3262e-09	-0.397531
1.32627e-09	-0.396404
1.32634e-09	-0.395276
1.32641e-09	-0.394147
1.32648e-09	-0.393018
1.32655e-09	-0.391887
1.32663e-09	-0.390756
1.3267e-09	-0.389623
1.32677e-09	-0.38849
1.32684e-09	-0.387356
1.32691e-09	-0.386221
1.32698e-09	-0.385085
1.32705e-09	-0.383949
1.32712e-09	-0.382811
1.32719e-09	-0.381673
1.32726e-09	-0.380534
1.32733e-09	-0.379394
1.3274e-09	-0.378253
1.32747e-09	-0.377111
1.32754e-09	-0.375969
1.32762e-09	-0.374826
1.32769e-09	-0.373681
1.32776e-09	-0.372536
1.32783e-09	-0.371391
1.3279e-09	-0.370244
1.32797e-09	-0.369097
1.32804e-09	-0.367948
1.32811e-09	-0.366799
1.32818e-09	-0.365649
1.32825e-09	-0.364498
1.32832e-09	-0.363347
1.32839e-09	-0.362194
1.32846e-09	-0.361041
1.32854e-09	-0.359887
1.32861e-09	-0.358732
1.32868e-09	-0.357577
1.32875e-09	-0.35642
1.32882e-09	-0.355263
1.32889e-09	-0.354105
1.32896e-09	-0.352946
1.32903e-09	-0.351787
1.3291e-09	-0.350626
1.32917e-09	-0.349465
1.32924e-09	-0.348303
1.32931e-09	-0.34714
1.32938e-09	-0.345977
1.32945e-09	-0.344813
1.32953e-09	-0.343648
1.3296e-09	-0.342482
1.32967e-09	-0.341315
1.32974e-09	-0.340148
1.32981e-09	-0.338979
1.32988e-09	-0.33781
1.32995e-09	-0.336641
1.33002e-09	-0.33547
1.33009e-09	-0.334299
1.33016e-09	-0.333127
1.33023e-09	-0.331954
1.3303e-09	-0.330781
1.33037e-09	-0.329607
1.33044e-09	-0.328432
1.33052e-09	-0.327256
1.33059e-09	-0.326079
1.33066e-09	-0.324902
1.33073e-09	-0.323724
1.3308e-09	-0.322545
1.33087e-09	-0.321366
1.33094e-09	-0.320186
1.33101e-09	-0.319005
1.33108e-09	-0.317823
1.33115e-09	-0.316641
1.33122e-09	-0.315457
1.33129e-09	-0.314274
1.33136e-09	-0.313089
1.33144e-09	-0.311904
1.33151e-09	-0.310718
1.33158e-09	-0.309531
1.33165e-09	-0.308344
1.33172e-09	-0.307155
1.33179e-09	-0.305967
1.33186e-09	-0.304777
1.33193e-09	-0.303587
1.332e-09	-0.302396
1.33207e-09	-0.301204
1.33214e-09	-0.300012
1.33221e-09	-0.298819
1.33228e-09	-0.297625
1.33235e-09	-0.29643
1.33243e-09	-0.295235
1.3325e-09	-0.294039
1.33257e-09	-0.292843
1.33264e-09	-0.291646
1.33271e-09	-0.290448
1.33278e-09	-0.289249
1.33285e-09	-0.28805
1.33292e-09	-0.28685
1.33299e-09	-0.28565
1.33306e-09	-0.284448
1.33313e-09	-0.283246
1.3332e-09	-0.282044
1.33327e-09	-0.280841
1.33334e-09	-0.279637
1.33342e-09	-0.278432
1.33349e-09	-0.277227
1.33356e-09	-0.276021
1.33363e-09	-0.274815
1.3337e-09	-0.273607
1.33377e-09	-0.2724
1.33384e-09	-0.271191
1.33391e-09	-0.269982
1.33398e-09	-0.268772
1.33405e-09	-0.267562
1.33412e-09	-0.266351
1.33419e-09	-0.265139
1.33426e-09	-0.263927
1.33433e-09	-0.262714
1.33441e-09	-0.2615
1.33448e-09	-0.260286
1.33455e-09	-0.259071
1.33462e-09	-0.257856
1.33469e-09	-0.25664
1.33476e-09	-0.255423
1.33483e-09	-0.254206
1.3349e-09	-0.252988
1.33497e-09	-0.25177
1.33504e-09	-0.250551
1.33511e-09	-0.249331
1.33518e-09	-0.248111
1.33525e-09	-0.24689
1.33533e-09	-0.245668
1.3354e-09	-0.244446
1.33547e-09	-0.243224
1.33554e-09	-0.242
1.33561e-09	-0.240776
1.33568e-09	-0.239552
1.33575e-09	-0.238327
1.33582e-09	-0.237101
1.33589e-09	-0.235875
1.33596e-09	-0.234648
1.33603e-09	-0.233421
1.3361e-09	-0.232193
1.33617e-09	-0.230965
1.33624e-09	-0.229736
1.33632e-09	-0.228506
1.33639e-09	-0.227276
1.33646e-09	-0.226045
1.33653e-09	-0.224814
1.3366e-09	-0.223582
1.33667e-09	-0.222349
1.33674e-09	-0.221116
1.33681e-09	-0.219883
1.33688e-09	-0.218649
1.33695e-09	-0.217414
1.33702e-09	-0.216179
1.33709e-09	-0.214943
1.33716e-09	-0.213707
1.33723e-09	-0.21247
1.33731e-09	-0.211233
1.33738e-09	-0.209995
1.33745e-09	-0.208757
1.33752e-09	-0.207518
1.33759e-09	-0.206279
1.33766e-09	-0.205039
1.33773e-09	-0.203798
1.3378e-09	-0.202557
1.33787e-09	-0.201316
1.33794e-09	-0.200074
1.33801e-09	-0.198831
1.33808e-09	-0.197588
1.33815e-09	-0.196345
1.33823e-09	-0.195101
1.3383e-09	-0.193856
1.33837e-09	-0.192611
1.33844e-09	-0.191365
1.33851e-09	-0.190119
1.33858e-09	-0.188873
1.33865e-09	-0.187626
1.33872e-09	-0.186378
1.33879e-09	-0.18513
1.33886e-09	-0.183882
1.33893e-09	-0.182633
1.339e-09	-0.181384
1.33907e-09	-0.180134
1.33914e-09	-0.178883
1.33922e-09	-0.177632
1.33929e-09	-0.176381
1.33936e-09	-0.175129
1.33943e-09	-0.173877
1.3395e-09	-0.172624
1.33957e-09	-0.171371
1.33964e-09	-0.170118
1.33971e-09	-0.168864
1.33978e-09	-0.167609
1.33985e-09	-0.166354
1.33992e-09	-0.165099
1.33999e-09	-0.163843
1.34006e-09	-0.162586
1.34013e-09	-0.16133
1.34021e-09	-0.160073
1.34028e-09	-0.158815
1.34035e-09	-0.157557
1.34042e-09	-0.156298
1.34049e-09	-0.155039
1.34056e-09	-0.15378
1.34063e-09	-0.15252
1.3407e-09	-0.15126
1.34077e-09	-0.15
1.34084e-09	-0.148738
1.34091e-09	-0.147477
1.34098e-09	-0.146215
1.34105e-09	-0.144953
1.34112e-09	-0.14369
1.3412e-09	-0.142427
1.34127e-09	-0.141164
1.34134e-09	-0.1399
1.34141e-09	-0.138636
1.34148e-09	-0.137371
1.34155e-09	-0.136106
1.34162e-09	-0.13484
1.34169e-09	-0.133574
1.34176e-09	-0.132308
1.34183e-09	-0.131042
1.3419e-09	-0.129775
1.34197e-09	-0.128507
1.34204e-09	-0.127239
1.34212e-09	-0.125971
1.34219e-09	-0.124703
1.34226e-09	-0.123434
1.34233e-09	-0.122165
1.3424e-09	-0.120895
1.34247e-09	-0.119625
1.34254e-09	-0.118355
1.34261e-09	-0.117084
1.34268e-09	-0.115813
1.34275e-09	-0.114542
1.34282e-09	-0.11327
1.34289e-09	-0.111998
1.34296e-09	-0.110725
1.34303e-09	-0.109453
1.34311e-09	-0.10818
1.34318e-09	-0.106906
1.34325e-09	-0.105632
1.34332e-09	-0.104358
1.34339e-09	-0.103084
1.34346e-09	-0.101809
1.34353e-09	-0.100534
1.3436e-09	-0.0992583
1.34367e-09	-0.0979826
1.34374e-09	-0.0967065
1.34381e-09	-0.0954301
1.34388e-09	-0.0941534
1.34395e-09	-0.0928764
1.34402e-09	-0.091599
1.3441e-09	-0.0903214
1.34417e-09	-0.0890434
1.34424e-09	-0.0877652
1.34431e-09	-0.0864866
1.34438e-09	-0.0852078
1.34445e-09	-0.0839287
1.34452e-09	-0.0826492
1.34459e-09	-0.0813695
1.34466e-09	-0.0800895
1.34473e-09	-0.0788092
1.3448e-09	-0.0775286
1.34487e-09	-0.0762478
1.34494e-09	-0.0749666
1.34501e-09	-0.0736852
1.34509e-09	-0.0724035
1.34516e-09	-0.0711216
1.34523e-09	-0.0698393
1.3453e-09	-0.0685568
1.34537e-09	-0.0672741
1.34544e-09	-0.0659911
1.34551e-09	-0.0647078
1.34558e-09	-0.0634242
1.34565e-09	-0.0621404
1.34572e-09	-0.0608564
1.34579e-09	-0.0595721
1.34586e-09	-0.0582876
1.34593e-09	-0.0570028
1.34601e-09	-0.0557178
1.34608e-09	-0.0544325
1.34615e-09	-0.053147
1.34622e-09	-0.0518613
1.34629e-09	-0.0505753
1.34636e-09	-0.0492891
1.34643e-09	-0.0480027
1.3465e-09	-0.0467161
1.34657e-09	-0.0454292
1.34664e-09	-0.0441421
1.34671e-09	-0.0428548
1.34678e-09	-0.0415673
1.34685e-09	-0.0402795
1.34692e-09	-0.0389916
1.347e-09	-0.0377034
1.34707e-09	-0.0364151
1.34714e-09	-0.0351265
1.34721e-09	-0.0338378
1.34728e-09	-0.0325488
1.34735e-09	-0.0312597
1.34742e-09	-0.0299703
1.34749e-09	-0.0286808
1.34756e-09	-0.027391
1.34763e-09	-0.0261011
1.3477e-09	-0.024811
1.34777e-09	-0.0235208
1.34784e-09	-0.0222303
1.34791e-09	-0.0209397
1.34799e-09	-0.0196489
1.34806e-09	-0.0183579
1.34813e-09	-0.0170668
1.3482e-09	-0.0157754
1.34827e-09	-0.014484
1.34834e-09	-0.0131923
1.34841e-09	-0.0119005
1.34848e-09	-0.0106086
1.34855e-09	-0.00931648
1.34862e-09	-0.00802423
1.34869e-09	-0.00673182
1.34876e-09	-0.00543927
1.34883e-09	-0.00414658
1.34891e-09	-0.00285374
1.34898e-09	-0.00156077
1.34905e-09	-0.000267654
1.34912e-09	0.00102559
1.34919e-09	0.00231897
1.34926e-09	0.00361248
1.34933e-09	0.00490611
1.3494e-09	0.00619987
1.34947e-09	0.00749375
1.34954e-09	0.00878775
1.34961e-09	0.0100819
1.34968e-09	0.0113761
1.34975e-09	0.0126704
1.34982e-09	0.0139649
1.3499e-09	0.0152595
1.34997e-09	0.0165541
1.35004e-09	0.0178489
1.35011e-09	0.0191438
1.35018e-09	0.0204387
1.35025e-09	0.0217338
1.35032e-09	0.0230289
1.35039e-09	0.0243242
1.35046e-09	0.0256195
1.35053e-09	0.0269149
1.3506e-09	0.0282104
1.35067e-09	0.029506
1.35074e-09	0.0308017
1.35081e-09	0.0320974
1.35089e-09	0.0333932
1.35096e-09	0.0346891
1.35103e-09	0.035985
1.3511e-09	0.037281
1.35117e-09	0.0385771
1.35124e-09	0.0398732
1.35131e-09	0.0411694
1.35138e-09	0.0424656
1.35145e-09	0.0437619
1.35152e-09	0.0450583
1.35159e-09	0.0463547
1.35166e-09	0.0476511
1.35173e-09	0.0489476
1.3518e-09	0.0502441
1.35188e-09	0.0515407
1.35195e-09	0.0528373
1.35202e-09	0.0541339
1.35209e-09	0.0554306
1.35216e-09	0.0567272
1.35223e-09	0.058024
1.3523e-09	0.0593207
1.35237e-09	0.0606175
1.35244e-09	0.0619142
1.35251e-09	0.063211
1.35258e-09	0.0645078
1.35265e-09	0.0658046
1.35272e-09	0.0671015
1.3528e-09	0.0683983
1.35287e-09	0.0696951
1.35294e-09	0.070992
1.35301e-09	0.0722888
1.35308e-09	0.0735856
1.35315e-09	0.0748824
1.35322e-09	0.0761792
1.35329e-09	0.077476
1.35336e-09	0.0787728
1.35343e-09	0.0800696
1.3535e-09	0.0813664
1.35357e-09	0.0826631
1.35364e-09	0.0839598
1.35371e-09	0.0852565
1.35379e-09	0.0865531
1.35386e-09	0.0878497
1.35393e-09	0.0891463
1.354e-09	0.0904429
1.35407e-09	0.0917394
1.35414e-09	0.0930359
1.35421e-09	0.0943323
1.35428e-09	0.0956287
1.35435e-09	0.096925
1.35442e-09	0.0982213
1.35449e-09	0.0995175
1.35456e-09	0.100814
1.35463e-09	0.10211
1.3547e-09	0.103406
1.35478e-09	0.104702
1.35485e-09	0.105998
1.35492e-09	0.107294
1.35499e-09	0.108589
1.35506e-09	0.109885
1.35513e-09	0.111181
1.3552e-09	0.112476
1.35527e-09	0.113772
1.35534e-09	0.115067
1.35541e-09	0.116362
1.35548e-09	0.117658
1.35555e-09	0.118953
1.35562e-09	0.120248
1.3557e-09	0.121543
1.35577e-09	0.122838
1.35584e-09	0.124132
1.35591e-09	0.125427
1.35598e-09	0.126721
1.35605e-09	0.128016
1.35612e-09	0.12931
1.35619e-09	0.130604
1.35626e-09	0.131898
1.35633e-09	0.133192
1.3564e-09	0.134486
1.35647e-09	0.13578
1.35654e-09	0.137074
1.35661e-09	0.138367
1.35669e-09	0.13966
1.35676e-09	0.140953
1.35683e-09	0.142247
1.3569e-09	0.143539
1.35697e-09	0.144832
1.35704e-09	0.146125
1.35711e-09	0.147417
1.35718e-09	0.14871
1.35725e-09	0.150002
1.35732e-09	0.151294
1.35739e-09	0.152586
1.35746e-09	0.153878
1.35753e-09	0.155169
1.3576e-09	0.156461
1.35768e-09	0.157752
1.35775e-09	0.159043
1.35782e-09	0.160334
1.35789e-09	0.161625
1.35796e-09	0.162915
1.35803e-09	0.164205
1.3581e-09	0.165496
1.35817e-09	0.166786
1.35824e-09	0.168075
1.35831e-09	0.169365
1.35838e-09	0.170655
1.35845e-09	0.171944
1.35852e-09	0.173233
1.35859e-09	0.174522
1.35867e-09	0.17581
1.35874e-09	0.177099
1.35881e-09	0.178387
1.35888e-09	0.179675
1.35895e-09	0.180963
1.35902e-09	0.182251
1.35909e-09	0.183538
1.35916e-09	0.184825
1.35923e-09	0.186112
1.3593e-09	0.187399
1.35937e-09	0.188685
1.35944e-09	0.189972
1.35951e-09	0.191258
1.35959e-09	0.192544
1.35966e-09	0.193829
1.35973e-09	0.195115
1.3598e-09	0.1964
1.35987e-09	0.197685
1.35994e-09	0.198969
1.36001e-09	0.200254
1.36008e-09	0.201538
1.36015e-09	0.202822
1.36022e-09	0.204105
1.36029e-09	0.205389
1.36036e-09	0.206672
1.36043e-09	0.207955
1.3605e-09	0.209237
1.36058e-09	0.21052
1.36065e-09	0.211802
1.36072e-09	0.213083
1.36079e-09	0.214365
1.36086e-09	0.215646
1.36093e-09	0.216927
1.361e-09	0.218208
1.36107e-09	0.219488
1.36114e-09	0.220768
1.36121e-09	0.222048
1.36128e-09	0.223327
1.36135e-09	0.224607
1.36142e-09	0.225886
1.36149e-09	0.227164
1.36157e-09	0.228443
1.36164e-09	0.229721
1.36171e-09	0.230998
1.36178e-09	0.232276
1.36185e-09	0.233553
1.36192e-09	0.23483
1.36199e-09	0.236106
1.36206e-09	0.237382
1.36213e-09	0.238658
1.3622e-09	0.239933
1.36227e-09	0.241209
1.36234e-09	0.242483
1.36241e-09	0.243758
1.36248e-09	0.245032
1.36256e-09	0.246306
1.36263e-09	0.24758
1.3627e-09	0.248853
1.36277e-09	0.250125
1.36284e-09	0.251398
1.36291e-09	0.25267
1.36298e-09	0.253942
1.36305e-09	0.255213
1.36312e-09	0.256484
1.36319e-09	0.257755
1.36326e-09	0.259025
1.36333e-09	0.260295
1.3634e-09	0.261565
1.36348e-09	0.262834
1.36355e-09	0.264103
1.36362e-09	0.265372
1.36369e-09	0.26664
1.36376e-09	0.267907
1.36383e-09	0.269175
1.3639e-09	0.270442
1.36397e-09	0.271708
1.36404e-09	0.272975
1.36411e-09	0.27424
1.36418e-09	0.275506
1.36425e-09	0.276771
1.36432e-09	0.278035
1.36439e-09	0.2793
1.36447e-09	0.280564
1.36454e-09	0.281827
1.36461e-09	0.28309
1.36468e-09	0.284353
1.36475e-09	0.285615
1.36482e-09	0.286877
1.36489e-09	0.288138
1.36496e-09	0.289399
1.36503e-09	0.290659
1.3651e-09	0.29192
1.36517e-09	0.293179
1.36524e-09	0.294438
1.36531e-09	0.295697
1.36538e-09	0.296956
1.36546e-09	0.298214
1.36553e-09	0.299471
1.3656e-09	0.300728
1.36567e-09	0.301985
1.36574e-09	0.303241
1.36581e-09	0.304497
1.36588e-09	0.305752
1.36595e-09	0.307007
1.36602e-09	0.308261
1.36609e-09	0.309515
1.36616e-09	0.310768
1.36623e-09	0.312021
1.3663e-09	0.313274
1.36638e-09	0.314526
1.36645e-09	0.315778
1.36652e-09	0.317029
1.36659e-09	0.318279
1.36666e-09	0.319529
1.36673e-09	0.320779
1.3668e-09	0.322028
1.36687e-09	0.323277
1.36694e-09	0.324525
1.36701e-09	0.325773
1.36708e-09	0.32702
1.36715e-09	0.328267
1.36722e-09	0.329513
1.36729e-09	0.330759
1.36737e-09	0.332004
1.36744e-09	0.333249
1.36751e-09	0.334493
1.36758e-09	0.335737
1.36765e-09	0.33698
1.36772e-09	0.338222
1.36779e-09	0.339465
1.36786e-09	0.340706
1.36793e-09	0.341947
1.368e-09	0.343188
1.36807e-09	0.344428
1.36814e-09	0.345668
1.36821e-09	0.346907
1.36828e-09	0.348145
1.36836e-09	0.349383
1.36843e-09	0.35062
1.3685e-09	0.351857
1.36857e-09	0.353094
1.36864e-09	0.354329
1.36871e-09	0.355565
1.36878e-09	0.356799
1.36885e-09	0.358033
1.36892e-09	0.359267
1.36899e-09	0.3605
1.36906e-09	0.361732
1.36913e-09	0.362964
1.3692e-09	0.364196
1.36927e-09	0.365426
1.36935e-09	0.366657
1.36942e-09	0.367886
1.36949e-09	0.369115
1.36956e-09	0.370344
1.36963e-09	0.371572
1.3697e-09	0.372799
1.36977e-09	0.374026
1.36984e-09	0.375252
1.36991e-09	0.376477
1.36998e-09	0.377702
1.37005e-09	0.378927
1.37012e-09	0.38015
1.37019e-09	0.381373
1.37027e-09	0.382596
1.37034e-09	0.383818
1.37041e-09	0.385039
1.37048e-09	0.38626
1.37055e-09	0.38748
1.37062e-09	0.3887
1.37069e-09	0.389919
1.37076e-09	0.391137
1.37083e-09	0.392355
1.3709e-09	0.393572
1.37097e-09	0.394788
1.37104e-09	0.396004
1.37111e-09	0.397219
1.37118e-09	0.398434
1.37126e-09	0.399647
1.37133e-09	0.400861
1.3714e-09	0.402073
1.37147e-09	0.403285
1.37154e-09	0.404497
1.37161e-09	0.405707
1.37168e-09	0.406917
1.37175e-09	0.408127
1.37182e-09	0.409336
1.37189e-09	0.410544
1.37196e-09	0.411751
1.37203e-09	0.412958
1.3721e-09	0.414164
1.37217e-09	0.415369
1.37225e-09	0.416574
1.37232e-09	0.417778
1.37239e-09	0.418982
1.37246e-09	0.420184
1.37253e-09	0.421387
1.3726e-09	0.422588
1.37267e-09	0.423789
1.37274e-09	0.424989
1.37281e-09	0.426188
1.37288e-09	0.427387
1.37295e-09	0.428585
1.37302e-09	0.429782
1.37309e-09	0.430979
1.37317e-09	0.432174
1.37324e-09	0.43337
1.37331e-09	0.434564
1.37338e-09	0.435758
1.37345e-09	0.436951
1.37352e-09	0.438143
1.37359e-09	0.439335
1.37366e-09	0.440526
1.37373e-09	0.441716
1.3738e-09	0.442906
1.37387e-09	0.444094
1.37394e-09	0.445282
1.37401e-09	0.44647
1.37408e-09	0.447656
1.37416e-09	0.448842
1.37423e-09	0.450027
1.3743e-09	0.451212
1.37437e-09	0.452396
1.37444e-09	0.453579
1.37451e-09	0.454761
1.37458e-09	0.455942
1.37465e-09	0.457123
1.37472e-09	0.458303
1.37479e-09	0.459482
1.37486e-09	0.46066
1.37493e-09	0.461838
1.375e-09	0.463015
1.37507e-09	0.464191
1.37515e-09	0.465367
1.37522e-09	0.466541
1.37529e-09	0.467715
1.37536e-09	0.468888
1.37543e-09	0.470061
1.3755e-09	0.471232
1.37557e-09	0.472403
1.37564e-09	0.473573
1.37571e-09	0.474742
1.37578e-09	0.475911
1.37585e-09	0.477078
1.37592e-09	0.478245
1.37599e-09	0.479411
1.37606e-09	0.480577
1.37614e-09	0.481741
1.37621e-09	0.482905
1.37628e-09	0.484068
1.37635e-09	0.48523
1.37642e-09	0.486391
1.37649e-09	0.487552
1.37656e-09	0.488711
1.37663e-09	0.48987
1.3767e-09	0.491028
1.37677e-09	0.492186
1.37684e-09	0.493342
1.37691e-09	0.494498
1.37698e-09	0.495652
1.37706e-09	0.496806
1.37713e-09	0.49796
1.3772e-09	0.499112
1.37727e-09	0.500263
1.37734e-09	0.501414
1.37741e-09	0.502564
1.37748e-09	0.503713
1.37755e-09	0.504861
1.37762e-09	0.506008
1.37769e-09	0.507155
1.37776e-09	0.5083
1.37783e-09	0.509445
1.3779e-09	0.510589
1.37797e-09	0.511732
1.37805e-09	0.512874
1.37812e-09	0.514015
1.37819e-09	0.515156
1.37826e-09	0.516296
1.37833e-09	0.517434
1.3784e-09	0.518572
1.37847e-09	0.519709
1.37854e-09	0.520845
1.37861e-09	0.521981
1.37868e-09	0.523115
1.37875e-09	0.524249
1.37882e-09	0.525381
1.37889e-09	0.526513
1.37896e-09	0.527644
1.37904e-09	0.528774
1.37911e-09	0.529903
1.37918e-09	0.531031
1.37925e-09	0.532158
1.37932e-09	0.533285
1.37939e-09	0.53441
1.37946e-09	0.535535
1.37953e-09	0.536659
1.3796e-09	0.537781
1.37967e-09	0.538903
1.37974e-09	0.540024
1.37981e-09	0.541144
1.37988e-09	0.542264
1.37996e-09	0.543382
1.38003e-09	0.544499
1.3801e-09	0.545616
1.38017e-09	0.546731
1.38024e-09	0.547846
1.38031e-09	0.548959
1.38038e-09	0.550072
1.38045e-09	0.551184
1.38052e-09	0.552295
1.38059e-09	0.553405
1.38066e-09	0.554514
1.38073e-09	0.555622
1.3808e-09	0.556729
1.38087e-09	0.557835
1.38095e-09	0.55894
1.38102e-09	0.560044
1.38109e-09	0.561148
1.38116e-09	0.56225
1.38123e-09	0.563352
1.3813e-09	0.564452
1.38137e-09	0.565551
1.38144e-09	0.56665
1.38151e-09	0.567748
1.38158e-09	0.568844
1.38165e-09	0.56994
1.38172e-09	0.571034
1.38179e-09	0.572128
1.38186e-09	0.573221
1.38194e-09	0.574313
1.38201e-09	0.575403
1.38208e-09	0.576493
1.38215e-09	0.577582
1.38222e-09	0.57867
1.38229e-09	0.579757
1.38236e-09	0.580842
1.38243e-09	0.581927
1.3825e-09	0.583011
1.38257e-09	0.584094
1.38264e-09	0.585176
1.38271e-09	0.586257
1.38278e-09	0.587337
1.38285e-09	0.588416
1.38293e-09	0.589493
1.383e-09	0.59057
1.38307e-09	0.591646
1.38314e-09	0.592721
1.38321e-09	0.593795
1.38328e-09	0.594867
1.38335e-09	0.595939
1.38342e-09	0.59701
1.38349e-09	0.59808
1.38356e-09	0.599148
1.38363e-09	0.600216
1.3837e-09	0.601283
1.38377e-09	0.602348
1.38385e-09	0.603413
1.38392e-09	0.604477
1.38399e-09	0.605539
1.38406e-09	0.606601
1.38413e-09	0.607661
1.3842e-09	0.60872
1.38427e-09	0.609779
1.38434e-09	0.610836
1.38441e-09	0.611892
1.38448e-09	0.612947
1.38455e-09	0.614002
1.38462e-09	0.615055
1.38469e-09	0.616107
1.38476e-09	0.617158
1.38484e-09	0.618208
1.38491e-09	0.619256
1.38498e-09	0.620304
1.38505e-09	0.621351
1.38512e-09	0.622396
1.38519e-09	0.623441
1.38526e-09	0.624484
1.38533e-09	0.625527
1.3854e-09	0.626568
1.38547e-09	0.627608
1.38554e-09	0.628648
1.38561e-09	0.629686
1.38568e-09	0.630723
1.38575e-09	0.631759
1.38583e-09	0.632793
1.3859e-09	0.633827
1.38597e-09	0.63486
1.38604e-09	0.635891
1.38611e-09	0.636922
1.38618e-09	0.637951
1.38625e-09	0.638979
1.38632e-09	0.640006
1.38639e-09	0.641032
1.38646e-09	0.642057
1.38653e-09	0.643081
1.3866e-09	0.644104
1.38667e-09	0.645125
1.38674e-09	0.646146
1.38682e-09	0.647165
1.38689e-09	0.648183
1.38696e-09	0.6492
1.38703e-09	0.650216
1.3871e-09	0.651231
1.38717e-09	0.652245
1.38724e-09	0.653257
1.38731e-09	0.654269
1.38738e-09	0.655279
1.38745e-09	0.656288
1.38752e-09	0.657296
1.38759e-09	0.658303
1.38766e-09	0.659309
1.38774e-09	0.660313
1.38781e-09	0.661317
1.38788e-09	0.662319
1.38795e-09	0.66332
1.38802e-09	0.66432
1.38809e-09	0.665319
1.38816e-09	0.666317
1.38823e-09	0.667313
1.3883e-09	0.668308
1.38837e-09	0.669303
1.38844e-09	0.670296
1.38851e-09	0.671288
1.38858e-09	0.672278
1.38865e-09	0.673268
1.38873e-09	0.674256
1.3888e-09	0.675243
1.38887e-09	0.676229
1.38894e-09	0.677214
1.38901e-09	0.678198
1.38908e-09	0.67918
1.38915e-09	0.680161
1.38922e-09	0.681141
1.38929e-09	0.68212
1.38936e-09	0.683098
1.38943e-09	0.684074
1.3895e-09	0.68505
1.38957e-09	0.686024
1.38964e-09	0.686997
1.38972e-09	0.687968
1.38979e-09	0.688939
1.38986e-09	0.689908
1.38993e-09	0.690876
1.39e-09	0.691843
1.39007e-09	0.692809
1.39014e-09	0.693773
1.39021e-09	0.694737
1.39028e-09	0.695699
1.39035e-09	0.69666
1.39042e-09	0.697619
1.39049e-09	0.698578
1.39056e-09	0.699535
1.39064e-09	0.700491
1.39071e-09	0.701445
1.39078e-09	0.702399
1.39085e-09	0.703351
1.39092e-09	0.704302
1.39099e-09	0.705252
1.39106e-09	0.7062
1.39113e-09	0.707148
1.3912e-09	0.708094
1.39127e-09	0.709039
1.39134e-09	0.709982
1.39141e-09	0.710925
1.39148e-09	0.711866
1.39155e-09	0.712805
1.39163e-09	0.713744
1.3917e-09	0.714681
1.39177e-09	0.715617
1.39184e-09	0.716552
1.39191e-09	0.717486
1.39198e-09	0.718418
1.39205e-09	0.719349
1.39212e-09	0.720279
1.39219e-09	0.721207
1.39226e-09	0.722135
1.39233e-09	0.723061
1.3924e-09	0.723985
1.39247e-09	0.724909
1.39254e-09	0.725831
1.39262e-09	0.726752
1.39269e-09	0.727672
1.39276e-09	0.72859
1.39283e-09	0.729507
1.3929e-09	0.730423
1.39297e-09	0.731337
1.39304e-09	0.73225
1.39311e-09	0.733162
1.39318e-09	0.734073
1.39325e-09	0.734982
1.39332e-09	0.73589
1.39339e-09	0.736797
1.39346e-09	0.737702
1.39353e-09	0.738606
1.39361e-09	0.739509
1.39368e-09	0.740411
1.39375e-09	0.741311
1.39382e-09	0.74221
1.39389e-09	0.743107
1.39396e-09	0.744004
1.39403e-09	0.744899
1.3941e-09	0.745792
1.39417e-09	0.746685
1.39424e-09	0.747576
1.39431e-09	0.748465
1.39438e-09	0.749354
1.39445e-09	0.750241
1.39453e-09	0.751126
1.3946e-09	0.752011
1.39467e-09	0.752894
1.39474e-09	0.753776
1.39481e-09	0.754656
1.39488e-09	0.755535
1.39495e-09	0.756413
1.39502e-09	0.757289
1.39509e-09	0.758164
1.39516e-09	0.759038
1.39523e-09	0.75991
1.3953e-09	0.760781
1.39537e-09	0.761651
1.39544e-09	0.762519
1.39552e-09	0.763386
1.39559e-09	0.764252
1.39566e-09	0.765116
1.39573e-09	0.765979
1.3958e-09	0.766841
1.39587e-09	0.767701
1.39594e-09	0.76856
1.39601e-09	0.769417
1.39608e-09	0.770274
1.39615e-09	0.771128
1.39622e-09	0.771982
1.39629e-09	0.772834
1.39636e-09	0.773684
1.39643e-09	0.774534
1.39651e-09	0.775382
1.39658e-09	0.776228
1.39665e-09	0.777073
1.39672e-09	0.777917
1.39679e-09	0.77876
1.39686e-09	0.779601
1.39693e-09	0.78044
1.397e-09	0.781278
1.39707e-09	0.782115
1.39714e-09	0.782951
1.39721e-09	0.783785
1.39728e-09	0.784618
1.39735e-09	0.785449
1.39743e-09	0.786279
1.3975e-09	0.787107
1.39757e-09	0.787935
1.39764e-09	0.78876
1.39771e-09	0.789585
1.39778e-09	0.790407
1.39785e-09	0.791229
1.39792e-09	0.792049
1.39799e-09	0.792868
1.39806e-09	0.793685
1.39813e-09	0.794501
1.3982e-09	0.795315
1.39827e-09	0.796129
1.39834e-09	0.79694
1.39842e-09	0.79775
1.39849e-09	0.798559
1.39856e-09	0.799367
1.39863e-09	0.800172
1.3987e-09	0.800977
1.39877e-09	0.80178
1.39884e-09	0.802582
1.39891e-09	0.803382
1.39898e-09	0.804181
1.39905e-09	0.804978
1.39912e-09	0.805774
1.39919e-09	0.806569
1.39926e-09	0.807362
1.39933e-09	0.808153
1.39941e-09	0.808944
1.39948e-09	0.809732
1.39955e-09	0.81052
1.39962e-09	0.811306
1.39969e-09	0.81209
1.39976e-09	0.812873
1.39983e-09	0.813655
1.3999e-09	0.814435
1.39997e-09	0.815213
1.40004e-09	0.81599
1.40011e-09	0.816766
1.40018e-09	0.81754
1.40025e-09	0.818313
1.40032e-09	0.819085
1.4004e-09	0.819854
1.40047e-09	0.820623
1.40054e-09	0.82139
1.40061e-09	0.822155
1.40068e-09	0.822919
1.40075e-09	0.823682
1.40082e-09	0.824443
1.40089e-09	0.825203
1.40096e-09	0.825961
1.40103e-09	0.826717
1.4011e-09	0.827473
1.40117e-09	0.828226
1.40124e-09	0.828978
1.40132e-09	0.829729
1.40139e-09	0.830478
1.40146e-09	0.831226
1.40153e-09	0.831973
1.4016e-09	0.832717
1.40167e-09	0.833461
1.40174e-09	0.834203
1.40181e-09	0.834943
1.40188e-09	0.835682
1.40195e-09	0.836419
1.40202e-09	0.837155
1.40209e-09	0.837889
1.40216e-09	0.838622
1.40223e-09	0.839354
1.40231e-09	0.840083
1.40238e-09	0.840812
1.40245e-09	0.841539
1.40252e-09	0.842264
1.40259e-09	0.842988
1.40266e-09	0.84371
1.40273e-09	0.844431
1.4028e-09	0.84515
1.40287e-09	0.845868
1.40294e-09	0.846584
1.40301e-09	0.847299
1.40308e-09	0.848012
1.40315e-09	0.848724
1.40322e-09	0.849434
1.4033e-09	0.850143
1.40337e-09	0.85085
1.40344e-09	0.851556
1.40351e-09	0.85226
1.40358e-09	0.852962
1.40365e-09	0.853663
1.40372e-09	0.854363
1.40379e-09	0.855061
1.40386e-09	0.855757
1.40393e-09	0.856452
1.404e-09	0.857146
1.40407e-09	0.857837
1.40414e-09	0.858528
1.40422e-09	0.859217
1.40429e-09	0.859904
1.40436e-09	0.86059
1.40443e-09	0.861274
1.4045e-09	0.861956
1.40457e-09	0.862637
1.40464e-09	0.863317
1.40471e-09	0.863995
1.40478e-09	0.864671
1.40485e-09	0.865346
1.40492e-09	0.866019
1.40499e-09	0.866691
1.40506e-09	0.867361
1.40513e-09	0.86803
1.40521e-09	0.868697
1.40528e-09	0.869363
1.40535e-09	0.870026
1.40542e-09	0.870689
1.40549e-09	0.87135
1.40556e-09	0.872009
1.40563e-09	0.872667
1.4057e-09	0.873323
1.40577e-09	0.873977
1.40584e-09	0.87463
1.40591e-09	0.875282
1.40598e-09	0.875932
1.40605e-09	0.87658
1.40612e-09	0.877227
1.4062e-09	0.877872
1.40627e-09	0.878515
1.40634e-09	0.879157
1.40641e-09	0.879798
1.40648e-09	0.880436
1.40655e-09	0.881074
1.40662e-09	0.881709
1.40669e-09	0.882343
1.40676e-09	0.882976
1.40683e-09	0.883606
1.4069e-09	0.884236
1.40697e-09	0.884863
1.40704e-09	0.88549
1.40711e-09	0.886114
1.40719e-09	0.886737
1.40726e-09	0.887358
1.40733e-09	0.887978
1.4074e-09	0.888596
1.40747e-09	0.889213
1.40754e-09	0.889828
1.40761e-09	0.890441
1.40768e-09	0.891053
1.40775e-09	0.891663
1.40782e-09	0.892271
1.40789e-09	0.892878
1.40796e-09	0.893483
1.40803e-09	0.894087
1.40811e-09	0.894689
1.40818e-09	0.89529
1.40825e-09	0.895888
1.40832e-09	0.896486
1.40839e-09	0.897081
1.40846e-09	0.897675
1.40853e-09	0.898268
1.4086e-09	0.898858
1.40867e-09	0.899448
1.40874e-09	0.900035
1.40881e-09	0.900621
1.40888e-09	0.901205
1.40895e-09	0.901788
1.40902e-09	0.902369
1.4091e-09	0.902948
1.40917e-09	0.903526
1.40924e-09	0.904102
1.40931e-09	0.904677
1.40938e-09	0.90525
1.40945e-09	0.905821
1.40952e-09	0.90639
1.40959e-09	0.906958
1.40966e-09	0.907525
1.40973e-09	0.908089
1.4098e-09	0.908652
1.40987e-09	0.909214
1.40994e-09	0.909774
1.41001e-09	0.910332
1.41009e-09	0.910888
1.41016e-09	0.911443
1.41023e-09	0.911996
1.4103e-09	0.912548
1.41037e-09	0.913098
1.41044e-09	0.913646
1.41051e-09	0.914193
1.41058e-09	0.914738
1.41065e-09	0.915281
1.41072e-09	0.915823
1.41079e-09	0.916363
1.41086e-09	0.916901
1.41093e-09	0.917438
1.411e-09	0.917973
1.41108e-09	0.918506
1.41115e-09	0.919038
1.41122e-09	0.919568
1.41129e-09	0.920096
1.41136e-09	0.920623
1.41143e-09	0.921148
1.4115e-09	0.921672
1.41157e-09	0.922193
1.41164e-09	0.922713
1.41171e-09	0.923232
1.41178e-09	0.923749
1.41185e-09	0.924264
1.41192e-09	0.924777
1.412e-09	0.925289
1.41207e-09	0.925799
1.41214e-09	0.926307
1.41221e-09	0.926814
1.41228e-09	0.927319
1.41235e-09	0.927822
1.41242e-09	0.928324
1.41249e-09	0.928824
1.41256e-09	0.929322
1.41263e-09	0.929819
1.4127e-09	0.930314
1.41277e-09	0.930807
1.41284e-09	0.931299
1.41291e-09	0.931789
1.41299e-09	0.932277
1.41306e-09	0.932764
1.41313e-09	0.933249
1.4132e-09	0.933732
1.41327e-09	0.934213
1.41334e-09	0.934693
1.41341e-09	0.935171
1.41348e-09	0.935647
1.41355e-09	0.936122
1.41362e-09	0.936595
1.41369e-09	0.937067
1.41376e-09	0.937536
1.41383e-09	0.938004
1.4139e-09	0.93847
1.41398e-09	0.938935
1.41405e-09	0.939398
1.41412e-09	0.939859
1.41419e-09	0.940318
1.41426e-09	0.940776
1.41433e-09	0.941232
1.4144e-09	0.941686
1.41447e-09	0.942139
1.41454e-09	0.94259
1.41461e-09	0.943039
1.41468e-09	0.943487
1.41475e-09	0.943932
1.41482e-09	0.944377
1.4149e-09	0.944819
1.41497e-09	0.94526
1.41504e-09	0.945698
1.41511e-09	0.946136
1.41518e-09	0.946571
1.41525e-09	0.947005
1.41532e-09	0.947437
1.41539e-09	0.947868
1.41546e-09	0.948296
1.41553e-09	0.948723
1.4156e-09	0.949148
1.41567e-09	0.949572
1.41574e-09	0.949994
1.41581e-09	0.950414
1.41589e-09	0.950832
1.41596e-09	0.951249
1.41603e-09	0.951663
1.4161e-09	0.952077
1.41617e-09	0.952488
1.41624e-09	0.952898
1.41631e-09	0.953306
1.41638e-09	0.953712
1.41645e-09	0.954117
1.41652e-09	0.954519
1.41659e-09	0.95492
1.41666e-09	0.95532
1.41673e-09	0.955717
1.4168e-09	0.956113
1.41688e-09	0.956507
1.41695e-09	0.9569
1.41702e-09	0.95729
1.41709e-09	0.957679
1.41716e-09	0.958066
1.41723e-09	0.958452
1.4173e-09	0.958836
1.41737e-09	0.959218
1.41744e-09	0.959598
1.41751e-09	0.959976
1.41758e-09	0.960353
1.41765e-09	0.960728
1.41772e-09	0.961101
1.41779e-09	0.961473
1.41787e-09	0.961843
1.41794e-09	0.962211
1.41801e-09	0.962577
1.41808e-09	0.962942
1.41815e-09	0.963304
1.41822e-09	0.963665
1.41829e-09	0.964025
1.41836e-09	0.964382
1.41843e-09	0.964738
1.4185e-09	0.965092
1.41857e-09	0.965444
1.41864e-09	0.965795
1.41871e-09	0.966144
1.41879e-09	0.966491
1.41886e-09	0.966836
1.41893e-09	0.967179
1.419e-09	0.967521
1.41907e-09	0.967861
1.41914e-09	0.9682
1.41921e-09	0.968536
1.41928e-09	0.968871
1.41935e-09	0.969204
1.41942e-09	0.969535
1.41949e-09	0.969864
1.41956e-09	0.970192
1.41963e-09	0.970518
1.4197e-09	0.970842
1.41978e-09	0.971165
1.41985e-09	0.971485
1.41992e-09	0.971804
1.41999e-09	0.972121
1.42006e-09	0.972437
1.42013e-09	0.97275
1.4202e-09	0.973062
1.42027e-09	0.973372
1.42034e-09	0.97368
1.42041e-09	0.973987
1.42048e-09	0.974292
1.42055e-09	0.974595
1.42062e-09	0.974896
1.42069e-09	0.975195
1.42077e-09	0.975493
1.42084e-09	0.975789
1.42091e-09	0.976083
1.42098e-09	0.976375
1.42105e-09	0.976666
1.42112e-09	0.976955
1.42119e-09	0.977242
1.42126e-09	0.977527
1.42133e-09	0.97781
1.4214e-09	0.978092
1.42147e-09	0.978372
1.42154e-09	0.97865
1.42161e-09	0.978926
1.42169e-09	0.979201
1.42176e-09	0.979474
1.42183e-09	0.979745
1.4219e-09	0.980014
1.42197e-09	0.980281
1.42204e-09	0.980547
1.42211e-09	0.980811
1.42218e-09	0.981073
1.42225e-09	0.981333
1.42232e-09	0.981592
1.42239e-09	0.981849
1.42246e-09	0.982104
1.42253e-09	0.982357
1.4226e-09	0.982608
1.42268e-09	0.982858
1.42275e-09	0.983106
1.42282e-09	0.983352
1.42289e-09	0.983596
1.42296e-09	0.983838
1.42303e-09	0.984079
1.4231e-09	0.984318
1.42317e-09	0.984555
1.42324e-09	0.98479
1.42331e-09	0.985024
1.42338e-09	0.985255
1.42345e-09	0.985485
1.42352e-09	0.985713
1.42359e-09	0.98594
1.42367e-09	0.986164
1.42374e-09	0.986387
1.42381e-09	0.986608
1.42388e-09	0.986827
1.42395e-09	0.987045
1.42402e-09	0.98726
1.42409e-09	0.987474
1.42416e-09	0.987686
1.42423e-09	0.987896
1.4243e-09	0.988104
1.42437e-09	0.988311
1.42444e-09	0.988516
1.42451e-09	0.988719
1.42458e-09	0.98892
1.42466e-09	0.989119
1.42473e-09	0.989317
1.4248e-09	0.989513
1.42487e-09	0.989707
1.42494e-09	0.989899
1.42501e-09	0.990089
1.42508e-09	0.990278
1.42515e-09	0.990465
1.42522e-09	0.99065
1.42529e-09	0.990833
1.42536e-09	0.991014
1.42543e-09	0.991194
1.4255e-09	0.991372
1.42558e-09	0.991548
1.42565e-09	0.991722
1.42572e-09	0.991894
1.42579e-09	0.992065
1.42586e-09	0.992233
1.42593e-09	0.9924
1.426e-09	0.992565
1.42607e-09	0.992729
1.42614e-09	0.99289
1.42621e-09	0.99305
1.42628e-09	0.993208
1.42635e-09	0.993364
1.42642e-09	0.993518
1.42649e-09	0.993671
1.42657e-09	0.993821
1.42664e-09	0.99397
1.42671e-09	0.994117
1.42678e-09	0.994263
1.42685e-09	0.994406
1.42692e-09	0.994548
1.42699e-09	0.994687
1.42706e-09	0.994825
1.42713e-09	0.994962
1.4272e-09	0.995096
1.42727e-09	0.995229
1.42734e-09	0.995359
1.42741e-09	0.995488
1.42748e-09	0.995615
1.42756e-09	0.995741
1.42763e-09	0.995864
1.4277e-09	0.995986
1.42777e-09	0.996106
1.42784e-09	0.996224
1.42791e-09	0.99634
1.42798e-09	0.996455
1.42805e-09	0.996567
1.42812e-09	0.996678
1.42819e-09	0.996787
1.42826e-09	0.996894
1.42833e-09	0.997
1.4284e-09	0.997103
1.42848e-09	0.997205
1.42855e-09	0.997305
1.42862e-09	0.997403
1.42869e-09	0.997499
1.42876e-09	0.997594
1.42883e-09	0.997686
1.4289e-09	0.997777
1.42897e-09	0.997866
1.42904e-09	0.997953
1.42911e-09	0.998039
1.42918e-09	0.998122
1.42925e-09	0.998204
1.42932e-09	0.998284
1.42939e-09	0.998362
1.42947e-09	0.998438
1.42954e-09	0.998513
1.42961e-09	0.998586
1.42968e-09	0.998656
1.42975e-09	0.998725
1.42982e-09	0.998793
1.42989e-09	0.998858
1.42996e-09	0.998922
1.43003e-09	0.998983
1.4301e-09	0.999043
1.43017e-09	0.999101
1.43024e-09	0.999158
1.43031e-09	0.999212
1.43038e-09	0.999265
1.43046e-09	0.999316
1.43053e-09	0.999365
1.4306e-09	0.999412
1.43067e-09	0.999457
1.43074e-09	0.999501
1.43081e-09	0.999542
1.43088e-09	0.999582
1.43095e-09	0.99962
1.43102e-09	0.999657
1.43109e-09	0.999691
1.43116e-09	0.999724
1.43123e-09	0.999755
1.4313e-09	0.999784
1.43137e-09	0.999811
1.43145e-09	0.999836
1.43152e-09	0.99986
1.43159e-09	0.999881
1.43166e-09	0.999901
1.43173e-09	0.999919
1.4318e-09	0.999936
1.43187e-09	0.99995
1.43194e-09	0.999963
1.43201e-09	0.999973
1.43208e-09	0.999982
1.43215e-09	0.999989
1.43222e-09	0.999995
1.43229e-09	0.999998
1.43237e-09	1
1.43244e-09	1
1.43251e-09	0.999998
1.43258e-09	0.999994
1.43265e-09	0.999988
1.43272e-09	0.999981
1.43279e-09	0.999972
1.43286e-09	0.999961
1.43293e-09	0.999948
1.433e-09	0.999933
1.43307e-09	0.999916
1.43314e-09	0.999898
1.43321e-09	0.999878
1.43328e-09	0.999856
1.43336e-09	0.999832
1.43343e-09	0.999806
1.4335e-09	0.999779
1.43357e-09	0.99975
1.43364e-09	0.999718
1.43371e-09	0.999685
1.43378e-09	0.999651
1.43385e-09	0.999614
1.43392e-09	0.999576
1.43399e-09	0.999536
1.43406e-09	0.999494
1.43413e-09	0.99945
1.4342e-09	0.999404
1.43427e-09	0.999357
1.43435e-09	0.999307
1.43442e-09	0.999256
1.43449e-09	0.999203
1.43456e-09	0.999148
1.43463e-09	0.999092
1.4347e-09	0.999033
1.43477e-09	0.998973
1.43484e-09	0.998911
1.43491e-09	0.998847
1.43498e-09	0.998781
1.43505e-09	0.998714
1.43512e-09	0.998645
1.43519e-09	0.998573
1.43526e-09	0.9985
1.43534e-09	0.998426
1.43541e-09	0.998349
1.43548e-09	0.998271
1.43555e-09	0.99819
1.43562e-09	0.998108
1.43569e-09	0.998024
1.43576e-09	0.997939
1.43583e-09	0.997851
1.4359e-09	0.997762
1.43597e-09	0.997671
1.43604e-09	0.997578
1.43611e-09	0.997483
1.43618e-09	0.997386
1.43626e-09	0.997288
1.43633e-09	0.997188
1.4364e-09	0.997086
1.43647e-09	0.996982
1.43654e-09	0.996876
1.43661e-09	0.996769
1.43668e-09	0.996659
1.43675e-09	0.996548
1.43682e-09	0.996435
1.43689e-09	0.996321
1.43696e-09	0.996204
1.43703e-09	0.996086
1.4371e-09	0.995966
1.43717e-09	0.995844
1.43725e-09	0.99572
1.43732e-09	0.995594
1.43739e-09	0.995467
1.43746e-09	0.995337
1.43753e-09	0.995206
1.4376e-09	0.995073
1.43767e-09	0.994939
1.43774e-09	0.994802
1.43781e-09	0.994664
1.43788e-09	0.994524
1.43795e-09	0.994382
1.43802e-09	0.994238
1.43809e-09	0.994093
1.43816e-09	0.993945
1.43824e-09	0.993796
1.43831e-09	0.993645
1.43838e-09	0.993492
1.43845e-09	0.993338
1.43852e-09	0.993181
1.43859e-09	0.993023
1.43866e-09	0.992863
1.43873e-09	0.992701
1.4388e-09	0.992538
1.43887e-09	0.992372
1.43894e-09	0.992205
1.43901e-09	0.992036
1.43908e-09	0.991865
1.43916e-09	0.991692
1.43923e-09	0.991518
1.4393e-09	0.991342
1.43937e-09	0.991164
1.43944e-09	0.990984
1.43951e-09	0.990802
1.43958e-09	0.990619
1.43965e-09	0.990433
1.43972e-09	0.990246
1.43979e-09	0.990057
1.43986e-09	0.989867
1.43993e-09	0.989674
1.44e-09	0.98948
1.44007e-09	0.989284
1.44015e-09	0.989086
1.44022e-09	0.988886
1.44029e-09	0.988685
1.44036e-09	0.988481
1.44043e-09	0.988276
1.4405e-09	0.988069
1.44057e-09	0.987861
1.44064e-09	0.98765
1.44071e-09	0.987438
1.44078e-09	0.987224
1.44085e-09	0.987008
1.44092e-09	0.98679
1.44099e-09	0.986571
1.44106e-09	0.98635
1.44114e-09	0.986127
1.44121e-09	0.985902
1.44128e-09	0.985675
1.44135e-09	0.985447
1.44142e-09	0.985216
1.44149e-09	0.984984
1.44156e-09	0.984751
1.44163e-09	0.984515
1.4417e-09	0.984278
1.44177e-09	0.984039
1.44184e-09	0.983798
1.44191e-09	0.983555
1.44198e-09	0.98331
1.44205e-09	0.983064
1.44213e-09	0.982816
1.4422e-09	0.982566
1.44227e-09	0.982314
1.44234e-09	0.982061
1.44241e-09	0.981805
1.44248e-09	0.981548
1.44255e-09	0.98129
1.44262e-09	0.981029
1.44269e-09	0.980767
1.44276e-09	0.980502
1.44283e-09	0.980236
1.4429e-09	0.979969
1.44297e-09	0.979699
1.44305e-09	0.979428
1.44312e-09	0.979155
1.44319e-09	0.97888
1.44326e-09	0.978603
1.44333e-09	0.978325
1.4434e-09	0.978045
1.44347e-09	0.977763
1.44354e-09	0.977479
1.44361e-09	0.977193
1.44368e-09	0.976906
1.44375e-09	0.976617
1.44382e-09	0.976326
1.44389e-09	0.976033
1.44396e-09	0.975739
1.44404e-09	0.975443
1.44411e-09	0.975145
1.44418e-09	0.974845
1.44425e-09	0.974544
1.44432e-09	0.97424
1.44439e-09	0.973935
1.44446e-09	0.973628
1.44453e-09	0.97332
1.4446e-09	0.97301
1.44467e-09	0.972697
1.44474e-09	0.972384
1.44481e-09	0.972068
1.44488e-09	0.97175
1.44495e-09	0.971431
1.44503e-09	0.97111
1.4451e-09	0.970788
1.44517e-09	0.970463
1.44524e-09	0.970137
1.44531e-09	0.969809
1.44538e-09	0.969479
1.44545e-09	0.969148
1.44552e-09	0.968814
1.44559e-09	0.968479
1.44566e-09	0.968143
1.44573e-09	0.967804
1.4458e-09	0.967464
1.44587e-09	0.967122
1.44595e-09	0.966778
1.44602e-09	0.966432
1.44609e-09	0.966085
1.44616e-09	0.965736
1.44623e-09	0.965385
1.4463e-09	0.965032
1.44637e-09	0.964678
1.44644e-09	0.964322
1.44651e-09	0.963964
1.44658e-09	0.963605
1.44665e-09	0.963243
1.44672e-09	0.96288
1.44679e-09	0.962515
1.44686e-09	0.962149
1.44694e-09	0.96178
1.44701e-09	0.96141
1.44708e-09	0.961039
1.44715e-09	0.960665
1.44722e-09	0.96029
1.44729e-09	0.959913
1.44736e-09	0.959534
1.44743e-09	0.959153
1.4475e-09	0.958771
1.44757e-09	0.958387
1.44764e-09	0.958001
1.44771e-09	0.957614
1.44778e-09	0.957225
1.44785e-09	0.956834
1.44793e-09	0.956441
1.448e-09	0.956047
1.44807e-09	0.95565
1.44814e-09	0.955252
1.44821e-09	0.954853
1.44828e-09	0.954452
1.44835e-09	0.954048
1.44842e-09	0.953644
1.44849e-09	0.953237
1.44856e-09	0.952829
1.44863e-09	0.952419
1.4487e-09	0.952007
1.44877e-09	0.951594
1.44884e-09	0.951178
1.44892e-09	0.950762
1.44899e-09	0.950343
1.44906e-09	0.949923
1.44913e-09	0.949501
1.4492e-09	0.949077
1.44927e-09	0.948651
1.44934e-09	0.948224
1.44941e-09	0.947795
1.44948e-09	0.947364
1.44955e-09	0.946932
1.44962e-09	0.946498
1.44969e-09	0.946062
1.44976e-09	0.945625
1.44984e-09	0.945185
1.44991e-09	0.944744
1.44998e-09	0.944302
1.45005e-09	0.943857
1.45012e-09	0.943411
1.45019e-09	0.942963
1.45026e-09	0.942514
1.45033e-09	0.942063
1.4504e-09	0.94161
1.45047e-09	0.941155
1.45054e-09	0.940699
1.45061e-09	0.940241
1.45068e-09	0.939781
1.45075e-09	0.93932
1.45083e-09	0.938857
1.4509e-09	0.938392
1.45097e-09	0.937925
1.45104e-09	0.937457
1.45111e-09	0.936987
1.45118e-09	0.936516
1.45125e-09	0.936042
1.45132e-09	0.935567
1.45139e-09	0.935091
1.45146e-09	0.934612
1.45153e-09	0.934132
1.4516e-09	0.93365
1.45167e-09	0.933167
1.45174e-09	0.932682
1.45182e-09	0.932195
1.45189e-09	0.931706
1.45196e-09	0.931216
1.45203e-09	0.930724
1.4521e-09	0.930231
1.45217e-09	0.929735
1.45224e-09	0.929239
1.45231e-09	0.92874
1.45238e-09	0.92824
1.45245e-09	0.927738
1.45252e-09	0.927234
1.45259e-09	0.926729
1.45266e-09	0.926222
1.45273e-09	0.925713
1.45281e-09	0.925203
1.45288e-09	0.924691
1.45295e-09	0.924177
1.45302e-09	0.923662
1.45309e-09	0.923145
1.45316e-09	0.922626
1.45323e-09	0.922105
1.4533e-09	0.921583
1.45337e-09	0.92106
1.45344e-09	0.920534
1.45351e-09	0.920007
1.45358e-09	0.919479
1.45365e-09	0.918948
1.45373e-09	0.918416
1.4538e-09	0.917883
1.45387e-09	0.917347
1.45394e-09	0.91681
1.45401e-09	0.916272
1.45408e-09	0.915731
1.45415e-09	0.91519
1.45422e-09	0.914646
1.45429e-09	0.914101
1.45436e-09	0.913554
1.45443e-09	0.913005
1.4545e-09	0.912455
1.45457e-09	0.911903
1.45464e-09	0.91135
1.45472e-09	0.910795
1.45479e-09	0.910238
1.45486e-09	0.909679
1.45493e-09	0.909119
1.455e-09	0.908558
1.45507e-09	0.907994
1.45514e-09	0.907429
1.45521e-09	0.906863
1.45528e-09	0.906294
1.45535e-09	0.905725
1.45542e-09	0.905153
1.45549e-09	0.90458
1.45556e-09	0.904005
1.45563e-09	0.903429
1.45571e-09	0.902851
1.45578e-09	0.902271
1.45585e-09	0.90169
1.45592e-09	0.901107
1.45599e-09	0.900522
1.45606e-09	0.899936
1.45613e-09	0.899348
1.4562e-09	0.898759
1.45627e-09	0.898168
1.45634e-09	0.897575
1.45641e-09	0.896981
1.45648e-09	0.896385
1.45655e-09	0.895787
1.45663e-09	0.895188
1.4567e-09	0.894588
1.45677e-09	0.893985
1.45684e-09	0.893381
1.45691e-09	0.892776
1.45698e-09	0.892169
1.45705e-09	0.89156
1.45712e-09	0.890949
1.45719e-09	0.890338
1.45726e-09	0.889724
1.45733e-09	0.889109
1.4574e-09	0.888492
1.45747e-09	0.887874
1.45754e-09	0.887254
1.45762e-09	0.886632
1.45769e-09	0.886009
1.45776e-09	0.885384
1.45783e-09	0.884758
1.4579e-09	0.88413
1.45797e-09	0.8835
1.45804e-09	0.882869
1.45811e-09	0.882236
1.45818e-09	0.881602
1.45825e-09	0.880966
1.45832e-09	0.880329
1.45839e-09	0.87969
1.45846e-09	0.879049
1.45853e-09	0.878407
1.45861e-09	0.877763
1.45868e-09	0.877118
1.45875e-09	0.876471
1.45882e-09	0.875822
1.45889e-09	0.875172
1.45896e-09	0.87452
1.45903e-09	0.873867
1.4591e-09	0.873212
1.45917e-09	0.872556
1.45924e-09	0.871898
1.45931e-09	0.871238
1.45938e-09	0.870577
1.45945e-09	0.869915
1.45952e-09	0.86925
1.4596e-09	0.868585
1.45967e-09	0.867917
1.45974e-09	0.867248
1.45981e-09	0.866578
1.45988e-09	0.865906
1.45995e-09	0.865232
1.46002e-09	0.864557
1.46009e-09	0.863881
1.46016e-09	0.863202
1.46023e-09	0.862523
1.4603e-09	0.861841
1.46037e-09	0.861158
1.46044e-09	0.860474
1.46052e-09	0.859788
1.46059e-09	0.859101
1.46066e-09	0.858411
1.46073e-09	0.857721
1.4608e-09	0.857029
1.46087e-09	0.856335
1.46094e-09	0.85564
1.46101e-09	0.854943
1.46108e-09	0.854245
1.46115e-09	0.853545
1.46122e-09	0.852844
1.46129e-09	0.852141
1.46136e-09	0.851437
1.46143e-09	0.850731
1.46151e-09	0.850023
1.46158e-09	0.849315
1.46165e-09	0.848604
1.46172e-09	0.847892
1.46179e-09	0.847179
1.46186e-09	0.846464
1.46193e-09	0.845747
1.462e-09	0.845029
1.46207e-09	0.844309
1.46214e-09	0.843588
1.46221e-09	0.842866
1.46228e-09	0.842142
1.46235e-09	0.841416
1.46242e-09	0.840689
1.4625e-09	0.83996
1.46257e-09	0.83923
1.46264e-09	0.838499
1.46271e-09	0.837766
1.46278e-09	0.837031
1.46285e-09	0.836295
1.46292e-09	0.835557
1.46299e-09	0.834818
1.46306e-09	0.834078
1.46313e-09	0.833335
1.4632e-09	0.832592
1.46327e-09	0.831847
1.46334e-09	0.8311
1.46342e-09	0.830352
1.46349e-09	0.829603
1.46356e-09	0.828852
1.46363e-09	0.828099
1.4637e-09	0.827345
1.46377e-09	0.82659
1.46384e-09	0.825833
1.46391e-09	0.825075
1.46398e-09	0.824315
1.46405e-09	0.823553
1.46412e-09	0.822791
1.46419e-09	0.822026
1.46426e-09	0.821261
1.46433e-09	0.820493
1.46441e-09	0.819725
1.46448e-09	0.818955
1.46455e-09	0.818183
1.46462e-09	0.81741
1.46469e-09	0.816635
1.46476e-09	0.815859
1.46483e-09	0.815082
1.4649e-09	0.814303
1.46497e-09	0.813523
1.46504e-09	0.812741
1.46511e-09	0.811958
1.46518e-09	0.811173
1.46525e-09	0.810387
1.46532e-09	0.809599
1.4654e-09	0.80881
1.46547e-09	0.80802
1.46554e-09	0.807228
1.46561e-09	0.806435
1.46568e-09	0.80564
1.46575e-09	0.804844
1.46582e-09	0.804046
1.46589e-09	0.803247
1.46596e-09	0.802447
1.46603e-09	0.801645
1.4661e-09	0.800841
1.46617e-09	0.800037
1.46624e-09	0.79923
1.46631e-09	0.798423
1.46639e-09	0.797614
1.46646e-09	0.796803
1.46653e-09	0.795991
1.4666e-09	0.795178
1.46667e-09	0.794363
1.46674e-09	0.793547
1.46681e-09	0.79273
1.46688e-09	0.791911
1.46695e-09	0.791091
1.46702e-09	0.790269
1.46709e-09	0.789446
1.46716e-09	0.788621
1.46723e-09	0.787795
1.46731e-09	0.786968
1.46738e-09	0.786139
1.46745e-09	0.785309
1.46752e-09	0.784477
1.46759e-09	0.783644
1.46766e-09	0.78281
1.46773e-09	0.781974
1.4678e-09	0.781137
1.46787e-09	0.780299
1.46794e-09	0.779459
1.46801e-09	0.778618
1.46808e-09	0.777775
1.46815e-09	0.776931
1.46822e-09	0.776085
1.4683e-09	0.775239
1.46837e-09	0.774391
1.46844e-09	0.773541
1.46851e-09	0.77269
1.46858e-09	0.771838
1.46865e-09	0.770984
1.46872e-09	0.770129
1.46879e-09	0.769273
1.46886e-09	0.768415
1.46893e-09	0.767556
1.469e-09	0.766696
1.46907e-09	0.765834
1.46914e-09	0.764971
1.46921e-09	0.764106
1.46929e-09	0.76324
1.46936e-09	0.762373
1.46943e-09	0.761505
1.4695e-09	0.760635
1.46957e-09	0.759763
1.46964e-09	0.758891
1.46971e-09	0.758017
1.46978e-09	0.757141
1.46985e-09	0.756265
1.46992e-09	0.755387
1.46999e-09	0.754508
1.47006e-09	0.753627
1.47013e-09	0.752745
1.47021e-09	0.751862
1.47028e-09	0.750977
1.47035e-09	0.750091
1.47042e-09	0.749204
1.47049e-09	0.748315
1.47056e-09	0.747425
1.47063e-09	0.746534
1.4707e-09	0.745642
1.47077e-09	0.744748
1.47084e-09	0.743852
1.47091e-09	0.742956
1.47098e-09	0.742058
1.47105e-09	0.741159
1.47112e-09	0.740259
1.4712e-09	0.739357
1.47127e-09	0.738454
1.47134e-09	0.73755
1.47141e-09	0.736644
1.47148e-09	0.735737
1.47155e-09	0.734829
1.47162e-09	0.733919
1.47169e-09	0.733008
1.47176e-09	0.732096
1.47183e-09	0.731183
1.4719e-09	0.730268
1.47197e-09	0.729352
1.47204e-09	0.728435
1.47211e-09	0.727516
1.47219e-09	0.726597
1.47226e-09	0.725676
1.47233e-09	0.724753
1.4724e-09	0.72383
1.47247e-09	0.722905
1.47254e-09	0.721978
1.47261e-09	0.721051
1.47268e-09	0.720122
1.47275e-09	0.719192
1.47282e-09	0.718261
1.47289e-09	0.717328
1.47296e-09	0.716395
1.47303e-09	0.71546
1.4731e-09	0.714523
1.47318e-09	0.713586
1.47325e-09	0.712647
1.47332e-09	0.711707
1.47339e-09	0.710766
1.47346e-09	0.709823
1.47353e-09	0.708879
1.4736e-09	0.707934
1.47367e-09	0.706988
1.47374e-09	0.706041
1.47381e-09	0.705092
1.47388e-09	0.704142
1.47395e-09	0.703191
1.47402e-09	0.702238
1.4741e-09	0.701284
1.47417e-09	0.700329
1.47424e-09	0.699373
1.47431e-09	0.698416
1.47438e-09	0.697457
1.47445e-09	0.696498
1.47452e-09	0.695537
1.47459e-09	0.694574
1.47466e-09	0.693611
1.47473e-09	0.692646
1.4748e-09	0.69168
1.47487e-09	0.690713
1.47494e-09	0.689745
1.47501e-09	0.688775
1.47509e-09	0.687805
1.47516e-09	0.686833
1.47523e-09	0.68586
1.4753e-09	0.684885
1.47537e-09	0.68391
1.47544e-09	0.682933
1.47551e-09	0.681955
1.47558e-09	0.680976
1.47565e-09	0.679996
1.47572e-09	0.679014
1.47579e-09	0.678032
1.47586e-09	0.677048
1.47593e-09	0.676063
1.476e-09	0.675077
1.47608e-09	0.674089
1.47615e-09	0.673101
1.47622e-09	0.672111
1.47629e-09	0.67112
1.47636e-09	0.670128
1.47643e-09	0.669135
1.4765e-09	0.668141
1.47657e-09	0.667145
1.47664e-09	0.666148
1.47671e-09	0.665151
1.47678e-09	0.664152
1.47685e-09	0.663151
1.47692e-09	0.66215
1.47699e-09	0.661148
1.47707e-09	0.660144
1.47714e-09	0.659139
1.47721e-09	0.658133
1.47728e-09	0.657126
1.47735e-09	0.656118
1.47742e-09	0.655109
1.47749e-09	0.654098
1.47756e-09	0.653087
1.47763e-09	0.652074
1.4777e-09	0.65106
1.47777e-09	0.650045
1.47784e-09	0.649029
1.47791e-09	0.648012
1.47799e-09	0.646993
1.47806e-09	0.645974
1.47813e-09	0.644953
1.4782e-09	0.643931
1.47827e-09	0.642908
1.47834e-09	0.641884
1.47841e-09	0.640859
1.47848e-09	0.639833
1.47855e-09	0.638806
1.47862e-09	0.637777
1.47869e-09	0.636748
1.47876e-09	0.635717
1.47883e-09	0.634686
1.4789e-09	0.633653
1.47898e-09	0.632619
1.47905e-09	0.631584
1.47912e-09	0.630548
1.47919e-09	0.629511
1.47926e-09	0.628472
1.47933e-09	0.627433
1.4794e-09	0.626393
1.47947e-09	0.625351
1.47954e-09	0.624309
1.47961e-09	0.623265
1.47968e-09	0.62222
1.47975e-09	0.621174
1.47982e-09	0.620127
1.47989e-09	0.619079
1.47997e-09	0.61803
1.48004e-09	0.61698
1.48011e-09	0.615929
1.48018e-09	0.614877
1.48025e-09	0.613824
1.48032e-09	0.612769
1.48039e-09	0.611714
1.48046e-09	0.610658
1.48053e-09	0.6096
1.4806e-09	0.608542
1.48067e-09	0.607482
1.48074e-09	0.606422
1.48081e-09	0.60536
1.48089e-09	0.604297
1.48096e-09	0.603234
1.48103e-09	0.602169
1.4811e-09	0.601103
1.48117e-09	0.600036
1.48124e-09	0.598968
1.48131e-09	0.597899
1.48138e-09	0.596829
1.48145e-09	0.595759
1.48152e-09	0.594687
1.48159e-09	0.593614
1.48166e-09	0.59254
1.48173e-09	0.591465
1.4818e-09	0.590389
1.48188e-09	0.589312
1.48195e-09	0.588234
1.48202e-09	0.587155
1.48209e-09	0.586075
1.48216e-09	0.584994
1.48223e-09	0.583911
1.4823e-09	0.582828
1.48237e-09	0.581744
1.48244e-09	0.580659
1.48251e-09	0.579573
1.48258e-09	0.578486
1.48265e-09	0.577398
1.48272e-09	0.576309
1.48279e-09	0.57522
1.48287e-09	0.574129
1.48294e-09	0.573037
1.48301e-09	0.571944
1.48308e-09	0.57085
1.48315e-09	0.569755
1.48322e-09	0.568659
1.48329e-09	0.567563
1.48336e-09	0.566465
1.48343e-09	0.565366
1.4835e-09	0.564266
1.48357e-09	0.563166
1.48364e-09	0.562064
1.48371e-09	0.560962
1.48378e-09	0.559858
1.48386e-09	0.558754
1.48393e-09	0.557648
1.484e-09	0.556542
1.48407e-09	0.555435
1.48414e-09	0.554327
1.48421e-09	0.553218
1.48428e-09	0.552107
1.48435e-09	0.550996
1.48442e-09	0.549884
1.48449e-09	0.548772
1.48456e-09	0.547658
1.48463e-09	0.546543
1.4847e-09	0.545427
1.48478e-09	0.544311
1.48485e-09	0.543193
1.48492e-09	0.542075
1.48499e-09	0.540956
1.48506e-09	0.539835
1.48513e-09	0.538714
1.4852e-09	0.537592
1.48527e-09	0.536469
1.48534e-09	0.535345
1.48541e-09	0.534221
1.48548e-09	0.533095
1.48555e-09	0.531968
1.48562e-09	0.530841
1.48569e-09	0.529712
1.48577e-09	0.528583
1.48584e-09	0.527453
1.48591e-09	0.526322
1.48598e-09	0.52519
1.48605e-09	0.524057
1.48612e-09	0.522924
1.48619e-09	0.521789
1.48626e-09	0.520654
1.48633e-09	0.519517
1.4864e-09	0.51838
1.48647e-09	0.517242
1.48654e-09	0.516103
1.48661e-09	0.514964
1.48668e-09	0.513823
1.48676e-09	0.512682
1.48683e-09	0.511539
1.4869e-09	0.510396
1.48697e-09	0.509252
1.48704e-09	0.508107
1.48711e-09	0.506961
1.48718e-09	0.505815
1.48725e-09	0.504667
1.48732e-09	0.503519
1.48739e-09	0.50237
1.48746e-09	0.50122
1.48753e-09	0.500069
1.4876e-09	0.498918
1.48768e-09	0.497765
1.48775e-09	0.496612
1.48782e-09	0.495458
1.48789e-09	0.494303
1.48796e-09	0.493147
1.48803e-09	0.49199
1.4881e-09	0.490833
1.48817e-09	0.489675
1.48824e-09	0.488516
1.48831e-09	0.487356
1.48838e-09	0.486195
1.48845e-09	0.485034
1.48852e-09	0.483872
1.48859e-09	0.482709
1.48867e-09	0.481545
1.48874e-09	0.48038
1.48881e-09	0.479215
1.48888e-09	0.478049
1.48895e-09	0.476882
1.48902e-09	0.475714
1.48909e-09	0.474545
1.48916e-09	0.473376
1.48923e-09	0.472206
1.4893e-09	0.471035
1.48937e-09	0.469863
1.48944e-09	0.468691
1.48951e-09	0.467517
1.48958e-09	0.466343
1.48966e-09	0.465168
1.48973e-09	0.463993
1.4898e-09	0.462817
1.48987e-09	0.46164
1.48994e-09	0.460462
1.49001e-09	0.459283
1.49008e-09	0.458104
1.49015e-09	0.456924
1.49022e-09	0.455743
1.49029e-09	0.454561
1.49036e-09	0.453379
1.49043e-09	0.452196
1.4905e-09	0.451012
1.49057e-09	0.449828
1.49065e-09	0.448642
1.49072e-09	0.447456
1.49079e-09	0.44627
1.49086e-09	0.445082
1.49093e-09	0.443894
1.491e-09	0.442705
1.49107e-09	0.441515
1.49114e-09	0.440325
1.49121e-09	0.439134
1.49128e-09	0.437942
1.49135e-09	0.43675
1.49142e-09	0.435557
1.49149e-09	0.434363
1.49157e-09	0.433168
1.49164e-09	0.431973
1.49171e-09	0.430777
1.49178e-09	0.42958
1.49185e-09	0.428383
1.49192e-09	0.427185
1.49199e-09	0.425986
1.49206e-09	0.424786
1.49213e-09	0.423586
1.4922e-09	0.422385
1.49227e-09	0.421184
1.49234e-09	0.419982
1.49241e-09	0.418779
1.49248e-09	0.417575
1.49256e-09	0.416371
1.49263e-09	0.415166
1.4927e-09	0.413961
1.49277e-09	0.412754
1.49284e-09	0.411547
1.49291e-09	0.41034
1.49298e-09	0.409132
1.49305e-09	0.407923
1.49312e-09	0.406713
1.49319e-09	0.405503
1.49326e-09	0.404292
1.49333e-09	0.403081
1.4934e-09	0.401869
1.49347e-09	0.400656
1.49355e-09	0.399443
1.49362e-09	0.398229
1.49369e-09	0.397014
1.49376e-09	0.395799
1.49383e-09	0.394583
1.4939e-09	0.393366
1.49397e-09	0.392149
1.49404e-09	0.390931
1.49411e-09	0.389713
1.49418e-09	0.388494
1.49425e-09	0.387274
1.49432e-09	0.386054
1.49439e-09	0.384833
1.49447e-09	0.383612
1.49454e-09	0.38239
1.49461e-09	0.381167
1.49468e-09	0.379944
1.49475e-09	0.37872
1.49482e-09	0.377496
1.49489e-09	0.376271
1.49496e-09	0.375045
1.49503e-09	0.373819
1.4951e-09	0.372592
1.49517e-09	0.371365
1.49524e-09	0.370136
1.49531e-09	0.368908
1.49538e-09	0.367679
1.49546e-09	0.366449
1.49553e-09	0.365219
1.4956e-09	0.363988
1.49567e-09	0.362757
1.49574e-09	0.361525
1.49581e-09	0.360292
1.49588e-09	0.359059
1.49595e-09	0.357825
1.49602e-09	0.356591
1.49609e-09	0.355356
1.49616e-09	0.354121
1.49623e-09	0.352885
1.4963e-09	0.351649
1.49637e-09	0.350412
1.49645e-09	0.349174
1.49652e-09	0.347936
1.49659e-09	0.346698
1.49666e-09	0.345459
1.49673e-09	0.344219
1.4968e-09	0.342979
1.49687e-09	0.341738
1.49694e-09	0.340497
1.49701e-09	0.339255
1.49708e-09	0.338013
1.49715e-09	0.33677
1.49722e-09	0.335527
1.49729e-09	0.334283
1.49736e-09	0.333039
1.49744e-09	0.331794
1.49751e-09	0.330549
1.49758e-09	0.329303
1.49765e-09	0.328057
1.49772e-09	0.32681
1.49779e-09	0.325562
1.49786e-09	0.324315
1.49793e-09	0.323066
1.498e-09	0.321818
1.49807e-09	0.320568
1.49814e-09	0.319319
1.49821e-09	0.318068
1.49828e-09	0.316818
1.49836e-09	0.315566
1.49843e-09	0.314315
1.4985e-09	0.313063
1.49857e-09	0.31181
1.49864e-09	0.310557
1.49871e-09	0.309303
1.49878e-09	0.30805
1.49885e-09	0.306795
1.49892e-09	0.30554
1.49899e-09	0.304285
1.49906e-09	0.303029
1.49913e-09	0.301773
1.4992e-09	0.300516
1.49927e-09	0.299259
1.49935e-09	0.298001
1.49942e-09	0.296743
1.49949e-09	0.295485
1.49956e-09	0.294226
1.49963e-09	0.292967
1.4997e-09	0.291707
1.49977e-09	0.290447
1.49984e-09	0.289186
1.49991e-09	0.287925
1.49998e-09	0.286664
1.50005e-09	0.285402
1.50012e-09	0.28414
1.50019e-09	0.282877
1.50026e-09	0.281614
1.50034e-09	0.28035
1.50041e-09	0.279087
1.50048e-09	0.277822
1.50055e-09	0.276558
1.50062e-09	0.275292
1.50069e-09	0.274027
1.50076e-09	0.272761
1.50083e-09	0.271495
1.5009e-09	0.270228
1.50097e-09	0.268961
1.50104e-09	0.267694
1.50111e-09	0.266426
1.50118e-09	0.265158
1.50125e-09	0.263889
1.50133e-09	0.26262
1.5014e-09	0.261351
1.50147e-09	0.260081
1.50154e-09	0.258811
1.50161e-09	0.257541
1.50168e-09	0.25627
1.50175e-09	0.254999
1.50182e-09	0.253727
1.50189e-09	0.252456
1.50196e-09	0.251183
1.50203e-09	0.249911
1.5021e-09	0.248638
1.50217e-09	0.247365
1.50225e-09	0.246091
1.50232e-09	0.244817
1.50239e-09	0.243543
1.50246e-09	0.242268
1.50253e-09	0.240994
1.5026e-09	0.239718
1.50267e-09	0.238443
1.50274e-09	0.237167
1.50281e-09	0.235891
1.50288e-09	0.234614
1.50295e-09	0.233337
1.50302e-09	0.23206
1.50309e-09	0.230783
1.50316e-09	0.229505
1.50324e-09	0.228227
1.50331e-09	0.226949
1.50338e-09	0.22567
1.50345e-09	0.224391
1.50352e-09	0.223112
1.50359e-09	0.221832
1.50366e-09	0.220552
1.50373e-09	0.219272
1.5038e-09	0.217992
1.50387e-09	0.216711
1.50394e-09	0.21543
1.50401e-09	0.214149
1.50408e-09	0.212867
1.50415e-09	0.211585
1.50423e-09	0.210303
1.5043e-09	0.209021
1.50437e-09	0.207738
1.50444e-09	0.206455
1.50451e-09	0.205172
1.50458e-09	0.203889
1.50465e-09	0.202605
1.50472e-09	0.201321
1.50479e-09	0.200037
1.50486e-09	0.198753
1.50493e-09	0.197468
1.505e-09	0.196183
1.50507e-09	0.194898
1.50515e-09	0.193612
1.50522e-09	0.192327
1.50529e-09	0.191041
1.50536e-09	0.189755
1.50543e-09	0.188468
1.5055e-09	0.187182
1.50557e-09	0.185895
1.50564e-09	0.184608
1.50571e-09	0.183321
1.50578e-09	0.182033
1.50585e-09	0.180746
1.50592e-09	0.179458
1.50599e-09	0.17817
1.50606e-09	0.176882
1.50614e-09	0.175593
1.50621e-09	0.174304
1.50628e-09	0.173015
1.50635e-09	0.171726
1.50642e-09	0.170437
1.50649e-09	0.169148
1.50656e-09	0.167858
1.50663e-09	0.166568
1.5067e-09	0.165278
1.50677e-09	0.163988
1.50684e-09	0.162697
1.50691e-09	0.161407
1.50698e-09	0.160116
1.50705e-09	0.158825
1.50713e-09	0.157534
1.5072e-09	0.156243
1.50727e-09	0.154951
1.50734e-09	0.15366
1.50741e-09	0.152368
1.50748e-09	0.151076
1.50755e-09	0.149784
1.50762e-09	0.148492
1.50769e-09	0.147199
1.50776e-09	0.145907
1.50783e-09	0.144614
1.5079e-09	0.143321
1.50797e-09	0.142028
1.50804e-09	0.140735
1.50812e-09	0.139442
1.50819e-09	0.138149
1.50826e-09	0.136855
1.50833e-09	0.135562
1.5084e-09	0.134268
1.50847e-09	0.132974
1.50854e-09	0.13168
1.50861e-09	0.130386
1.50868e-09	0.129092
1.50875e-09	0.127798
1.50882e-09	0.126503
1.50889e-09	0.125209
1.50896e-09	0.123914
1.50904e-09	0.122619
1.50911e-09	0.121324
1.50918e-09	0.120029
1.50925e-09	0.118734
1.50932e-09	0.117439
1.50939e-09	0.116144
1.50946e-09	0.114849
1.50953e-09	0.113553
1.5096e-09	0.112258
1.50967e-09	0.110962
1.50974e-09	0.109667
1.50981e-09	0.108371
1.50988e-09	0.107075
1.50995e-09	0.105779
1.51003e-09	0.104483
1.5101e-09	0.103187
1.51017e-09	0.101891
1.51024e-09	0.100595
1.51031e-09	0.0992989
1.51038e-09	0.0980026
1.51045e-09	0.0967063
1.51052e-09	0.09541
1.51059e-09	0.0941136
1.51066e-09	0.0928172
1.51073e-09	0.0915207
1.5108e-09	0.0902242
1.51087e-09	0.0889276
1.51094e-09	0.087631
1.51102e-09	0.0863344
1.51109e-09	0.0850378
1.51116e-09	0.0837411
1.51123e-09	0.0824444
1.5113e-09	0.0811476
1.51137e-09	0.0798509
1.51144e-09	0.0785541
1.51151e-09	0.0772573
1.51158e-09	0.0759605
1.51165e-09	0.0746637
1.51172e-09	0.0733669
1.51179e-09	0.07207
1.51186e-09	0.0707732
1.51194e-09	0.0694764
1.51201e-09	0.0681796
1.51208e-09	0.0668827
1.51215e-09	0.0655859
1.51222e-09	0.0642891
1.51229e-09	0.0629923
1.51236e-09	0.0616955
1.51243e-09	0.0603987
1.5125e-09	0.059102
1.51257e-09	0.0578052
1.51264e-09	0.0565085
1.51271e-09	0.0552118
1.51278e-09	0.0539152
1.51285e-09	0.0526186
1.51293e-09	0.051322
1.513e-09	0.0500254
1.51307e-09	0.0487289
1.51314e-09	0.0474324
1.51321e-09	0.046136
1.51328e-09	0.0448396
1.51335e-09	0.0435433
1.51342e-09	0.042247
1.51349e-09	0.0409508
1.51356e-09	0.0396546
1.51363e-09	0.0383585
1.5137e-09	0.0370624
1.51377e-09	0.0357664
1.51384e-09	0.0344705
1.51392e-09	0.0331746
1.51399e-09	0.0318788
1.51406e-09	0.0305831
1.51413e-09	0.0292875
1.5142e-09	0.0279919
1.51427e-09	0.0266964
1.51434e-09	0.025401
1.51441e-09	0.0241057
1.51448e-09	0.0228105
1.51455e-09	0.0215153
1.51462e-09	0.0202203
1.51469e-09	0.0189254
1.51476e-09	0.0176305
1.51483e-09	0.0163358
1.51491e-09	0.0150411
1.51498e-09	0.0137466
1.51505e-09	0.0124521
1.51512e-09	0.0111578
1.51519e-09	0.00986359
1.51526e-09	0.00856949
1.51533e-09	0.00727551
1.5154e-09	0.00598165
1.51547e-09	0.00468791
1.51554e-09	0.00339429
1.51561e-09	0.00210081
1.51568e-09	0.000807452
1.51575e-09	-0.000485772
1.51583e-09	-0.00177886
1.5159e-09	-0.00307181
1.51597e-09	-0.00436463
1.51604e-09	-0.0056573
1.51611e-09	-0.00694982
1.51618e-09	-0.0082422
1.51625e-09	-0.00953443
1.51632e-09	-0.0108265
1.51639e-09	-0.0121184
1.51646e-09	-0.0134102
1.51653e-09	-0.0147018
1.5166e-09	-0.0159933
1.51667e-09	-0.0172845
1.51674e-09	-0.0185757
1.51682e-09	-0.0198666
1.51689e-09	-0.0211574
1.51696e-09	-0.022448
1.51703e-09	-0.0237384
1.5171e-09	-0.0250286
1.51717e-09	-0.0263187
1.51724e-09	-0.0276086
1.51731e-09	-0.0288983
1.51738e-09	-0.0301878
1.51745e-09	-0.0314771
1.51752e-09	-0.0327662
1.51759e-09	-0.0340552
1.51766e-09	-0.0353439
1.51773e-09	-0.0366324
1.51781e-09	-0.0379207
1.51788e-09	-0.0392088
1.51795e-09	-0.0404968
1.51802e-09	-0.0417845
1.51809e-09	-0.0430719
1.51816e-09	-0.0443592
1.51823e-09	-0.0456463
1.5183e-09	-0.0469331
1.51837e-09	-0.0482197
1.51844e-09	-0.0495061
1.51851e-09	-0.0507922
1.51858e-09	-0.0520782
1.51865e-09	-0.0533639
1.51873e-09	-0.0546493
1.5188e-09	-0.0559345
1.51887e-09	-0.0572195
1.51894e-09	-0.0585043
1.51901e-09	-0.0597888
1.51908e-09	-0.061073
1.51915e-09	-0.062357
1.51922e-09	-0.0636408
1.51929e-09	-0.0649242
1.51936e-09	-0.0662075
1.51943e-09	-0.0674905
1.5195e-09	-0.0687732
1.51957e-09	-0.0700556
1.51964e-09	-0.0713378
1.51972e-09	-0.0726197
1.51979e-09	-0.0739013
1.51986e-09	-0.0751827
1.51993e-09	-0.0764638
1.52e-09	-0.0777446
1.52007e-09	-0.0790252
1.52014e-09	-0.0803054
1.52021e-09	-0.0815854
1.52028e-09	-0.082865
1.52035e-09	-0.0841444
1.52042e-09	-0.0854235
1.52049e-09	-0.0867023
1.52056e-09	-0.0879808
1.52063e-09	-0.089259
1.52071e-09	-0.0905369
1.52078e-09	-0.0918145
1.52085e-09	-0.0930918
1.52092e-09	-0.0943687
1.52099e-09	-0.0956454
1.52106e-09	-0.0969218
1.52113e-09	-0.0981978
1.5212e-09	-0.0994735
1.52127e-09	-0.100749
1.52134e-09	-0.102024
1.52141e-09	-0.103299
1.52148e-09	-0.104573
1.52155e-09	-0.105847
1.52162e-09	-0.107121
1.5217e-09	-0.108394
1.52177e-09	-0.109667
1.52184e-09	-0.11094
1.52191e-09	-0.112212
1.52198e-09	-0.113484
1.52205e-09	-0.114756
1.52212e-09	-0.116028
1.52219e-09	-0.117298
1.52226e-09	-0.118569
1.52233e-09	-0.119839
1.5224e-09	-0.121109
1.52247e-09	-0.122379
1.52254e-09	-0.123648
1.52262e-09	-0.124917
1.52269e-09	-0.126185
1.52276e-09	-0.127453
1.52283e-09	-0.128721
1.5229e-09	-0.129988
1.52297e-09	-0.131255
1.52304e-09	-0.132522
1.52311e-09	-0.133788
1.52318e-09	-0.135054
1.52325e-09	-0.136319
1.52332e-09	-0.137584
1.52339e-09	-0.138849
1.52346e-09	-0.140113
1.52353e-09	-0.141377
1.52361e-09	-0.14264
1.52368e-09	-0.143903
1.52375e-09	-0.145166
1.52382e-09	-0.146428
1.52389e-09	-0.14769
1.52396e-09	-0.148951
1.52403e-09	-0.150212
1.5241e-09	-0.151473
1.52417e-09	-0.152733
1.52424e-09	-0.153993
1.52431e-09	-0.155252
1.52438e-09	-0.156511
1.52445e-09	-0.157769
1.52452e-09	-0.159027
1.5246e-09	-0.160285
1.52467e-09	-0.161542
1.52474e-09	-0.162798
1.52481e-09	-0.164055
1.52488e-09	-0.16531
1.52495e-09	-0.166566
1.52502e-09	-0.167821
1.52509e-09	-0.169075
1.52516e-09	-0.170329
1.52523e-09	-0.171583
1.5253e-09	-0.172836
1.52537e-09	-0.174088
1.52544e-09	-0.175341
1.52551e-09	-0.176592
1.52559e-09	-0.177844
1.52566e-09	-0.179094
1.52573e-09	-0.180345
1.5258e-09	-0.181594
1.52587e-09	-0.182844
1.52594e-09	-0.184093
1.52601e-09	-0.185341
1.52608e-09	-0.186589
1.52615e-09	-0.187836
1.52622e-09	-0.189083
1.52629e-09	-0.19033
1.52636e-09	-0.191576
1.52643e-09	-0.192821
1.52651e-09	-0.194066
1.52658e-09	-0.19531
1.52665e-09	-0.196554
1.52672e-09	-0.197798
1.52679e-09	-0.199041
1.52686e-09	-0.200283
1.52693e-09	-0.201525
1.527e-09	-0.202767
1.52707e-09	-0.204007
1.52714e-09	-0.205248
1.52721e-09	-0.206488
1.52728e-09	-0.207727
1.52735e-09	-0.208966
1.52742e-09	-0.210204
1.5275e-09	-0.211442
1.52757e-09	-0.212679
1.52764e-09	-0.213916
1.52771e-09	-0.215152
1.52778e-09	-0.216387
1.52785e-09	-0.217622
1.52792e-09	-0.218857
1.52799e-09	-0.220091
1.52806e-09	-0.221324
1.52813e-09	-0.222557
1.5282e-09	-0.22379
1.52827e-09	-0.225021
1.52834e-09	-0.226253
1.52841e-09	-0.227483
1.52849e-09	-0.228713
1.52856e-09	-0.229943
1.52863e-09	-0.231172
1.5287e-09	-0.2324
1.52877e-09	-0.233628
1.52884e-09	-0.234855
1.52891e-09	-0.236082
1.52898e-09	-0.237308
1.52905e-09	-0.238534
1.52912e-09	-0.239759
1.52919e-09	-0.240983
1.52926e-09	-0.242207
1.52933e-09	-0.24343
1.52941e-09	-0.244652
1.52948e-09	-0.245874
1.52955e-09	-0.247096
1.52962e-09	-0.248317
1.52969e-09	-0.249537
1.52976e-09	-0.250756
1.52983e-09	-0.251975
1.5299e-09	-0.253194
1.52997e-09	-0.254411
1.53004e-09	-0.255629
1.53011e-09	-0.256845
1.53018e-09	-0.258061
1.53025e-09	-0.259276
1.53032e-09	-0.260491
1.5304e-09	-0.261705
1.53047e-09	-0.262919
1.53054e-09	-0.264131
1.53061e-09	-0.265344
1.53068e-09	-0.266555
1.53075e-09	-0.267766
1.53082e-09	-0.268976
1.53089e-09	-0.270186
1.53096e-09	-0.271395
1.53103e-09	-0.272603
1.5311e-09	-0.273811
1.53117e-09	-0.275018
1.53124e-09	-0.276224
1.53131e-09	-0.27743
1.53139e-09	-0.278635
1.53146e-09	-0.27984
1.53153e-09	-0.281044
1.5316e-09	-0.282247
1.53167e-09	-0.283449
1.53174e-09	-0.284651
1.53181e-09	-0.285852
1.53188e-09	-0.287053
1.53195e-09	-0.288252
1.53202e-09	-0.289452
1.53209e-09	-0.29065
1.53216e-09	-0.291848
1.53223e-09	-0.293045
1.5323e-09	-0.294241
1.53238e-09	-0.295437
1.53245e-09	-0.296632
1.53252e-09	-0.297826
1.53259e-09	-0.29902
1.53266e-09	-0.300213
1.53273e-09	-0.301405
1.5328e-09	-0.302597
1.53287e-09	-0.303788
1.53294e-09	-0.304978
1.53301e-09	-0.306167
1.53308e-09	-0.307356
1.53315e-09	-0.308544
1.53322e-09	-0.309731
1.5333e-09	-0.310918
1.53337e-09	-0.312104
1.53344e-09	-0.313289
1.53351e-09	-0.314473
1.53358e-09	-0.315657
1.53365e-09	-0.31684
1.53372e-09	-0.318022
1.53379e-09	-0.319204
1.53386e-09	-0.320385
1.53393e-09	-0.321565
1.534e-09	-0.322744
1.53407e-09	-0.323923
1.53414e-09	-0.325101
1.53421e-09	-0.326278
1.53429e-09	-0.327454
1.53436e-09	-0.32863
1.53443e-09	-0.329805
1.5345e-09	-0.330979
1.53457e-09	-0.332152
1.53464e-09	-0.333325
1.53471e-09	-0.334497
1.53478e-09	-0.335668
1.53485e-09	-0.336838
1.53492e-09	-0.338008
1.53499e-09	-0.339177
1.53506e-09	-0.340345
1.53513e-09	-0.341512
1.5352e-09	-0.342678
1.53528e-09	-0.343844
1.53535e-09	-0.345009
1.53542e-09	-0.346173
1.53549e-09	-0.347337
1.53556e-09	-0.348499
1.53563e-09	-0.349661
1.5357e-09	-0.350822
1.53577e-09	-0.351982
1.53584e-09	-0.353142
1.53591e-09	-0.354301
1.53598e-09	-0.355458
1.53605e-09	-0.356616
1.53612e-09	-0.357772
1.5362e-09	-0.358927
1.53627e-09	-0.360082
1.53634e-09	-0.361236
1.53641e-09	-0.362389
1.53648e-09	-0.363541
1.53655e-09	-0.364693
1.53662e-09	-0.365843
1.53669e-09	-0.366993
1.53676e-09	-0.368142
1.53683e-09	-0.36929
1.5369e-09	-0.370437
1.53697e-09	-0.371584
1.53704e-09	-0.37273
1.53711e-09	-0.373875
1.53719e-09	-0.375019
1.53726e-09	-0.376162
1.53733e-09	-0.377304
1.5374e-09	-0.378446
1.53747e-09	-0.379586
1.53754e-09	-0.380726
1.53761e-09	-0.381865
1.53768e-09	-0.383003
1.53775e-09	-0.384141
1.53782e-09	-0.385277
1.53789e-09	-0.386413
1.53796e-09	-0.387547
1.53803e-09	-0.388681
1.5381e-09	-0.389814
1.53818e-09	-0.390947
1.53825e-09	-0.392078
1.53832e-09	-0.393208
1.53839e-09	-0.394338
1.53846e-09	-0.395467
1.53853e-09	-0.396594
1.5386e-09	-0.397721
1.53867e-09	-0.398847
1.53874e-09	-0.399973
1.53881e-09	-0.401097
1.53888e-09	-0.402221
1.53895e-09	-0.403343
1.53902e-09	-0.404465
1.53909e-09	-0.405586
1.53917e-09	-0.406705
1.53924e-09	-0.407825
1.53931e-09	-0.408943
1.53938e-09	-0.41006
1.53945e-09	-0.411176
1.53952e-09	-0.412292
1.53959e-09	-0.413406
1.53966e-09	-0.41452
1.53973e-09	-0.415633
1.5398e-09	-0.416744
1.53987e-09	-0.417855
1.53994e-09	-0.418965
1.54001e-09	-0.420074
1.54009e-09	-0.421183
1.54016e-09	-0.42229
1.54023e-09	-0.423396
1.5403e-09	-0.424502
1.54037e-09	-0.425606
1.54044e-09	-0.42671
1.54051e-09	-0.427812
1.54058e-09	-0.428914
1.54065e-09	-0.430015
1.54072e-09	-0.431115
1.54079e-09	-0.432214
1.54086e-09	-0.433312
1.54093e-09	-0.434409
1.541e-09	-0.435505
1.54108e-09	-0.4366
1.54115e-09	-0.437694
1.54122e-09	-0.438787
1.54129e-09	-0.43988
1.54136e-09	-0.440971
1.54143e-09	-0.442061
1.5415e-09	-0.443151
1.54157e-09	-0.444239
1.54164e-09	-0.445327
1.54171e-09	-0.446414
1.54178e-09	-0.447499
1.54185e-09	-0.448584
1.54192e-09	-0.449668
1.54199e-09	-0.45075
1.54207e-09	-0.451832
1.54214e-09	-0.452913
1.54221e-09	-0.453993
1.54228e-09	-0.455071
1.54235e-09	-0.456149
1.54242e-09	-0.457226
1.54249e-09	-0.458302
1.54256e-09	-0.459377
1.54263e-09	-0.460451
1.5427e-09	-0.461524
1.54277e-09	-0.462596
1.54284e-09	-0.463667
1.54291e-09	-0.464737
1.54298e-09	-0.465806
1.54306e-09	-0.466874
1.54313e-09	-0.467941
1.5432e-09	-0.469007
1.54327e-09	-0.470071
1.54334e-09	-0.471135
1.54341e-09	-0.472198
1.54348e-09	-0.47326
1.54355e-09	-0.474321
1.54362e-09	-0.475381
1.54369e-09	-0.47644
1.54376e-09	-0.477498
1.54383e-09	-0.478555
1.5439e-09	-0.479611
1.54398e-09	-0.480666
1.54405e-09	-0.481719
1.54412e-09	-0.482772
1.54419e-09	-0.483824
1.54426e-09	-0.484875
1.54433e-09	-0.485924
1.5444e-09	-0.486973
1.54447e-09	-0.488021
1.54454e-09	-0.489067
1.54461e-09	-0.490113
1.54468e-09	-0.491157
1.54475e-09	-0.492201
1.54482e-09	-0.493243
1.54489e-09	-0.494284
1.54497e-09	-0.495325
1.54504e-09	-0.496364
1.54511e-09	-0.497402
1.54518e-09	-0.498439
1.54525e-09	-0.499476
1.54532e-09	-0.500511
1.54539e-09	-0.501545
1.54546e-09	-0.502578
1.54553e-09	-0.503609
1.5456e-09	-0.50464
1.54567e-09	-0.50567
1.54574e-09	-0.506699
1.54581e-09	-0.507726
1.54588e-09	-0.508753
1.54596e-09	-0.509778
1.54603e-09	-0.510803
1.5461e-09	-0.511826
1.54617e-09	-0.512848
1.54624e-09	-0.513869
1.54631e-09	-0.514889
1.54638e-09	-0.515908
1.54645e-09	-0.516926
1.54652e-09	-0.517943
1.54659e-09	-0.518959
1.54666e-09	-0.519973
1.54673e-09	-0.520987
1.5468e-09	-0.521999
1.54688e-09	-0.523011
1.54695e-09	-0.524021
1.54702e-09	-0.52503
1.54709e-09	-0.526038
1.54716e-09	-0.527045
1.54723e-09	-0.528051
1.5473e-09	-0.529056
1.54737e-09	-0.530059
1.54744e-09	-0.531062
1.54751e-09	-0.532063
1.54758e-09	-0.533063
1.54765e-09	-0.534063
1.54772e-09	-0.535061
1.54779e-09	-0.536058
1.54787e-09	-0.537053
1.54794e-09	-0.538048
1.54801e-09	-0.539042
1.54808e-09	-0.540034
1.54815e-09	-0.541025
1.54822e-09	-0.542015
1.54829e-09	-0.543004
1.54836e-09	-0.543992
1.54843e-09	-0.544979
1.5485e-09	-0.545965
1.54857e-09	-0.546949
1.54864e-09	-0.547933
1.54871e-09	-0.548915
1.54878e-09	-0.549896
1.54886e-09	-0.550876
1.54893e-09	-0.551854
1.549e-09	-0.552832
1.54907e-09	-0.553809
1.54914e-09	-0.554784
1.54921e-09	-0.555758
1.54928e-09	-0.556731
1.54935e-09	-0.557703
1.54942e-09	-0.558674
1.54949e-09	-0.559643
1.54956e-09	-0.560611
1.54963e-09	-0.561579
1.5497e-09	-0.562545
1.54977e-09	-0.563509
1.54985e-09	-0.564473
1.54992e-09	-0.565436
1.54999e-09	-0.566397
1.55006e-09	-0.567357
1.55013e-09	-0.568316
1.5502e-09	-0.569274
1.55027e-09	-0.570231
1.55034e-09	-0.571186
1.55041e-09	-0.57214
1.55048e-09	-0.573093
1.55055e-09	-0.574045
1.55062e-09	-0.574996
1.55069e-09	-0.575946
1.55077e-09	-0.576894
1.55084e-09	-0.577841
1.55091e-09	-0.578787
1.55098e-09	-0.579732
1.55105e-09	-0.580675
1.55112e-09	-0.581618
1.55119e-09	-0.582559
1.55126e-09	-0.583499
1.55133e-09	-0.584437
1.5514e-09	-0.585375
1.55147e-09	-0.586311
1.55154e-09	-0.587246
1.55161e-09	-0.58818
1.55168e-09	-0.589113
1.55176e-09	-0.590044
1.55183e-09	-0.590975
1.5519e-09	-0.591904
1.55197e-09	-0.592832
1.55204e-09	-0.593758
1.55211e-09	-0.594684
1.55218e-09	-0.595608
1.55225e-09	-0.596531
1.55232e-09	-0.597452
1.55239e-09	-0.598373
1.55246e-09	-0.599292
1.55253e-09	-0.60021
1.5526e-09	-0.601127
1.55267e-09	-0.602042
1.55275e-09	-0.602957
1.55282e-09	-0.60387
1.55289e-09	-0.604782
1.55296e-09	-0.605692
1.55303e-09	-0.606602
1.5531e-09	-0.60751
1.55317e-09	-0.608416
1.55324e-09	-0.609322
1.55331e-09	-0.610226
1.55338e-09	-0.61113
1.55345e-09	-0.612031
1.55352e-09	-0.612932
1.55359e-09	-0.613831
1.55367e-09	-0.614729
1.55374e-09	-0.615626
1.55381e-09	-0.616522
1.55388e-09	-0.617416
1.55395e-09	-0.618309
1.55402e-09	-0.619201
1.55409e-09	-0.620092
1.55416e-09	-0.620981
1.55423e-09	-0.621869
1.5543e-09	-0.622756
1.55437e-09	-0.623641
1.55444e-09	-0.624525
1.55451e-09	-0.625408
1.55458e-09	-0.62629
1.55466e-09	-0.62717
1.55473e-09	-0.628049
1.5548e-09	-0.628927
1.55487e-09	-0.629803
1.55494e-09	-0.630679
1.55501e-09	-0.631552
1.55508e-09	-0.632425
1.55515e-09	-0.633296
1.55522e-09	-0.634167
1.55529e-09	-0.635035
1.55536e-09	-0.635903
1.55543e-09	-0.636769
1.5555e-09	-0.637634
1.55557e-09	-0.638497
1.55565e-09	-0.63936
1.55572e-09	-0.640221
1.55579e-09	-0.64108
1.55586e-09	-0.641939
1.55593e-09	-0.642796
1.556e-09	-0.643652
1.55607e-09	-0.644506
1.55614e-09	-0.645359
1.55621e-09	-0.646211
1.55628e-09	-0.647062
1.55635e-09	-0.647911
1.55642e-09	-0.648759
1.55649e-09	-0.649605
1.55656e-09	-0.650451
1.55664e-09	-0.651295
1.55671e-09	-0.652137
1.55678e-09	-0.652979
1.55685e-09	-0.653819
1.55692e-09	-0.654657
1.55699e-09	-0.655495
1.55706e-09	-0.656331
1.55713e-09	-0.657165
1.5572e-09	-0.657999
1.55727e-09	-0.658831
1.55734e-09	-0.659661
1.55741e-09	-0.660491
1.55748e-09	-0.661319
1.55756e-09	-0.662146
1.55763e-09	-0.662971
1.5577e-09	-0.663795
1.55777e-09	-0.664618
1.55784e-09	-0.665439
1.55791e-09	-0.666259
1.55798e-09	-0.667078
1.55805e-09	-0.667895
1.55812e-09	-0.668711
1.55819e-09	-0.669525
1.55826e-09	-0.670339
1.55833e-09	-0.671151
1.5584e-09	-0.671961
1.55847e-09	-0.67277
1.55855e-09	-0.673578
1.55862e-09	-0.674385
1.55869e-09	-0.67519
1.55876e-09	-0.675994
1.55883e-09	-0.676796
1.5589e-09	-0.677597
1.55897e-09	-0.678397
1.55904e-09	-0.679195
1.55911e-09	-0.679992
1.55918e-09	-0.680787
1.55925e-09	-0.681582
1.55932e-09	-0.682374
1.55939e-09	-0.683166
1.55946e-09	-0.683956
1.55954e-09	-0.684745
1.55961e-09	-0.685532
1.55968e-09	-0.686318
1.55975e-09	-0.687102
1.55982e-09	-0.687886
1.55989e-09	-0.688668
1.55996e-09	-0.689448
1.56003e-09	-0.690227
1.5601e-09	-0.691005
1.56017e-09	-0.691781
1.56024e-09	-0.692556
1.56031e-09	-0.693329
1.56038e-09	-0.694102
1.56046e-09	-0.694872
1.56053e-09	-0.695642
1.5606e-09	-0.696409
1.56067e-09	-0.697176
1.56074e-09	-0.697941
1.56081e-09	-0.698705
1.56088e-09	-0.699467
1.56095e-09	-0.700228
1.56102e-09	-0.700988
1.56109e-09	-0.701746
1.56116e-09	-0.702503
1.56123e-09	-0.703258
1.5613e-09	-0.704012
1.56137e-09	-0.704764
1.56145e-09	-0.705516
1.56152e-09	-0.706265
1.56159e-09	-0.707014
1.56166e-09	-0.70776
1.56173e-09	-0.708506
1.5618e-09	-0.70925
1.56187e-09	-0.709993
1.56194e-09	-0.710734
1.56201e-09	-0.711474
1.56208e-09	-0.712212
1.56215e-09	-0.712949
1.56222e-09	-0.713685
1.56229e-09	-0.714419
1.56236e-09	-0.715151
1.56244e-09	-0.715883
1.56251e-09	-0.716613
1.56258e-09	-0.717341
1.56265e-09	-0.718068
1.56272e-09	-0.718794
1.56279e-09	-0.719518
1.56286e-09	-0.72024
1.56293e-09	-0.720962
1.563e-09	-0.721681
1.56307e-09	-0.7224
1.56314e-09	-0.723117
1.56321e-09	-0.723832
1.56328e-09	-0.724546
1.56335e-09	-0.725259
1.56343e-09	-0.72597
1.5635e-09	-0.72668
1.56357e-09	-0.727388
1.56364e-09	-0.728095
1.56371e-09	-0.728801
1.56378e-09	-0.729505
1.56385e-09	-0.730207
1.56392e-09	-0.730908
1.56399e-09	-0.731608
1.56406e-09	-0.732306
1.56413e-09	-0.733003
1.5642e-09	-0.733698
1.56427e-09	-0.734392
1.56435e-09	-0.735084
1.56442e-09	-0.735775
1.56449e-09	-0.736464
1.56456e-09	-0.737152
1.56463e-09	-0.737839
1.5647e-09	-0.738524
1.56477e-09	-0.739208
1.56484e-09	-0.73989
1.56491e-09	-0.74057
1.56498e-09	-0.74125
1.56505e-09	-0.741927
1.56512e-09	-0.742604
1.56519e-09	-0.743278
1.56526e-09	-0.743952
1.56534e-09	-0.744624
1.56541e-09	-0.745294
1.56548e-09	-0.745963
1.56555e-09	-0.74663
1.56562e-09	-0.747296
1.56569e-09	-0.747961
1.56576e-09	-0.748624
1.56583e-09	-0.749285
1.5659e-09	-0.749945
1.56597e-09	-0.750604
1.56604e-09	-0.751261
1.56611e-09	-0.751917
1.56618e-09	-0.752571
1.56625e-09	-0.753223
1.56633e-09	-0.753875
1.5664e-09	-0.754524
1.56647e-09	-0.755172
1.56654e-09	-0.755819
1.56661e-09	-0.756464
1.56668e-09	-0.757108
1.56675e-09	-0.75775
1.56682e-09	-0.758391
1.56689e-09	-0.75903
1.56696e-09	-0.759668
1.56703e-09	-0.760304
1.5671e-09	-0.760939
1.56717e-09	-0.761572
1.56724e-09	-0.762204
1.56732e-09	-0.762834
1.56739e-09	-0.763463
1.56746e-09	-0.76409
1.56753e-09	-0.764716
1.5676e-09	-0.76534
1.56767e-09	-0.765963
1.56774e-09	-0.766584
1.56781e-09	-0.767204
1.56788e-09	-0.767822
1.56795e-09	-0.768439
1.56802e-09	-0.769054
1.56809e-09	-0.769668
1.56816e-09	-0.77028
1.56824e-09	-0.770891
1.56831e-09	-0.7715
1.56838e-09	-0.772108
1.56845e-09	-0.772714
1.56852e-09	-0.773318
1.56859e-09	-0.773922
1.56866e-09	-0.774523
1.56873e-09	-0.775123
1.5688e-09	-0.775722
1.56887e-09	-0.776319
1.56894e-09	-0.776914
1.56901e-09	-0.777508
1.56908e-09	-0.778101
1.56915e-09	-0.778692
1.56923e-09	-0.779281
1.5693e-09	-0.779869
1.56937e-09	-0.780455
1.56944e-09	-0.78104
1.56951e-09	-0.781624
1.56958e-09	-0.782205
1.56965e-09	-0.782786
1.56972e-09	-0.783364
1.56979e-09	-0.783942
1.56986e-09	-0.784517
1.56993e-09	-0.785091
1.57e-09	-0.785664
1.57007e-09	-0.786235
1.57014e-09	-0.786805
1.57022e-09	-0.787373
1.57029e-09	-0.787939
1.57036e-09	-0.788504
1.57043e-09	-0.789068
1.5705e-09	-0.789629
1.57057e-09	-0.79019
1.57064e-09	-0.790748
1.57071e-09	-0.791306
1.57078e-09	-0.791861
1.57085e-09	-0.792415
1.57092e-09	-0.792968
1.57099e-09	-0.793519
1.57106e-09	-0.794069
1.57114e-09	-0.794617
1.57121e-09	-0.795163
1.57128e-09	-0.795708
1.57135e-09	-0.796251
1.57142e-09	-0.796793
1.57149e-09	-0.797333
1.57156e-09	-0.797872
1.57163e-09	-0.798409
1.5717e-09	-0.798944
1.57177e-09	-0.799478
1.57184e-09	-0.800011
1.57191e-09	-0.800542
1.57198e-09	-0.801071
1.57205e-09	-0.801599
1.57213e-09	-0.802125
1.5722e-09	-0.80265
1.57227e-09	-0.803173
1.57234e-09	-0.803694
1.57241e-09	-0.804214
1.57248e-09	-0.804733
1.57255e-09	-0.80525
1.57262e-09	-0.805765
1.57269e-09	-0.806279
1.57276e-09	-0.806791
1.57283e-09	-0.807302
1.5729e-09	-0.807811
1.57297e-09	-0.808318
1.57304e-09	-0.808824
1.57312e-09	-0.809328
1.57319e-09	-0.809831
1.57326e-09	-0.810332
1.57333e-09	-0.810832
1.5734e-09	-0.81133
1.57347e-09	-0.811827
1.57354e-09	-0.812322
1.57361e-09	-0.812815
1.57368e-09	-0.813307
1.57375e-09	-0.813797
1.57382e-09	-0.814286
1.57389e-09	-0.814773
1.57396e-09	-0.815258
1.57403e-09	-0.815742
1.57411e-09	-0.816224
1.57418e-09	-0.816705
1.57425e-09	-0.817184
1.57432e-09	-0.817662
1.57439e-09	-0.818138
1.57446e-09	-0.818612
1.57453e-09	-0.819085
1.5746e-09	-0.819556
1.57467e-09	-0.820026
1.57474e-09	-0.820494
1.57481e-09	-0.820961
1.57488e-09	-0.821426
1.57495e-09	-0.821889
1.57503e-09	-0.822351
1.5751e-09	-0.822811
1.57517e-09	-0.82327
1.57524e-09	-0.823727
1.57531e-09	-0.824182
1.57538e-09	-0.824636
1.57545e-09	-0.825088
1.57552e-09	-0.825539
1.57559e-09	-0.825988
1.57566e-09	-0.826435
1.57573e-09	-0.826881
1.5758e-09	-0.827325
1.57587e-09	-0.827768
1.57594e-09	-0.828209
1.57602e-09	-0.828649
1.57609e-09	-0.829087
1.57616e-09	-0.829523
1.57623e-09	-0.829958
1.5763e-09	-0.830391
1.57637e-09	-0.830822
1.57644e-09	-0.831252
1.57651e-09	-0.831681
1.57658e-09	-0.832107
1.57665e-09	-0.832533
1.57672e-09	-0.832956
1.57679e-09	-0.833378
1.57686e-09	-0.833798
1.57693e-09	-0.834217
1.57701e-09	-0.834634
1.57708e-09	-0.83505
1.57715e-09	-0.835464
1.57722e-09	-0.835876
1.57729e-09	-0.836287
1.57736e-09	-0.836696
1.57743e-09	-0.837104
1.5775e-09	-0.83751
1.57757e-09	-0.837914
1.57764e-09	-0.838317
1.57771e-09	-0.838718
1.57778e-09	-0.839117
1.57785e-09	-0.839515
1.57793e-09	-0.839911
1.578e-09	-0.840306
1.57807e-09	-0.840699
1.57814e-09	-0.841091
1.57821e-09	-0.84148
1.57828e-09	-0.841869
1.57835e-09	-0.842255
1.57842e-09	-0.84264
1.57849e-09	-0.843024
1.57856e-09	-0.843406
1.57863e-09	-0.843786
1.5787e-09	-0.844164
1.57877e-09	-0.844541
1.57884e-09	-0.844917
1.57892e-09	-0.84529
1.57899e-09	-0.845663
1.57906e-09	-0.846033
1.57913e-09	-0.846402
1.5792e-09	-0.846769
1.57927e-09	-0.847135
1.57934e-09	-0.847499
1.57941e-09	-0.847861
1.57948e-09	-0.848222
1.57955e-09	-0.848581
1.57962e-09	-0.848939
1.57969e-09	-0.849295
1.57976e-09	-0.849649
1.57983e-09	-0.850002
1.57991e-09	-0.850353
1.57998e-09	-0.850702
1.58005e-09	-0.85105
1.58012e-09	-0.851397
1.58019e-09	-0.851741
1.58026e-09	-0.852084
1.58033e-09	-0.852426
1.5804e-09	-0.852765
1.58047e-09	-0.853103
1.58054e-09	-0.85344
1.58061e-09	-0.853775
1.58068e-09	-0.854108
1.58075e-09	-0.85444
1.58082e-09	-0.85477
1.5809e-09	-0.855098
1.58097e-09	-0.855425
1.58104e-09	-0.85575
1.58111e-09	-0.856073
1.58118e-09	-0.856395
1.58125e-09	-0.856716
1.58132e-09	-0.857034
1.58139e-09	-0.857351
1.58146e-09	-0.857667
1.58153e-09	-0.85798
1.5816e-09	-0.858293
1.58167e-09	-0.858603
1.58174e-09	-0.858912
1.58182e-09	-0.859219
1.58189e-09	-0.859525
1.58196e-09	-0.859829
1.58203e-09	-0.860131
1.5821e-09	-0.860432
1.58217e-09	-0.860731
1.58224e-09	-0.861028
1.58231e-09	-0.861324
1.58238e-09	-0.861618
1.58245e-09	-0.861911
1.58252e-09	-0.862202
1.58259e-09	-0.862491
1.58266e-09	-0.862779
1.58273e-09	-0.863065
1.58281e-09	-0.863349
1.58288e-09	-0.863632
1.58295e-09	-0.863913
1.58302e-09	-0.864193
1.58309e-09	-0.86447
1.58316e-09	-0.864747
1.58323e-09	-0.865021
1.5833e-09	-0.865294
1.58337e-09	-0.865566
1.58344e-09	-0.865835
1.58351e-09	-0.866103
1.58358e-09	-0.86637
1.58365e-09	-0.866635
1.58372e-09	-0.866898
1.5838e-09	-0.867159
1.58387e-09	-0.867419
1.58394e-09	-0.867677
1.58401e-09	-0.867934
1.58408e-09	-0.868189
1.58415e-09	-0.868442
1.58422e-09	-0.868694
1.58429e-09	-0.868944
1.58436e-09	-0.869192
1.58443e-09	-0.869439
1.5845e-09	-0.869684
1.58457e-09	-0.869928
1.58464e-09	-0.87017
1.58472e-09	-0.87041
1.58479e-09	-0.870649
1.58486e-09	-0.870886
1.58493e-09	-0.871121
1.585e-09	-0.871355
1.58507e-09	-0.871587
1.58514e-09	-0.871817
1.58521e-09	-0.872046
1.58528e-09	-0.872273
1.58535e-09	-0.872498
1.58542e-09	-0.872722
1.58549e-09	-0.872944
1.58556e-09	-0.873165
1.58563e-09	-0.873384
1.58571e-09	-0.873601
1.58578e-09	-0.873817
1.58585e-09	-0.874031
1.58592e-09	-0.874243
1.58599e-09	-0.874454
1.58606e-09	-0.874663
1.58613e-09	-0.87487
1.5862e-09	-0.875076
1.58627e-09	-0.87528
1.58634e-09	-0.875483
1.58641e-09	-0.875684
1.58648e-09	-0.875883
1.58655e-09	-0.876081
1.58662e-09	-0.876277
1.5867e-09	-0.876471
1.58677e-09	-0.876664
1.58684e-09	-0.876855
1.58691e-09	-0.877044
1.58698e-09	-0.877232
1.58705e-09	-0.877418
1.58712e-09	-0.877602
1.58719e-09	-0.877785
1.58726e-09	-0.877966
1.58733e-09	-0.878146
1.5874e-09	-0.878324
1.58747e-09	-0.8785
1.58754e-09	-0.878675
1.58761e-09	-0.878848
1.58769e-09	-0.879019
1.58776e-09	-0.879189
1.58783e-09	-0.879357
1.5879e-09	-0.879523
1.58797e-09	-0.879688
1.58804e-09	-0.879851
1.58811e-09	-0.880012
1.58818e-09	-0.880172
1.58825e-09	-0.88033
1.58832e-09	-0.880487
1.58839e-09	-0.880642
1.58846e-09	-0.880795
1.58853e-09	-0.880947
1.58861e-09	-0.881097
1.58868e-09	-0.881245
1.58875e-09	-0.881392
1.58882e-09	-0.881537
1.58889e-09	-0.88168
1.58896e-09	-0.881822
1.58903e-09	-0.881962
1.5891e-09	-0.882101
1.58917e-09	-0.882238
1.58924e-09	-0.882373
1.58931e-09	-0.882506
1.58938e-09	-0.882638
1.58945e-09	-0.882769
1.58952e-09	-0.882897
1.5896e-09	-0.883024
1.58967e-09	-0.88315
1.58974e-09	-0.883273
1.58981e-09	-0.883395
1.58988e-09	-0.883516
1.58995e-09	-0.883635
1.59002e-09	-0.883752
1.59009e-09	-0.883867
1.59016e-09	-0.883981
1.59023e-09	-0.884093
1.5903e-09	-0.884204
1.59037e-09	-0.884313
1.59044e-09	-0.88442
1.59051e-09	-0.884526
1.59059e-09	-0.88463
1.59066e-09	-0.884732
1.59073e-09	-0.884833
1.5908e-09	-0.884932
1.59087e-09	-0.88503
1.59094e-09	-0.885125
1.59101e-09	-0.88522
1.59108e-09	-0.885312
1.59115e-09	-0.885403
1.59122e-09	-0.885492
1.59129e-09	-0.88558
1.59136e-09	-0.885666
1.59143e-09	-0.88575
1.5915e-09	-0.885833
1.59158e-09	-0.885914
1.59165e-09	-0.885994
1.59172e-09	-0.886071
1.59179e-09	-0.886148
1.59186e-09	-0.886222
1.59193e-09	-0.886295
1.592e-09	-0.886366
1.59207e-09	-0.886436
1.59214e-09	-0.886504
1.59221e-09	-0.88657
1.59228e-09	-0.886635
1.59235e-09	-0.886698
1.59242e-09	-0.886759
1.5925e-09	-0.886819
1.59257e-09	-0.886877
1.59264e-09	-0.886934
1.59271e-09	-0.886989
1.59278e-09	-0.887042
1.59285e-09	-0.887094
1.59292e-09	-0.887144
1.59299e-09	-0.887192
1.59306e-09	-0.887239
1.59313e-09	-0.887284
1.5932e-09	-0.887327
1.59327e-09	-0.887369
1.59334e-09	-0.887409
1.59341e-09	-0.887448
1.59349e-09	-0.887485
1.59356e-09	-0.88752
1.59363e-09	-0.887554
1.5937e-09	-0.887586
1.59377e-09	-0.887616
1.59384e-09	-0.887645
1.59391e-09	-0.887672
1.59398e-09	-0.887698
1.59405e-09	-0.887721
1.59412e-09	-0.887744
1.59419e-09	-0.887764
1.59426e-09	-0.887783
1.59433e-09	-0.887801
1.5944e-09	-0.887816
1.59448e-09	-0.88783
1.59455e-09	-0.887843
1.59462e-09	-0.887854
1.59469e-09	-0.887863
1.59476e-09	-0.88787
1.59483e-09	-0.887876
1.5949e-09	-0.887881
1.59497e-09	-0.887883
1.59504e-09	-0.887884
1.59511e-09	-0.887884
1.59518e-09	-0.887882
1.59525e-09	-0.887878
1.59532e-09	-0.887872
1.5954e-09	-0.887865
1.59547e-09	-0.887857
1.59554e-09	-0.887846
1.59561e-09	-0.887834
1.59568e-09	-0.887821
1.59575e-09	-0.887806
1.59582e-09	-0.887789
1.59589e-09	-0.887771
1.59596e-09	-0.887751
1.59603e-09	-0.887729
1.5961e-09	-0.887706
1.59617e-09	-0.887681
1.59624e-09	-0.887654
1.59631e-09	-0.887626
1.59639e-09	-0.887596
1.59646e-09	-0.887565
1.59653e-09	-0.887532
1.5966e-09	-0.887497
1.59667e-09	-0.887461
1.59674e-09	-0.887423
1.59681e-09	-0.887384
1.59688e-09	-0.887342
1.59695e-09	-0.8873
1.59702e-09	-0.887255
1.59709e-09	-0.887209
1.59716e-09	-0.887162
1.59723e-09	-0.887113
1.5973e-09	-0.887062
1.59738e-09	-0.88701
1.59745e-09	-0.886955
1.59752e-09	-0.8869
1.59759e-09	-0.886843
1.59766e-09	-0.886784
1.59773e-09	-0.886723
1.5978e-09	-0.886661
1.59787e-09	-0.886597
1.59794e-09	-0.886532
1.59801e-09	-0.886465
1.59808e-09	-0.886397
1.59815e-09	-0.886327
1.59822e-09	-0.886255
1.59829e-09	-0.886181
1.59837e-09	-0.886106
1.59844e-09	-0.88603
1.59851e-09	-0.885952
1.59858e-09	-0.885872
1.59865e-09	-0.885791
1.59872e-09	-0.885708
1.59879e-09	-0.885623
1.59886e-09	-0.885537
1.59893e-09	-0.885449
1.599e-09	-0.88536
1.59907e-09	-0.885269
1.59914e-09	-0.885176
1.59921e-09	-0.885082
1.59929e-09	-0.884986
1.59936e-09	-0.884888
1.59943e-09	-0.884789
1.5995e-09	-0.884689
1.59957e-09	-0.884587
1.59964e-09	-0.884483
1.59971e-09	-0.884377
1.59978e-09	-0.88427
1.59985e-09	-0.884162
1.59992e-09	-0.884051
1.59999e-09	-0.88394
1.60006e-09	-0.883826
1.60013e-09	-0.883711
1.6002e-09	-0.883595
1.60028e-09	-0.883476
1.60035e-09	-0.883357
1.60042e-09	-0.883235
1.60049e-09	-0.883112
1.60056e-09	-0.882988
1.60063e-09	-0.882861
1.6007e-09	-0.882734
1.60077e-09	-0.882604
1.60084e-09	-0.882473
1.60091e-09	-0.882341
1.60098e-09	-0.882207
1.60105e-09	-0.882071
1.60112e-09	-0.881934
1.60119e-09	-0.881795
1.60127e-09	-0.881655
1.60134e-09	-0.881512
1.60141e-09	-0.881369
1.60148e-09	-0.881224
1.60155e-09	-0.881077
1.60162e-09	-0.880928
1.60169e-09	-0.880778
1.60176e-09	-0.880627
1.60183e-09	-0.880474
1.6019e-09	-0.880319
1.60197e-09	-0.880163
1.60204e-09	-0.880005
1.60211e-09	-0.879845
1.60219e-09	-0.879684
1.60226e-09	-0.879522
1.60233e-09	-0.879358
1.6024e-09	-0.879192
1.60247e-09	-0.879025
1.60254e-09	-0.878856
1.60261e-09	-0.878685
1.60268e-09	-0.878513
1.60275e-09	-0.878339
1.60282e-09	-0.878164
1.60289e-09	-0.877987
1.60296e-09	-0.877809
1.60303e-09	-0.877629
1.6031e-09	-0.877448
1.60318e-09	-0.877265
1.60325e-09	-0.87708
1.60332e-09	-0.876894
1.60339e-09	-0.876706
1.60346e-09	-0.876517
1.60353e-09	-0.876326
1.6036e-09	-0.876133
1.60367e-09	-0.875939
1.60374e-09	-0.875744
1.60381e-09	-0.875547
1.60388e-09	-0.875348
1.60395e-09	-0.875148
1.60402e-09	-0.874946
1.60409e-09	-0.874742
1.60417e-09	-0.874537
1.60424e-09	-0.874331
1.60431e-09	-0.874123
1.60438e-09	-0.873913
1.60445e-09	-0.873702
1.60452e-09	-0.873489
1.60459e-09	-0.873275
1.60466e-09	-0.873059
1.60473e-09	-0.872842
1.6048e-09	-0.872623
1.60487e-09	-0.872402
1.60494e-09	-0.87218
1.60501e-09	-0.871957
1.60508e-09	-0.871731
1.60516e-09	-0.871505
1.60523e-09	-0.871276
1.6053e-09	-0.871047
1.60537e-09	-0.870815
1.60544e-09	-0.870582
1.60551e-09	-0.870348
1.60558e-09	-0.870112
1.60565e-09	-0.869874
1.60572e-09	-0.869635
1.60579e-09	-0.869395
1.60586e-09	-0.869152
1.60593e-09	-0.868909
1.606e-09	-0.868663
1.60608e-09	-0.868417
1.60615e-09	-0.868168
1.60622e-09	-0.867918
1.60629e-09	-0.867667
1.60636e-09	-0.867414
1.60643e-09	-0.86716
1.6065e-09	-0.866904
1.60657e-09	-0.866646
1.60664e-09	-0.866387
1.60671e-09	-0.866126
1.60678e-09	-0.865864
1.60685e-09	-0.865601
1.60692e-09	-0.865335
1.60699e-09	-0.865069
1.60707e-09	-0.8648
1.60714e-09	-0.864531
1.60721e-09	-0.864259
1.60728e-09	-0.863987
1.60735e-09	-0.863712
1.60742e-09	-0.863436
1.60749e-09	-0.863159
1.60756e-09	-0.86288
1.60763e-09	-0.8626
1.6077e-09	-0.862318
1.60777e-09	-0.862034
1.60784e-09	-0.861749
1.60791e-09	-0.861463
1.60798e-09	-0.861175
1.60806e-09	-0.860885
1.60813e-09	-0.860594
1.6082e-09	-0.860301
1.60827e-09	-0.860007
1.60834e-09	-0.859712
1.60841e-09	-0.859415
1.60848e-09	-0.859116
1.60855e-09	-0.858816
1.60862e-09	-0.858514
1.60869e-09	-0.858211
1.60876e-09	-0.857906
1.60883e-09	-0.8576
1.6089e-09	-0.857292
1.60897e-09	-0.856983
1.60905e-09	-0.856673
1.60912e-09	-0.85636
1.60919e-09	-0.856047
1.60926e-09	-0.855732
1.60933e-09	-0.855415
1.6094e-09	-0.855097
1.60947e-09	-0.854777
1.60954e-09	-0.854456
1.60961e-09	-0.854133
1.60968e-09	-0.853809
1.60975e-09	-0.853483
1.60982e-09	-0.853156
1.60989e-09	-0.852828
1.60997e-09	-0.852497
1.61004e-09	-0.852166
1.61011e-09	-0.851833
1.61018e-09	-0.851498
1.61025e-09	-0.851162
1.61032e-09	-0.850824
1.61039e-09	-0.850485
1.61046e-09	-0.850145
1.61053e-09	-0.849803
1.6106e-09	-0.849459
1.61067e-09	-0.849114
1.61074e-09	-0.848768
1.61081e-09	-0.84842
1.61088e-09	-0.84807
1.61096e-09	-0.84772
1.61103e-09	-0.847367
1.6111e-09	-0.847013
1.61117e-09	-0.846658
1.61124e-09	-0.846301
1.61131e-09	-0.845943
1.61138e-09	-0.845583
1.61145e-09	-0.845222
1.61152e-09	-0.844859
1.61159e-09	-0.844495
1.61166e-09	-0.844129
1.61173e-09	-0.843762
1.6118e-09	-0.843394
1.61187e-09	-0.843024
1.61195e-09	-0.842652
1.61202e-09	-0.842279
1.61209e-09	-0.841905
1.61216e-09	-0.841529
1.61223e-09	-0.841152
1.6123e-09	-0.840773
1.61237e-09	-0.840393
1.61244e-09	-0.840011
1.61251e-09	-0.839628
1.61258e-09	-0.839243
1.61265e-09	-0.838857
1.61272e-09	-0.83847
1.61279e-09	-0.838081
1.61287e-09	-0.83769
1.61294e-09	-0.837298
1.61301e-09	-0.836905
1.61308e-09	-0.83651
1.61315e-09	-0.836114
1.61322e-09	-0.835716
1.61329e-09	-0.835317
1.61336e-09	-0.834917
1.61343e-09	-0.834515
1.6135e-09	-0.834111
1.61357e-09	-0.833707
1.61364e-09	-0.8333
1.61371e-09	-0.832893
1.61378e-09	-0.832483
1.61386e-09	-0.832073
1.61393e-09	-0.831661
1.614e-09	-0.831247
1.61407e-09	-0.830832
1.61414e-09	-0.830416
1.61421e-09	-0.829998
1.61428e-09	-0.829579
1.61435e-09	-0.829159
1.61442e-09	-0.828736
1.61449e-09	-0.828313
1.61456e-09	-0.827888
1.61463e-09	-0.827462
1.6147e-09	-0.827034
1.61477e-09	-0.826605
1.61485e-09	-0.826174
1.61492e-09	-0.825742
1.61499e-09	-0.825309
1.61506e-09	-0.824874
1.61513e-09	-0.824438
1.6152e-09	-0.824
1.61527e-09	-0.823561
1.61534e-09	-0.823121
1.61541e-09	-0.822679
1.61548e-09	-0.822236
1.61555e-09	-0.821791
1.61562e-09	-0.821345
1.61569e-09	-0.820897
1.61576e-09	-0.820448
1.61584e-09	-0.819998
1.61591e-09	-0.819546
1.61598e-09	-0.819093
1.61605e-09	-0.818639
1.61612e-09	-0.818183
1.61619e-09	-0.817726
1.61626e-09	-0.817267
1.61633e-09	-0.816807
1.6164e-09	-0.816345
1.61647e-09	-0.815883
1.61654e-09	-0.815418
1.61661e-09	-0.814953
1.61668e-09	-0.814486
1.61676e-09	-0.814017
1.61683e-09	-0.813547
1.6169e-09	-0.813076
1.61697e-09	-0.812603
1.61704e-09	-0.812129
1.61711e-09	-0.811654
1.61718e-09	-0.811177
1.61725e-09	-0.810699
1.61732e-09	-0.81022
1.61739e-09	-0.809739
1.61746e-09	-0.809257
1.61753e-09	-0.808773
1.6176e-09	-0.808288
1.61767e-09	-0.807802
1.61775e-09	-0.807314
1.61782e-09	-0.806825
1.61789e-09	-0.806334
1.61796e-09	-0.805843
1.61803e-09	-0.80535
1.6181e-09	-0.804855
1.61817e-09	-0.804359
1.61824e-09	-0.803862
1.61831e-09	-0.803363
1.61838e-09	-0.802863
1.61845e-09	-0.802362
1.61852e-09	-0.801859
1.61859e-09	-0.801355
1.61866e-09	-0.80085
1.61874e-09	-0.800343
1.61881e-09	-0.799835
1.61888e-09	-0.799325
1.61895e-09	-0.798814
1.61902e-09	-0.798302
1.61909e-09	-0.797789
1.61916e-09	-0.797274
1.61923e-09	-0.796758
1.6193e-09	-0.79624
1.61937e-09	-0.795721
1.61944e-09	-0.795201
1.61951e-09	-0.794679
1.61958e-09	-0.794156
1.61966e-09	-0.793632
1.61973e-09	-0.793107
1.6198e-09	-0.79258
1.61987e-09	-0.792052
1.61994e-09	-0.791522
1.62001e-09	-0.790991
1.62008e-09	-0.790459
1.62015e-09	-0.789925
1.62022e-09	-0.789391
1.62029e-09	-0.788854
1.62036e-09	-0.788317
1.62043e-09	-0.787778
1.6205e-09	-0.787238
1.62057e-09	-0.786696
1.62065e-09	-0.786153
1.62072e-09	-0.785609
1.62079e-09	-0.785064
1.62086e-09	-0.784517
1.62093e-09	-0.783969
1.621e-09	-0.78342
1.62107e-09	-0.782869
1.62114e-09	-0.782317
1.62121e-09	-0.781764
1.62128e-09	-0.781209
1.62135e-09	-0.780653
1.62142e-09	-0.780096
1.62149e-09	-0.779538
1.62156e-09	-0.778978
1.62164e-09	-0.778417
1.62171e-09	-0.777855
1.62178e-09	-0.777291
1.62185e-09	-0.776726
1.62192e-09	-0.77616
1.62199e-09	-0.775592
1.62206e-09	-0.775023
1.62213e-09	-0.774453
1.6222e-09	-0.773882
1.62227e-09	-0.773309
1.62234e-09	-0.772735
1.62241e-09	-0.77216
1.62248e-09	-0.771583
1.62255e-09	-0.771005
1.62263e-09	-0.770426
1.6227e-09	-0.769846
1.62277e-09	-0.769264
1.62284e-09	-0.768681
1.62291e-09	-0.768097
1.62298e-09	-0.767511
1.62305e-09	-0.766925
1.62312e-09	-0.766337
1.62319e-09	-0.765747
1.62326e-09	-0.765157
1.62333e-09	-0.764565
1.6234e-09	-0.763972
1.62347e-09	-0.763378
1.62355e-09	-0.762782
1.62362e-09	-0.762185
1.62369e-09	-0.761587
1.62376e-09	-0.760988
1.62383e-09	-0.760387
1.6239e-09	-0.759785
1.62397e-09	-0.759182
1.62404e-09	-0.758578
1.62411e-09	-0.757972
1.62418e-09	-0.757365
1.62425e-09	-0.756757
1.62432e-09	-0.756148
1.62439e-09	-0.755537
1.62446e-09	-0.754925
1.62454e-09	-0.754312
1.62461e-09	-0.753698
1.62468e-09	-0.753082
1.62475e-09	-0.752465
1.62482e-09	-0.751847
1.62489e-09	-0.751228
1.62496e-09	-0.750607
1.62503e-09	-0.749986
1.6251e-09	-0.749363
1.62517e-09	-0.748739
1.62524e-09	-0.748113
1.62531e-09	-0.747487
1.62538e-09	-0.746859
1.62545e-09	-0.74623
1.62553e-09	-0.745599
1.6256e-09	-0.744968
1.62567e-09	-0.744335
1.62574e-09	-0.743701
1.62581e-09	-0.743066
1.62588e-09	-0.74243
1.62595e-09	-0.741792
1.62602e-09	-0.741153
1.62609e-09	-0.740513
1.62616e-09	-0.739872
1.62623e-09	-0.73923
1.6263e-09	-0.738586
1.62637e-09	-0.737941
1.62645e-09	-0.737295
1.62652e-09	-0.736648
1.62659e-09	-0.736
1.62666e-09	-0.73535
1.62673e-09	-0.734699
1.6268e-09	-0.734047
1.62687e-09	-0.733394
1.62694e-09	-0.73274
1.62701e-09	-0.732084
1.62708e-09	-0.731427
1.62715e-09	-0.73077
1.62722e-09	-0.73011
1.62729e-09	-0.72945
1.62736e-09	-0.728789
1.62744e-09	-0.728126
1.62751e-09	-0.727462
1.62758e-09	-0.726797
1.62765e-09	-0.726131
1.62772e-09	-0.725464
1.62779e-09	-0.724795
1.62786e-09	-0.724126
1.62793e-09	-0.723455
1.628e-09	-0.722783
1.62807e-09	-0.72211
1.62814e-09	-0.721435
1.62821e-09	-0.72076
1.62828e-09	-0.720083
1.62835e-09	-0.719405
1.62843e-09	-0.718726
1.6285e-09	-0.718046
1.62857e-09	-0.717365
1.62864e-09	-0.716683
1.62871e-09	-0.715999
1.62878e-09	-0.715314
1.62885e-09	-0.714629
1.62892e-09	-0.713942
1.62899e-09	-0.713253
1.62906e-09	-0.712564
1.62913e-09	-0.711874
1.6292e-09	-0.711182
1.62927e-09	-0.710489
1.62934e-09	-0.709795
1.62942e-09	-0.709101
1.62949e-09	-0.708404
1.62956e-09	-0.707707
1.62963e-09	-0.707009
1.6297e-09	-0.706309
1.62977e-09	-0.705609
1.62984e-09	-0.704907
1.62991e-09	-0.704204
1.62998e-09	-0.7035
1.63005e-09	-0.702795
1.63012e-09	-0.702089
1.63019e-09	-0.701381
1.63026e-09	-0.700673
1.63034e-09	-0.699963
1.63041e-09	-0.699253
1.63048e-09	-0.698541
1.63055e-09	-0.697828
1.63062e-09	-0.697114
1.63069e-09	-0.696399
1.63076e-09	-0.695683
1.63083e-09	-0.694965
1.6309e-09	-0.694247
1.63097e-09	-0.693528
1.63104e-09	-0.692807
1.63111e-09	-0.692085
1.63118e-09	-0.691362
1.63125e-09	-0.690639
1.63133e-09	-0.689914
1.6314e-09	-0.689187
1.63147e-09	-0.68846
1.63154e-09	-0.687732
1.63161e-09	-0.687003
1.63168e-09	-0.686272
1.63175e-09	-0.685541
1.63182e-09	-0.684808
1.63189e-09	-0.684075
1.63196e-09	-0.68334
1.63203e-09	-0.682604
1.6321e-09	-0.681867
1.63217e-09	-0.68113
1.63224e-09	-0.680391
1.63232e-09	-0.67965
1.63239e-09	-0.678909
1.63246e-09	-0.678167
1.63253e-09	-0.677424
1.6326e-09	-0.67668
1.63267e-09	-0.675934
1.63274e-09	-0.675188
1.63281e-09	-0.67444
1.63288e-09	-0.673692
1.63295e-09	-0.672942
1.63302e-09	-0.672192
1.63309e-09	-0.67144
1.63316e-09	-0.670687
1.63323e-09	-0.669934
1.63331e-09	-0.669179
1.63338e-09	-0.668423
1.63345e-09	-0.667666
1.63352e-09	-0.666908
1.63359e-09	-0.666149
1.63366e-09	-0.665389
1.63373e-09	-0.664628
1.6338e-09	-0.663866
1.63387e-09	-0.663103
1.63394e-09	-0.662339
1.63401e-09	-0.661574
1.63408e-09	-0.660808
1.63415e-09	-0.66004
1.63423e-09	-0.659272
1.6343e-09	-0.658503
1.63437e-09	-0.657733
1.63444e-09	-0.656962
1.63451e-09	-0.656189
1.63458e-09	-0.655416
1.63465e-09	-0.654642
1.63472e-09	-0.653866
1.63479e-09	-0.65309
1.63486e-09	-0.652313
1.63493e-09	-0.651534
1.635e-09	-0.650755
1.63507e-09	-0.649975
1.63514e-09	-0.649194
1.63522e-09	-0.648411
1.63529e-09	-0.647628
1.63536e-09	-0.646844
1.63543e-09	-0.646058
1.6355e-09	-0.645272
1.63557e-09	-0.644485
1.63564e-09	-0.643697
1.63571e-09	-0.642907
1.63578e-09	-0.642117
1.63585e-09	-0.641326
1.63592e-09	-0.640534
1.63599e-09	-0.639741
1.63606e-09	-0.638947
1.63613e-09	-0.638152
1.63621e-09	-0.637355
1.63628e-09	-0.636558
1.63635e-09	-0.63576
1.63642e-09	-0.634961
1.63649e-09	-0.634162
1.63656e-09	-0.633361
1.63663e-09	-0.632559
1.6367e-09	-0.631756
1.63677e-09	-0.630952
1.63684e-09	-0.630147
1.63691e-09	-0.629342
1.63698e-09	-0.628535
1.63705e-09	-0.627728
1.63713e-09	-0.626919
1.6372e-09	-0.62611
1.63727e-09	-0.625299
1.63734e-09	-0.624488
1.63741e-09	-0.623676
1.63748e-09	-0.622862
1.63755e-09	-0.622048
1.63762e-09	-0.621233
1.63769e-09	-0.620417
1.63776e-09	-0.6196
1.63783e-09	-0.618782
1.6379e-09	-0.617963
1.63797e-09	-0.617143
1.63804e-09	-0.616323
1.63812e-09	-0.615501
1.63819e-09	-0.614679
1.63826e-09	-0.613855
1.63833e-09	-0.613031
1.6384e-09	-0.612206
1.63847e-09	-0.611379
1.63854e-09	-0.610552
1.63861e-09	-0.609724
1.63868e-09	-0.608895
1.63875e-09	-0.608065
1.63882e-09	-0.607235
1.63889e-09	-0.606403
1.63896e-09	-0.60557
1.63903e-09	-0.604737
1.63911e-09	-0.603903
1.63918e-09	-0.603067
1.63925e-09	-0.602231
1.63932e-09	-0.601394
1.63939e-09	-0.600556
1.63946e-09	-0.599718
1.63953e-09	-0.598878
1.6396e-09	-0.598037
1.63967e-09	-0.597196
1.63974e-09	-0.596354
1.63981e-09	-0.59551
1.63988e-09	-0.594666
1.63995e-09	-0.593821
1.64002e-09	-0.592975
1.6401e-09	-0.592129
1.64017e-09	-0.591281
1.64024e-09	-0.590433
1.64031e-09	-0.589583
1.64038e-09	-0.588733
1.64045e-09	-0.587882
1.64052e-09	-0.58703
1.64059e-09	-0.586177
1.64066e-09	-0.585324
1.64073e-09	-0.584469
1.6408e-09	-0.583614
1.64087e-09	-0.582758
1.64094e-09	-0.581901
1.64102e-09	-0.581043
1.64109e-09	-0.580184
1.64116e-09	-0.579325
1.64123e-09	-0.578464
1.6413e-09	-0.577603
1.64137e-09	-0.576741
1.64144e-09	-0.575878
1.64151e-09	-0.575014
1.64158e-09	-0.57415
1.64165e-09	-0.573284
1.64172e-09	-0.572418
1.64179e-09	-0.571551
1.64186e-09	-0.570683
1.64193e-09	-0.569814
1.64201e-09	-0.568945
1.64208e-09	-0.568074
1.64215e-09	-0.567203
1.64222e-09	-0.566331
1.64229e-09	-0.565458
1.64236e-09	-0.564585
1.64243e-09	-0.56371
1.6425e-09	-0.562835
1.64257e-09	-0.561959
1.64264e-09	-0.561082
1.64271e-09	-0.560204
1.64278e-09	-0.559326
1.64285e-09	-0.558447
1.64292e-09	-0.557567
1.643e-09	-0.556686
1.64307e-09	-0.555804
1.64314e-09	-0.554922
1.64321e-09	-0.554038
1.64328e-09	-0.553154
1.64335e-09	-0.55227
1.64342e-09	-0.551384
1.64349e-09	-0.550498
1.64356e-09	-0.54961
1.64363e-09	-0.548723
1.6437e-09	-0.547834
1.64377e-09	-0.546944
1.64384e-09	-0.546054
1.64392e-09	-0.545163
1.64399e-09	-0.544271
1.64406e-09	-0.543379
1.64413e-09	-0.542485
1.6442e-09	-0.541591
1.64427e-09	-0.540697
1.64434e-09	-0.539801
1.64441e-09	-0.538905
1.64448e-09	-0.538007
1.64455e-09	-0.53711
1.64462e-09	-0.536211
1.64469e-09	-0.535312
1.64476e-09	-0.534412
1.64483e-09	-0.533511
1.64491e-09	-0.532609
1.64498e-09	-0.531707
1.64505e-09	-0.530804
1.64512e-09	-0.5299
1.64519e-09	-0.528995
1.64526e-09	-0.52809
1.64533e-09	-0.527184
1.6454e-09	-0.526277
1.64547e-09	-0.52537
1.64554e-09	-0.524462
1.64561e-09	-0.523553
1.64568e-09	-0.522643
1.64575e-09	-0.521733
1.64582e-09	-0.520822
1.6459e-09	-0.51991
1.64597e-09	-0.518997
1.64604e-09	-0.518084
1.64611e-09	-0.51717
1.64618e-09	-0.516255
1.64625e-09	-0.51534
1.64632e-09	-0.514424
1.64639e-09	-0.513507
1.64646e-09	-0.51259
1.64653e-09	-0.511672
1.6466e-09	-0.510753
1.64667e-09	-0.509833
1.64674e-09	-0.508913
1.64681e-09	-0.507992
1.64689e-09	-0.50707
1.64696e-09	-0.506148
1.64703e-09	-0.505225
1.6471e-09	-0.504301
1.64717e-09	-0.503377
1.64724e-09	-0.502452
1.64731e-09	-0.501526
1.64738e-09	-0.5006
1.64745e-09	-0.499673
1.64752e-09	-0.498745
1.64759e-09	-0.497817
1.64766e-09	-0.496888
1.64773e-09	-0.495958
1.64781e-09	-0.495027
1.64788e-09	-0.494096
1.64795e-09	-0.493165
1.64802e-09	-0.492232
1.64809e-09	-0.491299
1.64816e-09	-0.490366
1.64823e-09	-0.489431
1.6483e-09	-0.488496
1.64837e-09	-0.487561
1.64844e-09	-0.486624
1.64851e-09	-0.485687
1.64858e-09	-0.48475
1.64865e-09	-0.483812
1.64872e-09	-0.482873
1.6488e-09	-0.481933
1.64887e-09	-0.480993
1.64894e-09	-0.480052
1.64901e-09	-0.479111
1.64908e-09	-0.478169
1.64915e-09	-0.477226
1.64922e-09	-0.476283
1.64929e-09	-0.475339
1.64936e-09	-0.474395
1.64943e-09	-0.473449
1.6495e-09	-0.472504
1.64957e-09	-0.471557
1.64964e-09	-0.47061
1.64971e-09	-0.469663
1.64979e-09	-0.468715
1.64986e-09	-0.467766
1.64993e-09	-0.466816
1.65e-09	-0.465866
1.65007e-09	-0.464916
1.65014e-09	-0.463965
1.65021e-09	-0.463013
1.65028e-09	-0.462061
1.65035e-09	-0.461108
1.65042e-09	-0.460154
1.65049e-09	-0.4592
1.65056e-09	-0.458245
1.65063e-09	-0.45729
1.65071e-09	-0.456334
1.65078e-09	-0.455377
1.65085e-09	-0.45442
1.65092e-09	-0.453463
1.65099e-09	-0.452504
1.65106e-09	-0.451546
1.65113e-09	-0.450586
1.6512e-09	-0.449626
1.65127e-09	-0.448666
1.65134e-09	-0.447705
1.65141e-09	-0.446743
1.65148e-09	-0.445781
1.65155e-09	-0.444818
1.65162e-09	-0.443855
1.6517e-09	-0.442891
1.65177e-09	-0.441927
1.65184e-09	-0.440962
1.65191e-09	-0.439996
1.65198e-09	-0.43903
1.65205e-09	-0.438063
1.65212e-09	-0.437096
1.65219e-09	-0.436129
1.65226e-09	-0.43516
1.65233e-09	-0.434192
1.6524e-09	-0.433222
1.65247e-09	-0.432253
1.65254e-09	-0.431282
1.65261e-09	-0.430311
1.65269e-09	-0.42934
1.65276e-09	-0.428368
1.65283e-09	-0.427395
1.6529e-09	-0.426423
1.65297e-09	-0.425449
1.65304e-09	-0.424475
1.65311e-09	-0.4235
1.65318e-09	-0.422525
1.65325e-09	-0.42155
1.65332e-09	-0.420574
1.65339e-09	-0.419597
1.65346e-09	-0.41862
1.65353e-09	-0.417643
1.6536e-09	-0.416665
1.65368e-09	-0.415686
1.65375e-09	-0.414707
1.65382e-09	-0.413727
1.65389e-09	-0.412747
1.65396e-09	-0.411767
1.65403e-09	-0.410786
1.6541e-09	-0.409804
1.65417e-09	-0.408822
1.65424e-09	-0.40784
1.65431e-09	-0.406857
1.65438e-09	-0.405873
1.65445e-09	-0.404889
1.65452e-09	-0.403905
1.6546e-09	-0.40292
1.65467e-09	-0.401935
1.65474e-09	-0.400949
1.65481e-09	-0.399963
1.65488e-09	-0.398976
1.65495e-09	-0.397989
1.65502e-09	-0.397001
1.65509e-09	-0.396013
1.65516e-09	-0.395025
1.65523e-09	-0.394036
1.6553e-09	-0.393046
1.65537e-09	-0.392056
1.65544e-09	-0.391066
1.65551e-09	-0.390075
1.65559e-09	-0.389084
1.65566e-09	-0.388092
1.65573e-09	-0.3871
1.6558e-09	-0.386107
1.65587e-09	-0.385114
1.65594e-09	-0.384121
1.65601e-09	-0.383127
1.65608e-09	-0.382133
1.65615e-09	-0.381138
1.65622e-09	-0.380143
1.65629e-09	-0.379147
1.65636e-09	-0.378151
1.65643e-09	-0.377155
1.6565e-09	-0.376158
1.65658e-09	-0.375161
1.65665e-09	-0.374163
1.65672e-09	-0.373165
1.65679e-09	-0.372167
1.65686e-09	-0.371168
1.65693e-09	-0.370168
1.657e-09	-0.369169
1.65707e-09	-0.368169
1.65714e-09	-0.367168
1.65721e-09	-0.366167
1.65728e-09	-0.365166
1.65735e-09	-0.364164
1.65742e-09	-0.363162
1.65749e-09	-0.36216
1.65757e-09	-0.361157
1.65764e-09	-0.360154
1.65771e-09	-0.35915
1.65778e-09	-0.358146
1.65785e-09	-0.357142
1.65792e-09	-0.356137
1.65799e-09	-0.355132
1.65806e-09	-0.354126
1.65813e-09	-0.35312
1.6582e-09	-0.352114
1.65827e-09	-0.351108
1.65834e-09	-0.350101
1.65841e-09	-0.349093
1.65849e-09	-0.348086
1.65856e-09	-0.347078
1.65863e-09	-0.346069
1.6587e-09	-0.34506
1.65877e-09	-0.344051
1.65884e-09	-0.343042
1.65891e-09	-0.342032
1.65898e-09	-0.341022
1.65905e-09	-0.340011
1.65912e-09	-0.339001
1.65919e-09	-0.337989
1.65926e-09	-0.336978
1.65933e-09	-0.335966
1.6594e-09	-0.334954
1.65948e-09	-0.333941
1.65955e-09	-0.332928
1.65962e-09	-0.331915
1.65969e-09	-0.330902
1.65976e-09	-0.329888
1.65983e-09	-0.328874
1.6599e-09	-0.327859
1.65997e-09	-0.326845
1.66004e-09	-0.32583
1.66011e-09	-0.324814
1.66018e-09	-0.323798
1.66025e-09	-0.322782
1.66032e-09	-0.321766
1.66039e-09	-0.320749
1.66047e-09	-0.319732
1.66054e-09	-0.318715
1.66061e-09	-0.317698
1.66068e-09	-0.31668
1.66075e-09	-0.315662
1.66082e-09	-0.314643
1.66089e-09	-0.313625
1.66096e-09	-0.312606
1.66103e-09	-0.311586
1.6611e-09	-0.310567
1.66117e-09	-0.309547
1.66124e-09	-0.308527
1.66131e-09	-0.307506
1.66139e-09	-0.306486
1.66146e-09	-0.305465
1.66153e-09	-0.304443
1.6616e-09	-0.303422
1.66167e-09	-0.3024
1.66174e-09	-0.301378
1.66181e-09	-0.300356
1.66188e-09	-0.299333
1.66195e-09	-0.29831
1.66202e-09	-0.297287
1.66209e-09	-0.296264
1.66216e-09	-0.29524
1.66223e-09	-0.294216
1.6623e-09	-0.293192
1.66238e-09	-0.292168
1.66245e-09	-0.291143
1.66252e-09	-0.290119
1.66259e-09	-0.289093
1.66266e-09	-0.288068
1.66273e-09	-0.287043
1.6628e-09	-0.286017
1.66287e-09	-0.284991
1.66294e-09	-0.283965
1.66301e-09	-0.282938
1.66308e-09	-0.281911
1.66315e-09	-0.280884
1.66322e-09	-0.279857
1.66329e-09	-0.27883
1.66337e-09	-0.277802
1.66344e-09	-0.276774
1.66351e-09	-0.275746
1.66358e-09	-0.274718
1.66365e-09	-0.27369
1.66372e-09	-0.272661
1.66379e-09	-0.271632
1.66386e-09	-0.270603
1.66393e-09	-0.269574
1.664e-09	-0.268544
1.66407e-09	-0.267515
1.66414e-09	-0.266485
1.66421e-09	-0.265455
1.66428e-09	-0.264424
1.66436e-09	-0.263394
1.66443e-09	-0.262363
1.6645e-09	-0.261333
1.66457e-09	-0.260302
1.66464e-09	-0.25927
1.66471e-09	-0.258239
1.66478e-09	-0.257207
1.66485e-09	-0.256176
1.66492e-09	-0.255144
1.66499e-09	-0.254112
1.66506e-09	-0.253079
1.66513e-09	-0.252047
1.6652e-09	-0.251014
1.66528e-09	-0.249982
1.66535e-09	-0.248949
1.66542e-09	-0.247916
1.66549e-09	-0.246882
1.66556e-09	-0.245849
1.66563e-09	-0.244816
1.6657e-09	-0.243782
1.66577e-09	-0.242748
1.66584e-09	-0.241714
1.66591e-09	-0.24068
1.66598e-09	-0.239646
1.66605e-09	-0.238611
1.66612e-09	-0.237577
1.66619e-09	-0.236542
1.66627e-09	-0.235507
1.66634e-09	-0.234472
1.66641e-09	-0.233437
1.66648e-09	-0.232402
1.66655e-09	-0.231367
1.66662e-09	-0.230331
1.66669e-09	-0.229295
1.66676e-09	-0.22826
1.66683e-09	-0.227224
1.6669e-09	-0.226188
1.66697e-09	-0.225152
1.66704e-09	-0.224116
1.66711e-09	-0.223079
1.66718e-09	-0.222043
1.66726e-09	-0.221006
1.66733e-09	-0.21997
1.6674e-09	-0.218933
1.66747e-09	-0.217896
1.66754e-09	-0.216859
1.66761e-09	-0.215822
1.66768e-09	-0.214785
1.66775e-09	-0.213748
1.66782e-09	-0.212711
1.66789e-09	-0.211673
1.66796e-09	-0.210636
1.66803e-09	-0.209598
1.6681e-09	-0.208561
1.66818e-09	-0.207523
1.66825e-09	-0.206485
1.66832e-09	-0.205447
1.66839e-09	-0.204409
1.66846e-09	-0.203371
1.66853e-09	-0.202333
1.6686e-09	-0.201295
1.66867e-09	-0.200257
1.66874e-09	-0.199219
1.66881e-09	-0.19818
1.66888e-09	-0.197142
1.66895e-09	-0.196103
1.66902e-09	-0.195065
1.66909e-09	-0.194026
1.66917e-09	-0.192988
1.66924e-09	-0.191949
1.66931e-09	-0.19091
1.66938e-09	-0.189871
1.66945e-09	-0.188832
1.66952e-09	-0.187794
1.66959e-09	-0.186755
1.66966e-09	-0.185716
1.66973e-09	-0.184677
1.6698e-09	-0.183638
1.66987e-09	-0.182599
1.66994e-09	-0.18156
1.67001e-09	-0.18052
1.67008e-09	-0.179481
1.67016e-09	-0.178442
1.67023e-09	-0.177403
1.6703e-09	-0.176364
1.67037e-09	-0.175325
1.67044e-09	-0.174285
1.67051e-09	-0.173246
1.67058e-09	-0.172207
1.67065e-09	-0.171168
1.67072e-09	-0.170128
1.67079e-09	-0.169089
1.67086e-09	-0.16805
1.67093e-09	-0.16701
1.671e-09	-0.165971
1.67107e-09	-0.164932
1.67115e-09	-0.163892
1.67122e-09	-0.162853
1.67129e-09	-0.161814
1.67136e-09	-0.160775
1.67143e-09	-0.159735
1.6715e-09	-0.158696
1.67157e-09	-0.157657
1.67164e-09	-0.156618
1.67171e-09	-0.155579
1.67178e-09	-0.154539
1.67185e-09	-0.1535
1.67192e-09	-0.152461
1.67199e-09	-0.151422
1.67207e-09	-0.150383
1.67214e-09	-0.149344
1.67221e-09	-0.148305
1.67228e-09	-0.147266
1.67235e-09	-0.146227
1.67242e-09	-0.145188
1.67249e-09	-0.144149
1.67256e-09	-0.14311
1.67263e-09	-0.142072
1.6727e-09	-0.141033
1.67277e-09	-0.139994
1.67284e-09	-0.138956
1.67291e-09	-0.137917
1.67298e-09	-0.136879
1.67306e-09	-0.13584
1.67313e-09	-0.134802
1.6732e-09	-0.133764
1.67327e-09	-0.132725
1.67334e-09	-0.131687
1.67341e-09	-0.130649
1.67348e-09	-0.129611
1.67355e-09	-0.128573
1.67362e-09	-0.127535
1.67369e-09	-0.126497
1.67376e-09	-0.12546
1.67383e-09	-0.124422
1.6739e-09	-0.123384
1.67397e-09	-0.122347
1.67405e-09	-0.121309
1.67412e-09	-0.120272
1.67419e-09	-0.119235
1.67426e-09	-0.118198
1.67433e-09	-0.117161
1.6744e-09	-0.116124
1.67447e-09	-0.115087
1.67454e-09	-0.11405
1.67461e-09	-0.113013
1.67468e-09	-0.111977
1.67475e-09	-0.11094
1.67482e-09	-0.109904
1.67489e-09	-0.108868
1.67497e-09	-0.107832
1.67504e-09	-0.106796
1.67511e-09	-0.10576
1.67518e-09	-0.104724
1.67525e-09	-0.103688
1.67532e-09	-0.102653
1.67539e-09	-0.101617
1.67546e-09	-0.100582
1.67553e-09	-0.0995469
1.6756e-09	-0.0985119
1.67567e-09	-0.0974769
1.67574e-09	-0.0964422
1.67581e-09	-0.0954075
1.67588e-09	-0.094373
1.67596e-09	-0.0933387
1.67603e-09	-0.0923044
1.6761e-09	-0.0912703
1.67617e-09	-0.0902364
1.67624e-09	-0.0892026
1.67631e-09	-0.088169
1.67638e-09	-0.0871355
1.67645e-09	-0.0861021
1.67652e-09	-0.085069
1.67659e-09	-0.0840359
1.67666e-09	-0.0830031
1.67673e-09	-0.0819703
1.6768e-09	-0.0809378
1.67687e-09	-0.0799054
1.67695e-09	-0.0788732
1.67702e-09	-0.0778411
1.67709e-09	-0.0768092
1.67716e-09	-0.0757775
1.67723e-09	-0.074746
1.6773e-09	-0.0737146
1.67737e-09	-0.0726834
1.67744e-09	-0.0716524
1.67751e-09	-0.0706216
1.67758e-09	-0.069591
1.67765e-09	-0.0685605
1.67772e-09	-0.0675302
1.67779e-09	-0.0665002
1.67786e-09	-0.0654703
1.67794e-09	-0.0644406
1.67801e-09	-0.0634111
1.67808e-09	-0.0623818
1.67815e-09	-0.0613527
1.67822e-09	-0.0603238
1.67829e-09	-0.0592951
1.67836e-09	-0.0582666
1.67843e-09	-0.0572383
1.6785e-09	-0.0562102
1.67857e-09	-0.0551823
1.67864e-09	-0.0541547
1.67871e-09	-0.0531272
1.67878e-09	-0.0521
1.67886e-09	-0.051073
1.67893e-09	-0.0500462
1.679e-09	-0.0490196
1.67907e-09	-0.0479933
1.67914e-09	-0.0469671
1.67921e-09	-0.0459412
1.67928e-09	-0.0449156
1.67935e-09	-0.0438901
1.67942e-09	-0.0428649
1.67949e-09	-0.04184
1.67956e-09	-0.0408152
1.67963e-09	-0.0397908
1.6797e-09	-0.0387665
1.67977e-09	-0.0377425
1.67985e-09	-0.0367187
1.67992e-09	-0.0356952
1.67999e-09	-0.034672
1.68006e-09	-0.0336489
1.68013e-09	-0.0326262
1.6802e-09	-0.0316037
1.68027e-09	-0.0305814
1.68034e-09	-0.0295594
1.68041e-09	-0.0285377
1.68048e-09	-0.0275162
1.68055e-09	-0.026495
1.68062e-09	-0.0254741
1.68069e-09	-0.0244534
1.68076e-09	-0.023433
1.68084e-09	-0.0224129
1.68091e-09	-0.021393
1.68098e-09	-0.0203734
1.68105e-09	-0.0193541
1.68112e-09	-0.0183351
1.68119e-09	-0.0173163
1.68126e-09	-0.0162978
1.68133e-09	-0.0152797
1.6814e-09	-0.0142618
1.68147e-09	-0.0132442
1.68154e-09	-0.0122268
1.68161e-09	-0.0112098
1.68168e-09	-0.0101931
1.68175e-09	-0.00917664
1.68183e-09	-0.0081605
1.6819e-09	-0.00714466
1.68197e-09	-0.00612912
1.68204e-09	-0.00511388
1.68211e-09	-0.00409895
1.68218e-09	-0.00308432
1.68225e-09	-0.00207001
1.68232e-09	-0.001056
1.68239e-09	-4.23121e-05
1.68246e-09	0.000971066
1.68253e-09	0.00198413
1.6826e-09	0.00299687
1.68267e-09	0.0040093
1.68275e-09	0.0050214
1.68282e-09	0.00603318
1.68289e-09	0.00704463
1.68296e-09	0.00805575
1.68303e-09	0.00906655
1.6831e-09	0.010077
1.68317e-09	0.0110871
1.68324e-09	0.0120969
1.68331e-09	0.0131064
1.68338e-09	0.0141155
1.68345e-09	0.0151243
1.68352e-09	0.0161327
1.68359e-09	0.0171408
1.68366e-09	0.0181486
1.68374e-09	0.019156
1.68381e-09	0.020163
1.68388e-09	0.0211698
1.68395e-09	0.0221761
1.68402e-09	0.0231821
1.68409e-09	0.0241877
1.68416e-09	0.025193
1.68423e-09	0.0261979
1.6843e-09	0.0272025
1.68437e-09	0.0282067
1.68444e-09	0.0292105
1.68451e-09	0.030214
1.68458e-09	0.031217
1.68465e-09	0.0322198
1.68473e-09	0.0332221
1.6848e-09	0.0342241
1.68487e-09	0.0352257
1.68494e-09	0.0362269
1.68501e-09	0.0372277
1.68508e-09	0.0382281
1.68515e-09	0.0392282
1.68522e-09	0.0402279
1.68529e-09	0.0412272
1.68536e-09	0.0422261
1.68543e-09	0.0432246
1.6855e-09	0.0442227
1.68557e-09	0.0452204
1.68565e-09	0.0462177
1.68572e-09	0.0472147
1.68579e-09	0.0482112
1.68586e-09	0.0492073
1.68593e-09	0.050203
1.686e-09	0.0511983
1.68607e-09	0.0521933
1.68614e-09	0.0531877
1.68621e-09	0.0541818
1.68628e-09	0.0551755
1.68635e-09	0.0561688
1.68642e-09	0.0571616
1.68649e-09	0.058154
1.68656e-09	0.059146
1.68664e-09	0.0601376
1.68671e-09	0.0611287
1.68678e-09	0.0621195
1.68685e-09	0.0631098
1.68692e-09	0.0640997
1.68699e-09	0.0650891
1.68706e-09	0.0660781
1.68713e-09	0.0670667
1.6872e-09	0.0680548
1.68727e-09	0.0690425
1.68734e-09	0.0700298
1.68741e-09	0.0710166
1.68748e-09	0.072003
1.68755e-09	0.0729889
1.68763e-09	0.0739744
1.6877e-09	0.0749594
1.68777e-09	0.075944
1.68784e-09	0.0769281
1.68791e-09	0.0779118
1.68798e-09	0.078895
1.68805e-09	0.0798778
1.68812e-09	0.0808601
1.68819e-09	0.0818419
1.68826e-09	0.0828233
1.68833e-09	0.0838042
1.6884e-09	0.0847847
1.68847e-09	0.0857647
1.68854e-09	0.0867442
1.68862e-09	0.0877232
1.68869e-09	0.0887018
1.68876e-09	0.0896799
1.68883e-09	0.0906575
1.6889e-09	0.0916347
1.68897e-09	0.0926113
1.68904e-09	0.0935875
1.68911e-09	0.0945632
1.68918e-09	0.0955384
1.68925e-09	0.0965131
1.68932e-09	0.0974873
1.68939e-09	0.0984611
1.68946e-09	0.0994343
1.68954e-09	0.100407
1.68961e-09	0.101379
1.68968e-09	0.102351
1.68975e-09	0.103322
1.68982e-09	0.104293
1.68989e-09	0.105263
1.68996e-09	0.106233
1.69003e-09	0.107202
1.6901e-09	0.108171
1.69017e-09	0.109139
1.69024e-09	0.110107
1.69031e-09	0.111074
1.69038e-09	0.112041
1.69045e-09	0.113007
1.69053e-09	0.113973
1.6906e-09	0.114938
1.69067e-09	0.115903
1.69074e-09	0.116867
1.69081e-09	0.11783
1.69088e-09	0.118793
1.69095e-09	0.119756
1.69102e-09	0.120718
1.69109e-09	0.121679
1.69116e-09	0.12264
1.69123e-09	0.123601
1.6913e-09	0.12456
1.69137e-09	0.12552
1.69144e-09	0.126478
1.69152e-09	0.127437
1.69159e-09	0.128394
1.69166e-09	0.129351
1.69173e-09	0.130308
1.6918e-09	0.131264
1.69187e-09	0.13222
1.69194e-09	0.133175
1.69201e-09	0.134129
1.69208e-09	0.135083
1.69215e-09	0.136036
1.69222e-09	0.136989
1.69229e-09	0.137941
1.69236e-09	0.138893
1.69244e-09	0.139844
1.69251e-09	0.140794
1.69258e-09	0.141744
1.69265e-09	0.142693
1.69272e-09	0.143642
1.69279e-09	0.14459
1.69286e-09	0.145538
1.69293e-09	0.146485
1.693e-09	0.147431
1.69307e-09	0.148377
1.69314e-09	0.149322
1.69321e-09	0.150267
1.69328e-09	0.151211
1.69335e-09	0.152155
1.69343e-09	0.153098
1.6935e-09	0.15404
1.69357e-09	0.154982
1.69364e-09	0.155923
1.69371e-09	0.156864
1.69378e-09	0.157804
1.69385e-09	0.158743
1.69392e-09	0.159682
1.69399e-09	0.16062
1.69406e-09	0.161558
1.69413e-09	0.162495
1.6942e-09	0.163431
1.69427e-09	0.164367
1.69434e-09	0.165302
1.69442e-09	0.166237
1.69449e-09	0.167171
1.69456e-09	0.168104
1.69463e-09	0.169037
1.6947e-09	0.169969
1.69477e-09	0.170901
1.69484e-09	0.171832
1.69491e-09	0.172762
1.69498e-09	0.173691
1.69505e-09	0.174621
1.69512e-09	0.175549
1.69519e-09	0.176477
1.69526e-09	0.177404
1.69533e-09	0.17833
1.69541e-09	0.179256
1.69548e-09	0.180181
1.69555e-09	0.181106
1.69562e-09	0.18203
1.69569e-09	0.182953
1.69576e-09	0.183876
1.69583e-09	0.184798
1.6959e-09	0.18572
1.69597e-09	0.18664
1.69604e-09	0.187561
1.69611e-09	0.18848
1.69618e-09	0.189399
1.69625e-09	0.190317
1.69633e-09	0.191235
1.6964e-09	0.192151
1.69647e-09	0.193068
1.69654e-09	0.193983
1.69661e-09	0.194898
1.69668e-09	0.195812
1.69675e-09	0.196726
1.69682e-09	0.197639
1.69689e-09	0.198551
1.69696e-09	0.199463
1.69703e-09	0.200374
1.6971e-09	0.201284
1.69717e-09	0.202193
1.69724e-09	0.203102
1.69732e-09	0.204011
1.69739e-09	0.204918
1.69746e-09	0.205825
1.69753e-09	0.206731
1.6976e-09	0.207637
1.69767e-09	0.208542
1.69774e-09	0.209446
1.69781e-09	0.210349
1.69788e-09	0.211252
1.69795e-09	0.212154
1.69802e-09	0.213055
1.69809e-09	0.213956
1.69816e-09	0.214856
1.69823e-09	0.215756
1.69831e-09	0.216654
1.69838e-09	0.217552
1.69845e-09	0.218449
1.69852e-09	0.219346
1.69859e-09	0.220242
1.69866e-09	0.221137
1.69873e-09	0.222031
1.6988e-09	0.222925
1.69887e-09	0.223818
1.69894e-09	0.22471
1.69901e-09	0.225602
1.69908e-09	0.226493
1.69915e-09	0.227383
1.69922e-09	0.228272
1.6993e-09	0.229161
1.69937e-09	0.230049
1.69944e-09	0.230937
1.69951e-09	0.231823
1.69958e-09	0.232709
1.69965e-09	0.233594
1.69972e-09	0.234479
1.69979e-09	0.235362
1.69986e-09	0.236245
1.69993e-09	0.237127
1.7e-09	0.238009
1.70007e-09	0.23889
1.70014e-09	0.23977
1.70022e-09	0.240649
1.70029e-09	0.241528
1.70036e-09	0.242405
1.70043e-09	0.243282
1.7005e-09	0.244159
1.70057e-09	0.245034
1.70064e-09	0.245909
1.70071e-09	0.246783
1.70078e-09	0.247657
1.70085e-09	0.248529
1.70092e-09	0.249401
1.70099e-09	0.250272
1.70106e-09	0.251143
1.70113e-09	0.252012
1.70121e-09	0.252881
1.70128e-09	0.253749
1.70135e-09	0.254616
1.70142e-09	0.255483
1.70149e-09	0.256349
1.70156e-09	0.257214
1.70163e-09	0.258078
1.7017e-09	0.258942
1.70177e-09	0.259804
1.70184e-09	0.260666
1.70191e-09	0.261528
1.70198e-09	0.262388
1.70205e-09	0.263248
1.70212e-09	0.264107
1.7022e-09	0.264965
1.70227e-09	0.265822
1.70234e-09	0.266679
1.70241e-09	0.267534
1.70248e-09	0.268389
1.70255e-09	0.269244
1.70262e-09	0.270097
1.70269e-09	0.27095
1.70276e-09	0.271801
1.70283e-09	0.272653
1.7029e-09	0.273503
1.70297e-09	0.274352
1.70304e-09	0.275201
1.70312e-09	0.276049
1.70319e-09	0.276896
1.70326e-09	0.277742
1.70333e-09	0.278588
1.7034e-09	0.279433
1.70347e-09	0.280276
1.70354e-09	0.28112
1.70361e-09	0.281962
1.70368e-09	0.282803
1.70375e-09	0.283644
1.70382e-09	0.284484
1.70389e-09	0.285323
1.70396e-09	0.286161
1.70403e-09	0.286999
1.70411e-09	0.287835
1.70418e-09	0.288671
1.70425e-09	0.289506
1.70432e-09	0.29034
1.70439e-09	0.291174
1.70446e-09	0.292006
1.70453e-09	0.292838
1.7046e-09	0.293669
1.70467e-09	0.294499
1.70474e-09	0.295328
1.70481e-09	0.296157
1.70488e-09	0.296984
1.70495e-09	0.297811
1.70502e-09	0.298637
1.7051e-09	0.299462
1.70517e-09	0.300286
1.70524e-09	0.30111
1.70531e-09	0.301933
1.70538e-09	0.302754
1.70545e-09	0.303575
1.70552e-09	0.304395
1.70559e-09	0.305215
1.70566e-09	0.306033
1.70573e-09	0.306851
1.7058e-09	0.307667
1.70587e-09	0.308483
1.70594e-09	0.309298
1.70601e-09	0.310112
1.70609e-09	0.310926
1.70616e-09	0.311738
1.70623e-09	0.31255
1.7063e-09	0.313361
1.70637e-09	0.314171
1.70644e-09	0.31498
1.70651e-09	0.315788
1.70658e-09	0.316595
1.70665e-09	0.317402
1.70672e-09	0.318207
1.70679e-09	0.319012
1.70686e-09	0.319816
1.70693e-09	0.320619
1.70701e-09	0.321421
1.70708e-09	0.322222
1.70715e-09	0.323023
1.70722e-09	0.323822
1.70729e-09	0.324621
1.70736e-09	0.325419
1.70743e-09	0.326216
1.7075e-09	0.327012
1.70757e-09	0.327807
1.70764e-09	0.328601
1.70771e-09	0.329395
1.70778e-09	0.330187
1.70785e-09	0.330979
1.70792e-09	0.33177
1.708e-09	0.33256
1.70807e-09	0.333349
1.70814e-09	0.334137
1.70821e-09	0.334924
1.70828e-09	0.33571
1.70835e-09	0.336496
1.70842e-09	0.33728
1.70849e-09	0.338064
1.70856e-09	0.338847
1.70863e-09	0.339629
1.7087e-09	0.34041
1.70877e-09	0.34119
1.70884e-09	0.341969
1.70891e-09	0.342747
1.70899e-09	0.343525
1.70906e-09	0.344301
1.70913e-09	0.345077
1.7092e-09	0.345852
1.70927e-09	0.346625
1.70934e-09	0.347398
1.70941e-09	0.34817
1.70948e-09	0.348941
1.70955e-09	0.349711
1.70962e-09	0.350481
1.70969e-09	0.351249
1.70976e-09	0.352016
1.70983e-09	0.352783
1.70991e-09	0.353548
1.70998e-09	0.354313
1.71005e-09	0.355077
1.71012e-09	0.355839
1.71019e-09	0.356601
1.71026e-09	0.357362
1.71033e-09	0.358122
1.7104e-09	0.358882
1.71047e-09	0.35964
1.71054e-09	0.360397
1.71061e-09	0.361153
1.71068e-09	0.361909
1.71075e-09	0.362663
1.71082e-09	0.363417
1.7109e-09	0.364169
1.71097e-09	0.364921
1.71104e-09	0.365672
1.71111e-09	0.366422
1.71118e-09	0.36717
1.71125e-09	0.367918
1.71132e-09	0.368665
1.71139e-09	0.369411
1.71146e-09	0.370156
1.71153e-09	0.370901
1.7116e-09	0.371644
1.71167e-09	0.372386
1.71174e-09	0.373127
1.71181e-09	0.373868
1.71189e-09	0.374607
1.71196e-09	0.375346
1.71203e-09	0.376083
1.7121e-09	0.37682
1.71217e-09	0.377555
1.71224e-09	0.37829
1.71231e-09	0.379024
1.71238e-09	0.379757
1.71245e-09	0.380488
1.71252e-09	0.381219
1.71259e-09	0.381949
1.71266e-09	0.382678
1.71273e-09	0.383406
1.7128e-09	0.384133
1.71288e-09	0.384859
1.71295e-09	0.385584
1.71302e-09	0.386308
1.71309e-09	0.387031
1.71316e-09	0.387754
1.71323e-09	0.388475
1.7133e-09	0.389195
1.71337e-09	0.389914
1.71344e-09	0.390632
1.71351e-09	0.39135
1.71358e-09	0.392066
1.71365e-09	0.392781
1.71372e-09	0.393496
1.7138e-09	0.394209
1.71387e-09	0.394922
1.71394e-09	0.395633
1.71401e-09	0.396344
1.71408e-09	0.397053
1.71415e-09	0.397762
1.71422e-09	0.398469
1.71429e-09	0.399176
1.71436e-09	0.399881
1.71443e-09	0.400586
1.7145e-09	0.401289
1.71457e-09	0.401992
1.71464e-09	0.402693
1.71471e-09	0.403394
1.71479e-09	0.404094
1.71486e-09	0.404792
1.71493e-09	0.40549
1.715e-09	0.406186
1.71507e-09	0.406882
1.71514e-09	0.407577
1.71521e-09	0.40827
1.71528e-09	0.408963
1.71535e-09	0.409655
1.71542e-09	0.410345
1.71549e-09	0.411035
1.71556e-09	0.411723
1.71563e-09	0.412411
1.7157e-09	0.413098
1.71578e-09	0.413783
1.71585e-09	0.414468
1.71592e-09	0.415151
1.71599e-09	0.415834
1.71606e-09	0.416516
1.71613e-09	0.417196
1.7162e-09	0.417876
1.71627e-09	0.418554
1.71634e-09	0.419232
1.71641e-09	0.419908
1.71648e-09	0.420584
1.71655e-09	0.421258
1.71662e-09	0.421932
1.7167e-09	0.422604
1.71677e-09	0.423276
1.71684e-09	0.423946
1.71691e-09	0.424615
1.71698e-09	0.425284
1.71705e-09	0.425951
1.71712e-09	0.426617
1.71719e-09	0.427282
1.71726e-09	0.427947
1.71733e-09	0.42861
1.7174e-09	0.429272
1.71747e-09	0.429933
1.71754e-09	0.430593
1.71761e-09	0.431253
1.71769e-09	0.431911
1.71776e-09	0.432568
1.71783e-09	0.433224
1.7179e-09	0.433879
1.71797e-09	0.434533
1.71804e-09	0.435185
1.71811e-09	0.435837
1.71818e-09	0.436488
1.71825e-09	0.437138
1.71832e-09	0.437787
1.71839e-09	0.438434
1.71846e-09	0.439081
1.71853e-09	0.439727
1.7186e-09	0.440371
1.71868e-09	0.441015
1.71875e-09	0.441657
1.71882e-09	0.442299
1.71889e-09	0.442939
1.71896e-09	0.443578
1.71903e-09	0.444217
1.7191e-09	0.444854
1.71917e-09	0.44549
1.71924e-09	0.446125
1.71931e-09	0.446759
1.71938e-09	0.447392
1.71945e-09	0.448024
1.71952e-09	0.448655
1.71959e-09	0.449285
1.71967e-09	0.449914
1.71974e-09	0.450542
1.71981e-09	0.451168
1.71988e-09	0.451794
1.71995e-09	0.452418
1.72002e-09	0.453042
1.72009e-09	0.453664
1.72016e-09	0.454286
1.72023e-09	0.454906
1.7203e-09	0.455525
1.72037e-09	0.456144
1.72044e-09	0.456761
1.72051e-09	0.457377
1.72059e-09	0.457992
1.72066e-09	0.458606
1.72073e-09	0.459218
1.7208e-09	0.45983
1.72087e-09	0.460441
1.72094e-09	0.461051
1.72101e-09	0.461659
1.72108e-09	0.462267
1.72115e-09	0.462873
1.72122e-09	0.463478
1.72129e-09	0.464083
1.72136e-09	0.464686
1.72143e-09	0.465288
1.7215e-09	0.465889
1.72158e-09	0.466489
1.72165e-09	0.467088
1.72172e-09	0.467686
1.72179e-09	0.468282
1.72186e-09	0.468878
1.72193e-09	0.469473
1.722e-09	0.470066
1.72207e-09	0.470658
1.72214e-09	0.47125
1.72221e-09	0.47184
1.72228e-09	0.472429
1.72235e-09	0.473017
1.72242e-09	0.473604
1.72249e-09	0.47419
1.72257e-09	0.474775
1.72264e-09	0.475358
1.72271e-09	0.475941
1.72278e-09	0.476522
1.72285e-09	0.477103
1.72292e-09	0.477682
1.72299e-09	0.47826
1.72306e-09	0.478837
1.72313e-09	0.479413
1.7232e-09	0.479988
1.72327e-09	0.480562
1.72334e-09	0.481135
1.72341e-09	0.481707
1.72348e-09	0.482277
1.72356e-09	0.482847
1.72363e-09	0.483415
1.7237e-09	0.483982
1.72377e-09	0.484548
1.72384e-09	0.485113
1.72391e-09	0.485677
1.72398e-09	0.48624
1.72405e-09	0.486802
1.72412e-09	0.487362
1.72419e-09	0.487922
1.72426e-09	0.48848
1.72433e-09	0.489038
1.7244e-09	0.489594
1.72448e-09	0.490149
1.72455e-09	0.490703
1.72462e-09	0.491256
1.72469e-09	0.491807
1.72476e-09	0.492358
1.72483e-09	0.492907
1.7249e-09	0.493456
1.72497e-09	0.494003
1.72504e-09	0.494549
1.72511e-09	0.495094
1.72518e-09	0.495638
1.72525e-09	0.496181
1.72532e-09	0.496723
1.72539e-09	0.497263
1.72547e-09	0.497803
1.72554e-09	0.498341
1.72561e-09	0.498879
1.72568e-09	0.499415
1.72575e-09	0.49995
1.72582e-09	0.500484
1.72589e-09	0.501016
1.72596e-09	0.501548
1.72603e-09	0.502078
1.7261e-09	0.502608
1.72617e-09	0.503136
1.72624e-09	0.503663
1.72631e-09	0.504189
1.72638e-09	0.504714
1.72646e-09	0.505238
1.72653e-09	0.50576
1.7266e-09	0.506282
1.72667e-09	0.506802
1.72674e-09	0.507321
1.72681e-09	0.50784
1.72688e-09	0.508357
1.72695e-09	0.508872
1.72702e-09	0.509387
1.72709e-09	0.509901
1.72716e-09	0.510413
1.72723e-09	0.510924
1.7273e-09	0.511435
1.72738e-09	0.511944
1.72745e-09	0.512452
1.72752e-09	0.512958
1.72759e-09	0.513464
1.72766e-09	0.513968
1.72773e-09	0.514472
1.7278e-09	0.514974
1.72787e-09	0.515475
1.72794e-09	0.515975
1.72801e-09	0.516474
1.72808e-09	0.516971
1.72815e-09	0.517468
1.72822e-09	0.517963
1.72829e-09	0.518458
1.72837e-09	0.518951
1.72844e-09	0.519443
1.72851e-09	0.519933
1.72858e-09	0.520423
1.72865e-09	0.520912
1.72872e-09	0.521399
1.72879e-09	0.521885
1.72886e-09	0.52237
1.72893e-09	0.522854
1.729e-09	0.523337
1.72907e-09	0.523818
1.72914e-09	0.524299
1.72921e-09	0.524778
1.72928e-09	0.525256
1.72936e-09	0.525733
1.72943e-09	0.526209
1.7295e-09	0.526684
1.72957e-09	0.527158
1.72964e-09	0.52763
1.72971e-09	0.528101
1.72978e-09	0.528571
1.72985e-09	0.52904
1.72992e-09	0.529508
1.72999e-09	0.529975
1.73006e-09	0.53044
1.73013e-09	0.530905
1.7302e-09	0.531368
1.73027e-09	0.53183
1.73035e-09	0.532291
1.73042e-09	0.53275
1.73049e-09	0.533209
1.73056e-09	0.533666
1.73063e-09	0.534123
1.7307e-09	0.534578
1.73077e-09	0.535032
1.73084e-09	0.535484
1.73091e-09	0.535936
1.73098e-09	0.536386
1.73105e-09	0.536836
1.73112e-09	0.537284
1.73119e-09	0.537731
1.73127e-09	0.538176
1.73134e-09	0.538621
1.73141e-09	0.539065
1.73148e-09	0.539507
1.73155e-09	0.539948
1.73162e-09	0.540388
1.73169e-09	0.540827
1.73176e-09	0.541264
1.73183e-09	0.541701
1.7319e-09	0.542136
1.73197e-09	0.54257
1.73204e-09	0.543003
1.73211e-09	0.543435
1.73218e-09	0.543866
1.73226e-09	0.544295
1.73233e-09	0.544723
1.7324e-09	0.54515
1.73247e-09	0.545576
1.73254e-09	0.546001
1.73261e-09	0.546425
1.73268e-09	0.546847
1.73275e-09	0.547268
1.73282e-09	0.547688
1.73289e-09	0.548107
1.73296e-09	0.548525
1.73303e-09	0.548942
1.7331e-09	0.549357
1.73317e-09	0.549771
1.73325e-09	0.550184
1.73332e-09	0.550596
1.73339e-09	0.551007
1.73346e-09	0.551416
1.73353e-09	0.551825
1.7336e-09	0.552232
1.73367e-09	0.552638
1.73374e-09	0.553042
1.73381e-09	0.553446
1.73388e-09	0.553849
1.73395e-09	0.55425
1.73402e-09	0.55465
1.73409e-09	0.555049
1.73417e-09	0.555447
1.73424e-09	0.555843
1.73431e-09	0.556238
1.73438e-09	0.556633
1.73445e-09	0.557026
1.73452e-09	0.557417
1.73459e-09	0.557808
1.73466e-09	0.558198
1.73473e-09	0.558586
1.7348e-09	0.558973
1.73487e-09	0.559359
1.73494e-09	0.559744
1.73501e-09	0.560127
1.73508e-09	0.560509
1.73516e-09	0.560891
1.73523e-09	0.561271
1.7353e-09	0.561649
1.73537e-09	0.562027
1.73544e-09	0.562404
1.73551e-09	0.562779
1.73558e-09	0.563153
1.73565e-09	0.563526
1.73572e-09	0.563897
1.73579e-09	0.564268
1.73586e-09	0.564637
1.73593e-09	0.565005
1.736e-09	0.565372
1.73607e-09	0.565738
1.73615e-09	0.566103
1.73622e-09	0.566466
1.73629e-09	0.566828
1.73636e-09	0.567189
1.73643e-09	0.567549
1.7365e-09	0.567908
1.73657e-09	0.568265
1.73664e-09	0.568621
1.73671e-09	0.568976
1.73678e-09	0.56933
1.73685e-09	0.569683
1.73692e-09	0.570034
1.73699e-09	0.570385
1.73706e-09	0.570734
1.73714e-09	0.571082
1.73721e-09	0.571428
1.73728e-09	0.571774
1.73735e-09	0.572118
1.73742e-09	0.572461
1.73749e-09	0.572803
1.73756e-09	0.573144
1.73763e-09	0.573484
1.7377e-09	0.573822
1.73777e-09	0.574159
1.73784e-09	0.574495
1.73791e-09	0.57483
1.73798e-09	0.575164
1.73806e-09	0.575496
1.73813e-09	0.575827
1.7382e-09	0.576157
1.73827e-09	0.576486
1.73834e-09	0.576814
1.73841e-09	0.57714
1.73848e-09	0.577465
1.73855e-09	0.577789
1.73862e-09	0.578112
1.73869e-09	0.578434
1.73876e-09	0.578754
1.73883e-09	0.579073
1.7389e-09	0.579392
1.73897e-09	0.579708
1.73905e-09	0.580024
1.73912e-09	0.580339
1.73919e-09	0.580652
1.73926e-09	0.580964
1.73933e-09	0.581275
1.7394e-09	0.581584
1.73947e-09	0.581893
1.73954e-09	0.5822
1.73961e-09	0.582506
1.73968e-09	0.582811
1.73975e-09	0.583115
1.73982e-09	0.583417
1.73989e-09	0.583718
1.73996e-09	0.584019
1.74004e-09	0.584317
1.74011e-09	0.584615
1.74018e-09	0.584912
1.74025e-09	0.585207
1.74032e-09	0.585501
1.74039e-09	0.585794
1.74046e-09	0.586085
1.74053e-09	0.586376
1.7406e-09	0.586665
1.74067e-09	0.586953
1.74074e-09	0.58724
1.74081e-09	0.587526
1.74088e-09	0.58781
1.74096e-09	0.588094
1.74103e-09	0.588376
1.7411e-09	0.588657
1.74117e-09	0.588936
1.74124e-09	0.589215
1.74131e-09	0.589492
1.74138e-09	0.589768
1.74145e-09	0.590043
1.74152e-09	0.590317
1.74159e-09	0.590589
1.74166e-09	0.59086
1.74173e-09	0.59113
1.7418e-09	0.591399
1.74187e-09	0.591667
1.74195e-09	0.591933
1.74202e-09	0.592199
1.74209e-09	0.592463
1.74216e-09	0.592726
1.74223e-09	0.592987
1.7423e-09	0.593248
1.74237e-09	0.593507
1.74244e-09	0.593765
1.74251e-09	0.594022
1.74258e-09	0.594277
1.74265e-09	0.594532
1.74272e-09	0.594785
1.74279e-09	0.595037
1.74286e-09	0.595288
1.74294e-09	0.595538
1.74301e-09	0.595786
1.74308e-09	0.596033
1.74315e-09	0.596279
1.74322e-09	0.596524
1.74329e-09	0.596768
1.74336e-09	0.59701
1.74343e-09	0.597251
1.7435e-09	0.597491
1.74357e-09	0.59773
1.74364e-09	0.597968
1.74371e-09	0.598204
1.74378e-09	0.598439
1.74385e-09	0.598673
1.74393e-09	0.598906
1.744e-09	0.599137
1.74407e-09	0.599368
1.74414e-09	0.599597
1.74421e-09	0.599825
1.74428e-09	0.600052
1.74435e-09	0.600277
1.74442e-09	0.600502
1.74449e-09	0.600725
1.74456e-09	0.600947
1.74463e-09	0.601168
1.7447e-09	0.601387
1.74477e-09	0.601605
1.74485e-09	0.601823
1.74492e-09	0.602039
1.74499e-09	0.602253
1.74506e-09	0.602467
1.74513e-09	0.602679
1.7452e-09	0.60289
1.74527e-09	0.6031
1.74534e-09	0.603309
1.74541e-09	0.603516
1.74548e-09	0.603723
1.74555e-09	0.603928
1.74562e-09	0.604132
1.74569e-09	0.604335
1.74576e-09	0.604536
1.74584e-09	0.604736
1.74591e-09	0.604935
1.74598e-09	0.605133
1.74605e-09	0.60533
1.74612e-09	0.605526
1.74619e-09	0.60572
1.74626e-09	0.605913
1.74633e-09	0.606105
1.7464e-09	0.606296
1.74647e-09	0.606485
1.74654e-09	0.606673
1.74661e-09	0.60686
1.74668e-09	0.607046
1.74675e-09	0.607231
1.74683e-09	0.607414
1.7469e-09	0.607597
1.74697e-09	0.607778
1.74704e-09	0.607958
1.74711e-09	0.608136
1.74718e-09	0.608314
1.74725e-09	0.60849
1.74732e-09	0.608665
1.74739e-09	0.608839
1.74746e-09	0.609012
1.74753e-09	0.609183
1.7476e-09	0.609354
1.74767e-09	0.609523
1.74774e-09	0.609691
1.74782e-09	0.609857
1.74789e-09	0.610023
1.74796e-09	0.610187
1.74803e-09	0.61035
1.7481e-09	0.610512
1.74817e-09	0.610673
1.74824e-09	0.610832
1.74831e-09	0.610991
1.74838e-09	0.611148
1.74845e-09	0.611304
1.74852e-09	0.611458
1.74859e-09	0.611612
1.74866e-09	0.611764
1.74874e-09	0.611915
1.74881e-09	0.612065
1.74888e-09	0.612214
1.74895e-09	0.612361
1.74902e-09	0.612508
1.74909e-09	0.612653
1.74916e-09	0.612797
1.74923e-09	0.612939
1.7493e-09	0.613081
1.74937e-09	0.613221
1.74944e-09	0.613361
1.74951e-09	0.613498
1.74958e-09	0.613635
1.74965e-09	0.613771
1.74973e-09	0.613905
1.7498e-09	0.614038
1.74987e-09	0.61417
1.74994e-09	0.614301
1.75001e-09	0.614431
1.75008e-09	0.614559
1.75015e-09	0.614686
1.75022e-09	0.614812
1.75029e-09	0.614937
1.75036e-09	0.615061
1.75043e-09	0.615183
1.7505e-09	0.615304
1.75057e-09	0.615424
1.75064e-09	0.615543
1.75072e-09	0.615661
1.75079e-09	0.615777
1.75086e-09	0.615893
1.75093e-09	0.616007
1.751e-09	0.61612
1.75107e-09	0.616231
1.75114e-09	0.616342
1.75121e-09	0.616451
1.75128e-09	0.616559
1.75135e-09	0.616666
1.75142e-09	0.616772
1.75149e-09	0.616877
1.75156e-09	0.61698
1.75164e-09	0.617082
1.75171e-09	0.617183
1.75178e-09	0.617283
1.75185e-09	0.617382
1.75192e-09	0.617479
1.75199e-09	0.617575
1.75206e-09	0.61767
1.75213e-09	0.617764
1.7522e-09	0.617857
1.75227e-09	0.617948
1.75234e-09	0.618039
1.75241e-09	0.618128
1.75248e-09	0.618216
1.75255e-09	0.618303
1.75263e-09	0.618388
1.7527e-09	0.618473
1.75277e-09	0.618556
1.75284e-09	0.618638
1.75291e-09	0.618719
1.75298e-09	0.618798
1.75305e-09	0.618877
1.75312e-09	0.618954
1.75319e-09	0.61903
1.75326e-09	0.619105
1.75333e-09	0.619179
1.7534e-09	0.619251
1.75347e-09	0.619323
1.75354e-09	0.619393
1.75362e-09	0.619462
1.75369e-09	0.61953
1.75376e-09	0.619597
1.75383e-09	0.619662
1.7539e-09	0.619726
1.75397e-09	0.619789
1.75404e-09	0.619851
1.75411e-09	0.619912
1.75418e-09	0.619972
1.75425e-09	0.62003
1.75432e-09	0.620087
1.75439e-09	0.620143
1.75446e-09	0.620198
1.75453e-09	0.620252
1.75461e-09	0.620305
1.75468e-09	0.620356
1.75475e-09	0.620406
1.75482e-09	0.620455
1.75489e-09	0.620503
1.75496e-09	0.62055
1.75503e-09	0.620595
1.7551e-09	0.620639
1.75517e-09	0.620683
1.75524e-09	0.620725
1.75531e-09	0.620765
1.75538e-09	0.620805
1.75545e-09	0.620843
1.75553e-09	0.620881
1.7556e-09	0.620917
1.75567e-09	0.620952
1.75574e-09	0.620986
1.75581e-09	0.621018
1.75588e-09	0.62105
1.75595e-09	0.62108
1.75602e-09	0.621109
1.75609e-09	0.621137
1.75616e-09	0.621164
1.75623e-09	0.621189
1.7563e-09	0.621214
1.75637e-09	0.621237
1.75644e-09	0.621259
1.75652e-09	0.62128
1.75659e-09	0.6213
1.75666e-09	0.621318
1.75673e-09	0.621336
1.7568e-09	0.621352
1.75687e-09	0.621367
1.75694e-09	0.621381
1.75701e-09	0.621394
1.75708e-09	0.621405
1.75715e-09	0.621416
1.75722e-09	0.621425
1.75729e-09	0.621433
1.75736e-09	0.62144
1.75743e-09	0.621446
1.75751e-09	0.621451
1.75758e-09	0.621454
1.75765e-09	0.621457
1.75772e-09	0.621458
1.75779e-09	0.621458
1.75786e-09	0.621457
1.75793e-09	0.621454
1.758e-09	0.621451
1.75807e-09	0.621446
1.75814e-09	0.621441
1.75821e-09	0.621434
1.75828e-09	0.621426
1.75835e-09	0.621416
1.75843e-09	0.621406
1.7585e-09	0.621395
1.75857e-09	0.621382
1.75864e-09	0.621368
1.75871e-09	0.621353
1.75878e-09	0.621337
1.75885e-09	0.62132
1.75892e-09	0.621301
1.75899e-09	0.621282
1.75906e-09	0.621261
1.75913e-09	0.621239
1.7592e-09	0.621216
1.75927e-09	0.621192
1.75934e-09	0.621167
1.75942e-09	0.62114
1.75949e-09	0.621112
1.75956e-09	0.621084
1.75963e-09	0.621054
1.7597e-09	0.621023
1.75977e-09	0.620991
1.75984e-09	0.620957
1.75991e-09	0.620923
1.75998e-09	0.620887
1.76005e-09	0.62085
1.76012e-09	0.620813
1.76019e-09	0.620773
1.76026e-09	0.620733
1.76033e-09	0.620692
1.76041e-09	0.62065
1.76048e-09	0.620606
1.76055e-09	0.620561
1.76062e-09	0.620515
1.76069e-09	0.620468
1.76076e-09	0.62042
1.76083e-09	0.620371
1.7609e-09	0.62032
1.76097e-09	0.620269
1.76104e-09	0.620216
1.76111e-09	0.620162
1.76118e-09	0.620107
1.76125e-09	0.620051
1.76132e-09	0.619994
1.7614e-09	0.619936
1.76147e-09	0.619876
1.76154e-09	0.619816
1.76161e-09	0.619754
1.76168e-09	0.619691
1.76175e-09	0.619627
1.76182e-09	0.619562
1.76189e-09	0.619496
1.76196e-09	0.619428
1.76203e-09	0.61936
1.7621e-09	0.61929
1.76217e-09	0.619219
1.76224e-09	0.619148
1.76232e-09	0.619075
1.76239e-09	0.619
1.76246e-09	0.618925
1.76253e-09	0.618849
1.7626e-09	0.618771
1.76267e-09	0.618693
1.76274e-09	0.618613
1.76281e-09	0.618532
1.76288e-09	0.61845
1.76295e-09	0.618367
1.76302e-09	0.618283
1.76309e-09	0.618197
1.76316e-09	0.618111
1.76323e-09	0.618023
1.76331e-09	0.617935
1.76338e-09	0.617845
1.76345e-09	0.617754
1.76352e-09	0.617662
1.76359e-09	0.617569
1.76366e-09	0.617475
1.76373e-09	0.617379
1.7638e-09	0.617283
1.76387e-09	0.617185
1.76394e-09	0.617087
1.76401e-09	0.616987
1.76408e-09	0.616886
1.76415e-09	0.616784
1.76422e-09	0.616681
1.7643e-09	0.616576
1.76437e-09	0.616471
1.76444e-09	0.616365
1.76451e-09	0.616257
1.76458e-09	0.616149
1.76465e-09	0.616039
1.76472e-09	0.615928
1.76479e-09	0.615816
1.76486e-09	0.615703
1.76493e-09	0.615589
1.765e-09	0.615474
1.76507e-09	0.615357
1.76514e-09	0.61524
1.76522e-09	0.615121
1.76529e-09	0.615001
1.76536e-09	0.614881
1.76543e-09	0.614759
1.7655e-09	0.614636
1.76557e-09	0.614512
1.76564e-09	0.614387
1.76571e-09	0.614261
1.76578e-09	0.614133
1.76585e-09	0.614005
1.76592e-09	0.613875
1.76599e-09	0.613745
1.76606e-09	0.613613
1.76613e-09	0.61348
1.76621e-09	0.613346
1.76628e-09	0.613211
1.76635e-09	0.613075
1.76642e-09	0.612938
1.76649e-09	0.6128
1.76656e-09	0.612661
1.76663e-09	0.61252
1.7667e-09	0.612379
1.76677e-09	0.612236
1.76684e-09	0.612093
1.76691e-09	0.611948
1.76698e-09	0.611802
1.76705e-09	0.611655
1.76712e-09	0.611508
1.7672e-09	0.611359
1.76727e-09	0.611208
1.76734e-09	0.611057
1.76741e-09	0.610905
1.76748e-09	0.610752
1.76755e-09	0.610597
1.76762e-09	0.610442
1.76769e-09	0.610285
1.76776e-09	0.610128
1.76783e-09	0.609969
1.7679e-09	0.609809
1.76797e-09	0.609648
1.76804e-09	0.609486
1.76811e-09	0.609323
1.76819e-09	0.609159
1.76826e-09	0.608994
1.76833e-09	0.608828
1.7684e-09	0.608661
1.76847e-09	0.608493
1.76854e-09	0.608323
1.76861e-09	0.608153
1.76868e-09	0.607981
1.76875e-09	0.607809
1.76882e-09	0.607635
1.76889e-09	0.60746
1.76896e-09	0.607285
1.76903e-09	0.607108
1.76911e-09	0.60693
1.76918e-09	0.606751
1.76925e-09	0.606571
1.76932e-09	0.60639
1.76939e-09	0.606208
1.76946e-09	0.606025
1.76953e-09	0.605841
1.7696e-09	0.605655
1.76967e-09	0.605469
1.76974e-09	0.605282
1.76981e-09	0.605093
1.76988e-09	0.604904
1.76995e-09	0.604713
1.77002e-09	0.604522
1.7701e-09	0.604329
1.77017e-09	0.604136
1.77024e-09	0.603941
1.77031e-09	0.603745
1.77038e-09	0.603549
1.77045e-09	0.603351
1.77052e-09	0.603152
1.77059e-09	0.602952
1.77066e-09	0.602751
1.77073e-09	0.602549
1.7708e-09	0.602346
1.77087e-09	0.602142
1.77094e-09	0.601937
1.77101e-09	0.601731
1.77109e-09	0.601524
1.77116e-09	0.601315
1.77123e-09	0.601106
1.7713e-09	0.600896
1.77137e-09	0.600685
1.77144e-09	0.600472
1.77151e-09	0.600259
1.77158e-09	0.600044
1.77165e-09	0.599829
1.77172e-09	0.599613
1.77179e-09	0.599395
1.77186e-09	0.599177
1.77193e-09	0.598957
1.772e-09	0.598737
1.77208e-09	0.598515
1.77215e-09	0.598292
1.77222e-09	0.598069
1.77229e-09	0.597844
1.77236e-09	0.597618
1.77243e-09	0.597392
1.7725e-09	0.597164
1.77257e-09	0.596935
1.77264e-09	0.596706
1.77271e-09	0.596475
1.77278e-09	0.596243
1.77285e-09	0.59601
1.77292e-09	0.595777
1.773e-09	0.595542
1.77307e-09	0.595306
1.77314e-09	0.595069
1.77321e-09	0.594831
1.77328e-09	0.594592
1.77335e-09	0.594353
1.77342e-09	0.594112
1.77349e-09	0.59387
1.77356e-09	0.593627
1.77363e-09	0.593383
1.7737e-09	0.593138
1.77377e-09	0.592892
1.77384e-09	0.592645
1.77391e-09	0.592397
1.77399e-09	0.592149
1.77406e-09	0.591899
1.77413e-09	0.591648
1.7742e-09	0.591396
1.77427e-09	0.591143
1.77434e-09	0.590889
1.77441e-09	0.590634
1.77448e-09	0.590378
1.77455e-09	0.590122
1.77462e-09	0.589864
1.77469e-09	0.589605
1.77476e-09	0.589345
1.77483e-09	0.589084
1.7749e-09	0.588822
1.77498e-09	0.58856
1.77505e-09	0.588296
1.77512e-09	0.588031
1.77519e-09	0.587765
1.77526e-09	0.587498
1.77533e-09	0.587231
1.7754e-09	0.586962
1.77547e-09	0.586692
1.77554e-09	0.586422
1.77561e-09	0.58615
1.77568e-09	0.585877
1.77575e-09	0.585604
1.77582e-09	0.585329
1.7759e-09	0.585054
1.77597e-09	0.584777
1.77604e-09	0.5845
1.77611e-09	0.584221
1.77618e-09	0.583942
1.77625e-09	0.583661
1.77632e-09	0.58338
1.77639e-09	0.583098
1.77646e-09	0.582814
1.77653e-09	0.58253
1.7766e-09	0.582245
1.77667e-09	0.581958
1.77674e-09	0.581671
1.77681e-09	0.581383
1.77689e-09	0.581094
1.77696e-09	0.580804
1.77703e-09	0.580513
1.7771e-09	0.580221
1.77717e-09	0.579928
1.77724e-09	0.579634
1.77731e-09	0.579339
1.77738e-09	0.579043
1.77745e-09	0.578747
1.77752e-09	0.578449
1.77759e-09	0.57815
1.77766e-09	0.577851
1.77773e-09	0.57755
1.7778e-09	0.577248
1.77788e-09	0.576946
1.77795e-09	0.576643
1.77802e-09	0.576338
1.77809e-09	0.576033
1.77816e-09	0.575727
1.77823e-09	0.575419
1.7783e-09	0.575111
1.77837e-09	0.574802
1.77844e-09	0.574492
1.77851e-09	0.574181
1.77858e-09	0.573869
1.77865e-09	0.573556
1.77872e-09	0.573243
1.77879e-09	0.572928
1.77887e-09	0.572612
1.77894e-09	0.572296
1.77901e-09	0.571978
1.77908e-09	0.57166
1.77915e-09	0.57134
1.77922e-09	0.57102
1.77929e-09	0.570699
1.77936e-09	0.570377
1.77943e-09	0.570054
1.7795e-09	0.56973
1.77957e-09	0.569405
1.77964e-09	0.569079
1.77971e-09	0.568752
1.77979e-09	0.568424
1.77986e-09	0.568096
1.77993e-09	0.567766
1.78e-09	0.567436
1.78007e-09	0.567104
1.78014e-09	0.566772
1.78021e-09	0.566439
1.78028e-09	0.566105
1.78035e-09	0.565769
1.78042e-09	0.565434
1.78049e-09	0.565097
1.78056e-09	0.564759
1.78063e-09	0.56442
1.7807e-09	0.564081
1.78078e-09	0.56374
1.78085e-09	0.563399
1.78092e-09	0.563056
1.78099e-09	0.562713
1.78106e-09	0.562369
1.78113e-09	0.562024
1.7812e-09	0.561678
1.78127e-09	0.561331
1.78134e-09	0.560984
1.78141e-09	0.560635
1.78148e-09	0.560286
1.78155e-09	0.559935
1.78162e-09	0.559584
1.78169e-09	0.559232
1.78177e-09	0.558879
1.78184e-09	0.558525
1.78191e-09	0.55817
1.78198e-09	0.557814
1.78205e-09	0.557457
1.78212e-09	0.5571
1.78219e-09	0.556741
1.78226e-09	0.556382
1.78233e-09	0.556022
1.7824e-09	0.555661
1.78247e-09	0.555299
1.78254e-09	0.554936
1.78261e-09	0.554572
1.78269e-09	0.554208
1.78276e-09	0.553842
1.78283e-09	0.553476
1.7829e-09	0.553109
1.78297e-09	0.552741
1.78304e-09	0.552372
1.78311e-09	0.552002
1.78318e-09	0.551631
1.78325e-09	0.55126
1.78332e-09	0.550887
1.78339e-09	0.550514
1.78346e-09	0.55014
1.78353e-09	0.549765
1.7836e-09	0.549389
1.78368e-09	0.549012
1.78375e-09	0.548635
1.78382e-09	0.548256
1.78389e-09	0.547877
1.78396e-09	0.547497
1.78403e-09	0.547116
1.7841e-09	0.546734
1.78417e-09	0.546351
1.78424e-09	0.545967
1.78431e-09	0.545583
1.78438e-09	0.545197
1.78445e-09	0.544811
1.78452e-09	0.544424
1.78459e-09	0.544036
1.78467e-09	0.543648
1.78474e-09	0.543258
1.78481e-09	0.542868
1.78488e-09	0.542476
1.78495e-09	0.542084
1.78502e-09	0.541691
1.78509e-09	0.541298
1.78516e-09	0.540903
1.78523e-09	0.540508
1.7853e-09	0.540111
1.78537e-09	0.539714
1.78544e-09	0.539316
1.78551e-09	0.538917
1.78558e-09	0.538518
1.78566e-09	0.538117
1.78573e-09	0.537716
1.7858e-09	0.537314
1.78587e-09	0.536911
1.78594e-09	0.536507
1.78601e-09	0.536103
1.78608e-09	0.535697
1.78615e-09	0.535291
1.78622e-09	0.534884
1.78629e-09	0.534476
1.78636e-09	0.534067
1.78643e-09	0.533658
1.7865e-09	0.533247
1.78658e-09	0.532836
1.78665e-09	0.532424
1.78672e-09	0.532011
1.78679e-09	0.531598
1.78686e-09	0.531183
1.78693e-09	0.530768
1.787e-09	0.530352
1.78707e-09	0.529935
1.78714e-09	0.529518
1.78721e-09	0.529099
1.78728e-09	0.52868
1.78735e-09	0.52826
1.78742e-09	0.527839
1.78749e-09	0.527417
1.78757e-09	0.526995
1.78764e-09	0.526572
1.78771e-09	0.526147
1.78778e-09	0.525723
1.78785e-09	0.525297
1.78792e-09	0.524871
1.78799e-09	0.524443
1.78806e-09	0.524015
1.78813e-09	0.523586
1.7882e-09	0.523157
1.78827e-09	0.522726
1.78834e-09	0.522295
1.78841e-09	0.521863
1.78848e-09	0.52143
1.78856e-09	0.520997
1.78863e-09	0.520563
1.7887e-09	0.520127
1.78877e-09	0.519692
1.78884e-09	0.519255
1.78891e-09	0.518817
1.78898e-09	0.518379
1.78905e-09	0.51794
1.78912e-09	0.5175
1.78919e-09	0.51706
1.78926e-09	0.516619
1.78933e-09	0.516176
1.7894e-09	0.515734
1.78947e-09	0.51529
1.78955e-09	0.514846
1.78962e-09	0.5144
1.78969e-09	0.513954
1.78976e-09	0.513508
1.78983e-09	0.51306
1.7899e-09	0.512612
1.78997e-09	0.512163
1.79004e-09	0.511713
1.79011e-09	0.511263
1.79018e-09	0.510812
1.79025e-09	0.51036
1.79032e-09	0.509907
1.79039e-09	0.509453
1.79047e-09	0.508999
1.79054e-09	0.508544
1.79061e-09	0.508088
1.79068e-09	0.507632
1.79075e-09	0.507175
1.79082e-09	0.506717
1.79089e-09	0.506258
1.79096e-09	0.505798
1.79103e-09	0.505338
1.7911e-09	0.504877
1.79117e-09	0.504415
1.79124e-09	0.503953
1.79131e-09	0.50349
1.79138e-09	0.503026
1.79146e-09	0.502561
1.79153e-09	0.502096
1.7916e-09	0.50163
1.79167e-09	0.501163
1.79174e-09	0.500695
1.79181e-09	0.500227
1.79188e-09	0.499758
1.79195e-09	0.499288
1.79202e-09	0.498818
1.79209e-09	0.498347
1.79216e-09	0.497875
1.79223e-09	0.497402
1.7923e-09	0.496929
1.79237e-09	0.496455
1.79245e-09	0.49598
1.79252e-09	0.495504
1.79259e-09	0.495028
1.79266e-09	0.494551
1.79273e-09	0.494073
1.7928e-09	0.493595
1.79287e-09	0.493116
1.79294e-09	0.492636
1.79301e-09	0.492156
1.79308e-09	0.491674
1.79315e-09	0.491193
1.79322e-09	0.49071
1.79329e-09	0.490227
1.79337e-09	0.489743
1.79344e-09	0.489258
1.79351e-09	0.488773
1.79358e-09	0.488286
1.79365e-09	0.4878
1.79372e-09	0.487312
1.79379e-09	0.486824
1.79386e-09	0.486335
1.79393e-09	0.485845
1.794e-09	0.485355
1.79407e-09	0.484864
1.79414e-09	0.484373
1.79421e-09	0.48388
1.79428e-09	0.483387
1.79436e-09	0.482894
1.79443e-09	0.482399
1.7945e-09	0.481904
1.79457e-09	0.481408
1.79464e-09	0.480912
1.79471e-09	0.480415
1.79478e-09	0.479917
1.79485e-09	0.479419
1.79492e-09	0.47892
1.79499e-09	0.47842
1.79506e-09	0.477919
1.79513e-09	0.477418
1.7952e-09	0.476916
1.79527e-09	0.476414
1.79535e-09	0.475911
1.79542e-09	0.475407
1.79549e-09	0.474903
1.79556e-09	0.474398
1.79563e-09	0.473892
1.7957e-09	0.473385
1.79577e-09	0.472878
1.79584e-09	0.472371
1.79591e-09	0.471862
1.79598e-09	0.471353
1.79605e-09	0.470843
1.79612e-09	0.470333
1.79619e-09	0.469822
1.79626e-09	0.46931
1.79634e-09	0.468798
1.79641e-09	0.468285
1.79648e-09	0.467772
1.79655e-09	0.467257
1.79662e-09	0.466742
1.79669e-09	0.466227
1.79676e-09	0.465711
1.79683e-09	0.465194
1.7969e-09	0.464676
1.79697e-09	0.464158
1.79704e-09	0.46364
1.79711e-09	0.46312
1.79718e-09	0.4626
1.79726e-09	0.46208
1.79733e-09	0.461559
1.7974e-09	0.461037
1.79747e-09	0.460514
1.79754e-09	0.459991
1.79761e-09	0.459467
1.79768e-09	0.458943
1.79775e-09	0.458418
1.79782e-09	0.457892
1.79789e-09	0.457366
1.79796e-09	0.456839
1.79803e-09	0.456312
1.7981e-09	0.455784
1.79817e-09	0.455255
1.79825e-09	0.454726
1.79832e-09	0.454196
1.79839e-09	0.453665
1.79846e-09	0.453134
1.79853e-09	0.452603
1.7986e-09	0.45207
1.79867e-09	0.451537
1.79874e-09	0.451004
1.79881e-09	0.45047
1.79888e-09	0.449935
1.79895e-09	0.449399
1.79902e-09	0.448864
1.79909e-09	0.448327
1.79916e-09	0.44779
1.79924e-09	0.447252
1.79931e-09	0.446714
1.79938e-09	0.446175
1.79945e-09	0.445635
1.79952e-09	0.445095
1.79959e-09	0.444555
1.79966e-09	0.444013
1.79973e-09	0.443471
1.7998e-09	0.442929
1.79987e-09	0.442386
1.79994e-09	0.441842
1.80001e-09	0.441298
1.80008e-09	0.440753
1.80016e-09	0.440208
1.80023e-09	0.439662
1.8003e-09	0.439116
1.80037e-09	0.438569
1.80044e-09	0.438021
1.80051e-09	0.437473
1.80058e-09	0.436924
1.80065e-09	0.436375
1.80072e-09	0.435825
1.80079e-09	0.435274
1.80086e-09	0.434723
1.80093e-09	0.434172
1.801e-09	0.433619
1.80107e-09	0.433067
1.80115e-09	0.432514
1.80122e-09	0.43196
1.80129e-09	0.431405
1.80136e-09	0.43085
1.80143e-09	0.430295
1.8015e-09	0.429739
1.80157e-09	0.429182
1.80164e-09	0.428625
1.80171e-09	0.428067
1.80178e-09	0.427509
1.80185e-09	0.42695
1.80192e-09	0.426391
1.80199e-09	0.425831
1.80206e-09	0.425271
1.80214e-09	0.42471
1.80221e-09	0.424148
1.80228e-09	0.423586
1.80235e-09	0.423024
1.80242e-09	0.422461
1.80249e-09	0.421897
1.80256e-09	0.421333
1.80263e-09	0.420768
1.8027e-09	0.420203
1.80277e-09	0.419637
1.80284e-09	0.419071
1.80291e-09	0.418504
1.80298e-09	0.417937
1.80305e-09	0.417369
1.80313e-09	0.4168
1.8032e-09	0.416232
1.80327e-09	0.415662
1.80334e-09	0.415092
1.80341e-09	0.414522
1.80348e-09	0.413951
1.80355e-09	0.413379
1.80362e-09	0.412807
1.80369e-09	0.412235
1.80376e-09	0.411662
1.80383e-09	0.411088
1.8039e-09	0.410514
1.80397e-09	0.40994
1.80405e-09	0.409365
1.80412e-09	0.408789
1.80419e-09	0.408213
1.80426e-09	0.407637
1.80433e-09	0.40706
1.8044e-09	0.406482
1.80447e-09	0.405904
1.80454e-09	0.405326
1.80461e-09	0.404747
1.80468e-09	0.404167
1.80475e-09	0.403587
1.80482e-09	0.403007
1.80489e-09	0.402426
1.80496e-09	0.401844
1.80504e-09	0.401262
1.80511e-09	0.40068
1.80518e-09	0.400097
1.80525e-09	0.399514
1.80532e-09	0.39893
1.80539e-09	0.398346
1.80546e-09	0.397761
1.80553e-09	0.397176
1.8056e-09	0.39659
1.80567e-09	0.396004
1.80574e-09	0.395417
1.80581e-09	0.39483
1.80588e-09	0.394242
1.80595e-09	0.393654
1.80603e-09	0.393065
1.8061e-09	0.392476
1.80617e-09	0.391887
1.80624e-09	0.391297
1.80631e-09	0.390707
1.80638e-09	0.390116
1.80645e-09	0.389524
1.80652e-09	0.388933
1.80659e-09	0.38834
1.80666e-09	0.387748
1.80673e-09	0.387154
1.8068e-09	0.386561
1.80687e-09	0.385967
1.80695e-09	0.385372
1.80702e-09	0.384777
1.80709e-09	0.384182
1.80716e-09	0.383586
1.80723e-09	0.38299
1.8073e-09	0.382393
1.80737e-09	0.381796
1.80744e-09	0.381199
1.80751e-09	0.380601
1.80758e-09	0.380002
1.80765e-09	0.379403
1.80772e-09	0.378804
1.80779e-09	0.378204
1.80786e-09	0.377604
1.80794e-09	0.377003
1.80801e-09	0.376402
1.80808e-09	0.375801
1.80815e-09	0.375199
1.80822e-09	0.374597
1.80829e-09	0.373994
1.80836e-09	0.373391
1.80843e-09	0.372787
1.8085e-09	0.372183
1.80857e-09	0.371579
1.80864e-09	0.370974
1.80871e-09	0.370369
1.80878e-09	0.369763
1.80885e-09	0.369157
1.80893e-09	0.368551
1.809e-09	0.367944
1.80907e-09	0.367336
1.80914e-09	0.366729
1.80921e-09	0.366121
1.80928e-09	0.365512
1.80935e-09	0.364903
1.80942e-09	0.364294
1.80949e-09	0.363684
1.80956e-09	0.363074
1.80963e-09	0.362464
1.8097e-09	0.361853
1.80977e-09	0.361241
1.80984e-09	0.36063
1.80992e-09	0.360018
1.80999e-09	0.359405
1.81006e-09	0.358792
1.81013e-09	0.358179
1.8102e-09	0.357566
1.81027e-09	0.356952
1.81034e-09	0.356337
1.81041e-09	0.355723
1.81048e-09	0.355107
1.81055e-09	0.354492
1.81062e-09	0.353876
1.81069e-09	0.35326
1.81076e-09	0.352643
1.81084e-09	0.352026
1.81091e-09	0.351409
1.81098e-09	0.350791
1.81105e-09	0.350173
1.81112e-09	0.349555
1.81119e-09	0.348936
1.81126e-09	0.348316
1.81133e-09	0.347697
1.8114e-09	0.347077
1.81147e-09	0.346457
1.81154e-09	0.345836
1.81161e-09	0.345215
1.81168e-09	0.344594
1.81175e-09	0.343972
1.81183e-09	0.34335
1.8119e-09	0.342728
1.81197e-09	0.342105
1.81204e-09	0.341482
1.81211e-09	0.340858
1.81218e-09	0.340234
1.81225e-09	0.33961
1.81232e-09	0.338986
1.81239e-09	0.338361
1.81246e-09	0.337736
1.81253e-09	0.33711
1.8126e-09	0.336484
1.81267e-09	0.335858
1.81274e-09	0.335232
1.81282e-09	0.334605
1.81289e-09	0.333978
1.81296e-09	0.33335
1.81303e-09	0.332722
1.8131e-09	0.332094
1.81317e-09	0.331466
1.81324e-09	0.330837
1.81331e-09	0.330208
1.81338e-09	0.329578
1.81345e-09	0.328948
1.81352e-09	0.328318
1.81359e-09	0.327688
1.81366e-09	0.327057
1.81373e-09	0.326426
1.81381e-09	0.325795
1.81388e-09	0.325163
1.81395e-09	0.324531
1.81402e-09	0.323899
1.81409e-09	0.323266
1.81416e-09	0.322633
1.81423e-09	0.322
1.8143e-09	0.321366
1.81437e-09	0.320732
1.81444e-09	0.320098
1.81451e-09	0.319464
1.81458e-09	0.318829
1.81465e-09	0.318194
1.81473e-09	0.317559
1.8148e-09	0.316923
1.81487e-09	0.316287
1.81494e-09	0.315651
1.81501e-09	0.315014
1.81508e-09	0.314378
1.81515e-09	0.313741
1.81522e-09	0.313103
1.81529e-09	0.312466
1.81536e-09	0.311828
1.81543e-09	0.311189
1.8155e-09	0.310551
1.81557e-09	0.309912
1.81564e-09	0.309273
1.81572e-09	0.308634
1.81579e-09	0.307994
1.81586e-09	0.307354
1.81593e-09	0.306714
1.816e-09	0.306074
1.81607e-09	0.305433
1.81614e-09	0.304792
1.81621e-09	0.304151
1.81628e-09	0.303509
1.81635e-09	0.302867
1.81642e-09	0.302225
1.81649e-09	0.301583
1.81656e-09	0.300941
1.81663e-09	0.300298
1.81671e-09	0.299655
1.81678e-09	0.299011
1.81685e-09	0.298368
1.81692e-09	0.297724
1.81699e-09	0.29708
1.81706e-09	0.296436
1.81713e-09	0.295791
1.8172e-09	0.295146
1.81727e-09	0.294501
1.81734e-09	0.293856
1.81741e-09	0.29321
1.81748e-09	0.292564
1.81755e-09	0.291918
1.81763e-09	0.291272
1.8177e-09	0.290626
1.81777e-09	0.289979
1.81784e-09	0.289332
1.81791e-09	0.288685
1.81798e-09	0.288037
1.81805e-09	0.287389
1.81812e-09	0.286741
1.81819e-09	0.286093
1.81826e-09	0.285445
1.81833e-09	0.284796
1.8184e-09	0.284148
1.81847e-09	0.283498
1.81854e-09	0.282849
1.81862e-09	0.2822
1.81869e-09	0.28155
1.81876e-09	0.2809
1.81883e-09	0.28025
1.8189e-09	0.2796
1.81897e-09	0.278949
1.81904e-09	0.278298
1.81911e-09	0.277647
1.81918e-09	0.276996
1.81925e-09	0.276345
1.81932e-09	0.275693
1.81939e-09	0.275041
1.81946e-09	0.274389
1.81953e-09	0.273737
1.81961e-09	0.273084
1.81968e-09	0.272432
1.81975e-09	0.271779
1.81982e-09	0.271126
1.81989e-09	0.270473
1.81996e-09	0.269819
1.82003e-09	0.269166
1.8201e-09	0.268512
1.82017e-09	0.267858
1.82024e-09	0.267204
1.82031e-09	0.266549
1.82038e-09	0.265895
1.82045e-09	0.26524
1.82052e-09	0.264585
1.8206e-09	0.26393
1.82067e-09	0.263275
1.82074e-09	0.262619
1.82081e-09	0.261964
1.82088e-09	0.261308
1.82095e-09	0.260652
1.82102e-09	0.259996
1.82109e-09	0.259339
1.82116e-09	0.258683
1.82123e-09	0.258026
1.8213e-09	0.257369
1.82137e-09	0.256712
1.82144e-09	0.256055
1.82152e-09	0.255398
1.82159e-09	0.25474
1.82166e-09	0.254083
1.82173e-09	0.253425
1.8218e-09	0.252767
1.82187e-09	0.252109
1.82194e-09	0.25145
1.82201e-09	0.250792
1.82208e-09	0.250133
1.82215e-09	0.249475
1.82222e-09	0.248816
1.82229e-09	0.248157
1.82236e-09	0.247497
1.82243e-09	0.246838
1.82251e-09	0.246179
1.82258e-09	0.245519
1.82265e-09	0.244859
1.82272e-09	0.244199
1.82279e-09	0.243539
1.82286e-09	0.242879
1.82293e-09	0.242219
1.823e-09	0.241558
1.82307e-09	0.240898
1.82314e-09	0.240237
1.82321e-09	0.239576
1.82328e-09	0.238915
1.82335e-09	0.238254
1.82342e-09	0.237593
1.8235e-09	0.236931
1.82357e-09	0.23627
1.82364e-09	0.235608
1.82371e-09	0.234946
1.82378e-09	0.234284
1.82385e-09	0.233622
1.82392e-09	0.23296
1.82399e-09	0.232298
1.82406e-09	0.231636
1.82413e-09	0.230973
1.8242e-09	0.230311
1.82427e-09	0.229648
1.82434e-09	0.228985
1.82442e-09	0.228322
1.82449e-09	0.227659
1.82456e-09	0.226996
1.82463e-09	0.226333
1.8247e-09	0.22567
1.82477e-09	0.225006
1.82484e-09	0.224343
1.82491e-09	0.223679
1.82498e-09	0.223016
1.82505e-09	0.222352
1.82512e-09	0.221688
1.82519e-09	0.221024
1.82526e-09	0.22036
1.82533e-09	0.219696
1.82541e-09	0.219031
1.82548e-09	0.218367
1.82555e-09	0.217703
1.82562e-09	0.217038
1.82569e-09	0.216374
1.82576e-09	0.215709
1.82583e-09	0.215044
1.8259e-09	0.214379
1.82597e-09	0.213714
1.82604e-09	0.213049
1.82611e-09	0.212384
1.82618e-09	0.211719
1.82625e-09	0.211054
1.82632e-09	0.210388
1.8264e-09	0.209723
1.82647e-09	0.209058
1.82654e-09	0.208392
1.82661e-09	0.207727
1.82668e-09	0.207061
1.82675e-09	0.206395
1.82682e-09	0.205729
1.82689e-09	0.205064
1.82696e-09	0.204398
1.82703e-09	0.203732
1.8271e-09	0.203066
1.82717e-09	0.2024
1.82724e-09	0.201734
1.82731e-09	0.201067
1.82739e-09	0.200401
1.82746e-09	0.199735
1.82753e-09	0.199069
1.8276e-09	0.198402
1.82767e-09	0.197736
1.82774e-09	0.197069
1.82781e-09	0.196403
1.82788e-09	0.195736
1.82795e-09	0.19507
1.82802e-09	0.194403
1.82809e-09	0.193737
1.82816e-09	0.19307
1.82823e-09	0.192403
1.82831e-09	0.191736
1.82838e-09	0.19107
1.82845e-09	0.190403
1.82852e-09	0.189736
1.82859e-09	0.189069
1.82866e-09	0.188402
1.82873e-09	0.187735
1.8288e-09	0.187068
1.82887e-09	0.186401
1.82894e-09	0.185734
1.82901e-09	0.185067
1.82908e-09	0.1844
1.82915e-09	0.183733
1.82922e-09	0.183066
1.8293e-09	0.182399
1.82937e-09	0.181732
1.82944e-09	0.181064
1.82951e-09	0.180397
1.82958e-09	0.17973
1.82965e-09	0.179063
1.82972e-09	0.178396
1.82979e-09	0.177729
1.82986e-09	0.177061
1.82993e-09	0.176394
1.83e-09	0.175727
1.83007e-09	0.17506
1.83014e-09	0.174393
1.83021e-09	0.173725
1.83029e-09	0.173058
1.83036e-09	0.172391
1.83043e-09	0.171724
1.8305e-09	0.171057
1.83057e-09	0.170389
1.83064e-09	0.169722
1.83071e-09	0.169055
1.83078e-09	0.168388
1.83085e-09	0.167721
1.83092e-09	0.167054
1.83099e-09	0.166387
1.83106e-09	0.165719
1.83113e-09	0.165052
1.83121e-09	0.164385
1.83128e-09	0.163718
1.83135e-09	0.163051
1.83142e-09	0.162384
1.83149e-09	0.161717
1.83156e-09	0.16105
1.83163e-09	0.160384
1.8317e-09	0.159717
1.83177e-09	0.15905
1.83184e-09	0.158383
1.83191e-09	0.157716
1.83198e-09	0.157049
1.83205e-09	0.156383
1.83212e-09	0.155716
1.8322e-09	0.155049
1.83227e-09	0.154383
1.83234e-09	0.153716
1.83241e-09	0.15305
1.83248e-09	0.152383
1.83255e-09	0.151717
1.83262e-09	0.15105
1.83269e-09	0.150384
1.83276e-09	0.149718
1.83283e-09	0.149052
1.8329e-09	0.148385
1.83297e-09	0.147719
1.83304e-09	0.147053
1.83311e-09	0.146387
1.83319e-09	0.145721
1.83326e-09	0.145055
1.83333e-09	0.144389
1.8334e-09	0.143723
1.83347e-09	0.143058
1.83354e-09	0.142392
1.83361e-09	0.141726
1.83368e-09	0.141061
1.83375e-09	0.140395
1.83382e-09	0.13973
1.83389e-09	0.139065
1.83396e-09	0.138399
1.83403e-09	0.137734
1.8341e-09	0.137069
1.83418e-09	0.136404
1.83425e-09	0.135739
1.83432e-09	0.135074
1.83439e-09	0.134409
1.83446e-09	0.133744
1.83453e-09	0.13308
1.8346e-09	0.132415
1.83467e-09	0.131751
1.83474e-09	0.131086
1.83481e-09	0.130422
1.83488e-09	0.129757
1.83495e-09	0.129093
1.83502e-09	0.128429
1.8351e-09	0.127765
1.83517e-09	0.127101
1.83524e-09	0.126438
1.83531e-09	0.125774
1.83538e-09	0.12511
1.83545e-09	0.124447
1.83552e-09	0.123783
1.83559e-09	0.12312
1.83566e-09	0.122457
1.83573e-09	0.121793
1.8358e-09	0.12113
1.83587e-09	0.120468
1.83594e-09	0.119805
1.83601e-09	0.119142
1.83609e-09	0.118479
1.83616e-09	0.117817
1.83623e-09	0.117154
1.8363e-09	0.116492
1.83637e-09	0.11583
1.83644e-09	0.115168
1.83651e-09	0.114506
1.83658e-09	0.113844
1.83665e-09	0.113182
1.83672e-09	0.112521
1.83679e-09	0.111859
1.83686e-09	0.111198
1.83693e-09	0.110537
1.837e-09	0.109876
1.83708e-09	0.109215
1.83715e-09	0.108554
1.83722e-09	0.107893
1.83729e-09	0.107233
1.83736e-09	0.106572
1.83743e-09	0.105912
1.8375e-09	0.105252
1.83757e-09	0.104592
1.83764e-09	0.103932
1.83771e-09	0.103272
1.83778e-09	0.102612
1.83785e-09	0.101953
1.83792e-09	0.101293
1.83799e-09	0.100634
1.83807e-09	0.099975
1.83814e-09	0.099316
1.83821e-09	0.0986572
1.83828e-09	0.0979985
1.83835e-09	0.09734
1.83842e-09	0.0966816
1.83849e-09	0.0960234
1.83856e-09	0.0953654
1.83863e-09	0.0947074
1.8387e-09	0.0940497
1.83877e-09	0.0933921
1.83884e-09	0.0927346
1.83891e-09	0.0920773
1.83899e-09	0.0914202
1.83906e-09	0.0907632
1.83913e-09	0.0901064
1.8392e-09	0.0894497
1.83927e-09	0.0887932
1.83934e-09	0.0881369
1.83941e-09	0.0874807
1.83948e-09	0.0868247
1.83955e-09	0.0861689
1.83962e-09	0.0855132
1.83969e-09	0.0848578
1.83976e-09	0.0842024
1.83983e-09	0.0835473
1.8399e-09	0.0828923
1.83998e-09	0.0822375
1.84005e-09	0.0815829
1.84012e-09	0.0809284
1.84019e-09	0.0802742
1.84026e-09	0.0796201
1.84033e-09	0.0789662
1.8404e-09	0.0783125
1.84047e-09	0.0776589
1.84054e-09	0.0770056
1.84061e-09	0.0763524
1.84068e-09	0.0756994
1.84075e-09	0.0750466
1.84082e-09	0.074394
1.84089e-09	0.0737416
1.84097e-09	0.0730894
1.84104e-09	0.0724373
1.84111e-09	0.0717855
1.84118e-09	0.0711339
1.84125e-09	0.0704824
1.84132e-09	0.0698312
1.84139e-09	0.0691801
1.84146e-09	0.0685293
1.84153e-09	0.0678786
1.8416e-09	0.0672282
1.84167e-09	0.0665779
1.84174e-09	0.0659279
1.84181e-09	0.0652781
1.84189e-09	0.0646284
1.84196e-09	0.063979
1.84203e-09	0.0633298
1.8421e-09	0.0626808
1.84217e-09	0.062032
1.84224e-09	0.0613834
1.84231e-09	0.0607351
1.84238e-09	0.0600869
1.84245e-09	0.059439
1.84252e-09	0.0587913
1.84259e-09	0.0581438
1.84266e-09	0.0574965
1.84273e-09	0.0568495
1.8428e-09	0.0562027
1.84288e-09	0.0555561
1.84295e-09	0.0549097
1.84302e-09	0.0542635
1.84309e-09	0.0536176
1.84316e-09	0.0529719
1.84323e-09	0.0523264
1.8433e-09	0.0516812
1.84337e-09	0.0510362
1.84344e-09	0.0503914
1.84351e-09	0.0497469
1.84358e-09	0.0491026
1.84365e-09	0.0484585
1.84372e-09	0.0478147
1.84379e-09	0.0471711
1.84387e-09	0.0465277
1.84394e-09	0.0458846
1.84401e-09	0.0452417
1.84408e-09	0.0445991
1.84415e-09	0.0439567
1.84422e-09	0.0433146
1.84429e-09	0.0426727
1.84436e-09	0.042031
1.84443e-09	0.0413896
1.8445e-09	0.0407485
1.84457e-09	0.0401076
1.84464e-09	0.0394669
1.84471e-09	0.0388265
1.84478e-09	0.0381864
1.84486e-09	0.0375465
1.84493e-09	0.0369069
1.845e-09	0.0362675
1.84507e-09	0.0356284
1.84514e-09	0.0349896
1.84521e-09	0.034351
1.84528e-09	0.0337127
1.84535e-09	0.0330746
1.84542e-09	0.0324368
1.84549e-09	0.0317993
1.84556e-09	0.031162
1.84563e-09	0.030525
1.8457e-09	0.0298883
1.84578e-09	0.0292518
1.84585e-09	0.0286156
1.84592e-09	0.0279797
1.84599e-09	0.0273441
1.84606e-09	0.0267087
1.84613e-09	0.0260736
1.8462e-09	0.0254388
1.84627e-09	0.0248043
1.84634e-09	0.02417
1.84641e-09	0.023536
1.84648e-09	0.0229023
1.84655e-09	0.0222689
1.84662e-09	0.0216358
1.84669e-09	0.021003
1.84677e-09	0.0203704
1.84684e-09	0.0197381
1.84691e-09	0.0191061
1.84698e-09	0.0184744
1.84705e-09	0.017843
1.84712e-09	0.0172119
1.84719e-09	0.0165811
1.84726e-09	0.0159506
1.84733e-09	0.0153203
1.8474e-09	0.0146904
1.84747e-09	0.0140608
1.84754e-09	0.0134314
1.84761e-09	0.0128024
1.84768e-09	0.0121736
1.84776e-09	0.0115452
1.84783e-09	0.010917
1.8479e-09	0.0102892
1.84797e-09	0.00966165
1.84804e-09	0.00903442
1.84811e-09	0.0084075
1.84818e-09	0.00778088
1.84825e-09	0.00715458
1.84832e-09	0.00652858
1.84839e-09	0.00590289
1.84846e-09	0.00527751
1.84853e-09	0.00465245
1.8486e-09	0.0040277
1.84868e-09	0.00340327
1.84875e-09	0.00277915
1.84882e-09	0.00215535
1.84889e-09	0.00153187
1.84896e-09	0.000908704
1.84903e-09	0.000285862
1.8491e-09	-0.00033666
1.84917e-09	-0.000958859
1.84924e-09	-0.00158073
1.84931e-09	-0.00220228
1.84938e-09	-0.00282351
1.84945e-09	-0.00344441
1.84952e-09	-0.00406498
1.84959e-09	-0.00468522
1.84967e-09	-0.00530513
1.84974e-09	-0.00592471
1.84981e-09	-0.00654396
1.84988e-09	-0.00716288
1.84995e-09	-0.00778146
1.85002e-09	-0.00839971
1.85009e-09	-0.00901762
1.85016e-09	-0.00963519
1.85023e-09	-0.0102524
1.8503e-09	-0.0108693
1.85037e-09	-0.0114859
1.85044e-09	-0.0121021
1.85051e-09	-0.012718
1.85058e-09	-0.0133335
1.85066e-09	-0.0139487
1.85073e-09	-0.0145635
1.8508e-09	-0.015178
1.85087e-09	-0.0157921
1.85094e-09	-0.0164059
1.85101e-09	-0.0170194
1.85108e-09	-0.0176325
1.85115e-09	-0.0182452
1.85122e-09	-0.0188576
1.85129e-09	-0.0194696
1.85136e-09	-0.0200813
1.85143e-09	-0.0206927
1.8515e-09	-0.0213036
1.85157e-09	-0.0219142
1.85165e-09	-0.0225245
1.85172e-09	-0.0231344
1.85179e-09	-0.0237439
1.85186e-09	-0.0243531
1.85193e-09	-0.0249619
1.852e-09	-0.0255703
1.85207e-09	-0.0261784
1.85214e-09	-0.0267861
1.85221e-09	-0.0273935
1.85228e-09	-0.0280004
1.85235e-09	-0.028607
1.85242e-09	-0.0292133
1.85249e-09	-0.0298191
1.85257e-09	-0.0304246
1.85264e-09	-0.0310297
1.85271e-09	-0.0316345
1.85278e-09	-0.0322389
1.85285e-09	-0.0328429
1.85292e-09	-0.0334465
1.85299e-09	-0.0340497
1.85306e-09	-0.0346526
1.85313e-09	-0.0352551
1.8532e-09	-0.0358572
1.85327e-09	-0.0364589
1.85334e-09	-0.0370602
1.85341e-09	-0.0376612
1.85348e-09	-0.0382617
1.85356e-09	-0.0388619
1.85363e-09	-0.0394617
1.8537e-09	-0.0400611
1.85377e-09	-0.0406601
1.85384e-09	-0.0412587
1.85391e-09	-0.041857
1.85398e-09	-0.0424548
1.85405e-09	-0.0430523
1.85412e-09	-0.0436493
1.85419e-09	-0.044246
1.85426e-09	-0.0448422
1.85433e-09	-0.0454381
1.8544e-09	-0.0460336
1.85447e-09	-0.0466286
1.85455e-09	-0.0472233
1.85462e-09	-0.0478176
1.85469e-09	-0.0484114
1.85476e-09	-0.0490049
1.85483e-09	-0.049598
1.8549e-09	-0.0501906
1.85497e-09	-0.0507829
1.85504e-09	-0.0513747
1.85511e-09	-0.0519662
1.85518e-09	-0.0525572
1.85525e-09	-0.0531478
1.85532e-09	-0.053738
1.85539e-09	-0.0543278
1.85547e-09	-0.0549172
1.85554e-09	-0.0555062
1.85561e-09	-0.0560948
1.85568e-09	-0.0566829
1.85575e-09	-0.0572706
1.85582e-09	-0.0578579
1.85589e-09	-0.0584448
1.85596e-09	-0.0590313
1.85603e-09	-0.0596174
1.8561e-09	-0.060203
1.85617e-09	-0.0607882
1.85624e-09	-0.061373
1.85631e-09	-0.0619574
1.85638e-09	-0.0625413
1.85646e-09	-0.0631248
1.85653e-09	-0.0637079
1.8566e-09	-0.0642906
1.85667e-09	-0.0648728
1.85674e-09	-0.0654546
1.85681e-09	-0.066036
1.85688e-09	-0.066617
1.85695e-09	-0.0671975
1.85702e-09	-0.0677775
1.85709e-09	-0.0683572
1.85716e-09	-0.0689364
1.85723e-09	-0.0695152
1.8573e-09	-0.0700935
1.85737e-09	-0.0706714
1.85745e-09	-0.0712489
1.85752e-09	-0.0718259
1.85759e-09	-0.0724025
1.85766e-09	-0.0729786
1.85773e-09	-0.0735543
1.8578e-09	-0.0741296
1.85787e-09	-0.0747044
1.85794e-09	-0.0752788
1.85801e-09	-0.0758527
1.85808e-09	-0.0764262
1.85815e-09	-0.0769992
1.85822e-09	-0.0775718
1.85829e-09	-0.0781439
1.85836e-09	-0.0787156
1.85844e-09	-0.0792869
1.85851e-09	-0.0798576
1.85858e-09	-0.080428
1.85865e-09	-0.0809978
1.85872e-09	-0.0815673
1.85879e-09	-0.0821362
1.85886e-09	-0.0827047
1.85893e-09	-0.0832728
1.859e-09	-0.0838404
1.85907e-09	-0.0844075
1.85914e-09	-0.0849742
1.85921e-09	-0.0855404
1.85928e-09	-0.0861062
1.85936e-09	-0.0866715
1.85943e-09	-0.0872363
1.8595e-09	-0.0878006
1.85957e-09	-0.0883645
1.85964e-09	-0.088928
1.85971e-09	-0.0894909
1.85978e-09	-0.0900534
1.85985e-09	-0.0906155
1.85992e-09	-0.091177
1.85999e-09	-0.0917381
1.86006e-09	-0.0922987
1.86013e-09	-0.0928589
1.8602e-09	-0.0934185
1.86027e-09	-0.0939777
1.86035e-09	-0.0945365
1.86042e-09	-0.0950947
1.86049e-09	-0.0956525
1.86056e-09	-0.0962098
1.86063e-09	-0.0967666
1.8607e-09	-0.0973229
1.86077e-09	-0.0978788
1.86084e-09	-0.0984342
1.86091e-09	-0.0989891
1.86098e-09	-0.0995435
1.86105e-09	-0.100097
1.86112e-09	-0.100651
1.86119e-09	-0.101204
1.86126e-09	-0.101756
1.86134e-09	-0.102308
1.86141e-09	-0.10286
1.86148e-09	-0.103411
1.86155e-09	-0.103961
1.86162e-09	-0.104511
1.86169e-09	-0.105061
1.86176e-09	-0.10561
1.86183e-09	-0.106159
1.8619e-09	-0.106707
1.86197e-09	-0.107254
1.86204e-09	-0.107801
1.86211e-09	-0.108348
1.86218e-09	-0.108894
1.86225e-09	-0.10944
1.86233e-09	-0.109985
1.8624e-09	-0.110529
1.86247e-09	-0.111073
1.86254e-09	-0.111617
1.86261e-09	-0.11216
1.86268e-09	-0.112703
1.86275e-09	-0.113245
1.86282e-09	-0.113786
1.86289e-09	-0.114327
1.86296e-09	-0.114868
1.86303e-09	-0.115408
1.8631e-09	-0.115948
1.86317e-09	-0.116487
1.86325e-09	-0.117025
1.86332e-09	-0.117563
1.86339e-09	-0.118101
1.86346e-09	-0.118638
1.86353e-09	-0.119174
1.8636e-09	-0.11971
1.86367e-09	-0.120246
1.86374e-09	-0.120781
1.86381e-09	-0.121315
1.86388e-09	-0.121849
1.86395e-09	-0.122382
1.86402e-09	-0.122915
1.86409e-09	-0.123448
1.86416e-09	-0.12398
1.86424e-09	-0.124511
1.86431e-09	-0.125042
1.86438e-09	-0.125572
1.86445e-09	-0.126102
1.86452e-09	-0.126631
1.86459e-09	-0.12716
1.86466e-09	-0.127688
1.86473e-09	-0.128216
1.8648e-09	-0.128743
1.86487e-09	-0.129269
1.86494e-09	-0.129796
1.86501e-09	-0.130321
1.86508e-09	-0.130846
1.86515e-09	-0.131371
1.86523e-09	-0.131895
1.8653e-09	-0.132418
1.86537e-09	-0.132941
1.86544e-09	-0.133464
1.86551e-09	-0.133985
1.86558e-09	-0.134507
1.86565e-09	-0.135027
1.86572e-09	-0.135548
1.86579e-09	-0.136067
1.86586e-09	-0.136587
1.86593e-09	-0.137105
1.866e-09	-0.137623
1.86607e-09	-0.138141
1.86615e-09	-0.138658
1.86622e-09	-0.139174
1.86629e-09	-0.13969
1.86636e-09	-0.140206
1.86643e-09	-0.140721
1.8665e-09	-0.141235
1.86657e-09	-0.141749
1.86664e-09	-0.142262
1.86671e-09	-0.142775
1.86678e-09	-0.143287
1.86685e-09	-0.143798
1.86692e-09	-0.144309
1.86699e-09	-0.14482
1.86706e-09	-0.14533
1.86714e-09	-0.145839
1.86721e-09	-0.146348
1.86728e-09	-0.146856
1.86735e-09	-0.147364
1.86742e-09	-0.147871
1.86749e-09	-0.148378
1.86756e-09	-0.148884
1.86763e-09	-0.149389
1.8677e-09	-0.149894
1.86777e-09	-0.150399
1.86784e-09	-0.150903
1.86791e-09	-0.151406
1.86798e-09	-0.151909
1.86805e-09	-0.152411
1.86813e-09	-0.152912
1.8682e-09	-0.153414
1.86827e-09	-0.153914
1.86834e-09	-0.154414
1.86841e-09	-0.154913
1.86848e-09	-0.155412
1.86855e-09	-0.15591
1.86862e-09	-0.156408
1.86869e-09	-0.156905
1.86876e-09	-0.157402
1.86883e-09	-0.157898
1.8689e-09	-0.158393
1.86897e-09	-0.158888
1.86904e-09	-0.159382
1.86912e-09	-0.159876
1.86919e-09	-0.160369
1.86926e-09	-0.160862
1.86933e-09	-0.161354
1.8694e-09	-0.161845
1.86947e-09	-0.162336
1.86954e-09	-0.162826
1.86961e-09	-0.163316
1.86968e-09	-0.163805
1.86975e-09	-0.164293
1.86982e-09	-0.164781
1.86989e-09	-0.165269
1.86996e-09	-0.165756
1.87004e-09	-0.166242
1.87011e-09	-0.166727
1.87018e-09	-0.167213
1.87025e-09	-0.167697
1.87032e-09	-0.168181
1.87039e-09	-0.168664
1.87046e-09	-0.169147
1.87053e-09	-0.169629
1.8706e-09	-0.170111
1.87067e-09	-0.170592
1.87074e-09	-0.171072
1.87081e-09	-0.171552
1.87088e-09	-0.172031
1.87095e-09	-0.17251
1.87103e-09	-0.172988
1.8711e-09	-0.173465
1.87117e-09	-0.173942
1.87124e-09	-0.174419
1.87131e-09	-0.174894
1.87138e-09	-0.175369
1.87145e-09	-0.175844
1.87152e-09	-0.176318
1.87159e-09	-0.176791
1.87166e-09	-0.177264
1.87173e-09	-0.177736
1.8718e-09	-0.178208
1.87187e-09	-0.178679
1.87194e-09	-0.179149
1.87202e-09	-0.179619
1.87209e-09	-0.180088
1.87216e-09	-0.180557
1.87223e-09	-0.181025
1.8723e-09	-0.181492
1.87237e-09	-0.181959
1.87244e-09	-0.182425
1.87251e-09	-0.182891
1.87258e-09	-0.183356
1.87265e-09	-0.18382
1.87272e-09	-0.184284
1.87279e-09	-0.184747
1.87286e-09	-0.18521
1.87294e-09	-0.185672
1.87301e-09	-0.186133
1.87308e-09	-0.186594
1.87315e-09	-0.187054
1.87322e-09	-0.187513
1.87329e-09	-0.187972
1.87336e-09	-0.188431
1.87343e-09	-0.188888
1.8735e-09	-0.189346
1.87357e-09	-0.189802
1.87364e-09	-0.190258
1.87371e-09	-0.190713
1.87378e-09	-0.191168
1.87385e-09	-0.191622
1.87393e-09	-0.192075
1.874e-09	-0.192528
1.87407e-09	-0.192981
1.87414e-09	-0.193432
1.87421e-09	-0.193883
1.87428e-09	-0.194334
1.87435e-09	-0.194783
1.87442e-09	-0.195232
1.87449e-09	-0.195681
1.87456e-09	-0.196129
1.87463e-09	-0.196576
1.8747e-09	-0.197023
1.87477e-09	-0.197469
1.87484e-09	-0.197914
1.87492e-09	-0.198359
1.87499e-09	-0.198804
1.87506e-09	-0.199247
1.87513e-09	-0.19969
1.8752e-09	-0.200132
1.87527e-09	-0.200574
1.87534e-09	-0.201015
1.87541e-09	-0.201456
1.87548e-09	-0.201896
1.87555e-09	-0.202335
1.87562e-09	-0.202773
1.87569e-09	-0.203211
1.87576e-09	-0.203649
1.87583e-09	-0.204085
1.87591e-09	-0.204522
1.87598e-09	-0.204957
1.87605e-09	-0.205392
1.87612e-09	-0.205826
1.87619e-09	-0.20626
1.87626e-09	-0.206693
1.87633e-09	-0.207125
1.8764e-09	-0.207557
1.87647e-09	-0.207988
1.87654e-09	-0.208418
1.87661e-09	-0.208848
1.87668e-09	-0.209277
1.87675e-09	-0.209706
1.87683e-09	-0.210134
1.8769e-09	-0.210561
1.87697e-09	-0.210987
1.87704e-09	-0.211413
1.87711e-09	-0.211839
1.87718e-09	-0.212264
1.87725e-09	-0.212688
1.87732e-09	-0.213111
1.87739e-09	-0.213534
1.87746e-09	-0.213956
1.87753e-09	-0.214378
1.8776e-09	-0.214798
1.87767e-09	-0.215219
1.87774e-09	-0.215638
1.87782e-09	-0.216057
1.87789e-09	-0.216476
1.87796e-09	-0.216893
1.87803e-09	-0.21731
1.8781e-09	-0.217727
1.87817e-09	-0.218142
1.87824e-09	-0.218558
1.87831e-09	-0.218972
1.87838e-09	-0.219386
1.87845e-09	-0.219799
1.87852e-09	-0.220212
1.87859e-09	-0.220623
1.87866e-09	-0.221035
1.87873e-09	-0.221445
1.87881e-09	-0.221855
1.87888e-09	-0.222265
1.87895e-09	-0.222673
1.87902e-09	-0.223081
1.87909e-09	-0.223489
1.87916e-09	-0.223895
1.87923e-09	-0.224301
1.8793e-09	-0.224707
1.87937e-09	-0.225111
1.87944e-09	-0.225516
1.87951e-09	-0.225919
1.87958e-09	-0.226322
1.87965e-09	-0.226724
1.87972e-09	-0.227125
1.8798e-09	-0.227526
1.87987e-09	-0.227926
1.87994e-09	-0.228326
1.88001e-09	-0.228725
1.88008e-09	-0.229123
1.88015e-09	-0.229521
1.88022e-09	-0.229917
1.88029e-09	-0.230314
1.88036e-09	-0.230709
1.88043e-09	-0.231104
1.8805e-09	-0.231499
1.88057e-09	-0.231892
1.88064e-09	-0.232285
1.88072e-09	-0.232677
1.88079e-09	-0.233069
1.88086e-09	-0.23346
1.88093e-09	-0.23385
1.881e-09	-0.23424
1.88107e-09	-0.234629
1.88114e-09	-0.235017
1.88121e-09	-0.235405
1.88128e-09	-0.235792
1.88135e-09	-0.236178
1.88142e-09	-0.236564
1.88149e-09	-0.236949
1.88156e-09	-0.237333
1.88163e-09	-0.237717
1.88171e-09	-0.2381
1.88178e-09	-0.238482
1.88185e-09	-0.238864
1.88192e-09	-0.239245
1.88199e-09	-0.239625
1.88206e-09	-0.240005
1.88213e-09	-0.240384
1.8822e-09	-0.240762
1.88227e-09	-0.24114
1.88234e-09	-0.241517
1.88241e-09	-0.241894
1.88248e-09	-0.242269
1.88255e-09	-0.242644
1.88262e-09	-0.243019
1.8827e-09	-0.243392
1.88277e-09	-0.243765
1.88284e-09	-0.244137
1.88291e-09	-0.244509
1.88298e-09	-0.24488
1.88305e-09	-0.24525
1.88312e-09	-0.24562
1.88319e-09	-0.245989
1.88326e-09	-0.246357
1.88333e-09	-0.246725
1.8834e-09	-0.247092
1.88347e-09	-0.247458
1.88354e-09	-0.247824
1.88362e-09	-0.248189
1.88369e-09	-0.248553
1.88376e-09	-0.248916
1.88383e-09	-0.249279
1.8839e-09	-0.249642
1.88397e-09	-0.250003
1.88404e-09	-0.250364
1.88411e-09	-0.250724
1.88418e-09	-0.251084
1.88425e-09	-0.251442
1.88432e-09	-0.251801
1.88439e-09	-0.252158
1.88446e-09	-0.252515
1.88453e-09	-0.252871
1.88461e-09	-0.253226
1.88468e-09	-0.253581
1.88475e-09	-0.253935
1.88482e-09	-0.254288
1.88489e-09	-0.254641
1.88496e-09	-0.254993
1.88503e-09	-0.255345
1.8851e-09	-0.255695
1.88517e-09	-0.256045
1.88524e-09	-0.256394
1.88531e-09	-0.256743
1.88538e-09	-0.257091
1.88545e-09	-0.257438
1.88552e-09	-0.257785
1.8856e-09	-0.258131
1.88567e-09	-0.258476
1.88574e-09	-0.25882
1.88581e-09	-0.259164
1.88588e-09	-0.259507
1.88595e-09	-0.25985
1.88602e-09	-0.260191
1.88609e-09	-0.260533
1.88616e-09	-0.260873
1.88623e-09	-0.261213
1.8863e-09	-0.261552
1.88637e-09	-0.26189
1.88644e-09	-0.262228
1.88651e-09	-0.262564
1.88659e-09	-0.262901
1.88666e-09	-0.263236
1.88673e-09	-0.263571
1.8868e-09	-0.263905
1.88687e-09	-0.264239
1.88694e-09	-0.264572
1.88701e-09	-0.264904
1.88708e-09	-0.265235
1.88715e-09	-0.265566
1.88722e-09	-0.265896
1.88729e-09	-0.266225
1.88736e-09	-0.266554
1.88743e-09	-0.266882
1.88751e-09	-0.267209
1.88758e-09	-0.267536
1.88765e-09	-0.267862
1.88772e-09	-0.268187
1.88779e-09	-0.268511
1.88786e-09	-0.268835
1.88793e-09	-0.269158
1.888e-09	-0.269481
1.88807e-09	-0.269802
1.88814e-09	-0.270123
1.88821e-09	-0.270444
1.88828e-09	-0.270763
1.88835e-09	-0.271082
1.88842e-09	-0.271401
1.8885e-09	-0.271718
1.88857e-09	-0.272035
1.88864e-09	-0.272351
1.88871e-09	-0.272667
1.88878e-09	-0.272981
1.88885e-09	-0.273295
1.88892e-09	-0.273609
1.88899e-09	-0.273922
1.88906e-09	-0.274233
1.88913e-09	-0.274545
1.8892e-09	-0.274855
1.88927e-09	-0.275165
1.88934e-09	-0.275474
1.88941e-09	-0.275783
1.88949e-09	-0.276091
1.88956e-09	-0.276398
1.88963e-09	-0.276704
1.8897e-09	-0.27701
1.88977e-09	-0.277315
1.88984e-09	-0.277619
1.88991e-09	-0.277923
1.88998e-09	-0.278226
1.89005e-09	-0.278528
1.89012e-09	-0.278829
1.89019e-09	-0.27913
1.89026e-09	-0.27943
1.89033e-09	-0.279729
1.89041e-09	-0.280028
1.89048e-09	-0.280326
1.89055e-09	-0.280623
1.89062e-09	-0.28092
1.89069e-09	-0.281216
1.89076e-09	-0.281511
1.89083e-09	-0.281805
1.8909e-09	-0.282099
1.89097e-09	-0.282392
1.89104e-09	-0.282685
1.89111e-09	-0.282976
1.89118e-09	-0.283267
1.89125e-09	-0.283557
1.89132e-09	-0.283847
1.8914e-09	-0.284136
1.89147e-09	-0.284424
1.89154e-09	-0.284711
1.89161e-09	-0.284998
1.89168e-09	-0.285284
1.89175e-09	-0.285569
1.89182e-09	-0.285854
1.89189e-09	-0.286138
1.89196e-09	-0.286421
1.89203e-09	-0.286703
1.8921e-09	-0.286985
1.89217e-09	-0.287266
1.89224e-09	-0.287547
1.89231e-09	-0.287826
1.89239e-09	-0.288105
1.89246e-09	-0.288383
1.89253e-09	-0.288661
1.8926e-09	-0.288938
1.89267e-09	-0.289214
1.89274e-09	-0.289489
1.89281e-09	-0.289764
1.89288e-09	-0.290038
1.89295e-09	-0.290311
1.89302e-09	-0.290584
1.89309e-09	-0.290856
1.89316e-09	-0.291127
1.89323e-09	-0.291397
1.8933e-09	-0.291667
1.89338e-09	-0.291936
1.89345e-09	-0.292204
1.89352e-09	-0.292472
1.89359e-09	-0.292739
1.89366e-09	-0.293005
1.89373e-09	-0.293271
1.8938e-09	-0.293535
1.89387e-09	-0.293799
1.89394e-09	-0.294063
1.89401e-09	-0.294325
1.89408e-09	-0.294587
1.89415e-09	-0.294849
1.89422e-09	-0.295109
1.8943e-09	-0.295369
1.89437e-09	-0.295628
1.89444e-09	-0.295886
1.89451e-09	-0.296144
1.89458e-09	-0.296401
1.89465e-09	-0.296657
1.89472e-09	-0.296913
1.89479e-09	-0.297168
1.89486e-09	-0.297422
1.89493e-09	-0.297675
1.895e-09	-0.297928
1.89507e-09	-0.29818
1.89514e-09	-0.298431
1.89521e-09	-0.298681
1.89529e-09	-0.298931
1.89536e-09	-0.29918
1.89543e-09	-0.299429
1.8955e-09	-0.299677
1.89557e-09	-0.299923
1.89564e-09	-0.30017
1.89571e-09	-0.300415
1.89578e-09	-0.30066
1.89585e-09	-0.300904
1.89592e-09	-0.301148
1.89599e-09	-0.30139
1.89606e-09	-0.301632
1.89613e-09	-0.301874
1.8962e-09	-0.302114
1.89628e-09	-0.302354
1.89635e-09	-0.302593
1.89642e-09	-0.302832
1.89649e-09	-0.303069
1.89656e-09	-0.303306
1.89663e-09	-0.303543
1.8967e-09	-0.303778
1.89677e-09	-0.304013
1.89684e-09	-0.304247
1.89691e-09	-0.304481
1.89698e-09	-0.304713
1.89705e-09	-0.304945
1.89712e-09	-0.305177
1.8972e-09	-0.305407
1.89727e-09	-0.305637
1.89734e-09	-0.305866
1.89741e-09	-0.306095
1.89748e-09	-0.306322
1.89755e-09	-0.306549
1.89762e-09	-0.306776
1.89769e-09	-0.307001
1.89776e-09	-0.307226
1.89783e-09	-0.30745
1.8979e-09	-0.307674
1.89797e-09	-0.307896
1.89804e-09	-0.308118
1.89811e-09	-0.30834
1.89819e-09	-0.30856
1.89826e-09	-0.30878
1.89833e-09	-0.308999
1.8984e-09	-0.309217
1.89847e-09	-0.309435
1.89854e-09	-0.309652
1.89861e-09	-0.309868
1.89868e-09	-0.310084
1.89875e-09	-0.310299
1.89882e-09	-0.310513
1.89889e-09	-0.310726
1.89896e-09	-0.310939
1.89903e-09	-0.311151
1.8991e-09	-0.311362
1.89918e-09	-0.311573
1.89925e-09	-0.311783
1.89932e-09	-0.311992
1.89939e-09	-0.3122
1.89946e-09	-0.312408
1.89953e-09	-0.312615
1.8996e-09	-0.312821
1.89967e-09	-0.313027
1.89974e-09	-0.313231
1.89981e-09	-0.313436
1.89988e-09	-0.313639
1.89995e-09	-0.313842
1.90002e-09	-0.314044
1.90009e-09	-0.314245
1.90017e-09	-0.314445
1.90024e-09	-0.314645
1.90031e-09	-0.314844
1.90038e-09	-0.315043
1.90045e-09	-0.31524
1.90052e-09	-0.315437
1.90059e-09	-0.315634
1.90066e-09	-0.315829
1.90073e-09	-0.316024
1.9008e-09	-0.316218
1.90087e-09	-0.316411
1.90094e-09	-0.316604
1.90101e-09	-0.316796
1.90109e-09	-0.316987
1.90116e-09	-0.317178
1.90123e-09	-0.317368
1.9013e-09	-0.317557
1.90137e-09	-0.317745
1.90144e-09	-0.317933
1.90151e-09	-0.31812
1.90158e-09	-0.318306
1.90165e-09	-0.318491
1.90172e-09	-0.318676
1.90179e-09	-0.31886
1.90186e-09	-0.319044
1.90193e-09	-0.319226
1.902e-09	-0.319408
1.90208e-09	-0.319589
1.90215e-09	-0.31977
1.90222e-09	-0.31995
1.90229e-09	-0.320129
1.90236e-09	-0.320307
1.90243e-09	-0.320485
1.9025e-09	-0.320662
1.90257e-09	-0.320838
1.90264e-09	-0.321014
1.90271e-09	-0.321188
1.90278e-09	-0.321362
1.90285e-09	-0.321536
1.90292e-09	-0.321708
1.90299e-09	-0.32188
1.90307e-09	-0.322052
1.90314e-09	-0.322222
1.90321e-09	-0.322392
1.90328e-09	-0.322561
1.90335e-09	-0.322729
1.90342e-09	-0.322897
1.90349e-09	-0.323064
1.90356e-09	-0.32323
1.90363e-09	-0.323396
1.9037e-09	-0.32356
1.90377e-09	-0.323725
1.90384e-09	-0.323888
1.90391e-09	-0.324051
1.90398e-09	-0.324213
1.90406e-09	-0.324374
1.90413e-09	-0.324534
1.9042e-09	-0.324694
1.90427e-09	-0.324853
1.90434e-09	-0.325012
1.90441e-09	-0.325169
1.90448e-09	-0.325326
1.90455e-09	-0.325483
1.90462e-09	-0.325638
1.90469e-09	-0.325793
1.90476e-09	-0.325947
1.90483e-09	-0.3261
1.9049e-09	-0.326253
1.90498e-09	-0.326405
1.90505e-09	-0.326556
1.90512e-09	-0.326707
1.90519e-09	-0.326857
1.90526e-09	-0.327006
1.90533e-09	-0.327154
1.9054e-09	-0.327302
1.90547e-09	-0.327449
1.90554e-09	-0.327595
1.90561e-09	-0.327741
1.90568e-09	-0.327886
1.90575e-09	-0.32803
1.90582e-09	-0.328173
1.90589e-09	-0.328316
1.90597e-09	-0.328458
1.90604e-09	-0.328599
1.90611e-09	-0.32874
1.90618e-09	-0.32888
1.90625e-09	-0.329019
1.90632e-09	-0.329158
1.90639e-09	-0.329295
1.90646e-09	-0.329432
1.90653e-09	-0.329569
1.9066e-09	-0.329704
1.90667e-09	-0.329839
1.90674e-09	-0.329974
1.90681e-09	-0.330107
1.90688e-09	-0.33024
1.90696e-09	-0.330372
1.90703e-09	-0.330503
1.9071e-09	-0.330634
1.90717e-09	-0.330764
1.90724e-09	-0.330893
1.90731e-09	-0.331022
1.90738e-09	-0.33115
1.90745e-09	-0.331277
1.90752e-09	-0.331403
1.90759e-09	-0.331529
1.90766e-09	-0.331654
1.90773e-09	-0.331778
1.9078e-09	-0.331902
1.90788e-09	-0.332025
1.90795e-09	-0.332147
1.90802e-09	-0.332269
1.90809e-09	-0.33239
1.90816e-09	-0.33251
1.90823e-09	-0.332629
1.9083e-09	-0.332748
1.90837e-09	-0.332866
1.90844e-09	-0.332983
1.90851e-09	-0.333099
1.90858e-09	-0.333215
1.90865e-09	-0.33333
1.90872e-09	-0.333445
1.90879e-09	-0.333559
1.90887e-09	-0.333672
1.90894e-09	-0.333784
1.90901e-09	-0.333896
1.90908e-09	-0.334007
1.90915e-09	-0.334117
1.90922e-09	-0.334226
1.90929e-09	-0.334335
1.90936e-09	-0.334443
1.90943e-09	-0.334551
1.9095e-09	-0.334657
1.90957e-09	-0.334763
1.90964e-09	-0.334869
1.90971e-09	-0.334973
1.90978e-09	-0.335077
1.90986e-09	-0.335181
1.90993e-09	-0.335283
1.91e-09	-0.335385
1.91007e-09	-0.335486
1.91014e-09	-0.335586
1.91021e-09	-0.335686
1.91028e-09	-0.335785
1.91035e-09	-0.335883
1.91042e-09	-0.335981
1.91049e-09	-0.336078
1.91056e-09	-0.336174
1.91063e-09	-0.33627
1.9107e-09	-0.336364
1.91077e-09	-0.336459
1.91085e-09	-0.336552
1.91092e-09	-0.336645
1.91099e-09	-0.336737
1.91106e-09	-0.336828
1.91113e-09	-0.336919
1.9112e-09	-0.337009
1.91127e-09	-0.337098
1.91134e-09	-0.337186
1.91141e-09	-0.337274
1.91148e-09	-0.337361
1.91155e-09	-0.337448
1.91162e-09	-0.337534
1.91169e-09	-0.337619
1.91177e-09	-0.337703
1.91184e-09	-0.337787
1.91191e-09	-0.33787
1.91198e-09	-0.337952
1.91205e-09	-0.338033
1.91212e-09	-0.338114
1.91219e-09	-0.338195
1.91226e-09	-0.338274
1.91233e-09	-0.338353
1.9124e-09	-0.338431
1.91247e-09	-0.338508
1.91254e-09	-0.338585
1.91261e-09	-0.338661
1.91268e-09	-0.338737
1.91276e-09	-0.338811
1.91283e-09	-0.338885
1.9129e-09	-0.338958
1.91297e-09	-0.339031
1.91304e-09	-0.339103
1.91311e-09	-0.339174
1.91318e-09	-0.339245
1.91325e-09	-0.339314
1.91332e-09	-0.339384
1.91339e-09	-0.339452
1.91346e-09	-0.33952
1.91353e-09	-0.339587
1.9136e-09	-0.339653
1.91367e-09	-0.339719
1.91375e-09	-0.339784
1.91382e-09	-0.339848
1.91389e-09	-0.339912
1.91396e-09	-0.339975
1.91403e-09	-0.340037
1.9141e-09	-0.340099
1.91417e-09	-0.340159
1.91424e-09	-0.34022
1.91431e-09	-0.340279
1.91438e-09	-0.340338
1.91445e-09	-0.340396
1.91452e-09	-0.340454
1.91459e-09	-0.34051
1.91467e-09	-0.340566
1.91474e-09	-0.340622
1.91481e-09	-0.340676
1.91488e-09	-0.340731
1.91495e-09	-0.340784
1.91502e-09	-0.340837
1.91509e-09	-0.340889
1.91516e-09	-0.34094
1.91523e-09	-0.34099
1.9153e-09	-0.34104
1.91537e-09	-0.34109
1.91544e-09	-0.341138
1.91551e-09	-0.341186
1.91558e-09	-0.341233
1.91566e-09	-0.34128
1.91573e-09	-0.341326
1.9158e-09	-0.341371
1.91587e-09	-0.341415
1.91594e-09	-0.341459
1.91601e-09	-0.341502
1.91608e-09	-0.341545
1.91615e-09	-0.341586
1.91622e-09	-0.341628
1.91629e-09	-0.341668
1.91636e-09	-0.341708
1.91643e-09	-0.341747
1.9165e-09	-0.341785
1.91657e-09	-0.341823
1.91665e-09	-0.34186
1.91672e-09	-0.341896
1.91679e-09	-0.341932
1.91686e-09	-0.341967
1.91693e-09	-0.342001
1.917e-09	-0.342035
1.91707e-09	-0.342068
1.91714e-09	-0.3421
1.91721e-09	-0.342132
1.91728e-09	-0.342163
1.91735e-09	-0.342193
1.91742e-09	-0.342223
1.91749e-09	-0.342252
1.91756e-09	-0.34228
1.91764e-09	-0.342308
1.91771e-09	-0.342335
1.91778e-09	-0.342361
1.91785e-09	-0.342386
1.91792e-09	-0.342411
1.91799e-09	-0.342436
1.91806e-09	-0.342459
1.91813e-09	-0.342482
1.9182e-09	-0.342504
1.91827e-09	-0.342526
1.91834e-09	-0.342547
1.91841e-09	-0.342567
1.91848e-09	-0.342587
1.91856e-09	-0.342606
1.91863e-09	-0.342624
1.9187e-09	-0.342642
1.91877e-09	-0.342658
1.91884e-09	-0.342675
1.91891e-09	-0.34269
1.91898e-09	-0.342705
1.91905e-09	-0.342719
1.91912e-09	-0.342733
1.91919e-09	-0.342746
1.91926e-09	-0.342758
1.91933e-09	-0.34277
1.9194e-09	-0.342781
1.91947e-09	-0.342791
1.91955e-09	-0.342801
1.91962e-09	-0.34281
1.91969e-09	-0.342818
1.91976e-09	-0.342826
1.91983e-09	-0.342833
1.9199e-09	-0.342839
1.91997e-09	-0.342844
1.92004e-09	-0.342849
1.92011e-09	-0.342854
1.92018e-09	-0.342858
1.92025e-09	-0.342861
1.92032e-09	-0.342863
1.92039e-09	-0.342865
1.92046e-09	-0.342866
1.92054e-09	-0.342866
1.92061e-09	-0.342866
1.92068e-09	-0.342865
1.92075e-09	-0.342863
1.92082e-09	-0.342861
1.92089e-09	-0.342858
1.92096e-09	-0.342855
1.92103e-09	-0.34285
1.9211e-09	-0.342846
1.92117e-09	-0.34284
1.92124e-09	-0.342834
1.92131e-09	-0.342827
1.92138e-09	-0.34282
1.92146e-09	-0.342812
1.92153e-09	-0.342803
1.9216e-09	-0.342793
1.92167e-09	-0.342783
1.92174e-09	-0.342773
1.92181e-09	-0.342761
1.92188e-09	-0.342749
1.92195e-09	-0.342737
1.92202e-09	-0.342723
1.92209e-09	-0.342709
1.92216e-09	-0.342695
1.92223e-09	-0.34268
1.9223e-09	-0.342664
1.92237e-09	-0.342647
1.92245e-09	-0.34263
1.92252e-09	-0.342612
1.92259e-09	-0.342594
1.92266e-09	-0.342575
1.92273e-09	-0.342555
1.9228e-09	-0.342534
1.92287e-09	-0.342513
1.92294e-09	-0.342492
1.92301e-09	-0.342469
1.92308e-09	-0.342446
1.92315e-09	-0.342423
1.92322e-09	-0.342399
1.92329e-09	-0.342374
1.92336e-09	-0.342348
1.92344e-09	-0.342322
1.92351e-09	-0.342295
1.92358e-09	-0.342268
1.92365e-09	-0.34224
1.92372e-09	-0.342211
1.92379e-09	-0.342182
1.92386e-09	-0.342152
1.92393e-09	-0.342121
1.924e-09	-0.34209
1.92407e-09	-0.342058
1.92414e-09	-0.342025
1.92421e-09	-0.341992
1.92428e-09	-0.341958
1.92435e-09	-0.341924
1.92443e-09	-0.341889
1.9245e-09	-0.341853
1.92457e-09	-0.341817
1.92464e-09	-0.34178
1.92471e-09	-0.341742
1.92478e-09	-0.341704
1.92485e-09	-0.341665
1.92492e-09	-0.341625
1.92499e-09	-0.341585
1.92506e-09	-0.341545
1.92513e-09	-0.341503
1.9252e-09	-0.341461
1.92527e-09	-0.341419
1.92535e-09	-0.341375
1.92542e-09	-0.341331
1.92549e-09	-0.341287
1.92556e-09	-0.341242
1.92563e-09	-0.341196
1.9257e-09	-0.34115
1.92577e-09	-0.341102
1.92584e-09	-0.341055
1.92591e-09	-0.341007
1.92598e-09	-0.340958
1.92605e-09	-0.340908
1.92612e-09	-0.340858
1.92619e-09	-0.340807
1.92626e-09	-0.340756
1.92634e-09	-0.340704
1.92641e-09	-0.340651
1.92648e-09	-0.340598
1.92655e-09	-0.340544
1.92662e-09	-0.34049
1.92669e-09	-0.340434
1.92676e-09	-0.340379
1.92683e-09	-0.340322
1.9269e-09	-0.340265
1.92697e-09	-0.340208
1.92704e-09	-0.34015
1.92711e-09	-0.340091
1.92718e-09	-0.340031
1.92725e-09	-0.339971
1.92733e-09	-0.339911
1.9274e-09	-0.33985
1.92747e-09	-0.339788
1.92754e-09	-0.339725
1.92761e-09	-0.339662
1.92768e-09	-0.339598
1.92775e-09	-0.339534
1.92782e-09	-0.339469
1.92789e-09	-0.339404
1.92796e-09	-0.339337
1.92803e-09	-0.339271
1.9281e-09	-0.339203
1.92817e-09	-0.339135
1.92824e-09	-0.339067
1.92832e-09	-0.338997
1.92839e-09	-0.338928
1.92846e-09	-0.338857
1.92853e-09	-0.338786
1.9286e-09	-0.338715
1.92867e-09	-0.338642
1.92874e-09	-0.33857
1.92881e-09	-0.338496
1.92888e-09	-0.338422
1.92895e-09	-0.338347
1.92902e-09	-0.338272
1.92909e-09	-0.338196
1.92916e-09	-0.33812
1.92924e-09	-0.338043
1.92931e-09	-0.337965
1.92938e-09	-0.337887
1.92945e-09	-0.337808
1.92952e-09	-0.337729
1.92959e-09	-0.337649
1.92966e-09	-0.337568
1.92973e-09	-0.337487
1.9298e-09	-0.337405
1.92987e-09	-0.337323
1.92994e-09	-0.33724
1.93001e-09	-0.337156
1.93008e-09	-0.337072
1.93015e-09	-0.336987
1.93023e-09	-0.336901
1.9303e-09	-0.336816
1.93037e-09	-0.336729
1.93044e-09	-0.336642
1.93051e-09	-0.336554
1.93058e-09	-0.336466
1.93065e-09	-0.336377
1.93072e-09	-0.336287
1.93079e-09	-0.336197
1.93086e-09	-0.336106
1.93093e-09	-0.336015
1.931e-09	-0.335923
1.93107e-09	-0.335831
1.93114e-09	-0.335738
1.93122e-09	-0.335644
1.93129e-09	-0.33555
1.93136e-09	-0.335455
1.93143e-09	-0.335359
1.9315e-09	-0.335263
1.93157e-09	-0.335167
1.93164e-09	-0.33507
1.93171e-09	-0.334972
1.93178e-09	-0.334874
1.93185e-09	-0.334775
1.93192e-09	-0.334675
1.93199e-09	-0.334575
1.93206e-09	-0.334475
1.93214e-09	-0.334373
1.93221e-09	-0.334272
1.93228e-09	-0.334169
1.93235e-09	-0.334066
1.93242e-09	-0.333963
1.93249e-09	-0.333859
1.93256e-09	-0.333754
1.93263e-09	-0.333649
1.9327e-09	-0.333543
1.93277e-09	-0.333436
1.93284e-09	-0.333329
1.93291e-09	-0.333222
1.93298e-09	-0.333114
1.93305e-09	-0.333005
1.93313e-09	-0.332896
1.9332e-09	-0.332786
1.93327e-09	-0.332676
1.93334e-09	-0.332565
1.93341e-09	-0.332453
1.93348e-09	-0.332341
1.93355e-09	-0.332228
1.93362e-09	-0.332115
1.93369e-09	-0.332001
1.93376e-09	-0.331887
1.93383e-09	-0.331772
1.9339e-09	-0.331656
1.93397e-09	-0.33154
1.93404e-09	-0.331424
1.93412e-09	-0.331307
1.93419e-09	-0.331189
1.93426e-09	-0.331071
1.93433e-09	-0.330952
1.9344e-09	-0.330832
1.93447e-09	-0.330712
1.93454e-09	-0.330592
1.93461e-09	-0.330471
1.93468e-09	-0.330349
1.93475e-09	-0.330227
1.93482e-09	-0.330104
1.93489e-09	-0.32998
1.93496e-09	-0.329857
1.93503e-09	-0.329732
1.93511e-09	-0.329607
1.93518e-09	-0.329482
1.93525e-09	-0.329355
1.93532e-09	-0.329229
1.93539e-09	-0.329102
1.93546e-09	-0.328974
1.93553e-09	-0.328845
1.9356e-09	-0.328716
1.93567e-09	-0.328587
1.93574e-09	-0.328457
1.93581e-09	-0.328327
1.93588e-09	-0.328195
1.93595e-09	-0.328064
1.93603e-09	-0.327932
1.9361e-09	-0.327799
1.93617e-09	-0.327666
1.93624e-09	-0.327532
1.93631e-09	-0.327398
1.93638e-09	-0.327263
1.93645e-09	-0.327127
1.93652e-09	-0.326991
1.93659e-09	-0.326855
1.93666e-09	-0.326718
1.93673e-09	-0.32658
1.9368e-09	-0.326442
1.93687e-09	-0.326303
1.93694e-09	-0.326164
1.93702e-09	-0.326024
1.93709e-09	-0.325884
1.93716e-09	-0.325743
1.93723e-09	-0.325602
1.9373e-09	-0.32546
1.93737e-09	-0.325317
1.93744e-09	-0.325174
1.93751e-09	-0.325031
1.93758e-09	-0.324887
1.93765e-09	-0.324742
1.93772e-09	-0.324597
1.93779e-09	-0.324451
1.93786e-09	-0.324305
1.93793e-09	-0.324158
1.93801e-09	-0.324011
1.93808e-09	-0.323863
1.93815e-09	-0.323715
1.93822e-09	-0.323566
1.93829e-09	-0.323417
1.93836e-09	-0.323267
1.93843e-09	-0.323117
1.9385e-09	-0.322966
1.93857e-09	-0.322814
1.93864e-09	-0.322662
1.93871e-09	-0.32251
1.93878e-09	-0.322357
1.93885e-09	-0.322203
1.93893e-09	-0.322049
1.939e-09	-0.321894
1.93907e-09	-0.321739
1.93914e-09	-0.321584
1.93921e-09	-0.321427
1.93928e-09	-0.321271
1.93935e-09	-0.321114
1.93942e-09	-0.320956
1.93949e-09	-0.320798
1.93956e-09	-0.320639
1.93963e-09	-0.32048
1.9397e-09	-0.32032
1.93977e-09	-0.320159
1.93984e-09	-0.319999
1.93992e-09	-0.319837
1.93999e-09	-0.319676
1.94006e-09	-0.319513
1.94013e-09	-0.31935
1.9402e-09	-0.319187
1.94027e-09	-0.319023
1.94034e-09	-0.318859
1.94041e-09	-0.318694
1.94048e-09	-0.318528
1.94055e-09	-0.318362
1.94062e-09	-0.318196
1.94069e-09	-0.318029
1.94076e-09	-0.317862
1.94083e-09	-0.317694
1.94091e-09	-0.317525
1.94098e-09	-0.317356
1.94105e-09	-0.317187
1.94112e-09	-0.317017
1.94119e-09	-0.316847
1.94126e-09	-0.316676
1.94133e-09	-0.316504
1.9414e-09	-0.316332
1.94147e-09	-0.31616
1.94154e-09	-0.315987
1.94161e-09	-0.315813
1.94168e-09	-0.315639
1.94175e-09	-0.315465
1.94182e-09	-0.31529
1.9419e-09	-0.315115
1.94197e-09	-0.314939
1.94204e-09	-0.314762
1.94211e-09	-0.314585
1.94218e-09	-0.314408
1.94225e-09	-0.31423
1.94232e-09	-0.314052
1.94239e-09	-0.313873
1.94246e-09	-0.313693
1.94253e-09	-0.313514
1.9426e-09	-0.313333
1.94267e-09	-0.313152
1.94274e-09	-0.312971
1.94282e-09	-0.312789
1.94289e-09	-0.312607
1.94296e-09	-0.312424
1.94303e-09	-0.312241
1.9431e-09	-0.312057
1.94317e-09	-0.311873
1.94324e-09	-0.311688
1.94331e-09	-0.311503
1.94338e-09	-0.311317
1.94345e-09	-0.311131
1.94352e-09	-0.310945
1.94359e-09	-0.310757
1.94366e-09	-0.31057
1.94373e-09	-0.310382
1.94381e-09	-0.310193
1.94388e-09	-0.310004
1.94395e-09	-0.309815
1.94402e-09	-0.309625
1.94409e-09	-0.309434
1.94416e-09	-0.309243
1.94423e-09	-0.309052
1.9443e-09	-0.30886
1.94437e-09	-0.308668
1.94444e-09	-0.308475
1.94451e-09	-0.308282
1.94458e-09	-0.308088
1.94465e-09	-0.307894
1.94472e-09	-0.307699
1.9448e-09	-0.307504
1.94487e-09	-0.307308
1.94494e-09	-0.307112
1.94501e-09	-0.306916
1.94508e-09	-0.306719
1.94515e-09	-0.306521
1.94522e-09	-0.306323
1.94529e-09	-0.306125
1.94536e-09	-0.305926
1.94543e-09	-0.305727
1.9455e-09	-0.305527
1.94557e-09	-0.305327
1.94564e-09	-0.305126
1.94572e-09	-0.304925
1.94579e-09	-0.304723
1.94586e-09	-0.304521
1.94593e-09	-0.304318
1.946e-09	-0.304116
1.94607e-09	-0.303912
1.94614e-09	-0.303708
1.94621e-09	-0.303504
1.94628e-09	-0.303299
1.94635e-09	-0.303094
1.94642e-09	-0.302888
1.94649e-09	-0.302682
1.94656e-09	-0.302475
1.94663e-09	-0.302268
1.94671e-09	-0.302061
1.94678e-09	-0.301853
1.94685e-09	-0.301644
1.94692e-09	-0.301435
1.94699e-09	-0.301226
1.94706e-09	-0.301016
1.94713e-09	-0.300806
1.9472e-09	-0.300595
1.94727e-09	-0.300384
1.94734e-09	-0.300173
1.94741e-09	-0.299961
1.94748e-09	-0.299748
1.94755e-09	-0.299536
1.94762e-09	-0.299322
1.9477e-09	-0.299109
1.94777e-09	-0.298894
1.94784e-09	-0.29868
1.94791e-09	-0.298465
1.94798e-09	-0.298249
1.94805e-09	-0.298033
1.94812e-09	-0.297817
1.94819e-09	-0.2976
1.94826e-09	-0.297383
1.94833e-09	-0.297165
1.9484e-09	-0.296947
1.94847e-09	-0.296729
1.94854e-09	-0.29651
1.94861e-09	-0.29629
1.94869e-09	-0.296071
1.94876e-09	-0.29585
1.94883e-09	-0.29563
1.9489e-09	-0.295409
1.94897e-09	-0.295187
1.94904e-09	-0.294965
1.94911e-09	-0.294743
1.94918e-09	-0.29452
1.94925e-09	-0.294297
1.94932e-09	-0.294073
1.94939e-09	-0.293849
1.94946e-09	-0.293625
1.94953e-09	-0.2934
1.94961e-09	-0.293174
1.94968e-09	-0.292949
1.94975e-09	-0.292723
1.94982e-09	-0.292496
1.94989e-09	-0.292269
1.94996e-09	-0.292042
1.95003e-09	-0.291814
1.9501e-09	-0.291585
1.95017e-09	-0.291357
1.95024e-09	-0.291128
1.95031e-09	-0.290898
1.95038e-09	-0.290668
1.95045e-09	-0.290438
1.95052e-09	-0.290207
1.9506e-09	-0.289976
1.95067e-09	-0.289745
1.95074e-09	-0.289513
1.95081e-09	-0.28928
1.95088e-09	-0.289048
1.95095e-09	-0.288814
1.95102e-09	-0.288581
1.95109e-09	-0.288347
1.95116e-09	-0.288112
1.95123e-09	-0.287878
1.9513e-09	-0.287642
1.95137e-09	-0.287407
1.95144e-09	-0.287171
1.95151e-09	-0.286934
1.95159e-09	-0.286698
1.95166e-09	-0.286461
1.95173e-09	-0.286223
1.9518e-09	-0.285985
1.95187e-09	-0.285747
1.95194e-09	-0.285508
1.95201e-09	-0.285269
1.95208e-09	-0.285029
1.95215e-09	-0.284789
1.95222e-09	-0.284549
1.95229e-09	-0.284308
1.95236e-09	-0.284067
1.95243e-09	-0.283825
1.9525e-09	-0.283583
1.95258e-09	-0.283341
1.95265e-09	-0.283098
1.95272e-09	-0.282855
1.95279e-09	-0.282612
1.95286e-09	-0.282368
1.95293e-09	-0.282124
1.953e-09	-0.281879
1.95307e-09	-0.281634
1.95314e-09	-0.281389
1.95321e-09	-0.281143
1.95328e-09	-0.280897
1.95335e-09	-0.28065
1.95342e-09	-0.280403
1.9535e-09	-0.280156
1.95357e-09	-0.279908
1.95364e-09	-0.27966
1.95371e-09	-0.279411
1.95378e-09	-0.279163
1.95385e-09	-0.278913
1.95392e-09	-0.278664
1.95399e-09	-0.278414
1.95406e-09	-0.278164
1.95413e-09	-0.277913
1.9542e-09	-0.277662
1.95427e-09	-0.27741
1.95434e-09	-0.277159
1.95441e-09	-0.276906
1.95449e-09	-0.276654
1.95456e-09	-0.276401
1.95463e-09	-0.276148
1.9547e-09	-0.275894
1.95477e-09	-0.27564
1.95484e-09	-0.275385
1.95491e-09	-0.275131
1.95498e-09	-0.274876
1.95505e-09	-0.27462
1.95512e-09	-0.274364
1.95519e-09	-0.274108
1.95526e-09	-0.273851
1.95533e-09	-0.273594
1.9554e-09	-0.273337
1.95548e-09	-0.273079
1.95555e-09	-0.272821
1.95562e-09	-0.272563
1.95569e-09	-0.272304
1.95576e-09	-0.272045
1.95583e-09	-0.271786
1.9559e-09	-0.271526
1.95597e-09	-0.271266
1.95604e-09	-0.271005
1.95611e-09	-0.270744
1.95618e-09	-0.270483
1.95625e-09	-0.270222
1.95632e-09	-0.26996
1.9564e-09	-0.269697
1.95647e-09	-0.269435
1.95654e-09	-0.269172
1.95661e-09	-0.268909
1.95668e-09	-0.268645
1.95675e-09	-0.268381
1.95682e-09	-0.268117
1.95689e-09	-0.267852
1.95696e-09	-0.267587
1.95703e-09	-0.267321
1.9571e-09	-0.267056
1.95717e-09	-0.26679
1.95724e-09	-0.266523
1.95731e-09	-0.266256
1.95739e-09	-0.265989
1.95746e-09	-0.265722
1.95753e-09	-0.265454
1.9576e-09	-0.265186
1.95767e-09	-0.264918
1.95774e-09	-0.264649
1.95781e-09	-0.26438
1.95788e-09	-0.26411
1.95795e-09	-0.263841
1.95802e-09	-0.26357
1.95809e-09	-0.2633
1.95816e-09	-0.263029
1.95823e-09	-0.262758
1.9583e-09	-0.262487
1.95838e-09	-0.262215
1.95845e-09	-0.261943
1.95852e-09	-0.26167
1.95859e-09	-0.261398
1.95866e-09	-0.261125
1.95873e-09	-0.260851
1.9588e-09	-0.260577
1.95887e-09	-0.260303
1.95894e-09	-0.260029
1.95901e-09	-0.259754
1.95908e-09	-0.259479
1.95915e-09	-0.259204
1.95922e-09	-0.258928
1.95929e-09	-0.258652
1.95937e-09	-0.258376
1.95944e-09	-0.2581
1.95951e-09	-0.257823
1.95958e-09	-0.257545
1.95965e-09	-0.257268
1.95972e-09	-0.25699
1.95979e-09	-0.256712
1.95986e-09	-0.256433
1.95993e-09	-0.256155
1.96e-09	-0.255875
1.96007e-09	-0.255596
1.96014e-09	-0.255316
1.96021e-09	-0.255036
1.96029e-09	-0.254756
1.96036e-09	-0.254475
1.96043e-09	-0.254194
1.9605e-09	-0.253913
1.96057e-09	-0.253631
1.96064e-09	-0.25335
1.96071e-09	-0.253067
1.96078e-09	-0.252785
1.96085e-09	-0.252502
1.96092e-09	-0.252219
1.96099e-09	-0.251936
1.96106e-09	-0.251652
1.96113e-09	-0.251368
1.9612e-09	-0.251084
1.96128e-09	-0.250799
1.96135e-09	-0.250514
1.96142e-09	-0.250229
1.96149e-09	-0.249943
1.96156e-09	-0.249658
1.96163e-09	-0.249372
1.9617e-09	-0.249085
1.96177e-09	-0.248799
1.96184e-09	-0.248512
1.96191e-09	-0.248224
1.96198e-09	-0.247937
1.96205e-09	-0.247649
1.96212e-09	-0.247361
1.96219e-09	-0.247073
1.96227e-09	-0.246784
1.96234e-09	-0.246495
1.96241e-09	-0.246206
1.96248e-09	-0.245916
1.96255e-09	-0.245626
1.96262e-09	-0.245336
1.96269e-09	-0.245046
1.96276e-09	-0.244755
1.96283e-09	-0.244464
1.9629e-09	-0.244173
1.96297e-09	-0.243882
1.96304e-09	-0.24359
1.96311e-09	-0.243298
1.96319e-09	-0.243005
1.96326e-09	-0.242713
1.96333e-09	-0.24242
1.9634e-09	-0.242127
1.96347e-09	-0.241833
1.96354e-09	-0.24154
1.96361e-09	-0.241246
1.96368e-09	-0.240951
1.96375e-09	-0.240657
1.96382e-09	-0.240362
1.96389e-09	-0.240067
1.96396e-09	-0.239772
1.96403e-09	-0.239476
1.9641e-09	-0.23918
1.96418e-09	-0.238884
1.96425e-09	-0.238588
1.96432e-09	-0.238291
1.96439e-09	-0.237994
1.96446e-09	-0.237697
1.96453e-09	-0.237399
1.9646e-09	-0.237102
1.96467e-09	-0.236804
1.96474e-09	-0.236505
1.96481e-09	-0.236207
1.96488e-09	-0.235908
1.96495e-09	-0.235609
1.96502e-09	-0.23531
1.96509e-09	-0.23501
1.96517e-09	-0.234711
1.96524e-09	-0.234411
1.96531e-09	-0.23411
1.96538e-09	-0.23381
1.96545e-09	-0.233509
1.96552e-09	-0.233208
1.96559e-09	-0.232907
1.96566e-09	-0.232605
1.96573e-09	-0.232303
1.9658e-09	-0.232001
1.96587e-09	-0.231699
1.96594e-09	-0.231396
1.96601e-09	-0.231094
1.96608e-09	-0.230791
1.96616e-09	-0.230487
1.96623e-09	-0.230184
1.9663e-09	-0.22988
1.96637e-09	-0.229576
1.96644e-09	-0.229272
1.96651e-09	-0.228967
1.96658e-09	-0.228662
1.96665e-09	-0.228358
1.96672e-09	-0.228052
1.96679e-09	-0.227747
1.96686e-09	-0.227441
1.96693e-09	-0.227135
1.967e-09	-0.226829
1.96708e-09	-0.226523
1.96715e-09	-0.226216
1.96722e-09	-0.225909
1.96729e-09	-0.225602
1.96736e-09	-0.225295
1.96743e-09	-0.224987
1.9675e-09	-0.224679
1.96757e-09	-0.224371
1.96764e-09	-0.224063
1.96771e-09	-0.223755
1.96778e-09	-0.223446
1.96785e-09	-0.223137
1.96792e-09	-0.222828
1.96799e-09	-0.222519
1.96807e-09	-0.222209
1.96814e-09	-0.221899
1.96821e-09	-0.221589
1.96828e-09	-0.221279
1.96835e-09	-0.220968
1.96842e-09	-0.220658
1.96849e-09	-0.220347
1.96856e-09	-0.220035
1.96863e-09	-0.219724
1.9687e-09	-0.219413
1.96877e-09	-0.219101
1.96884e-09	-0.218789
1.96891e-09	-0.218476
1.96898e-09	-0.218164
1.96906e-09	-0.217851
1.96913e-09	-0.217539
1.9692e-09	-0.217225
1.96927e-09	-0.216912
1.96934e-09	-0.216599
1.96941e-09	-0.216285
1.96948e-09	-0.215971
1.96955e-09	-0.215657
1.96962e-09	-0.215343
1.96969e-09	-0.215028
1.96976e-09	-0.214713
1.96983e-09	-0.214398
1.9699e-09	-0.214083
1.96997e-09	-0.213768
1.97005e-09	-0.213452
1.97012e-09	-0.213136
1.97019e-09	-0.21282
1.97026e-09	-0.212504
1.97033e-09	-0.212188
1.9704e-09	-0.211871
1.97047e-09	-0.211555
1.97054e-09	-0.211238
1.97061e-09	-0.21092
1.97068e-09	-0.210603
1.97075e-09	-0.210286
1.97082e-09	-0.209968
1.97089e-09	-0.20965
1.97097e-09	-0.209332
1.97104e-09	-0.209013
1.97111e-09	-0.208695
1.97118e-09	-0.208376
1.97125e-09	-0.208057
1.97132e-09	-0.207738
1.97139e-09	-0.207419
1.97146e-09	-0.207099
1.97153e-09	-0.20678
1.9716e-09	-0.20646
1.97167e-09	-0.20614
1.97174e-09	-0.20582
1.97181e-09	-0.205499
1.97188e-09	-0.205179
1.97196e-09	-0.204858
1.97203e-09	-0.204537
1.9721e-09	-0.204216
1.97217e-09	-0.203895
1.97224e-09	-0.203573
1.97231e-09	-0.203252
1.97238e-09	-0.20293
1.97245e-09	-0.202608
1.97252e-09	-0.202286
1.97259e-09	-0.201963
1.97266e-09	-0.201641
1.97273e-09	-0.201318
1.9728e-09	-0.200995
1.97287e-09	-0.200672
1.97295e-09	-0.200349
1.97302e-09	-0.200025
1.97309e-09	-0.199702
1.97316e-09	-0.199378
1.97323e-09	-0.199054
1.9733e-09	-0.19873
1.97337e-09	-0.198406
1.97344e-09	-0.198082
1.97351e-09	-0.197757
1.97358e-09	-0.197432
1.97365e-09	-0.197107
1.97372e-09	-0.196782
1.97379e-09	-0.196457
1.97387e-09	-0.196132
1.97394e-09	-0.195806
1.97401e-09	-0.195481
1.97408e-09	-0.195155
1.97415e-09	-0.194829
1.97422e-09	-0.194503
1.97429e-09	-0.194176
1.97436e-09	-0.19385
1.97443e-09	-0.193523
1.9745e-09	-0.193196
1.97457e-09	-0.192869
1.97464e-09	-0.192542
1.97471e-09	-0.192215
1.97478e-09	-0.191888
1.97486e-09	-0.19156
1.97493e-09	-0.191232
1.975e-09	-0.190904
1.97507e-09	-0.190576
1.97514e-09	-0.190248
1.97521e-09	-0.18992
1.97528e-09	-0.189592
1.97535e-09	-0.189263
1.97542e-09	-0.188934
1.97549e-09	-0.188605
1.97556e-09	-0.188276
1.97563e-09	-0.187947
1.9757e-09	-0.187618
1.97577e-09	-0.187288
1.97585e-09	-0.186959
1.97592e-09	-0.186629
1.97599e-09	-0.186299
1.97606e-09	-0.185969
1.97613e-09	-0.185639
1.9762e-09	-0.185309
1.97627e-09	-0.184978
1.97634e-09	-0.184648
1.97641e-09	-0.184317
1.97648e-09	-0.183986
1.97655e-09	-0.183655
1.97662e-09	-0.183324
1.97669e-09	-0.182993
1.97676e-09	-0.182662
1.97684e-09	-0.18233
1.97691e-09	-0.181999
1.97698e-09	-0.181667
1.97705e-09	-0.181335
1.97712e-09	-0.181003
1.97719e-09	-0.180671
1.97726e-09	-0.180339
1.97733e-09	-0.180006
1.9774e-09	-0.179674
1.97747e-09	-0.179341
1.97754e-09	-0.179009
1.97761e-09	-0.178676
1.97768e-09	-0.178343
1.97776e-09	-0.17801
1.97783e-09	-0.177677
1.9779e-09	-0.177343
1.97797e-09	-0.17701
1.97804e-09	-0.176676
1.97811e-09	-0.176343
1.97818e-09	-0.176009
1.97825e-09	-0.175675
1.97832e-09	-0.175341
1.97839e-09	-0.175007
1.97846e-09	-0.174672
1.97853e-09	-0.174338
1.9786e-09	-0.174004
1.97867e-09	-0.173669
1.97875e-09	-0.173334
1.97882e-09	-0.173
1.97889e-09	-0.172665
1.97896e-09	-0.17233
1.97903e-09	-0.171995
1.9791e-09	-0.171659
1.97917e-09	-0.171324
1.97924e-09	-0.170989
1.97931e-09	-0.170653
1.97938e-09	-0.170317
1.97945e-09	-0.169982
1.97952e-09	-0.169646
1.97959e-09	-0.16931
1.97966e-09	-0.168974
1.97974e-09	-0.168638
1.97981e-09	-0.168301
1.97988e-09	-0.167965
1.97995e-09	-0.167629
1.98002e-09	-0.167292
1.98009e-09	-0.166956
1.98016e-09	-0.166619
1.98023e-09	-0.166282
1.9803e-09	-0.165945
1.98037e-09	-0.165608
1.98044e-09	-0.165271
1.98051e-09	-0.164934
1.98058e-09	-0.164597
1.98066e-09	-0.164259
1.98073e-09	-0.163922
1.9808e-09	-0.163584
1.98087e-09	-0.163247
1.98094e-09	-0.162909
1.98101e-09	-0.162571
1.98108e-09	-0.162233
1.98115e-09	-0.161895
1.98122e-09	-0.161557
1.98129e-09	-0.161219
1.98136e-09	-0.160881
1.98143e-09	-0.160543
1.9815e-09	-0.160204
1.98157e-09	-0.159866
1.98165e-09	-0.159527
1.98172e-09	-0.159189
1.98179e-09	-0.15885
1.98186e-09	-0.158511
1.98193e-09	-0.158172
1.982e-09	-0.157833
1.98207e-09	-0.157494
1.98214e-09	-0.157155
1.98221e-09	-0.156816
1.98228e-09	-0.156477
1.98235e-09	-0.156138
1.98242e-09	-0.155798
1.98249e-09	-0.155459
1.98256e-09	-0.155119
1.98264e-09	-0.15478
1.98271e-09	-0.15444
1.98278e-09	-0.1541
1.98285e-09	-0.153761
1.98292e-09	-0.153421
1.98299e-09	-0.153081
1.98306e-09	-0.152741
1.98313e-09	-0.152401
1.9832e-09	-0.152061
1.98327e-09	-0.151721
1.98334e-09	-0.151381
1.98341e-09	-0.15104
1.98348e-09	-0.1507
1.98355e-09	-0.15036
1.98363e-09	-0.150019
1.9837e-09	-0.149679
1.98377e-09	-0.149338
1.98384e-09	-0.148997
1.98391e-09	-0.148657
1.98398e-09	-0.148316
1.98405e-09	-0.147975
1.98412e-09	-0.147634
1.98419e-09	-0.147293
1.98426e-09	-0.146953
1.98433e-09	-0.146612
1.9844e-09	-0.14627
1.98447e-09	-0.145929
1.98455e-09	-0.145588
1.98462e-09	-0.145247
1.98469e-09	-0.144906
1.98476e-09	-0.144565
1.98483e-09	-0.144223
1.9849e-09	-0.143882
1.98497e-09	-0.14354
1.98504e-09	-0.143199
1.98511e-09	-0.142857
1.98518e-09	-0.142516
1.98525e-09	-0.142174
1.98532e-09	-0.141833
1.98539e-09	-0.141491
1.98546e-09	-0.141149
1.98554e-09	-0.140807
1.98561e-09	-0.140466
1.98568e-09	-0.140124
1.98575e-09	-0.139782
1.98582e-09	-0.13944
1.98589e-09	-0.139098
1.98596e-09	-0.138756
1.98603e-09	-0.138414
1.9861e-09	-0.138072
1.98617e-09	-0.13773
1.98624e-09	-0.137388
1.98631e-09	-0.137046
1.98638e-09	-0.136704
1.98645e-09	-0.136361
1.98653e-09	-0.136019
1.9866e-09	-0.135677
1.98667e-09	-0.135335
1.98674e-09	-0.134992
1.98681e-09	-0.13465
1.98688e-09	-0.134308
1.98695e-09	-0.133965
1.98702e-09	-0.133623
1.98709e-09	-0.13328
1.98716e-09	-0.132938
1.98723e-09	-0.132595
1.9873e-09	-0.132253
1.98737e-09	-0.13191
1.98745e-09	-0.131568
1.98752e-09	-0.131225
1.98759e-09	-0.130883
1.98766e-09	-0.13054
1.98773e-09	-0.130197
1.9878e-09	-0.129855
1.98787e-09	-0.129512
1.98794e-09	-0.129169
1.98801e-09	-0.128827
1.98808e-09	-0.128484
1.98815e-09	-0.128141
1.98822e-09	-0.127799
1.98829e-09	-0.127456
1.98836e-09	-0.127113
1.98844e-09	-0.12677
1.98851e-09	-0.126428
1.98858e-09	-0.126085
1.98865e-09	-0.125742
1.98872e-09	-0.125399
1.98879e-09	-0.125057
1.98886e-09	-0.124714
1.98893e-09	-0.124371
1.989e-09	-0.124028
1.98907e-09	-0.123685
1.98914e-09	-0.123342
1.98921e-09	-0.123
1.98928e-09	-0.122657
1.98935e-09	-0.122314
1.98943e-09	-0.121971
1.9895e-09	-0.121628
1.98957e-09	-0.121286
1.98964e-09	-0.120943
1.98971e-09	-0.1206
1.98978e-09	-0.120257
1.98985e-09	-0.119914
1.98992e-09	-0.119572
1.98999e-09	-0.119229
1.99006e-09	-0.118886
1.99013e-09	-0.118543
1.9902e-09	-0.1182
1.99027e-09	-0.117858
1.99034e-09	-0.117515
1.99042e-09	-0.117172
1.99049e-09	-0.116829
1.99056e-09	-0.116487
1.99063e-09	-0.116144
1.9907e-09	-0.115801
1.99077e-09	-0.115458
1.99084e-09	-0.115116
1.99091e-09	-0.114773
1.99098e-09	-0.11443
1.99105e-09	-0.114088
1.99112e-09	-0.113745
1.99119e-09	-0.113403
1.99126e-09	-0.11306
1.99134e-09	-0.112717
1.99141e-09	-0.112375
1.99148e-09	-0.112032
1.99155e-09	-0.11169
1.99162e-09	-0.111347
1.99169e-09	-0.111005
1.99176e-09	-0.110662
1.99183e-09	-0.11032
1.9919e-09	-0.109978
1.99197e-09	-0.109635
1.99204e-09	-0.109293
1.99211e-09	-0.10895
1.99218e-09	-0.108608
1.99225e-09	-0.108266
1.99233e-09	-0.107924
1.9924e-09	-0.107581
1.99247e-09	-0.107239
1.99254e-09	-0.106897
1.99261e-09	-0.106555
1.99268e-09	-0.106213
1.99275e-09	-0.105871
1.99282e-09	-0.105529
1.99289e-09	-0.105187
1.99296e-09	-0.104845
1.99303e-09	-0.104503
1.9931e-09	-0.104161
1.99317e-09	-0.103819
1.99324e-09	-0.103477
1.99332e-09	-0.103135
1.99339e-09	-0.102794
1.99346e-09	-0.102452
1.99353e-09	-0.10211
1.9936e-09	-0.101769
1.99367e-09	-0.101427
1.99374e-09	-0.101085
1.99381e-09	-0.100744
1.99388e-09	-0.100402
1.99395e-09	-0.100061
1.99402e-09	-0.0997197
1.99409e-09	-0.0993783
1.99416e-09	-0.099037
1.99423e-09	-0.0986958
1.99431e-09	-0.0983546
1.99438e-09	-0.0980134
1.99445e-09	-0.0976723
1.99452e-09	-0.0973312
1.99459e-09	-0.0969902
1.99466e-09	-0.0966492
1.99473e-09	-0.0963083
1.9948e-09	-0.0959675
1.99487e-09	-0.0956266
1.99494e-09	-0.0952859
1.99501e-09	-0.0949452
1.99508e-09	-0.0946045
1.99515e-09	-0.0942639
1.99523e-09	-0.0939234
1.9953e-09	-0.0935829
1.99537e-09	-0.0932424
1.99544e-09	-0.0929021
1.99551e-09	-0.0925617
1.99558e-09	-0.0922215
1.99565e-09	-0.0918813
1.99572e-09	-0.0915411
1.99579e-09	-0.091201
1.99586e-09	-0.090861
1.99593e-09	-0.0905211
1.996e-09	-0.0901811
1.99607e-09	-0.0898413
1.99614e-09	-0.0895015
1.99622e-09	-0.0891618
1.99629e-09	-0.0888222
1.99636e-09	-0.0884826
1.99643e-09	-0.0881431
1.9965e-09	-0.0878036
1.99657e-09	-0.0874642
1.99664e-09	-0.0871249
1.99671e-09	-0.0867857
1.99678e-09	-0.0864465
1.99685e-09	-0.0861074
1.99692e-09	-0.0857683
1.99699e-09	-0.0854294
1.99706e-09	-0.0850905
1.99713e-09	-0.0847516
1.99721e-09	-0.0844129
1.99728e-09	-0.0840742
1.99735e-09	-0.0837356
1.99742e-09	-0.0833971
1.99749e-09	-0.0830586
1.99756e-09	-0.0827202
1.99763e-09	-0.0823819
1.9977e-09	-0.0820437
1.99777e-09	-0.0817055
1.99784e-09	-0.0813675
1.99791e-09	-0.0810295
1.99798e-09	-0.0806916
1.99805e-09	-0.0803537
1.99813e-09	-0.080016
1.9982e-09	-0.0796783
1.99827e-09	-0.0793407
1.99834e-09	-0.0790032
1.99841e-09	-0.0786658
1.99848e-09	-0.0783285
1.99855e-09	-0.0779912
1.99862e-09	-0.077654
1.99869e-09	-0.077317
1.99876e-09	-0.07698
1.99883e-09	-0.076643
1.9989e-09	-0.0763062
1.99897e-09	-0.0759695
1.99904e-09	-0.0756328
1.99912e-09	-0.0752963
1.99919e-09	-0.0749598
1.99926e-09	-0.0746235
1.99933e-09	-0.0742872
1.9994e-09	-0.073951
1.99947e-09	-0.0736149
1.99954e-09	-0.0732789
1.99961e-09	-0.072943
1.99968e-09	-0.0726072
1.99975e-09	-0.0722714
1.99982e-09	-0.0719358
1.99989e-09	-0.0716003
1.99996e-09	-0.0712649
2.00003e-09	-0.0709295
2.00011e-09	-0.0705943
2.00018e-09	-0.0702592
2.00025e-09	-0.0699241
2.00032e-09	-0.0695892
2.00039e-09	-0.0692544
2.00046e-09	-0.0689196
2.00053e-09	-0.068585
2.0006e-09	-0.0682505
2.00067e-09	-0.067916
2.00074e-09	-0.0675817
2.00081e-09	-0.0672475
2.00088e-09	-0.0669134
2.00095e-09	-0.0665794
2.00102e-09	-0.0662455
2.0011e-09	-0.0659117
2.00117e-09	-0.065578
2.00124e-09	-0.0652444
2.00131e-09	-0.0649109
2.00138e-09	-0.0645775
2.00145e-09	-0.0642443
2.00152e-09	-0.0639112
2.00159e-09	-0.0635781
2.00166e-09	-0.0632452
2.00173e-09	-0.0629124
2.0018e-09	-0.0625797
2.00187e-09	-0.0622471
2.00194e-09	-0.0619146
2.00202e-09	-0.0615823
2.00209e-09	-0.06125
2.00216e-09	-0.0609179
2.00223e-09	-0.0605859
2.0023e-09	-0.060254
2.00237e-09	-0.0599223
2.00244e-09	-0.0595906
2.00251e-09	-0.0592591
2.00258e-09	-0.0589276
2.00265e-09	-0.0585963
2.00272e-09	-0.0582652
2.00279e-09	-0.0579341
2.00286e-09	-0.0576032
2.00293e-09	-0.0572724
2.00301e-09	-0.0569417
2.00308e-09	-0.0566111
2.00315e-09	-0.0562807
2.00322e-09	-0.0559503
2.00329e-09	-0.0556201
2.00336e-09	-0.0552901
2.00343e-09	-0.0549601
2.0035e-09	-0.0546303
2.00357e-09	-0.0543006
2.00364e-09	-0.0539711
2.00371e-09	-0.0536416
2.00378e-09	-0.0533123
2.00385e-09	-0.0529832
2.00392e-09	-0.0526541
2.004e-09	-0.0523252
2.00407e-09	-0.0519964
2.00414e-09	-0.0516678
2.00421e-09	-0.0513393
2.00428e-09	-0.0510109
2.00435e-09	-0.0506826
2.00442e-09	-0.0503545
2.00449e-09	-0.0500265
2.00456e-09	-0.0496987
2.00463e-09	-0.049371
2.0047e-09	-0.0490434
2.00477e-09	-0.048716
2.00484e-09	-0.0483887
2.00492e-09	-0.0480615
2.00499e-09	-0.0477345
2.00506e-09	-0.0474076
2.00513e-09	-0.0470809
2.0052e-09	-0.0467543
2.00527e-09	-0.0464278
2.00534e-09	-0.0461015
2.00541e-09	-0.0457753
2.00548e-09	-0.0454493
2.00555e-09	-0.0451234
2.00562e-09	-0.0447977
2.00569e-09	-0.0444721
2.00576e-09	-0.0441466
2.00583e-09	-0.0438213
2.00591e-09	-0.0434961
2.00598e-09	-0.0431711
2.00605e-09	-0.0428462
2.00612e-09	-0.0425215
2.00619e-09	-0.0421969
2.00626e-09	-0.0418725
2.00633e-09	-0.0415482
2.0064e-09	-0.0412241
2.00647e-09	-0.0409001
2.00654e-09	-0.0405763
2.00661e-09	-0.0402526
2.00668e-09	-0.0399291
2.00675e-09	-0.0396057
2.00682e-09	-0.0392825
2.0069e-09	-0.0389595
2.00697e-09	-0.0386366
2.00704e-09	-0.0383138
2.00711e-09	-0.0379912
2.00718e-09	-0.0376688
2.00725e-09	-0.0373465
2.00732e-09	-0.0370244
2.00739e-09	-0.0367024
2.00746e-09	-0.0363806
2.00753e-09	-0.0360589
2.0076e-09	-0.0357374
2.00767e-09	-0.0354161
2.00774e-09	-0.0350949
2.00781e-09	-0.0347739
2.00789e-09	-0.0344531
2.00796e-09	-0.0341324
2.00803e-09	-0.0338118
2.0081e-09	-0.0334915
2.00817e-09	-0.0331713
2.00824e-09	-0.0328512
2.00831e-09	-0.0325314
2.00838e-09	-0.0322117
2.00845e-09	-0.0318921
2.00852e-09	-0.0315728
2.00859e-09	-0.0312536
2.00866e-09	-0.0309345
2.00873e-09	-0.0306156
2.00881e-09	-0.0302969
2.00888e-09	-0.0299784
2.00895e-09	-0.02966
2.00902e-09	-0.0293418
2.00909e-09	-0.0290238
2.00916e-09	-0.028706
2.00923e-09	-0.0283883
2.0093e-09	-0.0280708
2.00937e-09	-0.0277534
2.00944e-09	-0.0274363
2.00951e-09	-0.0271193
2.00958e-09	-0.0268024
2.00965e-09	-0.0264858
2.00972e-09	-0.0261693
2.0098e-09	-0.025853
2.00987e-09	-0.0255369
2.00994e-09	-0.025221
2.01001e-09	-0.0249052
2.01008e-09	-0.0245896
2.01015e-09	-0.0242742
2.01022e-09	-0.023959
2.01029e-09	-0.023644
2.01036e-09	-0.0233291
2.01043e-09	-0.0230144
2.0105e-09	-0.0226999
2.01057e-09	-0.0223856
2.01064e-09	-0.0220714
2.01071e-09	-0.0217575
2.01079e-09	-0.0214437
2.01086e-09	-0.0211301
2.01093e-09	-0.0208167
2.011e-09	-0.0205035
2.01107e-09	-0.0201904
2.01114e-09	-0.0198776
2.01121e-09	-0.0195649
2.01128e-09	-0.0192524
2.01135e-09	-0.0189401
2.01142e-09	-0.018628
2.01149e-09	-0.0183161
2.01156e-09	-0.0180043
2.01163e-09	-0.0176928
2.01171e-09	-0.0173814
2.01178e-09	-0.0170703
2.01185e-09	-0.0167593
2.01192e-09	-0.0164485
2.01199e-09	-0.0161379
2.01206e-09	-0.0158275
2.01213e-09	-0.0155173
2.0122e-09	-0.0152073
2.01227e-09	-0.0148975
2.01234e-09	-0.0145878
2.01241e-09	-0.0142784
2.01248e-09	-0.0139692
2.01255e-09	-0.0136601
2.01262e-09	-0.0133513
2.0127e-09	-0.0130426
2.01277e-09	-0.0127341
2.01284e-09	-0.0124259
2.01291e-09	-0.0121178
2.01298e-09	-0.01181
2.01305e-09	-0.0115023
2.01312e-09	-0.0111948
2.01319e-09	-0.0108876
2.01326e-09	-0.0105805
2.01333e-09	-0.0102736
2.0134e-09	-0.00996697
2.01347e-09	-0.00966051
2.01354e-09	-0.00935425
2.01361e-09	-0.00904819
2.01369e-09	-0.00874234
2.01376e-09	-0.00843669
2.01383e-09	-0.00813124
2.0139e-09	-0.007826
2.01397e-09	-0.00752096
2.01404e-09	-0.00721613
2.01411e-09	-0.0069115
2.01418e-09	-0.00660708
2.01425e-09	-0.00630287
2.01432e-09	-0.00599886
2.01439e-09	-0.00569507
2.01446e-09	-0.00539148
2.01453e-09	-0.0050881
2.0146e-09	-0.00478492
2.01468e-09	-0.00448196
2.01475e-09	-0.00417921
2.01482e-09	-0.00387667
2.01489e-09	-0.00357434
2.01496e-09	-0.00327222
2.01503e-09	-0.00297031
2.0151e-09	-0.00266862
2.01517e-09	-0.00236713
2.01524e-09	-0.00206587
2.01531e-09	-0.00176481
2.01538e-09	-0.00146397
2.01545e-09	-0.00116334
2.01552e-09	-0.000862934
2.0156e-09	-0.000562739
2.01567e-09	-0.00026276
2.01574e-09	3.70019e-05
2.01581e-09	0.000336547
2.01588e-09	0.000635875
2.01595e-09	0.000934985
2.01602e-09	0.00123388
2.01609e-09	0.00153255
2.01616e-09	0.001831
2.01623e-09	0.00212924
2.0163e-09	0.00242725
2.01637e-09	0.00272504
2.01644e-09	0.00302262
2.01651e-09	0.00331997
2.01659e-09	0.00361709
2.01666e-09	0.003914
2.01673e-09	0.00421068
2.0168e-09	0.00450714
2.01687e-09	0.00480338
2.01694e-09	0.00509939
2.01701e-09	0.00539518
2.01708e-09	0.00569074
2.01715e-09	0.00598608
2.01722e-09	0.00628119
2.01729e-09	0.00657607
2.01736e-09	0.00687073
2.01743e-09	0.00716516
2.0175e-09	0.00745937
2.01758e-09	0.00775334
2.01765e-09	0.00804709
2.01772e-09	0.0083406
2.01779e-09	0.00863389
2.01786e-09	0.00892695
2.01793e-09	0.00921978
2.018e-09	0.00951237
2.01807e-09	0.00980474
2.01814e-09	0.0100969
2.01821e-09	0.0103888
2.01828e-09	0.0106804
2.01835e-09	0.0109719
2.01842e-09	0.0112631
2.01849e-09	0.0115541
2.01857e-09	0.0118448
2.01864e-09	0.0121353
2.01871e-09	0.0124256
2.01878e-09	0.0127156
2.01885e-09	0.0130054
2.01892e-09	0.0132949
2.01899e-09	0.0135843
2.01906e-09	0.0138734
2.01913e-09	0.0141622
2.0192e-09	0.0144508
2.01927e-09	0.0147392
2.01934e-09	0.0150273
2.01941e-09	0.0153152
2.01949e-09	0.0156029
2.01956e-09	0.0158903
2.01963e-09	0.0161775
2.0197e-09	0.0164644
2.01977e-09	0.0167511
2.01984e-09	0.0170375
2.01991e-09	0.0173237
2.01998e-09	0.0176097
2.02005e-09	0.0178954
2.02012e-09	0.0181809
2.02019e-09	0.0184661
2.02026e-09	0.0187511
2.02033e-09	0.0190359
2.0204e-09	0.0193204
2.02048e-09	0.0196046
2.02055e-09	0.0198886
2.02062e-09	0.0201724
2.02069e-09	0.0204559
2.02076e-09	0.0207392
2.02083e-09	0.0210222
2.0209e-09	0.021305
2.02097e-09	0.0215875
2.02104e-09	0.0218698
2.02111e-09	0.0221518
2.02118e-09	0.0224336
2.02125e-09	0.0227152
2.02132e-09	0.0229964
2.02139e-09	0.0232775
2.02147e-09	0.0235583
2.02154e-09	0.0238388
2.02161e-09	0.0241191
2.02168e-09	0.0243991
2.02175e-09	0.0246789
2.02182e-09	0.0249584
2.02189e-09	0.0252377
2.02196e-09	0.0255167
2.02203e-09	0.0257954
2.0221e-09	0.0260739
2.02217e-09	0.0263522
2.02224e-09	0.0266302
2.02231e-09	0.0269079
2.02239e-09	0.0271854
2.02246e-09	0.0274626
2.02253e-09	0.0277396
2.0226e-09	0.0280163
2.02267e-09	0.0282928
2.02274e-09	0.028569
2.02281e-09	0.0288449
2.02288e-09	0.0291206
2.02295e-09	0.029396
2.02302e-09	0.0296712
2.02309e-09	0.0299461
2.02316e-09	0.0302208
2.02323e-09	0.0304951
2.0233e-09	0.0307693
2.02338e-09	0.0310431
2.02345e-09	0.0313167
2.02352e-09	0.0315901
2.02359e-09	0.0318631
2.02366e-09	0.032136
2.02373e-09	0.0324085
2.0238e-09	0.0326808
2.02387e-09	0.0329528
2.02394e-09	0.0332246
2.02401e-09	0.0334961
2.02408e-09	0.0337673
2.02415e-09	0.0340383
2.02422e-09	0.034309
2.02429e-09	0.0345794
2.02437e-09	0.0348496
2.02444e-09	0.0351195
2.02451e-09	0.0353891
2.02458e-09	0.0356585
2.02465e-09	0.0359276
2.02472e-09	0.0361964
2.02479e-09	0.036465
2.02486e-09	0.0367333
2.02493e-09	0.0370013
2.025e-09	0.0372691
2.02507e-09	0.0375366
2.02514e-09	0.0378038
2.02521e-09	0.0380707
2.02528e-09	0.0383374
2.02536e-09	0.0386038
2.02543e-09	0.03887
2.0255e-09	0.0391358
2.02557e-09	0.0394014
2.02564e-09	0.0396667
2.02571e-09	0.0399318
2.02578e-09	0.0401965
2.02585e-09	0.040461
2.02592e-09	0.0407253
2.02599e-09	0.0409892
2.02606e-09	0.0412529
2.02613e-09	0.0415163
2.0262e-09	0.0417794
2.02628e-09	0.0420423
2.02635e-09	0.0423048
2.02642e-09	0.0425671
2.02649e-09	0.0428292
2.02656e-09	0.0430909
2.02663e-09	0.0433524
2.0267e-09	0.0436136
2.02677e-09	0.0438745
2.02684e-09	0.0441351
2.02691e-09	0.0443955
2.02698e-09	0.0446555
2.02705e-09	0.0449153
2.02712e-09	0.0451749
2.02719e-09	0.0454341
2.02727e-09	0.0456931
2.02734e-09	0.0459517
2.02741e-09	0.0462101
2.02748e-09	0.0464682
2.02755e-09	0.0467261
2.02762e-09	0.0469836
2.02769e-09	0.0472409
2.02776e-09	0.0474979
2.02783e-09	0.0477546
2.0279e-09	0.048011
2.02797e-09	0.0482671
2.02804e-09	0.048523
2.02811e-09	0.0487786
2.02818e-09	0.0490339
2.02826e-09	0.0492889
2.02833e-09	0.0495436
2.0284e-09	0.049798
2.02847e-09	0.0500521
2.02854e-09	0.050306
2.02861e-09	0.0505596
2.02868e-09	0.0508129
2.02875e-09	0.0510659
2.02882e-09	0.0513186
2.02889e-09	0.051571
2.02896e-09	0.0518231
2.02903e-09	0.052075
2.0291e-09	0.0523265
2.02918e-09	0.0525778
2.02925e-09	0.0528288
2.02932e-09	0.0530795
2.02939e-09	0.0533299
2.02946e-09	0.05358
2.02953e-09	0.0538298
2.0296e-09	0.0540794
2.02967e-09	0.0543286
2.02974e-09	0.0545776
2.02981e-09	0.0548262
2.02988e-09	0.0550746
2.02995e-09	0.0553227
2.03002e-09	0.0555705
2.03009e-09	0.055818
2.03017e-09	0.0560652
2.03024e-09	0.0563121
2.03031e-09	0.0565587
2.03038e-09	0.056805
2.03045e-09	0.057051
2.03052e-09	0.0572967
2.03059e-09	0.0575422
2.03066e-09	0.0577873
2.03073e-09	0.0580322
2.0308e-09	0.0582767
2.03087e-09	0.058521
2.03094e-09	0.0587649
2.03101e-09	0.0590086
2.03108e-09	0.059252
2.03116e-09	0.059495
2.03123e-09	0.0597378
2.0313e-09	0.0599803
2.03137e-09	0.0602225
2.03144e-09	0.0604644
2.03151e-09	0.0607059
2.03158e-09	0.0609472
2.03165e-09	0.0611882
2.03172e-09	0.0614289
2.03179e-09	0.0616693
2.03186e-09	0.0619094
2.03193e-09	0.0621491
2.032e-09	0.0623886
2.03207e-09	0.0626278
2.03215e-09	0.0628667
2.03222e-09	0.0631053
2.03229e-09	0.0633436
2.03236e-09	0.0635816
2.03243e-09	0.0638192
2.0325e-09	0.0640566
2.03257e-09	0.0642937
2.03264e-09	0.0645305
2.03271e-09	0.0647669
2.03278e-09	0.0650031
2.03285e-09	0.065239
2.03292e-09	0.0654745
2.03299e-09	0.0657098
2.03307e-09	0.0659447
2.03314e-09	0.0661794
2.03321e-09	0.0664137
2.03328e-09	0.0666478
2.03335e-09	0.0668815
2.03342e-09	0.0671149
2.03349e-09	0.0673481
2.03356e-09	0.0675809
2.03363e-09	0.0678134
2.0337e-09	0.0680456
2.03377e-09	0.0682775
2.03384e-09	0.0685091
2.03391e-09	0.0687404
2.03398e-09	0.0689714
2.03406e-09	0.069202
2.03413e-09	0.0694324
2.0342e-09	0.0696625
2.03427e-09	0.0698922
2.03434e-09	0.0701216
2.03441e-09	0.0703508
2.03448e-09	0.0705796
2.03455e-09	0.0708081
2.03462e-09	0.0710363
2.03469e-09	0.0712642
2.03476e-09	0.0714918
2.03483e-09	0.071719
2.0349e-09	0.071946
2.03497e-09	0.0721727
2.03505e-09	0.072399
2.03512e-09	0.072625
2.03519e-09	0.0728507
2.03526e-09	0.0730762
2.03533e-09	0.0733012
2.0354e-09	0.073526
2.03547e-09	0.0737505
2.03554e-09	0.0739746
2.03561e-09	0.0741985
2.03568e-09	0.074422
2.03575e-09	0.0746452
2.03582e-09	0.0748681
2.03589e-09	0.0750907
2.03597e-09	0.075313
2.03604e-09	0.075535
2.03611e-09	0.0757566
2.03618e-09	0.075978
2.03625e-09	0.076199
2.03632e-09	0.0764197
2.03639e-09	0.0766401
2.03646e-09	0.0768601
2.03653e-09	0.0770799
2.0366e-09	0.0772993
2.03667e-09	0.0775185
2.03674e-09	0.0777373
2.03681e-09	0.0779558
2.03688e-09	0.078174
2.03696e-09	0.0783918
2.03703e-09	0.0786093
2.0371e-09	0.0788266
2.03717e-09	0.0790435
2.03724e-09	0.0792601
2.03731e-09	0.0794763
2.03738e-09	0.0796923
2.03745e-09	0.0799079
2.03752e-09	0.0801232
2.03759e-09	0.0803382
2.03766e-09	0.0805529
2.03773e-09	0.0807673
2.0378e-09	0.0809813
2.03787e-09	0.081195
2.03795e-09	0.0814084
2.03802e-09	0.0816215
2.03809e-09	0.0818343
2.03816e-09	0.0820467
2.03823e-09	0.0822588
2.0383e-09	0.0824706
2.03837e-09	0.0826821
2.03844e-09	0.0828933
2.03851e-09	0.0831041
2.03858e-09	0.0833146
2.03865e-09	0.0835248
2.03872e-09	0.0837347
2.03879e-09	0.0839442
2.03886e-09	0.0841535
2.03894e-09	0.0843624
2.03901e-09	0.0845709
2.03908e-09	0.0847792
2.03915e-09	0.0849871
2.03922e-09	0.0851947
2.03929e-09	0.085402
2.03936e-09	0.085609
2.03943e-09	0.0858156
2.0395e-09	0.0860219
2.03957e-09	0.0862279
2.03964e-09	0.0864336
2.03971e-09	0.0866389
2.03978e-09	0.086844
2.03986e-09	0.0870487
2.03993e-09	0.087253
2.04e-09	0.0874571
2.04007e-09	0.0876608
2.04014e-09	0.0878642
2.04021e-09	0.0880672
2.04028e-09	0.08827
2.04035e-09	0.0884724
2.04042e-09	0.0886745
2.04049e-09	0.0888762
2.04056e-09	0.0890777
2.04063e-09	0.0892788
2.0407e-09	0.0894796
2.04077e-09	0.08968
2.04085e-09	0.0898801
2.04092e-09	0.0900799
2.04099e-09	0.0902794
2.04106e-09	0.0904785
2.04113e-09	0.0906774
2.0412e-09	0.0908758
2.04127e-09	0.091074
2.04134e-09	0.0912718
2.04141e-09	0.0914693
2.04148e-09	0.0916665
2.04155e-09	0.0918633
2.04162e-09	0.0920599
2.04169e-09	0.092256
2.04176e-09	0.0924519
2.04184e-09	0.0926474
2.04191e-09	0.0928426
2.04198e-09	0.0930375
2.04205e-09	0.093232
2.04212e-09	0.0934262
2.04219e-09	0.0936201
2.04226e-09	0.0938137
2.04233e-09	0.0940069
2.0424e-09	0.0941998
2.04247e-09	0.0943923
2.04254e-09	0.0945845
2.04261e-09	0.0947764
2.04268e-09	0.094968
2.04275e-09	0.0951592
2.04283e-09	0.0953501
2.0429e-09	0.0955407
2.04297e-09	0.0957309
2.04304e-09	0.0959208
2.04311e-09	0.0961104
2.04318e-09	0.0962996
2.04325e-09	0.0964885
2.04332e-09	0.0966771
2.04339e-09	0.0968653
2.04346e-09	0.0970532
2.04353e-09	0.0972408
2.0436e-09	0.097428
2.04367e-09	0.0976149
2.04375e-09	0.0978015
2.04382e-09	0.0979877
2.04389e-09	0.0981736
2.04396e-09	0.0983592
2.04403e-09	0.0985444
2.0441e-09	0.0987293
2.04417e-09	0.0989139
2.04424e-09	0.0990981
2.04431e-09	0.099282
2.04438e-09	0.0994656
2.04445e-09	0.0996488
2.04452e-09	0.0998317
2.04459e-09	0.100014
2.04466e-09	0.100197
2.04474e-09	0.100378
2.04481e-09	0.10056
2.04488e-09	0.100741
2.04495e-09	0.100922
2.04502e-09	0.101103
2.04509e-09	0.101283
2.04516e-09	0.101463
2.04523e-09	0.101642
2.0453e-09	0.101821
2.04537e-09	0.102
2.04544e-09	0.102179
2.04551e-09	0.102357
2.04558e-09	0.102535
2.04565e-09	0.102712
2.04573e-09	0.10289
2.0458e-09	0.103066
2.04587e-09	0.103243
2.04594e-09	0.103419
2.04601e-09	0.103595
2.04608e-09	0.10377
2.04615e-09	0.103946
2.04622e-09	0.10412
2.04629e-09	0.104295
2.04636e-09	0.104469
2.04643e-09	0.104643
2.0465e-09	0.104816
2.04657e-09	0.104989
2.04665e-09	0.105162
2.04672e-09	0.105335
2.04679e-09	0.105507
2.04686e-09	0.105679
2.04693e-09	0.10585
2.047e-09	0.106021
2.04707e-09	0.106192
2.04714e-09	0.106362
2.04721e-09	0.106532
2.04728e-09	0.106702
2.04735e-09	0.106872
2.04742e-09	0.107041
2.04749e-09	0.107209
2.04756e-09	0.107378
2.04764e-09	0.107546
2.04771e-09	0.107713
2.04778e-09	0.107881
2.04785e-09	0.108048
2.04792e-09	0.108215
2.04799e-09	0.108381
2.04806e-09	0.108547
2.04813e-09	0.108713
2.0482e-09	0.108878
2.04827e-09	0.109043
2.04834e-09	0.109207
2.04841e-09	0.109372
2.04848e-09	0.109536
2.04855e-09	0.109699
2.04863e-09	0.109863
2.0487e-09	0.110026
2.04877e-09	0.110188
2.04884e-09	0.11035
2.04891e-09	0.110512
2.04898e-09	0.110674
2.04905e-09	0.110835
2.04912e-09	0.110996
2.04919e-09	0.111157
2.04926e-09	0.111317
2.04933e-09	0.111477
2.0494e-09	0.111636
2.04947e-09	0.111795
2.04954e-09	0.111954
2.04962e-09	0.112113
2.04969e-09	0.112271
2.04976e-09	0.112429
2.04983e-09	0.112586
2.0499e-09	0.112743
2.04997e-09	0.1129
2.05004e-09	0.113057
2.05011e-09	0.113213
2.05018e-09	0.113368
2.05025e-09	0.113524
2.05032e-09	0.113679
2.05039e-09	0.113834
2.05046e-09	0.113988
2.05054e-09	0.114142
2.05061e-09	0.114296
2.05068e-09	0.114449
2.05075e-09	0.114602
2.05082e-09	0.114755
2.05089e-09	0.114907
2.05096e-09	0.115059
2.05103e-09	0.115211
2.0511e-09	0.115362
2.05117e-09	0.115513
2.05124e-09	0.115664
2.05131e-09	0.115814
2.05138e-09	0.115964
2.05145e-09	0.116114
2.05153e-09	0.116263
2.0516e-09	0.116412
2.05167e-09	0.11656
2.05174e-09	0.116709
2.05181e-09	0.116856
2.05188e-09	0.117004
2.05195e-09	0.117151
2.05202e-09	0.117298
2.05209e-09	0.117445
2.05216e-09	0.117591
2.05223e-09	0.117736
2.0523e-09	0.117882
2.05237e-09	0.118027
2.05244e-09	0.118172
2.05252e-09	0.118316
2.05259e-09	0.11846
2.05266e-09	0.118604
2.05273e-09	0.118748
2.0528e-09	0.118891
2.05287e-09	0.119033
2.05294e-09	0.119176
2.05301e-09	0.119318
2.05308e-09	0.119459
2.05315e-09	0.119601
2.05322e-09	0.119742
2.05329e-09	0.119882
2.05336e-09	0.120023
2.05344e-09	0.120163
2.05351e-09	0.120302
2.05358e-09	0.120442
2.05365e-09	0.12058
2.05372e-09	0.120719
2.05379e-09	0.120857
2.05386e-09	0.120995
2.05393e-09	0.121133
2.054e-09	0.12127
2.05407e-09	0.121407
2.05414e-09	0.121543
2.05421e-09	0.121679
2.05428e-09	0.121815
2.05435e-09	0.121951
2.05443e-09	0.122086
2.0545e-09	0.122221
2.05457e-09	0.122355
2.05464e-09	0.122489
2.05471e-09	0.122623
2.05478e-09	0.122756
2.05485e-09	0.12289
2.05492e-09	0.123022
2.05499e-09	0.123155
2.05506e-09	0.123287
2.05513e-09	0.123418
2.0552e-09	0.12355
2.05527e-09	0.123681
2.05534e-09	0.123811
2.05542e-09	0.123942
2.05549e-09	0.124072
2.05556e-09	0.124201
2.05563e-09	0.124331
2.0557e-09	0.124459
2.05577e-09	0.124588
2.05584e-09	0.124716
2.05591e-09	0.124844
2.05598e-09	0.124972
2.05605e-09	0.125099
2.05612e-09	0.125226
2.05619e-09	0.125352
2.05626e-09	0.125478
2.05633e-09	0.125604
2.05641e-09	0.12573
2.05648e-09	0.125855
2.05655e-09	0.12598
2.05662e-09	0.126104
2.05669e-09	0.126228
2.05676e-09	0.126352
2.05683e-09	0.126475
2.0569e-09	0.126599
2.05697e-09	0.126721
2.05704e-09	0.126844
2.05711e-09	0.126966
2.05718e-09	0.127087
2.05725e-09	0.127209
2.05733e-09	0.12733
2.0574e-09	0.12745
2.05747e-09	0.127571
2.05754e-09	0.127691
2.05761e-09	0.12781
2.05768e-09	0.12793
2.05775e-09	0.128048
2.05782e-09	0.128167
2.05789e-09	0.128285
2.05796e-09	0.128403
2.05803e-09	0.128521
2.0581e-09	0.128638
2.05817e-09	0.128755
2.05824e-09	0.128871
2.05832e-09	0.128987
2.05839e-09	0.129103
2.05846e-09	0.129219
2.05853e-09	0.129334
2.0586e-09	0.129449
2.05867e-09	0.129563
2.05874e-09	0.129677
2.05881e-09	0.129791
2.05888e-09	0.129904
2.05895e-09	0.130018
2.05902e-09	0.13013
2.05909e-09	0.130243
2.05916e-09	0.130355
2.05923e-09	0.130466
2.05931e-09	0.130578
2.05938e-09	0.130689
2.05945e-09	0.130799
2.05952e-09	0.13091
2.05959e-09	0.13102
2.05966e-09	0.131129
2.05973e-09	0.131239
2.0598e-09	0.131348
2.05987e-09	0.131456
2.05994e-09	0.131564
2.06001e-09	0.131672
2.06008e-09	0.13178
2.06015e-09	0.131887
2.06022e-09	0.131994
2.0603e-09	0.132101
2.06037e-09	0.132207
2.06044e-09	0.132313
2.06051e-09	0.132418
2.06058e-09	0.132523
2.06065e-09	0.132628
2.06072e-09	0.132733
2.06079e-09	0.132837
2.06086e-09	0.132941
2.06093e-09	0.133044
2.061e-09	0.133147
2.06107e-09	0.13325
2.06114e-09	0.133352
2.06122e-09	0.133454
2.06129e-09	0.133556
2.06136e-09	0.133657
2.06143e-09	0.133759
2.0615e-09	0.133859
2.06157e-09	0.13396
2.06164e-09	0.13406
2.06171e-09	0.134159
2.06178e-09	0.134259
2.06185e-09	0.134358
2.06192e-09	0.134456
2.06199e-09	0.134555
2.06206e-09	0.134653
2.06213e-09	0.13475
2.06221e-09	0.134847
2.06228e-09	0.134944
2.06235e-09	0.135041
2.06242e-09	0.135137
2.06249e-09	0.135233
2.06256e-09	0.135329
2.06263e-09	0.135424
2.0627e-09	0.135519
2.06277e-09	0.135613
2.06284e-09	0.135708
2.06291e-09	0.135801
2.06298e-09	0.135895
2.06305e-09	0.135988
2.06312e-09	0.136081
2.0632e-09	0.136174
2.06327e-09	0.136266
2.06334e-09	0.136358
2.06341e-09	0.136449
2.06348e-09	0.13654
2.06355e-09	0.136631
2.06362e-09	0.136721
2.06369e-09	0.136811
2.06376e-09	0.136901
2.06383e-09	0.136991
2.0639e-09	0.13708
2.06397e-09	0.137169
2.06404e-09	0.137257
2.06412e-09	0.137345
2.06419e-09	0.137433
2.06426e-09	0.13752
2.06433e-09	0.137607
2.0644e-09	0.137694
2.06447e-09	0.13778
2.06454e-09	0.137866
2.06461e-09	0.137952
2.06468e-09	0.138037
2.06475e-09	0.138122
2.06482e-09	0.138207
2.06489e-09	0.138291
2.06496e-09	0.138375
2.06503e-09	0.138459
2.06511e-09	0.138542
2.06518e-09	0.138625
2.06525e-09	0.138708
2.06532e-09	0.13879
2.06539e-09	0.138872
2.06546e-09	0.138954
2.06553e-09	0.139035
2.0656e-09	0.139116
2.06567e-09	0.139197
2.06574e-09	0.139277
2.06581e-09	0.139357
2.06588e-09	0.139436
2.06595e-09	0.139516
2.06602e-09	0.139595
2.0661e-09	0.139673
2.06617e-09	0.139751
2.06624e-09	0.139829
2.06631e-09	0.139907
2.06638e-09	0.139984
2.06645e-09	0.140061
2.06652e-09	0.140138
2.06659e-09	0.140214
2.06666e-09	0.14029
2.06673e-09	0.140365
2.0668e-09	0.14044
2.06687e-09	0.140515
2.06694e-09	0.14059
2.06701e-09	0.140664
2.06709e-09	0.140738
2.06716e-09	0.140811
2.06723e-09	0.140885
2.0673e-09	0.140957
2.06737e-09	0.14103
2.06744e-09	0.141102
2.06751e-09	0.141174
2.06758e-09	0.141245
2.06765e-09	0.141317
2.06772e-09	0.141387
2.06779e-09	0.141458
2.06786e-09	0.141528
2.06793e-09	0.141598
2.06801e-09	0.141667
2.06808e-09	0.141737
2.06815e-09	0.141805
2.06822e-09	0.141874
2.06829e-09	0.141942
2.06836e-09	0.14201
2.06843e-09	0.142077
2.0685e-09	0.142145
2.06857e-09	0.142211
2.06864e-09	0.142278
2.06871e-09	0.142344
2.06878e-09	0.14241
2.06885e-09	0.142475
2.06892e-09	0.14254
2.069e-09	0.142605
2.06907e-09	0.14267
2.06914e-09	0.142734
2.06921e-09	0.142798
2.06928e-09	0.142861
2.06935e-09	0.142924
2.06942e-09	0.142987
2.06949e-09	0.14305
2.06956e-09	0.143112
2.06963e-09	0.143174
2.0697e-09	0.143235
2.06977e-09	0.143296
2.06984e-09	0.143357
2.06991e-09	0.143418
2.06999e-09	0.143478
2.07006e-09	0.143538
2.07013e-09	0.143597
2.0702e-09	0.143656
2.07027e-09	0.143715
2.07034e-09	0.143774
2.07041e-09	0.143832
2.07048e-09	0.14389
2.07055e-09	0.143947
2.07062e-09	0.144005
2.07069e-09	0.144061
2.07076e-09	0.144118
2.07083e-09	0.144174
2.07091e-09	0.14423
2.07098e-09	0.144286
2.07105e-09	0.144341
2.07112e-09	0.144396
2.07119e-09	0.14445
2.07126e-09	0.144504
2.07133e-09	0.144558
2.0714e-09	0.144612
2.07147e-09	0.144665
2.07154e-09	0.144718
2.07161e-09	0.144771
2.07168e-09	0.144823
2.07175e-09	0.144875
2.07182e-09	0.144926
2.0719e-09	0.144978
2.07197e-09	0.145029
2.07204e-09	0.145079
2.07211e-09	0.14513
2.07218e-09	0.14518
2.07225e-09	0.145229
2.07232e-09	0.145279
2.07239e-09	0.145328
2.07246e-09	0.145376
2.07253e-09	0.145425
2.0726e-09	0.145473
2.07267e-09	0.14552
2.07274e-09	0.145568
2.07281e-09	0.145615
2.07289e-09	0.145661
2.07296e-09	0.145708
2.07303e-09	0.145754
2.0731e-09	0.145799
2.07317e-09	0.145845
2.07324e-09	0.14589
2.07331e-09	0.145935
2.07338e-09	0.145979
2.07345e-09	0.146023
2.07352e-09	0.146067
2.07359e-09	0.14611
2.07366e-09	0.146154
2.07373e-09	0.146196
2.0738e-09	0.146239
2.07388e-09	0.146281
2.07395e-09	0.146323
2.07402e-09	0.146364
2.07409e-09	0.146406
2.07416e-09	0.146446
2.07423e-09	0.146487
2.0743e-09	0.146527
2.07437e-09	0.146567
2.07444e-09	0.146607
2.07451e-09	0.146646
2.07458e-09	0.146685
2.07465e-09	0.146724
2.07472e-09	0.146762
2.0748e-09	0.1468
2.07487e-09	0.146838
2.07494e-09	0.146875
2.07501e-09	0.146912
2.07508e-09	0.146949
2.07515e-09	0.146985
2.07522e-09	0.147021
2.07529e-09	0.147057
2.07536e-09	0.147092
2.07543e-09	0.147127
2.0755e-09	0.147162
2.07557e-09	0.147197
2.07564e-09	0.147231
2.07571e-09	0.147264
2.07579e-09	0.147298
2.07586e-09	0.147331
2.07593e-09	0.147364
2.076e-09	0.147397
2.07607e-09	0.147429
2.07614e-09	0.147461
2.07621e-09	0.147492
2.07628e-09	0.147524
2.07635e-09	0.147555
2.07642e-09	0.147585
2.07649e-09	0.147616
2.07656e-09	0.147646
2.07663e-09	0.147675
2.0767e-09	0.147705
2.07678e-09	0.147734
2.07685e-09	0.147762
2.07692e-09	0.147791
2.07699e-09	0.147819
2.07706e-09	0.147847
2.07713e-09	0.147874
2.0772e-09	0.147901
2.07727e-09	0.147928
2.07734e-09	0.147955
2.07741e-09	0.147981
2.07748e-09	0.148007
2.07755e-09	0.148033
2.07762e-09	0.148058
2.0777e-09	0.148083
2.07777e-09	0.148107
2.07784e-09	0.148132
2.07791e-09	0.148156
2.07798e-09	0.14818
2.07805e-09	0.148203
2.07812e-09	0.148226
2.07819e-09	0.148249
2.07826e-09	0.148271
2.07833e-09	0.148293
2.0784e-09	0.148315
2.07847e-09	0.148337
2.07854e-09	0.148358
2.07861e-09	0.148379
2.07869e-09	0.1484
2.07876e-09	0.14842
2.07883e-09	0.14844
2.0789e-09	0.14846
2.07897e-09	0.148479
2.07904e-09	0.148498
2.07911e-09	0.148517
2.07918e-09	0.148535
2.07925e-09	0.148553
2.07932e-09	0.148571
2.07939e-09	0.148589
2.07946e-09	0.148606
2.07953e-09	0.148623
2.0796e-09	0.148639
2.07968e-09	0.148656
2.07975e-09	0.148671
2.07982e-09	0.148687
2.07989e-09	0.148703
2.07996e-09	0.148718
2.08003e-09	0.148732
2.0801e-09	0.148747
2.08017e-09	0.148761
2.08024e-09	0.148775
2.08031e-09	0.148788
2.08038e-09	0.148801
2.08045e-09	0.148814
2.08052e-09	0.148827
2.08059e-09	0.148839
2.08067e-09	0.148851
2.08074e-09	0.148863
2.08081e-09	0.148874
2.08088e-09	0.148885
2.08095e-09	0.148896
2.08102e-09	0.148907
2.08109e-09	0.148917
2.08116e-09	0.148927
2.08123e-09	0.148936
2.0813e-09	0.148945
2.08137e-09	0.148954
2.08144e-09	0.148963
2.08151e-09	0.148971
2.08159e-09	0.148979
2.08166e-09	0.148987
2.08173e-09	0.148994
2.0818e-09	0.149002
2.08187e-09	0.149008
2.08194e-09	0.149015
2.08201e-09	0.149021
2.08208e-09	0.149027
2.08215e-09	0.149033
2.08222e-09	0.149038
2.08229e-09	0.149043
2.08236e-09	0.149048
2.08243e-09	0.149052
2.0825e-09	0.149056
2.08258e-09	0.14906
2.08265e-09	0.149064
2.08272e-09	0.149067
2.08279e-09	0.14907
2.08286e-09	0.149073
2.08293e-09	0.149075
2.083e-09	0.149077
2.08307e-09	0.149079
2.08314e-09	0.14908
2.08321e-09	0.149081
2.08328e-09	0.149082
2.08335e-09	0.149083
2.08342e-09	0.149083
2.08349e-09	0.149083
2.08357e-09	0.149083
2.08364e-09	0.149082
2.08371e-09	0.149081
2.08378e-09	0.14908
2.08385e-09	0.149078
2.08392e-09	0.149077
2.08399e-09	0.149075
2.08406e-09	0.149072
2.08413e-09	0.14907
2.0842e-09	0.149067
2.08427e-09	0.149063
2.08434e-09	0.14906
2.08441e-09	0.149056
2.08448e-09	0.149052
2.08456e-09	0.149047
2.08463e-09	0.149043
2.0847e-09	0.149037
2.08477e-09	0.149032
2.08484e-09	0.149027
2.08491e-09	0.149021
2.08498e-09	0.149014
2.08505e-09	0.149008
2.08512e-09	0.149001
2.08519e-09	0.148994
2.08526e-09	0.148987
2.08533e-09	0.148979
2.0854e-09	0.148971
2.08548e-09	0.148963
2.08555e-09	0.148955
2.08562e-09	0.148946
2.08569e-09	0.148937
2.08576e-09	0.148927
2.08583e-09	0.148918
2.0859e-09	0.148908
2.08597e-09	0.148897
2.08604e-09	0.148887
2.08611e-09	0.148876
2.08618e-09	0.148865
2.08625e-09	0.148854
2.08632e-09	0.148842
2.08639e-09	0.14883
2.08647e-09	0.148818
2.08654e-09	0.148805
2.08661e-09	0.148792
2.08668e-09	0.148779
2.08675e-09	0.148766
2.08682e-09	0.148752
2.08689e-09	0.148738
2.08696e-09	0.148724
2.08703e-09	0.148709
2.0871e-09	0.148695
2.08717e-09	0.14868
2.08724e-09	0.148664
2.08731e-09	0.148649
2.08738e-09	0.148633
2.08746e-09	0.148616
2.08753e-09	0.1486
2.0876e-09	0.148583
2.08767e-09	0.148566
2.08774e-09	0.148549
2.08781e-09	0.148531
2.08788e-09	0.148513
2.08795e-09	0.148495
2.08802e-09	0.148477
2.08809e-09	0.148458
2.08816e-09	0.148439
2.08823e-09	0.148419
2.0883e-09	0.1484
2.08838e-09	0.14838
2.08845e-09	0.14836
2.08852e-09	0.148339
2.08859e-09	0.148319
2.08866e-09	0.148298
2.08873e-09	0.148277
2.0888e-09	0.148255
2.08887e-09	0.148233
2.08894e-09	0.148211
2.08901e-09	0.148189
2.08908e-09	0.148166
2.08915e-09	0.148143
2.08922e-09	0.14812
2.08929e-09	0.148097
2.08937e-09	0.148073
2.08944e-09	0.148049
2.08951e-09	0.148025
2.08958e-09	0.148
2.08965e-09	0.147975
2.08972e-09	0.14795
2.08979e-09	0.147925
2.08986e-09	0.147899
2.08993e-09	0.147873
2.09e-09	0.147847
2.09007e-09	0.14782
2.09014e-09	0.147794
2.09021e-09	0.147767
2.09028e-09	0.147739
2.09036e-09	0.147712
2.09043e-09	0.147684
2.0905e-09	0.147656
2.09057e-09	0.147627
2.09064e-09	0.147599
2.09071e-09	0.14757
2.09078e-09	0.147541
2.09085e-09	0.147511
2.09092e-09	0.147482
2.09099e-09	0.147452
2.09106e-09	0.147421
2.09113e-09	0.147391
2.0912e-09	0.14736
2.09127e-09	0.147329
2.09135e-09	0.147298
2.09142e-09	0.147266
2.09149e-09	0.147234
2.09156e-09	0.147202
2.09163e-09	0.14717
2.0917e-09	0.147137
2.09177e-09	0.147104
2.09184e-09	0.147071
2.09191e-09	0.147037
2.09198e-09	0.147004
2.09205e-09	0.14697
2.09212e-09	0.146935
2.09219e-09	0.146901
2.09227e-09	0.146866
2.09234e-09	0.146831
2.09241e-09	0.146796
2.09248e-09	0.14676
2.09255e-09	0.146724
2.09262e-09	0.146688
2.09269e-09	0.146652
2.09276e-09	0.146615
2.09283e-09	0.146578
2.0929e-09	0.146541
2.09297e-09	0.146504
2.09304e-09	0.146466
2.09311e-09	0.146428
2.09318e-09	0.14639
2.09326e-09	0.146352
2.09333e-09	0.146313
2.0934e-09	0.146274
2.09347e-09	0.146235
2.09354e-09	0.146195
2.09361e-09	0.146155
2.09368e-09	0.146115
2.09375e-09	0.146075
2.09382e-09	0.146035
2.09389e-09	0.145994
2.09396e-09	0.145953
2.09403e-09	0.145912
2.0941e-09	0.14587
2.09417e-09	0.145828
2.09425e-09	0.145786
2.09432e-09	0.145744
2.09439e-09	0.145701
2.09446e-09	0.145659
2.09453e-09	0.145615
2.0946e-09	0.145572
2.09467e-09	0.145529
2.09474e-09	0.145485
2.09481e-09	0.145441
2.09488e-09	0.145396
2.09495e-09	0.145352
2.09502e-09	0.145307
2.09509e-09	0.145262
2.09517e-09	0.145216
2.09524e-09	0.145171
2.09531e-09	0.145125
2.09538e-09	0.145079
2.09545e-09	0.145032
2.09552e-09	0.144986
2.09559e-09	0.144939
2.09566e-09	0.144892
2.09573e-09	0.144845
2.0958e-09	0.144797
2.09587e-09	0.144749
2.09594e-09	0.144701
2.09601e-09	0.144653
2.09608e-09	0.144604
2.09616e-09	0.144555
2.09623e-09	0.144506
2.0963e-09	0.144457
2.09637e-09	0.144407
2.09644e-09	0.144357
2.09651e-09	0.144307
2.09658e-09	0.144257
2.09665e-09	0.144206
2.09672e-09	0.144156
2.09679e-09	0.144104
2.09686e-09	0.144053
2.09693e-09	0.144002
2.097e-09	0.14395
2.09707e-09	0.143898
2.09715e-09	0.143846
2.09722e-09	0.143793
2.09729e-09	0.14374
2.09736e-09	0.143687
2.09743e-09	0.143634
2.0975e-09	0.14358
2.09757e-09	0.143527
2.09764e-09	0.143473
2.09771e-09	0.143419
2.09778e-09	0.143364
2.09785e-09	0.143309
2.09792e-09	0.143254
2.09799e-09	0.143199
2.09806e-09	0.143144
2.09814e-09	0.143088
2.09821e-09	0.143032
2.09828e-09	0.142976
2.09835e-09	0.14292
2.09842e-09	0.142863
2.09849e-09	0.142806
2.09856e-09	0.142749
2.09863e-09	0.142692
2.0987e-09	0.142634
2.09877e-09	0.142576
2.09884e-09	0.142518
2.09891e-09	0.14246
2.09898e-09	0.142402
2.09906e-09	0.142343
2.09913e-09	0.142284
2.0992e-09	0.142225
2.09927e-09	0.142165
2.09934e-09	0.142106
2.09941e-09	0.142046
2.09948e-09	0.141986
2.09955e-09	0.141925
2.09962e-09	0.141865
2.09969e-09	0.141804
2.09976e-09	0.141743
2.09983e-09	0.141681
2.0999e-09	0.14162
2.09997e-09	0.141558
2.10005e-09	0.141496
2.10012e-09	0.141434
2.10019e-09	0.141371
2.10026e-09	0.141309
2.10033e-09	0.141246
2.1004e-09	0.141183
2.10047e-09	0.141119
2.10054e-09	0.141056
2.10061e-09	0.140992
2.10068e-09	0.140928
2.10075e-09	0.140863
2.10082e-09	0.140799
2.10089e-09	0.140734
2.10096e-09	0.140669
2.10104e-09	0.140604
2.10111e-09	0.140538
2.10118e-09	0.140473
2.10125e-09	0.140407
2.10132e-09	0.140341
2.10139e-09	0.140274
2.10146e-09	0.140208
2.10153e-09	0.140141
2.1016e-09	0.140074
2.10167e-09	0.140007
2.10174e-09	0.139939
2.10181e-09	0.139872
2.10188e-09	0.139804
2.10196e-09	0.139736
2.10203e-09	0.139667
2.1021e-09	0.139599
2.10217e-09	0.13953
2.10224e-09	0.139461
2.10231e-09	0.139392
2.10238e-09	0.139322
2.10245e-09	0.139253
2.10252e-09	0.139183
2.10259e-09	0.139113
2.10266e-09	0.139042
2.10273e-09	0.138972
2.1028e-09	0.138901
2.10287e-09	0.13883
2.10295e-09	0.138759
2.10302e-09	0.138688
2.10309e-09	0.138616
2.10316e-09	0.138544
2.10323e-09	0.138472
2.1033e-09	0.1384
2.10337e-09	0.138327
2.10344e-09	0.138255
2.10351e-09	0.138182
2.10358e-09	0.138109
2.10365e-09	0.138035
2.10372e-09	0.137962
2.10379e-09	0.137888
2.10386e-09	0.137814
2.10394e-09	0.13774
2.10401e-09	0.137665
2.10408e-09	0.137591
2.10415e-09	0.137516
2.10422e-09	0.137441
2.10429e-09	0.137365
2.10436e-09	0.13729
2.10443e-09	0.137214
2.1045e-09	0.137138
2.10457e-09	0.137062
2.10464e-09	0.136986
2.10471e-09	0.136909
2.10478e-09	0.136833
2.10485e-09	0.136756
2.10493e-09	0.136678
2.105e-09	0.136601
2.10507e-09	0.136524
2.10514e-09	0.136446
2.10521e-09	0.136368
2.10528e-09	0.13629
2.10535e-09	0.136211
2.10542e-09	0.136133
2.10549e-09	0.136054
2.10556e-09	0.135975
2.10563e-09	0.135896
2.1057e-09	0.135816
2.10577e-09	0.135736
2.10585e-09	0.135657
2.10592e-09	0.135577
2.10599e-09	0.135496
2.10606e-09	0.135416
2.10613e-09	0.135335
2.1062e-09	0.135254
2.10627e-09	0.135173
2.10634e-09	0.135092
2.10641e-09	0.135011
2.10648e-09	0.134929
2.10655e-09	0.134847
2.10662e-09	0.134765
2.10669e-09	0.134683
2.10676e-09	0.1346
2.10684e-09	0.134518
2.10691e-09	0.134435
2.10698e-09	0.134352
2.10705e-09	0.134268
2.10712e-09	0.134185
2.10719e-09	0.134101
2.10726e-09	0.134017
2.10733e-09	0.133933
2.1074e-09	0.133849
2.10747e-09	0.133765
2.10754e-09	0.13368
2.10761e-09	0.133595
2.10768e-09	0.13351
2.10775e-09	0.133425
2.10783e-09	0.133339
2.1079e-09	0.133254
2.10797e-09	0.133168
2.10804e-09	0.133082
2.10811e-09	0.132996
2.10818e-09	0.132909
2.10825e-09	0.132823
2.10832e-09	0.132736
2.10839e-09	0.132649
2.10846e-09	0.132562
2.10853e-09	0.132475
2.1086e-09	0.132387
2.10867e-09	0.132299
2.10874e-09	0.132211
2.10882e-09	0.132123
2.10889e-09	0.132035
2.10896e-09	0.131946
2.10903e-09	0.131858
2.1091e-09	0.131769
2.10917e-09	0.13168
2.10924e-09	0.131591
2.10931e-09	0.131501
2.10938e-09	0.131412
2.10945e-09	0.131322
2.10952e-09	0.131232
2.10959e-09	0.131142
2.10966e-09	0.131051
2.10974e-09	0.130961
2.10981e-09	0.13087
2.10988e-09	0.130779
2.10995e-09	0.130688
2.11002e-09	0.130596
2.11009e-09	0.130505
2.11016e-09	0.130413
2.11023e-09	0.130321
2.1103e-09	0.130229
2.11037e-09	0.130137
2.11044e-09	0.130045
2.11051e-09	0.129952
2.11058e-09	0.129859
2.11065e-09	0.129767
2.11073e-09	0.129673
2.1108e-09	0.12958
2.11087e-09	0.129487
2.11094e-09	0.129393
2.11101e-09	0.129299
2.11108e-09	0.129205
2.11115e-09	0.129111
2.11122e-09	0.129017
2.11129e-09	0.128922
2.11136e-09	0.128827
2.11143e-09	0.128732
2.1115e-09	0.128637
2.11157e-09	0.128542
2.11164e-09	0.128446
2.11172e-09	0.128351
2.11179e-09	0.128255
2.11186e-09	0.128159
2.11193e-09	0.128063
2.112e-09	0.127967
2.11207e-09	0.12787
2.11214e-09	0.127773
2.11221e-09	0.127677
2.11228e-09	0.12758
2.11235e-09	0.127482
2.11242e-09	0.127385
2.11249e-09	0.127287
2.11256e-09	0.12719
2.11264e-09	0.127092
2.11271e-09	0.126994
2.11278e-09	0.126896
2.11285e-09	0.126797
2.11292e-09	0.126699
2.11299e-09	0.1266
2.11306e-09	0.126501
2.11313e-09	0.126402
2.1132e-09	0.126303
2.11327e-09	0.126203
2.11334e-09	0.126104
2.11341e-09	0.126004
2.11348e-09	0.125904
2.11355e-09	0.125804
2.11363e-09	0.125704
2.1137e-09	0.125603
2.11377e-09	0.125503
2.11384e-09	0.125402
2.11391e-09	0.125301
2.11398e-09	0.1252
2.11405e-09	0.125099
2.11412e-09	0.124997
2.11419e-09	0.124896
2.11426e-09	0.124794
2.11433e-09	0.124692
2.1144e-09	0.12459
2.11447e-09	0.124488
2.11454e-09	0.124385
2.11462e-09	0.124283
2.11469e-09	0.12418
2.11476e-09	0.124077
2.11483e-09	0.123974
2.1149e-09	0.123871
2.11497e-09	0.123768
2.11504e-09	0.123664
2.11511e-09	0.12356
2.11518e-09	0.123457
2.11525e-09	0.123353
2.11532e-09	0.123248
2.11539e-09	0.123144
2.11546e-09	0.12304
2.11553e-09	0.122935
2.11561e-09	0.12283
2.11568e-09	0.122725
2.11575e-09	0.12262
2.11582e-09	0.122515
2.11589e-09	0.12241
2.11596e-09	0.122304
2.11603e-09	0.122198
2.1161e-09	0.122092
2.11617e-09	0.121986
2.11624e-09	0.12188
2.11631e-09	0.121774
2.11638e-09	0.121667
2.11645e-09	0.121561
2.11653e-09	0.121454
2.1166e-09	0.121347
2.11667e-09	0.12124
2.11674e-09	0.121133
2.11681e-09	0.121025
2.11688e-09	0.120918
2.11695e-09	0.12081
2.11702e-09	0.120702
2.11709e-09	0.120594
2.11716e-09	0.120486
2.11723e-09	0.120378
2.1173e-09	0.120269
2.11737e-09	0.120161
2.11744e-09	0.120052
2.11752e-09	0.119943
2.11759e-09	0.119834
2.11766e-09	0.119725
2.11773e-09	0.119615
2.1178e-09	0.119506
2.11787e-09	0.119396
2.11794e-09	0.119286
2.11801e-09	0.119176
2.11808e-09	0.119066
2.11815e-09	0.118956
2.11822e-09	0.118846
2.11829e-09	0.118735
2.11836e-09	0.118625
2.11843e-09	0.118514
2.11851e-09	0.118403
2.11858e-09	0.118292
2.11865e-09	0.118181
2.11872e-09	0.118069
2.11879e-09	0.117958
2.11886e-09	0.117846
2.11893e-09	0.117734
2.119e-09	0.117622
2.11907e-09	0.11751
2.11914e-09	0.117398
2.11921e-09	0.117286
2.11928e-09	0.117173
2.11935e-09	0.117061
2.11943e-09	0.116948
2.1195e-09	0.116835
2.11957e-09	0.116722
2.11964e-09	0.116609
2.11971e-09	0.116496
2.11978e-09	0.116382
2.11985e-09	0.116269
2.11992e-09	0.116155
2.11999e-09	0.116041
2.12006e-09	0.115927
2.12013e-09	0.115813
2.1202e-09	0.115699
2.12027e-09	0.115584
2.12034e-09	0.11547
2.12042e-09	0.115355
2.12049e-09	0.11524
2.12056e-09	0.115125
2.12063e-09	0.11501
2.1207e-09	0.114895
2.12077e-09	0.11478
2.12084e-09	0.114664
2.12091e-09	0.114549
2.12098e-09	0.114433
2.12105e-09	0.114317
2.12112e-09	0.114201
2.12119e-09	0.114085
2.12126e-09	0.113969
2.12133e-09	0.113853
2.12141e-09	0.113736
2.12148e-09	0.113619
2.12155e-09	0.113503
2.12162e-09	0.113386
2.12169e-09	0.113269
2.12176e-09	0.113152
2.12183e-09	0.113034
2.1219e-09	0.112917
2.12197e-09	0.112799
2.12204e-09	0.112682
2.12211e-09	0.112564
2.12218e-09	0.112446
2.12225e-09	0.112328
2.12232e-09	0.11221
2.1224e-09	0.112092
2.12247e-09	0.111973
2.12254e-09	0.111855
2.12261e-09	0.111736
2.12268e-09	0.111618
2.12275e-09	0.111499
2.12282e-09	0.11138
2.12289e-09	0.111261
2.12296e-09	0.111141
2.12303e-09	0.111022
2.1231e-09	0.110903
2.12317e-09	0.110783
2.12324e-09	0.110663
2.12332e-09	0.110543
2.12339e-09	0.110423
2.12346e-09	0.110303
2.12353e-09	0.110183
2.1236e-09	0.110063
2.12367e-09	0.109942
2.12374e-09	0.109822
2.12381e-09	0.109701
2.12388e-09	0.10958
2.12395e-09	0.10946
2.12402e-09	0.109339
2.12409e-09	0.109217
2.12416e-09	0.109096
2.12423e-09	0.108975
2.12431e-09	0.108853
2.12438e-09	0.108732
2.12445e-09	0.10861
2.12452e-09	0.108488
2.12459e-09	0.108366
2.12466e-09	0.108244
2.12473e-09	0.108122
2.1248e-09	0.108
2.12487e-09	0.107878
2.12494e-09	0.107755
2.12501e-09	0.107633
2.12508e-09	0.10751
2.12515e-09	0.107387
2.12522e-09	0.107264
2.1253e-09	0.107141
2.12537e-09	0.107018
2.12544e-09	0.106895
2.12551e-09	0.106771
2.12558e-09	0.106648
2.12565e-09	0.106524
2.12572e-09	0.106401
2.12579e-09	0.106277
2.12586e-09	0.106153
2.12593e-09	0.106029
2.126e-09	0.105905
2.12607e-09	0.105781
2.12614e-09	0.105656
2.12622e-09	0.105532
2.12629e-09	0.105407
2.12636e-09	0.105283
2.12643e-09	0.105158
2.1265e-09	0.105033
2.12657e-09	0.104908
2.12664e-09	0.104783
2.12671e-09	0.104658
2.12678e-09	0.104533
2.12685e-09	0.104407
2.12692e-09	0.104282
2.12699e-09	0.104156
2.12706e-09	0.104031
2.12713e-09	0.103905
2.12721e-09	0.103779
2.12728e-09	0.103653
2.12735e-09	0.103527
2.12742e-09	0.103401
2.12749e-09	0.103275
2.12756e-09	0.103148
2.12763e-09	0.103022
2.1277e-09	0.102895
2.12777e-09	0.102769
2.12784e-09	0.102642
2.12791e-09	0.102515
2.12798e-09	0.102388
2.12805e-09	0.102261
2.12812e-09	0.102134
2.1282e-09	0.102007
2.12827e-09	0.10188
2.12834e-09	0.101752
2.12841e-09	0.101625
2.12848e-09	0.101497
2.12855e-09	0.101369
2.12862e-09	0.101242
2.12869e-09	0.101114
2.12876e-09	0.100986
2.12883e-09	0.100858
2.1289e-09	0.10073
2.12897e-09	0.100601
2.12904e-09	0.100473
2.12911e-09	0.100345
2.12919e-09	0.100216
2.12926e-09	0.100087
2.12933e-09	0.0999588
2.1294e-09	0.09983
2.12947e-09	0.0997011
2.12954e-09	0.0995722
2.12961e-09	0.0994431
2.12968e-09	0.099314
2.12975e-09	0.0991847
2.12982e-09	0.0990554
2.12989e-09	0.098926
2.12996e-09	0.0987965
2.13003e-09	0.098667
2.13011e-09	0.0985373
2.13018e-09	0.0984076
2.13025e-09	0.0982777
2.13032e-09	0.0981478
2.13039e-09	0.0980178
2.13046e-09	0.0978877
2.13053e-09	0.0977576
2.1306e-09	0.0976273
2.13067e-09	0.097497
2.13074e-09	0.0973665
2.13081e-09	0.097236
2.13088e-09	0.0971055
2.13095e-09	0.0969748
2.13102e-09	0.0968441
2.1311e-09	0.0967132
2.13117e-09	0.0965823
2.13124e-09	0.0964513
2.13131e-09	0.0963203
2.13138e-09	0.0961891
2.13145e-09	0.0960579
2.13152e-09	0.0959266
2.13159e-09	0.0957952
2.13166e-09	0.0956637
2.13173e-09	0.0955322
2.1318e-09	0.0954006
2.13187e-09	0.0952689
2.13194e-09	0.0951371
2.13201e-09	0.0950052
2.13209e-09	0.0948733
2.13216e-09	0.0947413
2.13223e-09	0.0946092
2.1323e-09	0.0944771
2.13237e-09	0.0943448
2.13244e-09	0.0942125
2.13251e-09	0.0940801
2.13258e-09	0.0939477
2.13265e-09	0.0938152
2.13272e-09	0.0936826
2.13279e-09	0.0935499
2.13286e-09	0.0934171
2.13293e-09	0.0932843
2.133e-09	0.0931514
2.13308e-09	0.0930185
2.13315e-09	0.0928854
2.13322e-09	0.0927523
2.13329e-09	0.0926192
2.13336e-09	0.0924859
2.13343e-09	0.0923526
2.1335e-09	0.0922192
2.13357e-09	0.0920857
2.13364e-09	0.0919522
2.13371e-09	0.0918186
2.13378e-09	0.091685
2.13385e-09	0.0915512
2.13392e-09	0.0914174
2.134e-09	0.0912836
2.13407e-09	0.0911497
2.13414e-09	0.0910157
2.13421e-09	0.0908816
2.13428e-09	0.0907475
2.13435e-09	0.0906133
2.13442e-09	0.090479
2.13449e-09	0.0903447
2.13456e-09	0.0902103
2.13463e-09	0.0900758
2.1347e-09	0.0899413
2.13477e-09	0.0898067
2.13484e-09	0.0896721
2.13491e-09	0.0895374
2.13499e-09	0.0894026
2.13506e-09	0.0892678
2.13513e-09	0.0891329
2.1352e-09	0.0889979
2.13527e-09	0.0888629
2.13534e-09	0.0887278
2.13541e-09	0.0885927
2.13548e-09	0.0884575
2.13555e-09	0.0883222
2.13562e-09	0.0881869
2.13569e-09	0.0880515
2.13576e-09	0.0879161
2.13583e-09	0.0877806
2.1359e-09	0.087645
2.13598e-09	0.0875094
2.13605e-09	0.0873737
2.13612e-09	0.087238
2.13619e-09	0.0871022
2.13626e-09	0.0869664
2.13633e-09	0.0868305
2.1364e-09	0.0866945
2.13647e-09	0.0865585
2.13654e-09	0.0864225
2.13661e-09	0.0862863
2.13668e-09	0.0861502
2.13675e-09	0.0860139
2.13682e-09	0.0858777
2.1369e-09	0.0857413
2.13697e-09	0.0856049
2.13704e-09	0.0854685
2.13711e-09	0.085332
2.13718e-09	0.0851954
2.13725e-09	0.0850588
2.13732e-09	0.0849222
2.13739e-09	0.0847855
2.13746e-09	0.0846487
2.13753e-09	0.0845119
2.1376e-09	0.0843751
2.13767e-09	0.0842382
2.13774e-09	0.0841012
2.13781e-09	0.0839642
2.13789e-09	0.0838272
2.13796e-09	0.0836901
2.13803e-09	0.0835529
2.1381e-09	0.0834157
2.13817e-09	0.0832785
2.13824e-09	0.0831412
2.13831e-09	0.0830038
2.13838e-09	0.0828664
2.13845e-09	0.082729
2.13852e-09	0.0825915
2.13859e-09	0.082454
2.13866e-09	0.0823164
2.13873e-09	0.0821788
2.1388e-09	0.0820412
2.13888e-09	0.0819035
2.13895e-09	0.0817657
2.13902e-09	0.0816279
2.13909e-09	0.0814901
2.13916e-09	0.0813522
2.13923e-09	0.0812143
2.1393e-09	0.0810763
2.13937e-09	0.0809383
2.13944e-09	0.0808002
2.13951e-09	0.0806622
2.13958e-09	0.080524
2.13965e-09	0.0803858
2.13972e-09	0.0802476
2.13979e-09	0.0801094
2.13987e-09	0.0799711
2.13994e-09	0.0798327
2.14001e-09	0.0796944
2.14008e-09	0.079556
2.14015e-09	0.0794175
2.14022e-09	0.079279
2.14029e-09	0.0791405
2.14036e-09	0.0790019
2.14043e-09	0.0788633
2.1405e-09	0.0787247
2.14057e-09	0.078586
2.14064e-09	0.0784473
2.14071e-09	0.0783086
2.14079e-09	0.0781698
2.14086e-09	0.0780309
2.14093e-09	0.0778921
2.141e-09	0.0777532
2.14107e-09	0.0776143
2.14114e-09	0.0774753
2.14121e-09	0.0773363
2.14128e-09	0.0771973
2.14135e-09	0.0770582
2.14142e-09	0.0769192
2.14149e-09	0.07678
2.14156e-09	0.0766409
2.14163e-09	0.0765017
2.1417e-09	0.0763625
2.14178e-09	0.0762232
2.14185e-09	0.0760839
2.14192e-09	0.0759446
2.14199e-09	0.0758053
2.14206e-09	0.0756659
2.14213e-09	0.0755265
2.1422e-09	0.0753871
2.14227e-09	0.0752476
2.14234e-09	0.0751081
2.14241e-09	0.0749686
2.14248e-09	0.074829
2.14255e-09	0.0746895
2.14262e-09	0.0745499
2.14269e-09	0.0744102
2.14277e-09	0.0742706
2.14284e-09	0.0741309
2.14291e-09	0.0739912
2.14298e-09	0.0738514
2.14305e-09	0.0737117
2.14312e-09	0.0735719
2.14319e-09	0.0734321
2.14326e-09	0.0732923
2.14333e-09	0.0731524
2.1434e-09	0.0730125
2.14347e-09	0.0728726
2.14354e-09	0.0727327
2.14361e-09	0.0725927
2.14369e-09	0.0724527
2.14376e-09	0.0723127
2.14383e-09	0.0721727
2.1439e-09	0.0720327
2.14397e-09	0.0718926
2.14404e-09	0.0717525
2.14411e-09	0.0716124
2.14418e-09	0.0714723
2.14425e-09	0.0713321
2.14432e-09	0.071192
2.14439e-09	0.0710518
2.14446e-09	0.0709116
2.14453e-09	0.0707713
2.1446e-09	0.0706311
2.14468e-09	0.0704908
2.14475e-09	0.0703505
2.14482e-09	0.0702102
2.14489e-09	0.0700699
2.14496e-09	0.0699296
2.14503e-09	0.0697892
2.1451e-09	0.0696489
2.14517e-09	0.0695085
2.14524e-09	0.0693681
2.14531e-09	0.0692277
2.14538e-09	0.0690872
2.14545e-09	0.0689468
2.14552e-09	0.0688063
2.14559e-09	0.0686658
2.14567e-09	0.0685254
2.14574e-09	0.0683848
2.14581e-09	0.0682443
2.14588e-09	0.0681038
2.14595e-09	0.0679633
2.14602e-09	0.0678227
2.14609e-09	0.0676821
2.14616e-09	0.0675415
2.14623e-09	0.067401
2.1463e-09	0.0672603
2.14637e-09	0.0671197
2.14644e-09	0.0669791
2.14651e-09	0.0668385
2.14658e-09	0.0666978
2.14666e-09	0.0665572
2.14673e-09	0.0664165
2.1468e-09	0.0662758
2.14687e-09	0.0661351
2.14694e-09	0.0659944
2.14701e-09	0.0658537
2.14708e-09	0.065713
2.14715e-09	0.0655723
2.14722e-09	0.0654316
2.14729e-09	0.0652909
2.14736e-09	0.0651501
2.14743e-09	0.0650094
2.1475e-09	0.0648686
2.14758e-09	0.0647279
2.14765e-09	0.0645871
2.14772e-09	0.0644463
2.14779e-09	0.0643055
2.14786e-09	0.0641648
2.14793e-09	0.064024
2.148e-09	0.0638832
2.14807e-09	0.0637424
2.14814e-09	0.0636016
2.14821e-09	0.0634608
2.14828e-09	0.06332
2.14835e-09	0.0631792
2.14842e-09	0.0630384
2.14849e-09	0.0628976
2.14857e-09	0.0627568
2.14864e-09	0.062616
2.14871e-09	0.0624751
2.14878e-09	0.0623343
2.14885e-09	0.0621935
2.14892e-09	0.0620527
2.14899e-09	0.0619119
2.14906e-09	0.0617711
2.14913e-09	0.0616302
2.1492e-09	0.0614894
2.14927e-09	0.0613486
2.14934e-09	0.0612078
2.14941e-09	0.061067
2.14948e-09	0.0609262
2.14956e-09	0.0607854
2.14963e-09	0.0606446
2.1497e-09	0.0605038
2.14977e-09	0.060363
2.14984e-09	0.0602222
2.14991e-09	0.0600814
2.14998e-09	0.0599406
2.15005e-09	0.0597998
2.15012e-09	0.059659
2.15019e-09	0.0595183
2.15026e-09	0.0593775
2.15033e-09	0.0592367
2.1504e-09	0.059096
2.15047e-09	0.0589552
2.15055e-09	0.0588145
2.15062e-09	0.0586738
2.15069e-09	0.058533
2.15076e-09	0.0583923
2.15083e-09	0.0582516
2.1509e-09	0.0581109
2.15097e-09	0.0579702
2.15104e-09	0.0578295
2.15111e-09	0.0576888
2.15118e-09	0.0575481
2.15125e-09	0.0574075
2.15132e-09	0.0572668
2.15139e-09	0.0571262
2.15147e-09	0.0569855
2.15154e-09	0.0568449
2.15161e-09	0.0567043
2.15168e-09	0.0565637
2.15175e-09	0.0564231
2.15182e-09	0.0562825
2.15189e-09	0.056142
2.15196e-09	0.0560014
2.15203e-09	0.0558608
2.1521e-09	0.0557203
2.15217e-09	0.0555798
2.15224e-09	0.0554393
2.15231e-09	0.0552988
2.15238e-09	0.0551583
2.15246e-09	0.0550179
2.15253e-09	0.0548774
2.1526e-09	0.054737
2.15267e-09	0.0545966
2.15274e-09	0.0544561
2.15281e-09	0.0543158
2.15288e-09	0.0541754
2.15295e-09	0.054035
2.15302e-09	0.0538947
2.15309e-09	0.0537544
2.15316e-09	0.053614
2.15323e-09	0.0534738
2.1533e-09	0.0533335
2.15337e-09	0.0531932
2.15345e-09	0.053053
2.15352e-09	0.0529128
2.15359e-09	0.0527726
2.15366e-09	0.0526324
2.15373e-09	0.0524922
2.1538e-09	0.0523521
2.15387e-09	0.0522119
2.15394e-09	0.0520718
2.15401e-09	0.0519318
2.15408e-09	0.0517917
2.15415e-09	0.0516517
2.15422e-09	0.0515116
2.15429e-09	0.0513716
2.15437e-09	0.0512316
2.15444e-09	0.0510917
2.15451e-09	0.0509518
2.15458e-09	0.0508118
2.15465e-09	0.0506719
2.15472e-09	0.0505321
2.15479e-09	0.0503922
2.15486e-09	0.0502524
2.15493e-09	0.0501126
2.155e-09	0.0499728
2.15507e-09	0.0498331
2.15514e-09	0.0496934
2.15521e-09	0.0495537
2.15528e-09	0.049414
2.15536e-09	0.0492743
2.15543e-09	0.0491347
2.1555e-09	0.0489951
2.15557e-09	0.0488556
2.15564e-09	0.048716
2.15571e-09	0.0485765
2.15578e-09	0.048437
2.15585e-09	0.0482975
2.15592e-09	0.0481581
2.15599e-09	0.0480187
2.15606e-09	0.0478793
2.15613e-09	0.0477399
2.1562e-09	0.0476006
2.15627e-09	0.0474613
2.15635e-09	0.0473221
2.15642e-09	0.0471828
2.15649e-09	0.0470436
2.15656e-09	0.0469044
2.15663e-09	0.0467653
2.1567e-09	0.0466262
2.15677e-09	0.0464871
2.15684e-09	0.046348
2.15691e-09	0.046209
2.15698e-09	0.04607
2.15705e-09	0.0459311
2.15712e-09	0.0457921
2.15719e-09	0.0456532
2.15726e-09	0.0455144
2.15734e-09	0.0453755
2.15741e-09	0.0452367
2.15748e-09	0.045098
2.15755e-09	0.0449592
2.15762e-09	0.0448205
2.15769e-09	0.0446819
2.15776e-09	0.0445433
2.15783e-09	0.0444047
2.1579e-09	0.0442661
2.15797e-09	0.0441276
2.15804e-09	0.0439891
2.15811e-09	0.0438506
2.15818e-09	0.0437122
2.15826e-09	0.0435738
2.15833e-09	0.0434355
2.1584e-09	0.0432972
2.15847e-09	0.0431589
2.15854e-09	0.0430207
2.15861e-09	0.0428825
2.15868e-09	0.0427443
2.15875e-09	0.0426062
2.15882e-09	0.0424681
2.15889e-09	0.0423301
2.15896e-09	0.0421921
2.15903e-09	0.0420541
2.1591e-09	0.0419162
2.15917e-09	0.0417783
2.15925e-09	0.0416404
2.15932e-09	0.0415026
2.15939e-09	0.0413649
2.15946e-09	0.0412271
2.15953e-09	0.0410895
2.1596e-09	0.0409518
2.15967e-09	0.0408142
2.15974e-09	0.0406766
2.15981e-09	0.0405391
2.15988e-09	0.0404016
2.15995e-09	0.0402642
2.16002e-09	0.0401268
2.16009e-09	0.0399895
2.16016e-09	0.0398522
2.16024e-09	0.0397149
2.16031e-09	0.0395777
2.16038e-09	0.0394405
2.16045e-09	0.0393034
2.16052e-09	0.0391663
2.16059e-09	0.0390292
2.16066e-09	0.0388922
2.16073e-09	0.0387553
2.1608e-09	0.0386184
2.16087e-09	0.0384815
2.16094e-09	0.0383447
2.16101e-09	0.0382079
2.16108e-09	0.0380712
2.16116e-09	0.0379345
2.16123e-09	0.0377979
2.1613e-09	0.0376613
2.16137e-09	0.0375247
2.16144e-09	0.0373883
2.16151e-09	0.0372518
2.16158e-09	0.0371154
2.16165e-09	0.0369791
2.16172e-09	0.0368428
2.16179e-09	0.0367065
2.16186e-09	0.0365703
2.16193e-09	0.0364342
2.162e-09	0.0362981
2.16207e-09	0.036162
2.16215e-09	0.036026
2.16222e-09	0.0358901
2.16229e-09	0.0357542
2.16236e-09	0.0356183
2.16243e-09	0.0354825
2.1625e-09	0.0353468
2.16257e-09	0.0352111
2.16264e-09	0.0350754
2.16271e-09	0.0349398
2.16278e-09	0.0348043
2.16285e-09	0.0346688
2.16292e-09	0.0345333
2.16299e-09	0.034398
2.16306e-09	0.0342626
2.16314e-09	0.0341273
2.16321e-09	0.0339921
2.16328e-09	0.033857
2.16335e-09	0.0337218
2.16342e-09	0.0335868
2.16349e-09	0.0334518
2.16356e-09	0.0333168
2.16363e-09	0.0331819
2.1637e-09	0.0330471
2.16377e-09	0.0329123
2.16384e-09	0.0327775
2.16391e-09	0.0326429
2.16398e-09	0.0325082
2.16405e-09	0.0323737
2.16413e-09	0.0322392
2.1642e-09	0.0321047
2.16427e-09	0.0319703
2.16434e-09	0.031836
2.16441e-09	0.0317017
2.16448e-09	0.0315675
2.16455e-09	0.0314333
2.16462e-09	0.0312992
2.16469e-09	0.0311652
2.16476e-09	0.0310312
2.16483e-09	0.0308972
2.1649e-09	0.0307634
2.16497e-09	0.0306295
2.16505e-09	0.0304958
2.16512e-09	0.0303621
2.16519e-09	0.0302285
2.16526e-09	0.0300949
2.16533e-09	0.0299614
2.1654e-09	0.0298279
2.16547e-09	0.0296945
2.16554e-09	0.0295612
2.16561e-09	0.0294279
2.16568e-09	0.0292947
2.16575e-09	0.0291616
2.16582e-09	0.0290285
2.16589e-09	0.0288955
2.16596e-09	0.0287625
2.16604e-09	0.0286296
2.16611e-09	0.0284968
2.16618e-09	0.028364
2.16625e-09	0.0282313
2.16632e-09	0.0280987
2.16639e-09	0.0279661
2.16646e-09	0.0278336
2.16653e-09	0.0277011
2.1666e-09	0.0275687
2.16667e-09	0.0274364
2.16674e-09	0.0273042
2.16681e-09	0.027172
2.16688e-09	0.0270398
2.16695e-09	0.0269078
2.16703e-09	0.0267758
2.1671e-09	0.0266439
2.16717e-09	0.026512
2.16724e-09	0.0263802
2.16731e-09	0.0262485
2.16738e-09	0.0261168
2.16745e-09	0.0259852
2.16752e-09	0.0258537
2.16759e-09	0.0257222
2.16766e-09	0.0255908
2.16773e-09	0.0254595
2.1678e-09	0.0253282
2.16787e-09	0.025197
2.16795e-09	0.0250659
2.16802e-09	0.0249349
2.16809e-09	0.0248039
2.16816e-09	0.024673
2.16823e-09	0.0245421
2.1683e-09	0.0244114
2.16837e-09	0.0242807
2.16844e-09	0.02415
2.16851e-09	0.0240194
2.16858e-09	0.023889
2.16865e-09	0.0237585
2.16872e-09	0.0236282
2.16879e-09	0.0234979
2.16886e-09	0.0233677
2.16894e-09	0.0232375
2.16901e-09	0.0231075
2.16908e-09	0.0229775
2.16915e-09	0.0228476
2.16922e-09	0.0227177
2.16929e-09	0.0225879
2.16936e-09	0.0224582
2.16943e-09	0.0223286
2.1695e-09	0.022199
2.16957e-09	0.0220696
2.16964e-09	0.0219401
2.16971e-09	0.0218108
2.16978e-09	0.0216815
2.16985e-09	0.0215524
2.16993e-09	0.0214232
2.17e-09	0.0212942
2.17007e-09	0.0211652
2.17014e-09	0.0210363
2.17021e-09	0.0209075
2.17028e-09	0.0207788
2.17035e-09	0.0206501
2.17042e-09	0.0205215
2.17049e-09	0.020393
2.17056e-09	0.0202646
2.17063e-09	0.0201362
2.1707e-09	0.0200079
2.17077e-09	0.0198797
2.17084e-09	0.0197516
2.17092e-09	0.0196235
2.17099e-09	0.0194956
2.17106e-09	0.0193677
2.17113e-09	0.0192399
2.1712e-09	0.0191121
2.17127e-09	0.0189845
2.17134e-09	0.0188569
2.17141e-09	0.0187294
2.17148e-09	0.0186019
2.17155e-09	0.0184746
2.17162e-09	0.0183473
2.17169e-09	0.0182201
2.17176e-09	0.018093
2.17184e-09	0.017966
2.17191e-09	0.017839
2.17198e-09	0.0177122
2.17205e-09	0.0175854
2.17212e-09	0.0174587
2.17219e-09	0.017332
2.17226e-09	0.0172055
2.17233e-09	0.017079
2.1724e-09	0.0169527
2.17247e-09	0.0168264
2.17254e-09	0.0167001
2.17261e-09	0.016574
2.17268e-09	0.0164479
2.17275e-09	0.016322
2.17283e-09	0.0161961
2.1729e-09	0.0160703
2.17297e-09	0.0159445
2.17304e-09	0.0158189
2.17311e-09	0.0156933
2.17318e-09	0.0155679
2.17325e-09	0.0154425
2.17332e-09	0.0153172
2.17339e-09	0.0151919
2.17346e-09	0.0150668
2.17353e-09	0.0149417
2.1736e-09	0.0148168
2.17367e-09	0.0146919
2.17374e-09	0.0145671
2.17382e-09	0.0144424
2.17389e-09	0.0143177
2.17396e-09	0.0141932
2.17403e-09	0.0140687
2.1741e-09	0.0139443
2.17417e-09	0.0138201
2.17424e-09	0.0136959
2.17431e-09	0.0135717
2.17438e-09	0.0134477
2.17445e-09	0.0133238
2.17452e-09	0.0131999
2.17459e-09	0.0130762
2.17466e-09	0.0129525
2.17473e-09	0.0128289
2.17481e-09	0.0127054
2.17488e-09	0.012582
2.17495e-09	0.0124586
2.17502e-09	0.0123354
2.17509e-09	0.0122122
2.17516e-09	0.0120892
2.17523e-09	0.0119662
2.1753e-09	0.0118433
2.17537e-09	0.0117205
2.17544e-09	0.0115978
2.17551e-09	0.0114752
2.17558e-09	0.0113527
2.17565e-09	0.0112302
2.17573e-09	0.0111079
2.1758e-09	0.0109856
2.17587e-09	0.0108635
2.17594e-09	0.0107414
2.17601e-09	0.0106194
2.17608e-09	0.0104975
2.17615e-09	0.0103757
2.17622e-09	0.010254
2.17629e-09	0.0101324
2.17636e-09	0.0100108
2.17643e-09	0.00988939
2.1765e-09	0.00976805
2.17657e-09	0.00964679
2.17664e-09	0.00952563
2.17672e-09	0.00940456
2.17679e-09	0.00928359
2.17686e-09	0.0091627
2.17693e-09	0.00904191
2.177e-09	0.00892122
2.17707e-09	0.00880061
2.17714e-09	0.0086801
2.17721e-09	0.00855969
2.17728e-09	0.00843936
2.17735e-09	0.00831913
2.17742e-09	0.008199
2.17749e-09	0.00807896
2.17756e-09	0.00795901
2.17763e-09	0.00783916
2.17771e-09	0.00771941
2.17778e-09	0.00759974
2.17785e-09	0.00748018
2.17792e-09	0.00736071
2.17799e-09	0.00724133
2.17806e-09	0.00712205
2.17813e-09	0.00700287
2.1782e-09	0.00688378
2.17827e-09	0.00676479
2.17834e-09	0.0066459
2.17841e-09	0.0065271
2.17848e-09	0.00640839
2.17855e-09	0.00628979
2.17863e-09	0.00617128
2.1787e-09	0.00605287
2.17877e-09	0.00593456
2.17884e-09	0.00581634
2.17891e-09	0.00569822
2.17898e-09	0.0055802
2.17905e-09	0.00546228
2.17912e-09	0.00534445
2.17919e-09	0.00522673
2.17926e-09	0.0051091
2.17933e-09	0.00499157
2.1794e-09	0.00487414
2.17947e-09	0.0047568
2.17954e-09	0.00463957
2.17962e-09	0.00452244
2.17969e-09	0.0044054
2.17976e-09	0.00428847
2.17983e-09	0.00417163
2.1799e-09	0.0040549
2.17997e-09	0.00393826
2.18004e-09	0.00382173
2.18011e-09	0.00370529
2.18018e-09	0.00358896
2.18025e-09	0.00347272
2.18032e-09	0.00335659
2.18039e-09	0.00324056
2.18046e-09	0.00312463
2.18053e-09	0.0030088
2.18061e-09	0.00289307
2.18068e-09	0.00277744
2.18075e-09	0.00266192
2.18082e-09	0.00254649
2.18089e-09	0.00243117
2.18096e-09	0.00231595
2.18103e-09	0.00220083
2.1811e-09	0.00208582
2.18117e-09	0.00197091
2.18124e-09	0.0018561
2.18131e-09	0.00174139
2.18138e-09	0.00162679
2.18145e-09	0.00151229
2.18152e-09	0.00139789
2.1816e-09	0.0012836
2.18167e-09	0.00116941
2.18174e-09	0.00105532
2.18181e-09	0.000941337
2.18188e-09	0.000827459
2.18195e-09	0.000713684
2.18202e-09	0.000600014
2.18209e-09	0.000486449
2.18216e-09	0.000372988
2.18223e-09	0.000259632
2.1823e-09	0.000146381
2.18237e-09	3.32349e-05
2.18244e-09	-7.9806e-05
2.18252e-09	-0.000192742
2.18259e-09	-0.000305572
2.18266e-09	-0.000418296
2.18273e-09	-0.000530915
2.1828e-09	-0.000643428
2.18287e-09	-0.000755834
2.18294e-09	-0.000868135
2.18301e-09	-0.000980329
2.18308e-09	-0.00109242
2.18315e-09	-0.0012044
2.18322e-09	-0.00131627
2.18329e-09	-0.00142804
2.18336e-09	-0.0015397
2.18343e-09	-0.00165125
2.18351e-09	-0.0017627
2.18358e-09	-0.00187404
2.18365e-09	-0.00198527
2.18372e-09	-0.00209639
2.18379e-09	-0.00220741
2.18386e-09	-0.00231832
2.18393e-09	-0.00242912
2.184e-09	-0.00253981
2.18407e-09	-0.00265039
2.18414e-09	-0.00276087
2.18421e-09	-0.00287123
2.18428e-09	-0.00298149
2.18435e-09	-0.00309164
2.18442e-09	-0.00320168
2.1845e-09	-0.00331161
2.18457e-09	-0.00342143
2.18464e-09	-0.00353114
2.18471e-09	-0.00364074
2.18478e-09	-0.00375023
2.18485e-09	-0.00385961
2.18492e-09	-0.00396888
2.18499e-09	-0.00407805
2.18506e-09	-0.0041871
2.18513e-09	-0.00429604
2.1852e-09	-0.00440487
2.18527e-09	-0.00451359
2.18534e-09	-0.0046222
2.18542e-09	-0.0047307
2.18549e-09	-0.00483909
2.18556e-09	-0.00494736
2.18563e-09	-0.00505553
2.1857e-09	-0.00516358
2.18577e-09	-0.00527153
2.18584e-09	-0.00537936
2.18591e-09	-0.00548708
2.18598e-09	-0.00559468
2.18605e-09	-0.00570218
2.18612e-09	-0.00580956
2.18619e-09	-0.00591683
2.18626e-09	-0.00602399
2.18633e-09	-0.00613104
2.18641e-09	-0.00623797
2.18648e-09	-0.00634479
2.18655e-09	-0.0064515
2.18662e-09	-0.00655809
2.18669e-09	-0.00666458
2.18676e-09	-0.00677094
2.18683e-09	-0.0068772
2.1869e-09	-0.00698334
2.18697e-09	-0.00708937
2.18704e-09	-0.00719528
2.18711e-09	-0.00730108
2.18718e-09	-0.00740677
2.18725e-09	-0.00751234
2.18732e-09	-0.0076178
2.1874e-09	-0.00772315
2.18747e-09	-0.00782838
2.18754e-09	-0.00793349
2.18761e-09	-0.00803849
2.18768e-09	-0.00814338
2.18775e-09	-0.00824815
2.18782e-09	-0.00835281
2.18789e-09	-0.00845735
2.18796e-09	-0.00856177
2.18803e-09	-0.00866608
2.1881e-09	-0.00877028
2.18817e-09	-0.00887436
2.18824e-09	-0.00897832
2.18831e-09	-0.00908217
2.18839e-09	-0.0091859
2.18846e-09	-0.00928952
2.18853e-09	-0.00939302
2.1886e-09	-0.0094964
2.18867e-09	-0.00959967
2.18874e-09	-0.00970282
2.18881e-09	-0.00980585
2.18888e-09	-0.00990877
2.18895e-09	-0.0100116
2.18902e-09	-0.0101143
2.18909e-09	-0.0102168
2.18916e-09	-0.0103193
2.18923e-09	-0.0104216
2.18931e-09	-0.0105238
2.18938e-09	-0.0106259
2.18945e-09	-0.0107279
2.18952e-09	-0.0108298
2.18959e-09	-0.0109315
2.18966e-09	-0.0110331
2.18973e-09	-0.0111346
2.1898e-09	-0.011236
2.18987e-09	-0.0113373
2.18994e-09	-0.0114385
2.19001e-09	-0.0115395
2.19008e-09	-0.0116404
2.19015e-09	-0.0117412
2.19022e-09	-0.0118419
2.1903e-09	-0.0119424
2.19037e-09	-0.0120429
2.19044e-09	-0.0121432
2.19051e-09	-0.0122434
2.19058e-09	-0.0123435
2.19065e-09	-0.0124435
2.19072e-09	-0.0125433
2.19079e-09	-0.012643
2.19086e-09	-0.0127426
2.19093e-09	-0.0128421
2.191e-09	-0.0129415
2.19107e-09	-0.0130407
2.19114e-09	-0.0131399
2.19121e-09	-0.0132389
2.19129e-09	-0.0133378
2.19136e-09	-0.0134365
2.19143e-09	-0.0135352
2.1915e-09	-0.0136337
2.19157e-09	-0.0137321
2.19164e-09	-0.0138304
2.19171e-09	-0.0139286
2.19178e-09	-0.0140266
2.19185e-09	-0.0141245
2.19192e-09	-0.0142223
2.19199e-09	-0.01432
2.19206e-09	-0.0144176
2.19213e-09	-0.014515
2.19221e-09	-0.0146123
2.19228e-09	-0.0147095
2.19235e-09	-0.0148066
2.19242e-09	-0.0149035
2.19249e-09	-0.0150004
2.19256e-09	-0.0150971
2.19263e-09	-0.0151937
2.1927e-09	-0.0152901
2.19277e-09	-0.0153865
2.19284e-09	-0.0154827
2.19291e-09	-0.0155788
2.19298e-09	-0.0156747
2.19305e-09	-0.0157706
2.19312e-09	-0.0158663
2.1932e-09	-0.0159619
2.19327e-09	-0.0160574
2.19334e-09	-0.0161528
2.19341e-09	-0.016248
2.19348e-09	-0.0163431
2.19355e-09	-0.0164381
2.19362e-09	-0.016533
2.19369e-09	-0.0166277
2.19376e-09	-0.0167223
2.19383e-09	-0.0168168
2.1939e-09	-0.0169112
2.19397e-09	-0.0170055
2.19404e-09	-0.0170996
2.19411e-09	-0.0171936
2.19419e-09	-0.0172875
2.19426e-09	-0.0173812
2.19433e-09	-0.0174748
2.1944e-09	-0.0175683
2.19447e-09	-0.0176617
2.19454e-09	-0.017755
2.19461e-09	-0.0178481
2.19468e-09	-0.0179411
2.19475e-09	-0.018034
2.19482e-09	-0.0181268
2.19489e-09	-0.0182194
2.19496e-09	-0.0183119
2.19503e-09	-0.0184043
2.1951e-09	-0.0184965
2.19518e-09	-0.0185887
2.19525e-09	-0.0186807
2.19532e-09	-0.0187726
2.19539e-09	-0.0188643
2.19546e-09	-0.018956
2.19553e-09	-0.0190475
2.1956e-09	-0.0191388
2.19567e-09	-0.0192301
2.19574e-09	-0.0193212
2.19581e-09	-0.0194122
2.19588e-09	-0.0195031
2.19595e-09	-0.0195939
2.19602e-09	-0.0196845
2.1961e-09	-0.019775
2.19617e-09	-0.0198654
2.19624e-09	-0.0199556
2.19631e-09	-0.0200457
2.19638e-09	-0.0201357
2.19645e-09	-0.0202256
2.19652e-09	-0.0203153
2.19659e-09	-0.020405
2.19666e-09	-0.0204944
2.19673e-09	-0.0205838
2.1968e-09	-0.020673
2.19687e-09	-0.0207622
2.19694e-09	-0.0208511
2.19701e-09	-0.02094
2.19709e-09	-0.0210287
2.19716e-09	-0.0211173
2.19723e-09	-0.0212058
2.1973e-09	-0.0212941
2.19737e-09	-0.0213824
2.19744e-09	-0.0214704
2.19751e-09	-0.0215584
2.19758e-09	-0.0216462
2.19765e-09	-0.0217339
2.19772e-09	-0.0218215
2.19779e-09	-0.021909
2.19786e-09	-0.0219963
2.19793e-09	-0.0220835
2.198e-09	-0.0221706
2.19808e-09	-0.0222575
2.19815e-09	-0.0223443
2.19822e-09	-0.022431
2.19829e-09	-0.0225176
2.19836e-09	-0.022604
2.19843e-09	-0.0226903
2.1985e-09	-0.0227765
2.19857e-09	-0.0228625
2.19864e-09	-0.0229484
2.19871e-09	-0.0230342
2.19878e-09	-0.0231199
2.19885e-09	-0.0232054
2.19892e-09	-0.0232908
2.19899e-09	-0.0233761
2.19907e-09	-0.0234612
2.19914e-09	-0.0235462
2.19921e-09	-0.0236311
2.19928e-09	-0.0237158
2.19935e-09	-0.0238005
2.19942e-09	-0.023885
2.19949e-09	-0.0239693
2.19956e-09	-0.0240536
2.19963e-09	-0.0241377
2.1997e-09	-0.0242217
2.19977e-09	-0.0243055
2.19984e-09	-0.0243892
2.19991e-09	-0.0244728
2.19999e-09	-0.0245563
2.20006e-09	-0.0246396
2.20013e-09	-0.0247228
2.2002e-09	-0.0248059
2.20027e-09	-0.0248888
2.20034e-09	-0.0249716
2.20041e-09	-0.0250543
2.20048e-09	-0.0251369
2.20055e-09	-0.0252193
2.20062e-09	-0.0253016
2.20069e-09	-0.0253837
2.20076e-09	-0.0254658
2.20083e-09	-0.0255477
2.2009e-09	-0.0256294
2.20098e-09	-0.0257111
2.20105e-09	-0.0257926
2.20112e-09	-0.0258739
2.20119e-09	-0.0259552
2.20126e-09	-0.0260363
2.20133e-09	-0.0261173
2.2014e-09	-0.0261982
2.20147e-09	-0.0262789
2.20154e-09	-0.0263595
2.20161e-09	-0.0264399
2.20168e-09	-0.0265203
2.20175e-09	-0.0266005
2.20182e-09	-0.0266805
2.20189e-09	-0.0267605
2.20197e-09	-0.0268403
2.20204e-09	-0.02692
2.20211e-09	-0.0269995
2.20218e-09	-0.0270789
2.20225e-09	-0.0271582
2.20232e-09	-0.0272373
2.20239e-09	-0.0273164
2.20246e-09	-0.0273953
2.20253e-09	-0.027474
2.2026e-09	-0.0275526
2.20267e-09	-0.0276311
2.20274e-09	-0.0277095
2.20281e-09	-0.0277877
2.20289e-09	-0.0278658
2.20296e-09	-0.0279438
2.20303e-09	-0.0280216
2.2031e-09	-0.0280993
2.20317e-09	-0.0281769
2.20324e-09	-0.0282543
2.20331e-09	-0.0283316
2.20338e-09	-0.0284088
2.20345e-09	-0.0284859
2.20352e-09	-0.0285628
2.20359e-09	-0.0286396
2.20366e-09	-0.0287162
2.20373e-09	-0.0287927
2.2038e-09	-0.0288691
2.20388e-09	-0.0289454
2.20395e-09	-0.0290215
2.20402e-09	-0.0290975
2.20409e-09	-0.0291733
2.20416e-09	-0.029249
2.20423e-09	-0.0293246
2.2043e-09	-0.0294001
2.20437e-09	-0.0294754
2.20444e-09	-0.0295506
2.20451e-09	-0.0296256
2.20458e-09	-0.0297006
2.20465e-09	-0.0297754
2.20472e-09	-0.02985
2.20479e-09	-0.0299246
2.20487e-09	-0.029999
2.20494e-09	-0.0300732
2.20501e-09	-0.0301473
2.20508e-09	-0.0302213
2.20515e-09	-0.0302952
2.20522e-09	-0.0303689
2.20529e-09	-0.0304425
2.20536e-09	-0.030516
2.20543e-09	-0.0305893
2.2055e-09	-0.0306625
2.20557e-09	-0.0307356
2.20564e-09	-0.0308085
2.20571e-09	-0.0308813
2.20578e-09	-0.030954
2.20586e-09	-0.0310265
2.20593e-09	-0.0310989
2.206e-09	-0.0311712
2.20607e-09	-0.0312433
2.20614e-09	-0.0313153
2.20621e-09	-0.0313872
2.20628e-09	-0.0314589
2.20635e-09	-0.0315305
2.20642e-09	-0.031602
2.20649e-09	-0.0316733
2.20656e-09	-0.0317445
2.20663e-09	-0.0318156
2.2067e-09	-0.0318865
2.20678e-09	-0.0319573
2.20685e-09	-0.032028
2.20692e-09	-0.0320985
2.20699e-09	-0.0321689
2.20706e-09	-0.0322392
2.20713e-09	-0.0323093
2.2072e-09	-0.0323793
2.20727e-09	-0.0324492
2.20734e-09	-0.0325189
2.20741e-09	-0.0325885
2.20748e-09	-0.032658
2.20755e-09	-0.0327273
2.20762e-09	-0.0327965
2.20769e-09	-0.0328656
2.20777e-09	-0.0329345
2.20784e-09	-0.0330033
2.20791e-09	-0.0330719
2.20798e-09	-0.0331405
2.20805e-09	-0.0332089
2.20812e-09	-0.0332771
2.20819e-09	-0.0333452
2.20826e-09	-0.0334132
2.20833e-09	-0.0334811
2.2084e-09	-0.0335488
2.20847e-09	-0.0336164
2.20854e-09	-0.0336839
2.20861e-09	-0.0337512
2.20868e-09	-0.0338184
2.20876e-09	-0.0338854
2.20883e-09	-0.0339523
2.2089e-09	-0.0340191
2.20897e-09	-0.0340858
2.20904e-09	-0.0341523
2.20911e-09	-0.0342187
2.20918e-09	-0.0342849
2.20925e-09	-0.034351
2.20932e-09	-0.034417
2.20939e-09	-0.0344828
2.20946e-09	-0.0345486
2.20953e-09	-0.0346141
2.2096e-09	-0.0346796
2.20968e-09	-0.0347449
2.20975e-09	-0.0348101
2.20982e-09	-0.0348751
2.20989e-09	-0.03494
2.20996e-09	-0.0350048
2.21003e-09	-0.0350694
2.2101e-09	-0.0351339
2.21017e-09	-0.0351983
2.21024e-09	-0.0352625
2.21031e-09	-0.0353266
2.21038e-09	-0.0353906
2.21045e-09	-0.0354544
2.21052e-09	-0.0355181
2.21059e-09	-0.0355816
2.21067e-09	-0.0356451
2.21074e-09	-0.0357084
2.21081e-09	-0.0357715
2.21088e-09	-0.0358345
2.21095e-09	-0.0358974
2.21102e-09	-0.0359602
2.21109e-09	-0.0360228
2.21116e-09	-0.0360853
2.21123e-09	-0.0361476
2.2113e-09	-0.0362099
2.21137e-09	-0.0362719
2.21144e-09	-0.0363339
2.21151e-09	-0.0363957
2.21158e-09	-0.0364574
2.21166e-09	-0.0365189
2.21173e-09	-0.0365803
2.2118e-09	-0.0366416
2.21187e-09	-0.0367027
2.21194e-09	-0.0367638
2.21201e-09	-0.0368246
2.21208e-09	-0.0368854
2.21215e-09	-0.036946
2.21222e-09	-0.0370064
2.21229e-09	-0.0370668
2.21236e-09	-0.037127
2.21243e-09	-0.037187
2.2125e-09	-0.0372469
2.21257e-09	-0.0373067
2.21265e-09	-0.0373664
2.21272e-09	-0.0374259
2.21279e-09	-0.0374853
2.21286e-09	-0.0375446
2.21293e-09	-0.0376037
2.213e-09	-0.0376627
2.21307e-09	-0.0377215
2.21314e-09	-0.0377803
2.21321e-09	-0.0378388
2.21328e-09	-0.0378973
2.21335e-09	-0.0379556
2.21342e-09	-0.0380138
2.21349e-09	-0.0380718
2.21357e-09	-0.0381297
2.21364e-09	-0.0381875
2.21371e-09	-0.0382452
2.21378e-09	-0.0383027
2.21385e-09	-0.0383601
2.21392e-09	-0.0384173
2.21399e-09	-0.0384744
2.21406e-09	-0.0385314
2.21413e-09	-0.0385882
2.2142e-09	-0.0386449
2.21427e-09	-0.0387015
2.21434e-09	-0.0387579
2.21441e-09	-0.0388142
2.21448e-09	-0.0388704
2.21456e-09	-0.0389264
2.21463e-09	-0.0389823
2.2147e-09	-0.0390381
2.21477e-09	-0.0390937
2.21484e-09	-0.0391492
2.21491e-09	-0.0392045
2.21498e-09	-0.0392598
2.21505e-09	-0.0393148
2.21512e-09	-0.0393698
2.21519e-09	-0.0394246
2.21526e-09	-0.0394793
2.21533e-09	-0.0395339
2.2154e-09	-0.0395883
2.21547e-09	-0.0396426
2.21555e-09	-0.0396967
2.21562e-09	-0.0397507
2.21569e-09	-0.0398046
2.21576e-09	-0.0398583
2.21583e-09	-0.039912
2.2159e-09	-0.0399654
2.21597e-09	-0.0400188
2.21604e-09	-0.040072
2.21611e-09	-0.0401251
2.21618e-09	-0.040178
2.21625e-09	-0.0402308
2.21632e-09	-0.0402835
2.21639e-09	-0.040336
2.21647e-09	-0.0403884
2.21654e-09	-0.0404407
2.21661e-09	-0.0404928
2.21668e-09	-0.0405448
2.21675e-09	-0.0405967
2.21682e-09	-0.0406484
2.21689e-09	-0.0407
2.21696e-09	-0.0407515
2.21703e-09	-0.0408028
2.2171e-09	-0.040854
2.21717e-09	-0.0409051
2.21724e-09	-0.040956
2.21731e-09	-0.0410068
2.21738e-09	-0.0410575
2.21746e-09	-0.041108
2.21753e-09	-0.0411584
2.2176e-09	-0.0412087
2.21767e-09	-0.0412588
2.21774e-09	-0.0413088
2.21781e-09	-0.0413587
2.21788e-09	-0.0414084
2.21795e-09	-0.041458
2.21802e-09	-0.0415075
2.21809e-09	-0.0415568
2.21816e-09	-0.041606
2.21823e-09	-0.041655
2.2183e-09	-0.041704
2.21837e-09	-0.0417528
2.21845e-09	-0.0418014
2.21852e-09	-0.0418499
2.21859e-09	-0.0418983
2.21866e-09	-0.0419466
2.21873e-09	-0.0419947
2.2188e-09	-0.0420427
2.21887e-09	-0.0420906
2.21894e-09	-0.0421383
2.21901e-09	-0.0421859
2.21908e-09	-0.0422333
2.21915e-09	-0.0422807
2.21922e-09	-0.0423279
2.21929e-09	-0.0423749
2.21936e-09	-0.0424218
2.21944e-09	-0.0424686
2.21951e-09	-0.0425153
2.21958e-09	-0.0425618
2.21965e-09	-0.0426082
2.21972e-09	-0.0426545
2.21979e-09	-0.0427006
2.21986e-09	-0.0427466
2.21993e-09	-0.0427925
2.22e-09	-0.0428382
2.22007e-09	-0.0428838
2.22014e-09	-0.0429292
2.22021e-09	-0.0429746
2.22028e-09	-0.0430198
2.22036e-09	-0.0430648
2.22043e-09	-0.0431098
2.2205e-09	-0.0431546
2.22057e-09	-0.0431992
2.22064e-09	-0.0432438
2.22071e-09	-0.0432882
2.22078e-09	-0.0433324
2.22085e-09	-0.0433766
2.22092e-09	-0.0434206
2.22099e-09	-0.0434644
2.22106e-09	-0.0435082
2.22113e-09	-0.0435518
2.2212e-09	-0.0435953
2.22127e-09	-0.0436386
2.22135e-09	-0.0436818
2.22142e-09	-0.0437249
2.22149e-09	-0.0437678
2.22156e-09	-0.0438106
2.22163e-09	-0.0438533
2.2217e-09	-0.0438959
2.22177e-09	-0.0439383
2.22184e-09	-0.0439806
2.22191e-09	-0.0440227
2.22198e-09	-0.0440647
2.22205e-09	-0.0441066
2.22212e-09	-0.0441484
2.22219e-09	-0.04419
2.22226e-09	-0.0442315
2.22234e-09	-0.0442729
2.22241e-09	-0.0443141
2.22248e-09	-0.0443552
2.22255e-09	-0.0443962
2.22262e-09	-0.044437
2.22269e-09	-0.0444777
2.22276e-09	-0.0445183
2.22283e-09	-0.0445587
2.2229e-09	-0.044599
2.22297e-09	-0.0446392
2.22304e-09	-0.0446792
2.22311e-09	-0.0447191
2.22318e-09	-0.0447589
2.22325e-09	-0.0447986
2.22333e-09	-0.0448381
2.2234e-09	-0.0448775
2.22347e-09	-0.0449167
2.22354e-09	-0.0449559
2.22361e-09	-0.0449949
2.22368e-09	-0.0450337
2.22375e-09	-0.0450725
2.22382e-09	-0.0451111
2.22389e-09	-0.0451495
2.22396e-09	-0.0451879
2.22403e-09	-0.0452261
2.2241e-09	-0.0452642
2.22417e-09	-0.0453021
2.22425e-09	-0.0453399
2.22432e-09	-0.0453776
2.22439e-09	-0.0454152
2.22446e-09	-0.0454526
2.22453e-09	-0.0454899
2.2246e-09	-0.0455271
2.22467e-09	-0.0455641
2.22474e-09	-0.045601
2.22481e-09	-0.0456378
2.22488e-09	-0.0456744
2.22495e-09	-0.0457109
2.22502e-09	-0.0457473
2.22509e-09	-0.0457836
2.22516e-09	-0.0458197
2.22524e-09	-0.0458557
2.22531e-09	-0.0458915
2.22538e-09	-0.0459273
2.22545e-09	-0.0459629
2.22552e-09	-0.0459983
2.22559e-09	-0.0460337
2.22566e-09	-0.0460689
2.22573e-09	-0.046104
2.2258e-09	-0.0461389
2.22587e-09	-0.0461738
2.22594e-09	-0.0462085
2.22601e-09	-0.046243
2.22608e-09	-0.0462775
2.22615e-09	-0.0463118
2.22623e-09	-0.0463459
2.2263e-09	-0.04638
2.22637e-09	-0.0464139
2.22644e-09	-0.0464477
2.22651e-09	-0.0464814
2.22658e-09	-0.0465149
2.22665e-09	-0.0465483
2.22672e-09	-0.0465816
2.22679e-09	-0.0466147
2.22686e-09	-0.0466477
2.22693e-09	-0.0466806
2.227e-09	-0.0467134
2.22707e-09	-0.046746
2.22715e-09	-0.0467785
2.22722e-09	-0.0468109
2.22729e-09	-0.0468431
2.22736e-09	-0.0468752
2.22743e-09	-0.0469072
2.2275e-09	-0.0469391
2.22757e-09	-0.0469708
2.22764e-09	-0.0470024
2.22771e-09	-0.0470339
2.22778e-09	-0.0470653
2.22785e-09	-0.0470965
2.22792e-09	-0.0471276
2.22799e-09	-0.0471585
2.22806e-09	-0.0471894
2.22814e-09	-0.0472201
2.22821e-09	-0.0472506
2.22828e-09	-0.0472811
2.22835e-09	-0.0473114
2.22842e-09	-0.0473416
2.22849e-09	-0.0473717
2.22856e-09	-0.0474016
2.22863e-09	-0.0474314
2.2287e-09	-0.0474611
2.22877e-09	-0.0474907
2.22884e-09	-0.0475201
2.22891e-09	-0.0475494
2.22898e-09	-0.0475786
2.22905e-09	-0.0476076
2.22913e-09	-0.0476366
2.2292e-09	-0.0476654
2.22927e-09	-0.047694
2.22934e-09	-0.0477226
2.22941e-09	-0.047751
2.22948e-09	-0.0477793
2.22955e-09	-0.0478074
2.22962e-09	-0.0478355
2.22969e-09	-0.0478634
2.22976e-09	-0.0478912
2.22983e-09	-0.0479188
2.2299e-09	-0.0479464
2.22997e-09	-0.0479738
2.23004e-09	-0.048001
2.23012e-09	-0.0480282
2.23019e-09	-0.0480552
2.23026e-09	-0.0480821
2.23033e-09	-0.0481089
2.2304e-09	-0.0481355
2.23047e-09	-0.0481621
2.23054e-09	-0.0481885
2.23061e-09	-0.0482147
2.23068e-09	-0.0482409
2.23075e-09	-0.0482669
2.23082e-09	-0.0482928
2.23089e-09	-0.0483186
2.23096e-09	-0.0483442
2.23104e-09	-0.0483697
2.23111e-09	-0.0483951
2.23118e-09	-0.0484204
2.23125e-09	-0.0484455
2.23132e-09	-0.0484705
2.23139e-09	-0.0484954
2.23146e-09	-0.0485202
2.23153e-09	-0.0485448
2.2316e-09	-0.0485694
2.23167e-09	-0.0485938
2.23174e-09	-0.048618
2.23181e-09	-0.0486422
2.23188e-09	-0.0486662
2.23195e-09	-0.0486901
2.23203e-09	-0.0487139
2.2321e-09	-0.0487375
2.23217e-09	-0.048761
2.23224e-09	-0.0487844
2.23231e-09	-0.0488077
2.23238e-09	-0.0488308
2.23245e-09	-0.0488539
2.23252e-09	-0.0488768
2.23259e-09	-0.0488996
2.23266e-09	-0.0489222
2.23273e-09	-0.0489447
2.2328e-09	-0.0489672
2.23287e-09	-0.0489894
2.23294e-09	-0.0490116
2.23302e-09	-0.0490336
2.23309e-09	-0.0490556
2.23316e-09	-0.0490773
2.23323e-09	-0.049099
2.2333e-09	-0.0491206
2.23337e-09	-0.049142
2.23344e-09	-0.0491633
2.23351e-09	-0.0491845
2.23358e-09	-0.0492055
2.23365e-09	-0.0492264
2.23372e-09	-0.0492473
2.23379e-09	-0.0492679
2.23386e-09	-0.0492885
2.23394e-09	-0.0493089
2.23401e-09	-0.0493293
2.23408e-09	-0.0493495
2.23415e-09	-0.0493695
2.23422e-09	-0.0493895
2.23429e-09	-0.0494093
2.23436e-09	-0.049429
2.23443e-09	-0.0494486
2.2345e-09	-0.0494681
2.23457e-09	-0.0494874
2.23464e-09	-0.0495067
2.23471e-09	-0.0495258
2.23478e-09	-0.0495447
2.23485e-09	-0.0495636
2.23493e-09	-0.0495823
2.235e-09	-0.0496009
2.23507e-09	-0.0496194
2.23514e-09	-0.0496378
2.23521e-09	-0.0496561
2.23528e-09	-0.0496742
2.23535e-09	-0.0496922
2.23542e-09	-0.0497101
2.23549e-09	-0.0497279
2.23556e-09	-0.0497455
2.23563e-09	-0.049763
2.2357e-09	-0.0497805
2.23577e-09	-0.0497977
2.23584e-09	-0.0498149
2.23592e-09	-0.049832
2.23599e-09	-0.0498489
2.23606e-09	-0.0498657
2.23613e-09	-0.0498824
2.2362e-09	-0.049899
2.23627e-09	-0.0499154
2.23634e-09	-0.0499317
2.23641e-09	-0.0499479
2.23648e-09	-0.049964
2.23655e-09	-0.04998
2.23662e-09	-0.0499958
2.23669e-09	-0.0500116
2.23676e-09	-0.0500272
2.23683e-09	-0.0500427
2.23691e-09	-0.0500581
2.23698e-09	-0.0500733
2.23705e-09	-0.0500884
2.23712e-09	-0.0501035
2.23719e-09	-0.0501184
2.23726e-09	-0.0501331
2.23733e-09	-0.0501478
2.2374e-09	-0.0501623
2.23747e-09	-0.0501768
2.23754e-09	-0.0501911
2.23761e-09	-0.0502053
2.23768e-09	-0.0502193
2.23775e-09	-0.0502333
2.23783e-09	-0.0502471
2.2379e-09	-0.0502608
2.23797e-09	-0.0502744
2.23804e-09	-0.0502879
2.23811e-09	-0.0503013
2.23818e-09	-0.0503145
2.23825e-09	-0.0503277
2.23832e-09	-0.0503407
2.23839e-09	-0.0503536
2.23846e-09	-0.0503663
2.23853e-09	-0.050379
2.2386e-09	-0.0503915
2.23867e-09	-0.050404
2.23874e-09	-0.0504163
2.23882e-09	-0.0504285
2.23889e-09	-0.0504405
2.23896e-09	-0.0504525
2.23903e-09	-0.0504643
2.2391e-09	-0.0504761
2.23917e-09	-0.0504877
2.23924e-09	-0.0504992
2.23931e-09	-0.0505105
2.23938e-09	-0.0505218
2.23945e-09	-0.050533
2.23952e-09	-0.050544
2.23959e-09	-0.0505549
2.23966e-09	-0.0505657
2.23973e-09	-0.0505764
2.23981e-09	-0.050587
2.23988e-09	-0.0505974
2.23995e-09	-0.0506077
2.24002e-09	-0.050618
2.24009e-09	-0.0506281
2.24016e-09	-0.0506381
2.24023e-09	-0.0506479
2.2403e-09	-0.0506577
2.24037e-09	-0.0506673
2.24044e-09	-0.0506769
2.24051e-09	-0.0506863
2.24058e-09	-0.0506956
2.24065e-09	-0.0507048
2.24072e-09	-0.0507139
2.2408e-09	-0.0507228
2.24087e-09	-0.0507317
2.24094e-09	-0.0507404
2.24101e-09	-0.050749
2.24108e-09	-0.0507575
2.24115e-09	-0.0507659
2.24122e-09	-0.0507742
2.24129e-09	-0.0507824
2.24136e-09	-0.0507904
2.24143e-09	-0.0507984
2.2415e-09	-0.0508062
2.24157e-09	-0.0508139
2.24164e-09	-0.0508215
2.24172e-09	-0.050829
2.24179e-09	-0.0508363
2.24186e-09	-0.0508436
2.24193e-09	-0.0508507
2.242e-09	-0.0508578
2.24207e-09	-0.0508647
2.24214e-09	-0.0508715
2.24221e-09	-0.0508782
2.24228e-09	-0.0508848
2.24235e-09	-0.0508913
2.24242e-09	-0.0508976
2.24249e-09	-0.0509039
2.24256e-09	-0.05091
2.24263e-09	-0.050916
2.24271e-09	-0.050922
2.24278e-09	-0.0509278
2.24285e-09	-0.0509335
2.24292e-09	-0.050939
2.24299e-09	-0.0509445
2.24306e-09	-0.0509499
2.24313e-09	-0.0509551
2.2432e-09	-0.0509602
2.24327e-09	-0.0509653
2.24334e-09	-0.0509702
2.24341e-09	-0.050975
2.24348e-09	-0.0509797
2.24355e-09	-0.0509843
2.24362e-09	-0.0509887
2.2437e-09	-0.0509931
2.24377e-09	-0.0509973
2.24384e-09	-0.0510015
2.24391e-09	-0.0510055
2.24398e-09	-0.0510094
2.24405e-09	-0.0510132
2.24412e-09	-0.0510169
2.24419e-09	-0.0510205
2.24426e-09	-0.051024
2.24433e-09	-0.0510274
2.2444e-09	-0.0510307
2.24447e-09	-0.0510338
2.24454e-09	-0.0510369
2.24462e-09	-0.0510398
2.24469e-09	-0.0510426
2.24476e-09	-0.0510454
2.24483e-09	-0.051048
2.2449e-09	-0.0510505
2.24497e-09	-0.0510529
2.24504e-09	-0.0510551
2.24511e-09	-0.0510573
2.24518e-09	-0.0510594
2.24525e-09	-0.0510614
2.24532e-09	-0.0510632
2.24539e-09	-0.051065
2.24546e-09	-0.0510666
2.24553e-09	-0.0510681
2.24561e-09	-0.0510696
2.24568e-09	-0.0510709
2.24575e-09	-0.0510721
2.24582e-09	-0.0510732
2.24589e-09	-0.0510742
2.24596e-09	-0.0510751
2.24603e-09	-0.0510758
2.2461e-09	-0.0510765
2.24617e-09	-0.0510771
2.24624e-09	-0.0510775
2.24631e-09	-0.0510779
2.24638e-09	-0.0510781
2.24645e-09	-0.0510783
2.24652e-09	-0.0510783
2.2466e-09	-0.0510782
2.24667e-09	-0.0510781
2.24674e-09	-0.0510778
2.24681e-09	-0.0510774
2.24688e-09	-0.0510769
2.24695e-09	-0.0510763
2.24702e-09	-0.0510756
2.24709e-09	-0.0510748
2.24716e-09	-0.0510739
2.24723e-09	-0.0510729
2.2473e-09	-0.0510717
2.24737e-09	-0.0510705
2.24744e-09	-0.0510692
2.24751e-09	-0.0510677
2.24759e-09	-0.0510662
2.24766e-09	-0.0510645
2.24773e-09	-0.0510628
2.2478e-09	-0.0510609
2.24787e-09	-0.051059
2.24794e-09	-0.0510569
2.24801e-09	-0.0510547
2.24808e-09	-0.0510525
2.24815e-09	-0.0510501
2.24822e-09	-0.0510476
2.24829e-09	-0.051045
2.24836e-09	-0.0510423
2.24843e-09	-0.0510395
2.24851e-09	-0.0510366
2.24858e-09	-0.0510336
2.24865e-09	-0.0510305
2.24872e-09	-0.0510273
2.24879e-09	-0.051024
2.24886e-09	-0.0510206
2.24893e-09	-0.0510171
2.249e-09	-0.0510135
2.24907e-09	-0.0510098
2.24914e-09	-0.051006
2.24921e-09	-0.0510021
2.24928e-09	-0.050998
2.24935e-09	-0.0509939
2.24942e-09	-0.0509897
2.2495e-09	-0.0509854
2.24957e-09	-0.0509809
2.24964e-09	-0.0509764
2.24971e-09	-0.0509718
2.24978e-09	-0.050967
2.24985e-09	-0.0509622
2.24992e-09	-0.0509573
2.24999e-09	-0.0509522
2.25006e-09	-0.0509471
2.25013e-09	-0.0509419
2.2502e-09	-0.0509365
2.25027e-09	-0.0509311
2.25034e-09	-0.0509255
2.25041e-09	-0.0509199
2.25049e-09	-0.0509142
2.25056e-09	-0.0509083
2.25063e-09	-0.0509024
2.2507e-09	-0.0508964
2.25077e-09	-0.0508902
2.25084e-09	-0.050884
2.25091e-09	-0.0508776
2.25098e-09	-0.0508712
2.25105e-09	-0.0508647
2.25112e-09	-0.050858
2.25119e-09	-0.0508513
2.25126e-09	-0.0508445
2.25133e-09	-0.0508375
2.25141e-09	-0.0508305
2.25148e-09	-0.0508234
2.25155e-09	-0.0508162
2.25162e-09	-0.0508088
2.25169e-09	-0.0508014
2.25176e-09	-0.0507939
2.25183e-09	-0.0507863
2.2519e-09	-0.0507786
2.25197e-09	-0.0507707
2.25204e-09	-0.0507628
2.25211e-09	-0.0507548
2.25218e-09	-0.0507467
2.25225e-09	-0.0507385
2.25232e-09	-0.0507302
2.2524e-09	-0.0507218
2.25247e-09	-0.0507133
2.25254e-09	-0.0507047
2.25261e-09	-0.050696
2.25268e-09	-0.0506873
2.25275e-09	-0.0506784
2.25282e-09	-0.0506694
2.25289e-09	-0.0506603
2.25296e-09	-0.0506512
2.25303e-09	-0.0506419
2.2531e-09	-0.0506325
2.25317e-09	-0.0506231
2.25324e-09	-0.0506135
2.25331e-09	-0.0506039
2.25339e-09	-0.0505941
2.25346e-09	-0.0505843
2.25353e-09	-0.0505743
2.2536e-09	-0.0505643
2.25367e-09	-0.0505542
2.25374e-09	-0.050544
2.25381e-09	-0.0505337
2.25388e-09	-0.0505232
2.25395e-09	-0.0505127
2.25402e-09	-0.0505021
2.25409e-09	-0.0504915
2.25416e-09	-0.0504807
2.25423e-09	-0.0504698
2.2543e-09	-0.0504588
2.25438e-09	-0.0504477
2.25445e-09	-0.0504366
2.25452e-09	-0.0504253
2.25459e-09	-0.050414
2.25466e-09	-0.0504025
2.25473e-09	-0.050391
2.2548e-09	-0.0503794
2.25487e-09	-0.0503677
2.25494e-09	-0.0503558
2.25501e-09	-0.0503439
2.25508e-09	-0.0503319
2.25515e-09	-0.0503198
2.25522e-09	-0.0503077
2.2553e-09	-0.0502954
2.25537e-09	-0.050283
2.25544e-09	-0.0502706
2.25551e-09	-0.050258
2.25558e-09	-0.0502454
2.25565e-09	-0.0502326
2.25572e-09	-0.0502198
2.25579e-09	-0.0502069
2.25586e-09	-0.0501939
2.25593e-09	-0.0501808
2.256e-09	-0.0501676
2.25607e-09	-0.0501543
2.25614e-09	-0.0501409
2.25621e-09	-0.0501275
2.25629e-09	-0.0501139
2.25636e-09	-0.0501002
2.25643e-09	-0.0500865
2.2565e-09	-0.0500727
2.25657e-09	-0.0500588
2.25664e-09	-0.0500448
2.25671e-09	-0.0500307
2.25678e-09	-0.0500165
2.25685e-09	-0.0500022
2.25692e-09	-0.0499878
2.25699e-09	-0.0499734
2.25706e-09	-0.0499588
2.25713e-09	-0.0499442
2.2572e-09	-0.0499295
2.25728e-09	-0.0499147
2.25735e-09	-0.0498998
2.25742e-09	-0.0498848
2.25749e-09	-0.0498697
2.25756e-09	-0.0498545
2.25763e-09	-0.0498393
2.2577e-09	-0.0498239
2.25777e-09	-0.0498085
2.25784e-09	-0.049793
2.25791e-09	-0.0497774
2.25798e-09	-0.0497617
2.25805e-09	-0.0497459
2.25812e-09	-0.0497301
2.2582e-09	-0.0497141
2.25827e-09	-0.0496981
2.25834e-09	-0.0496819
2.25841e-09	-0.0496657
2.25848e-09	-0.0496494
2.25855e-09	-0.049633
2.25862e-09	-0.0496165
2.25869e-09	-0.0496
2.25876e-09	-0.0495833
2.25883e-09	-0.0495666
2.2589e-09	-0.0495498
2.25897e-09	-0.0495329
2.25904e-09	-0.0495159
2.25911e-09	-0.0494988
2.25919e-09	-0.0494816
2.25926e-09	-0.0494644
2.25933e-09	-0.049447
2.2594e-09	-0.0494296
2.25947e-09	-0.0494121
2.25954e-09	-0.0493945
2.25961e-09	-0.0493768
2.25968e-09	-0.0493591
2.25975e-09	-0.0493412
2.25982e-09	-0.0493233
2.25989e-09	-0.0493053
2.25996e-09	-0.0492872
2.26003e-09	-0.049269
2.2601e-09	-0.0492507
2.26018e-09	-0.0492324
2.26025e-09	-0.0492139
2.26032e-09	-0.0491954
2.26039e-09	-0.0491768
2.26046e-09	-0.0491581
2.26053e-09	-0.0491394
2.2606e-09	-0.0491205
2.26067e-09	-0.0491016
2.26074e-09	-0.0490826
2.26081e-09	-0.0490635
2.26088e-09	-0.0490443
2.26095e-09	-0.049025
2.26102e-09	-0.0490057
2.26109e-09	-0.0489862
2.26117e-09	-0.0489667
2.26124e-09	-0.0489471
2.26131e-09	-0.0489275
2.26138e-09	-0.0489077
2.26145e-09	-0.0488879
2.26152e-09	-0.0488679
2.26159e-09	-0.0488479
2.26166e-09	-0.0488278
2.26173e-09	-0.0488077
2.2618e-09	-0.0487874
2.26187e-09	-0.0487671
2.26194e-09	-0.0487467
2.26201e-09	-0.0487262
2.26209e-09	-0.0487056
2.26216e-09	-0.048685
2.26223e-09	-0.0486643
2.2623e-09	-0.0486435
2.26237e-09	-0.0486226
2.26244e-09	-0.0486016
2.26251e-09	-0.0485805
2.26258e-09	-0.0485594
2.26265e-09	-0.0485382
2.26272e-09	-0.0485169
2.26279e-09	-0.0484956
2.26286e-09	-0.0484741
2.26293e-09	-0.0484526
2.263e-09	-0.048431
2.26308e-09	-0.0484093
2.26315e-09	-0.0483875
2.26322e-09	-0.0483657
2.26329e-09	-0.0483438
2.26336e-09	-0.0483218
2.26343e-09	-0.0482997
2.2635e-09	-0.0482775
2.26357e-09	-0.0482553
2.26364e-09	-0.048233
2.26371e-09	-0.0482106
2.26378e-09	-0.0481882
2.26385e-09	-0.0481656
2.26392e-09	-0.048143
2.26399e-09	-0.0481203
2.26407e-09	-0.0480975
2.26414e-09	-0.0480747
2.26421e-09	-0.0480518
2.26428e-09	-0.0480288
2.26435e-09	-0.0480057
2.26442e-09	-0.0479825
2.26449e-09	-0.0479593
2.26456e-09	-0.047936
2.26463e-09	-0.0479126
2.2647e-09	-0.0478891
2.26477e-09	-0.0478656
2.26484e-09	-0.047842
2.26491e-09	-0.0478183
2.26498e-09	-0.0477945
2.26506e-09	-0.0477707
2.26513e-09	-0.0477468
2.2652e-09	-0.0477228
2.26527e-09	-0.0476987
2.26534e-09	-0.0476746
2.26541e-09	-0.0476504
2.26548e-09	-0.0476261
2.26555e-09	-0.0476017
2.26562e-09	-0.0475773
2.26569e-09	-0.0475528
2.26576e-09	-0.0475282
2.26583e-09	-0.0475036
2.2659e-09	-0.0474788
2.26598e-09	-0.047454
2.26605e-09	-0.0474292
2.26612e-09	-0.0474042
2.26619e-09	-0.0473792
2.26626e-09	-0.0473541
2.26633e-09	-0.0473289
2.2664e-09	-0.0473037
2.26647e-09	-0.0472784
2.26654e-09	-0.047253
2.26661e-09	-0.0472275
2.26668e-09	-0.047202
2.26675e-09	-0.0471764
2.26682e-09	-0.0471507
2.26689e-09	-0.047125
2.26697e-09	-0.0470991
2.26704e-09	-0.0470732
2.26711e-09	-0.0470473
2.26718e-09	-0.0470212
2.26725e-09	-0.0469951
2.26732e-09	-0.046969
2.26739e-09	-0.0469427
2.26746e-09	-0.0469164
2.26753e-09	-0.04689
2.2676e-09	-0.0468635
2.26767e-09	-0.046837
2.26774e-09	-0.0468104
2.26781e-09	-0.0467837
2.26788e-09	-0.046757
2.26796e-09	-0.0467302
2.26803e-09	-0.0467033
2.2681e-09	-0.0466764
2.26817e-09	-0.0466493
2.26824e-09	-0.0466223
2.26831e-09	-0.0465951
2.26838e-09	-0.0465679
2.26845e-09	-0.0465406
2.26852e-09	-0.0465132
2.26859e-09	-0.0464858
2.26866e-09	-0.0464583
2.26873e-09	-0.0464307
2.2688e-09	-0.0464031
2.26888e-09	-0.0463753
2.26895e-09	-0.0463476
2.26902e-09	-0.0463197
2.26909e-09	-0.0462918
2.26916e-09	-0.0462638
2.26923e-09	-0.0462358
2.2693e-09	-0.0462077
2.26937e-09	-0.0461795
2.26944e-09	-0.0461512
2.26951e-09	-0.0461229
2.26958e-09	-0.0460945
2.26965e-09	-0.0460661
2.26972e-09	-0.0460376
2.26979e-09	-0.046009
2.26987e-09	-0.0459803
2.26994e-09	-0.0459516
2.27001e-09	-0.0459228
2.27008e-09	-0.045894
2.27015e-09	-0.0458651
2.27022e-09	-0.0458361
2.27029e-09	-0.045807
2.27036e-09	-0.0457779
2.27043e-09	-0.0457487
2.2705e-09	-0.0457195
2.27057e-09	-0.0456902
2.27064e-09	-0.0456608
2.27071e-09	-0.0456314
2.27078e-09	-0.0456019
2.27086e-09	-0.0455723
2.27093e-09	-0.0455427
2.271e-09	-0.045513
2.27107e-09	-0.0454832
2.27114e-09	-0.0454534
2.27121e-09	-0.0454235
2.27128e-09	-0.0453935
2.27135e-09	-0.0453635
2.27142e-09	-0.0453334
2.27149e-09	-0.0453033
2.27156e-09	-0.0452731
2.27163e-09	-0.0452428
2.2717e-09	-0.0452125
2.27177e-09	-0.0451821
2.27185e-09	-0.0451516
2.27192e-09	-0.0451211
2.27199e-09	-0.0450905
2.27206e-09	-0.0450599
2.27213e-09	-0.0450292
2.2722e-09	-0.0449984
2.27227e-09	-0.0449676
2.27234e-09	-0.0449367
2.27241e-09	-0.0449057
2.27248e-09	-0.0448747
2.27255e-09	-0.0448436
2.27262e-09	-0.0448125
2.27269e-09	-0.0447813
2.27277e-09	-0.04475
2.27284e-09	-0.0447187
2.27291e-09	-0.0446873
2.27298e-09	-0.0446558
2.27305e-09	-0.0446243
2.27312e-09	-0.0445927
2.27319e-09	-0.0445611
2.27326e-09	-0.0445294
2.27333e-09	-0.0444977
2.2734e-09	-0.0444659
2.27347e-09	-0.044434
2.27354e-09	-0.0444021
2.27361e-09	-0.0443701
2.27368e-09	-0.044338
2.27376e-09	-0.0443059
2.27383e-09	-0.0442738
2.2739e-09	-0.0442415
2.27397e-09	-0.0442092
2.27404e-09	-0.0441769
2.27411e-09	-0.0441445
2.27418e-09	-0.044112
2.27425e-09	-0.0440795
2.27432e-09	-0.0440469
2.27439e-09	-0.0440143
2.27446e-09	-0.0439816
2.27453e-09	-0.0439489
2.2746e-09	-0.043916
2.27467e-09	-0.0438832
2.27475e-09	-0.0438503
2.27482e-09	-0.0438173
2.27489e-09	-0.0437842
2.27496e-09	-0.0437511
2.27503e-09	-0.043718
2.2751e-09	-0.0436848
2.27517e-09	-0.0436515
2.27524e-09	-0.0436182
2.27531e-09	-0.0435848
2.27538e-09	-0.0435514
2.27545e-09	-0.0435179
2.27552e-09	-0.0434843
2.27559e-09	-0.0434507
2.27567e-09	-0.0434171
2.27574e-09	-0.0433833
2.27581e-09	-0.0433496
2.27588e-09	-0.0433157
2.27595e-09	-0.0432818
2.27602e-09	-0.0432479
2.27609e-09	-0.0432139
2.27616e-09	-0.0431799
2.27623e-09	-0.0431458
2.2763e-09	-0.0431116
2.27637e-09	-0.0430774
2.27644e-09	-0.0430431
2.27651e-09	-0.0430088
2.27658e-09	-0.0429744
2.27666e-09	-0.04294
2.27673e-09	-0.0429055
2.2768e-09	-0.042871
2.27687e-09	-0.0428364
2.27694e-09	-0.0428017
2.27701e-09	-0.0427671
2.27708e-09	-0.0427323
2.27715e-09	-0.0426975
2.27722e-09	-0.0426626
2.27729e-09	-0.0426277
2.27736e-09	-0.0425928
2.27743e-09	-0.0425578
2.2775e-09	-0.0425227
2.27757e-09	-0.0424876
2.27765e-09	-0.0424524
2.27772e-09	-0.0424172
2.27779e-09	-0.0423819
2.27786e-09	-0.0423466
2.27793e-09	-0.0423112
2.278e-09	-0.0422758
2.27807e-09	-0.0422403
2.27814e-09	-0.0422047
2.27821e-09	-0.0421692
2.27828e-09	-0.0421335
2.27835e-09	-0.0420978
2.27842e-09	-0.0420621
2.27849e-09	-0.0420263
2.27856e-09	-0.0419905
2.27864e-09	-0.0419546
2.27871e-09	-0.0419186
2.27878e-09	-0.0418827
2.27885e-09	-0.0418466
2.27892e-09	-0.0418105
2.27899e-09	-0.0417744
2.27906e-09	-0.0417382
2.27913e-09	-0.041702
2.2792e-09	-0.0416657
2.27927e-09	-0.0416293
2.27934e-09	-0.0415929
2.27941e-09	-0.0415565
2.27948e-09	-0.04152
2.27956e-09	-0.0414835
2.27963e-09	-0.0414469
2.2797e-09	-0.0414103
2.27977e-09	-0.0413736
2.27984e-09	-0.0413369
2.27991e-09	-0.0413001
2.27998e-09	-0.0412633
2.28005e-09	-0.0412264
2.28012e-09	-0.0411895
2.28019e-09	-0.0411525
2.28026e-09	-0.0411155
2.28033e-09	-0.0410785
2.2804e-09	-0.0410414
2.28047e-09	-0.0410042
2.28055e-09	-0.040967
2.28062e-09	-0.0409297
2.28069e-09	-0.0408925
2.28076e-09	-0.0408551
2.28083e-09	-0.0408177
2.2809e-09	-0.0407803
2.28097e-09	-0.0407428
2.28104e-09	-0.0407053
2.28111e-09	-0.0406677
2.28118e-09	-0.0406301
2.28125e-09	-0.0405924
2.28132e-09	-0.0405547
2.28139e-09	-0.040517
2.28146e-09	-0.0404792
2.28154e-09	-0.0404413
2.28161e-09	-0.0404034
2.28168e-09	-0.0403655
2.28175e-09	-0.0403275
2.28182e-09	-0.0402895
2.28189e-09	-0.0402514
2.28196e-09	-0.0402133
2.28203e-09	-0.0401752
2.2821e-09	-0.040137
2.28217e-09	-0.0400987
2.28224e-09	-0.0400604
2.28231e-09	-0.0400221
2.28238e-09	-0.0399837
2.28246e-09	-0.0399453
2.28253e-09	-0.0399068
2.2826e-09	-0.0398683
2.28267e-09	-0.0398298
2.28274e-09	-0.0397912
2.28281e-09	-0.0397526
2.28288e-09	-0.0397139
2.28295e-09	-0.0396752
2.28302e-09	-0.0396364
2.28309e-09	-0.0395976
2.28316e-09	-0.0395588
2.28323e-09	-0.0395199
2.2833e-09	-0.0394809
2.28337e-09	-0.039442
2.28345e-09	-0.039403
2.28352e-09	-0.0393639
2.28359e-09	-0.0393248
2.28366e-09	-0.0392857
2.28373e-09	-0.0392465
2.2838e-09	-0.0392073
2.28387e-09	-0.039168
2.28394e-09	-0.0391287
2.28401e-09	-0.0390894
2.28408e-09	-0.03905
2.28415e-09	-0.0390106
2.28422e-09	-0.0389711
2.28429e-09	-0.0389316
2.28436e-09	-0.038892
2.28444e-09	-0.0388525
2.28451e-09	-0.0388128
2.28458e-09	-0.0387732
2.28465e-09	-0.0387335
2.28472e-09	-0.0386937
2.28479e-09	-0.0386539
2.28486e-09	-0.0386141
2.28493e-09	-0.0385743
2.285e-09	-0.0385344
2.28507e-09	-0.0384944
2.28514e-09	-0.0384545
2.28521e-09	-0.0384144
2.28528e-09	-0.0383744
2.28535e-09	-0.0383343
2.28543e-09	-0.0382942
2.2855e-09	-0.038254
2.28557e-09	-0.0382138
2.28564e-09	-0.0381736
2.28571e-09	-0.0381333
2.28578e-09	-0.038093
2.28585e-09	-0.0380526
2.28592e-09	-0.0380122
2.28599e-09	-0.0379718
2.28606e-09	-0.0379313
2.28613e-09	-0.0378908
2.2862e-09	-0.0378503
2.28627e-09	-0.0378097
2.28635e-09	-0.0377691
2.28642e-09	-0.0377284
2.28649e-09	-0.0376878
2.28656e-09	-0.037647
2.28663e-09	-0.0376063
2.2867e-09	-0.0375655
2.28677e-09	-0.0375247
2.28684e-09	-0.0374838
2.28691e-09	-0.0374429
2.28698e-09	-0.037402
2.28705e-09	-0.037361
2.28712e-09	-0.03732
2.28719e-09	-0.0372789
2.28726e-09	-0.0372379
2.28734e-09	-0.0371968
2.28741e-09	-0.0371556
2.28748e-09	-0.0371144
2.28755e-09	-0.0370732
2.28762e-09	-0.037032
2.28769e-09	-0.0369907
2.28776e-09	-0.0369494
2.28783e-09	-0.036908
2.2879e-09	-0.0368666
2.28797e-09	-0.0368252
2.28804e-09	-0.0367838
2.28811e-09	-0.0367423
2.28818e-09	-0.0367008
2.28825e-09	-0.0366592
2.28833e-09	-0.0366177
2.2884e-09	-0.036576
2.28847e-09	-0.0365344
2.28854e-09	-0.0364927
2.28861e-09	-0.036451
2.28868e-09	-0.0364092
2.28875e-09	-0.0363675
2.28882e-09	-0.0363257
2.28889e-09	-0.0362838
2.28896e-09	-0.0362419
2.28903e-09	-0.0362
2.2891e-09	-0.0361581
2.28917e-09	-0.0361161
2.28924e-09	-0.0360741
2.28932e-09	-0.0360321
2.28939e-09	-0.03599
2.28946e-09	-0.035948
2.28953e-09	-0.0359058
2.2896e-09	-0.0358637
2.28967e-09	-0.0358215
2.28974e-09	-0.0357793
2.28981e-09	-0.035737
2.28988e-09	-0.0356948
2.28995e-09	-0.0356524
2.29002e-09	-0.0356101
2.29009e-09	-0.0355677
2.29016e-09	-0.0355253
2.29024e-09	-0.0354829
2.29031e-09	-0.0354405
2.29038e-09	-0.035398
2.29045e-09	-0.0353555
2.29052e-09	-0.0353129
2.29059e-09	-0.0352704
2.29066e-09	-0.0352278
2.29073e-09	-0.0351851
2.2908e-09	-0.0351425
2.29087e-09	-0.0350998
2.29094e-09	-0.0350571
2.29101e-09	-0.0350143
2.29108e-09	-0.0349716
2.29115e-09	-0.0349288
2.29123e-09	-0.0348859
2.2913e-09	-0.0348431
2.29137e-09	-0.0348002
2.29144e-09	-0.0347573
2.29151e-09	-0.0347143
2.29158e-09	-0.0346714
2.29165e-09	-0.0346284
2.29172e-09	-0.0345854
2.29179e-09	-0.0345423
2.29186e-09	-0.0344992
2.29193e-09	-0.0344561
2.292e-09	-0.034413
2.29207e-09	-0.0343699
2.29214e-09	-0.0343267
2.29222e-09	-0.0342835
2.29229e-09	-0.0342402
2.29236e-09	-0.034197
2.29243e-09	-0.0341537
2.2925e-09	-0.0341104
2.29257e-09	-0.0340671
2.29264e-09	-0.0340237
2.29271e-09	-0.0339803
2.29278e-09	-0.0339369
2.29285e-09	-0.0338935
2.29292e-09	-0.03385
2.29299e-09	-0.0338065
2.29306e-09	-0.033763
2.29314e-09	-0.0337195
2.29321e-09	-0.0336759
2.29328e-09	-0.0336323
2.29335e-09	-0.0335887
2.29342e-09	-0.0335451
2.29349e-09	-0.0335014
2.29356e-09	-0.0334578
2.29363e-09	-0.0334141
2.2937e-09	-0.0333703
2.29377e-09	-0.0333266
2.29384e-09	-0.0332828
2.29391e-09	-0.033239
2.29398e-09	-0.0331952
2.29405e-09	-0.0331513
2.29413e-09	-0.0331075
2.2942e-09	-0.0330636
2.29427e-09	-0.0330197
2.29434e-09	-0.0329757
2.29441e-09	-0.0329318
2.29448e-09	-0.0328878
2.29455e-09	-0.0328438
2.29462e-09	-0.0327998
2.29469e-09	-0.0327557
2.29476e-09	-0.0327117
2.29483e-09	-0.0326676
2.2949e-09	-0.0326235
2.29497e-09	-0.0325793
2.29504e-09	-0.0325352
2.29512e-09	-0.032491
2.29519e-09	-0.0324468
2.29526e-09	-0.0324026
2.29533e-09	-0.0323583
2.2954e-09	-0.0323141
2.29547e-09	-0.0322698
2.29554e-09	-0.0322255
2.29561e-09	-0.0321812
2.29568e-09	-0.0321368
2.29575e-09	-0.0320925
2.29582e-09	-0.0320481
2.29589e-09	-0.0320037
2.29596e-09	-0.0319593
2.29603e-09	-0.0319148
2.29611e-09	-0.0318704
2.29618e-09	-0.0318259
2.29625e-09	-0.0317814
2.29632e-09	-0.0317369
2.29639e-09	-0.0316923
2.29646e-09	-0.0316478
2.29653e-09	-0.0316032
2.2966e-09	-0.0315586
2.29667e-09	-0.031514
2.29674e-09	-0.0314693
2.29681e-09	-0.0314247
2.29688e-09	-0.03138
2.29695e-09	-0.0313353
2.29703e-09	-0.0312906
2.2971e-09	-0.0312459
2.29717e-09	-0.0312011
2.29724e-09	-0.0311564
2.29731e-09	-0.0311116
2.29738e-09	-0.0310668
2.29745e-09	-0.031022
2.29752e-09	-0.0309772
2.29759e-09	-0.0309323
2.29766e-09	-0.0308875
2.29773e-09	-0.0308426
2.2978e-09	-0.0307977
2.29787e-09	-0.0307528
2.29794e-09	-0.0307078
2.29802e-09	-0.0306629
2.29809e-09	-0.0306179
2.29816e-09	-0.0305729
2.29823e-09	-0.0305279
2.2983e-09	-0.0304829
2.29837e-09	-0.0304379
2.29844e-09	-0.0303928
2.29851e-09	-0.0303478
2.29858e-09	-0.0303027
2.29865e-09	-0.0302576
2.29872e-09	-0.0302125
2.29879e-09	-0.0301674
2.29886e-09	-0.0301223
2.29893e-09	-0.0300771
2.29901e-09	-0.0300319
2.29908e-09	-0.0299868
2.29915e-09	-0.0299416
2.29922e-09	-0.0298963
2.29929e-09	-0.0298511
2.29936e-09	-0.0298059
2.29943e-09	-0.0297606
2.2995e-09	-0.0297153
2.29957e-09	-0.0296701
2.29964e-09	-0.0296248
2.29971e-09	-0.0295795
2.29978e-09	-0.0295341
2.29985e-09	-0.0294888
2.29993e-09	-0.0294434
2.3e-09	-0.0293981
2.30007e-09	-0.0293527
2.30014e-09	-0.0293073
2.30021e-09	-0.0292619
2.30028e-09	-0.0292165
2.30035e-09	-0.0291711
2.30042e-09	-0.0291256
2.30049e-09	-0.0290802
2.30056e-09	-0.0290347
2.30063e-09	-0.0289892
2.3007e-09	-0.0289437
2.30077e-09	-0.0288982
2.30084e-09	-0.0288527
2.30092e-09	-0.0288072
2.30099e-09	-0.0287616
2.30106e-09	-0.0287161
2.30113e-09	-0.0286705
2.3012e-09	-0.028625
2.30127e-09	-0.0285794
2.30134e-09	-0.0285338
2.30141e-09	-0.0284882
2.30148e-09	-0.0284426
2.30155e-09	-0.0283969
2.30162e-09	-0.0283513
2.30169e-09	-0.0283056
2.30176e-09	-0.02826
2.30183e-09	-0.0282143
2.30191e-09	-0.0281686
2.30198e-09	-0.0281229
2.30205e-09	-0.0280772
2.30212e-09	-0.0280315
2.30219e-09	-0.0279858
2.30226e-09	-0.0279401
2.30233e-09	-0.0278943
2.3024e-09	-0.0278486
2.30247e-09	-0.0278028
2.30254e-09	-0.027757
2.30261e-09	-0.0277113
2.30268e-09	-0.0276655
2.30275e-09	-0.0276197
2.30282e-09	-0.0275739
2.3029e-09	-0.027528
2.30297e-09	-0.0274822
2.30304e-09	-0.0274364
2.30311e-09	-0.0273906
2.30318e-09	-0.0273447
2.30325e-09	-0.0272988
2.30332e-09	-0.027253
2.30339e-09	-0.0272071
2.30346e-09	-0.0271612
2.30353e-09	-0.0271153
2.3036e-09	-0.0270694
2.30367e-09	-0.0270235
2.30374e-09	-0.0269776
2.30382e-09	-0.0269317
2.30389e-09	-0.0268858
2.30396e-09	-0.0268398
2.30403e-09	-0.0267939
2.3041e-09	-0.026748
2.30417e-09	-0.026702
2.30424e-09	-0.026656
2.30431e-09	-0.0266101
2.30438e-09	-0.0265641
2.30445e-09	-0.0265181
2.30452e-09	-0.0264721
2.30459e-09	-0.0264261
2.30466e-09	-0.0263801
2.30473e-09	-0.0263341
2.30481e-09	-0.0262881
2.30488e-09	-0.0262421
2.30495e-09	-0.0261961
2.30502e-09	-0.0261501
2.30509e-09	-0.026104
2.30516e-09	-0.026058
2.30523e-09	-0.0260119
2.3053e-09	-0.0259659
2.30537e-09	-0.0259198
2.30544e-09	-0.0258738
2.30551e-09	-0.0258277
2.30558e-09	-0.0257816
2.30565e-09	-0.0257356
2.30572e-09	-0.0256895
2.3058e-09	-0.0256434
2.30587e-09	-0.0255973
2.30594e-09	-0.0255512
2.30601e-09	-0.0255051
2.30608e-09	-0.025459
2.30615e-09	-0.0254129
2.30622e-09	-0.0253668
2.30629e-09	-0.0253207
2.30636e-09	-0.0252746
2.30643e-09	-0.0252285
2.3065e-09	-0.0251824
2.30657e-09	-0.0251362
2.30664e-09	-0.0250901
2.30671e-09	-0.025044
2.30679e-09	-0.0249979
2.30686e-09	-0.0249517
2.30693e-09	-0.0249056
2.307e-09	-0.0248594
2.30707e-09	-0.0248133
2.30714e-09	-0.0247672
2.30721e-09	-0.024721
2.30728e-09	-0.0246749
2.30735e-09	-0.0246287
2.30742e-09	-0.0245826
2.30749e-09	-0.0245364
2.30756e-09	-0.0244902
2.30763e-09	-0.0244441
2.30771e-09	-0.0243979
2.30778e-09	-0.0243518
2.30785e-09	-0.0243056
2.30792e-09	-0.0242594
2.30799e-09	-0.0242133
2.30806e-09	-0.0241671
2.30813e-09	-0.0241209
2.3082e-09	-0.0240748
2.30827e-09	-0.0240286
2.30834e-09	-0.0239824
2.30841e-09	-0.0239362
2.30848e-09	-0.0238901
2.30855e-09	-0.0238439
2.30862e-09	-0.0237977
2.3087e-09	-0.0237515
2.30877e-09	-0.0237054
2.30884e-09	-0.0236592
2.30891e-09	-0.023613
2.30898e-09	-0.0235669
2.30905e-09	-0.0235207
2.30912e-09	-0.0234745
2.30919e-09	-0.0234283
2.30926e-09	-0.0233822
2.30933e-09	-0.023336
2.3094e-09	-0.0232898
2.30947e-09	-0.0232437
2.30954e-09	-0.0231975
2.30961e-09	-0.0231513
2.30969e-09	-0.0231052
2.30976e-09	-0.023059
2.30983e-09	-0.0230128
2.3099e-09	-0.0229667
2.30997e-09	-0.0229205
2.31004e-09	-0.0228744
2.31011e-09	-0.0228282
2.31018e-09	-0.0227821
2.31025e-09	-0.0227359
2.31032e-09	-0.0226898
2.31039e-09	-0.0226436
2.31046e-09	-0.0225975
2.31053e-09	-0.0225513
2.31061e-09	-0.0225052
2.31068e-09	-0.022459
2.31075e-09	-0.0224129
2.31082e-09	-0.0223668
2.31089e-09	-0.0223207
2.31096e-09	-0.0222745
2.31103e-09	-0.0222284
2.3111e-09	-0.0221823
2.31117e-09	-0.0221362
2.31124e-09	-0.0220901
2.31131e-09	-0.0220439
2.31138e-09	-0.0219978
2.31145e-09	-0.0219517
2.31152e-09	-0.0219056
2.3116e-09	-0.0218595
2.31167e-09	-0.0218135
2.31174e-09	-0.0217674
2.31181e-09	-0.0217213
2.31188e-09	-0.0216752
2.31195e-09	-0.0216291
2.31202e-09	-0.0215831
2.31209e-09	-0.021537
2.31216e-09	-0.0214909
2.31223e-09	-0.0214449
2.3123e-09	-0.0213988
2.31237e-09	-0.0213528
2.31244e-09	-0.0213068
2.31251e-09	-0.0212607
2.31259e-09	-0.0212147
2.31266e-09	-0.0211687
2.31273e-09	-0.0211226
2.3128e-09	-0.0210766
2.31287e-09	-0.0210306
2.31294e-09	-0.0209846
2.31301e-09	-0.0209386
2.31308e-09	-0.0208926
2.31315e-09	-0.0208466
2.31322e-09	-0.0208007
2.31329e-09	-0.0207547
2.31336e-09	-0.0207087
2.31343e-09	-0.0206628
2.3135e-09	-0.0206168
2.31358e-09	-0.0205709
2.31365e-09	-0.0205249
2.31372e-09	-0.020479
2.31379e-09	-0.0204331
2.31386e-09	-0.0203871
2.31393e-09	-0.0203412
2.314e-09	-0.0202953
2.31407e-09	-0.0202494
2.31414e-09	-0.0202035
2.31421e-09	-0.0201577
2.31428e-09	-0.0201118
2.31435e-09	-0.0200659
2.31442e-09	-0.02002
2.3145e-09	-0.0199742
2.31457e-09	-0.0199283
2.31464e-09	-0.0198825
2.31471e-09	-0.0198367
2.31478e-09	-0.0197909
2.31485e-09	-0.019745
2.31492e-09	-0.0196992
2.31499e-09	-0.0196534
2.31506e-09	-0.0196077
2.31513e-09	-0.0195619
2.3152e-09	-0.0195161
2.31527e-09	-0.0194703
2.31534e-09	-0.0194246
2.31541e-09	-0.0193788
2.31549e-09	-0.0193331
2.31556e-09	-0.0192874
2.31563e-09	-0.0192417
2.3157e-09	-0.019196
2.31577e-09	-0.0191503
2.31584e-09	-0.0191046
2.31591e-09	-0.0190589
2.31598e-09	-0.0190132
2.31605e-09	-0.0189676
2.31612e-09	-0.0189219
2.31619e-09	-0.0188763
2.31626e-09	-0.0188306
2.31633e-09	-0.018785
2.3164e-09	-0.0187394
2.31648e-09	-0.0186938
2.31655e-09	-0.0186482
2.31662e-09	-0.0186026
2.31669e-09	-0.0185571
2.31676e-09	-0.0185115
2.31683e-09	-0.018466
2.3169e-09	-0.0184204
2.31697e-09	-0.0183749
2.31704e-09	-0.0183294
2.31711e-09	-0.0182839
2.31718e-09	-0.0182384
2.31725e-09	-0.0181929
2.31732e-09	-0.0181474
2.3174e-09	-0.018102
2.31747e-09	-0.0180565
2.31754e-09	-0.0180111
2.31761e-09	-0.0179657
2.31768e-09	-0.0179203
2.31775e-09	-0.0178748
2.31782e-09	-0.0178295
2.31789e-09	-0.0177841
2.31796e-09	-0.0177387
2.31803e-09	-0.0176934
2.3181e-09	-0.017648
2.31817e-09	-0.0176027
2.31824e-09	-0.0175574
2.31831e-09	-0.0175121
2.31839e-09	-0.0174668
2.31846e-09	-0.0174215
2.31853e-09	-0.0173763
2.3186e-09	-0.017331
2.31867e-09	-0.0172858
2.31874e-09	-0.0172405
2.31881e-09	-0.0171953
2.31888e-09	-0.0171501
2.31895e-09	-0.0171049
2.31902e-09	-0.0170598
2.31909e-09	-0.0170146
2.31916e-09	-0.0169695
2.31923e-09	-0.0169243
2.3193e-09	-0.0168792
2.31938e-09	-0.0168341
2.31945e-09	-0.016789
2.31952e-09	-0.0167439
2.31959e-09	-0.0166989
2.31966e-09	-0.0166538
2.31973e-09	-0.0166088
2.3198e-09	-0.0165638
2.31987e-09	-0.0165188
2.31994e-09	-0.0164738
2.32001e-09	-0.0164288
2.32008e-09	-0.0163838
2.32015e-09	-0.0163389
2.32022e-09	-0.016294
2.32029e-09	-0.016249
2.32037e-09	-0.0162041
2.32044e-09	-0.0161592
2.32051e-09	-0.0161144
2.32058e-09	-0.0160695
2.32065e-09	-0.0160247
2.32072e-09	-0.0159799
2.32079e-09	-0.015935
2.32086e-09	-0.0158902
2.32093e-09	-0.0158455
2.321e-09	-0.0158007
2.32107e-09	-0.015756
2.32114e-09	-0.0157112
2.32121e-09	-0.0156665
2.32129e-09	-0.0156218
2.32136e-09	-0.0155771
2.32143e-09	-0.0155324
2.3215e-09	-0.0154878
2.32157e-09	-0.0154432
2.32164e-09	-0.0153985
2.32171e-09	-0.0153539
2.32178e-09	-0.0153094
2.32185e-09	-0.0152648
2.32192e-09	-0.0152202
2.32199e-09	-0.0151757
2.32206e-09	-0.0151312
2.32213e-09	-0.0150867
2.3222e-09	-0.0150422
2.32228e-09	-0.0149977
2.32235e-09	-0.0149533
2.32242e-09	-0.0149088
2.32249e-09	-0.0148644
2.32256e-09	-0.01482
2.32263e-09	-0.0147756
2.3227e-09	-0.0147313
2.32277e-09	-0.0146869
2.32284e-09	-0.0146426
2.32291e-09	-0.0145983
2.32298e-09	-0.014554
2.32305e-09	-0.0145097
2.32312e-09	-0.0144655
2.32319e-09	-0.0144212
2.32327e-09	-0.014377
2.32334e-09	-0.0143328
2.32341e-09	-0.0142886
2.32348e-09	-0.0142445
2.32355e-09	-0.0142003
2.32362e-09	-0.0141562
2.32369e-09	-0.0141121
2.32376e-09	-0.014068
2.32383e-09	-0.0140239
2.3239e-09	-0.0139799
2.32397e-09	-0.0139358
2.32404e-09	-0.0138918
2.32411e-09	-0.0138478
2.32419e-09	-0.0138038
2.32426e-09	-0.0137599
2.32433e-09	-0.0137159
2.3244e-09	-0.013672
2.32447e-09	-0.0136281
2.32454e-09	-0.0135842
2.32461e-09	-0.0135404
2.32468e-09	-0.0134965
2.32475e-09	-0.0134527
2.32482e-09	-0.0134089
2.32489e-09	-0.0133651
2.32496e-09	-0.0133214
2.32503e-09	-0.0132776
2.3251e-09	-0.0132339
2.32518e-09	-0.0131902
2.32525e-09	-0.0131466
2.32532e-09	-0.0131029
2.32539e-09	-0.0130593
2.32546e-09	-0.0130156
2.32553e-09	-0.012972
2.3256e-09	-0.0129285
2.32567e-09	-0.0128849
2.32574e-09	-0.0128414
2.32581e-09	-0.0127979
2.32588e-09	-0.0127544
2.32595e-09	-0.0127109
2.32602e-09	-0.0126674
2.32609e-09	-0.012624
2.32617e-09	-0.0125806
2.32624e-09	-0.0125372
2.32631e-09	-0.0124939
2.32638e-09	-0.0124505
2.32645e-09	-0.0124072
2.32652e-09	-0.0123639
2.32659e-09	-0.0123206
2.32666e-09	-0.0122774
2.32673e-09	-0.0122341
2.3268e-09	-0.0121909
2.32687e-09	-0.0121477
2.32694e-09	-0.0121045
2.32701e-09	-0.0120614
2.32708e-09	-0.0120183
2.32716e-09	-0.0119752
2.32723e-09	-0.0119321
2.3273e-09	-0.011889
2.32737e-09	-0.011846
2.32744e-09	-0.011803
2.32751e-09	-0.01176
2.32758e-09	-0.011717
2.32765e-09	-0.0116741
2.32772e-09	-0.0116312
2.32779e-09	-0.0115883
2.32786e-09	-0.0115454
2.32793e-09	-0.0115025
2.328e-09	-0.0114597
2.32808e-09	-0.0114169
2.32815e-09	-0.0113741
2.32822e-09	-0.0113314
2.32829e-09	-0.0112886
2.32836e-09	-0.0112459
2.32843e-09	-0.0112032
2.3285e-09	-0.0111605
2.32857e-09	-0.0111179
2.32864e-09	-0.0110753
2.32871e-09	-0.0110327
2.32878e-09	-0.0109901
2.32885e-09	-0.0109476
2.32892e-09	-0.010905
2.32899e-09	-0.0108626
2.32907e-09	-0.0108201
2.32914e-09	-0.0107776
2.32921e-09	-0.0107352
2.32928e-09	-0.0106928
2.32935e-09	-0.0106504
2.32942e-09	-0.0106081
2.32949e-09	-0.0105657
2.32956e-09	-0.0105234
2.32963e-09	-0.0104812
2.3297e-09	-0.0104389
2.32977e-09	-0.0103967
2.32984e-09	-0.0103545
2.32991e-09	-0.0103123
2.32998e-09	-0.0102701
2.33006e-09	-0.010228
2.33013e-09	-0.0101859
2.3302e-09	-0.0101438
2.33027e-09	-0.0101018
2.33034e-09	-0.0100597
2.33041e-09	-0.0100177
2.33048e-09	-0.00997575
2.33055e-09	-0.00993379
2.33062e-09	-0.00989186
2.33069e-09	-0.00984996
2.33076e-09	-0.00980809
2.33083e-09	-0.00976624
2.3309e-09	-0.00972441
2.33097e-09	-0.00968261
2.33105e-09	-0.00964084
2.33112e-09	-0.00959909
2.33119e-09	-0.00955737
2.33126e-09	-0.00951568
2.33133e-09	-0.00947401
2.3314e-09	-0.00943237
2.33147e-09	-0.00939075
2.33154e-09	-0.00934916
2.33161e-09	-0.0093076
2.33168e-09	-0.00926606
2.33175e-09	-0.00922455
2.33182e-09	-0.00918307
2.33189e-09	-0.00914161
2.33197e-09	-0.00910018
2.33204e-09	-0.00905878
2.33211e-09	-0.00901741
2.33218e-09	-0.00897606
2.33225e-09	-0.00893474
2.33232e-09	-0.00889344
2.33239e-09	-0.00885217
2.33246e-09	-0.00881093
2.33253e-09	-0.00876972
2.3326e-09	-0.00872853
2.33267e-09	-0.00868737
2.33274e-09	-0.00864624
2.33281e-09	-0.00860514
2.33288e-09	-0.00856406
2.33296e-09	-0.00852301
2.33303e-09	-0.00848199
2.3331e-09	-0.008441
2.33317e-09	-0.00840004
2.33324e-09	-0.0083591
2.33331e-09	-0.00831819
2.33338e-09	-0.00827731
2.33345e-09	-0.00823645
2.33352e-09	-0.00819563
2.33359e-09	-0.00815483
2.33366e-09	-0.00811406
2.33373e-09	-0.00807332
2.3338e-09	-0.00803261
2.33387e-09	-0.00799192
2.33395e-09	-0.00795127
2.33402e-09	-0.00791064
2.33409e-09	-0.00787004
2.33416e-09	-0.00782947
2.33423e-09	-0.00778893
2.3343e-09	-0.00774842
2.33437e-09	-0.00770793
2.33444e-09	-0.00766748
2.33451e-09	-0.00762705
2.33458e-09	-0.00758666
2.33465e-09	-0.00754629
2.33472e-09	-0.00750595
2.33479e-09	-0.00746564
2.33487e-09	-0.00742536
2.33494e-09	-0.00738511
2.33501e-09	-0.00734489
2.33508e-09	-0.00730469
2.33515e-09	-0.00726453
2.33522e-09	-0.0072244
2.33529e-09	-0.00718429
2.33536e-09	-0.00714422
2.33543e-09	-0.00710417
2.3355e-09	-0.00706416
2.33557e-09	-0.00702417
2.33564e-09	-0.00698421
2.33571e-09	-0.00694429
2.33578e-09	-0.00690439
2.33586e-09	-0.00686453
2.33593e-09	-0.00682469
2.336e-09	-0.00678488
2.33607e-09	-0.00674511
2.33614e-09	-0.00670536
2.33621e-09	-0.00666565
2.33628e-09	-0.00662596
2.33635e-09	-0.00658631
2.33642e-09	-0.00654668
2.33649e-09	-0.00650709
2.33656e-09	-0.00646752
2.33663e-09	-0.00642799
2.3367e-09	-0.00638849
2.33677e-09	-0.00634902
2.33685e-09	-0.00630958
2.33692e-09	-0.00627017
2.33699e-09	-0.00623079
2.33706e-09	-0.00619144
2.33713e-09	-0.00615212
2.3372e-09	-0.00611283
2.33727e-09	-0.00607358
2.33734e-09	-0.00603435
2.33741e-09	-0.00599516
2.33748e-09	-0.005956
2.33755e-09	-0.00591687
2.33762e-09	-0.00587777
2.33769e-09	-0.0058387
2.33776e-09	-0.00579966
2.33784e-09	-0.00576066
2.33791e-09	-0.00572168
2.33798e-09	-0.00568274
2.33805e-09	-0.00564383
2.33812e-09	-0.00560495
2.33819e-09	-0.0055661
2.33826e-09	-0.00552729
2.33833e-09	-0.0054885
2.3384e-09	-0.00544975
2.33847e-09	-0.00541103
2.33854e-09	-0.00537234
2.33861e-09	-0.00533369
2.33868e-09	-0.00529506
2.33876e-09	-0.00525647
2.33883e-09	-0.00521791
2.3389e-09	-0.00517939
2.33897e-09	-0.00514089
2.33904e-09	-0.00510243
2.33911e-09	-0.005064
2.33918e-09	-0.0050256
2.33925e-09	-0.00498723
2.33932e-09	-0.0049489
2.33939e-09	-0.0049106
2.33946e-09	-0.00487233
2.33953e-09	-0.00483409
2.3396e-09	-0.00479589
2.33967e-09	-0.00475772
2.33975e-09	-0.00471958
2.33982e-09	-0.00468148
2.33989e-09	-0.00464341
2.33996e-09	-0.00460537
2.34003e-09	-0.00456736
2.3401e-09	-0.00452939
2.34017e-09	-0.00449145
2.34024e-09	-0.00445354
2.34031e-09	-0.00441567
2.34038e-09	-0.00437783
2.34045e-09	-0.00434002
2.34052e-09	-0.00430225
2.34059e-09	-0.00426451
2.34066e-09	-0.0042268
2.34074e-09	-0.00418913
2.34081e-09	-0.00415149
2.34088e-09	-0.00411388
2.34095e-09	-0.00407631
2.34102e-09	-0.00403877
2.34109e-09	-0.00400127
2.34116e-09	-0.00396379
2.34123e-09	-0.00392636
2.3413e-09	-0.00388895
2.34137e-09	-0.00385158
2.34144e-09	-0.00381425
2.34151e-09	-0.00377694
2.34158e-09	-0.00373967
2.34166e-09	-0.00370244
2.34173e-09	-0.00366524
2.3418e-09	-0.00362807
2.34187e-09	-0.00359094
2.34194e-09	-0.00355384
2.34201e-09	-0.00351678
2.34208e-09	-0.00347975
2.34215e-09	-0.00344276
2.34222e-09	-0.00340579
2.34229e-09	-0.00336887
2.34236e-09	-0.00333198
2.34243e-09	-0.00329512
2.3425e-09	-0.0032583
2.34257e-09	-0.00322151
2.34265e-09	-0.00318475
2.34272e-09	-0.00314804
2.34279e-09	-0.00311135
2.34286e-09	-0.0030747
2.34293e-09	-0.00303809
2.343e-09	-0.00300151
2.34307e-09	-0.00296496
2.34314e-09	-0.00292845
2.34321e-09	-0.00289198
2.34328e-09	-0.00285554
2.34335e-09	-0.00281913
2.34342e-09	-0.00278276
2.34349e-09	-0.00274643
2.34356e-09	-0.00271013
2.34364e-09	-0.00267387
2.34371e-09	-0.00263764
2.34378e-09	-0.00260144
2.34385e-09	-0.00256529
2.34392e-09	-0.00252916
2.34399e-09	-0.00249308
2.34406e-09	-0.00245702
2.34413e-09	-0.00242101
2.3442e-09	-0.00238503
2.34427e-09	-0.00234908
2.34434e-09	-0.00231317
2.34441e-09	-0.0022773
2.34448e-09	-0.00224146
2.34455e-09	-0.00220566
2.34463e-09	-0.00216989
2.3447e-09	-0.00213416
2.34477e-09	-0.00209846
2.34484e-09	-0.0020628
2.34491e-09	-0.00202718
2.34498e-09	-0.00199159
2.34505e-09	-0.00195604
2.34512e-09	-0.00192053
2.34519e-09	-0.00188505
2.34526e-09	-0.00184961
2.34533e-09	-0.0018142
2.3454e-09	-0.00177883
2.34547e-09	-0.00174349
2.34555e-09	-0.0017082
2.34562e-09	-0.00167293
2.34569e-09	-0.00163771
2.34576e-09	-0.00160252
2.34583e-09	-0.00156737
2.3459e-09	-0.00153225
2.34597e-09	-0.00149717
2.34604e-09	-0.00146213
2.34611e-09	-0.00142712
2.34618e-09	-0.00139215
2.34625e-09	-0.00135722
2.34632e-09	-0.00132232
2.34639e-09	-0.00128746
2.34646e-09	-0.00125264
2.34654e-09	-0.00121785
2.34661e-09	-0.0011831
2.34668e-09	-0.00114839
2.34675e-09	-0.00111372
2.34682e-09	-0.00107908
2.34689e-09	-0.00104448
2.34696e-09	-0.00100991
2.34703e-09	-0.000975384
2.3471e-09	-0.000940893
2.34717e-09	-0.00090644
2.34724e-09	-0.000872024
2.34731e-09	-0.000837645
2.34738e-09	-0.000803303
2.34745e-09	-0.000768998
2.34753e-09	-0.000734731
2.3476e-09	-0.000700501
2.34767e-09	-0.000666308
2.34774e-09	-0.000632153
2.34781e-09	-0.000598035
2.34788e-09	-0.000563954
2.34795e-09	-0.000529912
2.34802e-09	-0.000495906
2.34809e-09	-0.000461938
2.34816e-09	-0.000428008
2.34823e-09	-0.000394115
2.3483e-09	-0.00036026
2.34837e-09	-0.000326443
2.34845e-09	-0.000292664
2.34852e-09	-0.000258922
2.34859e-09	-0.000225218
2.34866e-09	-0.000191552
2.34873e-09	-0.000157923
2.3488e-09	-0.000124333
2.34887e-09	-9.07801e-05
2.34894e-09	-5.72654e-05
2.34901e-09	-2.37888e-05
2.34908e-09	9.64986e-06
2.34915e-09	4.30505e-05
2.34922e-09	7.6413e-05
2.34929e-09	0.000109737
2.34936e-09	0.000143024
2.34944e-09	0.000176272
2.34951e-09	0.000209482
2.34958e-09	0.000242654
2.34965e-09	0.000275787
2.34972e-09	0.000308882
2.34979e-09	0.000341939
2.34986e-09	0.000374958
2.34993e-09	0.000407938
2.35e-09	0.000440879
2.35007e-09	0.000473783
2.35014e-09	0.000506648
2.35021e-09	0.000539474
2.35028e-09	0.000572262
2.35035e-09	0.000605011
2.35043e-09	0.000637722
2.3505e-09	0.000670394
2.35057e-09	0.000703027
2.35064e-09	0.000735622
2.35071e-09	0.000768178
2.35078e-09	0.000800695
2.35085e-09	0.000833174
2.35092e-09	0.000865613
2.35099e-09	0.000898014
2.35106e-09	0.000930377
2.35113e-09	0.0009627
2.3512e-09	0.000994984
2.35127e-09	0.00102723
2.35134e-09	0.00105944
2.35142e-09	0.0010916
2.35149e-09	0.00112373
2.35156e-09	0.00115582
2.35163e-09	0.00118787
2.3517e-09	0.00121988
2.35177e-09	0.00125186
2.35184e-09	0.00128379
2.35191e-09	0.00131568
2.35198e-09	0.00134754
2.35205e-09	0.00137935
2.35212e-09	0.00141113
2.35219e-09	0.00144287
2.35226e-09	0.00147456
2.35234e-09	0.00150622
2.35241e-09	0.00153784
2.35248e-09	0.00156942
2.35255e-09	0.00160096
2.35262e-09	0.00163246
2.35269e-09	0.00166392
2.35276e-09	0.00169534
2.35283e-09	0.00172673
2.3529e-09	0.00175807
2.35297e-09	0.00178937
2.35304e-09	0.00182064
2.35311e-09	0.00185186
2.35318e-09	0.00188304
2.35325e-09	0.00191419
2.35333e-09	0.00194529
2.3534e-09	0.00197636
2.35347e-09	0.00200738
2.35354e-09	0.00203837
2.35361e-09	0.00206932
2.35368e-09	0.00210022
2.35375e-09	0.00213109
2.35382e-09	0.00216192
2.35389e-09	0.0021927
2.35396e-09	0.00222345
2.35403e-09	0.00225416
2.3541e-09	0.00228482
2.35417e-09	0.00231545
2.35424e-09	0.00234604
2.35432e-09	0.00237658
2.35439e-09	0.00240709
2.35446e-09	0.00243756
2.35453e-09	0.00246798
2.3546e-09	0.00249837
2.35467e-09	0.00252872
2.35474e-09	0.00255902
2.35481e-09	0.00258929
2.35488e-09	0.00261952
2.35495e-09	0.0026497
2.35502e-09	0.00267985
2.35509e-09	0.00270995
2.35516e-09	0.00274002
2.35523e-09	0.00277004
2.35531e-09	0.00280003
2.35538e-09	0.00282997
2.35545e-09	0.00285988
2.35552e-09	0.00288974
2.35559e-09	0.00291956
2.35566e-09	0.00294935
2.35573e-09	0.00297909
2.3558e-09	0.00300879
2.35587e-09	0.00303845
2.35594e-09	0.00306807
2.35601e-09	0.00309765
2.35608e-09	0.00312719
2.35615e-09	0.00315669
2.35623e-09	0.00318615
2.3563e-09	0.00321557
2.35637e-09	0.00324494
2.35644e-09	0.00327428
2.35651e-09	0.00330358
2.35658e-09	0.00333283
2.35665e-09	0.00336205
2.35672e-09	0.00339122
2.35679e-09	0.00342035
2.35686e-09	0.00344945
2.35693e-09	0.0034785
2.357e-09	0.00350751
2.35707e-09	0.00353648
2.35714e-09	0.00356541
2.35722e-09	0.0035943
2.35729e-09	0.00362314
2.35736e-09	0.00365195
2.35743e-09	0.00368072
2.3575e-09	0.00370944
2.35757e-09	0.00373813
2.35764e-09	0.00376677
2.35771e-09	0.00379537
2.35778e-09	0.00382393
2.35785e-09	0.00385245
2.35792e-09	0.00388093
2.35799e-09	0.00390937
2.35806e-09	0.00393777
2.35813e-09	0.00396612
2.35821e-09	0.00399444
2.35828e-09	0.00402271
2.35835e-09	0.00405094
2.35842e-09	0.00407913
2.35849e-09	0.00410728
2.35856e-09	0.00413539
2.35863e-09	0.00416346
2.3587e-09	0.00419149
2.35877e-09	0.00421947
2.35884e-09	0.00424742
2.35891e-09	0.00427532
2.35898e-09	0.00430318
2.35905e-09	0.004331
2.35913e-09	0.00435878
2.3592e-09	0.00438652
2.35927e-09	0.00441422
2.35934e-09	0.00444187
2.35941e-09	0.00446949
2.35948e-09	0.00449706
2.35955e-09	0.00452459
2.35962e-09	0.00455208
2.35969e-09	0.00457953
2.35976e-09	0.00460693
2.35983e-09	0.0046343
2.3599e-09	0.00466162
2.35997e-09	0.00468891
2.36004e-09	0.00471615
2.36012e-09	0.00474335
2.36019e-09	0.00477051
2.36026e-09	0.00479762
2.36033e-09	0.0048247
2.3604e-09	0.00485173
2.36047e-09	0.00487872
2.36054e-09	0.00490567
2.36061e-09	0.00493258
2.36068e-09	0.00495945
2.36075e-09	0.00498627
2.36082e-09	0.00501306
2.36089e-09	0.0050398
2.36096e-09	0.0050665
2.36103e-09	0.00509316
2.36111e-09	0.00511978
2.36118e-09	0.00514635
2.36125e-09	0.00517289
2.36132e-09	0.00519938
2.36139e-09	0.00522583
2.36146e-09	0.00525224
2.36153e-09	0.00527861
2.3616e-09	0.00530493
2.36167e-09	0.00533122
2.36174e-09	0.00535746
2.36181e-09	0.00538366
2.36188e-09	0.00540982
2.36195e-09	0.00543593
2.36202e-09	0.00546201
2.3621e-09	0.00548804
2.36217e-09	0.00551403
2.36224e-09	0.00553998
2.36231e-09	0.00556589
2.36238e-09	0.00559175
2.36245e-09	0.00561758
2.36252e-09	0.00564336
2.36259e-09	0.0056691
2.36266e-09	0.0056948
2.36273e-09	0.00572045
2.3628e-09	0.00574607
2.36287e-09	0.00577164
2.36294e-09	0.00579717
2.36302e-09	0.00582266
2.36309e-09	0.0058481
2.36316e-09	0.00587351
2.36323e-09	0.00589887
2.3633e-09	0.00592419
2.36337e-09	0.00594947
2.36344e-09	0.00597471
2.36351e-09	0.0059999
2.36358e-09	0.00602505
2.36365e-09	0.00605016
2.36372e-09	0.00607523
2.36379e-09	0.00610026
2.36386e-09	0.00612524
2.36393e-09	0.00615018
2.36401e-09	0.00617508
2.36408e-09	0.00619994
2.36415e-09	0.00622476
2.36422e-09	0.00624953
2.36429e-09	0.00627426
2.36436e-09	0.00629895
2.36443e-09	0.0063236
2.3645e-09	0.00634821
2.36457e-09	0.00637277
2.36464e-09	0.00639729
2.36471e-09	0.00642177
2.36478e-09	0.00644621
2.36485e-09	0.0064706
2.36492e-09	0.00649495
2.365e-09	0.00651926
2.36507e-09	0.00654353
2.36514e-09	0.00656776
2.36521e-09	0.00659194
2.36528e-09	0.00661608
2.36535e-09	0.00664018
2.36542e-09	0.00666424
2.36549e-09	0.00668826
2.36556e-09	0.00671223
2.36563e-09	0.00673616
2.3657e-09	0.00676005
2.36577e-09	0.00678389
2.36584e-09	0.0068077
2.36592e-09	0.00683146
2.36599e-09	0.00685518
2.36606e-09	0.00687886
2.36613e-09	0.00690249
2.3662e-09	0.00692609
2.36627e-09	0.00694964
2.36634e-09	0.00697314
2.36641e-09	0.00699661
2.36648e-09	0.00702003
2.36655e-09	0.00704342
2.36662e-09	0.00706675
2.36669e-09	0.00709005
2.36676e-09	0.00711331
2.36683e-09	0.00713652
2.36691e-09	0.00715969
2.36698e-09	0.00718282
2.36705e-09	0.0072059
2.36712e-09	0.00722895
2.36719e-09	0.00725195
2.36726e-09	0.0072749
2.36733e-09	0.00729782
2.3674e-09	0.00732069
2.36747e-09	0.00734353
2.36754e-09	0.00736632
2.36761e-09	0.00738906
2.36768e-09	0.00741177
2.36775e-09	0.00743443
2.36782e-09	0.00745705
2.3679e-09	0.00747963
2.36797e-09	0.00750216
2.36804e-09	0.00752466
2.36811e-09	0.00754711
2.36818e-09	0.00756952
2.36825e-09	0.00759188
2.36832e-09	0.0076142
2.36839e-09	0.00763649
2.36846e-09	0.00765873
2.36853e-09	0.00768092
2.3686e-09	0.00770308
2.36867e-09	0.00772519
2.36874e-09	0.00774726
2.36881e-09	0.00776928
2.36889e-09	0.00779127
2.36896e-09	0.00781321
2.36903e-09	0.00783511
2.3691e-09	0.00785697
2.36917e-09	0.00787879
2.36924e-09	0.00790056
2.36931e-09	0.00792229
2.36938e-09	0.00794398
2.36945e-09	0.00796562
2.36952e-09	0.00798723
2.36959e-09	0.00800879
2.36966e-09	0.00803031
2.36973e-09	0.00805179
2.36981e-09	0.00807322
2.36988e-09	0.00809461
2.36995e-09	0.00811596
2.37002e-09	0.00813727
2.37009e-09	0.00815853
2.37016e-09	0.00817976
2.37023e-09	0.00820094
2.3703e-09	0.00822208
2.37037e-09	0.00824317
2.37044e-09	0.00826422
2.37051e-09	0.00828524
2.37058e-09	0.0083062
2.37065e-09	0.00832713
2.37072e-09	0.00834801
2.3708e-09	0.00836886
2.37087e-09	0.00838966
2.37094e-09	0.00841041
2.37101e-09	0.00843113
2.37108e-09	0.0084518
2.37115e-09	0.00847243
2.37122e-09	0.00849302
2.37129e-09	0.00851356
2.37136e-09	0.00853407
2.37143e-09	0.00855453
2.3715e-09	0.00857494
2.37157e-09	0.00859532
2.37164e-09	0.00861566
2.37171e-09	0.00863595
2.37179e-09	0.0086562
2.37186e-09	0.0086764
2.37193e-09	0.00869657
2.372e-09	0.00871669
2.37207e-09	0.00873677
2.37214e-09	0.00875681
2.37221e-09	0.0087768
2.37228e-09	0.00879676
2.37235e-09	0.00881667
2.37242e-09	0.00883654
2.37249e-09	0.00885636
2.37256e-09	0.00887615
2.37263e-09	0.00889589
2.37271e-09	0.00891559
2.37278e-09	0.00893525
2.37285e-09	0.00895486
2.37292e-09	0.00897444
2.37299e-09	0.00899397
2.37306e-09	0.00901346
2.37313e-09	0.0090329
2.3732e-09	0.00905231
2.37327e-09	0.00907167
2.37334e-09	0.00909099
2.37341e-09	0.00911027
2.37348e-09	0.0091295
2.37355e-09	0.0091487
2.37362e-09	0.00916785
2.3737e-09	0.00918696
2.37377e-09	0.00920602
2.37384e-09	0.00922505
2.37391e-09	0.00924403
2.37398e-09	0.00926297
2.37405e-09	0.00928187
2.37412e-09	0.00930072
2.37419e-09	0.00931954
2.37426e-09	0.00933831
2.37433e-09	0.00935704
2.3744e-09	0.00937573
2.37447e-09	0.00939437
2.37454e-09	0.00941298
2.37461e-09	0.00943154
2.37469e-09	0.00945006
2.37476e-09	0.00946853
2.37483e-09	0.00948697
2.3749e-09	0.00950536
2.37497e-09	0.00952371
2.37504e-09	0.00954202
2.37511e-09	0.00956029
2.37518e-09	0.00957851
2.37525e-09	0.0095967
2.37532e-09	0.00961484
2.37539e-09	0.00963294
2.37546e-09	0.00965099
2.37553e-09	0.00966901
2.3756e-09	0.00968698
2.37568e-09	0.00970491
2.37575e-09	0.0097228
2.37582e-09	0.00974065
2.37589e-09	0.00975845
2.37596e-09	0.00977622
2.37603e-09	0.00979394
2.3761e-09	0.00981162
2.37617e-09	0.00982925
2.37624e-09	0.00984685
2.37631e-09	0.0098644
2.37638e-09	0.00988191
2.37645e-09	0.00989938
2.37652e-09	0.00991681
2.3766e-09	0.0099342
2.37667e-09	0.00995154
2.37674e-09	0.00996885
2.37681e-09	0.00998611
2.37688e-09	0.0100033
2.37695e-09	0.0100205
2.37702e-09	0.0100376
2.37709e-09	0.0100547
2.37716e-09	0.0100718
2.37723e-09	0.0100888
2.3773e-09	0.0101058
2.37737e-09	0.0101227
2.37744e-09	0.0101396
2.37751e-09	0.0101564
2.37759e-09	0.0101732
2.37766e-09	0.01019
2.37773e-09	0.0102067
2.3778e-09	0.0102234
2.37787e-09	0.01024
2.37794e-09	0.0102566
2.37801e-09	0.0102731
2.37808e-09	0.0102897
2.37815e-09	0.0103061
2.37822e-09	0.0103225
2.37829e-09	0.0103389
2.37836e-09	0.0103553
2.37843e-09	0.0103716
2.3785e-09	0.0103878
2.37858e-09	0.0104041
2.37865e-09	0.0104202
2.37872e-09	0.0104364
2.37879e-09	0.0104525
2.37886e-09	0.0104685
2.37893e-09	0.0104845
2.379e-09	0.0105005
2.37907e-09	0.0105164
2.37914e-09	0.0105323
2.37921e-09	0.0105481
2.37928e-09	0.0105639
2.37935e-09	0.0105797
2.37942e-09	0.0105954
2.37949e-09	0.0106111
2.37957e-09	0.0106267
2.37964e-09	0.0106423
2.37971e-09	0.0106579
2.37978e-09	0.0106734
2.37985e-09	0.0106889
2.37992e-09	0.0107043
2.37999e-09	0.0107197
2.38006e-09	0.0107351
2.38013e-09	0.0107504
2.3802e-09	0.0107656
2.38027e-09	0.0107808
2.38034e-09	0.010796
2.38041e-09	0.0108112
2.38049e-09	0.0108263
2.38056e-09	0.0108413
2.38063e-09	0.0108563
2.3807e-09	0.0108713
2.38077e-09	0.0108863
2.38084e-09	0.0109012
2.38091e-09	0.010916
2.38098e-09	0.0109308
2.38105e-09	0.0109456
2.38112e-09	0.0109603
2.38119e-09	0.010975
2.38126e-09	0.0109897
2.38133e-09	0.0110043
2.3814e-09	0.0110188
2.38148e-09	0.0110334
2.38155e-09	0.0110478
2.38162e-09	0.0110623
2.38169e-09	0.0110767
2.38176e-09	0.011091
2.38183e-09	0.0111054
2.3819e-09	0.0111196
2.38197e-09	0.0111339
2.38204e-09	0.0111481
2.38211e-09	0.0111622
2.38218e-09	0.0111764
2.38225e-09	0.0111904
2.38232e-09	0.0112045
2.38239e-09	0.0112185
2.38247e-09	0.0112324
2.38254e-09	0.0112463
2.38261e-09	0.0112602
2.38268e-09	0.011274
2.38275e-09	0.0112878
2.38282e-09	0.0113016
2.38289e-09	0.0113153
2.38296e-09	0.0113289
2.38303e-09	0.0113426
2.3831e-09	0.0113561
2.38317e-09	0.0113697
2.38324e-09	0.0113832
2.38331e-09	0.0113967
2.38339e-09	0.0114101
2.38346e-09	0.0114235
2.38353e-09	0.0114368
2.3836e-09	0.0114501
2.38367e-09	0.0114634
2.38374e-09	0.0114766
2.38381e-09	0.0114898
2.38388e-09	0.0115029
2.38395e-09	0.011516
2.38402e-09	0.0115291
2.38409e-09	0.0115421
2.38416e-09	0.0115551
2.38423e-09	0.011568
2.3843e-09	0.0115809
2.38438e-09	0.0115938
2.38445e-09	0.0116066
2.38452e-09	0.0116193
2.38459e-09	0.0116321
2.38466e-09	0.0116448
2.38473e-09	0.0116574
2.3848e-09	0.01167
2.38487e-09	0.0116826
2.38494e-09	0.0116952
2.38501e-09	0.0117077
2.38508e-09	0.0117201
2.38515e-09	0.0117325
2.38522e-09	0.0117449
2.38529e-09	0.0117572
2.38537e-09	0.0117695
2.38544e-09	0.0117818
2.38551e-09	0.011794
2.38558e-09	0.0118062
2.38565e-09	0.0118183
2.38572e-09	0.0118304
2.38579e-09	0.0118424
2.38586e-09	0.0118545
2.38593e-09	0.0118664
2.386e-09	0.0118784
2.38607e-09	0.0118903
2.38614e-09	0.0119021
2.38621e-09	0.0119139
2.38628e-09	0.0119257
2.38636e-09	0.0119374
2.38643e-09	0.0119491
2.3865e-09	0.0119608
2.38657e-09	0.0119724
2.38664e-09	0.011984
2.38671e-09	0.0119955
2.38678e-09	0.012007
2.38685e-09	0.0120185
2.38692e-09	0.0120299
2.38699e-09	0.0120413
2.38706e-09	0.0120526
2.38713e-09	0.0120639
2.3872e-09	0.0120752
2.38728e-09	0.0120864
2.38735e-09	0.0120976
2.38742e-09	0.0121087
2.38749e-09	0.0121198
2.38756e-09	0.0121309
2.38763e-09	0.0121419
2.3877e-09	0.0121529
2.38777e-09	0.0121638
2.38784e-09	0.0121747
2.38791e-09	0.0121856
2.38798e-09	0.0121964
2.38805e-09	0.0122072
2.38812e-09	0.0122179
2.38819e-09	0.0122286
2.38827e-09	0.0122393
2.38834e-09	0.0122499
2.38841e-09	0.0122605
2.38848e-09	0.0122711
2.38855e-09	0.0122816
2.38862e-09	0.012292
2.38869e-09	0.0123025
2.38876e-09	0.0123129
2.38883e-09	0.0123232
2.3889e-09	0.0123335
2.38897e-09	0.0123438
2.38904e-09	0.0123541
2.38911e-09	0.0123643
2.38918e-09	0.0123744
2.38926e-09	0.0123845
2.38933e-09	0.0123946
2.3894e-09	0.0124047
2.38947e-09	0.0124147
2.38954e-09	0.0124246
2.38961e-09	0.0124346
2.38968e-09	0.0124444
2.38975e-09	0.0124543
2.38982e-09	0.0124641
2.38989e-09	0.0124739
2.38996e-09	0.0124836
2.39003e-09	0.0124933
2.3901e-09	0.0125029
2.39018e-09	0.0125126
2.39025e-09	0.0125221
2.39032e-09	0.0125317
2.39039e-09	0.0125412
2.39046e-09	0.0125506
2.39053e-09	0.0125601
2.3906e-09	0.0125695
2.39067e-09	0.0125788
2.39074e-09	0.0125881
2.39081e-09	0.0125974
2.39088e-09	0.0126066
2.39095e-09	0.0126158
2.39102e-09	0.012625
2.39109e-09	0.0126341
2.39117e-09	0.0126431
2.39124e-09	0.0126522
2.39131e-09	0.0126612
2.39138e-09	0.0126702
2.39145e-09	0.0126791
2.39152e-09	0.012688
2.39159e-09	0.0126968
2.39166e-09	0.0127056
2.39173e-09	0.0127144
2.3918e-09	0.0127231
2.39187e-09	0.0127318
2.39194e-09	0.0127405
2.39201e-09	0.0127491
2.39208e-09	0.0127577
2.39216e-09	0.0127662
2.39223e-09	0.0127747
2.3923e-09	0.0127832
2.39237e-09	0.0127916
2.39244e-09	0.0128
2.39251e-09	0.0128084
2.39258e-09	0.0128167
2.39265e-09	0.012825
2.39272e-09	0.0128332
2.39279e-09	0.0128414
2.39286e-09	0.0128496
2.39293e-09	0.0128577
2.393e-09	0.0128658
2.39307e-09	0.0128739
2.39315e-09	0.0128819
2.39322e-09	0.0128899
2.39329e-09	0.0128978
2.39336e-09	0.0129057
2.39343e-09	0.0129136
2.3935e-09	0.0129214
2.39357e-09	0.0129292
2.39364e-09	0.0129369
2.39371e-09	0.0129446
2.39378e-09	0.0129523
2.39385e-09	0.01296
2.39392e-09	0.0129676
2.39399e-09	0.0129751
2.39407e-09	0.0129827
2.39414e-09	0.0129902
2.39421e-09	0.0129976
2.39428e-09	0.013005
2.39435e-09	0.0130124
2.39442e-09	0.0130197
2.39449e-09	0.0130271
2.39456e-09	0.0130343
2.39463e-09	0.0130416
2.3947e-09	0.0130487
2.39477e-09	0.0130559
2.39484e-09	0.013063
2.39491e-09	0.0130701
2.39498e-09	0.0130772
2.39506e-09	0.0130842
2.39513e-09	0.0130911
2.3952e-09	0.0130981
2.39527e-09	0.013105
2.39534e-09	0.0131118
2.39541e-09	0.0131187
2.39548e-09	0.0131255
2.39555e-09	0.0131322
2.39562e-09	0.0131389
2.39569e-09	0.0131456
2.39576e-09	0.0131522
2.39583e-09	0.0131589
2.3959e-09	0.0131654
2.39597e-09	0.013172
2.39605e-09	0.0131785
2.39612e-09	0.0131849
2.39619e-09	0.0131913
2.39626e-09	0.0131977
2.39633e-09	0.0132041
2.3964e-09	0.0132104
2.39647e-09	0.0132167
2.39654e-09	0.0132229
2.39661e-09	0.0132291
2.39668e-09	0.0132353
2.39675e-09	0.0132414
2.39682e-09	0.0132475
2.39689e-09	0.0132536
2.39696e-09	0.0132596
2.39704e-09	0.0132656
2.39711e-09	0.0132715
2.39718e-09	0.0132775
2.39725e-09	0.0132833
2.39732e-09	0.0132892
2.39739e-09	0.013295
2.39746e-09	0.0133008
2.39753e-09	0.0133065
2.3976e-09	0.0133122
2.39767e-09	0.0133179
2.39774e-09	0.0133235
2.39781e-09	0.0133291
2.39788e-09	0.0133347
2.39796e-09	0.0133402
2.39803e-09	0.0133457
2.3981e-09	0.0133511
2.39817e-09	0.0133565
2.39824e-09	0.0133619
2.39831e-09	0.0133673
2.39838e-09	0.0133726
2.39845e-09	0.0133778
2.39852e-09	0.0133831
2.39859e-09	0.0133883
2.39866e-09	0.0133934
2.39873e-09	0.0133986
2.3988e-09	0.0134037
2.39887e-09	0.0134087
2.39895e-09	0.0134138
2.39902e-09	0.0134187
2.39909e-09	0.0134237
2.39916e-09	0.0134286
2.39923e-09	0.0134335
2.3993e-09	0.0134384
2.39937e-09	0.0134432
2.39944e-09	0.0134479
2.39951e-09	0.0134527
2.39958e-09	0.0134574
2.39965e-09	0.0134621
2.39972e-09	0.0134667
2.39979e-09	0.0134713
2.39986e-09	0.0134759
2.39994e-09	0.0134804
2.40001e-09	0.0134849
2.40008e-09	0.0134894
2.40015e-09	0.0134938
2.40022e-09	0.0134982
2.40029e-09	0.0135026
2.40036e-09	0.0135069
2.40043e-09	0.0135112
2.4005e-09	0.0135154
2.40057e-09	0.0135197
2.40064e-09	0.0135239
2.40071e-09	0.013528
2.40078e-09	0.0135321
2.40086e-09	0.0135362
2.40093e-09	0.0135403
2.401e-09	0.0135443
2.40107e-09	0.0135483
2.40114e-09	0.0135522
2.40121e-09	0.0135561
2.40128e-09	0.01356
2.40135e-09	0.0135638
2.40142e-09	0.0135676
2.40149e-09	0.0135714
2.40156e-09	0.0135752
2.40163e-09	0.0135789
2.4017e-09	0.0135825
2.40177e-09	0.0135862
2.40185e-09	0.0135898
2.40192e-09	0.0135934
2.40199e-09	0.0135969
2.40206e-09	0.0136004
2.40213e-09	0.0136039
2.4022e-09	0.0136073
2.40227e-09	0.0136107
2.40234e-09	0.0136141
2.40241e-09	0.0136174
2.40248e-09	0.0136207
2.40255e-09	0.013624
2.40262e-09	0.0136272
2.40269e-09	0.0136304
2.40276e-09	0.0136336
2.40284e-09	0.0136367
2.40291e-09	0.0136398
2.40298e-09	0.0136429
2.40305e-09	0.0136459
2.40312e-09	0.0136489
2.40319e-09	0.0136519
2.40326e-09	0.0136548
2.40333e-09	0.0136577
2.4034e-09	0.0136606
2.40347e-09	0.0136634
2.40354e-09	0.0136662
2.40361e-09	0.013669
2.40368e-09	0.0136717
2.40375e-09	0.0136744
2.40383e-09	0.013677
2.4039e-09	0.0136797
2.40397e-09	0.0136823
2.40404e-09	0.0136848
2.40411e-09	0.0136874
2.40418e-09	0.0136899
2.40425e-09	0.0136924
2.40432e-09	0.0136948
2.40439e-09	0.0136972
2.40446e-09	0.0136996
2.40453e-09	0.0137019
2.4046e-09	0.0137042
2.40467e-09	0.0137065
2.40475e-09	0.0137087
2.40482e-09	0.0137109
2.40489e-09	0.0137131
2.40496e-09	0.0137152
2.40503e-09	0.0137173
2.4051e-09	0.0137194
2.40517e-09	0.0137215
2.40524e-09	0.0137235
2.40531e-09	0.0137254
2.40538e-09	0.0137274
2.40545e-09	0.0137293
2.40552e-09	0.0137312
2.40559e-09	0.013733
2.40566e-09	0.0137348
2.40574e-09	0.0137366
2.40581e-09	0.0137384
2.40588e-09	0.0137401
2.40595e-09	0.0137418
2.40602e-09	0.0137434
2.40609e-09	0.0137451
2.40616e-09	0.0137467
2.40623e-09	0.0137482
2.4063e-09	0.0137497
2.40637e-09	0.0137512
2.40644e-09	0.0137527
2.40651e-09	0.0137541
2.40658e-09	0.0137555
2.40665e-09	0.0137569
2.40673e-09	0.0137582
2.4068e-09	0.0137596
2.40687e-09	0.0137608
2.40694e-09	0.0137621
2.40701e-09	0.0137633
2.40708e-09	0.0137645
2.40715e-09	0.0137656
2.40722e-09	0.0137667
2.40729e-09	0.0137678
2.40736e-09	0.0137689
2.40743e-09	0.0137699
2.4075e-09	0.0137709
2.40757e-09	0.0137718
2.40765e-09	0.0137728
2.40772e-09	0.0137737
2.40779e-09	0.0137745
2.40786e-09	0.0137754
2.40793e-09	0.0137762
2.408e-09	0.0137769
2.40807e-09	0.0137777
2.40814e-09	0.0137784
2.40821e-09	0.0137791
2.40828e-09	0.0137797
2.40835e-09	0.0137803
2.40842e-09	0.0137809
2.40849e-09	0.0137815
2.40856e-09	0.013782
2.40864e-09	0.0137825
2.40871e-09	0.013783
2.40878e-09	0.0137834
2.40885e-09	0.0137838
2.40892e-09	0.0137842
2.40899e-09	0.0137845
2.40906e-09	0.0137848
2.40913e-09	0.0137851
2.4092e-09	0.0137853
2.40927e-09	0.0137856
2.40934e-09	0.0137857
2.40941e-09	0.0137859
2.40948e-09	0.013786
2.40955e-09	0.0137861
2.40963e-09	0.0137862
2.4097e-09	0.0137862
2.40977e-09	0.0137862
2.40984e-09	0.0137862
2.40991e-09	0.0137862
2.40998e-09	0.0137861
2.41005e-09	0.013786
2.41012e-09	0.0137858
2.41019e-09	0.0137856
2.41026e-09	0.0137854
2.41033e-09	0.0137852
2.4104e-09	0.0137849
2.41047e-09	0.0137846
2.41054e-09	0.0137843
2.41062e-09	0.013784
2.41069e-09	0.0137836
2.41076e-09	0.0137832
2.41083e-09	0.0137827
2.4109e-09	0.0137823
2.41097e-09	0.0137818
2.41104e-09	0.0137812
2.41111e-09	0.0137807
2.41118e-09	0.0137801
2.41125e-09	0.0137795
2.41132e-09	0.0137788
2.41139e-09	0.0137781
2.41146e-09	0.0137774
2.41154e-09	0.0137767
2.41161e-09	0.0137759
2.41168e-09	0.0137751
2.41175e-09	0.0137743
2.41182e-09	0.0137734
2.41189e-09	0.0137726
2.41196e-09	0.0137716
2.41203e-09	0.0137707
2.4121e-09	0.0137697
2.41217e-09	0.0137687
2.41224e-09	0.0137677
2.41231e-09	0.0137667
2.41238e-09	0.0137656
2.41245e-09	0.0137645
2.41253e-09	0.0137633
2.4126e-09	0.0137621
2.41267e-09	0.0137609
2.41274e-09	0.0137597
2.41281e-09	0.0137584
2.41288e-09	0.0137572
2.41295e-09	0.0137558
2.41302e-09	0.0137545
2.41309e-09	0.0137531
2.41316e-09	0.0137517
2.41323e-09	0.0137503
2.4133e-09	0.0137488
2.41337e-09	0.0137474
2.41344e-09	0.0137458
2.41352e-09	0.0137443
2.41359e-09	0.0137427
2.41366e-09	0.0137411
2.41373e-09	0.0137395
2.4138e-09	0.0137378
2.41387e-09	0.0137362
2.41394e-09	0.0137345
2.41401e-09	0.0137327
2.41408e-09	0.0137309
2.41415e-09	0.0137292
2.41422e-09	0.0137273
2.41429e-09	0.0137255
2.41436e-09	0.0137236
2.41444e-09	0.0137217
2.41451e-09	0.0137198
2.41458e-09	0.0137178
2.41465e-09	0.0137158
2.41472e-09	0.0137138
2.41479e-09	0.0137117
2.41486e-09	0.0137097
2.41493e-09	0.0137076
2.415e-09	0.0137054
2.41507e-09	0.0137033
2.41514e-09	0.0137011
2.41521e-09	0.0136989
2.41528e-09	0.0136967
2.41535e-09	0.0136944
2.41543e-09	0.0136921
2.4155e-09	0.0136898
2.41557e-09	0.0136874
2.41564e-09	0.0136851
2.41571e-09	0.0136827
2.41578e-09	0.0136802
2.41585e-09	0.0136778
2.41592e-09	0.0136753
2.41599e-09	0.0136728
2.41606e-09	0.0136703
2.41613e-09	0.0136677
2.4162e-09	0.0136651
2.41627e-09	0.0136625
2.41634e-09	0.0136598
2.41642e-09	0.0136572
2.41649e-09	0.0136545
2.41656e-09	0.0136518
2.41663e-09	0.013649
2.4167e-09	0.0136462
2.41677e-09	0.0136434
2.41684e-09	0.0136406
2.41691e-09	0.0136377
2.41698e-09	0.0136349
2.41705e-09	0.013632
2.41712e-09	0.013629
2.41719e-09	0.0136261
2.41726e-09	0.0136231
2.41733e-09	0.0136201
2.41741e-09	0.013617
2.41748e-09	0.013614
2.41755e-09	0.0136109
2.41762e-09	0.0136077
2.41769e-09	0.0136046
2.41776e-09	0.0136014
2.41783e-09	0.0135982
2.4179e-09	0.013595
2.41797e-09	0.0135918
2.41804e-09	0.0135885
2.41811e-09	0.0135852
2.41818e-09	0.0135819
2.41825e-09	0.0135785
2.41833e-09	0.0135751
2.4184e-09	0.0135717
2.41847e-09	0.0135683
2.41854e-09	0.0135649
2.41861e-09	0.0135614
2.41868e-09	0.0135579
2.41875e-09	0.0135543
2.41882e-09	0.0135508
2.41889e-09	0.0135472
2.41896e-09	0.0135436
2.41903e-09	0.01354
2.4191e-09	0.0135363
2.41917e-09	0.0135326
2.41924e-09	0.0135289
2.41932e-09	0.0135252
2.41939e-09	0.0135214
2.41946e-09	0.0135177
2.41953e-09	0.0135138
2.4196e-09	0.01351
2.41967e-09	0.0135062
2.41974e-09	0.0135023
2.41981e-09	0.0134984
2.41988e-09	0.0134944
2.41995e-09	0.0134905
2.42002e-09	0.0134865
2.42009e-09	0.0134825
2.42016e-09	0.0134785
2.42023e-09	0.0134744
2.42031e-09	0.0134703
2.42038e-09	0.0134662
2.42045e-09	0.0134621
2.42052e-09	0.0134579
2.42059e-09	0.0134538
2.42066e-09	0.0134496
2.42073e-09	0.0134453
2.4208e-09	0.0134411
2.42087e-09	0.0134368
2.42094e-09	0.0134325
2.42101e-09	0.0134282
2.42108e-09	0.0134238
2.42115e-09	0.0134195
2.42122e-09	0.0134151
2.4213e-09	0.0134106
2.42137e-09	0.0134062
2.42144e-09	0.0134017
2.42151e-09	0.0133972
2.42158e-09	0.0133927
2.42165e-09	0.0133882
2.42172e-09	0.0133836
2.42179e-09	0.013379
2.42186e-09	0.0133744
2.42193e-09	0.0133698
2.422e-09	0.0133651
2.42207e-09	0.0133604
2.42214e-09	0.0133557
2.42222e-09	0.013351
2.42229e-09	0.0133462
2.42236e-09	0.0133415
2.42243e-09	0.0133367
2.4225e-09	0.0133318
2.42257e-09	0.013327
2.42264e-09	0.0133221
2.42271e-09	0.0133172
2.42278e-09	0.0133123
2.42285e-09	0.0133074
2.42292e-09	0.0133024
2.42299e-09	0.0132974
2.42306e-09	0.0132924
2.42313e-09	0.0132874
2.42321e-09	0.0132823
2.42328e-09	0.0132772
2.42335e-09	0.0132721
2.42342e-09	0.013267
2.42349e-09	0.0132619
2.42356e-09	0.0132567
2.42363e-09	0.0132515
2.4237e-09	0.0132463
2.42377e-09	0.013241
2.42384e-09	0.0132358
2.42391e-09	0.0132305
2.42398e-09	0.0132252
2.42405e-09	0.0132199
2.42412e-09	0.0132145
2.4242e-09	0.0132091
2.42427e-09	0.0132037
2.42434e-09	0.0131983
2.42441e-09	0.0131929
2.42448e-09	0.0131874
2.42455e-09	0.0131819
2.42462e-09	0.0131764
2.42469e-09	0.0131709
2.42476e-09	0.0131653
2.42483e-09	0.0131598
2.4249e-09	0.0131542
2.42497e-09	0.0131485
2.42504e-09	0.0131429
2.42512e-09	0.0131372
2.42519e-09	0.0131316
2.42526e-09	0.0131258
2.42533e-09	0.0131201
2.4254e-09	0.0131144
2.42547e-09	0.0131086
2.42554e-09	0.0131028
2.42561e-09	0.013097
2.42568e-09	0.0130911
2.42575e-09	0.0130853
2.42582e-09	0.0130794
2.42589e-09	0.0130735
2.42596e-09	0.0130676
2.42603e-09	0.0130616
2.42611e-09	0.0130557
2.42618e-09	0.0130497
2.42625e-09	0.0130437
2.42632e-09	0.0130376
2.42639e-09	0.0130316
2.42646e-09	0.0130255
2.42653e-09	0.0130194
2.4266e-09	0.0130133
2.42667e-09	0.0130072
2.42674e-09	0.013001
2.42681e-09	0.0129948
2.42688e-09	0.0129886
2.42695e-09	0.0129824
2.42702e-09	0.0129762
2.4271e-09	0.0129699
2.42717e-09	0.0129636
2.42724e-09	0.0129573
2.42731e-09	0.012951
2.42738e-09	0.0129447
2.42745e-09	0.0129383
2.42752e-09	0.0129319
2.42759e-09	0.0129255
2.42766e-09	0.0129191
2.42773e-09	0.0129126
2.4278e-09	0.0129062
2.42787e-09	0.0128997
2.42794e-09	0.0128932
2.42801e-09	0.0128866
2.42809e-09	0.0128801
2.42816e-09	0.0128735
2.42823e-09	0.0128669
2.4283e-09	0.0128603
2.42837e-09	0.0128537
2.42844e-09	0.012847
2.42851e-09	0.0128404
2.42858e-09	0.0128337
2.42865e-09	0.012827
2.42872e-09	0.0128202
2.42879e-09	0.0128135
2.42886e-09	0.0128067
2.42893e-09	0.0127999
2.42901e-09	0.0127931
2.42908e-09	0.0127863
2.42915e-09	0.0127794
2.42922e-09	0.0127726
2.42929e-09	0.0127657
2.42936e-09	0.0127588
2.42943e-09	0.0127518
2.4295e-09	0.0127449
2.42957e-09	0.0127379
2.42964e-09	0.0127309
2.42971e-09	0.0127239
2.42978e-09	0.0127169
2.42985e-09	0.0127099
2.42992e-09	0.0127028
2.43e-09	0.0126957
2.43007e-09	0.0126886
2.43014e-09	0.0126815
2.43021e-09	0.0126743
2.43028e-09	0.0126672
2.43035e-09	0.01266
2.43042e-09	0.0126528
2.43049e-09	0.0126456
2.43056e-09	0.0126384
2.43063e-09	0.0126311
2.4307e-09	0.0126238
2.43077e-09	0.0126165
2.43084e-09	0.0126092
2.43091e-09	0.0126019
2.43099e-09	0.0125945
2.43106e-09	0.0125872
2.43113e-09	0.0125798
2.4312e-09	0.0125724
2.43127e-09	0.012565
2.43134e-09	0.0125575
2.43141e-09	0.0125501
2.43148e-09	0.0125426
2.43155e-09	0.0125351
2.43162e-09	0.0125276
2.43169e-09	0.01252
2.43176e-09	0.0125125
2.43183e-09	0.0125049
2.43191e-09	0.0124973
2.43198e-09	0.0124897
2.43205e-09	0.0124821
2.43212e-09	0.0124745
2.43219e-09	0.0124668
2.43226e-09	0.0124591
2.43233e-09	0.0124514
2.4324e-09	0.0124437
2.43247e-09	0.012436
2.43254e-09	0.0124282
2.43261e-09	0.0124205
2.43268e-09	0.0124127
2.43275e-09	0.0124049
2.43282e-09	0.012397
2.4329e-09	0.0123892
2.43297e-09	0.0123813
2.43304e-09	0.0123735
2.43311e-09	0.0123656
2.43318e-09	0.0123577
2.43325e-09	0.0123498
2.43332e-09	0.0123418
2.43339e-09	0.0123338
2.43346e-09	0.0123259
2.43353e-09	0.0123179
2.4336e-09	0.0123099
2.43367e-09	0.0123018
2.43374e-09	0.0122938
2.43381e-09	0.0122857
2.43389e-09	0.0122776
2.43396e-09	0.0122695
2.43403e-09	0.0122614
2.4341e-09	0.0122533
2.43417e-09	0.0122451
2.43424e-09	0.012237
2.43431e-09	0.0122288
2.43438e-09	0.0122206
2.43445e-09	0.0122124
2.43452e-09	0.0122041
2.43459e-09	0.0121959
2.43466e-09	0.0121876
2.43473e-09	0.0121793
2.4348e-09	0.012171
2.43488e-09	0.0121627
2.43495e-09	0.0121544
2.43502e-09	0.012146
2.43509e-09	0.0121377
2.43516e-09	0.0121293
2.43523e-09	0.0121209
2.4353e-09	0.0121125
2.43537e-09	0.0121041
2.43544e-09	0.0120956
2.43551e-09	0.0120871
2.43558e-09	0.0120787
2.43565e-09	0.0120702
2.43572e-09	0.0120617
2.4358e-09	0.0120531
2.43587e-09	0.0120446
2.43594e-09	0.012036
2.43601e-09	0.0120274
2.43608e-09	0.0120189
2.43615e-09	0.0120102
2.43622e-09	0.0120016
2.43629e-09	0.011993
2.43636e-09	0.0119843
2.43643e-09	0.0119757
2.4365e-09	0.011967
2.43657e-09	0.0119583
2.43664e-09	0.0119496
2.43671e-09	0.0119408
2.43679e-09	0.0119321
2.43686e-09	0.0119233
2.43693e-09	0.0119145
2.437e-09	0.0119057
2.43707e-09	0.0118969
2.43714e-09	0.0118881
2.43721e-09	0.0118793
2.43728e-09	0.0118704
2.43735e-09	0.0118615
2.43742e-09	0.0118526
2.43749e-09	0.0118437
2.43756e-09	0.0118348
2.43763e-09	0.0118259
2.4377e-09	0.011817
2.43778e-09	0.011808
2.43785e-09	0.011799
2.43792e-09	0.01179
2.43799e-09	0.011781
2.43806e-09	0.011772
2.43813e-09	0.011763
2.4382e-09	0.0117539
2.43827e-09	0.0117448
2.43834e-09	0.0117358
2.43841e-09	0.0117267
2.43848e-09	0.0117176
2.43855e-09	0.0117084
2.43862e-09	0.0116993
2.4387e-09	0.0116902
2.43877e-09	0.011681
2.43884e-09	0.0116718
2.43891e-09	0.0116626
2.43898e-09	0.0116534
2.43905e-09	0.0116442
2.43912e-09	0.0116349
2.43919e-09	0.0116257
2.43926e-09	0.0116164
2.43933e-09	0.0116071
2.4394e-09	0.0115978
2.43947e-09	0.0115885
2.43954e-09	0.0115792
2.43961e-09	0.0115699
2.43969e-09	0.0115605
2.43976e-09	0.0115512
2.43983e-09	0.0115418
2.4399e-09	0.0115324
2.43997e-09	0.011523
2.44004e-09	0.0115136
2.44011e-09	0.0115041
2.44018e-09	0.0114947
2.44025e-09	0.0114852
2.44032e-09	0.0114758
2.44039e-09	0.0114663
2.44046e-09	0.0114568
2.44053e-09	0.0114473
2.4406e-09	0.0114377
2.44068e-09	0.0114282
2.44075e-09	0.0114186
2.44082e-09	0.0114091
2.44089e-09	0.0113995
2.44096e-09	0.0113899
2.44103e-09	0.0113803
2.4411e-09	0.0113707
2.44117e-09	0.011361
2.44124e-09	0.0113514
2.44131e-09	0.0113417
2.44138e-09	0.0113321
2.44145e-09	0.0113224
2.44152e-09	0.0113127
2.44159e-09	0.011303
2.44167e-09	0.0112932
2.44174e-09	0.0112835
2.44181e-09	0.0112737
2.44188e-09	0.011264
2.44195e-09	0.0112542
2.44202e-09	0.0112444
2.44209e-09	0.0112346
2.44216e-09	0.0112248
2.44223e-09	0.011215
2.4423e-09	0.0112051
2.44237e-09	0.0111953
2.44244e-09	0.0111854
2.44251e-09	0.0111756
2.44259e-09	0.0111657
2.44266e-09	0.0111558
2.44273e-09	0.0111459
2.4428e-09	0.0111359
2.44287e-09	0.011126
2.44294e-09	0.011116
2.44301e-09	0.0111061
2.44308e-09	0.0110961
2.44315e-09	0.0110861
2.44322e-09	0.0110761
2.44329e-09	0.0110661
2.44336e-09	0.0110561
2.44343e-09	0.0110461
2.4435e-09	0.011036
2.44358e-09	0.011026
2.44365e-09	0.0110159
2.44372e-09	0.0110058
2.44379e-09	0.0109957
2.44386e-09	0.0109856
2.44393e-09	0.0109755
2.444e-09	0.0109654
2.44407e-09	0.0109552
2.44414e-09	0.0109451
2.44421e-09	0.0109349
2.44428e-09	0.0109247
2.44435e-09	0.0109146
2.44442e-09	0.0109044
2.44449e-09	0.0108942
2.44457e-09	0.0108839
2.44464e-09	0.0108737
2.44471e-09	0.0108635
2.44478e-09	0.0108532
2.44485e-09	0.0108429
2.44492e-09	0.0108327
2.44499e-09	0.0108224
2.44506e-09	0.0108121
2.44513e-09	0.0108018
2.4452e-09	0.0107915
2.44527e-09	0.0107811
2.44534e-09	0.0107708
2.44541e-09	0.0107604
2.44548e-09	0.0107501
2.44556e-09	0.0107397
2.44563e-09	0.0107293
2.4457e-09	0.0107189
2.44577e-09	0.0107085
2.44584e-09	0.0106981
2.44591e-09	0.0106877
2.44598e-09	0.0106772
2.44605e-09	0.0106668
2.44612e-09	0.0106563
2.44619e-09	0.0106459
2.44626e-09	0.0106354
2.44633e-09	0.0106249
2.4464e-09	0.0106144
2.44648e-09	0.0106039
2.44655e-09	0.0105934
2.44662e-09	0.0105828
2.44669e-09	0.0105723
2.44676e-09	0.0105617
2.44683e-09	0.0105512
2.4469e-09	0.0105406
2.44697e-09	0.01053
2.44704e-09	0.0105194
2.44711e-09	0.0105088
2.44718e-09	0.0104982
2.44725e-09	0.0104876
2.44732e-09	0.010477
2.44739e-09	0.0104663
2.44747e-09	0.0104557
2.44754e-09	0.010445
2.44761e-09	0.0104344
2.44768e-09	0.0104237
2.44775e-09	0.010413
2.44782e-09	0.0104023
2.44789e-09	0.0103916
2.44796e-09	0.0103809
2.44803e-09	0.0103701
2.4481e-09	0.0103594
2.44817e-09	0.0103486
2.44824e-09	0.0103379
2.44831e-09	0.0103271
2.44838e-09	0.0103164
2.44846e-09	0.0103056
2.44853e-09	0.0102948
2.4486e-09	0.010284
2.44867e-09	0.0102732
2.44874e-09	0.0102623
2.44881e-09	0.0102515
2.44888e-09	0.0102407
2.44895e-09	0.0102298
2.44902e-09	0.010219
2.44909e-09	0.0102081
2.44916e-09	0.0101972
2.44923e-09	0.0101863
2.4493e-09	0.0101754
2.44938e-09	0.0101645
2.44945e-09	0.0101536
2.44952e-09	0.0101427
2.44959e-09	0.0101318
2.44966e-09	0.0101208
2.44973e-09	0.0101099
2.4498e-09	0.0100989
2.44987e-09	0.010088
2.44994e-09	0.010077
2.45001e-09	0.010066
2.45008e-09	0.010055
2.45015e-09	0.0100441
2.45022e-09	0.010033
2.45029e-09	0.010022
2.45037e-09	0.010011
2.45044e-09	0.00999998
2.45051e-09	0.00998894
2.45058e-09	0.0099779
2.45065e-09	0.00996684
2.45072e-09	0.00995578
2.45079e-09	0.00994471
2.45086e-09	0.00993363
2.45093e-09	0.00992254
2.451e-09	0.00991145
2.45107e-09	0.00990034
2.45114e-09	0.00988923
2.45121e-09	0.00987811
2.45128e-09	0.00986699
2.45136e-09	0.00985585
2.45143e-09	0.00984471
2.4515e-09	0.00983356
2.45157e-09	0.0098224
2.45164e-09	0.00981124
2.45171e-09	0.00980006
2.45178e-09	0.00978888
2.45185e-09	0.00977769
2.45192e-09	0.0097665
2.45199e-09	0.00975529
2.45206e-09	0.00974408
2.45213e-09	0.00973286
2.4522e-09	0.00972164
2.45227e-09	0.0097104
2.45235e-09	0.00969916
2.45242e-09	0.00968792
2.45249e-09	0.00967666
2.45256e-09	0.0096654
2.45263e-09	0.00965413
2.4527e-09	0.00964285
2.45277e-09	0.00963157
2.45284e-09	0.00962028
2.45291e-09	0.00960898
2.45298e-09	0.00959767
2.45305e-09	0.00958636
2.45312e-09	0.00957504
2.45319e-09	0.00956371
2.45327e-09	0.00955238
2.45334e-09	0.00954104
2.45341e-09	0.00952969
2.45348e-09	0.00951834
2.45355e-09	0.00950698
2.45362e-09	0.00949561
2.45369e-09	0.00948424
2.45376e-09	0.00947286
2.45383e-09	0.00946147
2.4539e-09	0.00945008
2.45397e-09	0.00943868
2.45404e-09	0.00942727
2.45411e-09	0.00941586
2.45418e-09	0.00940444
2.45426e-09	0.00939301
2.45433e-09	0.00938158
2.4544e-09	0.00937014
2.45447e-09	0.00935869
2.45454e-09	0.00934724
2.45461e-09	0.00933578
2.45468e-09	0.00932432
2.45475e-09	0.00931285
2.45482e-09	0.00930137
2.45489e-09	0.00928989
2.45496e-09	0.0092784
2.45503e-09	0.00926691
2.4551e-09	0.00925541
2.45517e-09	0.0092439
2.45525e-09	0.00923239
2.45532e-09	0.00922087
2.45539e-09	0.00920935
2.45546e-09	0.00919781
2.45553e-09	0.00918628
2.4556e-09	0.00917474
2.45567e-09	0.00916319
2.45574e-09	0.00915164
2.45581e-09	0.00914008
2.45588e-09	0.00912851
2.45595e-09	0.00911694
2.45602e-09	0.00910537
2.45609e-09	0.00909378
2.45617e-09	0.0090822
2.45624e-09	0.00907061
2.45631e-09	0.00905901
2.45638e-09	0.0090474
2.45645e-09	0.0090358
2.45652e-09	0.00902418
2.45659e-09	0.00901256
2.45666e-09	0.00900094
2.45673e-09	0.00898931
2.4568e-09	0.00897767
2.45687e-09	0.00896603
2.45694e-09	0.00895439
2.45701e-09	0.00894274
2.45708e-09	0.00893108
2.45716e-09	0.00891942
2.45723e-09	0.00890775
2.4573e-09	0.00889608
2.45737e-09	0.00888441
2.45744e-09	0.00887273
2.45751e-09	0.00886104
2.45758e-09	0.00884935
2.45765e-09	0.00883766
2.45772e-09	0.00882596
2.45779e-09	0.00881425
2.45786e-09	0.00880254
2.45793e-09	0.00879083
2.458e-09	0.00877911
2.45807e-09	0.00876739
2.45815e-09	0.00875566
2.45822e-09	0.00874393
2.45829e-09	0.00873219
2.45836e-09	0.00872045
2.45843e-09	0.0087087
2.4585e-09	0.00869695
2.45857e-09	0.0086852
2.45864e-09	0.00867344
2.45871e-09	0.00866167
2.45878e-09	0.00864991
2.45885e-09	0.00863813
2.45892e-09	0.00862636
2.45899e-09	0.00861458
2.45906e-09	0.00860279
2.45914e-09	0.008591
2.45921e-09	0.00857921
2.45928e-09	0.00856741
2.45935e-09	0.00855561
2.45942e-09	0.00854381
2.45949e-09	0.008532
2.45956e-09	0.00852019
2.45963e-09	0.00850837
2.4597e-09	0.00849655
2.45977e-09	0.00848472
2.45984e-09	0.00847289
2.45991e-09	0.00846106
2.45998e-09	0.00844923
2.46006e-09	0.00843739
2.46013e-09	0.00842554
2.4602e-09	0.0084137
2.46027e-09	0.00840184
2.46034e-09	0.00838999
2.46041e-09	0.00837813
2.46048e-09	0.00836627
2.46055e-09	0.00835441
2.46062e-09	0.00834254
2.46069e-09	0.00833067
2.46076e-09	0.00831879
2.46083e-09	0.00830691
2.4609e-09	0.00829503
2.46097e-09	0.00828314
2.46105e-09	0.00827126
2.46112e-09	0.00825936
2.46119e-09	0.00824747
2.46126e-09	0.00823557
2.46133e-09	0.00822367
2.4614e-09	0.00821176
2.46147e-09	0.00819986
2.46154e-09	0.00818795
2.46161e-09	0.00817603
2.46168e-09	0.00816411
2.46175e-09	0.0081522
2.46182e-09	0.00814027
2.46189e-09	0.00812835
2.46196e-09	0.00811642
2.46204e-09	0.00810449
2.46211e-09	0.00809255
2.46218e-09	0.00808061
2.46225e-09	0.00806868
2.46232e-09	0.00805673
2.46239e-09	0.00804479
2.46246e-09	0.00803284
2.46253e-09	0.00802089
2.4626e-09	0.00800894
2.46267e-09	0.00799698
2.46274e-09	0.00798502
2.46281e-09	0.00797306
2.46288e-09	0.0079611
2.46296e-09	0.00794913
2.46303e-09	0.00793716
2.4631e-09	0.00792519
2.46317e-09	0.00791322
2.46324e-09	0.00790125
2.46331e-09	0.00788927
2.46338e-09	0.00787729
2.46345e-09	0.00786531
2.46352e-09	0.00785332
2.46359e-09	0.00784134
2.46366e-09	0.00782935
2.46373e-09	0.00781736
2.4638e-09	0.00780536
2.46387e-09	0.00779337
2.46395e-09	0.00778137
2.46402e-09	0.00776937
2.46409e-09	0.00775737
2.46416e-09	0.00774537
2.46423e-09	0.00773336
2.4643e-09	0.00772136
2.46437e-09	0.00770935
2.46444e-09	0.00769734
2.46451e-09	0.00768533
2.46458e-09	0.00767331
2.46465e-09	0.0076613
2.46472e-09	0.00764928
2.46479e-09	0.00763726
2.46486e-09	0.00762524
2.46494e-09	0.00761322
2.46501e-09	0.0076012
2.46508e-09	0.00758917
2.46515e-09	0.00757714
2.46522e-09	0.00756511
2.46529e-09	0.00755308
2.46536e-09	0.00754105
2.46543e-09	0.00752902
2.4655e-09	0.00751699
2.46557e-09	0.00750495
2.46564e-09	0.00749291
2.46571e-09	0.00748088
2.46578e-09	0.00746884
2.46585e-09	0.0074568
2.46593e-09	0.00744476
2.466e-09	0.00743271
2.46607e-09	0.00742067
2.46614e-09	0.00740862
2.46621e-09	0.00739658
2.46628e-09	0.00738453
2.46635e-09	0.00737248
2.46642e-09	0.00736043
2.46649e-09	0.00734838
2.46656e-09	0.00733633
2.46663e-09	0.00732428
2.4667e-09	0.00731223
2.46677e-09	0.00730017
2.46685e-09	0.00728812
2.46692e-09	0.00727606
2.46699e-09	0.007264
2.46706e-09	0.00725195
2.46713e-09	0.00723989
2.4672e-09	0.00722783
2.46727e-09	0.00721577
2.46734e-09	0.00720371
2.46741e-09	0.00719165
2.46748e-09	0.00717959
2.46755e-09	0.00716753
2.46762e-09	0.00715547
2.46769e-09	0.00714341
2.46776e-09	0.00713134
2.46784e-09	0.00711928
2.46791e-09	0.00710722
2.46798e-09	0.00709515
2.46805e-09	0.00708309
2.46812e-09	0.00707102
2.46819e-09	0.00705896
2.46826e-09	0.00704689
2.46833e-09	0.00703483
2.4684e-09	0.00702276
2.46847e-09	0.00701069
2.46854e-09	0.00699863
2.46861e-09	0.00698656
2.46868e-09	0.0069745
2.46875e-09	0.00696243
2.46883e-09	0.00695036
2.4689e-09	0.0069383
2.46897e-09	0.00692623
2.46904e-09	0.00691416
2.46911e-09	0.0069021
2.46918e-09	0.00689003
2.46925e-09	0.00687796
2.46932e-09	0.0068659
2.46939e-09	0.00685383
2.46946e-09	0.00684177
2.46953e-09	0.0068297
2.4696e-09	0.00681764
2.46967e-09	0.00680557
2.46974e-09	0.00679351
2.46982e-09	0.00678144
2.46989e-09	0.00676938
2.46996e-09	0.00675732
2.47003e-09	0.00674525
2.4701e-09	0.00673319
2.47017e-09	0.00672113
2.47024e-09	0.00670907
2.47031e-09	0.00669701
2.47038e-09	0.00668494
2.47045e-09	0.00667288
2.47052e-09	0.00666083
2.47059e-09	0.00664877
2.47066e-09	0.00663671
2.47074e-09	0.00662465
2.47081e-09	0.0066126
2.47088e-09	0.00660054
2.47095e-09	0.00658848
2.47102e-09	0.00657643
2.47109e-09	0.00656438
2.47116e-09	0.00655232
2.47123e-09	0.00654027
2.4713e-09	0.00652822
2.47137e-09	0.00651617
2.47144e-09	0.00650412
2.47151e-09	0.00649208
2.47158e-09	0.00648003
2.47165e-09	0.00646798
2.47173e-09	0.00645594
2.4718e-09	0.00644389
2.47187e-09	0.00643185
2.47194e-09	0.00641981
2.47201e-09	0.00640777
2.47208e-09	0.00639573
2.47215e-09	0.00638369
2.47222e-09	0.00637166
2.47229e-09	0.00635962
2.47236e-09	0.00634759
2.47243e-09	0.00633556
2.4725e-09	0.00632352
2.47257e-09	0.00631149
2.47264e-09	0.00629947
2.47272e-09	0.00628744
2.47279e-09	0.00627541
2.47286e-09	0.00626339
2.47293e-09	0.00625137
2.473e-09	0.00623935
2.47307e-09	0.00622733
2.47314e-09	0.00621531
2.47321e-09	0.00620329
2.47328e-09	0.00619128
2.47335e-09	0.00617926
2.47342e-09	0.00616725
2.47349e-09	0.00615524
2.47356e-09	0.00614323
2.47364e-09	0.00613123
2.47371e-09	0.00611922
2.47378e-09	0.00610722
2.47385e-09	0.00609522
2.47392e-09	0.00608322
2.47399e-09	0.00607122
2.47406e-09	0.00605923
2.47413e-09	0.00604724
2.4742e-09	0.00603525
2.47427e-09	0.00602326
2.47434e-09	0.00601127
2.47441e-09	0.00599928
2.47448e-09	0.0059873
2.47455e-09	0.00597532
2.47463e-09	0.00596334
2.4747e-09	0.00595136
2.47477e-09	0.00593939
2.47484e-09	0.00592742
2.47491e-09	0.00591545
2.47498e-09	0.00590348
2.47505e-09	0.00589151
2.47512e-09	0.00587955
2.47519e-09	0.00586759
2.47526e-09	0.00585563
2.47533e-09	0.00584367
2.4754e-09	0.00583172
2.47547e-09	0.00581977
2.47554e-09	0.00580782
2.47562e-09	0.00579587
2.47569e-09	0.00578393
2.47576e-09	0.00577199
2.47583e-09	0.00576005
2.4759e-09	0.00574811
2.47597e-09	0.00573618
2.47604e-09	0.00572425
2.47611e-09	0.00571232
2.47618e-09	0.00570039
2.47625e-09	0.00568847
2.47632e-09	0.00567655
2.47639e-09	0.00566463
2.47646e-09	0.00565271
2.47653e-09	0.0056408
2.47661e-09	0.00562889
2.47668e-09	0.00561698
2.47675e-09	0.00560508
2.47682e-09	0.00559318
2.47689e-09	0.00558128
2.47696e-09	0.00556938
2.47703e-09	0.00555749
2.4771e-09	0.0055456
2.47717e-09	0.00553371
2.47724e-09	0.00552183
2.47731e-09	0.00550995
2.47738e-09	0.00549807
2.47745e-09	0.0054862
2.47753e-09	0.00547433
2.4776e-09	0.00546246
2.47767e-09	0.00545059
2.47774e-09	0.00543873
2.47781e-09	0.00542687
2.47788e-09	0.00541502
2.47795e-09	0.00540317
2.47802e-09	0.00539132
2.47809e-09	0.00537947
2.47816e-09	0.00536763
2.47823e-09	0.00535579
2.4783e-09	0.00534395
2.47837e-09	0.00533212
2.47844e-09	0.00532029
2.47852e-09	0.00530847
2.47859e-09	0.00529665
2.47866e-09	0.00528483
2.47873e-09	0.00527301
2.4788e-09	0.0052612
2.47887e-09	0.00524939
2.47894e-09	0.00523759
2.47901e-09	0.00522579
2.47908e-09	0.00521399
2.47915e-09	0.0052022
2.47922e-09	0.00519041
2.47929e-09	0.00517862
2.47936e-09	0.00516684
2.47943e-09	0.00515506
2.47951e-09	0.00514328
2.47958e-09	0.00513151
2.47965e-09	0.00511974
2.47972e-09	0.00510798
2.47979e-09	0.00509622
2.47986e-09	0.00508446
2.47993e-09	0.00507271
2.48e-09	0.00506096
2.48007e-09	0.00504922
2.48014e-09	0.00503748
2.48021e-09	0.00502574
2.48028e-09	0.00501401
2.48035e-09	0.00500228
2.48043e-09	0.00499055
2.4805e-09	0.00497883
2.48057e-09	0.00496712
2.48064e-09	0.0049554
2.48071e-09	0.0049437
2.48078e-09	0.00493199
2.48085e-09	0.00492029
2.48092e-09	0.0049086
2.48099e-09	0.0048969
2.48106e-09	0.00488522
2.48113e-09	0.00487353
2.4812e-09	0.00486186
2.48127e-09	0.00485018
2.48134e-09	0.00483851
2.48142e-09	0.00482684
2.48149e-09	0.00481518
2.48156e-09	0.00480353
2.48163e-09	0.00479187
2.4817e-09	0.00478022
2.48177e-09	0.00476858
2.48184e-09	0.00475694
2.48191e-09	0.00474531
2.48198e-09	0.00473367
2.48205e-09	0.00472205
2.48212e-09	0.00471043
2.48219e-09	0.00469881
2.48226e-09	0.0046872
2.48233e-09	0.00467559
2.48241e-09	0.00466399
2.48248e-09	0.00465239
2.48255e-09	0.00464079
2.48262e-09	0.0046292
2.48269e-09	0.00461762
2.48276e-09	0.00460604
2.48283e-09	0.00459447
2.4829e-09	0.00458289
2.48297e-09	0.00457133
2.48304e-09	0.00455977
2.48311e-09	0.00454821
2.48318e-09	0.00453666
2.48325e-09	0.00452512
2.48332e-09	0.00451357
2.4834e-09	0.00450204
2.48347e-09	0.00449051
2.48354e-09	0.00447898
2.48361e-09	0.00446746
2.48368e-09	0.00445594
2.48375e-09	0.00444443
2.48382e-09	0.00443292
2.48389e-09	0.00442142
2.48396e-09	0.00440993
2.48403e-09	0.00439844
2.4841e-09	0.00438695
2.48417e-09	0.00437547
2.48424e-09	0.00436399
2.48432e-09	0.00435252
2.48439e-09	0.00434106
2.48446e-09	0.0043296
2.48453e-09	0.00431814
2.4846e-09	0.00430669
2.48467e-09	0.00429525
2.48474e-09	0.00428381
2.48481e-09	0.00427237
2.48488e-09	0.00426094
2.48495e-09	0.00424952
2.48502e-09	0.0042381
2.48509e-09	0.00422669
2.48516e-09	0.00421528
2.48523e-09	0.00420388
2.48531e-09	0.00419249
2.48538e-09	0.00418109
2.48545e-09	0.00416971
2.48552e-09	0.00415833
2.48559e-09	0.00414696
2.48566e-09	0.00413559
2.48573e-09	0.00412422
2.4858e-09	0.00411287
2.48587e-09	0.00410151
2.48594e-09	0.00409017
2.48601e-09	0.00407883
2.48608e-09	0.00406749
2.48615e-09	0.00405616
2.48622e-09	0.00404484
2.4863e-09	0.00403352
2.48637e-09	0.00402221
2.48644e-09	0.0040109
2.48651e-09	0.0039996
2.48658e-09	0.00398831
2.48665e-09	0.00397702
2.48672e-09	0.00396573
2.48679e-09	0.00395446
2.48686e-09	0.00394318
2.48693e-09	0.00393192
2.487e-09	0.00392066
2.48707e-09	0.0039094
2.48714e-09	0.00389816
2.48721e-09	0.00388691
2.48729e-09	0.00387568
2.48736e-09	0.00386445
2.48743e-09	0.00385322
2.4875e-09	0.003842
2.48757e-09	0.00383079
2.48764e-09	0.00381959
2.48771e-09	0.00380839
2.48778e-09	0.00379719
2.48785e-09	0.00378601
2.48792e-09	0.00377482
2.48799e-09	0.00376365
2.48806e-09	0.00375248
2.48813e-09	0.00374132
2.48821e-09	0.00373016
2.48828e-09	0.00371901
2.48835e-09	0.00370786
2.48842e-09	0.00369673
2.48849e-09	0.00368559
2.48856e-09	0.00367447
2.48863e-09	0.00366335
2.4887e-09	0.00365223
2.48877e-09	0.00364113
2.48884e-09	0.00363003
2.48891e-09	0.00361893
2.48898e-09	0.00360785
2.48905e-09	0.00359676
2.48912e-09	0.00358569
2.4892e-09	0.00357462
2.48927e-09	0.00356356
2.48934e-09	0.0035525
2.48941e-09	0.00354146
2.48948e-09	0.00353041
2.48955e-09	0.00351938
2.48962e-09	0.00350835
2.48969e-09	0.00349733
2.48976e-09	0.00348631
2.48983e-09	0.0034753
2.4899e-09	0.0034643
2.48997e-09	0.0034533
2.49004e-09	0.00344231
2.49011e-09	0.00343133
2.49019e-09	0.00342035
2.49026e-09	0.00340938
2.49033e-09	0.00339842
2.4904e-09	0.00338746
2.49047e-09	0.00337651
2.49054e-09	0.00336557
2.49061e-09	0.00335464
2.49068e-09	0.00334371
2.49075e-09	0.00333279
2.49082e-09	0.00332187
2.49089e-09	0.00331096
2.49096e-09	0.00330006
2.49103e-09	0.00328917
2.49111e-09	0.00327828
2.49118e-09	0.0032674
2.49125e-09	0.00325652
2.49132e-09	0.00324566
2.49139e-09	0.0032348
2.49146e-09	0.00322394
2.49153e-09	0.0032131
2.4916e-09	0.00320226
2.49167e-09	0.00319142
2.49174e-09	0.0031806
2.49181e-09	0.00316978
2.49188e-09	0.00315897
2.49195e-09	0.00314817
2.49202e-09	0.00313737
2.4921e-09	0.00312658
2.49217e-09	0.0031158
2.49224e-09	0.00310502
2.49231e-09	0.00309426
2.49238e-09	0.00308349
2.49245e-09	0.00307274
2.49252e-09	0.00306199
2.49259e-09	0.00305126
2.49266e-09	0.00304052
2.49273e-09	0.0030298
2.4928e-09	0.00301908
2.49287e-09	0.00300837
2.49294e-09	0.00299767
2.49301e-09	0.00298697
2.49309e-09	0.00297628
2.49316e-09	0.0029656
2.49323e-09	0.00295493
2.4933e-09	0.00294426
2.49337e-09	0.0029336
2.49344e-09	0.00292295
2.49351e-09	0.00291231
2.49358e-09	0.00290167
2.49365e-09	0.00289104
2.49372e-09	0.00288042
2.49379e-09	0.00286981
2.49386e-09	0.0028592
2.49393e-09	0.0028486
2.494e-09	0.00283801
2.49408e-09	0.00282743
2.49415e-09	0.00281685
2.49422e-09	0.00280628
2.49429e-09	0.00279572
2.49436e-09	0.00278517
2.49443e-09	0.00277462
2.4945e-09	0.00276408
2.49457e-09	0.00275355
2.49464e-09	0.00274303
2.49471e-09	0.00273252
2.49478e-09	0.00272201
2.49485e-09	0.00271151
2.49492e-09	0.00270102
2.495e-09	0.00269053
2.49507e-09	0.00268005
2.49514e-09	0.00266959
2.49521e-09	0.00265912
2.49528e-09	0.00264867
2.49535e-09	0.00263823
2.49542e-09	0.00262779
2.49549e-09	0.00261736
2.49556e-09	0.00260694
2.49563e-09	0.00259652
2.4957e-09	0.00258612
2.49577e-09	0.00257572
2.49584e-09	0.00256533
2.49591e-09	0.00255494
2.49599e-09	0.00254457
2.49606e-09	0.0025342
2.49613e-09	0.00252384
2.4962e-09	0.00251349
2.49627e-09	0.00250315
2.49634e-09	0.00249282
2.49641e-09	0.00248249
2.49648e-09	0.00247217
2.49655e-09	0.00246186
2.49662e-09	0.00245156
2.49669e-09	0.00244126
2.49676e-09	0.00243098
2.49683e-09	0.0024207
2.4969e-09	0.00241043
2.49698e-09	0.00240016
2.49705e-09	0.00238991
2.49712e-09	0.00237966
2.49719e-09	0.00236943
2.49726e-09	0.0023592
2.49733e-09	0.00234898
2.4974e-09	0.00233876
2.49747e-09	0.00232856
2.49754e-09	0.00231836
2.49761e-09	0.00230817
2.49768e-09	0.00229799
2.49775e-09	0.00228782
2.49782e-09	0.00227766
2.4979e-09	0.0022675
2.49797e-09	0.00225735
2.49804e-09	0.00224722
2.49811e-09	0.00223708
2.49818e-09	0.00222696
2.49825e-09	0.00221685
2.49832e-09	0.00220674
2.49839e-09	0.00219665
2.49846e-09	0.00218656
2.49853e-09	0.00217648
2.4986e-09	0.00216641
2.49867e-09	0.00215634
2.49874e-09	0.00214629
2.49881e-09	0.00213624
2.49889e-09	0.0021262
2.49896e-09	0.00211617
2.49903e-09	0.00210615
2.4991e-09	0.00209614
2.49917e-09	0.00208614
2.49924e-09	0.00207614
2.49931e-09	0.00206615
2.49938e-09	0.00205617
2.49945e-09	0.0020462
2.49952e-09	0.00203624
2.49959e-09	0.00202629
2.49966e-09	0.00201635
2.49973e-09	0.00200641
2.4998e-09	0.00199648
2.49988e-09	0.00198657
2.49995e-09	0.00197666
2.50002e-09	0.00196675
2.50009e-09	0.00195686
2.50016e-09	0.00194698
2.50023e-09	0.0019371
2.5003e-09	0.00192724
2.50037e-09	0.00191738
2.50044e-09	0.00190753
2.50051e-09	0.00189769
2.50058e-09	0.00188786
2.50065e-09	0.00187804
2.50072e-09	0.00186822
2.50079e-09	0.00185842
2.50087e-09	0.00184862
2.50094e-09	0.00183883
2.50101e-09	0.00182906
2.50108e-09	0.00181929
2.50115e-09	0.00180953
2.50122e-09	0.00179977
2.50129e-09	0.00179003
2.50136e-09	0.0017803
2.50143e-09	0.00177057
2.5015e-09	0.00176085
2.50157e-09	0.00175115
2.50164e-09	0.00174145
2.50171e-09	0.00173176
2.50179e-09	0.00172208
2.50186e-09	0.0017124
2.50193e-09	0.00170274
2.502e-09	0.00169309
2.50207e-09	0.00168344
2.50214e-09	0.00167381
2.50221e-09	0.00166418
2.50228e-09	0.00165456
2.50235e-09	0.00164495
2.50242e-09	0.00163535
2.50249e-09	0.00162576
2.50256e-09	0.00161618
2.50263e-09	0.00160661
2.5027e-09	0.00159704
2.50278e-09	0.00158749
2.50285e-09	0.00157794
2.50292e-09	0.00156841
2.50299e-09	0.00155888
2.50306e-09	0.00154936
2.50313e-09	0.00153985
2.5032e-09	0.00153035
2.50327e-09	0.00152086
2.50334e-09	0.00151138
2.50341e-09	0.00150191
2.50348e-09	0.00149244
2.50355e-09	0.00148299
2.50362e-09	0.00147354
2.50369e-09	0.00146411
2.50377e-09	0.00145468
2.50384e-09	0.00144526
2.50391e-09	0.00143586
2.50398e-09	0.00142646
2.50405e-09	0.00141707
2.50412e-09	0.00140769
2.50419e-09	0.00139832
2.50426e-09	0.00138896
2.50433e-09	0.0013796
2.5044e-09	0.00137026
2.50447e-09	0.00136093
2.50454e-09	0.0013516
2.50461e-09	0.00134229
2.50469e-09	0.00133298
2.50476e-09	0.00132369
2.50483e-09	0.0013144
2.5049e-09	0.00130512
2.50497e-09	0.00129585
2.50504e-09	0.00128659
2.50511e-09	0.00127735
2.50518e-09	0.00126811
2.50525e-09	0.00125887
2.50532e-09	0.00124965
2.50539e-09	0.00124044
2.50546e-09	0.00123124
2.50553e-09	0.00122205
2.5056e-09	0.00121286
2.50568e-09	0.00120369
2.50575e-09	0.00119453
2.50582e-09	0.00118537
2.50589e-09	0.00117623
2.50596e-09	0.00116709
2.50603e-09	0.00115796
2.5061e-09	0.00114885
2.50617e-09	0.00113974
2.50624e-09	0.00113064
2.50631e-09	0.00112155
2.50638e-09	0.00111248
2.50645e-09	0.00110341
2.50652e-09	0.00109435
2.50659e-09	0.0010853
2.50667e-09	0.00107626
2.50674e-09	0.00106723
2.50681e-09	0.00105821
2.50688e-09	0.00104919
2.50695e-09	0.00104019
2.50702e-09	0.0010312
2.50709e-09	0.00102222
2.50716e-09	0.00101325
2.50723e-09	0.00100428
2.5073e-09	0.000995329
2.50737e-09	0.000986385
2.50744e-09	0.000977451
2.50751e-09	0.000968527
2.50758e-09	0.000959612
2.50766e-09	0.000950707
2.50773e-09	0.000941812
2.5078e-09	0.000932927
2.50787e-09	0.000924051
2.50794e-09	0.000915185
2.50801e-09	0.000906329
2.50808e-09	0.000897482
2.50815e-09	0.000888645
2.50822e-09	0.000879819
2.50829e-09	0.000871001
2.50836e-09	0.000862194
2.50843e-09	0.000853396
2.5085e-09	0.000844609
2.50858e-09	0.000835831
2.50865e-09	0.000827063
2.50872e-09	0.000818304
2.50879e-09	0.000809556
2.50886e-09	0.000800817
2.50893e-09	0.000792089
2.509e-09	0.00078337
2.50907e-09	0.000774661
2.50914e-09	0.000765961
2.50921e-09	0.000757272
2.50928e-09	0.000748593
2.50935e-09	0.000739923
2.50942e-09	0.000731264
2.50949e-09	0.000722614
2.50957e-09	0.000713974
2.50964e-09	0.000705344
2.50971e-09	0.000696725
2.50978e-09	0.000688115
2.50985e-09	0.000679515
2.50992e-09	0.000670924
2.50999e-09	0.000662344
2.51006e-09	0.000653774
2.51013e-09	0.000645214
2.5102e-09	0.000636664
2.51027e-09	0.000628124
2.51034e-09	0.000619593
2.51041e-09	0.000611073
2.51048e-09	0.000602563
2.51056e-09	0.000594063
2.51063e-09	0.000585573
2.5107e-09	0.000577092
2.51077e-09	0.000568622
2.51084e-09	0.000560162
2.51091e-09	0.000551712
2.51098e-09	0.000543272
2.51105e-09	0.000534842
2.51112e-09	0.000526422
2.51119e-09	0.000518013
2.51126e-09	0.000509613
2.51133e-09	0.000501223
2.5114e-09	0.000492844
2.51147e-09	0.000484474
2.51155e-09	0.000476115
2.51162e-09	0.000467765
2.51169e-09	0.000459426
2.51176e-09	0.000451097
2.51183e-09	0.000442778
2.5119e-09	0.00043447
2.51197e-09	0.000426171
2.51204e-09	0.000417883
2.51211e-09	0.000409604
2.51218e-09	0.000401336
2.51225e-09	0.000393078
2.51232e-09	0.00038483
2.51239e-09	0.000376593
2.51247e-09	0.000368365
2.51254e-09	0.000360148
2.51261e-09	0.000351941
2.51268e-09	0.000343744
2.51275e-09	0.000335557
2.51282e-09	0.00032738
2.51289e-09	0.000319214
2.51296e-09	0.000311058
2.51303e-09	0.000302912
2.5131e-09	0.000294777
2.51317e-09	0.000286651
2.51324e-09	0.000278536
2.51331e-09	0.000270431
2.51338e-09	0.000262337
2.51346e-09	0.000254252
2.51353e-09	0.000246178
2.5136e-09	0.000238114
2.51367e-09	0.000230061
2.51374e-09	0.000222017
2.51381e-09	0.000213984
2.51388e-09	0.000205961
2.51395e-09	0.000197949
2.51402e-09	0.000189947
2.51409e-09	0.000181955
2.51416e-09	0.000173973
2.51423e-09	0.000166002
2.5143e-09	0.000158041
2.51437e-09	0.000150091
2.51445e-09	0.00014215
2.51452e-09	0.00013422
2.51459e-09	0.000126301
2.51466e-09	0.000118392
2.51473e-09	0.000110493
2.5148e-09	0.000102604
2.51487e-09	9.4726e-05
2.51494e-09	8.68581e-05
2.51501e-09	7.90006e-05
2.51508e-09	7.11535e-05
2.51515e-09	6.33168e-05
2.51522e-09	5.54905e-05
2.51529e-09	4.76745e-05
2.51537e-09	3.98689e-05
2.51544e-09	3.20737e-05
2.51551e-09	2.4289e-05
2.51558e-09	1.65146e-05
2.51565e-09	8.7506e-06
2.51572e-09	9.97029e-07
2.51579e-09	-6.74612e-06
2.51586e-09	-1.44789e-05
2.51593e-09	-2.22012e-05
2.516e-09	-2.99131e-05
2.51607e-09	-3.76145e-05
2.51614e-09	-4.53055e-05
2.51621e-09	-5.29861e-05
2.51628e-09	-6.06562e-05
2.51636e-09	-6.83159e-05
2.51643e-09	-7.59651e-05
2.5165e-09	-8.36039e-05
2.51657e-09	-9.12322e-05
2.51664e-09	-9.88501e-05
2.51671e-09	-0.000106457
2.51678e-09	-0.000114054
2.51685e-09	-0.000121641
2.51692e-09	-0.000129217
2.51699e-09	-0.000136782
2.51706e-09	-0.000144337
2.51713e-09	-0.000151882
2.5172e-09	-0.000159416
2.51727e-09	-0.000166939
2.51735e-09	-0.000174452
2.51742e-09	-0.000181955
2.51749e-09	-0.000189447
2.51756e-09	-0.000196928
2.51763e-09	-0.000204399
2.5177e-09	-0.00021186
2.51777e-09	-0.000219309
2.51784e-09	-0.000226749
2.51791e-09	-0.000234178
2.51798e-09	-0.000241596
2.51805e-09	-0.000249004
2.51812e-09	-0.000256401
2.51819e-09	-0.000263788
2.51826e-09	-0.000271164
2.51834e-09	-0.00027853
2.51841e-09	-0.000285885
2.51848e-09	-0.000293229
2.51855e-09	-0.000300563
2.51862e-09	-0.000307886
2.51869e-09	-0.000315199
2.51876e-09	-0.000322501
2.51883e-09	-0.000329793
2.5189e-09	-0.000337074
2.51897e-09	-0.000344345
2.51904e-09	-0.000351605
2.51911e-09	-0.000358854
2.51918e-09	-0.000366093
2.51926e-09	-0.000373321
2.51933e-09	-0.000380539
2.5194e-09	-0.000387746
2.51947e-09	-0.000394942
2.51954e-09	-0.000402128
2.51961e-09	-0.000409303
2.51968e-09	-0.000416468
2.51975e-09	-0.000423622
2.51982e-09	-0.000430765
2.51989e-09	-0.000437898
2.51996e-09	-0.00044502
2.52003e-09	-0.000452131
2.5201e-09	-0.000459232
2.52017e-09	-0.000466323
2.52025e-09	-0.000473402
2.52032e-09	-0.000480471
2.52039e-09	-0.00048753
2.52046e-09	-0.000494577
2.52053e-09	-0.000501614
2.5206e-09	-0.000508641
2.52067e-09	-0.000515657
2.52074e-09	-0.000522662
2.52081e-09	-0.000529657
2.52088e-09	-0.00053664
2.52095e-09	-0.000543614
2.52102e-09	-0.000550576
2.52109e-09	-0.000557528
2.52116e-09	-0.00056447
2.52124e-09	-0.0005714
2.52131e-09	-0.00057832
2.52138e-09	-0.00058523
2.52145e-09	-0.000592128
2.52152e-09	-0.000599016
2.52159e-09	-0.000605894
2.52166e-09	-0.00061276
2.52173e-09	-0.000619616
2.5218e-09	-0.000626461
2.52187e-09	-0.000633296
2.52194e-09	-0.00064012
2.52201e-09	-0.000646933
2.52208e-09	-0.000653736
2.52216e-09	-0.000660528
2.52223e-09	-0.000667309
2.5223e-09	-0.00067408
2.52237e-09	-0.00068084
2.52244e-09	-0.000687589
2.52251e-09	-0.000694327
2.52258e-09	-0.000701055
2.52265e-09	-0.000707772
2.52272e-09	-0.000714479
2.52279e-09	-0.000721174
2.52286e-09	-0.000727859
2.52293e-09	-0.000734534
2.523e-09	-0.000741197
2.52307e-09	-0.00074785
2.52315e-09	-0.000754492
2.52322e-09	-0.000761124
2.52329e-09	-0.000767745
2.52336e-09	-0.000774355
2.52343e-09	-0.000780954
2.5235e-09	-0.000787543
2.52357e-09	-0.000794121
2.52364e-09	-0.000800688
2.52371e-09	-0.000807245
2.52378e-09	-0.000813791
2.52385e-09	-0.000820326
2.52392e-09	-0.00082685
2.52399e-09	-0.000833364
2.52406e-09	-0.000839867
2.52414e-09	-0.000846359
2.52421e-09	-0.000852841
2.52428e-09	-0.000859311
2.52435e-09	-0.000865771
2.52442e-09	-0.000872221
2.52449e-09	-0.00087866
2.52456e-09	-0.000885087
2.52463e-09	-0.000891505
2.5247e-09	-0.000897911
2.52477e-09	-0.000904307
2.52484e-09	-0.000910692
2.52491e-09	-0.000917066
2.52498e-09	-0.00092343
2.52505e-09	-0.000929783
2.52513e-09	-0.000936125
2.5252e-09	-0.000942456
2.52527e-09	-0.000948777
2.52534e-09	-0.000955087
2.52541e-09	-0.000961386
2.52548e-09	-0.000967675
2.52555e-09	-0.000973952
2.52562e-09	-0.000980219
2.52569e-09	-0.000986476
2.52576e-09	-0.000992721
2.52583e-09	-0.000998956
2.5259e-09	-0.00100518
2.52597e-09	-0.00101139
2.52605e-09	-0.0010176
2.52612e-09	-0.00102379
2.52619e-09	-0.00102997
2.52626e-09	-0.00103614
2.52633e-09	-0.0010423
2.5264e-09	-0.00104845
2.52647e-09	-0.00105459
2.52654e-09	-0.00106071
2.52661e-09	-0.00106683
2.52668e-09	-0.00107294
2.52675e-09	-0.00107903
2.52682e-09	-0.00108512
2.52689e-09	-0.00109119
2.52696e-09	-0.00109725
2.52704e-09	-0.00110331
2.52711e-09	-0.00110935
2.52718e-09	-0.00111538
2.52725e-09	-0.0011214
2.52732e-09	-0.00112741
2.52739e-09	-0.00113341
2.52746e-09	-0.00113939
2.52753e-09	-0.00114537
2.5276e-09	-0.00115134
2.52767e-09	-0.00115729
2.52774e-09	-0.00116324
2.52781e-09	-0.00116917
2.52788e-09	-0.0011751
2.52795e-09	-0.00118101
2.52803e-09	-0.00118691
2.5281e-09	-0.0011928
2.52817e-09	-0.00119868
2.52824e-09	-0.00120455
2.52831e-09	-0.00121041
2.52838e-09	-0.00121626
2.52845e-09	-0.0012221
2.52852e-09	-0.00122793
2.52859e-09	-0.00123374
2.52866e-09	-0.00123955
2.52873e-09	-0.00124534
2.5288e-09	-0.00125113
2.52887e-09	-0.0012569
2.52895e-09	-0.00126266
2.52902e-09	-0.00126842
2.52909e-09	-0.00127416
2.52916e-09	-0.00127989
2.52923e-09	-0.00128561
2.5293e-09	-0.00129132
2.52937e-09	-0.00129701
2.52944e-09	-0.0013027
2.52951e-09	-0.00130838
2.52958e-09	-0.00131405
2.52965e-09	-0.0013197
2.52972e-09	-0.00132535
2.52979e-09	-0.00133098
2.52986e-09	-0.0013366
2.52994e-09	-0.00134222
2.53001e-09	-0.00134782
2.53008e-09	-0.00135341
2.53015e-09	-0.00135899
2.53022e-09	-0.00136456
2.53029e-09	-0.00137012
2.53036e-09	-0.00137567
2.53043e-09	-0.00138121
2.5305e-09	-0.00138673
2.53057e-09	-0.00139225
2.53064e-09	-0.00139776
2.53071e-09	-0.00140325
2.53078e-09	-0.00140873
2.53085e-09	-0.00141421
2.53093e-09	-0.00141967
2.531e-09	-0.00142512
2.53107e-09	-0.00143057
2.53114e-09	-0.001436
2.53121e-09	-0.00144142
2.53128e-09	-0.00144683
2.53135e-09	-0.00145222
2.53142e-09	-0.00145761
2.53149e-09	-0.00146299
2.53156e-09	-0.00146836
2.53163e-09	-0.00147371
2.5317e-09	-0.00147906
2.53177e-09	-0.00148439
2.53184e-09	-0.00148972
2.53192e-09	-0.00149503
2.53199e-09	-0.00150033
2.53206e-09	-0.00150563
2.53213e-09	-0.00151091
2.5322e-09	-0.00151618
2.53227e-09	-0.00152144
2.53234e-09	-0.00152669
2.53241e-09	-0.00153193
2.53248e-09	-0.00153716
2.53255e-09	-0.00154237
2.53262e-09	-0.00154758
2.53269e-09	-0.00155278
2.53276e-09	-0.00155796
2.53284e-09	-0.00156314
2.53291e-09	-0.0015683
2.53298e-09	-0.00157346
2.53305e-09	-0.0015786
2.53312e-09	-0.00158373
2.53319e-09	-0.00158885
2.53326e-09	-0.00159397
2.53333e-09	-0.00159907
2.5334e-09	-0.00160416
2.53347e-09	-0.00160924
2.53354e-09	-0.0016143
2.53361e-09	-0.00161936
2.53368e-09	-0.00162441
2.53375e-09	-0.00162945
2.53383e-09	-0.00163447
2.5339e-09	-0.00163949
2.53397e-09	-0.00164449
2.53404e-09	-0.00164949
2.53411e-09	-0.00165447
2.53418e-09	-0.00165945
2.53425e-09	-0.00166441
2.53432e-09	-0.00166936
2.53439e-09	-0.0016743
2.53446e-09	-0.00167923
2.53453e-09	-0.00168415
2.5346e-09	-0.00168906
2.53467e-09	-0.00169396
2.53474e-09	-0.00169885
2.53482e-09	-0.00170373
2.53489e-09	-0.0017086
2.53496e-09	-0.00171346
2.53503e-09	-0.0017183
2.5351e-09	-0.00172314
2.53517e-09	-0.00172796
2.53524e-09	-0.00173278
2.53531e-09	-0.00173758
2.53538e-09	-0.00174238
2.53545e-09	-0.00174716
2.53552e-09	-0.00175193
2.53559e-09	-0.00175669
2.53566e-09	-0.00176145
2.53573e-09	-0.00176619
2.53581e-09	-0.00177092
2.53588e-09	-0.00177564
2.53595e-09	-0.00178035
2.53602e-09	-0.00178505
2.53609e-09	-0.00178973
2.53616e-09	-0.00179441
2.53623e-09	-0.00179908
2.5363e-09	-0.00180374
2.53637e-09	-0.00180838
2.53644e-09	-0.00181302
2.53651e-09	-0.00181764
2.53658e-09	-0.00182226
2.53665e-09	-0.00182686
2.53673e-09	-0.00183146
2.5368e-09	-0.00183604
2.53687e-09	-0.00184061
2.53694e-09	-0.00184518
2.53701e-09	-0.00184973
2.53708e-09	-0.00185427
2.53715e-09	-0.0018588
2.53722e-09	-0.00186332
2.53729e-09	-0.00186783
2.53736e-09	-0.00187233
2.53743e-09	-0.00187682
2.5375e-09	-0.0018813
2.53757e-09	-0.00188577
2.53764e-09	-0.00189022
2.53772e-09	-0.00189467
2.53779e-09	-0.00189911
2.53786e-09	-0.00190354
2.53793e-09	-0.00190795
2.538e-09	-0.00191236
2.53807e-09	-0.00191675
2.53814e-09	-0.00192114
2.53821e-09	-0.00192551
2.53828e-09	-0.00192988
2.53835e-09	-0.00193423
2.53842e-09	-0.00193857
2.53849e-09	-0.00194291
2.53856e-09	-0.00194723
2.53863e-09	-0.00195154
2.53871e-09	-0.00195584
2.53878e-09	-0.00196013
2.53885e-09	-0.00196441
2.53892e-09	-0.00196868
2.53899e-09	-0.00197294
2.53906e-09	-0.00197719
2.53913e-09	-0.00198143
2.5392e-09	-0.00198566
2.53927e-09	-0.00198988
2.53934e-09	-0.00199409
2.53941e-09	-0.00199829
2.53948e-09	-0.00200248
2.53955e-09	-0.00200665
2.53963e-09	-0.00201082
2.5397e-09	-0.00201498
2.53977e-09	-0.00201912
2.53984e-09	-0.00202326
2.53991e-09	-0.00202738
2.53998e-09	-0.0020315
2.54005e-09	-0.00203561
2.54012e-09	-0.0020397
2.54019e-09	-0.00204378
2.54026e-09	-0.00204786
2.54033e-09	-0.00205192
2.5404e-09	-0.00205598
2.54047e-09	-0.00206002
2.54054e-09	-0.00206405
2.54062e-09	-0.00206808
2.54069e-09	-0.00207209
2.54076e-09	-0.00207609
2.54083e-09	-0.00208008
2.5409e-09	-0.00208406
2.54097e-09	-0.00208804
2.54104e-09	-0.002092
2.54111e-09	-0.00209595
2.54118e-09	-0.00209989
2.54125e-09	-0.00210382
2.54132e-09	-0.00210774
2.54139e-09	-0.00211165
2.54146e-09	-0.00211555
2.54153e-09	-0.00211944
2.54161e-09	-0.00212332
2.54168e-09	-0.00212719
2.54175e-09	-0.00213105
2.54182e-09	-0.00213489
2.54189e-09	-0.00213873
2.54196e-09	-0.00214256
2.54203e-09	-0.00214638
2.5421e-09	-0.00215019
2.54217e-09	-0.00215399
2.54224e-09	-0.00215777
2.54231e-09	-0.00216155
2.54238e-09	-0.00216532
2.54245e-09	-0.00216908
2.54252e-09	-0.00217282
2.5426e-09	-0.00217656
2.54267e-09	-0.00218029
2.54274e-09	-0.002184
2.54281e-09	-0.00218771
2.54288e-09	-0.00219141
2.54295e-09	-0.00219509
2.54302e-09	-0.00219877
2.54309e-09	-0.00220243
2.54316e-09	-0.00220609
2.54323e-09	-0.00220974
2.5433e-09	-0.00221337
2.54337e-09	-0.002217
2.54344e-09	-0.00222061
2.54352e-09	-0.00222422
2.54359e-09	-0.00222781
2.54366e-09	-0.0022314
2.54373e-09	-0.00223498
2.5438e-09	-0.00223854
2.54387e-09	-0.0022421
2.54394e-09	-0.00224564
2.54401e-09	-0.00224918
2.54408e-09	-0.0022527
2.54415e-09	-0.00225622
2.54422e-09	-0.00225972
2.54429e-09	-0.00226322
2.54436e-09	-0.0022667
2.54443e-09	-0.00227018
2.54451e-09	-0.00227364
2.54458e-09	-0.0022771
2.54465e-09	-0.00228054
2.54472e-09	-0.00228398
2.54479e-09	-0.0022874
2.54486e-09	-0.00229082
2.54493e-09	-0.00229422
2.545e-09	-0.00229762
2.54507e-09	-0.002301
2.54514e-09	-0.00230438
2.54521e-09	-0.00230774
2.54528e-09	-0.0023111
2.54535e-09	-0.00231444
2.54542e-09	-0.00231778
2.5455e-09	-0.0023211
2.54557e-09	-0.00232442
2.54564e-09	-0.00232773
2.54571e-09	-0.00233102
2.54578e-09	-0.00233431
2.54585e-09	-0.00233758
2.54592e-09	-0.00234085
2.54599e-09	-0.00234411
2.54606e-09	-0.00234735
2.54613e-09	-0.00235059
2.5462e-09	-0.00235381
2.54627e-09	-0.00235703
2.54634e-09	-0.00236024
2.54642e-09	-0.00236343
2.54649e-09	-0.00236662
2.54656e-09	-0.0023698
2.54663e-09	-0.00237297
2.5467e-09	-0.00237612
2.54677e-09	-0.00237927
2.54684e-09	-0.00238241
2.54691e-09	-0.00238554
2.54698e-09	-0.00238866
2.54705e-09	-0.00239177
2.54712e-09	-0.00239486
2.54719e-09	-0.00239795
2.54726e-09	-0.00240103
2.54733e-09	-0.0024041
2.54741e-09	-0.00240716
2.54748e-09	-0.00241021
2.54755e-09	-0.00241325
2.54762e-09	-0.00241628
2.54769e-09	-0.0024193
2.54776e-09	-0.00242231
2.54783e-09	-0.00242531
2.5479e-09	-0.00242831
2.54797e-09	-0.00243129
2.54804e-09	-0.00243426
2.54811e-09	-0.00243722
2.54818e-09	-0.00244017
2.54825e-09	-0.00244312
2.54832e-09	-0.00244605
2.5484e-09	-0.00244897
2.54847e-09	-0.00245189
2.54854e-09	-0.00245479
2.54861e-09	-0.00245769
2.54868e-09	-0.00246057
2.54875e-09	-0.00246345
2.54882e-09	-0.00246631
2.54889e-09	-0.00246917
2.54896e-09	-0.00247201
2.54903e-09	-0.00247485
2.5491e-09	-0.00247768
2.54917e-09	-0.0024805
2.54924e-09	-0.0024833
2.54931e-09	-0.0024861
2.54939e-09	-0.00248889
2.54946e-09	-0.00249167
2.54953e-09	-0.00249444
2.5496e-09	-0.0024972
2.54967e-09	-0.00249995
2.54974e-09	-0.00250269
2.54981e-09	-0.00250542
2.54988e-09	-0.00250814
2.54995e-09	-0.00251085
2.55002e-09	-0.00251356
2.55009e-09	-0.00251625
2.55016e-09	-0.00251893
2.55023e-09	-0.00252161
2.55031e-09	-0.00252427
2.55038e-09	-0.00252693
2.55045e-09	-0.00252957
2.55052e-09	-0.00253221
2.55059e-09	-0.00253483
2.55066e-09	-0.00253745
2.55073e-09	-0.00254006
2.5508e-09	-0.00254266
2.55087e-09	-0.00254525
2.55094e-09	-0.00254783
2.55101e-09	-0.0025504
2.55108e-09	-0.00255296
2.55115e-09	-0.00255551
2.55122e-09	-0.00255805
2.5513e-09	-0.00256058
2.55137e-09	-0.0025631
2.55144e-09	-0.00256562
2.55151e-09	-0.00256812
2.55158e-09	-0.00257061
2.55165e-09	-0.0025731
2.55172e-09	-0.00257558
2.55179e-09	-0.00257804
2.55186e-09	-0.0025805
2.55193e-09	-0.00258295
2.552e-09	-0.00258538
2.55207e-09	-0.00258781
2.55214e-09	-0.00259023
2.55221e-09	-0.00259264
2.55229e-09	-0.00259504
2.55236e-09	-0.00259744
2.55243e-09	-0.00259982
2.5525e-09	-0.00260219
2.55257e-09	-0.00260456
2.55264e-09	-0.00260691
2.55271e-09	-0.00260926
2.55278e-09	-0.00261159
2.55285e-09	-0.00261392
2.55292e-09	-0.00261624
2.55299e-09	-0.00261854
2.55306e-09	-0.00262084
2.55313e-09	-0.00262313
2.55321e-09	-0.00262541
2.55328e-09	-0.00262768
2.55335e-09	-0.00262995
2.55342e-09	-0.0026322
2.55349e-09	-0.00263444
2.55356e-09	-0.00263668
2.55363e-09	-0.0026389
2.5537e-09	-0.00264112
2.55377e-09	-0.00264333
2.55384e-09	-0.00264552
2.55391e-09	-0.00264771
2.55398e-09	-0.00264989
2.55405e-09	-0.00265206
2.55412e-09	-0.00265422
2.5542e-09	-0.00265638
2.55427e-09	-0.00265852
2.55434e-09	-0.00266065
2.55441e-09	-0.00266278
2.55448e-09	-0.00266489
2.55455e-09	-0.002667
2.55462e-09	-0.0026691
2.55469e-09	-0.00267119
2.55476e-09	-0.00267327
2.55483e-09	-0.00267534
2.5549e-09	-0.0026774
2.55497e-09	-0.00267945
2.55504e-09	-0.00268149
2.55511e-09	-0.00268353
2.55519e-09	-0.00268555
2.55526e-09	-0.00268757
2.55533e-09	-0.00268958
2.5554e-09	-0.00269157
2.55547e-09	-0.00269356
2.55554e-09	-0.00269554
2.55561e-09	-0.00269751
2.55568e-09	-0.00269948
2.55575e-09	-0.00270143
2.55582e-09	-0.00270337
2.55589e-09	-0.00270531
2.55596e-09	-0.00270724
2.55603e-09	-0.00270915
2.5561e-09	-0.00271106
2.55618e-09	-0.00271296
2.55625e-09	-0.00271485
2.55632e-09	-0.00271674
2.55639e-09	-0.00271861
2.55646e-09	-0.00272047
2.55653e-09	-0.00272233
2.5566e-09	-0.00272417
2.55667e-09	-0.00272601
2.55674e-09	-0.00272784
2.55681e-09	-0.00272966
2.55688e-09	-0.00273147
2.55695e-09	-0.00273327
2.55702e-09	-0.00273507
2.5571e-09	-0.00273685
2.55717e-09	-0.00273863
2.55724e-09	-0.00274039
2.55731e-09	-0.00274215
2.55738e-09	-0.0027439
2.55745e-09	-0.00274564
2.55752e-09	-0.00274737
2.55759e-09	-0.0027491
2.55766e-09	-0.00275081
2.55773e-09	-0.00275252
2.5578e-09	-0.00275422
2.55787e-09	-0.0027559
2.55794e-09	-0.00275758
2.55801e-09	-0.00275925
2.55809e-09	-0.00276092
2.55816e-09	-0.00276257
2.55823e-09	-0.00276421
2.5583e-09	-0.00276585
2.55837e-09	-0.00276748
2.55844e-09	-0.0027691
2.55851e-09	-0.00277071
2.55858e-09	-0.00277231
2.55865e-09	-0.0027739
2.55872e-09	-0.00277548
2.55879e-09	-0.00277706
2.55886e-09	-0.00277863
2.55893e-09	-0.00278019
2.559e-09	-0.00278174
2.55908e-09	-0.00278328
2.55915e-09	-0.00278481
2.55922e-09	-0.00278633
2.55929e-09	-0.00278785
2.55936e-09	-0.00278936
2.55943e-09	-0.00279085
2.5595e-09	-0.00279234
2.55957e-09	-0.00279382
2.55964e-09	-0.0027953
2.55971e-09	-0.00279676
2.55978e-09	-0.00279822
2.55985e-09	-0.00279966
2.55992e-09	-0.0028011
2.55999e-09	-0.00280253
2.56007e-09	-0.00280396
2.56014e-09	-0.00280537
2.56021e-09	-0.00280677
2.56028e-09	-0.00280817
2.56035e-09	-0.00280956
2.56042e-09	-0.00281094
2.56049e-09	-0.00281231
2.56056e-09	-0.00281367
2.56063e-09	-0.00281503
2.5607e-09	-0.00281637
2.56077e-09	-0.00281771
2.56084e-09	-0.00281904
2.56091e-09	-0.00282036
2.56099e-09	-0.00282167
2.56106e-09	-0.00282298
2.56113e-09	-0.00282427
2.5612e-09	-0.00282556
2.56127e-09	-0.00282684
2.56134e-09	-0.00282811
2.56141e-09	-0.00282937
2.56148e-09	-0.00283063
2.56155e-09	-0.00283187
2.56162e-09	-0.00283311
2.56169e-09	-0.00283434
2.56176e-09	-0.00283556
2.56183e-09	-0.00283677
2.5619e-09	-0.00283798
2.56198e-09	-0.00283917
2.56205e-09	-0.00284036
2.56212e-09	-0.00284154
2.56219e-09	-0.00284271
2.56226e-09	-0.00284387
2.56233e-09	-0.00284503
2.5624e-09	-0.00284618
2.56247e-09	-0.00284732
2.56254e-09	-0.00284845
2.56261e-09	-0.00284957
2.56268e-09	-0.00285068
2.56275e-09	-0.00285179
2.56282e-09	-0.00285289
2.56289e-09	-0.00285398
2.56297e-09	-0.00285506
2.56304e-09	-0.00285613
2.56311e-09	-0.0028572
2.56318e-09	-0.00285825
2.56325e-09	-0.0028593
2.56332e-09	-0.00286034
2.56339e-09	-0.00286138
2.56346e-09	-0.0028624
2.56353e-09	-0.00286342
2.5636e-09	-0.00286443
2.56367e-09	-0.00286543
2.56374e-09	-0.00286642
2.56381e-09	-0.00286741
2.56389e-09	-0.00286838
2.56396e-09	-0.00286935
2.56403e-09	-0.00287031
2.5641e-09	-0.00287127
2.56417e-09	-0.00287221
2.56424e-09	-0.00287315
2.56431e-09	-0.00287408
2.56438e-09	-0.002875
2.56445e-09	-0.00287591
2.56452e-09	-0.00287682
2.56459e-09	-0.00287771
2.56466e-09	-0.0028786
2.56473e-09	-0.00287948
2.5648e-09	-0.00288036
2.56488e-09	-0.00288122
2.56495e-09	-0.00288208
2.56502e-09	-0.00288293
2.56509e-09	-0.00288377
2.56516e-09	-0.00288461
2.56523e-09	-0.00288543
2.5653e-09	-0.00288625
2.56537e-09	-0.00288706
2.56544e-09	-0.00288787
2.56551e-09	-0.00288866
2.56558e-09	-0.00288945
2.56565e-09	-0.00289023
2.56572e-09	-0.002891
2.56579e-09	-0.00289176
2.56587e-09	-0.00289252
2.56594e-09	-0.00289327
2.56601e-09	-0.00289401
2.56608e-09	-0.00289474
2.56615e-09	-0.00289546
2.56622e-09	-0.00289618
2.56629e-09	-0.00289689
2.56636e-09	-0.00289759
2.56643e-09	-0.00289829
2.5665e-09	-0.00289897
2.56657e-09	-0.00289965
2.56664e-09	-0.00290032
2.56671e-09	-0.00290099
2.56678e-09	-0.00290164
2.56686e-09	-0.00290229
2.56693e-09	-0.00290293
2.567e-09	-0.00290357
2.56707e-09	-0.00290419
2.56714e-09	-0.00290481
2.56721e-09	-0.00290542
2.56728e-09	-0.00290602
2.56735e-09	-0.00290662
2.56742e-09	-0.0029072
2.56749e-09	-0.00290778
2.56756e-09	-0.00290836
2.56763e-09	-0.00290892
2.5677e-09	-0.00290948
2.56778e-09	-0.00291003
2.56785e-09	-0.00291057
2.56792e-09	-0.00291111
2.56799e-09	-0.00291163
2.56806e-09	-0.00291215
2.56813e-09	-0.00291266
2.5682e-09	-0.00291317
2.56827e-09	-0.00291367
2.56834e-09	-0.00291416
2.56841e-09	-0.00291464
2.56848e-09	-0.00291511
2.56855e-09	-0.00291558
2.56862e-09	-0.00291604
2.56869e-09	-0.00291649
2.56877e-09	-0.00291694
2.56884e-09	-0.00291738
2.56891e-09	-0.00291781
2.56898e-09	-0.00291823
2.56905e-09	-0.00291865
2.56912e-09	-0.00291906
2.56919e-09	-0.00291946
2.56926e-09	-0.00291985
2.56933e-09	-0.00292024
2.5694e-09	-0.00292062
2.56947e-09	-0.00292099
2.56954e-09	-0.00292135
2.56961e-09	-0.00292171
2.56968e-09	-0.00292206
2.56976e-09	-0.0029224
2.56983e-09	-0.00292274
2.5699e-09	-0.00292307
2.56997e-09	-0.00292339
2.57004e-09	-0.0029237
2.57011e-09	-0.00292401
2.57018e-09	-0.00292431
2.57025e-09	-0.0029246
2.57032e-09	-0.00292489
2.57039e-09	-0.00292516
2.57046e-09	-0.00292543
2.57053e-09	-0.0029257
2.5706e-09	-0.00292595
2.57068e-09	-0.0029262
2.57075e-09	-0.00292645
2.57082e-09	-0.00292668
2.57089e-09	-0.00292691
2.57096e-09	-0.00292713
2.57103e-09	-0.00292734
2.5711e-09	-0.00292755
2.57117e-09	-0.00292775
2.57124e-09	-0.00292794
2.57131e-09	-0.00292813
2.57138e-09	-0.0029283
2.57145e-09	-0.00292848
2.57152e-09	-0.00292864
2.57159e-09	-0.0029288
2.57167e-09	-0.00292895
2.57174e-09	-0.00292909
2.57181e-09	-0.00292923
2.57188e-09	-0.00292936
2.57195e-09	-0.00292948
2.57202e-09	-0.00292959
2.57209e-09	-0.0029297
2.57216e-09	-0.0029298
2.57223e-09	-0.0029299
2.5723e-09	-0.00292998
2.57237e-09	-0.00293006
2.57244e-09	-0.00293014
2.57251e-09	-0.00293021
2.57258e-09	-0.00293026
2.57266e-09	-0.00293032
2.57273e-09	-0.00293036
2.5728e-09	-0.0029304
2.57287e-09	-0.00293044
2.57294e-09	-0.00293046
2.57301e-09	-0.00293048
2.57308e-09	-0.00293049
2.57315e-09	-0.0029305
2.57322e-09	-0.00293049
2.57329e-09	-0.00293049
2.57336e-09	-0.00293047
2.57343e-09	-0.00293045
2.5735e-09	-0.00293042
2.57357e-09	-0.00293038
2.57365e-09	-0.00293034
2.57372e-09	-0.00293029
2.57379e-09	-0.00293024
2.57386e-09	-0.00293017
2.57393e-09	-0.0029301
2.574e-09	-0.00293003
2.57407e-09	-0.00292995
2.57414e-09	-0.00292986
2.57421e-09	-0.00292976
2.57428e-09	-0.00292966
2.57435e-09	-0.00292955
2.57442e-09	-0.00292943
2.57449e-09	-0.00292931
2.57457e-09	-0.00292918
2.57464e-09	-0.00292904
2.57471e-09	-0.0029289
2.57478e-09	-0.00292875
2.57485e-09	-0.0029286
2.57492e-09	-0.00292843
2.57499e-09	-0.00292826
2.57506e-09	-0.00292809
2.57513e-09	-0.00292791
2.5752e-09	-0.00292772
2.57527e-09	-0.00292752
2.57534e-09	-0.00292732
2.57541e-09	-0.00292711
2.57548e-09	-0.0029269
2.57556e-09	-0.00292668
2.57563e-09	-0.00292645
2.5757e-09	-0.00292622
2.57577e-09	-0.00292598
2.57584e-09	-0.00292573
2.57591e-09	-0.00292547
2.57598e-09	-0.00292521
2.57605e-09	-0.00292495
2.57612e-09	-0.00292468
2.57619e-09	-0.0029244
2.57626e-09	-0.00292411
2.57633e-09	-0.00292382
2.5764e-09	-0.00292352
2.57647e-09	-0.00292322
2.57655e-09	-0.0029229
2.57662e-09	-0.00292259
2.57669e-09	-0.00292226
2.57676e-09	-0.00292193
2.57683e-09	-0.0029216
2.5769e-09	-0.00292125
2.57697e-09	-0.00292091
2.57704e-09	-0.00292055
2.57711e-09	-0.00292019
2.57718e-09	-0.00291982
2.57725e-09	-0.00291945
2.57732e-09	-0.00291907
2.57739e-09	-0.00291868
2.57746e-09	-0.00291829
2.57754e-09	-0.00291789
2.57761e-09	-0.00291748
2.57768e-09	-0.00291707
2.57775e-09	-0.00291665
2.57782e-09	-0.00291623
2.57789e-09	-0.0029158
2.57796e-09	-0.00291536
2.57803e-09	-0.00291492
2.5781e-09	-0.00291447
2.57817e-09	-0.00291402
2.57824e-09	-0.00291356
2.57831e-09	-0.00291309
2.57838e-09	-0.00291262
2.57846e-09	-0.00291214
2.57853e-09	-0.00291165
2.5786e-09	-0.00291116
2.57867e-09	-0.00291066
2.57874e-09	-0.00291016
2.57881e-09	-0.00290965
2.57888e-09	-0.00290913
2.57895e-09	-0.00290861
2.57902e-09	-0.00290809
2.57909e-09	-0.00290755
2.57916e-09	-0.00290701
2.57923e-09	-0.00290647
2.5793e-09	-0.00290592
2.57937e-09	-0.00290536
2.57945e-09	-0.00290479
2.57952e-09	-0.00290422
2.57959e-09	-0.00290365
2.57966e-09	-0.00290307
2.57973e-09	-0.00290248
2.5798e-09	-0.00290189
2.57987e-09	-0.00290129
2.57994e-09	-0.00290068
2.58001e-09	-0.00290007
2.58008e-09	-0.00289946
2.58015e-09	-0.00289883
2.58022e-09	-0.0028982
2.58029e-09	-0.00289757
2.58036e-09	-0.00289693
2.58044e-09	-0.00289628
2.58051e-09	-0.00289563
2.58058e-09	-0.00289497
2.58065e-09	-0.00289431
2.58072e-09	-0.00289364
2.58079e-09	-0.00289297
2.58086e-09	-0.00289229
2.58093e-09	-0.0028916
2.581e-09	-0.00289091
2.58107e-09	-0.00289021
2.58114e-09	-0.0028895
2.58121e-09	-0.00288879
2.58128e-09	-0.00288808
2.58136e-09	-0.00288736
2.58143e-09	-0.00288663
2.5815e-09	-0.0028859
2.58157e-09	-0.00288516
2.58164e-09	-0.00288442
2.58171e-09	-0.00288367
2.58178e-09	-0.00288291
2.58185e-09	-0.00288215
2.58192e-09	-0.00288139
2.58199e-09	-0.00288061
2.58206e-09	-0.00287984
2.58213e-09	-0.00287905
2.5822e-09	-0.00287827
2.58227e-09	-0.00287747
2.58235e-09	-0.00287667
2.58242e-09	-0.00287587
2.58249e-09	-0.00287506
2.58256e-09	-0.00287424
2.58263e-09	-0.00287342
2.5827e-09	-0.00287259
2.58277e-09	-0.00287176
2.58284e-09	-0.00287092
2.58291e-09	-0.00287007
2.58298e-09	-0.00286922
2.58305e-09	-0.00286837
2.58312e-09	-0.00286751
2.58319e-09	-0.00286664
2.58326e-09	-0.00286577
2.58334e-09	-0.0028649
2.58341e-09	-0.00286401
2.58348e-09	-0.00286313
2.58355e-09	-0.00286223
2.58362e-09	-0.00286133
2.58369e-09	-0.00286043
2.58376e-09	-0.00285952
2.58383e-09	-0.00285861
2.5839e-09	-0.00285769
2.58397e-09	-0.00285676
2.58404e-09	-0.00285583
2.58411e-09	-0.0028549
2.58418e-09	-0.00285395
2.58425e-09	-0.00285301
2.58433e-09	-0.00285206
2.5844e-09	-0.0028511
2.58447e-09	-0.00285014
2.58454e-09	-0.00284917
2.58461e-09	-0.0028482
2.58468e-09	-0.00284722
2.58475e-09	-0.00284623
2.58482e-09	-0.00284525
2.58489e-09	-0.00284425
2.58496e-09	-0.00284325
2.58503e-09	-0.00284225
2.5851e-09	-0.00284124
2.58517e-09	-0.00284022
2.58525e-09	-0.00283921
2.58532e-09	-0.00283818
2.58539e-09	-0.00283715
2.58546e-09	-0.00283611
2.58553e-09	-0.00283507
2.5856e-09	-0.00283403
2.58567e-09	-0.00283298
2.58574e-09	-0.00283192
2.58581e-09	-0.00283086
2.58588e-09	-0.0028298
2.58595e-09	-0.00282873
2.58602e-09	-0.00282765
2.58609e-09	-0.00282657
2.58616e-09	-0.00282548
2.58624e-09	-0.00282439
2.58631e-09	-0.00282329
2.58638e-09	-0.00282219
2.58645e-09	-0.00282109
2.58652e-09	-0.00281998
2.58659e-09	-0.00281886
2.58666e-09	-0.00281774
2.58673e-09	-0.00281661
2.5868e-09	-0.00281548
2.58687e-09	-0.00281435
2.58694e-09	-0.0028132
2.58701e-09	-0.00281206
2.58708e-09	-0.00281091
2.58715e-09	-0.00280975
2.58723e-09	-0.00280859
2.5873e-09	-0.00280743
2.58737e-09	-0.00280626
2.58744e-09	-0.00280508
2.58751e-09	-0.0028039
2.58758e-09	-0.00280272
2.58765e-09	-0.00280153
2.58772e-09	-0.00280033
2.58779e-09	-0.00279913
2.58786e-09	-0.00279793
2.58793e-09	-0.00279672
2.588e-09	-0.0027955
2.58807e-09	-0.00279429
2.58815e-09	-0.00279306
2.58822e-09	-0.00279183
2.58829e-09	-0.0027906
2.58836e-09	-0.00278936
2.58843e-09	-0.00278812
2.5885e-09	-0.00278687
2.58857e-09	-0.00278562
2.58864e-09	-0.00278437
2.58871e-09	-0.0027831
2.58878e-09	-0.00278184
2.58885e-09	-0.00278057
2.58892e-09	-0.00277929
2.58899e-09	-0.00277801
2.58906e-09	-0.00277673
2.58914e-09	-0.00277544
2.58921e-09	-0.00277414
2.58928e-09	-0.00277285
2.58935e-09	-0.00277154
2.58942e-09	-0.00277023
2.58949e-09	-0.00276892
2.58956e-09	-0.00276761
2.58963e-09	-0.00276628
2.5897e-09	-0.00276496
2.58977e-09	-0.00276363
2.58984e-09	-0.00276229
2.58991e-09	-0.00276095
2.58998e-09	-0.00275961
2.59005e-09	-0.00275826
2.59013e-09	-0.00275691
2.5902e-09	-0.00275555
2.59027e-09	-0.00275419
2.59034e-09	-0.00275282
2.59041e-09	-0.00275145
2.59048e-09	-0.00275007
2.59055e-09	-0.00274869
2.59062e-09	-0.00274731
2.59069e-09	-0.00274592
2.59076e-09	-0.00274453
2.59083e-09	-0.00274313
2.5909e-09	-0.00274173
2.59097e-09	-0.00274032
2.59104e-09	-0.00273891
2.59112e-09	-0.00273749
2.59119e-09	-0.00273607
2.59126e-09	-0.00273465
2.59133e-09	-0.00273322
2.5914e-09	-0.00273179
2.59147e-09	-0.00273035
2.59154e-09	-0.00272891
2.59161e-09	-0.00272746
2.59168e-09	-0.00272601
2.59175e-09	-0.00272456
2.59182e-09	-0.0027231
2.59189e-09	-0.00272164
2.59196e-09	-0.00272017
2.59204e-09	-0.0027187
2.59211e-09	-0.00271723
2.59218e-09	-0.00271575
2.59225e-09	-0.00271426
2.59232e-09	-0.00271277
2.59239e-09	-0.00271128
2.59246e-09	-0.00270978
2.59253e-09	-0.00270828
2.5926e-09	-0.00270678
2.59267e-09	-0.00270527
2.59274e-09	-0.00270376
2.59281e-09	-0.00270224
2.59288e-09	-0.00270072
2.59295e-09	-0.00269919
2.59303e-09	-0.00269766
2.5931e-09	-0.00269613
2.59317e-09	-0.00269459
2.59324e-09	-0.00269305
2.59331e-09	-0.0026915
2.59338e-09	-0.00268995
2.59345e-09	-0.0026884
2.59352e-09	-0.00268684
2.59359e-09	-0.00268528
2.59366e-09	-0.00268371
2.59373e-09	-0.00268214
2.5938e-09	-0.00268057
2.59387e-09	-0.00267899
2.59394e-09	-0.0026774
2.59402e-09	-0.00267582
2.59409e-09	-0.00267423
2.59416e-09	-0.00267263
2.59423e-09	-0.00267104
2.5943e-09	-0.00266943
2.59437e-09	-0.00266783
2.59444e-09	-0.00266622
2.59451e-09	-0.0026646
2.59458e-09	-0.00266298
2.59465e-09	-0.00266136
2.59472e-09	-0.00265974
2.59479e-09	-0.00265811
2.59486e-09	-0.00265647
2.59494e-09	-0.00265484
2.59501e-09	-0.0026532
2.59508e-09	-0.00265155
2.59515e-09	-0.0026499
2.59522e-09	-0.00264825
2.59529e-09	-0.00264659
2.59536e-09	-0.00264493
2.59543e-09	-0.00264327
2.5955e-09	-0.0026416
2.59557e-09	-0.00263993
2.59564e-09	-0.00263825
2.59571e-09	-0.00263657
2.59578e-09	-0.00263489
2.59585e-09	-0.0026332
2.59593e-09	-0.00263151
2.596e-09	-0.00262982
2.59607e-09	-0.00262812
2.59614e-09	-0.00262642
2.59621e-09	-0.00262472
2.59628e-09	-0.00262301
2.59635e-09	-0.00262129
2.59642e-09	-0.00261958
2.59649e-09	-0.00261786
2.59656e-09	-0.00261613
2.59663e-09	-0.00261441
2.5967e-09	-0.00261268
2.59677e-09	-0.00261094
2.59684e-09	-0.0026092
2.59692e-09	-0.00260746
2.59699e-09	-0.00260572
2.59706e-09	-0.00260397
2.59713e-09	-0.00260222
2.5972e-09	-0.00260046
2.59727e-09	-0.0025987
2.59734e-09	-0.00259694
2.59741e-09	-0.00259517
2.59748e-09	-0.0025934
2.59755e-09	-0.00259163
2.59762e-09	-0.00258985
2.59769e-09	-0.00258807
2.59776e-09	-0.00258628
2.59783e-09	-0.0025845
2.59791e-09	-0.00258271
2.59798e-09	-0.00258091
2.59805e-09	-0.00257911
2.59812e-09	-0.00257731
2.59819e-09	-0.00257551
2.59826e-09	-0.0025737
2.59833e-09	-0.00257189
2.5984e-09	-0.00257007
2.59847e-09	-0.00256825
2.59854e-09	-0.00256643
2.59861e-09	-0.00256461
2.59868e-09	-0.00256278
2.59875e-09	-0.00256095
2.59883e-09	-0.00255911
2.5989e-09	-0.00255727
2.59897e-09	-0.00255543
2.59904e-09	-0.00255358
2.59911e-09	-0.00255174
2.59918e-09	-0.00254988
2.59925e-09	-0.00254803
2.59932e-09	-0.00254617
2.59939e-09	-0.00254431
2.59946e-09	-0.00254244
2.59953e-09	-0.00254057
2.5996e-09	-0.0025387
2.59967e-09	-0.00253683
2.59974e-09	-0.00253495
2.59982e-09	-0.00253307
2.59989e-09	-0.00253118
2.59996e-09	-0.0025293
2.60003e-09	-0.00252741
2.6001e-09	-0.00252551
2.60017e-09	-0.00252361
2.60024e-09	-0.00252171
2.60031e-09	-0.00251981
2.60038e-09	-0.0025179
2.60045e-09	-0.00251599
2.60052e-09	-0.00251408
2.60059e-09	-0.00251216
2.60066e-09	-0.00251024
2.60073e-09	-0.00250832
2.60081e-09	-0.0025064
2.60088e-09	-0.00250447
2.60095e-09	-0.00250254
2.60102e-09	-0.0025006
2.60109e-09	-0.00249866
2.60116e-09	-0.00249672
2.60123e-09	-0.00249478
2.6013e-09	-0.00249283
2.60137e-09	-0.00249088
2.60144e-09	-0.00248893
2.60151e-09	-0.00248697
2.60158e-09	-0.00248501
2.60165e-09	-0.00248305
2.60172e-09	-0.00248109
2.6018e-09	-0.00247912
2.60187e-09	-0.00247715
2.60194e-09	-0.00247517
2.60201e-09	-0.0024732
2.60208e-09	-0.00247122
2.60215e-09	-0.00246924
2.60222e-09	-0.00246725
2.60229e-09	-0.00246526
2.60236e-09	-0.00246327
2.60243e-09	-0.00246128
2.6025e-09	-0.00245928
2.60257e-09	-0.00245728
2.60264e-09	-0.00245528
2.60272e-09	-0.00245327
2.60279e-09	-0.00245126
2.60286e-09	-0.00244925
2.60293e-09	-0.00244724
2.603e-09	-0.00244522
2.60307e-09	-0.0024432
2.60314e-09	-0.00244118
2.60321e-09	-0.00243915
2.60328e-09	-0.00243712
2.60335e-09	-0.00243509
2.60342e-09	-0.00243306
2.60349e-09	-0.00243102
2.60356e-09	-0.00242898
2.60363e-09	-0.00242694
2.60371e-09	-0.00242489
2.60378e-09	-0.00242285
2.60385e-09	-0.0024208
2.60392e-09	-0.00241874
2.60399e-09	-0.00241669
2.60406e-09	-0.00241463
2.60413e-09	-0.00241257
2.6042e-09	-0.00241051
2.60427e-09	-0.00240844
2.60434e-09	-0.00240637
2.60441e-09	-0.0024043
2.60448e-09	-0.00240222
2.60455e-09	-0.00240015
2.60462e-09	-0.00239807
2.6047e-09	-0.00239599
2.60477e-09	-0.0023939
2.60484e-09	-0.00239181
2.60491e-09	-0.00238972
2.60498e-09	-0.00238763
2.60505e-09	-0.00238554
2.60512e-09	-0.00238344
2.60519e-09	-0.00238134
2.60526e-09	-0.00237924
2.60533e-09	-0.00237713
2.6054e-09	-0.00237502
2.60547e-09	-0.00237291
2.60554e-09	-0.0023708
2.60562e-09	-0.00236868
2.60569e-09	-0.00236657
2.60576e-09	-0.00236445
2.60583e-09	-0.00236232
2.6059e-09	-0.0023602
2.60597e-09	-0.00235807
2.60604e-09	-0.00235594
2.60611e-09	-0.00235381
2.60618e-09	-0.00235167
2.60625e-09	-0.00234954
2.60632e-09	-0.0023474
2.60639e-09	-0.00234525
2.60646e-09	-0.00234311
2.60653e-09	-0.00234096
2.60661e-09	-0.00233881
2.60668e-09	-0.00233666
2.60675e-09	-0.00233451
2.60682e-09	-0.00233235
2.60689e-09	-0.00233019
2.60696e-09	-0.00232803
2.60703e-09	-0.00232587
2.6071e-09	-0.0023237
2.60717e-09	-0.00232153
2.60724e-09	-0.00231936
2.60731e-09	-0.00231719
2.60738e-09	-0.00231502
2.60745e-09	-0.00231284
2.60752e-09	-0.00231066
2.6076e-09	-0.00230848
2.60767e-09	-0.00230629
2.60774e-09	-0.00230411
2.60781e-09	-0.00230192
2.60788e-09	-0.00229973
2.60795e-09	-0.00229754
2.60802e-09	-0.00229534
2.60809e-09	-0.00229314
2.60816e-09	-0.00229095
2.60823e-09	-0.00228874
2.6083e-09	-0.00228654
2.60837e-09	-0.00228433
2.60844e-09	-0.00228213
2.60851e-09	-0.00227992
2.60859e-09	-0.0022777
2.60866e-09	-0.00227549
2.60873e-09	-0.00227327
2.6088e-09	-0.00227105
2.60887e-09	-0.00226883
2.60894e-09	-0.00226661
2.60901e-09	-0.00226438
2.60908e-09	-0.00226216
2.60915e-09	-0.00225993
2.60922e-09	-0.0022577
2.60929e-09	-0.00225546
2.60936e-09	-0.00225323
2.60943e-09	-0.00225099
2.60951e-09	-0.00224875
2.60958e-09	-0.00224651
2.60965e-09	-0.00224427
2.60972e-09	-0.00224202
2.60979e-09	-0.00223977
2.60986e-09	-0.00223752
2.60993e-09	-0.00223527
2.61e-09	-0.00223302
2.61007e-09	-0.00223076
2.61014e-09	-0.00222851
2.61021e-09	-0.00222625
2.61028e-09	-0.00222399
2.61035e-09	-0.00222172
2.61042e-09	-0.00221946
2.6105e-09	-0.00221719
2.61057e-09	-0.00221492
2.61064e-09	-0.00221265
2.61071e-09	-0.00221038
2.61078e-09	-0.0022081
2.61085e-09	-0.00220583
2.61092e-09	-0.00220355
2.61099e-09	-0.00220127
2.61106e-09	-0.00219899
2.61113e-09	-0.0021967
2.6112e-09	-0.00219442
2.61127e-09	-0.00219213
2.61134e-09	-0.00218984
2.61141e-09	-0.00218755
2.61149e-09	-0.00218526
2.61156e-09	-0.00218296
2.61163e-09	-0.00218066
2.6117e-09	-0.00217837
2.61177e-09	-0.00217607
2.61184e-09	-0.00217376
2.61191e-09	-0.00217146
2.61198e-09	-0.00216916
2.61205e-09	-0.00216685
2.61212e-09	-0.00216454
2.61219e-09	-0.00216223
2.61226e-09	-0.00215992
2.61233e-09	-0.0021576
2.61241e-09	-0.00215529
2.61248e-09	-0.00215297
2.61255e-09	-0.00215065
2.61262e-09	-0.00214833
2.61269e-09	-0.00214601
2.61276e-09	-0.00214368
2.61283e-09	-0.00214136
2.6129e-09	-0.00213903
2.61297e-09	-0.0021367
2.61304e-09	-0.00213437
2.61311e-09	-0.00213204
2.61318e-09	-0.00212971
2.61325e-09	-0.00212737
2.61332e-09	-0.00212503
2.6134e-09	-0.00212269
2.61347e-09	-0.00212035
2.61354e-09	-0.00211801
2.61361e-09	-0.00211567
2.61368e-09	-0.00211332
2.61375e-09	-0.00211098
2.61382e-09	-0.00210863
2.61389e-09	-0.00210628
2.61396e-09	-0.00210393
2.61403e-09	-0.00210158
2.6141e-09	-0.00209922
2.61417e-09	-0.00209687
2.61424e-09	-0.00209451
2.61431e-09	-0.00209215
2.61439e-09	-0.00208979
2.61446e-09	-0.00208743
2.61453e-09	-0.00208507
2.6146e-09	-0.0020827
2.61467e-09	-0.00208034
2.61474e-09	-0.00207797
2.61481e-09	-0.0020756
2.61488e-09	-0.00207323
2.61495e-09	-0.00207086
2.61502e-09	-0.00206849
2.61509e-09	-0.00206611
2.61516e-09	-0.00206374
2.61523e-09	-0.00206136
2.6153e-09	-0.00205898
2.61538e-09	-0.0020566
2.61545e-09	-0.00205422
2.61552e-09	-0.00205184
2.61559e-09	-0.00204946
2.61566e-09	-0.00204707
2.61573e-09	-0.00204468
2.6158e-09	-0.0020423
2.61587e-09	-0.00203991
2.61594e-09	-0.00203752
2.61601e-09	-0.00203513
2.61608e-09	-0.00203273
2.61615e-09	-0.00203034
2.61622e-09	-0.00202794
2.6163e-09	-0.00202555
2.61637e-09	-0.00202315
2.61644e-09	-0.00202075
2.61651e-09	-0.00201835
2.61658e-09	-0.00201595
2.61665e-09	-0.00201354
2.61672e-09	-0.00201114
2.61679e-09	-0.00200873
2.61686e-09	-0.00200633
2.61693e-09	-0.00200392
2.617e-09	-0.00200151
2.61707e-09	-0.0019991
2.61714e-09	-0.00199669
2.61721e-09	-0.00199427
2.61729e-09	-0.00199186
2.61736e-09	-0.00198945
2.61743e-09	-0.00198703
2.6175e-09	-0.00198461
2.61757e-09	-0.00198219
2.61764e-09	-0.00197978
2.61771e-09	-0.00197735
2.61778e-09	-0.00197493
2.61785e-09	-0.00197251
2.61792e-09	-0.00197009
2.61799e-09	-0.00196766
2.61806e-09	-0.00196523
2.61813e-09	-0.00196281
2.6182e-09	-0.00196038
2.61828e-09	-0.00195795
2.61835e-09	-0.00195552
2.61842e-09	-0.00195309
2.61849e-09	-0.00195066
2.61856e-09	-0.00194822
2.61863e-09	-0.00194579
2.6187e-09	-0.00194335
2.61877e-09	-0.00194092
2.61884e-09	-0.00193848
2.61891e-09	-0.00193604
2.61898e-09	-0.0019336
2.61905e-09	-0.00193116
2.61912e-09	-0.00192872
2.6192e-09	-0.00192628
2.61927e-09	-0.00192383
2.61934e-09	-0.00192139
2.61941e-09	-0.00191894
2.61948e-09	-0.0019165
2.61955e-09	-0.00191405
2.61962e-09	-0.0019116
2.61969e-09	-0.00190915
2.61976e-09	-0.0019067
2.61983e-09	-0.00190425
2.6199e-09	-0.0019018
2.61997e-09	-0.00189935
2.62004e-09	-0.0018969
2.62011e-09	-0.00189444
2.62019e-09	-0.00189199
2.62026e-09	-0.00188953
2.62033e-09	-0.00188707
2.6204e-09	-0.00188462
2.62047e-09	-0.00188216
2.62054e-09	-0.0018797
2.62061e-09	-0.00187724
2.62068e-09	-0.00187478
2.62075e-09	-0.00187232
2.62082e-09	-0.00186985
2.62089e-09	-0.00186739
2.62096e-09	-0.00186493
2.62103e-09	-0.00186246
2.6211e-09	-0.00186
2.62118e-09	-0.00185753
2.62125e-09	-0.00185506
2.62132e-09	-0.00185259
2.62139e-09	-0.00185013
2.62146e-09	-0.00184766
2.62153e-09	-0.00184519
2.6216e-09	-0.00184272
2.62167e-09	-0.00184024
2.62174e-09	-0.00183777
2.62181e-09	-0.0018353
2.62188e-09	-0.00183283
2.62195e-09	-0.00183035
2.62202e-09	-0.00182788
2.62209e-09	-0.0018254
2.62217e-09	-0.00182292
2.62224e-09	-0.00182045
2.62231e-09	-0.00181797
2.62238e-09	-0.00181549
2.62245e-09	-0.00181301
2.62252e-09	-0.00181053
2.62259e-09	-0.00180805
2.62266e-09	-0.00180557
2.62273e-09	-0.00180309
2.6228e-09	-0.00180061
2.62287e-09	-0.00179813
2.62294e-09	-0.00179564
2.62301e-09	-0.00179316
2.62309e-09	-0.00179067
2.62316e-09	-0.00178819
2.62323e-09	-0.0017857
2.6233e-09	-0.00178322
2.62337e-09	-0.00178073
2.62344e-09	-0.00177825
2.62351e-09	-0.00177576
2.62358e-09	-0.00177327
2.62365e-09	-0.00177078
2.62372e-09	-0.00176829
2.62379e-09	-0.0017658
2.62386e-09	-0.00176331
2.62393e-09	-0.00176082
2.624e-09	-0.00175833
2.62408e-09	-0.00175584
2.62415e-09	-0.00175335
2.62422e-09	-0.00175085
2.62429e-09	-0.00174836
2.62436e-09	-0.00174587
2.62443e-09	-0.00174337
2.6245e-09	-0.00174088
2.62457e-09	-0.00173838
2.62464e-09	-0.00173589
2.62471e-09	-0.00173339
2.62478e-09	-0.0017309
2.62485e-09	-0.0017284
2.62492e-09	-0.0017259
2.62499e-09	-0.00172341
2.62507e-09	-0.00172091
2.62514e-09	-0.00171841
2.62521e-09	-0.00171591
2.62528e-09	-0.00171341
2.62535e-09	-0.00171091
2.62542e-09	-0.00170841
2.62549e-09	-0.00170592
2.62556e-09	-0.00170341
2.62563e-09	-0.00170091
2.6257e-09	-0.00169841
2.62577e-09	-0.00169591
2.62584e-09	-0.00169341
2.62591e-09	-0.00169091
2.62598e-09	-0.00168841
2.62606e-09	-0.0016859
2.62613e-09	-0.0016834
2.6262e-09	-0.0016809
2.62627e-09	-0.0016784
2.62634e-09	-0.00167589
2.62641e-09	-0.00167339
2.62648e-09	-0.00167088
2.62655e-09	-0.00166838
2.62662e-09	-0.00166588
2.62669e-09	-0.00166337
2.62676e-09	-0.00166087
2.62683e-09	-0.00165836
2.6269e-09	-0.00165586
2.62698e-09	-0.00165335
2.62705e-09	-0.00165084
2.62712e-09	-0.00164834
2.62719e-09	-0.00164583
2.62726e-09	-0.00164333
2.62733e-09	-0.00164082
2.6274e-09	-0.00163831
2.62747e-09	-0.00163581
2.62754e-09	-0.0016333
2.62761e-09	-0.00163079
2.62768e-09	-0.00162828
2.62775e-09	-0.00162578
2.62782e-09	-0.00162327
2.62789e-09	-0.00162076
2.62797e-09	-0.00161825
2.62804e-09	-0.00161574
2.62811e-09	-0.00161324
2.62818e-09	-0.00161073
2.62825e-09	-0.00160822
2.62832e-09	-0.00160571
2.62839e-09	-0.0016032
2.62846e-09	-0.00160069
2.62853e-09	-0.00159819
2.6286e-09	-0.00159568
2.62867e-09	-0.00159317
2.62874e-09	-0.00159066
2.62881e-09	-0.00158815
2.62888e-09	-0.00158564
2.62896e-09	-0.00158313
2.62903e-09	-0.00158062
2.6291e-09	-0.00157811
2.62917e-09	-0.00157561
2.62924e-09	-0.0015731
2.62931e-09	-0.00157059
2.62938e-09	-0.00156808
2.62945e-09	-0.00156557
2.62952e-09	-0.00156306
2.62959e-09	-0.00156055
2.62966e-09	-0.00155804
2.62973e-09	-0.00155553
2.6298e-09	-0.00155302
2.62988e-09	-0.00155052
2.62995e-09	-0.00154801
2.63002e-09	-0.0015455
2.63009e-09	-0.00154299
2.63016e-09	-0.00154048
2.63023e-09	-0.00153797
2.6303e-09	-0.00153546
2.63037e-09	-0.00153295
2.63044e-09	-0.00153045
2.63051e-09	-0.00152794
2.63058e-09	-0.00152543
2.63065e-09	-0.00152292
2.63072e-09	-0.00152041
2.63079e-09	-0.00151791
2.63087e-09	-0.0015154
2.63094e-09	-0.00151289
2.63101e-09	-0.00151038
2.63108e-09	-0.00150788
2.63115e-09	-0.00150537
2.63122e-09	-0.00150286
2.63129e-09	-0.00150036
2.63136e-09	-0.00149785
2.63143e-09	-0.00149534
2.6315e-09	-0.00149284
2.63157e-09	-0.00149033
2.63164e-09	-0.00148782
2.63171e-09	-0.00148532
2.63178e-09	-0.00148281
2.63186e-09	-0.00148031
2.63193e-09	-0.0014778
2.632e-09	-0.0014753
2.63207e-09	-0.00147279
2.63214e-09	-0.00147029
2.63221e-09	-0.00146778
2.63228e-09	-0.00146528
2.63235e-09	-0.00146278
2.63242e-09	-0.00146027
2.63249e-09	-0.00145777
2.63256e-09	-0.00145527
2.63263e-09	-0.00145276
2.6327e-09	-0.00145026
2.63277e-09	-0.00144776
2.63285e-09	-0.00144526
2.63292e-09	-0.00144276
2.63299e-09	-0.00144026
2.63306e-09	-0.00143775
2.63313e-09	-0.00143525
2.6332e-09	-0.00143275
2.63327e-09	-0.00143025
2.63334e-09	-0.00142775
2.63341e-09	-0.00142525
2.63348e-09	-0.00142276
2.63355e-09	-0.00142026
2.63362e-09	-0.00141776
2.63369e-09	-0.00141526
2.63377e-09	-0.00141276
2.63384e-09	-0.00141027
2.63391e-09	-0.00140777
2.63398e-09	-0.00140527
2.63405e-09	-0.00140278
2.63412e-09	-0.00140028
2.63419e-09	-0.00139779
2.63426e-09	-0.00139529
2.63433e-09	-0.0013928
2.6344e-09	-0.0013903
2.63447e-09	-0.00138781
2.63454e-09	-0.00138532
2.63461e-09	-0.00138282
2.63468e-09	-0.00138033
2.63476e-09	-0.00137784
2.63483e-09	-0.00137535
2.6349e-09	-0.00137286
2.63497e-09	-0.00137036
2.63504e-09	-0.00136787
2.63511e-09	-0.00136538
2.63518e-09	-0.0013629
2.63525e-09	-0.00136041
2.63532e-09	-0.00135792
2.63539e-09	-0.00135543
2.63546e-09	-0.00135294
2.63553e-09	-0.00135046
2.6356e-09	-0.00134797
2.63567e-09	-0.00134548
2.63575e-09	-0.001343
2.63582e-09	-0.00134051
2.63589e-09	-0.00133803
2.63596e-09	-0.00133555
2.63603e-09	-0.00133306
2.6361e-09	-0.00133058
2.63617e-09	-0.0013281
2.63624e-09	-0.00132562
2.63631e-09	-0.00132314
2.63638e-09	-0.00132066
2.63645e-09	-0.00131818
2.63652e-09	-0.0013157
2.63659e-09	-0.00131322
2.63667e-09	-0.00131074
2.63674e-09	-0.00130826
2.63681e-09	-0.00130578
2.63688e-09	-0.00130331
2.63695e-09	-0.00130083
2.63702e-09	-0.00129836
2.63709e-09	-0.00129588
2.63716e-09	-0.00129341
2.63723e-09	-0.00129094
2.6373e-09	-0.00128846
2.63737e-09	-0.00128599
2.63744e-09	-0.00128352
2.63751e-09	-0.00128105
2.63758e-09	-0.00127858
2.63766e-09	-0.00127611
2.63773e-09	-0.00127364
2.6378e-09	-0.00127117
2.63787e-09	-0.0012687
2.63794e-09	-0.00126624
2.63801e-09	-0.00126377
2.63808e-09	-0.00126131
2.63815e-09	-0.00125884
2.63822e-09	-0.00125638
2.63829e-09	-0.00125391
2.63836e-09	-0.00125145
2.63843e-09	-0.00124899
2.6385e-09	-0.00124653
2.63857e-09	-0.00124407
2.63865e-09	-0.00124161
2.63872e-09	-0.00123915
2.63879e-09	-0.00123669
2.63886e-09	-0.00123423
2.63893e-09	-0.00123177
2.639e-09	-0.00122932
2.63907e-09	-0.00122686
2.63914e-09	-0.00122441
2.63921e-09	-0.00122195
2.63928e-09	-0.0012195
2.63935e-09	-0.00121705
2.63942e-09	-0.0012146
2.63949e-09	-0.00121215
2.63956e-09	-0.0012097
2.63964e-09	-0.00120725
2.63971e-09	-0.0012048
2.63978e-09	-0.00120235
2.63985e-09	-0.0011999
2.63992e-09	-0.00119746
2.63999e-09	-0.00119501
2.64006e-09	-0.00119257
2.64013e-09	-0.00119012
2.6402e-09	-0.00118768
2.64027e-09	-0.00118524
2.64034e-09	-0.0011828
2.64041e-09	-0.00118036
2.64048e-09	-0.00117792
2.64056e-09	-0.00117548
2.64063e-09	-0.00117304
2.6407e-09	-0.0011706
2.64077e-09	-0.00116817
2.64084e-09	-0.00116573
2.64091e-09	-0.0011633
2.64098e-09	-0.00116087
2.64105e-09	-0.00115843
2.64112e-09	-0.001156
2.64119e-09	-0.00115357
2.64126e-09	-0.00115114
2.64133e-09	-0.00114871
2.6414e-09	-0.00114628
2.64147e-09	-0.00114386
2.64155e-09	-0.00114143
2.64162e-09	-0.001139
2.64169e-09	-0.00113658
2.64176e-09	-0.00113416
2.64183e-09	-0.00113173
2.6419e-09	-0.00112931
2.64197e-09	-0.00112689
2.64204e-09	-0.00112447
2.64211e-09	-0.00112205
2.64218e-09	-0.00111964
2.64225e-09	-0.00111722
2.64232e-09	-0.0011148
2.64239e-09	-0.00111239
2.64246e-09	-0.00110997
2.64254e-09	-0.00110756
2.64261e-09	-0.00110515
2.64268e-09	-0.00110274
2.64275e-09	-0.00110033
2.64282e-09	-0.00109792
2.64289e-09	-0.00109551
2.64296e-09	-0.0010931
2.64303e-09	-0.0010907
2.6431e-09	-0.00108829
2.64317e-09	-0.00108589
2.64324e-09	-0.00108349
2.64331e-09	-0.00108108
2.64338e-09	-0.00107868
2.64346e-09	-0.00107628
2.64353e-09	-0.00107388
2.6436e-09	-0.00107149
2.64367e-09	-0.00106909
2.64374e-09	-0.00106669
2.64381e-09	-0.0010643
2.64388e-09	-0.00106191
2.64395e-09	-0.00105951
2.64402e-09	-0.00105712
2.64409e-09	-0.00105473
2.64416e-09	-0.00105234
2.64423e-09	-0.00104995
2.6443e-09	-0.00104757
2.64437e-09	-0.00104518
2.64445e-09	-0.0010428
2.64452e-09	-0.00104041
2.64459e-09	-0.00103803
2.64466e-09	-0.00103565
2.64473e-09	-0.00103327
2.6448e-09	-0.00103089
2.64487e-09	-0.00102851
2.64494e-09	-0.00102613
2.64501e-09	-0.00102376
2.64508e-09	-0.00102138
2.64515e-09	-0.00101901
2.64522e-09	-0.00101663
2.64529e-09	-0.00101426
2.64536e-09	-0.00101189
2.64544e-09	-0.00100952
2.64551e-09	-0.00100716
2.64558e-09	-0.00100479
2.64565e-09	-0.00100242
2.64572e-09	-0.00100006
2.64579e-09	-0.000997695
2.64586e-09	-0.000995332
2.64593e-09	-0.000992971
2.646e-09	-0.000990612
2.64607e-09	-0.000988253
2.64614e-09	-0.000985895
2.64621e-09	-0.000983539
2.64628e-09	-0.000981184
2.64635e-09	-0.00097883
2.64643e-09	-0.000976477
2.6465e-09	-0.000974126
2.64657e-09	-0.000971776
2.64664e-09	-0.000969427
2.64671e-09	-0.000967079
2.64678e-09	-0.000964732
2.64685e-09	-0.000962387
2.64692e-09	-0.000960043
2.64699e-09	-0.0009577
2.64706e-09	-0.000955358
2.64713e-09	-0.000953018
2.6472e-09	-0.000950679
2.64727e-09	-0.000948341
2.64735e-09	-0.000946004
2.64742e-09	-0.000943669
2.64749e-09	-0.000941335
2.64756e-09	-0.000939002
2.64763e-09	-0.00093667
2.6477e-09	-0.00093434
2.64777e-09	-0.000932011
2.64784e-09	-0.000929683
2.64791e-09	-0.000927357
2.64798e-09	-0.000925032
2.64805e-09	-0.000922708
2.64812e-09	-0.000920385
2.64819e-09	-0.000918064
2.64826e-09	-0.000915744
2.64834e-09	-0.000913425
2.64841e-09	-0.000911108
2.64848e-09	-0.000908792
2.64855e-09	-0.000906477
2.64862e-09	-0.000904164
2.64869e-09	-0.000901852
2.64876e-09	-0.000899541
2.64883e-09	-0.000897232
2.6489e-09	-0.000894924
2.64897e-09	-0.000892617
2.64904e-09	-0.000890312
2.64911e-09	-0.000888008
2.64918e-09	-0.000885705
2.64925e-09	-0.000883404
2.64933e-09	-0.000881104
2.6494e-09	-0.000878806
2.64947e-09	-0.000876509
2.64954e-09	-0.000874213
2.64961e-09	-0.000871918
2.64968e-09	-0.000869625
2.64975e-09	-0.000867334
2.64982e-09	-0.000865043
2.64989e-09	-0.000862754
2.64996e-09	-0.000860467
2.65003e-09	-0.000858181
2.6501e-09	-0.000855896
2.65017e-09	-0.000853613
2.65024e-09	-0.000851331
2.65032e-09	-0.000849051
2.65039e-09	-0.000846772
2.65046e-09	-0.000844494
2.65053e-09	-0.000842218
2.6506e-09	-0.000839943
2.65067e-09	-0.00083767
2.65074e-09	-0.000835398
2.65081e-09	-0.000833127
2.65088e-09	-0.000830858
2.65095e-09	-0.00082859
2.65102e-09	-0.000826324
2.65109e-09	-0.00082406
2.65116e-09	-0.000821796
2.65124e-09	-0.000819535
2.65131e-09	-0.000817274
2.65138e-09	-0.000815015
2.65145e-09	-0.000812758
2.65152e-09	-0.000810502
2.65159e-09	-0.000808247
2.65166e-09	-0.000805994
2.65173e-09	-0.000803743
2.6518e-09	-0.000801493
2.65187e-09	-0.000799244
2.65194e-09	-0.000796997
2.65201e-09	-0.000794752
2.65208e-09	-0.000792508
2.65215e-09	-0.000790265
2.65223e-09	-0.000788024
2.6523e-09	-0.000785784
2.65237e-09	-0.000783546
2.65244e-09	-0.00078131
2.65251e-09	-0.000779075
2.65258e-09	-0.000776841
2.65265e-09	-0.000774609
2.65272e-09	-0.000772379
2.65279e-09	-0.00077015
2.65286e-09	-0.000767922
2.65293e-09	-0.000765696
2.653e-09	-0.000763472
2.65307e-09	-0.000761249
2.65314e-09	-0.000759028
2.65322e-09	-0.000756808
2.65329e-09	-0.00075459
2.65336e-09	-0.000752373
2.65343e-09	-0.000750158
2.6535e-09	-0.000747945
2.65357e-09	-0.000745733
2.65364e-09	-0.000743522
2.65371e-09	-0.000741314
2.65378e-09	-0.000739106
2.65385e-09	-0.000736901
2.65392e-09	-0.000734697
2.65399e-09	-0.000732494
2.65406e-09	-0.000730293
2.65414e-09	-0.000728094
2.65421e-09	-0.000725896
2.65428e-09	-0.0007237
2.65435e-09	-0.000721505
2.65442e-09	-0.000719312
2.65449e-09	-0.000717121
2.65456e-09	-0.000714931
2.65463e-09	-0.000712743
2.6547e-09	-0.000710556
2.65477e-09	-0.000708371
2.65484e-09	-0.000706188
2.65491e-09	-0.000704006
2.65498e-09	-0.000701826
2.65505e-09	-0.000699648
2.65513e-09	-0.000697471
2.6552e-09	-0.000695296
2.65527e-09	-0.000693122
2.65534e-09	-0.00069095
2.65541e-09	-0.00068878
2.65548e-09	-0.000686611
2.65555e-09	-0.000684444
2.65562e-09	-0.000682279
2.65569e-09	-0.000680115
2.65576e-09	-0.000677953
2.65583e-09	-0.000675793
2.6559e-09	-0.000673634
2.65597e-09	-0.000671477
2.65604e-09	-0.000669321
2.65612e-09	-0.000667168
2.65619e-09	-0.000665016
2.65626e-09	-0.000662865
2.65633e-09	-0.000660716
2.6564e-09	-0.000658569
2.65647e-09	-0.000656424
2.65654e-09	-0.00065428
2.65661e-09	-0.000652138
2.65668e-09	-0.000649998
2.65675e-09	-0.000647859
2.65682e-09	-0.000645722
2.65689e-09	-0.000643587
2.65696e-09	-0.000641454
2.65703e-09	-0.000639322
2.65711e-09	-0.000637192
2.65718e-09	-0.000635063
2.65725e-09	-0.000632937
2.65732e-09	-0.000630812
2.65739e-09	-0.000628688
2.65746e-09	-0.000626567
2.65753e-09	-0.000624447
2.6576e-09	-0.000622329
2.65767e-09	-0.000620212
2.65774e-09	-0.000618098
2.65781e-09	-0.000615985
2.65788e-09	-0.000613874
2.65795e-09	-0.000611764
2.65803e-09	-0.000609656
2.6581e-09	-0.00060755
2.65817e-09	-0.000605446
2.65824e-09	-0.000603344
2.65831e-09	-0.000601243
2.65838e-09	-0.000599144
2.65845e-09	-0.000597047
2.65852e-09	-0.000594951
2.65859e-09	-0.000592857
2.65866e-09	-0.000590765
2.65873e-09	-0.000588675
2.6588e-09	-0.000586587
2.65887e-09	-0.0005845
2.65894e-09	-0.000582415
2.65902e-09	-0.000580332
2.65909e-09	-0.000578251
2.65916e-09	-0.000576171
2.65923e-09	-0.000574093
2.6593e-09	-0.000572018
2.65937e-09	-0.000569943
2.65944e-09	-0.000567871
2.65951e-09	-0.0005658
2.65958e-09	-0.000563731
2.65965e-09	-0.000561664
2.65972e-09	-0.000559599
2.65979e-09	-0.000557536
2.65986e-09	-0.000555474
2.65993e-09	-0.000553414
2.66001e-09	-0.000551356
2.66008e-09	-0.0005493
2.66015e-09	-0.000547246
2.66022e-09	-0.000545193
2.66029e-09	-0.000543142
2.66036e-09	-0.000541093
2.66043e-09	-0.000539046
2.6605e-09	-0.000537001
2.66057e-09	-0.000534957
2.66064e-09	-0.000532916
2.66071e-09	-0.000530876
2.66078e-09	-0.000528838
2.66085e-09	-0.000526802
2.66093e-09	-0.000524767
2.661e-09	-0.000522735
2.66107e-09	-0.000520704
2.66114e-09	-0.000518675
2.66121e-09	-0.000516649
2.66128e-09	-0.000514623
2.66135e-09	-0.0005126
2.66142e-09	-0.000510579
2.66149e-09	-0.000508559
2.66156e-09	-0.000506542
2.66163e-09	-0.000504526
2.6617e-09	-0.000502512
2.66177e-09	-0.0005005
2.66184e-09	-0.000498489
2.66192e-09	-0.000496481
2.66199e-09	-0.000494475
2.66206e-09	-0.00049247
2.66213e-09	-0.000490467
2.6622e-09	-0.000488466
2.66227e-09	-0.000486467
2.66234e-09	-0.00048447
2.66241e-09	-0.000482475
2.66248e-09	-0.000480482
2.66255e-09	-0.00047849
2.66262e-09	-0.000476501
2.66269e-09	-0.000474513
2.66276e-09	-0.000472527
2.66283e-09	-0.000470543
2.66291e-09	-0.000468561
2.66298e-09	-0.000466581
2.66305e-09	-0.000464603
2.66312e-09	-0.000462627
2.66319e-09	-0.000460652
2.66326e-09	-0.00045868
2.66333e-09	-0.000456709
2.6634e-09	-0.00045474
2.66347e-09	-0.000452774
2.66354e-09	-0.000450809
2.66361e-09	-0.000448846
2.66368e-09	-0.000446885
2.66375e-09	-0.000444926
2.66382e-09	-0.000442969
2.6639e-09	-0.000441013
2.66397e-09	-0.00043906
2.66404e-09	-0.000437109
2.66411e-09	-0.000435159
2.66418e-09	-0.000433212
2.66425e-09	-0.000431266
2.66432e-09	-0.000429322
2.66439e-09	-0.000427381
2.66446e-09	-0.000425441
2.66453e-09	-0.000423503
2.6646e-09	-0.000421567
2.66467e-09	-0.000419633
2.66474e-09	-0.000417701
2.66482e-09	-0.000415771
2.66489e-09	-0.000413843
2.66496e-09	-0.000411917
2.66503e-09	-0.000409993
2.6651e-09	-0.000408071
2.66517e-09	-0.00040615
2.66524e-09	-0.000404232
2.66531e-09	-0.000402316
2.66538e-09	-0.000400401
2.66545e-09	-0.000398489
2.66552e-09	-0.000396578
2.66559e-09	-0.00039467
2.66566e-09	-0.000392763
2.66573e-09	-0.000390859
2.66581e-09	-0.000388956
2.66588e-09	-0.000387055
2.66595e-09	-0.000385157
2.66602e-09	-0.00038326
2.66609e-09	-0.000381365
2.66616e-09	-0.000379473
2.66623e-09	-0.000377582
2.6663e-09	-0.000375693
2.66637e-09	-0.000373806
2.66644e-09	-0.000371922
2.66651e-09	-0.000370039
2.66658e-09	-0.000368158
2.66665e-09	-0.000366279
2.66672e-09	-0.000364402
2.6668e-09	-0.000362528
2.66687e-09	-0.000360655
2.66694e-09	-0.000358784
2.66701e-09	-0.000356915
2.66708e-09	-0.000355048
2.66715e-09	-0.000353184
2.66722e-09	-0.000351321
2.66729e-09	-0.00034946
2.66736e-09	-0.000347601
2.66743e-09	-0.000345745
2.6675e-09	-0.00034389
2.66757e-09	-0.000342037
2.66764e-09	-0.000340186
2.66771e-09	-0.000338338
2.66779e-09	-0.000336491
2.66786e-09	-0.000334646
2.66793e-09	-0.000332804
2.668e-09	-0.000330963
2.66807e-09	-0.000329124
2.66814e-09	-0.000327288
2.66821e-09	-0.000325453
2.66828e-09	-0.000323621
2.66835e-09	-0.00032179
2.66842e-09	-0.000319962
2.66849e-09	-0.000318135
2.66856e-09	-0.000316311
2.66863e-09	-0.000314488
2.66871e-09	-0.000312668
2.66878e-09	-0.00031085
2.66885e-09	-0.000309034
2.66892e-09	-0.000307219
2.66899e-09	-0.000305407
2.66906e-09	-0.000303597
2.66913e-09	-0.000301789
2.6692e-09	-0.000299983
2.66927e-09	-0.000298179
2.66934e-09	-0.000296377
2.66941e-09	-0.000294577
2.66948e-09	-0.000292779
2.66955e-09	-0.000290983
2.66962e-09	-0.00028919
2.6697e-09	-0.000287398
2.66977e-09	-0.000285608
2.66984e-09	-0.000283821
2.66991e-09	-0.000282035
2.66998e-09	-0.000280252
2.67005e-09	-0.000278471
2.67012e-09	-0.000276691
2.67019e-09	-0.000274914
2.67026e-09	-0.000273139
2.67033e-09	-0.000271366
2.6704e-09	-0.000269595
2.67047e-09	-0.000267826
2.67054e-09	-0.000266059
2.67061e-09	-0.000264294
2.67069e-09	-0.000262531
2.67076e-09	-0.00026077
2.67083e-09	-0.000259012
2.6709e-09	-0.000257255
2.67097e-09	-0.000255501
2.67104e-09	-0.000253748
2.67111e-09	-0.000251998
2.67118e-09	-0.00025025
2.67125e-09	-0.000248504
2.67132e-09	-0.00024676
2.67139e-09	-0.000245018
2.67146e-09	-0.000243278
2.67153e-09	-0.00024154
2.67161e-09	-0.000239804
2.67168e-09	-0.000238071
2.67175e-09	-0.000236339
2.67182e-09	-0.00023461
2.67189e-09	-0.000232882
2.67196e-09	-0.000231157
2.67203e-09	-0.000229434
2.6721e-09	-0.000227713
2.67217e-09	-0.000225994
2.67224e-09	-0.000224277
2.67231e-09	-0.000222562
2.67238e-09	-0.000220849
2.67245e-09	-0.000219139
2.67252e-09	-0.00021743
2.6726e-09	-0.000215724
2.67267e-09	-0.00021402
2.67274e-09	-0.000212318
2.67281e-09	-0.000210618
2.67288e-09	-0.00020892
2.67295e-09	-0.000207224
2.67302e-09	-0.00020553
2.67309e-09	-0.000203838
2.67316e-09	-0.000202149
2.67323e-09	-0.000200462
2.6733e-09	-0.000198776
2.67337e-09	-0.000197093
2.67344e-09	-0.000195412
2.67351e-09	-0.000193733
2.67359e-09	-0.000192056
2.67366e-09	-0.000190382
2.67373e-09	-0.000188709
2.6738e-09	-0.000187038
2.67387e-09	-0.00018537
2.67394e-09	-0.000183704
2.67401e-09	-0.00018204
2.67408e-09	-0.000180378
2.67415e-09	-0.000178718
2.67422e-09	-0.00017706
2.67429e-09	-0.000175405
2.67436e-09	-0.000173751
2.67443e-09	-0.0001721
2.6745e-09	-0.000170451
2.67458e-09	-0.000168803
2.67465e-09	-0.000167158
2.67472e-09	-0.000165516
2.67479e-09	-0.000163875
2.67486e-09	-0.000162236
2.67493e-09	-0.0001606
2.675e-09	-0.000158966
2.67507e-09	-0.000157333
2.67514e-09	-0.000155703
2.67521e-09	-0.000154075
2.67528e-09	-0.00015245
2.67535e-09	-0.000150826
2.67542e-09	-0.000149205
2.6755e-09	-0.000147585
2.67557e-09	-0.000145968
2.67564e-09	-0.000144353
2.67571e-09	-0.00014274
2.67578e-09	-0.000141129
2.67585e-09	-0.000139521
2.67592e-09	-0.000137914
2.67599e-09	-0.00013631
2.67606e-09	-0.000134708
2.67613e-09	-0.000133107
2.6762e-09	-0.00013151
2.67627e-09	-0.000129914
2.67634e-09	-0.00012832
2.67641e-09	-0.000126729
2.67649e-09	-0.000125139
2.67656e-09	-0.000123552
2.67663e-09	-0.000121967
2.6767e-09	-0.000120384
2.67677e-09	-0.000118804
2.67684e-09	-0.000117225
2.67691e-09	-0.000115649
2.67698e-09	-0.000114074
2.67705e-09	-0.000112502
2.67712e-09	-0.000110932
2.67719e-09	-0.000109364
2.67726e-09	-0.000107799
2.67733e-09	-0.000106235
2.6774e-09	-0.000104674
2.67748e-09	-0.000103115
2.67755e-09	-0.000101558
2.67762e-09	-0.000100003
2.67769e-09	-9.84502e-05
2.67776e-09	-9.68997e-05
2.67783e-09	-9.53513e-05
2.6779e-09	-9.38051e-05
2.67797e-09	-9.2261e-05
2.67804e-09	-9.07191e-05
2.67811e-09	-8.91794e-05
2.67818e-09	-8.76418e-05
2.67825e-09	-8.61064e-05
2.67832e-09	-8.45732e-05
2.6784e-09	-8.30421e-05
2.67847e-09	-8.15132e-05
2.67854e-09	-7.99865e-05
2.67861e-09	-7.84619e-05
2.67868e-09	-7.69395e-05
2.67875e-09	-7.54192e-05
2.67882e-09	-7.39011e-05
2.67889e-09	-7.23852e-05
2.67896e-09	-7.08715e-05
2.67903e-09	-6.93599e-05
2.6791e-09	-6.78505e-05
2.67917e-09	-6.63432e-05
2.67924e-09	-6.48382e-05
2.67931e-09	-6.33353e-05
2.67939e-09	-6.18346e-05
2.67946e-09	-6.0336e-05
2.67953e-09	-5.88396e-05
2.6796e-09	-5.73454e-05
2.67967e-09	-5.58534e-05
2.67974e-09	-5.43635e-05
2.67981e-09	-5.28758e-05
2.67988e-09	-5.13903e-05
2.67995e-09	-4.99069e-05
2.68002e-09	-4.84258e-05
2.68009e-09	-4.69468e-05
2.68016e-09	-4.54699e-05
2.68023e-09	-4.39953e-05
2.6803e-09	-4.25228e-05
2.68038e-09	-4.10525e-05
2.68045e-09	-3.95844e-05
2.68052e-09	-3.81184e-05
2.68059e-09	-3.66547e-05
2.68066e-09	-3.51931e-05
2.68073e-09	-3.37337e-05
2.6808e-09	-3.22764e-05
2.68087e-09	-3.08214e-05
2.68094e-09	-2.93685e-05
2.68101e-09	-2.79178e-05
2.68108e-09	-2.64693e-05
2.68115e-09	-2.50229e-05
2.68122e-09	-2.35788e-05
2.68129e-09	-2.21368e-05
2.68137e-09	-2.0697e-05
2.68144e-09	-1.92593e-05
2.68151e-09	-1.78239e-05
2.68158e-09	-1.63906e-05
2.68165e-09	-1.49595e-05
2.68172e-09	-1.35306e-05
2.68179e-09	-1.21039e-05
2.68186e-09	-1.06794e-05
2.68193e-09	-9.257e-06
2.682e-09	-7.83682e-06
2.68207e-09	-6.41882e-06
2.68214e-09	-5.003e-06
2.68221e-09	-3.58937e-06
2.68229e-09	-2.17792e-06
2.68236e-09	-7.68646e-07
2.68243e-09	6.38442e-07
2.6825e-09	2.04335e-06
2.68257e-09	3.44607e-06
2.68264e-09	4.84661e-06
2.68271e-09	6.24497e-06
2.68278e-09	7.64114e-06
2.68285e-09	9.03513e-06
2.68292e-09	1.04269e-05
2.68299e-09	1.18166e-05
2.68306e-09	1.3204e-05
2.68313e-09	1.45893e-05
2.6832e-09	1.59723e-05
2.68328e-09	1.73532e-05
2.68335e-09	1.87319e-05
2.68342e-09	2.01084e-05
2.68349e-09	2.14828e-05
2.68356e-09	2.28549e-05
2.68363e-09	2.42249e-05
2.6837e-09	2.55927e-05
2.68377e-09	2.69583e-05
2.68384e-09	2.83217e-05
2.68391e-09	2.96829e-05
2.68398e-09	3.1042e-05
2.68405e-09	3.23988e-05
2.68412e-09	3.37535e-05
2.68419e-09	3.5106e-05
2.68427e-09	3.64563e-05
2.68434e-09	3.78044e-05
2.68441e-09	3.91504e-05
2.68448e-09	4.04941e-05
2.68455e-09	4.18357e-05
2.68462e-09	4.31751e-05
2.68469e-09	4.45123e-05
2.68476e-09	4.58473e-05
2.68483e-09	4.71801e-05
2.6849e-09	4.85108e-05
2.68497e-09	4.98392e-05
2.68504e-09	5.11655e-05
2.68511e-09	5.24896e-05
2.68519e-09	5.38115e-05
2.68526e-09	5.51312e-05
2.68533e-09	5.64488e-05
2.6854e-09	5.77641e-05
2.68547e-09	5.90773e-05
2.68554e-09	6.03883e-05
2.68561e-09	6.16971e-05
2.68568e-09	6.30037e-05
2.68575e-09	6.43082e-05
2.68582e-09	6.56104e-05
2.68589e-09	6.69105e-05
2.68596e-09	6.82084e-05
2.68603e-09	6.95041e-05
2.6861e-09	7.07976e-05
2.68618e-09	7.2089e-05
2.68625e-09	7.33781e-05
2.68632e-09	7.46651e-05
2.68639e-09	7.59499e-05
2.68646e-09	7.72325e-05
2.68653e-09	7.8513e-05
2.6866e-09	7.97912e-05
2.68667e-09	8.10673e-05
2.68674e-09	8.23412e-05
2.68681e-09	8.36129e-05
2.68688e-09	8.48824e-05
2.68695e-09	8.61497e-05
2.68702e-09	8.74149e-05
2.68709e-09	8.86779e-05
2.68717e-09	8.99387e-05
2.68724e-09	9.11973e-05
2.68731e-09	9.24538e-05
2.68738e-09	9.3708e-05
2.68745e-09	9.49601e-05
2.68752e-09	9.621e-05
2.68759e-09	9.74577e-05
2.68766e-09	9.87033e-05
2.68773e-09	9.99467e-05
2.6878e-09	0.000101188
2.68787e-09	0.000102427
2.68794e-09	0.000103664
2.68801e-09	0.000104898
2.68808e-09	0.000106131
2.68816e-09	0.000107361
2.68823e-09	0.000108589
2.6883e-09	0.000109815
2.68837e-09	0.000111039
2.68844e-09	0.000112261
2.68851e-09	0.00011348
2.68858e-09	0.000114697
2.68865e-09	0.000115912
2.68872e-09	0.000117125
2.68879e-09	0.000118336
2.68886e-09	0.000119545
2.68893e-09	0.000120751
2.689e-09	0.000121955
2.68908e-09	0.000123157
2.68915e-09	0.000124357
2.68922e-09	0.000125555
2.68929e-09	0.00012675
2.68936e-09	0.000127944
2.68943e-09	0.000129135
2.6895e-09	0.000130324
2.68957e-09	0.000131511
2.68964e-09	0.000132695
2.68971e-09	0.000133878
2.68978e-09	0.000135058
2.68985e-09	0.000136236
2.68992e-09	0.000137412
2.68999e-09	0.000138586
2.69007e-09	0.000139758
2.69014e-09	0.000140927
2.69021e-09	0.000142095
2.69028e-09	0.00014326
2.69035e-09	0.000144423
2.69042e-09	0.000145584
2.69049e-09	0.000146742
2.69056e-09	0.000147899
2.69063e-09	0.000149053
2.6907e-09	0.000150205
2.69077e-09	0.000151355
2.69084e-09	0.000152503
2.69091e-09	0.000153649
2.69098e-09	0.000154792
2.69106e-09	0.000155934
2.69113e-09	0.000157073
2.6912e-09	0.00015821
2.69127e-09	0.000159345
2.69134e-09	0.000160478
2.69141e-09	0.000161608
2.69148e-09	0.000162737
2.69155e-09	0.000163863
2.69162e-09	0.000164987
2.69169e-09	0.000166109
2.69176e-09	0.000167229
2.69183e-09	0.000168346
2.6919e-09	0.000169462
2.69197e-09	0.000170575
2.69205e-09	0.000171686
2.69212e-09	0.000172795
2.69219e-09	0.000173902
2.69226e-09	0.000175007
2.69233e-09	0.00017611
2.6924e-09	0.00017721
2.69247e-09	0.000178308
2.69254e-09	0.000179404
2.69261e-09	0.000180498
2.69268e-09	0.00018159
2.69275e-09	0.00018268
2.69282e-09	0.000183767
2.69289e-09	0.000184853
2.69297e-09	0.000185936
2.69304e-09	0.000187017
2.69311e-09	0.000188096
2.69318e-09	0.000189173
2.69325e-09	0.000190247
2.69332e-09	0.00019132
2.69339e-09	0.00019239
2.69346e-09	0.000193459
2.69353e-09	0.000194525
2.6936e-09	0.000195589
2.69367e-09	0.00019665
2.69374e-09	0.00019771
2.69381e-09	0.000198768
2.69388e-09	0.000199823
2.69396e-09	0.000200876
2.69403e-09	0.000201927
2.6941e-09	0.000202976
2.69417e-09	0.000204023
2.69424e-09	0.000205068
2.69431e-09	0.00020611
2.69438e-09	0.000207151
2.69445e-09	0.000208189
2.69452e-09	0.000209225
2.69459e-09	0.000210259
2.69466e-09	0.000211291
2.69473e-09	0.000212321
2.6948e-09	0.000213349
2.69487e-09	0.000214374
2.69495e-09	0.000215398
2.69502e-09	0.000216419
2.69509e-09	0.000217438
2.69516e-09	0.000218455
2.69523e-09	0.00021947
2.6953e-09	0.000220483
2.69537e-09	0.000221494
2.69544e-09	0.000222502
2.69551e-09	0.000223509
2.69558e-09	0.000224513
2.69565e-09	0.000225515
2.69572e-09	0.000226515
2.69579e-09	0.000227513
2.69587e-09	0.000228509
2.69594e-09	0.000229503
2.69601e-09	0.000230494
2.69608e-09	0.000231484
2.69615e-09	0.000232471
2.69622e-09	0.000233456
2.69629e-09	0.000234439
2.69636e-09	0.00023542
2.69643e-09	0.000236399
2.6965e-09	0.000237376
2.69657e-09	0.000238351
2.69664e-09	0.000239323
2.69671e-09	0.000240294
2.69678e-09	0.000241262
2.69686e-09	0.000242229
2.69693e-09	0.000243193
2.697e-09	0.000244155
2.69707e-09	0.000245115
2.69714e-09	0.000246073
2.69721e-09	0.000247028
2.69728e-09	0.000247982
2.69735e-09	0.000248934
2.69742e-09	0.000249883
2.69749e-09	0.00025083
2.69756e-09	0.000251776
2.69763e-09	0.000252719
2.6977e-09	0.00025366
2.69777e-09	0.000254599
2.69785e-09	0.000255536
2.69792e-09	0.000256471
2.69799e-09	0.000257403
2.69806e-09	0.000258334
2.69813e-09	0.000259262
2.6982e-09	0.000260189
2.69827e-09	0.000261113
2.69834e-09	0.000262035
2.69841e-09	0.000262955
2.69848e-09	0.000263874
2.69855e-09	0.00026479
2.69862e-09	0.000265704
2.69869e-09	0.000266615
2.69876e-09	0.000267525
2.69884e-09	0.000268433
2.69891e-09	0.000269338
2.69898e-09	0.000270242
2.69905e-09	0.000271143
2.69912e-09	0.000272043
2.69919e-09	0.00027294
2.69926e-09	0.000273835
2.69933e-09	0.000274728
2.6994e-09	0.000275619
2.69947e-09	0.000276508
2.69954e-09	0.000277395
2.69961e-09	0.00027828
2.69968e-09	0.000279163
2.69976e-09	0.000280044
2.69983e-09	0.000280922
2.6999e-09	0.000281799
2.69997e-09	0.000282673
2.70004e-09	0.000283546
2.70011e-09	0.000284416
2.70018e-09	0.000285284
2.70025e-09	0.000286151
2.70032e-09	0.000287015
2.70039e-09	0.000287877
2.70046e-09	0.000288737
2.70053e-09	0.000289595
2.7006e-09	0.000290451
2.70067e-09	0.000291305
2.70075e-09	0.000292157
2.70082e-09	0.000293007
2.70089e-09	0.000293854
2.70096e-09	0.0002947
2.70103e-09	0.000295544
2.7011e-09	0.000296385
2.70117e-09	0.000297225
2.70124e-09	0.000298063
2.70131e-09	0.000298898
2.70138e-09	0.000299731
2.70145e-09	0.000300563
2.70152e-09	0.000301392
2.70159e-09	0.00030222
2.70166e-09	0.000303045
2.70174e-09	0.000303868
2.70181e-09	0.000304689
2.70188e-09	0.000305508
2.70195e-09	0.000306325
2.70202e-09	0.000307141
2.70209e-09	0.000307954
2.70216e-09	0.000308765
2.70223e-09	0.000309574
2.7023e-09	0.000310381
2.70237e-09	0.000311186
2.70244e-09	0.000311988
2.70251e-09	0.000312789
2.70258e-09	0.000313588
2.70266e-09	0.000314385
2.70273e-09	0.00031518
2.7028e-09	0.000315973
2.70287e-09	0.000316763
2.70294e-09	0.000317552
2.70301e-09	0.000318339
2.70308e-09	0.000319124
2.70315e-09	0.000319906
2.70322e-09	0.000320687
2.70329e-09	0.000321466
2.70336e-09	0.000322242
2.70343e-09	0.000323017
2.7035e-09	0.00032379
2.70357e-09	0.00032456
2.70365e-09	0.000325329
2.70372e-09	0.000326096
2.70379e-09	0.00032686
2.70386e-09	0.000327623
2.70393e-09	0.000328383
2.704e-09	0.000329142
2.70407e-09	0.000329899
2.70414e-09	0.000330653
2.70421e-09	0.000331406
2.70428e-09	0.000332156
2.70435e-09	0.000332905
2.70442e-09	0.000333652
2.70449e-09	0.000334396
2.70456e-09	0.000335139
2.70464e-09	0.00033588
2.70471e-09	0.000336618
2.70478e-09	0.000337355
2.70485e-09	0.00033809
2.70492e-09	0.000338822
2.70499e-09	0.000339553
2.70506e-09	0.000340282
2.70513e-09	0.000341009
2.7052e-09	0.000341733
2.70527e-09	0.000342456
2.70534e-09	0.000343177
2.70541e-09	0.000343896
2.70548e-09	0.000344613
2.70555e-09	0.000345328
2.70563e-09	0.000346041
2.7057e-09	0.000346752
2.70577e-09	0.000347461
2.70584e-09	0.000348168
2.70591e-09	0.000348873
2.70598e-09	0.000349576
2.70605e-09	0.000350277
2.70612e-09	0.000350976
2.70619e-09	0.000351673
2.70626e-09	0.000352368
2.70633e-09	0.000353062
2.7064e-09	0.000353753
2.70647e-09	0.000354442
2.70655e-09	0.00035513
2.70662e-09	0.000355815
2.70669e-09	0.000356499
2.70676e-09	0.00035718
2.70683e-09	0.00035786
2.7069e-09	0.000358537
2.70697e-09	0.000359213
2.70704e-09	0.000359887
2.70711e-09	0.000360559
2.70718e-09	0.000361229
2.70725e-09	0.000361896
2.70732e-09	0.000362562
2.70739e-09	0.000363226
2.70746e-09	0.000363889
2.70754e-09	0.000364549
2.70761e-09	0.000365207
2.70768e-09	0.000365863
2.70775e-09	0.000366518
2.70782e-09	0.00036717
2.70789e-09	0.000367821
2.70796e-09	0.000368469
2.70803e-09	0.000369116
2.7081e-09	0.00036976
2.70817e-09	0.000370403
2.70824e-09	0.000371044
2.70831e-09	0.000371683
2.70838e-09	0.00037232
2.70845e-09	0.000372955
2.70853e-09	0.000373588
2.7086e-09	0.00037422
2.70867e-09	0.000374849
2.70874e-09	0.000375477
2.70881e-09	0.000376102
2.70888e-09	0.000376726
2.70895e-09	0.000377347
2.70902e-09	0.000377967
2.70909e-09	0.000378585
2.70916e-09	0.000379201
2.70923e-09	0.000379815
2.7093e-09	0.000380427
2.70937e-09	0.000381038
2.70945e-09	0.000381646
2.70952e-09	0.000382253
2.70959e-09	0.000382857
2.70966e-09	0.00038346
2.70973e-09	0.000384061
2.7098e-09	0.00038466
2.70987e-09	0.000385257
2.70994e-09	0.000385852
2.71001e-09	0.000386445
2.71008e-09	0.000387037
2.71015e-09	0.000387626
2.71022e-09	0.000388214
2.71029e-09	0.000388799
2.71036e-09	0.000389383
2.71044e-09	0.000389965
2.71051e-09	0.000390545
2.71058e-09	0.000391123
2.71065e-09	0.0003917
2.71072e-09	0.000392274
2.71079e-09	0.000392847
2.71086e-09	0.000393418
2.71093e-09	0.000393986
2.711e-09	0.000394553
2.71107e-09	0.000395119
2.71114e-09	0.000395682
2.71121e-09	0.000396243
2.71128e-09	0.000396803
2.71135e-09	0.00039736
2.71143e-09	0.000397916
2.7115e-09	0.00039847
2.71157e-09	0.000399022
2.71164e-09	0.000399573
2.71171e-09	0.000400121
2.71178e-09	0.000400668
2.71185e-09	0.000401212
2.71192e-09	0.000401755
2.71199e-09	0.000402296
2.71206e-09	0.000402835
2.71213e-09	0.000403373
2.7122e-09	0.000403908
2.71227e-09	0.000404442
2.71234e-09	0.000404974
2.71242e-09	0.000405504
2.71249e-09	0.000406032
2.71256e-09	0.000406558
2.71263e-09	0.000407083
2.7127e-09	0.000407605
2.71277e-09	0.000408126
2.71284e-09	0.000408645
2.71291e-09	0.000409162
2.71298e-09	0.000409677
2.71305e-09	0.000410191
2.71312e-09	0.000410703
2.71319e-09	0.000411213
2.71326e-09	0.000411721
2.71334e-09	0.000412227
2.71341e-09	0.000412731
2.71348e-09	0.000413234
2.71355e-09	0.000413735
2.71362e-09	0.000414234
2.71369e-09	0.000414731
2.71376e-09	0.000415226
2.71383e-09	0.00041572
2.7139e-09	0.000416212
2.71397e-09	0.000416702
2.71404e-09	0.00041719
2.71411e-09	0.000417676
2.71418e-09	0.000418161
2.71425e-09	0.000418643
2.71433e-09	0.000419124
2.7144e-09	0.000419604
2.71447e-09	0.000420081
2.71454e-09	0.000420557
2.71461e-09	0.000421031
2.71468e-09	0.000421503
2.71475e-09	0.000421973
2.71482e-09	0.000422441
2.71489e-09	0.000422908
2.71496e-09	0.000423373
2.71503e-09	0.000423836
2.7151e-09	0.000424297
2.71517e-09	0.000424757
2.71524e-09	0.000425215
2.71532e-09	0.000425671
2.71539e-09	0.000426125
2.71546e-09	0.000426578
2.71553e-09	0.000427028
2.7156e-09	0.000427477
2.71567e-09	0.000427925
2.71574e-09	0.00042837
2.71581e-09	0.000428814
2.71588e-09	0.000429256
2.71595e-09	0.000429696
2.71602e-09	0.000430134
2.71609e-09	0.000430571
2.71616e-09	0.000431006
2.71623e-09	0.000431439
2.71631e-09	0.00043187
2.71638e-09	0.0004323
2.71645e-09	0.000432728
2.71652e-09	0.000433154
2.71659e-09	0.000433578
2.71666e-09	0.000434001
2.71673e-09	0.000434422
2.7168e-09	0.000434841
2.71687e-09	0.000435259
2.71694e-09	0.000435675
2.71701e-09	0.000436089
2.71708e-09	0.000436501
2.71715e-09	0.000436911
2.71723e-09	0.00043732
2.7173e-09	0.000437727
2.71737e-09	0.000438133
2.71744e-09	0.000438536
2.71751e-09	0.000438938
2.71758e-09	0.000439339
2.71765e-09	0.000439737
2.71772e-09	0.000440134
2.71779e-09	0.000440529
2.71786e-09	0.000440922
2.71793e-09	0.000441314
2.718e-09	0.000441704
2.71807e-09	0.000442092
2.71814e-09	0.000442479
2.71822e-09	0.000442864
2.71829e-09	0.000443247
2.71836e-09	0.000443628
2.71843e-09	0.000444008
2.7185e-09	0.000444386
2.71857e-09	0.000444762
2.71864e-09	0.000445137
2.71871e-09	0.00044551
2.71878e-09	0.000445881
2.71885e-09	0.000446251
2.71892e-09	0.000446619
2.71899e-09	0.000446985
2.71906e-09	0.00044735
2.71913e-09	0.000447712
2.71921e-09	0.000448074
2.71928e-09	0.000448433
2.71935e-09	0.000448791
2.71942e-09	0.000449147
2.71949e-09	0.000449502
2.71956e-09	0.000449854
2.71963e-09	0.000450205
2.7197e-09	0.000450555
2.71977e-09	0.000450903
2.71984e-09	0.000451249
2.71991e-09	0.000451593
2.71998e-09	0.000451936
2.72005e-09	0.000452277
2.72013e-09	0.000452617
2.7202e-09	0.000452955
2.72027e-09	0.000453291
2.72034e-09	0.000453625
2.72041e-09	0.000453958
2.72048e-09	0.00045429
2.72055e-09	0.000454619
2.72062e-09	0.000454947
2.72069e-09	0.000455274
2.72076e-09	0.000455598
2.72083e-09	0.000455921
2.7209e-09	0.000456243
2.72097e-09	0.000456562
2.72104e-09	0.000456881
2.72112e-09	0.000457197
2.72119e-09	0.000457512
2.72126e-09	0.000457825
2.72133e-09	0.000458137
2.7214e-09	0.000458447
2.72147e-09	0.000458755
2.72154e-09	0.000459062
2.72161e-09	0.000459367
2.72168e-09	0.000459671
2.72175e-09	0.000459973
2.72182e-09	0.000460273
2.72189e-09	0.000460571
2.72196e-09	0.000460869
2.72203e-09	0.000461164
2.72211e-09	0.000461458
2.72218e-09	0.00046175
2.72225e-09	0.000462041
2.72232e-09	0.00046233
2.72239e-09	0.000462617
2.72246e-09	0.000462903
2.72253e-09	0.000463187
2.7226e-09	0.00046347
2.72267e-09	0.000463751
2.72274e-09	0.00046403
2.72281e-09	0.000464308
2.72288e-09	0.000464585
2.72295e-09	0.000464859
2.72302e-09	0.000465132
2.7231e-09	0.000465404
2.72317e-09	0.000465674
2.72324e-09	0.000465942
2.72331e-09	0.000466209
2.72338e-09	0.000466474
2.72345e-09	0.000466738
2.72352e-09	0.000467
2.72359e-09	0.000467261
2.72366e-09	0.00046752
2.72373e-09	0.000467777
2.7238e-09	0.000468033
2.72387e-09	0.000468287
2.72394e-09	0.00046854
2.72402e-09	0.000468791
2.72409e-09	0.000469041
2.72416e-09	0.000469289
2.72423e-09	0.000469535
2.7243e-09	0.00046978
2.72437e-09	0.000470023
2.72444e-09	0.000470265
2.72451e-09	0.000470505
2.72458e-09	0.000470744
2.72465e-09	0.000470981
2.72472e-09	0.000471217
2.72479e-09	0.000471451
2.72486e-09	0.000471684
2.72493e-09	0.000471915
2.72501e-09	0.000472144
2.72508e-09	0.000472372
2.72515e-09	0.000472599
2.72522e-09	0.000472824
2.72529e-09	0.000473047
2.72536e-09	0.000473269
2.72543e-09	0.000473489
2.7255e-09	0.000473708
2.72557e-09	0.000473926
2.72564e-09	0.000474141
2.72571e-09	0.000474356
2.72578e-09	0.000474568
2.72585e-09	0.00047478
2.72592e-09	0.00047499
2.726e-09	0.000475198
2.72607e-09	0.000475405
2.72614e-09	0.00047561
2.72621e-09	0.000475814
2.72628e-09	0.000476016
2.72635e-09	0.000476217
2.72642e-09	0.000476416
2.72649e-09	0.000476614
2.72656e-09	0.00047681
2.72663e-09	0.000477005
2.7267e-09	0.000477198
2.72677e-09	0.00047739
2.72684e-09	0.00047758
2.72692e-09	0.000477769
2.72699e-09	0.000477956
2.72706e-09	0.000478142
2.72713e-09	0.000478327
2.7272e-09	0.00047851
2.72727e-09	0.000478691
2.72734e-09	0.000478871
2.72741e-09	0.00047905
2.72748e-09	0.000479227
2.72755e-09	0.000479402
2.72762e-09	0.000479576
2.72769e-09	0.000479749
2.72776e-09	0.00047992
2.72783e-09	0.00048009
2.72791e-09	0.000480258
2.72798e-09	0.000480425
2.72805e-09	0.00048059
2.72812e-09	0.000480754
2.72819e-09	0.000480917
2.72826e-09	0.000481078
2.72833e-09	0.000481237
2.7284e-09	0.000481396
2.72847e-09	0.000481552
2.72854e-09	0.000481708
2.72861e-09	0.000481861
2.72868e-09	0.000482014
2.72875e-09	0.000482165
2.72882e-09	0.000482314
2.7289e-09	0.000482462
2.72897e-09	0.000482609
2.72904e-09	0.000482754
2.72911e-09	0.000482898
2.72918e-09	0.00048304
2.72925e-09	0.000483181
2.72932e-09	0.000483321
2.72939e-09	0.000483459
2.72946e-09	0.000483596
2.72953e-09	0.000483731
2.7296e-09	0.000483865
2.72967e-09	0.000483997
2.72974e-09	0.000484129
2.72981e-09	0.000484258
2.72989e-09	0.000484387
2.72996e-09	0.000484513
2.73003e-09	0.000484639
2.7301e-09	0.000484763
2.73017e-09	0.000484886
2.73024e-09	0.000485007
2.73031e-09	0.000485127
2.73038e-09	0.000485245
2.73045e-09	0.000485362
2.73052e-09	0.000485478
2.73059e-09	0.000485592
2.73066e-09	0.000485705
2.73073e-09	0.000485817
2.73081e-09	0.000485927
2.73088e-09	0.000486036
2.73095e-09	0.000486143
2.73102e-09	0.00048625
2.73109e-09	0.000486354
2.73116e-09	0.000486458
2.73123e-09	0.00048656
2.7313e-09	0.00048666
2.73137e-09	0.000486759
2.73144e-09	0.000486857
2.73151e-09	0.000486954
2.73158e-09	0.000487049
2.73165e-09	0.000487143
2.73172e-09	0.000487235
2.7318e-09	0.000487326
2.73187e-09	0.000487416
2.73194e-09	0.000487504
2.73201e-09	0.000487592
2.73208e-09	0.000487677
2.73215e-09	0.000487762
2.73222e-09	0.000487845
2.73229e-09	0.000487926
2.73236e-09	0.000488007
2.73243e-09	0.000488086
2.7325e-09	0.000488163
2.73257e-09	0.00048824
2.73264e-09	0.000488315
2.73271e-09	0.000488388
2.73279e-09	0.000488461
2.73286e-09	0.000488532
2.73293e-09	0.000488602
2.733e-09	0.00048867
2.73307e-09	0.000488737
2.73314e-09	0.000488803
2.73321e-09	0.000488867
2.73328e-09	0.00048893
2.73335e-09	0.000488992
2.73342e-09	0.000489053
2.73349e-09	0.000489112
2.73356e-09	0.00048917
2.73363e-09	0.000489227
2.73371e-09	0.000489282
2.73378e-09	0.000489336
2.73385e-09	0.000489389
2.73392e-09	0.00048944
2.73399e-09	0.00048949
2.73406e-09	0.000489539
2.73413e-09	0.000489586
2.7342e-09	0.000489633
2.73427e-09	0.000489678
2.73434e-09	0.000489721
2.73441e-09	0.000489764
2.73448e-09	0.000489805
2.73455e-09	0.000489845
2.73462e-09	0.000489883
2.7347e-09	0.000489921
2.73477e-09	0.000489957
2.73484e-09	0.000489992
2.73491e-09	0.000490025
2.73498e-09	0.000490057
2.73505e-09	0.000490088
2.73512e-09	0.000490118
2.73519e-09	0.000490146
2.73526e-09	0.000490174
2.73533e-09	0.0004902
2.7354e-09	0.000490224
2.73547e-09	0.000490248
2.73554e-09	0.00049027
2.73561e-09	0.000490291
2.73569e-09	0.00049031
2.73576e-09	0.000490329
2.73583e-09	0.000490346
2.7359e-09	0.000490362
2.73597e-09	0.000490377
2.73604e-09	0.00049039
2.73611e-09	0.000490403
2.73618e-09	0.000490414
2.73625e-09	0.000490423
2.73632e-09	0.000490432
2.73639e-09	0.000490439
2.73646e-09	0.000490445
2.73653e-09	0.00049045
2.7366e-09	0.000490454
2.73668e-09	0.000490456
2.73675e-09	0.000490458
2.73682e-09	0.000490458
2.73689e-09	0.000490456
2.73696e-09	0.000490454
2.73703e-09	0.00049045
2.7371e-09	0.000490445
2.73717e-09	0.000490439
2.73724e-09	0.000490432
2.73731e-09	0.000490424
2.73738e-09	0.000490414
2.73745e-09	0.000490403
2.73752e-09	0.000490391
2.7376e-09	0.000490378
2.73767e-09	0.000490363
2.73774e-09	0.000490348
2.73781e-09	0.000490331
2.73788e-09	0.000490313
2.73795e-09	0.000490294
2.73802e-09	0.000490274
2.73809e-09	0.000490252
2.73816e-09	0.000490229
2.73823e-09	0.000490205
2.7383e-09	0.00049018
2.73837e-09	0.000490154
2.73844e-09	0.000490127
2.73851e-09	0.000490098
2.73859e-09	0.000490068
2.73866e-09	0.000490037
2.73873e-09	0.000490005
2.7388e-09	0.000489972
2.73887e-09	0.000489938
2.73894e-09	0.000489902
2.73901e-09	0.000489865
2.73908e-09	0.000489827
2.73915e-09	0.000489788
2.73922e-09	0.000489748
2.73929e-09	0.000489707
2.73936e-09	0.000489664
2.73943e-09	0.000489621
2.7395e-09	0.000489576
2.73958e-09	0.00048953
2.73965e-09	0.000489483
2.73972e-09	0.000489435
2.73979e-09	0.000489386
2.73986e-09	0.000489335
2.73993e-09	0.000489284
2.74e-09	0.000489231
2.74007e-09	0.000489177
2.74014e-09	0.000489122
2.74021e-09	0.000489066
2.74028e-09	0.000489009
2.74035e-09	0.000488951
2.74042e-09	0.000488891
2.74049e-09	0.000488831
2.74057e-09	0.000488769
2.74064e-09	0.000488706
2.74071e-09	0.000488642
2.74078e-09	0.000488577
2.74085e-09	0.000488511
2.74092e-09	0.000488444
2.74099e-09	0.000488376
2.74106e-09	0.000488306
2.74113e-09	0.000488236
2.7412e-09	0.000488164
2.74127e-09	0.000488092
2.74134e-09	0.000488018
2.74141e-09	0.000487943
2.74149e-09	0.000487867
2.74156e-09	0.00048779
2.74163e-09	0.000487712
2.7417e-09	0.000487633
2.74177e-09	0.000487552
2.74184e-09	0.000487471
2.74191e-09	0.000487389
2.74198e-09	0.000487305
2.74205e-09	0.000487221
2.74212e-09	0.000487135
2.74219e-09	0.000487048
2.74226e-09	0.00048696
2.74233e-09	0.000486871
2.7424e-09	0.000486782
2.74248e-09	0.000486691
2.74255e-09	0.000486599
2.74262e-09	0.000486505
2.74269e-09	0.000486411
2.74276e-09	0.000486316
2.74283e-09	0.00048622
2.7429e-09	0.000486123
2.74297e-09	0.000486024
2.74304e-09	0.000485925
2.74311e-09	0.000485824
2.74318e-09	0.000485723
2.74325e-09	0.00048562
2.74332e-09	0.000485517
2.74339e-09	0.000485412
2.74347e-09	0.000485306
2.74354e-09	0.0004852
2.74361e-09	0.000485092
2.74368e-09	0.000484983
2.74375e-09	0.000484874
2.74382e-09	0.000484763
2.74389e-09	0.000484651
2.74396e-09	0.000484538
2.74403e-09	0.000484424
2.7441e-09	0.00048431
2.74417e-09	0.000484194
2.74424e-09	0.000484077
2.74431e-09	0.000483959
2.74439e-09	0.00048384
2.74446e-09	0.00048372
2.74453e-09	0.000483599
2.7446e-09	0.000483477
2.74467e-09	0.000483354
2.74474e-09	0.00048323
2.74481e-09	0.000483105
2.74488e-09	0.000482979
2.74495e-09	0.000482853
2.74502e-09	0.000482725
2.74509e-09	0.000482596
2.74516e-09	0.000482466
2.74523e-09	0.000482335
2.7453e-09	0.000482203
2.74538e-09	0.00048207
2.74545e-09	0.000481936
2.74552e-09	0.000481802
2.74559e-09	0.000481666
2.74566e-09	0.000481529
2.74573e-09	0.000481391
2.7458e-09	0.000481253
2.74587e-09	0.000481113
2.74594e-09	0.000480972
2.74601e-09	0.000480831
2.74608e-09	0.000480688
2.74615e-09	0.000480545
2.74622e-09	0.0004804
2.74629e-09	0.000480255
2.74637e-09	0.000480108
2.74644e-09	0.000479961
2.74651e-09	0.000479813
2.74658e-09	0.000479664
2.74665e-09	0.000479513
2.74672e-09	0.000479362
2.74679e-09	0.00047921
2.74686e-09	0.000479057
2.74693e-09	0.000478903
2.747e-09	0.000478748
2.74707e-09	0.000478592
2.74714e-09	0.000478436
2.74721e-09	0.000478278
2.74728e-09	0.000478119
2.74736e-09	0.00047796
2.74743e-09	0.000477799
2.7475e-09	0.000477638
2.74757e-09	0.000477475
2.74764e-09	0.000477312
2.74771e-09	0.000477148
2.74778e-09	0.000476983
2.74785e-09	0.000476817
2.74792e-09	0.00047665
2.74799e-09	0.000476482
2.74806e-09	0.000476313
2.74813e-09	0.000476143
2.7482e-09	0.000475973
2.74828e-09	0.000475801
2.74835e-09	0.000475629
2.74842e-09	0.000475456
2.74849e-09	0.000475281
2.74856e-09	0.000475106
2.74863e-09	0.00047493
2.7487e-09	0.000474753
2.74877e-09	0.000474576
2.74884e-09	0.000474397
2.74891e-09	0.000474217
2.74898e-09	0.000474037
2.74905e-09	0.000473856
2.74912e-09	0.000473674
2.74919e-09	0.00047349
2.74927e-09	0.000473306
2.74934e-09	0.000473122
2.74941e-09	0.000472936
2.74948e-09	0.000472749
2.74955e-09	0.000472562
2.74962e-09	0.000472374
2.74969e-09	0.000472184
2.74976e-09	0.000471994
2.74983e-09	0.000471803
2.7499e-09	0.000471612
2.74997e-09	0.000471419
2.75004e-09	0.000471225
2.75011e-09	0.000471031
2.75018e-09	0.000470836
2.75026e-09	0.00047064
2.75033e-09	0.000470443
2.7504e-09	0.000470245
2.75047e-09	0.000470046
2.75054e-09	0.000469847
2.75061e-09	0.000469647
2.75068e-09	0.000469446
2.75075e-09	0.000469244
2.75082e-09	0.000469041
2.75089e-09	0.000468837
2.75096e-09	0.000468633
2.75103e-09	0.000468427
2.7511e-09	0.000468221
2.75118e-09	0.000468014
2.75125e-09	0.000467806
2.75132e-09	0.000467598
2.75139e-09	0.000467388
2.75146e-09	0.000467178
2.75153e-09	0.000466967
2.7516e-09	0.000466755
2.75167e-09	0.000466542
2.75174e-09	0.000466329
2.75181e-09	0.000466114
2.75188e-09	0.000465899
2.75195e-09	0.000465683
2.75202e-09	0.000465467
2.75209e-09	0.000465249
2.75217e-09	0.000465031
2.75224e-09	0.000464811
2.75231e-09	0.000464591
2.75238e-09	0.000464371
2.75245e-09	0.000464149
2.75252e-09	0.000463927
2.75259e-09	0.000463704
2.75266e-09	0.00046348
2.75273e-09	0.000463255
2.7528e-09	0.000463029
2.75287e-09	0.000462803
2.75294e-09	0.000462576
2.75301e-09	0.000462348
2.75308e-09	0.000462119
2.75316e-09	0.00046189
2.75323e-09	0.00046166
2.7533e-09	0.000461429
2.75337e-09	0.000461197
2.75344e-09	0.000460965
2.75351e-09	0.000460731
2.75358e-09	0.000460497
2.75365e-09	0.000460262
2.75372e-09	0.000460027
2.75379e-09	0.000459791
2.75386e-09	0.000459554
2.75393e-09	0.000459316
2.754e-09	0.000459077
2.75407e-09	0.000458838
2.75415e-09	0.000458598
2.75422e-09	0.000458357
2.75429e-09	0.000458115
2.75436e-09	0.000457873
2.75443e-09	0.00045763
2.7545e-09	0.000457386
2.75457e-09	0.000457141
2.75464e-09	0.000456896
2.75471e-09	0.00045665
2.75478e-09	0.000456403
2.75485e-09	0.000456156
2.75492e-09	0.000455907
2.75499e-09	0.000455659
2.75507e-09	0.000455409
2.75514e-09	0.000455158
2.75521e-09	0.000454907
2.75528e-09	0.000454655
2.75535e-09	0.000454403
2.75542e-09	0.000454149
2.75549e-09	0.000453895
2.75556e-09	0.000453641
2.75563e-09	0.000453385
2.7557e-09	0.000453129
2.75577e-09	0.000452872
2.75584e-09	0.000452615
2.75591e-09	0.000452356
2.75598e-09	0.000452097
2.75606e-09	0.000451838
2.75613e-09	0.000451577
2.7562e-09	0.000451316
2.75627e-09	0.000451054
2.75634e-09	0.000450792
2.75641e-09	0.000450529
2.75648e-09	0.000450265
2.75655e-09	0.00045
2.75662e-09	0.000449735
2.75669e-09	0.000449469
2.75676e-09	0.000449202
2.75683e-09	0.000448935
2.7569e-09	0.000448667
2.75697e-09	0.000448398
2.75705e-09	0.000448129
2.75712e-09	0.000447859
2.75719e-09	0.000447588
2.75726e-09	0.000447317
2.75733e-09	0.000447045
2.7574e-09	0.000446772
2.75747e-09	0.000446499
2.75754e-09	0.000446225
2.75761e-09	0.00044595
2.75768e-09	0.000445675
2.75775e-09	0.000445399
2.75782e-09	0.000445122
2.75789e-09	0.000444845
2.75796e-09	0.000444567
2.75804e-09	0.000444288
2.75811e-09	0.000444009
2.75818e-09	0.000443729
2.75825e-09	0.000443448
2.75832e-09	0.000443167
2.75839e-09	0.000442885
2.75846e-09	0.000442603
2.75853e-09	0.00044232
2.7586e-09	0.000442036
2.75867e-09	0.000441751
2.75874e-09	0.000441466
2.75881e-09	0.000441181
2.75888e-09	0.000440894
2.75896e-09	0.000440607
2.75903e-09	0.00044032
2.7591e-09	0.000440031
2.75917e-09	0.000439743
2.75924e-09	0.000439453
2.75931e-09	0.000439163
2.75938e-09	0.000438872
2.75945e-09	0.000438581
2.75952e-09	0.000438289
2.75959e-09	0.000437997
2.75966e-09	0.000437703
2.75973e-09	0.00043741
2.7598e-09	0.000437115
2.75987e-09	0.00043682
2.75995e-09	0.000436525
2.76002e-09	0.000436228
2.76009e-09	0.000435932
2.76016e-09	0.000435634
2.76023e-09	0.000435336
2.7603e-09	0.000435038
2.76037e-09	0.000434738
2.76044e-09	0.000434439
2.76051e-09	0.000434138
2.76058e-09	0.000433837
2.76065e-09	0.000433536
2.76072e-09	0.000433234
2.76079e-09	0.000432931
2.76086e-09	0.000432628
2.76094e-09	0.000432324
2.76101e-09	0.000432019
2.76108e-09	0.000431714
2.76115e-09	0.000431408
2.76122e-09	0.000431102
2.76129e-09	0.000430796
2.76136e-09	0.000430488
2.76143e-09	0.00043018
2.7615e-09	0.000429872
2.76157e-09	0.000429563
2.76164e-09	0.000429253
2.76171e-09	0.000428943
2.76178e-09	0.000428632
2.76186e-09	0.000428321
2.76193e-09	0.000428009
2.762e-09	0.000427697
2.76207e-09	0.000427384
2.76214e-09	0.00042707
2.76221e-09	0.000426756
2.76228e-09	0.000426441
2.76235e-09	0.000426126
2.76242e-09	0.000425811
2.76249e-09	0.000425494
2.76256e-09	0.000425178
2.76263e-09	0.00042486
2.7627e-09	0.000424542
2.76277e-09	0.000424224
2.76285e-09	0.000423905
2.76292e-09	0.000423585
2.76299e-09	0.000423265
2.76306e-09	0.000422945
2.76313e-09	0.000422624
2.7632e-09	0.000422302
2.76327e-09	0.00042198
2.76334e-09	0.000421657
2.76341e-09	0.000421334
2.76348e-09	0.000421011
2.76355e-09	0.000420686
2.76362e-09	0.000420362
2.76369e-09	0.000420036
2.76376e-09	0.000419711
2.76384e-09	0.000419384
2.76391e-09	0.000419058
2.76398e-09	0.00041873
2.76405e-09	0.000418402
2.76412e-09	0.000418074
2.76419e-09	0.000417745
2.76426e-09	0.000417416
2.76433e-09	0.000417086
2.7644e-09	0.000416756
2.76447e-09	0.000416425
2.76454e-09	0.000416094
2.76461e-09	0.000415762
2.76468e-09	0.00041543
2.76475e-09	0.000415097
2.76483e-09	0.000414764
2.7649e-09	0.00041443
2.76497e-09	0.000414096
2.76504e-09	0.000413761
2.76511e-09	0.000413426
2.76518e-09	0.00041309
2.76525e-09	0.000412754
2.76532e-09	0.000412417
2.76539e-09	0.00041208
2.76546e-09	0.000411743
2.76553e-09	0.000411404
2.7656e-09	0.000411066
2.76567e-09	0.000410727
2.76575e-09	0.000410387
2.76582e-09	0.000410047
2.76589e-09	0.000409707
2.76596e-09	0.000409366
2.76603e-09	0.000409025
2.7661e-09	0.000408683
2.76617e-09	0.000408341
2.76624e-09	0.000407998
2.76631e-09	0.000407655
2.76638e-09	0.000407311
2.76645e-09	0.000406967
2.76652e-09	0.000406623
2.76659e-09	0.000406278
2.76666e-09	0.000405932
2.76674e-09	0.000405586
2.76681e-09	0.00040524
2.76688e-09	0.000404893
2.76695e-09	0.000404546
2.76702e-09	0.000404199
2.76709e-09	0.000403851
2.76716e-09	0.000403502
2.76723e-09	0.000403153
2.7673e-09	0.000402804
2.76737e-09	0.000402454
2.76744e-09	0.000402104
2.76751e-09	0.000401753
2.76758e-09	0.000401402
2.76765e-09	0.000401051
2.76773e-09	0.000400699
2.7678e-09	0.000400346
2.76787e-09	0.000399994
2.76794e-09	0.00039964
2.76801e-09	0.000399287
2.76808e-09	0.000398933
2.76815e-09	0.000398578
2.76822e-09	0.000398223
2.76829e-09	0.000397868
2.76836e-09	0.000397513
2.76843e-09	0.000397156
2.7685e-09	0.0003968
2.76857e-09	0.000396443
2.76865e-09	0.000396086
2.76872e-09	0.000395728
2.76879e-09	0.00039537
2.76886e-09	0.000395012
2.76893e-09	0.000394653
2.769e-09	0.000394293
2.76907e-09	0.000393934
2.76914e-09	0.000393574
2.76921e-09	0.000393213
2.76928e-09	0.000392852
2.76935e-09	0.000392491
2.76942e-09	0.00039213
2.76949e-09	0.000391768
2.76956e-09	0.000391405
2.76964e-09	0.000391043
2.76971e-09	0.000390679
2.76978e-09	0.000390316
2.76985e-09	0.000389952
2.76992e-09	0.000389588
2.76999e-09	0.000389223
2.77006e-09	0.000388858
2.77013e-09	0.000388493
2.7702e-09	0.000388127
2.77027e-09	0.000387761
2.77034e-09	0.000387394
2.77041e-09	0.000387028
2.77048e-09	0.00038666
2.77055e-09	0.000386293
2.77063e-09	0.000385925
2.7707e-09	0.000385557
2.77077e-09	0.000385188
2.77084e-09	0.000384819
2.77091e-09	0.00038445
2.77098e-09	0.00038408
2.77105e-09	0.00038371
2.77112e-09	0.00038334
2.77119e-09	0.000382969
2.77126e-09	0.000382598
2.77133e-09	0.000382226
2.7714e-09	0.000381855
2.77147e-09	0.000381482
2.77154e-09	0.00038111
2.77162e-09	0.000380737
2.77169e-09	0.000380364
2.77176e-09	0.000379991
2.77183e-09	0.000379617
2.7719e-09	0.000379243
2.77197e-09	0.000378868
2.77204e-09	0.000378493
2.77211e-09	0.000378118
2.77218e-09	0.000377743
2.77225e-09	0.000377367
2.77232e-09	0.000376991
2.77239e-09	0.000376615
2.77246e-09	0.000376238
2.77254e-09	0.000375861
2.77261e-09	0.000375484
2.77268e-09	0.000375106
2.77275e-09	0.000374728
2.77282e-09	0.00037435
2.77289e-09	0.000373971
2.77296e-09	0.000373592
2.77303e-09	0.000373213
2.7731e-09	0.000372833
2.77317e-09	0.000372453
2.77324e-09	0.000372073
2.77331e-09	0.000371693
2.77338e-09	0.000371312
2.77345e-09	0.000370931
2.77353e-09	0.00037055
2.7736e-09	0.000370168
2.77367e-09	0.000369786
2.77374e-09	0.000369404
2.77381e-09	0.000369021
2.77388e-09	0.000368638
2.77395e-09	0.000368255
2.77402e-09	0.000367872
2.77409e-09	0.000367488
2.77416e-09	0.000367104
2.77423e-09	0.00036672
2.7743e-09	0.000366335
2.77437e-09	0.000365951
2.77444e-09	0.000365566
2.77452e-09	0.00036518
2.77459e-09	0.000364795
2.77466e-09	0.000364409
2.77473e-09	0.000364022
2.7748e-09	0.000363636
2.77487e-09	0.000363249
2.77494e-09	0.000362862
2.77501e-09	0.000362475
2.77508e-09	0.000362087
2.77515e-09	0.0003617
2.77522e-09	0.000361312
2.77529e-09	0.000360923
2.77536e-09	0.000360535
2.77544e-09	0.000360146
2.77551e-09	0.000359757
2.77558e-09	0.000359367
2.77565e-09	0.000358978
2.77572e-09	0.000358588
2.77579e-09	0.000358198
2.77586e-09	0.000357807
2.77593e-09	0.000357417
2.776e-09	0.000357026
2.77607e-09	0.000356635
2.77614e-09	0.000356243
2.77621e-09	0.000355852
2.77628e-09	0.00035546
2.77635e-09	0.000355068
2.77643e-09	0.000354675
2.7765e-09	0.000354283
2.77657e-09	0.00035389
2.77664e-09	0.000353497
2.77671e-09	0.000353104
2.77678e-09	0.00035271
2.77685e-09	0.000352316
2.77692e-09	0.000351922
2.77699e-09	0.000351528
2.77706e-09	0.000351134
2.77713e-09	0.000350739
2.7772e-09	0.000350344
2.77727e-09	0.000349949
2.77734e-09	0.000349554
2.77742e-09	0.000349158
2.77749e-09	0.000348763
2.77756e-09	0.000348367
2.77763e-09	0.00034797
2.7777e-09	0.000347574
2.77777e-09	0.000347177
2.77784e-09	0.000346781
2.77791e-09	0.000346384
2.77798e-09	0.000345986
2.77805e-09	0.000345589
2.77812e-09	0.000345191
2.77819e-09	0.000344793
2.77826e-09	0.000344395
2.77833e-09	0.000343997
2.77841e-09	0.000343598
2.77848e-09	0.0003432
2.77855e-09	0.000342801
2.77862e-09	0.000342402
2.77869e-09	0.000342003
2.77876e-09	0.000341603
2.77883e-09	0.000341203
2.7789e-09	0.000340804
2.77897e-09	0.000340404
2.77904e-09	0.000340003
2.77911e-09	0.000339603
2.77918e-09	0.000339202
2.77925e-09	0.000338802
2.77933e-09	0.000338401
2.7794e-09	0.000337999
2.77947e-09	0.000337598
2.77954e-09	0.000337197
2.77961e-09	0.000336795
2.77968e-09	0.000336393
2.77975e-09	0.000335991
2.77982e-09	0.000335589
2.77989e-09	0.000335186
2.77996e-09	0.000334784
2.78003e-09	0.000334381
2.7801e-09	0.000333978
2.78017e-09	0.000333575
2.78024e-09	0.000333172
2.78032e-09	0.000332769
2.78039e-09	0.000332365
2.78046e-09	0.000331961
2.78053e-09	0.000331557
2.7806e-09	0.000331153
2.78067e-09	0.000330749
2.78074e-09	0.000330345
2.78081e-09	0.00032994
2.78088e-09	0.000329536
2.78095e-09	0.000329131
2.78102e-09	0.000328726
2.78109e-09	0.000328321
2.78116e-09	0.000327915
2.78123e-09	0.00032751
2.78131e-09	0.000327104
2.78138e-09	0.000326699
2.78145e-09	0.000326293
2.78152e-09	0.000325887
2.78159e-09	0.000325481
2.78166e-09	0.000325074
2.78173e-09	0.000324668
2.7818e-09	0.000324261
2.78187e-09	0.000323855
2.78194e-09	0.000323448
2.78201e-09	0.000323041
2.78208e-09	0.000322634
2.78215e-09	0.000322226
2.78222e-09	0.000321819
2.7823e-09	0.000321411
2.78237e-09	0.000321004
2.78244e-09	0.000320596
2.78251e-09	0.000320188
2.78258e-09	0.00031978
2.78265e-09	0.000319372
2.78272e-09	0.000318964
2.78279e-09	0.000318555
2.78286e-09	0.000318147
2.78293e-09	0.000317738
2.783e-09	0.00031733
2.78307e-09	0.000316921
2.78314e-09	0.000316512
2.78322e-09	0.000316103
2.78329e-09	0.000315693
2.78336e-09	0.000315284
2.78343e-09	0.000314875
2.7835e-09	0.000314465
2.78357e-09	0.000314056
2.78364e-09	0.000313646
2.78371e-09	0.000313236
2.78378e-09	0.000312826
2.78385e-09	0.000312416
2.78392e-09	0.000312006
2.78399e-09	0.000311596
2.78406e-09	0.000311185
2.78413e-09	0.000310775
2.78421e-09	0.000310364
2.78428e-09	0.000309954
2.78435e-09	0.000309543
2.78442e-09	0.000309132
2.78449e-09	0.000308721
2.78456e-09	0.00030831
2.78463e-09	0.000307899
2.7847e-09	0.000307488
2.78477e-09	0.000307077
2.78484e-09	0.000306666
2.78491e-09	0.000306254
2.78498e-09	0.000305843
2.78505e-09	0.000305431
2.78512e-09	0.000305019
2.7852e-09	0.000304608
2.78527e-09	0.000304196
2.78534e-09	0.000303784
2.78541e-09	0.000303372
2.78548e-09	0.00030296
2.78555e-09	0.000302548
2.78562e-09	0.000302136
2.78569e-09	0.000301723
2.78576e-09	0.000301311
2.78583e-09	0.000300899
2.7859e-09	0.000300486
2.78597e-09	0.000300074
2.78604e-09	0.000299661
2.78612e-09	0.000299248
2.78619e-09	0.000298835
2.78626e-09	0.000298423
2.78633e-09	0.00029801
2.7864e-09	0.000297597
2.78647e-09	0.000297184
2.78654e-09	0.000296771
2.78661e-09	0.000296358
2.78668e-09	0.000295945
2.78675e-09	0.000295531
2.78682e-09	0.000295118
2.78689e-09	0.000294705
2.78696e-09	0.000294292
2.78703e-09	0.000293878
2.78711e-09	0.000293465
2.78718e-09	0.000293051
2.78725e-09	0.000292638
2.78732e-09	0.000292224
2.78739e-09	0.000291811
2.78746e-09	0.000291397
2.78753e-09	0.000290983
2.7876e-09	0.000290569
2.78767e-09	0.000290156
2.78774e-09	0.000289742
2.78781e-09	0.000289328
2.78788e-09	0.000288914
2.78795e-09	0.0002885
2.78802e-09	0.000288086
2.7881e-09	0.000287672
2.78817e-09	0.000287258
2.78824e-09	0.000286844
2.78831e-09	0.00028643
2.78838e-09	0.000286016
2.78845e-09	0.000285602
2.78852e-09	0.000285188
2.78859e-09	0.000284773
2.78866e-09	0.000284359
2.78873e-09	0.000283945
2.7888e-09	0.000283531
2.78887e-09	0.000283116
2.78894e-09	0.000282702
2.78901e-09	0.000282288
2.78909e-09	0.000281873
2.78916e-09	0.000281459
2.78923e-09	0.000281045
2.7893e-09	0.00028063
2.78937e-09	0.000280216
2.78944e-09	0.000279802
2.78951e-09	0.000279387
2.78958e-09	0.000278973
2.78965e-09	0.000278558
2.78972e-09	0.000278144
2.78979e-09	0.000277729
2.78986e-09	0.000277315
2.78993e-09	0.000276901
2.79001e-09	0.000276486
2.79008e-09	0.000276072
2.79015e-09	0.000275657
2.79022e-09	0.000275243
2.79029e-09	0.000274828
2.79036e-09	0.000274414
2.79043e-09	0.000273999
2.7905e-09	0.000273585
2.79057e-09	0.000273171
2.79064e-09	0.000272756
2.79071e-09	0.000272342
2.79078e-09	0.000271927
2.79085e-09	0.000271513
2.79092e-09	0.000271099
2.791e-09	0.000270684
2.79107e-09	0.00027027
2.79114e-09	0.000269855
2.79121e-09	0.000269441
2.79128e-09	0.000269027
2.79135e-09	0.000268613
2.79142e-09	0.000268198
2.79149e-09	0.000267784
2.79156e-09	0.00026737
2.79163e-09	0.000266956
2.7917e-09	0.000266541
2.79177e-09	0.000266127
2.79184e-09	0.000265713
2.79191e-09	0.000265299
2.79199e-09	0.000264885
2.79206e-09	0.000264471
2.79213e-09	0.000264057
2.7922e-09	0.000263643
2.79227e-09	0.000263229
2.79234e-09	0.000262815
2.79241e-09	0.000262401
2.79248e-09	0.000261987
2.79255e-09	0.000261573
2.79262e-09	0.000261159
2.79269e-09	0.000260746
2.79276e-09	0.000260332
2.79283e-09	0.000259918
2.79291e-09	0.000259505
2.79298e-09	0.000259091
2.79305e-09	0.000258677
2.79312e-09	0.000258264
2.79319e-09	0.00025785
2.79326e-09	0.000257437
2.79333e-09	0.000257023
2.7934e-09	0.00025661
2.79347e-09	0.000256197
2.79354e-09	0.000255784
2.79361e-09	0.00025537
2.79368e-09	0.000254957
2.79375e-09	0.000254544
2.79382e-09	0.000254131
2.7939e-09	0.000253718
2.79397e-09	0.000253305
2.79404e-09	0.000252892
2.79411e-09	0.000252479
2.79418e-09	0.000252067
2.79425e-09	0.000251654
2.79432e-09	0.000251241
2.79439e-09	0.000250829
2.79446e-09	0.000250416
2.79453e-09	0.000250004
2.7946e-09	0.000249591
2.79467e-09	0.000249179
2.79474e-09	0.000248767
2.79481e-09	0.000248355
2.79489e-09	0.000247942
2.79496e-09	0.00024753
2.79503e-09	0.000247118
2.7951e-09	0.000246706
2.79517e-09	0.000246294
2.79524e-09	0.000245883
2.79531e-09	0.000245471
2.79538e-09	0.000245059
2.79545e-09	0.000244648
2.79552e-09	0.000244236
2.79559e-09	0.000243825
2.79566e-09	0.000243414
2.79573e-09	0.000243002
2.7958e-09	0.000242591
2.79588e-09	0.00024218
2.79595e-09	0.000241769
2.79602e-09	0.000241358
2.79609e-09	0.000240947
2.79616e-09	0.000240536
2.79623e-09	0.000240126
2.7963e-09	0.000239715
2.79637e-09	0.000239305
2.79644e-09	0.000238894
2.79651e-09	0.000238484
2.79658e-09	0.000238074
2.79665e-09	0.000237663
2.79672e-09	0.000237253
2.7968e-09	0.000236843
2.79687e-09	0.000236433
2.79694e-09	0.000236024
2.79701e-09	0.000235614
2.79708e-09	0.000235204
2.79715e-09	0.000234795
2.79722e-09	0.000234385
2.79729e-09	0.000233976
2.79736e-09	0.000233567
2.79743e-09	0.000233158
2.7975e-09	0.000232749
2.79757e-09	0.00023234
2.79764e-09	0.000231931
2.79771e-09	0.000231522
2.79779e-09	0.000231114
2.79786e-09	0.000230705
2.79793e-09	0.000230297
2.798e-09	0.000229889
2.79807e-09	0.000229481
2.79814e-09	0.000229072
2.79821e-09	0.000228665
2.79828e-09	0.000228257
2.79835e-09	0.000227849
2.79842e-09	0.000227441
2.79849e-09	0.000227034
2.79856e-09	0.000226626
2.79863e-09	0.000226219
2.7987e-09	0.000225812
2.79878e-09	0.000225405
2.79885e-09	0.000224998
2.79892e-09	0.000224591
2.79899e-09	0.000224185
2.79906e-09	0.000223778
2.79913e-09	0.000223372
2.7992e-09	0.000222965
2.79927e-09	0.000222559
2.79934e-09	0.000222153
2.79941e-09	0.000221747
2.79948e-09	0.000221341
2.79955e-09	0.000220936
2.79962e-09	0.00022053
2.7997e-09	0.000220124
2.79977e-09	0.000219719
2.79984e-09	0.000219314
2.79991e-09	0.000218909
2.79998e-09	0.000218504
2.80005e-09	0.000218099
2.80012e-09	0.000217695
2.80019e-09	0.00021729
2.80026e-09	0.000216886
2.80033e-09	0.000216481
2.8004e-09	0.000216077
2.80047e-09	0.000215673
2.80054e-09	0.000215269
2.80061e-09	0.000214866
2.80069e-09	0.000214462
2.80076e-09	0.000214059
2.80083e-09	0.000213655
2.8009e-09	0.000213252
2.80097e-09	0.000212849
2.80104e-09	0.000212446
2.80111e-09	0.000212044
2.80118e-09	0.000211641
2.80125e-09	0.000211239
2.80132e-09	0.000210836
2.80139e-09	0.000210434
2.80146e-09	0.000210032
2.80153e-09	0.00020963
2.8016e-09	0.000209229
2.80168e-09	0.000208827
2.80175e-09	0.000208426
2.80182e-09	0.000208025
2.80189e-09	0.000207623
2.80196e-09	0.000207223
2.80203e-09	0.000206822
2.8021e-09	0.000206421
2.80217e-09	0.000206021
2.80224e-09	0.00020562
2.80231e-09	0.00020522
2.80238e-09	0.00020482
2.80245e-09	0.00020442
2.80252e-09	0.000204021
2.80259e-09	0.000203621
2.80267e-09	0.000203222
2.80274e-09	0.000202823
2.80281e-09	0.000202424
2.80288e-09	0.000202025
2.80295e-09	0.000201626
2.80302e-09	0.000201228
2.80309e-09	0.000200829
2.80316e-09	0.000200431
2.80323e-09	0.000200033
2.8033e-09	0.000199635
2.80337e-09	0.000199237
2.80344e-09	0.00019884
2.80351e-09	0.000198442
2.80359e-09	0.000198045
2.80366e-09	0.000197648
2.80373e-09	0.000197251
2.8038e-09	0.000196855
2.80387e-09	0.000196458
2.80394e-09	0.000196062
2.80401e-09	0.000195666
2.80408e-09	0.00019527
2.80415e-09	0.000194874
2.80422e-09	0.000194478
2.80429e-09	0.000194083
2.80436e-09	0.000193688
2.80443e-09	0.000193293
2.8045e-09	0.000192898
2.80458e-09	0.000192503
2.80465e-09	0.000192108
2.80472e-09	0.000191714
2.80479e-09	0.00019132
2.80486e-09	0.000190926
2.80493e-09	0.000190532
2.805e-09	0.000190139
2.80507e-09	0.000189745
2.80514e-09	0.000189352
2.80521e-09	0.000188959
2.80528e-09	0.000188566
2.80535e-09	0.000188173
2.80542e-09	0.000187781
2.80549e-09	0.000187388
2.80557e-09	0.000186996
2.80564e-09	0.000186604
2.80571e-09	0.000186213
2.80578e-09	0.000185821
2.80585e-09	0.00018543
2.80592e-09	0.000185039
2.80599e-09	0.000184648
2.80606e-09	0.000184257
2.80613e-09	0.000183866
2.8062e-09	0.000183476
2.80627e-09	0.000183086
2.80634e-09	0.000182696
2.80641e-09	0.000182306
2.80648e-09	0.000181917
2.80656e-09	0.000181527
2.80663e-09	0.000181138
2.8067e-09	0.000180749
2.80677e-09	0.00018036
2.80684e-09	0.000179972
2.80691e-09	0.000179584
2.80698e-09	0.000179195
2.80705e-09	0.000178807
2.80712e-09	0.00017842
2.80719e-09	0.000178032
2.80726e-09	0.000177645
2.80733e-09	0.000177258
2.8074e-09	0.000176871
2.80748e-09	0.000176484
2.80755e-09	0.000176098
2.80762e-09	0.000175711
2.80769e-09	0.000175325
2.80776e-09	0.000174939
2.80783e-09	0.000174554
2.8079e-09	0.000174168
2.80797e-09	0.000173783
2.80804e-09	0.000173398
2.80811e-09	0.000173013
2.80818e-09	0.000172629
2.80825e-09	0.000172244
2.80832e-09	0.00017186
2.80839e-09	0.000171476
2.80847e-09	0.000171093
2.80854e-09	0.000170709
2.80861e-09	0.000170326
2.80868e-09	0.000169943
2.80875e-09	0.00016956
2.80882e-09	0.000169178
2.80889e-09	0.000168795
2.80896e-09	0.000168413
2.80903e-09	0.000168031
2.8091e-09	0.000167649
2.80917e-09	0.000167268
2.80924e-09	0.000166887
2.80931e-09	0.000166506
2.80938e-09	0.000166125
2.80946e-09	0.000165744
2.80953e-09	0.000165364
2.8096e-09	0.000164984
2.80967e-09	0.000164604
2.80974e-09	0.000164224
2.80981e-09	0.000163845
2.80988e-09	0.000163465
2.80995e-09	0.000163086
2.81002e-09	0.000162708
2.81009e-09	0.000162329
2.81016e-09	0.000161951
2.81023e-09	0.000161573
2.8103e-09	0.000161195
2.81038e-09	0.000160818
2.81045e-09	0.00016044
2.81052e-09	0.000160063
2.81059e-09	0.000159686
2.81066e-09	0.00015931
2.81073e-09	0.000158933
2.8108e-09	0.000158557
2.81087e-09	0.000158181
2.81094e-09	0.000157805
2.81101e-09	0.00015743
2.81108e-09	0.000157055
2.81115e-09	0.00015668
2.81122e-09	0.000156305
2.81129e-09	0.000155931
2.81137e-09	0.000155556
2.81144e-09	0.000155182
2.81151e-09	0.000154809
2.81158e-09	0.000154435
2.81165e-09	0.000154062
2.81172e-09	0.000153689
2.81179e-09	0.000153316
2.81186e-09	0.000152943
2.81193e-09	0.000152571
2.812e-09	0.000152199
2.81207e-09	0.000151827
2.81214e-09	0.000151456
2.81221e-09	0.000151085
2.81228e-09	0.000150714
2.81236e-09	0.000150343
2.81243e-09	0.000149972
2.8125e-09	0.000149602
2.81257e-09	0.000149232
2.81264e-09	0.000148862
2.81271e-09	0.000148493
2.81278e-09	0.000148123
2.81285e-09	0.000147754
2.81292e-09	0.000147386
2.81299e-09	0.000147017
2.81306e-09	0.000146649
2.81313e-09	0.000146281
2.8132e-09	0.000145913
2.81327e-09	0.000145546
2.81335e-09	0.000145178
2.81342e-09	0.000144811
2.81349e-09	0.000144445
2.81356e-09	0.000144078
2.81363e-09	0.000143712
2.8137e-09	0.000143346
2.81377e-09	0.00014298
2.81384e-09	0.000142615
2.81391e-09	0.00014225
2.81398e-09	0.000141885
2.81405e-09	0.00014152
2.81412e-09	0.000141156
2.81419e-09	0.000140792
2.81427e-09	0.000140428
2.81434e-09	0.000140065
2.81441e-09	0.000139701
2.81448e-09	0.000139338
2.81455e-09	0.000138975
2.81462e-09	0.000138613
2.81469e-09	0.000138251
2.81476e-09	0.000137889
2.81483e-09	0.000137527
2.8149e-09	0.000137166
2.81497e-09	0.000136804
2.81504e-09	0.000136444
2.81511e-09	0.000136083
2.81518e-09	0.000135723
2.81526e-09	0.000135362
2.81533e-09	0.000135003
2.8154e-09	0.000134643
2.81547e-09	0.000134284
2.81554e-09	0.000133925
2.81561e-09	0.000133566
2.81568e-09	0.000133208
2.81575e-09	0.00013285
2.81582e-09	0.000132492
2.81589e-09	0.000132134
2.81596e-09	0.000131777
2.81603e-09	0.00013142
2.8161e-09	0.000131063
2.81617e-09	0.000130706
2.81625e-09	0.00013035
2.81632e-09	0.000129994
2.81639e-09	0.000129638
2.81646e-09	0.000129283
2.81653e-09	0.000128928
2.8166e-09	0.000128573
2.81667e-09	0.000128218
2.81674e-09	0.000127864
2.81681e-09	0.00012751
2.81688e-09	0.000127156
2.81695e-09	0.000126803
2.81702e-09	0.00012645
2.81709e-09	0.000126097
2.81717e-09	0.000125744
2.81724e-09	0.000125392
2.81731e-09	0.00012504
2.81738e-09	0.000124688
2.81745e-09	0.000124337
2.81752e-09	0.000123986
2.81759e-09	0.000123635
2.81766e-09	0.000123284
2.81773e-09	0.000122934
2.8178e-09	0.000122584
2.81787e-09	0.000122234
2.81794e-09	0.000121885
2.81801e-09	0.000121536
2.81808e-09	0.000121187
2.81816e-09	0.000120838
2.81823e-09	0.00012049
2.8183e-09	0.000120142
2.81837e-09	0.000119794
2.81844e-09	0.000119447
2.81851e-09	0.0001191
2.81858e-09	0.000118753
2.81865e-09	0.000118406
2.81872e-09	0.00011806
2.81879e-09	0.000117714
2.81886e-09	0.000117368
2.81893e-09	0.000117023
2.819e-09	0.000116678
2.81907e-09	0.000116333
2.81915e-09	0.000115989
2.81922e-09	0.000115645
2.81929e-09	0.000115301
2.81936e-09	0.000114957
2.81943e-09	0.000114614
2.8195e-09	0.000114271
2.81957e-09	0.000113928
2.81964e-09	0.000113586
2.81971e-09	0.000113244
2.81978e-09	0.000112902
2.81985e-09	0.00011256
2.81992e-09	0.000112219
2.81999e-09	0.000111878
2.82006e-09	0.000111538
2.82014e-09	0.000111197
2.82021e-09	0.000110857
2.82028e-09	0.000110518
2.82035e-09	0.000110178
2.82042e-09	0.000109839
2.82049e-09	0.0001095
2.82056e-09	0.000109162
2.82063e-09	0.000108824
2.8207e-09	0.000108486
2.82077e-09	0.000108148
2.82084e-09	0.000107811
2.82091e-09	0.000107474
2.82098e-09	0.000107137
2.82106e-09	0.000106801
2.82113e-09	0.000106465
2.8212e-09	0.000106129
2.82127e-09	0.000105793
2.82134e-09	0.000105458
2.82141e-09	0.000105123
2.82148e-09	0.000104789
2.82155e-09	0.000104455
2.82162e-09	0.000104121
2.82169e-09	0.000103787
2.82176e-09	0.000103454
2.82183e-09	0.000103121
2.8219e-09	0.000102788
2.82197e-09	0.000102456
2.82205e-09	0.000102124
2.82212e-09	0.000101792
2.82219e-09	0.000101461
2.82226e-09	0.00010113
2.82233e-09	0.000100799
2.8224e-09	0.000100468
2.82247e-09	0.000100138
2.82254e-09	9.98081e-05
2.82261e-09	9.94785e-05
2.82268e-09	9.91493e-05
2.82275e-09	9.88204e-05
2.82282e-09	9.84917e-05
2.82289e-09	9.81634e-05
2.82296e-09	9.78354e-05
2.82304e-09	9.75077e-05
2.82311e-09	9.71804e-05
2.82318e-09	9.68533e-05
2.82325e-09	9.65266e-05
2.82332e-09	9.62002e-05
2.82339e-09	9.5874e-05
2.82346e-09	9.55483e-05
2.82353e-09	9.52228e-05
2.8236e-09	9.48976e-05
2.82367e-09	9.45728e-05
2.82374e-09	9.42483e-05
2.82381e-09	9.39241e-05
2.82388e-09	9.36002e-05
2.82396e-09	9.32766e-05
2.82403e-09	9.29534e-05
2.8241e-09	9.26305e-05
2.82417e-09	9.23079e-05
2.82424e-09	9.19856e-05
2.82431e-09	9.16636e-05
2.82438e-09	9.1342e-05
2.82445e-09	9.10207e-05
2.82452e-09	9.06997e-05
2.82459e-09	9.0379e-05
2.82466e-09	9.00586e-05
2.82473e-09	8.97386e-05
2.8248e-09	8.94189e-05
2.82487e-09	8.90995e-05
2.82495e-09	8.87804e-05
2.82502e-09	8.84617e-05
2.82509e-09	8.81432e-05
2.82516e-09	8.78251e-05
2.82523e-09	8.75074e-05
2.8253e-09	8.71899e-05
2.82537e-09	8.68728e-05
2.82544e-09	8.6556e-05
2.82551e-09	8.62395e-05
2.82558e-09	8.59234e-05
2.82565e-09	8.56075e-05
2.82572e-09	8.5292e-05
2.82579e-09	8.49769e-05
2.82586e-09	8.4662e-05
2.82594e-09	8.43475e-05
2.82601e-09	8.40333e-05
2.82608e-09	8.37194e-05
2.82615e-09	8.34059e-05
2.82622e-09	8.30927e-05
2.82629e-09	8.27798e-05
2.82636e-09	8.24672e-05
2.82643e-09	8.2155e-05
2.8265e-09	8.18431e-05
2.82657e-09	8.15316e-05
2.82664e-09	8.12203e-05
2.82671e-09	8.09094e-05
2.82678e-09	8.05988e-05
2.82685e-09	8.02886e-05
2.82693e-09	7.99787e-05
2.827e-09	7.96691e-05
2.82707e-09	7.93598e-05
2.82714e-09	7.90509e-05
2.82721e-09	7.87423e-05
2.82728e-09	7.8434e-05
2.82735e-09	7.81261e-05
2.82742e-09	7.78185e-05
2.82749e-09	7.75112e-05
2.82756e-09	7.72043e-05
2.82763e-09	7.68977e-05
2.8277e-09	7.65914e-05
2.82777e-09	7.62855e-05
2.82785e-09	7.59799e-05
2.82792e-09	7.56746e-05
2.82799e-09	7.53697e-05
2.82806e-09	7.50651e-05
2.82813e-09	7.47608e-05
2.8282e-09	7.44569e-05
2.82827e-09	7.41533e-05
2.82834e-09	7.385e-05
2.82841e-09	7.35471e-05
2.82848e-09	7.32445e-05
2.82855e-09	7.29422e-05
2.82862e-09	7.26403e-05
2.82869e-09	7.23387e-05
2.82876e-09	7.20375e-05
2.82884e-09	7.17365e-05
2.82891e-09	7.1436e-05
2.82898e-09	7.11357e-05
2.82905e-09	7.08358e-05
2.82912e-09	7.05363e-05
2.82919e-09	7.0237e-05
2.82926e-09	6.99381e-05
2.82933e-09	6.96396e-05
2.8294e-09	6.93414e-05
2.82947e-09	6.90435e-05
2.82954e-09	6.8746e-05
2.82961e-09	6.84488e-05
2.82968e-09	6.81519e-05
2.82975e-09	6.78554e-05
2.82983e-09	6.75592e-05
2.8299e-09	6.72634e-05
2.82997e-09	6.69679e-05
2.83004e-09	6.66727e-05
2.83011e-09	6.63779e-05
2.83018e-09	6.60834e-05
2.83025e-09	6.57893e-05
2.83032e-09	6.54955e-05
2.83039e-09	6.5202e-05
2.83046e-09	6.49089e-05
2.83053e-09	6.46161e-05
2.8306e-09	6.43237e-05
2.83067e-09	6.40316e-05
2.83074e-09	6.37398e-05
2.83082e-09	6.34484e-05
2.83089e-09	6.31573e-05
2.83096e-09	6.28666e-05
2.83103e-09	6.25762e-05
2.8311e-09	6.22862e-05
2.83117e-09	6.19965e-05
2.83124e-09	6.17071e-05
2.83131e-09	6.14181e-05
2.83138e-09	6.11294e-05
2.83145e-09	6.08411e-05
2.83152e-09	6.05531e-05
2.83159e-09	6.02655e-05
2.83166e-09	5.99782e-05
2.83174e-09	5.96913e-05
2.83181e-09	5.94047e-05
2.83188e-09	5.91184e-05
2.83195e-09	5.88325e-05
2.83202e-09	5.85469e-05
2.83209e-09	5.82617e-05
2.83216e-09	5.79768e-05
2.83223e-09	5.76923e-05
2.8323e-09	5.74081e-05
2.83237e-09	5.71242e-05
2.83244e-09	5.68407e-05
2.83251e-09	5.65576e-05
2.83258e-09	5.62748e-05
2.83265e-09	5.59923e-05
2.83273e-09	5.57102e-05
2.8328e-09	5.54284e-05
2.83287e-09	5.5147e-05
2.83294e-09	5.48659e-05
2.83301e-09	5.45852e-05
2.83308e-09	5.43048e-05
2.83315e-09	5.40248e-05
2.83322e-09	5.37451e-05
2.83329e-09	5.34657e-05
2.83336e-09	5.31867e-05
2.83343e-09	5.29081e-05
2.8335e-09	5.26298e-05
2.83357e-09	5.23518e-05
2.83364e-09	5.20742e-05
2.83372e-09	5.1797e-05
2.83379e-09	5.15201e-05
2.83386e-09	5.12435e-05
2.83393e-09	5.09673e-05
2.834e-09	5.06915e-05
2.83407e-09	5.0416e-05
2.83414e-09	5.01408e-05
2.83421e-09	4.9866e-05
2.83428e-09	4.95915e-05
2.83435e-09	4.93174e-05
2.83442e-09	4.90436e-05
2.83449e-09	4.87702e-05
2.83456e-09	4.84972e-05
2.83464e-09	4.82244e-05
2.83471e-09	4.79521e-05
2.83478e-09	4.76801e-05
2.83485e-09	4.74084e-05
2.83492e-09	4.71371e-05
2.83499e-09	4.68661e-05
2.83506e-09	4.65955e-05
2.83513e-09	4.63252e-05
2.8352e-09	4.60553e-05
2.83527e-09	4.57858e-05
2.83534e-09	4.55166e-05
2.83541e-09	4.52477e-05
2.83548e-09	4.49792e-05
2.83555e-09	4.4711e-05
2.83563e-09	4.44432e-05
2.8357e-09	4.41758e-05
2.83577e-09	4.39087e-05
2.83584e-09	4.36419e-05
2.83591e-09	4.33755e-05
2.83598e-09	4.31095e-05
2.83605e-09	4.28438e-05
2.83612e-09	4.25784e-05
2.83619e-09	4.23134e-05
2.83626e-09	4.20488e-05
2.83633e-09	4.17845e-05
2.8364e-09	4.15206e-05
2.83647e-09	4.1257e-05
2.83654e-09	4.09938e-05
2.83662e-09	4.07309e-05
2.83669e-09	4.04684e-05
2.83676e-09	4.02062e-05
2.83683e-09	3.99444e-05
2.8369e-09	3.96829e-05
2.83697e-09	3.94218e-05
2.83704e-09	3.9161e-05
2.83711e-09	3.89006e-05
2.83718e-09	3.86406e-05
2.83725e-09	3.83809e-05
2.83732e-09	3.81215e-05
2.83739e-09	3.78625e-05
2.83746e-09	3.76039e-05
2.83753e-09	3.73456e-05
2.83761e-09	3.70877e-05
2.83768e-09	3.68301e-05
2.83775e-09	3.65729e-05
2.83782e-09	3.6316e-05
2.83789e-09	3.60595e-05
2.83796e-09	3.58033e-05
2.83803e-09	3.55475e-05
2.8381e-09	3.52921e-05
2.83817e-09	3.50369e-05
2.83824e-09	3.47822e-05
2.83831e-09	3.45278e-05
2.83838e-09	3.42738e-05
2.83845e-09	3.40201e-05
2.83853e-09	3.37668e-05
2.8386e-09	3.35138e-05
2.83867e-09	3.32612e-05
2.83874e-09	3.30089e-05
2.83881e-09	3.2757e-05
2.83888e-09	3.25054e-05
2.83895e-09	3.22542e-05
2.83902e-09	3.20034e-05
2.83909e-09	3.17529e-05
2.83916e-09	3.15028e-05
2.83923e-09	3.1253e-05
2.8393e-09	3.10036e-05
2.83937e-09	3.07545e-05
2.83944e-09	3.05058e-05
2.83952e-09	3.02574e-05
2.83959e-09	3.00094e-05
2.83966e-09	2.97617e-05
2.83973e-09	2.95145e-05
2.8398e-09	2.92675e-05
2.83987e-09	2.90209e-05
2.83994e-09	2.87747e-05
2.84001e-09	2.85288e-05
2.84008e-09	2.82833e-05
2.84015e-09	2.80381e-05
2.84022e-09	2.77933e-05
2.84029e-09	2.75489e-05
2.84036e-09	2.73048e-05
2.84043e-09	2.7061e-05
2.84051e-09	2.68177e-05
2.84058e-09	2.65746e-05
2.84065e-09	2.6332e-05
2.84072e-09	2.60896e-05
2.84079e-09	2.58477e-05
2.84086e-09	2.56061e-05
2.84093e-09	2.53648e-05
2.841e-09	2.51239e-05
2.84107e-09	2.48834e-05
2.84114e-09	2.46432e-05
2.84121e-09	2.44034e-05
2.84128e-09	2.41639e-05
2.84135e-09	2.39248e-05
2.84143e-09	2.3686e-05
2.8415e-09	2.34476e-05
2.84157e-09	2.32096e-05
2.84164e-09	2.29719e-05
2.84171e-09	2.27346e-05
2.84178e-09	2.24976e-05
2.84185e-09	2.2261e-05
2.84192e-09	2.20247e-05
2.84199e-09	2.17888e-05
2.84206e-09	2.15532e-05
2.84213e-09	2.1318e-05
2.8422e-09	2.10832e-05
2.84227e-09	2.08487e-05
2.84234e-09	2.06146e-05
2.84242e-09	2.03808e-05
2.84249e-09	2.01474e-05
2.84256e-09	1.99143e-05
2.84263e-09	1.96816e-05
2.8427e-09	1.94493e-05
2.84277e-09	1.92173e-05
2.84284e-09	1.89856e-05
2.84291e-09	1.87543e-05
2.84298e-09	1.85234e-05
2.84305e-09	1.82928e-05
2.84312e-09	1.80626e-05
2.84319e-09	1.78328e-05
2.84326e-09	1.76033e-05
2.84333e-09	1.73741e-05
2.84341e-09	1.71453e-05
2.84348e-09	1.69169e-05
2.84355e-09	1.66888e-05
2.84362e-09	1.64611e-05
2.84369e-09	1.62337e-05
2.84376e-09	1.60067e-05
2.84383e-09	1.57801e-05
2.8439e-09	1.55538e-05
2.84397e-09	1.53278e-05
2.84404e-09	1.51022e-05
2.84411e-09	1.4877e-05
2.84418e-09	1.46521e-05
2.84425e-09	1.44276e-05
2.84432e-09	1.42034e-05
2.8444e-09	1.39796e-05
2.84447e-09	1.37562e-05
2.84454e-09	1.35331e-05
2.84461e-09	1.33103e-05
2.84468e-09	1.30879e-05
2.84475e-09	1.28659e-05
2.84482e-09	1.26442e-05
2.84489e-09	1.24229e-05
2.84496e-09	1.22019e-05
2.84503e-09	1.19813e-05
2.8451e-09	1.17611e-05
2.84517e-09	1.15412e-05
2.84524e-09	1.13216e-05
2.84532e-09	1.11025e-05
2.84539e-09	1.08836e-05
2.84546e-09	1.06651e-05
2.84553e-09	1.0447e-05
2.8456e-09	1.02293e-05
2.84567e-09	1.00118e-05
2.84574e-09	9.79479e-06
2.84581e-09	9.57809e-06
2.84588e-09	9.36174e-06
2.84595e-09	9.14575e-06
2.84602e-09	8.93011e-06
2.84609e-09	8.71483e-06
2.84616e-09	8.4999e-06
2.84623e-09	8.28533e-06
2.84631e-09	8.07111e-06
2.84638e-09	7.85725e-06
2.84645e-09	7.64374e-06
2.84652e-09	7.43059e-06
2.84659e-09	7.21779e-06
2.84666e-09	7.00534e-06
2.84673e-09	6.79325e-06
2.8468e-09	6.58152e-06
2.84687e-09	6.37013e-06
2.84694e-09	6.15911e-06
2.84701e-09	5.94843e-06
2.84708e-09	5.73811e-06
2.84715e-09	5.52815e-06
2.84722e-09	5.31854e-06
2.8473e-09	5.10928e-06
2.84737e-09	4.90038e-06
2.84744e-09	4.69183e-06
2.84751e-09	4.48363e-06
2.84758e-09	4.27579e-06
2.84765e-09	4.0683e-06
2.84772e-09	3.86116e-06
2.84779e-09	3.65438e-06
2.84786e-09	3.44795e-06
2.84793e-09	3.24188e-06
2.848e-09	3.03616e-06
2.84807e-09	2.83079e-06
2.84814e-09	2.62578e-06
2.84821e-09	2.42111e-06
2.84829e-09	2.2168e-06
2.84836e-09	2.01285e-06
2.84843e-09	1.80925e-06
2.8485e-09	1.60599e-06
2.84857e-09	1.4031e-06
2.84864e-09	1.20055e-06
2.84871e-09	9.9836e-07
2.84878e-09	7.9652e-07
2.84885e-09	5.95032e-07
2.84892e-09	3.93897e-07
2.84899e-09	1.93114e-07
2.84906e-09	-7.31691e-09
2.84913e-09	-2.07396e-07
2.84921e-09	-4.07122e-07
2.84928e-09	-6.06497e-07
2.84935e-09	-8.0552e-07
2.84942e-09	-1.00419e-06
2.84949e-09	-1.20251e-06
2.84956e-09	-1.40048e-06
2.84963e-09	-1.5981e-06
2.8497e-09	-1.79536e-06
2.84977e-09	-1.99227e-06
2.84984e-09	-2.18884e-06
2.84991e-09	-2.38505e-06
2.84998e-09	-2.58091e-06
2.85005e-09	-2.77642e-06
2.85012e-09	-2.97158e-06
2.8502e-09	-3.16638e-06
2.85027e-09	-3.36084e-06
2.85034e-09	-3.55495e-06
2.85041e-09	-3.7487e-06
2.85048e-09	-3.94211e-06
2.85055e-09	-4.13516e-06
2.85062e-09	-4.32787e-06
2.85069e-09	-4.52023e-06
2.85076e-09	-4.71223e-06
2.85083e-09	-4.90389e-06
2.8509e-09	-5.09519e-06
2.85097e-09	-5.28615e-06
2.85104e-09	-5.47675e-06
2.85111e-09	-5.66701e-06
2.85119e-09	-5.85692e-06
2.85126e-09	-6.04647e-06
2.85133e-09	-6.23568e-06
2.8514e-09	-6.42454e-06
2.85147e-09	-6.61305e-06
2.85154e-09	-6.80122e-06
2.85161e-09	-6.98903e-06
2.85168e-09	-7.17649e-06
2.85175e-09	-7.36361e-06
2.85182e-09	-7.55038e-06
2.85189e-09	-7.7368e-06
2.85196e-09	-7.92287e-06
2.85203e-09	-8.10859e-06
2.85211e-09	-8.29397e-06
2.85218e-09	-8.47899e-06
2.85225e-09	-8.66367e-06
2.85232e-09	-8.84801e-06
2.85239e-09	-9.03199e-06
2.85246e-09	-9.21563e-06
2.85253e-09	-9.39892e-06
2.8526e-09	-9.58186e-06
2.85267e-09	-9.76446e-06
2.85274e-09	-9.9467e-06
2.85281e-09	-1.01286e-05
2.85288e-09	-1.03102e-05
2.85295e-09	-1.04914e-05
2.85302e-09	-1.06722e-05
2.8531e-09	-1.08527e-05
2.85317e-09	-1.10329e-05
2.85324e-09	-1.12127e-05
2.85331e-09	-1.13922e-05
2.85338e-09	-1.15714e-05
2.85345e-09	-1.17501e-05
2.85352e-09	-1.19286e-05
2.85359e-09	-1.21067e-05
2.85366e-09	-1.22844e-05
2.85373e-09	-1.24618e-05
2.8538e-09	-1.26389e-05
2.85387e-09	-1.28156e-05
2.85394e-09	-1.2992e-05
2.85401e-09	-1.3168e-05
2.85409e-09	-1.33437e-05
2.85416e-09	-1.3519e-05
2.85423e-09	-1.3694e-05
2.8543e-09	-1.38687e-05
2.85437e-09	-1.4043e-05
2.85444e-09	-1.42169e-05
2.85451e-09	-1.43905e-05
2.85458e-09	-1.45638e-05
2.85465e-09	-1.47368e-05
2.85472e-09	-1.49093e-05
2.85479e-09	-1.50816e-05
2.85486e-09	-1.52535e-05
2.85493e-09	-1.5425e-05
2.855e-09	-1.55963e-05
2.85508e-09	-1.57671e-05
2.85515e-09	-1.59377e-05
2.85522e-09	-1.61079e-05
2.85529e-09	-1.62777e-05
2.85536e-09	-1.64472e-05
2.85543e-09	-1.66164e-05
2.8555e-09	-1.67852e-05
2.85557e-09	-1.69537e-05
2.85564e-09	-1.71218e-05
2.85571e-09	-1.72896e-05
2.85578e-09	-1.74571e-05
2.85585e-09	-1.76242e-05
2.85592e-09	-1.77909e-05
2.856e-09	-1.79574e-05
2.85607e-09	-1.81235e-05
2.85614e-09	-1.82892e-05
2.85621e-09	-1.84546e-05
2.85628e-09	-1.86197e-05
2.85635e-09	-1.87844e-05
2.85642e-09	-1.89488e-05
2.85649e-09	-1.91129e-05
2.85656e-09	-1.92766e-05
2.85663e-09	-1.944e-05
2.8567e-09	-1.9603e-05
2.85677e-09	-1.97657e-05
2.85684e-09	-1.99281e-05
2.85691e-09	-2.00901e-05
2.85699e-09	-2.02518e-05
2.85706e-09	-2.04131e-05
2.85713e-09	-2.05741e-05
2.8572e-09	-2.07348e-05
2.85727e-09	-2.08951e-05
2.85734e-09	-2.10551e-05
2.85741e-09	-2.12148e-05
2.85748e-09	-2.13741e-05
2.85755e-09	-2.15331e-05
2.85762e-09	-2.16917e-05
2.85769e-09	-2.185e-05
2.85776e-09	-2.2008e-05
2.85783e-09	-2.21656e-05
2.8579e-09	-2.23229e-05
2.85798e-09	-2.24799e-05
2.85805e-09	-2.26365e-05
2.85812e-09	-2.27928e-05
2.85819e-09	-2.29487e-05
2.85826e-09	-2.31044e-05
2.85833e-09	-2.32596e-05
2.8584e-09	-2.34146e-05
2.85847e-09	-2.35692e-05
2.85854e-09	-2.37235e-05
2.85861e-09	-2.38774e-05
2.85868e-09	-2.4031e-05
2.85875e-09	-2.41843e-05
2.85882e-09	-2.43373e-05
2.8589e-09	-2.44899e-05
2.85897e-09	-2.46421e-05
2.85904e-09	-2.47941e-05
2.85911e-09	-2.49457e-05
2.85918e-09	-2.5097e-05
2.85925e-09	-2.52479e-05
2.85932e-09	-2.53985e-05
2.85939e-09	-2.55488e-05
2.85946e-09	-2.56987e-05
2.85953e-09	-2.58483e-05
2.8596e-09	-2.59976e-05
2.85967e-09	-2.61466e-05
2.85974e-09	-2.62952e-05
2.85981e-09	-2.64435e-05
2.85989e-09	-2.65914e-05
2.85996e-09	-2.6739e-05
2.86003e-09	-2.68863e-05
2.8601e-09	-2.70333e-05
2.86017e-09	-2.71799e-05
2.86024e-09	-2.73262e-05
2.86031e-09	-2.74722e-05
2.86038e-09	-2.76178e-05
2.86045e-09	-2.77631e-05
2.86052e-09	-2.79081e-05
2.86059e-09	-2.80528e-05
2.86066e-09	-2.81971e-05
2.86073e-09	-2.83411e-05
2.8608e-09	-2.84847e-05
2.86088e-09	-2.86281e-05
2.86095e-09	-2.87711e-05
2.86102e-09	-2.89138e-05
2.86109e-09	-2.90561e-05
2.86116e-09	-2.91981e-05
2.86123e-09	-2.93398e-05
2.8613e-09	-2.94812e-05
2.86137e-09	-2.96222e-05
2.86144e-09	-2.97629e-05
2.86151e-09	-2.99033e-05
2.86158e-09	-3.00434e-05
2.86165e-09	-3.01831e-05
2.86172e-09	-3.03225e-05
2.86179e-09	-3.04616e-05
2.86187e-09	-3.06004e-05
2.86194e-09	-3.07388e-05
2.86201e-09	-3.08769e-05
2.86208e-09	-3.10147e-05
2.86215e-09	-3.11521e-05
2.86222e-09	-3.12892e-05
2.86229e-09	-3.14261e-05
2.86236e-09	-3.15625e-05
2.86243e-09	-3.16987e-05
2.8625e-09	-3.18345e-05
2.86257e-09	-3.197e-05
2.86264e-09	-3.21052e-05
2.86271e-09	-3.22401e-05
2.86279e-09	-3.23746e-05
2.86286e-09	-3.25088e-05
2.86293e-09	-3.26427e-05
2.863e-09	-3.27763e-05
2.86307e-09	-3.29095e-05
2.86314e-09	-3.30424e-05
2.86321e-09	-3.3175e-05
2.86328e-09	-3.33073e-05
2.86335e-09	-3.34393e-05
2.86342e-09	-3.35709e-05
2.86349e-09	-3.37022e-05
2.86356e-09	-3.38332e-05
2.86363e-09	-3.39639e-05
2.8637e-09	-3.40943e-05
2.86378e-09	-3.42243e-05
2.86385e-09	-3.4354e-05
2.86392e-09	-3.44834e-05
2.86399e-09	-3.46125e-05
2.86406e-09	-3.47412e-05
2.86413e-09	-3.48697e-05
2.8642e-09	-3.49978e-05
2.86427e-09	-3.51256e-05
2.86434e-09	-3.52531e-05
2.86441e-09	-3.53802e-05
2.86448e-09	-3.55071e-05
2.86455e-09	-3.56336e-05
2.86462e-09	-3.57598e-05
2.86469e-09	-3.58857e-05
2.86477e-09	-3.60113e-05
